[
    {
        "client_msg_id": "cf4f14e0-ddc0-482b-a056-4e09d014b2df",
        "type": "message",
        "text": "This is obviously hugely specific to your agency, your processes, the legal framework and your relationship with this client, but since you asked what I would do...\n\nFirst, I would not put that in the contract. The fact that any marketing service provider cannot *guarantee* success should be assumed and I feel that writing it down is inviting the client to nitpick at it. It’s not like the lack of results could be considered a breach of contract if that clause wasn’t in there (right? :thinking_face:).\n\nHowever, changing it now would probably not reflect well on me. Instead, I’d try to address the issue with the client, get them to share their underlying concerns and brush the clause off as a technical formality that doesn’t mean our agency would lack accountability.\n\nI would not put any kind of traffic estimations in the contract.",
        "user": "U02CN04K022",
        "ts": "1638442045.154100",
        "team": "TJE58GTJL",
        "user_team": "TJE58GTJL",
        "source_team": "TJE58GTJL",
        "user_profile": {
            "avatar_hash": "5ab3d8d339b1",
            "image_72": "https:\/\/avatars.slack-edge.com\/2021-09-01\/2437897082582_5ab3d8d339b1fd15987f_72.jpg",
            "first_name": "Risto",
            "real_name": "Risto Rehemägi",
            "display_name": "",
            "team": "TJE58GTJL",
            "name": "risto",
            "is_restricted": false,
            "is_ultra_restricted": false
        },
        "blocks": [
            {
                "type": "rich_text",
                "block_id": "\/wKFG",
                "elements": [
                    {
                        "type": "rich_text_section",
                        "elements": [
                            {
                                "type": "text",
                                "text": "This is obviously hugely specific to your agency, your processes, the legal framework and your relationship with this client, but since you asked what I would do...\n\nFirst, I would not put that in the contract. The fact that any marketing service provider cannot "
                            },
                            {
                                "type": "text",
                                "text": "guarantee",
                                "style": {
                                    "bold": true
                                }
                            },
                            {
                                "type": "text",
                                "text": " success should be assumed and I feel that writing it down is inviting the client to nitpick at it. It’s not like the lack of results could be considered a breach of contract if that clause wasn’t in there (right? "
                            },
                            {
                                "type": "emoji",
                                "name": "thinking_face"
                            },
                            {
                                "type": "text",
                                "text": ").\n\nHowever, changing it now would probably not reflect well on me. Instead, I’d try to address the issue with the client, get them to share their underlying concerns and brush the clause off as a technical formality that doesn’t mean our agency would lack accountability.\n\nI would not put any kind of traffic estimations in the contract."
                            }
                        ]
                    }
                ]
            }
        ],
        "thread_ts": "1638431184.154000",
        "parent_user_id": "U02AJEY8ACW",
        "reactions": [
            {
                "name": "+1",
                "users": [
                    "UJ934FU3B",
                    "U02M5RYJA82"
                ],
                "count": 2
            }
        ]
    },
    {
        "client_msg_id": "3842dabf-effc-40ff-9c56-34f0e31da710",
        "type": "message",
        "text": "I also wouldn't add it. We can all understand where they're coming from, but we also all know that isn't how SEO works. See if there's another way to assuage their concern they won't get chewed out by their boss if this doesn't go well.  Perhaps there's an out clause or something similar you can add or point to?",
        "user": "U02F43CAK5X",
        "ts": "1638454155.154300",
        "team": "TJE58GTJL",
        "user_team": "TJE58GTJL",
        "source_team": "TJE58GTJL",
        "user_profile": {
            "avatar_hash": "96937be5af03",
            "image_72": "https:\/\/avatars.slack-edge.com\/2021-09-21\/2500350284535_96937be5af03a50d7004_72.jpg",
            "first_name": "Amanda",
            "real_name": "Amanda Milligan",
            "display_name": "Amanda Milligan",
            "team": "TJE58GTJL",
            "name": "amilligan",
            "is_restricted": false,
            "is_ultra_restricted": false
        },
        "blocks": [
            {
                "type": "rich_text",
                "block_id": "QPW",
                "elements": [
                    {
                        "type": "rich_text_section",
                        "elements": [
                            {
                                "type": "text",
                                "text": "I also wouldn't add it. We can all understand where they're coming from, but we also all know that isn't how SEO works. See if there's another way to assuage their concern they won't get chewed out by their boss if this doesn't go well.  Perhaps there's an out clause or something similar you can add or point to?"
                            }
                        ]
                    }
                ]
            }
        ],
        "thread_ts": "1638431184.154000",
        "parent_user_id": "U02AJEY8ACW",
        "reactions": [
            {
                "name": "+1",
                "users": [
                    "UJ934FU3B",
                    "U01T30ZCN82"
                ],
                "count": 2
            }
        ]
    },
    {
        "client_msg_id": "c4b41d67-bfce-40f6-99ce-a4da9cc0bdde",
        "type": "message",
        "text": "I wouldn't guarantee anything like that. Too many variables (e.g. if one of their team adds a noindex to blog posts and tanks rankings, you're still accountable because of that clause). I'd probably tell them that they'd be better off with another agency if clauses like that are essential, doesn't matter how big the contract was.",
        "user": "UUJBMDVGB",
        "ts": "1638456363.154500",
        "team": "TJE58GTJL",
        "user_team": "TJE58GTJL",
        "source_team": "TJE58GTJL",
        "user_profile": {
            "avatar_hash": "b6e24eb54b4b",
            "image_72": "https:\/\/avatars.slack-edge.com\/2020-12-15\/1588694389873_b6e24eb54b4b69597910_72.jpg",
            "first_name": "Georges",
            "real_name": "Georges Petrequin",
            "display_name": "Georges",
            "team": "TJE58GTJL",
            "name": "georgespetrequin",
            "is_restricted": false,
            "is_ultra_restricted": false
        },
        "blocks": [
            {
                "type": "rich_text",
                "block_id": "68hk",
                "elements": [
                    {
                        "type": "rich_text_section",
                        "elements": [
                            {
                                "type": "text",
                                "text": "I wouldn't guarantee anything like that. Too many variables (e.g. if one of their team adds a noindex to blog posts and tanks rankings, you're still accountable because of that clause). I'd probably tell them that they'd be better off with another agency if clauses like that are essential, doesn't matter how big the contract was."
                            }
                        ]
                    }
                ]
            }
        ],
        "thread_ts": "1638431184.154000",
        "parent_user_id": "U02AJEY8ACW",
        "reactions": [
            {
                "name": "+1",
                "users": [
                    "UJ934FU3B",
                    "U02NADUBXSR"
                ],
                "count": 2
            }
        ]
    },
    {
        "client_msg_id": "4565D1D7-C08F-45CE-BB6C-E9B6E178A75A",
        "type": "message",
        "text": "I hate to agree with everyone else, and I know it sucks to potentially lose the client, but it's unreasonable for a company to ask you to put that in the contract. You don't control SO MUCH of how traffic comes in that you can't promise anything specific.\n\nIt seems like a trust issue. Does the client trust that if things don't go the way you expect initially, you'll do whatever you can to address the issue and make it work?\n\nYou could try offering monthly check-ins as part of the contract. I'd even go so far as to set KPIs and make it clear that you're going to do your best to hit those goals. \n\nBut if they want you to add an “out” based on meeting or not meeting those KPIs, it's a no go for me. I'd have to turn down the contract, too.\n\nI hope you're able to turn them around! If anything, you could even leverage the fact that multiple agency owners have confirmed this is not a reasonable contract item. :woman-shrugging::skin-tone-2:\n\nLet us know how it goes!",
        "user": "U024K88ECFN",
        "ts": "1638460619.163300",
        "team": "TJE58GTJL",
        "user_team": "TJE58GTJL",
        "source_team": "TJE58GTJL",
        "user_profile": {
            "avatar_hash": "00c4a04080e3",
            "image_72": "https:\/\/avatars.slack-edge.com\/2022-03-23\/3286590119379_00c4a04080e367a58cfc_72.png",
            "first_name": "Rebekah",
            "real_name": "Rebekah Edwards",
            "display_name": "Rebekah Edwards",
            "team": "TJE58GTJL",
            "name": "rebekah473",
            "is_restricted": false,
            "is_ultra_restricted": false
        },
        "blocks": [
            {
                "type": "rich_text",
                "block_id": "S9K",
                "elements": [
                    {
                        "type": "rich_text_section",
                        "elements": [
                            {
                                "type": "text",
                                "text": "I hate to agree with everyone else, and I know it sucks to potentially lose the client, but it's unreasonable for a company to ask you to put that in the contract. You don't control SO MUCH of how traffic comes in that you can't promise anything specific.\n\nIt seems like a trust issue. Does the client trust that if things don't go the way you expect initially, you'll do whatever you can to address the issue and make it work?\n\nYou could try offering monthly check-ins as part of the contract. I'd even go so far as to set KPIs and make it clear that you're going to do your best to hit those goals. \n\nBut if they want you to add an “out” based on meeting or not meeting those KPIs, it's a no go for me. I'd have to turn down the contract, too.\n\nI hope you're able to turn them around! If anything, you could even leverage the fact that multiple agency owners have confirmed this is not a reasonable contract item. "
                            },
                            {
                                "type": "emoji",
                                "name": "woman-shrugging",
                                "skin_tone": 2
                            },
                            {
                                "type": "text",
                                "text": "\n\nLet us know how it goes!"
                            }
                        ]
                    }
                ]
            }
        ],
        "thread_ts": "1638431184.154000",
        "parent_user_id": "U02AJEY8ACW",
        "reactions": [
            {
                "name": "+1",
                "users": [
                    "UJ934FU3B",
                    "U02NADUBXSR"
                ],
                "count": 2
            }
        ]
    }
]