[
    {
        "client_msg_id": "46ede288-31fc-42b5-8ad0-55e8c09a57a9",
        "type": "message",
        "text": "I’m curious how other agencies working with freelance writers handle initial projects with new clients. What does the “onboarding” process look like with your writers — specifically, what resources do you share with them to get up-to-speed on a new client (assuming the writer is otherwise up to speed on your general SOPs) and\/or how do you walk them through to ensure everyone’s on the same page?",
        "user": "U01NM31CTFU",
        "ts": "1632503887.162800",
        "team": "TJE58GTJL",
        "user_team": "TJE58GTJL",
        "source_team": "TJE58GTJL",
        "user_profile": {
            "avatar_hash": "788aae3c46d1",
            "image_72": "https:\/\/avatars.slack-edge.com\/2021-05-28\/2122915523844_788aae3c46d19c1058da_72.jpg",
            "first_name": "Maddy",
            "real_name": "Maddy Osman",
            "display_name": "Maddy Osman",
            "team": "TJE58GTJL",
            "name": "maddy527",
            "is_restricted": false,
            "is_ultra_restricted": false
        },
        "blocks": [
            {
                "type": "rich_text",
                "block_id": "3o1A5",
                "elements": [
                    {
                        "type": "rich_text_section",
                        "elements": [
                            {
                                "type": "text",
                                "text": "I’m curious how other agencies working with freelance writers handle initial projects with new clients. What does the “onboarding” process look like with your writers — specifically, what resources do you share with them to get up-to-speed on a new client (assuming the writer is otherwise up to speed on your general SOPs) and\/or how do you walk them through to ensure everyone’s on the same page?"
                            }
                        ]
                    }
                ]
            }
        ],
        "thread_ts": "1632503887.162800",
        "reply_count": 8,
        "reply_users_count": 5,
        "latest_reply": "1634160458.250600",
        "reply_users": [
            "U01NJ39M36K",
            "U01P13NTGG6",
            "U01NM31CTFU",
            "U029CTQ5X6Y",
            "U024K88ECFN"
        ],
        "replies": [
            {
                "user": "U01NJ39M36K",
                "ts": "1632505839.163000"
            },
            {
                "user": "U01P13NTGG6",
                "ts": "1632532104.165200"
            },
            {
                "user": "U01NM31CTFU",
                "ts": "1632535488.166200"
            },
            {
                "user": "U01P13NTGG6",
                "ts": "1632538838.166400"
            },
            {
                "user": "U029CTQ5X6Y",
                "ts": "1632772454.173900"
            },
            {
                "user": "U01NM31CTFU",
                "ts": "1633041364.189900"
            },
            {
                "user": "U029CTQ5X6Y",
                "ts": "1633041903.190100"
            },
            {
                "user": "U024K88ECFN",
                "ts": "1634160458.250600"
            }
        ],
        "is_locked": false,
        "subscribed": false
    },
    {
        "client_msg_id": "df7320b5-8699-4dd5-9624-c224bf449e74",
        "type": "message",
        "text": "We typically go with just what's needed for that initial assignment -- eg, a brief if there is one, any supporting materials the client has provided, perhaps samples of similar work we've done and\/or (depending on the writer's level of experience) a list of links to read for background. A typical freelancer writes for many different clients of ours, so we don't put an enormous amount of time into onboarding -- the editor (who is usually also the client contact) can fine-tune any client-specific points in the draft as necessary.\n\nDoes that help? It might help to know a bit more about what you're hiring the freelancers for -- eg, a one-off assignment, a campaign, something else??",
        "user": "U01NJ39M36K",
        "ts": "1632505839.163000",
        "team": "TJE58GTJL",
        "user_team": "TJE58GTJL",
        "source_team": "TJE58GTJL",
        "user_profile": {
            "avatar_hash": "4f5786a722ae",
            "image_72": "https:\/\/avatars.slack-edge.com\/2021-02-23\/1798556587425_4f5786a722aed9751baf_72.jpg",
            "first_name": "Michaela",
            "real_name": "Michaela Cavallaro",
            "display_name": "Michaela Cavallaro",
            "team": "TJE58GTJL",
            "name": "michaela",
            "is_restricted": false,
            "is_ultra_restricted": false
        },
        "blocks": [
            {
                "type": "rich_text",
                "block_id": "rrS",
                "elements": [
                    {
                        "type": "rich_text_section",
                        "elements": [
                            {
                                "type": "text",
                                "text": "We typically go with just what's needed for that initial assignment -- eg, a brief if there is one, any supporting materials the client has provided, perhaps samples of similar work we've done and\/or (depending on the writer's level of experience) a list of links to read for background. A typical freelancer writes for many different clients of ours, so we don't put an enormous amount of time into onboarding -- the editor (who is usually also the client contact) can fine-tune any client-specific points in the draft as necessary.\n\nDoes that help? It might help to know a bit more about what you're hiring the freelancers for -- eg, a one-off assignment, a campaign, something else??"
                            }
                        ]
                    }
                ]
            }
        ],
        "thread_ts": "1632503887.162800",
        "parent_user_id": "U01NM31CTFU"
    },
    {
        "client_msg_id": "6BF5B84B-35C2-41D2-905C-8909791830FD",
        "type": "message",
        "text": "Following since we hired you. :sweat_smile:",
        "user": "U01P13NTGG6",
        "ts": "1632532104.165200",
        "team": "TJE58GTJL",
        "user_team": "TJE58GTJL",
        "source_team": "TJE58GTJL",
        "user_profile": {
            "avatar_hash": "1625b1f12011",
            "image_72": "https:\/\/avatars.slack-edge.com\/2021-02-24\/1775273585607_1625b1f12011f553efc5_72.png",
            "first_name": "Skyler",
            "real_name": "Skyler Reeves",
            "display_name": "Skyler Reeves",
            "team": "TJE58GTJL",
            "name": "skyler",
            "is_restricted": false,
            "is_ultra_restricted": false
        },
        "blocks": [
            {
                "type": "rich_text",
                "block_id": "Ed\/QW",
                "elements": [
                    {
                        "type": "rich_text_section",
                        "elements": [
                            {
                                "type": "text",
                                "text": "Following since we hired you. "
                            },
                            {
                                "type": "emoji",
                                "name": "sweat_smile"
                            }
                        ]
                    }
                ]
            }
        ],
        "thread_ts": "1632503887.162800",
        "parent_user_id": "U01NM31CTFU"
    },
    {
        "client_msg_id": "5236CE1F-6EC0-497F-914A-86F1060430DF",
        "type": "message",
        "text": "<@U01P13NTGG6> I think we have a good process! But we can always create new efficiencies ",
        "user": "U01NM31CTFU",
        "ts": "1632535488.166200",
        "team": "TJE58GTJL",
        "user_team": "TJE58GTJL",
        "source_team": "TJE58GTJL",
        "user_profile": {
            "avatar_hash": "788aae3c46d1",
            "image_72": "https:\/\/avatars.slack-edge.com\/2021-05-28\/2122915523844_788aae3c46d19c1058da_72.jpg",
            "first_name": "Maddy",
            "real_name": "Maddy Osman",
            "display_name": "Maddy Osman",
            "team": "TJE58GTJL",
            "name": "maddy527",
            "is_restricted": false,
            "is_ultra_restricted": false
        },
        "blocks": [
            {
                "type": "rich_text",
                "block_id": "3SRD",
                "elements": [
                    {
                        "type": "rich_text_section",
                        "elements": [
                            {
                                "type": "user",
                                "user_id": "U01P13NTGG6"
                            },
                            {
                                "type": "text",
                                "text": " I think we have a good process! But we can always create new efficiencies "
                            }
                        ]
                    }
                ]
            }
        ],
        "thread_ts": "1632503887.162800",
        "parent_user_id": "U01NM31CTFU",
        "reactions": [
            {
                "name": "white_check_mark",
                "users": [
                    "U01L6NE17PA"
                ],
                "count": 1
            }
        ]
    },
    {
        "client_msg_id": "64823536-df8a-4db9-8bab-509668396e25",
        "type": "message",
        "text": "I need a better one myself. :nerd_face:",
        "user": "U01P13NTGG6",
        "ts": "1632538838.166400",
        "team": "TJE58GTJL",
        "user_team": "TJE58GTJL",
        "source_team": "TJE58GTJL",
        "user_profile": {
            "avatar_hash": "1625b1f12011",
            "image_72": "https:\/\/avatars.slack-edge.com\/2021-02-24\/1775273585607_1625b1f12011f553efc5_72.png",
            "first_name": "Skyler",
            "real_name": "Skyler Reeves",
            "display_name": "Skyler Reeves",
            "team": "TJE58GTJL",
            "name": "skyler",
            "is_restricted": false,
            "is_ultra_restricted": false
        },
        "blocks": [
            {
                "type": "rich_text",
                "block_id": "nv5",
                "elements": [
                    {
                        "type": "rich_text_section",
                        "elements": [
                            {
                                "type": "text",
                                "text": "I need a better one myself. "
                            },
                            {
                                "type": "emoji",
                                "name": "nerd_face"
                            }
                        ]
                    }
                ]
            }
        ],
        "thread_ts": "1632503887.162800",
        "parent_user_id": "U01NM31CTFU"
    }
]