[
    {
        "client_msg_id": "91c54d8a-5da0-4db5-b055-56326aaca743",
        "type": "message",
        "text": "Has anyone ever used <https:\/\/www.getcredo.com\/|Credo>? I like the idea of it, but at my last agency we didn't get any qualified leads. Wondering what other people's experience was.",
        "user": "U02F43CAK5X",
        "ts": "1634233686.257300",
        "team": "TJE58GTJL",
        "user_team": "TJE58GTJL",
        "source_team": "TJE58GTJL",
        "user_profile": {
            "avatar_hash": "96937be5af03",
            "image_72": "https:\/\/avatars.slack-edge.com\/2021-09-21\/2500350284535_96937be5af03a50d7004_72.jpg",
            "first_name": "Amanda",
            "real_name": "Amanda Milligan",
            "display_name": "Amanda Milligan",
            "team": "TJE58GTJL",
            "name": "amilligan",
            "is_restricted": false,
            "is_ultra_restricted": false
        },
        "blocks": [
            {
                "type": "rich_text",
                "block_id": "EYL",
                "elements": [
                    {
                        "type": "rich_text_section",
                        "elements": [
                            {
                                "type": "text",
                                "text": "Has anyone ever used "
                            },
                            {
                                "type": "link",
                                "url": "https:\/\/www.getcredo.com\/",
                                "text": "Credo"
                            },
                            {
                                "type": "text",
                                "text": "? I like the idea of it, but at my last agency we didn't get any qualified leads. Wondering what other people's experience was."
                            }
                        ]
                    }
                ]
            }
        ],
        "thread_ts": "1634233686.257300",
        "reply_count": 2,
        "reply_users_count": 2,
        "latest_reply": "1634560306.259400",
        "reply_users": [
            "U02G414SPC7",
            "U02F43CAK5X"
        ],
        "replies": [
            {
                "user": "U02G414SPC7",
                "ts": "1634487775.259200"
            },
            {
                "user": "U02F43CAK5X",
                "ts": "1634560306.259400"
            }
        ],
        "is_locked": false,
        "subscribed": false,
        "reactions": [
            {
                "name": "eyes",
                "users": [
                    "UJG9WTEKG"
                ],
                "count": 1
            }
        ]
    }
]