[
    {
        "client_msg_id": "536324E9-CF58-456A-B741-66A25FCAC547",
        "type": "message",
        "text": "Yeah, no way. If they’re starting out with a trust factor this low, they’re going to be a painful client all around.",
        "user": "U029CTQ5X6Y",
        "ts": "1638540227.165000",
        "team": "TJE58GTJL",
        "user_team": "TJE58GTJL",
        "source_team": "TJE58GTJL",
        "user_profile": {
            "avatar_hash": "4d1afd4712b9",
            "image_72": "https:\/\/avatars.slack-edge.com\/2021-07-26\/2312909469026_4d1afd4712b9f77f1af8_72.jpg",
            "first_name": "Karl",
            "real_name": "Karl Hughes",
            "display_name": "Karl (Draft.dev)",
            "team": "TJE58GTJL",
            "name": "khughes.me",
            "is_restricted": false,
            "is_ultra_restricted": false
        },
        "blocks": [
            {
                "type": "rich_text",
                "block_id": "rlJ",
                "elements": [
                    {
                        "type": "rich_text_section",
                        "elements": [
                            {
                                "type": "text",
                                "text": "Yeah, no way. If they’re starting out with a trust factor this low, they’re going to be a painful client all around."
                            }
                        ]
                    }
                ]
            }
        ],
        "thread_ts": "1638431184.154000",
        "parent_user_id": "U02AJEY8ACW",
        "reactions": [
            {
                "name": "+1",
                "users": [
                    "UJ934FU3B",
                    "U02NADUBXSR"
                ],
                "count": 2
            }
        ]
    }
]