[
    {
        "client_msg_id": "7882f6b8-6375-4660-87e3-eae365e2267b",
        "type": "message",
        "text": "Have any of you done trade shows and found any significant value? I'm considering investing in a booth at one next spring, but my experience is incredibly limited with these types of events.\n\nRelated: Did anyone attend the <https:\/\/www.b2bmarketingexpo.us\/|2019 B2B Marketing Expo>? It's not the only show I've looked at, but it's the one I'm currently pondering.",
        "user": "U024K88ECFN",
        "ts": "1630079376.003800",
        "team": "TJE58GTJL",
        "user_team": "TJE58GTJL",
        "source_team": "TJE58GTJL",
        "user_profile": {
            "avatar_hash": "00c4a04080e3",
            "image_72": "https:\/\/avatars.slack-edge.com\/2022-03-23\/3286590119379_00c4a04080e367a58cfc_72.png",
            "first_name": "Rebekah",
            "real_name": "Rebekah Edwards",
            "display_name": "Rebekah Edwards",
            "team": "TJE58GTJL",
            "name": "rebekah473",
            "is_restricted": false,
            "is_ultra_restricted": false
        },
        "attachments": [
            {
                "title": "B2B Marketing Expo US",
                "title_link": "https:\/\/www.b2bmarketingexpo.us\/",
                "text": "B2B Marketing Expo US, 6-7 April 2022, LA Convention Center, is the USA's leading B2B marketing exhibition providing the resources to transform your firm's marketing.",
                "fallback": "B2B Marketing Expo US",
                "image_url": "https:\/\/www.b2bmarketingexpo.us\/images\/social\/b2b-us-property-image-2021.png?v=1",
                "from_url": "https:\/\/www.b2bmarketingexpo.us\/",
                "image_width": 477,
                "image_height": 250,
                "image_bytes": 254452,
                "service_icon": "https:\/\/www.b2bmarketingexpo.us\/images\/favicon.png",
                "service_name": "b2bmarketingexpo.us",
                "id": 1,
                "original_url": "https:\/\/www.b2bmarketingexpo.us\/"
            }
        ],
        "blocks": [
            {
                "type": "rich_text",
                "block_id": "FwmH=",
                "elements": [
                    {
                        "type": "rich_text_section",
                        "elements": [
                            {
                                "type": "text",
                                "text": "Have any of you done trade shows and found any significant value? I'm considering investing in a booth at one next spring, but my experience is incredibly limited with these types of events.\n\nRelated: Did anyone attend the "
                            },
                            {
                                "type": "link",
                                "url": "https:\/\/www.b2bmarketingexpo.us\/",
                                "text": "2019 B2B Marketing Expo"
                            },
                            {
                                "type": "text",
                                "text": "? It's not the only show I've looked at, but it's the one I'm currently pondering."
                            }
                        ]
                    }
                ]
            }
        ],
        "thread_ts": "1630079376.003800",
        "reply_count": 2,
        "reply_users_count": 2,
        "latest_reply": "1630079687.004300",
        "reply_users": [
            "ULKUFTFPW",
            "U024K88ECFN"
        ],
        "replies": [
            {
                "user": "ULKUFTFPW",
                "ts": "1630079602.004000"
            },
            {
                "user": "U024K88ECFN",
                "ts": "1630079687.004300"
            }
        ],
        "is_locked": false,
        "subscribed": false
    },
    {
        "client_msg_id": "6fd9fd12-9466-473b-9758-1ece72d1bf18",
        "type": "message",
        "text": "I think the value of only having a booth is pretty low. However, if you use the booth as a hub for creating content, interviewing experts, inviting key regional prospects and partners to lunch, etc. you can improve the benefit. At the end of the day, I think speaking is the biggest value at these types of events.",
        "user": "ULKUFTFPW",
        "ts": "1630079602.004000",
        "team": "TJE58GTJL",
        "user_team": "TJE58GTJL",
        "source_team": "TJE58GTJL",
        "user_profile": {
            "avatar_hash": "05a6aa1af83c",
            "image_72": "https:\/\/avatars.slack-edge.com\/2021-03-10\/1851102748596_05a6aa1af83c15a830e7_72.jpg",
            "first_name": "David",
            "real_name": "David C Hoos",
            "display_name": "David Hoos",
            "team": "TJE58GTJL",
            "name": "david.c.hoos",
            "is_restricted": false,
            "is_ultra_restricted": false
        },
        "blocks": [
            {
                "type": "rich_text",
                "block_id": "g=2",
                "elements": [
                    {
                        "type": "rich_text_section",
                        "elements": [
                            {
                                "type": "text",
                                "text": "I think the value of only having a booth is pretty low. However, if you use the booth as a hub for creating content, interviewing experts, inviting key regional prospects and partners to lunch, etc. you can improve the benefit. At the end of the day, I think speaking is the biggest value at these types of events."
                            }
                        ]
                    }
                ]
            }
        ],
        "thread_ts": "1630079376.003800",
        "parent_user_id": "U024K88ECFN",
        "reactions": [
            {
                "name": "hearts",
                "users": [
                    "U024K88ECFN"
                ],
                "count": 1
            }
        ]
    },
    {
        "client_msg_id": "db34e0a1-dbfc-4dc6-aec9-3176be40e0ec",
        "type": "message",
        "text": "That's a great idea! I was offered the chance to do a speaking gig at this one, and he did mention the importance of using that opportunity to our advantage to provide great value first.",
        "user": "U024K88ECFN",
        "ts": "1630079687.004300",
        "team": "TJE58GTJL",
        "user_team": "TJE58GTJL",
        "source_team": "TJE58GTJL",
        "user_profile": {
            "avatar_hash": "00c4a04080e3",
            "image_72": "https:\/\/avatars.slack-edge.com\/2022-03-23\/3286590119379_00c4a04080e367a58cfc_72.png",
            "first_name": "Rebekah",
            "real_name": "Rebekah Edwards",
            "display_name": "Rebekah Edwards",
            "team": "TJE58GTJL",
            "name": "rebekah473",
            "is_restricted": false,
            "is_ultra_restricted": false
        },
        "blocks": [
            {
                "type": "rich_text",
                "block_id": "Hm8",
                "elements": [
                    {
                        "type": "rich_text_section",
                        "elements": [
                            {
                                "type": "text",
                                "text": "That's a great idea! I was offered the chance to do a speaking gig at this one, and he did mention the importance of using that opportunity to our advantage to provide great value first."
                            }
                        ]
                    }
                ]
            }
        ],
        "thread_ts": "1630079376.003800",
        "parent_user_id": "U024K88ECFN"
    }
]