[
    {
        "client_msg_id": "953b4858-e33a-49de-a13b-ece4e96b47d5",
        "type": "message",
        "text": "<@U02LZH7MCRM> can you move this to <#C012AUSC85C|promotion>?",
        "user": "UJG9WTEKG",
        "ts": "1638228858.147400",
        "team": "TJE58GTJL",
        "user_team": "TJE58GTJL",
        "source_team": "TJE58GTJL",
        "user_profile": {
            "avatar_hash": "gc25b94e6ebf",
            "image_72": "https:\/\/secure.gravatar.com\/avatar\/eec25b94e6ebf55f0b7933372344cd09.jpg?s=72&d=https%3A%2F%2Fa.slack-edge.com%2Fdf10d%2Fimg%2Favatars%2Fava_0001-72.png",
            "first_name": "Jimmy",
            "real_name": "Jimmy Daly",
            "display_name": "",
            "team": "TJE58GTJL",
            "name": "runjimdaly",
            "is_restricted": false,
            "is_ultra_restricted": false
        },
        "blocks": [
            {
                "type": "rich_text",
                "block_id": "d0=P",
                "elements": [
                    {
                        "type": "rich_text_section",
                        "elements": [
                            {
                                "type": "user",
                                "user_id": "U02LZH7MCRM"
                            },
                            {
                                "type": "text",
                                "text": " can you move this to "
                            },
                            {
                                "type": "channel",
                                "channel_id": "C012AUSC85C"
                            },
                            {
                                "type": "text",
                                "text": "?"
                            }
                        ]
                    }
                ]
            }
        ],
        "thread_ts": "1637949972.133400",
        "parent_user_id": "USLACKBOT"
    }
]