[
    {
        "client_msg_id": "55d93f03-38ed-4c25-bc92-80247c9ba0ad",
        "type": "message",
        "text": "I've been trying to sharpen my LinkedIn game, as I'm still managing our agency's social media brand for the time being. Does anyone have a bead on content marketing agencies really killing it on social media, specifically their brand's LinkedIn page? Would love some inspo!",
        "user": "U024K88ECFN",
        "ts": "1628173696.012600",
        "team": "TJE58GTJL",
        "user_team": "TJE58GTJL",
        "source_team": "TJE58GTJL",
        "user_profile": {
            "avatar_hash": "00c4a04080e3",
            "image_72": "https:\/\/avatars.slack-edge.com\/2022-03-23\/3286590119379_00c4a04080e367a58cfc_72.png",
            "first_name": "Rebekah",
            "real_name": "Rebekah Edwards",
            "display_name": "Rebekah Edwards",
            "team": "TJE58GTJL",
            "name": "rebekah473",
            "is_restricted": false,
            "is_ultra_restricted": false
        },
        "blocks": [
            {
                "type": "rich_text",
                "block_id": "xK3",
                "elements": [
                    {
                        "type": "rich_text_section",
                        "elements": [
                            {
                                "type": "text",
                                "text": "I've been trying to sharpen my LinkedIn game, as I'm still managing our agency's social media brand for the time being. Does anyone have a bead on content marketing agencies really killing it on social media, specifically their brand's LinkedIn page? Would love some inspo!"
                            }
                        ]
                    }
                ]
            }
        ],
        "thread_ts": "1628173696.012600",
        "reply_count": 2,
        "reply_users_count": 2,
        "latest_reply": "1628702501.025600",
        "reply_users": [
            "U02AJEY8ACW",
            "U024K88ECFN"
        ],
        "replies": [
            {
                "user": "U02AJEY8ACW",
                "ts": "1628702191.025400"
            },
            {
                "user": "U024K88ECFN",
                "ts": "1628702501.025600"
            }
        ],
        "is_locked": false,
        "subscribed": false
    }
]