[
    {
        "client_msg_id": "8a7ad9cb-74b9-43c8-9fbe-df8fb1b2e1a9",
        "type": "message",
        "text": "Our email newsletter is bringing in a significant amount of new business :fire: It's been a huge win for both client retention (and expansion) along with net-new business coming in.",
        "user": "U02546A8D2B",
        "ts": "1631297253.074600",
        "team": "TJE58GTJL",
        "user_team": "TJE58GTJL",
        "source_team": "TJE58GTJL",
        "user_profile": {
            "avatar_hash": "gc21a9b9dd8b",
            "image_72": "https:\/\/secure.gravatar.com\/avatar\/c21a9b9dd8b7030a3e41d1cba4b7f72c.jpg?s=72&d=https%3A%2F%2Fa.slack-edge.com%2Fdf10d%2Fimg%2Favatars%2Fava_0013-72.png",
            "first_name": "",
            "real_name": "Ross Simmonds",
            "display_name": "Ross Simmonds",
            "team": "TJE58GTJL",
            "name": "ross299",
            "is_restricted": false,
            "is_ultra_restricted": false
        },
        "blocks": [
            {
                "type": "rich_text",
                "block_id": "+KMZ7",
                "elements": [
                    {
                        "type": "rich_text_section",
                        "elements": [
                            {
                                "type": "text",
                                "text": "Our email newsletter is bringing in a significant amount of new business "
                            },
                            {
                                "type": "emoji",
                                "name": "fire"
                            },
                            {
                                "type": "text",
                                "text": " It's been a huge win for both client retention (and expansion) along with net-new business coming in."
                            }
                        ]
                    }
                ]
            }
        ],
        "thread_ts": "1631192792.071400",
        "parent_user_id": "U02BRGBQZ8F",
        "reactions": [
            {
                "name": "100",
                "users": [
                    "U016LHA1BHP",
                    "U02BRGBQZ8F"
                ],
                "count": 2
            }
        ]
    },
    {
        "client_msg_id": "5769158c-11fe-4a29-a386-822c987cacbe",
        "type": "message",
        "text": "We send a round up newsletter on Thursdays: <https:\/\/foundationinc.co\/newsletter\/>",
        "user": "U02546A8D2B",
        "ts": "1631297278.074800",
        "team": "TJE58GTJL",
        "user_team": "TJE58GTJL",
        "source_team": "TJE58GTJL",
        "user_profile": {
            "avatar_hash": "gc21a9b9dd8b",
            "image_72": "https:\/\/secure.gravatar.com\/avatar\/c21a9b9dd8b7030a3e41d1cba4b7f72c.jpg?s=72&d=https%3A%2F%2Fa.slack-edge.com%2Fdf10d%2Fimg%2Favatars%2Fava_0013-72.png",
            "first_name": "",
            "real_name": "Ross Simmonds",
            "display_name": "Ross Simmonds",
            "team": "TJE58GTJL",
            "name": "ross299",
            "is_restricted": false,
            "is_ultra_restricted": false
        },
        "blocks": [
            {
                "type": "rich_text",
                "block_id": "STYZF",
                "elements": [
                    {
                        "type": "rich_text_section",
                        "elements": [
                            {
                                "type": "text",
                                "text": "We send a round up newsletter on Thursdays: "
                            },
                            {
                                "type": "link",
                                "url": "https:\/\/foundationinc.co\/newsletter\/"
                            }
                        ]
                    }
                ]
            }
        ],
        "thread_ts": "1631192792.071400",
        "parent_user_id": "U02BRGBQZ8F"
    },
    {
        "client_msg_id": "3cf62ecf-5dd6-4638-b6d7-ee787318cf12",
        "type": "message",
        "text": "And an in-depth essay (like this) on Tuesdays:\n<https:\/\/foundationinc.co\/lab\/salesforce-21b-b2b-ecosystem\/>",
        "user": "U02546A8D2B",
        "ts": "1631297295.075000",
        "team": "TJE58GTJL",
        "user_team": "TJE58GTJL",
        "source_team": "TJE58GTJL",
        "user_profile": {
            "avatar_hash": "gc21a9b9dd8b",
            "image_72": "https:\/\/secure.gravatar.com\/avatar\/c21a9b9dd8b7030a3e41d1cba4b7f72c.jpg?s=72&d=https%3A%2F%2Fa.slack-edge.com%2Fdf10d%2Fimg%2Favatars%2Fava_0013-72.png",
            "first_name": "",
            "real_name": "Ross Simmonds",
            "display_name": "Ross Simmonds",
            "team": "TJE58GTJL",
            "name": "ross299",
            "is_restricted": false,
            "is_ultra_restricted": false
        },
        "attachments": [
            {
                "service_name": "Foundation Marketing",
                "title": "Salesforce’s Impressive $21 Billion B2B Ecosystem",
                "title_link": "https:\/\/foundationinc.co\/lab\/salesforce-21b-b2b-ecosystem\/",
                "text": "There is no B2B ecosystem that is more impressive than Salesforce's AppExchange. The AppExchange is more than a reference page; it's a user-generated content creation and distribution engine.",
                "fallback": "Foundation Marketing: Salesforce’s Impressive $21 Billion B2B Ecosystem",
                "image_url": "https:\/\/foundationinc.co\/wp-content\/uploads\/2021\/06\/Salesforce-Revenue-2019-2024.png",
                "image_width": 378,
                "image_height": 250,
                "ts": 1622750428,
                "from_url": "https:\/\/foundationinc.co\/lab\/salesforce-21b-b2b-ecosystem\/",
                "image_bytes": 365849,
                "service_icon": "https:\/\/foundationinc.co\/wp-content\/uploads\/2019\/10\/cropped-F-Logo-Black-1-180x180.png",
                "id": 1,
                "original_url": "https:\/\/foundationinc.co\/lab\/salesforce-21b-b2b-ecosystem\/"
            }
        ],
        "blocks": [
            {
                "type": "rich_text",
                "block_id": "DtD",
                "elements": [
                    {
                        "type": "rich_text_section",
                        "elements": [
                            {
                                "type": "text",
                                "text": "And an in-depth essay (like this) on Tuesdays:\n"
                            },
                            {
                                "type": "link",
                                "url": "https:\/\/foundationinc.co\/lab\/salesforce-21b-b2b-ecosystem\/"
                            }
                        ]
                    }
                ]
            }
        ],
        "thread_ts": "1631192792.071400",
        "parent_user_id": "U02BRGBQZ8F"
    }
]