[
    {
        "client_msg_id": "9159E3B2-EA5D-4620-A34C-CD03732D6AF4",
        "type": "message",
        "text": "Thanks for the info <@U029CTQ5X6Y> (: ",
        "user": "U02D7AVKCGZ",
        "ts": "1635364191.021700",
        "team": "TJE58GTJL",
        "user_team": "TJE58GTJL",
        "source_team": "TJE58GTJL",
        "user_profile": {
            "avatar_hash": "806dc075f7a3",
            "image_72": "https:\/\/avatars.slack-edge.com\/2021-10-06\/2599736547120_806dc075f7a37ee8ff7c_72.png",
            "first_name": "Marisol",
            "real_name": "Marisol S",
            "display_name": "",
            "team": "TJE58GTJL",
            "name": "sandersmarisol",
            "is_restricted": false,
            "is_ultra_restricted": false
        },
        "blocks": [
            {
                "type": "rich_text",
                "block_id": "68V7Q",
                "elements": [
                    {
                        "type": "rich_text_section",
                        "elements": [
                            {
                                "type": "text",
                                "text": "Thanks for the info "
                            },
                            {
                                "type": "user",
                                "user_id": "U029CTQ5X6Y"
                            },
                            {
                                "type": "text",
                                "text": " (: "
                            }
                        ]
                    }
                ]
            }
        ],
        "thread_ts": "1633562226.228200",
        "parent_user_id": "U02D7AVKCGZ"
    }
]