[
    {
        "client_msg_id": "D266FAEE-C0C3-4B37-B337-0231E8D21AC3",
        "type": "message",
        "text": "<@U02L06T4MM2> Not a bad idea! Yeah, the idea of being around like minded people is very intriguing. I have almost no one in my personal life that understands what I do. :sweat_smile:",
        "user": "U024K88ECFN",
        "ts": "1635940719.051900",
        "team": "TJE58GTJL",
        "user_team": "TJE58GTJL",
        "source_team": "TJE58GTJL",
        "user_profile": {
            "avatar_hash": "00c4a04080e3",
            "image_72": "https:\/\/avatars.slack-edge.com\/2022-03-23\/3286590119379_00c4a04080e367a58cfc_72.png",
            "first_name": "Rebekah",
            "real_name": "Rebekah Edwards",
            "display_name": "Rebekah Edwards",
            "team": "TJE58GTJL",
            "name": "rebekah473",
            "is_restricted": false,
            "is_ultra_restricted": false
        },
        "blocks": [
            {
                "type": "rich_text",
                "block_id": "zhlWM",
                "elements": [
                    {
                        "type": "rich_text_section",
                        "elements": [
                            {
                                "type": "user",
                                "user_id": "U02L06T4MM2"
                            },
                            {
                                "type": "text",
                                "text": " Not a bad idea! Yeah, the idea of being around like minded people is very intriguing. I have almost no one in my personal life that understands what I do. "
                            },
                            {
                                "type": "emoji",
                                "name": "sweat_smile"
                            }
                        ]
                    }
                ]
            }
        ],
        "thread_ts": "1635895303.048100",
        "parent_user_id": "U024K88ECFN"
    },
    {
        "client_msg_id": "77E6B321-5A43-4DCD-8261-65A260E45357",
        "type": "message",
        "text": "<@UUJBMNRNF> That is actually super encouraging! And it's true, the list of people who actually visit my profile, etc., seems to be less “marketers only” than the people who I’m engaging with on posts. \n\nI'm also impatient, which I know is my own problem. It's been several months since I started posting semi-regularly on LinkedIn, and just a few weeks where I'm posting every day. It hasn't led to any new clients (inquiries or otherwise), which is why I'm unsure.\n\nThank you for this insight!",
        "user": "U024K88ECFN",
        "ts": "1635940915.056000",
        "team": "TJE58GTJL",
        "user_team": "TJE58GTJL",
        "source_team": "TJE58GTJL",
        "user_profile": {
            "avatar_hash": "00c4a04080e3",
            "image_72": "https:\/\/avatars.slack-edge.com\/2022-03-23\/3286590119379_00c4a04080e367a58cfc_72.png",
            "first_name": "Rebekah",
            "real_name": "Rebekah Edwards",
            "display_name": "Rebekah Edwards",
            "team": "TJE58GTJL",
            "name": "rebekah473",
            "is_restricted": false,
            "is_ultra_restricted": false
        },
        "blocks": [
            {
                "type": "rich_text",
                "block_id": "21Cjg",
                "elements": [
                    {
                        "type": "rich_text_section",
                        "elements": [
                            {
                                "type": "user",
                                "user_id": "UUJBMNRNF"
                            },
                            {
                                "type": "text",
                                "text": " That is actually super encouraging! And it's true, the list of people who actually visit my profile, etc., seems to be less “marketers only” than the people who I’m engaging with on posts. \n\nI'm also impatient, which I know is my own problem. It's been several months since I started posting semi-regularly on LinkedIn, and just a few weeks where I'm posting every day. It hasn't led to any new clients (inquiries or otherwise), which is why I'm unsure.\n\nThank you for this insight!"
                            }
                        ]
                    }
                ]
            }
        ],
        "thread_ts": "1635895303.048100",
        "parent_user_id": "U024K88ECFN",
        "reactions": [
            {
                "name": "raised_hands",
                "users": [
                    "UUJBMNRNF"
                ],
                "count": 1
            },
            {
                "name": "heart",
                "users": [
                    "UUJBMNRNF"
                ],
                "count": 1
            }
        ]
    },
    {
        "client_msg_id": "cbad6a5a-f5b6-4837-b91d-81f0a186a594",
        "type": "message",
        "text": "I agree with the thoughts above. I also think it depends on your industry. I serve the telecom\/broadband industry, which happens to be very active on linkedin! So I focus on sharing industry-specific tips and engaging with my target audience (not other marketers), and the platform has brought me lots of great clients. I think it can be harder to get value out of it if you're trying to cast a wide net in terms of services and industries.",
        "user": "U0241GTJEDC",
        "ts": "1635953074.056400",
        "team": "TJE58GTJL",
        "user_team": "TJE58GTJL",
        "source_team": "TJE58GTJL",
        "user_profile": {
            "avatar_hash": "536d8eb0424e",
            "image_72": "https:\/\/avatars.slack-edge.com\/2021-06-07\/2130419106119_536d8eb0424e890966a3_72.jpg",
            "first_name": "Kaleigh",
            "real_name": "Kaleigh Cox",
            "display_name": "Kaleigh Cox",
            "team": "TJE58GTJL",
            "name": "kaleighcoxwriter",
            "is_restricted": false,
            "is_ultra_restricted": false
        },
        "blocks": [
            {
                "type": "rich_text",
                "block_id": "yqH",
                "elements": [
                    {
                        "type": "rich_text_section",
                        "elements": [
                            {
                                "type": "text",
                                "text": "I agree with the thoughts above. I also think it depends on your industry. I serve the telecom\/broadband industry, which happens to be very active on linkedin! So I focus on sharing industry-specific tips and engaging with my target audience (not other marketers), and the platform has brought me lots of great clients. I think it can be harder to get value out of it if you're trying to cast a wide net in terms of services and industries."
                            }
                        ]
                    }
                ]
            }
        ],
        "thread_ts": "1635895303.048100",
        "parent_user_id": "U024K88ECFN",
        "reactions": [
            {
                "name": "raised_hands::skin-tone-2",
                "users": [
                    "U024K88ECFN"
                ],
                "count": 1
            },
            {
                "name": "raised_hands",
                "users": [
                    "UUJBMNRNF",
                    "U01TBAF98H0",
                    "URLKJLWKS",
                    "U01T8TVMUSD"
                ],
                "count": 4
            },
            {
                "name": "raised_hands::skin-tone-3",
                "users": [
                    "U02AUQ0KMGC"
                ],
                "count": 1
            }
        ]
    },
    {
        "client_msg_id": "4e175a34-6c57-4402-8923-cc42cb501913",
        "type": "message",
        "text": "<@U0241GTJEDC> That certainly makes sense! We specialize in the type of services we offer, not as much in the industry, so that might be kicking me in the foot. Hmm... This is great to know!!",
        "user": "U024K88ECFN",
        "ts": "1635956548.056700",
        "team": "TJE58GTJL",
        "user_team": "TJE58GTJL",
        "source_team": "TJE58GTJL",
        "user_profile": {
            "avatar_hash": "00c4a04080e3",
            "image_72": "https:\/\/avatars.slack-edge.com\/2022-03-23\/3286590119379_00c4a04080e367a58cfc_72.png",
            "first_name": "Rebekah",
            "real_name": "Rebekah Edwards",
            "display_name": "Rebekah Edwards",
            "team": "TJE58GTJL",
            "name": "rebekah473",
            "is_restricted": false,
            "is_ultra_restricted": false
        },
        "blocks": [
            {
                "type": "rich_text",
                "block_id": "dRg",
                "elements": [
                    {
                        "type": "rich_text_section",
                        "elements": [
                            {
                                "type": "user",
                                "user_id": "U0241GTJEDC"
                            },
                            {
                                "type": "text",
                                "text": " That certainly makes sense! We specialize in the type of services we offer, not as much in the industry, so that might be kicking me in the foot. Hmm... This is great to know!!"
                            }
                        ]
                    }
                ]
            }
        ],
        "thread_ts": "1635895303.048100",
        "parent_user_id": "U024K88ECFN"
    },
    {
        "client_msg_id": "1ca99fc6-8cbb-4460-bc6f-9ec6b3a33dd3",
        "type": "message",
        "text": "Great advice above! I’ve had a lot of success landing clients on LinkedIn since starting to post on it less than a year ago, I attribute it the “lurkers” as mentioned before. All were 1st or 2nd degree connections however. I think the posts help you stay top of mind when something does come up.",
        "user": "U02E02NL6GM",
        "ts": "1635959484.056900",
        "team": "TJE58GTJL",
        "user_team": "TJE58GTJL",
        "source_team": "TJE58GTJL",
        "user_profile": {
            "avatar_hash": "49e8fb205307",
            "image_72": "https:\/\/avatars.slack-edge.com\/2021-09-10\/2464545921207_49e8fb2053078b4c4aa2_72.jpg",
            "first_name": "Victor",
            "real_name": "Victor Lai",
            "display_name": "Victor Lai",
            "team": "TJE58GTJL",
            "name": "victor760",
            "is_restricted": false,
            "is_ultra_restricted": false
        },
        "blocks": [
            {
                "type": "rich_text",
                "block_id": "FC8sM",
                "elements": [
                    {
                        "type": "rich_text_section",
                        "elements": [
                            {
                                "type": "text",
                                "text": "Great advice above! I’ve had a lot of success landing clients on LinkedIn since starting to post on it less than a year ago, I attribute it the “lurkers” as mentioned before. All were 1st or 2nd degree connections however. I think the posts help you stay top of mind when something does come up."
                            }
                        ]
                    }
                ]
            }
        ],
        "thread_ts": "1635895303.048100",
        "parent_user_id": "U024K88ECFN",
        "reactions": [
            {
                "name": "raised_hands::skin-tone-2",
                "users": [
                    "U024K88ECFN"
                ],
                "count": 1
            },
            {
                "name": "+1",
                "users": [
                    "U02SZ1EE0BC"
                ],
                "count": 1
            }
        ]
    },
    {
        "client_msg_id": "1faa864f-58de-468f-a29b-4347e4479be6",
        "type": "message",
        "text": "<@U02E02NL6GM> Okay, I love that! I don't mind the wait if it makes a difference.",
        "user": "U024K88ECFN",
        "ts": "1635960129.057200",
        "team": "TJE58GTJL",
        "user_team": "TJE58GTJL",
        "source_team": "TJE58GTJL",
        "user_profile": {
            "avatar_hash": "00c4a04080e3",
            "image_72": "https:\/\/avatars.slack-edge.com\/2022-03-23\/3286590119379_00c4a04080e367a58cfc_72.png",
            "first_name": "Rebekah",
            "real_name": "Rebekah Edwards",
            "display_name": "Rebekah Edwards",
            "team": "TJE58GTJL",
            "name": "rebekah473",
            "is_restricted": false,
            "is_ultra_restricted": false
        },
        "blocks": [
            {
                "type": "rich_text",
                "block_id": "rfp=x",
                "elements": [
                    {
                        "type": "rich_text_section",
                        "elements": [
                            {
                                "type": "user",
                                "user_id": "U02E02NL6GM"
                            },
                            {
                                "type": "text",
                                "text": " Okay, I love that! I don't mind the wait if it makes a difference."
                            }
                        ]
                    }
                ]
            }
        ],
        "thread_ts": "1635895303.048100",
        "parent_user_id": "U024K88ECFN"
    },
    {
        "client_msg_id": "6f2732ad-a486-4721-bb81-a3193db10f81",
        "type": "message",
        "text": "Thanks for asking this question <@U024K88ECFN>!\n\nQuestion for <@U02E02NL6GM> \/ <@UUJBMNRNF>:\n\nSince you’re both seemingly in the camp of “the lurkers are who you’re really targeting”, would you say it’s best to continue to engage within marketing circles, even though you’re mostly engaging with other marketers?\n\n(Also, super smart response <@U0241GTJEDC> on sharing industry insights with your audience. Thanks for that)",
        "user": "U01TBAF98H0",
        "ts": "1635980619.057800",
        "team": "TJE58GTJL",
        "user_team": "TJE58GTJL",
        "source_team": "TJE58GTJL",
        "user_profile": {
            "avatar_hash": "15d164b5a11a",
            "image_72": "https:\/\/avatars.slack-edge.com\/2021-10-11\/2587354369845_15d164b5a11a045edaa9_72.jpg",
            "first_name": "Justin",
            "real_name": "Justin Borge",
            "display_name": "Justin Borge",
            "team": "TJE58GTJL",
            "name": "justin952",
            "is_restricted": false,
            "is_ultra_restricted": false
        },
        "blocks": [
            {
                "type": "rich_text",
                "block_id": "nE2",
                "elements": [
                    {
                        "type": "rich_text_section",
                        "elements": [
                            {
                                "type": "text",
                                "text": "Thanks for asking this question "
                            },
                            {
                                "type": "user",
                                "user_id": "U024K88ECFN"
                            },
                            {
                                "type": "text",
                                "text": "!\n\nQuestion for "
                            },
                            {
                                "type": "user",
                                "user_id": "U02E02NL6GM"
                            },
                            {
                                "type": "text",
                                "text": " \/ "
                            },
                            {
                                "type": "user",
                                "user_id": "UUJBMNRNF"
                            },
                            {
                                "type": "text",
                                "text": ":\n\nSince you’re both seemingly in the camp of “the lurkers are who you’re really targeting”, would you say it’s best to continue to engage within marketing circles, even though you’re mostly engaging with other marketers?\n\n(Also, super smart response "
                            },
                            {
                                "type": "user",
                                "user_id": "U0241GTJEDC"
                            },
                            {
                                "type": "text",
                                "text": " on sharing industry insights with your audience. Thanks for that)"
                            }
                        ]
                    }
                ]
            }
        ],
        "thread_ts": "1635895303.048100",
        "parent_user_id": "U024K88ECFN",
        "reactions": [
            {
                "name": "+1",
                "users": [
                    "U0241GTJEDC"
                ],
                "count": 1
            }
        ]
    },
    {
        "client_msg_id": "ccfb22ca-b371-40fc-87e1-75bafa3353ef",
        "type": "message",
        "text": "<@U01TBAF98H0> You’re in SEO so other marketers are part of your audience. If you have a broad audience like that, keep posting valuable stuff, repurpose content to keep the effort low, and make LinkedIn part of your social strategy, not the whole. It really doesn’t take much, it’s far less competitive still. I get that it can be cringy, but there’s an agreement that you go on LinkedIn to do business, so don’t be afraid to talk business on there.",
        "user": "U02E02NL6GM",
        "ts": "1635983076.058000",
        "team": "TJE58GTJL",
        "user_team": "TJE58GTJL",
        "source_team": "TJE58GTJL",
        "user_profile": {
            "avatar_hash": "49e8fb205307",
            "image_72": "https:\/\/avatars.slack-edge.com\/2021-09-10\/2464545921207_49e8fb2053078b4c4aa2_72.jpg",
            "first_name": "Victor",
            "real_name": "Victor Lai",
            "display_name": "Victor Lai",
            "team": "TJE58GTJL",
            "name": "victor760",
            "is_restricted": false,
            "is_ultra_restricted": false
        },
        "edited": {
            "user": "U02E02NL6GM",
            "ts": "1635983133.000000"
        },
        "blocks": [
            {
                "type": "rich_text",
                "block_id": "YIR",
                "elements": [
                    {
                        "type": "rich_text_section",
                        "elements": [
                            {
                                "type": "user",
                                "user_id": "U01TBAF98H0"
                            },
                            {
                                "type": "text",
                                "text": " You’re in SEO so other marketers are part of your audience. If you have a broad audience like that, keep posting valuable stuff, repurpose content to keep the effort low, and make LinkedIn part of your social strategy, not the whole. It really doesn’t take much, it’s far less competitive still. I get that it can be cringy, but there’s an agreement that you go on LinkedIn to do business, so don’t be afraid to talk business on there."
                            }
                        ]
                    }
                ]
            }
        ],
        "thread_ts": "1635895303.048100",
        "parent_user_id": "U024K88ECFN",
        "reactions": [
            {
                "name": "raised_hands",
                "users": [
                    "U01TBAF98H0",
                    "UUJBMNRNF"
                ],
                "count": 2
            },
            {
                "name": "100",
                "users": [
                    "URLKJLWKS"
                ],
                "count": 1
            }
        ]
    },
    {
        "client_msg_id": "940FF6C5-F156-458A-B8DD-70468C76F842",
        "type": "message",
        "text": "Yeah I don't see it as a negative to engage. I'm not in the camp of \"ignore them\". \n\nYou never know who they know or what connections they have. (Their connections can see where and what they comment on your stuff or any comment you leave on others) \n\nReferrals are also very real! \n\nI still focus on creating what's helpful to my target audience. LinkedIn tends to reach much further outside my circle so you never know who it will reach. \n\nPlus if it reaches said person, they can quickly glance at my profile and see a few recent posts. If I'm creating the right stuff, it will resonate. ",
        "user": "UUJBMNRNF",
        "ts": "1635994863.066800",
        "team": "TJE58GTJL",
        "user_team": "TJE58GTJL",
        "source_team": "TJE58GTJL",
        "user_profile": {
            "avatar_hash": "g60cda1030c0",
            "image_72": "https:\/\/secure.gravatar.com\/avatar\/60cda1030c03869961d38a096c73158e.jpg?s=72&d=https%3A%2F%2Fa.slack-edge.com%2Fdf10d%2Fimg%2Favatars%2Fava_0024-72.png",
            "first_name": "Hannah",
            "real_name": "Hannah Wiginton",
            "display_name": "Hannah Wiginton",
            "team": "TJE58GTJL",
            "name": "hwiginton00",
            "is_restricted": false,
            "is_ultra_restricted": false
        },
        "edited": {
            "user": "UUJBMNRNF",
            "ts": "1635994954.000000"
        },
        "blocks": [
            {
                "type": "rich_text",
                "block_id": "DmAMH",
                "elements": [
                    {
                        "type": "rich_text_section",
                        "elements": [
                            {
                                "type": "text",
                                "text": "Yeah I don't see it as a negative to engage. I'm not in the camp of \"ignore them\". \n\nYou never know who they know or what connections they have. (Their connections can see where and what they comment on your stuff or any comment you leave on others) \n\nReferrals are also very real! \n\nI still focus on creating what's helpful to my target audience. LinkedIn tends to reach much further outside my circle so you never know who it will reach. \n\nPlus if it reaches said person, they can quickly glance at my profile and see a few recent posts. If I'm creating the right stuff, it will resonate. "
                            }
                        ]
                    }
                ]
            }
        ],
        "thread_ts": "1635895303.048100",
        "parent_user_id": "U024K88ECFN",
        "reactions": [
            {
                "name": "heart",
                "users": [
                    "U01TBAF98H0",
                    "U024K88ECFN"
                ],
                "count": 2
            }
        ]
    }
]