[
    {
        "client_msg_id": "3DD5FEB2-6BC3-4356-9981-ED54110E5A33",
        "type": "message",
        "text": "Y'all I am overwhelmed with what I don't know. Navigating this group has made me poignantly aware of my lack of knowledge. I think I've officially leapt from curious to panicky.\n\nSo, what do you think is a good orientation resource for building an agency? Like many of you (I suspect), I sort of stumbled into this agency life. But now I'm honing in on a philosophy and a set of services.\n\nWe want to build a content agency that's focused on community efforts. So there's creative in there, conversion\/optimization, and community management. Anchor content pieces mostly focused on creating culture and training, and amplification of those pieces. That's all I know, or at least it's a plot I'm holding loosely in my mind.\n\nAnyway, are there books I should read that are a rough roadmap to turning that into a business? Courses? This industry seems to have so much making it up as you go that there are few standards I can latch onto. Which is probably good in some ways, but it's making me so anxious. I need someone to iterate off of.\n\nApologies for the rant, especially if this is the wrong forum or it's already been answered 100 times. Thank you in advance for any direction to resources. I'm happy to do the work once I know where I'm headed.",
        "user": "U02PFKMM6SV",
        "ts": "1638979544.186800",
        "team": "TJE58GTJL",
        "user_team": "TJE58GTJL",
        "source_team": "TJE58GTJL",
        "user_profile": {
            "avatar_hash": "9337ca7d81e5",
            "image_72": "https:\/\/avatars.slack-edge.com\/2021-11-30\/2785065148722_9337ca7d81e511ae6d53_72.png",
            "first_name": "Mike",
            "real_name": "Mike Whelan",
            "display_name": "MikeWhelanJr",
            "team": "TJE58GTJL",
            "name": "mike918",
            "is_restricted": false,
            "is_ultra_restricted": false
        },
        "blocks": [
            {
                "type": "rich_text",
                "block_id": "ZW+",
                "elements": [
                    {
                        "type": "rich_text_section",
                        "elements": [
                            {
                                "type": "text",
                                "text": "Y'all I am overwhelmed with what I don't know. Navigating this group has made me poignantly aware of my lack of knowledge. I think I've officially leapt from curious to panicky.\n\nSo, what do you think is a good orientation resource for building an agency? Like many of you (I suspect), I sort of stumbled into this agency life. But now I'm honing in on a philosophy and a set of services.\n\nWe want to build a content agency that's focused on community efforts. So there's creative in there, conversion\/optimization, and community management. Anchor content pieces mostly focused on creating culture and training, and amplification of those pieces. That's all I know, or at least it's a plot I'm holding loosely in my mind.\n\nAnyway, are there books I should read that are a rough roadmap to turning that into a business? Courses? This industry seems to have so much making it up as you go that there are few standards I can latch onto. Which is probably good in some ways, but it's making me so anxious. I need someone to iterate off of.\n\nApologies for the rant, especially if this is the wrong forum or it's already been answered 100 times. Thank you in advance for any direction to resources. I'm happy to do the work once I know where I'm headed."
                            }
                        ]
                    }
                ]
            }
        ],
        "thread_ts": "1638979544.186800",
        "reply_count": 4,
        "reply_users_count": 4,
        "latest_reply": "1640051820.232400",
        "reply_users": [
            "U0241GTJEDC",
            "U02PFKMM6SV",
            "U024K88ECFN",
            "U02RT4N4L8H"
        ],
        "replies": [
            {
                "user": "U0241GTJEDC",
                "ts": "1638981162.188700"
            },
            {
                "user": "U02PFKMM6SV",
                "ts": "1638986552.190900"
            },
            {
                "user": "U024K88ECFN",
                "ts": "1639013073.201900"
            },
            {
                "user": "U02RT4N4L8H",
                "ts": "1640051820.232400"
            }
        ],
        "is_locked": false,
        "subscribed": false,
        "reactions": [
            {
                "name": "+1",
                "users": [
                    "U02E02NL6GM",
                    "U02NADUBXSR",
                    "U02Q3JRH2P9"
                ],
                "count": 3
            }
        ]
    },
    {
        "client_msg_id": "8dfa4dd4-a358-4e15-a637-3e1a53cef983",
        "type": "message",
        "text": "I'm just here to confess I help lead a small marketing agency and many of the posts in here go over my head or just refer to things not on my radar. But we do good work, keep our clients happy, and keep adding new ones, so that's what matters!",
        "user": "U0241GTJEDC",
        "ts": "1638981162.188700",
        "team": "TJE58GTJL",
        "user_team": "TJE58GTJL",
        "source_team": "TJE58GTJL",
        "user_profile": {
            "avatar_hash": "536d8eb0424e",
            "image_72": "https:\/\/avatars.slack-edge.com\/2021-06-07\/2130419106119_536d8eb0424e890966a3_72.jpg",
            "first_name": "Kaleigh",
            "real_name": "Kaleigh Cox",
            "display_name": "Kaleigh Cox",
            "team": "TJE58GTJL",
            "name": "kaleighcoxwriter",
            "is_restricted": false,
            "is_ultra_restricted": false
        },
        "blocks": [
            {
                "type": "rich_text",
                "block_id": "6guw",
                "elements": [
                    {
                        "type": "rich_text_section",
                        "elements": [
                            {
                                "type": "text",
                                "text": "I'm just here to confess I help lead a small marketing agency and many of the posts in here go over my head or just refer to things not on my radar. But we do good work, keep our clients happy, and keep adding new ones, so that's what matters!"
                            }
                        ]
                    }
                ]
            }
        ],
        "thread_ts": "1638979544.186800",
        "parent_user_id": "U02PFKMM6SV",
        "reactions": [
            {
                "name": "point_up",
                "users": [
                    "U02A8UR3Z60",
                    "U02PRMEAP0V",
                    "U024K88ECFN"
                ],
                "count": 3
            },
            {
                "name": "dart",
                "users": [
                    "U01NJ39M36K",
                    "U02NXFR0B7V"
                ],
                "count": 2
            }
        ]
    },
    {
        "client_msg_id": "E6AEBAB2-AB16-4656-A4FF-7F92AA16385B",
        "type": "message",
        "text": "I appreciate that. Honestly, there's so much making it up as we go. I'm mostly comfortable with that but I do occasionally feel overwhelmed with the path ahead. This group has helped me see how many options there are in this space. It's been positive for sure.",
        "user": "U02PFKMM6SV",
        "ts": "1638986552.190900",
        "team": "TJE58GTJL",
        "user_team": "TJE58GTJL",
        "source_team": "TJE58GTJL",
        "user_profile": {
            "avatar_hash": "9337ca7d81e5",
            "image_72": "https:\/\/avatars.slack-edge.com\/2021-11-30\/2785065148722_9337ca7d81e511ae6d53_72.png",
            "first_name": "Mike",
            "real_name": "Mike Whelan",
            "display_name": "MikeWhelanJr",
            "team": "TJE58GTJL",
            "name": "mike918",
            "is_restricted": false,
            "is_ultra_restricted": false
        },
        "blocks": [
            {
                "type": "rich_text",
                "block_id": "HOY",
                "elements": [
                    {
                        "type": "rich_text_section",
                        "elements": [
                            {
                                "type": "text",
                                "text": "I appreciate that. Honestly, there's so much making it up as we go. I'm mostly comfortable with that but I do occasionally feel overwhelmed with the path ahead. This group has helped me see how many options there are in this space. It's been positive for sure."
                            }
                        ]
                    }
                ]
            }
        ],
        "thread_ts": "1638979544.186800",
        "parent_user_id": "U02PFKMM6SV"
    },
    {
        "client_msg_id": "53f0612d-7a92-4a23-8a09-674112359248",
        "type": "message",
        "text": "Does anyone have any recs for worker's compensation insurance? I'm about to hire my first employee and my organization is 100% remote but I've been advised that this is necessary!",
        "user": "U01NM31CTFU",
        "ts": "1638995077.192100",
        "team": "TJE58GTJL",
        "user_team": "TJE58GTJL",
        "source_team": "TJE58GTJL",
        "user_profile": {
            "avatar_hash": "788aae3c46d1",
            "image_72": "https:\/\/avatars.slack-edge.com\/2021-05-28\/2122915523844_788aae3c46d19c1058da_72.jpg",
            "first_name": "Maddy",
            "real_name": "Maddy Osman",
            "display_name": "Maddy Osman",
            "team": "TJE58GTJL",
            "name": "maddy527",
            "is_restricted": false,
            "is_ultra_restricted": false
        },
        "blocks": [
            {
                "type": "rich_text",
                "block_id": "iDn0B",
                "elements": [
                    {
                        "type": "rich_text_section",
                        "elements": [
                            {
                                "type": "text",
                                "text": "Does anyone have any recs for worker's compensation insurance? I'm about to hire my first employee and my organization is 100% remote but I've been advised that this is necessary!"
                            }
                        ]
                    }
                ]
            }
        ],
        "thread_ts": "1638995077.192100",
        "reply_count": 6,
        "reply_users_count": 5,
        "latest_reply": "1639922187.224700",
        "reply_users": [
            "UJG9WTEKG",
            "U01P13NTGG6",
            "UJ934FU3B",
            "U01NM31CTFU",
            "U02Q3JRH2P9"
        ],
        "replies": [
            {
                "user": "UJG9WTEKG",
                "ts": "1638995224.192200"
            },
            {
                "user": "U01P13NTGG6",
                "ts": "1639010455.193200"
            },
            {
                "user": "UJ934FU3B",
                "ts": "1639072665.202600"
            },
            {
                "user": "U01NM31CTFU",
                "ts": "1639073633.203300"
            },
            {
                "user": "U01NM31CTFU",
                "ts": "1639073642.203500"
            },
            {
                "user": "U02Q3JRH2P9",
                "ts": "1639922187.224700"
            }
        ],
        "is_locked": false,
        "subscribed": true,
        "last_read": "1639922187.224700",
        "reactions": [
            {
                "name": "eyes",
                "users": [
                    "U01DEA6F7CH"
                ],
                "count": 1
            }
        ]
    },
    {
        "client_msg_id": "8ba55a5c-a38a-4ecc-92fb-8f57e215f342",
        "type": "message",
        "text": "following. hoping to make our first hire early next year",
        "user": "UJG9WTEKG",
        "ts": "1638995224.192200",
        "team": "TJE58GTJL",
        "user_team": "TJE58GTJL",
        "source_team": "TJE58GTJL",
        "user_profile": {
            "avatar_hash": "gc25b94e6ebf",
            "image_72": "https:\/\/secure.gravatar.com\/avatar\/eec25b94e6ebf55f0b7933372344cd09.jpg?s=72&d=https%3A%2F%2Fa.slack-edge.com%2Fdf10d%2Fimg%2Favatars%2Fava_0001-72.png",
            "first_name": "Jimmy",
            "real_name": "Jimmy Daly",
            "display_name": "",
            "team": "TJE58GTJL",
            "name": "runjimdaly",
            "is_restricted": false,
            "is_ultra_restricted": false
        },
        "blocks": [
            {
                "type": "rich_text",
                "block_id": "Zlij",
                "elements": [
                    {
                        "type": "rich_text_section",
                        "elements": [
                            {
                                "type": "text",
                                "text": "following. hoping to make our first hire early next year"
                            }
                        ]
                    }
                ]
            }
        ],
        "thread_ts": "1638995077.192100",
        "parent_user_id": "U01NM31CTFU",
        "reactions": [
            {
                "name": "heart",
                "users": [
                    "U01NM31CTFU",
                    "U02GYR8TM96",
                    "U01T30ZCN82",
                    "U01DEA6F7CH"
                ],
                "count": 4
            }
        ]
    },
    {
        "client_msg_id": "42ae1ce7-1022-45d0-bb23-b02280dc2581",
        "type": "message",
        "text": "We went through Hartford. And yeah, it’s absolutely necessary. Paid a $4000 fine earlier this year because of it. :upside_down_face:",
        "user": "U01P13NTGG6",
        "ts": "1639010455.193200",
        "team": "TJE58GTJL",
        "user_team": "TJE58GTJL",
        "source_team": "TJE58GTJL",
        "user_profile": {
            "avatar_hash": "1625b1f12011",
            "image_72": "https:\/\/avatars.slack-edge.com\/2021-02-24\/1775273585607_1625b1f12011f553efc5_72.png",
            "first_name": "Skyler",
            "real_name": "Skyler Reeves",
            "display_name": "Skyler Reeves",
            "team": "TJE58GTJL",
            "name": "skyler",
            "is_restricted": false,
            "is_ultra_restricted": false
        },
        "blocks": [
            {
                "type": "rich_text",
                "block_id": "p\/2",
                "elements": [
                    {
                        "type": "rich_text_section",
                        "elements": [
                            {
                                "type": "text",
                                "text": "We went through Hartford. And yeah, it’s absolutely necessary. Paid a $4000 fine earlier this year because of it. "
                            },
                            {
                                "type": "emoji",
                                "name": "upside_down_face"
                            }
                        ]
                    }
                ]
            }
        ],
        "thread_ts": "1638995077.192100",
        "parent_user_id": "U01NM31CTFU"
    },
    {
        "client_msg_id": "BC9C5E6C-5D0F-4C28-B4B9-54152F014EDC",
        "type": "message",
        "text": "I feel you on this! I had no idea what I was actually getting into when we launched — I knew some stuff, but I bit off way more than I thought I was!\n\nBook recommendations:\n• Traction by Gino Wickman (I'm just starting this, but it was recommended by another agency owner as the #1 tool she used to structure her SEO agency)\n• Radical Candor by Kim Scott (great resource on how to best manage people)\nI know those aren't content marketing specific, but they're what I got. :sweat_smile:\n\nI also think it's probably more important to listen to your clients and take advantage of their feedback more than iterating on what another agency is doing. Ask clients — or even potential\/ideal clients — what they need, what they don't need, what kind of agency experience they've had that ended up positive\/negative\/etc.\n\nThe other thing that's been helpful has just been connecting with other people in content marketing. My business is honestly 10x better at the end of 2021 than the beginning of this year, and I owe much of it to communities like this one. I'm also in a small agency owner group that gets together once a month to bounce ideas, rant, ask for advice, etc. and both have been super encouraging to me.\n\nAnd feel free to shoot me a DM if you just want to chat! I'm not the world’s best, nor do I own a massive agency or have it all figured out.. but I love sharing anything I can that's helpful. :relaxed:",
        "user": "U024K88ECFN",
        "ts": "1639013073.201900",
        "team": "TJE58GTJL",
        "user_team": "TJE58GTJL",
        "source_team": "TJE58GTJL",
        "user_profile": {
            "avatar_hash": "00c4a04080e3",
            "image_72": "https:\/\/avatars.slack-edge.com\/2022-03-23\/3286590119379_00c4a04080e367a58cfc_72.png",
            "first_name": "Rebekah",
            "real_name": "Rebekah Edwards",
            "display_name": "Rebekah Edwards",
            "team": "TJE58GTJL",
            "name": "rebekah473",
            "is_restricted": false,
            "is_ultra_restricted": false
        },
        "blocks": [
            {
                "type": "rich_text",
                "block_id": "iOP",
                "elements": [
                    {
                        "type": "rich_text_section",
                        "elements": [
                            {
                                "type": "text",
                                "text": "I feel you on this! I had no idea what I was actually getting into when we launched — I knew some stuff, but I bit off way more than I thought I was!\n"
                            },
                            {
                                "type": "text",
                                "text": "\nBook recommendations:\n"
                            }
                        ]
                    },
                    {
                        "type": "rich_text_list",
                        "elements": [
                            {
                                "type": "rich_text_section",
                                "elements": [
                                    {
                                        "type": "text",
                                        "text": "Traction by Gino Wickman (I'm just starting this, but it was recommended by another agency owner as the #1 tool she used to structure her SEO agency)"
                                    }
                                ]
                            },
                            {
                                "type": "rich_text_section",
                                "elements": [
                                    {
                                        "type": "text",
                                        "text": "Radical Candor by Kim Scott (great resource on how to best manage people)"
                                    }
                                ]
                            }
                        ],
                        "style": "bullet",
                        "indent": 0,
                        "offset": 0,
                        "border": 0
                    },
                    {
                        "type": "rich_text_section",
                        "elements": [
                            {
                                "type": "text",
                                "text": "\nI know those aren't content marketing specific, but they're what I got. "
                            },
                            {
                                "type": "emoji",
                                "name": "sweat_smile"
                            },
                            {
                                "type": "text",
                                "text": "\n\nI also think it's probably more important to listen to your clients and take advantage of their feedback more than iterating on what another agency is doing. Ask clients — or even potential\/ideal clients — what they need, what they don't need, what kind of agency experience they've had that ended up positive\/negative\/etc.\n\nThe other thing that's been helpful has just been connecting with other people in content marketing. My business is honestly 10x better at the end of 2021 than the beginning of this year, and I owe much of it to communities like this one. I'm also in a small agency owner group that gets together once a month to bounce ideas, rant, ask for advice, etc. and both have been super encouraging to me.\n\nAnd feel free to shoot me a DM if you just want to chat! I'm not the world’s best, nor do I own a massive agency or have it all figured out.. but I love sharing anything I can that's helpful. "
                            },
                            {
                                "type": "emoji",
                                "name": "relaxed"
                            }
                        ]
                    }
                ]
            }
        ],
        "thread_ts": "1638979544.186800",
        "parent_user_id": "U02PFKMM6SV",
        "reactions": [
            {
                "name": "heart",
                "users": [
                    "U02PFKMM6SV",
                    "U02Q3JRH2P9",
                    "U02RPJWFB5G"
                ],
                "count": 3
            }
        ]
    }
]