[
    {
        "client_msg_id": "bceefbe0-f666-4dc1-932f-778cb1089b45",
        "type": "message",
        "text": "Hey folks. at what revenue point would you say it's the right time to scale into your first employee? Do you do it by a different metric, or have a different strategy? Thanks!",
        "user": "U02FV1XHS2C",
        "ts": "1632673796.168200",
        "team": "TJE58GTJL",
        "user_team": "TJE58GTJL",
        "source_team": "TJE58GTJL",
        "user_profile": {
            "avatar_hash": "c9247c6ca97b",
            "image_72": "https:\/\/avatars.slack-edge.com\/2021-09-21\/2515852092227_c9247c6ca97b6b64f3f1_72.jpg",
            "first_name": "Kieran",
            "real_name": "Kieran Giles",
            "display_name": "Kieran Giles",
            "team": "TJE58GTJL",
            "name": "kgiles.marketing",
            "is_restricted": false,
            "is_ultra_restricted": false
        },
        "blocks": [
            {
                "type": "rich_text",
                "block_id": "RQT",
                "elements": [
                    {
                        "type": "rich_text_section",
                        "elements": [
                            {
                                "type": "text",
                                "text": "Hey folks. at what revenue point would you say it's the right time to scale into your first employee? Do you do it by a different metric, or have a different strategy? Thanks!"
                            }
                        ]
                    }
                ]
            }
        ],
        "thread_ts": "1632673796.168200",
        "reply_count": 10,
        "reply_users_count": 3,
        "latest_reply": "1632796112.179100",
        "reply_users": [
            "U01P13NTGG6",
            "U029CTQ5X6Y",
            "U02FV1XHS2C"
        ],
        "replies": [
            {
                "user": "U01P13NTGG6",
                "ts": "1632694725.169800"
            },
            {
                "user": "U029CTQ5X6Y",
                "ts": "1632772387.173500"
            },
            {
                "user": "U02FV1XHS2C",
                "ts": "1632777199.174300"
            },
            {
                "user": "U02FV1XHS2C",
                "ts": "1632777374.174600"
            },
            {
                "user": "U029CTQ5X6Y",
                "ts": "1632777614.174800"
            },
            {
                "user": "U02FV1XHS2C",
                "ts": "1632777974.175100"
            },
            {
                "user": "U02FV1XHS2C",
                "ts": "1632778022.175300"
            },
            {
                "user": "U029CTQ5X6Y",
                "ts": "1632780607.175600"
            },
            {
                "user": "U01P13NTGG6",
                "ts": "1632795100.178700"
            },
            {
                "user": "U02FV1XHS2C",
                "ts": "1632796112.179100"
            }
        ],
        "is_locked": false,
        "subscribed": false
    },
    {
        "client_msg_id": "89724BAF-E143-4AA4-A9FF-CC648836570F",
        "type": "message",
        "text": "I’d think of it as at what gross margin point should you scale into another employee. Also consider all of the work you're doing but not paying yourself what it would cost to hire someone else for. ",
        "user": "U01P13NTGG6",
        "ts": "1632694725.169800",
        "team": "TJE58GTJL",
        "user_team": "TJE58GTJL",
        "source_team": "TJE58GTJL",
        "user_profile": {
            "avatar_hash": "1625b1f12011",
            "image_72": "https:\/\/avatars.slack-edge.com\/2021-02-24\/1775273585607_1625b1f12011f553efc5_72.png",
            "first_name": "Skyler",
            "real_name": "Skyler Reeves",
            "display_name": "Skyler Reeves",
            "team": "TJE58GTJL",
            "name": "skyler",
            "is_restricted": false,
            "is_ultra_restricted": false
        },
        "blocks": [
            {
                "type": "rich_text",
                "block_id": "Zq+J",
                "elements": [
                    {
                        "type": "rich_text_section",
                        "elements": [
                            {
                                "type": "text",
                                "text": "I’d think of it as at what gross margin point should you scale into another employee. Also consider all of the work you're doing but not paying yourself what it would cost to hire someone else for. "
                            }
                        ]
                    }
                ]
            }
        ],
        "thread_ts": "1632673796.168200",
        "parent_user_id": "U02FV1XHS2C",
        "reactions": [
            {
                "name": "white_check_mark",
                "users": [
                    "U02FV1XHS2C"
                ],
                "count": 1
            }
        ]
    }
]