[
    {
        "client_msg_id": "041e3f95-88c0-4676-8f17-da3b95c03992",
        "type": "message",
        "text": "Compensation question: What might a mid- to senior-level editorial person -- 8+ years experience as a writer, editor and project manager with client management skills — be able to command at an agency either for salary + benefits or a freelance hourly rate? Thanks!",
        "user": "U02EA5937MM",
        "ts": "1632414932.149700",
        "team": "TJE58GTJL",
        "user_team": "TJE58GTJL",
        "source_team": "TJE58GTJL",
        "user_profile": {
            "avatar_hash": "6d7691804435",
            "image_72": "https:\/\/avatars.slack-edge.com\/2021-09-16\/2498080127413_6d7691804435af842eab_72.jpg",
            "first_name": "Lauren",
            "real_name": "Lauren Dietlin (she\/her)",
            "display_name": "Lauren Dietlin",
            "team": "TJE58GTJL",
            "name": "lauren780",
            "is_restricted": false,
            "is_ultra_restricted": false
        },
        "blocks": [
            {
                "type": "rich_text",
                "block_id": "OYLu",
                "elements": [
                    {
                        "type": "rich_text_section",
                        "elements": [
                            {
                                "type": "text",
                                "text": "Compensation question: What might a mid- to senior-level editorial person -- 8+ years experience as a writer, editor and project manager with client management skills — be able to command at an agency either for salary + benefits or a freelance hourly rate? Thanks!"
                            }
                        ]
                    }
                ]
            }
        ],
        "thread_ts": "1632414932.149700",
        "reply_count": 10,
        "reply_users_count": 3,
        "latest_reply": "1632435050.159100",
        "reply_users": [
            "U026R1895QV",
            "U02EA5937MM",
            "U024K88ECFN"
        ],
        "replies": [
            {
                "user": "U026R1895QV",
                "ts": "1632415467.149800"
            },
            {
                "user": "U02EA5937MM",
                "ts": "1632417514.150000"
            },
            {
                "user": "U026R1895QV",
                "ts": "1632418067.150200"
            },
            {
                "user": "U026R1895QV",
                "ts": "1632418094.150400"
            },
            {
                "user": "U02EA5937MM",
                "ts": "1632419104.150600"
            },
            {
                "user": "U026R1895QV",
                "ts": "1632419150.150800"
            },
            {
                "user": "U02EA5937MM",
                "ts": "1632420051.151100"
            },
            {
                "user": "U026R1895QV",
                "ts": "1632420213.151300"
            },
            {
                "user": "U024K88ECFN",
                "ts": "1632434972.158100"
            },
            {
                "user": "U024K88ECFN",
                "ts": "1632435050.159100"
            }
        ],
        "is_locked": false,
        "subscribed": false
    },
    {
        "client_msg_id": "cc4f7442-77a6-45e3-a68b-391b86eae463",
        "type": "message",
        "text": "What is the title this person would be going after?",
        "user": "U026R1895QV",
        "ts": "1632415467.149800",
        "team": "TJE58GTJL",
        "user_team": "TJE58GTJL",
        "source_team": "TJE58GTJL",
        "user_profile": {
            "avatar_hash": "7b31876780eb",
            "image_72": "https:\/\/avatars.slack-edge.com\/2021-10-06\/2572963931698_7b31876780ebf4079e2e_72.jpg",
            "first_name": "Carolyn",
            "real_name": "Carolyn Lyden",
            "display_name": "Carolyn Lyden (she\/her)",
            "team": "TJE58GTJL",
            "name": "lyden.carolyn",
            "is_restricted": false,
            "is_ultra_restricted": false
        },
        "blocks": [
            {
                "type": "rich_text",
                "block_id": "hmLj",
                "elements": [
                    {
                        "type": "rich_text_section",
                        "elements": [
                            {
                                "type": "text",
                                "text": "What is the title this person would be going after?"
                            }
                        ]
                    }
                ]
            }
        ],
        "thread_ts": "1632414932.149700",
        "parent_user_id": "U02EA5937MM"
    },
    {
        "client_msg_id": "e4e6f5f3-6cc7-4560-8118-90a93a2d4e30",
        "type": "message",
        "text": "Managing editor perhaps?",
        "user": "U02EA5937MM",
        "ts": "1632417514.150000",
        "team": "TJE58GTJL",
        "user_team": "TJE58GTJL",
        "source_team": "TJE58GTJL",
        "user_profile": {
            "avatar_hash": "6d7691804435",
            "image_72": "https:\/\/avatars.slack-edge.com\/2021-09-16\/2498080127413_6d7691804435af842eab_72.jpg",
            "first_name": "Lauren",
            "real_name": "Lauren Dietlin (she\/her)",
            "display_name": "Lauren Dietlin",
            "team": "TJE58GTJL",
            "name": "lauren780",
            "is_restricted": false,
            "is_ultra_restricted": false
        },
        "blocks": [
            {
                "type": "rich_text",
                "block_id": "y=f4V",
                "elements": [
                    {
                        "type": "rich_text_section",
                        "elements": [
                            {
                                "type": "text",
                                "text": "Managing editor perhaps?"
                            }
                        ]
                    }
                ]
            }
        ],
        "thread_ts": "1632414932.149700",
        "parent_user_id": "U02EA5937MM"
    },
    {
        "type": "message",
        "text": "",
        "files": [
            {
                "id": "F02F0S4SDL7",
                "created": 1632418063,
                "timestamp": 1632418063,
                "name": "Screen Shot 2021-09-23 at 1.27.36 PM.png",
                "title": "Screen Shot 2021-09-23 at 1.27.36 PM.png",
                "mimetype": "image\/png",
                "filetype": "png",
                "pretty_type": "PNG",
                "user": "U026R1895QV",
                "editable": false,
                "size": 759181,
                "mode": "hosted",
                "is_external": false,
                "external_type": "",
                "is_public": true,
                "public_url_shared": false,
                "display_as_bot": false,
                "username": "",
                "url_private": "https:\/\/files.slack.com\/files-pri\/TJE58GTJL-F02F0S4SDL7\/screen_shot_2021-09-23_at_1.27.36_pm.png?t=xoxe-626178571632-3467451922035-3469800396036-b45365c7edcd0220272aa8a422c2b82f",
                "url_private_download": "https:\/\/files.slack.com\/files-pri\/TJE58GTJL-F02F0S4SDL7\/download\/screen_shot_2021-09-23_at_1.27.36_pm.png?t=xoxe-626178571632-3467451922035-3469800396036-b45365c7edcd0220272aa8a422c2b82f",
                "media_display_type": "unknown",
                "thumb_64": "https:\/\/files.slack.com\/files-tmb\/TJE58GTJL-F02F0S4SDL7-4b523dfb61\/screen_shot_2021-09-23_at_1.27.36_pm_64.png?t=xoxe-626178571632-3467451922035-3469800396036-b45365c7edcd0220272aa8a422c2b82f",
                "thumb_80": "https:\/\/files.slack.com\/files-tmb\/TJE58GTJL-F02F0S4SDL7-4b523dfb61\/screen_shot_2021-09-23_at_1.27.36_pm_80.png?t=xoxe-626178571632-3467451922035-3469800396036-b45365c7edcd0220272aa8a422c2b82f",
                "thumb_360": "https:\/\/files.slack.com\/files-tmb\/TJE58GTJL-F02F0S4SDL7-4b523dfb61\/screen_shot_2021-09-23_at_1.27.36_pm_360.png?t=xoxe-626178571632-3467451922035-3469800396036-b45365c7edcd0220272aa8a422c2b82f",
                "thumb_360_w": 360,
                "thumb_360_h": 185,
                "thumb_480": "https:\/\/files.slack.com\/files-tmb\/TJE58GTJL-F02F0S4SDL7-4b523dfb61\/screen_shot_2021-09-23_at_1.27.36_pm_480.png?t=xoxe-626178571632-3467451922035-3469800396036-b45365c7edcd0220272aa8a422c2b82f",
                "thumb_480_w": 480,
                "thumb_480_h": 247,
                "thumb_160": "https:\/\/files.slack.com\/files-tmb\/TJE58GTJL-F02F0S4SDL7-4b523dfb61\/screen_shot_2021-09-23_at_1.27.36_pm_160.png?t=xoxe-626178571632-3467451922035-3469800396036-b45365c7edcd0220272aa8a422c2b82f",
                "thumb_720": "https:\/\/files.slack.com\/files-tmb\/TJE58GTJL-F02F0S4SDL7-4b523dfb61\/screen_shot_2021-09-23_at_1.27.36_pm_720.png?t=xoxe-626178571632-3467451922035-3469800396036-b45365c7edcd0220272aa8a422c2b82f",
                "thumb_720_w": 720,
                "thumb_720_h": 370,
                "thumb_800": "https:\/\/files.slack.com\/files-tmb\/TJE58GTJL-F02F0S4SDL7-4b523dfb61\/screen_shot_2021-09-23_at_1.27.36_pm_800.png?t=xoxe-626178571632-3467451922035-3469800396036-b45365c7edcd0220272aa8a422c2b82f",
                "thumb_800_w": 800,
                "thumb_800_h": 412,
                "thumb_960": "https:\/\/files.slack.com\/files-tmb\/TJE58GTJL-F02F0S4SDL7-4b523dfb61\/screen_shot_2021-09-23_at_1.27.36_pm_960.png?t=xoxe-626178571632-3467451922035-3469800396036-b45365c7edcd0220272aa8a422c2b82f",
                "thumb_960_w": 960,
                "thumb_960_h": 494,
                "thumb_1024": "https:\/\/files.slack.com\/files-tmb\/TJE58GTJL-F02F0S4SDL7-4b523dfb61\/screen_shot_2021-09-23_at_1.27.36_pm_1024.png?t=xoxe-626178571632-3467451922035-3469800396036-b45365c7edcd0220272aa8a422c2b82f",
                "thumb_1024_w": 1024,
                "thumb_1024_h": 527,
                "original_w": 2076,
                "original_h": 1068,
                "thumb_tiny": "AwAYADDROc9RRznGRmhcnqKdQA0kqMnFCsW6YxSnn6UDj6UALkZxSZ5xS0UAJ+VHHrSUUAQySsrkDoKI5XZwCePpTZP9Y1LH98U7Cuyxx60fiKSikM\/\/2Q==",
                "permalink": "https:\/\/content-career-growth.slack.com\/files\/U026R1895QV\/F02F0S4SDL7\/screen_shot_2021-09-23_at_1.27.36_pm.png",
                "permalink_public": "https:\/\/slack-files.com\/TJE58GTJL-F02F0S4SDL7-d28f52a462",
                "is_starred": false,
                "has_rich_preview": false
            }
        ],
        "upload": false,
        "user": "U026R1895QV",
        "display_as_bot": false,
        "ts": "1632418067.150200",
        "client_msg_id": "48042edc-6c97-4eeb-ad23-8e09467b6fe6",
        "thread_ts": "1632414932.149700",
        "parent_user_id": "U02EA5937MM"
    },
    {
        "type": "message",
        "text": "",
        "files": [
            {
                "id": "F02F8RBCP0E",
                "created": 1632418092,
                "timestamp": 1632418092,
                "name": "Screen Shot 2021-09-23 at 1.28.04 PM.png",
                "title": "Screen Shot 2021-09-23 at 1.28.04 PM.png",
                "mimetype": "image\/png",
                "filetype": "png",
                "pretty_type": "PNG",
                "user": "U026R1895QV",
                "editable": false,
                "size": 331850,
                "mode": "hosted",
                "is_external": false,
                "external_type": "",
                "is_public": true,
                "public_url_shared": false,
                "display_as_bot": false,
                "username": "",
                "url_private": "https:\/\/files.slack.com\/files-pri\/TJE58GTJL-F02F8RBCP0E\/screen_shot_2021-09-23_at_1.28.04_pm.png?t=xoxe-626178571632-3467451922035-3469800396036-b45365c7edcd0220272aa8a422c2b82f",
                "url_private_download": "https:\/\/files.slack.com\/files-pri\/TJE58GTJL-F02F8RBCP0E\/download\/screen_shot_2021-09-23_at_1.28.04_pm.png?t=xoxe-626178571632-3467451922035-3469800396036-b45365c7edcd0220272aa8a422c2b82f",
                "media_display_type": "unknown",
                "thumb_64": "https:\/\/files.slack.com\/files-tmb\/TJE58GTJL-F02F8RBCP0E-1fcfa2bb86\/screen_shot_2021-09-23_at_1.28.04_pm_64.png?t=xoxe-626178571632-3467451922035-3469800396036-b45365c7edcd0220272aa8a422c2b82f",
                "thumb_80": "https:\/\/files.slack.com\/files-tmb\/TJE58GTJL-F02F8RBCP0E-1fcfa2bb86\/screen_shot_2021-09-23_at_1.28.04_pm_80.png?t=xoxe-626178571632-3467451922035-3469800396036-b45365c7edcd0220272aa8a422c2b82f",
                "thumb_360": "https:\/\/files.slack.com\/files-tmb\/TJE58GTJL-F02F8RBCP0E-1fcfa2bb86\/screen_shot_2021-09-23_at_1.28.04_pm_360.png?t=xoxe-626178571632-3467451922035-3469800396036-b45365c7edcd0220272aa8a422c2b82f",
                "thumb_360_w": 360,
                "thumb_360_h": 330,
                "thumb_480": "https:\/\/files.slack.com\/files-tmb\/TJE58GTJL-F02F8RBCP0E-1fcfa2bb86\/screen_shot_2021-09-23_at_1.28.04_pm_480.png?t=xoxe-626178571632-3467451922035-3469800396036-b45365c7edcd0220272aa8a422c2b82f",
                "thumb_480_w": 480,
                "thumb_480_h": 440,
                "thumb_160": "https:\/\/files.slack.com\/files-tmb\/TJE58GTJL-F02F8RBCP0E-1fcfa2bb86\/screen_shot_2021-09-23_at_1.28.04_pm_160.png?t=xoxe-626178571632-3467451922035-3469800396036-b45365c7edcd0220272aa8a422c2b82f",
                "thumb_720": "https:\/\/files.slack.com\/files-tmb\/TJE58GTJL-F02F8RBCP0E-1fcfa2bb86\/screen_shot_2021-09-23_at_1.28.04_pm_720.png?t=xoxe-626178571632-3467451922035-3469800396036-b45365c7edcd0220272aa8a422c2b82f",
                "thumb_720_w": 720,
                "thumb_720_h": 661,
                "thumb_800": "https:\/\/files.slack.com\/files-tmb\/TJE58GTJL-F02F8RBCP0E-1fcfa2bb86\/screen_shot_2021-09-23_at_1.28.04_pm_800.png?t=xoxe-626178571632-3467451922035-3469800396036-b45365c7edcd0220272aa8a422c2b82f",
                "thumb_800_w": 800,
                "thumb_800_h": 734,
                "thumb_960": "https:\/\/files.slack.com\/files-tmb\/TJE58GTJL-F02F8RBCP0E-1fcfa2bb86\/screen_shot_2021-09-23_at_1.28.04_pm_960.png?t=xoxe-626178571632-3467451922035-3469800396036-b45365c7edcd0220272aa8a422c2b82f",
                "thumb_960_w": 960,
                "thumb_960_h": 881,
                "original_w": 1018,
                "original_h": 934,
                "thumb_tiny": "AwAsADDSPX72KTDf3v0pSOecflQMdqAFpCcdqWkYZ9PxGaAFzxmkBz2oxxjigDAoACBn7uaQAf3QPwpHxnt+NPHTigApGz2z+FLTXxgZx+NADj0pBnvn8aD0oX7o\/pQAHOeM\/hS0hAPUUBQO1AC01s9s\/hTqQgHqKADtQOnOfxpcDGMcUAADAoA\/\/9k=",
                "permalink": "https:\/\/content-career-growth.slack.com\/files\/U026R1895QV\/F02F8RBCP0E\/screen_shot_2021-09-23_at_1.28.04_pm.png",
                "permalink_public": "https:\/\/slack-files.com\/TJE58GTJL-F02F8RBCP0E-99c1a64f77",
                "is_starred": false,
                "has_rich_preview": false
            }
        ],
        "upload": false,
        "user": "U026R1895QV",
        "display_as_bot": false,
        "ts": "1632418094.150400",
        "client_msg_id": "50575672-7cb5-4363-97ef-547684264d60",
        "thread_ts": "1632414932.149700",
        "parent_user_id": "U02EA5937MM"
    },
    {
        "client_msg_id": "55b73096-a60f-4b1c-ae07-7dabeae82093",
        "type": "message",
        "text": "Thanks, <@U026R1895QV>! That’s really useful. Is that from a publicly accessible source?",
        "user": "U02EA5937MM",
        "ts": "1632419104.150600",
        "team": "TJE58GTJL",
        "user_team": "TJE58GTJL",
        "source_team": "TJE58GTJL",
        "user_profile": {
            "avatar_hash": "6d7691804435",
            "image_72": "https:\/\/avatars.slack-edge.com\/2021-09-16\/2498080127413_6d7691804435af842eab_72.jpg",
            "first_name": "Lauren",
            "real_name": "Lauren Dietlin (she\/her)",
            "display_name": "Lauren Dietlin",
            "team": "TJE58GTJL",
            "name": "lauren780",
            "is_restricted": false,
            "is_ultra_restricted": false
        },
        "blocks": [
            {
                "type": "rich_text",
                "block_id": "JBGC",
                "elements": [
                    {
                        "type": "rich_text_section",
                        "elements": [
                            {
                                "type": "text",
                                "text": "Thanks, "
                            },
                            {
                                "type": "user",
                                "user_id": "U026R1895QV"
                            },
                            {
                                "type": "text",
                                "text": "! That’s really useful. Is that from a publicly accessible source?"
                            }
                        ]
                    }
                ]
            }
        ],
        "thread_ts": "1632414932.149700",
        "parent_user_id": "U02EA5937MM"
    },
    {
        "client_msg_id": "fe7597df-397b-4d7d-ba17-5f8c6e287790",
        "type": "message",
        "text": "Yep! <https:\/\/www.salary.com\/research\/salary\/alternate\/managing-editor-salary>",
        "user": "U026R1895QV",
        "ts": "1632419150.150800",
        "team": "TJE58GTJL",
        "user_team": "TJE58GTJL",
        "source_team": "TJE58GTJL",
        "user_profile": {
            "avatar_hash": "7b31876780eb",
            "image_72": "https:\/\/avatars.slack-edge.com\/2021-10-06\/2572963931698_7b31876780ebf4079e2e_72.jpg",
            "first_name": "Carolyn",
            "real_name": "Carolyn Lyden",
            "display_name": "Carolyn Lyden (she\/her)",
            "team": "TJE58GTJL",
            "name": "lyden.carolyn",
            "is_restricted": false,
            "is_ultra_restricted": false
        },
        "attachments": [
            {
                "service_name": "Salary.com",
                "title": "Managing Editor Salary | Salary.com",
                "title_link": "https:\/\/www.salary.com\/research\/salary\/alternate\/managing-editor-salary",
                "text": "The average Managing Editor salary in the United States is $103,480 as of August 27, 2021, but the salary range typically falls between $88,720 and $120,390.",
                "fallback": "Salary.com: Managing Editor Salary | Salary.com",
                "image_url": "https:\/\/www.salary.com\/wp-content\/uploads\/2018\/02\/homepage-cover.png",
                "from_url": "https:\/\/www.salary.com\/research\/salary\/alternate\/managing-editor-salary",
                "image_width": 500,
                "image_height": 250,
                "image_bytes": 628627,
                "service_icon": "https:\/\/www.salary.com\/favicon.ico",
                "id": 1,
                "original_url": "https:\/\/www.salary.com\/research\/salary\/alternate\/managing-editor-salary"
            }
        ],
        "blocks": [
            {
                "type": "rich_text",
                "block_id": "yD0",
                "elements": [
                    {
                        "type": "rich_text_section",
                        "elements": [
                            {
                                "type": "text",
                                "text": "Yep! "
                            },
                            {
                                "type": "link",
                                "url": "https:\/\/www.salary.com\/research\/salary\/alternate\/managing-editor-salary"
                            }
                        ]
                    }
                ]
            }
        ],
        "thread_ts": "1632414932.149700",
        "parent_user_id": "U02EA5937MM"
    },
    {
        "client_msg_id": "908979fc-bec9-4ee4-8d5d-56453fc64241",
        "type": "message",
        "text": "Thanks so much",
        "user": "U02EA5937MM",
        "ts": "1632420051.151100",
        "team": "TJE58GTJL",
        "user_team": "TJE58GTJL",
        "source_team": "TJE58GTJL",
        "user_profile": {
            "avatar_hash": "6d7691804435",
            "image_72": "https:\/\/avatars.slack-edge.com\/2021-09-16\/2498080127413_6d7691804435af842eab_72.jpg",
            "first_name": "Lauren",
            "real_name": "Lauren Dietlin (she\/her)",
            "display_name": "Lauren Dietlin",
            "team": "TJE58GTJL",
            "name": "lauren780",
            "is_restricted": false,
            "is_ultra_restricted": false
        },
        "blocks": [
            {
                "type": "rich_text",
                "block_id": "e5gS",
                "elements": [
                    {
                        "type": "rich_text_section",
                        "elements": [
                            {
                                "type": "text",
                                "text": "Thanks so much"
                            }
                        ]
                    }
                ]
            }
        ],
        "thread_ts": "1632414932.149700",
        "parent_user_id": "U02EA5937MM"
    },
    {
        "client_msg_id": "0dd7222d-2146-4b8e-853f-4c171975fb87",
        "type": "message",
        "text": "any time!",
        "user": "U026R1895QV",
        "ts": "1632420213.151300",
        "team": "TJE58GTJL",
        "user_team": "TJE58GTJL",
        "source_team": "TJE58GTJL",
        "user_profile": {
            "avatar_hash": "7b31876780eb",
            "image_72": "https:\/\/avatars.slack-edge.com\/2021-10-06\/2572963931698_7b31876780ebf4079e2e_72.jpg",
            "first_name": "Carolyn",
            "real_name": "Carolyn Lyden",
            "display_name": "Carolyn Lyden (she\/her)",
            "team": "TJE58GTJL",
            "name": "lyden.carolyn",
            "is_restricted": false,
            "is_ultra_restricted": false
        },
        "blocks": [
            {
                "type": "rich_text",
                "block_id": "IRK",
                "elements": [
                    {
                        "type": "rich_text_section",
                        "elements": [
                            {
                                "type": "text",
                                "text": "any time!"
                            }
                        ]
                    }
                ]
            }
        ],
        "thread_ts": "1632414932.149700",
        "parent_user_id": "U02EA5937MM"
    },
    {
        "client_msg_id": "922cd575-931d-4bcc-bd9e-adcfb069e5c7",
        "type": "message",
        "text": "When your agency or your business works with an external media buying agency, are campaign setup fees typically the same as the monthly management fee? I was under the impression that the setup fees would be less than the the monthly management fee, but I'm getting conflicting info there.",
        "user": "U02CJS84J1X",
        "ts": "1632422638.154200",
        "team": "TJE58GTJL",
        "user_team": "TJE58GTJL",
        "source_team": "TJE58GTJL",
        "user_profile": {
            "avatar_hash": "6aa51266aac7",
            "image_72": "https:\/\/avatars.slack-edge.com\/2021-08-24\/2414606272035_6aa51266aac70cd9a438_72.jpg",
            "first_name": "Matthew",
            "real_name": "Matthew Vermillion",
            "display_name": "Matthew Vermillion",
            "team": "TJE58GTJL",
            "name": "matthew982",
            "is_restricted": false,
            "is_ultra_restricted": false
        },
        "blocks": [
            {
                "type": "rich_text",
                "block_id": "jbQ",
                "elements": [
                    {
                        "type": "rich_text_section",
                        "elements": [
                            {
                                "type": "text",
                                "text": "When your agency or your business works with an external media buying agency, are campaign setup fees typically the same as the monthly management fee? I was under the impression that the setup fees would be less than the the monthly management fee, but I'm getting conflicting info there."
                            }
                        ]
                    }
                ]
            }
        ]
    },
    {
        "client_msg_id": "A51D6D17-D984-4CFE-B0C7-C938E6B06A92",
        "type": "message",
        "text": "My in-house experience as a managing edition (remote) suggests closer to the 80-90K range. Six figures seems a little high, but it's amazing if you can swing it!",
        "user": "U024K88ECFN",
        "ts": "1632434972.158100",
        "team": "TJE58GTJL",
        "user_team": "TJE58GTJL",
        "source_team": "TJE58GTJL",
        "user_profile": {
            "avatar_hash": "00c4a04080e3",
            "image_72": "https:\/\/avatars.slack-edge.com\/2022-03-23\/3286590119379_00c4a04080e367a58cfc_72.png",
            "first_name": "Rebekah",
            "real_name": "Rebekah Edwards",
            "display_name": "Rebekah Edwards",
            "team": "TJE58GTJL",
            "name": "rebekah473",
            "is_restricted": false,
            "is_ultra_restricted": false
        },
        "blocks": [
            {
                "type": "rich_text",
                "block_id": "G9rF",
                "elements": [
                    {
                        "type": "rich_text_section",
                        "elements": [
                            {
                                "type": "text",
                                "text": "My in-house experience as a managing edition (remote) suggests closer to the 80-90K range. Six figures seems a little high, but it's amazing if you can swing it!"
                            }
                        ]
                    }
                ]
            }
        ],
        "thread_ts": "1632414932.149700",
        "parent_user_id": "U02EA5937MM",
        "reactions": [
            {
                "name": "+1",
                "users": [
                    "U02EA5937MM",
                    "U011QQDDSJV"
                ],
                "count": 2
            }
        ]
    },
    {
        "client_msg_id": "07E2FE06-E812-4125-9E50-3FDAB42F1059",
        "type": "message",
        "text": "To clarify, I do own an agency — we don't have a managing editor but that would likely be our range. With benefits, I can see the package hitting 100K",
        "user": "U024K88ECFN",
        "ts": "1632435050.159100",
        "team": "TJE58GTJL",
        "user_team": "TJE58GTJL",
        "source_team": "TJE58GTJL",
        "user_profile": {
            "avatar_hash": "00c4a04080e3",
            "image_72": "https:\/\/avatars.slack-edge.com\/2022-03-23\/3286590119379_00c4a04080e367a58cfc_72.png",
            "first_name": "Rebekah",
            "real_name": "Rebekah Edwards",
            "display_name": "Rebekah Edwards",
            "team": "TJE58GTJL",
            "name": "rebekah473",
            "is_restricted": false,
            "is_ultra_restricted": false
        },
        "blocks": [
            {
                "type": "rich_text",
                "block_id": "WIL\/O",
                "elements": [
                    {
                        "type": "rich_text_section",
                        "elements": [
                            {
                                "type": "text",
                                "text": "To clarify, I do own an agency — we don't have a managing editor but that would likely be our range. With benefits, I can see the package hitting 100K"
                            }
                        ]
                    }
                ]
            }
        ],
        "thread_ts": "1632414932.149700",
        "parent_user_id": "U02EA5937MM",
        "reactions": [
            {
                "name": "+1",
                "users": [
                    "U02EA5937MM"
                ],
                "count": 1
            }
        ]
    },
    {
        "client_msg_id": "b01bedea-3f53-42bf-9a17-7edc8b61ccbd",
        "type": "message",
        "text": "A startup founder contacted me needing help with content marketing and PR, don't have the bandwidth for this, but if you're interested reach out to: <https:\/\/www.linkedin.com\/in\/healthmarketingtoday\/>",
        "user": "U0166H7KUAZ",
        "ts": "1632436299.159400",
        "team": "TJE58GTJL",
        "user_team": "TJE58GTJL",
        "source_team": "TJE58GTJL",
        "user_profile": {
            "avatar_hash": "f58be1456496",
            "image_72": "https:\/\/avatars.slack-edge.com\/2020-06-29\/1197308509671_f58be1456496f374b7ea_72.jpg",
            "first_name": "",
            "real_name": "Phillip Paquette",
            "display_name": "Phillip Paquette",
            "team": "TJE58GTJL",
            "name": "phillippaquette",
            "is_restricted": false,
            "is_ultra_restricted": false
        },
        "blocks": [
            {
                "type": "rich_text",
                "block_id": "Hvs",
                "elements": [
                    {
                        "type": "rich_text_section",
                        "elements": [
                            {
                                "type": "text",
                                "text": "A startup founder contacted me needing help with content marketing and PR, don't have the bandwidth for this, but if you're interested reach out to: "
                            },
                            {
                                "type": "link",
                                "url": "https:\/\/www.linkedin.com\/in\/healthmarketingtoday\/"
                            }
                        ]
                    }
                ]
            }
        ],
        "reactions": [
            {
                "name": "eyes",
                "users": [
                    "U022NPEBM18",
                    "U024K88ECFN"
                ],
                "count": 2
            }
        ]
    }
]