[
    {
        "client_msg_id": "a32f4abc-7b32-47fe-bfba-dc865665562b",
        "type": "message",
        "text": "Q for y'all: I have a contractor who doesn't have an invoicing system and wants me to pay via Venmo. How have you handled that? Did you sign up for a Venmo Business account since B2B transactions are not technically allowed in Venmo? Did you go another route?",
        "user": "U02CJS84J1X",
        "ts": "1637782855.119000",
        "team": "TJE58GTJL",
        "user_team": "TJE58GTJL",
        "source_team": "TJE58GTJL",
        "user_profile": {
            "avatar_hash": "6aa51266aac7",
            "image_72": "https:\/\/avatars.slack-edge.com\/2021-08-24\/2414606272035_6aa51266aac70cd9a438_72.jpg",
            "first_name": "Matthew",
            "real_name": "Matthew Vermillion",
            "display_name": "Matthew Vermillion",
            "team": "TJE58GTJL",
            "name": "matthew982",
            "is_restricted": false,
            "is_ultra_restricted": false
        },
        "blocks": [
            {
                "type": "rich_text",
                "block_id": "tjzF",
                "elements": [
                    {
                        "type": "rich_text_section",
                        "elements": [
                            {
                                "type": "text",
                                "text": "Q for y'all: I have a contractor who doesn't have an invoicing system and wants me to pay via Venmo. How have you handled that? Did you sign up for a Venmo Business account since B2B transactions are not technically allowed in Venmo? Did you go another route?"
                            }
                        ]
                    }
                ]
            }
        ],
        "thread_ts": "1637782855.119000",
        "reply_count": 4,
        "reply_users_count": 3,
        "latest_reply": "1638069814.137200",
        "reply_users": [
            "U024K88ECFN",
            "U02CJS84J1X",
            "U01P13NTGG6"
        ],
        "replies": [
            {
                "user": "U024K88ECFN",
                "ts": "1637784631.121100"
            },
            {
                "user": "U02CJS84J1X",
                "ts": "1637785401.121300"
            },
            {
                "user": "U024K88ECFN",
                "ts": "1637786850.122700"
            },
            {
                "user": "U01P13NTGG6",
                "ts": "1638069814.137200"
            }
        ],
        "is_locked": false,
        "subscribed": false
    },
    {
        "client_msg_id": "30C73CAF-4FE9-4119-B2D4-D171292C3B80",
        "type": "message",
        "text": "We just ran into this — we've said we'll do one transaction in Venmo or Cash app for a test piece, but after that they must either take direct deposit or start invoicing us in a system that takes credit card payments. It's also what I was told as a freelancer so as far as I'm aware, that's fairly standard. ",
        "user": "U024K88ECFN",
        "ts": "1637784631.121100",
        "team": "TJE58GTJL",
        "user_team": "TJE58GTJL",
        "source_team": "TJE58GTJL",
        "user_profile": {
            "avatar_hash": "00c4a04080e3",
            "image_72": "https:\/\/avatars.slack-edge.com\/2022-03-23\/3286590119379_00c4a04080e367a58cfc_72.png",
            "first_name": "Rebekah",
            "real_name": "Rebekah Edwards",
            "display_name": "Rebekah Edwards",
            "team": "TJE58GTJL",
            "name": "rebekah473",
            "is_restricted": false,
            "is_ultra_restricted": false
        },
        "blocks": [
            {
                "type": "rich_text",
                "block_id": "NOBm+",
                "elements": [
                    {
                        "type": "rich_text_section",
                        "elements": [
                            {
                                "type": "text",
                                "text": "We just ran into this — we've said we'll do one transaction in Venmo or Cash app for a test piece, but after that they must either take direct deposit or start invoicing us in a system that takes credit card payments. It's also what I was told as a freelancer so as far as I'm aware, that's fairly standard. "
                            }
                        ]
                    }
                ]
            }
        ],
        "thread_ts": "1637782855.119000",
        "parent_user_id": "U02CJS84J1X",
        "reactions": [
            {
                "name": "+1",
                "users": [
                    "U02NFLN97M3"
                ],
                "count": 1
            }
        ]
    },
    {
        "client_msg_id": "61553e13-46f2-4770-ae04-57cc72838feb",
        "type": "message",
        "text": "<@U024K88ECFN> Awesome, thanks for that insight! I wanted to make sure I wasn't crazy in thinking they should be using an invoice system.",
        "user": "U02CJS84J1X",
        "ts": "1637785401.121300",
        "team": "TJE58GTJL",
        "user_team": "TJE58GTJL",
        "source_team": "TJE58GTJL",
        "user_profile": {
            "avatar_hash": "6aa51266aac7",
            "image_72": "https:\/\/avatars.slack-edge.com\/2021-08-24\/2414606272035_6aa51266aac70cd9a438_72.jpg",
            "first_name": "Matthew",
            "real_name": "Matthew Vermillion",
            "display_name": "Matthew Vermillion",
            "team": "TJE58GTJL",
            "name": "matthew982",
            "is_restricted": false,
            "is_ultra_restricted": false
        },
        "blocks": [
            {
                "type": "rich_text",
                "block_id": "4aEs",
                "elements": [
                    {
                        "type": "rich_text_section",
                        "elements": [
                            {
                                "type": "user",
                                "user_id": "U024K88ECFN"
                            },
                            {
                                "type": "text",
                                "text": " Awesome, thanks for that insight! I wanted to make sure I wasn't crazy in thinking they should be using an invoice system."
                            }
                        ]
                    }
                ]
            }
        ],
        "thread_ts": "1637782855.119000",
        "parent_user_id": "U02CJS84J1X",
        "reactions": [
            {
                "name": "hearts",
                "users": [
                    "U024K88ECFN"
                ],
                "count": 1
            }
        ]
    },
    {
        "client_msg_id": "19F7F70A-A56D-4C8E-988F-DB336949958B",
        "type": "message",
        "text": "No problem! We try to be accommodating but we also use a system we can also reasonably scale. :woman-shrugging::skin-tone-2::relaxed:",
        "user": "U024K88ECFN",
        "ts": "1637786850.122700",
        "team": "TJE58GTJL",
        "user_team": "TJE58GTJL",
        "source_team": "TJE58GTJL",
        "user_profile": {
            "avatar_hash": "00c4a04080e3",
            "image_72": "https:\/\/avatars.slack-edge.com\/2022-03-23\/3286590119379_00c4a04080e367a58cfc_72.png",
            "first_name": "Rebekah",
            "real_name": "Rebekah Edwards",
            "display_name": "Rebekah Edwards",
            "team": "TJE58GTJL",
            "name": "rebekah473",
            "is_restricted": false,
            "is_ultra_restricted": false
        },
        "blocks": [
            {
                "type": "rich_text",
                "block_id": "SDBf",
                "elements": [
                    {
                        "type": "rich_text_section",
                        "elements": [
                            {
                                "type": "text",
                                "text": "No problem! We try to be accommodating but we also use a system we can also reasonably scale. "
                            },
                            {
                                "type": "emoji",
                                "name": "woman-shrugging",
                                "skin_tone": 2
                            },
                            {
                                "type": "emoji",
                                "name": "relaxed"
                            }
                        ]
                    }
                ]
            }
        ],
        "thread_ts": "1637782855.119000",
        "parent_user_id": "U02CJS84J1X"
    }
]