[
    {
        "client_msg_id": "e52ba2c7-9e39-4a86-ba9c-9b73e394cfe2",
        "type": "message",
        "text": "I would like to listen in on this conversation. :sweat_smile:",
        "user": "U0241GTJEDC",
        "ts": "1633615444.228300",
        "team": "TJE58GTJL",
        "user_team": "TJE58GTJL",
        "source_team": "TJE58GTJL",
        "user_profile": {
            "avatar_hash": "536d8eb0424e",
            "image_72": "https:\/\/avatars.slack-edge.com\/2021-06-07\/2130419106119_536d8eb0424e890966a3_72.jpg",
            "first_name": "Kaleigh",
            "real_name": "Kaleigh Cox",
            "display_name": "Kaleigh Cox",
            "team": "TJE58GTJL",
            "name": "kaleighcoxwriter",
            "is_restricted": false,
            "is_ultra_restricted": false
        },
        "blocks": [
            {
                "type": "rich_text",
                "block_id": "p9v",
                "elements": [
                    {
                        "type": "rich_text_section",
                        "elements": [
                            {
                                "type": "text",
                                "text": "I would like to listen in on this conversation. "
                            },
                            {
                                "type": "emoji",
                                "name": "sweat_smile"
                            }
                        ]
                    }
                ]
            }
        ],
        "thread_ts": "1633553107.223400",
        "parent_user_id": "U01N4EQQTL6"
    }
]