[
    {
        "client_msg_id": "1e4da9f3-b2d7-4334-adfa-682cd724abf4",
        "type": "message",
        "text": "Hi friends, I´m Daniel Kupka and I run <http:\/\/frontpagedata.com|frontpagedata.com>.\n\nWe’re a collection of writers and data scientists, that are obsessed with creating and spreading quality, data-driven information. To us, talking about data, analyzing and visualizing it, and turning it into content is the most interesting job in the world.\n\nExcited to learn and share with you about agency operations, sales and finance!",
        "user": "U0227HT9YRF",
        "ts": "1622194208.038100",
        "team": "TJE58GTJL",
        "user_team": "TJE58GTJL",
        "source_team": "TJE58GTJL",
        "user_profile": {
            "avatar_hash": "2718c7484a5e",
            "image_72": "https:\/\/avatars.slack-edge.com\/2021-05-13\/2048969125879_2718c7484a5e30b53f00_72.jpg",
            "first_name": "",
            "real_name": "Daniel Kupka",
            "display_name": "Daniel Kupka",
            "team": "TJE58GTJL",
            "name": "daniel.kupka",
            "is_restricted": false,
            "is_ultra_restricted": false
        },
        "blocks": [
            {
                "type": "rich_text",
                "block_id": "=SxUO",
                "elements": [
                    {
                        "type": "rich_text_section",
                        "elements": [
                            {
                                "type": "text",
                                "text": "Hi friends, I´m Daniel Kupka and I run "
                            },
                            {
                                "type": "link",
                                "url": "http:\/\/frontpagedata.com",
                                "text": "frontpagedata.com"
                            },
                            {
                                "type": "text",
                                "text": ".\n\nWe’re a collection of writers and data scientists, that are obsessed with creating and spreading quality, data-driven information. To us, talking about data, analyzing and visualizing it, and turning it into content is the most interesting job in the world.\n\nExcited to learn and share with you about agency operations, sales and finance!"
                            }
                        ]
                    }
                ]
            }
        ],
        "thread_ts": "1621358466.003000",
        "parent_user_id": "U01T06G8NAC",
        "reactions": [
            {
                "name": "100",
                "users": [
                    "U024K88ECFN"
                ],
                "count": 1
            }
        ]
    }
]