[
    {
        "client_msg_id": "aa03a1f9-e505-4417-9dc2-9792850473ed",
        "type": "message",
        "text": "<@U029G4HMVFH> this thread :slightly_smiling_face:",
        "user": "U028XDRBC3U",
        "ts": "1629996740.000500",
        "team": "TJE58GTJL",
        "user_team": "TJE58GTJL",
        "source_team": "TJE58GTJL",
        "user_profile": {
            "avatar_hash": "134f353b3c11",
            "image_72": "https:\/\/avatars.slack-edge.com\/2021-07-22\/2300674519413_134f353b3c11d2455cfd_72.png",
            "first_name": "",
            "real_name": "Carla Andre-Brown",
            "display_name": "Carla Andre-Brown",
            "team": "TJE58GTJL",
            "name": "carlaa",
            "is_restricted": false,
            "is_ultra_restricted": false
        },
        "blocks": [
            {
                "type": "rich_text",
                "block_id": "tnmp",
                "elements": [
                    {
                        "type": "rich_text_section",
                        "elements": [
                            {
                                "type": "user",
                                "user_id": "U029G4HMVFH"
                            },
                            {
                                "type": "text",
                                "text": " this thread "
                            },
                            {
                                "type": "emoji",
                                "name": "slightly_smiling_face"
                            }
                        ]
                    }
                ]
            }
        ],
        "thread_ts": "1628876642.030500",
        "parent_user_id": "U01NM31CTFU"
    },
    {
        "client_msg_id": "fa6acfd5-dc7f-4058-b603-85ecdaa46da7",
        "type": "message",
        "text": "Thank you, Carla! :slightly_smiling_face:",
        "user": "U029G4HMVFH",
        "ts": "1630000734.001000",
        "team": "TJE58GTJL",
        "user_team": "TJE58GTJL",
        "source_team": "TJE58GTJL",
        "user_profile": {
            "avatar_hash": "g3658f2e77d2",
            "image_72": "https:\/\/secure.gravatar.com\/avatar\/3658f2e77d2ef686075e311dd42efe41.jpg?s=72&d=https%3A%2F%2Fa.slack-edge.com%2Fdf10d%2Fimg%2Favatars%2Fava_0001-72.png",
            "first_name": "",
            "real_name": "Anastasia Kryzhanovska",
            "display_name": "",
            "team": "TJE58GTJL",
            "name": "missanastasiakr",
            "is_restricted": false,
            "is_ultra_restricted": false
        },
        "blocks": [
            {
                "type": "rich_text",
                "block_id": "Qbe",
                "elements": [
                    {
                        "type": "rich_text_section",
                        "elements": [
                            {
                                "type": "text",
                                "text": "Thank you, Carla! "
                            },
                            {
                                "type": "emoji",
                                "name": "slightly_smiling_face"
                            }
                        ]
                    }
                ]
            }
        ],
        "thread_ts": "1628876642.030500",
        "parent_user_id": "U01NM31CTFU"
    }
]