[
    {
        "client_msg_id": "7d2c0c77-e917-4732-9cf2-d2c93dcea7b1",
        "type": "message",
        "text": "Sorry for the super-delayed reply! Our unofficial motto is that we make clients' lives easier. We also work really hard to create a community that supports our team in building the lives they want to lead.",
        "user": "U01NJ39M36K",
        "ts": "1624988467.088100",
        "team": "TJE58GTJL",
        "user_team": "TJE58GTJL",
        "source_team": "TJE58GTJL",
        "user_profile": {
            "avatar_hash": "4f5786a722ae",
            "image_72": "https:\/\/avatars.slack-edge.com\/2021-02-23\/1798556587425_4f5786a722aed9751baf_72.jpg",
            "first_name": "Michaela",
            "real_name": "Michaela Cavallaro",
            "display_name": "Michaela Cavallaro",
            "team": "TJE58GTJL",
            "name": "michaela",
            "is_restricted": false,
            "is_ultra_restricted": false
        },
        "blocks": [
            {
                "type": "rich_text",
                "block_id": "2+3hx",
                "elements": [
                    {
                        "type": "rich_text_section",
                        "elements": [
                            {
                                "type": "text",
                                "text": "Sorry for the super-delayed reply! Our unofficial motto is that we make clients' lives easier. We also work really hard to create a community that supports our team in building the lives they want to lead."
                            }
                        ]
                    }
                ]
            }
        ],
        "thread_ts": "1623423652.066100",
        "parent_user_id": "U024K88ECFN"
    }
]