[
    {
        "client_msg_id": "fc68ef11-f483-4982-b992-c308e0610ee8",
        "type": "message",
        "text": "Hey all, question (if this is the wrong channel I’m new to this community so tell me and I’ll relocate the message :slightly_smiling_face: ) My agency is looking to move to a new content scheduling workflow to support growth. Anybody in here have experience with Airtable? I know Superpath is a partner with them. Would love to chat about workflow, automations, etc. Thanks in advance! - Jeremy",
        "user": "U02DR25115J",
        "ts": "1631645451.090600",
        "team": "TJE58GTJL",
        "user_team": "TJE58GTJL",
        "source_team": "TJE58GTJL",
        "user_profile": {
            "avatar_hash": "6e8b16d015f7",
            "image_72": "https:\/\/avatars.slack-edge.com\/2021-09-10\/2502045859968_6e8b16d015f7c0d6a462_72.jpg",
            "first_name": "Jeremy",
            "real_name": "Jeremy Francese",
            "display_name": "Jeremy Francese",
            "team": "TJE58GTJL",
            "name": "jeremy360",
            "is_restricted": false,
            "is_ultra_restricted": false
        },
        "edited": {
            "user": "U02DR25115J",
            "ts": "1631645996.000000"
        },
        "blocks": [
            {
                "type": "rich_text",
                "block_id": "Rjw",
                "elements": [
                    {
                        "type": "rich_text_section",
                        "elements": [
                            {
                                "type": "text",
                                "text": "Hey all, question (if this is the wrong channel I’m new to this community so tell me and I’ll relocate the message "
                            },
                            {
                                "type": "emoji",
                                "name": "slightly_smiling_face"
                            },
                            {
                                "type": "text",
                                "text": " ) My agency is looking to move to a new content scheduling workflow to support growth. Anybody in here have experience with Airtable? I know Superpath is a partner with them. Would love to chat about workflow, automations, etc. Thanks in advance! - Jeremy"
                            }
                        ]
                    }
                ]
            }
        ],
        "thread_ts": "1631645451.090600",
        "reply_count": 16,
        "reply_users_count": 6,
        "latest_reply": "1631725365.098900",
        "reply_users": [
            "U02EDRV5134",
            "U02DR25115J",
            "UJG9WTEKG",
            "U016V6EHYMA",
            "U022NPEBM18",
            "U011QQDDSJV"
        ],
        "replies": [
            {
                "user": "U02EDRV5134",
                "ts": "1631653998.091100"
            },
            {
                "user": "U02EDRV5134",
                "ts": "1631654029.091300"
            },
            {
                "user": "U02EDRV5134",
                "ts": "1631654128.091500"
            },
            {
                "user": "U02EDRV5134",
                "ts": "1631654239.091700"
            },
            {
                "user": "U02DR25115J",
                "ts": "1631655950.091900"
            },
            {
                "user": "U02DR25115J",
                "ts": "1631655982.092100"
            },
            {
                "user": "UJG9WTEKG",
                "ts": "1631656107.092300"
            },
            {
                "user": "UJG9WTEKG",
                "ts": "1631656121.092500"
            },
            {
                "user": "U02EDRV5134",
                "ts": "1631656437.092700"
            },
            {
                "user": "U02EDRV5134",
                "ts": "1631656479.092900"
            },
            {
                "user": "UJG9WTEKG",
                "ts": "1631656625.093100"
            },
            {
                "user": "U02EDRV5134",
                "ts": "1631656665.093500"
            },
            {
                "user": "U016V6EHYMA",
                "ts": "1631657651.093900"
            },
            {
                "user": "U02DR25115J",
                "ts": "1631658497.094200"
            },
            {
                "user": "U022NPEBM18",
                "ts": "1631703803.094500"
            },
            {
                "user": "U011QQDDSJV",
                "ts": "1631725365.098900"
            }
        ],
        "is_locked": false,
        "subscribed": true,
        "last_read": "1631725365.098900"
    },
    {
        "client_msg_id": "5d7cc4dc-9fa2-47d7-898c-1827d3acacc8",
        "type": "message",
        "text": "Hey Jessie - would love to help (i run a full service agency out of DC). Could you share the following so I can best give ya some tips. What role does your client play in the process? Are you doing the copywriting, scheduling, and community management? Is it a dual effort? Do the clients need to review copy\/creative before it’s shipped or is it pretty relaxed in that you can push content out without much client involvement? If all the work is behind the scenes it can be done differently then if there is predictable client involvement (meaning you need to think about how it integrates with each client) Thanks! - Jeremy",
        "user": "U02DR25115J",
        "ts": "1631646114.090800",
        "team": "TJE58GTJL",
        "user_team": "TJE58GTJL",
        "source_team": "TJE58GTJL",
        "user_profile": {
            "avatar_hash": "6e8b16d015f7",
            "image_72": "https:\/\/avatars.slack-edge.com\/2021-09-10\/2502045859968_6e8b16d015f7c0d6a462_72.jpg",
            "first_name": "Jeremy",
            "real_name": "Jeremy Francese",
            "display_name": "Jeremy Francese",
            "team": "TJE58GTJL",
            "name": "jeremy360",
            "is_restricted": false,
            "is_ultra_restricted": false
        },
        "edited": {
            "user": "U02DR25115J",
            "ts": "1631646180.000000"
        },
        "blocks": [
            {
                "type": "rich_text",
                "block_id": "1WPV",
                "elements": [
                    {
                        "type": "rich_text_section",
                        "elements": [
                            {
                                "type": "text",
                                "text": "Hey Jessie - would love to help (i run a full service agency out of DC). Could you share the following so I can best give ya some tips. What role does your client play in the process? Are you doing the copywriting, scheduling, and community management? Is it a dual effort? Do the clients need to review copy\/creative before it’s shipped or is it pretty relaxed in that you can push content out without much client involvement? If all the work is behind the scenes it can be done differently then if there is predictable client involvement (meaning you need to think about how it integrates with each client) Thanks! - Jeremy"
                            }
                        ]
                    }
                ]
            }
        ],
        "thread_ts": "1631547616.084700",
        "parent_user_id": "U0113AV4895"
    },
    {
        "client_msg_id": "1a10af91-3557-41cd-9af9-6bd91bbe468e",
        "type": "message",
        "text": "I currently work with Airtable for my current client",
        "user": "U02EDRV5134",
        "ts": "1631653998.091100",
        "team": "TJE58GTJL",
        "user_team": "TJE58GTJL",
        "source_team": "TJE58GTJL",
        "user_profile": {
            "avatar_hash": "64a9ff73874f",
            "image_72": "https:\/\/avatars.slack-edge.com\/2021-09-14\/2490171405506_64a9ff73874f0a5b23e1_72.jpg",
            "first_name": "Ashley",
            "real_name": "Ashley Campusano",
            "display_name": "Ashley of KitCatCopy",
            "team": "TJE58GTJL",
            "name": "kitcatcopy",
            "is_restricted": false,
            "is_ultra_restricted": false
        },
        "blocks": [
            {
                "type": "rich_text",
                "block_id": "OxIG",
                "elements": [
                    {
                        "type": "rich_text_section",
                        "elements": [
                            {
                                "type": "text",
                                "text": "I currently work with Airtable for my current client"
                            }
                        ]
                    }
                ]
            }
        ],
        "thread_ts": "1631645451.090600",
        "parent_user_id": "U02DR25115J"
    },
    {
        "client_msg_id": "25bdedf7-5a56-48d3-8b6d-d0563e46f516",
        "type": "message",
        "text": "I personally like it. Keeps everything nice and neat, you can add notes in designated areas so nothing gets muddied up and it allows you to \"check\" things that get finished",
        "user": "U02EDRV5134",
        "ts": "1631654029.091300",
        "team": "TJE58GTJL",
        "user_team": "TJE58GTJL",
        "source_team": "TJE58GTJL",
        "user_profile": {
            "avatar_hash": "64a9ff73874f",
            "image_72": "https:\/\/avatars.slack-edge.com\/2021-09-14\/2490171405506_64a9ff73874f0a5b23e1_72.jpg",
            "first_name": "Ashley",
            "real_name": "Ashley Campusano",
            "display_name": "Ashley of KitCatCopy",
            "team": "TJE58GTJL",
            "name": "kitcatcopy",
            "is_restricted": false,
            "is_ultra_restricted": false
        },
        "blocks": [
            {
                "type": "rich_text",
                "block_id": "4q85",
                "elements": [
                    {
                        "type": "rich_text_section",
                        "elements": [
                            {
                                "type": "text",
                                "text": "I personally like it. Keeps everything nice and neat, you can add notes in designated areas so nothing gets muddied up and it allows you to \"check\" things that get finished"
                            }
                        ]
                    }
                ]
            }
        ],
        "thread_ts": "1631645451.090600",
        "parent_user_id": "U02DR25115J"
    },
    {
        "client_msg_id": "97b2a518-9f61-4919-bd12-2a5e5bcc6a63",
        "type": "message",
        "text": "I've also worked with Trello, Asana, ClickUp, and Monday.\n\nIf I had to rank them, I'd put them in this order:\n\nClickUp\nAirtable\nTrello\nAsana\nMonday",
        "user": "U02EDRV5134",
        "ts": "1631654128.091500",
        "team": "TJE58GTJL",
        "user_team": "TJE58GTJL",
        "source_team": "TJE58GTJL",
        "user_profile": {
            "avatar_hash": "64a9ff73874f",
            "image_72": "https:\/\/avatars.slack-edge.com\/2021-09-14\/2490171405506_64a9ff73874f0a5b23e1_72.jpg",
            "first_name": "Ashley",
            "real_name": "Ashley Campusano",
            "display_name": "Ashley of KitCatCopy",
            "team": "TJE58GTJL",
            "name": "kitcatcopy",
            "is_restricted": false,
            "is_ultra_restricted": false
        },
        "blocks": [
            {
                "type": "rich_text",
                "block_id": "0fD",
                "elements": [
                    {
                        "type": "rich_text_section",
                        "elements": [
                            {
                                "type": "text",
                                "text": "I've also worked with Trello, Asana, ClickUp, and Monday.\n\nIf I had to rank them, I'd put them in this order:\n\nClickUp\nAirtable\nTrello\nAsana\nMonday"
                            }
                        ]
                    }
                ]
            }
        ],
        "thread_ts": "1631645451.090600",
        "parent_user_id": "U02DR25115J"
    },
    {
        "client_msg_id": "da23fd09-2a74-461c-a5b3-672385ed3ea7",
        "type": "message",
        "text": "I like ClickUp only if you know how to write short and sweet instructions that don't need to be deeply explained.\n\nAirtable is great for getting across a lot of info but want to keep things neat and organized.\n\nTrello I think would be great for small teams - I don't really know how it would be with larger ones.\n\nAsana is ok. I wasn't too big a fan but that could just be because I'm not super tech savvy with these kind of platforms.\n\nMonday was....a mess lol",
        "user": "U02EDRV5134",
        "ts": "1631654239.091700",
        "team": "TJE58GTJL",
        "user_team": "TJE58GTJL",
        "source_team": "TJE58GTJL",
        "user_profile": {
            "avatar_hash": "64a9ff73874f",
            "image_72": "https:\/\/avatars.slack-edge.com\/2021-09-14\/2490171405506_64a9ff73874f0a5b23e1_72.jpg",
            "first_name": "Ashley",
            "real_name": "Ashley Campusano",
            "display_name": "Ashley of KitCatCopy",
            "team": "TJE58GTJL",
            "name": "kitcatcopy",
            "is_restricted": false,
            "is_ultra_restricted": false
        },
        "blocks": [
            {
                "type": "rich_text",
                "block_id": "m\/c17",
                "elements": [
                    {
                        "type": "rich_text_section",
                        "elements": [
                            {
                                "type": "text",
                                "text": "I like ClickUp only if you know how to write short and sweet instructions that don't need to be deeply explained.\n\nAirtable is great for getting across a lot of info but want to keep things neat and organized.\n\nTrello I think would be great for small teams - I don't really know how it would be with larger ones.\n\nAsana is ok. I wasn't too big a fan but that could just be because I'm not super tech savvy with these kind of platforms.\n\nMonday was....a mess lol"
                            }
                        ]
                    }
                ]
            }
        ],
        "thread_ts": "1631645451.090600",
        "parent_user_id": "U02DR25115J"
    },
    {
        "client_msg_id": "053ca2e3-ecc7-4073-abd5-854099cc1eef",
        "type": "message",
        "text": "I appreciate that! So we use CLickUp for Task Management and the rest of our workflow in Microsoft echosystem (Teams for chat and collaboration). The purpose for us moving to Airtable would solely be for content scheduling and setting up automation for content distribution. Are you using Airtable for that function currently?",
        "user": "U02DR25115J",
        "ts": "1631655950.091900",
        "team": "TJE58GTJL",
        "user_team": "TJE58GTJL",
        "source_team": "TJE58GTJL",
        "user_profile": {
            "avatar_hash": "6e8b16d015f7",
            "image_72": "https:\/\/avatars.slack-edge.com\/2021-09-10\/2502045859968_6e8b16d015f7c0d6a462_72.jpg",
            "first_name": "Jeremy",
            "real_name": "Jeremy Francese",
            "display_name": "Jeremy Francese",
            "team": "TJE58GTJL",
            "name": "jeremy360",
            "is_restricted": false,
            "is_ultra_restricted": false
        },
        "blocks": [
            {
                "type": "rich_text",
                "block_id": "9LpD",
                "elements": [
                    {
                        "type": "rich_text_section",
                        "elements": [
                            {
                                "type": "text",
                                "text": "I appreciate that! So we use CLickUp for Task Management and the rest of our workflow in Microsoft echosystem (Teams for chat and collaboration). The purpose for us moving to Airtable would solely be for content scheduling and setting up automation for content distribution. Are you using Airtable for that function currently?"
                            }
                        ]
                    }
                ]
            }
        ],
        "thread_ts": "1631645451.090600",
        "parent_user_id": "U02DR25115J"
    },
    {
        "client_msg_id": "9fb6b6a3-d2e8-4d87-b247-461e99fd16c7",
        "type": "message",
        "text": "And yeah, I have clients using Asana and think it pretty bad lol",
        "user": "U02DR25115J",
        "ts": "1631655982.092100",
        "team": "TJE58GTJL",
        "user_team": "TJE58GTJL",
        "source_team": "TJE58GTJL",
        "user_profile": {
            "avatar_hash": "6e8b16d015f7",
            "image_72": "https:\/\/avatars.slack-edge.com\/2021-09-10\/2502045859968_6e8b16d015f7c0d6a462_72.jpg",
            "first_name": "Jeremy",
            "real_name": "Jeremy Francese",
            "display_name": "Jeremy Francese",
            "team": "TJE58GTJL",
            "name": "jeremy360",
            "is_restricted": false,
            "is_ultra_restricted": false
        },
        "blocks": [
            {
                "type": "rich_text",
                "block_id": "VABR",
                "elements": [
                    {
                        "type": "rich_text_section",
                        "elements": [
                            {
                                "type": "text",
                                "text": "And yeah, I have clients using Asana and think it pretty bad lol"
                            }
                        ]
                    }
                ]
            }
        ],
        "thread_ts": "1631645451.090600",
        "parent_user_id": "U02DR25115J"
    },
    {
        "client_msg_id": "d06c2575-7a04-43bd-8fbd-58c61dac722d",
        "type": "message",
        "text": "airtable is awesome for content workflows",
        "user": "UJG9WTEKG",
        "ts": "1631656107.092300",
        "team": "TJE58GTJL",
        "user_team": "TJE58GTJL",
        "source_team": "TJE58GTJL",
        "user_profile": {
            "avatar_hash": "gc25b94e6ebf",
            "image_72": "https:\/\/secure.gravatar.com\/avatar\/eec25b94e6ebf55f0b7933372344cd09.jpg?s=72&d=https%3A%2F%2Fa.slack-edge.com%2Fdf10d%2Fimg%2Favatars%2Fava_0001-72.png",
            "first_name": "Jimmy",
            "real_name": "Jimmy Daly",
            "display_name": "",
            "team": "TJE58GTJL",
            "name": "runjimdaly",
            "is_restricted": false,
            "is_ultra_restricted": false
        },
        "blocks": [
            {
                "type": "rich_text",
                "block_id": "uY9wu",
                "elements": [
                    {
                        "type": "rich_text_section",
                        "elements": [
                            {
                                "type": "text",
                                "text": "airtable is awesome for content workflows"
                            }
                        ]
                    }
                ]
            }
        ],
        "thread_ts": "1631645451.090600",
        "parent_user_id": "U02DR25115J"
    },
    {
        "client_msg_id": "49684c55-ffae-4bcd-b43b-6bba1eda9470",
        "type": "message",
        "text": "i think <@U016V6EHYMA> may actually be creating some training materials for getting started",
        "user": "UJG9WTEKG",
        "ts": "1631656121.092500",
        "team": "TJE58GTJL",
        "user_team": "TJE58GTJL",
        "source_team": "TJE58GTJL",
        "user_profile": {
            "avatar_hash": "gc25b94e6ebf",
            "image_72": "https:\/\/secure.gravatar.com\/avatar\/eec25b94e6ebf55f0b7933372344cd09.jpg?s=72&d=https%3A%2F%2Fa.slack-edge.com%2Fdf10d%2Fimg%2Favatars%2Fava_0001-72.png",
            "first_name": "Jimmy",
            "real_name": "Jimmy Daly",
            "display_name": "",
            "team": "TJE58GTJL",
            "name": "runjimdaly",
            "is_restricted": false,
            "is_ultra_restricted": false
        },
        "blocks": [
            {
                "type": "rich_text",
                "block_id": "nFR6F",
                "elements": [
                    {
                        "type": "rich_text_section",
                        "elements": [
                            {
                                "type": "text",
                                "text": "i think "
                            },
                            {
                                "type": "user",
                                "user_id": "U016V6EHYMA"
                            },
                            {
                                "type": "text",
                                "text": " may actually be creating some training materials for getting started"
                            }
                        ]
                    }
                ]
            }
        ],
        "thread_ts": "1631645451.090600",
        "parent_user_id": "U02DR25115J"
    },
    {
        "client_msg_id": "b94314c9-f427-4e17-84bc-b718b44321eb",
        "type": "message",
        "text": "<@U02DR25115J> The person in charge of putting in the content there does currently use it for scheduling purposes, I believe.",
        "user": "U02EDRV5134",
        "ts": "1631656437.092700",
        "team": "TJE58GTJL",
        "user_team": "TJE58GTJL",
        "source_team": "TJE58GTJL",
        "user_profile": {
            "avatar_hash": "64a9ff73874f",
            "image_72": "https:\/\/avatars.slack-edge.com\/2021-09-14\/2490171405506_64a9ff73874f0a5b23e1_72.jpg",
            "first_name": "Ashley",
            "real_name": "Ashley Campusano",
            "display_name": "Ashley of KitCatCopy",
            "team": "TJE58GTJL",
            "name": "kitcatcopy",
            "is_restricted": false,
            "is_ultra_restricted": false
        },
        "blocks": [
            {
                "type": "rich_text",
                "block_id": "SuQE5",
                "elements": [
                    {
                        "type": "rich_text_section",
                        "elements": [
                            {
                                "type": "user",
                                "user_id": "U02DR25115J"
                            },
                            {
                                "type": "text",
                                "text": " The person in charge of putting in the content there does currently use it for scheduling purposes, I believe."
                            }
                        ]
                    }
                ]
            }
        ],
        "thread_ts": "1631645451.090600",
        "parent_user_id": "U02DR25115J"
    },
    {
        "client_msg_id": "410bdc83-655a-45f1-9dbe-4968790ddbfd",
        "type": "message",
        "text": "<@UJG9WTEKG> I'd loveeeee to see those training materials, cause I ain't gonna lie, Airtable threw me for a loop for a while lol",
        "user": "U02EDRV5134",
        "ts": "1631656479.092900",
        "team": "TJE58GTJL",
        "user_team": "TJE58GTJL",
        "source_team": "TJE58GTJL",
        "user_profile": {
            "avatar_hash": "64a9ff73874f",
            "image_72": "https:\/\/avatars.slack-edge.com\/2021-09-14\/2490171405506_64a9ff73874f0a5b23e1_72.jpg",
            "first_name": "Ashley",
            "real_name": "Ashley Campusano",
            "display_name": "Ashley of KitCatCopy",
            "team": "TJE58GTJL",
            "name": "kitcatcopy",
            "is_restricted": false,
            "is_ultra_restricted": false
        },
        "blocks": [
            {
                "type": "rich_text",
                "block_id": "uFg",
                "elements": [
                    {
                        "type": "rich_text_section",
                        "elements": [
                            {
                                "type": "user",
                                "user_id": "UJG9WTEKG"
                            },
                            {
                                "type": "text",
                                "text": " I'd loveeeee to see those training materials, cause I ain't gonna lie, Airtable threw me for a loop for a while lol"
                            }
                        ]
                    }
                ]
            }
        ],
        "thread_ts": "1631645451.090600",
        "parent_user_id": "U02DR25115J"
    },
    {
        "client_msg_id": "d777bad9-4f14-48ad-8b34-f97f2f9b17aa",
        "type": "message",
        "text": "this is a little outdated but might be helpful: <https:\/\/www.jimmydaly.com\/how-to-run-a-content-pipeline-with-airtable\/>",
        "user": "UJG9WTEKG",
        "ts": "1631656625.093100",
        "team": "TJE58GTJL",
        "user_team": "TJE58GTJL",
        "source_team": "TJE58GTJL",
        "user_profile": {
            "avatar_hash": "gc25b94e6ebf",
            "image_72": "https:\/\/secure.gravatar.com\/avatar\/eec25b94e6ebf55f0b7933372344cd09.jpg?s=72&d=https%3A%2F%2Fa.slack-edge.com%2Fdf10d%2Fimg%2Favatars%2Fava_0001-72.png",
            "first_name": "Jimmy",
            "real_name": "Jimmy Daly",
            "display_name": "",
            "team": "TJE58GTJL",
            "name": "runjimdaly",
            "is_restricted": false,
            "is_ultra_restricted": false
        },
        "edited": {
            "user": "UJG9WTEKG",
            "ts": "1631656632.000000"
        },
        "attachments": [
            {
                "service_name": "Jimmy Daly",
                "title": "Airtable + Zapier: Everything You Need to Run a High-Volume Editorial Workflow",
                "title_link": "https:\/\/www.jimmydaly.com\/how-to-run-a-content-pipeline-with-airtable\/",
                "text": "The longer I work in content marketing, the more I realize that there are so many little things that make a great content program. It's about much more than great writing. A great final product is the result of a lot of moving pieces, typically held together by an editor.",
                "fallback": "Jimmy Daly: Airtable + Zapier: Everything You Need to Run a High-Volume Editorial Workflow",
                "image_url": "https:\/\/www.jimmydaly.com\/content\/images\/2017\/05\/airtable.png",
                "image_width": 476,
                "image_height": 250,
                "fields": [
                    {
                        "title": "Written by",
                        "value": "Jimmy Daly",
                        "short": true
                    },
                    {
                        "title": "Filed under",
                        "value": "Essays",
                        "short": true
                    }
                ],
                "ts": 1494427799,
                "from_url": "https:\/\/www.jimmydaly.com\/how-to-run-a-content-pipeline-with-airtable\/",
                "image_bytes": 42745,
                "service_icon": "https:\/\/www.jimmydaly.com\/favicon.ico",
                "id": 1,
                "original_url": "https:\/\/www.jimmydaly.com\/how-to-run-a-content-pipeline-with-airtable\/"
            }
        ],
        "blocks": [
            {
                "type": "rich_text",
                "block_id": "3Eoz\/",
                "elements": [
                    {
                        "type": "rich_text_section",
                        "elements": [
                            {
                                "type": "text",
                                "text": "this is a little outdated but might be helpful: "
                            },
                            {
                                "type": "link",
                                "url": "https:\/\/www.jimmydaly.com\/how-to-run-a-content-pipeline-with-airtable\/"
                            }
                        ]
                    }
                ]
            }
        ],
        "thread_ts": "1631645451.090600",
        "parent_user_id": "U02DR25115J"
    },
    {
        "client_msg_id": "71ac5190-5119-429d-8f9a-c088fb6217fb",
        "type": "message",
        "text": "You are the besttttttttt!",
        "user": "U02EDRV5134",
        "ts": "1631656665.093500",
        "team": "TJE58GTJL",
        "user_team": "TJE58GTJL",
        "source_team": "TJE58GTJL",
        "user_profile": {
            "avatar_hash": "64a9ff73874f",
            "image_72": "https:\/\/avatars.slack-edge.com\/2021-09-14\/2490171405506_64a9ff73874f0a5b23e1_72.jpg",
            "first_name": "Ashley",
            "real_name": "Ashley Campusano",
            "display_name": "Ashley of KitCatCopy",
            "team": "TJE58GTJL",
            "name": "kitcatcopy",
            "is_restricted": false,
            "is_ultra_restricted": false
        },
        "blocks": [
            {
                "type": "rich_text",
                "block_id": "q6zg",
                "elements": [
                    {
                        "type": "rich_text_section",
                        "elements": [
                            {
                                "type": "text",
                                "text": "You are the besttttttttt!"
                            }
                        ]
                    }
                ]
            }
        ],
        "thread_ts": "1631645451.090600",
        "parent_user_id": "U02DR25115J"
    },
    {
        "client_msg_id": "0937a108-1e8c-4bc7-8021-7d8222fdc87c",
        "type": "message",
        "text": "Fairly certain you've got everything from my workflows in there Jimmy :-p \n\nThat said, <@U02DR25115J> content operations and automations is one of the core focuses of my consultancy, and most of what we do is run out of Airtable and Zapier. \n\nHappy to chat.",
        "user": "U016V6EHYMA",
        "ts": "1631657651.093900",
        "team": "TJE58GTJL",
        "user_team": "TJE58GTJL",
        "source_team": "TJE58GTJL",
        "user_profile": {
            "avatar_hash": "g6245e891df5",
            "image_72": "https:\/\/secure.gravatar.com\/avatar\/6245e891df5bbd8e1e60585f1498e9ed.jpg?s=72&d=https%3A%2F%2Fa.slack-edge.com%2Fdf10d%2Fimg%2Favatars%2Fava_0011-72.png",
            "first_name": "",
            "real_name": "Tommy Walker",
            "display_name": "Tommy Walker",
            "team": "TJE58GTJL",
            "name": "tommyisastrategist",
            "is_restricted": false,
            "is_ultra_restricted": false
        },
        "edited": {
            "user": "U016V6EHYMA",
            "ts": "1631657707.000000"
        },
        "blocks": [
            {
                "type": "rich_text",
                "block_id": "G7X",
                "elements": [
                    {
                        "type": "rich_text_section",
                        "elements": [
                            {
                                "type": "text",
                                "text": "Fairly certain you've got everything from my workflows in there Jimmy :-p \n\nThat said, "
                            },
                            {
                                "type": "user",
                                "user_id": "U02DR25115J"
                            },
                            {
                                "type": "text",
                                "text": " content operations and automations is one of the core focuses of my consultancy, and most of what we do is run out of Airtable and Zapier. \n\nHappy to chat."
                            }
                        ]
                    }
                ]
            }
        ],
        "thread_ts": "1631645451.090600",
        "parent_user_id": "U02DR25115J"
    },
    {
        "client_msg_id": "4e837b95-647e-4564-b6fd-c0746ebb7db4",
        "type": "message",
        "text": "<@UJG9WTEKG> Thanks a lot! Do appreciate it and will crack it open later tonight and thanks for queuing up Tommy. <@U016V6EHYMA> I’ll message you separate to see if we can sort out via chat or if a call would be more productive.",
        "user": "U02DR25115J",
        "ts": "1631658497.094200",
        "team": "TJE58GTJL",
        "user_team": "TJE58GTJL",
        "source_team": "TJE58GTJL",
        "user_profile": {
            "avatar_hash": "6e8b16d015f7",
            "image_72": "https:\/\/avatars.slack-edge.com\/2021-09-10\/2502045859968_6e8b16d015f7c0d6a462_72.jpg",
            "first_name": "Jeremy",
            "real_name": "Jeremy Francese",
            "display_name": "Jeremy Francese",
            "team": "TJE58GTJL",
            "name": "jeremy360",
            "is_restricted": false,
            "is_ultra_restricted": false
        },
        "edited": {
            "user": "U02DR25115J",
            "ts": "1631658511.000000"
        },
        "blocks": [
            {
                "type": "rich_text",
                "block_id": "s1dn",
                "elements": [
                    {
                        "type": "rich_text_section",
                        "elements": [
                            {
                                "type": "user",
                                "user_id": "UJG9WTEKG"
                            },
                            {
                                "type": "text",
                                "text": " Thanks a lot! Do appreciate it and will crack it open later tonight and thanks for queuing up Tommy. "
                            },
                            {
                                "type": "user",
                                "user_id": "U016V6EHYMA"
                            },
                            {
                                "type": "text",
                                "text": " I’ll message you separate to see if we can sort out via chat or if a call would be more productive."
                            }
                        ]
                    }
                ]
            }
        ],
        "thread_ts": "1631645451.090600",
        "parent_user_id": "U02DR25115J"
    }
]