[
    {
        "client_msg_id": "8569b9b4-cb62-416d-9a1b-67ee51bf1506",
        "type": "message",
        "text": "Thanks for sharing, <@U02EA5937MM> and <@U01NM31CTFU>! We currently do a test piece, paid at a subsidised rate, do you guys pay for your test pieces? The problem I face at the minute is I don't have enough of a buffer or enough 'validated' good writers for all new clients. So it means using a test writer on a new client which I don't want to do.\n\nI would ideally like to create a smaller test as part of the application process",
        "user": "U02AJEYF538",
        "ts": "1634803561.000800",
        "team": "TJE58GTJL",
        "user_team": "TJE58GTJL",
        "source_team": "TJE58GTJL",
        "user_profile": {
            "avatar_hash": "92699558b588",
            "image_72": "https:\/\/avatars.slack-edge.com\/2021-08-18\/2392903416787_92699558b58866c772c4_72.png",
            "first_name": "Katie",
            "real_name": "Katie Bray",
            "display_name": "Katie Bray",
            "team": "TJE58GTJL",
            "name": "katie171",
            "is_restricted": false,
            "is_ultra_restricted": false
        },
        "blocks": [
            {
                "type": "rich_text",
                "block_id": "QqIx",
                "elements": [
                    {
                        "type": "rich_text_section",
                        "elements": [
                            {
                                "type": "text",
                                "text": "Thanks for sharing, "
                            },
                            {
                                "type": "user",
                                "user_id": "U02EA5937MM"
                            },
                            {
                                "type": "text",
                                "text": " and "
                            },
                            {
                                "type": "user",
                                "user_id": "U01NM31CTFU"
                            },
                            {
                                "type": "text",
                                "text": "! We currently do a test piece, paid at a subsidised rate, do you guys pay for your test pieces? The problem I face at the minute is I don't have enough of a buffer or enough 'validated' good writers for all new clients. So it means using a test writer on a new client which I don't want to do.\n\nI would ideally like to create a smaller test as part of the application process"
                            }
                        ]
                    }
                ]
            }
        ],
        "thread_ts": "1634570983.260400",
        "parent_user_id": "U02AJEYF538"
    },
    {
        "type": "message",
        "subtype": "slackbot_response",
        "text": "Hello! Not all of our members are guys. In an effort to be more conscious of the language we use to address each other, why not try “Hey, folks,” or “Hey everyone” instead?",
        "user": "USLACKBOT",
        "ts": "1634803563.001000",
        "thread_ts": "1634570983.260400",
        "parent_user_id": "U02AJEYF538"
    },
    {
        "client_msg_id": "5e042e6e-5d38-4908-ba3b-611f51d899f9",
        "type": "message",
        "text": "Currently looking to expand on client base and projects on the Growth Marketing front. This is for an agency Growth Vertical.\n\nIf you know of anyone looking for assistance with Growth Marketing, do let me know by Dm'ing me :smile:",
        "user": "U02AW2P1N5N",
        "ts": "1634811481.002500",
        "team": "TJE58GTJL",
        "user_team": "TJE58GTJL",
        "source_team": "TJE58GTJL",
        "user_profile": {
            "avatar_hash": "8b312dc318f1",
            "image_72": "https:\/\/avatars.slack-edge.com\/2021-09-09\/2459703966103_8b312dc318f1b7684138_72.jpg",
            "first_name": "Neil",
            "real_name": "Neil Patel",
            "display_name": "Neil Patel",
            "team": "TJE58GTJL",
            "name": "neil757",
            "is_restricted": false,
            "is_ultra_restricted": false
        },
        "edited": {
            "user": "U02AW2P1N5N",
            "ts": "1634811502.000000"
        },
        "blocks": [
            {
                "type": "rich_text",
                "block_id": "cZh",
                "elements": [
                    {
                        "type": "rich_text_section",
                        "elements": [
                            {
                                "type": "text",
                                "text": "Currently looking to expand on client base and projects on the Growth Marketing front. This is for an agency Growth Vertical.\n\nIf you know of anyone looking for assistance with Growth Marketing, do let me know by Dm'ing me "
                            },
                            {
                                "type": "emoji",
                                "name": "smile"
                            }
                        ]
                    }
                ]
            }
        ],
        "thread_ts": "1634811481.002500",
        "reply_count": 2,
        "reply_users_count": 2,
        "latest_reply": "1636460433.076200",
        "reply_users": [
            "U02GPLA0WA1",
            "U02AW2P1N5N"
        ],
        "replies": [
            {
                "user": "U02GPLA0WA1",
                "ts": "1635507162.028200"
            },
            {
                "user": "U02AW2P1N5N",
                "ts": "1636460433.076200"
            }
        ],
        "is_locked": false,
        "subscribed": false
    },
    {
        "client_msg_id": "61e2a2bd-ea9d-44c4-a950-680ddb96d70f",
        "type": "message",
        "text": "Hi Katie  - I'm a writer, rather than an agency - but I've worked with a number of agency clients who hired me via a platform called NDash and I've noticed that the standard of writers on there is pretty high. Plus you can check their recommendations from clients on the platform etc.",
        "user": "U02JJ9PJ4SG",
        "ts": "1634813451.002700",
        "team": "TJE58GTJL",
        "user_team": "TJE58GTJL",
        "source_team": "TJE58GTJL",
        "user_profile": {
            "avatar_hash": "bfcc6e4daadd",
            "image_72": "https:\/\/avatars.slack-edge.com\/2021-10-21\/2625308044470_bfcc6e4daadd58ff3093_72.jpg",
            "first_name": "Rosie",
            "real_name": "Rosie",
            "display_name": "",
            "team": "TJE58GTJL",
            "name": "info542",
            "is_restricted": false,
            "is_ultra_restricted": false
        },
        "blocks": [
            {
                "type": "rich_text",
                "block_id": "KW7",
                "elements": [
                    {
                        "type": "rich_text_section",
                        "elements": [
                            {
                                "type": "text",
                                "text": "Hi Katie  - I'm a writer, rather than an agency - but I've worked with a number of agency clients who hired me via a platform called NDash and I've noticed that the standard of writers on there is pretty high. Plus you can check their recommendations from clients on the platform etc."
                            }
                        ]
                    }
                ]
            }
        ],
        "thread_ts": "1634570983.260400",
        "parent_user_id": "U02AJEYF538"
    },
    {
        "client_msg_id": "05b4b2e0-4b41-43e9-9b7f-d46cc7140835",
        "type": "message",
        "text": "Katie, we do pay for test pieces - at the same hourly rate we’d pay the writer if we hire them.",
        "user": "U02EA5937MM",
        "ts": "1634823483.002900",
        "team": "TJE58GTJL",
        "user_team": "TJE58GTJL",
        "source_team": "TJE58GTJL",
        "user_profile": {
            "avatar_hash": "6d7691804435",
            "image_72": "https:\/\/avatars.slack-edge.com\/2021-09-16\/2498080127413_6d7691804435af842eab_72.jpg",
            "first_name": "Lauren",
            "real_name": "Lauren Dietlin (she\/her)",
            "display_name": "Lauren Dietlin",
            "team": "TJE58GTJL",
            "name": "lauren780",
            "is_restricted": false,
            "is_ultra_restricted": false
        },
        "blocks": [
            {
                "type": "rich_text",
                "block_id": "gHv",
                "elements": [
                    {
                        "type": "rich_text_section",
                        "elements": [
                            {
                                "type": "text",
                                "text": "Katie, we do pay for test pieces - at the same hourly rate we’d pay the writer if we hire them."
                            }
                        ]
                    }
                ]
            }
        ],
        "thread_ts": "1634570983.260400",
        "parent_user_id": "U02AJEYF538",
        "reactions": [
            {
                "name": "white_check_mark",
                "users": [
                    "U02AJEYF538",
                    "U02D0R17068"
                ],
                "count": 2
            }
        ]
    },
    {
        "client_msg_id": "740bcd6d-8e40-475f-954e-71854299e3cb",
        "type": "message",
        "text": "I also pay full price for tests! It’s the same amount of work for the writer",
        "user": "U01NM31CTFU",
        "ts": "1634842009.004400",
        "team": "TJE58GTJL",
        "user_team": "TJE58GTJL",
        "source_team": "TJE58GTJL",
        "user_profile": {
            "avatar_hash": "788aae3c46d1",
            "image_72": "https:\/\/avatars.slack-edge.com\/2021-05-28\/2122915523844_788aae3c46d19c1058da_72.jpg",
            "first_name": "Maddy",
            "real_name": "Maddy Osman",
            "display_name": "Maddy Osman",
            "team": "TJE58GTJL",
            "name": "maddy527",
            "is_restricted": false,
            "is_ultra_restricted": false
        },
        "blocks": [
            {
                "type": "rich_text",
                "block_id": "hdnHf",
                "elements": [
                    {
                        "type": "rich_text_section",
                        "elements": [
                            {
                                "type": "text",
                                "text": "I also pay full price for tests! It’s the same amount of work for the writer"
                            }
                        ]
                    }
                ]
            }
        ],
        "thread_ts": "1634570983.260400",
        "parent_user_id": "U02AJEYF538"
    }
]