[
    {
        "client_msg_id": "ADADB507-22A6-42B8-B292-B12F3F97288D",
        "type": "message",
        "text": "I run Ardent Growth as CEO along with Cody West as COO. \n\nOur specialty is content and business development strategy. People come to us when they want financial projections, topic clustering models at scale, content and gap audits, competitive link analysis, and when they want to learn to do business development in a way that supports marketing and PR. \n\nSince we're primarily focused on strategy, we're always looking for people to partner with on projects! If anyone specializes in any one particular segment of content, design, copywriting, advertising, production, _et cetera_, I'd love to connect. :wave:",
        "user": "U01P13NTGG6",
        "ts": "1621422325.020900",
        "team": "TJE58GTJL",
        "user_team": "TJE58GTJL",
        "source_team": "TJE58GTJL",
        "user_profile": {
            "avatar_hash": "1625b1f12011",
            "image_72": "https:\/\/avatars.slack-edge.com\/2021-02-24\/1775273585607_1625b1f12011f553efc5_72.png",
            "first_name": "Skyler",
            "real_name": "Skyler Reeves",
            "display_name": "Skyler Reeves",
            "team": "TJE58GTJL",
            "name": "skyler",
            "is_restricted": false,
            "is_ultra_restricted": false
        },
        "edited": {
            "user": "U01P13NTGG6",
            "ts": "1621422618.000000"
        },
        "blocks": [
            {
                "type": "rich_text",
                "block_id": "ior+",
                "elements": [
                    {
                        "type": "rich_text_section",
                        "elements": [
                            {
                                "type": "text",
                                "text": "I run Ardent Growth as CEO along with Cody West as COO. \n\nOur specialty is content and business development strategy. People come to us when they want financial projections, topic clustering models at scale, content and gap audits, competitive link analysis, and when they want to learn to do business development in a way that supports marketing and PR. \n\nSince we're primarily focused on strategy, we're always looking for people to partner with on projects! If anyone specializes in any one particular segment of content, design, copywriting, advertising, production, "
                            },
                            {
                                "type": "text",
                                "text": "et cetera",
                                "style": {
                                    "italic": true
                                }
                            },
                            {
                                "type": "text",
                                "text": ", I'd love to connect. "
                            },
                            {
                                "type": "emoji",
                                "name": "wave"
                            }
                        ]
                    }
                ]
            }
        ],
        "thread_ts": "1621358466.003000",
        "parent_user_id": "U01T06G8NAC",
        "reactions": [
            {
                "name": "tada",
                "users": [
                    "U01T06G8NAC",
                    "U016LHA1BHP",
                    "U0227HT9YRF",
                    "U024K88ECFN",
                    "U026LPS7TKL"
                ],
                "count": 5
            }
        ]
    }
]