[
    {
        "client_msg_id": "c22baa7a-e0ed-4e5d-bbca-b4a75bfacac7",
        "type": "message",
        "text": "Morning <@UJ934FU3B> thanks for this, i'll check it out! Are you still testing writers from here or are they found for you and your confident in their level?",
        "user": "U02AJEYF538",
        "ts": "1634629999.268400",
        "team": "TJE58GTJL",
        "user_team": "TJE58GTJL",
        "source_team": "TJE58GTJL",
        "user_profile": {
            "avatar_hash": "92699558b588",
            "image_72": "https:\/\/avatars.slack-edge.com\/2021-08-18\/2392903416787_92699558b58866c772c4_72.png",
            "first_name": "Katie",
            "real_name": "Katie Bray",
            "display_name": "Katie Bray",
            "team": "TJE58GTJL",
            "name": "katie171",
            "is_restricted": false,
            "is_ultra_restricted": false
        },
        "blocks": [
            {
                "type": "rich_text",
                "block_id": "zoZtx",
                "elements": [
                    {
                        "type": "rich_text_section",
                        "elements": [
                            {
                                "type": "text",
                                "text": "Morning "
                            },
                            {
                                "type": "user",
                                "user_id": "UJ934FU3B"
                            },
                            {
                                "type": "text",
                                "text": " thanks for this, i'll check it out! Are you still testing writers from here or are they found for you and your confident in their level?"
                            }
                        ]
                    }
                ]
            }
        ],
        "thread_ts": "1634570983.260400",
        "parent_user_id": "U02AJEYF538"
    },
    {
        "client_msg_id": "fa50c61c-4c4a-4a77-a956-c1699e6330cd",
        "type": "message",
        "text": "Do any ecommerce agencies here know if there's any possibility to pay to get featured on the marketplace apps\/plugins section for either Wordpress, Magento, and\/or PrestaShop (and if yes the prices to make this happen)? Also interested in ads on Shopify app marketplace - Seems like prices start at $1 CPC and cost per install highly depends on keywords bid? Anyone with experience?",
        "user": "U02G418NS15",
        "ts": "1634637371.270000",
        "team": "TJE58GTJL",
        "user_team": "TJE58GTJL",
        "source_team": "TJE58GTJL",
        "user_profile": {
            "avatar_hash": "d12ccd1df330",
            "image_72": "https:\/\/avatars.slack-edge.com\/2021-10-06\/2565861024150_d12ccd1df33019fc6970_72.jpg",
            "first_name": "Benjamin",
            "real_name": "Benjamin",
            "display_name": "Benjamin",
            "team": "TJE58GTJL",
            "name": "bt",
            "is_restricted": false,
            "is_ultra_restricted": false
        },
        "blocks": [
            {
                "type": "rich_text",
                "block_id": "+mF",
                "elements": [
                    {
                        "type": "rich_text_section",
                        "elements": [
                            {
                                "type": "text",
                                "text": "Do any ecommerce agencies here know if there's any possibility to pay to get featured on the marketplace apps\/plugins section for either Wordpress, Magento, and\/or PrestaShop (and if yes the prices to make this happen)? Also interested in ads on Shopify app marketplace - Seems like prices start at $1 CPC and cost per install highly depends on keywords bid? Anyone with experience?"
                            }
                        ]
                    }
                ]
            }
        ]
    },
    {
        "client_msg_id": "43430f27-6586-41db-85b9-53bc05f3fcd3",
        "type": "message",
        "text": "It varies, depending on need. Personally, i haven't used the service in almost a year because the needs of my clients right now don't require much content to be outsourced, but other project managers on our team have and continue to. The last time I used it, I tested 2-3 writers, and found one that worked best for the project I was working on.",
        "user": "UJ934FU3B",
        "ts": "1634650371.270100",
        "team": "TJE58GTJL",
        "user_team": "TJE58GTJL",
        "source_team": "TJE58GTJL",
        "user_profile": {
            "avatar_hash": "gc685e3dd12c",
            "image_72": "https:\/\/secure.gravatar.com\/avatar\/e9c685e3dd12cba4d8011ab209dabd3d.jpg?s=72&d=https%3A%2F%2Fa.slack-edge.com%2Fdf10d%2Fimg%2Favatars%2Fava_0003-72.png",
            "first_name": "Adam",
            "real_name": "Adam Bockler",
            "display_name": "Adam Bockler",
            "team": "TJE58GTJL",
            "name": "adam",
            "is_restricted": false,
            "is_ultra_restricted": false
        },
        "blocks": [
            {
                "type": "rich_text",
                "block_id": "oL\/E",
                "elements": [
                    {
                        "type": "rich_text_section",
                        "elements": [
                            {
                                "type": "text",
                                "text": "It varies, depending on need. Personally, i haven't used the service in almost a year because the needs of my clients right now don't require much content to be outsourced, but other project managers on our team have and continue to. The last time I used it, I tested 2-3 writers, and found one that worked best for the project I was working on."
                            }
                        ]
                    }
                ]
            }
        ],
        "thread_ts": "1634570983.260400",
        "parent_user_id": "U02AJEYF538"
    },
    {
        "client_msg_id": "9332a076-a213-42b8-b366-cb9c432f33a6",
        "type": "message",
        "text": "Hi <@U02AJEYF538>. Earlier this year we started using the same trial assignment and set of instructions for all our new prospects. It’s been useful not to have to worry about client deadlines or wait for just the right assignment to come along. And it’s particularly helpful to compare prospects’ efficiency and quality on the same assignment. We offer the trial assignment once we have qualified them based on their experience, etc. It means a bit more expense on the front end, but it has been worth it.",
        "user": "U02EA5937MM",
        "ts": "1634664853.271800",
        "team": "TJE58GTJL",
        "user_team": "TJE58GTJL",
        "source_team": "TJE58GTJL",
        "user_profile": {
            "avatar_hash": "6d7691804435",
            "image_72": "https:\/\/avatars.slack-edge.com\/2021-09-16\/2498080127413_6d7691804435af842eab_72.jpg",
            "first_name": "Lauren",
            "real_name": "Lauren Dietlin (she\/her)",
            "display_name": "Lauren Dietlin",
            "team": "TJE58GTJL",
            "name": "lauren780",
            "is_restricted": false,
            "is_ultra_restricted": false
        },
        "blocks": [
            {
                "type": "rich_text",
                "block_id": "Zl1",
                "elements": [
                    {
                        "type": "rich_text_section",
                        "elements": [
                            {
                                "type": "text",
                                "text": "Hi "
                            },
                            {
                                "type": "user",
                                "user_id": "U02AJEYF538"
                            },
                            {
                                "type": "text",
                                "text": ". Earlier this year we started using the same trial assignment and set of instructions for all our new prospects. It’s been useful not to have to worry about client deadlines or wait for just the right assignment to come along. And it’s particularly helpful to compare prospects’ efficiency and quality on the same assignment. We offer the trial assignment once we have qualified them based on their experience, etc. It means a bit more expense on the front end, but it has been worth it."
                            }
                        ]
                    }
                ]
            }
        ],
        "thread_ts": "1634570983.260400",
        "parent_user_id": "U02AJEYF538",
        "reactions": [
            {
                "name": "white_check_mark",
                "users": [
                    "U02AJEYF538",
                    "U01NM31CTFU"
                ],
                "count": 2
            }
        ]
    },
    {
        "client_msg_id": "ec2f3cab-17a4-4cfb-adee-ee5140118514",
        "type": "message",
        "text": "K seems like we have a quorum! Shall I set this up? Shoot me your emails and I’ll get the ball rolling",
        "user": "U01N4EQQTL6",
        "ts": "1634667589.272000",
        "team": "TJE58GTJL",
        "user_team": "TJE58GTJL",
        "source_team": "TJE58GTJL",
        "user_profile": {
            "avatar_hash": "c1a8242648ec",
            "image_72": "https:\/\/avatars.slack-edge.com\/2021-02-22\/1779468503170_c1a8242648ece4a8cb11_72.png",
            "first_name": "Meg",
            "real_name": "Meg Scarborough",
            "display_name": "Meg Scarborough",
            "team": "TJE58GTJL",
            "name": "meg851",
            "is_restricted": false,
            "is_ultra_restricted": false
        },
        "blocks": [
            {
                "type": "rich_text",
                "block_id": "4NaF",
                "elements": [
                    {
                        "type": "rich_text_section",
                        "elements": [
                            {
                                "type": "text",
                                "text": "K seems like we have a quorum! Shall I set this up? Shoot me your emails and I’ll get the ball rolling"
                            }
                        ]
                    }
                ]
            }
        ],
        "thread_ts": "1633553107.223400",
        "parent_user_id": "U01N4EQQTL6"
    },
    {
        "client_msg_id": "b76f54c4-4302-4f25-868e-b39d3baaaf79",
        "type": "message",
        "text": "Wahoo!",
        "user": "U024K88ECFN",
        "ts": "1634673898.272200",
        "team": "TJE58GTJL",
        "user_team": "TJE58GTJL",
        "source_team": "TJE58GTJL",
        "user_profile": {
            "avatar_hash": "00c4a04080e3",
            "image_72": "https:\/\/avatars.slack-edge.com\/2022-03-23\/3286590119379_00c4a04080e367a58cfc_72.png",
            "first_name": "Rebekah",
            "real_name": "Rebekah Edwards",
            "display_name": "Rebekah Edwards",
            "team": "TJE58GTJL",
            "name": "rebekah473",
            "is_restricted": false,
            "is_ultra_restricted": false
        },
        "blocks": [
            {
                "type": "rich_text",
                "block_id": "K4lw",
                "elements": [
                    {
                        "type": "rich_text_section",
                        "elements": [
                            {
                                "type": "text",
                                "text": "Wahoo!"
                            }
                        ]
                    }
                ]
            }
        ],
        "thread_ts": "1633553107.223400",
        "parent_user_id": "U01N4EQQTL6"
    },
    {
        "client_msg_id": "6c1b0424-37cc-44f8-8070-17eacd07e9b1",
        "type": "message",
        "text": "Am I allowed to join and simply listen in? I'm a VP, not an owner\/CEO, and I'm not sure what I'd have to contribute, but I'd really like to learn.",
        "user": "U0241GTJEDC",
        "ts": "1634676594.272400",
        "team": "TJE58GTJL",
        "user_team": "TJE58GTJL",
        "source_team": "TJE58GTJL",
        "user_profile": {
            "avatar_hash": "536d8eb0424e",
            "image_72": "https:\/\/avatars.slack-edge.com\/2021-06-07\/2130419106119_536d8eb0424e890966a3_72.jpg",
            "first_name": "Kaleigh",
            "real_name": "Kaleigh Cox",
            "display_name": "Kaleigh Cox",
            "team": "TJE58GTJL",
            "name": "kaleighcoxwriter",
            "is_restricted": false,
            "is_ultra_restricted": false
        },
        "blocks": [
            {
                "type": "rich_text",
                "block_id": "UUF",
                "elements": [
                    {
                        "type": "rich_text_section",
                        "elements": [
                            {
                                "type": "text",
                                "text": "Am I allowed to join and simply listen in? I'm a VP, not an owner\/CEO, and I'm not sure what I'd have to contribute, but I'd really like to learn."
                            }
                        ]
                    }
                ]
            }
        ],
        "thread_ts": "1633553107.223400",
        "parent_user_id": "U01N4EQQTL6",
        "reactions": [
            {
                "name": "hearts",
                "users": [
                    "U024K88ECFN"
                ],
                "count": 1
            }
        ]
    },
    {
        "client_msg_id": "e4ac16de-e308-45dc-86a8-5651df1a1cc8",
        "type": "message",
        "text": "totally! i think this will just be an open conversation.",
        "user": "U01N4EQQTL6",
        "ts": "1634676613.272600",
        "team": "TJE58GTJL",
        "user_team": "TJE58GTJL",
        "source_team": "TJE58GTJL",
        "user_profile": {
            "avatar_hash": "c1a8242648ec",
            "image_72": "https:\/\/avatars.slack-edge.com\/2021-02-22\/1779468503170_c1a8242648ece4a8cb11_72.png",
            "first_name": "Meg",
            "real_name": "Meg Scarborough",
            "display_name": "Meg Scarborough",
            "team": "TJE58GTJL",
            "name": "meg851",
            "is_restricted": false,
            "is_ultra_restricted": false
        },
        "blocks": [
            {
                "type": "rich_text",
                "block_id": "2on",
                "elements": [
                    {
                        "type": "rich_text_section",
                        "elements": [
                            {
                                "type": "text",
                                "text": "totally! i think this will just be an open conversation."
                            }
                        ]
                    }
                ]
            }
        ],
        "thread_ts": "1633553107.223400",
        "parent_user_id": "U01N4EQQTL6"
    },
    {
        "client_msg_id": "942c87d3-0d2a-4af6-80f7-5ea4a835d3d9",
        "type": "message",
        "text": "shoot me your email",
        "user": "U01N4EQQTL6",
        "ts": "1634676621.272900",
        "team": "TJE58GTJL",
        "user_team": "TJE58GTJL",
        "source_team": "TJE58GTJL",
        "user_profile": {
            "avatar_hash": "c1a8242648ec",
            "image_72": "https:\/\/avatars.slack-edge.com\/2021-02-22\/1779468503170_c1a8242648ece4a8cb11_72.png",
            "first_name": "Meg",
            "real_name": "Meg Scarborough",
            "display_name": "Meg Scarborough",
            "team": "TJE58GTJL",
            "name": "meg851",
            "is_restricted": false,
            "is_ultra_restricted": false
        },
        "blocks": [
            {
                "type": "rich_text",
                "block_id": "mhooW",
                "elements": [
                    {
                        "type": "rich_text_section",
                        "elements": [
                            {
                                "type": "text",
                                "text": "shoot me your email"
                            }
                        ]
                    }
                ]
            }
        ],
        "thread_ts": "1633553107.223400",
        "parent_user_id": "U01N4EQQTL6"
    }
]