[
    {
        "client_msg_id": "02633317-8e6a-4c79-8402-91b8669b0734",
        "type": "message",
        "text": "<@U02AJEYF538> would you ever consider working with a content writing agency? I run <http:\/\/theblogsmith.com|theblogsmith.com>. Please shoot me an email if you'd like to chat more about your needs and how we work with agencies and different brand voices.\n\nDefinitely second <@U02EA5937MM>'s test assignment approach. We do two rounds of tests before hiring new writers, progressively upping the stakes and level of detail.\n\nI've personally had luck with the r\/HireAWriter subreddit combined with a very intentional\/transparent job description and a thoughtful application process.\n\nI also do a version of what <@U024K88ECFN> does — assign super low priority content pieces for clients. I also sometimes use tests to get some content started for my company's blog. :slightly_smiling_face: Sometimes, I'll have a few people do the same test with different details (like splitting up a list of WordPress plugins across a common theme) and frankenstein the best of the tests together (this makes judging tests a much easier apples-to-apples process).",
        "user": "U01NM31CTFU",
        "ts": "1634784158.000100",
        "team": "TJE58GTJL",
        "user_team": "TJE58GTJL",
        "source_team": "TJE58GTJL",
        "user_profile": {
            "avatar_hash": "788aae3c46d1",
            "image_72": "https:\/\/avatars.slack-edge.com\/2021-05-28\/2122915523844_788aae3c46d19c1058da_72.jpg",
            "first_name": "Maddy",
            "real_name": "Maddy Osman",
            "display_name": "Maddy Osman",
            "team": "TJE58GTJL",
            "name": "maddy527",
            "is_restricted": false,
            "is_ultra_restricted": false
        },
        "edited": {
            "user": "U01NM31CTFU",
            "ts": "1634784352.000000"
        },
        "blocks": [
            {
                "type": "rich_text",
                "block_id": "Pqv",
                "elements": [
                    {
                        "type": "rich_text_section",
                        "elements": [
                            {
                                "type": "user",
                                "user_id": "U02AJEYF538"
                            },
                            {
                                "type": "text",
                                "text": " would you ever consider working with a content writing agency? I run "
                            },
                            {
                                "type": "link",
                                "url": "http:\/\/theblogsmith.com",
                                "text": "theblogsmith.com"
                            },
                            {
                                "type": "text",
                                "text": ". Please shoot me an email if you'd like to chat more about your needs and how we work with agencies and different brand voices.\n\nDefinitely second "
                            },
                            {
                                "type": "user",
                                "user_id": "U02EA5937MM"
                            },
                            {
                                "type": "text",
                                "text": "'s test assignment approach. We do two rounds of tests before hiring new writers, progressively upping the stakes and level of detail.\n\nI've personally had luck with the r\/HireAWriter subreddit combined with a very intentional\/transparent job description and a thoughtful application process.\n\nI also do a version of what "
                            },
                            {
                                "type": "user",
                                "user_id": "U024K88ECFN"
                            },
                            {
                                "type": "text",
                                "text": " does — assign super low priority content pieces for clients. I also sometimes use tests to get some content started for my company's blog. "
                            },
                            {
                                "type": "emoji",
                                "name": "slightly_smiling_face"
                            },
                            {
                                "type": "text",
                                "text": " Sometimes, I'll have a few people do the same test with different details (like splitting up a list of WordPress plugins across a common theme) and frankenstein the best of the tests together (this makes judging tests a much easier apples-to-apples process)."
                            }
                        ]
                    }
                ]
            }
        ],
        "thread_ts": "1634570983.260400",
        "parent_user_id": "U02AJEYF538",
        "reactions": [
            {
                "name": "hearts",
                "users": [
                    "U024K88ECFN"
                ],
                "count": 1
            }
        ]
    }
]