[
    {
        "client_msg_id": "8f848c70-49bd-44c7-96af-06abfba8dc72",
        "type": "message",
        "text": "is there any agency looking to hire unpaid intern or a digital marketing coordinator? Please let me know, I am open to work.:slightly_smiling_face:\n\nThank You\n\nNoman",
        "user": "U02CMUWPRFY",
        "ts": "1634898521.006000",
        "team": "TJE58GTJL",
        "user_team": "TJE58GTJL",
        "source_team": "TJE58GTJL",
        "user_profile": {
            "avatar_hash": "70f15ae1d8ed",
            "image_72": "https:\/\/avatars.slack-edge.com\/2021-08-31\/2460988288496_70f15ae1d8ed762fad57_72.jpg",
            "first_name": "Noman",
            "real_name": "Noman Suleman",
            "display_name": "Noman Suleman",
            "team": "TJE58GTJL",
            "name": "noman.sulieman",
            "is_restricted": false,
            "is_ultra_restricted": false
        },
        "blocks": [
            {
                "type": "rich_text",
                "block_id": "civ",
                "elements": [
                    {
                        "type": "rich_text_section",
                        "elements": [
                            {
                                "type": "text",
                                "text": "is there any agency looking to hire unpaid intern or a digital marketing coordinator? Please let me know, I am open to work."
                            },
                            {
                                "type": "emoji",
                                "name": "slightly_smiling_face"
                            },
                            {
                                "type": "text",
                                "text": "\n\nThank You\n\nNoman"
                            }
                        ]
                    }
                ]
            }
        ],
        "thread_ts": "1634898521.006000",
        "reply_count": 2,
        "reply_users_count": 2,
        "latest_reply": "1634916606.006500",
        "reply_users": [
            "U026R1895QV",
            "U02CMUWPRFY"
        ],
        "replies": [
            {
                "user": "U026R1895QV",
                "ts": "1634910363.006100"
            },
            {
                "user": "U02CMUWPRFY",
                "ts": "1634916606.006500"
            }
        ],
        "is_locked": false,
        "subscribed": false
    },
    {
        "client_msg_id": "03f67e5e-75bb-4bd1-89ed-b3ee7ef67d9d",
        "type": "message",
        "text": "Noman, please do not work for free! Even to gain experience you should be paid for your efforts!",
        "user": "U026R1895QV",
        "ts": "1634910363.006100",
        "team": "TJE58GTJL",
        "user_team": "TJE58GTJL",
        "source_team": "TJE58GTJL",
        "user_profile": {
            "avatar_hash": "7b31876780eb",
            "image_72": "https:\/\/avatars.slack-edge.com\/2021-10-06\/2572963931698_7b31876780ebf4079e2e_72.jpg",
            "first_name": "Carolyn",
            "real_name": "Carolyn Lyden",
            "display_name": "Carolyn Lyden (she\/her)",
            "team": "TJE58GTJL",
            "name": "lyden.carolyn",
            "is_restricted": false,
            "is_ultra_restricted": false
        },
        "blocks": [
            {
                "type": "rich_text",
                "block_id": "3IKC",
                "elements": [
                    {
                        "type": "rich_text_section",
                        "elements": [
                            {
                                "type": "text",
                                "text": "Noman, please do not work for free! Even to gain experience you should be paid for your efforts!"
                            }
                        ]
                    }
                ]
            }
        ],
        "thread_ts": "1634898521.006000",
        "parent_user_id": "U02CMUWPRFY",
        "reactions": [
            {
                "name": "hearts",
                "users": [
                    "U024K88ECFN"
                ],
                "count": 1
            }
        ]
    },
    {
        "type": "message",
        "subtype": "thread_broadcast",
        "text": "<@U026R1895QV> but number of people told me do so. That's why i offer my free services. As they say it's hard to get first industry experience in digital marketing. How do you see that thing?",
        "user": "U02CMUWPRFY",
        "ts": "1634916606.006500",
        "thread_ts": "1634898521.006000",
        "root": {
            "client_msg_id": "8f848c70-49bd-44c7-96af-06abfba8dc72",
            "type": "message",
            "text": "is there any agency looking to hire unpaid intern or a digital marketing coordinator? Please let me know, I am open to work.:slightly_smiling_face:\n\nThank You\n\nNoman",
            "user": "U02CMUWPRFY",
            "ts": "1634898521.006000",
            "team": "TJE58GTJL",
            "blocks": [
                {
                    "type": "rich_text",
                    "block_id": "civ",
                    "elements": [
                        {
                            "type": "rich_text_section",
                            "elements": [
                                {
                                    "type": "text",
                                    "text": "is there any agency looking to hire unpaid intern or a digital marketing coordinator? Please let me know, I am open to work."
                                },
                                {
                                    "type": "emoji",
                                    "name": "slightly_smiling_face"
                                },
                                {
                                    "type": "text",
                                    "text": "\n\nThank You\n\nNoman"
                                }
                            ]
                        }
                    ]
                }
            ],
            "thread_ts": "1634898521.006000",
            "reply_count": 2,
            "reply_users_count": 2,
            "latest_reply": "1634916606.006500",
            "reply_users": [
                "U026R1895QV",
                "U02CMUWPRFY"
            ],
            "replies": [
                {
                    "user": "U026R1895QV",
                    "ts": "1634910363.006100"
                },
                {
                    "user": "U02CMUWPRFY",
                    "ts": "1634916606.006500"
                }
            ],
            "is_locked": false,
            "subscribed": false
        },
        "blocks": [
            {
                "type": "rich_text",
                "block_id": "gSaW",
                "elements": [
                    {
                        "type": "rich_text_section",
                        "elements": [
                            {
                                "type": "user",
                                "user_id": "U026R1895QV"
                            },
                            {
                                "type": "text",
                                "text": " but number of people told me do so. That's why i offer my free services. As they say it's hard to get first industry experience in digital marketing. How do you see that thing?"
                            }
                        ]
                    }
                ]
            }
        ],
        "client_msg_id": "7e2de113-c05e-4b06-9024-60fa85127969"
    },
    {
        "client_msg_id": "4A07BBD1-AC5F-4A3B-A8EE-17BE17DDA9B5",
        "type": "message",
        "text": "Late to the party here but wanted to throw my two cents in! I work with the team at <http:\/\/crowdcontent.com\/enterprise|crowdcontent.com\/enterprise> - we have a custom agency solution that also involves free samples and multiple layers of QA. I think that is becoming the norm now. My biggest questions\n is usually around the quality expectations of the client and your team. From there finding out the writers experience in the background is key and reviewing the specs of the order brief. We have a lot of SMEs that will come in to help with more niche topics as well. I know as an agency there is always a mixed bag of clients coming in so I also offer up references in addition to the samples. I believe it was mentioned above but a lot of writers or providers can do a great job right out of the gate, but can they deliver that same consistency in 6 months and at 5x or 10x? References always go a long way for us. :blush: hopefully that’s helpful ",
        "user": "U02D0R17068",
        "ts": "1634917115.014700",
        "team": "TJE58GTJL",
        "user_team": "TJE58GTJL",
        "source_team": "TJE58GTJL",
        "user_profile": {
            "avatar_hash": "e1f403cc33c0",
            "image_72": "https:\/\/avatars.slack-edge.com\/2021-08-30\/2433898477269_e1f403cc33c0f15fadff_72.jpg",
            "first_name": "Meghan",
            "real_name": "Meghan McKenzie",
            "display_name": "Meghan McKenzie",
            "team": "TJE58GTJL",
            "name": "meghan.mckenzie",
            "is_restricted": false,
            "is_ultra_restricted": false
        },
        "blocks": [
            {
                "type": "rich_text",
                "block_id": "ZAbnP",
                "elements": [
                    {
                        "type": "rich_text_section",
                        "elements": [
                            {
                                "type": "text",
                                "text": "Late to the party here but wanted to throw my two cents in! I work with the team at "
                            },
                            {
                                "type": "link",
                                "url": "http:\/\/crowdcontent.com\/enterprise",
                                "text": "crowdcontent.com\/enterprise"
                            },
                            {
                                "type": "text",
                                "text": " - we have a custom agency solution that also involves free samples and multiple layers of QA. I think that is becoming the norm now. My biggest questions\n is usually around the quality expectations of the client and your team. From there finding out the writers experience in the background is key and reviewing the specs of the order brief. We have a lot of SMEs that will come in to help with more niche topics as well. I know as an agency there is always a mixed bag of clients coming in so I also offer up references in addition to the samples. I believe it was mentioned above but a lot of writers or providers can do a great job right out of the gate, but can they deliver that same consistency in 6 months and at 5x or 10x? References always go a long way for us. "
                            },
                            {
                                "type": "emoji",
                                "name": "blush"
                            },
                            {
                                "type": "text",
                                "text": " hopefully that’s helpful "
                            }
                        ]
                    }
                ]
            }
        ],
        "thread_ts": "1634570983.260400",
        "parent_user_id": "U02AJEYF538"
    }
]