[
    {
        "client_msg_id": "b677051c-1deb-48d3-ba0c-7714572570b1",
        "type": "message",
        "text": "How is this different from something like Klaviyo?",
        "user": "U024761FLQ5",
        "ts": "1636625481.088200",
        "team": "TJE58GTJL",
        "user_team": "TJE58GTJL",
        "source_team": "TJE58GTJL",
        "user_profile": {
            "avatar_hash": "2033d44238d4",
            "image_72": "https:\/\/avatars.slack-edge.com\/2021-11-11\/2706798926198_2033d44238d4419c5ea0_72.jpg",
            "first_name": "Shaun",
            "real_name": "Shaun Thresher",
            "display_name": "Shaun Thresher",
            "team": "TJE58GTJL",
            "name": "shaunthresher",
            "is_restricted": false,
            "is_ultra_restricted": false
        },
        "blocks": [
            {
                "type": "rich_text",
                "block_id": "0db",
                "elements": [
                    {
                        "type": "rich_text_section",
                        "elements": [
                            {
                                "type": "text",
                                "text": "How is this different from something like Klaviyo?"
                            }
                        ]
                    }
                ]
            }
        ],
        "thread_ts": "1636210800.075400",
        "parent_user_id": "UJG9WTEKG"
    },
    {
        "client_msg_id": "78191870-01f2-4855-853d-4cc03c8209d9",
        "type": "message",
        "text": "Hey all—we handover the ownership of all content to our clients, but sometimes our writers ask if they can include what they've written in their portfolios. I don't have anything against it, but would rather ask the client first since they technically own the content. Is it okay to ask the client that or totally uncouth?",
        "user": "U02AJEY8ACW",
        "ts": "1636625997.088500",
        "team": "TJE58GTJL",
        "user_team": "TJE58GTJL",
        "source_team": "TJE58GTJL",
        "user_profile": {
            "avatar_hash": "a3fa1c4342fb",
            "image_72": "https:\/\/avatars.slack-edge.com\/2021-08-11\/2393938925632_a3fa1c4342fb8d904897_72.jpg",
            "first_name": "Maeva",
            "real_name": "Maeva Cifuentes",
            "display_name": "Maeva",
            "team": "TJE58GTJL",
            "name": "maeva",
            "is_restricted": false,
            "is_ultra_restricted": false
        },
        "blocks": [
            {
                "type": "rich_text",
                "block_id": "iVN",
                "elements": [
                    {
                        "type": "rich_text_section",
                        "elements": [
                            {
                                "type": "text",
                                "text": "Hey all—we handover the ownership of all content to our clients, but sometimes our writers ask if they can include what they've written in their portfolios. I don't have anything against it, but would rather ask the client first since they technically own the content. Is it okay to ask the client that or totally uncouth?"
                            }
                        ]
                    }
                ]
            }
        ],
        "thread_ts": "1636625997.088500",
        "reply_count": 4,
        "reply_users_count": 4,
        "latest_reply": "1637616966.109200",
        "reply_users": [
            "U028D815JA0",
            "U026RJJ46UW",
            "U01HEQWRG0G",
            "U02J7DM81AQ"
        ],
        "replies": [
            {
                "user": "U028D815JA0",
                "ts": "1636636460.089200"
            },
            {
                "user": "U026RJJ46UW",
                "ts": "1636637565.089400"
            },
            {
                "user": "U01HEQWRG0G",
                "ts": "1636654423.090000"
            },
            {
                "user": "U02J7DM81AQ",
                "ts": "1637616966.109200"
            }
        ],
        "is_locked": false,
        "subscribed": false
    },
    {
        "client_msg_id": "660fcfd7-963d-429c-a07c-c49e4354573a",
        "type": "message",
        "text": "I think you should <@U02AJEY8ACW>. Who knows? They might not object. But if don't ask, you'd never know for sure, and thus, you won't be able to give writers a concrete answer when they ask to include the work in their portfolios. So yeah, it won't hurt to ask. Or so I think...",
        "user": "U028D815JA0",
        "ts": "1636636460.089200",
        "team": "TJE58GTJL",
        "user_team": "TJE58GTJL",
        "source_team": "TJE58GTJL",
        "user_profile": {
            "avatar_hash": "7e2cf488ec83",
            "image_72": "https:\/\/avatars.slack-edge.com\/2021-11-09\/2701205349650_7e2cf488ec8355d9ecca_72.jpg",
            "first_name": "althea",
            "real_name": "althea storm",
            "display_name": "althea storm",
            "team": "TJE58GTJL",
            "name": "altheanymphcstorm",
            "is_restricted": false,
            "is_ultra_restricted": false
        },
        "blocks": [
            {
                "type": "rich_text",
                "block_id": "GAG",
                "elements": [
                    {
                        "type": "rich_text_section",
                        "elements": [
                            {
                                "type": "text",
                                "text": "I think you should "
                            },
                            {
                                "type": "user",
                                "user_id": "U02AJEY8ACW"
                            },
                            {
                                "type": "text",
                                "text": ". Who knows? They might not object. But if don't ask, you'd never know for sure, and thus, you won't be able to give writers a concrete answer when they ask to include the work in their portfolios. So yeah, it won't hurt to ask. Or so I think..."
                            }
                        ]
                    }
                ]
            }
        ],
        "thread_ts": "1636625997.088500",
        "parent_user_id": "U02AJEY8ACW"
    },
    {
        "client_msg_id": "e253d882-691b-4cce-9cc5-0fef9d1e3955",
        "type": "message",
        "text": "I did some writing for an agency at one point that allowed us to republish the work in our own portfolios, but the posts had to be de-indexed so it didn't hurt the client's SEO. I don't know if there was something specifically in the agreements with clients that informed them of this fact, but I do know that the agency was _not_ seeking permission on each individual piece.",
        "user": "U026RJJ46UW",
        "ts": "1636637565.089400",
        "team": "TJE58GTJL",
        "user_team": "TJE58GTJL",
        "source_team": "TJE58GTJL",
        "user_profile": {
            "avatar_hash": "c271cc94f005",
            "image_72": "https:\/\/avatars.slack-edge.com\/2021-11-09\/2706353693523_c271cc94f005a6f4f201_72.jpg",
            "first_name": "Anna",
            "real_name": "Anna Burgess Yang",
            "display_name": "Anna Burgess Yang",
            "team": "TJE58GTJL",
            "name": "awbyang",
            "is_restricted": false,
            "is_ultra_restricted": false
        },
        "edited": {
            "user": "U026RJJ46UW",
            "ts": "1636637576.000000"
        },
        "blocks": [
            {
                "type": "rich_text",
                "block_id": "VR63",
                "elements": [
                    {
                        "type": "rich_text_section",
                        "elements": [
                            {
                                "type": "text",
                                "text": "I did some writing for an agency at one point that allowed us to republish the work in our own portfolios, but the posts had to be de-indexed so it didn't hurt the client's SEO. I don't know if there was something specifically in the agreements with clients that informed them of this fact, but I do know that the agency was "
                            },
                            {
                                "type": "text",
                                "text": "not",
                                "style": {
                                    "italic": true
                                }
                            },
                            {
                                "type": "text",
                                "text": " seeking permission on each individual piece."
                            }
                        ]
                    }
                ]
            }
        ],
        "thread_ts": "1636625997.088500",
        "parent_user_id": "U02AJEY8ACW",
        "reactions": [
            {
                "name": "heavy_plus_sign",
                "users": [
                    "U024K88ECFN",
                    "U02ADS3DDFF",
                    "U02BTBBH887"
                ],
                "count": 3
            }
        ]
    },
    {
        "client_msg_id": "feffb597-f129-4992-9f0b-18fe2b38d94c",
        "type": "message",
        "text": "<@U02AJEY8ACW>, since you're coming across this, have you considered adding a clause to your ToS\/working agreements stipulating that work may appear in portfolios (with any proprietary info removed)?",
        "user": "U01HEQWRG0G",
        "ts": "1636654423.090000",
        "team": "TJE58GTJL",
        "user_team": "TJE58GTJL",
        "source_team": "TJE58GTJL",
        "user_profile": {
            "avatar_hash": "g102596d1121",
            "image_72": "https:\/\/secure.gravatar.com\/avatar\/102596d1121842e322ecc80a0d319be9.jpg?s=72&d=https%3A%2F%2Fa.slack-edge.com%2Fdf10d%2Fimg%2Favatars%2Fava_0018-72.png",
            "first_name": "",
            "real_name": "Theresa H",
            "display_name": "Theresa H",
            "team": "TJE58GTJL",
            "name": "sam226",
            "is_restricted": false,
            "is_ultra_restricted": false
        },
        "blocks": [
            {
                "type": "rich_text",
                "block_id": "J2jV",
                "elements": [
                    {
                        "type": "rich_text_section",
                        "elements": [
                            {
                                "type": "user",
                                "user_id": "U02AJEY8ACW"
                            },
                            {
                                "type": "text",
                                "text": ", since you're coming across this, have you considered adding a clause to your ToS\/working agreements stipulating that work may appear in portfolios (with any proprietary info removed)?"
                            }
                        ]
                    }
                ]
            }
        ],
        "thread_ts": "1636625997.088500",
        "parent_user_id": "U02AJEY8ACW"
    }
]