[
    {
        "type": "message",
        "subtype": "channel_topic",
        "ts": "1633383012.208600",
        "user": "UJG9WTEKG",
        "text": "set the channel topic: Sponsored by Campaign Monitor :partying_face:",
        "topic": "Sponsored by Campaign Monitor :partying_face:"
    },
    {
        "type": "message",
        "subtype": "channel_topic",
        "ts": "1633383122.208700",
        "user": "UJG9WTEKG",
        "text": "set the channel topic: Sponsored by Campaign Monitor :partying_face:\n\nMany thanks to the CM for helping us keep this community free! CM was founded by two agency founders looking for a better email solution. It was engineered for agencies from day one (way back in 2004).",
        "topic": "Sponsored by Campaign Monitor :partying_face:\n\nMany thanks to the CM for helping us keep this community free! CM was founded by two agency founders looking for a better email solution. It was engineered for agencies from day one (way back in 2004)."
    }
]