[
    {
        "client_msg_id": "e22b34cb-a028-4909-aa41-7f69ba63ec62",
        "type": "message",
        "text": "I run them in a couple niche newsletters relevant to my audience.\n\nI have gotten leads directly from the ads, but it's also a brand-building thing. We serve a very specific niche, so it helps to be on all the channels they use.",
        "user": "U029CTQ5X6Y",
        "ts": "1631184742.068600",
        "team": "TJE58GTJL",
        "user_team": "TJE58GTJL",
        "source_team": "TJE58GTJL",
        "user_profile": {
            "avatar_hash": "4d1afd4712b9",
            "image_72": "https:\/\/avatars.slack-edge.com\/2021-07-26\/2312909469026_4d1afd4712b9f77f1af8_72.jpg",
            "first_name": "Karl",
            "real_name": "Karl Hughes",
            "display_name": "Karl (Draft.dev)",
            "team": "TJE58GTJL",
            "name": "khughes.me",
            "is_restricted": false,
            "is_ultra_restricted": false
        },
        "blocks": [
            {
                "type": "rich_text",
                "block_id": "QF\/Y",
                "elements": [
                    {
                        "type": "rich_text_section",
                        "elements": [
                            {
                                "type": "text",
                                "text": "I run them in a couple niche newsletters relevant to my audience.\n\nI have gotten leads directly from the ads, but it's also a brand-building thing. We serve a very specific niche, so it helps to be on all the channels they use."
                            }
                        ]
                    }
                ]
            }
        ],
        "thread_ts": "1631129792.067300",
        "parent_user_id": "ULKUFTFPW"
    },
    {
        "client_msg_id": "842bffec-3fde-465d-a7a1-960b16ef662a",
        "type": "message",
        "text": "Have any agency folks out here had success driving new business with newsletters? Or are you using email in other creative ways to drive growth? Would love to hear more about what’s working, where you’re experimenting, or any agencies you think are killing it in the email space.",
        "user": "U02BRGBQZ8F",
        "ts": "1631192792.071400",
        "team": "TJE58GTJL",
        "user_team": "TJE58GTJL",
        "source_team": "TJE58GTJL",
        "user_profile": {
            "avatar_hash": "1815f81897a9",
            "image_72": "https:\/\/avatars.slack-edge.com\/2021-08-25\/2415612736677_1815f81897a92cc8ab0a_72.jpg",
            "first_name": "Adam",
            "real_name": "Adam Cohen",
            "display_name": "Adam Cohen",
            "team": "TJE58GTJL",
            "name": "acohen",
            "is_restricted": false,
            "is_ultra_restricted": false
        },
        "blocks": [
            {
                "type": "rich_text",
                "block_id": "5AGr",
                "elements": [
                    {
                        "type": "rich_text_section",
                        "elements": [
                            {
                                "type": "text",
                                "text": "Have any agency folks out here had success driving new business with newsletters? Or are you using email in other creative ways to drive growth? Would love to hear more about what’s working, where you’re experimenting, or any agencies you think are killing it in the email space."
                            }
                        ]
                    }
                ]
            }
        ],
        "thread_ts": "1631192792.071400",
        "reply_count": 4,
        "reply_users_count": 2,
        "latest_reply": "1631553977.085200",
        "reply_users": [
            "U02546A8D2B",
            "U02BRGBQZ8F"
        ],
        "replies": [
            {
                "user": "U02546A8D2B",
                "ts": "1631297253.074600"
            },
            {
                "user": "U02546A8D2B",
                "ts": "1631297278.074800"
            },
            {
                "user": "U02546A8D2B",
                "ts": "1631297295.075000"
            },
            {
                "user": "U02BRGBQZ8F",
                "ts": "1631553977.085200"
            }
        ],
        "is_locked": false,
        "subscribed": false
    }
]