[
    {
        "client_msg_id": "42090e6b-bc26-415b-a2da-cbc5a9401794",
        "type": "message",
        "text": "Right now I'm exploring just having two main categories high up on the homepage and navigation \"Brands\" and \"Creators\".",
        "user": "ULKUFTFPW",
        "ts": "1624459407.080200",
        "team": "TJE58GTJL",
        "user_team": "TJE58GTJL",
        "source_team": "TJE58GTJL",
        "user_profile": {
            "avatar_hash": "05a6aa1af83c",
            "image_72": "https:\/\/avatars.slack-edge.com\/2021-03-10\/1851102748596_05a6aa1af83c15a830e7_72.jpg",
            "first_name": "David",
            "real_name": "David C Hoos",
            "display_name": "David Hoos",
            "team": "TJE58GTJL",
            "name": "david.c.hoos",
            "is_restricted": false,
            "is_ultra_restricted": false
        },
        "blocks": [
            {
                "type": "rich_text",
                "block_id": "RIwAx",
                "elements": [
                    {
                        "type": "rich_text_section",
                        "elements": [
                            {
                                "type": "text",
                                "text": "Right now I'm exploring just having two main categories high up on the homepage and navigation \"Brands\" and \"Creators\"."
                            }
                        ]
                    }
                ]
            }
        ],
        "thread_ts": "1623873010.070700",
        "parent_user_id": "ULKUFTFPW"
    }
]