[
    {
        "client_msg_id": "B1EE0632-ABA1-4EB3-9E86-FD634A278244",
        "type": "message",
        "text": "Hi friends! Does anybody know any killer paid advertising and SEO agencies\/freelancers that they can recommend? Especially those who have experience working with software\/tech companies in Europe. Thanks in advance!",
        "user": "U02280S1Q8P",
        "ts": "1628234144.015800",
        "team": "TJE58GTJL",
        "user_team": "TJE58GTJL",
        "source_team": "TJE58GTJL",
        "user_profile": {
            "avatar_hash": "3f05acff412b",
            "image_72": "https:\/\/avatars.slack-edge.com\/2021-05-21\/2114610753520_3f05acff412bb3199fea_72.jpg",
            "first_name": "Audrey",
            "real_name": "Audrey Agahan",
            "display_name": "Audrey Agahan",
            "team": "TJE58GTJL",
            "name": "audrey",
            "is_restricted": false,
            "is_ultra_restricted": false
        },
        "blocks": [
            {
                "type": "rich_text",
                "block_id": "amXs0",
                "elements": [
                    {
                        "type": "rich_text_section",
                        "elements": [
                            {
                                "type": "text",
                                "text": "Hi friends! Does anybody know any killer paid advertising and SEO agencies\/freelancers that they can recommend? Especially those who have experience working with software\/tech companies in Europe. Thanks in advance!"
                            }
                        ]
                    }
                ]
            }
        ],
        "thread_ts": "1628234144.015800",
        "reply_count": 2,
        "reply_users_count": 2,
        "latest_reply": "1628702167.025200",
        "reply_users": [
            "U028XKQ8W59",
            "U02AJEY8ACW"
        ],
        "replies": [
            {
                "user": "U028XKQ8W59",
                "ts": "1628263997.016200"
            },
            {
                "user": "U02AJEY8ACW",
                "ts": "1628702167.025200"
            }
        ],
        "is_locked": false,
        "subscribed": false
    },
    {
        "client_msg_id": "0046a991-7c22-4af6-882d-3d4f55838895",
        "type": "message",
        "text": "We do this at my agency, <http:\/\/brolik.com>. Specifically, I do this at my agency. Just presented two brand messaging frameworks this week, and we also do visual branding. Typically our persona development\/TA analysis is separate, just as a general part of our onboarding new marketing clients, as we do the brand and messaging for our clients, but could adjust our process",
        "user": "U0113AV4895",
        "ts": "1628261445.015900",
        "team": "TJE58GTJL",
        "user_team": "TJE58GTJL",
        "source_team": "TJE58GTJL",
        "user_profile": {
            "avatar_hash": "abf6dd3a714a",
            "image_72": "https:\/\/avatars.slack-edge.com\/2020-05-06\/1107778466019_abf6dd3a714ac6e86603_72.jpg",
            "first_name": "Jessie",
            "real_name": "Jessie Wood",
            "display_name": "Jessie",
            "team": "TJE58GTJL",
            "name": "jessiewould",
            "is_restricted": false,
            "is_ultra_restricted": false
        },
        "edited": {
            "user": "U0113AV4895",
            "ts": "1628261498.000000"
        },
        "blocks": [
            {
                "type": "rich_text",
                "block_id": "Ixt",
                "elements": [
                    {
                        "type": "rich_text_section",
                        "elements": [
                            {
                                "type": "text",
                                "text": "We do this at my agency, "
                            },
                            {
                                "type": "link",
                                "url": "http:\/\/brolik.com"
                            },
                            {
                                "type": "text",
                                "text": ". Specifically, I do this at my agency. Just presented two brand messaging frameworks this week, and we also do visual branding. Typically our persona development\/TA analysis is separate, just as a general part of our onboarding new marketing clients, as we do the brand and messaging for our clients, but could adjust our process"
                            }
                        ]
                    }
                ]
            }
        ],
        "thread_ts": "1628092732.010300",
        "parent_user_id": "U0166H7KUAZ"
    },
    {
        "client_msg_id": "6a5d83fd-4e4b-4e8f-b416-c546b4d90078",
        "type": "message",
        "text": "We helped Nobly a epos software businesses with there SEO, they are based in the UK. Here is the case study on our work with them: <https:\/\/contrast.digital\/case-studies\/nobly\/>",
        "user": "U028XKQ8W59",
        "ts": "1628263997.016200",
        "team": "TJE58GTJL",
        "user_team": "TJE58GTJL",
        "source_team": "TJE58GTJL",
        "user_profile": {
            "avatar_hash": "b61923836e08",
            "image_72": "https:\/\/avatars.slack-edge.com\/2021-07-22\/2310499545956_b61923836e08a7afd493_72.png",
            "first_name": "Elliott",
            "real_name": "Elliott Davidson",
            "display_name": "Elliott Davidson",
            "team": "TJE58GTJL",
            "name": "elliott",
            "is_restricted": false,
            "is_ultra_restricted": false
        },
        "blocks": [
            {
                "type": "rich_text",
                "block_id": "tFu6",
                "elements": [
                    {
                        "type": "rich_text_section",
                        "elements": [
                            {
                                "type": "text",
                                "text": "We helped Nobly a epos software businesses with there SEO, they are based in the UK. Here is the case study on our work with them: "
                            },
                            {
                                "type": "link",
                                "url": "https:\/\/contrast.digital\/case-studies\/nobly\/"
                            }
                        ]
                    }
                ]
            }
        ],
        "thread_ts": "1628234144.015800",
        "parent_user_id": "U02280S1Q8P"
    },
    {
        "client_msg_id": "b68e3aea-6922-42df-a5e2-3c0e8c42aaf6",
        "type": "message",
        "text": "Who here uses content to attract leads to their agency website?",
        "user": "ULKUFTFPW",
        "ts": "1628284095.018000",
        "team": "TJE58GTJL",
        "user_team": "TJE58GTJL",
        "source_team": "TJE58GTJL",
        "user_profile": {
            "avatar_hash": "05a6aa1af83c",
            "image_72": "https:\/\/avatars.slack-edge.com\/2021-03-10\/1851102748596_05a6aa1af83c15a830e7_72.jpg",
            "first_name": "David",
            "real_name": "David C Hoos",
            "display_name": "David Hoos",
            "team": "TJE58GTJL",
            "name": "david.c.hoos",
            "is_restricted": false,
            "is_ultra_restricted": false
        },
        "blocks": [
            {
                "type": "rich_text",
                "block_id": "cp8m=",
                "elements": [
                    {
                        "type": "rich_text_section",
                        "elements": [
                            {
                                "type": "text",
                                "text": "Who here uses content to attract leads to their agency website?"
                            }
                        ]
                    }
                ]
            }
        ],
        "thread_ts": "1628284095.018000",
        "reply_count": 2,
        "reply_users_count": 2,
        "latest_reply": "1628520925.022400",
        "reply_users": [
            "U024K88ECFN",
            "U029CTQ5X6Y"
        ],
        "replies": [
            {
                "user": "U024K88ECFN",
                "ts": "1628520601.022200"
            },
            {
                "user": "U029CTQ5X6Y",
                "ts": "1628520925.022400"
            }
        ],
        "is_locked": false,
        "subscribed": false
    }
]