[
    {
        "client_msg_id": "0dfdd44a-07e8-4297-ae94-6d8c9eea0474",
        "type": "message",
        "text": "<@U029CTQ5X6Y> I love this and your processes seem so beautifully coordinated. #goals",
        "user": "U01NM31CTFU",
        "ts": "1633041364.189900",
        "team": "TJE58GTJL",
        "user_team": "TJE58GTJL",
        "source_team": "TJE58GTJL",
        "user_profile": {
            "avatar_hash": "788aae3c46d1",
            "image_72": "https:\/\/avatars.slack-edge.com\/2021-05-28\/2122915523844_788aae3c46d19c1058da_72.jpg",
            "first_name": "Maddy",
            "real_name": "Maddy Osman",
            "display_name": "Maddy Osman",
            "team": "TJE58GTJL",
            "name": "maddy527",
            "is_restricted": false,
            "is_ultra_restricted": false
        },
        "blocks": [
            {
                "type": "rich_text",
                "block_id": "J6A",
                "elements": [
                    {
                        "type": "rich_text_section",
                        "elements": [
                            {
                                "type": "user",
                                "user_id": "U029CTQ5X6Y"
                            },
                            {
                                "type": "text",
                                "text": " I love this and your processes seem so beautifully coordinated. #goals"
                            }
                        ]
                    }
                ]
            }
        ],
        "thread_ts": "1632503887.162800",
        "parent_user_id": "U01NM31CTFU"
    },
    {
        "client_msg_id": "b2c40ab0-fadd-4a81-b70b-29fb8cf26de6",
        "type": "message",
        "text": "Thanks <@U01NM31CTFU>! It's a work in progress, but it definitely helps to have a process.",
        "user": "U029CTQ5X6Y",
        "ts": "1633041903.190100",
        "team": "TJE58GTJL",
        "user_team": "TJE58GTJL",
        "source_team": "TJE58GTJL",
        "user_profile": {
            "avatar_hash": "4d1afd4712b9",
            "image_72": "https:\/\/avatars.slack-edge.com\/2021-07-26\/2312909469026_4d1afd4712b9f77f1af8_72.jpg",
            "first_name": "Karl",
            "real_name": "Karl Hughes",
            "display_name": "Karl (Draft.dev)",
            "team": "TJE58GTJL",
            "name": "khughes.me",
            "is_restricted": false,
            "is_ultra_restricted": false
        },
        "blocks": [
            {
                "type": "rich_text",
                "block_id": "96g=Z",
                "elements": [
                    {
                        "type": "rich_text_section",
                        "elements": [
                            {
                                "type": "text",
                                "text": "Thanks "
                            },
                            {
                                "type": "user",
                                "user_id": "U01NM31CTFU"
                            },
                            {
                                "type": "text",
                                "text": "! It's a work in progress, but it definitely helps to have a process."
                            }
                        ]
                    }
                ]
            }
        ],
        "thread_ts": "1632503887.162800",
        "parent_user_id": "U01NM31CTFU"
    }
]