[
    {
        "client_msg_id": "82f54b9f-ec02-4478-a667-c544aca56436",
        "type": "message",
        "text": "<@U02DR25115J> If you're looking for an alternate solution, you can try <https:\/\/narrato.io|Narrato Workspace> as well (disclaimer - I work with Narrato).\n\nHere's a case study of how a content agency uses Narrato WorkSpace for their content ops - <https:\/\/blog.narrato.io\/how-a-content-agency-replaced-all-content-creation-and-project-management-tools-with-narrato-workspace-case-study\/>",
        "user": "U022NPEBM18",
        "ts": "1631703803.094500",
        "team": "TJE58GTJL",
        "user_team": "TJE58GTJL",
        "source_team": "TJE58GTJL",
        "user_profile": {
            "avatar_hash": "g5853f346f4c",
            "image_72": "https:\/\/secure.gravatar.com\/avatar\/5853f346f4c719b06f4805a6be15beb4.jpg?s=72&d=https%3A%2F%2Fa.slack-edge.com%2Fdf10d%2Fimg%2Favatars%2Fava_0005-72.png",
            "first_name": "",
            "real_name": "Akshay Bhat",
            "display_name": "Akshay Bhat",
            "team": "TJE58GTJL",
            "name": "akshay",
            "is_restricted": false,
            "is_ultra_restricted": false
        },
        "edited": {
            "user": "U022NPEBM18",
            "ts": "1631703831.000000"
        },
        "attachments": [
            {
                "title": "Narrato WorkSpace - Content Creation &amp; Workflow Software",
                "title_link": "https:\/\/narrato.io\/",
                "text": "Narrato Workspace is a content creation, collaboration, workflow and project management tool that brings all your content processes and people on a single platform.",
                "fallback": "Narrato WorkSpace - Content Creation &amp; Workflow Software",
                "from_url": "https:\/\/narrato.io\/",
                "service_icon": "https:\/\/narrato.io\/favicon.ico",
                "service_name": "narrato.io",
                "id": 1,
                "original_url": "https:\/\/narrato.io"
            },
            {
                "service_name": "Narrato Blog",
                "title": "How a Content Agency Replaced All Content Creation and Project Management Tools with Narrato Workspace: Case Study",
                "title_link": "https:\/\/blog.narrato.io\/how-a-content-agency-replaced-all-content-creation-and-project-management-tools-with-narrato-workspace-case-study\/",
                "text": "Background and The Problem Content Agency Profile: The agency serves global clientele with thousands of customers in its portfolio. They offer content creation services for websites, blogs, social media and other internal and external publishing channels for companies. The Problem: The agency cr",
                "fallback": "Narrato Blog: How a Content Agency Replaced All Content Creation and Project Management Tools with Narrato Workspace: Case Study",
                "image_url": "https:\/\/blog.narrato.io\/wp-content\/uploads\/2021\/09\/case-study.png",
                "ts": 1630682547,
                "from_url": "https:\/\/blog.narrato.io\/how-a-content-agency-replaced-all-content-creation-and-project-management-tools-with-narrato-workspace-case-study\/",
                "image_width": 444,
                "image_height": 250,
                "image_bytes": 383500,
                "service_icon": "https:\/\/blog.narrato.io\/wp-content\/uploads\/2019\/05\/favicon.png",
                "id": 2,
                "original_url": "https:\/\/blog.narrato.io\/how-a-content-agency-replaced-all-content-creation-and-project-management-tools-with-narrato-workspace-case-study\/"
            }
        ],
        "blocks": [
            {
                "type": "rich_text",
                "block_id": "wVQ\/6",
                "elements": [
                    {
                        "type": "rich_text_section",
                        "elements": [
                            {
                                "type": "user",
                                "user_id": "U02DR25115J"
                            },
                            {
                                "type": "text",
                                "text": " If you're looking for an alternate solution, you can try "
                            },
                            {
                                "type": "link",
                                "url": "https:\/\/narrato.io",
                                "text": "Narrato Workspace"
                            },
                            {
                                "type": "text",
                                "text": " as well (disclaimer - I work with Narrato).\n\nHere's a case study of how a content agency uses Narrato WorkSpace for their content ops - "
                            },
                            {
                                "type": "link",
                                "url": "https:\/\/blog.narrato.io\/how-a-content-agency-replaced-all-content-creation-and-project-management-tools-with-narrato-workspace-case-study\/"
                            }
                        ]
                    }
                ]
            }
        ],
        "thread_ts": "1631645451.090600",
        "parent_user_id": "U02DR25115J"
    },
    {
        "client_msg_id": "20fde02e-c75a-4758-85aa-f0265d30c14b",
        "type": "message",
        "text": "Just here in solidarity with you. I’m in your shoes and figuring out long-term growth (ie a “wish list” of positions), trying to put a metric to determine at what critical point we need to hire more people, what roles and skills, etc.\n\nThere are also some great courses and interviews on Superpath on this topic to get you thinking.",
        "user": "U011QQDDSJV",
        "ts": "1631725228.098600",
        "team": "TJE58GTJL",
        "user_team": "TJE58GTJL",
        "source_team": "TJE58GTJL",
        "user_profile": {
            "avatar_hash": "26f290c29155",
            "image_72": "https:\/\/avatars.slack-edge.com\/2020-04-08\/1046081228023_26f290c2915541368412_72.png",
            "first_name": "Nikolas",
            "real_name": "Nikolas Wright",
            "display_name": "Nik",
            "team": "TJE58GTJL",
            "name": "wright.nikolas",
            "is_restricted": false,
            "is_ultra_restricted": false
        },
        "edited": {
            "user": "U011QQDDSJV",
            "ts": "1631750383.000000"
        },
        "blocks": [
            {
                "type": "rich_text",
                "block_id": "B4k5a",
                "elements": [
                    {
                        "type": "rich_text_section",
                        "elements": [
                            {
                                "type": "text",
                                "text": "Just here in solidarity with you. I’m in your shoes and figuring out long-term growth (ie a “wish list” of positions), trying to put a metric to determine at what critical point we need to hire more people, what roles and skills, etc.\n\nThere are also some great courses and interviews on Superpath on this topic to get you thinking."
                            }
                        ]
                    }
                ]
            }
        ],
        "thread_ts": "1631547616.084700",
        "parent_user_id": "U0113AV4895"
    },
    {
        "client_msg_id": "9ff8a176-4ef8-444e-9234-2bff13beaa07",
        "type": "message",
        "text": "We currently use Clickup (both agency-wide, and we have a homegrown Space for managing freelance writing assignments, with mixed success). Happy to talk shop.",
        "user": "U011QQDDSJV",
        "ts": "1631725365.098900",
        "team": "TJE58GTJL",
        "user_team": "TJE58GTJL",
        "source_team": "TJE58GTJL",
        "user_profile": {
            "avatar_hash": "26f290c29155",
            "image_72": "https:\/\/avatars.slack-edge.com\/2020-04-08\/1046081228023_26f290c2915541368412_72.png",
            "first_name": "Nikolas",
            "real_name": "Nikolas Wright",
            "display_name": "Nik",
            "team": "TJE58GTJL",
            "name": "wright.nikolas",
            "is_restricted": false,
            "is_ultra_restricted": false
        },
        "blocks": [
            {
                "type": "rich_text",
                "block_id": "K=H",
                "elements": [
                    {
                        "type": "rich_text_section",
                        "elements": [
                            {
                                "type": "text",
                                "text": "We currently use Clickup (both agency-wide, and we have a homegrown Space for managing freelance writing assignments, with mixed success). Happy to talk shop."
                            }
                        ]
                    }
                ]
            }
        ],
        "thread_ts": "1631645451.090600",
        "parent_user_id": "U02DR25115J"
    },
    {
        "client_msg_id": "d5a57e14-1f0a-49e3-a3bc-f94f94681256",
        "type": "message",
        "text": "Late to the thread.\n\nAlso running a content operation at an SEO agency.\n\nI generally am OK with one-off requests for another day (I kind of build in sacrificial time into our editorial operations for this sort of thing). But our agency and client load is growing, which means we’re scaling, which also means missed deadlines screws up our weekly planning. As we scale and I hand off more day-to-day editorial tasks, we need to tighten up on some writers.\n\nI tend to have a good rapport with our writers, and seldom do I drop the hammer unless certain writers become reliable disappointments. The line gets blurred when I have a really great SME for a niche topic who I’d prefer to give some slack in exchange for the superb copy they produce. But I don’t have such patience for sloppy work, and tend to reduce or eliminate the work orders I assign to those folks.\n\nThe idea of a strike system written into our contracts is the next step for us, appreciate y’all who mentioned that here. Incentives for writers doesn’t appeal to me. I tend to give more work and sometimes offer higher rates to writers who consistently hit copy deadline.\n\nOne side note: I have a few writers who have day jobs and freelance on the side. I’m never their top priority, so when SHTF in their job, I have no recourse except to wait (or cancel the job). I hire a few of these folks because they’re experts in a particular topic but generally stick to freelancers.",
        "user": "U011QQDDSJV",
        "ts": "1631734283.099200",
        "team": "TJE58GTJL",
        "user_team": "TJE58GTJL",
        "source_team": "TJE58GTJL",
        "user_profile": {
            "avatar_hash": "26f290c29155",
            "image_72": "https:\/\/avatars.slack-edge.com\/2020-04-08\/1046081228023_26f290c2915541368412_72.png",
            "first_name": "Nikolas",
            "real_name": "Nikolas Wright",
            "display_name": "Nik",
            "team": "TJE58GTJL",
            "name": "wright.nikolas",
            "is_restricted": false,
            "is_ultra_restricted": false
        },
        "edited": {
            "user": "U011QQDDSJV",
            "ts": "1631734328.000000"
        },
        "blocks": [
            {
                "type": "rich_text",
                "block_id": "5jUWL",
                "elements": [
                    {
                        "type": "rich_text_section",
                        "elements": [
                            {
                                "type": "text",
                                "text": "Late to the thread.\n\nAlso running a content operation at an SEO agency.\n\nI generally am OK with one-off requests for another day (I kind of build in sacrificial time into our editorial operations for this sort of thing). But our agency and client load is growing, which means we’re scaling, which also means missed deadlines screws up our weekly planning. As we scale and I hand off more day-to-day editorial tasks, we need to tighten up on some writers.\n\nI tend to have a good rapport with our writers, and seldom do I drop the hammer unless certain writers become reliable disappointments. The line gets blurred when I have a really great SME for a niche topic who I’d prefer to give some slack in exchange for the superb copy they produce. But I don’t have such patience for sloppy work, and tend to reduce or eliminate the work orders I assign to those folks.\n\nThe idea of a strike system written into our contracts is the next step for us, appreciate y’all who mentioned that here. Incentives for writers doesn’t appeal to me. I tend to give more work and sometimes offer higher rates to writers who consistently hit copy deadline.\n\nOne side note: I have a few writers who have day jobs and freelance on the side. I’m never their top priority, so when SHTF in their job, I have no recourse except to wait (or cancel the job). I hire a few of these folks because they’re experts in a particular topic but generally stick to freelancers."
                            }
                        ]
                    }
                ]
            }
        ],
        "thread_ts": "1628876642.030500",
        "parent_user_id": "U01NM31CTFU",
        "reactions": [
            {
                "name": "bangbang",
                "users": [
                    "U024K88ECFN"
                ],
                "count": 1
            }
        ]
    }
]