[
    {
        "client_msg_id": "29456fc9-f93c-490b-8d85-a3bd612fbec9",
        "type": "message",
        "text": "<@U02LZH7MCRM> can you move this to <#C012AUSC85C|promotion>?",
        "user": "UJG9WTEKG",
        "ts": "1637695037.115600",
        "team": "TJE58GTJL",
        "user_team": "TJE58GTJL",
        "source_team": "TJE58GTJL",
        "user_profile": {
            "avatar_hash": "gc25b94e6ebf",
            "image_72": "https:\/\/secure.gravatar.com\/avatar\/eec25b94e6ebf55f0b7933372344cd09.jpg?s=72&d=https%3A%2F%2Fa.slack-edge.com%2Fdf10d%2Fimg%2Favatars%2Fava_0001-72.png",
            "first_name": "Jimmy",
            "real_name": "Jimmy Daly",
            "display_name": "",
            "team": "TJE58GTJL",
            "name": "runjimdaly",
            "is_restricted": false,
            "is_ultra_restricted": false
        },
        "blocks": [
            {
                "type": "rich_text",
                "block_id": "LKUoI",
                "elements": [
                    {
                        "type": "rich_text_section",
                        "elements": [
                            {
                                "type": "user",
                                "user_id": "U02LZH7MCRM"
                            },
                            {
                                "type": "text",
                                "text": " can you move this to "
                            },
                            {
                                "type": "channel",
                                "channel_id": "C012AUSC85C"
                            },
                            {
                                "type": "text",
                                "text": "?"
                            }
                        ]
                    }
                ]
            }
        ],
        "thread_ts": "1637616670.109000",
        "parent_user_id": "USLACKBOT"
    },
    {
        "client_msg_id": "c29efa11-82b3-436d-8f75-2acb4a0466bd",
        "type": "message",
        "text": "<@U024761FLQ5> sorry just saw this! Biggest differentiator for CM is design. the emails look so good",
        "user": "UJG9WTEKG",
        "ts": "1637695135.115900",
        "team": "TJE58GTJL",
        "user_team": "TJE58GTJL",
        "source_team": "TJE58GTJL",
        "user_profile": {
            "avatar_hash": "gc25b94e6ebf",
            "image_72": "https:\/\/secure.gravatar.com\/avatar\/eec25b94e6ebf55f0b7933372344cd09.jpg?s=72&d=https%3A%2F%2Fa.slack-edge.com%2Fdf10d%2Fimg%2Favatars%2Fava_0001-72.png",
            "first_name": "Jimmy",
            "real_name": "Jimmy Daly",
            "display_name": "",
            "team": "TJE58GTJL",
            "name": "runjimdaly",
            "is_restricted": false,
            "is_ultra_restricted": false
        },
        "blocks": [
            {
                "type": "rich_text",
                "block_id": "HaR",
                "elements": [
                    {
                        "type": "rich_text_section",
                        "elements": [
                            {
                                "type": "user",
                                "user_id": "U024761FLQ5"
                            },
                            {
                                "type": "text",
                                "text": " sorry just saw this! Biggest differentiator for CM is design. the emails look so good"
                            }
                        ]
                    }
                ]
            }
        ],
        "thread_ts": "1636210800.075400",
        "parent_user_id": "UJG9WTEKG"
    },
    {
        "client_msg_id": "a3efa6b7-be90-4d79-8a22-b6ca510ae3fc",
        "type": "message",
        "text": "Thanks for the clarity.",
        "user": "U024761FLQ5",
        "ts": "1637695183.116100",
        "team": "TJE58GTJL",
        "user_team": "TJE58GTJL",
        "source_team": "TJE58GTJL",
        "user_profile": {
            "avatar_hash": "2033d44238d4",
            "image_72": "https:\/\/avatars.slack-edge.com\/2021-11-11\/2706798926198_2033d44238d4419c5ea0_72.jpg",
            "first_name": "Shaun",
            "real_name": "Shaun Thresher",
            "display_name": "Shaun Thresher",
            "team": "TJE58GTJL",
            "name": "shaunthresher",
            "is_restricted": false,
            "is_ultra_restricted": false
        },
        "blocks": [
            {
                "type": "rich_text",
                "block_id": "KfXjB",
                "elements": [
                    {
                        "type": "rich_text_section",
                        "elements": [
                            {
                                "type": "text",
                                "text": "Thanks for the clarity."
                            }
                        ]
                    }
                ]
            }
        ],
        "thread_ts": "1636210800.075400",
        "parent_user_id": "UJG9WTEKG"
    }
]