[
    {
        "client_msg_id": "a1c3582b-4a75-4fad-9af9-e5a4376cadd0",
        "type": "message",
        "text": "Hey guys, don't know if this has been shared already but here it goes. This is the list of all Digital Marketing Specialists in Ukraine that lost their jobs due to the war. Maybe you have some extra work lying around and would like to have a chat with a few -&gt; <https:\/\/docs.google.com\/spreadsheets\/d\/1RRSCov8EiIVC2VZs6oTIH4_OaMaS4aUrpMyPuz9Yn7Q\/edit?usp=sharing>",
        "user": "U02FYFXCMPZ",
        "ts": "1646639361.525159",
        "team": "TJE58GTJL",
        "user_team": "TJE58GTJL",
        "source_team": "TJE58GTJL",
        "user_profile": {
            "avatar_hash": "1f72bb534c5e",
            "image_72": "https:\/\/avatars.slack-edge.com\/2021-10-04\/2575377055057_1f72bb534c5eb280c983_72.png",
            "first_name": "Rasa",
            "real_name": "Rasa Sosnovskytė",
            "display_name": "Rasa Sosnovskytė",
            "team": "TJE58GTJL",
            "name": "rasa.sosnovskyte",
            "is_restricted": false,
            "is_ultra_restricted": false
        },
        "blocks": [
            {
                "type": "rich_text",
                "block_id": "E2K",
                "elements": [
                    {
                        "type": "rich_text_section",
                        "elements": [
                            {
                                "type": "text",
                                "text": "Hey guys, don't know if this has been shared already but here it goes. This is the list of all Digital Marketing Specialists in Ukraine that lost their jobs due to the war. Maybe you have some extra work lying around and would like to have a chat with a few -> "
                            },
                            {
                                "type": "link",
                                "url": "https:\/\/docs.google.com\/spreadsheets\/d\/1RRSCov8EiIVC2VZs6oTIH4_OaMaS4aUrpMyPuz9Yn7Q\/edit?usp=sharing"
                            }
                        ]
                    }
                ]
            }
        ],
        "thread_ts": "1646639361.525159",
        "reply_count": 1,
        "reply_users_count": 1,
        "latest_reply": "1646814138.787459",
        "reply_users": [
            "U01K04GSZ5E"
        ],
        "replies": [
            {
                "user": "U01K04GSZ5E",
                "ts": "1646814138.787459"
            }
        ],
        "is_locked": false,
        "subscribed": false,
        "reactions": [
            {
                "name": "pray",
                "users": [
                    "U0344825724",
                    "UJG9WTEKG",
                    "U020EL92NBZ",
                    "U010UHR7PED",
                    "U02FNEQF3SQ",
                    "U01DGESFV28",
                    "U01N4EQQTL6",
                    "U02CUMU0PMG",
                    "U02GY5WTFQU",
                    "U023XF9GFQB",
                    "UUXPJ96EQ",
                    "U02KR8EC0TY"
                ],
                "count": 12
            }
        ]
    },
    {
        "type": "message",
        "subtype": "slackbot_response",
        "text": "Hello! Not all of our members are guys. In an effort to be more conscious of the language we use to address each other, why not try “Hey, folks,” or “Hey everyone” instead?",
        "user": "USLACKBOT",
        "ts": "1646639362.666099",
        "reactions": [
            {
                "name": "yellow_heart",
                "users": [
                    "U02HVLKQMRA",
                    "UUVS0C6MT"
                ],
                "count": 2
            }
        ]
    }
]