[
    {
        "client_msg_id": "46cb8f79-0b69-49b0-88ff-4388c8cdc0d3",
        "type": "message",
        "text": "<@U01L7S9CVNG> I'm a little late to the party but my team at <http:\/\/creativeadbundance.com|creativeadbundance.com> specializes in paid social and offers low priced package options ($3.5K for a test, $6.5K for 1 month). Let me know if you are interested in learning more about what we can do.",
        "user": "U030W3J5CBT",
        "ts": "1643972030.654989",
        "team": "TJE58GTJL",
        "user_team": "TJE58GTJL",
        "source_team": "TJE58GTJL",
        "user_profile": {
            "avatar_hash": "515899b57cfb",
            "image_72": "https:\/\/avatars.slack-edge.com\/2022-02-04\/3053988273573_515899b57cfb6d73ec40_72.png",
            "first_name": "Amber",
            "real_name": "Amber Macho",
            "display_name": "Amber Macho",
            "team": "TJE58GTJL",
            "name": "amber120",
            "is_restricted": false,
            "is_ultra_restricted": false
        },
        "blocks": [
            {
                "type": "rich_text",
                "block_id": "KOx",
                "elements": [
                    {
                        "type": "rich_text_section",
                        "elements": [
                            {
                                "type": "user",
                                "user_id": "U01L7S9CVNG"
                            },
                            {
                                "type": "text",
                                "text": " I'm a little late to the party but my team at "
                            },
                            {
                                "type": "link",
                                "url": "http:\/\/creativeadbundance.com",
                                "text": "creativeadbundance.com"
                            },
                            {
                                "type": "text",
                                "text": " specializes in paid social and offers low priced package options ($3.5K for a test, $6.5K for 1 month). Let me know if you are interested in learning more about what we can do."
                            }
                        ]
                    }
                ]
            }
        ],
        "thread_ts": "1643130833.063800",
        "parent_user_id": "U01L7S9CVNG",
        "reactions": [
            {
                "name": "+1::skin-tone-4",
                "users": [
                    "U01L7S9CVNG"
                ],
                "count": 1
            }
        ]
    },
    {
        "client_msg_id": "e1a802ff-72bc-45ec-b035-7d9609466a48",
        "type": "message",
        "text": "Would be happy to help :slightly_smiling_face:",
        "user": "U02UXNJDU9Z",
        "ts": "1643981531.454279",
        "team": "TJE58GTJL",
        "user_team": "TJE58GTJL",
        "source_team": "TJE58GTJL",
        "user_profile": {
            "avatar_hash": "4915d2ac90bd",
            "image_72": "https:\/\/avatars.slack-edge.com\/2022-01-21\/2980542689254_4915d2ac90bd31bb4e13_72.jpg",
            "first_name": "sagar",
            "real_name": "sagar bhatia",
            "display_name": "sagar bhatia",
            "team": "TJE58GTJL",
            "name": "sagar123bhatia",
            "is_restricted": false,
            "is_ultra_restricted": false
        },
        "blocks": [
            {
                "type": "rich_text",
                "block_id": "Ig6OV",
                "elements": [
                    {
                        "type": "rich_text_section",
                        "elements": [
                            {
                                "type": "text",
                                "text": "Would be happy to help "
                            },
                            {
                                "type": "emoji",
                                "name": "slightly_smiling_face"
                            }
                        ]
                    }
                ]
            }
        ],
        "thread_ts": "1642712491.042500",
        "parent_user_id": "U02Q8U5T7TP"
    },
    {
        "client_msg_id": "71251a32-baf6-44b8-9321-7a1662500a11",
        "type": "message",
        "text": "Thanks so much, <@U02SU2BECCA> and <@U01P13NTGG6>. Part of the issue is that we don't _just_ do mid- to high-end editorial content. We also sometimes take on high-volume projects where we can use junior members of our team to crank out the work w\/ minimal oversight. For instance, we write the company descriptions for a certain magazine's list of fast-growing businesses. But it occurs to me as I type... we could just, like, say _that_ on our site.",
        "user": "U01NJ39M36K",
        "ts": "1643990190.374529",
        "team": "TJE58GTJL",
        "user_team": "TJE58GTJL",
        "source_team": "TJE58GTJL",
        "user_profile": {
            "avatar_hash": "4f5786a722ae",
            "image_72": "https:\/\/avatars.slack-edge.com\/2021-02-23\/1798556587425_4f5786a722aed9751baf_72.jpg",
            "first_name": "Michaela",
            "real_name": "Michaela Cavallaro",
            "display_name": "Michaela Cavallaro",
            "team": "TJE58GTJL",
            "name": "michaela",
            "is_restricted": false,
            "is_ultra_restricted": false
        },
        "blocks": [
            {
                "type": "rich_text",
                "block_id": "ue9yD",
                "elements": [
                    {
                        "type": "rich_text_section",
                        "elements": [
                            {
                                "type": "text",
                                "text": "Thanks so much, "
                            },
                            {
                                "type": "user",
                                "user_id": "U02SU2BECCA"
                            },
                            {
                                "type": "text",
                                "text": " and "
                            },
                            {
                                "type": "user",
                                "user_id": "U01P13NTGG6"
                            },
                            {
                                "type": "text",
                                "text": ". Part of the issue is that we don't "
                            },
                            {
                                "type": "text",
                                "text": "just",
                                "style": {
                                    "italic": true
                                }
                            },
                            {
                                "type": "text",
                                "text": " do mid- to high-end editorial content. We also sometimes take on high-volume projects where we can use junior members of our team to crank out the work w\/ minimal oversight. For instance, we write the company descriptions for a certain magazine's list of fast-growing businesses. But it occurs to me as I type... we could just, like, say "
                            },
                            {
                                "type": "text",
                                "text": "that",
                                "style": {
                                    "italic": true
                                }
                            },
                            {
                                "type": "text",
                                "text": " on our site."
                            }
                        ]
                    }
                ]
            }
        ],
        "thread_ts": "1643925627.134129",
        "parent_user_id": "U01NJ39M36K",
        "reactions": [
            {
                "name": "bulb",
                "users": [
                    "U02SU2BECCA",
                    "U02NJDGLMJ4",
                    "U024K88ECFN"
                ],
                "count": 3
            },
            {
                "name": "point_up_2",
                "users": [
                    "U01P13NTGG6"
                ],
                "count": 1
            }
        ]
    },
    {
        "client_msg_id": "ec224198-880e-4781-a7ca-99779707db34",
        "type": "message",
        "text": "Hey Lawrence, I’ve bought 3 agencies (2 in 2018 and 1 in July 2021) and would be happy to connect for a few and talk through a lot of the things to consider as well as watch out for.",
        "user": "U02J27U2X37",
        "ts": "1643993849.873729",
        "team": "TJE58GTJL",
        "user_team": "TJE58GTJL",
        "source_team": "TJE58GTJL",
        "user_profile": {
            "avatar_hash": "cd768c76b239",
            "image_72": "https:\/\/avatars.slack-edge.com\/2021-10-18\/2640917880400_cd768c76b23962f1df8a_72.jpg",
            "first_name": "Nick",
            "real_name": "Nick Eubanks",
            "display_name": "Nick Eubanks",
            "team": "TJE58GTJL",
            "name": "me1013",
            "is_restricted": false,
            "is_ultra_restricted": false
        },
        "blocks": [
            {
                "type": "rich_text",
                "block_id": "zwUQ",
                "elements": [
                    {
                        "type": "rich_text_section",
                        "elements": [
                            {
                                "type": "text",
                                "text": "Hey Lawrence, I’ve bought 3 agencies (2 in 2018 and 1 in July 2021) and would be happy to connect for a few and talk through a lot of the things to consider as well as watch out for."
                            }
                        ]
                    }
                ]
            }
        ],
        "thread_ts": "1643120059.057300",
        "parent_user_id": "U02SU2BECCA"
    }
]