[
    {
        "client_msg_id": "7d3e7950-aac5-4b9c-8b07-bb8c5a7d3ad0",
        "type": "message",
        "text": "Yeah, we put our minimum quarterly commitment size on the “book a call” page. This weeds out a lot of the tire kickers.\n\nThat said, we still have 10-20 bookings per week, and we probably need to find ways to trim that down more.",
        "user": "U029CTQ5X6Y",
        "ts": "1644255221.077249",
        "team": "TJE58GTJL",
        "user_team": "TJE58GTJL",
        "source_team": "TJE58GTJL",
        "user_profile": {
            "avatar_hash": "4d1afd4712b9",
            "image_72": "https:\/\/avatars.slack-edge.com\/2021-07-26\/2312909469026_4d1afd4712b9f77f1af8_72.jpg",
            "first_name": "Karl",
            "real_name": "Karl Hughes",
            "display_name": "Karl (Draft.dev)",
            "team": "TJE58GTJL",
            "name": "khughes.me",
            "is_restricted": false,
            "is_ultra_restricted": false
        },
        "blocks": [
            {
                "type": "rich_text",
                "block_id": "VuXMF",
                "elements": [
                    {
                        "type": "rich_text_section",
                        "elements": [
                            {
                                "type": "text",
                                "text": "Yeah, we put our minimum quarterly commitment size on the “book a call” page. This weeds out a lot of the tire kickers.\n\nThat said, we still have 10-20 bookings per week, and we probably need to find ways to trim that down more."
                            }
                        ]
                    }
                ]
            }
        ],
        "thread_ts": "1643925627.134129",
        "parent_user_id": "U01NJ39M36K"
    },
    {
        "client_msg_id": "96dc86e9-e90a-4b87-921a-cb813a4e47bd",
        "type": "message",
        "text": "I just found myself in an agency shootout!\n\nNot literally, but a big company we work with has contracted us and two competitive agencies to produce content. Now, they’ve asked all three of us to meet with them weekly to discuss things. It’s a little awkward, but we’re willing to try it out. I have a feeling they’re trying to put the screws down and pressure us all into jumping through hoops or lowering our prices or something though, so I’m not really jazzed about it.\n\nAnyway, I’m not worried about our quality of work - I think we can stand with anyone - but I’m curious if anyone else has been through one of these? Any tips?",
        "user": "U029CTQ5X6Y",
        "ts": "1644255665.468609",
        "team": "TJE58GTJL",
        "user_team": "TJE58GTJL",
        "source_team": "TJE58GTJL",
        "user_profile": {
            "avatar_hash": "4d1afd4712b9",
            "image_72": "https:\/\/avatars.slack-edge.com\/2021-07-26\/2312909469026_4d1afd4712b9f77f1af8_72.jpg",
            "first_name": "Karl",
            "real_name": "Karl Hughes",
            "display_name": "Karl (Draft.dev)",
            "team": "TJE58GTJL",
            "name": "khughes.me",
            "is_restricted": false,
            "is_ultra_restricted": false
        },
        "blocks": [
            {
                "type": "rich_text",
                "block_id": "fTVXJ",
                "elements": [
                    {
                        "type": "rich_text_section",
                        "elements": [
                            {
                                "type": "text",
                                "text": "I just found myself in an agency shootout!\n\nNot literally, but a big company we work with has contracted us and two competitive agencies to produce content. Now, they’ve asked all three of us to meet with them weekly to discuss things. It’s a little awkward, but we’re willing to try it out. I have a feeling they’re trying to put the screws down and pressure us all into jumping through hoops or lowering our prices or something though, so I’m not really jazzed about it.\n\nAnyway, I’m not worried about our quality of work - I think we can stand with anyone - but I’m curious if anyone else has been through one of these? Any tips?"
                            }
                        ]
                    }
                ]
            }
        ],
        "thread_ts": "1644255665.468609",
        "reply_count": 2,
        "reply_users_count": 2,
        "latest_reply": "1644995658.365679",
        "reply_users": [
            "U024K88ECFN",
            "U02MJEXDFCH"
        ],
        "replies": [
            {
                "user": "U024K88ECFN",
                "ts": "1644336719.613069"
            },
            {
                "user": "U02MJEXDFCH",
                "ts": "1644995658.365679"
            }
        ],
        "is_locked": false,
        "subscribed": false
    },
    {
        "client_msg_id": "fa2c7d32-89f3-4a28-bb58-f17fb8e4093c",
        "type": "message",
        "text": "<@U029CTQ5X6Y> that's great though! What's the close rate on those? Anything you can add friction around to better qualify?",
        "user": "UUXMCJQ15",
        "ts": "1644265646.823529",
        "team": "TJE58GTJL",
        "user_team": "TJE58GTJL",
        "source_team": "TJE58GTJL",
        "user_profile": {
            "avatar_hash": "g6e525101d39",
            "image_72": "https:\/\/secure.gravatar.com\/avatar\/6e525101d39a0ff9ea2ac1c51a176ba8.jpg?s=72&d=https%3A%2F%2Fa.slack-edge.com%2Fdf10d%2Fimg%2Favatars%2Fava_0000-72.png",
            "first_name": "Brendan",
            "real_name": "Brendan Hufford",
            "display_name": "Brendan Hufford",
            "team": "TJE58GTJL",
            "name": "brendanhufford",
            "is_restricted": false,
            "is_ultra_restricted": false
        },
        "blocks": [
            {
                "type": "rich_text",
                "block_id": "87oF",
                "elements": [
                    {
                        "type": "rich_text_section",
                        "elements": [
                            {
                                "type": "user",
                                "user_id": "U029CTQ5X6Y"
                            },
                            {
                                "type": "text",
                                "text": " that's great though! What's the close rate on those? Anything you can add friction around to better qualify?"
                            }
                        ]
                    }
                ]
            }
        ],
        "thread_ts": "1643925627.134129",
        "parent_user_id": "U01NJ39M36K",
        "reactions": [
            {
                "name": "point_up_2",
                "users": [
                    "U01P13NTGG6"
                ],
                "count": 1
            }
        ]
    },
    {
        "client_msg_id": "2470279c-5c5f-41bf-87ce-c83c89dcbfb2",
        "type": "message",
        "text": "<@UUXMCJQ15> it’s a good problem to have. We close 1-2 per week, but a lot of them are on our follow-up list for the long-run.\n\nSince my sales guy is still pretty new, I’ve been having him take the calls just to give him more reps, but I like the idea of adding some screening questions. I may need to discuss that with him.",
        "user": "U029CTQ5X6Y",
        "ts": "1644268260.093579",
        "team": "TJE58GTJL",
        "user_team": "TJE58GTJL",
        "source_team": "TJE58GTJL",
        "user_profile": {
            "avatar_hash": "4d1afd4712b9",
            "image_72": "https:\/\/avatars.slack-edge.com\/2021-07-26\/2312909469026_4d1afd4712b9f77f1af8_72.jpg",
            "first_name": "Karl",
            "real_name": "Karl Hughes",
            "display_name": "Karl (Draft.dev)",
            "team": "TJE58GTJL",
            "name": "khughes.me",
            "is_restricted": false,
            "is_ultra_restricted": false
        },
        "blocks": [
            {
                "type": "rich_text",
                "block_id": "yRnIL",
                "elements": [
                    {
                        "type": "rich_text_section",
                        "elements": [
                            {
                                "type": "user",
                                "user_id": "UUXMCJQ15"
                            },
                            {
                                "type": "text",
                                "text": " it’s a good problem to have. We close 1-2 per week, but a lot of them are on our follow-up list for the long-run.\n\nSince my sales guy is still pretty new, I’ve been having him take the calls just to give him more reps, but I like the idea of adding some screening questions. I may need to discuss that with him."
                            }
                        ]
                    }
                ]
            }
        ],
        "thread_ts": "1643925627.134129",
        "parent_user_id": "U01NJ39M36K"
    }
]