[
    {
        "client_msg_id": "f2b971e1-a075-4852-820a-7c6c64b2703a",
        "type": "message",
        "text": "• Narrato for content creation + Briefs + Optimization suggestions + Team collaboration. They've also introduced SEO briefs recently (<https:\/\/narrato.io>)\n• Ahrefs, UberSuggest for keyword\/backlink research (<https:\/\/app.neilpatel.com\/en\/dashboard>)\n• Canva, Undraw for graphics\n• Unsplash for stock images\n",
        "user": "U032V06GP38",
        "ts": "1646031590.222609",
        "team": "TJE58GTJL",
        "user_team": "TJE58GTJL",
        "source_team": "TJE58GTJL",
        "user_profile": {
            "avatar_hash": "gee661d2ec38",
            "image_72": "https:\/\/secure.gravatar.com\/avatar\/ee661d2ec38dd758840d850b62458433.jpg?s=72&d=https%3A%2F%2Fa.slack-edge.com%2Fdf10d%2Fimg%2Favatars%2Fava_0002-72.png",
            "first_name": "Neelam",
            "real_name": "Neelam Goswami",
            "display_name": "Neelam Goswami",
            "team": "TJE58GTJL",
            "name": "neelam.gswm25",
            "is_restricted": false,
            "is_ultra_restricted": false
        },
        "attachments": [
            {
                "from_url": "https:\/\/narrato.io\/",
                "service_icon": "https:\/\/narrato.io\/favicon.ico",
                "id": 1,
                "original_url": "https:\/\/narrato.io",
                "fallback": "Narrato WorkSpace - Content Creation &amp; Workflow Software",
                "text": "Narrato Workspace is a content creation, collaboration, workflow and project management tool that brings all your content processes and people on a single platform.",
                "title": "Narrato WorkSpace - Content Creation &amp; Workflow Software",
                "title_link": "https:\/\/narrato.io\/",
                "service_name": "narrato.io"
            }
        ],
        "blocks": [
            {
                "type": "rich_text",
                "block_id": "YUOb",
                "elements": [
                    {
                        "type": "rich_text_list",
                        "elements": [
                            {
                                "type": "rich_text_section",
                                "elements": [
                                    {
                                        "type": "text",
                                        "text": "Narrato for content creation + Briefs + Optimization suggestions + Team collaboration. They've also introduced SEO briefs recently ("
                                    },
                                    {
                                        "type": "link",
                                        "url": "https:\/\/narrato.io"
                                    },
                                    {
                                        "type": "text",
                                        "text": ")"
                                    }
                                ]
                            },
                            {
                                "type": "rich_text_section",
                                "elements": [
                                    {
                                        "type": "text",
                                        "text": "Ahrefs, UberSuggest for keyword\/backlink research ("
                                    },
                                    {
                                        "type": "link",
                                        "url": "https:\/\/app.neilpatel.com\/en\/dashboard"
                                    },
                                    {
                                        "type": "text",
                                        "text": ")"
                                    }
                                ]
                            },
                            {
                                "type": "rich_text_section",
                                "elements": [
                                    {
                                        "type": "text",
                                        "text": "Canva, Undraw for graphics"
                                    }
                                ]
                            },
                            {
                                "type": "rich_text_section",
                                "elements": [
                                    {
                                        "type": "text",
                                        "text": "Unsplash for stock images"
                                    }
                                ]
                            }
                        ],
                        "style": "bullet",
                        "indent": 0,
                        "border": 0
                    },
                    {
                        "type": "rich_text_section",
                        "elements": []
                    }
                ]
            }
        ],
        "thread_ts": "1645824702.342259",
        "parent_user_id": "U030U5Y08TW"
    }
]