[
    {
        "type": "message",
        "subtype": "channel_join",
        "ts": "1621347492.000200",
        "user": "ULJBEFSJJ",
        "text": "<@ULJBEFSJJ> has joined the channel"
    },
    {
        "type": "message",
        "subtype": "channel_join",
        "ts": "1621347535.000400",
        "user": "U01QNH5QUG7",
        "text": "<@U01QNH5QUG7> has joined the channel"
    },
    {
        "type": "message",
        "subtype": "channel_join",
        "ts": "1621348602.000600",
        "user": "U0113AV4895",
        "text": "<@U0113AV4895> has joined the channel"
    },
    {
        "type": "message",
        "subtype": "channel_join",
        "ts": "1621348634.000800",
        "user": "UUJBMDVGB",
        "text": "<@UUJBMDVGB> has joined the channel"
    },
    {
        "type": "message",
        "subtype": "channel_join",
        "ts": "1621348858.001000",
        "user": "U01NJ39M36K",
        "text": "<@U01NJ39M36K> has joined the channel"
    },
    {
        "type": "message",
        "subtype": "channel_join",
        "ts": "1621349138.001200",
        "user": "ULKUFTFPW",
        "text": "<@ULKUFTFPW> has joined the channel"
    },
    {
        "type": "message",
        "subtype": "channel_join",
        "ts": "1621349236.001400",
        "user": "UJ48Q1HAP",
        "text": "<@UJ48Q1HAP> has joined the channel"
    },
    {
        "type": "message",
        "subtype": "channel_join",
        "ts": "1621349287.001600",
        "user": "U011UKSA6AY",
        "text": "<@U011UKSA6AY> has joined the channel"
    },
    {
        "type": "message",
        "subtype": "channel_join",
        "ts": "1621351461.001800",
        "user": "U01SFTTQ483",
        "text": "<@U01SFTTQ483> has joined the channel"
    },
    {
        "type": "message",
        "subtype": "channel_join",
        "ts": "1621353285.002000",
        "user": "U0166H7KUAZ",
        "text": "<@U0166H7KUAZ> has joined the channel"
    },
    {
        "type": "message",
        "subtype": "channel_join",
        "ts": "1621355042.002200",
        "user": "U018ZNMCC3C",
        "text": "<@U018ZNMCC3C> has joined the channel"
    },
    {
        "type": "message",
        "subtype": "channel_join",
        "ts": "1621358436.002400",
        "user": "U01T06G8NAC",
        "text": "<@U01T06G8NAC> has joined the channel"
    },
    {
        "client_msg_id": "b1f7551c-a60a-4f3c-ad61-341251fa154b",
        "type": "message",
        "text": "Hello team! If you’re running an agency, would be great to learn more about what you do below :point_down:",
        "user": "U01T06G8NAC",
        "ts": "1621358466.003000",
        "team": "TJE58GTJL",
        "user_team": "TJE58GTJL",
        "source_team": "TJE58GTJL",
        "user_profile": {
            "avatar_hash": "4fa4412ac9f6",
            "image_72": "https:\/\/avatars.slack-edge.com\/2021-03-25\/1896682524179_4fa4412ac9f628f301ac_72.jpg",
            "first_name": "Ben",
            "real_name": "Ben Bradbury",
            "display_name": "Ben Bradbury",
            "team": "TJE58GTJL",
            "name": "ben047",
            "is_restricted": false,
            "is_ultra_restricted": false
        },
        "blocks": [
            {
                "type": "rich_text",
                "block_id": "Vwr",
                "elements": [
                    {
                        "type": "rich_text_section",
                        "elements": [
                            {
                                "type": "text",
                                "text": "Hello team! If you’re running an agency, would be great to learn more about what you do below "
                            },
                            {
                                "type": "emoji",
                                "name": "point_down"
                            }
                        ]
                    }
                ]
            }
        ],
        "thread_ts": "1621358466.003000",
        "reply_count": 8,
        "reply_users_count": 7,
        "latest_reply": "1623422962.060800",
        "reply_users": [
            "U01T06G8NAC",
            "U01NJ39M36K",
            "U01P13NTGG6",
            "U02280S1Q8P",
            "U016LHA1BHP",
            "U0227HT9YRF",
            "U024K88ECFN"
        ],
        "replies": [
            {
                "user": "U01T06G8NAC",
                "ts": "1621358490.003100"
            },
            {
                "user": "U01NJ39M36K",
                "ts": "1621367199.004500"
            },
            {
                "user": "U01P13NTGG6",
                "ts": "1621422325.020900"
            },
            {
                "user": "U02280S1Q8P",
                "ts": "1621839323.029800"
            },
            {
                "user": "U016LHA1BHP",
                "ts": "1621985606.034400"
            },
            {
                "user": "U0227HT9YRF",
                "ts": "1622194208.038100"
            },
            {
                "user": "U024K88ECFN",
                "ts": "1623422933.060500"
            },
            {
                "user": "U024K88ECFN",
                "ts": "1623422962.060800"
            }
        ],
        "is_locked": false,
        "subscribed": false,
        "reactions": [
            {
                "name": "tada",
                "users": [
                    "UJG9WTEKG",
                    "U024K88ECFN"
                ],
                "count": 2
            }
        ]
    },
    {
        "client_msg_id": "17ee3020-ded8-4ea4-92e8-0b8afaeda022",
        "type": "message",
        "text": "I’ll start: I run Astutely (<http:\/\/www.weareastutely.com|www.weareastutely.com>) - focused on organic LinkedIn Content and Podcast Production!",
        "user": "U01T06G8NAC",
        "ts": "1621358490.003100",
        "team": "TJE58GTJL",
        "user_team": "TJE58GTJL",
        "source_team": "TJE58GTJL",
        "user_profile": {
            "avatar_hash": "4fa4412ac9f6",
            "image_72": "https:\/\/avatars.slack-edge.com\/2021-03-25\/1896682524179_4fa4412ac9f628f301ac_72.jpg",
            "first_name": "Ben",
            "real_name": "Ben Bradbury",
            "display_name": "Ben Bradbury",
            "team": "TJE58GTJL",
            "name": "ben047",
            "is_restricted": false,
            "is_ultra_restricted": false
        },
        "blocks": [
            {
                "type": "rich_text",
                "block_id": "YskaC",
                "elements": [
                    {
                        "type": "rich_text_section",
                        "elements": [
                            {
                                "type": "text",
                                "text": "I’ll start: I run Astutely ("
                            },
                            {
                                "type": "link",
                                "url": "http:\/\/www.weareastutely.com",
                                "text": "www.weareastutely.com"
                            },
                            {
                                "type": "text",
                                "text": ") - focused on organic LinkedIn Content and Podcast Production!"
                            }
                        ]
                    }
                ]
            }
        ],
        "thread_ts": "1621358466.003000",
        "parent_user_id": "U01T06G8NAC",
        "reactions": [
            {
                "name": "hearts",
                "users": [
                    "U024K88ECFN"
                ],
                "count": 1
            }
        ]
    },
    {
        "type": "message",
        "subtype": "channel_join",
        "ts": "1621359974.003400",
        "user": "U01B8FNUWRK",
        "text": "<@U01B8FNUWRK> has joined the channel"
    },
    {
        "type": "message",
        "subtype": "channel_join",
        "ts": "1621360546.003600",
        "user": "UJ934FU3B",
        "text": "<@UJ934FU3B> has joined the channel"
    },
    {
        "type": "message",
        "subtype": "channel_join",
        "ts": "1621361630.003800",
        "user": "UJ2N9A3GT",
        "text": "<@UJ2N9A3GT> has joined the channel"
    },
    {
        "type": "message",
        "subtype": "channel_join",
        "ts": "1621365646.004000",
        "user": "U0224G1ME48",
        "text": "<@U0224G1ME48> has joined the channel"
    },
    {
        "type": "message",
        "subtype": "channel_join",
        "ts": "1621366302.004200",
        "user": "U020HB0MW9E",
        "text": "<@U020HB0MW9E> has joined the channel"
    },
    {
        "type": "message",
        "subtype": "channel_join",
        "ts": "1621366855.004400",
        "user": "URCSVRQAZ",
        "text": "<@URCSVRQAZ> has joined the channel"
    },
    {
        "client_msg_id": "38ba9ddc-cbe4-4f21-a2ff-2cdd8b70ce10",
        "type": "message",
        "text": "I'm part of the team that runs <https:\/\/www.thewritingcompany.com\/|The Writing Company> -- we're purely focused on editorial content creation for B2B and B2C, with a smidge of actual journalism sprinkled in.",
        "user": "U01NJ39M36K",
        "ts": "1621367199.004500",
        "team": "TJE58GTJL",
        "user_team": "TJE58GTJL",
        "source_team": "TJE58GTJL",
        "user_profile": {
            "avatar_hash": "4f5786a722ae",
            "image_72": "https:\/\/avatars.slack-edge.com\/2021-02-23\/1798556587425_4f5786a722aed9751baf_72.jpg",
            "first_name": "Michaela",
            "real_name": "Michaela Cavallaro",
            "display_name": "Michaela Cavallaro",
            "team": "TJE58GTJL",
            "name": "michaela",
            "is_restricted": false,
            "is_ultra_restricted": false
        },
        "attachments": [
            {
                "service_name": "The Writing Company",
                "title": "The Writing Company | Smart writing on complex topics",
                "title_link": "https:\/\/www.thewritingcompany.com\/",
                "text": "We write about finance, health care, tech, business, lifestyle and more. Our team creates the copy you need to help your audience navigate a complex world.",
                "fallback": "The Writing Company: The Writing Company | Smart writing on complex topics",
                "thumb_url": "http:\/\/static1.squarespace.com\/static\/5ea9cf3b7f0326621de2e859\/t\/5f512e342330fe1973e3c50c\/1599155769424\/TWC_logo_Color.jpg?format=1500w",
                "from_url": "https:\/\/www.thewritingcompany.com\/",
                "thumb_width": 1500,
                "thumb_height": 948,
                "service_icon": "https:\/\/images.squarespace-cdn.com\/content\/v1\/5ea9cf3b7f0326621de2e859\/1588354950325-VOM60Y7FXIH1URQCBDGS\/ke17ZwdGBToddI8pDm48kLem8hupPAL7eq6fxm_BDwJZw-zPPgdn4jUwVcJE1ZvWQUxwkmyExglNqGp0IvTJZamWLI2zvYWH8K3-s_4yszcp2ryTI0HqTOaaUohrI8PIU4K1wdkSeYLv-9yxXpj1BaLbu8CPB7lnFoBeoxSmPJU\/favicon.ico?format=100w",
                "id": 1,
                "original_url": "https:\/\/www.thewritingcompany.com\/"
            }
        ],
        "blocks": [
            {
                "type": "rich_text",
                "block_id": "1Bjaz",
                "elements": [
                    {
                        "type": "rich_text_section",
                        "elements": [
                            {
                                "type": "text",
                                "text": "I'm part of the team that runs "
                            },
                            {
                                "type": "link",
                                "url": "https:\/\/www.thewritingcompany.com\/",
                                "text": "The Writing Company"
                            },
                            {
                                "type": "text",
                                "text": " -- we're purely focused on editorial content creation for B2B and B2C, with a smidge of actual journalism sprinkled in."
                            }
                        ]
                    }
                ]
            }
        ],
        "thread_ts": "1621358466.003000",
        "parent_user_id": "U01T06G8NAC",
        "reactions": [
            {
                "name": "tada",
                "users": [
                    "U01T06G8NAC"
                ],
                "count": 1
            },
            {
                "name": "hearts",
                "users": [
                    "U024K88ECFN"
                ],
                "count": 1
            }
        ]
    }
]