[
    {
        "client_msg_id": "4c82598d-367c-4bd1-a562-2254495fd760",
        "type": "message",
        "text": "<@U02546A8D2B> I could see agencies shifting away from Web2 work stacks to Web3\/blockchain-enabled\/smart contracts coming into the mix. I'd imagine the most boiled down use cases to be like these three: \n\n1. Create\/use a blockchain payment portal for services rendered\n• Less in tx fees over traditional 2.9% when paying by card\n• Receive funds near-instant instead of 2-3 days processing\n• 1:1 transfer of deliverables &lt; to &gt; payment per smart contract (ex. No deliverables or release of IP until payment is initiated)\n2. Web3 clients and agencies can work out an incentive-based contract\n• X service(s) gets paid out each month or upon delivery in Y amount of client tokens (or other crypto assets with little\/no mint cost)\n• If NFT\/smart contracts are involved, % royalties are paid in perpetuity each time an NFT is sold on secondary markets to both agency and the client\n3. Internal operations, build your own DAO to pay W-9\/contractors via tokens e.g., <https:\/\/www.usebraintrust.com\/|BrainTrust> or <https:\/\/www.blackfreelancer.com\/|BlackFreelancer>.\n• Everyone leverages contractors. Even on my own, I subcontract work\n• Also increases contractor loyalty, talent network, and token value over time \n4. Bonus: Offer a grant or fund to split among select participants to build any Web3 application (dApp) that supports the service-based industry.\n\nThe best talent in the world is getting vacuumed up in Web3, might as well be the one to fund their ideas ;D\n\nClosing thought\nThe above are skeuomorphic (naturally), but I believe those that adopt Web3 now will be the ones to innovate their own spaces in the future.",
        "user": "U02H8J1671P",
        "ts": "1641358877.256400",
        "team": "TJE58GTJL",
        "user_team": "TJE58GTJL",
        "source_team": "TJE58GTJL",
        "user_profile": {
            "avatar_hash": "bf983e1b1c18",
            "image_72": "https:\/\/avatars.slack-edge.com\/2021-10-06\/2577380898884_bf983e1b1c18c830f243_72.png",
            "first_name": "Jonathan",
            "real_name": "Jonathan Barragan",
            "display_name": "Jonny Barragan",
            "team": "TJE58GTJL",
            "name": "jdbarragan",
            "is_restricted": false,
            "is_ultra_restricted": false
        },
        "blocks": [
            {
                "type": "rich_text",
                "block_id": "d1cx",
                "elements": [
                    {
                        "type": "rich_text_section",
                        "elements": [
                            {
                                "type": "user",
                                "user_id": "U02546A8D2B"
                            },
                            {
                                "type": "text",
                                "text": " I could see agencies shifting away from Web2 work stacks to Web3\/blockchain-enabled\/smart contracts coming into the mix. I'd imagine the most boiled down use cases to be like these three: \n\n1. Create\/use a blockchain payment portal for services rendered\n"
                            }
                        ]
                    },
                    {
                        "type": "rich_text_list",
                        "elements": [
                            {
                                "type": "rich_text_section",
                                "elements": [
                                    {
                                        "type": "text",
                                        "text": "Less in tx fees over traditional 2.9% when paying by card"
                                    }
                                ]
                            },
                            {
                                "type": "rich_text_section",
                                "elements": [
                                    {
                                        "type": "text",
                                        "text": "Receive funds near-instant instead of 2-3 days processing"
                                    }
                                ]
                            },
                            {
                                "type": "rich_text_section",
                                "elements": [
                                    {
                                        "type": "text",
                                        "text": "1:1 transfer of deliverables < to > payment per smart contract (ex. No deliverables or release of IP until payment is initiated)"
                                    }
                                ]
                            }
                        ],
                        "style": "bullet",
                        "indent": 0,
                        "border": 0
                    },
                    {
                        "type": "rich_text_section",
                        "elements": [
                            {
                                "type": "text",
                                "text": "\n2. Web3 clients and agencies can work out an incentive-based contract\n"
                            }
                        ]
                    },
                    {
                        "type": "rich_text_list",
                        "elements": [
                            {
                                "type": "rich_text_section",
                                "elements": [
                                    {
                                        "type": "text",
                                        "text": "X service(s) gets paid out each month or upon delivery in Y amount of client tokens (or other crypto assets with little\/no mint cost)"
                                    }
                                ]
                            },
                            {
                                "type": "rich_text_section",
                                "elements": [
                                    {
                                        "type": "text",
                                        "text": "If NFT\/smart contracts are involved, % royalties are paid in perpetuity each time an NFT is sold on secondary markets to both agency and the client"
                                    }
                                ]
                            }
                        ],
                        "style": "bullet",
                        "indent": 0,
                        "border": 0
                    },
                    {
                        "type": "rich_text_section",
                        "elements": [
                            {
                                "type": "text",
                                "text": "\n3. Internal operations, build your own DAO to pay W-9\/contractors via tokens e.g., "
                            },
                            {
                                "type": "link",
                                "url": "https:\/\/www.usebraintrust.com\/",
                                "text": "BrainTrust"
                            },
                            {
                                "type": "text",
                                "text": " or "
                            },
                            {
                                "type": "link",
                                "url": "https:\/\/www.blackfreelancer.com\/",
                                "text": "BlackFreelancer"
                            },
                            {
                                "type": "text",
                                "text": ".\n"
                            }
                        ]
                    },
                    {
                        "type": "rich_text_list",
                        "elements": [
                            {
                                "type": "rich_text_section",
                                "elements": [
                                    {
                                        "type": "text",
                                        "text": "Everyone leverages contractors. Even on my own, I subcontract work"
                                    }
                                ]
                            },
                            {
                                "type": "rich_text_section",
                                "elements": [
                                    {
                                        "type": "text",
                                        "text": "Also increases contractor loyalty, talent network, and token value over time "
                                    }
                                ]
                            }
                        ],
                        "style": "bullet",
                        "indent": 0,
                        "border": 0
                    },
                    {
                        "type": "rich_text_section",
                        "elements": [
                            {
                                "type": "text",
                                "text": "\n4. Bonus: Offer a grant or fund to split among select participants to build any Web3 application (dApp) that supports the service-based industry.\n\nThe best talent in the world is getting vacuumed up in Web3, might as well be the one to fund their ideas ;D\n\nClosing thought\nThe above are skeuomorphic (naturally), but I believe those that adopt Web3 now will be the ones to innovate their own spaces in the future."
                            }
                        ]
                    }
                ]
            }
        ],
        "thread_ts": "1641180147.247300",
        "parent_user_id": "U02546A8D2B",
        "reactions": [
            {
                "name": "eyes",
                "users": [
                    "U02546A8D2B",
                    "U02AG6CLTV0"
                ],
                "count": 2
            }
        ]
    }
]