[
    {
        "client_msg_id": "026ca5f8-254e-40ff-a6f6-7acd993e4c6c",
        "type": "message",
        "text": "This is a good question. I have seen it called an “Accounts Payable” or “Accountant Operations” role.\n\nWe still have our Account Managers doing the collections and a separate bookkeeper for monthly reports.\n\nInterested to hear what you find.",
        "user": "U029CTQ5X6Y",
        "ts": "1642171027.000200",
        "team": "TJE58GTJL",
        "user_team": "TJE58GTJL",
        "source_team": "TJE58GTJL",
        "user_profile": {
            "avatar_hash": "4d1afd4712b9",
            "image_72": "https:\/\/avatars.slack-edge.com\/2021-07-26\/2312909469026_4d1afd4712b9f77f1af8_72.jpg",
            "first_name": "Karl",
            "real_name": "Karl Hughes",
            "display_name": "Karl (Draft.dev)",
            "team": "TJE58GTJL",
            "name": "khughes.me",
            "is_restricted": false,
            "is_ultra_restricted": false
        },
        "blocks": [
            {
                "type": "rich_text",
                "block_id": "+mXN0",
                "elements": [
                    {
                        "type": "rich_text_section",
                        "elements": [
                            {
                                "type": "text",
                                "text": "This is a good question. I have seen it called an “Accounts Payable” or “Accountant Operations” role.\n\nWe still have our Account Managers doing the collections and a separate bookkeeper for monthly reports.\n\nInterested to hear what you find."
                            }
                        ]
                    }
                ]
            }
        ],
        "thread_ts": "1641922483.035700",
        "parent_user_id": "U01NM31CTFU"
    },
    {
        "client_msg_id": "7907123b-af6c-4641-adfc-729023000e59",
        "type": "message",
        "text": "Thanks <@U029CTQ5X6Y>! We’re also thinking maybe “Bookkeeping Specialist” is a good title",
        "user": "U01NM31CTFU",
        "ts": "1642197739.008700",
        "team": "TJE58GTJL",
        "user_team": "TJE58GTJL",
        "source_team": "TJE58GTJL",
        "user_profile": {
            "avatar_hash": "788aae3c46d1",
            "image_72": "https:\/\/avatars.slack-edge.com\/2021-05-28\/2122915523844_788aae3c46d19c1058da_72.jpg",
            "first_name": "Maddy",
            "real_name": "Maddy Osman",
            "display_name": "Maddy Osman",
            "team": "TJE58GTJL",
            "name": "maddy527",
            "is_restricted": false,
            "is_ultra_restricted": false
        },
        "blocks": [
            {
                "type": "rich_text",
                "block_id": "EMN",
                "elements": [
                    {
                        "type": "rich_text_section",
                        "elements": [
                            {
                                "type": "text",
                                "text": "Thanks "
                            },
                            {
                                "type": "user",
                                "user_id": "U029CTQ5X6Y"
                            },
                            {
                                "type": "text",
                                "text": "! We’re also thinking maybe “Bookkeeping Specialist” is a good title"
                            }
                        ]
                    }
                ]
            }
        ],
        "thread_ts": "1641922483.035700",
        "parent_user_id": "U01NM31CTFU",
        "reactions": [
            {
                "name": "+1",
                "users": [
                    "U029CTQ5X6Y"
                ],
                "count": 1
            }
        ]
    },
    {
        "client_msg_id": "ffc80a7a-c9e5-497a-b294-3fca29dde14c",
        "type": "message",
        "text": "Do any of you have a sense of how much of your revenue gets spent on content production costs, if you hire it out to contractors? (ie. writing, editing, research, etc.)\n\nJust finished crunching 2021 numbers. We spent an average of 10% of what we charge clients on content production. Seems…reasonable?",
        "user": "U011QQDDSJV",
        "ts": "1642204977.010900",
        "team": "TJE58GTJL",
        "user_team": "TJE58GTJL",
        "source_team": "TJE58GTJL",
        "user_profile": {
            "avatar_hash": "26f290c29155",
            "image_72": "https:\/\/avatars.slack-edge.com\/2020-04-08\/1046081228023_26f290c2915541368412_72.png",
            "first_name": "Nikolas",
            "real_name": "Nikolas Wright",
            "display_name": "Nik",
            "team": "TJE58GTJL",
            "name": "wright.nikolas",
            "is_restricted": false,
            "is_ultra_restricted": false
        },
        "blocks": [
            {
                "type": "rich_text",
                "block_id": "NyI9v",
                "elements": [
                    {
                        "type": "rich_text_section",
                        "elements": [
                            {
                                "type": "text",
                                "text": "Do any of you have a sense of how much of your revenue gets spent on content production costs, if you hire it out to contractors? (ie. writing, editing, research, etc.)\n\nJust finished crunching 2021 numbers. We spent an average of 10% of what we charge clients on content production. Seems…reasonable?"
                            }
                        ]
                    }
                ]
            }
        ],
        "thread_ts": "1642204977.010900",
        "reply_count": 1,
        "reply_users_count": 1,
        "latest_reply": "1642305348.011300",
        "reply_users": [
            "U019UEW7AQ2"
        ],
        "replies": [
            {
                "user": "U019UEW7AQ2",
                "ts": "1642305348.011300"
            }
        ],
        "is_locked": false,
        "subscribed": false
    }
]