[
    {
        "client_msg_id": "3b896a3a-a8c8-436f-a495-84d698309464",
        "type": "message",
        "text": "Hey <@U0322M1980L>! I'd love to be a part of the community!!:sparkles:",
        "user": "U02HVLKQMRA",
        "ts": "1646989791.520729",
        "team": "TJE58GTJL",
        "user_team": "TJE58GTJL",
        "source_team": "TJE58GTJL",
        "user_profile": {
            "avatar_hash": "6d5a7cec86df",
            "image_72": "https:\/\/avatars.slack-edge.com\/2021-10-16\/2612399990466_6d5a7cec86df06caf11c_72.png",
            "first_name": "Bhumija",
            "real_name": "Bhumija Garg",
            "display_name": "Bhumija Garg",
            "team": "TJE58GTJL",
            "name": "bhumizaa2",
            "is_restricted": false,
            "is_ultra_restricted": false
        },
        "blocks": [
            {
                "type": "rich_text",
                "block_id": "f1Gk",
                "elements": [
                    {
                        "type": "rich_text_section",
                        "elements": [
                            {
                                "type": "text",
                                "text": "Hey "
                            },
                            {
                                "type": "user",
                                "user_id": "U0322M1980L"
                            },
                            {
                                "type": "text",
                                "text": "! I'd love to be a part of the community!!"
                            },
                            {
                                "type": "emoji",
                                "name": "sparkles"
                            }
                        ]
                    }
                ]
            }
        ],
        "thread_ts": "1646925214.597839",
        "parent_user_id": "U0322M1980L"
    },
    {
        "client_msg_id": "155597a6-3bf8-47e4-9793-26200ff1106e",
        "type": "message",
        "text": "I would love to be part",
        "user": "U031XEEJS3X",
        "ts": "1646992310.837429",
        "team": "TJE58GTJL",
        "user_team": "TJE58GTJL",
        "source_team": "TJE58GTJL",
        "user_profile": {
            "avatar_hash": "75a117221483",
            "image_72": "https:\/\/avatars.slack-edge.com\/2022-02-11\/3078957877303_75a117221483d2d96a83_72.jpg",
            "first_name": "Henry",
            "real_name": "Henry",
            "display_name": "Henry",
            "team": "TJE58GTJL",
            "name": "henrysomto09",
            "is_restricted": false,
            "is_ultra_restricted": false
        },
        "blocks": [
            {
                "type": "rich_text",
                "block_id": "iI9TP",
                "elements": [
                    {
                        "type": "rich_text_section",
                        "elements": [
                            {
                                "type": "text",
                                "text": "I would love to be part"
                            }
                        ]
                    }
                ]
            }
        ],
        "thread_ts": "1646925214.597839",
        "parent_user_id": "U0322M1980L"
    },
    {
        "client_msg_id": "fe9badc0-600f-4927-9cb0-270d99200373",
        "type": "message",
        "text": "Interested!",
        "user": "U01L6NE17PA",
        "ts": "1647020304.090719",
        "team": "TJE58GTJL",
        "user_team": "TJE58GTJL",
        "source_team": "TJE58GTJL",
        "user_profile": {
            "avatar_hash": "gca46ef8c4ce",
            "image_72": "https:\/\/secure.gravatar.com\/avatar\/ca46ef8c4ce4178f4a463a389f40aa97.jpg?s=72&d=https%3A%2F%2Fa.slack-edge.com%2Fdf10d%2Fimg%2Favatars%2Fava_0023-72.png",
            "first_name": "",
            "real_name": "Nathaniel Rodriguez",
            "display_name": "Nathaniel Rodriguez",
            "team": "TJE58GTJL",
            "name": "nate",
            "is_restricted": false,
            "is_ultra_restricted": false
        },
        "blocks": [
            {
                "type": "rich_text",
                "block_id": "KP5cu",
                "elements": [
                    {
                        "type": "rich_text_section",
                        "elements": [
                            {
                                "type": "text",
                                "text": "Interested!"
                            }
                        ]
                    }
                ]
            }
        ],
        "thread_ts": "1646925214.597839",
        "parent_user_id": "U0322M1980L"
    },
    {
        "type": "message",
        "subtype": "channel_archive",
        "ts": "1647022612.589839",
        "user": "UJG9WTEKG",
        "text": "archived the channel"
    }
]