[
    {
        "client_msg_id": "09771254-4ab1-4b56-96b2-6355b8cad7eb",
        "type": "message",
        "text": "I'm a freelancer who only does B2B content but in different technical industries. I find it easier to switch between technical industries. It's easier for me to learn the technical terms, interview SMEs and other aspects. \nI find that technical content tends to follow a pattern. And differences only come when you need to write a technical article for a non-technical audience, terms needed &amp; how the audience in each industry thinks. \n\nI hope this is helpful",
        "user": "U02F1GK6U6B",
        "ts": "1644397575.509559",
        "team": "TJE58GTJL",
        "user_team": "TJE58GTJL",
        "source_team": "TJE58GTJL",
        "user_profile": {
            "avatar_hash": "b77d6f7d6c82",
            "image_72": "https:\/\/avatars.slack-edge.com\/2022-01-22\/3004677185921_b77d6f7d6c82fd929faa_72.jpg",
            "first_name": "Nneka",
            "real_name": "Nneka Otika",
            "display_name": "Nneka Otika",
            "team": "TJE58GTJL",
            "name": "nnekaotika",
            "is_restricted": false,
            "is_ultra_restricted": false
        },
        "blocks": [
            {
                "type": "rich_text",
                "block_id": "cyZf",
                "elements": [
                    {
                        "type": "rich_text_section",
                        "elements": [
                            {
                                "type": "text",
                                "text": "I'm a freelancer who only does B2B content but in different technical industries. I find it easier to switch between technical industries. It's easier for me to learn the technical terms, interview SMEs and other aspects. \nI find that technical content tends to follow a pattern. And differences only come when you need to write a technical article for a non-technical audience, terms needed & how the audience in each industry thinks. \n\nI hope this is helpful"
                            }
                        ]
                    }
                ]
            }
        ],
        "thread_ts": "1644357022.931539",
        "parent_user_id": "U02RT4NUGPK"
    },
    {
        "client_msg_id": "74E7F146-7B23-4FC5-95CD-5F4E398394EC",
        "type": "message",
        "text": "Makes sense <@U02F1GK6U6B>  thanks for that insight!",
        "user": "U02RT4NUGPK",
        "ts": "1644410207.629419",
        "team": "TJE58GTJL",
        "user_team": "TJE58GTJL",
        "source_team": "TJE58GTJL",
        "user_profile": {
            "avatar_hash": "543445f65e92",
            "image_72": "https:\/\/avatars.slack-edge.com\/2021-12-20\/2857889083622_543445f65e92b1930435_72.jpg",
            "first_name": "Andrew",
            "real_name": "Andrew Fraine",
            "display_name": "Andrew Fraine",
            "team": "TJE58GTJL",
            "name": "andrew081",
            "is_restricted": false,
            "is_ultra_restricted": false
        },
        "blocks": [
            {
                "type": "rich_text",
                "block_id": "\/\/f5\/",
                "elements": [
                    {
                        "type": "rich_text_section",
                        "elements": [
                            {
                                "type": "text",
                                "text": "Makes sense "
                            },
                            {
                                "type": "user",
                                "user_id": "U02F1GK6U6B"
                            },
                            {
                                "type": "text",
                                "text": "  thanks for that insight!"
                            }
                        ]
                    }
                ]
            }
        ],
        "thread_ts": "1644357022.931539",
        "parent_user_id": "U02RT4NUGPK"
    },
    {
        "client_msg_id": "b7874aea-ec8f-4df9-9351-3074a763e359",
        "type": "message",
        "text": "My pleasure",
        "user": "U02F1GK6U6B",
        "ts": "1644410530.040289",
        "team": "TJE58GTJL",
        "user_team": "TJE58GTJL",
        "source_team": "TJE58GTJL",
        "user_profile": {
            "avatar_hash": "b77d6f7d6c82",
            "image_72": "https:\/\/avatars.slack-edge.com\/2022-01-22\/3004677185921_b77d6f7d6c82fd929faa_72.jpg",
            "first_name": "Nneka",
            "real_name": "Nneka Otika",
            "display_name": "Nneka Otika",
            "team": "TJE58GTJL",
            "name": "nnekaotika",
            "is_restricted": false,
            "is_ultra_restricted": false
        },
        "blocks": [
            {
                "type": "rich_text",
                "block_id": "H6v",
                "elements": [
                    {
                        "type": "rich_text_section",
                        "elements": [
                            {
                                "type": "text",
                                "text": "My pleasure"
                            }
                        ]
                    }
                ]
            }
        ],
        "thread_ts": "1644357022.931539",
        "parent_user_id": "U02RT4NUGPK"
    },
    {
        "client_msg_id": "100FDDB1-ECD4-4675-8021-6AE7A7EC4951",
        "type": "message",
        "text": "I think it depends on the person. I've had a few writers that could switch back and forth effortlessly from financial content to health and wellness and even to marketing-related content. The way we needed them to write was way different, and they adapted easily.\n\nI also have some writers I know can't translate to different industries that way. \n\nI don't think there's a one size fits all answer to this, but as long as you know the people and can set your expectations well for what they can produce, it's definitely possible. ",
        "user": "U024K88ECFN",
        "ts": "1644413677.305339",
        "team": "TJE58GTJL",
        "user_team": "TJE58GTJL",
        "source_team": "TJE58GTJL",
        "user_profile": {
            "avatar_hash": "00c4a04080e3",
            "image_72": "https:\/\/avatars.slack-edge.com\/2022-03-23\/3286590119379_00c4a04080e367a58cfc_72.png",
            "first_name": "Rebekah",
            "real_name": "Rebekah Edwards",
            "display_name": "Rebekah Edwards",
            "team": "TJE58GTJL",
            "name": "rebekah473",
            "is_restricted": false,
            "is_ultra_restricted": false
        },
        "blocks": [
            {
                "type": "rich_text",
                "block_id": "i1g",
                "elements": [
                    {
                        "type": "rich_text_section",
                        "elements": [
                            {
                                "type": "text",
                                "text": "I think it depends on the person. I've had a few writers that could switch back and forth effortlessly from financial content to health and wellness and even to marketing-related content. The way we needed them to write was way different, and they adapted easily.\n"
                            },
                            {
                                "type": "text",
                                "text": "\nI also have some writers I know can't translate to different industries that way. \n\nI don't think there's a one size fits all answer to this, but as long as you know the people and can set your expectations well for what they can produce, it's definitely possible. "
                            }
                        ]
                    }
                ]
            }
        ],
        "thread_ts": "1644357022.931539",
        "parent_user_id": "U02RT4NUGPK",
        "reactions": [
            {
                "name": "point_up",
                "users": [
                    "U011QQDDSJV",
                    "U01NJ39M36K"
                ],
                "count": 2
            }
        ]
    },
    {
        "client_msg_id": "51ca7c61-a227-44bf-a94a-33a5ee3071f5",
        "type": "message",
        "text": "How would you respond to a request to deliver ~40 pieces of TOF content written in French, German, and English in less than 1 month, when your processes aren’t accustomed to such scale?",
        "user": "U011QQDDSJV",
        "ts": "1644419664.563589",
        "team": "TJE58GTJL",
        "user_team": "TJE58GTJL",
        "source_team": "TJE58GTJL",
        "user_profile": {
            "avatar_hash": "26f290c29155",
            "image_72": "https:\/\/avatars.slack-edge.com\/2020-04-08\/1046081228023_26f290c2915541368412_72.png",
            "first_name": "Nikolas",
            "real_name": "Nikolas Wright",
            "display_name": "Nik",
            "team": "TJE58GTJL",
            "name": "wright.nikolas",
            "is_restricted": false,
            "is_ultra_restricted": false
        },
        "blocks": [
            {
                "type": "rich_text",
                "block_id": "VBKPH",
                "elements": [
                    {
                        "type": "rich_text_section",
                        "elements": [
                            {
                                "type": "text",
                                "text": "How would you respond to a request to deliver ~40 pieces of TOF content written in French, German, and English in less than 1 month, when your processes aren’t accustomed to such scale?"
                            }
                        ]
                    }
                ]
            }
        ],
        "thread_ts": "1644419664.563589",
        "reply_count": 7,
        "reply_users_count": 6,
        "latest_reply": "1645645574.907699",
        "reply_users": [
            "U01AHL8AGBB",
            "U030TFJS6QJ",
            "U02GLJM8MST",
            "U011QQDDSJV",
            "U01P13NTGG6",
            "U02GJN3BYCB"
        ],
        "replies": [
            {
                "user": "U01AHL8AGBB",
                "ts": "1644421669.279429"
            },
            {
                "user": "U01AHL8AGBB",
                "ts": "1644421699.724569"
            },
            {
                "user": "U030TFJS6QJ",
                "ts": "1644421920.933129"
            },
            {
                "user": "U02GLJM8MST",
                "ts": "1644422392.227889"
            },
            {
                "user": "U011QQDDSJV",
                "ts": "1644426194.525749"
            },
            {
                "user": "U01P13NTGG6",
                "ts": "1644544772.390369"
            },
            {
                "user": "U02GJN3BYCB",
                "ts": "1645645574.907699"
            }
        ],
        "is_locked": false,
        "subscribed": false
    },
    {
        "client_msg_id": "3f90ab4e-da38-4e3a-96cf-6376167af45a",
        "type": "message",
        "text": "Don't bite off more than you can chew! That's either a pass or a rapid outsourcing IMO.",
        "user": "U01AHL8AGBB",
        "ts": "1644421669.279429",
        "team": "TJE58GTJL",
        "user_team": "TJE58GTJL",
        "source_team": "TJE58GTJL",
        "user_profile": {
            "avatar_hash": "09eb34255d46",
            "image_72": "https:\/\/avatars.slack-edge.com\/2020-09-07\/1347887170866_09eb34255d4678a00ddc_72.png",
            "first_name": "Jordy",
            "real_name": "Jordy Fujiwara",
            "display_name": "Jordy",
            "team": "TJE58GTJL",
            "name": "jordy.fujiwara",
            "is_restricted": false,
            "is_ultra_restricted": false
        },
        "blocks": [
            {
                "type": "rich_text",
                "block_id": "yQx1Y",
                "elements": [
                    {
                        "type": "rich_text_section",
                        "elements": [
                            {
                                "type": "text",
                                "text": "Don't bite off more than you can chew! That's either a pass or a rapid outsourcing IMO."
                            }
                        ]
                    }
                ]
            }
        ],
        "thread_ts": "1644419664.563589",
        "parent_user_id": "U011QQDDSJV",
        "reactions": [
            {
                "name": "hearts",
                "users": [
                    "U024K88ECFN",
                    "U02NJDGLMJ4"
                ],
                "count": 2
            }
        ]
    },
    {
        "client_msg_id": "31ad7ff7-9d04-4fd8-b094-a57703ba5eb0",
        "type": "message",
        "text": "Maybe you can earn a finder's fee for referring to an org that has that kind of capacity?",
        "user": "U01AHL8AGBB",
        "ts": "1644421699.724569",
        "team": "TJE58GTJL",
        "user_team": "TJE58GTJL",
        "source_team": "TJE58GTJL",
        "user_profile": {
            "avatar_hash": "09eb34255d46",
            "image_72": "https:\/\/avatars.slack-edge.com\/2020-09-07\/1347887170866_09eb34255d4678a00ddc_72.png",
            "first_name": "Jordy",
            "real_name": "Jordy Fujiwara",
            "display_name": "Jordy",
            "team": "TJE58GTJL",
            "name": "jordy.fujiwara",
            "is_restricted": false,
            "is_ultra_restricted": false
        },
        "blocks": [
            {
                "type": "rich_text",
                "block_id": "FIcm",
                "elements": [
                    {
                        "type": "rich_text_section",
                        "elements": [
                            {
                                "type": "text",
                                "text": "Maybe you can earn a finder's fee for referring to an org that has that kind of capacity?"
                            }
                        ]
                    }
                ]
            }
        ],
        "thread_ts": "1644419664.563589",
        "parent_user_id": "U011QQDDSJV"
    },
    {
        "client_msg_id": "dea467e9-21aa-4feb-bc81-aa0d635a7e2f",
        "type": "message",
        "text": "May be a wrong take but: Say yes, and create that process. The process will never be there unless you take such project without having the process.",
        "user": "U030TFJS6QJ",
        "ts": "1644421920.933129",
        "team": "TJE58GTJL",
        "user_team": "TJE58GTJL",
        "source_team": "TJE58GTJL",
        "user_profile": {
            "avatar_hash": "gdda7bea32d9",
            "image_72": "https:\/\/secure.gravatar.com\/avatar\/dda7bea32d9d9df564f20935df8731ca.jpg?s=72&d=https%3A%2F%2Fa.slack-edge.com%2Fdf10d%2Fimg%2Favatars%2Fava_0023-72.png",
            "first_name": "Faizan",
            "real_name": "Faizan",
            "display_name": "",
            "team": "TJE58GTJL",
            "name": "iamfaizan20",
            "is_restricted": false,
            "is_ultra_restricted": false
        },
        "blocks": [
            {
                "type": "rich_text",
                "block_id": "r+ev\/",
                "elements": [
                    {
                        "type": "rich_text_section",
                        "elements": [
                            {
                                "type": "text",
                                "text": "May be a wrong take but: Say yes, and create that process. The process will never be there unless you take such project without having the process."
                            }
                        ]
                    }
                ]
            }
        ],
        "thread_ts": "1644419664.563589",
        "parent_user_id": "U011QQDDSJV",
        "reactions": [
            {
                "name": "raised_hands",
                "users": [
                    "U031QSNBB6K",
                    "U01T30ZCN82"
                ],
                "count": 2
            }
        ]
    },
    {
        "client_msg_id": "2625a320-8bfb-4b11-ba07-a9c4f88ebc4e",
        "type": "message",
        "text": "Needs more context but if I were just starting out, I'd try to make this work one way or another.\n\nIf you are already established as a company and have certain projects, etc. but don't want to lose the client just negotiate a smaller scope. Sounds like they are pretty time pressured.",
        "user": "U02GLJM8MST",
        "ts": "1644422392.227889",
        "team": "TJE58GTJL",
        "user_team": "TJE58GTJL",
        "source_team": "TJE58GTJL",
        "user_profile": {
            "avatar_hash": "gbb2e32aabd3",
            "image_72": "https:\/\/secure.gravatar.com\/avatar\/bb2e32aabd3787f0def01233ddfb6434.jpg?s=72&d=https%3A%2F%2Fa.slack-edge.com%2Fdf10d%2Fimg%2Favatars%2Fava_0016-72.png",
            "first_name": "Iliya",
            "real_name": "Iliya Valchanov",
            "display_name": "Iliya Valchanov",
            "team": "TJE58GTJL",
            "name": "iliya",
            "is_restricted": false,
            "is_ultra_restricted": false
        },
        "blocks": [
            {
                "type": "rich_text",
                "block_id": "PkF",
                "elements": [
                    {
                        "type": "rich_text_section",
                        "elements": [
                            {
                                "type": "text",
                                "text": "Needs more context but if I were just starting out, I'd try to make this work one way or another.\n\nIf you are already established as a company and have certain projects, etc. but don't want to lose the client just negotiate a smaller scope. Sounds like they are pretty time pressured."
                            }
                        ]
                    }
                ]
            }
        ],
        "thread_ts": "1644419664.563589",
        "parent_user_id": "U011QQDDSJV"
    },
    {
        "client_msg_id": "622e60c0-bde1-4c4b-a918-84bfc9203149",
        "type": "message",
        "text": "Thank you all. It’s definitely a big lift but am working to make it happen.",
        "user": "U011QQDDSJV",
        "ts": "1644426194.525749",
        "team": "TJE58GTJL",
        "user_team": "TJE58GTJL",
        "source_team": "TJE58GTJL",
        "user_profile": {
            "avatar_hash": "26f290c29155",
            "image_72": "https:\/\/avatars.slack-edge.com\/2020-04-08\/1046081228023_26f290c2915541368412_72.png",
            "first_name": "Nikolas",
            "real_name": "Nikolas Wright",
            "display_name": "Nik",
            "team": "TJE58GTJL",
            "name": "wright.nikolas",
            "is_restricted": false,
            "is_ultra_restricted": false
        },
        "blocks": [
            {
                "type": "rich_text",
                "block_id": "JG6G6",
                "elements": [
                    {
                        "type": "rich_text_section",
                        "elements": [
                            {
                                "type": "text",
                                "text": "Thank you all. It’s definitely a big lift but am working to make it happen."
                            }
                        ]
                    }
                ]
            }
        ],
        "thread_ts": "1644419664.563589",
        "parent_user_id": "U011QQDDSJV",
        "reactions": [
            {
                "name": "dart",
                "users": [
                    "U030TFJS6QJ"
                ],
                "count": 1
            }
        ]
    }
]