[
    {
        "client_msg_id": "ef097bfe-ed45-43f5-8e85-1dbcffaa0409",
        "type": "message",
        "text": "I work for Know Agency and we do all of this! Feel free to email me <mailto:vicki.thomas@knowagency.com|vicki.thomas@knowagency.com>.",
        "user": "U02L9A0397C",
        "ts": "1643402182.046589",
        "team": "TJE58GTJL",
        "user_team": "TJE58GTJL",
        "source_team": "TJE58GTJL",
        "user_profile": {
            "avatar_hash": "d4f095916228",
            "image_72": "https:\/\/avatars.slack-edge.com\/2021-11-05\/2715404070912_d4f095916228c8587a68_72.jpg",
            "first_name": "Vicki",
            "real_name": "Vicki Thomas",
            "display_name": "Vicki Thomas",
            "team": "TJE58GTJL",
            "name": "vicki.thomas",
            "is_restricted": false,
            "is_ultra_restricted": false
        },
        "blocks": [
            {
                "type": "rich_text",
                "block_id": "Dyw",
                "elements": [
                    {
                        "type": "rich_text_section",
                        "elements": [
                            {
                                "type": "text",
                                "text": "I work for Know Agency and we do all of this! Feel free to email me "
                            },
                            {
                                "type": "link",
                                "url": "mailto:vicki.thomas@knowagency.com",
                                "text": "vicki.thomas@knowagency.com"
                            },
                            {
                                "type": "text",
                                "text": "."
                            }
                        ]
                    }
                ]
            }
        ],
        "thread_ts": "1643130833.063800",
        "parent_user_id": "U01L7S9CVNG",
        "reactions": [
            {
                "name": "blush",
                "users": [
                    "U01L7S9CVNG"
                ],
                "count": 1
            },
            {
                "name": "+1::skin-tone-4",
                "users": [
                    "U01L7S9CVNG"
                ],
                "count": 1
            }
        ]
    }
]