[
    {
        "client_msg_id": "8166bb1a-5848-4b8a-8908-4f4e9315232f",
        "type": "message",
        "text": "Yes - and you're probably pretty smart to look for help. Getting my agency to run smoothly took several years (for the exact reasons you mentioned).",
        "user": "U032ZSUCR71",
        "ts": "1645303509.589669",
        "team": "TJE58GTJL",
        "user_team": "TJE58GTJL",
        "source_team": "TJE58GTJL",
        "user_profile": {
            "avatar_hash": "857330f6bdfe",
            "image_72": "https:\/\/avatars.slack-edge.com\/2022-02-16\/3118887360436_857330f6bdfe78b2890f_72.jpg",
            "first_name": "Susan",
            "real_name": "Susan Anderson",
            "display_name": "Susan Anderson",
            "team": "TJE58GTJL",
            "name": "sue",
            "is_restricted": false,
            "is_ultra_restricted": false
        },
        "blocks": [
            {
                "type": "rich_text",
                "block_id": "r7As4",
                "elements": [
                    {
                        "type": "rich_text_section",
                        "elements": [
                            {
                                "type": "text",
                                "text": "Yes - and you're probably pretty smart to look for help. Getting my agency to run smoothly took several years (for the exact reasons you mentioned)."
                            }
                        ]
                    }
                ]
            }
        ],
        "thread_ts": "1645137279.095549",
        "parent_user_id": "U02PFKMM6SV"
    }
]