[
    {
        "client_msg_id": "159a3f41-a7aa-410b-8115-889846cccb2d",
        "type": "message",
        "text": "Dear all. *Any recommendations on contact data vendors*? For our outbound sales in B2B space (specifically healthcare sector), we are searching for data vendors - vendors, freelancers, coders - who can provide us accurate data as per our requirements. We do have a Zoominfo subscription, but the data quality is poor and does not match the enterprise pricing that it charges.",
        "user": "U029Q3MDE6A",
        "ts": "1645787019.913329",
        "team": "TJE58GTJL",
        "user_team": "TJE58GTJL",
        "source_team": "TJE58GTJL",
        "user_profile": {
            "avatar_hash": "ab0a272f3dd8",
            "image_72": "https:\/\/avatars.slack-edge.com\/2021-08-03\/2336407110581_ab0a272f3dd8d47640ac_72.png",
            "first_name": "Shantanu",
            "real_name": "Shantanu Deshmukh",
            "display_name": "Shantanu",
            "team": "TJE58GTJL",
            "name": "sdeshmukh",
            "is_restricted": false,
            "is_ultra_restricted": false
        },
        "blocks": [
            {
                "type": "rich_text",
                "block_id": "vQXv",
                "elements": [
                    {
                        "type": "rich_text_section",
                        "elements": [
                            {
                                "type": "text",
                                "text": "Dear all. "
                            },
                            {
                                "type": "text",
                                "text": "Any recommendations on contact data vendors",
                                "style": {
                                    "bold": true
                                }
                            },
                            {
                                "type": "text",
                                "text": "? For our outbound sales in B2B space (specifically healthcare sector), we are searching for data vendors - vendors, freelancers, coders - who can provide us accurate data as per our requirements. We do have a Zoominfo subscription, but the data quality is poor and does not match the enterprise pricing that it charges."
                            }
                        ]
                    }
                ]
            }
        ],
        "thread_ts": "1645787019.913329",
        "reply_count": 4,
        "reply_users_count": 3,
        "latest_reply": "1646981822.161459",
        "reply_users": [
            "U030U5Y08TW",
            "U029Q3MDE6A",
            "U036MAP75BN"
        ],
        "replies": [
            {
                "user": "U030U5Y08TW",
                "ts": "1645824569.672809"
            },
            {
                "user": "U029Q3MDE6A",
                "ts": "1645846468.451389"
            },
            {
                "user": "U036MAP75BN",
                "ts": "1646981772.604549"
            },
            {
                "user": "U036MAP75BN",
                "ts": "1646981822.161459"
            }
        ],
        "is_locked": false,
        "subscribed": false
    },
    {
        "client_msg_id": "6c724107-8095-43ce-bb62-cb315f3377ec",
        "type": "message",
        "text": "I would suggest looking at <http:\/\/Apollo.io|Apollo.io>! They have a free trial that would allow you to compare and reasonable rates compared to Zoominfo in particular.",
        "user": "U030U5Y08TW",
        "ts": "1645824569.672809",
        "team": "TJE58GTJL",
        "user_team": "TJE58GTJL",
        "source_team": "TJE58GTJL",
        "user_profile": {
            "avatar_hash": "df83bbbd6412",
            "image_72": "https:\/\/avatars.slack-edge.com\/2022-02-25\/3162017356018_df83bbbd6412555e2063_72.png",
            "first_name": "Patrick",
            "real_name": "Patrick Socha",
            "display_name": "Patrick Socha",
            "team": "TJE58GTJL",
            "name": "patrick923",
            "is_restricted": false,
            "is_ultra_restricted": false
        },
        "blocks": [
            {
                "type": "rich_text",
                "block_id": "EP6",
                "elements": [
                    {
                        "type": "rich_text_section",
                        "elements": [
                            {
                                "type": "text",
                                "text": "I would suggest looking at "
                            },
                            {
                                "type": "link",
                                "url": "http:\/\/Apollo.io",
                                "text": "Apollo.io"
                            },
                            {
                                "type": "text",
                                "text": "! They have a free trial that would allow you to compare and reasonable rates compared to Zoominfo in particular."
                            }
                        ]
                    }
                ]
            }
        ],
        "thread_ts": "1645787019.913329",
        "parent_user_id": "U029Q3MDE6A"
    },
    {
        "client_msg_id": "b85611cf-a828-43d8-9aab-2b0730be0c28",
        "type": "message",
        "text": "Out of curiosity, what is everyone's tech stack for written content production and SEO? Currently on SEMrush and trying out Frase to simplify research while producing pieces.",
        "user": "U030U5Y08TW",
        "ts": "1645824702.342259",
        "team": "TJE58GTJL",
        "user_team": "TJE58GTJL",
        "source_team": "TJE58GTJL",
        "user_profile": {
            "avatar_hash": "df83bbbd6412",
            "image_72": "https:\/\/avatars.slack-edge.com\/2022-02-25\/3162017356018_df83bbbd6412555e2063_72.png",
            "first_name": "Patrick",
            "real_name": "Patrick Socha",
            "display_name": "Patrick Socha",
            "team": "TJE58GTJL",
            "name": "patrick923",
            "is_restricted": false,
            "is_ultra_restricted": false
        },
        "blocks": [
            {
                "type": "rich_text",
                "block_id": "v0J4",
                "elements": [
                    {
                        "type": "rich_text_section",
                        "elements": [
                            {
                                "type": "text",
                                "text": "Out of curiosity, what is everyone's tech stack for written content production and SEO? Currently on SEMrush and trying out Frase to simplify research while producing pieces."
                            }
                        ]
                    }
                ]
            }
        ],
        "thread_ts": "1645824702.342259",
        "reply_count": 4,
        "reply_users_count": 4,
        "latest_reply": "1646031590.222609",
        "reply_users": [
            "U02Q2HNNY57",
            "U024K88ECFN",
            "U01P13NTGG6",
            "U032V06GP38"
        ],
        "replies": [
            {
                "user": "U02Q2HNNY57",
                "ts": "1645826058.412799"
            },
            {
                "user": "U024K88ECFN",
                "ts": "1645834251.750609"
            },
            {
                "user": "U01P13NTGG6",
                "ts": "1645940077.883659"
            },
            {
                "user": "U032V06GP38",
                "ts": "1646031590.222609"
            }
        ],
        "is_locked": false,
        "subscribed": false
    },
    {
        "client_msg_id": "12d37e2c-a282-4e3c-b72e-690ada883120",
        "type": "message",
        "text": "I use Frase and Writerzen for research, optimization, and keyword\/topic discovery.",
        "user": "U02Q2HNNY57",
        "ts": "1645826058.412799",
        "team": "TJE58GTJL",
        "user_team": "TJE58GTJL",
        "source_team": "TJE58GTJL",
        "user_profile": {
            "avatar_hash": "e02f2575fca2",
            "image_72": "https:\/\/avatars.slack-edge.com\/2021-12-06\/2803051182501_e02f2575fca25cdd17b8_72.jpg",
            "first_name": "Saphia",
            "real_name": "Saphia Lanier",
            "display_name": "Saphia Lanier",
            "team": "TJE58GTJL",
            "name": "saphia",
            "is_restricted": false,
            "is_ultra_restricted": false
        },
        "blocks": [
            {
                "type": "rich_text",
                "block_id": "k5ba",
                "elements": [
                    {
                        "type": "rich_text_section",
                        "elements": [
                            {
                                "type": "text",
                                "text": "I use Frase and Writerzen for research, optimization, and keyword\/topic discovery."
                            }
                        ]
                    }
                ]
            }
        ],
        "thread_ts": "1645824702.342259",
        "parent_user_id": "U030U5Y08TW",
        "reactions": [
            {
                "name": "raised_hands",
                "users": [
                    "U030U5Y08TW"
                ],
                "count": 1
            }
        ]
    },
    {
        "client_msg_id": "aaaf41d1-52c8-42dd-a8d2-369934a26bb3",
        "type": "message",
        "text": "*Keyword research\/discovery:* Ahrefs (plus a custom script to identify primary vs variant KWs that I had a dev build out for us — there are software options but they're all hella expensive)\n\n*Content optimization:* Clearscope (could NOT live without it)\n\nI occasionally use <https:\/\/searchresponse.io\/people-also-ask|SearchResponse's PAA tool> for PAA research\/discovery. I like <https:\/\/www.quetext.com\/search|QueText> for auditing plagiarism. And then our writer schedules, client dashboards to view content, our primary \"how to write\" doc, and client tone\/brand details all live in Notion.",
        "user": "U024K88ECFN",
        "ts": "1645834251.750609",
        "team": "TJE58GTJL",
        "user_team": "TJE58GTJL",
        "source_team": "TJE58GTJL",
        "user_profile": {
            "avatar_hash": "00c4a04080e3",
            "image_72": "https:\/\/avatars.slack-edge.com\/2022-03-23\/3286590119379_00c4a04080e367a58cfc_72.png",
            "first_name": "Rebekah",
            "real_name": "Rebekah Edwards",
            "display_name": "Rebekah Edwards",
            "team": "TJE58GTJL",
            "name": "rebekah473",
            "is_restricted": false,
            "is_ultra_restricted": false
        },
        "blocks": [
            {
                "type": "rich_text",
                "block_id": "X+8",
                "elements": [
                    {
                        "type": "rich_text_section",
                        "elements": [
                            {
                                "type": "text",
                                "text": "Keyword research\/discovery:",
                                "style": {
                                    "bold": true
                                }
                            },
                            {
                                "type": "text",
                                "text": " Ahrefs (plus a custom script to identify primary vs variant KWs that I had a dev build out for us — there are software options but they're all hella expensive)\n\n"
                            },
                            {
                                "type": "text",
                                "text": "Content optimization: ",
                                "style": {
                                    "bold": true
                                }
                            },
                            {
                                "type": "text",
                                "text": "Clearscope (could NOT live without it)\n\nI occasionally use "
                            },
                            {
                                "type": "link",
                                "url": "https:\/\/searchresponse.io\/people-also-ask",
                                "text": "SearchResponse's PAA tool"
                            },
                            {
                                "type": "text",
                                "text": " for PAA research\/discovery. I like "
                            },
                            {
                                "type": "link",
                                "url": "https:\/\/www.quetext.com\/search",
                                "text": "QueText"
                            },
                            {
                                "type": "text",
                                "text": " for auditing plagiarism. And then our writer schedules, client dashboards to view content, our primary \"how to write\" doc, and client tone\/brand details all live in Notion."
                            }
                        ]
                    }
                ]
            }
        ],
        "thread_ts": "1645824702.342259",
        "parent_user_id": "U030U5Y08TW",
        "reactions": [
            {
                "name": "raised_hands",
                "users": [
                    "U030U5Y08TW"
                ],
                "count": 1
            }
        ]
    },
    {
        "client_msg_id": "b0bbf9b4-b5ac-43ae-a0bc-6031c1a0398f",
        "type": "message",
        "text": "Thank you <@U030U5Y08TW>. Will check.",
        "user": "U029Q3MDE6A",
        "ts": "1645846468.451389",
        "team": "TJE58GTJL",
        "user_team": "TJE58GTJL",
        "source_team": "TJE58GTJL",
        "user_profile": {
            "avatar_hash": "ab0a272f3dd8",
            "image_72": "https:\/\/avatars.slack-edge.com\/2021-08-03\/2336407110581_ab0a272f3dd8d47640ac_72.png",
            "first_name": "Shantanu",
            "real_name": "Shantanu Deshmukh",
            "display_name": "Shantanu",
            "team": "TJE58GTJL",
            "name": "sdeshmukh",
            "is_restricted": false,
            "is_ultra_restricted": false
        },
        "blocks": [
            {
                "type": "rich_text",
                "block_id": "aC1",
                "elements": [
                    {
                        "type": "rich_text_section",
                        "elements": [
                            {
                                "type": "text",
                                "text": "Thank you "
                            },
                            {
                                "type": "user",
                                "user_id": "U030U5Y08TW"
                            },
                            {
                                "type": "text",
                                "text": ". Will check."
                            }
                        ]
                    }
                ]
            }
        ],
        "thread_ts": "1645787019.913329",
        "parent_user_id": "U029Q3MDE6A"
    }
]