[
    {
        "client_msg_id": "4C8CE7E6-F2B0-40F0-883D-E6A187F90802",
        "type": "message",
        "text": "I worked at an all-remote agency for 7 years and I know it's different now with the pandemic, but our twice-annual in-person retreats were a real game changer. Spending a couple of days with someone helps everyone have more of a human connection over screens for the rest of the year.",
        "user": "U01DEA6F7CH",
        "ts": "1643919815.493019",
        "team": "TJE58GTJL",
        "user_team": "TJE58GTJL",
        "source_team": "TJE58GTJL",
        "user_profile": {
            "avatar_hash": "70a1b3d3ea49",
            "image_72": "https:\/\/avatars.slack-edge.com\/2020-10-22\/1443614799301_70a1b3d3ea49adc43894_72.jpg",
            "first_name": "Lee",
            "real_name": "Lee Price",
            "display_name": "Lee Price",
            "team": "TJE58GTJL",
            "name": "lee792",
            "is_restricted": false,
            "is_ultra_restricted": false
        },
        "edited": {
            "user": "U01DEA6F7CH",
            "ts": "1643919830.000000"
        },
        "blocks": [
            {
                "type": "rich_text",
                "block_id": "B0D",
                "elements": [
                    {
                        "type": "rich_text_section",
                        "elements": [
                            {
                                "type": "text",
                                "text": "I worked at an all-remote agency for 7 years and I know it's different now with the pandemic, but our twice-annual in-person retreats were a real game changer. Spending a couple of days with someone helps everyone have more of a human connection over screens for the rest of the year."
                            }
                        ]
                    }
                ]
            }
        ],
        "thread_ts": "1641921441.023900",
        "parent_user_id": "U026E1TJ06S",
        "reactions": [
            {
                "name": "point_up_2",
                "users": [
                    "U01NJ39M36K"
                ],
                "count": 1
            },
            {
                "name": "raised_hands",
                "users": [
                    "U026E1TJ06S"
                ],
                "count": 1
            }
        ]
    },
    {
        "client_msg_id": "be4b06da-fdb5-41c7-bd1b-5433df69b425",
        "type": "message",
        "text": "Agency folks: Talk to me about how you qualify leads! We (small edit agency focusing on fin svcs, tech, healthcare, business) have really built our networks over the last few years and are getting 2-4 inbound inquiries a week. (We even got a new client after our managing partner posted on LinkedIn looking for writers. :thinking_face:)\n\nWe have always taken a very personal approach to biz dev -- meeting individually w\/ prospective clients, sending customized clips packages, etc. We have been at max capacity for about 6 months, and that approach is no longer efficient. I've started screening out the prospects who are basically looking for a glorified content farm, and put together some canned responses we can have ready to go. But that only covers about 30% of the leads we get. I imagine there are 20% more that definitely merit the same process we have been following. So I'm curious how y'all deal efficiently with the murky middle ones, that could be fantastic or just tire-kickers.",
        "user": "U01NJ39M36K",
        "ts": "1643925627.134129",
        "team": "TJE58GTJL",
        "user_team": "TJE58GTJL",
        "source_team": "TJE58GTJL",
        "user_profile": {
            "avatar_hash": "4f5786a722ae",
            "image_72": "https:\/\/avatars.slack-edge.com\/2021-02-23\/1798556587425_4f5786a722aed9751baf_72.jpg",
            "first_name": "Michaela",
            "real_name": "Michaela Cavallaro",
            "display_name": "Michaela Cavallaro",
            "team": "TJE58GTJL",
            "name": "michaela",
            "is_restricted": false,
            "is_ultra_restricted": false
        },
        "blocks": [
            {
                "type": "rich_text",
                "block_id": "ir+r",
                "elements": [
                    {
                        "type": "rich_text_section",
                        "elements": [
                            {
                                "type": "text",
                                "text": "Agency folks: Talk to me about how you qualify leads! We (small edit agency focusing on fin svcs, tech, healthcare, business) have really built our networks over the last few years and are getting 2-4 inbound inquiries a week. (We even got a new client after our managing partner posted on LinkedIn looking for writers. "
                            },
                            {
                                "type": "emoji",
                                "name": "thinking_face"
                            },
                            {
                                "type": "text",
                                "text": ")\n\nWe have always taken a very personal approach to biz dev -- meeting individually w\/ prospective clients, sending customized clips packages, etc. We have been at max capacity for about 6 months, and that approach is no longer efficient. I've started screening out the prospects who are basically looking for a glorified content farm, and put together some canned responses we can have ready to go. But that only covers about 30% of the leads we get. I imagine there are 20% more that definitely merit the same process we have been following. So I'm curious how y'all deal efficiently with the murky middle ones, that could be fantastic or just tire-kickers."
                            }
                        ]
                    }
                ]
            }
        ],
        "thread_ts": "1643925627.134129",
        "reply_count": 6,
        "reply_users_count": 5,
        "latest_reply": "1644268260.093579",
        "reply_users": [
            "U02SU2BECCA",
            "U01P13NTGG6",
            "U01NJ39M36K",
            "U029CTQ5X6Y",
            "UUXMCJQ15"
        ],
        "replies": [
            {
                "user": "U02SU2BECCA",
                "ts": "1643925967.598469"
            },
            {
                "user": "U01P13NTGG6",
                "ts": "1643933633.447949"
            },
            {
                "user": "U01NJ39M36K",
                "ts": "1643990190.374529"
            },
            {
                "user": "U029CTQ5X6Y",
                "ts": "1644255221.077249"
            },
            {
                "user": "UUXMCJQ15",
                "ts": "1644265646.823529"
            },
            {
                "user": "U029CTQ5X6Y",
                "ts": "1644268260.093579"
            }
        ],
        "is_locked": false,
        "subscribed": false
    },
    {
        "client_msg_id": "56dbd716-09b7-4a43-8021-b449e29ff8e6",
        "type": "message",
        "text": "Hi Michaela! I won't claim to be an expert on this in the agency world, but I've seen it a lot in my 'day job' at SaaS companies.\n\nI just checked out your website and have a couple suggestions:\n\n• You might be able to do more screening with your contact form (assuming this is where your inbound leads are coming from). Your form fields are pretty generic, and adding some more granularity might help with filtering (eg \"Budget\", \"Type of Work\", etc)\n• Clarify your positioning on your site so everyone knows who you'll work with (and who you won't). <@UUXMCJQ15> shared a great Loom video i<https:\/\/content-career-growth.slack.com\/archives\/CJ7QJ4WKB\/p1643767932117929|n this thread> that shows how he does this on his site.",
        "user": "U02SU2BECCA",
        "ts": "1643925967.598469",
        "team": "TJE58GTJL",
        "user_team": "TJE58GTJL",
        "source_team": "TJE58GTJL",
        "user_profile": {
            "avatar_hash": "ee48b1106795",
            "image_72": "https:\/\/avatars.slack-edge.com\/2022-01-05\/2912317446291_ee48b110679501fff7ef_72.jpg",
            "first_name": "Lawrence",
            "real_name": "Lawrence Barker",
            "display_name": "Lawrence",
            "team": "TJE58GTJL",
            "name": "lawrence",
            "is_restricted": false,
            "is_ultra_restricted": false
        },
        "blocks": [
            {
                "type": "rich_text",
                "block_id": "Q8XdU",
                "elements": [
                    {
                        "type": "rich_text_section",
                        "elements": [
                            {
                                "type": "text",
                                "text": "Hi Michaela! I won't claim to be an expert on this in the agency world, but I've seen it a lot in my 'day job' at SaaS companies.\n\nI just checked out your website and have a couple suggestions:\n\n"
                            }
                        ]
                    },
                    {
                        "type": "rich_text_list",
                        "elements": [
                            {
                                "type": "rich_text_section",
                                "elements": [
                                    {
                                        "type": "text",
                                        "text": "You might be able to do more screening with your contact form (assuming this is where your inbound leads are coming from). Your form fields are pretty generic, and adding some more granularity might help with filtering (eg \"Budget\", \"Type of Work\", etc)"
                                    }
                                ]
                            },
                            {
                                "type": "rich_text_section",
                                "elements": [
                                    {
                                        "type": "text",
                                        "text": "Clarify your positioning on your site so everyone knows who you'll work with (and who you won't). "
                                    },
                                    {
                                        "type": "user",
                                        "user_id": "UUXMCJQ15"
                                    },
                                    {
                                        "type": "text",
                                        "text": " shared a great Loom video i"
                                    },
                                    {
                                        "type": "link",
                                        "url": "https:\/\/content-career-growth.slack.com\/archives\/CJ7QJ4WKB\/p1643767932117929",
                                        "text": "n this thread"
                                    },
                                    {
                                        "type": "text",
                                        "text": " that shows how he does this on his site."
                                    }
                                ]
                            }
                        ],
                        "style": "bullet",
                        "indent": 0,
                        "border": 0
                    }
                ]
            }
        ],
        "thread_ts": "1643925627.134129",
        "parent_user_id": "U01NJ39M36K",
        "reactions": [
            {
                "name": "raised_hands",
                "users": [
                    "UUXMCJQ15"
                ],
                "count": 1
            }
        ]
    },
    {
        "client_msg_id": "8D9B93E6-1224-45B7-A5BE-4641A6C9126F",
        "type": "message",
        "text": "Agree with Lawrence here. Definitely add budget and use some sort of automation to qualify them and send them a response email if they're DQ’ed, letting them know why and some recommended resources in their range.\n\nWe used to get way too many inquiries that weren't qualified either. So I put pricing up and that helped a ton. Way fewer leads, but way less wasted time (for both the lead and us). ",
        "user": "U01P13NTGG6",
        "ts": "1643933633.447949",
        "team": "TJE58GTJL",
        "user_team": "TJE58GTJL",
        "source_team": "TJE58GTJL",
        "user_profile": {
            "avatar_hash": "1625b1f12011",
            "image_72": "https:\/\/avatars.slack-edge.com\/2021-02-24\/1775273585607_1625b1f12011f553efc5_72.png",
            "first_name": "Skyler",
            "real_name": "Skyler Reeves",
            "display_name": "Skyler Reeves",
            "team": "TJE58GTJL",
            "name": "skyler",
            "is_restricted": false,
            "is_ultra_restricted": false
        },
        "blocks": [
            {
                "type": "rich_text",
                "block_id": "bZxj2",
                "elements": [
                    {
                        "type": "rich_text_section",
                        "elements": [
                            {
                                "type": "text",
                                "text": "Agree with Lawrence here. Definitely add budget and use some sort of automation to qualify them and send them a response email if they're DQ’ed, letting them know why and some recommended resources in their range.\n\nWe used to get way too many inquiries that weren't qualified either. So I put pricing up and that helped a ton. Way fewer leads, but way less wasted time (for both the lead and us). "
                            }
                        ]
                    }
                ]
            }
        ],
        "thread_ts": "1643925627.134129",
        "parent_user_id": "U01NJ39M36K"
    }
]