[
    {
        "client_msg_id": "6ddbaf5b-6217-4e77-bac3-59377ba0fa6b",
        "type": "message",
        "text": "Anyone know of a dashboard where you can sell “credits” for services? Looking for something where a client can buy, say, 100 credits and redeem them on different productized services — i.e. 30 credits for Product A; 50 credits for Product B, etc. ",
        "user": "UJHMVAE3G",
        "ts": "1643821021.774889",
        "team": "TJE58GTJL",
        "user_team": "TJE58GTJL",
        "source_team": "TJE58GTJL",
        "user_profile": {
            "avatar_hash": "g1b669baf54d",
            "image_72": "https:\/\/secure.gravatar.com\/avatar\/cb1b669baf54d184a6138c7f4607efc3.jpg?s=72&d=https%3A%2F%2Fa.slack-edge.com%2Fdf10d%2Fimg%2Favatars%2Fava_0013-72.png",
            "first_name": "Elise",
            "real_name": "Elise Dopson",
            "display_name": "",
            "team": "TJE58GTJL",
            "name": "elise",
            "is_restricted": false,
            "is_ultra_restricted": false
        },
        "edited": {
            "user": "UJHMVAE3G",
            "ts": "1643821497.000000"
        },
        "blocks": [
            {
                "type": "rich_text",
                "block_id": "YBB",
                "elements": [
                    {
                        "type": "rich_text_section",
                        "elements": [
                            {
                                "type": "text",
                                "text": "Anyone know of a dashboard where you can sell “credits” for services? Looking for something where a client can buy, say, 100 credits and redeem them on different productized services — i.e. 30 credits for Product A; 50 credits for Product B, etc. "
                            }
                        ]
                    }
                ]
            }
        ],
        "thread_ts": "1643821021.774889",
        "reply_count": 2,
        "reply_users_count": 2,
        "latest_reply": "1643833691.512659",
        "reply_users": [
            "UPZ4VTLJE",
            "U01P13NTGG6"
        ],
        "replies": [
            {
                "user": "UPZ4VTLJE",
                "ts": "1643824075.898849"
            },
            {
                "user": "U01P13NTGG6",
                "ts": "1643833691.512659"
            }
        ],
        "is_locked": false,
        "subscribed": false
    },
    {
        "client_msg_id": "4092B16A-A777-4A54-AD9B-B662763FD5DB",
        "type": "message",
        "text": "ManyRequests does this ",
        "user": "UPZ4VTLJE",
        "ts": "1643824075.898849",
        "team": "TJE58GTJL",
        "user_team": "TJE58GTJL",
        "source_team": "TJE58GTJL",
        "user_profile": {
            "avatar_hash": "5c99b7b58614",
            "image_72": "https:\/\/avatars.slack-edge.com\/2021-10-04\/2587988620704_5c99b7b58614943546f4_72.jpg",
            "first_name": "",
            "real_name": "Gary Magnone",
            "display_name": "Gary Magnone",
            "team": "TJE58GTJL",
            "name": "gary",
            "is_restricted": false,
            "is_ultra_restricted": false
        },
        "blocks": [
            {
                "type": "rich_text",
                "block_id": "L4Z",
                "elements": [
                    {
                        "type": "rich_text_section",
                        "elements": [
                            {
                                "type": "text",
                                "text": "ManyRequests does this "
                            }
                        ]
                    }
                ]
            }
        ],
        "thread_ts": "1643821021.774889",
        "parent_user_id": "UJHMVAE3G"
    },
    {
        "client_msg_id": "5646cb30-d358-420c-a038-dc749437eb0c",
        "type": "message",
        "text": "<https:\/\/spp.co\/|SPP> is what we use for Link Intelligence and such.",
        "user": "U01P13NTGG6",
        "ts": "1643833691.512659",
        "team": "TJE58GTJL",
        "user_team": "TJE58GTJL",
        "source_team": "TJE58GTJL",
        "user_profile": {
            "avatar_hash": "1625b1f12011",
            "image_72": "https:\/\/avatars.slack-edge.com\/2021-02-24\/1775273585607_1625b1f12011f553efc5_72.png",
            "first_name": "Skyler",
            "real_name": "Skyler Reeves",
            "display_name": "Skyler Reeves",
            "team": "TJE58GTJL",
            "name": "skyler",
            "is_restricted": false,
            "is_ultra_restricted": false
        },
        "blocks": [
            {
                "type": "rich_text",
                "block_id": "ZK+w+",
                "elements": [
                    {
                        "type": "rich_text_section",
                        "elements": [
                            {
                                "type": "link",
                                "url": "https:\/\/spp.co\/",
                                "text": "SPP"
                            },
                            {
                                "type": "text",
                                "text": " is what we use for Link Intelligence and such."
                            }
                        ]
                    }
                ]
            }
        ],
        "thread_ts": "1643821021.774889",
        "parent_user_id": "UJHMVAE3G"
    }
]