[
    {
        "client_msg_id": "71ab62ab-f42f-4426-be1c-cbc9c9cf07fa",
        "type": "message",
        "text": "try <https:\/\/app.letsdeel.com\/> maybe?",
        "user": "U02CD08B7CP",
        "ts": "1642792239.046600",
        "team": "TJE58GTJL",
        "user_team": "TJE58GTJL",
        "source_team": "TJE58GTJL",
        "user_profile": {
            "avatar_hash": "a7a6b221f30b",
            "image_72": "https:\/\/avatars.slack-edge.com\/2021-08-30\/2435810576451_a7a6b221f30bd12bc1bd_72.png",
            "first_name": "Aniruddha",
            "real_name": "Aniruddha Mishra",
            "display_name": "Aniruddha Mishra",
            "team": "TJE58GTJL",
            "name": "ani7ruddha",
            "is_restricted": false,
            "is_ultra_restricted": false
        },
        "attachments": [
            {
                "from_url": "https:\/\/app.letsdeel.com\/",
                "image_url": "https:\/\/media.letsdeel.com\/images\/ogimage_new.jpg",
                "image_width": 444,
                "image_height": 250,
                "image_bytes": 232974,
                "service_icon": "https:\/\/app.letsdeel.com\/.\/touch-icon-iphone.png",
                "id": 1,
                "original_url": "https:\/\/app.letsdeel.com\/",
                "fallback": "Deel - Payroll for remote teams",
                "text": "Deel is the first payroll platform for remote teams that connects localized compliance and payments in one system of record and automates everything.",
                "title": "Deel - Payroll for remote teams",
                "title_link": "https:\/\/app.letsdeel.com\/",
                "service_name": "app.letsdeel.com"
            }
        ],
        "blocks": [
            {
                "type": "rich_text",
                "block_id": "8sw8t",
                "elements": [
                    {
                        "type": "rich_text_section",
                        "elements": [
                            {
                                "type": "text",
                                "text": "try "
                            },
                            {
                                "type": "link",
                                "url": "https:\/\/app.letsdeel.com\/"
                            },
                            {
                                "type": "text",
                                "text": " maybe?"
                            }
                        ]
                    }
                ]
            }
        ],
        "thread_ts": "1642543404.022700",
        "parent_user_id": "U02EA5937MM",
        "reactions": [
            {
                "name": "+1",
                "users": [
                    "U02EA5937MM"
                ],
                "count": 1
            }
        ]
    },
    {
        "client_msg_id": "bcdeccb6-2a58-49d4-9799-c4199e7601b6",
        "type": "message",
        "text": "Let me know how I can help! :slightly_smiling_face:",
        "user": "U02TN8URZBP",
        "ts": "1642793466.047000",
        "team": "TJE58GTJL",
        "user_team": "TJE58GTJL",
        "source_team": "TJE58GTJL",
        "user_profile": {
            "avatar_hash": "d3bf7d21467b",
            "image_72": "https:\/\/avatars.slack-edge.com\/2022-01-12\/2966997924544_d3bf7d21467b85c13317_72.jpg",
            "first_name": "Aisha",
            "real_name": "Aisha Owolabi",
            "display_name": "Aisha Owolabi",
            "team": "TJE58GTJL",
            "name": "aishaowolabiadun",
            "is_restricted": false,
            "is_ultra_restricted": false
        },
        "blocks": [
            {
                "type": "rich_text",
                "block_id": "adDV2",
                "elements": [
                    {
                        "type": "rich_text_section",
                        "elements": [
                            {
                                "type": "text",
                                "text": "Let me know how I can help! "
                            },
                            {
                                "type": "emoji",
                                "name": "slightly_smiling_face"
                            }
                        ]
                    }
                ]
            }
        ],
        "thread_ts": "1642712491.042500",
        "parent_user_id": "U02Q8U5T7TP"
    },
    {
        "client_msg_id": "ca8eeb87-2e6d-4c7d-8706-f9a074fd545c",
        "type": "message",
        "text": "Hey Joel. Happy to help.",
        "user": "U016LHA1BHP",
        "ts": "1642804804.047300",
        "team": "TJE58GTJL",
        "user_team": "TJE58GTJL",
        "source_team": "TJE58GTJL",
        "user_profile": {
            "avatar_hash": "gfb59b3218c9",
            "image_72": "https:\/\/secure.gravatar.com\/avatar\/fb59b3218c924e1327d5b033f0098ce0.jpg?s=72&d=https%3A%2F%2Fa.slack-edge.com%2Fdf10d%2Fimg%2Favatars%2Fava_0025-72.png",
            "first_name": "AbdulGaniy",
            "real_name": "AbdulGaniy Shehu",
            "display_name": "AbdulGaniy Shehu",
            "team": "TJE58GTJL",
            "name": "abdulganiyshehu",
            "is_restricted": false,
            "is_ultra_restricted": false
        },
        "blocks": [
            {
                "type": "rich_text",
                "block_id": "O\/eo",
                "elements": [
                    {
                        "type": "rich_text_section",
                        "elements": [
                            {
                                "type": "text",
                                "text": "Hey Joel. Happy to help."
                            }
                        ]
                    }
                ]
            }
        ],
        "thread_ts": "1642712491.042500",
        "parent_user_id": "U02Q8U5T7TP"
    },
    {
        "client_msg_id": "0cbe3746-3cc5-47e4-bdd1-d5746439e167",
        "type": "message",
        "text": "<@U024K88ECFN>\n\nI will send you a DM right away",
        "user": "U02Q8U5T7TP",
        "ts": "1642818789.047600",
        "team": "TJE58GTJL",
        "user_team": "TJE58GTJL",
        "source_team": "TJE58GTJL",
        "user_profile": {
            "avatar_hash": "6ac00fe7f7de",
            "image_72": "https:\/\/avatars.slack-edge.com\/2022-04-15\/3395185200147_6ac00fe7f7de679b0f41_72.jpg",
            "first_name": "Johelski",
            "real_name": "Johelski",
            "display_name": "johelski",
            "team": "TJE58GTJL",
            "name": "ajayijohel",
            "is_restricted": false,
            "is_ultra_restricted": false
        },
        "blocks": [
            {
                "type": "rich_text",
                "block_id": "OEPHj",
                "elements": [
                    {
                        "type": "rich_text_section",
                        "elements": [
                            {
                                "type": "user",
                                "user_id": "U024K88ECFN"
                            },
                            {
                                "type": "text",
                                "text": "\n\nI will send you a DM right away"
                            }
                        ]
                    }
                ]
            }
        ],
        "thread_ts": "1642712491.042500",
        "parent_user_id": "U02Q8U5T7TP"
    },
    {
        "client_msg_id": "0151a100-f002-4b63-88a4-f6245bd68bc3",
        "type": "message",
        "text": "<@U01GWU4JWE4>\n\nI'd send you a DM as well",
        "user": "U02Q8U5T7TP",
        "ts": "1642819116.047800",
        "team": "TJE58GTJL",
        "user_team": "TJE58GTJL",
        "source_team": "TJE58GTJL",
        "user_profile": {
            "avatar_hash": "6ac00fe7f7de",
            "image_72": "https:\/\/avatars.slack-edge.com\/2022-04-15\/3395185200147_6ac00fe7f7de679b0f41_72.jpg",
            "first_name": "Johelski",
            "real_name": "Johelski",
            "display_name": "johelski",
            "team": "TJE58GTJL",
            "name": "ajayijohel",
            "is_restricted": false,
            "is_ultra_restricted": false
        },
        "blocks": [
            {
                "type": "rich_text",
                "block_id": "MXBiW",
                "elements": [
                    {
                        "type": "rich_text_section",
                        "elements": [
                            {
                                "type": "user",
                                "user_id": "U01GWU4JWE4"
                            },
                            {
                                "type": "text",
                                "text": "\n\nI'd send you a DM as well"
                            }
                        ]
                    }
                ]
            }
        ],
        "thread_ts": "1642712491.042500",
        "parent_user_id": "U02Q8U5T7TP"
    }
]