[
    {
        "client_msg_id": "0cc9dd44-250b-46cb-ba21-a20289bd2c94",
        "type": "message",
        "text": "So we have a pretty in-depth onboarding process for every client, and we refer to that as our “consultation phase” and yes we do charge for it, because we put a gazillion hours into determining goals &amp; kpis, competitive analysis, target audience analysis (including interviews), and then prepping the first 3 months of the campaign and presenting that so we can flip switches when they say go. we also often include a brand positioning and messaging deliverable too. So basically, the first 5-6 weeks of a relationship is that stuff and it’s a flat fee, then they say go and we turn on the monthly retainer. This is at a regular marketing agency so content is a piece of this but not all of it",
        "user": "U0113AV4895",
        "ts": "1644856243.853929",
        "team": "TJE58GTJL",
        "user_team": "TJE58GTJL",
        "source_team": "TJE58GTJL",
        "user_profile": {
            "avatar_hash": "abf6dd3a714a",
            "image_72": "https:\/\/avatars.slack-edge.com\/2020-05-06\/1107778466019_abf6dd3a714ac6e86603_72.jpg",
            "first_name": "Jessie",
            "real_name": "Jessie Wood",
            "display_name": "Jessie",
            "team": "TJE58GTJL",
            "name": "jessiewould",
            "is_restricted": false,
            "is_ultra_restricted": false
        },
        "blocks": [
            {
                "type": "rich_text",
                "block_id": "s5Pyu",
                "elements": [
                    {
                        "type": "rich_text_section",
                        "elements": [
                            {
                                "type": "text",
                                "text": "So we have a pretty in-depth onboarding process for every client, and we refer to that as our “consultation phase” and yes we do charge for it, because we put a gazillion hours into determining goals & kpis, competitive analysis, target audience analysis (including interviews), and then prepping the first 3 months of the campaign and presenting that so we can flip switches when they say go. we also often include a brand positioning and messaging deliverable too. So basically, the first 5-6 weeks of a relationship is that stuff and it’s a flat fee, then they say go and we turn on the monthly retainer. This is at a regular marketing agency so content is a piece of this but not all of it"
                            }
                        ]
                    }
                ]
            }
        ],
        "thread_ts": "1644707201.166269",
        "parent_user_id": "U01NM31CTFU"
    },
    {
        "client_msg_id": "f628a2ce-434f-4974-9cae-4c9412818304",
        "type": "message",
        "text": "When I was in fintech we worked with a marketing agency. It was basically month-to-month with a 30-day notice to cancel and was all kinds of marketing, not just content.\n\nThe agency did charge a pretty hefty setup fee, but we didn't think anything of it - we knew that they were putting a lot of hours into getting to know us as a company and work up a strategy.",
        "user": "U026RJJ46UW",
        "ts": "1644857732.200179",
        "team": "TJE58GTJL",
        "user_team": "TJE58GTJL",
        "source_team": "TJE58GTJL",
        "user_profile": {
            "avatar_hash": "c271cc94f005",
            "image_72": "https:\/\/avatars.slack-edge.com\/2021-11-09\/2706353693523_c271cc94f005a6f4f201_72.jpg",
            "first_name": "Anna",
            "real_name": "Anna Burgess Yang",
            "display_name": "Anna Burgess Yang",
            "team": "TJE58GTJL",
            "name": "awbyang",
            "is_restricted": false,
            "is_ultra_restricted": false
        },
        "blocks": [
            {
                "type": "rich_text",
                "block_id": "HiAz",
                "elements": [
                    {
                        "type": "rich_text_section",
                        "elements": [
                            {
                                "type": "text",
                                "text": "When I was in fintech we worked with a marketing agency. It was basically month-to-month with a 30-day notice to cancel and was all kinds of marketing, not just content.\n\nThe agency did charge a pretty hefty setup fee, but we didn't think anything of it - we knew that they were putting a lot of hours into getting to know us as a company and work up a strategy."
                            }
                        ]
                    }
                ]
            }
        ],
        "thread_ts": "1644707201.166269",
        "parent_user_id": "U01NM31CTFU"
    }
]