[
    {
        "client_msg_id": "68887be6-7a70-478b-bbd7-ba9abe443c1a",
        "type": "message",
        "text": "This is all really great insight — thanks so much for taking the time to chime in <@UUXMCJQ15>, <@U024K88ECFN>, <@U0113AV4895>, and <@U026RJJ46UW>.\n\nHere’s where I’m at:\nWe do require payment up front, but just for one month at a time. I think I need to start requiring a baseline of 3 months (then month to month after) instead of trying to make things super easy for the client by not locking them into _anything_. If I do that, it sets a better foundation to get them in the mindset of working together long-term. I like the idea of a consultation phase and tying everything we find back to a specific deliverable that the client could take and use whether they continue with us or not. If those things work in tandem (a “longer” term starting engagement vs whatever they want + some initial strategy work and deliverables), we’re doing a better job to set ourselves up for success over the long term and can include some margin for the admin stuff across a longer term\/with initial strategy deliverables.",
        "user": "U01NM31CTFU",
        "ts": "1644956393.819879",
        "team": "TJE58GTJL",
        "user_team": "TJE58GTJL",
        "source_team": "TJE58GTJL",
        "user_profile": {
            "avatar_hash": "788aae3c46d1",
            "image_72": "https:\/\/avatars.slack-edge.com\/2021-05-28\/2122915523844_788aae3c46d19c1058da_72.jpg",
            "first_name": "Maddy",
            "real_name": "Maddy Osman",
            "display_name": "Maddy Osman",
            "team": "TJE58GTJL",
            "name": "maddy527",
            "is_restricted": false,
            "is_ultra_restricted": false
        },
        "blocks": [
            {
                "type": "rich_text",
                "block_id": "Jf5",
                "elements": [
                    {
                        "type": "rich_text_section",
                        "elements": [
                            {
                                "type": "text",
                                "text": "This is all really great insight — thanks so much for taking the time to chime in "
                            },
                            {
                                "type": "user",
                                "user_id": "UUXMCJQ15"
                            },
                            {
                                "type": "text",
                                "text": ", "
                            },
                            {
                                "type": "user",
                                "user_id": "U024K88ECFN"
                            },
                            {
                                "type": "text",
                                "text": ", "
                            },
                            {
                                "type": "user",
                                "user_id": "U0113AV4895"
                            },
                            {
                                "type": "text",
                                "text": ", and "
                            },
                            {
                                "type": "user",
                                "user_id": "U026RJJ46UW"
                            },
                            {
                                "type": "text",
                                "text": ".\n\nHere’s where I’m at:\nWe do require payment up front, but just for one month at a time. I think I need to start requiring a baseline of 3 months (then month to month after) instead of trying to make things super easy for the client by not locking them into "
                            },
                            {
                                "type": "text",
                                "text": "anything",
                                "style": {
                                    "italic": true
                                }
                            },
                            {
                                "type": "text",
                                "text": ". If I do that, it sets a better foundation to get them in the mindset of working together long-term. I like the idea of a consultation phase and tying everything we find back to a specific deliverable that the client could take and use whether they continue with us or not. If those things work in tandem (a “longer” term starting engagement vs whatever they want + some initial strategy work and deliverables), we’re doing a better job to set ourselves up for success over the long term and can include some margin for the admin stuff across a longer term\/with initial strategy deliverables."
                            }
                        ]
                    }
                ]
            }
        ],
        "thread_ts": "1644707201.166269",
        "parent_user_id": "U01NM31CTFU",
        "reactions": [
            {
                "name": "hearts",
                "users": [
                    "U024K88ECFN",
                    "U0337RKUW6S"
                ],
                "count": 2
            }
        ]
    },
    {
        "client_msg_id": "48e311be-56b5-41d9-add3-99a903ab2244",
        "type": "message",
        "text": "<@U029CTQ5X6Y> Oh! Yes. Been there. In the first I always had to pitch my best ideas forwards and it used to contradicts with the other agency. Yes my ideas were good. But content is a debatable topic.\n\nBut as the campaign progresses, I have realized -  It is only better to showcase the quality through the work you do.\n\nOnce the company starts forming the trust in your agency and in your work - all things will work out on its own.\n\nTips -\n1. Try to listen to other agencies\n2. Stay minimal in the beginning and understand the company you are writing content for\n3. Only ask the necessary questions in the beginning.\n4. Do not oversell. \n5. Once the company starts trusting you - there will be no price cutdowns and competitions.",
        "user": "U02MJEXDFCH",
        "ts": "1644995658.365679",
        "team": "TJE58GTJL",
        "user_team": "TJE58GTJL",
        "source_team": "TJE58GTJL",
        "user_profile": {
            "avatar_hash": "4997de431ca4",
            "image_72": "https:\/\/avatars.slack-edge.com\/2021-11-16\/2729748664322_4997de431ca47f14ad9e_72.jpg",
            "first_name": "Jaini",
            "real_name": "Jaini Shah",
            "display_name": "Jaini Shah",
            "team": "TJE58GTJL",
            "name": "jaini.s",
            "is_restricted": false,
            "is_ultra_restricted": false
        },
        "blocks": [
            {
                "type": "rich_text",
                "block_id": "0tcs",
                "elements": [
                    {
                        "type": "rich_text_section",
                        "elements": [
                            {
                                "type": "user",
                                "user_id": "U029CTQ5X6Y"
                            },
                            {
                                "type": "text",
                                "text": " Oh! Yes. Been there. In the first I always had to pitch my best ideas forwards and it used to contradicts with the other agency. Yes my ideas were good. But content is a debatable topic.\n\nBut as the campaign progresses, I have realized -  It is only better to showcase the quality through the work you do.\n\nOnce the company starts forming the trust in your agency and in your work - all things will work out on its own.\n\nTips -\n"
                            }
                        ]
                    },
                    {
                        "type": "rich_text_list",
                        "elements": [
                            {
                                "type": "rich_text_section",
                                "elements": [
                                    {
                                        "type": "text",
                                        "text": "Try to listen to other agencies"
                                    }
                                ]
                            },
                            {
                                "type": "rich_text_section",
                                "elements": [
                                    {
                                        "type": "text",
                                        "text": "Stay minimal in the beginning and understand the company you are writing content for"
                                    }
                                ]
                            },
                            {
                                "type": "rich_text_section",
                                "elements": [
                                    {
                                        "type": "text",
                                        "text": "Only ask the necessary questions in the beginning."
                                    }
                                ]
                            },
                            {
                                "type": "rich_text_section",
                                "elements": [
                                    {
                                        "type": "text",
                                        "text": "Do not oversell. "
                                    }
                                ]
                            },
                            {
                                "type": "rich_text_section",
                                "elements": [
                                    {
                                        "type": "text",
                                        "text": "Once the company starts trusting you - there will be no price cutdowns and competitions."
                                    }
                                ]
                            }
                        ],
                        "style": "ordered",
                        "indent": 0,
                        "border": 0
                    }
                ]
            }
        ],
        "thread_ts": "1644255665.468609",
        "parent_user_id": "U029CTQ5X6Y"
    },
    {
        "client_msg_id": "6e4059bc-4bfd-47bb-8000-b366902adf47",
        "type": "message",
        "text": "Hey <@U014ZK7Q1TP> - I think there is a form - W-8BEN-E. It generally states that you are NOT a US business and don’t need to pay taxes for this country.\n\nI am not entirely sure of the procedures. But at least you can check it out.\n\nHope that helps.",
        "user": "U02MJEXDFCH",
        "ts": "1644995966.346029",
        "team": "TJE58GTJL",
        "user_team": "TJE58GTJL",
        "source_team": "TJE58GTJL",
        "user_profile": {
            "avatar_hash": "4997de431ca4",
            "image_72": "https:\/\/avatars.slack-edge.com\/2021-11-16\/2729748664322_4997de431ca47f14ad9e_72.jpg",
            "first_name": "Jaini",
            "real_name": "Jaini Shah",
            "display_name": "Jaini Shah",
            "team": "TJE58GTJL",
            "name": "jaini.s",
            "is_restricted": false,
            "is_ultra_restricted": false
        },
        "blocks": [
            {
                "type": "rich_text",
                "block_id": "pLJ",
                "elements": [
                    {
                        "type": "rich_text_section",
                        "elements": [
                            {
                                "type": "text",
                                "text": "Hey "
                            },
                            {
                                "type": "user",
                                "user_id": "U014ZK7Q1TP"
                            },
                            {
                                "type": "text",
                                "text": " - I think there is a form - W-8BEN-E. It generally states that you are NOT a US business and don’t need to pay taxes for this country.\n\nI am not entirely sure of the procedures. But at least you can check it out.\n\nHope that helps."
                            }
                        ]
                    }
                ]
            }
        ],
        "thread_ts": "1644340461.890869",
        "parent_user_id": "U014ZK7Q1TP"
    }
]