[
    {
        "client_msg_id": "a326c5d8-a0ed-4aa6-bb8b-5dacc2bffffb",
        "type": "message",
        "text": "This is great thank you so much Skyler.",
        "user": "U02HD0L8HAP",
        "ts": "1646394250.691879",
        "team": "TJE58GTJL",
        "user_team": "TJE58GTJL",
        "source_team": "TJE58GTJL",
        "user_profile": {
            "avatar_hash": "675c42a91f65",
            "image_72": "https:\/\/avatars.slack-edge.com\/2022-01-10\/2928364816754_675c42a91f6571f4ac6b_72.jpg",
            "first_name": "Aanchal",
            "real_name": "Aanchal Parmar",
            "display_name": "Aanchal Parmar",
            "team": "TJE58GTJL",
            "name": "aanywrites",
            "is_restricted": false,
            "is_ultra_restricted": false
        },
        "blocks": [
            {
                "type": "rich_text",
                "block_id": "L=DDC",
                "elements": [
                    {
                        "type": "rich_text_section",
                        "elements": [
                            {
                                "type": "text",
                                "text": "This is great thank you so much Skyler."
                            }
                        ]
                    }
                ]
            }
        ],
        "thread_ts": "1646324206.614049",
        "parent_user_id": "U02HD0L8HAP"
    },
    {
        "client_msg_id": "8BD9CF73-4AAD-481F-BF36-3B36DCAA18FE",
        "type": "message",
        "text": "Sure thing. Glad to help. :raised_hands:",
        "user": "U01P13NTGG6",
        "ts": "1646413583.290749",
        "team": "TJE58GTJL",
        "user_team": "TJE58GTJL",
        "source_team": "TJE58GTJL",
        "user_profile": {
            "avatar_hash": "1625b1f12011",
            "image_72": "https:\/\/avatars.slack-edge.com\/2021-02-24\/1775273585607_1625b1f12011f553efc5_72.png",
            "first_name": "Skyler",
            "real_name": "Skyler Reeves",
            "display_name": "Skyler Reeves",
            "team": "TJE58GTJL",
            "name": "skyler",
            "is_restricted": false,
            "is_ultra_restricted": false
        },
        "blocks": [
            {
                "type": "rich_text",
                "block_id": "M=X",
                "elements": [
                    {
                        "type": "rich_text_section",
                        "elements": [
                            {
                                "type": "text",
                                "text": "Sure thing. Glad to help. "
                            },
                            {
                                "type": "emoji",
                                "name": "raised_hands"
                            }
                        ]
                    }
                ]
            }
        ],
        "thread_ts": "1646324206.614049",
        "parent_user_id": "U02HD0L8HAP"
    }
]