[
    {
        "client_msg_id": "847bf91d-2165-460b-9cb4-a6db2c71b37f",
        "type": "message",
        "text": "Can I DM? :sweat_smile:",
        "user": "UJJELJPNH",
        "ts": "1640011249.000100",
        "team": "TJE58GTJL",
        "user_team": "TJE58GTJL",
        "source_team": "TJE58GTJL",
        "user_profile": {
            "avatar_hash": "d7c0796969e7",
            "image_72": "https:\/\/avatars.slack-edge.com\/2021-09-22\/2512204757622_d7c0796969e7e10042d0_72.png",
            "first_name": "Archita",
            "real_name": "Archita Sharma",
            "display_name": "Archita Sharma",
            "team": "TJE58GTJL",
            "name": "mearchita",
            "is_restricted": false,
            "is_ultra_restricted": false
        },
        "blocks": [
            {
                "type": "rich_text",
                "block_id": "CEKZ",
                "elements": [
                    {
                        "type": "rich_text_section",
                        "elements": [
                            {
                                "type": "text",
                                "text": "Can I DM? "
                            },
                            {
                                "type": "emoji",
                                "name": "sweat_smile"
                            }
                        ]
                    }
                ]
            }
        ],
        "thread_ts": "1639473589.472200",
        "parent_user_id": "U01J3L8CJRL",
        "reactions": [
            {
                "name": "joy",
                "users": [
                    "U01J3L8CJRL"
                ],
                "count": 1
            }
        ]
    },
    {
        "client_msg_id": "c4f090ae-f7b7-4898-9898-810563f5cedb",
        "type": "message",
        "text": "Hey Edikan. Sarah Greesonbach's B2B Writing Institute is an awesome learning spot for B2B writers.",
        "user": "U02RRJ8E43S",
        "ts": "1640012823.000400",
        "team": "TJE58GTJL",
        "user_team": "TJE58GTJL",
        "source_team": "TJE58GTJL",
        "user_profile": {
            "avatar_hash": "gbd83b6b51c8",
            "image_72": "https:\/\/secure.gravatar.com\/avatar\/bd83b6b51c81665cf588c67517bf340c.jpg?s=72&d=https%3A%2F%2Fa.slack-edge.com%2Fdf10d%2Fimg%2Favatars%2Fava_0014-72.png",
            "first_name": "Denise",
            "real_name": "Denise Hubbard",
            "display_name": "Denise",
            "team": "TJE58GTJL",
            "name": "denise265",
            "is_restricted": false,
            "is_ultra_restricted": false
        },
        "blocks": [
            {
                "type": "rich_text",
                "block_id": "sRHM0",
                "elements": [
                    {
                        "type": "rich_text_section",
                        "elements": [
                            {
                                "type": "text",
                                "text": "Hey Edikan. Sarah Greesonbach's B2B Writing Institute is an awesome learning spot for B2B writers."
                            }
                        ]
                    }
                ]
            }
        ],
        "thread_ts": "1639890850.499600",
        "parent_user_id": "U02E9FD317B"
    },
    {
        "client_msg_id": "A7467AEA-98CB-482A-A739-80BFD02E949B",
        "type": "message",
        "text": "Hi everyone! I hope this is the right channel for this — I'm a freelance copywriter who creates websites for purposeful brands doing cool things in this world. \n\nI'm looking to partner or collab with a website designer\/developer who's taking on those types of clients as well. I'd love to be able to refer those who come to me for copy to a designer to fulfill the entire project. Does anyone have interest in this?",
        "user": "U02P9A0LY7R",
        "ts": "1640018087.004600",
        "team": "TJE58GTJL",
        "user_team": "TJE58GTJL",
        "source_team": "TJE58GTJL",
        "user_profile": {
            "avatar_hash": "515aa668a9b0",
            "image_72": "https:\/\/avatars.slack-edge.com\/2021-12-06\/2799761650822_515aa668a9b023146cc1_72.jpg",
            "first_name": "Erin",
            "real_name": "Erin Cafferty",
            "display_name": "Erin Cafferty",
            "team": "TJE58GTJL",
            "name": "ecafferty94",
            "is_restricted": false,
            "is_ultra_restricted": false
        },
        "blocks": [
            {
                "type": "rich_text",
                "block_id": "82vJ",
                "elements": [
                    {
                        "type": "rich_text_section",
                        "elements": [
                            {
                                "type": "text",
                                "text": "Hi everyone! I hope this is the right channel for this — I'm a freelance copywriter who creates websites for purposeful brands doing cool things in this world. \n\nI'm looking to partner or collab with a website designer\/developer who's taking on those types of clients as well. I'd love to be able to refer those who come to me for copy to a designer to fulfill the entire project. Does anyone have interest in this?"
                            }
                        ]
                    }
                ]
            }
        ],
        "thread_ts": "1640018087.004600",
        "reply_count": 2,
        "reply_users_count": 2,
        "latest_reply": "1640761991.061000",
        "reply_users": [
            "U02REF167GA",
            "U02CUM2LDAN"
        ],
        "replies": [
            {
                "user": "U02REF167GA",
                "ts": "1640036373.020300"
            },
            {
                "user": "U02CUM2LDAN",
                "ts": "1640761991.061000"
            }
        ],
        "is_locked": false,
        "subscribed": false,
        "reactions": [
            {
                "name": "+1",
                "users": [
                    "U01TB1SDD61",
                    "U02REF167GA"
                ],
                "count": 2
            },
            {
                "name": "heart",
                "users": [
                    "U02PA451C3B",
                    "U01PXN2LGAK"
                ],
                "count": 2
            },
            {
                "name": "blob-wave",
                "users": [
                    "U02S2UZU3D3"
                ],
                "count": 1
            }
        ]
    },
    {
        "client_msg_id": "1252205a-4e70-420f-9863-20c63e3aa17b",
        "type": "message",
        "text": "Hey peeps! Who has niched within their writing and how do you do it? I'm ready to niche, but i'm not sure if it's the right thing to do...or should I just hang on to writing about a whole bunch of random stuff. Does niching down command a bigger fee?",
        "user": "U02CVNB3X1T",
        "ts": "1640033680.010300",
        "team": "TJE58GTJL",
        "user_team": "TJE58GTJL",
        "source_team": "TJE58GTJL",
        "user_profile": {
            "avatar_hash": "a98cd79fc67b",
            "image_72": "https:\/\/avatars.slack-edge.com\/2021-12-28\/2891088304196_a98cd79fc67b29986082_72.png",
            "first_name": "Julie",
            "real_name": "Julie Simpson",
            "display_name": "Julie Simpson",
            "team": "TJE58GTJL",
            "name": "jujuklu",
            "is_restricted": false,
            "is_ultra_restricted": false
        },
        "blocks": [
            {
                "type": "rich_text",
                "block_id": "vXH",
                "elements": [
                    {
                        "type": "rich_text_section",
                        "elements": [
                            {
                                "type": "text",
                                "text": "Hey peeps! Who has niched within their writing and how do you do it? I'm ready to niche, but i'm not sure if it's the right thing to do...or should I just hang on to writing about a whole bunch of random stuff. Does niching down command a bigger fee?"
                            }
                        ]
                    }
                ]
            }
        ],
        "thread_ts": "1640033680.010300",
        "reply_count": 11,
        "reply_users_count": 7,
        "latest_reply": "1641829269.046200",
        "reply_users": [
            "U01J85VRKF1",
            "U0231C2LYNM",
            "U02CVNB3X1T",
            "UJJFDTN8G",
            "U02M83NQ10U",
            "U02RRJ8E43S",
            "U01K0BWEQD6"
        ],
        "replies": [
            {
                "user": "U01J85VRKF1",
                "ts": "1640034448.015600"
            },
            {
                "user": "U0231C2LYNM",
                "ts": "1640034782.015800"
            },
            {
                "user": "U02CVNB3X1T",
                "ts": "1640035220.016100"
            },
            {
                "user": "U01J85VRKF1",
                "ts": "1640036016.019700"
            },
            {
                "user": "U0231C2LYNM",
                "ts": "1640036115.020000"
            },
            {
                "user": "UJJFDTN8G",
                "ts": "1640076718.020600"
            },
            {
                "user": "U02M83NQ10U",
                "ts": "1640114853.023100"
            },
            {
                "user": "U02CVNB3X1T",
                "ts": "1640271034.043000"
            },
            {
                "user": "U02RRJ8E43S",
                "ts": "1640551564.055200"
            },
            {
                "user": "U01K0BWEQD6",
                "ts": "1641829251.045800"
            },
            {
                "user": "U01K0BWEQD6",
                "ts": "1641829269.046200"
            }
        ],
        "is_locked": false,
        "subscribed": false
    },
    {
        "client_msg_id": "F7467037-CEF2-4E10-BDDD-77D899527BF1",
        "type": "message",
        "text": "Hi Julie! I have niched down to write for HR technology companies. It took me a while to get here, but I decided in 2018. I experimented with quite a few niches, and my current niche seemed to be the one that could pay consistently well and have topics I love writing about. Being a generalist can work, but I feel like being specific has allowed me a chance to know exactly what my audience loves and needs help with. I feel like I can command a bigger amount because I've written for so many interesting HR technology companies now.",
        "user": "U01J85VRKF1",
        "ts": "1640034448.015600",
        "team": "TJE58GTJL",
        "user_team": "TJE58GTJL",
        "source_team": "TJE58GTJL",
        "user_profile": {
            "avatar_hash": "6014791c8384",
            "image_72": "https:\/\/avatars.slack-edge.com\/2021-06-11\/2168802380004_6014791c8384d642d727_72.png",
            "first_name": "Amanda",
            "real_name": "Amanda Cross",
            "display_name": "Amanda Cross",
            "team": "TJE58GTJL",
            "name": "amanda867",
            "is_restricted": false,
            "is_ultra_restricted": false
        },
        "blocks": [
            {
                "type": "rich_text",
                "block_id": "WhRYc",
                "elements": [
                    {
                        "type": "rich_text_section",
                        "elements": [
                            {
                                "type": "text",
                                "text": "Hi Julie! I have niched down to write for HR technology companies. It took me a while to get here, but I decided in 2018. I experimented with quite a few niches, and my current niche seemed to be the one that could pay consistently well and have topics I love writing about. Being a generalist can work, but I feel like being specific has allowed me a chance to know exactly what my audience loves and needs help with. I feel like I can command a bigger amount because I've written for so many interesting HR technology companies now."
                            }
                        ]
                    }
                ]
            }
        ],
        "thread_ts": "1640033680.010300",
        "parent_user_id": "U02CVNB3X1T"
    },
    {
        "client_msg_id": "752cd93c-71df-4933-bfb1-c672e672bdf9",
        "type": "message",
        "text": "I’ve niched down into mainly HR tech\/HR topics. Honestly, I niched largely due to previous experience — I’ve worked at a couple of HR techs and have developed a good amount of subject matter expertise organically. Like <@U01J85VRKF1>, niching and having expertise means I earn more.\n\nI actually love my niche and find it super interesting, so I guess my comment on niching would be in kind: is there anything you love writing about and think you won’t get bored of? Do you have experience writing in that niche and a few portfolio items? You can definitely try one topic and see how it goes :slightly_smiling_face:",
        "user": "U0231C2LYNM",
        "ts": "1640034782.015800",
        "team": "TJE58GTJL",
        "user_team": "TJE58GTJL",
        "source_team": "TJE58GTJL",
        "user_profile": {
            "avatar_hash": "c1d845bba06d",
            "image_72": "https:\/\/avatars.slack-edge.com\/2021-05-21\/2090873932082_c1d845bba06d288505ec_72.jpg",
            "first_name": "Camille",
            "real_name": "Camille Hogg",
            "display_name": "Cami",
            "team": "TJE58GTJL",
            "name": "camille.l.hogg",
            "is_restricted": false,
            "is_ultra_restricted": false
        },
        "edited": {
            "user": "U0231C2LYNM",
            "ts": "1640034797.000000"
        },
        "blocks": [
            {
                "type": "rich_text",
                "block_id": "hbE+1",
                "elements": [
                    {
                        "type": "rich_text_section",
                        "elements": [
                            {
                                "type": "text",
                                "text": "I’ve niched down into mainly HR tech\/HR topics. Honestly, I niched largely due to previous experience — I’ve worked at a couple of HR techs and have developed a good amount of subject matter expertise organically. Like "
                            },
                            {
                                "type": "user",
                                "user_id": "U01J85VRKF1"
                            },
                            {
                                "type": "text",
                                "text": ", niching and having expertise means I earn more.\n\nI actually love my niche and find it super interesting, so I guess my comment on niching would be in kind: is there anything you love writing about and think you won’t get bored of? Do you have experience writing in that niche and a few portfolio items? You can definitely try one topic and see how it goes "
                            },
                            {
                                "type": "emoji",
                                "name": "slightly_smiling_face"
                            }
                        ]
                    }
                ]
            }
        ],
        "thread_ts": "1640033680.010300",
        "parent_user_id": "U02CVNB3X1T"
    },
    {
        "client_msg_id": "1c3cec2a-3320-43ee-8cad-d975a947dbcd",
        "type": "message",
        "text": "<@U0231C2LYNM> I've always written for a paycheck - just taken all the jobs, and i'm getting tired of all the different topics and research I have to do every time. I fell backwards into Web 3.0 content and absolutely love it...so I think I may try and transition to that type of content writing. It's just terrifying to turn down jobs because they are not in that niche...because I've always taken all the jobs.",
        "user": "U02CVNB3X1T",
        "ts": "1640035220.016100",
        "team": "TJE58GTJL",
        "user_team": "TJE58GTJL",
        "source_team": "TJE58GTJL",
        "user_profile": {
            "avatar_hash": "a98cd79fc67b",
            "image_72": "https:\/\/avatars.slack-edge.com\/2021-12-28\/2891088304196_a98cd79fc67b29986082_72.png",
            "first_name": "Julie",
            "real_name": "Julie Simpson",
            "display_name": "Julie Simpson",
            "team": "TJE58GTJL",
            "name": "jujuklu",
            "is_restricted": false,
            "is_ultra_restricted": false
        },
        "edited": {
            "user": "U02CVNB3X1T",
            "ts": "1640035258.000000"
        },
        "blocks": [
            {
                "type": "rich_text",
                "block_id": "5a8li",
                "elements": [
                    {
                        "type": "rich_text_section",
                        "elements": [
                            {
                                "type": "user",
                                "user_id": "U0231C2LYNM"
                            },
                            {
                                "type": "text",
                                "text": " I've always written for a paycheck - just taken all the jobs, and i'm getting tired of all the different topics and research I have to do every time. I fell backwards into Web 3.0 content and absolutely love it...so I think I may try and transition to that type of content writing. It's just terrifying to turn down jobs because they are not in that niche...because I've always taken all the jobs."
                            }
                        ]
                    }
                ]
            }
        ],
        "thread_ts": "1640033680.010300",
        "parent_user_id": "U02CVNB3X1T"
    },
    {
        "client_msg_id": "3644AB82-BF82-42CB-B344-2060A1F1E528",
        "type": "message",
        "text": "I think that niching down is compatible with taking jobs as they come along as long as they meet your money standards. For me creating a niche is all about how I market myself on my website and socials. If a client wants my writing or I see an interesting opportunity outside my niche I still apply. I just let my website attract mostly HR tech clients.",
        "user": "U01J85VRKF1",
        "ts": "1640036016.019700",
        "team": "TJE58GTJL",
        "user_team": "TJE58GTJL",
        "source_team": "TJE58GTJL",
        "user_profile": {
            "avatar_hash": "6014791c8384",
            "image_72": "https:\/\/avatars.slack-edge.com\/2021-06-11\/2168802380004_6014791c8384d642d727_72.png",
            "first_name": "Amanda",
            "real_name": "Amanda Cross",
            "display_name": "Amanda Cross",
            "team": "TJE58GTJL",
            "name": "amanda867",
            "is_restricted": false,
            "is_ultra_restricted": false
        },
        "blocks": [
            {
                "type": "rich_text",
                "block_id": "Jxn",
                "elements": [
                    {
                        "type": "rich_text_section",
                        "elements": [
                            {
                                "type": "text",
                                "text": "I think that niching down is compatible with taking jobs as they come along as long as they meet your money standards. For me creating a niche is all about how I market myself on my website and socials. If a client wants my writing or I see an interesting opportunity outside my niche I still apply. I just let my website attract mostly HR tech clients."
                            }
                        ]
                    }
                ]
            }
        ],
        "thread_ts": "1640033680.010300",
        "parent_user_id": "U02CVNB3X1T"
    },
    {
        "client_msg_id": "a65b415e-fe30-4841-8d5b-8e145b6a5c79",
        "type": "message",
        "text": "<@U02CVNB3X1T> I feel you! If it makes you feel any better… I’ve only been freelancing full-time since August. I tried a few things for a bit, including…\n• Fintech (I just. don’t. get it. I stressed so hard over a 500 word blog. No thank you)\n• eComm (It’s boring and every post took double the amount of time because I knew nothing, double no thank you\n• B2B SaaS (adjacent to many things in my field, still doing some of this)\nSo don’t even think for a second that I got here overnight. I will say since niching properly, I find people often come to me for work — I haven’t had to pitch at all since September, I think :slightly_smiling_face:\n\nAgree with <@U01J85VRKF1> too, your niche definitely doesn’t have to define you\/everything you do :blush:",
        "user": "U0231C2LYNM",
        "ts": "1640036115.020000",
        "team": "TJE58GTJL",
        "user_team": "TJE58GTJL",
        "source_team": "TJE58GTJL",
        "user_profile": {
            "avatar_hash": "c1d845bba06d",
            "image_72": "https:\/\/avatars.slack-edge.com\/2021-05-21\/2090873932082_c1d845bba06d288505ec_72.jpg",
            "first_name": "Camille",
            "real_name": "Camille Hogg",
            "display_name": "Cami",
            "team": "TJE58GTJL",
            "name": "camille.l.hogg",
            "is_restricted": false,
            "is_ultra_restricted": false
        },
        "blocks": [
            {
                "type": "rich_text",
                "block_id": "rSN",
                "elements": [
                    {
                        "type": "rich_text_section",
                        "elements": [
                            {
                                "type": "user",
                                "user_id": "U02CVNB3X1T"
                            },
                            {
                                "type": "text",
                                "text": " I feel you! If it makes you feel any better… I’ve only been freelancing full-time since August. I tried a few things for a bit, including…\n"
                            }
                        ]
                    },
                    {
                        "type": "rich_text_list",
                        "elements": [
                            {
                                "type": "rich_text_section",
                                "elements": [
                                    {
                                        "type": "text",
                                        "text": "Fintech (I just. don’t. get it. I stressed so hard over a 500 word blog. No thank you)"
                                    }
                                ]
                            },
                            {
                                "type": "rich_text_section",
                                "elements": [
                                    {
                                        "type": "text",
                                        "text": "eComm (It’s boring and every post took double the amount of time because I knew nothing, double no thank you"
                                    }
                                ]
                            },
                            {
                                "type": "rich_text_section",
                                "elements": [
                                    {
                                        "type": "text",
                                        "text": "B2B SaaS (adjacent to many things in my field, still doing some of this)"
                                    }
                                ]
                            }
                        ],
                        "style": "bullet",
                        "indent": 0,
                        "border": 0
                    },
                    {
                        "type": "rich_text_section",
                        "elements": [
                            {
                                "type": "text",
                                "text": "\nSo don’t even think for a second that I got here overnight. I will say since niching properly, I find people often come to me for work — I haven’t had to pitch at all since September, I think "
                            },
                            {
                                "type": "emoji",
                                "name": "slightly_smiling_face"
                            },
                            {
                                "type": "text",
                                "text": "\n\nAgree with "
                            },
                            {
                                "type": "user",
                                "user_id": "U01J85VRKF1"
                            },
                            {
                                "type": "text",
                                "text": " too, your niche definitely doesn’t have to define you\/everything you do "
                            },
                            {
                                "type": "emoji",
                                "name": "blush"
                            }
                        ]
                    }
                ]
            }
        ],
        "thread_ts": "1640033680.010300",
        "parent_user_id": "U02CVNB3X1T"
    },
    {
        "client_msg_id": "c124bdf3-428b-4c7e-b776-9527b792787d",
        "type": "message",
        "text": "Hey Erin, this is up my alley. I'm focusing on Squarespace and making just 4-5 sites in 2022. I'd love to know of a copywriter who can join projects and I'm open to referrals on the design side as well. Feel free to DM if you'd like to talk more. :)",
        "user": "U02REF167GA",
        "ts": "1640036373.020300",
        "team": "TJE58GTJL",
        "user_team": "TJE58GTJL",
        "source_team": "TJE58GTJL",
        "user_profile": {
            "avatar_hash": "1c891dd33c07",
            "image_72": "https:\/\/avatars.slack-edge.com\/2021-12-20\/2867355614500_1c891dd33c07997dce5a_72.jpg",
            "first_name": "Ruth",
            "real_name": "Ruth Hamberg",
            "display_name": "",
            "team": "TJE58GTJL",
            "name": "ruth",
            "is_restricted": false,
            "is_ultra_restricted": false
        },
        "blocks": [
            {
                "type": "rich_text",
                "block_id": "VHORu",
                "elements": [
                    {
                        "type": "rich_text_section",
                        "elements": [
                            {
                                "type": "text",
                                "text": "Hey Erin, this is up my alley. I'm focusing on Squarespace and making just 4-5 sites in 2022. I'd love to know of a copywriter who can join projects and I'm open to referrals on the design side as well. Feel free to DM if you'd like to talk more. :)"
                            }
                        ]
                    }
                ]
            }
        ],
        "thread_ts": "1640018087.004600",
        "parent_user_id": "U02P9A0LY7R"
    }
]