[
    {
        "client_msg_id": "e9998a33-9110-4214-bc14-98be94120f5a",
        "type": "message",
        "text": "Please excuse me for the off-topic, but could you please give me a hint about that \"Animalz process of the 10%\/30% outlines\"? Where can I find more info? Thanks in advance! :slightly_smiling_face:",
        "user": "U029G4HMVFH",
        "ts": "1628061967.019800",
        "team": "TJE58GTJL",
        "user_team": "TJE58GTJL",
        "source_team": "TJE58GTJL",
        "user_profile": {
            "avatar_hash": "g3658f2e77d2",
            "image_72": "https:\/\/secure.gravatar.com\/avatar\/3658f2e77d2ef686075e311dd42efe41.jpg?s=72&d=https%3A%2F%2Fa.slack-edge.com%2Fdf10d%2Fimg%2Favatars%2Fava_0001-72.png",
            "first_name": "",
            "real_name": "Anastasia Kryzhanovska",
            "display_name": "",
            "team": "TJE58GTJL",
            "name": "missanastasiakr",
            "is_restricted": false,
            "is_ultra_restricted": false
        },
        "blocks": [
            {
                "type": "rich_text",
                "block_id": "V7Uj2",
                "elements": [
                    {
                        "type": "rich_text_section",
                        "elements": [
                            {
                                "type": "text",
                                "text": "Please excuse me for the off-topic, but could you please give me a hint about that \"Animalz process of the 10%\/30% outlines\"? Where can I find more info? Thanks in advance! "
                            },
                            {
                                "type": "emoji",
                                "name": "slightly_smiling_face"
                            }
                        ]
                    }
                ]
            }
        ],
        "thread_ts": "1628050128.019600",
        "parent_user_id": "U01P13NTGG6"
    },
    {
        "client_msg_id": "5d81be90-c95c-4285-acd8-df69a4227d63",
        "type": "message",
        "text": "<@U029G4HMVFH> <https:\/\/www.animalz.co\/blog\/how-to-write-a-blog-post-outline\/> there you go",
        "user": "U01B8FNUWRK",
        "ts": "1628067437.020100",
        "team": "TJE58GTJL",
        "user_team": "TJE58GTJL",
        "source_team": "TJE58GTJL",
        "user_profile": {
            "avatar_hash": "a3ab825f6110",
            "image_72": "https:\/\/avatars.slack-edge.com\/2020-09-24\/1386090918259_a3ab825f611075cc2d61_72.jpg",
            "first_name": "Shadrack",
            "real_name": "Shadrack",
            "display_name": "Shadrack",
            "team": "TJE58GTJL",
            "name": "shadrack552",
            "is_restricted": false,
            "is_ultra_restricted": false
        },
        "blocks": [
            {
                "type": "rich_text",
                "block_id": "yNP",
                "elements": [
                    {
                        "type": "rich_text_section",
                        "elements": [
                            {
                                "type": "user",
                                "user_id": "U029G4HMVFH"
                            },
                            {
                                "type": "text",
                                "text": " "
                            },
                            {
                                "type": "link",
                                "url": "https:\/\/www.animalz.co\/blog\/how-to-write-a-blog-post-outline\/"
                            },
                            {
                                "type": "text",
                                "text": " there you go"
                            }
                        ]
                    }
                ]
            }
        ],
        "thread_ts": "1628050128.019600",
        "parent_user_id": "U01P13NTGG6",
        "reactions": [
            {
                "name": "point_up_2",
                "users": [
                    "U01P13NTGG6"
                ],
                "count": 1
            }
        ]
    },
    {
        "client_msg_id": "e7809bba-6459-439e-bb75-1410c6bf2b01",
        "type": "message",
        "text": "<@U01704F04QH> can you do this?",
        "user": "U01B8FNUWRK",
        "ts": "1628067574.020300",
        "team": "TJE58GTJL",
        "user_team": "TJE58GTJL",
        "source_team": "TJE58GTJL",
        "user_profile": {
            "avatar_hash": "a3ab825f6110",
            "image_72": "https:\/\/avatars.slack-edge.com\/2020-09-24\/1386090918259_a3ab825f611075cc2d61_72.jpg",
            "first_name": "Shadrack",
            "real_name": "Shadrack",
            "display_name": "Shadrack",
            "team": "TJE58GTJL",
            "name": "shadrack552",
            "is_restricted": false,
            "is_ultra_restricted": false
        },
        "blocks": [
            {
                "type": "rich_text",
                "block_id": "QQS",
                "elements": [
                    {
                        "type": "rich_text_section",
                        "elements": [
                            {
                                "type": "user",
                                "user_id": "U01704F04QH"
                            },
                            {
                                "type": "text",
                                "text": " can you do this?"
                            }
                        ]
                    }
                ]
            }
        ],
        "thread_ts": "1628050128.019600",
        "parent_user_id": "U01P13NTGG6"
    },
    {
        "type": "message",
        "subtype": "channel_join",
        "ts": "1628067582.020600",
        "user": "U01704F04QH",
        "text": "<@U01704F04QH> has joined the channel",
        "inviter": "U01B8FNUWRK",
        "reactions": [
            {
                "name": "raised_hands",
                "users": [
                    "U01FUP6AMEZ",
                    "U028D815JA0",
                    "U01J84U3SQ6"
                ],
                "count": 3
            }
        ]
    },
    {
        "client_msg_id": "d37b94d5-e751-46e6-99b8-af02ed404f2e",
        "type": "message",
        "text": "Thank you!\n\nIt's pretty much similar to what we do in my agency, just didn't know the name of the technique :smile: If you want, I can send you some samples within a couple of hours, when I get back to my laptop",
        "user": "U029G4HMVFH",
        "ts": "1628067779.020800",
        "team": "TJE58GTJL",
        "user_team": "TJE58GTJL",
        "source_team": "TJE58GTJL",
        "user_profile": {
            "avatar_hash": "g3658f2e77d2",
            "image_72": "https:\/\/secure.gravatar.com\/avatar\/3658f2e77d2ef686075e311dd42efe41.jpg?s=72&d=https%3A%2F%2Fa.slack-edge.com%2Fdf10d%2Fimg%2Favatars%2Fava_0001-72.png",
            "first_name": "",
            "real_name": "Anastasia Kryzhanovska",
            "display_name": "",
            "team": "TJE58GTJL",
            "name": "missanastasiakr",
            "is_restricted": false,
            "is_ultra_restricted": false
        },
        "edited": {
            "user": "U029G4HMVFH",
            "ts": "1628081364.000000"
        },
        "blocks": [
            {
                "type": "rich_text",
                "block_id": "G04",
                "elements": [
                    {
                        "type": "rich_text_section",
                        "elements": [
                            {
                                "type": "text",
                                "text": "Thank you!\n\nIt's pretty much similar to what we do in my agency, just didn't know the name of the technique "
                            },
                            {
                                "type": "emoji",
                                "name": "smile"
                            },
                            {
                                "type": "text",
                                "text": " If you want, I can send you some samples within a couple of hours, when I get back to my laptop"
                            }
                        ]
                    }
                ]
            }
        ],
        "thread_ts": "1628050128.019600",
        "parent_user_id": "U01P13NTGG6"
    },
    {
        "client_msg_id": "C1FE3B2D-B224-48B2-930F-B7FFD4EC1A6D",
        "type": "message",
        "text": "Definitely interested <@U029G4HMVFH>. Feel free to send them via DM. :+1: ",
        "user": "U01P13NTGG6",
        "ts": "1628077272.021800",
        "team": "TJE58GTJL",
        "user_team": "TJE58GTJL",
        "source_team": "TJE58GTJL",
        "user_profile": {
            "avatar_hash": "1625b1f12011",
            "image_72": "https:\/\/avatars.slack-edge.com\/2021-02-24\/1775273585607_1625b1f12011f553efc5_72.png",
            "first_name": "Skyler",
            "real_name": "Skyler Reeves",
            "display_name": "Skyler Reeves",
            "team": "TJE58GTJL",
            "name": "skyler",
            "is_restricted": false,
            "is_ultra_restricted": false
        },
        "blocks": [
            {
                "type": "rich_text",
                "block_id": "Yva",
                "elements": [
                    {
                        "type": "rich_text_section",
                        "elements": [
                            {
                                "type": "text",
                                "text": "Definitely interested "
                            },
                            {
                                "type": "user",
                                "user_id": "U029G4HMVFH"
                            },
                            {
                                "type": "text",
                                "text": ". Feel free to send them via DM. "
                            },
                            {
                                "type": "emoji",
                                "name": "+1"
                            },
                            {
                                "type": "text",
                                "text": " "
                            }
                        ]
                    }
                ]
            }
        ],
        "thread_ts": "1628050128.019600",
        "parent_user_id": "U01P13NTGG6"
    },
    {
        "client_msg_id": "26ae6a79-d585-4f69-a425-7e1b107f1fa5",
        "type": "message",
        "text": "Hello, dear marketeers! Can you recommend a creative agency that can help with creative production for a campaign? Someone not very big and crazy expensive but who is creative and disruptive. Anywhere in Europe.\n\nWe have a concept of what we want to do and now need someone who can visualise it in a creative way.\n\nThank you in advance :pray:",
        "user": "U0243DUV1HA",
        "ts": "1628081431.022400",
        "team": "TJE58GTJL",
        "user_team": "TJE58GTJL",
        "source_team": "TJE58GTJL",
        "user_profile": {
            "avatar_hash": "g7f159d47da8",
            "image_72": "https:\/\/secure.gravatar.com\/avatar\/7f159d47da86576d7eb016a87ee9d597.jpg?s=72&d=https%3A%2F%2Fa.slack-edge.com%2Fdf10d%2Fimg%2Favatars%2Fava_0009-72.png",
            "first_name": "",
            "real_name": "Sandro Meyer",
            "display_name": "Sandro Meyer",
            "team": "TJE58GTJL",
            "name": "sandro",
            "is_restricted": false,
            "is_ultra_restricted": false
        },
        "blocks": [
            {
                "type": "rich_text",
                "block_id": "+8KF",
                "elements": [
                    {
                        "type": "rich_text_section",
                        "elements": [
                            {
                                "type": "text",
                                "text": "Hello, dear marketeers! Can you recommend a creative agency that can help with creative production for a campaign? Someone not very big and crazy expensive but who is creative and disruptive. Anywhere in Europe.\n\nWe have a concept of what we want to do and now need someone who can visualise it in a creative way.\n\nThank you in advance "
                            },
                            {
                                "type": "emoji",
                                "name": "pray"
                            }
                        ]
                    }
                ]
            }
        ],
        "thread_ts": "1628081431.022400",
        "reply_count": 2,
        "reply_users_count": 2,
        "latest_reply": "1628243444.037900",
        "reply_users": [
            "URL9Z88MR",
            "U0243DUV1HA"
        ],
        "replies": [
            {
                "user": "URL9Z88MR",
                "ts": "1628243363.037600"
            },
            {
                "user": "U0243DUV1HA",
                "ts": "1628243444.037900"
            }
        ],
        "is_locked": false,
        "subscribed": false
    },
    {
        "client_msg_id": "34b214af-51ff-4ad4-8092-98a33f488173",
        "type": "message",
        "text": "Hello Everyone",
        "user": "U01K3VD3154",
        "ts": "1628139432.024400",
        "team": "TJE58GTJL",
        "user_team": "TJE58GTJL",
        "source_team": "TJE58GTJL",
        "user_profile": {
            "avatar_hash": "344b2bdfd4e4",
            "image_72": "https:\/\/avatars.slack-edge.com\/2021-12-24\/2880772375011_344b2bdfd4e4a027d9a5_72.png",
            "first_name": "Liana",
            "real_name": "Liana",
            "display_name": "Liana",
            "team": "TJE58GTJL",
            "name": "lianasimonyan98",
            "is_restricted": false,
            "is_ultra_restricted": false
        },
        "blocks": [
            {
                "type": "rich_text",
                "block_id": "5gZw",
                "elements": [
                    {
                        "type": "rich_text_section",
                        "elements": [
                            {
                                "type": "text",
                                "text": "Hello Everyone"
                            }
                        ]
                    }
                ]
            }
        ]
    },
    {
        "client_msg_id": "cbafc2a0-c40d-42cf-af98-2d14c13222d7",
        "type": "message",
        "text": "As always, I am looking forward to taking on more writing clients!DM me  if you wanna take  a look at  my writing portfolio.",
        "user": "U01K3VD3154",
        "ts": "1628139532.025500",
        "team": "TJE58GTJL",
        "user_team": "TJE58GTJL",
        "source_team": "TJE58GTJL",
        "user_profile": {
            "avatar_hash": "344b2bdfd4e4",
            "image_72": "https:\/\/avatars.slack-edge.com\/2021-12-24\/2880772375011_344b2bdfd4e4a027d9a5_72.png",
            "first_name": "Liana",
            "real_name": "Liana",
            "display_name": "Liana",
            "team": "TJE58GTJL",
            "name": "lianasimonyan98",
            "is_restricted": false,
            "is_ultra_restricted": false
        },
        "blocks": [
            {
                "type": "rich_text",
                "block_id": "Oayc",
                "elements": [
                    {
                        "type": "rich_text_section",
                        "elements": [
                            {
                                "type": "text",
                                "text": "As always, I am looking forward to taking on more writing clients!DM me  if you wanna take  a look at  my writing portfolio."
                            }
                        ]
                    }
                ]
            }
        ]
    },
    {
        "client_msg_id": "54c5f422-9d4f-4363-b692-7e4c7c6244e7",
        "type": "message",
        "text": "Thanks in advance",
        "user": "U01K3VD3154",
        "ts": "1628139540.025800",
        "team": "TJE58GTJL",
        "user_team": "TJE58GTJL",
        "source_team": "TJE58GTJL",
        "user_profile": {
            "avatar_hash": "344b2bdfd4e4",
            "image_72": "https:\/\/avatars.slack-edge.com\/2021-12-24\/2880772375011_344b2bdfd4e4a027d9a5_72.png",
            "first_name": "Liana",
            "real_name": "Liana",
            "display_name": "Liana",
            "team": "TJE58GTJL",
            "name": "lianasimonyan98",
            "is_restricted": false,
            "is_ultra_restricted": false
        },
        "blocks": [
            {
                "type": "rich_text",
                "block_id": "SEgO8",
                "elements": [
                    {
                        "type": "rich_text_section",
                        "elements": [
                            {
                                "type": "text",
                                "text": "Thanks in advance"
                            }
                        ]
                    }
                ]
            }
        ]
    }
]