[
    {
        "client_msg_id": "1c0f7d5e-568c-41c6-8ff6-5f219c10de92",
        "type": "message",
        "text": "Hi all, I would love some contract-related advice. A couple of days ago I reached out to a university comms person asking whether they're in need of freelancers--and he said that, indeed, they are. Today he's asked me to send over my \"standard freelancing agreement\"--but since we haven't discussed the nature of the potential projects, rates, or any details at all, I'm not really sure what he's asking for. What would you send over at this point? Or should I hold off on that, and suggest we get to the agreement after we've discussed projects\/rates? Thank you!",
        "user": "U025X4V6WQ6",
        "ts": "1625068299.209000",
        "team": "TJE58GTJL",
        "user_team": "TJE58GTJL",
        "source_team": "TJE58GTJL",
        "user_profile": {
            "avatar_hash": "d9bbb4c006f4",
            "image_72": "https:\/\/avatars.slack-edge.com\/2021-06-24\/2208717429459_d9bbb4c006f4926a4972_72.jpg",
            "first_name": "",
            "real_name": "Katie Gilbert",
            "display_name": "Katie Gilbert",
            "team": "TJE58GTJL",
            "name": "katie.elizabeth.gilbe",
            "is_restricted": false,
            "is_ultra_restricted": false
        },
        "blocks": [
            {
                "type": "rich_text",
                "block_id": "hdF",
                "elements": [
                    {
                        "type": "rich_text_section",
                        "elements": [
                            {
                                "type": "text",
                                "text": "Hi all, I would love some contract-related advice. A couple of days ago I reached out to a university comms person asking whether they're in need of freelancers--and he said that, indeed, they are. Today he's asked me to send over my \"standard freelancing agreement\"--but since we haven't discussed the nature of the potential projects, rates, or any details at all, I'm not really sure what he's asking for. What would you send over at this point? Or should I hold off on that, and suggest we get to the agreement after we've discussed projects\/rates? Thank you!"
                            }
                        ]
                    }
                ]
            }
        ],
        "thread_ts": "1625068299.209000",
        "reply_count": 5,
        "reply_users_count": 3,
        "latest_reply": "1625154882.234500",
        "reply_users": [
            "UUJBM2PJ7",
            "U01FUP6AMEZ",
            "U025X4V6WQ6"
        ],
        "replies": [
            {
                "user": "UUJBM2PJ7",
                "ts": "1625068429.209100"
            },
            {
                "user": "U01FUP6AMEZ",
                "ts": "1625069766.209800"
            },
            {
                "user": "U025X4V6WQ6",
                "ts": "1625075333.219900"
            },
            {
                "user": "U01FUP6AMEZ",
                "ts": "1625078331.220400"
            },
            {
                "user": "U01FUP6AMEZ",
                "ts": "1625154882.234500"
            }
        ],
        "is_locked": false,
        "subscribed": false
    },
    {
        "client_msg_id": "9531574f-ff33-46d5-9a85-17f2c25b8f66",
        "type": "message",
        "text": "I'd get a scope of work first and then provide an estimate\/proposal.",
        "user": "UUJBM2PJ7",
        "ts": "1625068429.209100",
        "team": "TJE58GTJL",
        "user_team": "TJE58GTJL",
        "source_team": "TJE58GTJL",
        "user_profile": {
            "avatar_hash": "f77cbe4c3060",
            "image_72": "https:\/\/avatars.slack-edge.com\/2020-07-29\/1270061579587_f77cbe4c3060d94c9e20_72.jpg",
            "first_name": "Jane",
            "real_name": "Jane Flanagan",
            "display_name": "Jane Flanagan",
            "team": "TJE58GTJL",
            "name": "jane",
            "is_restricted": false,
            "is_ultra_restricted": false
        },
        "blocks": [
            {
                "type": "rich_text",
                "block_id": "Anow",
                "elements": [
                    {
                        "type": "rich_text_section",
                        "elements": [
                            {
                                "type": "text",
                                "text": "I'd get a scope of work first and then provide an estimate\/proposal."
                            }
                        ]
                    }
                ]
            }
        ],
        "thread_ts": "1625068299.209000",
        "parent_user_id": "U025X4V6WQ6"
    },
    {
        "client_msg_id": "8484748e-b154-49e8-a260-ed1cb57c5cb0",
        "type": "message",
        "text": "I have a brochure that outlines the typical packages and services I offer, a bit about me and my work style, and price points -- i usually send on initial interest\/after a first call",
        "user": "U01FUP6AMEZ",
        "ts": "1625069766.209800",
        "team": "TJE58GTJL",
        "user_team": "TJE58GTJL",
        "source_team": "TJE58GTJL",
        "user_profile": {
            "avatar_hash": "128762c3ea3f",
            "image_72": "https:\/\/avatars.slack-edge.com\/2020-12-01\/1527137254583_128762c3ea3f3d65d19b_72.jpg",
            "first_name": "Joanna",
            "real_name": "Joanna Rutter",
            "display_name": "Joanna Rutter",
            "team": "TJE58GTJL",
            "name": "rutterjoanna",
            "is_restricted": false,
            "is_ultra_restricted": false
        },
        "blocks": [
            {
                "type": "rich_text",
                "block_id": "ZOiHi",
                "elements": [
                    {
                        "type": "rich_text_section",
                        "elements": [
                            {
                                "type": "text",
                                "text": "I have a brochure that outlines the typical packages and services I offer, a bit about me and my work style, and price points -- i usually send on initial interest\/after a first call"
                            }
                        ]
                    }
                ]
            }
        ],
        "thread_ts": "1625068299.209000",
        "parent_user_id": "U025X4V6WQ6"
    },
    {
        "client_msg_id": "3e49ac5d-d95b-478c-88dd-8478f23dd1ca",
        "type": "message",
        "text": "Hey all, wanted to put some feelers out: I’m looking for 1–2 freelance writers with expertise in the tech space, specifically bootcamps\/learning to code. :computer:\n\nThe work is updating some of our top-performing posts that have suffered after the recent algorithm update. My team will do SEO research and provide outlines, and the posts will be around ~1500 words. Some posts will require more substantial new content than others, and we can factor that into the budgeting. (It’s for <https:\/\/skillcrush.com\/|Skillcrush>, in case you’re curious!)\n\nIf you’re interested please feel free to DM me some links to articles you’ve written. And if you recommend anyone great, I’m all ears! :woman-cartwheeling::skin-tone-2:",
        "user": "U0212N91C9K",
        "ts": "1625072453.215600",
        "team": "TJE58GTJL",
        "user_team": "TJE58GTJL",
        "source_team": "TJE58GTJL",
        "user_profile": {
            "avatar_hash": "ffc11c453dcb",
            "image_72": "https:\/\/avatars.slack-edge.com\/2021-05-07\/2043755979427_ffc11c453dcbd334d23e_72.jpg",
            "first_name": "Randle",
            "real_name": "Randle Browning",
            "display_name": "Randle Browning",
            "team": "TJE58GTJL",
            "name": "browning.randle",
            "is_restricted": false,
            "is_ultra_restricted": false
        },
        "blocks": [
            {
                "type": "rich_text",
                "block_id": "hZH",
                "elements": [
                    {
                        "type": "rich_text_section",
                        "elements": [
                            {
                                "type": "text",
                                "text": "Hey all, wanted to put some feelers out: I’m looking for 1–2 freelance writers with expertise in the tech space, specifically bootcamps\/learning to code. "
                            },
                            {
                                "type": "emoji",
                                "name": "computer"
                            },
                            {
                                "type": "text",
                                "text": "\n\nThe work is updating some of our top-performing posts that have suffered after the recent algorithm update. My team will do SEO research and provide outlines, and the posts will be around ~1500 words. Some posts will require more substantial new content than others, and we can factor that into the budgeting. (It’s for "
                            },
                            {
                                "type": "link",
                                "url": "https:\/\/skillcrush.com\/",
                                "text": "Skillcrush"
                            },
                            {
                                "type": "text",
                                "text": ", in case you’re curious!)\n\nIf you’re interested please feel free to DM me some links to articles you’ve written. And if you recommend anyone great, I’m all ears! "
                            },
                            {
                                "type": "emoji",
                                "name": "woman-cartwheeling",
                                "skin_tone": 2
                            }
                        ]
                    }
                ]
            }
        ],
        "thread_ts": "1625072453.215600",
        "reply_count": 1,
        "reply_users_count": 1,
        "latest_reply": "1625146288.232600",
        "reply_users": [
            "U01K3VD3154"
        ],
        "replies": [
            {
                "user": "U01K3VD3154",
                "ts": "1625146288.232600"
            }
        ],
        "is_locked": false,
        "subscribed": false,
        "reactions": [
            {
                "name": "wave",
                "users": [
                    "US3TA64RE"
                ],
                "count": 1
            },
            {
                "name": "heart",
                "users": [
                    "U01K3VD3154"
                ],
                "count": 1
            },
            {
                "name": "+1",
                "users": [
                    "UUVS5HWMB"
                ],
                "count": 1
            }
        ]
    },
    {
        "client_msg_id": "374BDA9A-97F7-4B77-8513-E3AF87333A09",
        "type": "message",
        "text": "Hi everyone! The wonderful agency I contract with is in need of a mid-level to senior copywriter\/content writer based in the U.S. with experience in creating long form content like e-books, blog series, learning modules, white papers, etc. Availability is flexible (20-40 hours\/week). This is a great opportunity for an experienced freelancer looking for ongoing, well-paying work. Let me know if you have any interest\/recos, and I’ll share more details. Thank you! ",
        "user": "U01R17T2KJ8",
        "ts": "1625072759.216500",
        "team": "TJE58GTJL",
        "user_team": "TJE58GTJL",
        "source_team": "TJE58GTJL",
        "user_profile": {
            "avatar_hash": "c4f1b78a9b68",
            "image_72": "https:\/\/avatars.slack-edge.com\/2021-03-11\/1847652009746_c4f1b78a9b68c739d9e3_72.png",
            "first_name": "Kelly",
            "real_name": "Kelly",
            "display_name": "Kelly",
            "team": "TJE58GTJL",
            "name": "kgracethomas",
            "is_restricted": false,
            "is_ultra_restricted": false
        },
        "edited": {
            "user": "U01R17T2KJ8",
            "ts": "1625073813.000000"
        },
        "blocks": [
            {
                "type": "rich_text",
                "block_id": "T1uf",
                "elements": [
                    {
                        "type": "rich_text_section",
                        "elements": [
                            {
                                "type": "text",
                                "text": "Hi everyone! The wonderful agency I contract with is in need of a mid-level to senior copywriter\/content writer based in the U.S. with experience in creating long form content like e-books, blog series, learning modules, white papers, etc. Availability is flexible (20-40 hours\/week). This is a great opportunity for an experienced freelancer looking for ongoing, well-paying work. Let me know if you have any interest\/recos, and I’ll share more details. Thank you! "
                            }
                        ]
                    }
                ]
            }
        ],
        "thread_ts": "1625072759.216500",
        "reply_count": 9,
        "reply_users_count": 4,
        "latest_reply": "1625089044.227500",
        "reply_users": [
            "U0212N91C9K",
            "US3TA64RE",
            "U01R17T2KJ8",
            "U020NR8J2SG"
        ],
        "replies": [
            {
                "user": "U0212N91C9K",
                "ts": "1625073266.216900"
            },
            {
                "user": "US3TA64RE",
                "ts": "1625073276.217100"
            },
            {
                "user": "U01R17T2KJ8",
                "ts": "1625073701.219200"
            },
            {
                "user": "US3TA64RE",
                "ts": "1625073899.219700"
            },
            {
                "user": "U020NR8J2SG",
                "ts": "1625083240.221000"
            },
            {
                "user": "U01R17T2KJ8",
                "ts": "1625085260.222600"
            },
            {
                "user": "U020NR8J2SG",
                "ts": "1625085341.223500"
            },
            {
                "user": "U01R17T2KJ8",
                "ts": "1625085548.225200"
            },
            {
                "user": "U020NR8J2SG",
                "ts": "1625089044.227500"
            }
        ],
        "is_locked": false,
        "subscribed": false,
        "reactions": [
            {
                "name": "wave",
                "users": [
                    "US3TA64RE"
                ],
                "count": 1
            },
            {
                "name": "eyes",
                "users": [
                    "U01FUP6AMEZ"
                ],
                "count": 1
            },
            {
                "name": "heart",
                "users": [
                    "U01K3VD3154",
                    "U020NR8J2SG",
                    "U01QNH5QUG7"
                ],
                "count": 3
            }
        ]
    },
    {
        "client_msg_id": "d78d28e2-e191-4de0-9519-7a36e14402ea",
        "type": "message",
        "text": "I have a great rec - I’ll ask if I can share her info!",
        "user": "U0212N91C9K",
        "ts": "1625073266.216900",
        "team": "TJE58GTJL",
        "user_team": "TJE58GTJL",
        "source_team": "TJE58GTJL",
        "user_profile": {
            "avatar_hash": "ffc11c453dcb",
            "image_72": "https:\/\/avatars.slack-edge.com\/2021-05-07\/2043755979427_ffc11c453dcbd334d23e_72.jpg",
            "first_name": "Randle",
            "real_name": "Randle Browning",
            "display_name": "Randle Browning",
            "team": "TJE58GTJL",
            "name": "browning.randle",
            "is_restricted": false,
            "is_ultra_restricted": false
        },
        "blocks": [
            {
                "type": "rich_text",
                "block_id": "q1t",
                "elements": [
                    {
                        "type": "rich_text_section",
                        "elements": [
                            {
                                "type": "text",
                                "text": "I have a great rec - I’ll ask if I can share her info!"
                            }
                        ]
                    }
                ]
            }
        ],
        "thread_ts": "1625072759.216500",
        "parent_user_id": "U01R17T2KJ8",
        "reactions": [
            {
                "name": "raised_hands",
                "users": [
                    "U01R17T2KJ8"
                ],
                "count": 1
            },
            {
                "name": "+1",
                "users": [
                    "U01R17T2KJ8"
                ],
                "count": 1
            }
        ]
    },
    {
        "client_msg_id": "8db44ae6-6b1f-47a2-b532-0a83ca419946",
        "type": "message",
        "text": "Hi Kelly, I want to throw my hat in the ring. Can I DM you to discuss this in detail?",
        "user": "US3TA64RE",
        "ts": "1625073276.217100",
        "team": "TJE58GTJL",
        "user_team": "TJE58GTJL",
        "source_team": "TJE58GTJL",
        "user_profile": {
            "avatar_hash": "g15f75b417c5",
            "image_72": "https:\/\/secure.gravatar.com\/avatar\/a065b8b17e9b77ea4040a2a64e1ac5f8.jpg?s=72&d=https%3A%2F%2Fa.slack-edge.com%2Fdf10d%2Fimg%2Favatars%2Fava_0019-72.png",
            "first_name": "Manish",
            "real_name": "Manish Nepal",
            "display_name": "Manish Nepal",
            "team": "TJE58GTJL",
            "name": "manish.nepal",
            "is_restricted": false,
            "is_ultra_restricted": false
        },
        "blocks": [
            {
                "type": "rich_text",
                "block_id": "6jR",
                "elements": [
                    {
                        "type": "rich_text_section",
                        "elements": [
                            {
                                "type": "text",
                                "text": "Hi Kelly, I want to throw my hat in the ring. Can I DM you to discuss this in detail?"
                            }
                        ]
                    }
                ]
            }
        ],
        "thread_ts": "1625072759.216500",
        "parent_user_id": "U01R17T2KJ8"
    },
    {
        "client_msg_id": "65E51B13-0320-48A4-B8F3-2942D4485E25",
        "type": "message",
        "text": "Hi Manish! Are you U.S. based? I didn’t specify this in the message (will add it), but the freelancer must be U.S. based. ",
        "user": "U01R17T2KJ8",
        "ts": "1625073701.219200",
        "team": "TJE58GTJL",
        "user_team": "TJE58GTJL",
        "source_team": "TJE58GTJL",
        "user_profile": {
            "avatar_hash": "c4f1b78a9b68",
            "image_72": "https:\/\/avatars.slack-edge.com\/2021-03-11\/1847652009746_c4f1b78a9b68c739d9e3_72.png",
            "first_name": "Kelly",
            "real_name": "Kelly",
            "display_name": "Kelly",
            "team": "TJE58GTJL",
            "name": "kgracethomas",
            "is_restricted": false,
            "is_ultra_restricted": false
        },
        "blocks": [
            {
                "type": "rich_text",
                "block_id": "O\/PI",
                "elements": [
                    {
                        "type": "rich_text_section",
                        "elements": [
                            {
                                "type": "text",
                                "text": "Hi Manish! Are you U.S. based? I didn’t specify this in the message (will add it), but the freelancer must be U.S. based. "
                            }
                        ]
                    }
                ]
            }
        ],
        "thread_ts": "1625072759.216500",
        "parent_user_id": "U01R17T2KJ8"
    },
    {
        "client_msg_id": "7c582465-f8aa-45fd-aebf-dc7ebc0b77ae",
        "type": "message",
        "text": "No, I'm not U.S. based. Pass! :neutral_face:",
        "user": "US3TA64RE",
        "ts": "1625073899.219700",
        "team": "TJE58GTJL",
        "user_team": "TJE58GTJL",
        "source_team": "TJE58GTJL",
        "user_profile": {
            "avatar_hash": "g15f75b417c5",
            "image_72": "https:\/\/secure.gravatar.com\/avatar\/a065b8b17e9b77ea4040a2a64e1ac5f8.jpg?s=72&d=https%3A%2F%2Fa.slack-edge.com%2Fdf10d%2Fimg%2Favatars%2Fava_0019-72.png",
            "first_name": "Manish",
            "real_name": "Manish Nepal",
            "display_name": "Manish Nepal",
            "team": "TJE58GTJL",
            "name": "manish.nepal",
            "is_restricted": false,
            "is_ultra_restricted": false
        },
        "blocks": [
            {
                "type": "rich_text",
                "block_id": "W9Cd",
                "elements": [
                    {
                        "type": "rich_text_section",
                        "elements": [
                            {
                                "type": "text",
                                "text": "No, I'm not U.S. based. Pass! "
                            },
                            {
                                "type": "emoji",
                                "name": "neutral_face"
                            }
                        ]
                    }
                ]
            }
        ],
        "thread_ts": "1625072759.216500",
        "parent_user_id": "U01R17T2KJ8"
    },
    {
        "client_msg_id": "add4ffcc-0946-442b-89bf-73bc4ce3a71f",
        "type": "message",
        "text": "Thanks, <@UUJBM2PJ7> -- that's my hunch too. And <@U01FUP6AMEZ>, this is a good idea I hadn't considered but would certainly streamline things. Gonna work to put something like this together.",
        "user": "U025X4V6WQ6",
        "ts": "1625075333.219900",
        "team": "TJE58GTJL",
        "user_team": "TJE58GTJL",
        "source_team": "TJE58GTJL",
        "user_profile": {
            "avatar_hash": "d9bbb4c006f4",
            "image_72": "https:\/\/avatars.slack-edge.com\/2021-06-24\/2208717429459_d9bbb4c006f4926a4972_72.jpg",
            "first_name": "",
            "real_name": "Katie Gilbert",
            "display_name": "Katie Gilbert",
            "team": "TJE58GTJL",
            "name": "katie.elizabeth.gilbe",
            "is_restricted": false,
            "is_ultra_restricted": false
        },
        "blocks": [
            {
                "type": "rich_text",
                "block_id": "mW5",
                "elements": [
                    {
                        "type": "rich_text_section",
                        "elements": [
                            {
                                "type": "text",
                                "text": "Thanks, "
                            },
                            {
                                "type": "user",
                                "user_id": "UUJBM2PJ7"
                            },
                            {
                                "type": "text",
                                "text": " -- that's my hunch too. And "
                            },
                            {
                                "type": "user",
                                "user_id": "U01FUP6AMEZ"
                            },
                            {
                                "type": "text",
                                "text": ", this is a good idea I hadn't considered but would certainly streamline things. Gonna work to put something like this together."
                            }
                        ]
                    }
                ]
            }
        ],
        "thread_ts": "1625068299.209000",
        "parent_user_id": "U025X4V6WQ6",
        "reactions": [
            {
                "name": "white_check_mark",
                "users": [
                    "U01FUP6AMEZ"
                ],
                "count": 1
            }
        ]
    },
    {
        "client_msg_id": "7874467b-3dba-4fc8-a5f9-cb24bc3518ae",
        "type": "message",
        "text": "I use Honeybook for it which can be hit and miss -- but it's pretty nifty to be able to share the brochure, send an automated email, see when they view it and see which services they select within the brochure. It just keeps things tidier. I was spending way too much time working on proposals and quotes before. you can drop your email at <http:\/\/tinymegaphone.com\/services|tinymegaphone.com\/services> to see what it looks like on the client side (no worries, I'll auto-archive you right after so you don't get annoyed by my automation systems)",
        "user": "U01FUP6AMEZ",
        "ts": "1625078331.220400",
        "team": "TJE58GTJL",
        "user_team": "TJE58GTJL",
        "source_team": "TJE58GTJL",
        "user_profile": {
            "avatar_hash": "128762c3ea3f",
            "image_72": "https:\/\/avatars.slack-edge.com\/2020-12-01\/1527137254583_128762c3ea3f3d65d19b_72.jpg",
            "first_name": "Joanna",
            "real_name": "Joanna Rutter",
            "display_name": "Joanna Rutter",
            "team": "TJE58GTJL",
            "name": "rutterjoanna",
            "is_restricted": false,
            "is_ultra_restricted": false
        },
        "blocks": [
            {
                "type": "rich_text",
                "block_id": "DDMsx",
                "elements": [
                    {
                        "type": "rich_text_section",
                        "elements": [
                            {
                                "type": "text",
                                "text": "I use Honeybook for it which can be hit and miss -- but it's pretty nifty to be able to share the brochure, send an automated email, see when they view it and see which services they select within the brochure. It just keeps things tidier. I was spending way too much time working on proposals and quotes before. you can drop your email at "
                            },
                            {
                                "type": "link",
                                "url": "http:\/\/tinymegaphone.com\/services",
                                "text": "tinymegaphone.com\/services"
                            },
                            {
                                "type": "text",
                                "text": " to see what it looks like on the client side (no worries, I'll auto-archive you right after so you don't get annoyed by my automation systems)"
                            }
                        ]
                    }
                ]
            }
        ],
        "thread_ts": "1625068299.209000",
        "parent_user_id": "U025X4V6WQ6",
        "reactions": [
            {
                "name": "eyes",
                "users": [
                    "U025X4V6WQ6"
                ],
                "count": 1
            }
        ]
    },
    {
        "client_msg_id": "d43191a4-7df3-4c5f-b2a3-631d404c1f59",
        "type": "message",
        "text": "<@U01R17T2KJ8> I am interested and based in Midwest.",
        "user": "U020NR8J2SG",
        "ts": "1625083240.221000",
        "team": "TJE58GTJL",
        "user_team": "TJE58GTJL",
        "source_team": "TJE58GTJL",
        "user_profile": {
            "avatar_hash": "fa01cd03e55d",
            "image_72": "https:\/\/avatars.slack-edge.com\/2021-11-24\/2769373106900_fa01cd03e55d36359ba2_72.jpg",
            "first_name": "",
            "real_name": "Lauren Caggiano",
            "display_name": "Lauren Caggiano",
            "team": "TJE58GTJL",
            "name": "lauren551",
            "is_restricted": false,
            "is_ultra_restricted": false
        },
        "blocks": [
            {
                "type": "rich_text",
                "block_id": "7FA",
                "elements": [
                    {
                        "type": "rich_text_section",
                        "elements": [
                            {
                                "type": "user",
                                "user_id": "U01R17T2KJ8"
                            },
                            {
                                "type": "text",
                                "text": " I am interested and based in Midwest."
                            }
                        ]
                    }
                ]
            }
        ],
        "thread_ts": "1625072759.216500",
        "parent_user_id": "U01R17T2KJ8"
    },
    {
        "client_msg_id": "1C89763D-6896-4FC7-8867-C9FF8C9C8940",
        "type": "message",
        "text": "Hi <@U020NR8J2SG>! Oh my goodness-of course! ",
        "user": "U01R17T2KJ8",
        "ts": "1625085260.222600",
        "team": "TJE58GTJL",
        "user_team": "TJE58GTJL",
        "source_team": "TJE58GTJL",
        "user_profile": {
            "avatar_hash": "c4f1b78a9b68",
            "image_72": "https:\/\/avatars.slack-edge.com\/2021-03-11\/1847652009746_c4f1b78a9b68c739d9e3_72.png",
            "first_name": "Kelly",
            "real_name": "Kelly",
            "display_name": "Kelly",
            "team": "TJE58GTJL",
            "name": "kgracethomas",
            "is_restricted": false,
            "is_ultra_restricted": false
        },
        "blocks": [
            {
                "type": "rich_text",
                "block_id": "Pwf",
                "elements": [
                    {
                        "type": "rich_text_section",
                        "elements": [
                            {
                                "type": "text",
                                "text": "Hi "
                            },
                            {
                                "type": "user",
                                "user_id": "U020NR8J2SG"
                            },
                            {
                                "type": "text",
                                "text": "! Oh my goodness-of course! "
                            }
                        ]
                    }
                ]
            }
        ],
        "thread_ts": "1625072759.216500",
        "parent_user_id": "U01R17T2KJ8",
        "reactions": [
            {
                "name": "raised_hands",
                "users": [
                    "U020NR8J2SG"
                ],
                "count": 1
            }
        ]
    },
    {
        "client_msg_id": "665656d3-92a7-4ade-9e5e-ed9f90a49ebb",
        "type": "message",
        "text": "haha I just saw it was you, <@U01R17T2KJ8>! :wink:",
        "user": "U020NR8J2SG",
        "ts": "1625085341.223500",
        "team": "TJE58GTJL",
        "user_team": "TJE58GTJL",
        "source_team": "TJE58GTJL",
        "user_profile": {
            "avatar_hash": "fa01cd03e55d",
            "image_72": "https:\/\/avatars.slack-edge.com\/2021-11-24\/2769373106900_fa01cd03e55d36359ba2_72.jpg",
            "first_name": "",
            "real_name": "Lauren Caggiano",
            "display_name": "Lauren Caggiano",
            "team": "TJE58GTJL",
            "name": "lauren551",
            "is_restricted": false,
            "is_ultra_restricted": false
        },
        "blocks": [
            {
                "type": "rich_text",
                "block_id": "65P",
                "elements": [
                    {
                        "type": "rich_text_section",
                        "elements": [
                            {
                                "type": "text",
                                "text": "haha I just saw it was you, "
                            },
                            {
                                "type": "user",
                                "user_id": "U01R17T2KJ8"
                            },
                            {
                                "type": "text",
                                "text": "! "
                            },
                            {
                                "type": "emoji",
                                "name": "wink"
                            }
                        ]
                    }
                ]
            }
        ],
        "thread_ts": "1625072759.216500",
        "parent_user_id": "U01R17T2KJ8"
    },
    {
        "client_msg_id": "4B0DB4A5-1532-43CC-9FB9-38BA750EB03A",
        "type": "message",
        "text": "Will you share your portfolio link? <@U020NR8J2SG> ",
        "user": "U01R17T2KJ8",
        "ts": "1625085548.225200",
        "team": "TJE58GTJL",
        "user_team": "TJE58GTJL",
        "source_team": "TJE58GTJL",
        "user_profile": {
            "avatar_hash": "c4f1b78a9b68",
            "image_72": "https:\/\/avatars.slack-edge.com\/2021-03-11\/1847652009746_c4f1b78a9b68c739d9e3_72.png",
            "first_name": "Kelly",
            "real_name": "Kelly",
            "display_name": "Kelly",
            "team": "TJE58GTJL",
            "name": "kgracethomas",
            "is_restricted": false,
            "is_ultra_restricted": false
        },
        "edited": {
            "user": "U01R17T2KJ8",
            "ts": "1625086341.000000"
        },
        "blocks": [
            {
                "type": "rich_text",
                "block_id": "nyv",
                "elements": [
                    {
                        "type": "rich_text_section",
                        "elements": [
                            {
                                "type": "text",
                                "text": "Will you share your portfolio link? "
                            },
                            {
                                "type": "user",
                                "user_id": "U020NR8J2SG"
                            },
                            {
                                "type": "text",
                                "text": " "
                            }
                        ]
                    }
                ]
            }
        ],
        "thread_ts": "1625072759.216500",
        "parent_user_id": "U01R17T2KJ8"
    },
    {
        "client_msg_id": "9c796d53-4e1e-46b4-ba51-a4f313647197",
        "type": "message",
        "text": "Hi all! We're looking for freelance writers (based in the U.S.) with experience in the B2B\/SaaS space at <https:\/\/bombbomb.com\/|BombBomb> to help with email copy and long-form blog posts.\n\nWhether you specialize in short-form copy or long-form copy, I'd love to hear from you.\n\nPlease message me or reply in this thread if you're interested. Thank you!",
        "user": "U01HENDE716",
        "ts": "1625085826.226700",
        "team": "TJE58GTJL",
        "user_team": "TJE58GTJL",
        "source_team": "TJE58GTJL",
        "user_profile": {
            "avatar_hash": "04f4c6616857",
            "image_72": "https:\/\/avatars.slack-edge.com\/2021-02-04\/1708278443606_04f4c661685705aba8ec_72.jpg",
            "first_name": "",
            "real_name": "Vivian Lopez",
            "display_name": "Vivian Lopez",
            "team": "TJE58GTJL",
            "name": "vivian.lopez",
            "is_restricted": false,
            "is_ultra_restricted": false
        },
        "edited": {
            "user": "U01HENDE716",
            "ts": "1625085982.000000"
        },
        "attachments": [
            {
                "title": "BombBomb Video Email | BombBomb.com",
                "title_link": "https:\/\/bombbomb.com\/",
                "text": "Get Better Results quickly and easily adding video to any email.",
                "fallback": "BombBomb Video Email | BombBomb.com",
                "thumb_url": "https:\/\/bombbomb.com\/bb-assets\/images\/shared\/bb-og-image.jpg",
                "from_url": "https:\/\/bombbomb.com\/",
                "thumb_width": 1200,
                "thumb_height": 1200,
                "service_icon": "https:\/\/m5gnqbpma3r5qcp1kf79atkz-wpengine.netdna-ssl.com\/wp-content\/uploads\/2015\/06\/logo-57x57.png",
                "service_name": "bombbomb.com",
                "id": 1,
                "original_url": "https:\/\/bombbomb.com\/"
            }
        ],
        "blocks": [
            {
                "type": "rich_text",
                "block_id": "v+B",
                "elements": [
                    {
                        "type": "rich_text_section",
                        "elements": [
                            {
                                "type": "text",
                                "text": "Hi all! We're looking for freelance writers (based in the U.S.) with experience in the B2B\/SaaS space at "
                            },
                            {
                                "type": "link",
                                "url": "https:\/\/bombbomb.com\/",
                                "text": "BombBomb"
                            },
                            {
                                "type": "text",
                                "text": " to help with email copy and long-form blog posts.\n\nWhether you specialize in short-form copy or long-form copy, I'd love to hear from you.\n\nPlease message me or reply in this thread if you're interested. Thank you!"
                            }
                        ]
                    }
                ]
            }
        ],
        "thread_ts": "1625085826.226700",
        "reply_count": 3,
        "reply_users_count": 3,
        "latest_reply": "1625107653.228100",
        "reply_users": [
            "U0241GTJEDC",
            "U012GHRAHDK",
            "UJE6FLEFJ"
        ],
        "replies": [
            {
                "user": "U0241GTJEDC",
                "ts": "1625086011.227100"
            },
            {
                "user": "U012GHRAHDK",
                "ts": "1625103803.227900"
            },
            {
                "user": "UJE6FLEFJ",
                "ts": "1625107653.228100"
            }
        ],
        "is_locked": false,
        "subscribed": false,
        "reactions": [
            {
                "name": "wave",
                "users": [
                    "U023Q8E7MNE",
                    "U012GHRAHDK"
                ],
                "count": 2
            },
            {
                "name": "+1",
                "users": [
                    "UUVS5HWMB"
                ],
                "count": 1
            }
        ]
    },
    {
        "client_msg_id": "fe9011e8-e252-4bea-ae52-8e84a68fef2e",
        "type": "message",
        "text": "I'm not looking for new work, but I do want to let you know I'm a happy user of your product! Go BombBomb! :)",
        "user": "U0241GTJEDC",
        "ts": "1625086011.227100",
        "team": "TJE58GTJL",
        "user_team": "TJE58GTJL",
        "source_team": "TJE58GTJL",
        "user_profile": {
            "avatar_hash": "536d8eb0424e",
            "image_72": "https:\/\/avatars.slack-edge.com\/2021-06-07\/2130419106119_536d8eb0424e890966a3_72.jpg",
            "first_name": "Kaleigh",
            "real_name": "Kaleigh Cox",
            "display_name": "Kaleigh Cox",
            "team": "TJE58GTJL",
            "name": "kaleighcoxwriter",
            "is_restricted": false,
            "is_ultra_restricted": false
        },
        "blocks": [
            {
                "type": "rich_text",
                "block_id": "5Cvn",
                "elements": [
                    {
                        "type": "rich_text_section",
                        "elements": [
                            {
                                "type": "text",
                                "text": "I'm not looking for new work, but I do want to let you know I'm a happy user of your product! Go BombBomb! :)"
                            }
                        ]
                    }
                ]
            }
        ],
        "thread_ts": "1625085826.226700",
        "parent_user_id": "U01HENDE716",
        "reactions": [
            {
                "name": "heart",
                "users": [
                    "U01HENDE716"
                ],
                "count": 1
            }
        ]
    },
    {
        "client_msg_id": "dff2beb2-c20e-447f-8237-67aad4a4e541",
        "type": "message",
        "text": "You bet! <http:\/\/www.lovewriteon.com|www.lovewriteon.com>, <@U01R17T2KJ8>",
        "user": "U020NR8J2SG",
        "ts": "1625089044.227500",
        "team": "TJE58GTJL",
        "user_team": "TJE58GTJL",
        "source_team": "TJE58GTJL",
        "user_profile": {
            "avatar_hash": "fa01cd03e55d",
            "image_72": "https:\/\/avatars.slack-edge.com\/2021-11-24\/2769373106900_fa01cd03e55d36359ba2_72.jpg",
            "first_name": "",
            "real_name": "Lauren Caggiano",
            "display_name": "Lauren Caggiano",
            "team": "TJE58GTJL",
            "name": "lauren551",
            "is_restricted": false,
            "is_ultra_restricted": false
        },
        "blocks": [
            {
                "type": "rich_text",
                "block_id": "lkIR",
                "elements": [
                    {
                        "type": "rich_text_section",
                        "elements": [
                            {
                                "type": "text",
                                "text": "You bet! "
                            },
                            {
                                "type": "link",
                                "url": "http:\/\/www.lovewriteon.com",
                                "text": "www.lovewriteon.com"
                            },
                            {
                                "type": "text",
                                "text": ", "
                            },
                            {
                                "type": "user",
                                "user_id": "U01R17T2KJ8"
                            }
                        ]
                    }
                ]
            }
        ],
        "thread_ts": "1625072759.216500",
        "parent_user_id": "U01R17T2KJ8",
        "reactions": [
            {
                "name": "raised_hands",
                "users": [
                    "U01R17T2KJ8"
                ],
                "count": 1
            }
        ]
    },
    {
        "client_msg_id": "8b84457a-2456-47e7-ab49-ed8fe8a19a04",
        "type": "message",
        "text": "DMed you! :)",
        "user": "U012GHRAHDK",
        "ts": "1625103803.227900",
        "team": "TJE58GTJL",
        "user_team": "TJE58GTJL",
        "source_team": "TJE58GTJL",
        "user_profile": {
            "avatar_hash": "8ba0c4534568",
            "image_72": "https:\/\/avatars.slack-edge.com\/2022-04-12\/3401585222352_8ba0c45345680ce088ab_72.jpg",
            "first_name": "Deb",
            "real_name": "Deb Mukherjee",
            "display_name": "Deb Mukherjee",
            "team": "TJE58GTJL",
            "name": "debdut94",
            "is_restricted": false,
            "is_ultra_restricted": false
        },
        "blocks": [
            {
                "type": "rich_text",
                "block_id": "9Z6Q",
                "elements": [
                    {
                        "type": "rich_text_section",
                        "elements": [
                            {
                                "type": "text",
                                "text": "DMed you! :)"
                            }
                        ]
                    }
                ]
            }
        ],
        "thread_ts": "1625085826.226700",
        "parent_user_id": "U01HENDE716"
    },
    {
        "client_msg_id": "2e510000-da82-4719-89e1-c5dc3a5e84d3",
        "type": "message",
        "text": "Hey Vivian, i'd love to chat! Big fan of BombBomb and long-form blog posts are my jam :slightly_smiling_face:",
        "user": "UJE6FLEFJ",
        "ts": "1625107653.228100",
        "team": "TJE58GTJL",
        "user_team": "TJE58GTJL",
        "source_team": "TJE58GTJL",
        "user_profile": {
            "avatar_hash": "gc6ef52e2245",
            "image_72": "https:\/\/secure.gravatar.com\/avatar\/05c6ef52e2245358c2ae0b9a02308b7f.jpg?s=72&d=https%3A%2F%2Fa.slack-edge.com%2Fdf10d%2Fimg%2Favatars%2Fava_0007-72.png",
            "first_name": "",
            "real_name": "Brittany Berger",
            "display_name": "Brittany Berger",
            "team": "TJE58GTJL",
            "name": "brittany",
            "is_restricted": false,
            "is_ultra_restricted": false
        },
        "blocks": [
            {
                "type": "rich_text",
                "block_id": "wlEf",
                "elements": [
                    {
                        "type": "rich_text_section",
                        "elements": [
                            {
                                "type": "text",
                                "text": "Hey Vivian, i'd love to chat! Big fan of BombBomb and long-form blog posts are my jam "
                            },
                            {
                                "type": "emoji",
                                "name": "slightly_smiling_face"
                            }
                        ]
                    }
                ]
            }
        ],
        "thread_ts": "1625085826.226700",
        "parent_user_id": "U01HENDE716"
    }
]