[
    {
        "client_msg_id": "29e42db8-35ca-48a5-b885-2cda09b25308",
        "type": "message",
        "text": "Curious about why you don't want to accept CC payments? Is it because of a processing fee?",
        "user": "U01FUP6AMEZ",
        "ts": "1621876027.041000",
        "team": "TJE58GTJL",
        "user_team": "TJE58GTJL",
        "source_team": "TJE58GTJL",
        "user_profile": {
            "avatar_hash": "128762c3ea3f",
            "image_72": "https:\/\/avatars.slack-edge.com\/2020-12-01\/1527137254583_128762c3ea3f3d65d19b_72.jpg",
            "first_name": "Joanna",
            "real_name": "Joanna Rutter",
            "display_name": "Joanna Rutter",
            "team": "TJE58GTJL",
            "name": "rutterjoanna",
            "is_restricted": false,
            "is_ultra_restricted": false
        },
        "blocks": [
            {
                "type": "rich_text",
                "block_id": "PITw",
                "elements": [
                    {
                        "type": "rich_text_section",
                        "elements": [
                            {
                                "type": "text",
                                "text": "Curious about why you don't want to accept CC payments? Is it because of a processing fee?"
                            }
                        ]
                    }
                ]
            }
        ],
        "thread_ts": "1621528130.029700",
        "parent_user_id": "U022P474MC1"
    },
    {
        "client_msg_id": "1eb4b9b5-b608-4527-b291-966e151346a1",
        "type": "message",
        "text": "It's a wishlist item for me for sure! The templates live in my brain for now",
        "user": "U01FUP6AMEZ",
        "ts": "1621876056.041300",
        "team": "TJE58GTJL",
        "user_team": "TJE58GTJL",
        "source_team": "TJE58GTJL",
        "user_profile": {
            "avatar_hash": "128762c3ea3f",
            "image_72": "https:\/\/avatars.slack-edge.com\/2020-12-01\/1527137254583_128762c3ea3f3d65d19b_72.jpg",
            "first_name": "Joanna",
            "real_name": "Joanna Rutter",
            "display_name": "Joanna Rutter",
            "team": "TJE58GTJL",
            "name": "rutterjoanna",
            "is_restricted": false,
            "is_ultra_restricted": false
        },
        "blocks": [
            {
                "type": "rich_text",
                "block_id": "8dy8W",
                "elements": [
                    {
                        "type": "rich_text_section",
                        "elements": [
                            {
                                "type": "text",
                                "text": "It's a wishlist item for me for sure! The templates live in my brain for now"
                            }
                        ]
                    }
                ]
            }
        ],
        "thread_ts": "1621610496.036000",
        "parent_user_id": "U01KH3P18RZ"
    },
    {
        "client_msg_id": "5a6c8943-78f7-4ee8-9627-576c9a384216",
        "type": "message",
        "text": "Writing proposals is eating so much into my time...does anyone use a tool or an automated system that speeds this up?",
        "user": "U01FUP6AMEZ",
        "ts": "1621876234.042300",
        "team": "TJE58GTJL",
        "user_team": "TJE58GTJL",
        "source_team": "TJE58GTJL",
        "user_profile": {
            "avatar_hash": "128762c3ea3f",
            "image_72": "https:\/\/avatars.slack-edge.com\/2020-12-01\/1527137254583_128762c3ea3f3d65d19b_72.jpg",
            "first_name": "Joanna",
            "real_name": "Joanna Rutter",
            "display_name": "Joanna Rutter",
            "team": "TJE58GTJL",
            "name": "rutterjoanna",
            "is_restricted": false,
            "is_ultra_restricted": false
        },
        "blocks": [
            {
                "type": "rich_text",
                "block_id": "0941N",
                "elements": [
                    {
                        "type": "rich_text_section",
                        "elements": [
                            {
                                "type": "text",
                                "text": "Writing proposals is eating so much into my time...does anyone use a tool or an automated system that speeds this up?"
                            }
                        ]
                    }
                ]
            }
        ],
        "thread_ts": "1621876234.042300",
        "reply_count": 7,
        "reply_users_count": 4,
        "latest_reply": "1622043595.056100",
        "reply_users": [
            "U01KH3P18RZ",
            "U01FUP6AMEZ",
            "U01P13NTGG6",
            "U01AHL8AGBB"
        ],
        "replies": [
            {
                "user": "U01KH3P18RZ",
                "ts": "1621876970.042400"
            },
            {
                "user": "U01FUP6AMEZ",
                "ts": "1621883893.042800"
            },
            {
                "user": "U01KH3P18RZ",
                "ts": "1621892934.043000"
            },
            {
                "user": "U01P13NTGG6",
                "ts": "1621894281.045400"
            },
            {
                "user": "U01AHL8AGBB",
                "ts": "1621953709.046500"
            },
            {
                "user": "U01FUP6AMEZ",
                "ts": "1621955342.047000"
            },
            {
                "user": "U01FUP6AMEZ",
                "ts": "1622043595.056100"
            }
        ],
        "is_locked": false,
        "subscribed": false
    },
    {
        "client_msg_id": "388b334c-0391-48de-83fa-67a2dae6d5ab",
        "type": "message",
        "text": "I may!\n\nTell me a bit more about where that time suck is happening? (Takes too long to get the info from the client? Not getting the right info? Hands on keyboard takes too much time? Something else?)",
        "user": "U01KH3P18RZ",
        "ts": "1621876970.042400",
        "team": "TJE58GTJL",
        "user_team": "TJE58GTJL",
        "source_team": "TJE58GTJL",
        "user_profile": {
            "avatar_hash": "fab0c6d48595",
            "image_72": "https:\/\/avatars.slack-edge.com\/2021-05-28\/2110157153414_fab0c6d48595c62a6594_72.jpg",
            "first_name": "Kai",
            "real_name": "Kai Davis",
            "display_name": "Kai (Your Shopify SEO Guy)",
            "team": "TJE58GTJL",
            "name": "kai",
            "is_restricted": false,
            "is_ultra_restricted": false
        },
        "blocks": [
            {
                "type": "rich_text",
                "block_id": "Q2z9o",
                "elements": [
                    {
                        "type": "rich_text_section",
                        "elements": [
                            {
                                "type": "text",
                                "text": "I may!\n\nTell me a bit more about where that time suck is happening? (Takes too long to get the info from the client? Not getting the right info? Hands on keyboard takes too much time? Something else?)"
                            }
                        ]
                    }
                ]
            }
        ],
        "thread_ts": "1621876234.042300",
        "parent_user_id": "U01FUP6AMEZ"
    },
    {
        "client_msg_id": "c8494b76-b834-444f-80a6-d5104a4f9989",
        "type": "message",
        "text": "I have set offerings but all my clients are in super different industries with different needs. So i can create an itemized pricing list from a \"menu\" if needed but I need space to write up details about WHY I'm pitching them on those items vs others.",
        "user": "U01FUP6AMEZ",
        "ts": "1621883893.042800",
        "team": "TJE58GTJL",
        "user_team": "TJE58GTJL",
        "source_team": "TJE58GTJL",
        "user_profile": {
            "avatar_hash": "128762c3ea3f",
            "image_72": "https:\/\/avatars.slack-edge.com\/2020-12-01\/1527137254583_128762c3ea3f3d65d19b_72.jpg",
            "first_name": "Joanna",
            "real_name": "Joanna Rutter",
            "display_name": "Joanna Rutter",
            "team": "TJE58GTJL",
            "name": "rutterjoanna",
            "is_restricted": false,
            "is_ultra_restricted": false
        },
        "blocks": [
            {
                "type": "rich_text",
                "block_id": "FgW",
                "elements": [
                    {
                        "type": "rich_text_section",
                        "elements": [
                            {
                                "type": "text",
                                "text": "I have set offerings but all my clients are in super different industries with different needs. So i can create an itemized pricing list from a \"menu\" if needed but I need space to write up details about WHY I'm pitching them on those items vs others."
                            }
                        ]
                    }
                ]
            }
        ],
        "thread_ts": "1621876234.042300",
        "parent_user_id": "U01FUP6AMEZ"
    },
    {
        "client_msg_id": "d939fc09-45af-4707-b51e-79e72b250b14",
        "type": "message",
        "text": "What are you using right now to generate those proposals? (Word\/Pages\/Docs? A tool? Something else?)\n\n(The ‘space to write up details…’ bit makes me think it’s a challenge with the tool more so than knowing the content to include there?)",
        "user": "U01KH3P18RZ",
        "ts": "1621892934.043000",
        "team": "TJE58GTJL",
        "user_team": "TJE58GTJL",
        "source_team": "TJE58GTJL",
        "user_profile": {
            "avatar_hash": "fab0c6d48595",
            "image_72": "https:\/\/avatars.slack-edge.com\/2021-05-28\/2110157153414_fab0c6d48595c62a6594_72.jpg",
            "first_name": "Kai",
            "real_name": "Kai Davis",
            "display_name": "Kai (Your Shopify SEO Guy)",
            "team": "TJE58GTJL",
            "name": "kai",
            "is_restricted": false,
            "is_ultra_restricted": false
        },
        "edited": {
            "user": "U01KH3P18RZ",
            "ts": "1621892952.000000"
        },
        "blocks": [
            {
                "type": "rich_text",
                "block_id": "+kq",
                "elements": [
                    {
                        "type": "rich_text_section",
                        "elements": [
                            {
                                "type": "text",
                                "text": "What are you using right now to generate those proposals? (Word\/Pages\/Docs? A tool? Something else?)\n\n(The ‘space to write up details…’ bit makes me think it’s a challenge with the tool more so than knowing the content to include there?)"
                            }
                        ]
                    }
                ]
            }
        ],
        "thread_ts": "1621876234.042300",
        "parent_user_id": "U01FUP6AMEZ"
    },
    {
        "client_msg_id": "8f82192d-3d65-4ebe-a5fc-39f8c0bed784",
        "type": "message",
        "text": "We use Pandadoc for this. It can still take a bit when we’re working with a new industry, but it’s way faster than what we were doing before.",
        "user": "U01P13NTGG6",
        "ts": "1621894281.045400",
        "team": "TJE58GTJL",
        "user_team": "TJE58GTJL",
        "source_team": "TJE58GTJL",
        "user_profile": {
            "avatar_hash": "1625b1f12011",
            "image_72": "https:\/\/avatars.slack-edge.com\/2021-02-24\/1775273585607_1625b1f12011f553efc5_72.png",
            "first_name": "Skyler",
            "real_name": "Skyler Reeves",
            "display_name": "Skyler Reeves",
            "team": "TJE58GTJL",
            "name": "skyler",
            "is_restricted": false,
            "is_ultra_restricted": false
        },
        "blocks": [
            {
                "type": "rich_text",
                "block_id": "uIKXe",
                "elements": [
                    {
                        "type": "rich_text_section",
                        "elements": [
                            {
                                "type": "text",
                                "text": "We use Pandadoc for this. It can still take a bit when we’re working with a new industry, but it’s way faster than what we were doing before."
                            }
                        ]
                    }
                ]
            }
        ],
        "thread_ts": "1621876234.042300",
        "parent_user_id": "U01FUP6AMEZ",
        "reactions": [
            {
                "name": "eyes",
                "users": [
                    "U01FUP6AMEZ"
                ],
                "count": 1
            }
        ]
    },
    {
        "client_msg_id": "f91da6d2-0fb1-4322-97d2-682f75965164",
        "type": "message",
        "text": "freelance friends - someone reached out to me about content for a self-storage business. if you are interested in writing 1-2 articles\/week for them, hit me up. just shoot me a dm.",
        "user": "UJG9WTEKG",
        "ts": "1621895943.046400",
        "team": "TJE58GTJL",
        "user_team": "TJE58GTJL",
        "source_team": "TJE58GTJL",
        "user_profile": {
            "avatar_hash": "gc25b94e6ebf",
            "image_72": "https:\/\/secure.gravatar.com\/avatar\/eec25b94e6ebf55f0b7933372344cd09.jpg?s=72&d=https%3A%2F%2Fa.slack-edge.com%2Fdf10d%2Fimg%2Favatars%2Fava_0001-72.png",
            "first_name": "Jimmy",
            "real_name": "Jimmy Daly",
            "display_name": "",
            "team": "TJE58GTJL",
            "name": "runjimdaly",
            "is_restricted": false,
            "is_ultra_restricted": false
        },
        "blocks": [
            {
                "type": "rich_text",
                "block_id": "7pmDl",
                "elements": [
                    {
                        "type": "rich_text_section",
                        "elements": [
                            {
                                "type": "text",
                                "text": "freelance friends - someone reached out to me about content for a self-storage business. if you are interested in writing 1-2 articles\/week for them, hit me up. just shoot me a dm."
                            }
                        ]
                    }
                ]
            }
        ]
    }
]