[
    {
        "client_msg_id": "c99e1abc-8d70-4eab-aba9-4bceb75e8d82",
        "type": "message",
        "text": "I'm looking for freelancers who can work with our company. Need help creating valuable content &amp; high quality assets. Strategy, but also execution.  We're SaaS b2b company, currently SMS Marketing soon fully conversational. Target countries: France, UK, Spain\n(particularly interested if you speak any of those languages :))\n\n Drop me a PM and let's chat :)",
        "user": "U02ANC48U7N",
        "ts": "1628501242.046100",
        "team": "TJE58GTJL",
        "user_team": "TJE58GTJL",
        "source_team": "TJE58GTJL",
        "user_profile": {
            "avatar_hash": "g8484363760f",
            "image_72": "https:\/\/secure.gravatar.com\/avatar\/8484363760f85279dadd8394e34a86e3.jpg?s=72&d=https%3A%2F%2Fa.slack-edge.com%2Fdf10d%2Fimg%2Favatars%2Fava_0020-72.png",
            "first_name": "Mariano",
            "real_name": "Mariano Martene",
            "display_name": "Mariano Martene",
            "team": "TJE58GTJL",
            "name": "mariano",
            "is_restricted": false,
            "is_ultra_restricted": false
        },
        "edited": {
            "user": "U02ANC48U7N",
            "ts": "1628501261.000000"
        },
        "blocks": [
            {
                "type": "rich_text",
                "block_id": "0Ivh",
                "elements": [
                    {
                        "type": "rich_text_section",
                        "elements": [
                            {
                                "type": "text",
                                "text": "I'm looking for freelancers who can work with our company. Need help creating valuable content & high quality assets. Strategy, but also execution.  We're SaaS b2b company, currently SMS Marketing soon fully conversational. Target countries: France, UK, Spain\n(particularly interested if you speak any of those languages :))\n\n Drop me a PM and let's chat :)"
                            }
                        ]
                    }
                ]
            }
        ],
        "thread_ts": "1628501242.046100",
        "reply_count": 3,
        "reply_users_count": 3,
        "latest_reply": "1628608987.051400",
        "reply_users": [
            "U01B8FNUWRK",
            "U028D815JA0",
            "U023Q8E7MNE"
        ],
        "replies": [
            {
                "user": "U01B8FNUWRK",
                "ts": "1628507582.046300"
            },
            {
                "user": "U028D815JA0",
                "ts": "1628507646.046500"
            },
            {
                "user": "U023Q8E7MNE",
                "ts": "1628608987.051400"
            }
        ],
        "is_locked": false,
        "subscribed": false,
        "reactions": [
            {
                "name": "heart",
                "users": [
                    "U02AN6MNLMA"
                ],
                "count": 1
            }
        ]
    },
    {
        "client_msg_id": "50e34ec3-3ece-49e3-b39a-50133e0fb0bd",
        "type": "message",
        "text": "<@U028D815JA0> :slightly_smiling_face:",
        "user": "U01B8FNUWRK",
        "ts": "1628507582.046300",
        "team": "TJE58GTJL",
        "user_team": "TJE58GTJL",
        "source_team": "TJE58GTJL",
        "user_profile": {
            "avatar_hash": "a3ab825f6110",
            "image_72": "https:\/\/avatars.slack-edge.com\/2020-09-24\/1386090918259_a3ab825f611075cc2d61_72.jpg",
            "first_name": "Shadrack",
            "real_name": "Shadrack",
            "display_name": "Shadrack",
            "team": "TJE58GTJL",
            "name": "shadrack552",
            "is_restricted": false,
            "is_ultra_restricted": false
        },
        "blocks": [
            {
                "type": "rich_text",
                "block_id": "kipiV",
                "elements": [
                    {
                        "type": "rich_text_section",
                        "elements": [
                            {
                                "type": "user",
                                "user_id": "U028D815JA0"
                            },
                            {
                                "type": "text",
                                "text": " "
                            },
                            {
                                "type": "emoji",
                                "name": "slightly_smiling_face"
                            }
                        ]
                    }
                ]
            }
        ],
        "thread_ts": "1628501242.046100",
        "parent_user_id": "U02ANC48U7N"
    },
    {
        "client_msg_id": "dca5b5e2-c9e3-48b5-b00c-e34f5873ed8c",
        "type": "message",
        "text": "Thank you, <@U01B8FNUWRK>!",
        "user": "U028D815JA0",
        "ts": "1628507646.046500",
        "team": "TJE58GTJL",
        "user_team": "TJE58GTJL",
        "source_team": "TJE58GTJL",
        "user_profile": {
            "avatar_hash": "7e2cf488ec83",
            "image_72": "https:\/\/avatars.slack-edge.com\/2021-11-09\/2701205349650_7e2cf488ec8355d9ecca_72.jpg",
            "first_name": "althea",
            "real_name": "althea storm",
            "display_name": "althea storm",
            "team": "TJE58GTJL",
            "name": "altheanymphcstorm",
            "is_restricted": false,
            "is_ultra_restricted": false
        },
        "blocks": [
            {
                "type": "rich_text",
                "block_id": "qtr",
                "elements": [
                    {
                        "type": "rich_text_section",
                        "elements": [
                            {
                                "type": "text",
                                "text": "Thank you, "
                            },
                            {
                                "type": "user",
                                "user_id": "U01B8FNUWRK"
                            },
                            {
                                "type": "text",
                                "text": "!"
                            }
                        ]
                    }
                ]
            }
        ],
        "thread_ts": "1628501242.046100",
        "parent_user_id": "U02ANC48U7N",
        "reactions": [
            {
                "name": "+1",
                "users": [
                    "U01B8FNUWRK"
                ],
                "count": 1
            }
        ]
    }
]