[
    {
        "type": "message",
        "text": "If you are looking for hire a B2B\/SaaS Content writer&amp; Strategist, I am the one for you. Check out my CV below. Looking forward to hearing from you. ",
        "files": [
            {
                "id": "F02KJ9R1JC8",
                "created": 1635048777,
                "timestamp": 1635048777,
                "name": "Oluwatobi Abiodun - Resume.pdf",
                "title": "Oluwatobi Abiodun - Resume",
                "mimetype": "application\/pdf",
                "filetype": "pdf",
                "pretty_type": "PDF",
                "user": "U02EDRUJN58",
                "editable": false,
                "size": 43362,
                "mode": "hosted",
                "is_external": false,
                "external_type": "",
                "is_public": true,
                "public_url_shared": false,
                "display_as_bot": false,
                "username": "",
                "url_private": "https:\/\/files.slack.com\/files-pri\/TJE58GTJL-F02KJ9R1JC8\/oluwatobi_abiodun_-_resume.pdf?t=xoxe-626178571632-3467451922035-3469800396036-b45365c7edcd0220272aa8a422c2b82f",
                "url_private_download": "https:\/\/files.slack.com\/files-pri\/TJE58GTJL-F02KJ9R1JC8\/download\/oluwatobi_abiodun_-_resume.pdf?t=xoxe-626178571632-3467451922035-3469800396036-b45365c7edcd0220272aa8a422c2b82f",
                "media_display_type": "unknown",
                "thumb_pdf": "https:\/\/files.slack.com\/files-tmb\/TJE58GTJL-F02KJ9R1JC8-f28efad51e\/oluwatobi_abiodun_-_resume_thumb_pdf.png?t=xoxe-626178571632-3467451922035-3469800396036-b45365c7edcd0220272aa8a422c2b82f",
                "thumb_pdf_w": 935,
                "thumb_pdf_h": 1210,
                "permalink": "https:\/\/content-career-growth.slack.com\/files\/U02EDRUJN58\/F02KJ9R1JC8\/oluwatobi_abiodun_-_resume.pdf",
                "permalink_public": "https:\/\/slack-files.com\/TJE58GTJL-F02KJ9R1JC8-6fac548e55",
                "is_starred": false,
                "has_rich_preview": false
            }
        ],
        "upload": false,
        "user": "U02EDRUJN58",
        "display_as_bot": false,
        "ts": "1635048793.007000",
        "blocks": [
            {
                "type": "rich_text",
                "block_id": "6Zkea",
                "elements": [
                    {
                        "type": "rich_text_section",
                        "elements": [
                            {
                                "type": "text",
                                "text": "If you are looking for hire a B2B\/SaaS Content writer& Strategist, I am the one for you. Check out my CV below. Looking forward to hearing from you. "
                            }
                        ]
                    }
                ]
            }
        ],
        "client_msg_id": "E2C8109C-7313-4EBA-AF72-846B9201F105",
        "thread_ts": "1635048793.007000",
        "reply_count": 1,
        "reply_users_count": 1,
        "latest_reply": "1636960743.140100",
        "reply_users": [
            "U01RSA9E9D4"
        ],
        "replies": [
            {
                "user": "U01RSA9E9D4",
                "ts": "1636960743.140100"
            }
        ],
        "is_locked": false,
        "subscribed": false
    }
]