[
    {
        "client_msg_id": "22ba5ddf-b1cb-441b-9b27-82908c07b62e",
        "type": "message",
        "text": "Good morning all!\n\nI'm looking for a freelance SEO content writer\/strategist who can help us make on-page optimizations to a variety of our clients' existing web pages\/content.\n• includes metadata and social metadata\n• solid understanding of internal linking principles\n• requires excellent understanding of keyword and on-page SEO optimization  \n• *MUST* *know how to work with <http:\/\/Frase.io|Frase.io> or SurferSEO or another similar tool -* ideally this person has access to their own account \n    ◦ (I could provide access to <http:\/\/Frase.io|Frase.io> but this person must already have a solid understanding of SEO content optimization research - we are not looking to train someone for this project, we need someone to step in and hit the ground running)\n• ideally, this person is available to provide support in the long-term, but I'd be just has happy to have someone step in and keep them on file for when they have additional availability.\nIs this person a unicorn? I sure hope not! Please please please DM me if you think you'd be a good fit or if you know someone else who may be interested. Again,\n\nThanks and have a great week!",
        "user": "U023M1SR6KH",
        "ts": "1634563471.405900",
        "team": "TJE58GTJL",
        "user_team": "TJE58GTJL",
        "source_team": "TJE58GTJL",
        "user_profile": {
            "avatar_hash": "55eb283f5544",
            "image_72": "https:\/\/avatars.slack-edge.com\/2021-06-04\/2138865952467_55eb283f554439baf74c_72.jpg",
            "first_name": "Alexandra",
            "real_name": "Alexandra Pielusko",
            "display_name": "Alexandra Pielusko",
            "team": "TJE58GTJL",
            "name": "alexandra",
            "is_restricted": false,
            "is_ultra_restricted": false
        },
        "blocks": [
            {
                "type": "rich_text",
                "block_id": "aEsV2",
                "elements": [
                    {
                        "type": "rich_text_section",
                        "elements": [
                            {
                                "type": "text",
                                "text": "Good morning all!\n\nI'm looking for a freelance SEO content writer\/strategist who can help us make on-page optimizations to a variety of our clients' existing web pages\/content.\n"
                            }
                        ]
                    },
                    {
                        "type": "rich_text_list",
                        "elements": [
                            {
                                "type": "rich_text_section",
                                "elements": [
                                    {
                                        "type": "text",
                                        "text": "includes metadata and social metadata"
                                    }
                                ]
                            },
                            {
                                "type": "rich_text_section",
                                "elements": [
                                    {
                                        "type": "text",
                                        "text": "solid understanding of internal linking principles"
                                    }
                                ]
                            },
                            {
                                "type": "rich_text_section",
                                "elements": [
                                    {
                                        "type": "text",
                                        "text": "requires excellent understanding of keyword and on-page SEO optimization  "
                                    }
                                ]
                            },
                            {
                                "type": "rich_text_section",
                                "elements": [
                                    {
                                        "type": "text",
                                        "text": "MUST",
                                        "style": {
                                            "bold": true
                                        }
                                    },
                                    {
                                        "type": "text",
                                        "text": " "
                                    },
                                    {
                                        "type": "text",
                                        "text": "know how to work with ",
                                        "style": {
                                            "bold": true
                                        }
                                    },
                                    {
                                        "type": "link",
                                        "url": "http:\/\/Frase.io",
                                        "text": "Frase.io",
                                        "style": {
                                            "bold": true
                                        }
                                    },
                                    {
                                        "type": "text",
                                        "text": " or SurferSEO or another similar tool -",
                                        "style": {
                                            "bold": true
                                        }
                                    },
                                    {
                                        "type": "text",
                                        "text": " ideally this person has access to their own account "
                                    }
                                ]
                            }
                        ],
                        "style": "bullet",
                        "indent": 0,
                        "border": 0
                    },
                    {
                        "type": "rich_text_list",
                        "elements": [
                            {
                                "type": "rich_text_section",
                                "elements": [
                                    {
                                        "type": "text",
                                        "text": "(I could provide access to "
                                    },
                                    {
                                        "type": "link",
                                        "url": "http:\/\/Frase.io",
                                        "text": "Frase.io"
                                    },
                                    {
                                        "type": "text",
                                        "text": " but this person must already have a solid understanding of SEO content optimization research - we are not looking to train someone for this project, we need someone to step in and hit the ground running)"
                                    }
                                ]
                            }
                        ],
                        "style": "bullet",
                        "indent": 1,
                        "border": 0
                    },
                    {
                        "type": "rich_text_list",
                        "elements": [
                            {
                                "type": "rich_text_section",
                                "elements": [
                                    {
                                        "type": "text",
                                        "text": "ideally, this person is available to provide support in the long-term, but I'd be just has happy to have someone step in and keep them on file for when they have additional availability."
                                    }
                                ]
                            }
                        ],
                        "style": "bullet",
                        "indent": 0,
                        "border": 0
                    },
                    {
                        "type": "rich_text_section",
                        "elements": [
                            {
                                "type": "text",
                                "text": "\nIs this person a unicorn? I sure hope not! Please please please DM me if you think you'd be a good fit or if you know someone else who may be interested. Again,\n\nThanks and have a great week!"
                            }
                        ]
                    }
                ]
            }
        ],
        "thread_ts": "1634563471.405900",
        "reply_count": 1,
        "reply_users_count": 1,
        "latest_reply": "1635488795.044400",
        "reply_users": [
            "U02CT9E6R6K"
        ],
        "replies": [
            {
                "user": "U02CT9E6R6K",
                "ts": "1635488795.044400"
            }
        ],
        "is_locked": false,
        "subscribed": false,
        "reactions": [
            {
                "name": "heart",
                "users": [
                    "U01K3VD3154",
                    "U02CUM38FUK",
                    "U01T30ZCN82"
                ],
                "count": 3
            }
        ]
    }
]