[
    {
        "client_msg_id": "d7a423a9-583d-41aa-b56b-bf10b58142b5",
        "type": "message",
        "text": "Looking for a content writer who can write long-form articles on running businesses in Canada and Hiring. Please DM with samples and per word rate!",
        "user": "U02CUMQBP9R",
        "ts": "1636726443.132700",
        "team": "TJE58GTJL",
        "user_team": "TJE58GTJL",
        "source_team": "TJE58GTJL",
        "user_profile": {
            "avatar_hash": "37d9a8538dda",
            "image_72": "https:\/\/avatars.slack-edge.com\/2021-08-30\/2422037442023_37d9a8538dda6c598cc7_72.jpg",
            "first_name": "Harshala",
            "real_name": "Harshala Chavan",
            "display_name": "Harshala Chavan",
            "team": "TJE58GTJL",
            "name": "harshalachavan7",
            "is_restricted": false,
            "is_ultra_restricted": false
        },
        "blocks": [
            {
                "type": "rich_text",
                "block_id": "li=R",
                "elements": [
                    {
                        "type": "rich_text_section",
                        "elements": [
                            {
                                "type": "text",
                                "text": "Looking for a content writer who can write long-form articles on running businesses in Canada and Hiring. Please DM with samples and per word rate!"
                            }
                        ]
                    }
                ]
            }
        ]
    },
    {
        "client_msg_id": "183f48d1-fa60-431a-b992-c11b12f5d81e",
        "type": "message",
        "text": "very little, except you are willing to sue...",
        "user": "U02DNB9GQ5V",
        "ts": "1636743761.136100",
        "team": "TJE58GTJL",
        "user_team": "TJE58GTJL",
        "source_team": "TJE58GTJL",
        "user_profile": {
            "avatar_hash": "db8ff4fa85a3",
            "image_72": "https:\/\/avatars.slack-edge.com\/2021-09-11\/2479924940706_db8ff4fa85a3fe8231ef_72.jpg",
            "first_name": "nsisong",
            "real_name": "nsisong (Cici)",
            "display_name": "nsisong (Cici)",
            "team": "TJE58GTJL",
            "name": "drnmbassey",
            "is_restricted": false,
            "is_ultra_restricted": false
        },
        "blocks": [
            {
                "type": "rich_text",
                "block_id": "=H2",
                "elements": [
                    {
                        "type": "rich_text_section",
                        "elements": [
                            {
                                "type": "text",
                                "text": "very little, except you are willing to sue..."
                            }
                        ]
                    }
                ]
            }
        ],
        "thread_ts": "1633206071.314200",
        "parent_user_id": "U02FV1XHS2C"
    }
]