[
    {
        "client_msg_id": "25aa1447-4b8d-4356-a351-c70373686eeb",
        "type": "message",
        "text": "<https:\/\/www.michaelpaulyn.com\/post\/manage-your-blog-from-your-live-site>",
        "user": "U01R5K3795W",
        "ts": "1623267844.095200",
        "team": "TJE58GTJL",
        "user_team": "TJE58GTJL",
        "source_team": "TJE58GTJL",
        "user_profile": {
            "avatar_hash": "e29a2ac8fcb8",
            "image_72": "https:\/\/avatars.slack-edge.com\/2021-03-07\/1844463403121_e29a2ac8fcb8d72a8c29_72.jpg",
            "first_name": "Michael",
            "real_name": "Michael Paulyn",
            "display_name": "michael paulyn",
            "team": "TJE58GTJL",
            "name": "mpaulyn_",
            "is_restricted": false,
            "is_ultra_restricted": false
        },
        "attachments": [
            {
                "service_name": "michaelpaulyn",
                "title": "My Journey to Working Remotely",
                "title_link": "https:\/\/www.michaelpaulyn.com\/post\/manage-your-blog-from-your-live-site",
                "text": "Remote work has gone from seen as a luxury for many companies, to now being seen as the new way needed to run a business successfully. Working remotely definitely seems to be sticking around, understanding how this new way of working can benefit oneself is a huge advantage.",
                "fallback": "michaelpaulyn: My Journey to Working Remotely",
                "image_url": "https:\/\/static.wixstatic.com\/media\/22fb870476954654a4462945a273321a.png\/v1\/fit\/w_1000%2Ch_1000%2Cal_c\/file.png",
                "image_width": 377,
                "image_height": 250,
                "ts": 1623191968,
                "from_url": "https:\/\/www.michaelpaulyn.com\/post\/manage-your-blog-from-your-live-site",
                "image_bytes": 305623,
                "service_icon": "https:\/\/static.wixstatic.com\/media\/189315_3faf32c823a049ac96e8135182f2283c%7Emv2.png\/v1\/fill\/w_16%2Ch_16%2Clg_1%2Cusm_0.66_1.00_0.01\/189315_3faf32c823a049ac96e8135182f2283c%7Emv2.png",
                "id": 1,
                "original_url": "https:\/\/www.michaelpaulyn.com\/post\/manage-your-blog-from-your-live-site"
            }
        ],
        "blocks": [
            {
                "type": "rich_text",
                "block_id": "xw2w",
                "elements": [
                    {
                        "type": "rich_text_section",
                        "elements": [
                            {
                                "type": "link",
                                "url": "https:\/\/www.michaelpaulyn.com\/post\/manage-your-blog-from-your-live-site"
                            }
                        ]
                    }
                ]
            }
        ],
        "reactions": [
            {
                "name": "raised_hands::skin-tone-3",
                "users": [
                    "U022WPACV4L"
                ],
                "count": 1
            },
            {
                "name": "raised_hands",
                "users": [
                    "U01572CHZ96"
                ],
                "count": 1
            }
        ]
    },
    {
        "client_msg_id": "766f2cc7-8605-45cf-a521-131595dcfa9a",
        "type": "message",
        "text": "Hey everyone, I just finished up adding a blog section to my personal website. My first blog talks briefly about how I got into remote work and what lead me to it. I have several more blogs coming down the pipe, check them out if you are interested",
        "user": "U01R5K3795W",
        "ts": "1623267861.095500",
        "team": "TJE58GTJL",
        "user_team": "TJE58GTJL",
        "source_team": "TJE58GTJL",
        "user_profile": {
            "avatar_hash": "e29a2ac8fcb8",
            "image_72": "https:\/\/avatars.slack-edge.com\/2021-03-07\/1844463403121_e29a2ac8fcb8d72a8c29_72.jpg",
            "first_name": "Michael",
            "real_name": "Michael Paulyn",
            "display_name": "michael paulyn",
            "team": "TJE58GTJL",
            "name": "mpaulyn_",
            "is_restricted": false,
            "is_ultra_restricted": false
        },
        "blocks": [
            {
                "type": "rich_text",
                "block_id": "nMrDL",
                "elements": [
                    {
                        "type": "rich_text_section",
                        "elements": [
                            {
                                "type": "text",
                                "text": "Hey everyone, I just finished up adding a blog section to my personal website. My first blog talks briefly about how I got into remote work and what lead me to it. I have several more blogs coming down the pipe, check them out if you are interested"
                            }
                        ]
                    }
                ]
            }
        ]
    },
    {
        "client_msg_id": "0d17d434-5403-4676-91be-9be00ef8fd47",
        "type": "message",
        "text": "Also, if anyone knows of any businesses in need of part-time\/contract focused on copywriting\/content creation\/market research I would be so thankful if you could pass my info along. Have a great day or evening everyone!",
        "user": "U01R5K3795W",
        "ts": "1623267874.095700",
        "team": "TJE58GTJL",
        "user_team": "TJE58GTJL",
        "source_team": "TJE58GTJL",
        "user_profile": {
            "avatar_hash": "e29a2ac8fcb8",
            "image_72": "https:\/\/avatars.slack-edge.com\/2021-03-07\/1844463403121_e29a2ac8fcb8d72a8c29_72.jpg",
            "first_name": "Michael",
            "real_name": "Michael Paulyn",
            "display_name": "michael paulyn",
            "team": "TJE58GTJL",
            "name": "mpaulyn_",
            "is_restricted": false,
            "is_ultra_restricted": false
        },
        "blocks": [
            {
                "type": "rich_text",
                "block_id": "7eV",
                "elements": [
                    {
                        "type": "rich_text_section",
                        "elements": [
                            {
                                "type": "text",
                                "text": "Also, if anyone knows of any businesses in need of part-time\/contract focused on copywriting\/content creation\/market research I would be so thankful if you could pass my info along. Have a great day or evening everyone!"
                            }
                        ]
                    }
                ]
            }
        ]
    },
    {
        "client_msg_id": "534c942a-5e2e-4839-99c3-ab546c5a84b6",
        "type": "message",
        "text": "Looking to hire a technical SEO content writer, will likely be 1-3 articles\/week. Articles will revolve around tools like Zapier, Airtable, etc.\n\nPlease shoot me a DM or reply here if interested.\n\nThanks!",
        "user": "U02371SJUA3",
        "ts": "1623297091.099300",
        "team": "TJE58GTJL",
        "user_team": "TJE58GTJL",
        "source_team": "TJE58GTJL",
        "user_profile": {
            "avatar_hash": "fa9606d66b95",
            "image_72": "https:\/\/avatars.slack-edge.com\/2021-06-01\/2126336442530_fa9606d66b95105660fa_72.jpg",
            "first_name": "",
            "real_name": "David Park",
            "display_name": "David Park",
            "team": "TJE58GTJL",
            "name": "davidjpark96",
            "is_restricted": false,
            "is_ultra_restricted": false
        },
        "blocks": [
            {
                "type": "rich_text",
                "block_id": "S1XEQ",
                "elements": [
                    {
                        "type": "rich_text_section",
                        "elements": [
                            {
                                "type": "text",
                                "text": "Looking to hire a technical SEO content writer, will likely be 1-3 articles\/week. Articles will revolve around tools like Zapier, Airtable, etc.\n\nPlease shoot me a DM or reply here if interested.\n\nThanks!"
                            }
                        ]
                    }
                ]
            }
        ],
        "thread_ts": "1623297091.099300",
        "reply_count": 2,
        "reply_users_count": 2,
        "latest_reply": "1626374239.295700",
        "reply_users": [
            "U01K3VD3154",
            "U028D815JA0"
        ],
        "replies": [
            {
                "user": "U01K3VD3154",
                "ts": "1623729170.123700"
            },
            {
                "user": "U028D815JA0",
                "ts": "1626374239.295700"
            }
        ],
        "is_locked": false,
        "subscribed": false,
        "reactions": [
            {
                "name": "heart",
                "users": [
                    "US3TA64RE",
                    "U016LHA1BHP",
                    "U024K88ECFN",
                    "U01K3VD3154"
                ],
                "count": 4
            }
        ]
    }
]