[
    {
        "bot_id": "B023BC3A2UV",
        "type": "message",
        "text": "_[sponsored]_ You know we're all about jobs here, and so is the B2B Writing Institute (:raised_hands: <@U01K0BWEQD6>). We partnered to get you FREE access to this training on *how to get hired as a B2B writer*. Use the code `superpath` to get it for free — and let us know how you like it! <https:\/\/b2bwritinginstitute.podia.com\/96cf692e-9f6a-448d-87a8-6bb7052402ab> \n\nAnd many thanks to <@U01K0BWEQD6> for her support of this community—it's good folks like her that help us keep it free. :slightly_smiling_face:",
        "user": "UJG9WTEKG",
        "ts": "1632409206.263600",
        "team": "TJE58GTJL",
        "bot_profile": {
            "id": "B023BC3A2UV",
            "app_id": "AL3SX1B6J",
            "name": "Send It Later",
            "icons": {
                "image_36": "https:\/\/avatars.slack-edge.com\/2019-07-02\/671777182994_a14924be81a633327b73_36.png",
                "image_48": "https:\/\/avatars.slack-edge.com\/2019-07-02\/671777182994_a14924be81a633327b73_48.png",
                "image_72": "https:\/\/avatars.slack-edge.com\/2019-07-02\/671777182994_a14924be81a633327b73_72.png"
            },
            "deleted": false,
            "updated": 1622231340,
            "team_id": "TJE58GTJL"
        },
        "edited": {
            "user": "B023BC3A2UV",
            "ts": "1632409208.000000"
        },
        "attachments": [
            {
                "service_name": "B2B Writing Institute",
                "title": "How to Get Hired in B2B",
                "title_link": "https:\/\/b2bwritinginstitute.podia.com\/96cf692e-9f6a-448d-87a8-6bb7052402ab",
                "text": "Let's Explore Different Business Structures in B2B Marketing and How They Hire and Pay You to Write Background reading: <https:\/\/b2bwritinginstitute.com\/get-paid-to-write\/>",
                "fallback": "B2B Writing Institute: How to Get Hired in B2B",
                "image_url": "https:\/\/d31ezp3r8jwmks.cloudfront.net\/zqeg4xx82etyqdw69672qcqsrlrs",
                "from_url": "https:\/\/b2bwritinginstitute.podia.com\/96cf692e-9f6a-448d-87a8-6bb7052402ab",
                "image_width": 375,
                "image_height": 250,
                "image_bytes": 91766,
                "service_icon": "https:\/\/d31ezp3r8jwmks.cloudfront.net\/xz4vniky97px4wz2aw8cfgb4umwd",
                "id": 1,
                "original_url": "https:\/\/b2bwritinginstitute.podia.com\/96cf692e-9f6a-448d-87a8-6bb7052402ab"
            }
        ],
        "reactions": [
            {
                "name": "raised_hands",
                "users": [
                    "U01K0BWEQD6",
                    "U026R1895QV",
                    "U013WR69RDE"
                ],
                "count": 3
            }
        ]
    },
    {
        "client_msg_id": "113a55c4-63cb-44b3-9416-6c7f8d3d4b95",
        "type": "message",
        "text": "Heya! I sent a message about a meeting yesterday, it went really well, thank you to all for your advice.\n\ni've got a proposal. Does anyone have a minute or two to call me and go over it? Happy to pay for your time if you have demonstrable success in this field.",
        "user": "U02FV1XHS2C",
        "ts": "1632421530.266500",
        "team": "TJE58GTJL",
        "user_team": "TJE58GTJL",
        "source_team": "TJE58GTJL",
        "user_profile": {
            "avatar_hash": "c9247c6ca97b",
            "image_72": "https:\/\/avatars.slack-edge.com\/2021-09-21\/2515852092227_c9247c6ca97b6b64f3f1_72.jpg",
            "first_name": "Kieran",
            "real_name": "Kieran Giles",
            "display_name": "Kieran Giles",
            "team": "TJE58GTJL",
            "name": "kgiles.marketing",
            "is_restricted": false,
            "is_ultra_restricted": false
        },
        "blocks": [
            {
                "type": "rich_text",
                "block_id": "9UzX",
                "elements": [
                    {
                        "type": "rich_text_section",
                        "elements": [
                            {
                                "type": "text",
                                "text": "Heya! I sent a message about a meeting yesterday, it went really well, thank you to all for your advice.\n\ni've got a proposal. Does anyone have a minute or two to call me and go over it? Happy to pay for your time if you have demonstrable success in this field."
                            }
                        ]
                    }
                ]
            }
        ]
    },
    {
        "client_msg_id": "43153ca0-54f4-4fbb-babc-8d8ee7f374d1",
        "type": "message",
        "text": "<@U01FUP6AMEZ> <@U02CRLX23J9>\n\nThanks to both of you - meeting went great!",
        "user": "U02FV1XHS2C",
        "ts": "1632421615.266600",
        "team": "TJE58GTJL",
        "user_team": "TJE58GTJL",
        "source_team": "TJE58GTJL",
        "user_profile": {
            "avatar_hash": "c9247c6ca97b",
            "image_72": "https:\/\/avatars.slack-edge.com\/2021-09-21\/2515852092227_c9247c6ca97b6b64f3f1_72.jpg",
            "first_name": "Kieran",
            "real_name": "Kieran Giles",
            "display_name": "Kieran Giles",
            "team": "TJE58GTJL",
            "name": "kgiles.marketing",
            "is_restricted": false,
            "is_ultra_restricted": false
        },
        "blocks": [
            {
                "type": "rich_text",
                "block_id": "y0bQ",
                "elements": [
                    {
                        "type": "rich_text_section",
                        "elements": [
                            {
                                "type": "user",
                                "user_id": "U01FUP6AMEZ"
                            },
                            {
                                "type": "text",
                                "text": " "
                            },
                            {
                                "type": "user",
                                "user_id": "U02CRLX23J9"
                            },
                            {
                                "type": "text",
                                "text": "\n\nThanks to both of you - meeting went great!"
                            }
                        ]
                    }
                ]
            }
        ],
        "thread_ts": "1632245874.235800",
        "parent_user_id": "U02FV1XHS2C"
    },
    {
        "client_msg_id": "C0FEC6B2-42BE-4A4D-BDB1-7A65C629C8BB",
        "type": "message",
        "text": "&gt;  Hello everyone,\n&gt; I’m a freelancer with 3-4 years of experience and I am currently job hunting.\n&gt; I have experience with writing :\n&gt; Articles\n&gt; Blogs\n&gt; Website Content\n&gt; Affiliate blogs and product reviews\n&gt; Benefits of Hiring me-\n&gt; SEO-optimized content\n&gt; 100% unique content\n&gt; No Grammatical errors\n&gt; Extensive research\n&gt; Concise, compelling, sentences\n&gt; Timely Delivered.\n&gt; Kindly reach out to me.\n&gt; I look forward to hearing from you.\n&gt; Warm regards,\n&gt; Olamide L.",
        "user": "U027KKWUY12",
        "ts": "1632421815.266800",
        "team": "TJE58GTJL",
        "user_team": "TJE58GTJL",
        "source_team": "TJE58GTJL",
        "user_profile": {
            "avatar_hash": "f2176ca29ce5",
            "image_72": "https:\/\/avatars.slack-edge.com\/2021-07-14\/2268394227302_f2176ca29ce5a159a5bb_72.png",
            "first_name": "Lapite",
            "real_name": "Lapite Olamide",
            "display_name": "Olamide",
            "team": "TJE58GTJL",
            "name": "lapite3",
            "is_restricted": false,
            "is_ultra_restricted": false
        },
        "blocks": [
            {
                "type": "rich_text",
                "block_id": "Bl=",
                "elements": [
                    {
                        "type": "rich_text_quote",
                        "elements": [
                            {
                                "type": "text",
                                "text": " Hello everyone,"
                            }
                        ]
                    },
                    {
                        "type": "rich_text_section",
                        "elements": []
                    },
                    {
                        "type": "rich_text_quote",
                        "elements": [
                            {
                                "type": "text",
                                "text": "I’m a freelancer with 3-4 years of experience and I am currently job hunting."
                            }
                        ]
                    },
                    {
                        "type": "rich_text_section",
                        "elements": []
                    },
                    {
                        "type": "rich_text_quote",
                        "elements": [
                            {
                                "type": "text",
                                "text": "I have experience with writing :"
                            }
                        ]
                    },
                    {
                        "type": "rich_text_section",
                        "elements": []
                    },
                    {
                        "type": "rich_text_quote",
                        "elements": [
                            {
                                "type": "text",
                                "text": "Articles"
                            },
                            {
                                "type": "text",
                                "text": "\n"
                            },
                            {
                                "type": "text",
                                "text": "Blogs"
                            },
                            {
                                "type": "text",
                                "text": "\n"
                            },
                            {
                                "type": "text",
                                "text": "Website Content"
                            },
                            {
                                "type": "text",
                                "text": "\n"
                            },
                            {
                                "type": "text",
                                "text": "Affiliate blogs and product reviews"
                            }
                        ]
                    },
                    {
                        "type": "rich_text_section",
                        "elements": []
                    },
                    {
                        "type": "rich_text_quote",
                        "elements": [
                            {
                                "type": "text",
                                "text": "Benefits of Hiring me-"
                            }
                        ]
                    },
                    {
                        "type": "rich_text_section",
                        "elements": []
                    },
                    {
                        "type": "rich_text_quote",
                        "elements": [
                            {
                                "type": "text",
                                "text": "SEO-optimized content"
                            },
                            {
                                "type": "text",
                                "text": "\n"
                            },
                            {
                                "type": "text",
                                "text": "100% unique content"
                            },
                            {
                                "type": "text",
                                "text": "\n"
                            },
                            {
                                "type": "text",
                                "text": "No Grammatical errors"
                            },
                            {
                                "type": "text",
                                "text": "\n"
                            },
                            {
                                "type": "text",
                                "text": "Extensive research"
                            },
                            {
                                "type": "text",
                                "text": "\n"
                            },
                            {
                                "type": "text",
                                "text": "Concise, compelling, sentences"
                            },
                            {
                                "type": "text",
                                "text": "\n"
                            },
                            {
                                "type": "text",
                                "text": "Timely Delivered."
                            }
                        ]
                    },
                    {
                        "type": "rich_text_section",
                        "elements": []
                    },
                    {
                        "type": "rich_text_quote",
                        "elements": [
                            {
                                "type": "text",
                                "text": "Kindly reach out to me."
                            }
                        ]
                    },
                    {
                        "type": "rich_text_section",
                        "elements": []
                    },
                    {
                        "type": "rich_text_quote",
                        "elements": [
                            {
                                "type": "text",
                                "text": "I look forward to hearing from you."
                            }
                        ]
                    },
                    {
                        "type": "rich_text_section",
                        "elements": []
                    },
                    {
                        "type": "rich_text_quote",
                        "elements": [
                            {
                                "type": "text",
                                "text": "Warm regards,"
                            },
                            {
                                "type": "text",
                                "text": "\n"
                            },
                            {
                                "type": "text",
                                "text": "Olamide L."
                            }
                        ]
                    }
                ]
            }
        ],
        "thread_ts": "1632421815.266800",
        "reply_count": 2,
        "reply_users_count": 2,
        "latest_reply": "1632512343.272800",
        "reply_users": [
            "UN3RHBFBK",
            "U027KKWUY12"
        ],
        "replies": [
            {
                "user": "UN3RHBFBK",
                "ts": "1632508897.272200"
            },
            {
                "user": "U027KKWUY12",
                "ts": "1632512343.272800"
            }
        ],
        "is_locked": false,
        "subscribed": false
    },
    {
        "type": "message",
        "subtype": "channel_topic",
        "ts": "1632430586.268900",
        "user": "UJG9WTEKG",
        "text": "set the channel topic: This channel is sponsored by the awesome Sarah Greesonbach :grinning:",
        "topic": "This channel is sponsored by the awesome Sarah Greesonbach :grinning:",
        "reactions": [
            {
                "name": "heart",
                "users": [
                    "U01K0BWEQD6",
                    "U01PXN2LGAK"
                ],
                "count": 2
            }
        ]
    },
    {
        "client_msg_id": "d786f843-93fb-4aa9-a8d3-8416df2c3bd6",
        "type": "message",
        "text": "Any freelancers here with a focus on B2B and Travel\/Tourism?",
        "user": "U02EJNPEE1X",
        "ts": "1632438857.270000",
        "team": "TJE58GTJL",
        "user_team": "TJE58GTJL",
        "source_team": "TJE58GTJL",
        "user_profile": {
            "avatar_hash": "ce6fceb8c649",
            "image_72": "https:\/\/avatars.slack-edge.com\/2021-09-13\/2488414205508_ce6fceb8c649f5ba3245_72.jpg",
            "first_name": "Dan",
            "real_name": "Dan Baird",
            "display_name": "Dan",
            "team": "TJE58GTJL",
            "name": "dan687",
            "is_restricted": false,
            "is_ultra_restricted": false
        },
        "blocks": [
            {
                "type": "rich_text",
                "block_id": "Tu1s7",
                "elements": [
                    {
                        "type": "rich_text_section",
                        "elements": [
                            {
                                "type": "text",
                                "text": "Any freelancers here with a focus on B2B and Travel\/Tourism?"
                            }
                        ]
                    }
                ]
            }
        ],
        "thread_ts": "1632438857.270000",
        "reply_count": 4,
        "reply_users_count": 3,
        "latest_reply": "1632724675.275000",
        "reply_users": [
            "U02CUM2LDAN",
            "U02EJNPEE1X",
            "U022NPEBM18"
        ],
        "replies": [
            {
                "user": "U02CUM2LDAN",
                "ts": "1632446695.270100"
            },
            {
                "user": "U02EJNPEE1X",
                "ts": "1632447520.270300"
            },
            {
                "user": "U022NPEBM18",
                "ts": "1632722425.274800"
            },
            {
                "user": "U02EJNPEE1X",
                "ts": "1632724675.275000"
            }
        ],
        "is_locked": false,
        "subscribed": false
    },
    {
        "client_msg_id": "38ca1441-378a-4cea-86c7-cc0f6de8384c",
        "type": "message",
        "text": "Hi <@U02EJNPEE1X> Please check your chat, thank you",
        "user": "U02CUM2LDAN",
        "ts": "1632446695.270100",
        "team": "TJE58GTJL",
        "user_team": "TJE58GTJL",
        "source_team": "TJE58GTJL",
        "user_profile": {
            "avatar_hash": "458609281ce7",
            "image_72": "https:\/\/avatars.slack-edge.com\/2021-09-17\/2505725073522_458609281ce79c30fb91_72.jpg",
            "first_name": "Faith",
            "real_name": "Faith Ekanem",
            "display_name": "Faith Ekanem",
            "team": "TJE58GTJL",
            "name": "faithbibok",
            "is_restricted": false,
            "is_ultra_restricted": false
        },
        "blocks": [
            {
                "type": "rich_text",
                "block_id": "xRP",
                "elements": [
                    {
                        "type": "rich_text_section",
                        "elements": [
                            {
                                "type": "text",
                                "text": "Hi "
                            },
                            {
                                "type": "user",
                                "user_id": "U02EJNPEE1X"
                            },
                            {
                                "type": "text",
                                "text": " Please check your chat, thank you"
                            }
                        ]
                    }
                ]
            }
        ],
        "thread_ts": "1632438857.270000",
        "parent_user_id": "U02EJNPEE1X"
    },
    {
        "client_msg_id": "9f961014-7657-46af-9ad6-7de3c63717b9",
        "type": "message",
        "text": "Sorry, should clarify - content \/ marketing freelancers :pray:",
        "user": "U02EJNPEE1X",
        "ts": "1632447520.270300",
        "team": "TJE58GTJL",
        "user_team": "TJE58GTJL",
        "source_team": "TJE58GTJL",
        "user_profile": {
            "avatar_hash": "ce6fceb8c649",
            "image_72": "https:\/\/avatars.slack-edge.com\/2021-09-13\/2488414205508_ce6fceb8c649f5ba3245_72.jpg",
            "first_name": "Dan",
            "real_name": "Dan Baird",
            "display_name": "Dan",
            "team": "TJE58GTJL",
            "name": "dan687",
            "is_restricted": false,
            "is_ultra_restricted": false
        },
        "blocks": [
            {
                "type": "rich_text",
                "block_id": "Y4I4Y",
                "elements": [
                    {
                        "type": "rich_text_section",
                        "elements": [
                            {
                                "type": "text",
                                "text": "Sorry, should clarify - content \/ marketing freelancers "
                            },
                            {
                                "type": "emoji",
                                "name": "pray"
                            }
                        ]
                    }
                ]
            }
        ],
        "thread_ts": "1632438857.270000",
        "parent_user_id": "U02EJNPEE1X"
    },
    {
        "client_msg_id": "b9a5c8dd-2fd5-455a-afa2-cb3483acf63b",
        "type": "message",
        "text": "Best wishes ahead. :+1:",
        "user": "U02CRLX23J9",
        "ts": "1632455524.270500",
        "team": "TJE58GTJL",
        "user_team": "TJE58GTJL",
        "source_team": "TJE58GTJL",
        "user_profile": {
            "avatar_hash": "g267b90b44e2",
            "image_72": "https:\/\/secure.gravatar.com\/avatar\/267b90b44e2c05fa579122c35bc6accb.jpg?s=72&d=https%3A%2F%2Fa.slack-edge.com%2Fdf10d%2Fimg%2Favatars%2Fava_0017-72.png",
            "first_name": "Chaitanya",
            "real_name": "Chaitanya Patel",
            "display_name": "",
            "team": "TJE58GTJL",
            "name": "hello220",
            "is_restricted": false,
            "is_ultra_restricted": false
        },
        "blocks": [
            {
                "type": "rich_text",
                "block_id": "m\/gr",
                "elements": [
                    {
                        "type": "rich_text_section",
                        "elements": [
                            {
                                "type": "text",
                                "text": "Best wishes ahead. "
                            },
                            {
                                "type": "emoji",
                                "name": "+1"
                            }
                        ]
                    }
                ]
            }
        ],
        "thread_ts": "1632245874.235800",
        "parent_user_id": "U02FV1XHS2C"
    }
]