[
    {
        "client_msg_id": "e37fe668-eb4c-4199-b4ec-d908a1fee2d3",
        "type": "message",
        "text": "Does anyone have a standard contract\/agreement template or source for said template they send out when working with a new client? Up until now, my clients have been sending me the contract, but on this occasion, my client’s asking me for one :slightly_smiling_face:",
        "user": "U0231C2LYNM",
        "ts": "1626285855.287400",
        "team": "TJE58GTJL",
        "user_team": "TJE58GTJL",
        "source_team": "TJE58GTJL",
        "user_profile": {
            "avatar_hash": "c1d845bba06d",
            "image_72": "https:\/\/avatars.slack-edge.com\/2021-05-21\/2090873932082_c1d845bba06d288505ec_72.jpg",
            "first_name": "Camille",
            "real_name": "Camille Hogg",
            "display_name": "Cami",
            "team": "TJE58GTJL",
            "name": "camille.l.hogg",
            "is_restricted": false,
            "is_ultra_restricted": false
        },
        "blocks": [
            {
                "type": "rich_text",
                "block_id": "iDqZ7",
                "elements": [
                    {
                        "type": "rich_text_section",
                        "elements": [
                            {
                                "type": "text",
                                "text": "Does anyone have a standard contract\/agreement template or source for said template they send out when working with a new client? Up until now, my clients have been sending me the contract, but on this occasion, my client’s asking me for one "
                            },
                            {
                                "type": "emoji",
                                "name": "slightly_smiling_face"
                            }
                        ]
                    }
                ]
            }
        ],
        "thread_ts": "1626285855.287400",
        "reply_count": 13,
        "reply_users_count": 5,
        "latest_reply": "1626465347.297900",
        "reply_users": [
            "U026R1895QV",
            "U0231C2LYNM",
            "U017XD7H4P7",
            "UJ95A9M6V",
            "U01FUP6AMEZ"
        ],
        "replies": [
            {
                "user": "U026R1895QV",
                "ts": "1626286248.287500"
            },
            {
                "user": "U0231C2LYNM",
                "ts": "1626286423.287800"
            },
            {
                "user": "U026R1895QV",
                "ts": "1626286537.289200"
            },
            {
                "user": "U0231C2LYNM",
                "ts": "1626286664.289400"
            },
            {
                "user": "U026R1895QV",
                "ts": "1626286801.289600"
            },
            {
                "user": "U0231C2LYNM",
                "ts": "1626287202.290200"
            },
            {
                "user": "U017XD7H4P7",
                "ts": "1626287519.290700"
            },
            {
                "user": "U017XD7H4P7",
                "ts": "1626287573.290900"
            },
            {
                "user": "U017XD7H4P7",
                "ts": "1626287594.291100"
            },
            {
                "user": "UJ95A9M6V",
                "ts": "1626434127.296700"
            },
            {
                "user": "U0231C2LYNM",
                "ts": "1626434148.297100"
            },
            {
                "user": "U01FUP6AMEZ",
                "ts": "1626440147.297400"
            },
            {
                "user": "U0231C2LYNM",
                "ts": "1626465347.297900"
            }
        ],
        "is_locked": false,
        "subscribed": false
    },
    {
        "client_msg_id": "65435989-7cc6-4a80-a2cd-8edb51a715ed",
        "type": "message",
        "text": "FTR, you should always have your own contract to protect yourself as the freelancer. I’d recommend getting one from <http:\/\/thecontractshop.com|thecontractshop.com> and using it as your default!",
        "user": "U026R1895QV",
        "ts": "1626286248.287500",
        "team": "TJE58GTJL",
        "user_team": "TJE58GTJL",
        "source_team": "TJE58GTJL",
        "user_profile": {
            "avatar_hash": "7b31876780eb",
            "image_72": "https:\/\/avatars.slack-edge.com\/2021-10-06\/2572963931698_7b31876780ebf4079e2e_72.jpg",
            "first_name": "Carolyn",
            "real_name": "Carolyn Lyden",
            "display_name": "Carolyn Lyden (she\/her)",
            "team": "TJE58GTJL",
            "name": "lyden.carolyn",
            "is_restricted": false,
            "is_ultra_restricted": false
        },
        "blocks": [
            {
                "type": "rich_text",
                "block_id": "yQ0w",
                "elements": [
                    {
                        "type": "rich_text_section",
                        "elements": [
                            {
                                "type": "text",
                                "text": "FTR, you should always have your own contract to protect yourself as the freelancer. I’d recommend getting one from "
                            },
                            {
                                "type": "link",
                                "url": "http:\/\/thecontractshop.com",
                                "text": "thecontractshop.com"
                            },
                            {
                                "type": "text",
                                "text": " and using it as your default!"
                            }
                        ]
                    }
                ]
            }
        ],
        "thread_ts": "1626285855.287400",
        "parent_user_id": "U0231C2LYNM",
        "reactions": [
            {
                "name": "+1",
                "users": [
                    "U0231C2LYNM",
                    "U027E27L339"
                ],
                "count": 2
            }
        ]
    },
    {
        "client_msg_id": "f2142a87-fb72-4aee-94a0-6438cc1e3a39",
        "type": "message",
        "text": "fair point, thanks. I’m still new and naive (not that it’s an excuse).",
        "user": "U0231C2LYNM",
        "ts": "1626286423.287800",
        "team": "TJE58GTJL",
        "user_team": "TJE58GTJL",
        "source_team": "TJE58GTJL",
        "user_profile": {
            "avatar_hash": "c1d845bba06d",
            "image_72": "https:\/\/avatars.slack-edge.com\/2021-05-21\/2090873932082_c1d845bba06d288505ec_72.jpg",
            "first_name": "Camille",
            "real_name": "Camille Hogg",
            "display_name": "Cami",
            "team": "TJE58GTJL",
            "name": "camille.l.hogg",
            "is_restricted": false,
            "is_ultra_restricted": false
        },
        "blocks": [
            {
                "type": "rich_text",
                "block_id": "t\/I",
                "elements": [
                    {
                        "type": "rich_text_section",
                        "elements": [
                            {
                                "type": "text",
                                "text": "fair point, thanks. I’m still new and naive (not that it’s an excuse)."
                            }
                        ]
                    }
                ]
            }
        ],
        "thread_ts": "1626285855.287400",
        "parent_user_id": "U0231C2LYNM"
    },
    {
        "client_msg_id": "bdd715cd-33b7-4d61-9482-e743c1f26d34",
        "type": "message",
        "text": "No worries at all. I’ve been there before too! Always recommend covering yourself! I eventually met with a lawyer and had her make a template MSA\/SOW for me for when I work with clients so I was protected too. I even added clauses for communications expectations (clients cannot DM me on Twitter, lol). It was ~$600, but I use it for literally every client. Happy to pass on her info, if you’d like a more custom option than contract shop.",
        "user": "U026R1895QV",
        "ts": "1626286537.289200",
        "team": "TJE58GTJL",
        "user_team": "TJE58GTJL",
        "source_team": "TJE58GTJL",
        "user_profile": {
            "avatar_hash": "7b31876780eb",
            "image_72": "https:\/\/avatars.slack-edge.com\/2021-10-06\/2572963931698_7b31876780ebf4079e2e_72.jpg",
            "first_name": "Carolyn",
            "real_name": "Carolyn Lyden",
            "display_name": "Carolyn Lyden (she\/her)",
            "team": "TJE58GTJL",
            "name": "lyden.carolyn",
            "is_restricted": false,
            "is_ultra_restricted": false
        },
        "blocks": [
            {
                "type": "rich_text",
                "block_id": "JUPD",
                "elements": [
                    {
                        "type": "rich_text_section",
                        "elements": [
                            {
                                "type": "text",
                                "text": "No worries at all. I’ve been there before too! Always recommend covering yourself! I eventually met with a lawyer and had her make a template MSA\/SOW for me for when I work with clients so I was protected too. I even added clauses for communications expectations (clients cannot DM me on Twitter, lol). It was ~$600, but I use it for literally every client. Happy to pass on her info, if you’d like a more custom option than contract shop."
                            }
                        ]
                    }
                ]
            }
        ],
        "thread_ts": "1626285855.287400",
        "parent_user_id": "U0231C2LYNM"
    },
    {
        "client_msg_id": "f6c6815f-3f07-43d1-82f7-29e53de911e3",
        "type": "message",
        "text": "I’m not even sure how it all works legally either — I’m in the UK but have some international clients, so I don’t know if that changes things in terms of what I need. I truly am clueless on this sort of stuff. More research needed :sweat_smile:",
        "user": "U0231C2LYNM",
        "ts": "1626286664.289400",
        "team": "TJE58GTJL",
        "user_team": "TJE58GTJL",
        "source_team": "TJE58GTJL",
        "user_profile": {
            "avatar_hash": "c1d845bba06d",
            "image_72": "https:\/\/avatars.slack-edge.com\/2021-05-21\/2090873932082_c1d845bba06d288505ec_72.jpg",
            "first_name": "Camille",
            "real_name": "Camille Hogg",
            "display_name": "Cami",
            "team": "TJE58GTJL",
            "name": "camille.l.hogg",
            "is_restricted": false,
            "is_ultra_restricted": false
        },
        "blocks": [
            {
                "type": "rich_text",
                "block_id": "Ws5",
                "elements": [
                    {
                        "type": "rich_text_section",
                        "elements": [
                            {
                                "type": "text",
                                "text": "I’m not even sure how it all works legally either — I’m in the UK but have some international clients, so I don’t know if that changes things in terms of what I need. I truly am clueless on this sort of stuff. More research needed "
                            },
                            {
                                "type": "emoji",
                                "name": "sweat_smile"
                            }
                        ]
                    }
                ]
            }
        ],
        "thread_ts": "1626285855.287400",
        "parent_user_id": "U0231C2LYNM"
    },
    {
        "client_msg_id": "7159183f-13ea-400e-96f0-0824a318d793",
        "type": "message",
        "text": "Ah, gotcha. That is tough. Maybe this can help? <https:\/\/www.freelanceuk.com\/>",
        "user": "U026R1895QV",
        "ts": "1626286801.289600",
        "team": "TJE58GTJL",
        "user_team": "TJE58GTJL",
        "source_team": "TJE58GTJL",
        "user_profile": {
            "avatar_hash": "7b31876780eb",
            "image_72": "https:\/\/avatars.slack-edge.com\/2021-10-06\/2572963931698_7b31876780ebf4079e2e_72.jpg",
            "first_name": "Carolyn",
            "real_name": "Carolyn Lyden",
            "display_name": "Carolyn Lyden (she\/her)",
            "team": "TJE58GTJL",
            "name": "lyden.carolyn",
            "is_restricted": false,
            "is_ultra_restricted": false
        },
        "attachments": [
            {
                "title": "Freelance UK :: Everything for the creative freelancer",
                "title_link": "https:\/\/www.freelanceuk.com\/",
                "text": "FreelanceUK is an information and advice hub for the modern freelancer. FreelanceUK has multiple partners that offer freelance banks accounts, freelancer accountants, freelance mortgages, freelance pensions, freelance accounting software and freelance business insurance.",
                "fallback": "Freelance UK :: Everything for the creative freelancer",
                "from_url": "https:\/\/www.freelanceuk.com\/",
                "service_icon": "https:\/\/www.freelanceuk.com\/sites\/all\/themes\/freelanceuk\/favicon.ico",
                "service_name": "freelanceuk.com",
                "id": 1,
                "original_url": "https:\/\/www.freelanceuk.com\/"
            }
        ],
        "blocks": [
            {
                "type": "rich_text",
                "block_id": "u28F",
                "elements": [
                    {
                        "type": "rich_text_section",
                        "elements": [
                            {
                                "type": "text",
                                "text": "Ah, gotcha. That is tough. Maybe this can help? "
                            },
                            {
                                "type": "link",
                                "url": "https:\/\/www.freelanceuk.com\/"
                            }
                        ]
                    }
                ]
            }
        ],
        "thread_ts": "1626285855.287400",
        "parent_user_id": "U0231C2LYNM",
        "reactions": [
            {
                "name": "+1",
                "users": [
                    "U0231C2LYNM"
                ],
                "count": 1
            }
        ]
    },
    {
        "client_msg_id": "776b4449-195f-4983-91a7-15aa32bd891a",
        "type": "message",
        "text": "<@U026R1895QV> thanks so much for the help — I really appreciate you jumping in :slightly_smiling_face:",
        "user": "U0231C2LYNM",
        "ts": "1626287202.290200",
        "team": "TJE58GTJL",
        "user_team": "TJE58GTJL",
        "source_team": "TJE58GTJL",
        "user_profile": {
            "avatar_hash": "c1d845bba06d",
            "image_72": "https:\/\/avatars.slack-edge.com\/2021-05-21\/2090873932082_c1d845bba06d288505ec_72.jpg",
            "first_name": "Camille",
            "real_name": "Camille Hogg",
            "display_name": "Cami",
            "team": "TJE58GTJL",
            "name": "camille.l.hogg",
            "is_restricted": false,
            "is_ultra_restricted": false
        },
        "blocks": [
            {
                "type": "rich_text",
                "block_id": "aLWW",
                "elements": [
                    {
                        "type": "rich_text_section",
                        "elements": [
                            {
                                "type": "user",
                                "user_id": "U026R1895QV"
                            },
                            {
                                "type": "text",
                                "text": " thanks so much for the help — I really appreciate you jumping in "
                            },
                            {
                                "type": "emoji",
                                "name": "slightly_smiling_face"
                            }
                        ]
                    }
                ]
            }
        ],
        "thread_ts": "1626285855.287400",
        "parent_user_id": "U0231C2LYNM",
        "reactions": [
            {
                "name": "purple_heart",
                "users": [
                    "U026R1895QV"
                ],
                "count": 1
            }
        ]
    },
    {
        "client_msg_id": "d60535c9-7a02-4e54-b515-a11fba36f214",
        "type": "message",
        "text": "Having one in your back pocket can be a nice way to preempt clients sending you modified staff augmentation consulting agreements (which are usually pretty over the top for work-for-hire content creation).",
        "user": "U017XD7H4P7",
        "ts": "1626287519.290700",
        "team": "TJE58GTJL",
        "user_team": "TJE58GTJL",
        "source_team": "TJE58GTJL",
        "user_profile": {
            "avatar_hash": "f9ab77023918",
            "image_72": "https:\/\/avatars.slack-edge.com\/2020-07-29\/1256516765207_f9ab77023918e4c2b919_72.png",
            "first_name": "Erik",
            "real_name": "Erik Dietrich",
            "display_name": "Erik Dietrich",
            "team": "TJE58GTJL",
            "name": "erik",
            "is_restricted": false,
            "is_ultra_restricted": false
        },
        "edited": {
            "user": "U017XD7H4P7",
            "ts": "1626287663.000000"
        },
        "blocks": [
            {
                "type": "rich_text",
                "block_id": "K7Tw",
                "elements": [
                    {
                        "type": "rich_text_section",
                        "elements": [
                            {
                                "type": "text",
                                "text": "Having one in your back pocket can be a nice way to preempt clients sending you modified staff augmentation consulting agreements (which are usually pretty over the top for work-for-hire content creation)."
                            }
                        ]
                    }
                ]
            }
        ],
        "thread_ts": "1626285855.287400",
        "parent_user_id": "U0231C2LYNM"
    },
    {
        "client_msg_id": "284713ce-10c3-43e7-a830-5c0a213e460e",
        "type": "message",
        "text": "My business does content creation, and we have an agreement that we use and (I think) I can shoot over.  If you want, feel free to DM me, and I'll check with our legal liaison to see if there's any reason not to share it, and, assuming not, you're welcome to reference it",
        "user": "U017XD7H4P7",
        "ts": "1626287573.290900",
        "team": "TJE58GTJL",
        "user_team": "TJE58GTJL",
        "source_team": "TJE58GTJL",
        "user_profile": {
            "avatar_hash": "f9ab77023918",
            "image_72": "https:\/\/avatars.slack-edge.com\/2020-07-29\/1256516765207_f9ab77023918e4c2b919_72.png",
            "first_name": "Erik",
            "real_name": "Erik Dietrich",
            "display_name": "Erik Dietrich",
            "team": "TJE58GTJL",
            "name": "erik",
            "is_restricted": false,
            "is_ultra_restricted": false
        },
        "blocks": [
            {
                "type": "rich_text",
                "block_id": "k=1",
                "elements": [
                    {
                        "type": "rich_text_section",
                        "elements": [
                            {
                                "type": "text",
                                "text": "My business does content creation, and we have an agreement that we use and (I think) I can shoot over.  If you want, feel free to DM me, and I'll check with our legal liaison to see if there's any reason not to share it, and, assuming not, you're welcome to reference it"
                            }
                        ]
                    }
                ]
            }
        ],
        "thread_ts": "1626285855.287400",
        "parent_user_id": "U0231C2LYNM",
        "reactions": [
            {
                "name": "pray",
                "users": [
                    "U0231C2LYNM",
                    "U01QNH5QUG7"
                ],
                "count": 2
            }
        ]
    },
    {
        "client_msg_id": "0f22970c-8a04-48ec-beb4-3712f966e623",
        "type": "message",
        "text": "It's at least a starting point and specifies that the work is work for hire, which is really the big thing that a content client should want",
        "user": "U017XD7H4P7",
        "ts": "1626287594.291100",
        "team": "TJE58GTJL",
        "user_team": "TJE58GTJL",
        "source_team": "TJE58GTJL",
        "user_profile": {
            "avatar_hash": "f9ab77023918",
            "image_72": "https:\/\/avatars.slack-edge.com\/2020-07-29\/1256516765207_f9ab77023918e4c2b919_72.png",
            "first_name": "Erik",
            "real_name": "Erik Dietrich",
            "display_name": "Erik Dietrich",
            "team": "TJE58GTJL",
            "name": "erik",
            "is_restricted": false,
            "is_ultra_restricted": false
        },
        "blocks": [
            {
                "type": "rich_text",
                "block_id": "rl=Fy",
                "elements": [
                    {
                        "type": "rich_text_section",
                        "elements": [
                            {
                                "type": "text",
                                "text": "It's at least a starting point and specifies that the work is work for hire, which is really the big thing that a content client should want"
                            }
                        ]
                    }
                ]
            }
        ],
        "thread_ts": "1626285855.287400",
        "parent_user_id": "U0231C2LYNM"
    },
    {
        "client_msg_id": "109cb789-f2c8-4056-8cdd-fd991ad18f73",
        "type": "message",
        "text": "<@U023M662VPF>, I sent you a DM!",
        "user": "U01P833NGUT",
        "ts": "1626306418.292500",
        "team": "TJE58GTJL",
        "user_team": "TJE58GTJL",
        "source_team": "TJE58GTJL",
        "user_profile": {
            "avatar_hash": "40aead68c5b5",
            "image_72": "https:\/\/avatars.slack-edge.com\/2021-06-01\/2110550144775_40aead68c5b508b97960_72.png",
            "first_name": "Mandy",
            "real_name": "Mandy Bray",
            "display_name": "Mandy Bray",
            "team": "TJE58GTJL",
            "name": "mandy.l.bray",
            "is_restricted": false,
            "is_ultra_restricted": false
        },
        "blocks": [
            {
                "type": "rich_text",
                "block_id": "SS0",
                "elements": [
                    {
                        "type": "rich_text_section",
                        "elements": [
                            {
                                "type": "user",
                                "user_id": "U023M662VPF"
                            },
                            {
                                "type": "text",
                                "text": ", I sent you a DM!"
                            }
                        ]
                    }
                ]
            }
        ],
        "thread_ts": "1626168927.278400",
        "parent_user_id": "U023M662VPF"
    }
]