[
    {
        "client_msg_id": "6c0942ac-5ca8-4669-9f1e-e1cc59603c2d",
        "type": "message",
        "text": "<@U024K88ECFN> agree w\/ <@U012GHRAHDK> on that price. 2x-3x the price if you remove the \"nots.\"\n\nOut of curiosity how long are the pieces that are taking 4-7 hours?",
        "user": "U01AHL8AGBB",
        "ts": "1623504927.107600",
        "team": "TJE58GTJL",
        "user_team": "TJE58GTJL",
        "source_team": "TJE58GTJL",
        "user_profile": {
            "avatar_hash": "09eb34255d46",
            "image_72": "https:\/\/avatars.slack-edge.com\/2020-09-07\/1347887170866_09eb34255d4678a00ddc_72.png",
            "first_name": "Jordy",
            "real_name": "Jordy Fujiwara",
            "display_name": "Jordy",
            "team": "TJE58GTJL",
            "name": "jordy.fujiwara",
            "is_restricted": false,
            "is_ultra_restricted": false
        },
        "blocks": [
            {
                "type": "rich_text",
                "block_id": "oZZ8",
                "elements": [
                    {
                        "type": "rich_text_section",
                        "elements": [
                            {
                                "type": "user",
                                "user_id": "U024K88ECFN"
                            },
                            {
                                "type": "text",
                                "text": " agree w\/ "
                            },
                            {
                                "type": "user",
                                "user_id": "U012GHRAHDK"
                            },
                            {
                                "type": "text",
                                "text": " on that price. 2x-3x the price if you remove the \"nots.\"\n\nOut of curiosity how long are the pieces that are taking 4-7 hours?"
                            }
                        ]
                    }
                ]
            }
        ],
        "thread_ts": "1623448618.107200",
        "parent_user_id": "U024K88ECFN",
        "reactions": [
            {
                "name": "100",
                "users": [
                    "U012GHRAHDK"
                ],
                "count": 1
            },
            {
                "name": "hearts",
                "users": [
                    "U024K88ECFN"
                ],
                "count": 1
            }
        ]
    }
]