[
    {
        "client_msg_id": "99506416-28e8-4e9a-ac63-4fcb02ae8fcc",
        "type": "message",
        "text": "yes please, I love that idea!",
        "user": "U0231C2LYNM",
        "ts": "1629276241.078400",
        "team": "TJE58GTJL",
        "user_team": "TJE58GTJL",
        "source_team": "TJE58GTJL",
        "user_profile": {
            "avatar_hash": "c1d845bba06d",
            "image_72": "https:\/\/avatars.slack-edge.com\/2021-05-21\/2090873932082_c1d845bba06d288505ec_72.jpg",
            "first_name": "Camille",
            "real_name": "Camille Hogg",
            "display_name": "Cami",
            "team": "TJE58GTJL",
            "name": "camille.l.hogg",
            "is_restricted": false,
            "is_ultra_restricted": false
        },
        "blocks": [
            {
                "type": "rich_text",
                "block_id": "sWr",
                "elements": [
                    {
                        "type": "rich_text_section",
                        "elements": [
                            {
                                "type": "text",
                                "text": "yes please, I love that idea!"
                            }
                        ]
                    }
                ]
            }
        ],
        "thread_ts": "1629239263.073300",
        "parent_user_id": "UJG9WTEKG"
    },
    {
        "client_msg_id": "b3eeabbb-8360-459c-9cfe-ac695f1fb635",
        "type": "message",
        "text": ":100:",
        "user": "U02B16XT7BK",
        "ts": "1629282933.078800",
        "team": "TJE58GTJL",
        "user_team": "TJE58GTJL",
        "source_team": "TJE58GTJL",
        "user_profile": {
            "avatar_hash": "d4d88062c936",
            "image_72": "https:\/\/avatars.slack-edge.com\/2021-08-14\/2381364705747_d4d88062c936c8c6992f_72.jpg",
            "first_name": "Kyle",
            "real_name": "Kyle Hardner",
            "display_name": "Kyle Hardner",
            "team": "TJE58GTJL",
            "name": "kyle",
            "is_restricted": false,
            "is_ultra_restricted": false
        },
        "blocks": [
            {
                "type": "rich_text",
                "block_id": "fXpkn",
                "elements": [
                    {
                        "type": "rich_text_section",
                        "elements": [
                            {
                                "type": "emoji",
                                "name": "100"
                            }
                        ]
                    }
                ]
            }
        ],
        "thread_ts": "1629239263.073300",
        "parent_user_id": "UJG9WTEKG"
    },
    {
        "client_msg_id": "cc9a1bf6-761f-4a89-aa7b-5f132c3d3a24",
        "type": "message",
        "text": "ok, this is coming soon!",
        "user": "UJG9WTEKG",
        "ts": "1629301322.080400",
        "team": "TJE58GTJL",
        "user_team": "TJE58GTJL",
        "source_team": "TJE58GTJL",
        "user_profile": {
            "avatar_hash": "gc25b94e6ebf",
            "image_72": "https:\/\/secure.gravatar.com\/avatar\/eec25b94e6ebf55f0b7933372344cd09.jpg?s=72&d=https%3A%2F%2Fa.slack-edge.com%2Fdf10d%2Fimg%2Favatars%2Fava_0001-72.png",
            "first_name": "Jimmy",
            "real_name": "Jimmy Daly",
            "display_name": "",
            "team": "TJE58GTJL",
            "name": "runjimdaly",
            "is_restricted": false,
            "is_ultra_restricted": false
        },
        "blocks": [
            {
                "type": "rich_text",
                "block_id": "d1H+K",
                "elements": [
                    {
                        "type": "rich_text_section",
                        "elements": [
                            {
                                "type": "text",
                                "text": "ok, this is coming soon!"
                            }
                        ]
                    }
                ]
            }
        ],
        "thread_ts": "1629239263.073300",
        "parent_user_id": "UJG9WTEKG",
        "reactions": [
            {
                "name": "partyparrot",
                "users": [
                    "U01AHL8AGBB",
                    "U028D815JA0",
                    "U01B92WB30R",
                    "U01FXSKB4G7"
                ],
                "count": 4
            }
        ]
    },
    {
        "client_msg_id": "a33917ca-4650-417a-ac43-7cf414ee7a1b",
        "type": "message",
        "text": "Looking forward to the upcoming Superpath Yellow Pages! \n\nIn the meantime, I'm looking to expand my roster of writers and am [HIRING] ecommerce freelance writers as I rev up at a new high-growth tech company (can share more info in a DM). Bonus points if you know your way around SEO (though detailed content briefs and keyword clusters will be provided), and have a flair for digestible and edgy writing. \n\nExtra bonus points if you've ever ran your own ecomm business!!!\n\nDM for more details!",
        "user": "UUVRBN6UQ",
        "ts": "1629321195.089700",
        "team": "TJE58GTJL",
        "user_team": "TJE58GTJL",
        "source_team": "TJE58GTJL",
        "user_profile": {
            "avatar_hash": "ba3146f9d55a",
            "image_72": "https:\/\/avatars.slack-edge.com\/2021-03-15\/1854619529206_ba3146f9d55a09ddfe7c_72.jpg",
            "first_name": "Bogar",
            "real_name": "Bogar Alonso",
            "display_name": "Bogar",
            "team": "TJE58GTJL",
            "name": "bogar.alonso",
            "is_restricted": false,
            "is_ultra_restricted": false
        },
        "blocks": [
            {
                "type": "rich_text",
                "block_id": "zvfL",
                "elements": [
                    {
                        "type": "rich_text_section",
                        "elements": [
                            {
                                "type": "text",
                                "text": "Looking forward to the upcoming Superpath Yellow Pages! \n\nIn the meantime, I'm looking to expand my roster of writers and am [HIRING] ecommerce freelance writers as I rev up at a new high-growth tech company (can share more info in a DM). Bonus points if you know your way around SEO (though detailed content briefs and keyword clusters will be provided), and have a flair for digestible and edgy writing. \n\nExtra bonus points if you've ever ran your own ecomm business!!!\n\nDM for more details!"
                            }
                        ]
                    }
                ]
            }
        ],
        "thread_ts": "1629321195.089700",
        "reply_count": 1,
        "reply_users_count": 1,
        "latest_reply": "1629759819.118800",
        "reply_users": [
            "U01FB48KV52"
        ],
        "replies": [
            {
                "user": "U01FB48KV52",
                "ts": "1629759819.118800"
            }
        ],
        "is_locked": false,
        "subscribed": false,
        "reactions": [
            {
                "name": "raised_hands",
                "users": [
                    "U023Q8E7MNE"
                ],
                "count": 1
            }
        ]
    }
]