[
    {
        "client_msg_id": "79499c10-3d61-4b4d-9468-3eafa25f0dd3",
        "type": "message",
        "text": "We've struggled with freelance writers at my company in the past because of a steep learning curve of our industry, so I'm looking to put together a welcome-packet type of resource to help get them up to speed. Anyone have a good template\/example of a resource they share to get freelancers up to speed on their business? Would be interested in perspectives from either the hiring side or the writer-perspective!",
        "user": "U01ANAZTZTK",
        "ts": "1626110366.264300",
        "team": "TJE58GTJL",
        "user_team": "TJE58GTJL",
        "source_team": "TJE58GTJL",
        "user_profile": {
            "avatar_hash": "ef5727669c45",
            "image_72": "https:\/\/avatars.slack-edge.com\/2020-09-08\/1349771386962_ef5727669c45c9f60612_72.jpg",
            "first_name": "Theresa",
            "real_name": "Theresa Hebert",
            "display_name": "Theresa Hebert",
            "team": "TJE58GTJL",
            "name": "theresa",
            "is_restricted": false,
            "is_ultra_restricted": false
        },
        "blocks": [
            {
                "type": "rich_text",
                "block_id": "mRpi",
                "elements": [
                    {
                        "type": "rich_text_section",
                        "elements": [
                            {
                                "type": "text",
                                "text": "We've struggled with freelance writers at my company in the past because of a steep learning curve of our industry, so I'm looking to put together a welcome-packet type of resource to help get them up to speed. Anyone have a good template\/example of a resource they share to get freelancers up to speed on their business? Would be interested in perspectives from either the hiring side or the writer-perspective!"
                            }
                        ]
                    }
                ]
            }
        ],
        "thread_ts": "1626110366.264300",
        "reply_count": 9,
        "reply_users_count": 4,
        "latest_reply": "1626112069.267900",
        "reply_users": [
            "U0236PYP3SR",
            "UJ4A0H534",
            "U01ANAZTZTK",
            "U01FUP6AMEZ"
        ],
        "replies": [
            {
                "user": "U0236PYP3SR",
                "ts": "1626110524.264400"
            },
            {
                "user": "UJ4A0H534",
                "ts": "1626110686.264800"
            },
            {
                "user": "U01ANAZTZTK",
                "ts": "1626111201.265200"
            },
            {
                "user": "U01FUP6AMEZ",
                "ts": "1626111268.265400"
            },
            {
                "user": "U01ANAZTZTK",
                "ts": "1626111304.265600"
            },
            {
                "user": "U01FUP6AMEZ",
                "ts": "1626111896.267200"
            },
            {
                "user": "U01FUP6AMEZ",
                "ts": "1626111982.267500"
            },
            {
                "user": "U01FUP6AMEZ",
                "ts": "1626112017.267700"
            },
            {
                "user": "U01ANAZTZTK",
                "ts": "1626112069.267900"
            }
        ],
        "is_locked": false,
        "subscribed": false
    },
    {
        "client_msg_id": "be8c5596-7ee4-4659-95d3-8d03123e24b2",
        "type": "message",
        "text": "Haven’t used these myself but I think these products may help: <https:\/\/www.kaleighmoore.com\/products>",
        "user": "U0236PYP3SR",
        "ts": "1626110524.264400",
        "team": "TJE58GTJL",
        "user_team": "TJE58GTJL",
        "source_team": "TJE58GTJL",
        "user_profile": {
            "avatar_hash": "151ef26d495d",
            "image_72": "https:\/\/avatars.slack-edge.com\/2021-05-27\/2105651351574_151ef26d495d8461f6e5_72.jpg",
            "first_name": "Jasmine",
            "real_name": "Jasmine Williams",
            "display_name": "Jasmine Williams",
            "team": "TJE58GTJL",
            "name": "hello426",
            "is_restricted": false,
            "is_ultra_restricted": false
        },
        "attachments": [
            {
                "service_name": "Kaleigh Moore: Freelance writer for eCommerce &amp; SaaS companies",
                "title": "Top Freelance Writing Resources — Kaleigh Moore: Freelance writer for eCommerce &amp; SaaS companies",
                "title_link": "https:\/\/www.kaleighmoore.com\/products",
                "text": "The best freelance writing resources for freelance writers and the people who hire them. Get templates, email scripts, and writing lessons with zero fluff.",
                "fallback": "Kaleigh Moore: Freelance writer for eCommerce &amp; SaaS companies: Top Freelance Writing Resources — Kaleigh Moore: Freelance writer for eCommerce &amp; SaaS companies",
                "thumb_url": "http:\/\/static1.squarespace.com\/static\/55b249cfe4b0a4f7d765fdf1\/t\/5df139f4887d561d6cc68efd\/1576090102044\/Screen+Shot+2019-12-11+at+12.47.16+PM.png?format=1500w",
                "from_url": "https:\/\/www.kaleighmoore.com\/products",
                "thumb_width": 1330,
                "thumb_height": 633,
                "service_icon": "https:\/\/images.squarespace-cdn.com\/content\/v1\/55b249cfe4b0a4f7d765fdf1\/1438609008322-SFIKJLSKBASZTIA0OJ7T\/favicon.ico?format=100w",
                "id": 1,
                "original_url": "https:\/\/www.kaleighmoore.com\/products"
            }
        ],
        "blocks": [
            {
                "type": "rich_text",
                "block_id": "YF96",
                "elements": [
                    {
                        "type": "rich_text_section",
                        "elements": [
                            {
                                "type": "text",
                                "text": "Haven’t used these myself but I think these products may help: "
                            },
                            {
                                "type": "link",
                                "url": "https:\/\/www.kaleighmoore.com\/products"
                            }
                        ]
                    }
                ]
            }
        ],
        "thread_ts": "1626110366.264300",
        "parent_user_id": "U01ANAZTZTK"
    },
    {
        "client_msg_id": "cd0fdc0d-2428-418c-b5ab-30d1f3867ab7",
        "type": "message",
        "text": "<@U0191E456RE> put together a really good one: <https:\/\/beomniscient.com\/resources\/freelancer-onboarding-template\/>",
        "user": "UJ4A0H534",
        "ts": "1626110686.264800",
        "team": "TJE58GTJL",
        "user_team": "TJE58GTJL",
        "source_team": "TJE58GTJL",
        "user_profile": {
            "avatar_hash": "ea8df1b58529",
            "image_72": "https:\/\/avatars.slack-edge.com\/2019-05-07\/627235760020_ea8df1b5852909475c1a_72.jpg",
            "first_name": "Seema",
            "real_name": "Seema Nayak",
            "display_name": "Seema",
            "team": "TJE58GTJL",
            "name": "cma.nayak",
            "is_restricted": false,
            "is_ultra_restricted": false
        },
        "attachments": [
            {
                "service_name": "Omniscient Digital",
                "title": "Freelancer Onboarding Deck Template",
                "title_link": "https:\/\/beomniscient.com\/resources\/freelancer-onboarding-template\/",
                "fallback": "Omniscient Digital: Freelancer Onboarding Deck Template",
                "image_url": "https:\/\/mk0omniscientdiqrnx8.kinstacdn.com\/wp-content\/uploads\/2020\/11\/Copy-of-Content-Strategy-Course-LinkedIn-3.png",
                "image_width": 478,
                "image_height": 250,
                "fields": [
                    {
                        "title": "Est. reading time",
                        "value": "6 minutes",
                        "short": true
                    }
                ],
                "from_url": "https:\/\/beomniscient.com\/resources\/freelancer-onboarding-template\/",
                "image_bytes": 333078,
                "service_icon": "https:\/\/mk0omniscientdiqrnx8.kinstacdn.com\/wp-content\/uploads\/2020\/02\/cropped-Be-Omniscient-Logo-BLK-RGB-e1582255689125-180x180.png",
                "id": 1,
                "original_url": "https:\/\/beomniscient.com\/resources\/freelancer-onboarding-template\/"
            }
        ],
        "blocks": [
            {
                "type": "rich_text",
                "block_id": "kgJ",
                "elements": [
                    {
                        "type": "rich_text_section",
                        "elements": [
                            {
                                "type": "user",
                                "user_id": "U0191E456RE"
                            },
                            {
                                "type": "text",
                                "text": " put together a really good one: "
                            },
                            {
                                "type": "link",
                                "url": "https:\/\/beomniscient.com\/resources\/freelancer-onboarding-template\/"
                            }
                        ]
                    }
                ]
            }
        ],
        "thread_ts": "1626110366.264300",
        "parent_user_id": "U01ANAZTZTK"
    },
    {
        "client_msg_id": "19cc30f7-3387-4170-946b-b0dafd8a7441",
        "type": "message",
        "text": "These are super helpful thank you!",
        "user": "U01ANAZTZTK",
        "ts": "1626111201.265200",
        "team": "TJE58GTJL",
        "user_team": "TJE58GTJL",
        "source_team": "TJE58GTJL",
        "user_profile": {
            "avatar_hash": "ef5727669c45",
            "image_72": "https:\/\/avatars.slack-edge.com\/2020-09-08\/1349771386962_ef5727669c45c9f60612_72.jpg",
            "first_name": "Theresa",
            "real_name": "Theresa Hebert",
            "display_name": "Theresa Hebert",
            "team": "TJE58GTJL",
            "name": "theresa",
            "is_restricted": false,
            "is_ultra_restricted": false
        },
        "blocks": [
            {
                "type": "rich_text",
                "block_id": "eHn",
                "elements": [
                    {
                        "type": "rich_text_section",
                        "elements": [
                            {
                                "type": "text",
                                "text": "These are super helpful thank you!"
                            }
                        ]
                    }
                ]
            }
        ],
        "thread_ts": "1626110366.264300",
        "parent_user_id": "U01ANAZTZTK"
    },
    {
        "client_msg_id": "bf33eb92-8b5d-49cb-9210-dab0cce97908",
        "type": "message",
        "text": "I used to have one when I worked in product lifecycle management, same problem -- very complex! I usually included a few \"background\" articles that are big touchstones in our industry, and also wrote a 500-word pitch of our company at about a 5th-grade level so they could quickly grasp what we did. It was some of the hardest writing I've ever done lol but paid off -- our freelancers turned in decent work. Called it a \"field guide\" and attached it alongside a style guide",
        "user": "U01FUP6AMEZ",
        "ts": "1626111268.265400",
        "team": "TJE58GTJL",
        "user_team": "TJE58GTJL",
        "source_team": "TJE58GTJL",
        "user_profile": {
            "avatar_hash": "128762c3ea3f",
            "image_72": "https:\/\/avatars.slack-edge.com\/2020-12-01\/1527137254583_128762c3ea3f3d65d19b_72.jpg",
            "first_name": "Joanna",
            "real_name": "Joanna Rutter",
            "display_name": "Joanna Rutter",
            "team": "TJE58GTJL",
            "name": "rutterjoanna",
            "is_restricted": false,
            "is_ultra_restricted": false
        },
        "blocks": [
            {
                "type": "rich_text",
                "block_id": "DDUQu",
                "elements": [
                    {
                        "type": "rich_text_section",
                        "elements": [
                            {
                                "type": "text",
                                "text": "I used to have one when I worked in product lifecycle management, same problem -- very complex! I usually included a few \"background\" articles that are big touchstones in our industry, and also wrote a 500-word pitch of our company at about a 5th-grade level so they could quickly grasp what we did. It was some of the hardest writing I've ever done lol but paid off -- our freelancers turned in decent work. Called it a \"field guide\" and attached it alongside a style guide"
                            }
                        ]
                    }
                ]
            }
        ],
        "thread_ts": "1626110366.264300",
        "parent_user_id": "U01ANAZTZTK"
    },
    {
        "client_msg_id": "501e3585-2ed3-469b-bd31-a9a7d878ecdc",
        "type": "message",
        "text": "I like the idea of including industry articles beyond just the examples from our website!",
        "user": "U01ANAZTZTK",
        "ts": "1626111304.265600",
        "team": "TJE58GTJL",
        "user_team": "TJE58GTJL",
        "source_team": "TJE58GTJL",
        "user_profile": {
            "avatar_hash": "ef5727669c45",
            "image_72": "https:\/\/avatars.slack-edge.com\/2020-09-08\/1349771386962_ef5727669c45c9f60612_72.jpg",
            "first_name": "Theresa",
            "real_name": "Theresa Hebert",
            "display_name": "Theresa Hebert",
            "team": "TJE58GTJL",
            "name": "theresa",
            "is_restricted": false,
            "is_ultra_restricted": false
        },
        "blocks": [
            {
                "type": "rich_text",
                "block_id": "v8a",
                "elements": [
                    {
                        "type": "rich_text_section",
                        "elements": [
                            {
                                "type": "text",
                                "text": "I like the idea of including industry articles beyond just the examples from our website!"
                            }
                        ]
                    }
                ]
            }
        ],
        "thread_ts": "1626110366.264300",
        "parent_user_id": "U01ANAZTZTK"
    },
    {
        "client_msg_id": "2d3e0b5e-e3ab-4445-ac58-577fb8c0db43",
        "type": "message",
        "text": "Hey everyone! I'm working for a B2B SaaS company and we're looking for a freelance SEO to help with a 1 time project for switching a main keyword strategically across several pages. Mainly scoped for on-page optimization and meta info suggestions.\n\nReach out to me directly if you're interested or have questions :slightly_smiling_face:",
        "user": "U022FMX8Y6L",
        "ts": "1626111486.267100",
        "team": "TJE58GTJL",
        "user_team": "TJE58GTJL",
        "source_team": "TJE58GTJL",
        "user_profile": {
            "avatar_hash": "ce4949a73bd4",
            "image_72": "https:\/\/avatars.slack-edge.com\/2021-05-19\/2077163221830_ce4949a73bd41a50067f_72.jpg",
            "first_name": "Mike",
            "real_name": "Mike Nesselbeck",
            "display_name": "Mike Nesselbeck",
            "team": "TJE58GTJL",
            "name": "michael.nesselbeck",
            "is_restricted": false,
            "is_ultra_restricted": false
        },
        "blocks": [
            {
                "type": "rich_text",
                "block_id": "twzu4",
                "elements": [
                    {
                        "type": "rich_text_section",
                        "elements": [
                            {
                                "type": "text",
                                "text": "Hey everyone! I'm working for a B2B SaaS company and we're looking for a freelance SEO to help with a 1 time project for switching a main keyword strategically across several pages. Mainly scoped for on-page optimization and meta info suggestions.\n\nReach out to me directly if you're interested or have questions "
                            },
                            {
                                "type": "emoji",
                                "name": "slightly_smiling_face"
                            }
                        ]
                    }
                ]
            }
        ],
        "thread_ts": "1626111486.267100",
        "reply_count": 1,
        "reply_users_count": 1,
        "latest_reply": "1626203742.284300",
        "reply_users": [
            "U01K3VD3154"
        ],
        "replies": [
            {
                "user": "U01K3VD3154",
                "ts": "1626203742.284300"
            }
        ],
        "is_locked": false,
        "subscribed": false,
        "reactions": [
            {
                "name": "raised_hands::skin-tone-3",
                "users": [
                    "U022WPACV4L"
                ],
                "count": 1
            },
            {
                "name": "raised_hands",
                "users": [
                    "U01J84U3SQ6"
                ],
                "count": 1
            },
            {
                "name": "heart",
                "users": [
                    "U01K3VD3154"
                ],
                "count": 1
            }
        ]
    },
    {
        "client_msg_id": "eea83a78-a3ff-48b8-870e-e21fe1481c47",
        "type": "message",
        "text": "yes -- especially studies or research you cite a lot, can be helpful for them to be able to reference it easily",
        "user": "U01FUP6AMEZ",
        "ts": "1626111896.267200",
        "team": "TJE58GTJL",
        "user_team": "TJE58GTJL",
        "source_team": "TJE58GTJL",
        "user_profile": {
            "avatar_hash": "128762c3ea3f",
            "image_72": "https:\/\/avatars.slack-edge.com\/2020-12-01\/1527137254583_128762c3ea3f3d65d19b_72.jpg",
            "first_name": "Joanna",
            "real_name": "Joanna Rutter",
            "display_name": "Joanna Rutter",
            "team": "TJE58GTJL",
            "name": "rutterjoanna",
            "is_restricted": false,
            "is_ultra_restricted": false
        },
        "blocks": [
            {
                "type": "rich_text",
                "block_id": "PkwW",
                "elements": [
                    {
                        "type": "rich_text_section",
                        "elements": [
                            {
                                "type": "text",
                                "text": "yes -- especially studies or research you cite a lot, can be helpful for them to be able to reference it easily"
                            }
                        ]
                    }
                ]
            }
        ],
        "thread_ts": "1626110366.264300",
        "parent_user_id": "U01ANAZTZTK",
        "reactions": [
            {
                "name": "100",
                "users": [
                    "U01ANAZTZTK"
                ],
                "count": 1
            }
        ]
    },
    {
        "client_msg_id": "976a6d81-7430-494d-9bb0-571ebe6a494a",
        "type": "message",
        "text": "i also like a few bullet points about our readers' general pain points. What they care about vs. what they don't care about. No need to share a 40-slide persona deck. Freelancers just need to know the basic overview of an audience, and you\/your editors can correct where needed. No need for info overload!",
        "user": "U01FUP6AMEZ",
        "ts": "1626111982.267500",
        "team": "TJE58GTJL",
        "user_team": "TJE58GTJL",
        "source_team": "TJE58GTJL",
        "user_profile": {
            "avatar_hash": "128762c3ea3f",
            "image_72": "https:\/\/avatars.slack-edge.com\/2020-12-01\/1527137254583_128762c3ea3f3d65d19b_72.jpg",
            "first_name": "Joanna",
            "real_name": "Joanna Rutter",
            "display_name": "Joanna Rutter",
            "team": "TJE58GTJL",
            "name": "rutterjoanna",
            "is_restricted": false,
            "is_ultra_restricted": false
        },
        "blocks": [
            {
                "type": "rich_text",
                "block_id": "6==",
                "elements": [
                    {
                        "type": "rich_text_section",
                        "elements": [
                            {
                                "type": "text",
                                "text": "i also like a few bullet points about our readers' general pain points. What they care about vs. what they don't care about. No need to share a 40-slide persona deck. Freelancers just need to know the basic overview of an audience, and you\/your editors can correct where needed. No need for info overload!"
                            }
                        ]
                    }
                ]
            }
        ],
        "thread_ts": "1626110366.264300",
        "parent_user_id": "U01ANAZTZTK",
        "reactions": [
            {
                "name": "+1",
                "users": [
                    "U01G7PRL3HQ"
                ],
                "count": 1
            }
        ]
    },
    {
        "client_msg_id": "bcea1fa1-647f-48fa-98a1-2300e6877034",
        "type": "message",
        "text": "in fact when a client shares a 40-slide persona deck i know to RUN :woman-running:",
        "user": "U01FUP6AMEZ",
        "ts": "1626112017.267700",
        "team": "TJE58GTJL",
        "user_team": "TJE58GTJL",
        "source_team": "TJE58GTJL",
        "user_profile": {
            "avatar_hash": "128762c3ea3f",
            "image_72": "https:\/\/avatars.slack-edge.com\/2020-12-01\/1527137254583_128762c3ea3f3d65d19b_72.jpg",
            "first_name": "Joanna",
            "real_name": "Joanna Rutter",
            "display_name": "Joanna Rutter",
            "team": "TJE58GTJL",
            "name": "rutterjoanna",
            "is_restricted": false,
            "is_ultra_restricted": false
        },
        "blocks": [
            {
                "type": "rich_text",
                "block_id": "u+l6",
                "elements": [
                    {
                        "type": "rich_text_section",
                        "elements": [
                            {
                                "type": "text",
                                "text": "in fact when a client shares a 40-slide persona deck i know to RUN "
                            },
                            {
                                "type": "emoji",
                                "name": "woman-running"
                            }
                        ]
                    }
                ]
            }
        ],
        "thread_ts": "1626110366.264300",
        "parent_user_id": "U01ANAZTZTK"
    },
    {
        "client_msg_id": "a42db972-4d97-4075-8a95-eb43e72b5375",
        "type": "message",
        "text": "haha I totally get that, I can see us creating potentially a version 2.0 that specializes to different segments of our market\/different buyer personas based on the project where we could pick and choose which slides are relevant for a given assignment.",
        "user": "U01ANAZTZTK",
        "ts": "1626112069.267900",
        "team": "TJE58GTJL",
        "user_team": "TJE58GTJL",
        "source_team": "TJE58GTJL",
        "user_profile": {
            "avatar_hash": "ef5727669c45",
            "image_72": "https:\/\/avatars.slack-edge.com\/2020-09-08\/1349771386962_ef5727669c45c9f60612_72.jpg",
            "first_name": "Theresa",
            "real_name": "Theresa Hebert",
            "display_name": "Theresa Hebert",
            "team": "TJE58GTJL",
            "name": "theresa",
            "is_restricted": false,
            "is_ultra_restricted": false
        },
        "blocks": [
            {
                "type": "rich_text",
                "block_id": "cjW7",
                "elements": [
                    {
                        "type": "rich_text_section",
                        "elements": [
                            {
                                "type": "text",
                                "text": "haha I totally get that, I can see us creating potentially a version 2.0 that specializes to different segments of our market\/different buyer personas based on the project where we could pick and choose which slides are relevant for a given assignment."
                            }
                        ]
                    }
                ]
            }
        ],
        "thread_ts": "1626110366.264300",
        "parent_user_id": "U01ANAZTZTK",
        "reactions": [
            {
                "name": "eyes",
                "users": [
                    "U01FUP6AMEZ"
                ],
                "count": 1
            }
        ]
    },
    {
        "client_msg_id": "16c63730-d045-4166-85e0-b863bd3201dd",
        "type": "message",
        "text": "hey folks! my friend <@U01S7KZQ1A7> is looking for some freelance help on 4-6 blog posts for <http:\/\/phoneburner.com|phoneburner.com>. if you're interested, send him a DM with some writing samples.",
        "user": "UJG9WTEKG",
        "ts": "1626128580.269500",
        "team": "TJE58GTJL",
        "user_team": "TJE58GTJL",
        "source_team": "TJE58GTJL",
        "user_profile": {
            "avatar_hash": "gc25b94e6ebf",
            "image_72": "https:\/\/secure.gravatar.com\/avatar\/eec25b94e6ebf55f0b7933372344cd09.jpg?s=72&d=https%3A%2F%2Fa.slack-edge.com%2Fdf10d%2Fimg%2Favatars%2Fava_0001-72.png",
            "first_name": "Jimmy",
            "real_name": "Jimmy Daly",
            "display_name": "",
            "team": "TJE58GTJL",
            "name": "runjimdaly",
            "is_restricted": false,
            "is_ultra_restricted": false
        },
        "blocks": [
            {
                "type": "rich_text",
                "block_id": "G3Vx",
                "elements": [
                    {
                        "type": "rich_text_section",
                        "elements": [
                            {
                                "type": "text",
                                "text": "hey folks! my friend "
                            },
                            {
                                "type": "user",
                                "user_id": "U01S7KZQ1A7"
                            },
                            {
                                "type": "text",
                                "text": " is looking for some freelance help on 4-6 blog posts for "
                            },
                            {
                                "type": "link",
                                "url": "http:\/\/phoneburner.com",
                                "text": "phoneburner.com"
                            },
                            {
                                "type": "text",
                                "text": ". if you're interested, send him a DM with some writing samples."
                            }
                        ]
                    }
                ]
            }
        ],
        "thread_ts": "1626128580.269500",
        "reply_count": 2,
        "reply_users_count": 2,
        "latest_reply": "1626479245.301200",
        "reply_users": [
            "U01S7KZQ1A7",
            "U027KKWUY12"
        ],
        "replies": [
            {
                "user": "U01S7KZQ1A7",
                "ts": "1626128684.269900"
            },
            {
                "user": "U027KKWUY12",
                "ts": "1626479245.301200"
            }
        ],
        "is_locked": false,
        "subscribed": true,
        "last_read": "1626479245.301200",
        "reactions": [
            {
                "name": "raised_hands",
                "users": [
                    "U01S7KZQ1A7",
                    "U01R17T2KJ8",
                    "U016LHA1BHP",
                    "U01J84U3SQ6"
                ],
                "count": 4
            },
            {
                "name": "+1",
                "users": [
                    "UUVS5HWMB"
                ],
                "count": 1
            }
        ]
    },
    {
        "client_msg_id": "f6cd197c-3d4a-4729-b3b6-b6ba3d5c3ea8",
        "type": "message",
        "text": "Thanks for sharing, <@UJG9WTEKG>! :right-facing_fist::left-facing_fist:",
        "user": "U01S7KZQ1A7",
        "ts": "1626128684.269900",
        "team": "TJE58GTJL",
        "user_team": "TJE58GTJL",
        "source_team": "TJE58GTJL",
        "user_profile": {
            "avatar_hash": "e7cb737c17c2",
            "image_72": "https:\/\/avatars.slack-edge.com\/2021-03-24\/1900114455108_e7cb737c17c212735359_72.jpg",
            "first_name": "",
            "real_name": "Jesse Wisnewski",
            "display_name": "Jesse Wisnewski",
            "team": "TJE58GTJL",
            "name": "jesse",
            "is_restricted": false,
            "is_ultra_restricted": false
        },
        "blocks": [
            {
                "type": "rich_text",
                "block_id": "x+hX",
                "elements": [
                    {
                        "type": "rich_text_section",
                        "elements": [
                            {
                                "type": "text",
                                "text": "Thanks for sharing, "
                            },
                            {
                                "type": "user",
                                "user_id": "UJG9WTEKG"
                            },
                            {
                                "type": "text",
                                "text": "! "
                            },
                            {
                                "type": "emoji",
                                "name": "right-facing_fist"
                            },
                            {
                                "type": "emoji",
                                "name": "left-facing_fist"
                            }
                        ]
                    }
                ]
            }
        ],
        "thread_ts": "1626128580.269500",
        "parent_user_id": "UJG9WTEKG"
    },
    {
        "client_msg_id": "01627364-9de5-457c-b963-8bc5a61cbb6e",
        "type": "message",
        "text": "Hey everyone. A friend of mine is starting a company and is looking for a PT content writer. Here's the lowdown:\n\n\"Infra School makes it easy for HVAC contractors to launch world-class apprenticeship programs that attract, train, and retain great talent. Contractors can leverage our platform to deliver high-quality, video-based training programs, issue industry certifications, and provide 1:1 mentorship + support to apprentices. Contractors can also hire directly from our database of vetted apprentices.\n\nWe are looking for a content manager who can oversee content production at Infra School. We are looking for someone who can help us produce content that helps attract potential apprentices to our platform and content we can use to attract potential contractors to our platform. The role will be PT to start—we’ll only be producing 1-2 articles per month for next 6 months, with the option to join FT. Also willing to offer equity comp to right person.\"",
        "user": "UUE7J6UDN",
        "ts": "1626144467.272900",
        "team": "TJE58GTJL",
        "user_team": "TJE58GTJL",
        "source_team": "TJE58GTJL",
        "user_profile": {
            "avatar_hash": "f1a97da24d4c",
            "image_72": "https:\/\/avatars.slack-edge.com\/2021-08-13\/2403885855088_f1a97da24d4c59536828_72.jpg",
            "first_name": "Matthew",
            "real_name": "Matthew Speiser",
            "display_name": "Matthew Speiser",
            "team": "TJE58GTJL",
            "name": "spyzguyz",
            "is_restricted": false,
            "is_ultra_restricted": false
        },
        "blocks": [
            {
                "type": "rich_text",
                "block_id": "T8W",
                "elements": [
                    {
                        "type": "rich_text_section",
                        "elements": [
                            {
                                "type": "text",
                                "text": "Hey everyone. A friend of mine is starting a company and is looking for a PT content writer. Here's the lowdown:\n\n\"Infra School makes it easy for HVAC contractors to launch world-class apprenticeship programs that attract, train, and retain great talent. Contractors can leverage our platform to deliver high-quality, video-based training programs, issue industry certifications, and provide 1:1 mentorship + support to apprentices. Contractors can also hire directly from our database of vetted apprentices.\n\nWe are looking for a content manager who can oversee content production at Infra School. We are looking for someone who can help us produce content that helps attract potential apprentices to our platform and content we can use to attract potential contractors to our platform. The role will be PT to start—we’ll only be producing 1-2 articles per month for next 6 months, with the option to join FT. Also willing to offer equity comp to right person.\""
                            }
                        ]
                    }
                ]
            }
        ],
        "thread_ts": "1626144467.272900",
        "reply_count": 1,
        "reply_users_count": 1,
        "latest_reply": "1629167802.064000",
        "reply_users": [
            "U02AR2XSN1M"
        ],
        "replies": [
            {
                "user": "U02AR2XSN1M",
                "ts": "1629167802.064000"
            }
        ],
        "is_locked": false,
        "subscribed": false
    }
]