[
    {
        "client_msg_id": "a2c209d7-19bc-49bd-86d1-8f9a419ef30b",
        "type": "message",
        "text": "Hi Team,\nWe are looking for a freelancer content writer with 1-2 years of experience writing for SaaS and B2B.\nIf you are interested or know someone, please DM me.",
        "user": "U01J3L8CJRL",
        "ts": "1623927867.140600",
        "team": "TJE58GTJL",
        "user_team": "TJE58GTJL",
        "source_team": "TJE58GTJL",
        "user_profile": {
            "avatar_hash": "12550f10b66e",
            "image_72": "https:\/\/avatars.slack-edge.com\/2021-10-14\/2588602098551_12550f10b66e24ed3adb_72.png",
            "first_name": "Saurabh",
            "real_name": "Saurabh",
            "display_name": "Saurabh",
            "team": "TJE58GTJL",
            "name": "saurabh.content.saas",
            "is_restricted": false,
            "is_ultra_restricted": false
        },
        "blocks": [
            {
                "type": "rich_text",
                "block_id": "Uz8",
                "elements": [
                    {
                        "type": "rich_text_section",
                        "elements": [
                            {
                                "type": "text",
                                "text": "Hi Team,\nWe are looking for a freelancer content writer with 1-2 years of experience writing for SaaS and B2B.\nIf you are interested or know someone, please DM me."
                            }
                        ]
                    }
                ]
            }
        ]
    },
    {
        "client_msg_id": "d4f39bf5-61b3-4cf7-9bac-ce47f21e490d",
        "type": "message",
        "text": "{HIRING}\n\nWe’re looking for an experienced writer in the buddhist\/meditation space to create anywhere from 4-8 articles per month around a variety of different topics: meditation, tonglen, buddhism, anxiety relief, etc.\n\n• *Past work required.* We can’t afford to lose time by teaching you about meditation\/buddhism.\n• Experience working with Clearscope is preferred but not required.\n• Must communicate well with other team members and meet deadlines.\n• Position is completely remote. Preferred communication method: Slack.\n\nShoot me a DM to learn more! :call_me_hand::skin-tone-3:",
        "user": "U012TPE7TCM",
        "ts": "1623950907.141200",
        "team": "TJE58GTJL",
        "user_team": "TJE58GTJL",
        "source_team": "TJE58GTJL",
        "user_profile": {
            "avatar_hash": "743ad659bad9",
            "image_72": "https:\/\/avatars.slack-edge.com\/2021-06-17\/2184214806402_743ad659bad9be0aa990_72.png",
            "first_name": "Luis",
            "real_name": "Luis",
            "display_name": "Luis",
            "team": "TJE58GTJL",
            "name": "luis",
            "is_restricted": false,
            "is_ultra_restricted": false
        },
        "blocks": [
            {
                "type": "rich_text",
                "block_id": "A0yR",
                "elements": [
                    {
                        "type": "rich_text_section",
                        "elements": [
                            {
                                "type": "text",
                                "text": "{HIRING}\n\nWe’re looking for an experienced writer in the buddhist\/meditation space to create anywhere from 4-8 articles per month around a variety of different topics: meditation, tonglen, buddhism, anxiety relief, etc.\n\n"
                            }
                        ]
                    },
                    {
                        "type": "rich_text_list",
                        "elements": [
                            {
                                "type": "rich_text_section",
                                "elements": [
                                    {
                                        "type": "text",
                                        "text": "Past work required. ",
                                        "style": {
                                            "bold": true
                                        }
                                    },
                                    {
                                        "type": "text",
                                        "text": "We can’t afford to lose time by teaching you about meditation\/buddhism."
                                    }
                                ]
                            },
                            {
                                "type": "rich_text_section",
                                "elements": [
                                    {
                                        "type": "text",
                                        "text": "Experience working with Clearscope is preferred but not required."
                                    }
                                ]
                            },
                            {
                                "type": "rich_text_section",
                                "elements": [
                                    {
                                        "type": "text",
                                        "text": "Must communicate well with other team members and meet deadlines."
                                    }
                                ]
                            },
                            {
                                "type": "rich_text_section",
                                "elements": [
                                    {
                                        "type": "text",
                                        "text": "Position is completely remote. Preferred communication method: Slack."
                                    }
                                ]
                            }
                        ],
                        "style": "bullet",
                        "indent": 0
                    },
                    {
                        "type": "rich_text_section",
                        "elements": [
                            {
                                "type": "text",
                                "text": "\n\nShoot me a DM to learn more! "
                            },
                            {
                                "type": "emoji",
                                "name": "call_me_hand",
                                "skin_tone": 3
                            }
                        ]
                    }
                ]
            }
        ]
    },
    {
        "client_msg_id": "f1cbab3b-f85b-4a6c-b969-6aa3a7420e38",
        "type": "message",
        "text": "Dmed you.",
        "user": "U01J84U3SQ6",
        "ts": "1623981121.143500",
        "team": "TJE58GTJL",
        "user_team": "TJE58GTJL",
        "source_team": "TJE58GTJL",
        "user_profile": {
            "avatar_hash": "gdab1d2a41e5",
            "image_72": "https:\/\/secure.gravatar.com\/avatar\/dab1d2a41e573a329156be15739aa21a.jpg?s=72&d=https%3A%2F%2Fa.slack-edge.com%2Fdf10d%2Fimg%2Favatars%2Fava_0005-72.png",
            "first_name": "Soare",
            "real_name": "Soare",
            "display_name": "Kesar",
            "team": "TJE58GTJL",
            "name": "fu65745",
            "is_restricted": false,
            "is_ultra_restricted": false
        },
        "blocks": [
            {
                "type": "rich_text",
                "block_id": "\/Ak+",
                "elements": [
                    {
                        "type": "rich_text_section",
                        "elements": [
                            {
                                "type": "text",
                                "text": "Dmed you."
                            }
                        ]
                    }
                ]
            }
        ],
        "thread_ts": "1623791022.130800",
        "parent_user_id": "U020GLH1U10"
    }
]