[
    {
        "client_msg_id": "FA6E7DAA-908F-48A4-A762-1A4A1694E64F",
        "type": "message",
        "text": "Hey everyone - anyone got a solid community management focused contract? \n\nOr just a really good freelance contract please :pray::skin-tone-5: ",
        "user": "U02GZ08AT62",
        "ts": "1640859126.066600",
        "team": "TJE58GTJL",
        "user_team": "TJE58GTJL",
        "source_team": "TJE58GTJL",
        "user_profile": {
            "avatar_hash": "9e27585728ea",
            "image_72": "https:\/\/avatars.slack-edge.com\/2021-10-12\/2590620697829_9e27585728ea798168c2_72.jpg",
            "first_name": "Chauntelle",
            "real_name": "Chauntelle Lewis",
            "display_name": "Chauntelle Lewis",
            "team": "TJE58GTJL",
            "name": "cjnlewis93",
            "is_restricted": false,
            "is_ultra_restricted": false
        },
        "blocks": [
            {
                "type": "rich_text",
                "block_id": "4=QsX",
                "elements": [
                    {
                        "type": "rich_text_section",
                        "elements": [
                            {
                                "type": "text",
                                "text": "Hey everyone - anyone got a solid community management focused contract? \n\nOr just a really good freelance contract please "
                            },
                            {
                                "type": "emoji",
                                "name": "pray",
                                "skin_tone": 5
                            },
                            {
                                "type": "text",
                                "text": " "
                            }
                        ]
                    }
                ]
            }
        ],
        "thread_ts": "1640859126.066600",
        "reply_count": 4,
        "reply_users_count": 4,
        "latest_reply": "1640901268.068900",
        "reply_users": [
            "U02NQPXBJJJ",
            "U02B60S6FBM",
            "U01KH3P18RZ",
            "U02GZ08AT62"
        ],
        "replies": [
            {
                "user": "U02NQPXBJJJ",
                "ts": "1640859229.066700"
            },
            {
                "user": "U02B60S6FBM",
                "ts": "1640860216.066900"
            },
            {
                "user": "U01KH3P18RZ",
                "ts": "1640889920.067500"
            },
            {
                "user": "U02GZ08AT62",
                "ts": "1640901268.068900"
            }
        ],
        "is_locked": false,
        "subscribed": false
    },
    {
        "client_msg_id": "6d3d9ad1-df18-4a8d-bc61-ee04b335f4e5",
        "type": "message",
        "text": "+1.. if anyone an provide a good template or their contract for reference ! Thanks :blush:",
        "user": "U02NQPXBJJJ",
        "ts": "1640859229.066700",
        "team": "TJE58GTJL",
        "user_team": "TJE58GTJL",
        "source_team": "TJE58GTJL",
        "user_profile": {
            "avatar_hash": "79967c222d7d",
            "image_72": "https:\/\/avatars.slack-edge.com\/2021-12-11\/2826285606981_79967c222d7d516ab211_72.png",
            "first_name": "Khushboo",
            "real_name": "Khushboo Malhotra",
            "display_name": "Khushboo",
            "team": "TJE58GTJL",
            "name": "khushboomalhotra24",
            "is_restricted": false,
            "is_ultra_restricted": false
        },
        "blocks": [
            {
                "type": "rich_text",
                "block_id": "90dHG",
                "elements": [
                    {
                        "type": "rich_text_section",
                        "elements": [
                            {
                                "type": "text",
                                "text": "+1.. if anyone an provide a good template or their contract for reference ! Thanks "
                            },
                            {
                                "type": "emoji",
                                "name": "blush"
                            }
                        ]
                    }
                ]
            }
        ],
        "thread_ts": "1640859126.066600",
        "parent_user_id": "U02GZ08AT62",
        "reactions": [
            {
                "name": "eyes",
                "users": [
                    "U02GZ08AT62"
                ],
                "count": 1
            }
        ]
    },
    {
        "client_msg_id": "1b370871-dd49-432e-877c-0888750f05f8",
        "type": "message",
        "text": "For a general freelance contract, check PandaDoc for inspo. Here's the link: <https:\/\/www.pandadoc.com\/freelance-contract-template\/|https:\/\/www.pandadoc.com\/freelance-contract-template\/>\n\nBonsai is an awesome resource too. I don't know if they have for community mgt but they've got for social media mgt.\n\nHere's the link: <https:\/\/www.hellobonsai.com\/a\/social-media-contract-template|https:\/\/www.hellobonsai.com\/a\/social-media-contract-template>\n\nI hope they help. :hugging_face:",
        "user": "U02B60S6FBM",
        "ts": "1640860216.066900",
        "team": "TJE58GTJL",
        "user_team": "TJE58GTJL",
        "source_team": "TJE58GTJL",
        "user_profile": {
            "avatar_hash": "2f1e23ef404a",
            "image_72": "https:\/\/avatars.slack-edge.com\/2021-08-13\/2376884926485_2f1e23ef404a0d536b39_72.jpg",
            "first_name": "Wuraola",
            "real_name": "Wuraola",
            "display_name": "Wuraola",
            "team": "TJE58GTJL",
            "name": "omobolanleshanu",
            "is_restricted": false,
            "is_ultra_restricted": false
        },
        "attachments": [
            {
                "from_url": "https:\/\/www.pandadoc.com\/freelance-contract-template\/",
                "image_url": "https:\/\/www.pandadoc.com\/app\/uploads\/opengraph_website.png",
                "image_width": 476,
                "image_height": 250,
                "image_bytes": 19994,
                "service_icon": "http:\/\/assets.cdnpandadoc.com\/app\/packages\/www-next\/img\/fav\/icon-180-509eb5f708.png",
                "id": 1,
                "original_url": "https:\/\/www.pandadoc.com\/freelance-contract-template\/",
                "fallback": "PandaDoc: Freelance Contract Template that Wins 78% of Clients",
                "text": "Spend less time drafting contracts and more time on your craft with this freelance contract template. Define the scope of your freelance business.",
                "title": "Freelance Contract Template that Wins 78% of Clients",
                "title_link": "https:\/\/www.pandadoc.com\/freelance-contract-template\/",
                "service_name": "PandaDoc"
            },
            {
                "from_url": "https:\/\/www.hellobonsai.com\/a\/social-media-contract-template",
                "image_url": "https:\/\/assets-global.website-files.com\/58868bcd2ef4daaf0f072900\/58b77d8edc6eb48b01777146_slack-imgs.png",
                "image_width": 476,
                "image_height": 250,
                "image_bytes": 154286,
                "id": 2,
                "original_url": "https:\/\/www.hellobonsai.com\/a\/social-media-contract-template",
                "fallback": "Bonsai: Free Social Media Management Contract | PDF Template - Bonsai",
                "text": "Simple, legally vetted social media management contract. Get tips, samples, and a PDF template. Download now for free.",
                "title": "Free Social Media Management Contract | PDF Template - Bonsai",
                "title_link": "https:\/\/www.hellobonsai.com\/a\/social-media-contract-template",
                "service_name": "Bonsai"
            }
        ],
        "blocks": [
            {
                "type": "rich_text",
                "block_id": "t=kMp",
                "elements": [
                    {
                        "type": "rich_text_section",
                        "elements": [
                            {
                                "type": "text",
                                "text": "For a general freelance contract, check PandaDoc for inspo. Here's the link: "
                            },
                            {
                                "type": "link",
                                "url": "https:\/\/www.pandadoc.com\/freelance-contract-template\/",
                                "text": "https:\/\/www.pandadoc.com\/freelance-contract-template\/"
                            },
                            {
                                "type": "text",
                                "text": "\n\nBonsai is an awesome resource too. I don't know if they have for community mgt but they've got for social media mgt.\n\nHere's the link: "
                            },
                            {
                                "type": "link",
                                "url": "https:\/\/www.hellobonsai.com\/a\/social-media-contract-template",
                                "text": "https:\/\/www.hellobonsai.com\/a\/social-media-contract-template"
                            },
                            {
                                "type": "text",
                                "text": "\n\nI hope they help. "
                            },
                            {
                                "type": "emoji",
                                "name": "hugging_face"
                            }
                        ]
                    }
                ]
            }
        ],
        "thread_ts": "1640859126.066600",
        "parent_user_id": "U02GZ08AT62",
        "reactions": [
            {
                "name": "partyparrot",
                "users": [
                    "U02GZ08AT62"
                ],
                "count": 1
            }
        ]
    },
    {
        "client_msg_id": "ce2474cb-108f-4f74-8103-afd70231aac8",
        "type": "message",
        "text": "Templates!\n\nThis <https:\/\/stuffandnonsense.co.uk\/projects\/contract-killer|Contract Killer Template> is solid and free.\n\nThis MSA Bundle (<https:\/\/msabundle.com\/>) is very solid (~$175). I purchased it a few years ago, looked it over with my lawyer, and use a variation of it for every project.",
        "user": "U01KH3P18RZ",
        "ts": "1640889920.067500",
        "team": "TJE58GTJL",
        "user_team": "TJE58GTJL",
        "source_team": "TJE58GTJL",
        "user_profile": {
            "avatar_hash": "fab0c6d48595",
            "image_72": "https:\/\/avatars.slack-edge.com\/2021-05-28\/2110157153414_fab0c6d48595c62a6594_72.jpg",
            "first_name": "Kai",
            "real_name": "Kai Davis",
            "display_name": "Kai (Your Shopify SEO Guy)",
            "team": "TJE58GTJL",
            "name": "kai",
            "is_restricted": false,
            "is_ultra_restricted": false
        },
        "attachments": [
            {
                "from_url": "https:\/\/stuffandnonsense.co.uk\/projects\/contract-killer",
                "thumb_url": "https:\/\/res.cloudinary.com\/malarkey\/image\/upload\/v1609504947\/SN2021\/img-andy.jpg",
                "thumb_width": 600,
                "thumb_height": 600,
                "service_icon": "https:\/\/res.cloudinary.com\/malarkey\/image\/upload\/v1609506701\/SN2021\/apple-touch-icon.png",
                "id": 1,
                "original_url": "https:\/\/stuffandnonsense.co.uk\/projects\/contract-killer",
                "fallback": "Contract Killer contract",
                "text": "A free-to-use, plain language contract template. Contract Killer has been used by thousands of website designers and developers on countless projects.",
                "title": "Contract Killer contract",
                "title_link": "https:\/\/stuffandnonsense.co.uk\/projects\/contract-killer",
                "service_name": "stuffandnonsense.co.uk"
            },
            {
                "from_url": "https:\/\/msabundle.com\/",
                "id": 2,
                "original_url": "https:\/\/msabundle.com\/",
                "fallback": "obiefernandez: Templates for Master Services Agreements, Retainer Contracts, etc",
                "text": "Master Services Agreements, Retainer Contracts, Subcontractor agreements and other proven templates and tools for consultants and freelancers.",
                "title": "Templates for Master Services Agreements, Retainer Contracts, etc",
                "title_link": "https:\/\/msabundle.com\/",
                "service_name": "obiefernandez"
            }
        ],
        "blocks": [
            {
                "type": "rich_text",
                "block_id": "Xv2rd",
                "elements": [
                    {
                        "type": "rich_text_section",
                        "elements": [
                            {
                                "type": "text",
                                "text": "Templates!\n\nThis "
                            },
                            {
                                "type": "link",
                                "url": "https:\/\/stuffandnonsense.co.uk\/projects\/contract-killer",
                                "text": "Contract Killer Template"
                            },
                            {
                                "type": "text",
                                "text": " is solid and free.\n\nThis MSA Bundle ("
                            },
                            {
                                "type": "link",
                                "url": "https:\/\/msabundle.com\/"
                            },
                            {
                                "type": "text",
                                "text": ") is very solid (~$175). I purchased it a few years ago, looked it over with my lawyer, and use a variation of it for every project."
                            }
                        ]
                    }
                ]
            }
        ],
        "thread_ts": "1640859126.066600",
        "parent_user_id": "U02GZ08AT62",
        "reactions": [
            {
                "name": "partyparrot",
                "users": [
                    "U02GZ08AT62"
                ],
                "count": 1
            }
        ]
    },
    {
        "client_msg_id": "5FBD83AA-0EA1-465C-802A-DE11CC28BA9F",
        "type": "message",
        "text": "Thank you both <@U02B60S6FBM> and <@U01KH3P18RZ> :memo:",
        "user": "U02GZ08AT62",
        "ts": "1640901268.068900",
        "team": "TJE58GTJL",
        "user_team": "TJE58GTJL",
        "source_team": "TJE58GTJL",
        "user_profile": {
            "avatar_hash": "9e27585728ea",
            "image_72": "https:\/\/avatars.slack-edge.com\/2021-10-12\/2590620697829_9e27585728ea798168c2_72.jpg",
            "first_name": "Chauntelle",
            "real_name": "Chauntelle Lewis",
            "display_name": "Chauntelle Lewis",
            "team": "TJE58GTJL",
            "name": "cjnlewis93",
            "is_restricted": false,
            "is_ultra_restricted": false
        },
        "blocks": [
            {
                "type": "rich_text",
                "block_id": "URWu",
                "elements": [
                    {
                        "type": "rich_text_section",
                        "elements": [
                            {
                                "type": "text",
                                "text": "Thank you both "
                            },
                            {
                                "type": "user",
                                "user_id": "U02B60S6FBM"
                            },
                            {
                                "type": "text",
                                "text": " and "
                            },
                            {
                                "type": "user",
                                "user_id": "U01KH3P18RZ"
                            },
                            {
                                "type": "text",
                                "text": " "
                            },
                            {
                                "type": "emoji",
                                "name": "memo"
                            }
                        ]
                    }
                ]
            }
        ],
        "thread_ts": "1640859126.066600",
        "parent_user_id": "U02GZ08AT62",
        "reactions": [
            {
                "name": "blue_heart",
                "users": [
                    "U02B60S6FBM"
                ],
                "count": 1
            }
        ]
    }
]