[
    {
        "client_msg_id": "238f7c0f-89b8-4ef0-85ba-2c1fb7f31b28",
        "type": "message",
        "text": "When you say illustrators (pardon my ignorance), do you mean people that do sketches, or do you mean graphic designers?  Or... either one?",
        "user": "U017XD7H4P7",
        "ts": "1627200896.318700",
        "team": "TJE58GTJL",
        "user_team": "TJE58GTJL",
        "source_team": "TJE58GTJL",
        "user_profile": {
            "avatar_hash": "f9ab77023918",
            "image_72": "https:\/\/avatars.slack-edge.com\/2020-07-29\/1256516765207_f9ab77023918e4c2b919_72.png",
            "first_name": "Erik",
            "real_name": "Erik Dietrich",
            "display_name": "Erik Dietrich",
            "team": "TJE58GTJL",
            "name": "erik",
            "is_restricted": false,
            "is_ultra_restricted": false
        },
        "blocks": [
            {
                "type": "rich_text",
                "block_id": "2hmN3",
                "elements": [
                    {
                        "type": "rich_text_section",
                        "elements": [
                            {
                                "type": "text",
                                "text": "When you say illustrators (pardon my ignorance), do you mean people that do sketches, or do you mean graphic designers?  Or... either one?"
                            }
                        ]
                    }
                ]
            }
        ],
        "thread_ts": "1627021825.312800",
        "parent_user_id": "U0231C2LYNM"
    },
    {
        "client_msg_id": "c46ebea6-2055-4791-a39b-59799177a286",
        "type": "message",
        "text": "(I have referrals for both)",
        "user": "U017XD7H4P7",
        "ts": "1627200909.318900",
        "team": "TJE58GTJL",
        "user_team": "TJE58GTJL",
        "source_team": "TJE58GTJL",
        "user_profile": {
            "avatar_hash": "f9ab77023918",
            "image_72": "https:\/\/avatars.slack-edge.com\/2020-07-29\/1256516765207_f9ab77023918e4c2b919_72.png",
            "first_name": "Erik",
            "real_name": "Erik Dietrich",
            "display_name": "Erik Dietrich",
            "team": "TJE58GTJL",
            "name": "erik",
            "is_restricted": false,
            "is_ultra_restricted": false
        },
        "blocks": [
            {
                "type": "rich_text",
                "block_id": "XEc",
                "elements": [
                    {
                        "type": "rich_text_section",
                        "elements": [
                            {
                                "type": "text",
                                "text": "(I have referrals for both)"
                            }
                        ]
                    }
                ]
            }
        ],
        "thread_ts": "1627021825.312800",
        "parent_user_id": "U0231C2LYNM"
    },
    {
        "client_msg_id": "afbb8ca1-d892-4cf6-b3c2-69c5d7a0c7ee",
        "type": "message",
        "text": "<@U017XD7H4P7> great question :slightly_smiling_face: In one of my previous companies, we had both graphic designers (who would visualise data, arrange documents, create simple visual elements), and we also had an illustrator who would create more complex bespoke visuals and concepts (like this <https:\/\/peakon.com\/blog\/future-work\/work-in-lockdown-the-home-office\/|here>). I’m looking for the latter — someone who can create some awesome, imaginative visuals from the copy I’m working on (a series of interviews on our experiences of remote work)",
        "user": "U0231C2LYNM",
        "ts": "1627201173.319100",
        "team": "TJE58GTJL",
        "user_team": "TJE58GTJL",
        "source_team": "TJE58GTJL",
        "user_profile": {
            "avatar_hash": "c1d845bba06d",
            "image_72": "https:\/\/avatars.slack-edge.com\/2021-05-21\/2090873932082_c1d845bba06d288505ec_72.jpg",
            "first_name": "Camille",
            "real_name": "Camille Hogg",
            "display_name": "Cami",
            "team": "TJE58GTJL",
            "name": "camille.l.hogg",
            "is_restricted": false,
            "is_ultra_restricted": false
        },
        "blocks": [
            {
                "type": "rich_text",
                "block_id": "4a92",
                "elements": [
                    {
                        "type": "rich_text_section",
                        "elements": [
                            {
                                "type": "user",
                                "user_id": "U017XD7H4P7"
                            },
                            {
                                "type": "text",
                                "text": " great question "
                            },
                            {
                                "type": "emoji",
                                "name": "slightly_smiling_face"
                            },
                            {
                                "type": "text",
                                "text": " In one of my previous companies, we had both graphic designers (who would visualise data, arrange documents, create simple visual elements), and we also had an illustrator who would create more complex bespoke visuals and concepts (like this "
                            },
                            {
                                "type": "link",
                                "url": "https:\/\/peakon.com\/blog\/future-work\/work-in-lockdown-the-home-office\/",
                                "text": "here"
                            },
                            {
                                "type": "text",
                                "text": "). I’m looking for the latter — someone who can create some awesome, imaginative visuals from the copy I’m working on (a series of interviews on our experiences of remote work)"
                            }
                        ]
                    }
                ]
            }
        ],
        "thread_ts": "1627021825.312800",
        "parent_user_id": "U0231C2LYNM"
    },
    {
        "client_msg_id": "d3f28e52-b672-400e-9433-02889afb558e",
        "type": "message",
        "text": "Ah, okay, gotcha.  Are you looking to white label \/ subcontract the work?",
        "user": "U017XD7H4P7",
        "ts": "1627203008.319500",
        "team": "TJE58GTJL",
        "user_team": "TJE58GTJL",
        "source_team": "TJE58GTJL",
        "user_profile": {
            "avatar_hash": "f9ab77023918",
            "image_72": "https:\/\/avatars.slack-edge.com\/2020-07-29\/1256516765207_f9ab77023918e4c2b919_72.png",
            "first_name": "Erik",
            "real_name": "Erik Dietrich",
            "display_name": "Erik Dietrich",
            "team": "TJE58GTJL",
            "name": "erik",
            "is_restricted": false,
            "is_ultra_restricted": false
        },
        "blocks": [
            {
                "type": "rich_text",
                "block_id": "dBy5",
                "elements": [
                    {
                        "type": "rich_text_section",
                        "elements": [
                            {
                                "type": "text",
                                "text": "Ah, okay, gotcha.  Are you looking to white label \/ subcontract the work?"
                            }
                        ]
                    }
                ]
            }
        ],
        "thread_ts": "1627021825.312800",
        "parent_user_id": "U0231C2LYNM"
    },
    {
        "client_msg_id": "b2876fe8-76cc-4e16-9736-4d7bf35df836",
        "type": "message",
        "text": "<@U017XD7H4P7> nope :slightly_smiling_face:  If the client likes their style\/feel it fits, the work\/contract would be coming from them, not me. I’m just helping them out by seeing if there are any folks I can find across my networks to see what kind of quote we’d be looking at.",
        "user": "U0231C2LYNM",
        "ts": "1627203219.319700",
        "team": "TJE58GTJL",
        "user_team": "TJE58GTJL",
        "source_team": "TJE58GTJL",
        "user_profile": {
            "avatar_hash": "c1d845bba06d",
            "image_72": "https:\/\/avatars.slack-edge.com\/2021-05-21\/2090873932082_c1d845bba06d288505ec_72.jpg",
            "first_name": "Camille",
            "real_name": "Camille Hogg",
            "display_name": "Cami",
            "team": "TJE58GTJL",
            "name": "camille.l.hogg",
            "is_restricted": false,
            "is_ultra_restricted": false
        },
        "blocks": [
            {
                "type": "rich_text",
                "block_id": "20GHw",
                "elements": [
                    {
                        "type": "rich_text_section",
                        "elements": [
                            {
                                "type": "user",
                                "user_id": "U017XD7H4P7"
                            },
                            {
                                "type": "text",
                                "text": " nope "
                            },
                            {
                                "type": "emoji",
                                "name": "slightly_smiling_face"
                            },
                            {
                                "type": "text",
                                "text": "  If the client likes their style\/feel it fits, the work\/contract would be coming from them, not me. I’m just helping them out by seeing if there are any folks I can find across my networks to see what kind of quote we’d be looking at."
                            }
                        ]
                    }
                ]
            }
        ],
        "thread_ts": "1627021825.312800",
        "parent_user_id": "U0231C2LYNM"
    },
    {
        "client_msg_id": "841561c4-02f7-4a42-a21c-5c086e72756e",
        "type": "message",
        "text": ":thumbsup:",
        "user": "U017XD7H4P7",
        "ts": "1627206473.319900",
        "team": "TJE58GTJL",
        "user_team": "TJE58GTJL",
        "source_team": "TJE58GTJL",
        "user_profile": {
            "avatar_hash": "f9ab77023918",
            "image_72": "https:\/\/avatars.slack-edge.com\/2020-07-29\/1256516765207_f9ab77023918e4c2b919_72.png",
            "first_name": "Erik",
            "real_name": "Erik Dietrich",
            "display_name": "Erik Dietrich",
            "team": "TJE58GTJL",
            "name": "erik",
            "is_restricted": false,
            "is_ultra_restricted": false
        },
        "blocks": [
            {
                "type": "rich_text",
                "block_id": "4pKb",
                "elements": [
                    {
                        "type": "rich_text_section",
                        "elements": [
                            {
                                "type": "emoji",
                                "name": "thumbsup"
                            }
                        ]
                    }
                ]
            }
        ],
        "thread_ts": "1627021825.312800",
        "parent_user_id": "U0231C2LYNM"
    },
    {
        "client_msg_id": "e369d37b-17a9-4193-9101-3e5bb622cd88",
        "type": "message",
        "text": "That's exactly how I do things as well, FWIW -- I always want my answer to clients\/customers to be \"yes, I can help,\" even if that help just means introducing them to someone at no charge.",
        "user": "U017XD7H4P7",
        "ts": "1627206507.320100",
        "team": "TJE58GTJL",
        "user_team": "TJE58GTJL",
        "source_team": "TJE58GTJL",
        "user_profile": {
            "avatar_hash": "f9ab77023918",
            "image_72": "https:\/\/avatars.slack-edge.com\/2020-07-29\/1256516765207_f9ab77023918e4c2b919_72.png",
            "first_name": "Erik",
            "real_name": "Erik Dietrich",
            "display_name": "Erik Dietrich",
            "team": "TJE58GTJL",
            "name": "erik",
            "is_restricted": false,
            "is_ultra_restricted": false
        },
        "blocks": [
            {
                "type": "rich_text",
                "block_id": "Rsor",
                "elements": [
                    {
                        "type": "rich_text_section",
                        "elements": [
                            {
                                "type": "text",
                                "text": "That's exactly how I do things as well, FWIW -- I always want my answer to clients\/customers to be \"yes, I can help,\" even if that help just means introducing them to someone at no charge."
                            }
                        ]
                    }
                ]
            }
        ],
        "thread_ts": "1627021825.312800",
        "parent_user_id": "U0231C2LYNM"
    },
    {
        "client_msg_id": "8131b5e2-d8dd-4154-b836-9d62d7d6cf50",
        "type": "message",
        "text": "One last question... _would_ you subcontract it, if that's what the illustrator wanted?  There are some folks in my network that would just prefer the work, without client management, even at a reduced rate",
        "user": "U017XD7H4P7",
        "ts": "1627206567.320300",
        "team": "TJE58GTJL",
        "user_team": "TJE58GTJL",
        "source_team": "TJE58GTJL",
        "user_profile": {
            "avatar_hash": "f9ab77023918",
            "image_72": "https:\/\/avatars.slack-edge.com\/2020-07-29\/1256516765207_f9ab77023918e4c2b919_72.png",
            "first_name": "Erik",
            "real_name": "Erik Dietrich",
            "display_name": "Erik Dietrich",
            "team": "TJE58GTJL",
            "name": "erik",
            "is_restricted": false,
            "is_ultra_restricted": false
        },
        "blocks": [
            {
                "type": "rich_text",
                "block_id": "wGtVu",
                "elements": [
                    {
                        "type": "rich_text_section",
                        "elements": [
                            {
                                "type": "text",
                                "text": "One last question... "
                            },
                            {
                                "type": "text",
                                "text": "would ",
                                "style": {
                                    "italic": true
                                }
                            },
                            {
                                "type": "text",
                                "text": "you subcontract it, if that's what the illustrator wanted?  There are some folks in my network that would just prefer the work, without client management, even at a reduced rate"
                            }
                        ]
                    }
                ]
            }
        ],
        "thread_ts": "1627021825.312800",
        "parent_user_id": "U0231C2LYNM"
    },
    {
        "client_msg_id": "bee2ac28-b16f-410e-83fc-3fd2bec88eb3",
        "type": "message",
        "text": "Anyway, I'm at <mailto:erik@hitsubscribe.com|erik@hitsubscribe.com> -- if you'd like, please feel free to email me and I'll get you more tangible specifics.  I might be a little slower than normal in responding, though, in full disclosure.  I'm actually on vacation at the moment, through next weekend, and only hanging out here because I'm having trouble sleeping :confused:",
        "user": "U017XD7H4P7",
        "ts": "1627206659.320500",
        "team": "TJE58GTJL",
        "user_team": "TJE58GTJL",
        "source_team": "TJE58GTJL",
        "user_profile": {
            "avatar_hash": "f9ab77023918",
            "image_72": "https:\/\/avatars.slack-edge.com\/2020-07-29\/1256516765207_f9ab77023918e4c2b919_72.png",
            "first_name": "Erik",
            "real_name": "Erik Dietrich",
            "display_name": "Erik Dietrich",
            "team": "TJE58GTJL",
            "name": "erik",
            "is_restricted": false,
            "is_ultra_restricted": false
        },
        "blocks": [
            {
                "type": "rich_text",
                "block_id": "TFMaW",
                "elements": [
                    {
                        "type": "rich_text_section",
                        "elements": [
                            {
                                "type": "text",
                                "text": "Anyway, I'm at "
                            },
                            {
                                "type": "link",
                                "url": "mailto:erik@hitsubscribe.com",
                                "text": "erik@hitsubscribe.com"
                            },
                            {
                                "type": "text",
                                "text": " -- if you'd like, please feel free to email me and I'll get you more tangible specifics.  I might be a little slower than normal in responding, though, in full disclosure.  I'm actually on vacation at the moment, through next weekend, and only hanging out here because I'm having trouble sleeping "
                            },
                            {
                                "type": "emoji",
                                "name": "confused"
                            }
                        ]
                    }
                ]
            }
        ],
        "thread_ts": "1627021825.312800",
        "parent_user_id": "U0231C2LYNM"
    },
    {
        "client_msg_id": "7b967bb0-a676-4dca-91a6-c75bd9de658c",
        "type": "message",
        "text": "<@U017XD7H4P7> hope you manage to get some sleep! I’m unsure as to the logistics of the subcontracting stuff (I’m very new to the freelancing world!) I’ll ping you an email and you can respond when you’re free :slightly_smiling_face:",
        "user": "U0231C2LYNM",
        "ts": "1627244770.320700",
        "team": "TJE58GTJL",
        "user_team": "TJE58GTJL",
        "source_team": "TJE58GTJL",
        "user_profile": {
            "avatar_hash": "c1d845bba06d",
            "image_72": "https:\/\/avatars.slack-edge.com\/2021-05-21\/2090873932082_c1d845bba06d288505ec_72.jpg",
            "first_name": "Camille",
            "real_name": "Camille Hogg",
            "display_name": "Cami",
            "team": "TJE58GTJL",
            "name": "camille.l.hogg",
            "is_restricted": false,
            "is_ultra_restricted": false
        },
        "blocks": [
            {
                "type": "rich_text",
                "block_id": "Km6c",
                "elements": [
                    {
                        "type": "rich_text_section",
                        "elements": [
                            {
                                "type": "user",
                                "user_id": "U017XD7H4P7"
                            },
                            {
                                "type": "text",
                                "text": " hope you manage to get some sleep! I’m unsure as to the logistics of the subcontracting stuff (I’m very new to the freelancing world!) I’ll ping you an email and you can respond when you’re free "
                            },
                            {
                                "type": "emoji",
                                "name": "slightly_smiling_face"
                            }
                        ]
                    }
                ]
            }
        ],
        "thread_ts": "1627021825.312800",
        "parent_user_id": "U0231C2LYNM",
        "reactions": [
            {
                "name": "beers",
                "users": [
                    "U017XD7H4P7"
                ],
                "count": 1
            }
        ]
    }
]