[
    {
        "client_msg_id": "15359924-993c-4dca-a33d-e1f2451009bc",
        "type": "message",
        "text": "I would love to connect! I specialize in HRtech and would be a great asset.",
        "user": "U01PXN2LGAK",
        "ts": "1624383558.161200",
        "team": "TJE58GTJL",
        "user_team": "TJE58GTJL",
        "source_team": "TJE58GTJL",
        "user_profile": {
            "avatar_hash": "d8f5ac3cc9e1",
            "image_72": "https:\/\/avatars.slack-edge.com\/2022-04-15\/3395402924837_d8f5ac3cc9e1fe635001_72.png",
            "first_name": "Carmela",
            "real_name": "Carmela Montenegro",
            "display_name": "Carmela Montenegro",
            "team": "TJE58GTJL",
            "name": "carmela",
            "is_restricted": false,
            "is_ultra_restricted": false
        },
        "blocks": [
            {
                "type": "rich_text",
                "block_id": "Lx8",
                "elements": [
                    {
                        "type": "rich_text_section",
                        "elements": [
                            {
                                "type": "text",
                                "text": "I would love to connect! I specialize in HRtech and would be a great asset."
                            }
                        ]
                    }
                ]
            }
        ],
        "thread_ts": "1623684037.114000",
        "parent_user_id": "U0166H7KUAZ"
    },
    {
        "client_msg_id": "95c04f8e-92ef-4529-8789-8d522bf1e054",
        "type": "message",
        "text": "If we're talking energy vs time, ive found my sweet spot to be 2, leaving myself enough room to rest enough and work on side projects, and of course the admin side of the freelance business",
        "user": "UJE6FLEFJ",
        "ts": "1624396709.161900",
        "team": "TJE58GTJL",
        "user_team": "TJE58GTJL",
        "source_team": "TJE58GTJL",
        "user_profile": {
            "avatar_hash": "gc6ef52e2245",
            "image_72": "https:\/\/secure.gravatar.com\/avatar\/05c6ef52e2245358c2ae0b9a02308b7f.jpg?s=72&d=https%3A%2F%2Fa.slack-edge.com%2Fdf10d%2Fimg%2Favatars%2Fava_0007-72.png",
            "first_name": "",
            "real_name": "Brittany Berger",
            "display_name": "Brittany Berger",
            "team": "TJE58GTJL",
            "name": "brittany",
            "is_restricted": false,
            "is_ultra_restricted": false
        },
        "blocks": [
            {
                "type": "rich_text",
                "block_id": "m+Sv",
                "elements": [
                    {
                        "type": "rich_text_section",
                        "elements": [
                            {
                                "type": "text",
                                "text": "If we're talking energy vs time, ive found my sweet spot to be 2, leaving myself enough room to rest enough and work on side projects, and of course the admin side of the freelance business"
                            }
                        ]
                    }
                ]
            }
        ],
        "thread_ts": "1624087230.148800",
        "parent_user_id": "U025J1947A6",
        "reactions": [
            {
                "name": "white_check_mark",
                "users": [
                    "U01FUP6AMEZ"
                ],
                "count": 1
            }
        ]
    }
]