[
    {
        "client_msg_id": "cfb9db07-1555-403a-a39b-efd38f4ab5b8",
        "type": "message",
        "text": "I love the name of your agency <@U022WPACV4L>. Question: will this be a ghostwriter role or will the writer be credited?",
        "user": "URL9Z88MR",
        "ts": "1626943689.308100",
        "team": "TJE58GTJL",
        "user_team": "TJE58GTJL",
        "source_team": "TJE58GTJL",
        "user_profile": {
            "avatar_hash": "b378849a08c9",
            "image_72": "https:\/\/avatars.slack-edge.com\/2022-04-19\/3421516666961_b378849a08c9e1d4c33a_72.jpg",
            "first_name": "t1",
            "real_name": "t1",
            "display_name": "t1",
            "team": "TJE58GTJL",
            "name": "delfinahoxha",
            "is_restricted": false,
            "is_ultra_restricted": false
        },
        "blocks": [
            {
                "type": "rich_text",
                "block_id": "bpsC",
                "elements": [
                    {
                        "type": "rich_text_section",
                        "elements": [
                            {
                                "type": "text",
                                "text": "I love the name of your agency "
                            },
                            {
                                "type": "user",
                                "user_id": "U022WPACV4L"
                            },
                            {
                                "type": "text",
                                "text": ". Question: will this be a ghostwriter role or will the writer be credited?"
                            }
                        ]
                    }
                ]
            }
        ],
        "thread_ts": "1626896769.306100",
        "parent_user_id": "U022WPACV4L"
    },
    {
        "client_msg_id": "934e234f-707f-43f0-9896-0c0d5c1e59e7",
        "type": "message",
        "text": "ghostwriter",
        "user": "U022WPACV4L",
        "ts": "1626968313.308300",
        "team": "TJE58GTJL",
        "user_team": "TJE58GTJL",
        "source_team": "TJE58GTJL",
        "user_profile": {
            "avatar_hash": "bc588db919e3",
            "image_72": "https:\/\/avatars.slack-edge.com\/2021-05-21\/2092645159746_bc588db919e300f6dc48_72.jpg",
            "first_name": "Taran",
            "real_name": "Taran Soodan",
            "display_name": "Taran Soodan",
            "team": "TJE58GTJL",
            "name": "taran",
            "is_restricted": false,
            "is_ultra_restricted": false
        },
        "edited": {
            "user": "U022WPACV4L",
            "ts": "1626968319.000000"
        },
        "blocks": [
            {
                "type": "rich_text",
                "block_id": "h88qu",
                "elements": [
                    {
                        "type": "rich_text_section",
                        "elements": [
                            {
                                "type": "text",
                                "text": "ghostwriter"
                            }
                        ]
                    }
                ]
            }
        ],
        "thread_ts": "1626896769.306100",
        "parent_user_id": "U022WPACV4L"
    },
    {
        "client_msg_id": "63c9cb49-02ea-44bf-9a27-032e8ad01819",
        "type": "message",
        "text": "hello all! Does anyone have any good leads on freelance illustrators they love working with? I’m working on a fun project with a new client (a very new startup), and I’m looking to get a few quotes to see a ballpark figure. I’d really like to elevate the pieces and feel illustration is the way to do it :slightly_smiling_face:",
        "user": "U0231C2LYNM",
        "ts": "1627021825.312800",
        "team": "TJE58GTJL",
        "user_team": "TJE58GTJL",
        "source_team": "TJE58GTJL",
        "user_profile": {
            "avatar_hash": "c1d845bba06d",
            "image_72": "https:\/\/avatars.slack-edge.com\/2021-05-21\/2090873932082_c1d845bba06d288505ec_72.jpg",
            "first_name": "Camille",
            "real_name": "Camille Hogg",
            "display_name": "Cami",
            "team": "TJE58GTJL",
            "name": "camille.l.hogg",
            "is_restricted": false,
            "is_ultra_restricted": false
        },
        "blocks": [
            {
                "type": "rich_text",
                "block_id": "wSCBJ",
                "elements": [
                    {
                        "type": "rich_text_section",
                        "elements": [
                            {
                                "type": "text",
                                "text": "hello all! Does anyone have any good leads on freelance illustrators they love working with? I’m working on a fun project with a new client (a very new startup), and I’m looking to get a few quotes to see a ballpark figure. I’d really like to elevate the pieces and feel illustration is the way to do it "
                            },
                            {
                                "type": "emoji",
                                "name": "slightly_smiling_face"
                            }
                        ]
                    }
                ]
            }
        ],
        "thread_ts": "1627021825.312800",
        "reply_count": 12,
        "reply_users_count": 3,
        "latest_reply": "1627244770.320700",
        "reply_users": [
            "U01FUP6AMEZ",
            "U017XD7H4P7",
            "U0231C2LYNM"
        ],
        "replies": [
            {
                "user": "U01FUP6AMEZ",
                "ts": "1627050470.313000"
            },
            {
                "user": "U01FUP6AMEZ",
                "ts": "1627050492.313200"
            },
            {
                "user": "U017XD7H4P7",
                "ts": "1627200896.318700"
            },
            {
                "user": "U017XD7H4P7",
                "ts": "1627200909.318900"
            },
            {
                "user": "U0231C2LYNM",
                "ts": "1627201173.319100"
            },
            {
                "user": "U017XD7H4P7",
                "ts": "1627203008.319500"
            },
            {
                "user": "U0231C2LYNM",
                "ts": "1627203219.319700"
            },
            {
                "user": "U017XD7H4P7",
                "ts": "1627206473.319900"
            },
            {
                "user": "U017XD7H4P7",
                "ts": "1627206507.320100"
            },
            {
                "user": "U017XD7H4P7",
                "ts": "1627206567.320300"
            },
            {
                "user": "U017XD7H4P7",
                "ts": "1627206659.320500"
            },
            {
                "user": "U0231C2LYNM",
                "ts": "1627244770.320700"
            }
        ],
        "is_locked": false,
        "subscribed": false,
        "reactions": [
            {
                "name": "eyes",
                "users": [
                    "U01FUP6AMEZ",
                    "U016LHA1BHP"
                ],
                "count": 2
            }
        ]
    }
]