[
    {
        "client_msg_id": "92661ef6-c9c5-4e04-9a46-53c88f7d3767",
        "type": "message",
        "text": "Hey friends! :wave: I'm looking for a freelance writer who specializes in *Sales pages and\/or launch copy* - this is for a client of mine in the financial planning industry. If you can write a kickass sales page (with the sales numbers to back it up), and you have availability for a project in Jan\/Feb, pls DM me with your portfolio and any rate info. Thanks!!",
        "user": "U01MKHM96BZ",
        "ts": "1639650881.487200",
        "team": "TJE58GTJL",
        "user_team": "TJE58GTJL",
        "source_team": "TJE58GTJL",
        "user_profile": {
            "avatar_hash": "fca95587b9a4",
            "image_72": "https:\/\/avatars.slack-edge.com\/2021-02-15\/1775802159408_fca95587b9a449dbdcff_72.jpg",
            "first_name": "Rebecca",
            "real_name": "Rebecca Rosenberg",
            "display_name": "Rebecca",
            "team": "TJE58GTJL",
            "name": "hello580",
            "is_restricted": false,
            "is_ultra_restricted": false
        },
        "blocks": [
            {
                "type": "rich_text",
                "block_id": "2zAH",
                "elements": [
                    {
                        "type": "rich_text_section",
                        "elements": [
                            {
                                "type": "text",
                                "text": "Hey friends! "
                            },
                            {
                                "type": "emoji",
                                "name": "wave"
                            },
                            {
                                "type": "text",
                                "text": " I'm looking for a freelance writer who specializes in "
                            },
                            {
                                "type": "text",
                                "text": "Sales pages and\/or launch copy",
                                "style": {
                                    "bold": true
                                }
                            },
                            {
                                "type": "text",
                                "text": " - this is for a client of mine in the financial planning industry. If you can write a kickass sales page (with the sales numbers to back it up), and you have availability for a project in Jan\/Feb, pls DM me with your portfolio and any rate info. Thanks!!"
                            }
                        ]
                    }
                ]
            }
        ],
        "thread_ts": "1639650881.487200",
        "reply_count": 2,
        "reply_users_count": 1,
        "latest_reply": "1639672046.488900",
        "reply_users": [
            "U02QKBYPBH9"
        ],
        "replies": [
            {
                "user": "U02QKBYPBH9",
                "ts": "1639672012.488600"
            },
            {
                "user": "U02QKBYPBH9",
                "ts": "1639672046.488900"
            }
        ],
        "is_locked": false,
        "subscribed": false
    },
    {
        "client_msg_id": "1d5e564c-8908-416c-a282-ae1af53fa4bf",
        "type": "message",
        "text": "<@U01MKHM96BZ> I will send you a Dm",
        "user": "U02Q8U5T7TP",
        "ts": "1639665816.487600",
        "team": "TJE58GTJL",
        "user_team": "TJE58GTJL",
        "source_team": "TJE58GTJL",
        "user_profile": {
            "avatar_hash": "6ac00fe7f7de",
            "image_72": "https:\/\/avatars.slack-edge.com\/2022-04-15\/3395185200147_6ac00fe7f7de679b0f41_72.jpg",
            "first_name": "Johelski",
            "real_name": "Johelski",
            "display_name": "johelski",
            "team": "TJE58GTJL",
            "name": "ajayijohel",
            "is_restricted": false,
            "is_ultra_restricted": false
        },
        "blocks": [
            {
                "type": "rich_text",
                "block_id": "hp8",
                "elements": [
                    {
                        "type": "rich_text_section",
                        "elements": [
                            {
                                "type": "user",
                                "user_id": "U01MKHM96BZ"
                            },
                            {
                                "type": "text",
                                "text": " I will send you a Dm"
                            }
                        ]
                    }
                ]
            }
        ]
    },
    {
        "client_msg_id": "8837bbae-ea27-432c-9567-0c15b9fe48ea",
        "type": "message",
        "text": ":de: Any German-native writers here? Send me a DM!  Journalism degree is a plus!",
        "user": "U02GFCTS89J",
        "ts": "1639670314.488500",
        "team": "TJE58GTJL",
        "user_team": "TJE58GTJL",
        "source_team": "TJE58GTJL",
        "user_profile": {
            "avatar_hash": "1911a59ab4a8",
            "image_72": "https:\/\/avatars.slack-edge.com\/2021-10-01\/2570431495553_1911a59ab4a804da14e5_72.png",
            "first_name": "Julian",
            "real_name": "Julian Schaaf",
            "display_name": "Julian Schaaf",
            "team": "TJE58GTJL",
            "name": "julian",
            "is_restricted": false,
            "is_ultra_restricted": false
        },
        "blocks": [
            {
                "type": "rich_text",
                "block_id": "I59",
                "elements": [
                    {
                        "type": "rich_text_section",
                        "elements": [
                            {
                                "type": "emoji",
                                "name": "de"
                            },
                            {
                                "type": "text",
                                "text": " Any German-native writers here? Send me a DM!  Journalism degree is a plus!"
                            }
                        ]
                    }
                ]
            }
        ],
        "reactions": [
            {
                "name": "+1",
                "users": [
                    "U01TB1SDD61"
                ],
                "count": 1
            }
        ]
    },
    {
        "client_msg_id": "b2ba6500-4ed7-4f74-bb72-d7abc684d8f5",
        "type": "message",
        "text": "Cannot recommend <https:\/\/www.copyanddonuts.com> enough for this.",
        "user": "U02QKBYPBH9",
        "ts": "1639672012.488600",
        "team": "TJE58GTJL",
        "user_team": "TJE58GTJL",
        "source_team": "TJE58GTJL",
        "user_profile": {
            "avatar_hash": "c6f0a530cc72",
            "image_72": "https:\/\/avatars.slack-edge.com\/2021-12-14\/2825658114487_c6f0a530cc7209decb11_72.jpg",
            "first_name": "Joel",
            "real_name": "Joel Klettke",
            "display_name": "Joel Klettke",
            "team": "TJE58GTJL",
            "name": "joel661",
            "is_restricted": false,
            "is_ultra_restricted": false
        },
        "attachments": [
            {
                "from_url": "https:\/\/www.copyanddonuts.com\/",
                "image_url": "https:\/\/lh3.googleusercontent.com\/X0ZH09i3FCplMLL-mPNSZE1Wp9ZUowM8PHbrpovUfEQ3tosR-IdMW2crCU56kRzdKsCrsdgTK6x3VdhWwccu",
                "image_width": 476,
                "image_height": 250,
                "image_bytes": 37819,
                "service_icon": "https:\/\/lh3.googleusercontent.com\/fq0m1DN-_TA7oJ7JBkfq7DNPfseD_V0yZtSiWso2xwdrPq-hBQd7tG3jkt-kFvaxhbxBUMVo3T6Y1fA_OZE8tLU",
                "id": 1,
                "original_url": "https:\/\/www.copyanddonuts.com",
                "fallback": "Financial copy, concepts and conversions | Copy &amp; Donuts",
                "text": "Need a \"wordsmith\" or a good ROI? As a conversion copywriter for financial companies, I help fintechs, startup and scaleups make. every. word. count.",
                "title": "Financial copy, concepts and conversions | Copy &amp; Donuts",
                "title_link": "https:\/\/www.copyanddonuts.com\/",
                "service_name": "copyanddonuts.com"
            }
        ],
        "blocks": [
            {
                "type": "rich_text",
                "block_id": "=GSz",
                "elements": [
                    {
                        "type": "rich_text_section",
                        "elements": [
                            {
                                "type": "text",
                                "text": "Cannot recommend "
                            },
                            {
                                "type": "link",
                                "url": "https:\/\/www.copyanddonuts.com"
                            },
                            {
                                "type": "text",
                                "text": " enough for this."
                            }
                        ]
                    }
                ]
            }
        ],
        "thread_ts": "1639650881.487200",
        "parent_user_id": "U01MKHM96BZ"
    },
    {
        "client_msg_id": "f7a8eaec-3c54-42be-a0c6-9d582934c41f",
        "type": "message",
        "text": "It's his exact space\/vertical. Can't get him to DM you as he's not in this group, but would be worth a nudge!",
        "user": "U02QKBYPBH9",
        "ts": "1639672046.488900",
        "team": "TJE58GTJL",
        "user_team": "TJE58GTJL",
        "source_team": "TJE58GTJL",
        "user_profile": {
            "avatar_hash": "c6f0a530cc72",
            "image_72": "https:\/\/avatars.slack-edge.com\/2021-12-14\/2825658114487_c6f0a530cc7209decb11_72.jpg",
            "first_name": "Joel",
            "real_name": "Joel Klettke",
            "display_name": "Joel Klettke",
            "team": "TJE58GTJL",
            "name": "joel661",
            "is_restricted": false,
            "is_ultra_restricted": false
        },
        "blocks": [
            {
                "type": "rich_text",
                "block_id": "Bw2fl",
                "elements": [
                    {
                        "type": "rich_text_section",
                        "elements": [
                            {
                                "type": "text",
                                "text": "It's his exact space\/vertical. Can't get him to DM you as he's not in this group, but would be worth a nudge!"
                            }
                        ]
                    }
                ]
            }
        ],
        "thread_ts": "1639650881.487200",
        "parent_user_id": "U01MKHM96BZ"
    },
    {
        "client_msg_id": "bb2e1352-f21e-4865-98f7-44053b7c1b0f",
        "type": "message",
        "text": "Question - for a c-suite ghostwriter, specifically for social media, what quotes can I expect to manage 3 platforms? We are looking to add 1 freelance consultant and I was asked to source some quotes so we have determine budget. \n\nScope would be to post content that the VP is highlighted in, repurpose blogs into social media, and just overall manage their platforms. \n\nAny thoughts?",
        "user": "U01TPUG6YE5",
        "ts": "1639708981.492200",
        "team": "TJE58GTJL",
        "user_team": "TJE58GTJL",
        "source_team": "TJE58GTJL",
        "user_profile": {
            "avatar_hash": "e33fca718269",
            "image_72": "https:\/\/avatars.slack-edge.com\/2021-06-28\/2217136981141_e33fca718269ad91729b_72.png",
            "first_name": "Mitangi",
            "real_name": "Mitangi Parekh",
            "display_name": "Mitangi Parekh",
            "team": "TJE58GTJL",
            "name": "emparekh",
            "is_restricted": false,
            "is_ultra_restricted": false
        },
        "blocks": [
            {
                "type": "rich_text",
                "block_id": "Is7",
                "elements": [
                    {
                        "type": "rich_text_section",
                        "elements": [
                            {
                                "type": "text",
                                "text": "Question - for a c-suite ghostwriter, specifically for social media, what quotes can I expect to manage 3 platforms? We are looking to add 1 freelance consultant and I was asked to source some quotes so we have determine budget. \n\nScope would be to post content that the VP is highlighted in, repurpose blogs into social media, and just overall manage their platforms. \n\nAny thoughts?"
                            }
                        ]
                    }
                ]
            }
        ]
    }
]