[
    {
        "client_msg_id": "3279680c-e430-4165-91ef-f4fe43ee2566",
        "type": "message",
        "text": "i don't but would love any recs for the same reason!",
        "user": "U01FUP6AMEZ",
        "ts": "1627050470.313000",
        "team": "TJE58GTJL",
        "user_team": "TJE58GTJL",
        "source_team": "TJE58GTJL",
        "user_profile": {
            "avatar_hash": "128762c3ea3f",
            "image_72": "https:\/\/avatars.slack-edge.com\/2020-12-01\/1527137254583_128762c3ea3f3d65d19b_72.jpg",
            "first_name": "Joanna",
            "real_name": "Joanna Rutter",
            "display_name": "Joanna Rutter",
            "team": "TJE58GTJL",
            "name": "rutterjoanna",
            "is_restricted": false,
            "is_ultra_restricted": false
        },
        "blocks": [
            {
                "type": "rich_text",
                "block_id": "hdk",
                "elements": [
                    {
                        "type": "rich_text_section",
                        "elements": [
                            {
                                "type": "text",
                                "text": "i don't but would love any recs for the same reason!"
                            }
                        ]
                    }
                ]
            }
        ],
        "thread_ts": "1627021825.312800",
        "parent_user_id": "U0231C2LYNM"
    },
    {
        "client_msg_id": "f551c1a8-451f-4e94-a79e-d2571fecf084",
        "type": "message",
        "text": "in a pinch I recommend looking through John D Saunders' Black Illustrations website for rly quality options -- <https:\/\/www.blackillustrations.com\/>",
        "user": "U01FUP6AMEZ",
        "ts": "1627050492.313200",
        "team": "TJE58GTJL",
        "user_team": "TJE58GTJL",
        "source_team": "TJE58GTJL",
        "user_profile": {
            "avatar_hash": "128762c3ea3f",
            "image_72": "https:\/\/avatars.slack-edge.com\/2020-12-01\/1527137254583_128762c3ea3f3d65d19b_72.jpg",
            "first_name": "Joanna",
            "real_name": "Joanna Rutter",
            "display_name": "Joanna Rutter",
            "team": "TJE58GTJL",
            "name": "rutterjoanna",
            "is_restricted": false,
            "is_ultra_restricted": false
        },
        "attachments": [
            {
                "title": "Illustrations of Black People for Your Next Digital Project | Black Illustrations",
                "title_link": "https:\/\/www.blackillustrations.com\/",
                "text": "Black illustrations is a series of FREE digital designs of black people for your next online project. Free for commercial and personal use.",
                "fallback": "Illustrations of Black People for Your Next Digital Project | Black Illustrations",
                "image_url": "https:\/\/assets.website-files.com\/5f0a234d1293a2f4eb599bb5\/5f0b0af963d9d8914a9fbad8_Black%20Illustrations%20-%20Open%20Graph%20Image.jpg",
                "from_url": "https:\/\/www.blackillustrations.com\/",
                "image_width": 476,
                "image_height": 250,
                "image_bytes": 282625,
                "service_name": "blackillustrations.com",
                "id": 1,
                "original_url": "https:\/\/www.blackillustrations.com\/"
            }
        ],
        "blocks": [
            {
                "type": "rich_text",
                "block_id": "hTXL",
                "elements": [
                    {
                        "type": "rich_text_section",
                        "elements": [
                            {
                                "type": "text",
                                "text": "in a pinch I recommend looking through John D Saunders' Black Illustrations website for rly quality options -- "
                            },
                            {
                                "type": "link",
                                "url": "https:\/\/www.blackillustrations.com\/"
                            }
                        ]
                    }
                ]
            }
        ],
        "thread_ts": "1627021825.312800",
        "parent_user_id": "U0231C2LYNM",
        "reactions": [
            {
                "name": "raised_hands",
                "users": [
                    "U0231C2LYNM"
                ],
                "count": 1
            }
        ]
    },
    {
        "client_msg_id": "d261d307-5de9-4784-a0c9-0fff8e4cbe80",
        "type": "message",
        "text": "Hi everyone! We’re looking for freelance writers to contribute to our blog on an ongoing basis. These would be credited articles.\n\nThe blog is for a real estate marketing company so experience writing for real estate agents and marketers is a huge plus.\n\nIf interested, please apply here (no DMs)\n<https:\/\/airtable.com\/shrMqMeztBqAvGyu7>",
        "user": "U029M4L0996",
        "ts": "1627053628.315000",
        "team": "TJE58GTJL",
        "user_team": "TJE58GTJL",
        "source_team": "TJE58GTJL",
        "user_profile": {
            "avatar_hash": "gcd18397c9f2",
            "image_72": "https:\/\/secure.gravatar.com\/avatar\/cd18397c9f2e06f81d5f2f34158d6b63.jpg?s=72&d=https%3A%2F%2Fa.slack-edge.com%2Fdf10d%2Fimg%2Favatars%2Fava_0024-72.png",
            "first_name": "Michael",
            "real_name": "Michael Yates",
            "display_name": "",
            "team": "TJE58GTJL",
            "name": "myates01",
            "is_restricted": false,
            "is_ultra_restricted": false
        },
        "blocks": [
            {
                "type": "rich_text",
                "block_id": "azYv",
                "elements": [
                    {
                        "type": "rich_text_section",
                        "elements": [
                            {
                                "type": "text",
                                "text": "Hi everyone! We’re looking for freelance writers to contribute to our blog on an ongoing basis. These would be credited articles.\n\nThe blog is for a real estate marketing company so experience writing for real estate agents and marketers is a huge plus.\n\nIf interested, please apply here (no DMs)\n"
                            },
                            {
                                "type": "link",
                                "url": "https:\/\/airtable.com\/shrMqMeztBqAvGyu7"
                            }
                        ]
                    }
                ]
            }
        ],
        "reactions": [
            {
                "name": "raised_hands",
                "users": [
                    "U012GHRAHDK",
                    "U020EL92NBZ",
                    "U023Q8E7MNE",
                    "U029G4HMVFH"
                ],
                "count": 4
            },
            {
                "name": "+1",
                "users": [
                    "UUVS5HWMB",
                    "U023Q8E7MNE",
                    "U016LHA1BHP"
                ],
                "count": 3
            },
            {
                "name": "+1::skin-tone-5",
                "users": [
                    "UUVRK10QG"
                ],
                "count": 1
            }
        ]
    },
    {
        "client_msg_id": "3a824332-2e22-447a-98ad-775d7e33f067",
        "type": "message",
        "text": "Have another client looking for help with contributing to their blog (1,000-1,500 word posts generally, 1-2 per week). Any SaaS\/B2B experience would be a plus here. If interested DM me your rates and links; if we chatted before feel free to reach back out.",
        "user": "U0166H7KUAZ",
        "ts": "1627072544.317500",
        "team": "TJE58GTJL",
        "user_team": "TJE58GTJL",
        "source_team": "TJE58GTJL",
        "user_profile": {
            "avatar_hash": "f58be1456496",
            "image_72": "https:\/\/avatars.slack-edge.com\/2020-06-29\/1197308509671_f58be1456496f374b7ea_72.jpg",
            "first_name": "",
            "real_name": "Phillip Paquette",
            "display_name": "Phillip Paquette",
            "team": "TJE58GTJL",
            "name": "phillippaquette",
            "is_restricted": false,
            "is_ultra_restricted": false
        },
        "blocks": [
            {
                "type": "rich_text",
                "block_id": "w31k",
                "elements": [
                    {
                        "type": "rich_text_section",
                        "elements": [
                            {
                                "type": "text",
                                "text": "Have another client looking for help with contributing to their blog (1,000-1,500 word posts generally, 1-2 per week). Any SaaS\/B2B experience would be a plus here. If interested DM me your rates and links; if we chatted before feel free to reach back out."
                            }
                        ]
                    }
                ]
            }
        ],
        "thread_ts": "1627072544.317500",
        "reply_count": 2,
        "reply_users_count": 2,
        "latest_reply": "1627153374.318500",
        "reply_users": [
            "U01RSA9E9D4",
            "U01K3VD3154"
        ],
        "replies": [
            {
                "user": "U01RSA9E9D4",
                "ts": "1627088451.317900"
            },
            {
                "user": "U01K3VD3154",
                "ts": "1627153374.318500"
            }
        ],
        "is_locked": false,
        "subscribed": false,
        "reactions": [
            {
                "name": "raised_hands",
                "users": [
                    "U028D815JA0",
                    "U01QNH5QUG7"
                ],
                "count": 2
            },
            {
                "name": "+1",
                "users": [
                    "UUVS5HWMB",
                    "U01J84U3SQ6"
                ],
                "count": 2
            },
            {
                "name": "heart",
                "users": [
                    "U01K3VD3154"
                ],
                "count": 1
            }
        ]
    },
    {
        "client_msg_id": "d192673b-9170-4e56-859c-9ad7fca45010",
        "type": "message",
        "text": "Interested. Just DM'd you <@U0166H7KUAZ>",
        "user": "U01RSA9E9D4",
        "ts": "1627088451.317900",
        "team": "TJE58GTJL",
        "user_team": "TJE58GTJL",
        "source_team": "TJE58GTJL",
        "user_profile": {
            "avatar_hash": "gfbc217f6e1b",
            "image_72": "https:\/\/secure.gravatar.com\/avatar\/fbc217f6e1b233bf10c4247333c118e2.jpg?s=72&d=https%3A%2F%2Fa.slack-edge.com%2Fdf10d%2Fimg%2Favatars%2Fava_0013-72.png",
            "first_name": "Anfernee",
            "real_name": "Anfernee Chansamooth",
            "display_name": "Anf Chansamooth",
            "team": "TJE58GTJL",
            "name": "anf",
            "is_restricted": false,
            "is_ultra_restricted": false
        },
        "blocks": [
            {
                "type": "rich_text",
                "block_id": "WaH",
                "elements": [
                    {
                        "type": "rich_text_section",
                        "elements": [
                            {
                                "type": "text",
                                "text": "Interested. Just DM'd you "
                            },
                            {
                                "type": "user",
                                "user_id": "U0166H7KUAZ"
                            }
                        ]
                    }
                ]
            }
        ],
        "thread_ts": "1627072544.317500",
        "parent_user_id": "U0166H7KUAZ"
    }
]