[
    {
        "client_msg_id": "0c872c6f-eccd-4acb-aedb-4dd80b9feef1",
        "type": "message",
        "text": "+1 for <@U01KT0GGM0S>",
        "user": "U01B8FNUWRK",
        "ts": "1630746172.102800",
        "team": "TJE58GTJL",
        "user_team": "TJE58GTJL",
        "source_team": "TJE58GTJL",
        "user_profile": {
            "avatar_hash": "a3ab825f6110",
            "image_72": "https:\/\/avatars.slack-edge.com\/2020-09-24\/1386090918259_a3ab825f611075cc2d61_72.jpg",
            "first_name": "Shadrack",
            "real_name": "Shadrack",
            "display_name": "Shadrack",
            "team": "TJE58GTJL",
            "name": "shadrack552",
            "is_restricted": false,
            "is_ultra_restricted": false
        },
        "blocks": [
            {
                "type": "rich_text",
                "block_id": "3OPW",
                "elements": [
                    {
                        "type": "rich_text_section",
                        "elements": [
                            {
                                "type": "text",
                                "text": "+1 for "
                            },
                            {
                                "type": "user",
                                "user_id": "U01KT0GGM0S"
                            }
                        ]
                    }
                ]
            }
        ],
        "thread_ts": "1630686369.096700",
        "parent_user_id": "U0241JR2TS7"
    },
    {
        "client_msg_id": "17F9A906-57CF-41CC-AFB1-C65247D3A067",
        "type": "message",
        "text": "Hey Folks, \n\nI'm a freelance writer, and I would be launching a course this month talking about how to land high-paying clients as a freelance writer. I am looking to collaborate with an SEO copywriter to be on my course.\n\nBenefit - You'd get 10% of my total sales for the next three months from the date the course is launched.\n\nSend an email to <mailto:lanisodunke@gmail.com|lanisodunke@gmail.com> to learn more if you're interested in collaborating. \n\nThanks!",
        "user": "U024BJNTBC0",
        "ts": "1630761127.103100",
        "team": "TJE58GTJL",
        "user_team": "TJE58GTJL",
        "source_team": "TJE58GTJL",
        "user_profile": {
            "avatar_hash": "g5538bc18144",
            "image_72": "https:\/\/secure.gravatar.com\/avatar\/5538bc18144a28fd319eac51d764fa0b.jpg?s=72&d=https%3A%2F%2Fa.slack-edge.com%2Fdf10d%2Fimg%2Favatars%2Fava_0014-72.png",
            "first_name": "Lani",
            "real_name": "Lani Sodunke",
            "display_name": "",
            "team": "TJE58GTJL",
            "name": "lanisodunke",
            "is_restricted": false,
            "is_ultra_restricted": false
        },
        "blocks": [
            {
                "type": "rich_text",
                "block_id": "RgGm8",
                "elements": [
                    {
                        "type": "rich_text_section",
                        "elements": [
                            {
                                "type": "text",
                                "text": "Hey Folks, \n\nI'm a freelance writer, and I would be launching a course this month talking about how to land high-paying clients as a freelance writer. I am looking to collaborate with an SEO copywriter to be on my course.\n\nBenefit - You'd get 10% of my total sales for the next three months from the date the course is launched.\n\nSend an email to "
                            },
                            {
                                "type": "link",
                                "url": "mailto:lanisodunke@gmail.com",
                                "text": "lanisodunke@gmail.com"
                            },
                            {
                                "type": "text",
                                "text": " to learn more if you're interested in collaborating. \n\nThanks!"
                            }
                        ]
                    }
                ]
            }
        ]
    }
]