[
    {
        "client_msg_id": "ea6a5253-d79f-42bf-bf85-1a7bec1fdf8f",
        "type": "message",
        "text": "<@U0236PYP3SR> I guess I have assumed that wouldn't go over well with clients...and even if it did, it would still suck to be paying that much when there is an option that saves both me and the clients money.",
        "user": "U022P474MC1",
        "ts": "1622558910.073300",
        "team": "TJE58GTJL",
        "user_team": "TJE58GTJL",
        "source_team": "TJE58GTJL",
        "user_profile": {
            "avatar_hash": "c1788e27ca6f",
            "image_72": "https:\/\/avatars.slack-edge.com\/2021-05-18\/2091575222257_c1788e27ca6fd57a877a_72.png",
            "first_name": "Olivia",
            "real_name": "Olivia Barrow",
            "display_name": "Olivia Barrow (she\/her)",
            "team": "TJE58GTJL",
            "name": "obarrow12",
            "is_restricted": false,
            "is_ultra_restricted": false
        },
        "blocks": [
            {
                "type": "rich_text",
                "block_id": "uRM",
                "elements": [
                    {
                        "type": "rich_text_section",
                        "elements": [
                            {
                                "type": "user",
                                "user_id": "U0236PYP3SR"
                            },
                            {
                                "type": "text",
                                "text": " I guess I have assumed that wouldn't go over well with clients...and even if it did, it would still suck to be paying that much when there is an option that saves both me and the clients money."
                            }
                        ]
                    }
                ]
            }
        ],
        "thread_ts": "1621528130.029700",
        "parent_user_id": "U022P474MC1"
    },
    {
        "client_msg_id": "ef6290ad-6ea2-4812-995d-c255d008cbdd",
        "type": "message",
        "text": "<@U01FUP6AMEZ> with Quickbooks, if your customers are paying via ACH, you don't even lose a 1.5% so you'll come out ahead if you're invoicing for more than $1,000 a month.",
        "user": "U022P474MC1",
        "ts": "1622558957.073500",
        "team": "TJE58GTJL",
        "user_team": "TJE58GTJL",
        "source_team": "TJE58GTJL",
        "user_profile": {
            "avatar_hash": "c1788e27ca6f",
            "image_72": "https:\/\/avatars.slack-edge.com\/2021-05-18\/2091575222257_c1788e27ca6fd57a877a_72.png",
            "first_name": "Olivia",
            "real_name": "Olivia Barrow",
            "display_name": "Olivia Barrow (she\/her)",
            "team": "TJE58GTJL",
            "name": "obarrow12",
            "is_restricted": false,
            "is_ultra_restricted": false
        },
        "blocks": [
            {
                "type": "rich_text",
                "block_id": "IQt",
                "elements": [
                    {
                        "type": "rich_text_section",
                        "elements": [
                            {
                                "type": "user",
                                "user_id": "U01FUP6AMEZ"
                            },
                            {
                                "type": "text",
                                "text": " with Quickbooks, if your customers are paying via ACH, you don't even lose a 1.5% so you'll come out ahead if you're invoicing for more than $1,000 a month."
                            }
                        ]
                    }
                ]
            }
        ],
        "thread_ts": "1621528130.029700",
        "parent_user_id": "U022P474MC1",
        "reactions": [
            {
                "name": "eyes",
                "users": [
                    "U01FUP6AMEZ"
                ],
                "count": 1
            }
        ]
    },
    {
        "client_msg_id": "8a0a59c6-0cc3-428f-980b-56d454e79329",
        "type": "message",
        "text": "Hi there I’m looking for creatives who LIKE making graphics and editing\/shooting video content. This would live primarily on social media (IG, Twitter) and is a per post\/project basis. Ideally someone who is fast, aware of TikTok\/IG trends (fan cams, effects, quick edits) and fluid bouncing from project to project.",
        "user": "U023JN5S1K7",
        "ts": "1622592604.078300",
        "team": "TJE58GTJL",
        "user_team": "TJE58GTJL",
        "source_team": "TJE58GTJL",
        "user_profile": {
            "avatar_hash": "b63d0f9f1e14",
            "image_72": "https:\/\/avatars.slack-edge.com\/2021-06-01\/2121349215029_b63d0f9f1e149a8e3592_72.png",
            "first_name": "Wynter",
            "real_name": "Wynter Mitchell-Rohrbaugh",
            "display_name": "Wynter Mitchell-Rohrbaugh",
            "team": "TJE58GTJL",
            "name": "wyn",
            "is_restricted": false,
            "is_ultra_restricted": false
        },
        "blocks": [
            {
                "type": "rich_text",
                "block_id": "TEoA",
                "elements": [
                    {
                        "type": "rich_text_section",
                        "elements": [
                            {
                                "type": "text",
                                "text": "Hi there I’m looking for creatives who LIKE making graphics and editing\/shooting video content. This would live primarily on social media (IG, Twitter) and is a per post\/project basis. Ideally someone who is fast, aware of TikTok\/IG trends (fan cams, effects, quick edits) and fluid bouncing from project to project."
                            }
                        ]
                    }
                ]
            }
        ],
        "thread_ts": "1622592604.078300",
        "reply_count": 3,
        "reply_users_count": 2,
        "latest_reply": "1623434822.103600",
        "reply_users": [
            "U01B8FNUWRK",
            "U023JN5S1K7"
        ],
        "replies": [
            {
                "user": "U01B8FNUWRK",
                "ts": "1623012528.087600"
            },
            {
                "user": "U023JN5S1K7",
                "ts": "1623431282.103400"
            },
            {
                "user": "U01B8FNUWRK",
                "ts": "1623434822.103600"
            }
        ],
        "is_locked": false,
        "subscribed": false
    }
]