[
    {
        "client_msg_id": "63b269d8-f23b-4b21-80e5-a9afd01ae20f",
        "type": "message",
        "text": "Hey ya’ll! I have a client who’s looking for a *freelance junior content writer* for some blogs. Here are the project specs:\n\n• *Deliverables*: 4 blogs\/ month (1,000-1,500 words each)\n• *Pay*: £250 each (£1,000\/ month) \n• *Industry*: B2B eCommerce (experience in this niche is not necessary, but the writer should know how to do extensive research)\n• *Start date*: January ’22 (indefinite contract, assuming all goes well)\n• *Few words on the client*: He’s super easygoing and pays on time. This would be a great opportunity for a junior writer who’s interested in getting experience in the industry.\nThere will be a paid trial blog to kick things off.\n\nIf interested, *please DM me 2-3 of your best writing samples by Friday, 11\/26* (only via Slack, please). If you have someone in mind who would be a good fit, let me know as well.\n\nPLEASE NOTE: This client is only looking for _serious_ candidates. He’s had issues in the past with writers not turning in work on time, compromising quality as the months pass, etc. (I may be saying this in vain, but) if you know these are tendencies of yours, please do _not_ apply.\n\nThanks! :blush:",
        "user": "U01L7S9CVNG",
        "ts": "1637589606.210900",
        "team": "TJE58GTJL",
        "user_team": "TJE58GTJL",
        "source_team": "TJE58GTJL",
        "user_profile": {
            "avatar_hash": "492ba848106f",
            "image_72": "https:\/\/avatars.slack-edge.com\/2021-03-28\/1912881546324_492ba848106ffaa669af_72.jpg",
            "first_name": "Noelina",
            "real_name": "Noelina Rissman",
            "display_name": "",
            "team": "TJE58GTJL",
            "name": "noelina.rissman",
            "is_restricted": false,
            "is_ultra_restricted": false
        },
        "blocks": [
            {
                "type": "rich_text",
                "block_id": "Fyi",
                "elements": [
                    {
                        "type": "rich_text_section",
                        "elements": [
                            {
                                "type": "text",
                                "text": "Hey ya’ll! I have a client who’s looking for a "
                            },
                            {
                                "type": "text",
                                "text": "freelance junior content writer",
                                "style": {
                                    "bold": true
                                }
                            },
                            {
                                "type": "text",
                                "text": " for some blogs. Here are the project specs:\n\n"
                            }
                        ]
                    },
                    {
                        "type": "rich_text_list",
                        "elements": [
                            {
                                "type": "rich_text_section",
                                "elements": [
                                    {
                                        "type": "text",
                                        "text": "Deliverables",
                                        "style": {
                                            "bold": true
                                        }
                                    },
                                    {
                                        "type": "text",
                                        "text": ": 4 blogs\/ month (1,000-1,500 words each)"
                                    }
                                ]
                            },
                            {
                                "type": "rich_text_section",
                                "elements": [
                                    {
                                        "type": "text",
                                        "text": "Pay",
                                        "style": {
                                            "bold": true
                                        }
                                    },
                                    {
                                        "type": "text",
                                        "text": ": £250 each (£1,000\/ month) "
                                    }
                                ]
                            },
                            {
                                "type": "rich_text_section",
                                "elements": [
                                    {
                                        "type": "text",
                                        "text": "Industry",
                                        "style": {
                                            "bold": true
                                        }
                                    },
                                    {
                                        "type": "text",
                                        "text": ": B2B eCommerce (experience in this niche is not necessary, but the writer should know how to do extensive research)"
                                    }
                                ]
                            },
                            {
                                "type": "rich_text_section",
                                "elements": [
                                    {
                                        "type": "text",
                                        "text": "Start date",
                                        "style": {
                                            "bold": true
                                        }
                                    },
                                    {
                                        "type": "text",
                                        "text": ": January ’22 (indefinite contract, assuming all goes well)"
                                    }
                                ]
                            },
                            {
                                "type": "rich_text_section",
                                "elements": [
                                    {
                                        "type": "text",
                                        "text": "Few words on the client",
                                        "style": {
                                            "bold": true
                                        }
                                    },
                                    {
                                        "type": "text",
                                        "text": ": He’s super easygoing and pays on time. This would be a great opportunity for a junior writer who’s interested in getting experience in the industry."
                                    }
                                ]
                            }
                        ],
                        "style": "bullet",
                        "indent": 0,
                        "border": 0
                    },
                    {
                        "type": "rich_text_section",
                        "elements": [
                            {
                                "type": "text",
                                "text": "\nThere will be a paid trial blog to kick things off.\n\nIf interested, "
                            },
                            {
                                "type": "text",
                                "text": "please DM me 2-3 of your best writing samples by Friday, 11\/26",
                                "style": {
                                    "bold": true
                                }
                            },
                            {
                                "type": "text",
                                "text": " (only via Slack, please). If you have someone in mind who would be a good fit, let me know as well.\n\nPLEASE NOTE: This client is only looking for "
                            },
                            {
                                "type": "text",
                                "text": "serious ",
                                "style": {
                                    "italic": true
                                }
                            },
                            {
                                "type": "text",
                                "text": "candidates. He’s had issues in the past with writers not turning in work on time, compromising quality as the months pass, etc. (I may be saying this in vain, but) if you know these are tendencies of yours, please do "
                            },
                            {
                                "type": "text",
                                "text": "not ",
                                "style": {
                                    "italic": true
                                }
                            },
                            {
                                "type": "text",
                                "text": "apply.\n\nThanks! "
                            },
                            {
                                "type": "emoji",
                                "name": "blush"
                            }
                        ]
                    }
                ]
            }
        ],
        "thread_ts": "1637589606.210900",
        "reply_count": 9,
        "reply_users_count": 9,
        "latest_reply": "1637915465.273700",
        "reply_users": [
            "UN3RHBFBK",
            "U02CUM2LDAN",
            "U027KKWUY12",
            "U02JRUG1DTM",
            "U01L7S9CVNG",
            "U028D815JA0",
            "U018YLTQJDU",
            "U020HS8D4TX",
            "U02NDD2TDBM"
        ],
        "replies": [
            {
                "user": "UN3RHBFBK",
                "ts": "1637589937.211200"
            },
            {
                "user": "U02CUM2LDAN",
                "ts": "1637590118.211400"
            },
            {
                "user": "U027KKWUY12",
                "ts": "1637590925.212200"
            },
            {
                "user": "U02JRUG1DTM",
                "ts": "1637592407.212400"
            },
            {
                "user": "U01L7S9CVNG",
                "ts": "1637593460.215500"
            },
            {
                "user": "U028D815JA0",
                "ts": "1637595712.216200"
            },
            {
                "user": "U018YLTQJDU",
                "ts": "1637611448.220800"
            },
            {
                "user": "U020HS8D4TX",
                "ts": "1637740998.242600"
            },
            {
                "user": "U02NDD2TDBM",
                "ts": "1637915465.273700"
            }
        ],
        "is_locked": false,
        "subscribed": false
    },
    {
        "client_msg_id": "18c8553d-e407-44da-984f-17e111d4e7a6",
        "type": "message",
        "text": "Same here <@U02CVNB3X1T>, but I also found that my income mysteriously improved 30% when I graduated from the clients I don't like :wink: (I like to say \"graduated\" from instead of firing or moving on from a client because there's always a lesson learned.)",
        "user": "UN3RHBFBK",
        "ts": "1637589632.211000",
        "team": "TJE58GTJL",
        "user_team": "TJE58GTJL",
        "source_team": "TJE58GTJL",
        "user_profile": {
            "avatar_hash": "7699d1ebbced",
            "image_72": "https:\/\/avatars.slack-edge.com\/2019-09-13\/762155947638_7699d1ebbcede1be9642_72.jpg",
            "first_name": "Jennifer",
            "real_name": "Jennifer Oladipo",
            "display_name": "Jennifer Oladipo",
            "team": "TJE58GTJL",
            "name": "jennifer",
            "is_restricted": false,
            "is_ultra_restricted": false
        },
        "blocks": [
            {
                "type": "rich_text",
                "block_id": "zPPh\/",
                "elements": [
                    {
                        "type": "rich_text_section",
                        "elements": [
                            {
                                "type": "text",
                                "text": "Same here "
                            },
                            {
                                "type": "user",
                                "user_id": "U02CVNB3X1T"
                            },
                            {
                                "type": "text",
                                "text": ", but I also found that my income mysteriously improved 30% when I graduated from the clients I don't like "
                            },
                            {
                                "type": "emoji",
                                "name": "wink"
                            },
                            {
                                "type": "text",
                                "text": " (I like to say \"graduated\" from instead of firing or moving on from a client because there's always a lesson learned.)"
                            }
                        ]
                    }
                ]
            }
        ],
        "thread_ts": "1637164814.167400",
        "parent_user_id": "UU07F98SJ"
    },
    {
        "client_msg_id": "b31ea14f-5221-4ca4-b385-020bad4db3b5",
        "type": "message",
        "text": "Not the gig for me, but just wanted to say I appreciate the amount of detail up front.",
        "user": "UN3RHBFBK",
        "ts": "1637589937.211200",
        "team": "TJE58GTJL",
        "user_team": "TJE58GTJL",
        "source_team": "TJE58GTJL",
        "user_profile": {
            "avatar_hash": "7699d1ebbced",
            "image_72": "https:\/\/avatars.slack-edge.com\/2019-09-13\/762155947638_7699d1ebbcede1be9642_72.jpg",
            "first_name": "Jennifer",
            "real_name": "Jennifer Oladipo",
            "display_name": "Jennifer Oladipo",
            "team": "TJE58GTJL",
            "name": "jennifer",
            "is_restricted": false,
            "is_ultra_restricted": false
        },
        "blocks": [
            {
                "type": "rich_text",
                "block_id": "VFpt",
                "elements": [
                    {
                        "type": "rich_text_section",
                        "elements": [
                            {
                                "type": "text",
                                "text": "Not the gig for me, but just wanted to say I appreciate the amount of detail up front."
                            }
                        ]
                    }
                ]
            }
        ],
        "thread_ts": "1637589606.210900",
        "parent_user_id": "U01L7S9CVNG",
        "reactions": [
            {
                "name": "heart",
                "users": [
                    "U01L7S9CVNG",
                    "U02D61M19E2",
                    "U02AR2XSN1M"
                ],
                "count": 3
            }
        ]
    },
    {
        "client_msg_id": "240851ad-a7ce-402f-9cce-a9f4abed0d31",
        "type": "message",
        "text": "Hi <@U01L7S9CVNG> I sent a DM, :slightly_smiling_face:",
        "user": "U02CUM2LDAN",
        "ts": "1637590118.211400",
        "team": "TJE58GTJL",
        "user_team": "TJE58GTJL",
        "source_team": "TJE58GTJL",
        "user_profile": {
            "avatar_hash": "458609281ce7",
            "image_72": "https:\/\/avatars.slack-edge.com\/2021-09-17\/2505725073522_458609281ce79c30fb91_72.jpg",
            "first_name": "Faith",
            "real_name": "Faith Ekanem",
            "display_name": "Faith Ekanem",
            "team": "TJE58GTJL",
            "name": "faithbibok",
            "is_restricted": false,
            "is_ultra_restricted": false
        },
        "blocks": [
            {
                "type": "rich_text",
                "block_id": "jne",
                "elements": [
                    {
                        "type": "rich_text_section",
                        "elements": [
                            {
                                "type": "text",
                                "text": "Hi "
                            },
                            {
                                "type": "user",
                                "user_id": "U01L7S9CVNG"
                            },
                            {
                                "type": "text",
                                "text": " I sent a DM, "
                            },
                            {
                                "type": "emoji",
                                "name": "slightly_smiling_face"
                            }
                        ]
                    }
                ]
            }
        ],
        "thread_ts": "1637589606.210900",
        "parent_user_id": "U01L7S9CVNG",
        "reactions": [
            {
                "name": "+1::skin-tone-4",
                "users": [
                    "U01L7S9CVNG"
                ],
                "count": 1
            }
        ]
    },
    {
        "client_msg_id": "27098BDE-7289-4D50-9DDF-BEBB2AAE245A",
        "type": "message",
        "text": "DM sent <@U01L7S9CVNG> ",
        "user": "U027KKWUY12",
        "ts": "1637590925.212200",
        "team": "TJE58GTJL",
        "user_team": "TJE58GTJL",
        "source_team": "TJE58GTJL",
        "user_profile": {
            "avatar_hash": "f2176ca29ce5",
            "image_72": "https:\/\/avatars.slack-edge.com\/2021-07-14\/2268394227302_f2176ca29ce5a159a5bb_72.png",
            "first_name": "Lapite",
            "real_name": "Lapite Olamide",
            "display_name": "Olamide",
            "team": "TJE58GTJL",
            "name": "lapite3",
            "is_restricted": false,
            "is_ultra_restricted": false
        },
        "blocks": [
            {
                "type": "rich_text",
                "block_id": "0E5Aq",
                "elements": [
                    {
                        "type": "rich_text_section",
                        "elements": [
                            {
                                "type": "text",
                                "text": "DM sent "
                            },
                            {
                                "type": "user",
                                "user_id": "U01L7S9CVNG"
                            },
                            {
                                "type": "text",
                                "text": " "
                            }
                        ]
                    }
                ]
            }
        ],
        "thread_ts": "1637589606.210900",
        "parent_user_id": "U01L7S9CVNG",
        "reactions": [
            {
                "name": "+1::skin-tone-4",
                "users": [
                    "U01L7S9CVNG"
                ],
                "count": 1
            }
        ]
    },
    {
        "client_msg_id": "c9684be0-d107-4805-909d-1dbe7d81634a",
        "type": "message",
        "text": "<@U01L7S9CVNG> I hope you are doing _*fantastic*_ today! DM sent with samples.",
        "user": "U02JRUG1DTM",
        "ts": "1637592407.212400",
        "team": "TJE58GTJL",
        "user_team": "TJE58GTJL",
        "source_team": "TJE58GTJL",
        "user_profile": {
            "avatar_hash": "c24eba461efb",
            "image_72": "https:\/\/avatars.slack-edge.com\/2021-11-21\/2775760028912_c24eba461efb53e6d4e3_72.png",
            "first_name": "Shuaib",
            "real_name": "Shuaib Bandeally",
            "display_name": "Shuaib",
            "team": "TJE58GTJL",
            "name": "bshuaibsalim787",
            "is_restricted": false,
            "is_ultra_restricted": false
        },
        "blocks": [
            {
                "type": "rich_text",
                "block_id": "Y62",
                "elements": [
                    {
                        "type": "rich_text_section",
                        "elements": [
                            {
                                "type": "user",
                                "user_id": "U01L7S9CVNG"
                            },
                            {
                                "type": "text",
                                "text": " I hope you are doing "
                            },
                            {
                                "type": "text",
                                "text": "fantastic",
                                "style": {
                                    "bold": true,
                                    "italic": true
                                }
                            },
                            {
                                "type": "text",
                                "text": " ",
                                "style": {
                                    "italic": true
                                }
                            },
                            {
                                "type": "text",
                                "text": "today! DM sent with samples."
                            }
                        ]
                    }
                ]
            }
        ],
        "thread_ts": "1637589606.210900",
        "parent_user_id": "U01L7S9CVNG",
        "reactions": [
            {
                "name": "+1::skin-tone-4",
                "users": [
                    "U01L7S9CVNG"
                ],
                "count": 1
            }
        ]
    },
    {
        "client_msg_id": "71f6afae-163c-4e63-8282-aba82b162492",
        "type": "message",
        "text": "I’m looking to get some freelance help with designing original infographics\/visuals for the blog at <http:\/\/veed.io\/learn|veed.io\/learn>. I’d love to have 1-2 people I know I can reach out to whenever there’s a blog that’s more design-heavy than our usual content (how-to’s with screenshots).\n\nAnyone here have a freelance designer they’ve worked with and recommend?",
        "user": "U023JN62SNR",
        "ts": "1637593047.215000",
        "team": "TJE58GTJL",
        "user_team": "TJE58GTJL",
        "source_team": "TJE58GTJL",
        "user_profile": {
            "avatar_hash": "ae66dab79ca3",
            "image_72": "https:\/\/avatars.slack-edge.com\/2021-06-02\/2123901880326_ae66dab79ca3e18885e3_72.png",
            "first_name": "Diana",
            "real_name": "Diana Briceno",
            "display_name": "Diana",
            "team": "TJE58GTJL",
            "name": "diana595",
            "is_restricted": false,
            "is_ultra_restricted": false
        },
        "edited": {
            "user": "U023JN62SNR",
            "ts": "1638546548.000000"
        },
        "blocks": [
            {
                "type": "rich_text",
                "block_id": "Rxs",
                "elements": [
                    {
                        "type": "rich_text_section",
                        "elements": [
                            {
                                "type": "text",
                                "text": "I’m looking to get some freelance help with designing original infographics\/visuals for the blog at "
                            },
                            {
                                "type": "link",
                                "url": "http:\/\/veed.io\/learn",
                                "text": "veed.io\/learn"
                            },
                            {
                                "type": "text",
                                "text": ". I’d love to have 1-2 people I know I can reach out to whenever there’s a blog that’s more design-heavy than our usual content (how-to’s with screenshots).\n\nAnyone here have a freelance designer they’ve worked with and recommend?"
                            }
                        ]
                    }
                ]
            }
        ],
        "thread_ts": "1637593047.215000",
        "reply_count": 3,
        "reply_users_count": 3,
        "latest_reply": "1637602915.216900",
        "reply_users": [
            "U02CUM2LDAN",
            "U01AHL8AGBB",
            "U023JN62SNR"
        ],
        "replies": [
            {
                "user": "U02CUM2LDAN",
                "ts": "1637593764.215700"
            },
            {
                "user": "U01AHL8AGBB",
                "ts": "1637595488.215900"
            },
            {
                "user": "U023JN62SNR",
                "ts": "1637602915.216900"
            }
        ],
        "is_locked": false,
        "subscribed": false,
        "reactions": [
            {
                "name": "+1",
                "users": [
                    "U01TB1SDD61"
                ],
                "count": 1
            }
        ]
    },
    {
        "client_msg_id": "21a5b86f-35ff-4194-8304-4cc6974d76ed",
        "type": "message",
        "text": "<@UN3RHBFBK>, as a freelancer myself, I appreciate and practice complete transparency from the get-go. It saves everyone time.\n\nTo everyone who has sent DMs so far, I’ll get back to you later today when I’m off work :slightly_smiling_face: Keep ’em coming!",
        "user": "U01L7S9CVNG",
        "ts": "1637593460.215500",
        "team": "TJE58GTJL",
        "user_team": "TJE58GTJL",
        "source_team": "TJE58GTJL",
        "user_profile": {
            "avatar_hash": "492ba848106f",
            "image_72": "https:\/\/avatars.slack-edge.com\/2021-03-28\/1912881546324_492ba848106ffaa669af_72.jpg",
            "first_name": "Noelina",
            "real_name": "Noelina Rissman",
            "display_name": "",
            "team": "TJE58GTJL",
            "name": "noelina.rissman",
            "is_restricted": false,
            "is_ultra_restricted": false
        },
        "blocks": [
            {
                "type": "rich_text",
                "block_id": "C7F",
                "elements": [
                    {
                        "type": "rich_text_section",
                        "elements": [
                            {
                                "type": "user",
                                "user_id": "UN3RHBFBK"
                            },
                            {
                                "type": "text",
                                "text": ", as a freelancer myself, I appreciate and practice complete transparency from the get-go. It saves everyone time.\n\nTo everyone who has sent DMs so far, I’ll get back to you later today when I’m off work "
                            },
                            {
                                "type": "emoji",
                                "name": "slightly_smiling_face"
                            },
                            {
                                "type": "text",
                                "text": " Keep ’em coming!"
                            }
                        ]
                    }
                ]
            }
        ],
        "thread_ts": "1637589606.210900",
        "parent_user_id": "U01L7S9CVNG",
        "reactions": [
            {
                "name": "+1::skin-tone-5",
                "users": [
                    "UN3RHBFBK"
                ],
                "count": 1
            }
        ]
    },
    {
        "client_msg_id": "7f2ed814-6f8e-4774-87d0-7513a1287617",
        "type": "message",
        "text": "Hi <@U023JN62SNR> I sent a DM :slightly_smiling_face:",
        "user": "U02CUM2LDAN",
        "ts": "1637593764.215700",
        "team": "TJE58GTJL",
        "user_team": "TJE58GTJL",
        "source_team": "TJE58GTJL",
        "user_profile": {
            "avatar_hash": "458609281ce7",
            "image_72": "https:\/\/avatars.slack-edge.com\/2021-09-17\/2505725073522_458609281ce79c30fb91_72.jpg",
            "first_name": "Faith",
            "real_name": "Faith Ekanem",
            "display_name": "Faith Ekanem",
            "team": "TJE58GTJL",
            "name": "faithbibok",
            "is_restricted": false,
            "is_ultra_restricted": false
        },
        "blocks": [
            {
                "type": "rich_text",
                "block_id": "eFWp2",
                "elements": [
                    {
                        "type": "rich_text_section",
                        "elements": [
                            {
                                "type": "text",
                                "text": "Hi "
                            },
                            {
                                "type": "user",
                                "user_id": "U023JN62SNR"
                            },
                            {
                                "type": "text",
                                "text": " I sent a DM "
                            },
                            {
                                "type": "emoji",
                                "name": "slightly_smiling_face"
                            }
                        ]
                    }
                ]
            }
        ],
        "thread_ts": "1637593047.215000",
        "parent_user_id": "U023JN62SNR"
    },
    {
        "client_msg_id": "dadabaa2-db73-4cbb-8a0c-d05b3e825531",
        "type": "message",
        "text": "<https:\/\/content-career-growth.slack.com\/archives\/C021RFDHEMD\/p1637081513148100> &lt; check this out :slightly_smiling_face:",
        "user": "U01AHL8AGBB",
        "ts": "1637595488.215900",
        "team": "TJE58GTJL",
        "user_team": "TJE58GTJL",
        "source_team": "TJE58GTJL",
        "user_profile": {
            "avatar_hash": "09eb34255d46",
            "image_72": "https:\/\/avatars.slack-edge.com\/2020-09-07\/1347887170866_09eb34255d4678a00ddc_72.png",
            "first_name": "Jordy",
            "real_name": "Jordy Fujiwara",
            "display_name": "Jordy",
            "team": "TJE58GTJL",
            "name": "jordy.fujiwara",
            "is_restricted": false,
            "is_ultra_restricted": false
        },
        "attachments": [
            {
                "from_url": "https:\/\/content-career-growth.slack.com\/archives\/C021RFDHEMD\/p1637081513148100",
                "fallback": "[November 16th, 2021 8:51 AM] whitneyrudeseal: Does anyone need a freelance designer? I have a fab one to recommend—I’ve worked with them in the past and they are the absolute best. They’re looking for freelance oppts right now for web\/email design, animation, illustration, brand design, you name it. DM me if you have design needs and would like to learn more about them :pray:",
                "ts": "1637081513.148100",
                "author_id": "UN227ML2H",
                "author_subname": "Whitney Rudeseal Peet",
                "channel_team": "TJE58GTJL",
                "channel_id": "C021RFDHEMD",
                "channel_name": "all-things-freelance",
                "is_msg_unfurl": true,
                "is_thread_root_unfurl": true,
                "text": "Does anyone need a freelance designer? I have a fab one to recommend—I’ve worked with them in the past and they are the absolute best. They’re looking for freelance oppts right now for web\/email design, animation, illustration, brand design, you name it. DM me if you have design needs and would like to learn more about them :pray:",
                "message_blocks": [
                    {
                        "team": "TJE58GTJL",
                        "channel": "C021RFDHEMD",
                        "ts": "1637081513.148100",
                        "message": {
                            "blocks": [
                                {
                                    "type": "rich_text",
                                    "block_id": "hRNX",
                                    "elements": [
                                        {
                                            "type": "rich_text_section",
                                            "elements": [
                                                {
                                                    "type": "text",
                                                    "text": "Does anyone need a freelance designer? I have a fab one to recommend—I’ve worked with them in the past and they are the absolute best. They’re looking for freelance oppts right now for web\/email design, animation, illustration, brand design, you name it. DM me if you have design needs and would like to learn more about them "
                                                },
                                                {
                                                    "type": "emoji",
                                                    "name": "pray"
                                                }
                                            ]
                                        }
                                    ]
                                }
                            ]
                        }
                    }
                ],
                "author_name": "Whitney Rudeseal Peet",
                "author_link": "https:\/\/content-career-growth.slack.com\/team\/UN227ML2H",
                "author_icon": "https:\/\/avatars.slack-edge.com\/2020-09-28\/1393806804451_73075d02e70f4a4344d6_48.jpg",
                "mrkdwn_in": [
                    "text"
                ],
                "id": 1,
                "original_url": "https:\/\/content-career-growth.slack.com\/archives\/C021RFDHEMD\/p1637081513148100",
                "footer": "Thread in #all-things-freelance"
            }
        ],
        "blocks": [
            {
                "type": "rich_text",
                "block_id": "ILP\/N",
                "elements": [
                    {
                        "type": "rich_text_section",
                        "elements": [
                            {
                                "type": "link",
                                "url": "https:\/\/content-career-growth.slack.com\/archives\/C021RFDHEMD\/p1637081513148100"
                            },
                            {
                                "type": "text",
                                "text": " < check this out "
                            },
                            {
                                "type": "emoji",
                                "name": "slightly_smiling_face"
                            }
                        ]
                    }
                ]
            }
        ],
        "thread_ts": "1637593047.215000",
        "parent_user_id": "U023JN62SNR"
    },
    {
        "client_msg_id": "16711b37-cb6e-4a42-b7cd-031a2341f5d6",
        "type": "message",
        "text": "Hi <@U01L7S9CVNG> I sent you a DM. Thank you!",
        "user": "U028D815JA0",
        "ts": "1637595712.216200",
        "team": "TJE58GTJL",
        "user_team": "TJE58GTJL",
        "source_team": "TJE58GTJL",
        "user_profile": {
            "avatar_hash": "7e2cf488ec83",
            "image_72": "https:\/\/avatars.slack-edge.com\/2021-11-09\/2701205349650_7e2cf488ec8355d9ecca_72.jpg",
            "first_name": "althea",
            "real_name": "althea storm",
            "display_name": "althea storm",
            "team": "TJE58GTJL",
            "name": "altheanymphcstorm",
            "is_restricted": false,
            "is_ultra_restricted": false
        },
        "blocks": [
            {
                "type": "rich_text",
                "block_id": "gpPAK",
                "elements": [
                    {
                        "type": "rich_text_section",
                        "elements": [
                            {
                                "type": "text",
                                "text": "Hi "
                            },
                            {
                                "type": "user",
                                "user_id": "U01L7S9CVNG"
                            },
                            {
                                "type": "text",
                                "text": " I sent you a DM. Thank you!"
                            }
                        ]
                    }
                ]
            }
        ],
        "thread_ts": "1637589606.210900",
        "parent_user_id": "U01L7S9CVNG",
        "reactions": [
            {
                "name": "+1::skin-tone-4",
                "users": [
                    "U01L7S9CVNG"
                ],
                "count": 1
            }
        ]
    },
    {
        "client_msg_id": "0AC621B8-7417-40F1-ACC0-30B7D80E3BB2",
        "type": "message",
        "text": "Thank you! Will check it out :grinning:",
        "user": "U023JN62SNR",
        "ts": "1637602915.216900",
        "team": "TJE58GTJL",
        "user_team": "TJE58GTJL",
        "source_team": "TJE58GTJL",
        "user_profile": {
            "avatar_hash": "ae66dab79ca3",
            "image_72": "https:\/\/avatars.slack-edge.com\/2021-06-02\/2123901880326_ae66dab79ca3e18885e3_72.png",
            "first_name": "Diana",
            "real_name": "Diana Briceno",
            "display_name": "Diana",
            "team": "TJE58GTJL",
            "name": "diana595",
            "is_restricted": false,
            "is_ultra_restricted": false
        },
        "blocks": [
            {
                "type": "rich_text",
                "block_id": "ye7Ba",
                "elements": [
                    {
                        "type": "rich_text_section",
                        "elements": [
                            {
                                "type": "text",
                                "text": "Thank you! Will check it out "
                            },
                            {
                                "type": "emoji",
                                "name": "grinning"
                            }
                        ]
                    }
                ]
            }
        ],
        "thread_ts": "1637593047.215000",
        "parent_user_id": "U023JN62SNR"
    },
    {
        "client_msg_id": "86509ee8-d12e-4a64-a322-59fc360212f2",
        "type": "message",
        "text": "Hey there! Looking to chat with a couple of freelance writers about how you price your services. It's for a blog post I'm working on. Shoot me a DM if you have 5-10 minutes to spare over the next day or two. Thanks!",
        "user": "U02H3K9BEMA",
        "ts": "1637605681.218600",
        "team": "TJE58GTJL",
        "user_team": "TJE58GTJL",
        "source_team": "TJE58GTJL",
        "user_profile": {
            "avatar_hash": "09a184af1fd8",
            "image_72": "https:\/\/avatars.slack-edge.com\/2021-10-07\/2592228292273_09a184af1fd866e135e1_72.jpg",
            "first_name": "Claire",
            "real_name": "Claire Beveridge",
            "display_name": "Claire Beveridge",
            "team": "TJE58GTJL",
            "name": "claire919",
            "is_restricted": false,
            "is_ultra_restricted": false
        },
        "blocks": [
            {
                "type": "rich_text",
                "block_id": "0+G9",
                "elements": [
                    {
                        "type": "rich_text_section",
                        "elements": [
                            {
                                "type": "text",
                                "text": "Hey there! Looking to chat with a couple of freelance writers about how you price your services. It's for a blog post I'm working on. Shoot me a DM if you have 5-10 minutes to spare over the next day or two. Thanks!"
                            }
                        ]
                    }
                ]
            }
        ],
        "thread_ts": "1637605681.218600",
        "reply_count": 2,
        "reply_users_count": 2,
        "latest_reply": "1637651260.229500",
        "reply_users": [
            "U02F1GK6U6B",
            "UJJFDTN8G"
        ],
        "replies": [
            {
                "user": "U02F1GK6U6B",
                "ts": "1637612448.221200"
            },
            {
                "user": "UJJFDTN8G",
                "ts": "1637651260.229500"
            }
        ],
        "is_locked": false,
        "subscribed": false,
        "reactions": [
            {
                "name": "+1",
                "users": [
                    "U01TB1SDD61"
                ],
                "count": 1
            }
        ]
    },
    {
        "client_msg_id": "45caca5a-1c38-488e-b43f-e7a13ec30a43",
        "type": "message",
        "text": "Hi! I’m a B2B tech content strategist and I started building my freelance consulting business this year after over a decade in the corporate world. I’m piloting a mini thought leadership kickoff program to help companies start turning the technical expertise of their employees into great content over the course of a week. \n\nThink of it like a low-risk way to find out what stories are hidden in the brilliant minds of developers, engineers, researchers, data scientists and other people who are critical to what your company sells.\n\nI started doing these sessions a couple weeks ago and it’s been so much fun to help people pull out stories and perspectives they didn’t realize they had... and then weave them into a company's marketing efforts. If anyone’s interested, would love to chat!",
        "user": "U02C37FQVL5",
        "ts": "1637610590.220500",
        "team": "TJE58GTJL",
        "user_team": "TJE58GTJL",
        "source_team": "TJE58GTJL",
        "user_profile": {
            "avatar_hash": "f69427a863f2",
            "image_72": "https:\/\/avatars.slack-edge.com\/2021-09-23\/2549358724416_f69427a863f2254e8a79_72.jpg",
            "first_name": "Alyssa",
            "real_name": "Alyssa Greenfield",
            "display_name": "",
            "team": "TJE58GTJL",
            "name": "alyssa961",
            "is_restricted": false,
            "is_ultra_restricted": false
        },
        "edited": {
            "user": "U02C37FQVL5",
            "ts": "1637610630.000000"
        },
        "blocks": [
            {
                "type": "rich_text",
                "block_id": "Oje6C",
                "elements": [
                    {
                        "type": "rich_text_section",
                        "elements": [
                            {
                                "type": "text",
                                "text": "Hi! I’m a B2B tech content strategist and I started building my freelance consulting business this year after over a decade in the corporate world. I’m piloting a mini thought leadership kickoff program to help companies start turning the technical expertise of their employees into great content over the course of a week. \n\nThink of it like a low-risk way to find out what stories are hidden in the brilliant minds of developers, engineers, researchers, data scientists and other people who are critical to what your company sells.\n\nI started doing these sessions a couple weeks ago and it’s been so much fun to help people pull out stories and perspectives they didn’t realize they had... and then weave them into a company's marketing efforts. If anyone’s interested, would love to chat!"
                            }
                        ]
                    }
                ]
            }
        ],
        "thread_ts": "1637610590.220500",
        "reply_count": 4,
        "reply_users_count": 3,
        "latest_reply": "1637678545.232700",
        "reply_users": [
            "U02J7DM81AQ",
            "U02C37FQVL5",
            "U01L0J5N4V6"
        ],
        "replies": [
            {
                "user": "U02J7DM81AQ",
                "ts": "1637616803.221600"
            },
            {
                "user": "U02C37FQVL5",
                "ts": "1637630584.222100"
            },
            {
                "user": "U01L0J5N4V6",
                "ts": "1637677735.232100"
            },
            {
                "user": "U02C37FQVL5",
                "ts": "1637678545.232700"
            }
        ],
        "is_locked": false,
        "subscribed": false,
        "reactions": [
            {
                "name": "raised_hands",
                "users": [
                    "U02M83NQ10U",
                    "U02F1GK6U6B",
                    "U01T30ZCN82",
                    "UUJBMNRNF"
                ],
                "count": 4
            }
        ]
    },
    {
        "client_msg_id": "0f959794-28bd-4a2b-9042-c3c990823dac",
        "type": "message",
        "text": "I've sent you a DM. Thank you!",
        "user": "U018YLTQJDU",
        "ts": "1637611448.220800",
        "team": "TJE58GTJL",
        "user_team": "TJE58GTJL",
        "source_team": "TJE58GTJL",
        "user_profile": {
            "avatar_hash": "9816e5481fd2",
            "image_72": "https:\/\/avatars.slack-edge.com\/2020-11-17\/1506465538819_9816e5481fd23b3da8b1_72.jpg",
            "first_name": "Ricks",
            "real_name": "Ricks N",
            "display_name": "Erick",
            "team": "TJE58GTJL",
            "name": "nyangenyaerick",
            "is_restricted": false,
            "is_ultra_restricted": false
        },
        "blocks": [
            {
                "type": "rich_text",
                "block_id": "pp9",
                "elements": [
                    {
                        "type": "rich_text_section",
                        "elements": [
                            {
                                "type": "text",
                                "text": "I've sent you a DM. Thank you!"
                            }
                        ]
                    }
                ]
            }
        ],
        "thread_ts": "1637589606.210900",
        "parent_user_id": "U01L7S9CVNG",
        "reactions": [
            {
                "name": "+1::skin-tone-4",
                "users": [
                    "U01L7S9CVNG"
                ],
                "count": 1
            }
        ]
    },
    {
        "client_msg_id": "beb49838-87c5-4c2a-a863-0c85abc1244d",
        "type": "message",
        "text": "Hi Claire, I'd be happy to chat about this. Work freelance currently.",
        "user": "U02F1GK6U6B",
        "ts": "1637612448.221200",
        "team": "TJE58GTJL",
        "user_team": "TJE58GTJL",
        "source_team": "TJE58GTJL",
        "user_profile": {
            "avatar_hash": "b77d6f7d6c82",
            "image_72": "https:\/\/avatars.slack-edge.com\/2022-01-22\/3004677185921_b77d6f7d6c82fd929faa_72.jpg",
            "first_name": "Nneka",
            "real_name": "Nneka Otika",
            "display_name": "Nneka Otika",
            "team": "TJE58GTJL",
            "name": "nnekaotika",
            "is_restricted": false,
            "is_ultra_restricted": false
        },
        "blocks": [
            {
                "type": "rich_text",
                "block_id": "Af3Q",
                "elements": [
                    {
                        "type": "rich_text_section",
                        "elements": [
                            {
                                "type": "text",
                                "text": "Hi Claire, I'd be happy to chat about this. Work freelance currently."
                            }
                        ]
                    }
                ]
            }
        ],
        "thread_ts": "1637605681.218600",
        "parent_user_id": "U02H3K9BEMA",
        "reactions": [
            {
                "name": "raised_hands",
                "users": [
                    "U02H3K9BEMA"
                ],
                "count": 1
            }
        ]
    },
    {
        "client_msg_id": "a86b8366-1508-4d76-89a0-0c0a063307ec",
        "type": "message",
        "text": "Love this idea! I'm not your target audience but I'm also a content strategist and would love to know more about the concept if you're open to sharing. I'll be expanding my services next year and I'm not targeting hardcore tech companies :slightly_smiling_face:\nHappy to share what I'm doing in exchange!",
        "user": "U02J7DM81AQ",
        "ts": "1637616803.221600",
        "team": "TJE58GTJL",
        "user_team": "TJE58GTJL",
        "source_team": "TJE58GTJL",
        "user_profile": {
            "avatar_hash": "gb47e412d680",
            "image_72": "https:\/\/secure.gravatar.com\/avatar\/b47e412d680490c17c4ca22271a9e55b.jpg?s=72&d=https%3A%2F%2Fa.slack-edge.com%2Fdf10d%2Fimg%2Favatars%2Fava_0016-72.png",
            "first_name": "Sofie",
            "real_name": "Sofie Couwenbergh",
            "display_name": "Sofie Couwenbergh",
            "team": "TJE58GTJL",
            "name": "sofie",
            "is_restricted": false,
            "is_ultra_restricted": false
        },
        "blocks": [
            {
                "type": "rich_text",
                "block_id": "Jdr7",
                "elements": [
                    {
                        "type": "rich_text_section",
                        "elements": [
                            {
                                "type": "text",
                                "text": "Love this idea! I'm not your target audience but I'm also a content strategist and would love to know more about the concept if you're open to sharing. I'll be expanding my services next year and I'm not targeting hardcore tech companies "
                            },
                            {
                                "type": "emoji",
                                "name": "slightly_smiling_face"
                            },
                            {
                                "type": "text",
                                "text": "\nHappy to share what I'm doing in exchange!"
                            }
                        ]
                    }
                ]
            }
        ],
        "thread_ts": "1637610590.220500",
        "parent_user_id": "U02C37FQVL5",
        "reactions": [
            {
                "name": "white_check_mark",
                "users": [
                    "U01AHL8AGBB",
                    "U02C37FQVL5"
                ],
                "count": 2
            },
            {
                "name": "raised_hands",
                "users": [
                    "U02FBJRCX71"
                ],
                "count": 1
            }
        ]
    },
    {
        "client_msg_id": "d8534c63-0a4c-479f-80af-f50467a0483d",
        "type": "message",
        "text": "<@U02J7DM81AQ> thank you! Happy to chat. Sending you a DM now :blush:",
        "user": "U02C37FQVL5",
        "ts": "1637630584.222100",
        "team": "TJE58GTJL",
        "user_team": "TJE58GTJL",
        "source_team": "TJE58GTJL",
        "user_profile": {
            "avatar_hash": "f69427a863f2",
            "image_72": "https:\/\/avatars.slack-edge.com\/2021-09-23\/2549358724416_f69427a863f2254e8a79_72.jpg",
            "first_name": "Alyssa",
            "real_name": "Alyssa Greenfield",
            "display_name": "",
            "team": "TJE58GTJL",
            "name": "alyssa961",
            "is_restricted": false,
            "is_ultra_restricted": false
        },
        "blocks": [
            {
                "type": "rich_text",
                "block_id": "jPp",
                "elements": [
                    {
                        "type": "rich_text_section",
                        "elements": [
                            {
                                "type": "user",
                                "user_id": "U02J7DM81AQ"
                            },
                            {
                                "type": "text",
                                "text": " thank you! Happy to chat. Sending you a DM now "
                            },
                            {
                                "type": "emoji",
                                "name": "blush"
                            }
                        ]
                    }
                ]
            }
        ],
        "thread_ts": "1637610590.220500",
        "parent_user_id": "U02C37FQVL5"
    },
    {
        "client_msg_id": "bf288a5d-d335-4c9d-b320-8db61965bd1b",
        "type": "message",
        "text": "Hey everyone! :wave: I lead merchant storytelling for North America at Shopify :shopping_bags: Looking to connect with writers who specialize in data-driven case studies (<https:\/\/www.shopify.com\/plus\/customers|like these>) and videographers to film video case studies\/short features (<https:\/\/player.vimeo.com\/video\/605149194|like these>). Some perks:\n• Get to hear from inspiring entrepreneurs who are following their passions \n• Learn about ecommerce and D2C tech trends \n• Informal working relationship with myself and my team!\n• Content written by humans, for humans (no corporate jargon or fluff)\nFeel free to DM me and we can go from there! :hugging_face:\n***Must be based on North America",
        "user": "U028JED91QQ",
        "ts": "1637638791.227600",
        "team": "TJE58GTJL",
        "user_team": "TJE58GTJL",
        "source_team": "TJE58GTJL",
        "user_profile": {
            "avatar_hash": "de504d3949f1",
            "image_72": "https:\/\/avatars.slack-edge.com\/2021-07-13\/2276370616996_de504d3949f18de9cbe6_72.png",
            "first_name": "Taylor",
            "real_name": "Taylor Graham",
            "display_name": "Taylor Graham",
            "team": "TJE58GTJL",
            "name": "taylor.graham",
            "is_restricted": false,
            "is_ultra_restricted": false
        },
        "edited": {
            "user": "U028JED91QQ",
            "ts": "1637638899.000000"
        },
        "blocks": [
            {
                "type": "rich_text",
                "block_id": "YVtv2",
                "elements": [
                    {
                        "type": "rich_text_section",
                        "elements": [
                            {
                                "type": "text",
                                "text": "Hey everyone! "
                            },
                            {
                                "type": "emoji",
                                "name": "wave"
                            },
                            {
                                "type": "text",
                                "text": " I lead merchant storytelling for North America at Shopify "
                            },
                            {
                                "type": "emoji",
                                "name": "shopping_bags"
                            },
                            {
                                "type": "text",
                                "text": " Looking to connect with writers who specialize in data-driven case studies ("
                            },
                            {
                                "type": "link",
                                "url": "https:\/\/www.shopify.com\/plus\/customers",
                                "text": "like these"
                            },
                            {
                                "type": "text",
                                "text": ") and videographers to film video case studies\/short features ("
                            },
                            {
                                "type": "link",
                                "url": "https:\/\/player.vimeo.com\/video\/605149194",
                                "text": "like these"
                            },
                            {
                                "type": "text",
                                "text": "). Some perks:\n"
                            }
                        ]
                    },
                    {
                        "type": "rich_text_list",
                        "elements": [
                            {
                                "type": "rich_text_section",
                                "elements": [
                                    {
                                        "type": "text",
                                        "text": "Get to hear from inspiring entrepreneurs who are following their passions "
                                    }
                                ]
                            },
                            {
                                "type": "rich_text_section",
                                "elements": [
                                    {
                                        "type": "text",
                                        "text": "Learn about ecommerce and D2C tech trends "
                                    }
                                ]
                            },
                            {
                                "type": "rich_text_section",
                                "elements": [
                                    {
                                        "type": "text",
                                        "text": "Informal working relationship with myself and my team!"
                                    }
                                ]
                            },
                            {
                                "type": "rich_text_section",
                                "elements": [
                                    {
                                        "type": "text",
                                        "text": "Content written by humans, for humans (no corporate jargon or fluff)"
                                    }
                                ]
                            }
                        ],
                        "style": "bullet",
                        "indent": 0,
                        "border": 0
                    },
                    {
                        "type": "rich_text_section",
                        "elements": [
                            {
                                "type": "text",
                                "text": "Feel free to DM me and we can go from there! "
                            },
                            {
                                "type": "emoji",
                                "name": "hugging_face"
                            },
                            {
                                "type": "text",
                                "text": "\n***Must be based on North America"
                            }
                        ]
                    }
                ]
            }
        ],
        "thread_ts": "1637638791.227600",
        "reply_count": 8,
        "reply_users_count": 5,
        "latest_reply": "1638209118.292500",
        "reply_users": [
            "U012GHRAHDK",
            "U02DJAW866L",
            "U02ME709F98",
            "U029WCJDVU0",
            "UJ57DB9BM"
        ],
        "replies": [
            {
                "user": "U012GHRAHDK",
                "ts": "1637639642.228000"
            },
            {
                "user": "U02DJAW866L",
                "ts": "1637643667.228300"
            },
            {
                "user": "U02ME709F98",
                "ts": "1637654074.231400"
            },
            {
                "user": "U02DJAW866L",
                "ts": "1637678189.232400"
            },
            {
                "user": "U02ME709F98",
                "ts": "1637678693.232900"
            },
            {
                "user": "U02DJAW866L",
                "ts": "1637678857.233300"
            },
            {
                "user": "U029WCJDVU0",
                "ts": "1638206246.292100"
            },
            {
                "user": "UJ57DB9BM",
                "ts": "1638209118.292500"
            }
        ],
        "is_locked": false,
        "subscribed": false,
        "reactions": [
            {
                "name": "shopping_trolley",
                "users": [
                    "UN227ML2H",
                    "U012GHRAHDK",
                    "U02ME709F98",
                    "U024A8928AW"
                ],
                "count": 4
            },
            {
                "name": "raised_hands",
                "users": [
                    "U02FBJRCX71",
                    "U02ME709F98"
                ],
                "count": 2
            },
            {
                "name": "+1",
                "users": [
                    "U02L6AMG3GV"
                ],
                "count": 1
            }
        ]
    },
    {
        "client_msg_id": "a72ed879-2ce7-44ab-a597-71984d2714a3",
        "type": "message",
        "text": "<@U02DJAW866L> if you have the bandwidth!",
        "user": "U012GHRAHDK",
        "ts": "1637639642.228000",
        "team": "TJE58GTJL",
        "user_team": "TJE58GTJL",
        "source_team": "TJE58GTJL",
        "user_profile": {
            "avatar_hash": "8ba0c4534568",
            "image_72": "https:\/\/avatars.slack-edge.com\/2022-04-12\/3401585222352_8ba0c45345680ce088ab_72.jpg",
            "first_name": "Deb",
            "real_name": "Deb Mukherjee",
            "display_name": "Deb Mukherjee",
            "team": "TJE58GTJL",
            "name": "debdut94",
            "is_restricted": false,
            "is_ultra_restricted": false
        },
        "blocks": [
            {
                "type": "rich_text",
                "block_id": "KXTdA",
                "elements": [
                    {
                        "type": "rich_text_section",
                        "elements": [
                            {
                                "type": "user",
                                "user_id": "U02DJAW866L"
                            },
                            {
                                "type": "text",
                                "text": " if you have the bandwidth!"
                            }
                        ]
                    }
                ]
            }
        ],
        "thread_ts": "1637638791.227600",
        "parent_user_id": "U028JED91QQ",
        "reactions": [
            {
                "name": "heart",
                "users": [
                    "U02DJAW866L",
                    "U028JED91QQ"
                ],
                "count": 2
            }
        ]
    },
    {
        "client_msg_id": "9b78c6e0-fe53-4783-a8b5-cdd054f70465",
        "type": "message",
        "text": "Thank you <@U012GHRAHDK>! Going to DM you <@U028JED91QQ>;",
        "user": "U02DJAW866L",
        "ts": "1637643667.228300",
        "team": "TJE58GTJL",
        "user_team": "TJE58GTJL",
        "source_team": "TJE58GTJL",
        "user_profile": {
            "avatar_hash": "cfd01e8e5b2a",
            "image_72": "https:\/\/avatars.slack-edge.com\/2021-08-31\/2427276183719_cfd01e8e5b2a3914deb0_72.jpg",
            "first_name": "Tina",
            "real_name": "Tina Donati",
            "display_name": "Tina Donati",
            "team": "TJE58GTJL",
            "name": "tinadonati7",
            "is_restricted": false,
            "is_ultra_restricted": false
        },
        "blocks": [
            {
                "type": "rich_text",
                "block_id": "81By0",
                "elements": [
                    {
                        "type": "rich_text_section",
                        "elements": [
                            {
                                "type": "text",
                                "text": "Thank you "
                            },
                            {
                                "type": "user",
                                "user_id": "U012GHRAHDK"
                            },
                            {
                                "type": "text",
                                "text": "! Going to DM you "
                            },
                            {
                                "type": "user",
                                "user_id": "U028JED91QQ"
                            },
                            {
                                "type": "text",
                                "text": ";"
                            }
                        ]
                    }
                ]
            }
        ],
        "thread_ts": "1637638791.227600",
        "parent_user_id": "U028JED91QQ"
    },
    {
        "client_msg_id": "b8b329c4-c7a5-4bed-98f1-7a9a8743d083",
        "type": "message",
        "text": "Hello everyone. \n\nQ1 is right around the corner, do you need new copy? If your: \n\n:white_check_mark: Web copy\n\n:white_check_mark: Landing pages\n \n:white_check_mark: Sales emails, or\n\n:white_check_mark: Sales pages \n\nLook like they need a refresh, I can help you out.\n\nI mine &amp; organise your customer data to create a solid messaging strategy to engineer high converting copy.\n\nMy writing process covers:\n\n:star2:Data mining &amp; research, and market analysis \n:star2:Writing, editing &amp; optimizing \n:star2:Testing (A\/B, Multivariate) and validation \n\nSo if you're interested in getting new copy or refreshing your current copy, send me a DM and let's see how I can help!\n\nP.S: I also appreciate if you would please refer my services to a friend or biz buddy who needs new copy. Thank you.",
        "user": "U02FBJRCX71",
        "ts": "1637647575.229200",
        "team": "TJE58GTJL",
        "user_team": "TJE58GTJL",
        "source_team": "TJE58GTJL",
        "user_profile": {
            "avatar_hash": "e76239a58629",
            "image_72": "https:\/\/avatars.slack-edge.com\/2022-01-16\/2962539579124_e76239a58629fcc8759d_72.png",
            "first_name": "Mira",
            "real_name": "Mira ANAMAE",
            "display_name": "Mira ANAMAE",
            "team": "TJE58GTJL",
            "name": "miraanamae",
            "is_restricted": false,
            "is_ultra_restricted": false
        },
        "blocks": [
            {
                "type": "rich_text",
                "block_id": "L7Zi",
                "elements": [
                    {
                        "type": "rich_text_section",
                        "elements": [
                            {
                                "type": "text",
                                "text": "Hello everyone. \n\nQ1 is right around the corner, do you need new copy? If your: \n\n"
                            },
                            {
                                "type": "emoji",
                                "name": "white_check_mark"
                            },
                            {
                                "type": "text",
                                "text": " Web copy\n\n"
                            },
                            {
                                "type": "emoji",
                                "name": "white_check_mark"
                            },
                            {
                                "type": "text",
                                "text": " Landing pages\n \n"
                            },
                            {
                                "type": "emoji",
                                "name": "white_check_mark"
                            },
                            {
                                "type": "text",
                                "text": " Sales emails, or\n\n"
                            },
                            {
                                "type": "emoji",
                                "name": "white_check_mark"
                            },
                            {
                                "type": "text",
                                "text": " Sales pages \n\nLook like they need a refresh, I can help you out.\n\nI mine & organise your customer data to create a solid messaging strategy to engineer high converting copy.\n\nMy writing process covers:\n\n"
                            },
                            {
                                "type": "emoji",
                                "name": "star2"
                            },
                            {
                                "type": "text",
                                "text": "Data mining & research, and market analysis \n"
                            },
                            {
                                "type": "emoji",
                                "name": "star2"
                            },
                            {
                                "type": "text",
                                "text": "Writing, editing & optimizing \n"
                            },
                            {
                                "type": "emoji",
                                "name": "star2"
                            },
                            {
                                "type": "text",
                                "text": "Testing (A\/B, Multivariate) and validation \n\nSo if you're interested in getting new copy or refreshing your current copy, send me a DM and let's see how I can help!\n\nP.S: I also appreciate if you would please refer my services to a friend or biz buddy who needs new copy. Thank you."
                            }
                        ]
                    }
                ]
            }
        ]
    },
    {
        "client_msg_id": "50BABC3C-8DC6-42B5-BA16-BCFAFF6B038E",
        "type": "message",
        "text": "Best thread you'll read on this topic <https:\/\/twitter.com\/tom_hirst\/status\/1277933730078785537?s=21|https:\/\/twitter.com\/tom_hirst\/status\/1277933730078785537?s=21>",
        "user": "UJJFDTN8G",
        "ts": "1637651260.229500",
        "team": "TJE58GTJL",
        "user_team": "TJE58GTJL",
        "source_team": "TJE58GTJL",
        "user_profile": {
            "avatar_hash": "gd91d89ae152",
            "image_72": "https:\/\/secure.gravatar.com\/avatar\/86d91d89ae1528e747f4a586668d5d87.jpg?s=72&d=https%3A%2F%2Fa.slack-edge.com%2Fdf10d%2Fimg%2Favatars%2Fava_0013-72.png",
            "first_name": "Dominic",
            "real_name": "Dominic Kent",
            "display_name": "Dom Kent",
            "team": "TJE58GTJL",
            "name": "dominic",
            "is_restricted": false,
            "is_ultra_restricted": false
        },
        "attachments": [
            {
                "from_url": "https:\/\/twitter.com\/tom_hirst\/status\/1277933730078785537?s=21",
                "fallback": "<https:\/\/twitter.com\/tom_hirst|@tom_hirst>: Pricing freelancing projects. \n\nEverything I've learned.\n\nA thread.",
                "ts": 1593518118,
                "text": "Pricing freelancing projects. \n\nEverything I've learned.\n\nA thread.",
                "service_name": "twitter",
                "service_url": "https:\/\/twitter.com",
                "author_name": "Tom Hirst",
                "author_link": "https:\/\/twitter.com\/tom_hirst\/status\/1277933730078785537",
                "author_icon": "https:\/\/pbs.twimg.com\/profile_images\/1049977371871375360\/x7Belwvv_normal.jpg",
                "author_subname": "@tom_hirst",
                "id": 1,
                "original_url": "https:\/\/twitter.com\/tom_hirst\/status\/1277933730078785537?s=21",
                "footer": "Twitter",
                "footer_icon": "https:\/\/a.slack-edge.com\/80588\/img\/services\/twitter_pixel_snapped_32.png"
            }
        ],
        "blocks": [
            {
                "type": "rich_text",
                "block_id": "IB+",
                "elements": [
                    {
                        "type": "rich_text_section",
                        "elements": [
                            {
                                "type": "text",
                                "text": "Best thread you'll read on this topic "
                            },
                            {
                                "type": "link",
                                "url": "https:\/\/twitter.com\/tom_hirst\/status\/1277933730078785537?s=21",
                                "text": "https:\/\/twitter.com\/tom_hirst\/status\/1277933730078785537?s=21"
                            }
                        ]
                    }
                ]
            }
        ],
        "thread_ts": "1637605681.218600",
        "parent_user_id": "U02H3K9BEMA"
    },
    {
        "client_msg_id": "BDDD772B-3928-472F-B195-4572A2D5A3C5",
        "type": "message",
        "text": "Hey Taylor, if you’re looking for video content I run a production company called Epiq Media! (<http:\/\/Epiqmedia.com|Epiqmedia.com>) I’ll send you a DM!",
        "user": "U02ME709F98",
        "ts": "1637654074.231400",
        "team": "TJE58GTJL",
        "user_team": "TJE58GTJL",
        "source_team": "TJE58GTJL",
        "user_profile": {
            "avatar_hash": "83c8be9e403d",
            "image_72": "https:\/\/avatars.slack-edge.com\/2021-11-18\/2767889999664_83c8be9e403dc9a7b4dc_72.jpg",
            "first_name": "Danielle",
            "real_name": "Danielle Diamond",
            "display_name": "Danielle Diamond",
            "team": "TJE58GTJL",
            "name": "danielle770",
            "is_restricted": false,
            "is_ultra_restricted": false
        },
        "edited": {
            "user": "U02ME709F98",
            "ts": "1637671156.000000"
        },
        "blocks": [
            {
                "type": "rich_text",
                "block_id": "AhvC",
                "elements": [
                    {
                        "type": "rich_text_section",
                        "elements": [
                            {
                                "type": "text",
                                "text": "Hey Taylor, if you’re looking for video content I run a production company called Epiq Media! ("
                            },
                            {
                                "type": "link",
                                "url": "http:\/\/Epiqmedia.com",
                                "text": "Epiqmedia.com"
                            },
                            {
                                "type": "text",
                                "text": ") I’ll send you a DM!"
                            }
                        ]
                    }
                ]
            }
        ],
        "thread_ts": "1637638791.227600",
        "parent_user_id": "U028JED91QQ",
        "reactions": [
            {
                "name": "raised_hands",
                "users": [
                    "U02DJAW866L"
                ],
                "count": 1
            },
            {
                "name": "pray",
                "users": [
                    "U028JED91QQ"
                ],
                "count": 1
            }
        ]
    }
]