[
    {
        "client_msg_id": "8d3d1d36-040e-4d4f-93b8-21bbe4510de5",
        "type": "message",
        "text": "<@U02CVNB3X1T> that is the rumor, that niching down commands hire fees. I finally picked my niche, HR, I will say, things feel much more focused now that I've gotten rid of the FOMO. As teachers always say, nothing is written in stone, pick your niche. If you don't like it, you can always change it.",
        "user": "U02RRJ8E43S",
        "ts": "1640551564.055200",
        "team": "TJE58GTJL",
        "user_team": "TJE58GTJL",
        "source_team": "TJE58GTJL",
        "user_profile": {
            "avatar_hash": "gbd83b6b51c8",
            "image_72": "https:\/\/secure.gravatar.com\/avatar\/bd83b6b51c81665cf588c67517bf340c.jpg?s=72&d=https%3A%2F%2Fa.slack-edge.com%2Fdf10d%2Fimg%2Favatars%2Fava_0014-72.png",
            "first_name": "Denise",
            "real_name": "Denise Hubbard",
            "display_name": "Denise",
            "team": "TJE58GTJL",
            "name": "denise265",
            "is_restricted": false,
            "is_ultra_restricted": false
        },
        "blocks": [
            {
                "type": "rich_text",
                "block_id": "UoHl2",
                "elements": [
                    {
                        "type": "rich_text_section",
                        "elements": [
                            {
                                "type": "user",
                                "user_id": "U02CVNB3X1T"
                            },
                            {
                                "type": "text",
                                "text": " that is the rumor, that niching down commands hire fees. I finally picked my niche, HR, I will say, things feel much more focused now that I've gotten rid of the FOMO. As teachers always say, nothing is written in stone, pick your niche. If you don't like it, you can always change it."
                            }
                        ]
                    }
                ]
            }
        ],
        "thread_ts": "1640033680.010300",
        "parent_user_id": "U02CVNB3X1T",
        "reactions": [
            {
                "name": "100",
                "users": [
                    "U02M83NQ10U"
                ],
                "count": 1
            }
        ]
    },
    {
        "client_msg_id": "9ab3f725-40e6-4abf-9b74-ee7d5f1cc106",
        "type": "message",
        "text": "I think most of the time is communication that makes space for scope creep as you said, <@UUVS5HWMB>  Thanks for sharing here:-)",
        "user": "U02RBH2FY6R",
        "ts": "1640587272.055900",
        "team": "TJE58GTJL",
        "user_team": "TJE58GTJL",
        "source_team": "TJE58GTJL",
        "user_profile": {
            "avatar_hash": "062a53a412a9",
            "image_72": "https:\/\/avatars.slack-edge.com\/2021-12-24\/2883308914388_062a53a412a99ed3f8b7_72.jpg",
            "first_name": "Nidhi",
            "real_name": "Nidhi Kala",
            "display_name": "Nidhi Kala",
            "team": "TJE58GTJL",
            "name": "nidhikala04",
            "is_restricted": false,
            "is_ultra_restricted": false
        },
        "edited": {
            "user": "U02RBH2FY6R",
            "ts": "1640587312.000000"
        },
        "blocks": [
            {
                "type": "rich_text",
                "block_id": "S6E9",
                "elements": [
                    {
                        "type": "rich_text_section",
                        "elements": [
                            {
                                "type": "text",
                                "text": "I think most of the time is communication that makes space for scope creep as you said, "
                            },
                            {
                                "type": "user",
                                "user_id": "UUVS5HWMB"
                            },
                            {
                                "type": "text",
                                "text": "  Thanks for sharing here:-)"
                            }
                        ]
                    }
                ]
            }
        ],
        "thread_ts": "1640346743.050500",
        "parent_user_id": "U02RBH2FY6R"
    },
    {
        "client_msg_id": "e57fc255-14ff-43af-9aa9-e361016289a4",
        "type": "message",
        "text": "<@URAV154AV> that's very helpful to hear from the clients's perspective.",
        "user": "U02RBH2FY6R",
        "ts": "1640587354.056200",
        "team": "TJE58GTJL",
        "user_team": "TJE58GTJL",
        "source_team": "TJE58GTJL",
        "user_profile": {
            "avatar_hash": "062a53a412a9",
            "image_72": "https:\/\/avatars.slack-edge.com\/2021-12-24\/2883308914388_062a53a412a99ed3f8b7_72.jpg",
            "first_name": "Nidhi",
            "real_name": "Nidhi Kala",
            "display_name": "Nidhi Kala",
            "team": "TJE58GTJL",
            "name": "nidhikala04",
            "is_restricted": false,
            "is_ultra_restricted": false
        },
        "blocks": [
            {
                "type": "rich_text",
                "block_id": "JCO",
                "elements": [
                    {
                        "type": "rich_text_section",
                        "elements": [
                            {
                                "type": "user",
                                "user_id": "URAV154AV"
                            },
                            {
                                "type": "text",
                                "text": " that's very helpful to hear from the clients's perspective."
                            }
                        ]
                    }
                ]
            }
        ],
        "thread_ts": "1640346743.050500",
        "parent_user_id": "U02RBH2FY6R"
    },
    {
        "client_msg_id": "28c59093-c441-42a1-a6fb-07cf3a869c64",
        "type": "message",
        "text": "Hi Guys! I'm a product builder and Founder of <https:\/\/www.projectant.io|https:\/\/www.projectant.io> \n\nLooking for product management focused projects (paid, remote Worldwide) with interesting startups? Get your profile below:\n\n<https:\/\/airtable.com\/shrCQ7iEeRw2sTbFk|https:\/\/airtable.com\/shrCQ7iEeRw2sTbFk>",
        "user": "U02RPJVKQ02",
        "ts": "1640591309.056500",
        "team": "TJE58GTJL",
        "user_team": "TJE58GTJL",
        "source_team": "TJE58GTJL",
        "user_profile": {
            "avatar_hash": "9c35fd53d3f1",
            "image_72": "https:\/\/avatars.slack-edge.com\/2022-01-23\/2979191154951_9c35fd53d3f1196736ae_72.jpg",
            "first_name": "Areeb",
            "real_name": "Areeb Mianoor",
            "display_name": "",
            "team": "TJE58GTJL",
            "name": "areebilyasmianoor",
            "is_restricted": false,
            "is_ultra_restricted": false
        },
        "attachments": [
            {
                "from_url": "https:\/\/www.projectant.io\/",
                "id": 1,
                "original_url": "https:\/\/www.projectant.io",
                "fallback": "Earn, Learn, and Grow! Growth Oriented Freelancing!",
                "text": "Project ANT is the world's first freelancing platform that focuses on YOU and YOUR Growth and Development! We match you to PAID projects with exciting companies that will develop your Skills, enhance your Portfolio and make you 90% more likely to be hired for your Dream Job! Sign Up Today!",
                "title": "Earn, Learn, and Grow! Growth Oriented Freelancing!",
                "title_link": "https:\/\/www.projectant.io\/",
                "service_name": "projectant.io"
            },
            {
                "from_url": "https:\/\/airtable.com\/shrCQ7iEeRw2sTbFk",
                "image_url": "https:\/\/static.airtable.com\/images\/oembed\/airtable.png",
                "image_width": 476,
                "image_height": 250,
                "image_bytes": 12718,
                "service_icon": "https:\/\/airtable.com\/images\/favicon\/baymax\/apple-touch-icon.png",
                "id": 2,
                "original_url": "https:\/\/airtable.com\/shrCQ7iEeRw2sTbFk",
                "fallback": "Airtable: ANT - Digital Portfolio - Airtable",
                "text": "Fill out the \"ANT - Digital Portfolio\" form quickly and securely on Airtable.",
                "title": "ANT - Digital Portfolio - Airtable",
                "title_link": "https:\/\/airtable.com\/shrCQ7iEeRw2sTbFk",
                "service_name": "Airtable"
            }
        ],
        "blocks": [
            {
                "type": "rich_text",
                "block_id": "3sq0",
                "elements": [
                    {
                        "type": "rich_text_section",
                        "elements": [
                            {
                                "type": "text",
                                "text": "Hi Guys! I'm a product builder and Founder of "
                            },
                            {
                                "type": "link",
                                "url": "https:\/\/www.projectant.io",
                                "text": "https:\/\/www.projectant.io"
                            },
                            {
                                "type": "text",
                                "text": " \n\nLooking for product management focused projects (paid, remote Worldwide) with interesting startups? Get your profile below:\n\n"
                            },
                            {
                                "type": "link",
                                "url": "https:\/\/airtable.com\/shrCQ7iEeRw2sTbFk",
                                "text": "https:\/\/airtable.com\/shrCQ7iEeRw2sTbFk"
                            }
                        ]
                    }
                ]
            }
        ]
    },
    {
        "type": "message",
        "subtype": "slackbot_response",
        "text": "Hello! Not all of our members are guys. In an effort to be more conscious of the language we use to address each other, why not try “Hey, folks,” or “Hey everyone” instead?",
        "user": "USLACKBOT",
        "ts": "1640591310.056600"
    }
]