[
    {
        "type": "message",
        "text": "Hello, all! :wave: I'm currently looking for a couple of freelance content writers to help us out at <http:\/\/campaignmonitor.com|Campaign Monitor>! This role will largely be focused on repurposing pieces in our existing content library, and you'll be working with me and our SEO manager to make it happen. More detailed description and link to apply are attached — feel free to send me a DM if you have any questions!",
        "files": [
            {
                "id": "F02H4AKC6UR",
                "created": 1633458360,
                "timestamp": 1633458360,
                "name": "CM Content Writer (contract).pdf",
                "title": "CM Content Writer (contract).pdf",
                "mimetype": "application\/pdf",
                "filetype": "pdf",
                "pretty_type": "PDF",
                "user": "UN4FX211U",
                "editable": false,
                "size": 55868,
                "mode": "hosted",
                "is_external": false,
                "external_type": "",
                "is_public": true,
                "public_url_shared": false,
                "display_as_bot": false,
                "username": "",
                "url_private": "https:\/\/files.slack.com\/files-pri\/TJE58GTJL-F02H4AKC6UR\/cm_content_writer__contract_.pdf?t=xoxe-626178571632-3467451922035-3469800396036-b45365c7edcd0220272aa8a422c2b82f",
                "url_private_download": "https:\/\/files.slack.com\/files-pri\/TJE58GTJL-F02H4AKC6UR\/download\/cm_content_writer__contract_.pdf?t=xoxe-626178571632-3467451922035-3469800396036-b45365c7edcd0220272aa8a422c2b82f",
                "media_display_type": "unknown",
                "thumb_pdf": "https:\/\/files.slack.com\/files-tmb\/TJE58GTJL-F02H4AKC6UR-ca82d4a155\/cm_content_writer__contract__thumb_pdf.png?t=xoxe-626178571632-3467451922035-3469800396036-b45365c7edcd0220272aa8a422c2b82f",
                "thumb_pdf_w": 935,
                "thumb_pdf_h": 1210,
                "permalink": "https:\/\/content-career-growth.slack.com\/files\/UN4FX211U\/F02H4AKC6UR\/cm_content_writer__contract_.pdf",
                "permalink_public": "https:\/\/slack-files.com\/TJE58GTJL-F02H4AKC6UR-f90c65fcea",
                "is_starred": false,
                "has_rich_preview": false
            }
        ],
        "upload": false,
        "user": "UN4FX211U",
        "display_as_bot": false,
        "ts": "1633458381.330200",
        "blocks": [
            {
                "type": "rich_text",
                "block_id": "lZh",
                "elements": [
                    {
                        "type": "rich_text_section",
                        "elements": [
                            {
                                "type": "text",
                                "text": "Hello, all! "
                            },
                            {
                                "type": "emoji",
                                "name": "wave"
                            },
                            {
                                "type": "text",
                                "text": " I'm currently looking for a couple of freelance content writers to help us out at "
                            },
                            {
                                "type": "link",
                                "url": "http:\/\/campaignmonitor.com",
                                "text": "Campaign Monitor"
                            },
                            {
                                "type": "text",
                                "text": "! This role will largely be focused on repurposing pieces in our existing content library, and you'll be working with me and our SEO manager to make it happen. More detailed description and link to apply are attached — feel free to send me a DM if you have any questions!"
                            }
                        ]
                    }
                ]
            }
        ],
        "client_msg_id": "d004cc5f-2928-4ba4-9936-d2325c924be7",
        "thread_ts": "1633458381.330200",
        "reply_count": 9,
        "reply_users_count": 7,
        "latest_reply": "1633952802.358000",
        "reply_users": [
            "U02FZK76B1P",
            "UN4FX211U",
            "U02CVNB3X1T",
            "U028D815JA0",
            "UJ57DB9BM",
            "U01P833NGUT",
            "U020HS8D4TX"
        ],
        "replies": [
            {
                "user": "U02FZK76B1P",
                "ts": "1633470664.332200"
            },
            {
                "user": "UN4FX211U",
                "ts": "1633525856.336500"
            },
            {
                "user": "U02CVNB3X1T",
                "ts": "1633531151.336900"
            },
            {
                "user": "U028D815JA0",
                "ts": "1633534223.339200"
            },
            {
                "user": "UJ57DB9BM",
                "ts": "1633537842.339500"
            },
            {
                "user": "UN4FX211U",
                "ts": "1633544921.339900"
            },
            {
                "user": "U01P833NGUT",
                "ts": "1633547525.340400"
            },
            {
                "user": "UN4FX211U",
                "ts": "1633558346.341700"
            },
            {
                "user": "U020HS8D4TX",
                "ts": "1633952802.358000"
            }
        ],
        "is_locked": false,
        "subscribed": false,
        "reactions": [
            {
                "name": "fire",
                "users": [
                    "UJG9WTEKG",
                    "U020EL92NBZ",
                    "U01FXSKB4G7",
                    "UN227ML2H",
                    "U01TPV4F9GT",
                    "U02BVDF1J9E",
                    "UJJELJPNH",
                    "U012GHRAHDK",
                    "U02BUCR0FLH",
                    "U020HS8D4TX"
                ],
                "count": 10
            },
            {
                "name": "eyes",
                "users": [
                    "U02BRGBQZ8F",
                    "UN227ML2H",
                    "U02FZK76B1P",
                    "U02F1GK6U6B",
                    "U02BUCR0FLH",
                    "U01676BJQ7Q"
                ],
                "count": 6
            },
            {
                "name": "raised_hands",
                "users": [
                    "U02GUH8DP4N"
                ],
                "count": 1
            }
        ]
    },
    {
        "client_msg_id": "C33ECE3E-B6BD-4268-BAB0-BB98D529B718",
        "type": "message",
        "text": "Thanks for sharing! This is very much in my wheelhouse. Application sent! :rocket: ",
        "user": "U02FZK76B1P",
        "ts": "1633470664.332200",
        "team": "TJE58GTJL",
        "user_team": "TJE58GTJL",
        "source_team": "TJE58GTJL",
        "user_profile": {
            "avatar_hash": "698b7b3b38af",
            "image_72": "https:\/\/avatars.slack-edge.com\/2021-09-27\/2534293941189_698b7b3b38af4fd0a4ce_72.jpg",
            "first_name": "Claire",
            "real_name": "Claire Beveridge",
            "display_name": "Claire Beveridge",
            "team": "TJE58GTJL",
            "name": "clairebeveridgeconsul",
            "is_restricted": false,
            "is_ultra_restricted": false
        },
        "blocks": [
            {
                "type": "rich_text",
                "block_id": "Hdz5",
                "elements": [
                    {
                        "type": "rich_text_section",
                        "elements": [
                            {
                                "type": "text",
                                "text": "Thanks for sharing! This is very much in my wheelhouse. Application sent! "
                            },
                            {
                                "type": "emoji",
                                "name": "rocket"
                            },
                            {
                                "type": "text",
                                "text": " "
                            }
                        ]
                    }
                ]
            }
        ],
        "thread_ts": "1633458381.330200",
        "parent_user_id": "UN4FX211U"
    }
]