[
    {
        "client_msg_id": "5e36b2f6-d4ba-4981-995b-f636a137b5be",
        "type": "message",
        "text": "<@U02FBJRCX71> I will be in a couple of weeks when my new website is live.",
        "user": "U01RSA9E9D4",
        "ts": "1638525397.324200",
        "team": "TJE58GTJL",
        "user_team": "TJE58GTJL",
        "source_team": "TJE58GTJL",
        "user_profile": {
            "avatar_hash": "gfbc217f6e1b",
            "image_72": "https:\/\/secure.gravatar.com\/avatar\/fbc217f6e1b233bf10c4247333c118e2.jpg?s=72&d=https%3A%2F%2Fa.slack-edge.com%2Fdf10d%2Fimg%2Favatars%2Fava_0013-72.png",
            "first_name": "Anfernee",
            "real_name": "Anfernee Chansamooth",
            "display_name": "Anf Chansamooth",
            "team": "TJE58GTJL",
            "name": "anf",
            "is_restricted": false,
            "is_ultra_restricted": false
        },
        "blocks": [
            {
                "type": "rich_text",
                "block_id": "czr",
                "elements": [
                    {
                        "type": "rich_text_section",
                        "elements": [
                            {
                                "type": "user",
                                "user_id": "U02FBJRCX71"
                            },
                            {
                                "type": "text",
                                "text": " I will be in a couple of weeks when my new website is live."
                            }
                        ]
                    }
                ]
            }
        ],
        "thread_ts": "1638253002.306200",
        "parent_user_id": "U02FBJRCX71"
    },
    {
        "client_msg_id": "831c8f84-a868-479a-a70e-a203bd7a4dbe",
        "type": "message",
        "text": "Sure <@U02NDCA1TBL>! I just saw your reply on Slack.  <@U01RSA9E9D4> good luck with your site!",
        "user": "U02FBJRCX71",
        "ts": "1638538716.324600",
        "team": "TJE58GTJL",
        "user_team": "TJE58GTJL",
        "source_team": "TJE58GTJL",
        "user_profile": {
            "avatar_hash": "e76239a58629",
            "image_72": "https:\/\/avatars.slack-edge.com\/2022-01-16\/2962539579124_e76239a58629fcc8759d_72.png",
            "first_name": "Mira",
            "real_name": "Mira ANAMAE",
            "display_name": "Mira ANAMAE",
            "team": "TJE58GTJL",
            "name": "miraanamae",
            "is_restricted": false,
            "is_ultra_restricted": false
        },
        "blocks": [
            {
                "type": "rich_text",
                "block_id": "Ok3",
                "elements": [
                    {
                        "type": "rich_text_section",
                        "elements": [
                            {
                                "type": "text",
                                "text": "Sure "
                            },
                            {
                                "type": "user",
                                "user_id": "U02NDCA1TBL"
                            },
                            {
                                "type": "text",
                                "text": "! I just saw your reply on Slack.  "
                            },
                            {
                                "type": "user",
                                "user_id": "U01RSA9E9D4"
                            },
                            {
                                "type": "text",
                                "text": " good luck with your site!"
                            }
                        ]
                    }
                ]
            }
        ],
        "thread_ts": "1638253002.306200",
        "parent_user_id": "U02FBJRCX71"
    },
    {
        "client_msg_id": "9e0b021a-f676-4a72-9a18-00afb2350274",
        "type": "message",
        "text": "I only have a few clients that I work with hourly, and they are just OG grandfathered in clients. I would only work in a per-project basis. I hate having to explain why I took X long for Y.",
        "user": "U02CVNB3X1T",
        "ts": "1638543205.325000",
        "team": "TJE58GTJL",
        "user_team": "TJE58GTJL",
        "source_team": "TJE58GTJL",
        "user_profile": {
            "avatar_hash": "a98cd79fc67b",
            "image_72": "https:\/\/avatars.slack-edge.com\/2021-12-28\/2891088304196_a98cd79fc67b29986082_72.png",
            "first_name": "Julie",
            "real_name": "Julie Simpson",
            "display_name": "Julie Simpson",
            "team": "TJE58GTJL",
            "name": "jujuklu",
            "is_restricted": false,
            "is_ultra_restricted": false
        },
        "blocks": [
            {
                "type": "rich_text",
                "block_id": "\/bO",
                "elements": [
                    {
                        "type": "rich_text_section",
                        "elements": [
                            {
                                "type": "text",
                                "text": "I only have a few clients that I work with hourly, and they are just OG grandfathered in clients. I would only work in a per-project basis. I hate having to explain why I took X long for Y."
                            }
                        ]
                    }
                ]
            }
        ],
        "thread_ts": "1637772185.244400",
        "parent_user_id": "U02F43CAK5X"
    },
    {
        "client_msg_id": "27c209fa-44a1-41c6-9b83-5f4ba807203b",
        "type": "message",
        "text": "I would really love to write some more Crypto or Blockchain articles! Does anyone need anything written or have any leads? TIA!",
        "user": "U02CVNB3X1T",
        "ts": "1638543369.326000",
        "team": "TJE58GTJL",
        "user_team": "TJE58GTJL",
        "source_team": "TJE58GTJL",
        "user_profile": {
            "avatar_hash": "a98cd79fc67b",
            "image_72": "https:\/\/avatars.slack-edge.com\/2021-12-28\/2891088304196_a98cd79fc67b29986082_72.png",
            "first_name": "Julie",
            "real_name": "Julie Simpson",
            "display_name": "Julie Simpson",
            "team": "TJE58GTJL",
            "name": "jujuklu",
            "is_restricted": false,
            "is_ultra_restricted": false
        },
        "edited": {
            "user": "U02CVNB3X1T",
            "ts": "1638543416.000000"
        },
        "blocks": [
            {
                "type": "rich_text",
                "block_id": "9udxa",
                "elements": [
                    {
                        "type": "rich_text_section",
                        "elements": [
                            {
                                "type": "text",
                                "text": "I would really love to write some more Crypto or Blockchain articles! Does anyone need anything written or have any leads? TIA!"
                            }
                        ]
                    }
                ]
            }
        ],
        "thread_ts": "1638543369.326000",
        "reply_count": 2,
        "reply_users_count": 2,
        "latest_reply": "1638554961.339300",
        "reply_users": [
            "UJJFDTN8G",
            "U02CVNB3X1T"
        ],
        "replies": [
            {
                "user": "UJJFDTN8G",
                "ts": "1638554808.339100"
            },
            {
                "user": "U02CVNB3X1T",
                "ts": "1638554961.339300"
            }
        ],
        "is_locked": false,
        "subscribed": false
    },
    {
        "client_msg_id": "7a6e94af-ad99-4278-b059-46f814a8380c",
        "type": "message",
        "text": "Hi everyone,\n\nI'm a content marketing consultant at a marketing agency. We have an immediate need for a freelance content writer with experience writing personal finance blog articles, focusing on personal debt topics.\n\nIf you have done this type of writing and are available over the next 2-3 weeks, I'd love to hear from you!  You can reach me at <mailto:czapinski@brunnerworks.com|czapinski@brunnerworks.com>.",
        "user": "U02662HSYJK",
        "ts": "1638545942.332700",
        "team": "TJE58GTJL",
        "user_team": "TJE58GTJL",
        "source_team": "TJE58GTJL",
        "user_profile": {
            "avatar_hash": "7055b179620d",
            "image_72": "https:\/\/avatars.slack-edge.com\/2021-07-12\/2289575142112_7055b179620d0be939b7_72.jpg",
            "first_name": "Christine",
            "real_name": "Christine Zapinski",
            "display_name": "Christine Zapinski",
            "team": "TJE58GTJL",
            "name": "christine.zapinski",
            "is_restricted": false,
            "is_ultra_restricted": false
        },
        "blocks": [
            {
                "type": "rich_text",
                "block_id": "ltONc",
                "elements": [
                    {
                        "type": "rich_text_section",
                        "elements": [
                            {
                                "type": "text",
                                "text": "Hi everyone,\n\nI'm a content marketing consultant at a marketing agency. We have an immediate need for a freelance content writer with experience writing personal finance blog articles, focusing on personal debt topics.\n\nIf you have done this type of writing and are available over the next 2-3 weeks, I'd love to hear from you!  You can reach me at "
                            },
                            {
                                "type": "link",
                                "url": "mailto:czapinski@brunnerworks.com",
                                "text": "czapinski@brunnerworks.com"
                            },
                            {
                                "type": "text",
                                "text": "."
                            }
                        ]
                    }
                ]
            }
        ],
        "thread_ts": "1638545942.332700",
        "reply_count": 1,
        "reply_users_count": 1,
        "latest_reply": "1638549552.336100",
        "reply_users": [
            "U02HD0L8HAP"
        ],
        "replies": [
            {
                "user": "U02HD0L8HAP",
                "ts": "1638549552.336100"
            }
        ],
        "is_locked": false,
        "subscribed": false,
        "reactions": [
            {
                "name": "partyparrot",
                "users": [
                    "U01AHL8AGBB",
                    "U020EL92NBZ",
                    "U02F1GK6U6B",
                    "U02PJ4SK0TW",
                    "U02NS1CT0GH",
                    "U02GYR8TM96",
                    "U02L06T4MM2"
                ],
                "count": 7
            },
            {
                "name": "heart",
                "users": [
                    "U02HD0L8HAP"
                ],
                "count": 1
            }
        ]
    },
    {
        "client_msg_id": "36651fd1-0b72-44af-97dd-ff4e7639e714",
        "type": "message",
        "text": "Sent you an email <@U02662HSYJK> :slightly_smiling_face:",
        "user": "U02HD0L8HAP",
        "ts": "1638549552.336100",
        "team": "TJE58GTJL",
        "user_team": "TJE58GTJL",
        "source_team": "TJE58GTJL",
        "user_profile": {
            "avatar_hash": "675c42a91f65",
            "image_72": "https:\/\/avatars.slack-edge.com\/2022-01-10\/2928364816754_675c42a91f6571f4ac6b_72.jpg",
            "first_name": "Aanchal",
            "real_name": "Aanchal Parmar",
            "display_name": "Aanchal Parmar",
            "team": "TJE58GTJL",
            "name": "aanywrites",
            "is_restricted": false,
            "is_ultra_restricted": false
        },
        "blocks": [
            {
                "type": "rich_text",
                "block_id": "uyKBs",
                "elements": [
                    {
                        "type": "rich_text_section",
                        "elements": [
                            {
                                "type": "text",
                                "text": "Sent you an email "
                            },
                            {
                                "type": "user",
                                "user_id": "U02662HSYJK"
                            },
                            {
                                "type": "text",
                                "text": " "
                            },
                            {
                                "type": "emoji",
                                "name": "slightly_smiling_face"
                            }
                        ]
                    }
                ]
            }
        ],
        "thread_ts": "1638545942.332700",
        "parent_user_id": "U02662HSYJK"
    },
    {
        "client_msg_id": "0b4efd32-31e1-49aa-81a0-06d1b30754c5",
        "type": "message",
        "text": "Anyone use Wave as their all-in-one solution to invoicing and payments from abroad? I've been doing things pretty manually with invoicing and set up a PayPal for international clients, but currently considering having one bit of software to handle everything.",
        "user": "U02H3K9BEMA",
        "ts": "1638551425.336400",
        "team": "TJE58GTJL",
        "user_team": "TJE58GTJL",
        "source_team": "TJE58GTJL",
        "user_profile": {
            "avatar_hash": "09a184af1fd8",
            "image_72": "https:\/\/avatars.slack-edge.com\/2021-10-07\/2592228292273_09a184af1fd866e135e1_72.jpg",
            "first_name": "Claire",
            "real_name": "Claire Beveridge",
            "display_name": "Claire Beveridge",
            "team": "TJE58GTJL",
            "name": "claire919",
            "is_restricted": false,
            "is_ultra_restricted": false
        },
        "blocks": [
            {
                "type": "rich_text",
                "block_id": "=ZSu9",
                "elements": [
                    {
                        "type": "rich_text_section",
                        "elements": [
                            {
                                "type": "text",
                                "text": "Anyone use Wave as their all-in-one solution to invoicing and payments from abroad? I've been doing things pretty manually with invoicing and set up a PayPal for international clients, but currently considering having one bit of software to handle everything."
                            }
                        ]
                    }
                ]
            }
        ],
        "thread_ts": "1638551425.336400",
        "reply_count": 3,
        "reply_users_count": 3,
        "latest_reply": "1638554765.338000",
        "reply_users": [
            "U02CVNB3X1T",
            "U01AHL8AGBB",
            "UJJFDTN8G"
        ],
        "replies": [
            {
                "user": "U02CVNB3X1T",
                "ts": "1638552936.336500"
            },
            {
                "user": "U01AHL8AGBB",
                "ts": "1638554318.337300"
            },
            {
                "user": "UJJFDTN8G",
                "ts": "1638554765.338000"
            }
        ],
        "is_locked": false,
        "subscribed": false
    },
    {
        "client_msg_id": "93212d88-9f4f-4957-bc4c-39a2182bc9a6",
        "type": "message",
        "text": "I use Wave for all the things! I'm not sure about abroad, but I use Wave domestically. It works really well for me and compiles everything for me for tax time. I don't particularly love the fee it charges, but I feel like a lot of programs charge a processing fee, so I just build it into client contracts. I hope this helps!",
        "user": "U02CVNB3X1T",
        "ts": "1638552936.336500",
        "team": "TJE58GTJL",
        "user_team": "TJE58GTJL",
        "source_team": "TJE58GTJL",
        "user_profile": {
            "avatar_hash": "a98cd79fc67b",
            "image_72": "https:\/\/avatars.slack-edge.com\/2021-12-28\/2891088304196_a98cd79fc67b29986082_72.png",
            "first_name": "Julie",
            "real_name": "Julie Simpson",
            "display_name": "Julie Simpson",
            "team": "TJE58GTJL",
            "name": "jujuklu",
            "is_restricted": false,
            "is_ultra_restricted": false
        },
        "blocks": [
            {
                "type": "rich_text",
                "block_id": "45P",
                "elements": [
                    {
                        "type": "rich_text_section",
                        "elements": [
                            {
                                "type": "text",
                                "text": "I use Wave for all the things! I'm not sure about abroad, but I use Wave domestically. It works really well for me and compiles everything for me for tax time. I don't particularly love the fee it charges, but I feel like a lot of programs charge a processing fee, so I just build it into client contracts. I hope this helps!"
                            }
                        ]
                    }
                ]
            }
        ],
        "thread_ts": "1638551425.336400",
        "parent_user_id": "U02H3K9BEMA",
        "reactions": [
            {
                "name": "raised_hands",
                "users": [
                    "U02H3K9BEMA",
                    "U02GYR8TM96"
                ],
                "count": 2
            }
        ]
    },
    {
        "client_msg_id": "fb18edc8-82b3-487a-8740-9c3710fd31e9",
        "type": "message",
        "text": "I use Wave, main complaint is that it sometimes loses connection to read in my banking transaction activity (seems down indefinitely now since my bank rolled out 2FA). Not realllllly Wave's fault (they rely on Plaid I think).\n\nI have been considering switching to Bonsai, esp for when i subcontract.\n\nI also think Bonsai might be better equipped to work internationally. It is not free tho.",
        "user": "U01AHL8AGBB",
        "ts": "1638554318.337300",
        "team": "TJE58GTJL",
        "user_team": "TJE58GTJL",
        "source_team": "TJE58GTJL",
        "user_profile": {
            "avatar_hash": "09eb34255d46",
            "image_72": "https:\/\/avatars.slack-edge.com\/2020-09-07\/1347887170866_09eb34255d4678a00ddc_72.png",
            "first_name": "Jordy",
            "real_name": "Jordy Fujiwara",
            "display_name": "Jordy",
            "team": "TJE58GTJL",
            "name": "jordy.fujiwara",
            "is_restricted": false,
            "is_ultra_restricted": false
        },
        "blocks": [
            {
                "type": "rich_text",
                "block_id": "qHw",
                "elements": [
                    {
                        "type": "rich_text_section",
                        "elements": [
                            {
                                "type": "text",
                                "text": "I use Wave, main complaint is that it sometimes loses connection to read in my banking transaction activity (seems down indefinitely now since my bank rolled out 2FA). Not realllllly Wave's fault (they rely on Plaid I think).\n\nI have been considering switching to Bonsai, esp for when i subcontract.\n\nI also think Bonsai might be better equipped to work internationally. It is not free tho."
                            }
                        ]
                    }
                ]
            }
        ],
        "thread_ts": "1638551425.336400",
        "parent_user_id": "U02H3K9BEMA",
        "reactions": [
            {
                "name": "raised_hands",
                "users": [
                    "U02H3K9BEMA"
                ],
                "count": 1
            }
        ]
    },
    {
        "client_msg_id": "51E73770-5677-473C-B93C-AE4E9FEA9DEE",
        "type": "message",
        "text": "I used wave until my accountant introduced me to FreeAgent. Worth every penny. ",
        "user": "UJJFDTN8G",
        "ts": "1638554765.338000",
        "team": "TJE58GTJL",
        "user_team": "TJE58GTJL",
        "source_team": "TJE58GTJL",
        "user_profile": {
            "avatar_hash": "gd91d89ae152",
            "image_72": "https:\/\/secure.gravatar.com\/avatar\/86d91d89ae1528e747f4a586668d5d87.jpg?s=72&d=https%3A%2F%2Fa.slack-edge.com%2Fdf10d%2Fimg%2Favatars%2Fava_0013-72.png",
            "first_name": "Dominic",
            "real_name": "Dominic Kent",
            "display_name": "Dom Kent",
            "team": "TJE58GTJL",
            "name": "dominic",
            "is_restricted": false,
            "is_ultra_restricted": false
        },
        "blocks": [
            {
                "type": "rich_text",
                "block_id": "M1m=L",
                "elements": [
                    {
                        "type": "rich_text_section",
                        "elements": [
                            {
                                "type": "text",
                                "text": "I used wave until my accountant introduced me to FreeAgent. Worth every penny. "
                            }
                        ]
                    }
                ]
            }
        ],
        "thread_ts": "1638551425.336400",
        "parent_user_id": "U02H3K9BEMA",
        "reactions": [
            {
                "name": "raised_hands",
                "users": [
                    "U02H3K9BEMA"
                ],
                "count": 1
            }
        ]
    },
    {
        "client_msg_id": "66031E52-848E-4E19-B715-82AB77F948E7",
        "type": "message",
        "text": "Hey Julie, I have an NFT customer on the solana blockchain. Let's geek out in DMs if that's your thing.",
        "user": "UJJFDTN8G",
        "ts": "1638554808.339100",
        "team": "TJE58GTJL",
        "user_team": "TJE58GTJL",
        "source_team": "TJE58GTJL",
        "user_profile": {
            "avatar_hash": "gd91d89ae152",
            "image_72": "https:\/\/secure.gravatar.com\/avatar\/86d91d89ae1528e747f4a586668d5d87.jpg?s=72&d=https%3A%2F%2Fa.slack-edge.com%2Fdf10d%2Fimg%2Favatars%2Fava_0013-72.png",
            "first_name": "Dominic",
            "real_name": "Dominic Kent",
            "display_name": "Dom Kent",
            "team": "TJE58GTJL",
            "name": "dominic",
            "is_restricted": false,
            "is_ultra_restricted": false
        },
        "blocks": [
            {
                "type": "rich_text",
                "block_id": "AP2T",
                "elements": [
                    {
                        "type": "rich_text_section",
                        "elements": [
                            {
                                "type": "text",
                                "text": "Hey Julie, I have an NFT customer on the solana blockchain. Let's geek out in DMs if that's your thing."
                            }
                        ]
                    }
                ]
            }
        ],
        "thread_ts": "1638543369.326000",
        "parent_user_id": "U02CVNB3X1T"
    },
    {
        "client_msg_id": "764c083e-cabe-4086-912b-e9d784de1a3c",
        "type": "message",
        "text": "Thanks, <@UJJFDTN8G> I sent you a message!",
        "user": "U02CVNB3X1T",
        "ts": "1638554961.339300",
        "team": "TJE58GTJL",
        "user_team": "TJE58GTJL",
        "source_team": "TJE58GTJL",
        "user_profile": {
            "avatar_hash": "a98cd79fc67b",
            "image_72": "https:\/\/avatars.slack-edge.com\/2021-12-28\/2891088304196_a98cd79fc67b29986082_72.png",
            "first_name": "Julie",
            "real_name": "Julie Simpson",
            "display_name": "Julie Simpson",
            "team": "TJE58GTJL",
            "name": "jujuklu",
            "is_restricted": false,
            "is_ultra_restricted": false
        },
        "blocks": [
            {
                "type": "rich_text",
                "block_id": "T5r",
                "elements": [
                    {
                        "type": "rich_text_section",
                        "elements": [
                            {
                                "type": "text",
                                "text": "Thanks, "
                            },
                            {
                                "type": "user",
                                "user_id": "UJJFDTN8G"
                            },
                            {
                                "type": "text",
                                "text": " I sent you a message!"
                            }
                        ]
                    }
                ]
            }
        ],
        "thread_ts": "1638543369.326000",
        "parent_user_id": "U02CVNB3X1T"
    },
    {
        "client_msg_id": "0960bf13-b9e9-4511-9af8-1d5291b52ec3",
        "type": "message",
        "text": ":wave::skin-tone-3: Hi all - I am looking for the best user testing sites or communities for app UX testing. :test_tube:\n\nDo you have a site\/partner\/community that you would recommend to find quality testers as we build out new product features?",
        "user": "U02MCSAR9U6",
        "ts": "1638568217.340300",
        "team": "TJE58GTJL",
        "user_team": "TJE58GTJL",
        "source_team": "TJE58GTJL",
        "user_profile": {
            "avatar_hash": "ac0de2f6b0f1",
            "image_72": "https:\/\/avatars.slack-edge.com\/2021-11-16\/2727000531942_ac0de2f6b0f1a9f5ec4a_72.png",
            "first_name": "Julie",
            "real_name": "Julie Scotland",
            "display_name": "Julie Scotland",
            "team": "TJE58GTJL",
            "name": "julie",
            "is_restricted": false,
            "is_ultra_restricted": false
        },
        "blocks": [
            {
                "type": "rich_text",
                "block_id": "\/3e",
                "elements": [
                    {
                        "type": "rich_text_section",
                        "elements": [
                            {
                                "type": "emoji",
                                "name": "wave",
                                "skin_tone": 3
                            },
                            {
                                "type": "text",
                                "text": " Hi all - I am looking for the best user testing sites or communities for app UX testing. "
                            },
                            {
                                "type": "emoji",
                                "name": "test_tube"
                            },
                            {
                                "type": "text",
                                "text": "\n\nDo you have a site\/partner\/community that you would recommend to find quality testers as we build out new product features?"
                            }
                        ]
                    }
                ]
            }
        ],
        "thread_ts": "1638568217.340300",
        "reply_count": 1,
        "reply_users_count": 1,
        "latest_reply": "1638607385.341000",
        "reply_users": [
            "U02AUQ0KMGC"
        ],
        "replies": [
            {
                "user": "U02AUQ0KMGC",
                "ts": "1638607385.341000"
            }
        ],
        "is_locked": false,
        "subscribed": false,
        "reactions": [
            {
                "name": "eyes",
                "users": [
                    "U02PUQ6CQRX"
                ],
                "count": 1
            },
            {
                "name": "white_check_mark",
                "users": [
                    "U02EC65FULE"
                ],
                "count": 1
            }
        ]
    }
]