[
    {
        "client_msg_id": "ffe2768a-e5cd-4260-9063-b951fc06aa21",
        "type": "message",
        "text": "Hi all :wave:\n\nI'm looking to expand my freelancer pool.\n\nPlease DM me if you are – or if you know – a *native German wordsmith* who would enjoy writing SEO articles about language learning! :de:\n\nI'm also looking for an English wordsmith :uk: :us:\n\nThank you :pray:",
        "user": "U023M662VPF",
        "ts": "1626168927.278400",
        "team": "TJE58GTJL",
        "user_team": "TJE58GTJL",
        "source_team": "TJE58GTJL",
        "user_profile": {
            "avatar_hash": "0040ea47e47b",
            "image_72": "https:\/\/avatars.slack-edge.com\/2021-06-02\/2152292470848_0040ea47e47bd35a76f6_72.jpg",
            "first_name": "Annie",
            "real_name": "Annie Maddison",
            "display_name": "Annie Maddison",
            "team": "TJE58GTJL",
            "name": "annie180",
            "is_restricted": false,
            "is_ultra_restricted": false
        },
        "edited": {
            "user": "U023M662VPF",
            "ts": "1626171888.000000"
        },
        "blocks": [
            {
                "type": "rich_text",
                "block_id": "BSq",
                "elements": [
                    {
                        "type": "rich_text_section",
                        "elements": [
                            {
                                "type": "text",
                                "text": "Hi all "
                            },
                            {
                                "type": "emoji",
                                "name": "wave"
                            },
                            {
                                "type": "text",
                                "text": "\n\nI'm looking to expand my freelancer pool.\n\nPlease DM me if you are – or if you know – a "
                            },
                            {
                                "type": "text",
                                "text": "native German wordsmith",
                                "style": {
                                    "bold": true
                                }
                            },
                            {
                                "type": "text",
                                "text": " who would enjoy writing SEO articles about language learning! "
                            },
                            {
                                "type": "emoji",
                                "name": "de"
                            },
                            {
                                "type": "text",
                                "text": "\n\nI'm also looking for an English wordsmith "
                            },
                            {
                                "type": "emoji",
                                "name": "uk"
                            },
                            {
                                "type": "text",
                                "text": " "
                            },
                            {
                                "type": "emoji",
                                "name": "us"
                            },
                            {
                                "type": "text",
                                "text": "\n\nThank you "
                            },
                            {
                                "type": "emoji",
                                "name": "pray"
                            }
                        ]
                    }
                ]
            }
        ],
        "thread_ts": "1626168927.278400",
        "reply_count": 6,
        "reply_users_count": 5,
        "latest_reply": "1626423326.296300",
        "reply_users": [
            "U02681WABA7",
            "U023M662VPF",
            "UL9SA4C3T",
            "U01P833NGUT",
            "U028D815JA0"
        ],
        "replies": [
            {
                "user": "U02681WABA7",
                "ts": "1626168973.278500"
            },
            {
                "user": "U023M662VPF",
                "ts": "1626169151.278700"
            },
            {
                "user": "UL9SA4C3T",
                "ts": "1626201594.283400"
            },
            {
                "user": "U01P833NGUT",
                "ts": "1626306418.292500"
            },
            {
                "user": "U028D815JA0",
                "ts": "1626372842.295400"
            },
            {
                "user": "U023M662VPF",
                "ts": "1626423326.296300"
            }
        ],
        "is_locked": false,
        "subscribed": false,
        "reactions": [
            {
                "name": "raised_hands",
                "users": [
                    "U023HGMVC0P"
                ],
                "count": 1
            }
        ]
    },
    {
        "client_msg_id": "78c2ed24-0607-4aa7-92e7-0f192f66bd22",
        "type": "message",
        "text": "Can I hijack this convo to say I'm looking for :flag-nl: ones, <@U023M662VPF>? :smirk:",
        "user": "U02681WABA7",
        "ts": "1626168973.278500",
        "team": "TJE58GTJL",
        "user_team": "TJE58GTJL",
        "source_team": "TJE58GTJL",
        "user_profile": {
            "avatar_hash": "e00edcfaaddd",
            "image_72": "https:\/\/avatars.slack-edge.com\/2021-09-29\/2531730201543_e00edcfaaddd70703667_72.jpg",
            "first_name": "Jonas",
            "real_name": "Jonas van de Poel",
            "display_name": "Jonas van de Poel",
            "team": "TJE58GTJL",
            "name": "jonas792",
            "is_restricted": false,
            "is_ultra_restricted": false
        },
        "blocks": [
            {
                "type": "rich_text",
                "block_id": "4587y",
                "elements": [
                    {
                        "type": "rich_text_section",
                        "elements": [
                            {
                                "type": "text",
                                "text": "Can I hijack this convo to say I'm looking for "
                            },
                            {
                                "type": "emoji",
                                "name": "flag-nl"
                            },
                            {
                                "type": "text",
                                "text": " ones, "
                            },
                            {
                                "type": "user",
                                "user_id": "U023M662VPF"
                            },
                            {
                                "type": "text",
                                "text": "? "
                            },
                            {
                                "type": "emoji",
                                "name": "smirk"
                            }
                        ]
                    }
                ]
            }
        ],
        "thread_ts": "1626168927.278400",
        "parent_user_id": "U023M662VPF"
    },
    {
        "client_msg_id": "1d30ca6f-3246-4077-87aa-b637a0f62905",
        "type": "message",
        "text": "haha <@U02681WABA7> there's enough space for the both of us :wink:",
        "user": "U023M662VPF",
        "ts": "1626169151.278700",
        "team": "TJE58GTJL",
        "user_team": "TJE58GTJL",
        "source_team": "TJE58GTJL",
        "user_profile": {
            "avatar_hash": "0040ea47e47b",
            "image_72": "https:\/\/avatars.slack-edge.com\/2021-06-02\/2152292470848_0040ea47e47bd35a76f6_72.jpg",
            "first_name": "Annie",
            "real_name": "Annie Maddison",
            "display_name": "Annie Maddison",
            "team": "TJE58GTJL",
            "name": "annie180",
            "is_restricted": false,
            "is_ultra_restricted": false
        },
        "blocks": [
            {
                "type": "rich_text",
                "block_id": "yGvU",
                "elements": [
                    {
                        "type": "rich_text_section",
                        "elements": [
                            {
                                "type": "text",
                                "text": "haha "
                            },
                            {
                                "type": "user",
                                "user_id": "U02681WABA7"
                            },
                            {
                                "type": "text",
                                "text": " there's enough space for the both of us "
                            },
                            {
                                "type": "emoji",
                                "name": "wink"
                            }
                        ]
                    }
                ]
            }
        ],
        "thread_ts": "1626168927.278400",
        "parent_user_id": "U023M662VPF",
        "reactions": [
            {
                "name": "bow",
                "users": [
                    "U02681WABA7"
                ],
                "count": 1
            }
        ]
    },
    {
        "client_msg_id": "831a53ac-132a-4e05-a601-10d430ef1ca3",
        "type": "message",
        "text": "Looking for a freelance researcher\/data viz expert to help with an upcoming lead gen report! We're starting the 2021 edition of our state legislative trends report and looking for someone to help with a) research into our state legislative data to uncover interesting insights on what happened in state legislatures in 2021 and b) help visualize the insights you uncover.\n\nIf you know someone who is a politics wonk and interested in research+data viz please send them my way! Linking last year's report for reference: <https:\/\/quorum-media.s3.amazonaws.com\/media\/blog\/2020-08-11T143126.024902_2020_Trends_State_Legislature_v9_HiRes.pdf>",
        "user": "U01ANAZTZTK",
        "ts": "1626189718.280900",
        "team": "TJE58GTJL",
        "user_team": "TJE58GTJL",
        "source_team": "TJE58GTJL",
        "user_profile": {
            "avatar_hash": "ef5727669c45",
            "image_72": "https:\/\/avatars.slack-edge.com\/2020-09-08\/1349771386962_ef5727669c45c9f60612_72.jpg",
            "first_name": "Theresa",
            "real_name": "Theresa Hebert",
            "display_name": "Theresa Hebert",
            "team": "TJE58GTJL",
            "name": "theresa",
            "is_restricted": false,
            "is_ultra_restricted": false
        },
        "blocks": [
            {
                "type": "rich_text",
                "block_id": "pI=",
                "elements": [
                    {
                        "type": "rich_text_section",
                        "elements": [
                            {
                                "type": "text",
                                "text": "Looking for a freelance researcher\/data viz expert to help with an upcoming lead gen report! We're starting the 2021 edition of our state legislative trends report and looking for someone to help with a) research into our state legislative data to uncover interesting insights on what happened in state legislatures in 2021 and b) help visualize the insights you uncover.\n\nIf you know someone who is a politics wonk and interested in research+data viz please send them my way! Linking last year's report for reference: "
                            },
                            {
                                "type": "link",
                                "url": "https:\/\/quorum-media.s3.amazonaws.com\/media\/blog\/2020-08-11T143126.024902_2020_Trends_State_Legislature_v9_HiRes.pdf"
                            }
                        ]
                    }
                ]
            }
        ],
        "thread_ts": "1626189718.280900",
        "reply_count": 2,
        "reply_users_count": 2,
        "latest_reply": "1626190534.281200",
        "reply_users": [
            "U01FUP6AMEZ",
            "U01ANAZTZTK"
        ],
        "replies": [
            {
                "user": "U01FUP6AMEZ",
                "ts": "1626190262.281000"
            },
            {
                "user": "U01ANAZTZTK",
                "ts": "1626190534.281200"
            }
        ],
        "is_locked": false,
        "subscribed": false
    },
    {
        "client_msg_id": "f45e9715-4164-4070-b761-6e443c592b42",
        "type": "message",
        "text": "ooh fascinating! sharing w a freelance friend who is a data analyst by day",
        "user": "U01FUP6AMEZ",
        "ts": "1626190262.281000",
        "team": "TJE58GTJL",
        "user_team": "TJE58GTJL",
        "source_team": "TJE58GTJL",
        "user_profile": {
            "avatar_hash": "128762c3ea3f",
            "image_72": "https:\/\/avatars.slack-edge.com\/2020-12-01\/1527137254583_128762c3ea3f3d65d19b_72.jpg",
            "first_name": "Joanna",
            "real_name": "Joanna Rutter",
            "display_name": "Joanna Rutter",
            "team": "TJE58GTJL",
            "name": "rutterjoanna",
            "is_restricted": false,
            "is_ultra_restricted": false
        },
        "blocks": [
            {
                "type": "rich_text",
                "block_id": "yGo2j",
                "elements": [
                    {
                        "type": "rich_text_section",
                        "elements": [
                            {
                                "type": "text",
                                "text": "ooh fascinating! sharing w a freelance friend who is a data analyst by day"
                            }
                        ]
                    }
                ]
            }
        ],
        "thread_ts": "1626189718.280900",
        "parent_user_id": "U01ANAZTZTK"
    },
    {
        "client_msg_id": "1f08d483-97a3-470a-b962-55c04f563a25",
        "type": "message",
        "text": "thank you!",
        "user": "U01ANAZTZTK",
        "ts": "1626190534.281200",
        "team": "TJE58GTJL",
        "user_team": "TJE58GTJL",
        "source_team": "TJE58GTJL",
        "user_profile": {
            "avatar_hash": "ef5727669c45",
            "image_72": "https:\/\/avatars.slack-edge.com\/2020-09-08\/1349771386962_ef5727669c45c9f60612_72.jpg",
            "first_name": "Theresa",
            "real_name": "Theresa Hebert",
            "display_name": "Theresa Hebert",
            "team": "TJE58GTJL",
            "name": "theresa",
            "is_restricted": false,
            "is_ultra_restricted": false
        },
        "blocks": [
            {
                "type": "rich_text",
                "block_id": "c8Eb",
                "elements": [
                    {
                        "type": "rich_text_section",
                        "elements": [
                            {
                                "type": "text",
                                "text": "thank you!"
                            }
                        ]
                    }
                ]
            }
        ],
        "thread_ts": "1626189718.280900",
        "parent_user_id": "U01ANAZTZTK"
    },
    {
        "client_msg_id": "8559654E-9AF2-4129-BB40-29CA87CBE064",
        "type": "message",
        "text": "This thread makes me smile.",
        "user": "UL9SA4C3T",
        "ts": "1626201594.283400",
        "team": "TJE58GTJL",
        "user_team": "TJE58GTJL",
        "source_team": "TJE58GTJL",
        "user_profile": {
            "avatar_hash": "4365ff0f7a40",
            "image_72": "https:\/\/avatars.slack-edge.com\/2019-12-18\/879874350469_4365ff0f7a40c9bd9bf4_72.jpg",
            "first_name": "Ritika",
            "real_name": "Ritika Puri",
            "display_name": "Ritika",
            "team": "TJE58GTJL",
            "name": "ritika",
            "is_restricted": false,
            "is_ultra_restricted": false
        },
        "blocks": [
            {
                "type": "rich_text",
                "block_id": "Zab1",
                "elements": [
                    {
                        "type": "rich_text_section",
                        "elements": [
                            {
                                "type": "text",
                                "text": "This thread makes me smile."
                            }
                        ]
                    }
                ]
            }
        ],
        "thread_ts": "1626168927.278400",
        "parent_user_id": "U023M662VPF"
    },
    {
        "type": "message",
        "subtype": "channel_join",
        "ts": "1626202891.283900",
        "user": "U016Q3T877S",
        "text": "<@U016Q3T877S> has joined the channel",
        "inviter": "UJG9WTEKG"
    },
    {
        "client_msg_id": "cf420d82-103e-4e91-a3af-d981784e68ad",
        "type": "message",
        "text": "<@U022FMX8Y6L> DMed you, check please)",
        "user": "U01K3VD3154",
        "ts": "1626203742.284300",
        "team": "TJE58GTJL",
        "user_team": "TJE58GTJL",
        "source_team": "TJE58GTJL",
        "user_profile": {
            "avatar_hash": "344b2bdfd4e4",
            "image_72": "https:\/\/avatars.slack-edge.com\/2021-12-24\/2880772375011_344b2bdfd4e4a027d9a5_72.png",
            "first_name": "Liana",
            "real_name": "Liana",
            "display_name": "Liana",
            "team": "TJE58GTJL",
            "name": "lianasimonyan98",
            "is_restricted": false,
            "is_ultra_restricted": false
        },
        "edited": {
            "user": "U01K3VD3154",
            "ts": "1626203749.000000"
        },
        "blocks": [
            {
                "type": "rich_text",
                "block_id": "6zuP",
                "elements": [
                    {
                        "type": "rich_text_section",
                        "elements": [
                            {
                                "type": "user",
                                "user_id": "U022FMX8Y6L"
                            },
                            {
                                "type": "text",
                                "text": " DMed you, check please)"
                            }
                        ]
                    }
                ]
            }
        ],
        "thread_ts": "1626111486.267100",
        "parent_user_id": "U022FMX8Y6L"
    },
    {
        "client_msg_id": "64a48efb-80ea-4269-bb1e-981f64d55f5b",
        "type": "message",
        "text": "Seeking a freelance copywriter to assist with proofing and fact checking on multiple articles of 1250 words.",
        "user": "U016Q3T877S",
        "ts": "1626204972.285300",
        "team": "TJE58GTJL",
        "user_team": "TJE58GTJL",
        "source_team": "TJE58GTJL",
        "user_profile": {
            "avatar_hash": "d5269f0e0f10",
            "image_72": "https:\/\/avatars.slack-edge.com\/2020-06-25\/1229969750768_d5269f0e0f10973b520c_72.png",
            "first_name": "Andrew",
            "real_name": "Andrew Barrett",
            "display_name": "Andrew Barrett",
            "team": "TJE58GTJL",
            "name": "andrewbarrett254",
            "is_restricted": false,
            "is_ultra_restricted": false
        },
        "blocks": [
            {
                "type": "rich_text",
                "block_id": "bqHqW",
                "elements": [
                    {
                        "type": "rich_text_section",
                        "elements": [
                            {
                                "type": "text",
                                "text": "Seeking a freelance copywriter to assist with proofing and fact checking on multiple articles of 1250 words."
                            }
                        ]
                    }
                ]
            }
        ],
        "thread_ts": "1626204972.285300",
        "reply_count": 1,
        "reply_users_count": 1,
        "latest_reply": "1626479138.299800",
        "reply_users": [
            "U027KKWUY12"
        ],
        "replies": [
            {
                "user": "U027KKWUY12",
                "ts": "1626479138.299800"
            }
        ],
        "is_locked": false,
        "subscribed": false,
        "reactions": [
            {
                "name": "+1",
                "users": [
                    "U013JCCN8JE",
                    "UJJELJPNH",
                    "U027E27L339"
                ],
                "count": 3
            }
        ]
    }
]