[
    {
        "bot_id": "B023BC3A2UV",
        "type": "message",
        "text": "_[sponsored]_ You know we're all about jobs here, and so is the B2B Writing Institute (:raised_hands: <@U01K0BWEQD6>). We partnered to get you FREE access to this training on *how to get hired as a B2B writer*. Use the code `superpath` to get it for free — and let us know how you like it! <https:\/\/b2bwritinginstitute.podia.com\/96cf692e-9f6a-448d-87a8-6bb7052402ab> \n\nAnd many thanks to <@U01K0BWEQD6> for her support of this community—it's good folks like her that help us keep it free. :slightly_smiling_face:",
        "user": "UJG9WTEKG",
        "ts": "1633014000.287400",
        "team": "TJE58GTJL",
        "bot_profile": {
            "id": "B023BC3A2UV",
            "app_id": "AL3SX1B6J",
            "name": "Send It Later",
            "icons": {
                "image_36": "https:\/\/avatars.slack-edge.com\/2019-07-02\/671777182994_a14924be81a633327b73_36.png",
                "image_48": "https:\/\/avatars.slack-edge.com\/2019-07-02\/671777182994_a14924be81a633327b73_48.png",
                "image_72": "https:\/\/avatars.slack-edge.com\/2019-07-02\/671777182994_a14924be81a633327b73_72.png"
            },
            "deleted": false,
            "updated": 1622231340,
            "team_id": "TJE58GTJL"
        },
        "edited": {
            "user": "B023BC3A2UV",
            "ts": "1633014002.000000"
        },
        "attachments": [
            {
                "service_name": "B2B Writing Institute",
                "title": "How to Get Hired in B2B",
                "title_link": "https:\/\/b2bwritinginstitute.podia.com\/96cf692e-9f6a-448d-87a8-6bb7052402ab",
                "text": "Let's Explore Different Business Structures in B2B Marketing and How They Hire and Pay You to Write Background reading: <https:\/\/b2bwritinginstitute.com\/get-paid-to-write\/>",
                "fallback": "B2B Writing Institute: How to Get Hired in B2B",
                "image_url": "https:\/\/d31ezp3r8jwmks.cloudfront.net\/zqeg4xx82etyqdw69672qcqsrlrs",
                "from_url": "https:\/\/b2bwritinginstitute.podia.com\/96cf692e-9f6a-448d-87a8-6bb7052402ab",
                "image_width": 375,
                "image_height": 250,
                "image_bytes": 91766,
                "service_icon": "https:\/\/d31ezp3r8jwmks.cloudfront.net\/xz4vniky97px4wz2aw8cfgb4umwd",
                "id": 1,
                "original_url": "https:\/\/b2bwritinginstitute.podia.com\/96cf692e-9f6a-448d-87a8-6bb7052402ab"
            }
        ],
        "reactions": [
            {
                "name": "eyes",
                "users": [
                    "U01PLSB4EKD",
                    "UJG9WTEKG"
                ],
                "count": 2
            },
            {
                "name": "raised_hands",
                "users": [
                    "U01K0BWEQD6",
                    "UJG9WTEKG"
                ],
                "count": 2
            },
            {
                "name": "heart",
                "users": [
                    "UJG9WTEKG"
                ],
                "count": 1
            }
        ]
    },
    {
        "client_msg_id": "2407720e-61c6-48f1-a812-85285e4a1d4b",
        "type": "message",
        "text": "Hi Everyone, the Kameleoon blog\/publication, <https:\/\/kameleoon.com\/en\/blog|Conversion Matters>, is set to hire 2-3 freelancers on a monthly retainer basis starting in October. If you or someone you know has experience writing about CRO, optimization, personalization, data, analytics, and feature management\/flagging i.e. SaaS martech, please DM me. I can connect you with the managing editor and help out! Thank you!",
        "user": "U01SEEZG14G",
        "ts": "1633020836.291900",
        "team": "TJE58GTJL",
        "user_team": "TJE58GTJL",
        "source_team": "TJE58GTJL",
        "user_profile": {
            "avatar_hash": "00601460a4cd",
            "image_72": "https:\/\/avatars.slack-edge.com\/2021-03-18\/1887366497441_00601460a4cddc4b846a_72.jpg",
            "first_name": "Collin",
            "real_name": "Collin Crowell",
            "display_name": "Collin [Kameleoon]",
            "team": "TJE58GTJL",
            "name": "ctcrowell",
            "is_restricted": false,
            "is_ultra_restricted": false
        },
        "attachments": [
            {
                "title": "Blog - Where Conversion Matters by Kameleoon",
                "title_link": "https:\/\/kameleoon.com\/en\/blog",
                "text": "A\/B Testing et Personnalisation Web &amp; Mobile",
                "fallback": "Blog - Where Conversion Matters by Kameleoon",
                "image_url": "https:\/\/www.kameleoon.com\/sites\/default\/files\/2019-11\/open-graph-blog_1200x630.png",
                "from_url": "https:\/\/kameleoon.com\/en\/blog",
                "image_width": 476,
                "image_height": 250,
                "image_bytes": 53130,
                "service_icon": "https:\/\/www.kameleoon.com\/themes\/custom\/kameleoon\/favicon.png",
                "service_name": "kameleoon.com",
                "id": 1,
                "original_url": "https:\/\/kameleoon.com\/en\/blog"
            }
        ],
        "blocks": [
            {
                "type": "rich_text",
                "block_id": "LHP4",
                "elements": [
                    {
                        "type": "rich_text_section",
                        "elements": [
                            {
                                "type": "text",
                                "text": "Hi Everyone, the Kameleoon blog\/publication, "
                            },
                            {
                                "type": "link",
                                "url": "https:\/\/kameleoon.com\/en\/blog",
                                "text": "Conversion Matters"
                            },
                            {
                                "type": "text",
                                "text": ", is set to hire 2-3 freelancers on a monthly retainer basis starting in October. If you or someone you know has experience writing about CRO, optimization, personalization, data, analytics, and feature management\/flagging i.e. SaaS martech, please DM me. I can connect you with the managing editor and help out! Thank you!"
                            }
                        ]
                    }
                ]
            }
        ],
        "thread_ts": "1633020836.291900",
        "reply_count": 5,
        "reply_users_count": 5,
        "latest_reply": "1633385462.329600",
        "reply_users": [
            "UJ57DB9BM",
            "U027KKWUY12",
            "U012GHRAHDK",
            "U02FZK76B1P",
            "U01SEEZG14G"
        ],
        "replies": [
            {
                "user": "UJ57DB9BM",
                "ts": "1633024701.292200"
            },
            {
                "user": "U027KKWUY12",
                "ts": "1633030358.294900"
            },
            {
                "user": "U012GHRAHDK",
                "ts": "1633051474.299500"
            },
            {
                "user": "U02FZK76B1P",
                "ts": "1633095576.303400"
            },
            {
                "user": "U01SEEZG14G",
                "ts": "1633385462.329600"
            }
        ],
        "is_locked": false,
        "subscribed": false,
        "reactions": [
            {
                "name": "heart",
                "users": [
                    "U01K3VD3154"
                ],
                "count": 1
            },
            {
                "name": "eyes",
                "users": [
                    "U02GMMQ281W"
                ],
                "count": 1
            }
        ]
    },
    {
        "client_msg_id": "0f83689d-160d-4244-8d72-eb6f65b0b8dc",
        "type": "message",
        "text": "Hey Collin! This might be a good one for me. Going to send you a DM.",
        "user": "UJ57DB9BM",
        "ts": "1633024701.292200",
        "team": "TJE58GTJL",
        "user_team": "TJE58GTJL",
        "source_team": "TJE58GTJL",
        "user_profile": {
            "avatar_hash": "5879d1254678",
            "image_72": "https:\/\/avatars.slack-edge.com\/2020-03-20\/1015010058132_5879d1254678f05899b0_72.jpg",
            "first_name": "Emma",
            "real_name": "Emma Siemasko",
            "display_name": "Emma Siemasko",
            "team": "TJE58GTJL",
            "name": "emma",
            "is_restricted": false,
            "is_ultra_restricted": false
        },
        "blocks": [
            {
                "type": "rich_text",
                "block_id": "f83kK",
                "elements": [
                    {
                        "type": "rich_text_section",
                        "elements": [
                            {
                                "type": "text",
                                "text": "Hey Collin! This might be a good one for me. Going to send you a DM."
                            }
                        ]
                    }
                ]
            }
        ],
        "thread_ts": "1633020836.291900",
        "parent_user_id": "U01SEEZG14G",
        "reactions": [
            {
                "name": "+1",
                "users": [
                    "U01SEEZG14G"
                ],
                "count": 1
            }
        ]
    },
    {
        "client_msg_id": "454ADC93-1EF9-4B82-86FC-7555AAE206C3",
        "type": "message",
        "text": "Kindly check your dm",
        "user": "U027KKWUY12",
        "ts": "1633030358.294900",
        "team": "TJE58GTJL",
        "user_team": "TJE58GTJL",
        "source_team": "TJE58GTJL",
        "user_profile": {
            "avatar_hash": "f2176ca29ce5",
            "image_72": "https:\/\/avatars.slack-edge.com\/2021-07-14\/2268394227302_f2176ca29ce5a159a5bb_72.png",
            "first_name": "Lapite",
            "real_name": "Lapite Olamide",
            "display_name": "Olamide",
            "team": "TJE58GTJL",
            "name": "lapite3",
            "is_restricted": false,
            "is_ultra_restricted": false
        },
        "blocks": [
            {
                "type": "rich_text",
                "block_id": "zMDkC",
                "elements": [
                    {
                        "type": "rich_text_section",
                        "elements": [
                            {
                                "type": "text",
                                "text": "Kindly check your dm"
                            }
                        ]
                    }
                ]
            }
        ],
        "thread_ts": "1633020836.291900",
        "parent_user_id": "U01SEEZG14G",
        "reactions": [
            {
                "name": "+1",
                "users": [
                    "U01SEEZG14G"
                ],
                "count": 1
            }
        ]
    },
    {
        "client_msg_id": "0b10bc66-2a61-4f3f-9399-20fdc77cfeaf",
        "type": "message",
        "text": "Hello Folks - I'm looking for a freelance SEO \/ content strategist who really knows their way around Semrush (sure they're are loads of you out there). Short term project, needed urgently....please DM me. Many Thanks",
        "user": "U02DKVCN6U9",
        "ts": "1633035290.297300",
        "team": "TJE58GTJL",
        "user_team": "TJE58GTJL",
        "source_team": "TJE58GTJL",
        "user_profile": {
            "avatar_hash": "1b2fe4f4caa7",
            "image_72": "https:\/\/avatars.slack-edge.com\/2021-09-02\/2450809644883_1b2fe4f4caa7a2e01c47_72.png",
            "first_name": "Clare",
            "real_name": "Clare Warren",
            "display_name": "Clare",
            "team": "TJE58GTJL",
            "name": "clarew",
            "is_restricted": false,
            "is_ultra_restricted": false
        },
        "blocks": [
            {
                "type": "rich_text",
                "block_id": "5BULB",
                "elements": [
                    {
                        "type": "rich_text_section",
                        "elements": [
                            {
                                "type": "text",
                                "text": "Hello Folks - I'm looking for a freelance SEO \/ content strategist who really knows their way around Semrush (sure they're are loads of you out there). Short term project, needed urgently....please DM me. Many Thanks"
                            }
                        ]
                    }
                ]
            }
        ],
        "reactions": [
            {
                "name": "raised_hands",
                "users": [
                    "U02GUH8DP4N"
                ],
                "count": 1
            }
        ]
    },
    {
        "client_msg_id": "4ce325f6-f827-4a89-a5f5-6647317cf3de",
        "type": "message",
        "text": "Slack gurus!\n\nI've got my own Slack channel now and I'm beginning to add clients and my contacts to it.\n\nHow do I make sure that they don't see each other in DMs? Or is this impossible. I don't realllly mind but it's a bit strange for clients to meet each other in my channel.\n\nHow do you run your professional Slacks?",
        "user": "U02FV1XHS2C",
        "ts": "1633039212.297900",
        "team": "TJE58GTJL",
        "user_team": "TJE58GTJL",
        "source_team": "TJE58GTJL",
        "user_profile": {
            "avatar_hash": "c9247c6ca97b",
            "image_72": "https:\/\/avatars.slack-edge.com\/2021-09-21\/2515852092227_c9247c6ca97b6b64f3f1_72.jpg",
            "first_name": "Kieran",
            "real_name": "Kieran Giles",
            "display_name": "Kieran Giles",
            "team": "TJE58GTJL",
            "name": "kgiles.marketing",
            "is_restricted": false,
            "is_ultra_restricted": false
        },
        "edited": {
            "user": "U02FV1XHS2C",
            "ts": "1633039283.000000"
        },
        "blocks": [
            {
                "type": "rich_text",
                "block_id": "DjSw3",
                "elements": [
                    {
                        "type": "rich_text_section",
                        "elements": [
                            {
                                "type": "text",
                                "text": "Slack gurus!\n\nI've got my own Slack channel now and I'm beginning to add clients and my contacts to it.\n\nHow do I make sure that they don't see each other in DMs? Or is this impossible. I don't realllly mind but it's a bit strange for clients to meet each other in my channel.\n\nHow do you run your professional Slacks?"
                            }
                        ]
                    }
                ]
            }
        ],
        "thread_ts": "1633039212.297900",
        "reply_count": 4,
        "reply_users_count": 3,
        "latest_reply": "1633351081.324500",
        "reply_users": [
            "U012GHRAHDK",
            "U01NM31CTFU",
            "U029CTQ5X6Y"
        ],
        "replies": [
            {
                "user": "U012GHRAHDK",
                "ts": "1633051617.299700"
            },
            {
                "user": "U01NM31CTFU",
                "ts": "1633101196.304800"
            },
            {
                "user": "U01NM31CTFU",
                "ts": "1633101221.305800"
            },
            {
                "user": "U029CTQ5X6Y",
                "ts": "1633351081.324500"
            }
        ],
        "is_locked": false,
        "subscribed": false
    },
    {
        "client_msg_id": "3b9aa9dd-065d-431c-b02d-51b76e769030",
        "type": "message",
        "text": "Question 2: Where do you folks source graphic designers? I need one who is familiar with my industry, and coachable.",
        "user": "U02FV1XHS2C",
        "ts": "1633039685.298800",
        "team": "TJE58GTJL",
        "user_team": "TJE58GTJL",
        "source_team": "TJE58GTJL",
        "user_profile": {
            "avatar_hash": "c9247c6ca97b",
            "image_72": "https:\/\/avatars.slack-edge.com\/2021-09-21\/2515852092227_c9247c6ca97b6b64f3f1_72.jpg",
            "first_name": "Kieran",
            "real_name": "Kieran Giles",
            "display_name": "Kieran Giles",
            "team": "TJE58GTJL",
            "name": "kgiles.marketing",
            "is_restricted": false,
            "is_ultra_restricted": false
        },
        "blocks": [
            {
                "type": "rich_text",
                "block_id": "W=U",
                "elements": [
                    {
                        "type": "rich_text_section",
                        "elements": [
                            {
                                "type": "text",
                                "text": "Question 2: Where do you folks source graphic designers? I need one who is familiar with my industry, and coachable."
                            }
                        ]
                    }
                ]
            }
        ],
        "thread_ts": "1633039685.298800",
        "reply_count": 4,
        "reply_users_count": 4,
        "latest_reply": "1633101371.306100",
        "reply_users": [
            "UN3RHBFBK",
            "U012GHRAHDK",
            "U02DYMPDNS0",
            "U02FV1XHS2C"
        ],
        "replies": [
            {
                "user": "UN3RHBFBK",
                "ts": "1633043195.299300"
            },
            {
                "user": "U012GHRAHDK",
                "ts": "1633051668.299900"
            },
            {
                "user": "U02DYMPDNS0",
                "ts": "1633077585.300700"
            },
            {
                "user": "U02FV1XHS2C",
                "ts": "1633101371.306100"
            }
        ],
        "is_locked": false,
        "subscribed": false
    },
    {
        "client_msg_id": "cb83bdf2-fcbb-4fe2-93f5-0ae7e7317966",
        "type": "message",
        "text": "What’s your industry?",
        "user": "UN3RHBFBK",
        "ts": "1633043195.299300",
        "team": "TJE58GTJL",
        "user_team": "TJE58GTJL",
        "source_team": "TJE58GTJL",
        "user_profile": {
            "avatar_hash": "7699d1ebbced",
            "image_72": "https:\/\/avatars.slack-edge.com\/2019-09-13\/762155947638_7699d1ebbcede1be9642_72.jpg",
            "first_name": "Jennifer",
            "real_name": "Jennifer Oladipo",
            "display_name": "Jennifer Oladipo",
            "team": "TJE58GTJL",
            "name": "jennifer",
            "is_restricted": false,
            "is_ultra_restricted": false
        },
        "blocks": [
            {
                "type": "rich_text",
                "block_id": "zqub",
                "elements": [
                    {
                        "type": "rich_text_section",
                        "elements": [
                            {
                                "type": "text",
                                "text": "What’s your industry?"
                            }
                        ]
                    }
                ]
            }
        ],
        "thread_ts": "1633039685.298800",
        "parent_user_id": "U02FV1XHS2C",
        "reactions": [
            {
                "name": "white_check_mark",
                "users": [
                    "U02FV1XHS2C"
                ],
                "count": 1
            }
        ]
    },
    {
        "client_msg_id": "f3fd1fda-4a3e-437e-9ab2-35960864ee6d",
        "type": "message",
        "text": "I'd love to write Kameleoon! Been following the blog for sometime now.",
        "user": "U012GHRAHDK",
        "ts": "1633051474.299500",
        "team": "TJE58GTJL",
        "user_team": "TJE58GTJL",
        "source_team": "TJE58GTJL",
        "user_profile": {
            "avatar_hash": "8ba0c4534568",
            "image_72": "https:\/\/avatars.slack-edge.com\/2022-04-12\/3401585222352_8ba0c45345680ce088ab_72.jpg",
            "first_name": "Deb",
            "real_name": "Deb Mukherjee",
            "display_name": "Deb Mukherjee",
            "team": "TJE58GTJL",
            "name": "debdut94",
            "is_restricted": false,
            "is_ultra_restricted": false
        },
        "blocks": [
            {
                "type": "rich_text",
                "block_id": "2z5",
                "elements": [
                    {
                        "type": "rich_text_section",
                        "elements": [
                            {
                                "type": "text",
                                "text": "I'd love to write Kameleoon! Been following the blog for sometime now."
                            }
                        ]
                    }
                ]
            }
        ],
        "thread_ts": "1633020836.291900",
        "parent_user_id": "U01SEEZG14G"
    },
    {
        "client_msg_id": "7ea98238-9b11-4f97-a129-079ec2804d78",
        "type": "message",
        "text": "You can create client specific channels and add them as a \"single channel guest\". Pretty straightforward; you can look it up with that keyword. \n\nOnce you do that, they will never be able to see the other channels.\n\nAlternatively, you can use Slack Connect (paid plans) and ask them to connect with your Slack. Same outcome; just a little more sophisticated.",
        "user": "U012GHRAHDK",
        "ts": "1633051617.299700",
        "team": "TJE58GTJL",
        "user_team": "TJE58GTJL",
        "source_team": "TJE58GTJL",
        "user_profile": {
            "avatar_hash": "8ba0c4534568",
            "image_72": "https:\/\/avatars.slack-edge.com\/2022-04-12\/3401585222352_8ba0c45345680ce088ab_72.jpg",
            "first_name": "Deb",
            "real_name": "Deb Mukherjee",
            "display_name": "Deb Mukherjee",
            "team": "TJE58GTJL",
            "name": "debdut94",
            "is_restricted": false,
            "is_ultra_restricted": false
        },
        "blocks": [
            {
                "type": "rich_text",
                "block_id": "QvQ",
                "elements": [
                    {
                        "type": "rich_text_section",
                        "elements": [
                            {
                                "type": "text",
                                "text": "You can create client specific channels and add them as a \"single channel guest\". Pretty straightforward; you can look it up with that keyword. \n\nOnce you do that, they will never be able to see the other channels.\n\nAlternatively, you can use Slack Connect (paid plans) and ask them to connect with your Slack. Same outcome; just a little more sophisticated."
                            }
                        ]
                    }
                ]
            }
        ],
        "thread_ts": "1633039212.297900",
        "parent_user_id": "U02FV1XHS2C",
        "reactions": [
            {
                "name": "point_up",
                "users": [
                    "U01AHL8AGBB"
                ],
                "count": 1
            },
            {
                "name": "white_check_mark",
                "users": [
                    "U02FV1XHS2C"
                ],
                "count": 1
            }
        ]
    },
    {
        "client_msg_id": "f67c7183-3df7-429d-9923-fe12ab10efab",
        "type": "message",
        "text": "Get one from Design Joy. They will find you the right one and you can assign projects as and when you need for a monthly fee. They'll also replace them should you not like their work.",
        "user": "U012GHRAHDK",
        "ts": "1633051668.299900",
        "team": "TJE58GTJL",
        "user_team": "TJE58GTJL",
        "source_team": "TJE58GTJL",
        "user_profile": {
            "avatar_hash": "8ba0c4534568",
            "image_72": "https:\/\/avatars.slack-edge.com\/2022-04-12\/3401585222352_8ba0c45345680ce088ab_72.jpg",
            "first_name": "Deb",
            "real_name": "Deb Mukherjee",
            "display_name": "Deb Mukherjee",
            "team": "TJE58GTJL",
            "name": "debdut94",
            "is_restricted": false,
            "is_ultra_restricted": false
        },
        "blocks": [
            {
                "type": "rich_text",
                "block_id": "+S\/M",
                "elements": [
                    {
                        "type": "rich_text_section",
                        "elements": [
                            {
                                "type": "text",
                                "text": "Get one from Design Joy. They will find you the right one and you can assign projects as and when you need for a monthly fee. They'll also replace them should you not like their work."
                            }
                        ]
                    }
                ]
            }
        ],
        "thread_ts": "1633039685.298800",
        "parent_user_id": "U02FV1XHS2C",
        "reactions": [
            {
                "name": "raised_hands",
                "users": [
                    "U02FV1XHS2C"
                ],
                "count": 1
            }
        ]
    }
]