[
    {
        "client_msg_id": "7be0dd72-010f-4749-bf04-f5ebb55f37e1",
        "type": "message",
        "text": "Hey <@U022FMX8Y6L>, also looking for someone to help with LinkedIn ads. Would you be able to put me in touch too? Many thanks",
        "user": "U02G3SKQ4F5",
        "ts": "1633347621.321900",
        "team": "TJE58GTJL",
        "user_team": "TJE58GTJL",
        "source_team": "TJE58GTJL",
        "user_profile": {
            "avatar_hash": "345ad2bfb695",
            "image_72": "https:\/\/avatars.slack-edge.com\/2021-10-04\/2562427299298_345ad2bfb695920e5eae_72.jpg",
            "first_name": "Simon",
            "real_name": "Simon Dumont",
            "display_name": "Simon Dumont",
            "team": "TJE58GTJL",
            "name": "simon089",
            "is_restricted": false,
            "is_ultra_restricted": false
        },
        "blocks": [
            {
                "type": "rich_text",
                "block_id": "qGR",
                "elements": [
                    {
                        "type": "rich_text_section",
                        "elements": [
                            {
                                "type": "text",
                                "text": "Hey "
                            },
                            {
                                "type": "user",
                                "user_id": "U022FMX8Y6L"
                            },
                            {
                                "type": "text",
                                "text": ", also looking for someone to help with LinkedIn ads. Would you be able to put me in touch too? Many thanks"
                            }
                        ]
                    }
                ]
            }
        ],
        "thread_ts": "1632763399.277900",
        "parent_user_id": "U02DKVCN6U9"
    },
    {
        "client_msg_id": "518CFC65-3C6F-4125-803B-0874A7DCF502",
        "type": "message",
        "text": "I intentionally avoid Slack for client communication because it makes me seem too available, that said, I agree with the above: you’ll need single member channels.\n\nAs you grow, you might start working with competitors or companies that don’t want others to know they work with outside help. In that case, you don’t want all your clients knowing all the other ones.",
        "user": "U029CTQ5X6Y",
        "ts": "1633351081.324500",
        "team": "TJE58GTJL",
        "user_team": "TJE58GTJL",
        "source_team": "TJE58GTJL",
        "user_profile": {
            "avatar_hash": "4d1afd4712b9",
            "image_72": "https:\/\/avatars.slack-edge.com\/2021-07-26\/2312909469026_4d1afd4712b9f77f1af8_72.jpg",
            "first_name": "Karl",
            "real_name": "Karl Hughes",
            "display_name": "Karl (Draft.dev)",
            "team": "TJE58GTJL",
            "name": "khughes.me",
            "is_restricted": false,
            "is_ultra_restricted": false
        },
        "blocks": [
            {
                "type": "rich_text",
                "block_id": "Nixp",
                "elements": [
                    {
                        "type": "rich_text_section",
                        "elements": [
                            {
                                "type": "text",
                                "text": "I intentionally avoid Slack for client communication because it makes me seem too available, that said, I agree with the above: you’ll need single member channels.\n"
                            },
                            {
                                "type": "text",
                                "text": "\nAs you grow, you might start working with competitors or companies that don’t want others to know they work with outside help. In that case, you don’t want all your clients knowing all the other ones."
                            }
                        ]
                    }
                ]
            }
        ],
        "thread_ts": "1633039212.297900",
        "parent_user_id": "U02FV1XHS2C",
        "reactions": [
            {
                "name": "raised_hands",
                "users": [
                    "U02FV1XHS2C",
                    "U02GBV5PV62"
                ],
                "count": 2
            }
        ]
    },
    {
        "type": "message",
        "subtype": "channel_topic",
        "ts": "1633366479.328600",
        "user": "UJG9WTEKG",
        "text": "set the channel topic: Sponsored by the awesome Sarah Greesonbach :grinning:",
        "topic": "Sponsored by the awesome Sarah Greesonbach :grinning:",
        "reactions": [
            {
                "name": "beers",
                "users": [
                    "U017XD7H4P7"
                ],
                "count": 1
            }
        ]
    },
    {
        "client_msg_id": "5ae79bb5-8f95-4874-97e1-d6707810f3a3",
        "type": "message",
        "text": "<@U028XTZTGAV> FYI",
        "user": "U01SEEZG14G",
        "ts": "1633385462.329600",
        "team": "TJE58GTJL",
        "user_team": "TJE58GTJL",
        "source_team": "TJE58GTJL",
        "user_profile": {
            "avatar_hash": "00601460a4cd",
            "image_72": "https:\/\/avatars.slack-edge.com\/2021-03-18\/1887366497441_00601460a4cddc4b846a_72.jpg",
            "first_name": "Collin",
            "real_name": "Collin Crowell",
            "display_name": "Collin [Kameleoon]",
            "team": "TJE58GTJL",
            "name": "ctcrowell",
            "is_restricted": false,
            "is_ultra_restricted": false
        },
        "blocks": [
            {
                "type": "rich_text",
                "block_id": "IfpT",
                "elements": [
                    {
                        "type": "rich_text_section",
                        "elements": [
                            {
                                "type": "user",
                                "user_id": "U028XTZTGAV"
                            },
                            {
                                "type": "text",
                                "text": " FYI"
                            }
                        ]
                    }
                ]
            }
        ],
        "thread_ts": "1633020836.291900",
        "parent_user_id": "U01SEEZG14G"
    }
]