[
    {
        "client_msg_id": "bd213a9b-bcb0-4fa5-9ce9-2827fff9ef1e",
        "type": "message",
        "text": "Does anyone here use\/know of an excellent VA with experience in the marketing space?",
        "user": "UJHMVAE3G",
        "ts": "1632824325.280500",
        "team": "TJE58GTJL",
        "user_team": "TJE58GTJL",
        "source_team": "TJE58GTJL",
        "user_profile": {
            "avatar_hash": "g1b669baf54d",
            "image_72": "https:\/\/secure.gravatar.com\/avatar\/cb1b669baf54d184a6138c7f4607efc3.jpg?s=72&d=https%3A%2F%2Fa.slack-edge.com%2Fdf10d%2Fimg%2Favatars%2Fava_0013-72.png",
            "first_name": "Elise",
            "real_name": "Elise Dopson",
            "display_name": "",
            "team": "TJE58GTJL",
            "name": "elise",
            "is_restricted": false,
            "is_ultra_restricted": false
        },
        "edited": {
            "user": "UJHMVAE3G",
            "ts": "1632824401.000000"
        },
        "blocks": [
            {
                "type": "rich_text",
                "block_id": "S40fY",
                "elements": [
                    {
                        "type": "rich_text_section",
                        "elements": [
                            {
                                "type": "text",
                                "text": "Does anyone here use\/know of an excellent VA with experience in the marketing space?"
                            }
                        ]
                    }
                ]
            }
        ],
        "thread_ts": "1632824325.280500",
        "reply_count": 2,
        "reply_users_count": 2,
        "latest_reply": "1632856381.282600",
        "reply_users": [
            "U01KH3P18RZ",
            "U02FV1XHS2C"
        ],
        "replies": [
            {
                "user": "U01KH3P18RZ",
                "ts": "1632838407.280700"
            },
            {
                "user": "U02FV1XHS2C",
                "ts": "1632856381.282600"
            }
        ],
        "is_locked": false,
        "subscribed": false,
        "reactions": [
            {
                "name": "white_check_mark",
                "users": [
                    "U02FV1XHS2C"
                ],
                "count": 1
            },
            {
                "name": "raised_hands",
                "users": [
                    "U02G2E7L4MU"
                ],
                "count": 1
            }
        ]
    },
    {
        "client_msg_id": "eebfb8f8-feff-4315-8d2f-f733a2452b3a",
        "type": "message",
        "text": "Marketing is a pretty big space :slightly_smiling_face: What type of things are you looking for a VA to help with?",
        "user": "U01KH3P18RZ",
        "ts": "1632838407.280700",
        "team": "TJE58GTJL",
        "user_team": "TJE58GTJL",
        "source_team": "TJE58GTJL",
        "user_profile": {
            "avatar_hash": "fab0c6d48595",
            "image_72": "https:\/\/avatars.slack-edge.com\/2021-05-28\/2110157153414_fab0c6d48595c62a6594_72.jpg",
            "first_name": "Kai",
            "real_name": "Kai Davis",
            "display_name": "Kai (Your Shopify SEO Guy)",
            "team": "TJE58GTJL",
            "name": "kai",
            "is_restricted": false,
            "is_ultra_restricted": false
        },
        "edited": {
            "user": "U01KH3P18RZ",
            "ts": "1632838414.000000"
        },
        "blocks": [
            {
                "type": "rich_text",
                "block_id": "yGw",
                "elements": [
                    {
                        "type": "rich_text_section",
                        "elements": [
                            {
                                "type": "text",
                                "text": "Marketing is a pretty big space "
                            },
                            {
                                "type": "emoji",
                                "name": "slightly_smiling_face"
                            },
                            {
                                "type": "text",
                                "text": " What type of things are you looking for a VA to help with?"
                            }
                        ]
                    }
                ]
            }
        ],
        "thread_ts": "1632824325.280500",
        "parent_user_id": "UJHMVAE3G"
    },
    {
        "client_msg_id": "c5edb78f-dbfb-48ac-ba44-76280e198eb1",
        "type": "message",
        "text": "I hire one who might have capacity for you. DM me if you'd like the connection.",
        "user": "U02FV1XHS2C",
        "ts": "1632856381.282600",
        "team": "TJE58GTJL",
        "user_team": "TJE58GTJL",
        "source_team": "TJE58GTJL",
        "user_profile": {
            "avatar_hash": "c9247c6ca97b",
            "image_72": "https:\/\/avatars.slack-edge.com\/2021-09-21\/2515852092227_c9247c6ca97b6b64f3f1_72.jpg",
            "first_name": "Kieran",
            "real_name": "Kieran Giles",
            "display_name": "Kieran Giles",
            "team": "TJE58GTJL",
            "name": "kgiles.marketing",
            "is_restricted": false,
            "is_ultra_restricted": false
        },
        "blocks": [
            {
                "type": "rich_text",
                "block_id": "Bmo",
                "elements": [
                    {
                        "type": "rich_text_section",
                        "elements": [
                            {
                                "type": "text",
                                "text": "I hire one who might have capacity for you. DM me if you'd like the connection."
                            }
                        ]
                    }
                ]
            }
        ],
        "thread_ts": "1632824325.280500",
        "parent_user_id": "UJHMVAE3G"
    }
]