[
    {
        "client_msg_id": "5a593e1d-9509-40f1-968c-e290ed471ee1",
        "type": "message",
        "text": "Hi all, I know quite a few people who are looking for B2B brand consultants with a great portfolio. They're looking for an agency that can \"help with our next stage of growth, elevating what we stand for and clearly differentiating us in the market.\"\n\nKnow anyone who's really good?",
        "user": "U01MW6DPU72",
        "ts": "1635240670.019900",
        "team": "TJE58GTJL",
        "user_team": "TJE58GTJL",
        "source_team": "TJE58GTJL",
        "user_profile": {
            "avatar_hash": "g2ab21f412c3",
            "image_72": "https:\/\/secure.gravatar.com\/avatar\/2ab21f412c3215ee2b3c2994772c589e.jpg?s=72&d=https%3A%2F%2Fa.slack-edge.com%2Fdf10d%2Fimg%2Favatars%2Fava_0024-72.png",
            "first_name": "Araminta",
            "real_name": "Araminta Robertson",
            "display_name": "Araminta Robertson",
            "team": "TJE58GTJL",
            "name": "robertsona98",
            "is_restricted": false,
            "is_ultra_restricted": false
        },
        "blocks": [
            {
                "type": "rich_text",
                "block_id": "TJ5C",
                "elements": [
                    {
                        "type": "rich_text_section",
                        "elements": [
                            {
                                "type": "text",
                                "text": "Hi all, I know quite a few people who are looking for B2B brand consultants with a great portfolio. They're looking for an agency that can \"help with our next stage of growth, elevating what we stand for and clearly differentiating us in the market.\"\n\nKnow anyone who's really good?"
                            }
                        ]
                    }
                ]
            }
        ],
        "thread_ts": "1635240670.019900",
        "reply_count": 11,
        "reply_users_count": 6,
        "latest_reply": "1635332221.029600",
        "reply_users": [
            "U012GHRAHDK",
            "U01MW6DPU72",
            "U028D815JA0",
            "U023HGMVC0P",
            "U0231C2LYNM",
            "U02CZJT4FDG"
        ],
        "replies": [
            {
                "user": "U012GHRAHDK",
                "ts": "1635241146.020100"
            },
            {
                "user": "U01MW6DPU72",
                "ts": "1635242382.020300"
            },
            {
                "user": "U028D815JA0",
                "ts": "1635243217.020500"
            },
            {
                "user": "U023HGMVC0P",
                "ts": "1635243898.020700"
            },
            {
                "user": "U012GHRAHDK",
                "ts": "1635244570.021400"
            },
            {
                "user": "U01MW6DPU72",
                "ts": "1635246982.023300"
            },
            {
                "user": "U01MW6DPU72",
                "ts": "1635247034.023500"
            },
            {
                "user": "U023HGMVC0P",
                "ts": "1635247072.023900"
            },
            {
                "user": "U0231C2LYNM",
                "ts": "1635270479.024300"
            },
            {
                "user": "U02CZJT4FDG",
                "ts": "1635277891.027400"
            },
            {
                "user": "U01MW6DPU72",
                "ts": "1635332221.029600"
            }
        ],
        "is_locked": false,
        "subscribed": false
    },
    {
        "client_msg_id": "0744b269-d8db-4610-8983-955bc3f12834",
        "type": "message",
        "text": "Do they need help with copywriting? If so, I’m up for it! :slightly_smiling_face:",
        "user": "U012GHRAHDK",
        "ts": "1635241146.020100",
        "team": "TJE58GTJL",
        "user_team": "TJE58GTJL",
        "source_team": "TJE58GTJL",
        "user_profile": {
            "avatar_hash": "8ba0c4534568",
            "image_72": "https:\/\/avatars.slack-edge.com\/2022-04-12\/3401585222352_8ba0c45345680ce088ab_72.jpg",
            "first_name": "Deb",
            "real_name": "Deb Mukherjee",
            "display_name": "Deb Mukherjee",
            "team": "TJE58GTJL",
            "name": "debdut94",
            "is_restricted": false,
            "is_ultra_restricted": false
        },
        "blocks": [
            {
                "type": "rich_text",
                "block_id": "BB7Sj",
                "elements": [
                    {
                        "type": "rich_text_section",
                        "elements": [
                            {
                                "type": "text",
                                "text": "Do they need help with copywriting? If so, I’m up for it! "
                            },
                            {
                                "type": "emoji",
                                "name": "slightly_smiling_face"
                            }
                        ]
                    }
                ]
            }
        ],
        "thread_ts": "1635240670.019900",
        "parent_user_id": "U01MW6DPU72"
    },
    {
        "client_msg_id": "10d2f32c-8875-470e-bec4-033c8dfe5ea6",
        "type": "message",
        "text": "I think it's more on the brand side. So helping them figure out their branding and how to stand out. Is that something you also do?",
        "user": "U01MW6DPU72",
        "ts": "1635242382.020300",
        "team": "TJE58GTJL",
        "user_team": "TJE58GTJL",
        "source_team": "TJE58GTJL",
        "user_profile": {
            "avatar_hash": "g2ab21f412c3",
            "image_72": "https:\/\/secure.gravatar.com\/avatar\/2ab21f412c3215ee2b3c2994772c589e.jpg?s=72&d=https%3A%2F%2Fa.slack-edge.com%2Fdf10d%2Fimg%2Favatars%2Fava_0024-72.png",
            "first_name": "Araminta",
            "real_name": "Araminta Robertson",
            "display_name": "Araminta Robertson",
            "team": "TJE58GTJL",
            "name": "robertsona98",
            "is_restricted": false,
            "is_ultra_restricted": false
        },
        "blocks": [
            {
                "type": "rich_text",
                "block_id": "Jj7tZ",
                "elements": [
                    {
                        "type": "rich_text_section",
                        "elements": [
                            {
                                "type": "text",
                                "text": "I think it's more on the brand side. So helping them figure out their branding and how to stand out. Is that something you also do?"
                            }
                        ]
                    }
                ]
            }
        ],
        "thread_ts": "1635240670.019900",
        "parent_user_id": "U01MW6DPU72"
    },
    {
        "client_msg_id": "db415409-79fb-4cfd-b98f-362904ad02cf",
        "type": "message",
        "text": "I'll recommend <http:\/\/beomniscient.com|beomniscient.com>. They're really great at this kind of stuff.",
        "user": "U028D815JA0",
        "ts": "1635243217.020500",
        "team": "TJE58GTJL",
        "user_team": "TJE58GTJL",
        "source_team": "TJE58GTJL",
        "user_profile": {
            "avatar_hash": "7e2cf488ec83",
            "image_72": "https:\/\/avatars.slack-edge.com\/2021-11-09\/2701205349650_7e2cf488ec8355d9ecca_72.jpg",
            "first_name": "althea",
            "real_name": "althea storm",
            "display_name": "althea storm",
            "team": "TJE58GTJL",
            "name": "altheanymphcstorm",
            "is_restricted": false,
            "is_ultra_restricted": false
        },
        "blocks": [
            {
                "type": "rich_text",
                "block_id": "0iZ9",
                "elements": [
                    {
                        "type": "rich_text_section",
                        "elements": [
                            {
                                "type": "text",
                                "text": "I'll recommend "
                            },
                            {
                                "type": "link",
                                "url": "http:\/\/beomniscient.com",
                                "text": "beomniscient.com"
                            },
                            {
                                "type": "text",
                                "text": ". They're really great at this kind of stuff."
                            }
                        ]
                    }
                ]
            }
        ],
        "thread_ts": "1635240670.019900",
        "parent_user_id": "U01MW6DPU72"
    },
    {
        "client_msg_id": "16ce487e-1f63-4a24-9405-74f9ef5839bb",
        "type": "message",
        "text": "My team and I do a lot of projects like this for B2B companies. Here's our website: <http:\/\/asmarketingagency.com|asmarketingagency.com> and my LinkedIn profile: <https:\/\/www.linkedin.com\/in\/adriana-stein-631a13145|https:\/\/www.linkedin.com\/in\/adriana-stein-631a13145>",
        "user": "U023HGMVC0P",
        "ts": "1635243898.020700",
        "team": "TJE58GTJL",
        "user_team": "TJE58GTJL",
        "source_team": "TJE58GTJL",
        "user_profile": {
            "avatar_hash": "62739cc5c557",
            "image_72": "https:\/\/avatars.slack-edge.com\/2021-06-04\/2149147721041_62739cc5c557263030d9_72.png",
            "first_name": "",
            "real_name": "Adriana Stein",
            "display_name": "Adriana Stein",
            "team": "TJE58GTJL",
            "name": "info035",
            "is_restricted": false,
            "is_ultra_restricted": false
        },
        "blocks": [
            {
                "type": "rich_text",
                "block_id": "REC+u",
                "elements": [
                    {
                        "type": "rich_text_section",
                        "elements": [
                            {
                                "type": "text",
                                "text": "My team and I do a lot of projects like this for B2B companies. Here's our website: "
                            },
                            {
                                "type": "link",
                                "url": "http:\/\/asmarketingagency.com",
                                "text": "asmarketingagency.com"
                            },
                            {
                                "type": "text",
                                "text": " and my LinkedIn profile: "
                            },
                            {
                                "type": "link",
                                "url": "https:\/\/www.linkedin.com\/in\/adriana-stein-631a13145",
                                "text": "https:\/\/www.linkedin.com\/in\/adriana-stein-631a13145"
                            }
                        ]
                    }
                ]
            }
        ],
        "thread_ts": "1635240670.019900",
        "parent_user_id": "U01MW6DPU72"
    },
    {
        "client_msg_id": "707e9717-31f9-4525-b61b-0aec65dc801f",
        "type": "message",
        "text": "Ah, got it. No, ideally I would work with someone who's got that brand guidelines and stuff in place. \n\nThere are definitely more specialized folks out there; I'll see if I can recommend someone.",
        "user": "U012GHRAHDK",
        "ts": "1635244570.021400",
        "team": "TJE58GTJL",
        "user_team": "TJE58GTJL",
        "source_team": "TJE58GTJL",
        "user_profile": {
            "avatar_hash": "8ba0c4534568",
            "image_72": "https:\/\/avatars.slack-edge.com\/2022-04-12\/3401585222352_8ba0c45345680ce088ab_72.jpg",
            "first_name": "Deb",
            "real_name": "Deb Mukherjee",
            "display_name": "Deb Mukherjee",
            "team": "TJE58GTJL",
            "name": "debdut94",
            "is_restricted": false,
            "is_ultra_restricted": false
        },
        "blocks": [
            {
                "type": "rich_text",
                "block_id": "vpR",
                "elements": [
                    {
                        "type": "rich_text_section",
                        "elements": [
                            {
                                "type": "text",
                                "text": "Ah, got it. No, ideally I would work with someone who's got that brand guidelines and stuff in place. \n\nThere are definitely more specialized folks out there; I'll see if I can recommend someone."
                            }
                        ]
                    }
                ]
            }
        ],
        "thread_ts": "1635240670.019900",
        "parent_user_id": "U01MW6DPU72",
        "reactions": [
            {
                "name": "fire",
                "users": [
                    "U01MW6DPU72"
                ],
                "count": 1
            }
        ]
    },
    {
        "client_msg_id": "35968d51-2cc4-4671-88c7-57b2bbc19036",
        "type": "message",
        "text": "Thank you <@U028D815JA0>! It seems they focus on content -- do you know if they do brand too?",
        "user": "U01MW6DPU72",
        "ts": "1635246982.023300",
        "team": "TJE58GTJL",
        "user_team": "TJE58GTJL",
        "source_team": "TJE58GTJL",
        "user_profile": {
            "avatar_hash": "g2ab21f412c3",
            "image_72": "https:\/\/secure.gravatar.com\/avatar\/2ab21f412c3215ee2b3c2994772c589e.jpg?s=72&d=https%3A%2F%2Fa.slack-edge.com%2Fdf10d%2Fimg%2Favatars%2Fava_0024-72.png",
            "first_name": "Araminta",
            "real_name": "Araminta Robertson",
            "display_name": "Araminta Robertson",
            "team": "TJE58GTJL",
            "name": "robertsona98",
            "is_restricted": false,
            "is_ultra_restricted": false
        },
        "blocks": [
            {
                "type": "rich_text",
                "block_id": "OIG",
                "elements": [
                    {
                        "type": "rich_text_section",
                        "elements": [
                            {
                                "type": "text",
                                "text": "Thank you "
                            },
                            {
                                "type": "user",
                                "user_id": "U028D815JA0"
                            },
                            {
                                "type": "text",
                                "text": "! It seems they focus on content -- do you know if they do brand too?"
                            }
                        ]
                    }
                ]
            }
        ],
        "thread_ts": "1635240670.019900",
        "parent_user_id": "U01MW6DPU72"
    },
    {
        "client_msg_id": "0e696ee8-9fdf-41a8-988d-1ce9de101e41",
        "type": "message",
        "text": "Thanks <@U023HGMVC0P>! Will forward this onto them",
        "user": "U01MW6DPU72",
        "ts": "1635247034.023500",
        "team": "TJE58GTJL",
        "user_team": "TJE58GTJL",
        "source_team": "TJE58GTJL",
        "user_profile": {
            "avatar_hash": "g2ab21f412c3",
            "image_72": "https:\/\/secure.gravatar.com\/avatar\/2ab21f412c3215ee2b3c2994772c589e.jpg?s=72&d=https%3A%2F%2Fa.slack-edge.com%2Fdf10d%2Fimg%2Favatars%2Fava_0024-72.png",
            "first_name": "Araminta",
            "real_name": "Araminta Robertson",
            "display_name": "Araminta Robertson",
            "team": "TJE58GTJL",
            "name": "robertsona98",
            "is_restricted": false,
            "is_ultra_restricted": false
        },
        "blocks": [
            {
                "type": "rich_text",
                "block_id": "AUK",
                "elements": [
                    {
                        "type": "rich_text_section",
                        "elements": [
                            {
                                "type": "text",
                                "text": "Thanks "
                            },
                            {
                                "type": "user",
                                "user_id": "U023HGMVC0P"
                            },
                            {
                                "type": "text",
                                "text": "! Will forward this onto them"
                            }
                        ]
                    }
                ]
            }
        ],
        "thread_ts": "1635240670.019900",
        "parent_user_id": "U01MW6DPU72",
        "reactions": [
            {
                "name": "raised_hands",
                "users": [
                    "U023HGMVC0P"
                ],
                "count": 1
            }
        ]
    },
    {
        "client_msg_id": "2df117f4-332b-42bf-b664-399f0145478c",
        "type": "message",
        "text": "Thank you!",
        "user": "U023HGMVC0P",
        "ts": "1635247072.023900",
        "team": "TJE58GTJL",
        "user_team": "TJE58GTJL",
        "source_team": "TJE58GTJL",
        "user_profile": {
            "avatar_hash": "62739cc5c557",
            "image_72": "https:\/\/avatars.slack-edge.com\/2021-06-04\/2149147721041_62739cc5c557263030d9_72.png",
            "first_name": "",
            "real_name": "Adriana Stein",
            "display_name": "Adriana Stein",
            "team": "TJE58GTJL",
            "name": "info035",
            "is_restricted": false,
            "is_ultra_restricted": false
        },
        "blocks": [
            {
                "type": "rich_text",
                "block_id": "2fnu",
                "elements": [
                    {
                        "type": "rich_text_section",
                        "elements": [
                            {
                                "type": "text",
                                "text": "Thank you!"
                            }
                        ]
                    }
                ]
            }
        ],
        "thread_ts": "1635240670.019900",
        "parent_user_id": "U01MW6DPU72"
    },
    {
        "client_msg_id": "e8908401-cc00-4b86-a2b3-1fdfbfed22e0",
        "type": "message",
        "text": "my friend James is great at this — we used to work together at Peakon (B2B SaaS HR tech) <https:\/\/www.startwithastory.co\/>",
        "user": "U0231C2LYNM",
        "ts": "1635270479.024300",
        "team": "TJE58GTJL",
        "user_team": "TJE58GTJL",
        "source_team": "TJE58GTJL",
        "user_profile": {
            "avatar_hash": "c1d845bba06d",
            "image_72": "https:\/\/avatars.slack-edge.com\/2021-05-21\/2090873932082_c1d845bba06d288505ec_72.jpg",
            "first_name": "Camille",
            "real_name": "Camille Hogg",
            "display_name": "Cami",
            "team": "TJE58GTJL",
            "name": "camille.l.hogg",
            "is_restricted": false,
            "is_ultra_restricted": false
        },
        "blocks": [
            {
                "type": "rich_text",
                "block_id": "mZH+",
                "elements": [
                    {
                        "type": "rich_text_section",
                        "elements": [
                            {
                                "type": "text",
                                "text": "my friend James is great at this — we used to work together at Peakon (B2B SaaS HR tech) "
                            },
                            {
                                "type": "link",
                                "url": "https:\/\/www.startwithastory.co\/"
                            }
                        ]
                    }
                ]
            }
        ],
        "thread_ts": "1635240670.019900",
        "parent_user_id": "U01MW6DPU72"
    },
    {
        "client_msg_id": "c07d02b2-7f3c-4af0-a635-53bfebcc194c",
        "type": "message",
        "text": "Any recommendations for a freelance wordpress developer out there? Looking for someone to help on an ongoing basis for a U.S.-based startup.",
        "user": "UJ2MNAS59",
        "ts": "1635270986.025000",
        "team": "TJE58GTJL",
        "user_team": "TJE58GTJL",
        "source_team": "TJE58GTJL",
        "user_profile": {
            "avatar_hash": "fbeec1b50728",
            "image_72": "https:\/\/avatars.slack-edge.com\/2019-05-03\/625660507876_fbeec1b50728bcd7da5c_72.jpg",
            "first_name": "Darrian",
            "real_name": "Darrian Wright",
            "display_name": "Darrian Wright",
            "team": "TJE58GTJL",
            "name": "darrianwatts",
            "is_restricted": false,
            "is_ultra_restricted": false
        },
        "edited": {
            "user": "UJ2MNAS59",
            "ts": "1635271433.000000"
        },
        "blocks": [
            {
                "type": "rich_text",
                "block_id": "qvRM",
                "elements": [
                    {
                        "type": "rich_text_section",
                        "elements": [
                            {
                                "type": "text",
                                "text": "Any recommendations for a freelance wordpress developer out there? Looking for someone to help on an ongoing basis for a U.S.-based startup."
                            }
                        ]
                    }
                ]
            }
        ],
        "thread_ts": "1635270986.025000",
        "reply_count": 4,
        "reply_users_count": 4,
        "latest_reply": "1635515587.053600",
        "reply_users": [
            "U012GHRAHDK",
            "U02CUM2LDAN",
            "U02CT9E6R6K",
            "U029CTQ5X6Y"
        ],
        "replies": [
            {
                "user": "U012GHRAHDK",
                "ts": "1635271131.025100"
            },
            {
                "user": "U02CUM2LDAN",
                "ts": "1635273915.026600"
            },
            {
                "user": "U02CT9E6R6K",
                "ts": "1635484766.044200"
            },
            {
                "user": "U029CTQ5X6Y",
                "ts": "1635515587.053600"
            }
        ],
        "is_locked": false,
        "subscribed": false
    },
    {
        "client_msg_id": "9810068f-251f-4780-8889-e32e811738e0",
        "type": "message",
        "text": "<https:\/\/twitter.com\/natmiletic> &gt;&gt; this guy is awesome",
        "user": "U012GHRAHDK",
        "ts": "1635271131.025100",
        "team": "TJE58GTJL",
        "user_team": "TJE58GTJL",
        "source_team": "TJE58GTJL",
        "user_profile": {
            "avatar_hash": "8ba0c4534568",
            "image_72": "https:\/\/avatars.slack-edge.com\/2022-04-12\/3401585222352_8ba0c45345680ce088ab_72.jpg",
            "first_name": "Deb",
            "real_name": "Deb Mukherjee",
            "display_name": "Deb Mukherjee",
            "team": "TJE58GTJL",
            "name": "debdut94",
            "is_restricted": false,
            "is_ultra_restricted": false
        },
        "attachments": [
            {
                "title": "Nat Miletic (@natmiletic) | Twitter",
                "title_link": "https:\/\/twitter.com\/natmiletic",
                "text": "The latest Tweets from Nat Miletic (@natmiletic). Growing my WordPress web agency. Follow me for daily tips, advice &amp; motivation :raised_hands: Learn WordPress for free - <https:\/\/t.co\/XJEujdkmwz> :flag-ca::flag-rs:. Canada",
                "fallback": "Nat Miletic (@natmiletic) | Twitter",
                "from_url": "https:\/\/twitter.com\/natmiletic",
                "service_icon": "https:\/\/abs.twimg.com\/icons\/apple-touch-icon-192x192.png",
                "service_name": "twitter.com",
                "id": 1,
                "original_url": "https:\/\/twitter.com\/natmiletic"
            }
        ],
        "blocks": [
            {
                "type": "rich_text",
                "block_id": "yWA\/",
                "elements": [
                    {
                        "type": "rich_text_section",
                        "elements": [
                            {
                                "type": "link",
                                "url": "https:\/\/twitter.com\/natmiletic"
                            },
                            {
                                "type": "text",
                                "text": " >> this guy is awesome"
                            }
                        ]
                    }
                ]
            }
        ],
        "thread_ts": "1635270986.025000",
        "parent_user_id": "UJ2MNAS59",
        "reactions": [
            {
                "name": "+1",
                "users": [
                    "UJ2MNAS59"
                ],
                "count": 1
            }
        ]
    },
    {
        "client_msg_id": "2a1e57ee-1fd2-4c1d-a6d3-e6b3dc0a76b3",
        "type": "message",
        "text": "Hi <@UJ2MNAS59> kindly check your chat, thank you",
        "user": "U02CUM2LDAN",
        "ts": "1635273915.026600",
        "team": "TJE58GTJL",
        "user_team": "TJE58GTJL",
        "source_team": "TJE58GTJL",
        "user_profile": {
            "avatar_hash": "458609281ce7",
            "image_72": "https:\/\/avatars.slack-edge.com\/2021-09-17\/2505725073522_458609281ce79c30fb91_72.jpg",
            "first_name": "Faith",
            "real_name": "Faith Ekanem",
            "display_name": "Faith Ekanem",
            "team": "TJE58GTJL",
            "name": "faithbibok",
            "is_restricted": false,
            "is_ultra_restricted": false
        },
        "blocks": [
            {
                "type": "rich_text",
                "block_id": "1EuQs",
                "elements": [
                    {
                        "type": "rich_text_section",
                        "elements": [
                            {
                                "type": "text",
                                "text": "Hi "
                            },
                            {
                                "type": "user",
                                "user_id": "UJ2MNAS59"
                            },
                            {
                                "type": "text",
                                "text": " kindly check your chat, thank you"
                            }
                        ]
                    }
                ]
            }
        ],
        "thread_ts": "1635270986.025000",
        "parent_user_id": "UJ2MNAS59"
    },
    {
        "type": "message",
        "subtype": "channel_topic",
        "ts": "1635273915.026800",
        "user": "UJG9WTEKG",
        "text": "set the channel topic: Sponsored by Primostats :grinning:",
        "topic": "Sponsored by Primostats :grinning:"
    },
    {
        "type": "message",
        "subtype": "channel_topic",
        "ts": "1635273923.026900",
        "user": "UJG9WTEKG",
        "text": "set the channel topic: Sponsored by PrimoStats :grinning:",
        "topic": "Sponsored by PrimoStats :grinning:"
    },
    {
        "client_msg_id": "ea054279-d8b1-460d-9552-ccbc7c00e4db",
        "type": "message",
        "text": "I may be able to help <@U01MW6DPU72>. My approach is grounded in customer research that informs the creation of the things you highlighted. Here's my site: <http:\/\/contentlift.io|contentlift.io>",
        "user": "U02CZJT4FDG",
        "ts": "1635277891.027400",
        "team": "TJE58GTJL",
        "user_team": "TJE58GTJL",
        "source_team": "TJE58GTJL",
        "user_profile": {
            "avatar_hash": "a135302ef51a",
            "image_72": "https:\/\/avatars.slack-edge.com\/2021-08-31\/2439146771077_a135302ef51af6681b26_72.jpg",
            "first_name": "Ryan",
            "real_name": "Ryan Paul Gibson",
            "display_name": "Ryan Paul Gibson",
            "team": "TJE58GTJL",
            "name": "ryanpaulgibson",
            "is_restricted": false,
            "is_ultra_restricted": false
        },
        "blocks": [
            {
                "type": "rich_text",
                "block_id": "ohWM",
                "elements": [
                    {
                        "type": "rich_text_section",
                        "elements": [
                            {
                                "type": "text",
                                "text": "I may be able to help "
                            },
                            {
                                "type": "user",
                                "user_id": "U01MW6DPU72"
                            },
                            {
                                "type": "text",
                                "text": ". My approach is grounded in customer research that informs the creation of the things you highlighted. Here's my site: "
                            },
                            {
                                "type": "link",
                                "url": "http:\/\/contentlift.io",
                                "text": "contentlift.io"
                            }
                        ]
                    }
                ]
            }
        ],
        "thread_ts": "1635240670.019900",
        "parent_user_id": "U01MW6DPU72"
    }
]