[
    {
        "client_msg_id": "c832e4e4-8aa5-47b3-820b-1fcd7e62ffec",
        "type": "message",
        "text": "Also sent a message, what a cool company!",
        "user": "U01FUP6AMEZ",
        "ts": "1623012252.087400",
        "team": "TJE58GTJL",
        "user_team": "TJE58GTJL",
        "source_team": "TJE58GTJL",
        "user_profile": {
            "avatar_hash": "128762c3ea3f",
            "image_72": "https:\/\/avatars.slack-edge.com\/2020-12-01\/1527137254583_128762c3ea3f3d65d19b_72.jpg",
            "first_name": "Joanna",
            "real_name": "Joanna Rutter",
            "display_name": "Joanna Rutter",
            "team": "TJE58GTJL",
            "name": "rutterjoanna",
            "is_restricted": false,
            "is_ultra_restricted": false
        },
        "blocks": [
            {
                "type": "rich_text",
                "block_id": "=zuVk",
                "elements": [
                    {
                        "type": "rich_text_section",
                        "elements": [
                            {
                                "type": "text",
                                "text": "Also sent a message, what a cool company!"
                            }
                        ]
                    }
                ]
            }
        ],
        "thread_ts": "1622832959.086700",
        "parent_user_id": "U023ZSW9N3X"
    },
    {
        "client_msg_id": "f25ba280-cf92-4d3c-82e8-2f27c3a4555e",
        "type": "message",
        "text": "Hi <@U023JN5S1K7>,\n\nI have someone I'd refer you to, but they're not in this group. What email should I use to make an intro\/referral?\n\nAlso, what niche are these videos for?",
        "user": "U01B8FNUWRK",
        "ts": "1623012528.087600",
        "team": "TJE58GTJL",
        "user_team": "TJE58GTJL",
        "source_team": "TJE58GTJL",
        "user_profile": {
            "avatar_hash": "a3ab825f6110",
            "image_72": "https:\/\/avatars.slack-edge.com\/2020-09-24\/1386090918259_a3ab825f611075cc2d61_72.jpg",
            "first_name": "Shadrack",
            "real_name": "Shadrack",
            "display_name": "Shadrack",
            "team": "TJE58GTJL",
            "name": "shadrack552",
            "is_restricted": false,
            "is_ultra_restricted": false
        },
        "blocks": [
            {
                "type": "rich_text",
                "block_id": "TezCz",
                "elements": [
                    {
                        "type": "rich_text_section",
                        "elements": [
                            {
                                "type": "text",
                                "text": "Hi "
                            },
                            {
                                "type": "user",
                                "user_id": "U023JN5S1K7"
                            },
                            {
                                "type": "text",
                                "text": ",\n\nI have someone I'd refer you to, but they're not in this group. What email should I use to make an intro\/referral?\n\nAlso, what niche are these videos for?"
                            }
                        ]
                    }
                ]
            }
        ],
        "thread_ts": "1622592604.078300",
        "parent_user_id": "U023JN5S1K7",
        "reactions": [
            {
                "name": "raised_hands",
                "users": [
                    "U023JN5S1K7"
                ],
                "count": 1
            }
        ]
    }
]