[
    {
        "client_msg_id": "c39d1e5b-cf61-42bf-b5bc-30f655c2188e",
        "type": "message",
        "text": "Hey <@U02C37FQVL5>, would love to learn more about your approach and methodology. There's tons of tech\/science SME knowledge I'd like to tap at my org, so I'm looking to institutionalize a process behind knowledge-sharing",
        "user": "U01L0J5N4V6",
        "ts": "1637677735.232100",
        "team": "TJE58GTJL",
        "user_team": "TJE58GTJL",
        "source_team": "TJE58GTJL",
        "user_profile": {
            "avatar_hash": "4009d6f953b0",
            "image_72": "https:\/\/avatars.slack-edge.com\/2021-11-21\/2745628837478_4009d6f953b0b0400ebf_72.jpg",
            "first_name": "Eleanor",
            "real_name": "Eleanor Innis",
            "display_name": "Ellie Innis",
            "team": "TJE58GTJL",
            "name": "innis.eleanor",
            "is_restricted": false,
            "is_ultra_restricted": false
        },
        "blocks": [
            {
                "type": "rich_text",
                "block_id": "r28fF",
                "elements": [
                    {
                        "type": "rich_text_section",
                        "elements": [
                            {
                                "type": "text",
                                "text": "Hey "
                            },
                            {
                                "type": "user",
                                "user_id": "U02C37FQVL5"
                            },
                            {
                                "type": "text",
                                "text": ", would love to learn more about your approach and methodology. There's tons of tech\/science SME knowledge I'd like to tap at my org, so I'm looking to institutionalize a process behind knowledge-sharing"
                            }
                        ]
                    }
                ]
            }
        ],
        "thread_ts": "1637610590.220500",
        "parent_user_id": "U02C37FQVL5"
    },
    {
        "client_msg_id": "847f25d1-23d7-4a06-874b-5ece4caeb294",
        "type": "message",
        "text": "(<@U02ME709F98> is amazing!)",
        "user": "U02DJAW866L",
        "ts": "1637678189.232400",
        "team": "TJE58GTJL",
        "user_team": "TJE58GTJL",
        "source_team": "TJE58GTJL",
        "user_profile": {
            "avatar_hash": "cfd01e8e5b2a",
            "image_72": "https:\/\/avatars.slack-edge.com\/2021-08-31\/2427276183719_cfd01e8e5b2a3914deb0_72.jpg",
            "first_name": "Tina",
            "real_name": "Tina Donati",
            "display_name": "Tina Donati",
            "team": "TJE58GTJL",
            "name": "tinadonati7",
            "is_restricted": false,
            "is_ultra_restricted": false
        },
        "blocks": [
            {
                "type": "rich_text",
                "block_id": "tfl",
                "elements": [
                    {
                        "type": "rich_text_section",
                        "elements": [
                            {
                                "type": "text",
                                "text": "("
                            },
                            {
                                "type": "user",
                                "user_id": "U02ME709F98"
                            },
                            {
                                "type": "text",
                                "text": " is amazing!)"
                            }
                        ]
                    }
                ]
            }
        ],
        "thread_ts": "1637638791.227600",
        "parent_user_id": "U028JED91QQ",
        "reactions": [
            {
                "name": "smiling_face_with_3_hearts",
                "users": [
                    "U02ME709F98"
                ],
                "count": 1
            },
            {
                "name": "eyes",
                "users": [
                    "U028JED91QQ"
                ],
                "count": 1
            }
        ]
    },
    {
        "client_msg_id": "5dbab1e4-8d22-406c-ade0-d22b605d8e5d",
        "type": "message",
        "text": "Hi Ellie! Sending you a message now.",
        "user": "U02C37FQVL5",
        "ts": "1637678545.232700",
        "team": "TJE58GTJL",
        "user_team": "TJE58GTJL",
        "source_team": "TJE58GTJL",
        "user_profile": {
            "avatar_hash": "f69427a863f2",
            "image_72": "https:\/\/avatars.slack-edge.com\/2021-09-23\/2549358724416_f69427a863f2254e8a79_72.jpg",
            "first_name": "Alyssa",
            "real_name": "Alyssa Greenfield",
            "display_name": "",
            "team": "TJE58GTJL",
            "name": "alyssa961",
            "is_restricted": false,
            "is_ultra_restricted": false
        },
        "blocks": [
            {
                "type": "rich_text",
                "block_id": "yNMQ",
                "elements": [
                    {
                        "type": "rich_text_section",
                        "elements": [
                            {
                                "type": "text",
                                "text": "Hi Ellie! Sending you a message now."
                            }
                        ]
                    }
                ]
            }
        ],
        "thread_ts": "1637610590.220500",
        "parent_user_id": "U02C37FQVL5"
    },
    {
        "client_msg_id": "523c9e76-6531-4b1f-9291-7bb2f6e1f4d7",
        "type": "message",
        "text": "(<@U02DJAW866L> is also amazing!! She specializes in DTC too—can’t think of a more perfect fit :relaxed:)",
        "user": "U02ME709F98",
        "ts": "1637678693.232900",
        "team": "TJE58GTJL",
        "user_team": "TJE58GTJL",
        "source_team": "TJE58GTJL",
        "user_profile": {
            "avatar_hash": "83c8be9e403d",
            "image_72": "https:\/\/avatars.slack-edge.com\/2021-11-18\/2767889999664_83c8be9e403dc9a7b4dc_72.jpg",
            "first_name": "Danielle",
            "real_name": "Danielle Diamond",
            "display_name": "Danielle Diamond",
            "team": "TJE58GTJL",
            "name": "danielle770",
            "is_restricted": false,
            "is_ultra_restricted": false
        },
        "blocks": [
            {
                "type": "rich_text",
                "block_id": "xHie",
                "elements": [
                    {
                        "type": "rich_text_section",
                        "elements": [
                            {
                                "type": "text",
                                "text": "("
                            },
                            {
                                "type": "user",
                                "user_id": "U02DJAW866L"
                            },
                            {
                                "type": "text",
                                "text": " is also amazing!! She specializes in DTC too—can’t think of a more perfect fit "
                            },
                            {
                                "type": "emoji",
                                "name": "relaxed"
                            },
                            {
                                "type": "text",
                                "text": ")"
                            }
                        ]
                    }
                ]
            }
        ],
        "thread_ts": "1637638791.227600",
        "parent_user_id": "U028JED91QQ",
        "reactions": [
            {
                "name": "raised_hands",
                "users": [
                    "U02DJAW866L"
                ],
                "count": 1
            },
            {
                "name": "heart",
                "users": [
                    "U02DJAW866L"
                ],
                "count": 1
            }
        ]
    },
    {
        "client_msg_id": "c7836a7d-b68a-4316-80da-0e7a34b282e3",
        "type": "message",
        "text": "Love this support loop :heart:",
        "user": "U02DJAW866L",
        "ts": "1637678857.233300",
        "team": "TJE58GTJL",
        "user_team": "TJE58GTJL",
        "source_team": "TJE58GTJL",
        "user_profile": {
            "avatar_hash": "cfd01e8e5b2a",
            "image_72": "https:\/\/avatars.slack-edge.com\/2021-08-31\/2427276183719_cfd01e8e5b2a3914deb0_72.jpg",
            "first_name": "Tina",
            "real_name": "Tina Donati",
            "display_name": "Tina Donati",
            "team": "TJE58GTJL",
            "name": "tinadonati7",
            "is_restricted": false,
            "is_ultra_restricted": false
        },
        "blocks": [
            {
                "type": "rich_text",
                "block_id": "+Ji7",
                "elements": [
                    {
                        "type": "rich_text_section",
                        "elements": [
                            {
                                "type": "text",
                                "text": "Love this support loop "
                            },
                            {
                                "type": "emoji",
                                "name": "heart"
                            }
                        ]
                    }
                ]
            }
        ],
        "thread_ts": "1637638791.227600",
        "parent_user_id": "U028JED91QQ"
    },
    {
        "client_msg_id": "a9a1eae8-7d0d-4641-9358-6af52e6dcf88",
        "type": "message",
        "text": "*Pitch is looking for copywriter to join our Creative Studio!*\n\n*About Pitch:*\n<http:\/\/www.pitch.com\/|Pitch> is making it fast and delightful for teams to create and deliver beautiful presentations. Since launching in October 2020 and raising our Series B funding in May, over 100,000 teams have adopted Pitch as their presentation software of choice, including top brands like Intercom, Superhuman, and Notion.\n\n*About the role:*\n• As part of our Creative Studio, you’d work with a multidisciplinary team of designers, brand producers, and copywriters to create copy to support marketing, growth, and comms initiatives.\n• This role involves producing copy for a variety of content types, including presentation templates, emails, blog posts, and more.\n• This role has the option to be full or part time (we just require at least 3 days per week). It’s a freelance position, but we consider all freelancers as members of our team, so we’re looking for someone to join for the long term. \nInterested in learning more or want to apply? :point_right:\n<https:\/\/boards.greenhouse.io\/pitch\/jobs\/5640647002|https:\/\/boards.greenhouse.io\/pitch\/jobs\/5640647002>",
        "user": "UUVS5UX0D",
        "ts": "1637680922.236800",
        "team": "TJE58GTJL",
        "user_team": "TJE58GTJL",
        "source_team": "TJE58GTJL",
        "user_profile": {
            "avatar_hash": "7a90ea60edd6",
            "image_72": "https:\/\/avatars.slack-edge.com\/2020-06-03\/1185612251264_7a90ea60edd64e158416_72.png",
            "first_name": "Aimee",
            "real_name": "Aimee",
            "display_name": "Aimee Millwood",
            "team": "TJE58GTJL",
            "name": "aimee",
            "is_restricted": false,
            "is_ultra_restricted": false
        },
        "edited": {
            "user": "UUVS5UX0D",
            "ts": "1637683785.000000"
        },
        "attachments": [
            {
                "from_url": "https:\/\/boards.greenhouse.io\/pitch\/jobs\/5640647002",
                "title": "Copywriter (m\/f\/d)",
                "title_link": "https:\/\/boards.greenhouse.io\/pitch\/jobs\/5640647002",
                "text": "Berlin \/ Remote",
                "image_url": "https:\/\/s2-recruiting.cdn.greenhouse.io\/external_greenhouse_job_boards\/logos\/400\/345\/400\/original\/share_job.jpg?1604421745",
                "image_width": 476,
                "image_height": 250,
                "image_bytes": 64159,
                "fallback": "Copywriter (m\/f\/d)",
                "service_icon": "https:\/\/boards.greenhouse.io\/favicon.ico",
                "service_name": "boards.greenhouse.io",
                "id": 1,
                "original_url": "https:\/\/boards.greenhouse.io\/pitch\/jobs\/5640647002"
            }
        ],
        "blocks": [
            {
                "type": "rich_text",
                "block_id": "87m",
                "elements": [
                    {
                        "type": "rich_text_section",
                        "elements": [
                            {
                                "type": "text",
                                "text": "Pitch is looking for copywriter to join our Creative Studio!",
                                "style": {
                                    "bold": true
                                }
                            },
                            {
                                "type": "text",
                                "text": "\n\n"
                            },
                            {
                                "type": "text",
                                "text": "About Pitch:",
                                "style": {
                                    "bold": true
                                }
                            },
                            {
                                "type": "text",
                                "text": "\n"
                            },
                            {
                                "type": "link",
                                "url": "http:\/\/www.pitch.com\/",
                                "text": "Pitch"
                            },
                            {
                                "type": "text",
                                "text": " is making it fast and delightful for teams to create and deliver beautiful presentations. Since launching in October 2020 and raising our Series B funding in May, over 100,000 teams have adopted Pitch as their presentation software of choice, including top brands like Intercom, Superhuman, and Notion.\n\n"
                            },
                            {
                                "type": "text",
                                "text": "About the role:",
                                "style": {
                                    "bold": true
                                }
                            },
                            {
                                "type": "text",
                                "text": "\n"
                            }
                        ]
                    },
                    {
                        "type": "rich_text_list",
                        "elements": [
                            {
                                "type": "rich_text_section",
                                "elements": [
                                    {
                                        "type": "text",
                                        "text": "As part of our Creative Studio, you’d work with a multidisciplinary team of designers, brand producers, and copywriters to create copy to support marketing, growth, and comms initiatives."
                                    }
                                ]
                            },
                            {
                                "type": "rich_text_section",
                                "elements": [
                                    {
                                        "type": "text",
                                        "text": "This role involves producing copy for a variety of content types, including presentation templates, emails, blog posts, and more."
                                    }
                                ]
                            },
                            {
                                "type": "rich_text_section",
                                "elements": [
                                    {
                                        "type": "text",
                                        "text": "This role has the option to be full or part time (we just require at least 3 days per week). It’s a freelance position, but we consider all freelancers as members of our team, so we’re looking for someone to join for the long term. "
                                    }
                                ]
                            }
                        ],
                        "style": "bullet",
                        "indent": 0,
                        "offset": 0,
                        "border": 0
                    },
                    {
                        "type": "rich_text_section",
                        "elements": [
                            {
                                "type": "text",
                                "text": "\nInterested in learning more or want to apply? "
                            },
                            {
                                "type": "emoji",
                                "name": "point_right"
                            },
                            {
                                "type": "text",
                                "text": "\n"
                            },
                            {
                                "type": "link",
                                "url": "https:\/\/boards.greenhouse.io\/pitch\/jobs\/5640647002",
                                "text": "https:\/\/boards.greenhouse.io\/pitch\/jobs\/5640647002"
                            }
                        ]
                    }
                ]
            }
        ],
        "thread_ts": "1637680922.236800",
        "reply_count": 5,
        "reply_users_count": 3,
        "latest_reply": "1640606440.056800",
        "reply_users": [
            "U02F1GK6U6B",
            "UUVS5UX0D",
            "U02CMCS8KH9"
        ],
        "replies": [
            {
                "user": "U02F1GK6U6B",
                "ts": "1637683408.237000"
            },
            {
                "user": "UUVS5UX0D",
                "ts": "1637683659.237300"
            },
            {
                "user": "U02F1GK6U6B",
                "ts": "1637683721.237500"
            },
            {
                "user": "UUVS5UX0D",
                "ts": "1637683776.237800"
            },
            {
                "user": "U02CMCS8KH9",
                "ts": "1640606440.056800"
            }
        ],
        "is_locked": false,
        "subscribed": false
    },
    {
        "client_msg_id": "00eb699e-ec59-4829-bab5-e5e6c228a22a",
        "type": "message",
        "text": "Hey <@UUVS5UX0D>  is this remote global or Remote in the EU only?",
        "user": "U02F1GK6U6B",
        "ts": "1637683408.237000",
        "team": "TJE58GTJL",
        "user_team": "TJE58GTJL",
        "source_team": "TJE58GTJL",
        "user_profile": {
            "avatar_hash": "b77d6f7d6c82",
            "image_72": "https:\/\/avatars.slack-edge.com\/2022-01-22\/3004677185921_b77d6f7d6c82fd929faa_72.jpg",
            "first_name": "Nneka",
            "real_name": "Nneka Otika",
            "display_name": "Nneka Otika",
            "team": "TJE58GTJL",
            "name": "nnekaotika",
            "is_restricted": false,
            "is_ultra_restricted": false
        },
        "blocks": [
            {
                "type": "rich_text",
                "block_id": "Ei2z3",
                "elements": [
                    {
                        "type": "rich_text_section",
                        "elements": [
                            {
                                "type": "text",
                                "text": "Hey "
                            },
                            {
                                "type": "user",
                                "user_id": "UUVS5UX0D"
                            },
                            {
                                "type": "text",
                                "text": "  is this remote global or Remote in the EU only?"
                            }
                        ]
                    }
                ]
            }
        ],
        "thread_ts": "1637680922.236800",
        "parent_user_id": "UUVS5UX0D"
    },
    {
        "client_msg_id": "1a5d44e7-8830-46a3-afe5-e49ddbb0ce9e",
        "type": "message",
        "text": "Hi <@U02F1GK6U6B>! It’s remote global :slightly_smiling_face:",
        "user": "UUVS5UX0D",
        "ts": "1637683659.237300",
        "team": "TJE58GTJL",
        "user_team": "TJE58GTJL",
        "source_team": "TJE58GTJL",
        "user_profile": {
            "avatar_hash": "7a90ea60edd6",
            "image_72": "https:\/\/avatars.slack-edge.com\/2020-06-03\/1185612251264_7a90ea60edd64e158416_72.png",
            "first_name": "Aimee",
            "real_name": "Aimee",
            "display_name": "Aimee Millwood",
            "team": "TJE58GTJL",
            "name": "aimee",
            "is_restricted": false,
            "is_ultra_restricted": false
        },
        "blocks": [
            {
                "type": "rich_text",
                "block_id": "m3M",
                "elements": [
                    {
                        "type": "rich_text_section",
                        "elements": [
                            {
                                "type": "text",
                                "text": "Hi "
                            },
                            {
                                "type": "user",
                                "user_id": "U02F1GK6U6B"
                            },
                            {
                                "type": "text",
                                "text": "! It’s remote global "
                            },
                            {
                                "type": "emoji",
                                "name": "slightly_smiling_face"
                            }
                        ]
                    }
                ]
            }
        ],
        "thread_ts": "1637680922.236800",
        "parent_user_id": "UUVS5UX0D"
    },
    {
        "client_msg_id": "e8d8ea09-173c-41bf-acd9-f0aa86423fe6",
        "type": "message",
        "text": "<@UUVS5UX0D> awesome. Can I DM you some questions before I apply?",
        "user": "U02F1GK6U6B",
        "ts": "1637683721.237500",
        "team": "TJE58GTJL",
        "user_team": "TJE58GTJL",
        "source_team": "TJE58GTJL",
        "user_profile": {
            "avatar_hash": "b77d6f7d6c82",
            "image_72": "https:\/\/avatars.slack-edge.com\/2022-01-22\/3004677185921_b77d6f7d6c82fd929faa_72.jpg",
            "first_name": "Nneka",
            "real_name": "Nneka Otika",
            "display_name": "Nneka Otika",
            "team": "TJE58GTJL",
            "name": "nnekaotika",
            "is_restricted": false,
            "is_ultra_restricted": false
        },
        "blocks": [
            {
                "type": "rich_text",
                "block_id": "vTr",
                "elements": [
                    {
                        "type": "rich_text_section",
                        "elements": [
                            {
                                "type": "user",
                                "user_id": "UUVS5UX0D"
                            },
                            {
                                "type": "text",
                                "text": " awesome. Can I DM you some questions before I apply?"
                            }
                        ]
                    }
                ]
            }
        ],
        "thread_ts": "1637680922.236800",
        "parent_user_id": "UUVS5UX0D"
    },
    {
        "client_msg_id": "D1C18ED4-1E83-4848-97B4-6458EBBB9510",
        "type": "message",
        "text": "Sure :+1:",
        "user": "UUVS5UX0D",
        "ts": "1637683776.237800",
        "team": "TJE58GTJL",
        "user_team": "TJE58GTJL",
        "source_team": "TJE58GTJL",
        "user_profile": {
            "avatar_hash": "7a90ea60edd6",
            "image_72": "https:\/\/avatars.slack-edge.com\/2020-06-03\/1185612251264_7a90ea60edd64e158416_72.png",
            "first_name": "Aimee",
            "real_name": "Aimee",
            "display_name": "Aimee Millwood",
            "team": "TJE58GTJL",
            "name": "aimee",
            "is_restricted": false,
            "is_ultra_restricted": false
        },
        "blocks": [
            {
                "type": "rich_text",
                "block_id": "YdJw",
                "elements": [
                    {
                        "type": "rich_text_section",
                        "elements": [
                            {
                                "type": "text",
                                "text": "Sure "
                            },
                            {
                                "type": "emoji",
                                "name": "+1"
                            }
                        ]
                    }
                ]
            }
        ],
        "thread_ts": "1637680922.236800",
        "parent_user_id": "UUVS5UX0D",
        "reactions": [
            {
                "name": "+1",
                "users": [
                    "U02F1GK6U6B"
                ],
                "count": 1
            }
        ]
    },
    {
        "client_msg_id": "59e1c5a2-890b-464e-b7ba-95f075f718b3",
        "type": "message",
        "text": "Hi <@U023HGMVC0P>  is it too late or out of place for me to also reach out to you about a freelance opportunity with the agency you mentioned?",
        "user": "U02NDD2TDBM",
        "ts": "1637699377.241500",
        "team": "TJE58GTJL",
        "user_team": "TJE58GTJL",
        "source_team": "TJE58GTJL",
        "user_profile": {
            "avatar_hash": "3d9c2fe4c5e0",
            "image_72": "https:\/\/avatars.slack-edge.com\/2021-11-23\/2758678912037_3d9c2fe4c5e0c6619ee0_72.jpg",
            "first_name": "Blessing",
            "real_name": "Blessing Onyegbula",
            "display_name": "Blessing Onyegbula",
            "team": "TJE58GTJL",
            "name": "onyegbulablessing21",
            "is_restricted": false,
            "is_ultra_restricted": false
        },
        "blocks": [
            {
                "type": "rich_text",
                "block_id": "9xiSU",
                "elements": [
                    {
                        "type": "rich_text_section",
                        "elements": [
                            {
                                "type": "text",
                                "text": "Hi "
                            },
                            {
                                "type": "user",
                                "user_id": "U023HGMVC0P"
                            },
                            {
                                "type": "text",
                                "text": "  is it too late or out of place for me to also reach out to you about a freelance opportunity with the agency you mentioned?"
                            }
                        ]
                    }
                ]
            }
        ],
        "thread_ts": "1637087915.153400",
        "parent_user_id": "U02A25BJ4T1"
    },
    {
        "client_msg_id": "fbe271a2-2012-495e-956a-864bfc2ef2c0",
        "type": "message",
        "text": "One of our clients in the identity verification space is looking for someone to create additional long-form content for them like eBooks. If you're interested, let me know! I don't have more details regarding how much work or anything like that but I can put you in touch with them if it's a space you're familiar with and you have some examples to share with me.",
        "user": "ULJBEFSJJ",
        "ts": "1637701739.242100",
        "team": "TJE58GTJL",
        "user_team": "TJE58GTJL",
        "source_team": "TJE58GTJL",
        "user_profile": {
            "avatar_hash": "c749875321a5",
            "image_72": "https:\/\/avatars.slack-edge.com\/2021-05-18\/2090537681729_c749875321a56a4f4dc4_72.jpg",
            "first_name": "Tatiana",
            "real_name": "Tatiana Morand (she\/her)",
            "display_name": "Tatiana",
            "team": "TJE58GTJL",
            "name": "tmorand",
            "is_restricted": false,
            "is_ultra_restricted": false
        },
        "blocks": [
            {
                "type": "rich_text",
                "block_id": "ZjVLa",
                "elements": [
                    {
                        "type": "rich_text_section",
                        "elements": [
                            {
                                "type": "text",
                                "text": "One of our clients in the identity verification space is looking for someone to create additional long-form content for them like eBooks. If you're interested, let me know! I don't have more details regarding how much work or anything like that but I can put you in touch with them if it's a space you're familiar with and you have some examples to share with me."
                            }
                        ]
                    }
                ]
            }
        ],
        "thread_ts": "1637701739.242100",
        "reply_count": 3,
        "reply_users_count": 3,
        "latest_reply": "1638289425.307400",
        "reply_users": [
            "U027KKWUY12",
            "UJ57DB9BM",
            "U02PA451C3B"
        ],
        "replies": [
            {
                "user": "U027KKWUY12",
                "ts": "1637763001.243400"
            },
            {
                "user": "UJ57DB9BM",
                "ts": "1638209291.292700"
            },
            {
                "user": "U02PA451C3B",
                "ts": "1638289425.307400"
            }
        ],
        "is_locked": false,
        "subscribed": false,
        "reactions": [
            {
                "name": "+1",
                "users": [
                    "U01TB1SDD61"
                ],
                "count": 1
            }
        ]
    }
]