[
    {
        "client_msg_id": "9090feaa-be4c-4bb4-89de-b14f77db2e85",
        "type": "message",
        "text": "[HIRING] Looking for a freelance writer to help us with writing thought leadership-focused content for a client. SEO will be a secondary focus for these posts. If you're interested, please DM me with samples of high quality content you've published. To be clear, we're not looking for short articles that are primarily keyword focused. We want content that is well-researched and reads like it was published by a CEO (as an example)",
        "user": "U022WPACV4L",
        "ts": "1626896769.306100",
        "team": "TJE58GTJL",
        "user_team": "TJE58GTJL",
        "source_team": "TJE58GTJL",
        "user_profile": {
            "avatar_hash": "bc588db919e3",
            "image_72": "https:\/\/avatars.slack-edge.com\/2021-05-21\/2092645159746_bc588db919e300f6dc48_72.jpg",
            "first_name": "Taran",
            "real_name": "Taran Soodan",
            "display_name": "Taran Soodan",
            "team": "TJE58GTJL",
            "name": "taran",
            "is_restricted": false,
            "is_ultra_restricted": false
        },
        "blocks": [
            {
                "type": "rich_text",
                "block_id": "MH8Jc",
                "elements": [
                    {
                        "type": "rich_text_section",
                        "elements": [
                            {
                                "type": "text",
                                "text": "[HIRING] Looking for a freelance writer to help us with writing thought leadership-focused content for a client. SEO will be a secondary focus for these posts. If you're interested, please DM me with samples of high quality content you've published. To be clear, we're not looking for short articles that are primarily keyword focused. We want content that is well-researched and reads like it was published by a CEO (as an example)"
                            }
                        ]
                    }
                ]
            }
        ],
        "thread_ts": "1626896769.306100",
        "reply_count": 7,
        "reply_users_count": 6,
        "latest_reply": "1626968313.308300",
        "reply_users": [
            "U027KKWUY12",
            "U01FUP6AMEZ",
            "U025VFYU4AC",
            "U01G7PRL3HQ",
            "U022WPACV4L",
            "URL9Z88MR"
        ],
        "replies": [
            {
                "user": "U027KKWUY12",
                "ts": "1626897519.306500"
            },
            {
                "user": "U01FUP6AMEZ",
                "ts": "1626899825.306800"
            },
            {
                "user": "U025VFYU4AC",
                "ts": "1626901635.307000"
            },
            {
                "user": "U01G7PRL3HQ",
                "ts": "1626908093.307300"
            },
            {
                "user": "U022WPACV4L",
                "ts": "1626918415.307900"
            },
            {
                "user": "URL9Z88MR",
                "ts": "1626943689.308100"
            },
            {
                "user": "U022WPACV4L",
                "ts": "1626968313.308300"
            }
        ],
        "is_locked": false,
        "subscribed": false,
        "reactions": [
            {
                "name": "wave",
                "users": [
                    "U027KKWUY12",
                    "U01P13P9K2A",
                    "U01J84U3SQ6",
                    "U029M4L0996"
                ],
                "count": 4
            }
        ]
    },
    {
        "client_msg_id": "A554CBC1-819C-4400-A2C0-9B4A06904B67",
        "type": "message",
        "text": "Kindly check your dm ",
        "user": "U027KKWUY12",
        "ts": "1626897519.306500",
        "team": "TJE58GTJL",
        "user_team": "TJE58GTJL",
        "source_team": "TJE58GTJL",
        "user_profile": {
            "avatar_hash": "f2176ca29ce5",
            "image_72": "https:\/\/avatars.slack-edge.com\/2021-07-14\/2268394227302_f2176ca29ce5a159a5bb_72.png",
            "first_name": "Lapite",
            "real_name": "Lapite Olamide",
            "display_name": "Olamide",
            "team": "TJE58GTJL",
            "name": "lapite3",
            "is_restricted": false,
            "is_ultra_restricted": false
        },
        "blocks": [
            {
                "type": "rich_text",
                "block_id": "SKc9",
                "elements": [
                    {
                        "type": "rich_text_section",
                        "elements": [
                            {
                                "type": "text",
                                "text": "Kindly check your dm "
                            }
                        ]
                    }
                ]
            }
        ],
        "thread_ts": "1626896769.306100",
        "parent_user_id": "U022WPACV4L"
    },
    {
        "client_msg_id": "d6af1c1d-5fcd-4ea6-9810-bfb17ec9e65b",
        "type": "message",
        "text": "<@U01P13P9K2A>",
        "user": "U01FUP6AMEZ",
        "ts": "1626899825.306800",
        "team": "TJE58GTJL",
        "user_team": "TJE58GTJL",
        "source_team": "TJE58GTJL",
        "user_profile": {
            "avatar_hash": "128762c3ea3f",
            "image_72": "https:\/\/avatars.slack-edge.com\/2020-12-01\/1527137254583_128762c3ea3f3d65d19b_72.jpg",
            "first_name": "Joanna",
            "real_name": "Joanna Rutter",
            "display_name": "Joanna Rutter",
            "team": "TJE58GTJL",
            "name": "rutterjoanna",
            "is_restricted": false,
            "is_ultra_restricted": false
        },
        "blocks": [
            {
                "type": "rich_text",
                "block_id": "Z+nG3",
                "elements": [
                    {
                        "type": "rich_text_section",
                        "elements": [
                            {
                                "type": "user",
                                "user_id": "U01P13P9K2A"
                            }
                        ]
                    }
                ]
            }
        ],
        "thread_ts": "1626896769.306100",
        "parent_user_id": "U022WPACV4L",
        "reactions": [
            {
                "name": "heart",
                "users": [
                    "U01P13P9K2A"
                ],
                "count": 1
            }
        ]
    },
    {
        "client_msg_id": "6d50fef7-aacc-4400-8786-432b41624f82",
        "type": "message",
        "text": "What industry\/niche are you looking at?",
        "user": "U025VFYU4AC",
        "ts": "1626901635.307000",
        "team": "TJE58GTJL",
        "user_team": "TJE58GTJL",
        "source_team": "TJE58GTJL",
        "user_profile": {
            "avatar_hash": "ce7297218859",
            "image_72": "https:\/\/avatars.slack-edge.com\/2021-06-15\/2188973467905_ce7297218859cc467129_72.jpg",
            "first_name": "",
            "real_name": "Shyam Purkayastha",
            "display_name": "Shyam Purkayastha",
            "team": "TJE58GTJL",
            "name": "shyam",
            "is_restricted": false,
            "is_ultra_restricted": false
        },
        "blocks": [
            {
                "type": "rich_text",
                "block_id": "Xte",
                "elements": [
                    {
                        "type": "rich_text_section",
                        "elements": [
                            {
                                "type": "text",
                                "text": "What industry\/niche are you looking at?"
                            }
                        ]
                    }
                ]
            }
        ],
        "thread_ts": "1626896769.306100",
        "parent_user_id": "U022WPACV4L"
    },
    {
        "client_msg_id": "32aca54b-66ec-42c1-b63e-5177866fa3cf",
        "type": "message",
        "text": "^ I second Shyam's question :slightly_smiling_face:",
        "user": "U01G7PRL3HQ",
        "ts": "1626908093.307300",
        "team": "TJE58GTJL",
        "user_team": "TJE58GTJL",
        "source_team": "TJE58GTJL",
        "user_profile": {
            "avatar_hash": "9723d9fab333",
            "image_72": "https:\/\/avatars.slack-edge.com\/2020-12-04\/1575670486368_9723d9fab333bb41974e_72.jpg",
            "first_name": "Eric",
            "real_name": "Eric Doty",
            "display_name": "Eric Doty",
            "team": "TJE58GTJL",
            "name": "eric.doty",
            "is_restricted": false,
            "is_ultra_restricted": false
        },
        "blocks": [
            {
                "type": "rich_text",
                "block_id": "3AK",
                "elements": [
                    {
                        "type": "rich_text_section",
                        "elements": [
                            {
                                "type": "text",
                                "text": "^ I second Shyam's question "
                            },
                            {
                                "type": "emoji",
                                "name": "slightly_smiling_face"
                            }
                        ]
                    }
                ]
            }
        ],
        "thread_ts": "1626896769.306100",
        "parent_user_id": "U022WPACV4L"
    },
    {
        "client_msg_id": "31f49bb0-21df-46e9-9509-393f5f1d5421",
        "type": "message",
        "text": "B2B SaaS",
        "user": "U022WPACV4L",
        "ts": "1626918415.307900",
        "team": "TJE58GTJL",
        "user_team": "TJE58GTJL",
        "source_team": "TJE58GTJL",
        "user_profile": {
            "avatar_hash": "bc588db919e3",
            "image_72": "https:\/\/avatars.slack-edge.com\/2021-05-21\/2092645159746_bc588db919e300f6dc48_72.jpg",
            "first_name": "Taran",
            "real_name": "Taran Soodan",
            "display_name": "Taran Soodan",
            "team": "TJE58GTJL",
            "name": "taran",
            "is_restricted": false,
            "is_ultra_restricted": false
        },
        "blocks": [
            {
                "type": "rich_text",
                "block_id": "qJrOq",
                "elements": [
                    {
                        "type": "rich_text_section",
                        "elements": [
                            {
                                "type": "text",
                                "text": "B2B SaaS"
                            }
                        ]
                    }
                ]
            }
        ],
        "thread_ts": "1626896769.306100",
        "parent_user_id": "U022WPACV4L"
    }
]