[
    {
        "client_msg_id": "14519e35-5d31-4467-b3f2-c1ec56ff3b69",
        "type": "message",
        "text": "Done. Looking forward to seeing the results.",
        "user": "U01RSA9E9D4",
        "ts": "1631608474.175000",
        "team": "TJE58GTJL",
        "user_team": "TJE58GTJL",
        "source_team": "TJE58GTJL",
        "user_profile": {
            "avatar_hash": "gfbc217f6e1b",
            "image_72": "https:\/\/secure.gravatar.com\/avatar\/fbc217f6e1b233bf10c4247333c118e2.jpg?s=72&d=https%3A%2F%2Fa.slack-edge.com%2Fdf10d%2Fimg%2Favatars%2Fava_0013-72.png",
            "first_name": "Anfernee",
            "real_name": "Anfernee Chansamooth",
            "display_name": "Anf Chansamooth",
            "team": "TJE58GTJL",
            "name": "anf",
            "is_restricted": false,
            "is_ultra_restricted": false
        },
        "blocks": [
            {
                "type": "rich_text",
                "block_id": "EOq",
                "elements": [
                    {
                        "type": "rich_text_section",
                        "elements": [
                            {
                                "type": "text",
                                "text": "Done. Looking forward to seeing the results."
                            }
                        ]
                    }
                ]
            }
        ],
        "thread_ts": "1631547360.169500",
        "parent_user_id": "UJHMVAE3G"
    },
    {
        "client_msg_id": "636be8b0-d138-4439-88b7-2bffa04d1ec5",
        "type": "message",
        "text": "When I was freelancing as a website copywriter (that was my speciality), I essentially did an intro call to get to know the owner\/business\/product, then sent a questionnaire—just a shared Googled doc—with questions based on Donald Miller's StoryBrand because I liked his method, then scheduled a follow up call to fill in any gaps I still had. Could I have gotten that info on my own? Much of it, yes. But I found many people LIKED getting to \"brain dump\" and I always found some sort of helpful nuggets I wouldn't have gotten otherwise. Not to say you have to do it this way, but just adding my experience since I did a lot of these.",
        "user": "U0241GTJEDC",
        "ts": "1631629826.175600",
        "team": "TJE58GTJL",
        "user_team": "TJE58GTJL",
        "source_team": "TJE58GTJL",
        "user_profile": {
            "avatar_hash": "536d8eb0424e",
            "image_72": "https:\/\/avatars.slack-edge.com\/2021-06-07\/2130419106119_536d8eb0424e890966a3_72.jpg",
            "first_name": "Kaleigh",
            "real_name": "Kaleigh Cox",
            "display_name": "Kaleigh Cox",
            "team": "TJE58GTJL",
            "name": "kaleighcoxwriter",
            "is_restricted": false,
            "is_ultra_restricted": false
        },
        "blocks": [
            {
                "type": "rich_text",
                "block_id": "0ANG",
                "elements": [
                    {
                        "type": "rich_text_section",
                        "elements": [
                            {
                                "type": "text",
                                "text": "When I was freelancing as a website copywriter (that was my speciality), I essentially did an intro call to get to know the owner\/business\/product, then sent a questionnaire—just a shared Googled doc—with questions based on Donald Miller's StoryBrand because I liked his method, then scheduled a follow up call to fill in any gaps I still had. Could I have gotten that info on my own? Much of it, yes. But I found many people LIKED getting to \"brain dump\" and I always found some sort of helpful nuggets I wouldn't have gotten otherwise. Not to say you have to do it this way, but just adding my experience since I did a lot of these."
                            }
                        ]
                    }
                ]
            }
        ],
        "thread_ts": "1631395673.160100",
        "parent_user_id": "U02CVNB3X1T"
    },
    {
        "client_msg_id": "38f0d40d-3e44-4fc3-9389-ed46e8477e2f",
        "type": "message",
        "text": "The Google Doc questionnaire also allowed them to invite multiple team members in to contribute their thoughts\/priorities on the front end, which is a million times better than meeting the VP of Whaddyaknow after writing all the copy and realizing he has this whole new priority no one told you about.",
        "user": "U0241GTJEDC",
        "ts": "1631629900.176600",
        "team": "TJE58GTJL",
        "user_team": "TJE58GTJL",
        "source_team": "TJE58GTJL",
        "user_profile": {
            "avatar_hash": "536d8eb0424e",
            "image_72": "https:\/\/avatars.slack-edge.com\/2021-06-07\/2130419106119_536d8eb0424e890966a3_72.jpg",
            "first_name": "Kaleigh",
            "real_name": "Kaleigh Cox",
            "display_name": "Kaleigh Cox",
            "team": "TJE58GTJL",
            "name": "kaleighcoxwriter",
            "is_restricted": false,
            "is_ultra_restricted": false
        },
        "blocks": [
            {
                "type": "rich_text",
                "block_id": "Xy2Ir",
                "elements": [
                    {
                        "type": "rich_text_section",
                        "elements": [
                            {
                                "type": "text",
                                "text": "The Google Doc questionnaire also allowed them to invite multiple team members in to contribute their thoughts\/priorities on the front end, which is a million times better than meeting the VP of Whaddyaknow after writing all the copy and realizing he has this whole new priority no one told you about."
                            }
                        ]
                    }
                ]
            }
        ],
        "thread_ts": "1631395673.160100",
        "parent_user_id": "U02CVNB3X1T"
    },
    {
        "client_msg_id": "53C57616-1B3A-4FB1-826C-CC884C91E9C3",
        "type": "message",
        "text": "I use a local accountant in my hometown. He did a great job of getting my tax bill down really low. He was the second one I talked to and I felt he knew what he was doing. Glad to give you a name. ",
        "user": "UUJBMNRNF",
        "ts": "1631629961.177400",
        "team": "TJE58GTJL",
        "user_team": "TJE58GTJL",
        "source_team": "TJE58GTJL",
        "user_profile": {
            "avatar_hash": "g60cda1030c0",
            "image_72": "https:\/\/secure.gravatar.com\/avatar\/60cda1030c03869961d38a096c73158e.jpg?s=72&d=https%3A%2F%2Fa.slack-edge.com%2Fdf10d%2Fimg%2Favatars%2Fava_0024-72.png",
            "first_name": "Hannah",
            "real_name": "Hannah Wiginton",
            "display_name": "Hannah Wiginton",
            "team": "TJE58GTJL",
            "name": "hwiginton00",
            "is_restricted": false,
            "is_ultra_restricted": false
        },
        "blocks": [
            {
                "type": "rich_text",
                "block_id": "P8o",
                "elements": [
                    {
                        "type": "rich_text_section",
                        "elements": [
                            {
                                "type": "text",
                                "text": "I use a local accountant in my hometown. He did a great job of getting my tax bill down really low. He was the second one I talked to and I felt he knew what he was doing. Glad to give you a name. "
                            }
                        ]
                    }
                ]
            }
        ],
        "thread_ts": "1631551381.171100",
        "parent_user_id": "U01FUP6AMEZ",
        "reactions": [
            {
                "name": "raised_hands",
                "users": [
                    "U01FUP6AMEZ",
                    "U01T30ZCN82"
                ],
                "count": 2
            }
        ]
    },
    {
        "client_msg_id": "A3E60626-DB8B-496B-B326-5392947E058F",
        "type": "message",
        "text": "This is perfect! I just had that informal call and I think now I’m going to put something together to learn a little more about their services. Im not totally against a questionnaire— I just think it would have been better suited for after the initial data dump with the client so I can wrap my brain around it!",
        "user": "U02CVNB3X1T",
        "ts": "1631632193.179700",
        "team": "TJE58GTJL",
        "user_team": "TJE58GTJL",
        "source_team": "TJE58GTJL",
        "user_profile": {
            "avatar_hash": "a98cd79fc67b",
            "image_72": "https:\/\/avatars.slack-edge.com\/2021-12-28\/2891088304196_a98cd79fc67b29986082_72.png",
            "first_name": "Julie",
            "real_name": "Julie Simpson",
            "display_name": "Julie Simpson",
            "team": "TJE58GTJL",
            "name": "jujuklu",
            "is_restricted": false,
            "is_ultra_restricted": false
        },
        "blocks": [
            {
                "type": "rich_text",
                "block_id": "OUl",
                "elements": [
                    {
                        "type": "rich_text_section",
                        "elements": [
                            {
                                "type": "text",
                                "text": "This is perfect! I just had that informal call and I think now I’m going to put something together to learn a little more about their services. Im not totally against a questionnaire— I just think it would have been better suited for after the initial data dump with the client so I can wrap my brain around it!"
                            }
                        ]
                    }
                ]
            }
        ],
        "thread_ts": "1631395673.160100",
        "parent_user_id": "U02CVNB3X1T"
    },
    {
        "type": "message",
        "text": "Hello! I am interested in this opportunity. I have experience writing about SaaS and marketing, plus experience in full-time marketing roles. I would love to speak with you further. I've attached my resume, which includes contact details. Please don't hesitate to reach out to me!",
        "files": [
            {
                "id": "F02DZ8WS9D5",
                "created": 1631637250,
                "timestamp": 1631637250,
                "name": "KatiePalmerResumer.pdf",
                "title": "KatiePalmerResumer.pdf",
                "mimetype": "application\/pdf",
                "filetype": "pdf",
                "pretty_type": "PDF",
                "user": "U02F3EQ4Z08",
                "editable": false,
                "size": 466434,
                "mode": "hosted",
                "is_external": false,
                "external_type": "",
                "is_public": true,
                "public_url_shared": false,
                "display_as_bot": false,
                "username": "",
                "url_private": "https:\/\/files.slack.com\/files-pri\/TJE58GTJL-F02DZ8WS9D5\/katiepalmerresumer.pdf?t=xoxe-626178571632-3467451922035-3469800396036-b45365c7edcd0220272aa8a422c2b82f",
                "url_private_download": "https:\/\/files.slack.com\/files-pri\/TJE58GTJL-F02DZ8WS9D5\/download\/katiepalmerresumer.pdf?t=xoxe-626178571632-3467451922035-3469800396036-b45365c7edcd0220272aa8a422c2b82f",
                "media_display_type": "unknown",
                "thumb_pdf": "https:\/\/files.slack.com\/files-tmb\/TJE58GTJL-F02DZ8WS9D5-6716665184\/katiepalmerresumer_thumb_pdf.png?t=xoxe-626178571632-3467451922035-3469800396036-b45365c7edcd0220272aa8a422c2b82f",
                "thumb_pdf_w": 935,
                "thumb_pdf_h": 1210,
                "permalink": "https:\/\/content-career-growth.slack.com\/files\/U02F3EQ4Z08\/F02DZ8WS9D5\/katiepalmerresumer.pdf",
                "permalink_public": "https:\/\/slack-files.com\/TJE58GTJL-F02DZ8WS9D5-d102a88427",
                "is_starred": false,
                "has_rich_preview": false
            }
        ],
        "upload": false,
        "user": "U02F3EQ4Z08",
        "display_as_bot": false,
        "ts": "1631638360.182100",
        "blocks": [
            {
                "type": "rich_text",
                "block_id": "qjMBf",
                "elements": [
                    {
                        "type": "rich_text_section",
                        "elements": [
                            {
                                "type": "text",
                                "text": "Hello! I am interested in this opportunity. I have experience writing about SaaS and marketing, plus experience in full-time marketing roles. I would love to speak with you further. I've attached my resume, which includes contact details. Please don't hesitate to reach out to me!"
                            }
                        ]
                    }
                ]
            }
        ],
        "thread_ts": "1629398034.104700",
        "parent_user_id": "UJHMVAE3G"
    },
    {
        "client_msg_id": "FCF6088A-FA80-4762-9603-46E9A51FADB5",
        "type": "message",
        "text": "Hey friends :wave::skin-tone-2: Any analytics consultants in here? I have a client (in MarTech) looking for one. I don’t have many details, but if this is you please DM me and I can put you in touch :slightly_smiling_face:",
        "user": "U0224G1ME48",
        "ts": "1631665306.183900",
        "team": "TJE58GTJL",
        "user_team": "TJE58GTJL",
        "source_team": "TJE58GTJL",
        "user_profile": {
            "avatar_hash": "867f137fbdac",
            "image_72": "https:\/\/avatars.slack-edge.com\/2021-05-10\/2054923801748_867f137fbdac89a61732_72.jpg",
            "first_name": "Hailey",
            "real_name": "Hailey Lucas",
            "display_name": "Hailey Lucas",
            "team": "TJE58GTJL",
            "name": "hailey",
            "is_restricted": false,
            "is_ultra_restricted": false
        },
        "blocks": [
            {
                "type": "rich_text",
                "block_id": "W6\/",
                "elements": [
                    {
                        "type": "rich_text_section",
                        "elements": [
                            {
                                "type": "text",
                                "text": "Hey friends "
                            },
                            {
                                "type": "emoji",
                                "name": "wave",
                                "skin_tone": 2
                            },
                            {
                                "type": "text",
                                "text": " Any analytics consultants in here? I have a client (in MarTech) looking for one. I don’t have many details, but if this is you please DM me and I can put you in touch "
                            },
                            {
                                "type": "emoji",
                                "name": "slightly_smiling_face"
                            }
                        ]
                    }
                ]
            }
        ]
    }
]