[
    {
        "client_msg_id": "2fcac978-ee18-46fb-91bb-58335e370937",
        "type": "message",
        "text": "Hello. I would love to take on more Blockchain and crypto-related projects as a writer. Is there anyone looking for a writer for their project?",
        "user": "U02MGK3CKGV",
        "ts": "1638796493.345300",
        "team": "TJE58GTJL",
        "user_team": "TJE58GTJL",
        "source_team": "TJE58GTJL",
        "user_profile": {
            "avatar_hash": "g45e2d0c7ef3",
            "image_72": "https:\/\/secure.gravatar.com\/avatar\/45e2d0c7ef3c83fd316a9b1761dab741.jpg?s=72&d=https%3A%2F%2Fa.slack-edge.com%2Fdf10d%2Fimg%2Favatars%2Fava_0001-72.png",
            "first_name": "Ibankhan",
            "real_name": "Ibankhan",
            "display_name": "",
            "team": "TJE58GTJL",
            "name": "ibrahimanif1",
            "is_restricted": false,
            "is_ultra_restricted": false
        },
        "blocks": [
            {
                "type": "rich_text",
                "block_id": "1l6JY",
                "elements": [
                    {
                        "type": "rich_text_section",
                        "elements": [
                            {
                                "type": "text",
                                "text": "Hello. I would love to take on more Blockchain and crypto-related projects as a writer. Is there anyone looking for a writer for their project?"
                            }
                        ]
                    }
                ]
            }
        ],
        "thread_ts": "1638796493.345300",
        "reply_count": 2,
        "reply_users_count": 2,
        "latest_reply": "1638799268.345900",
        "reply_users": [
            "U02CVNB3X1T",
            "U02MGK3CKGV"
        ],
        "replies": [
            {
                "user": "U02CVNB3X1T",
                "ts": "1638798623.345700"
            },
            {
                "user": "U02MGK3CKGV",
                "ts": "1638799268.345900"
            }
        ],
        "is_locked": false,
        "subscribed": false
    },
    {
        "client_msg_id": "2443ce89-4ed9-475d-a455-d858e5907ba2",
        "type": "message",
        "text": "I posted this exact question on Friday!  If I find anything that isn't a fit for me in the industry, I will pass the opp your way. Cheers!",
        "user": "U02CVNB3X1T",
        "ts": "1638798623.345700",
        "team": "TJE58GTJL",
        "user_team": "TJE58GTJL",
        "source_team": "TJE58GTJL",
        "user_profile": {
            "avatar_hash": "a98cd79fc67b",
            "image_72": "https:\/\/avatars.slack-edge.com\/2021-12-28\/2891088304196_a98cd79fc67b29986082_72.png",
            "first_name": "Julie",
            "real_name": "Julie Simpson",
            "display_name": "Julie Simpson",
            "team": "TJE58GTJL",
            "name": "jujuklu",
            "is_restricted": false,
            "is_ultra_restricted": false
        },
        "blocks": [
            {
                "type": "rich_text",
                "block_id": "dkuX",
                "elements": [
                    {
                        "type": "rich_text_section",
                        "elements": [
                            {
                                "type": "text",
                                "text": "I posted this exact question on Friday!  If I find anything that isn't a fit for me in the industry, I will pass the opp your way. Cheers!"
                            }
                        ]
                    }
                ]
            }
        ],
        "thread_ts": "1638796493.345300",
        "parent_user_id": "U02MGK3CKGV"
    },
    {
        "client_msg_id": "83e38154-7c75-48f8-b282-4e9b4b1202df",
        "type": "message",
        "text": "Thank you!",
        "user": "U02MGK3CKGV",
        "ts": "1638799268.345900",
        "team": "TJE58GTJL",
        "user_team": "TJE58GTJL",
        "source_team": "TJE58GTJL",
        "user_profile": {
            "avatar_hash": "g45e2d0c7ef3",
            "image_72": "https:\/\/secure.gravatar.com\/avatar\/45e2d0c7ef3c83fd316a9b1761dab741.jpg?s=72&d=https%3A%2F%2Fa.slack-edge.com%2Fdf10d%2Fimg%2Favatars%2Fava_0001-72.png",
            "first_name": "Ibankhan",
            "real_name": "Ibankhan",
            "display_name": "",
            "team": "TJE58GTJL",
            "name": "ibrahimanif1",
            "is_restricted": false,
            "is_ultra_restricted": false
        },
        "blocks": [
            {
                "type": "rich_text",
                "block_id": "8pUS",
                "elements": [
                    {
                        "type": "rich_text_section",
                        "elements": [
                            {
                                "type": "text",
                                "text": "Thank you!"
                            }
                        ]
                    }
                ]
            }
        ],
        "thread_ts": "1638796493.345300",
        "parent_user_id": "U02MGK3CKGV"
    },
    {
        "client_msg_id": "982e80ad-9b1f-417c-a41d-3e1a5710f538",
        "type": "message",
        "text": "*We polled hundreds of freelance writers to see what their rates are.* The results are interesting, to say the least!\n\nBiggest takeaways:\n\n:raised_hands: All freelancers earning over $100K have been writing for 2+ years.\n:memo: $250 to $399 is the most popular rate for a 1,500 word blog post.\n:computer: The most popular pricing model is per project.\n:moneybag: Word-of-mouth referrals are best sources of high-paying freelance writing gigs.\n\nCurious to know your thoughts on this! Surprised by anything?\n\n_<https:\/\/peakfreelance.com\/blog\/freelance-writing-rates\/|(Read the full report here)>_",
        "user": "UJHMVAE3G",
        "ts": "1638802743.348100",
        "team": "TJE58GTJL",
        "user_team": "TJE58GTJL",
        "source_team": "TJE58GTJL",
        "user_profile": {
            "avatar_hash": "g1b669baf54d",
            "image_72": "https:\/\/secure.gravatar.com\/avatar\/cb1b669baf54d184a6138c7f4607efc3.jpg?s=72&d=https%3A%2F%2Fa.slack-edge.com%2Fdf10d%2Fimg%2Favatars%2Fava_0013-72.png",
            "first_name": "Elise",
            "real_name": "Elise Dopson",
            "display_name": "",
            "team": "TJE58GTJL",
            "name": "elise",
            "is_restricted": false,
            "is_ultra_restricted": false
        },
        "edited": {
            "user": "UJHMVAE3G",
            "ts": "1638802787.000000"
        },
        "blocks": [
            {
                "type": "rich_text",
                "block_id": "EJydM",
                "elements": [
                    {
                        "type": "rich_text_section",
                        "elements": [
                            {
                                "type": "text",
                                "text": "We polled hundreds of freelance writers to see what their rates are.",
                                "style": {
                                    "bold": true
                                }
                            },
                            {
                                "type": "text",
                                "text": " The results are interesting, to say the least!\n\nBiggest takeaways:\n\n"
                            },
                            {
                                "type": "emoji",
                                "name": "raised_hands"
                            },
                            {
                                "type": "text",
                                "text": " All freelancers earning over $100K have been writing for 2+ years.\n"
                            },
                            {
                                "type": "emoji",
                                "name": "memo"
                            },
                            {
                                "type": "text",
                                "text": " $250 to $399 is the most popular rate for a 1,500 word blog post.\n"
                            },
                            {
                                "type": "emoji",
                                "name": "computer"
                            },
                            {
                                "type": "text",
                                "text": " The most popular pricing model is per project.\n"
                            },
                            {
                                "type": "emoji",
                                "name": "moneybag"
                            },
                            {
                                "type": "text",
                                "text": " Word-of-mouth referrals are best sources of high-paying freelance writing gigs.\n\nCurious to know your thoughts on this! Surprised by anything?\n\n"
                            },
                            {
                                "type": "link",
                                "url": "https:\/\/peakfreelance.com\/blog\/freelance-writing-rates\/",
                                "text": "(Read the full report here)",
                                "style": {
                                    "italic": true
                                }
                            }
                        ]
                    }
                ]
            }
        ],
        "thread_ts": "1638802743.348100",
        "reply_count": 6,
        "reply_users_count": 6,
        "latest_reply": "1638889135.358200",
        "reply_users": [
            "U01J3L8CJRL",
            "U02MYNYNDEK",
            "U0166H7KUAZ",
            "UJHMVAE3G",
            "UJG9WTEKG",
            "U02CVNB3X1T"
        ],
        "replies": [
            {
                "user": "U01J3L8CJRL",
                "ts": "1638803553.348500"
            },
            {
                "user": "U02MYNYNDEK",
                "ts": "1638804570.350000"
            },
            {
                "user": "U0166H7KUAZ",
                "ts": "1638809211.350600"
            },
            {
                "user": "UJHMVAE3G",
                "ts": "1638809544.351100"
            },
            {
                "user": "UJG9WTEKG",
                "ts": "1638812343.354600"
            },
            {
                "user": "U02CVNB3X1T",
                "ts": "1638889135.358200"
            }
        ],
        "is_locked": false,
        "subscribed": true,
        "last_read": "1638889135.358200",
        "reactions": [
            {
                "name": "blush",
                "users": [
                    "U02L6AMG3GV",
                    "U02HD0L8HAP",
                    "U028D815JA0",
                    "U012GHRAHDK",
                    "U01J3FQA3ML",
                    "UJG9WTEKG",
                    "U02H3K9BEMA",
                    "U02AR2XSN1M",
                    "U01PXN2LGAK",
                    "U02P9A0LY7R",
                    "U019UEW7AQ2",
                    "U02C37J4X5K",
                    "U02KR8D3EMC",
                    "U024A8928AW"
                ],
                "count": 14
            },
            {
                "name": "+1",
                "users": [
                    "U01MVN90X9U",
                    "U02DQ4MB30E",
                    "U0208DGLY87",
                    "U02PUQ6CQRX",
                    "UUVS5HWMB"
                ],
                "count": 5
            },
            {
                "name": "bulb",
                "users": [
                    "U01QYGNA1JN",
                    "U02NXEUQKA6"
                ],
                "count": 2
            }
        ]
    },
    {
        "client_msg_id": "34d8caf8-ac47-4aac-8228-f83464e86fa4",
        "type": "message",
        "text": "Time to change my rates now :stuck_out_tongue:",
        "user": "U01J3L8CJRL",
        "ts": "1638803553.348500",
        "team": "TJE58GTJL",
        "user_team": "TJE58GTJL",
        "source_team": "TJE58GTJL",
        "user_profile": {
            "avatar_hash": "12550f10b66e",
            "image_72": "https:\/\/avatars.slack-edge.com\/2021-10-14\/2588602098551_12550f10b66e24ed3adb_72.png",
            "first_name": "Saurabh",
            "real_name": "Saurabh",
            "display_name": "Saurabh",
            "team": "TJE58GTJL",
            "name": "saurabh.content.saas",
            "is_restricted": false,
            "is_ultra_restricted": false
        },
        "blocks": [
            {
                "type": "rich_text",
                "block_id": "rUofg",
                "elements": [
                    {
                        "type": "rich_text_section",
                        "elements": [
                            {
                                "type": "text",
                                "text": "Time to change my rates now "
                            },
                            {
                                "type": "emoji",
                                "name": "stuck_out_tongue"
                            }
                        ]
                    }
                ]
            }
        ],
        "thread_ts": "1638802743.348100",
        "parent_user_id": "UJHMVAE3G",
        "reactions": [
            {
                "name": "raised_hands",
                "users": [
                    "UJHMVAE3G"
                ],
                "count": 1
            }
        ]
    },
    {
        "client_msg_id": "4a5c0ccb-4b8c-4d43-9344-50beb36a6490",
        "type": "message",
        "text": "<@U02EDRUJN58> let's talk! I'm interested in hearing more about what you do and how you can work with us. Starting in January (maybe even sooner?) I have a need for some serious support.",
        "user": "U023M1SR6KH",
        "ts": "1638804279.348800",
        "team": "TJE58GTJL",
        "user_team": "TJE58GTJL",
        "source_team": "TJE58GTJL",
        "user_profile": {
            "avatar_hash": "55eb283f5544",
            "image_72": "https:\/\/avatars.slack-edge.com\/2021-06-04\/2138865952467_55eb283f554439baf74c_72.jpg",
            "first_name": "Alexandra",
            "real_name": "Alexandra Pielusko",
            "display_name": "Alexandra Pielusko",
            "team": "TJE58GTJL",
            "name": "alexandra",
            "is_restricted": false,
            "is_ultra_restricted": false
        },
        "blocks": [
            {
                "type": "rich_text",
                "block_id": "NmM",
                "elements": [
                    {
                        "type": "rich_text_section",
                        "elements": [
                            {
                                "type": "user",
                                "user_id": "U02EDRUJN58"
                            },
                            {
                                "type": "text",
                                "text": " let's talk! I'm interested in hearing more about what you do and how you can work with us. Starting in January (maybe even sooner?) I have a need for some serious support."
                            }
                        ]
                    }
                ]
            }
        ],
        "thread_ts": "1635499702.047100",
        "parent_user_id": "U02EDRUJN58"
    },
    {
        "client_msg_id": "E2C750DA-51ED-439C-A321-A1175C08CB50",
        "type": "message",
        "text": "Alright Alexandra. I just saw this message. I'll reply immediately.",
        "user": "U02EDRUJN58",
        "ts": "1638804542.349800",
        "team": "TJE58GTJL",
        "user_team": "TJE58GTJL",
        "source_team": "TJE58GTJL",
        "user_profile": {
            "avatar_hash": "gdeb35d54b3a",
            "image_72": "https:\/\/secure.gravatar.com\/avatar\/deb35d54b3ab87af0bd944f69c4c0bb9.jpg?s=72&d=https%3A%2F%2Fa.slack-edge.com%2Fdf10d%2Fimg%2Favatars%2Fava_0002-72.png",
            "first_name": "Tobi",
            "real_name": "Tobi Abiodun",
            "display_name": "",
            "team": "TJE58GTJL",
            "name": "tobiabiodun126",
            "is_restricted": false,
            "is_ultra_restricted": false
        },
        "blocks": [
            {
                "type": "rich_text",
                "block_id": "Uw4",
                "elements": [
                    {
                        "type": "rich_text_section",
                        "elements": [
                            {
                                "type": "text",
                                "text": "Alright Alexandra. I just saw this message. I'll reply immediately."
                            }
                        ]
                    }
                ]
            }
        ],
        "thread_ts": "1635499702.047100",
        "parent_user_id": "U02EDRUJN58"
    },
    {
        "client_msg_id": "b250813b-7e8e-45c7-9f53-d722f9f269f9",
        "type": "message",
        "text": "So helpful! Everyone always asks and no one is ever really able to answer. Until now :wink:",
        "user": "U02MYNYNDEK",
        "ts": "1638804570.350000",
        "team": "TJE58GTJL",
        "user_team": "TJE58GTJL",
        "source_team": "TJE58GTJL",
        "user_profile": {
            "avatar_hash": "7570eb74d8c8",
            "image_72": "https:\/\/avatars.slack-edge.com\/2021-11-23\/2761477706786_7570eb74d8c8e57d6277_72.jpg",
            "first_name": "Shaina",
            "real_name": "Shaina Vellone",
            "display_name": "Shaina Vellone",
            "team": "TJE58GTJL",
            "name": "shaina.vellone",
            "is_restricted": false,
            "is_ultra_restricted": false
        },
        "blocks": [
            {
                "type": "rich_text",
                "block_id": "g=5",
                "elements": [
                    {
                        "type": "rich_text_section",
                        "elements": [
                            {
                                "type": "text",
                                "text": "So helpful! Everyone always asks and no one is ever really able to answer. Until now "
                            },
                            {
                                "type": "emoji",
                                "name": "wink"
                            }
                        ]
                    }
                ]
            }
        ],
        "thread_ts": "1638802743.348100",
        "parent_user_id": "UJHMVAE3G",
        "reactions": [
            {
                "name": "pray",
                "users": [
                    "UJHMVAE3G"
                ],
                "count": 1
            }
        ]
    },
    {
        "client_msg_id": "e18ad9cc-ceb9-4b7b-949a-f64e9b501a00",
        "type": "message",
        "text": "I am surprised by how much some people are even undercharging white papers.",
        "user": "U0166H7KUAZ",
        "ts": "1638809211.350600",
        "team": "TJE58GTJL",
        "user_team": "TJE58GTJL",
        "source_team": "TJE58GTJL",
        "user_profile": {
            "avatar_hash": "f58be1456496",
            "image_72": "https:\/\/avatars.slack-edge.com\/2020-06-29\/1197308509671_f58be1456496f374b7ea_72.jpg",
            "first_name": "",
            "real_name": "Phillip Paquette",
            "display_name": "Phillip Paquette",
            "team": "TJE58GTJL",
            "name": "phillippaquette",
            "is_restricted": false,
            "is_ultra_restricted": false
        },
        "blocks": [
            {
                "type": "rich_text",
                "block_id": "pFqh",
                "elements": [
                    {
                        "type": "rich_text_section",
                        "elements": [
                            {
                                "type": "text",
                                "text": "I am surprised by how much some people are even undercharging white papers."
                            }
                        ]
                    }
                ]
            }
        ],
        "thread_ts": "1638802743.348100",
        "parent_user_id": "UJHMVAE3G"
    },
    {
        "client_msg_id": "096BEEB7-1365-4828-A1A2-78C39662E7F0",
        "type": "message",
        "text": "<@U0166H7KUAZ>  me too! ",
        "user": "UJHMVAE3G",
        "ts": "1638809544.351100",
        "team": "TJE58GTJL",
        "user_team": "TJE58GTJL",
        "source_team": "TJE58GTJL",
        "user_profile": {
            "avatar_hash": "g1b669baf54d",
            "image_72": "https:\/\/secure.gravatar.com\/avatar\/cb1b669baf54d184a6138c7f4607efc3.jpg?s=72&d=https%3A%2F%2Fa.slack-edge.com%2Fdf10d%2Fimg%2Favatars%2Fava_0013-72.png",
            "first_name": "Elise",
            "real_name": "Elise Dopson",
            "display_name": "",
            "team": "TJE58GTJL",
            "name": "elise",
            "is_restricted": false,
            "is_ultra_restricted": false
        },
        "blocks": [
            {
                "type": "rich_text",
                "block_id": "rLRl",
                "elements": [
                    {
                        "type": "rich_text_section",
                        "elements": [
                            {
                                "type": "user",
                                "user_id": "U0166H7KUAZ"
                            },
                            {
                                "type": "text",
                                "text": "  me too! "
                            }
                        ]
                    }
                ]
            }
        ],
        "thread_ts": "1638802743.348100",
        "parent_user_id": "UJHMVAE3G"
    },
    {
        "client_msg_id": "335073a0-af72-433f-8b9e-af2a4f5d1445",
        "type": "message",
        "text": "Hey everyone - my agency is growing and we're hiring for 2 roles (these roles can be combined into one for the right person). Details below:\n\n*Content Strategist* - your role will be to help me create outlines for our clients using ContentHarmony. You can expect to work on 15-20 outlines\/week.\n\n*Editor* - your role will be to review &amp; edit content from our writers and get the content ready for client review.\n\nIf you're interested, please DM me with examples of outlines &amp; content briefs you've worked on so we can discuss. Ideally, we're looking for someone in the US or Canada, but open to international help if we think you're a good fit.",
        "user": "U022WPACV4L",
        "ts": "1638811744.354500",
        "team": "TJE58GTJL",
        "user_team": "TJE58GTJL",
        "source_team": "TJE58GTJL",
        "user_profile": {
            "avatar_hash": "bc588db919e3",
            "image_72": "https:\/\/avatars.slack-edge.com\/2021-05-21\/2092645159746_bc588db919e300f6dc48_72.jpg",
            "first_name": "Taran",
            "real_name": "Taran Soodan",
            "display_name": "Taran Soodan",
            "team": "TJE58GTJL",
            "name": "taran",
            "is_restricted": false,
            "is_ultra_restricted": false
        },
        "blocks": [
            {
                "type": "rich_text",
                "block_id": "HQI+",
                "elements": [
                    {
                        "type": "rich_text_section",
                        "elements": [
                            {
                                "type": "text",
                                "text": "Hey everyone - my agency is growing and we're hiring for 2 roles (these roles can be combined into one for the right person). Details below:\n\n"
                            },
                            {
                                "type": "text",
                                "text": "Content Strategist",
                                "style": {
                                    "bold": true
                                }
                            },
                            {
                                "type": "text",
                                "text": " - your role will be to help me create outlines for our clients using ContentHarmony. You can expect to work on 15-20 outlines\/week.\n\n"
                            },
                            {
                                "type": "text",
                                "text": "Editor",
                                "style": {
                                    "bold": true
                                }
                            },
                            {
                                "type": "text",
                                "text": " - your role will be to review & edit content from our writers and get the content ready for client review.\n\nIf you're interested, please DM me with examples of outlines & content briefs you've worked on so we can discuss. Ideally, we're looking for someone in the US or Canada, but open to international help if we think you're a good fit."
                            }
                        ]
                    }
                ]
            }
        ],
        "reactions": [
            {
                "name": "fire",
                "users": [
                    "U01PXN2LGAK",
                    "U02KY0R6YGK"
                ],
                "count": 2
            },
            {
                "name": "raised_back_of_hand",
                "users": [
                    "U02CMCS8KH9"
                ],
                "count": 1
            }
        ]
    },
    {
        "client_msg_id": "cad2e23d-d5b3-424c-b182-617cc04465cb",
        "type": "message",
        "text": "was just gonna post this. great data, thank you for collecting this <@UJHMVAE3G>",
        "user": "UJG9WTEKG",
        "ts": "1638812343.354600",
        "team": "TJE58GTJL",
        "user_team": "TJE58GTJL",
        "source_team": "TJE58GTJL",
        "user_profile": {
            "avatar_hash": "gc25b94e6ebf",
            "image_72": "https:\/\/secure.gravatar.com\/avatar\/eec25b94e6ebf55f0b7933372344cd09.jpg?s=72&d=https%3A%2F%2Fa.slack-edge.com%2Fdf10d%2Fimg%2Favatars%2Fava_0001-72.png",
            "first_name": "Jimmy",
            "real_name": "Jimmy Daly",
            "display_name": "",
            "team": "TJE58GTJL",
            "name": "runjimdaly",
            "is_restricted": false,
            "is_ultra_restricted": false
        },
        "blocks": [
            {
                "type": "rich_text",
                "block_id": "i9G2J",
                "elements": [
                    {
                        "type": "rich_text_section",
                        "elements": [
                            {
                                "type": "text",
                                "text": "was just gonna post this. great data, thank you for collecting this "
                            },
                            {
                                "type": "user",
                                "user_id": "UJHMVAE3G"
                            }
                        ]
                    }
                ]
            }
        ],
        "thread_ts": "1638802743.348100",
        "parent_user_id": "UJHMVAE3G",
        "reactions": [
            {
                "name": "pray",
                "users": [
                    "UJHMVAE3G"
                ],
                "count": 1
            }
        ]
    }
]