[
    {
        "client_msg_id": "918b27bd-e018-478b-ab28-ba22a6958d5d",
        "type": "message",
        "text": "Without telling the client (in this case—you), I'd be internally calculating my rate at 125\/hr x the number of hours. That being said, 4-7 hours is longer than I'd have put into my calculations based on how much you're doing for me. I'd probably estimate in the 2-3 hour range personally.",
        "user": "U0241GTJEDC",
        "ts": "1623675974.110700",
        "team": "TJE58GTJL",
        "user_team": "TJE58GTJL",
        "source_team": "TJE58GTJL",
        "user_profile": {
            "avatar_hash": "536d8eb0424e",
            "image_72": "https:\/\/avatars.slack-edge.com\/2021-06-07\/2130419106119_536d8eb0424e890966a3_72.jpg",
            "first_name": "Kaleigh",
            "real_name": "Kaleigh Cox",
            "display_name": "Kaleigh Cox",
            "team": "TJE58GTJL",
            "name": "kaleighcoxwriter",
            "is_restricted": false,
            "is_ultra_restricted": false
        },
        "blocks": [
            {
                "type": "rich_text",
                "block_id": "Li3Y",
                "elements": [
                    {
                        "type": "rich_text_section",
                        "elements": [
                            {
                                "type": "text",
                                "text": "Without telling the client (in this case—you), I'd be internally calculating my rate at 125\/hr x the number of hours. That being said, 4-7 hours is longer than I'd have put into my calculations based on how much you're doing for me. I'd probably estimate in the 2-3 hour range personally."
                            }
                        ]
                    }
                ]
            }
        ],
        "thread_ts": "1623448618.107200",
        "parent_user_id": "U024K88ECFN",
        "reactions": [
            {
                "name": "hearts",
                "users": [
                    "U024K88ECFN",
                    "U02469XJPGW",
                    "U01FUP6AMEZ"
                ],
                "count": 3
            }
        ]
    },
    {
        "client_msg_id": "f4cbef04-3c65-4ac9-92ac-fcf1777848eb",
        "type": "message",
        "text": "Looking for a freelance writer (or two) to work with a new client of mine (SaaS HR\/payroll solution). You'll get a detailed brief and plenty of time to write. I'll be handling editing, outlining, and keyword research. If interested, DM me your portfolio and rates for 1,000-1,500 word blog posts.",
        "user": "U0166H7KUAZ",
        "ts": "1623684037.114000",
        "team": "TJE58GTJL",
        "user_team": "TJE58GTJL",
        "source_team": "TJE58GTJL",
        "user_profile": {
            "avatar_hash": "f58be1456496",
            "image_72": "https:\/\/avatars.slack-edge.com\/2020-06-29\/1197308509671_f58be1456496f374b7ea_72.jpg",
            "first_name": "",
            "real_name": "Phillip Paquette",
            "display_name": "Phillip Paquette",
            "team": "TJE58GTJL",
            "name": "phillippaquette",
            "is_restricted": false,
            "is_ultra_restricted": false
        },
        "edited": {
            "user": "U0166H7KUAZ",
            "ts": "1623685156.000000"
        },
        "blocks": [
            {
                "type": "rich_text",
                "block_id": "yiyYc",
                "elements": [
                    {
                        "type": "rich_text_section",
                        "elements": [
                            {
                                "type": "text",
                                "text": "Looking for a freelance writer (or two) to work with a new client of mine (SaaS HR\/payroll solution). You'll get a detailed brief and plenty of time to write. I'll be handling editing, outlining, and keyword research. If interested, DM me your portfolio and rates for 1,000-1,500 word blog posts."
                            }
                        ]
                    }
                ]
            }
        ],
        "thread_ts": "1623684037.114000",
        "reply_count": 4,
        "reply_users_count": 4,
        "latest_reply": "1624383558.161200",
        "reply_users": [
            "U024Z91H0KC",
            "U01K3VD3154",
            "U025J1947A6",
            "U01PXN2LGAK"
        ],
        "replies": [
            {
                "user": "U024Z91H0KC",
                "ts": "1623697916.120300"
            },
            {
                "user": "U01K3VD3154",
                "ts": "1623729137.123500"
            },
            {
                "user": "U025J1947A6",
                "ts": "1624105474.149100"
            },
            {
                "user": "U01PXN2LGAK",
                "ts": "1624383558.161200"
            }
        ],
        "is_locked": false,
        "subscribed": false,
        "reactions": [
            {
                "name": "heart",
                "users": [
                    "U01K3VD3154",
                    "UL9SA4C3T",
                    "UUKNLUX5X"
                ],
                "count": 3
            }
        ]
    },
    {
        "type": "message",
        "subtype": "tombstone",
        "text": "This message was deleted.",
        "user": "USLACKBOT",
        "hidden": true,
        "ts": "1623684372.117600",
        "thread_ts": "1623684372.117600",
        "reply_count": 5,
        "reply_users_count": 5,
        "latest_reply": "1623729103.123200",
        "reply_users": [
            "U023Q8E7MNE",
            "UN227ML2H",
            "U024Z91H0KC",
            "U01FXSKB4G7",
            "U01K3VD3154"
        ],
        "replies": [
            {
                "user": "U023Q8E7MNE",
                "ts": "1623687048.119200"
            },
            {
                "user": "UN227ML2H",
                "ts": "1623696394.119600"
            },
            {
                "user": "U024Z91H0KC",
                "ts": "1623697382.120100"
            },
            {
                "user": "U01FXSKB4G7",
                "ts": "1623698265.120500"
            },
            {
                "user": "U01K3VD3154",
                "ts": "1623729103.123200"
            }
        ],
        "is_locked": false,
        "subscribed": false
    },
    {
        "client_msg_id": "7c2ca478-b6c5-4438-a301-88870a9ecf35",
        "type": "message",
        "text": "Thanks for this Audrey, I'm sending you a DM. :slightly_smiling_face:",
        "user": "U023Q8E7MNE",
        "ts": "1623687048.119200",
        "team": "TJE58GTJL",
        "user_team": "TJE58GTJL",
        "source_team": "TJE58GTJL",
        "user_profile": {
            "avatar_hash": "d10b67c0be5f",
            "image_72": "https:\/\/avatars.slack-edge.com\/2021-06-09\/2154037287843_d10b67c0be5fd16cb51e_72.jpg",
            "first_name": "Rachel",
            "real_name": "Rachel Cribby",
            "display_name": "Rachel Cribby she\/her (EST)",
            "team": "TJE58GTJL",
            "name": "rachelcribby",
            "is_restricted": false,
            "is_ultra_restricted": false
        },
        "blocks": [
            {
                "type": "rich_text",
                "block_id": "O2pX",
                "elements": [
                    {
                        "type": "rich_text_section",
                        "elements": [
                            {
                                "type": "text",
                                "text": "Thanks for this Audrey, I'm sending you a DM. "
                            },
                            {
                                "type": "emoji",
                                "name": "slightly_smiling_face"
                            }
                        ]
                    }
                ]
            }
        ],
        "thread_ts": "1623684372.117600",
        "parent_user_id": "U02280S1Q8P"
    },
    {
        "client_msg_id": "e4e3ac4b-f4b4-4c5e-b034-eca4a27ec4e2",
        "type": "message",
        "text": "Just sent you a DM! :slightly_smiling_face:",
        "user": "UN227ML2H",
        "ts": "1623696394.119600",
        "team": "TJE58GTJL",
        "user_team": "TJE58GTJL",
        "source_team": "TJE58GTJL",
        "user_profile": {
            "avatar_hash": "73075d02e70f",
            "image_72": "https:\/\/avatars.slack-edge.com\/2020-09-28\/1393806804451_73075d02e70f4a4344d6_72.jpg",
            "first_name": "Whitney",
            "real_name": "Whitney Rudeseal Peet",
            "display_name": "Whitney Rudeseal Peet",
            "team": "TJE58GTJL",
            "name": "whitneyrudeseal",
            "is_restricted": false,
            "is_ultra_restricted": false
        },
        "blocks": [
            {
                "type": "rich_text",
                "block_id": "9Nb8",
                "elements": [
                    {
                        "type": "rich_text_section",
                        "elements": [
                            {
                                "type": "text",
                                "text": "Just sent you a DM! "
                            },
                            {
                                "type": "emoji",
                                "name": "slightly_smiling_face"
                            }
                        ]
                    }
                ]
            }
        ],
        "thread_ts": "1623684372.117600",
        "parent_user_id": "U02280S1Q8P"
    },
    {
        "client_msg_id": "0de53fdb-a31c-4558-bfb1-825bd7e9ff69",
        "type": "message",
        "text": "DM sent!",
        "user": "U024Z91H0KC",
        "ts": "1623697382.120100",
        "team": "TJE58GTJL",
        "user_team": "TJE58GTJL",
        "source_team": "TJE58GTJL",
        "user_profile": {
            "avatar_hash": "e54b9c0d1d7d",
            "image_72": "https:\/\/avatars.slack-edge.com\/2021-06-14\/2193186202656_e54b9c0d1d7dcc24c0b5_72.png",
            "first_name": "Leanna",
            "real_name": "Leanna Lee",
            "display_name": "Leanna Lee",
            "team": "TJE58GTJL",
            "name": "leannaleewriter",
            "is_restricted": false,
            "is_ultra_restricted": false
        },
        "blocks": [
            {
                "type": "rich_text",
                "block_id": "j=sa4",
                "elements": [
                    {
                        "type": "rich_text_section",
                        "elements": [
                            {
                                "type": "text",
                                "text": "DM sent!"
                            }
                        ]
                    }
                ]
            }
        ],
        "thread_ts": "1623684372.117600",
        "parent_user_id": "U02280S1Q8P"
    },
    {
        "client_msg_id": "9f4e2178-13bd-4628-85a6-54105530221b",
        "type": "message",
        "text": "Just messaged you, <@U0166H7KUAZ>",
        "user": "U024Z91H0KC",
        "ts": "1623697916.120300",
        "team": "TJE58GTJL",
        "user_team": "TJE58GTJL",
        "source_team": "TJE58GTJL",
        "user_profile": {
            "avatar_hash": "e54b9c0d1d7d",
            "image_72": "https:\/\/avatars.slack-edge.com\/2021-06-14\/2193186202656_e54b9c0d1d7dcc24c0b5_72.png",
            "first_name": "Leanna",
            "real_name": "Leanna Lee",
            "display_name": "Leanna Lee",
            "team": "TJE58GTJL",
            "name": "leannaleewriter",
            "is_restricted": false,
            "is_ultra_restricted": false
        },
        "blocks": [
            {
                "type": "rich_text",
                "block_id": "gC5",
                "elements": [
                    {
                        "type": "rich_text_section",
                        "elements": [
                            {
                                "type": "text",
                                "text": "Just messaged you, "
                            },
                            {
                                "type": "user",
                                "user_id": "U0166H7KUAZ"
                            }
                        ]
                    }
                ]
            }
        ],
        "thread_ts": "1623684037.114000",
        "parent_user_id": "U0166H7KUAZ"
    },
    {
        "client_msg_id": "454d12c2-2a6b-4baf-b57c-ce29b9a7715e",
        "type": "message",
        "text": "I just sent you a message, <@U02280S1Q8P>.",
        "user": "U01FXSKB4G7",
        "ts": "1623698265.120500",
        "team": "TJE58GTJL",
        "user_team": "TJE58GTJL",
        "source_team": "TJE58GTJL",
        "user_profile": {
            "avatar_hash": "d7ce572899c8",
            "image_72": "https:\/\/avatars.slack-edge.com\/2022-03-23\/3294343467329_d7ce572899c88ac8e72f_72.jpg",
            "first_name": "Sammy",
            "real_name": "Sammy Mugambi",
            "display_name": "Sammy Mugambi",
            "team": "TJE58GTJL",
            "name": "sammymugambiii",
            "is_restricted": false,
            "is_ultra_restricted": false
        },
        "blocks": [
            {
                "type": "rich_text",
                "block_id": "ZD=",
                "elements": [
                    {
                        "type": "rich_text_section",
                        "elements": [
                            {
                                "type": "text",
                                "text": "I just sent you a message, "
                            },
                            {
                                "type": "user",
                                "user_id": "U02280S1Q8P"
                            },
                            {
                                "type": "text",
                                "text": "."
                            }
                        ]
                    }
                ]
            }
        ],
        "thread_ts": "1623684372.117600",
        "parent_user_id": "U02280S1Q8P"
    },
    {
        "client_msg_id": "b3e79b19-bf8e-46b1-b7ad-508f7d1a6f92",
        "type": "message",
        "text": "reposting this here bc it's a contract role (even tho it's 40 hours\/week) <@UJFCA8FAR> is awesome. <https:\/\/content-career-growth.slack.com\/archives\/CJE3XC44V\/p1622740105042100>",
        "user": "UJG9WTEKG",
        "ts": "1623706090.121900",
        "team": "TJE58GTJL",
        "user_team": "TJE58GTJL",
        "source_team": "TJE58GTJL",
        "user_profile": {
            "avatar_hash": "gc25b94e6ebf",
            "image_72": "https:\/\/secure.gravatar.com\/avatar\/eec25b94e6ebf55f0b7933372344cd09.jpg?s=72&d=https%3A%2F%2Fa.slack-edge.com%2Fdf10d%2Fimg%2Favatars%2Fava_0001-72.png",
            "first_name": "Jimmy",
            "real_name": "Jimmy Daly",
            "display_name": "",
            "team": "TJE58GTJL",
            "name": "runjimdaly",
            "is_restricted": false,
            "is_ultra_restricted": false
        },
        "attachments": [
            {
                "from_url": "https:\/\/content-career-growth.slack.com\/archives\/CJE3XC44V\/p1622740105042100",
                "fallback": "[June 3rd, 2021 10:08 AM] Superpath Job Bot: *edX is hiring a Social Media Co-op* :rocket:\n\n*This is a full-time role.*\n\n*What's the deal?* \n\nedX, an online learning platform founded by Harvard and MIT and home to over 38 million learners, seeks our first-ever Social Media Co-Op to help bring our new social media strategy to life. This role is designed for currently enrolled students (either as an undergrad marketing major OR a graduate student), paid, and runs from July 2021 through December 2021. You will focus on assisting the Social Media Associate in implementing strategies to drive organic growth and engagement across edX’s social media channels. You’ll report to our Social Media Associate, and be part of our collaborative Brand Marketing team. The ideal candidate has strong written and verbal communication skills, fluency in social media platforms, and a high motivation to learn. Some social media management and analytics experience is preferred. This is a 35-40 hours a week position but we'd consider fewer hours for the right candidate. Thank you!\n\n*Learn more and apply here:* <https:\/\/bit.ly\/3ifM4BW>\n\n<@UJFCA8FAR>",
                "ts": "1622740105.042100",
                "msg_subtype": "bot_message",
                "author_subname": "Superpath Job Bot",
                "channel_id": "CJE3XC44V",
                "channel_name": "-job-listings",
                "is_msg_unfurl": true,
                "text": "*edX is hiring a Social Media Co-op* :rocket:\n\n*This is a full-time role.*\n\n*What's the deal?* \n\nedX, an online learning platform founded by Harvard and MIT and home to over 38 million learners, seeks our first-ever Social Media Co-Op to help bring our new social media strategy to life. This role is designed for currently enrolled students (either as an undergrad marketing major OR a graduate student), paid, and runs from July 2021 through December 2021. You will focus on assisting the Social Media Associate in implementing strategies to drive organic growth and engagement across edX’s social media channels. You’ll report to our Social Media Associate, and be part of our collaborative Brand Marketing team. The ideal candidate has strong written and verbal communication skills, fluency in social media platforms, and a high motivation to learn. Some social media management and analytics experience is preferred. This is a 35-40 hours a week position but we'd consider fewer hours for the right candidate. Thank you!\n\n*Learn more and apply here:* <https:\/\/bit.ly\/3ifM4BW>\n\n<@UJFCA8FAR>",
                "author_icon": "https:\/\/a.slack-edge.com\/production-standard-emoji-assets\/13.0\/apple-large\/1f973.png",
                "author_link": "https:\/\/content-career-growth.slack.com\/services\/B0199MPQELR",
                "mrkdwn_in": [
                    "text"
                ],
                "id": 1,
                "original_url": "https:\/\/content-career-growth.slack.com\/archives\/CJE3XC44V\/p1622740105042100",
                "footer": "Posted in #-job-listings"
            }
        ],
        "blocks": [
            {
                "type": "rich_text",
                "block_id": "RI\/rd",
                "elements": [
                    {
                        "type": "rich_text_section",
                        "elements": [
                            {
                                "type": "text",
                                "text": "reposting this here bc it's a contract role (even tho it's 40 hours\/week) "
                            },
                            {
                                "type": "user",
                                "user_id": "UJFCA8FAR"
                            },
                            {
                                "type": "text",
                                "text": " is awesome. "
                            },
                            {
                                "type": "link",
                                "url": "https:\/\/content-career-growth.slack.com\/archives\/CJE3XC44V\/p1622740105042100"
                            }
                        ]
                    }
                ]
            }
        ],
        "reactions": [
            {
                "name": "thankyou",
                "users": [
                    "UJFCA8FAR"
                ],
                "count": 1
            },
            {
                "name": "smiley",
                "users": [
                    "U01SP0Z5D33"
                ],
                "count": 1
            }
        ]
    },
    {
        "type": "message",
        "subtype": "channel_join",
        "ts": "1623706511.122400",
        "user": "UJFCA8FAR",
        "text": "<@UJFCA8FAR> has joined the channel",
        "inviter": "UJG9WTEKG"
    },
    {
        "client_msg_id": "4ed798f8-beb2-43e3-b5cf-15c35539eb0d",
        "type": "message",
        "text": "<@U02280S1Q8P> just send you a message",
        "user": "U01K3VD3154",
        "ts": "1623729103.123200",
        "team": "TJE58GTJL",
        "user_team": "TJE58GTJL",
        "source_team": "TJE58GTJL",
        "user_profile": {
            "avatar_hash": "344b2bdfd4e4",
            "image_72": "https:\/\/avatars.slack-edge.com\/2021-12-24\/2880772375011_344b2bdfd4e4a027d9a5_72.png",
            "first_name": "Liana",
            "real_name": "Liana",
            "display_name": "Liana",
            "team": "TJE58GTJL",
            "name": "lianasimonyan98",
            "is_restricted": false,
            "is_ultra_restricted": false
        },
        "blocks": [
            {
                "type": "rich_text",
                "block_id": "m2Du",
                "elements": [
                    {
                        "type": "rich_text_section",
                        "elements": [
                            {
                                "type": "user",
                                "user_id": "U02280S1Q8P"
                            },
                            {
                                "type": "text",
                                "text": " just send you a message"
                            }
                        ]
                    }
                ]
            }
        ],
        "thread_ts": "1623684372.117600",
        "parent_user_id": "U02280S1Q8P"
    },
    {
        "client_msg_id": "79906ba0-0d07-47be-b2c9-bea691aa329f",
        "type": "message",
        "text": "<@U0166H7KUAZ> just send you a message)",
        "user": "U01K3VD3154",
        "ts": "1623729137.123500",
        "team": "TJE58GTJL",
        "user_team": "TJE58GTJL",
        "source_team": "TJE58GTJL",
        "user_profile": {
            "avatar_hash": "344b2bdfd4e4",
            "image_72": "https:\/\/avatars.slack-edge.com\/2021-12-24\/2880772375011_344b2bdfd4e4a027d9a5_72.png",
            "first_name": "Liana",
            "real_name": "Liana",
            "display_name": "Liana",
            "team": "TJE58GTJL",
            "name": "lianasimonyan98",
            "is_restricted": false,
            "is_ultra_restricted": false
        },
        "blocks": [
            {
                "type": "rich_text",
                "block_id": "lu=Ok",
                "elements": [
                    {
                        "type": "rich_text_section",
                        "elements": [
                            {
                                "type": "user",
                                "user_id": "U0166H7KUAZ"
                            },
                            {
                                "type": "text",
                                "text": " just send you a message)"
                            }
                        ]
                    }
                ]
            }
        ],
        "thread_ts": "1623684037.114000",
        "parent_user_id": "U0166H7KUAZ"
    },
    {
        "client_msg_id": "789759ff-ca09-4c64-86c7-d191fcfb01c5",
        "type": "message",
        "text": "<@U02371SJUA3> just send you a message",
        "user": "U01K3VD3154",
        "ts": "1623729170.123700",
        "team": "TJE58GTJL",
        "user_team": "TJE58GTJL",
        "source_team": "TJE58GTJL",
        "user_profile": {
            "avatar_hash": "344b2bdfd4e4",
            "image_72": "https:\/\/avatars.slack-edge.com\/2021-12-24\/2880772375011_344b2bdfd4e4a027d9a5_72.png",
            "first_name": "Liana",
            "real_name": "Liana",
            "display_name": "Liana",
            "team": "TJE58GTJL",
            "name": "lianasimonyan98",
            "is_restricted": false,
            "is_ultra_restricted": false
        },
        "blocks": [
            {
                "type": "rich_text",
                "block_id": "YSwO6",
                "elements": [
                    {
                        "type": "rich_text_section",
                        "elements": [
                            {
                                "type": "user",
                                "user_id": "U02371SJUA3"
                            },
                            {
                                "type": "text",
                                "text": " just send you a message"
                            }
                        ]
                    }
                ]
            }
        ],
        "thread_ts": "1623297091.099300",
        "parent_user_id": "U02371SJUA3"
    },
    {
        "client_msg_id": "12e79506-9b5b-4334-a038-46f8373ecb3c",
        "type": "message",
        "text": "<@U014ZKC177G> just  send you a message",
        "user": "U01K3VD3154",
        "ts": "1623729221.123900",
        "team": "TJE58GTJL",
        "user_team": "TJE58GTJL",
        "source_team": "TJE58GTJL",
        "user_profile": {
            "avatar_hash": "344b2bdfd4e4",
            "image_72": "https:\/\/avatars.slack-edge.com\/2021-12-24\/2880772375011_344b2bdfd4e4a027d9a5_72.png",
            "first_name": "Liana",
            "real_name": "Liana",
            "display_name": "Liana",
            "team": "TJE58GTJL",
            "name": "lianasimonyan98",
            "is_restricted": false,
            "is_ultra_restricted": false
        },
        "blocks": [
            {
                "type": "rich_text",
                "block_id": "7As06",
                "elements": [
                    {
                        "type": "rich_text_section",
                        "elements": [
                            {
                                "type": "user",
                                "user_id": "U014ZKC177G"
                            },
                            {
                                "type": "text",
                                "text": " just  send you a message"
                            }
                        ]
                    }
                ]
            }
        ],
        "thread_ts": "1622055838.058600",
        "parent_user_id": "U014ZKC177G"
    },
    {
        "client_msg_id": "e0447281-4b96-4650-82ca-be55ce309c27",
        "type": "message",
        "text": "<@U022PRZDB6W> just send you a message",
        "user": "U01K3VD3154",
        "ts": "1623729262.124200",
        "team": "TJE58GTJL",
        "user_team": "TJE58GTJL",
        "source_team": "TJE58GTJL",
        "user_profile": {
            "avatar_hash": "344b2bdfd4e4",
            "image_72": "https:\/\/avatars.slack-edge.com\/2021-12-24\/2880772375011_344b2bdfd4e4a027d9a5_72.png",
            "first_name": "Liana",
            "real_name": "Liana",
            "display_name": "Liana",
            "team": "TJE58GTJL",
            "name": "lianasimonyan98",
            "is_restricted": false,
            "is_ultra_restricted": false
        },
        "blocks": [
            {
                "type": "rich_text",
                "block_id": "0=lC9",
                "elements": [
                    {
                        "type": "rich_text_section",
                        "elements": [
                            {
                                "type": "user",
                                "user_id": "U022PRZDB6W"
                            },
                            {
                                "type": "text",
                                "text": " just send you a message"
                            }
                        ]
                    }
                ]
            }
        ],
        "thread_ts": "1622041096.055800",
        "parent_user_id": "U022PRZDB6W"
    }
]