[
    {
        "client_msg_id": "7c69d6df-828d-4270-8537-50016b2acd92",
        "type": "message",
        "text": "Looking for a freelance copywriter with experience developing and growing a LinkedIn audience either for their profile or as a ghostwriter. Does anyone have any recommendations?",
        "user": "U0166H7KUAZ",
        "ts": "1636935085.139400",
        "team": "TJE58GTJL",
        "user_team": "TJE58GTJL",
        "source_team": "TJE58GTJL",
        "user_profile": {
            "avatar_hash": "f58be1456496",
            "image_72": "https:\/\/avatars.slack-edge.com\/2020-06-29\/1197308509671_f58be1456496f374b7ea_72.jpg",
            "first_name": "",
            "real_name": "Phillip Paquette",
            "display_name": "Phillip Paquette",
            "team": "TJE58GTJL",
            "name": "phillippaquette",
            "is_restricted": false,
            "is_ultra_restricted": false
        },
        "blocks": [
            {
                "type": "rich_text",
                "block_id": "0cH",
                "elements": [
                    {
                        "type": "rich_text_section",
                        "elements": [
                            {
                                "type": "text",
                                "text": "Looking for a freelance copywriter with experience developing and growing a LinkedIn audience either for their profile or as a ghostwriter. Does anyone have any recommendations?"
                            }
                        ]
                    }
                ]
            }
        ],
        "thread_ts": "1636935085.139400",
        "reply_count": 4,
        "reply_users_count": 3,
        "latest_reply": "1637262780.196400",
        "reply_users": [
            "U028D815JA0",
            "UN3RHBFBK",
            "U0166H7KUAZ"
        ],
        "replies": [
            {
                "user": "U028D815JA0",
                "ts": "1636936327.139700"
            },
            {
                "user": "UN3RHBFBK",
                "ts": "1637256751.194500"
            },
            {
                "user": "U0166H7KUAZ",
                "ts": "1637259320.195100"
            },
            {
                "user": "UN3RHBFBK",
                "ts": "1637262780.196400"
            }
        ],
        "is_locked": false,
        "subscribed": false
    },
    {
        "client_msg_id": "dc049f2c-05c0-4714-ab95-ed98dcc7d813",
        "type": "message",
        "text": "Hi <@U0166H7KUAZ> I recommend Rowan Martin on LinkedIn. She's pretty good at this stuff.\n\n<https:\/\/www.linkedin.com\/in\/rowanmartincopywriting|https:\/\/www.linkedin.com\/in\/rowanmartincopywriting>",
        "user": "U028D815JA0",
        "ts": "1636936327.139700",
        "team": "TJE58GTJL",
        "user_team": "TJE58GTJL",
        "source_team": "TJE58GTJL",
        "user_profile": {
            "avatar_hash": "7e2cf488ec83",
            "image_72": "https:\/\/avatars.slack-edge.com\/2021-11-09\/2701205349650_7e2cf488ec8355d9ecca_72.jpg",
            "first_name": "althea",
            "real_name": "althea storm",
            "display_name": "althea storm",
            "team": "TJE58GTJL",
            "name": "altheanymphcstorm",
            "is_restricted": false,
            "is_ultra_restricted": false
        },
        "edited": {
            "user": "U028D815JA0",
            "ts": "1636936387.000000"
        },
        "blocks": [
            {
                "type": "rich_text",
                "block_id": "GY0",
                "elements": [
                    {
                        "type": "rich_text_section",
                        "elements": [
                            {
                                "type": "text",
                                "text": "Hi "
                            },
                            {
                                "type": "user",
                                "user_id": "U0166H7KUAZ"
                            },
                            {
                                "type": "text",
                                "text": " I recommend Rowan Martin on LinkedIn. She's pretty good at this stuff.\n\n"
                            },
                            {
                                "type": "link",
                                "url": "https:\/\/www.linkedin.com\/in\/rowanmartincopywriting",
                                "text": "https:\/\/www.linkedin.com\/in\/rowanmartincopywriting"
                            }
                        ]
                    }
                ]
            }
        ],
        "thread_ts": "1636935085.139400",
        "parent_user_id": "U0166H7KUAZ"
    },
    {
        "client_msg_id": "98cfbec1-6ce4-42d5-b58f-44252e57d255",
        "type": "message",
        "text": "Suggestion: add links to samples\/portfolio of your work",
        "user": "U01RSA9E9D4",
        "ts": "1636960743.140100",
        "team": "TJE58GTJL",
        "user_team": "TJE58GTJL",
        "source_team": "TJE58GTJL",
        "user_profile": {
            "avatar_hash": "gfbc217f6e1b",
            "image_72": "https:\/\/secure.gravatar.com\/avatar\/fbc217f6e1b233bf10c4247333c118e2.jpg?s=72&d=https%3A%2F%2Fa.slack-edge.com%2Fdf10d%2Fimg%2Favatars%2Fava_0013-72.png",
            "first_name": "Anfernee",
            "real_name": "Anfernee Chansamooth",
            "display_name": "Anf Chansamooth",
            "team": "TJE58GTJL",
            "name": "anf",
            "is_restricted": false,
            "is_ultra_restricted": false
        },
        "blocks": [
            {
                "type": "rich_text",
                "block_id": "JWUp",
                "elements": [
                    {
                        "type": "rich_text_section",
                        "elements": [
                            {
                                "type": "text",
                                "text": "Suggestion: add links to samples\/portfolio of your work"
                            }
                        ]
                    }
                ]
            }
        ],
        "thread_ts": "1635048793.007000",
        "parent_user_id": "U02EDRUJN58"
    },
    {
        "client_msg_id": "f68a5b78-86e1-47b3-b85d-c682ba211db5",
        "type": "message",
        "text": "<@UJJFDTN8G> chat with the team at <http:\/\/SEOLeverage.com|SEOLeverage.com>",
        "user": "U01RSA9E9D4",
        "ts": "1636960999.140300",
        "team": "TJE58GTJL",
        "user_team": "TJE58GTJL",
        "source_team": "TJE58GTJL",
        "user_profile": {
            "avatar_hash": "gfbc217f6e1b",
            "image_72": "https:\/\/secure.gravatar.com\/avatar\/fbc217f6e1b233bf10c4247333c118e2.jpg?s=72&d=https%3A%2F%2Fa.slack-edge.com%2Fdf10d%2Fimg%2Favatars%2Fava_0013-72.png",
            "first_name": "Anfernee",
            "real_name": "Anfernee Chansamooth",
            "display_name": "Anf Chansamooth",
            "team": "TJE58GTJL",
            "name": "anf",
            "is_restricted": false,
            "is_ultra_restricted": false
        },
        "blocks": [
            {
                "type": "rich_text",
                "block_id": "AloOF",
                "elements": [
                    {
                        "type": "rich_text_section",
                        "elements": [
                            {
                                "type": "user",
                                "user_id": "UJJFDTN8G"
                            },
                            {
                                "type": "text",
                                "text": " chat with the team at "
                            },
                            {
                                "type": "link",
                                "url": "http:\/\/SEOLeverage.com",
                                "text": "SEOLeverage.com"
                            }
                        ]
                    }
                ]
            }
        ],
        "thread_ts": "1636622888.129200",
        "parent_user_id": "UJJFDTN8G"
    }
]