[
    {
        "client_msg_id": "ff5a8abe-b60c-4d56-88fe-20cca510fdc6",
        "type": "message",
        "text": "<@U028D815JA0> Yes! This is helpful! Thank you so much. I like to get a feel for the product\/client before I throw anything at him. Thanks for making me feel like i'm not the only one who does this!",
        "user": "U02CVNB3X1T",
        "ts": "1631446217.160900",
        "team": "TJE58GTJL",
        "user_team": "TJE58GTJL",
        "source_team": "TJE58GTJL",
        "user_profile": {
            "avatar_hash": "a98cd79fc67b",
            "image_72": "https:\/\/avatars.slack-edge.com\/2021-12-28\/2891088304196_a98cd79fc67b29986082_72.png",
            "first_name": "Julie",
            "real_name": "Julie Simpson",
            "display_name": "Julie Simpson",
            "team": "TJE58GTJL",
            "name": "jujuklu",
            "is_restricted": false,
            "is_ultra_restricted": false
        },
        "blocks": [
            {
                "type": "rich_text",
                "block_id": "=eD+",
                "elements": [
                    {
                        "type": "rich_text_section",
                        "elements": [
                            {
                                "type": "user",
                                "user_id": "U028D815JA0"
                            },
                            {
                                "type": "text",
                                "text": " Yes! This is helpful! Thank you so much. I like to get a feel for the product\/client before I throw anything at him. Thanks for making me feel like i'm not the only one who does this!"
                            }
                        ]
                    }
                ]
            }
        ],
        "thread_ts": "1631395673.160100",
        "parent_user_id": "U02CVNB3X1T",
        "reactions": [
            {
                "name": "heart",
                "users": [
                    "U028D815JA0"
                ],
                "count": 1
            }
        ]
    },
    {
        "client_msg_id": "7ebc7036-a4af-48b7-b847-85b9534972b8",
        "type": "message",
        "text": "<@U025H70LG86> ha! I immediately took offense to that guy \"asking me about the process\" but then I had to back off or else I would start the whole project on a bad foot. So I'm giving him the benefit of the doubt, and maybe he's just trying to figure me out?  And I feel like a questionnaire is when you are starting up a website, or rebranding\/branding. At this point, I'm just reworking the content...so I'm not going to throw questions to the owner until we talk. It seems like putting the cart before the horse.",
        "user": "U02CVNB3X1T",
        "ts": "1631446453.161100",
        "team": "TJE58GTJL",
        "user_team": "TJE58GTJL",
        "source_team": "TJE58GTJL",
        "user_profile": {
            "avatar_hash": "a98cd79fc67b",
            "image_72": "https:\/\/avatars.slack-edge.com\/2021-12-28\/2891088304196_a98cd79fc67b29986082_72.png",
            "first_name": "Julie",
            "real_name": "Julie Simpson",
            "display_name": "Julie Simpson",
            "team": "TJE58GTJL",
            "name": "jujuklu",
            "is_restricted": false,
            "is_ultra_restricted": false
        },
        "edited": {
            "user": "U02CVNB3X1T",
            "ts": "1631446539.000000"
        },
        "blocks": [
            {
                "type": "rich_text",
                "block_id": "6jFdm",
                "elements": [
                    {
                        "type": "rich_text_section",
                        "elements": [
                            {
                                "type": "user",
                                "user_id": "U025H70LG86"
                            },
                            {
                                "type": "text",
                                "text": " ha! I immediately took offense to that guy \"asking me about the process\" but then I had to back off or else I would start the whole project on a bad foot. So I'm giving him the benefit of the doubt, and maybe he's just trying to figure me out?  And I feel like a questionnaire is when you are starting up a website, or rebranding\/branding. At this point, I'm just reworking the content...so I'm not going to throw questions to the owner until we talk. It seems like putting the cart before the horse."
                            }
                        ]
                    }
                ]
            }
        ],
        "thread_ts": "1631395673.160100",
        "parent_user_id": "U02CVNB3X1T",
        "reactions": [
            {
                "name": "heart",
                "users": [
                    "U025H70LG86"
                ],
                "count": 1
            }
        ]
    },
    {
        "client_msg_id": "2B45BDB2-3D5B-481B-8E1D-175BDC5ECDB3",
        "type": "message",
        "text": "DMed you <@U0166H7KUAZ> ",
        "user": "U02CUM38FUK",
        "ts": "1631456424.162200",
        "team": "TJE58GTJL",
        "user_team": "TJE58GTJL",
        "source_team": "TJE58GTJL",
        "user_profile": {
            "avatar_hash": "4fdcb65b3947",
            "image_72": "https:\/\/avatars.slack-edge.com\/2021-09-08\/2451856887095_4fdcb65b3947314f0ec8_72.png",
            "first_name": "Jeremiah",
            "real_name": "Jeremiah",
            "display_name": "Jeremiah Ajayi",
            "team": "TJE58GTJL",
            "name": "jeremiahajayi245",
            "is_restricted": false,
            "is_ultra_restricted": false
        },
        "blocks": [
            {
                "type": "rich_text",
                "block_id": "c+DFR",
                "elements": [
                    {
                        "type": "rich_text_section",
                        "elements": [
                            {
                                "type": "text",
                                "text": "DMed you "
                            },
                            {
                                "type": "user",
                                "user_id": "U0166H7KUAZ"
                            },
                            {
                                "type": "text",
                                "text": " "
                            }
                        ]
                    }
                ]
            }
        ],
        "thread_ts": "1631112406.136500",
        "parent_user_id": "U0166H7KUAZ"
    },
    {
        "client_msg_id": "5046a3ff-58de-4c01-93fd-db84a29ed9af",
        "type": "message",
        "text": "<@U02CVNB3X1T> I don't have a formal process either but I usually like to have a chat with the client if I'm not familiar with their business. I actually don't have 'set' questions on purpose, because I find that the things people say first tend to be their biggest pain points. Just let them talk and their frustrations become very clear! Having said that, I always like to ask what makes them unique, and who their ideal customer is",
        "user": "U02AR2XSN1M",
        "ts": "1631482689.162400",
        "team": "TJE58GTJL",
        "user_team": "TJE58GTJL",
        "source_team": "TJE58GTJL",
        "user_profile": {
            "avatar_hash": "b0fa34c3f8f5",
            "image_72": "https:\/\/avatars.slack-edge.com\/2021-08-16\/2368450553975_b0fa34c3f8f5e02f6b43_72.jpg",
            "first_name": "Leonie",
            "real_name": "Leonie Waldron",
            "display_name": "Leonie Waldron",
            "team": "TJE58GTJL",
            "name": "leonie",
            "is_restricted": false,
            "is_ultra_restricted": false
        },
        "blocks": [
            {
                "type": "rich_text",
                "block_id": "em8YR",
                "elements": [
                    {
                        "type": "rich_text_section",
                        "elements": [
                            {
                                "type": "user",
                                "user_id": "U02CVNB3X1T"
                            },
                            {
                                "type": "text",
                                "text": " I don't have a formal process either but I usually like to have a chat with the client if I'm not familiar with their business. I actually don't have 'set' questions on purpose, because I find that the things people say first tend to be their biggest pain points. Just let them talk and their frustrations become very clear! Having said that, I always like to ask what makes them unique, and who their ideal customer is"
                            }
                        ]
                    }
                ]
            }
        ],
        "thread_ts": "1631395673.160100",
        "parent_user_id": "U02CVNB3X1T"
    },
    {
        "client_msg_id": "5ff022a9-4b6b-41c8-8ba5-daba926e3bb5",
        "type": "message",
        "text": "Hey there! We're looking for a technical writer who can help us with technical documentation and training materials for some upcoming project streams. High likelihood of turning into more work. Let me know if you're interested in a DM. Company is mattr.global :slightly_smiling_face:",
        "user": "U0289MBA1SR",
        "ts": "1631509457.165100",
        "team": "TJE58GTJL",
        "user_team": "TJE58GTJL",
        "source_team": "TJE58GTJL",
        "user_profile": {
            "avatar_hash": "c9d6b33c1988",
            "image_72": "https:\/\/avatars.slack-edge.com\/2021-07-19\/2286995491683_c9d6b33c198872fa1ca0_72.jpg",
            "first_name": "David",
            "real_name": "David Renwick",
            "display_name": "David Renwick",
            "team": "TJE58GTJL",
            "name": "david.renwick",
            "is_restricted": false,
            "is_ultra_restricted": false
        },
        "edited": {
            "user": "U0289MBA1SR",
            "ts": "1631509517.000000"
        },
        "blocks": [
            {
                "type": "rich_text",
                "block_id": "hzO",
                "elements": [
                    {
                        "type": "rich_text_section",
                        "elements": [
                            {
                                "type": "text",
                                "text": "Hey there! We're looking for a technical writer who can help us with technical documentation and training materials for some upcoming project streams. High likelihood of turning into more work. Let me know if you're interested in a DM. Company is mattr.global "
                            },
                            {
                                "type": "emoji",
                                "name": "slightly_smiling_face"
                            }
                        ]
                    }
                ]
            }
        ],
        "thread_ts": "1631509457.165100",
        "reply_count": 1,
        "reply_users_count": 1,
        "latest_reply": "1631564146.173700",
        "reply_users": [
            "U027KKWUY12"
        ],
        "replies": [
            {
                "user": "U027KKWUY12",
                "ts": "1631564146.173700"
            }
        ],
        "is_locked": false,
        "subscribed": false
    }
]