[
    {
        "client_msg_id": "09fda203-2f2d-4e63-bcd5-fbd2433726c1",
        "type": "message",
        "text": "Freelancers! I'm starting with a new client on Tuesday to write content\/help build out their website. When I was introduced to the person who is working on the analytics for the project they said to me: \"I've worked with copywriters that have a very thorough questionnaire for the product owner in order to get a thorough understanding of the products\/company before beginning the work. Do you do this?\" I felt like a doof because, no I have no such \"thorough questionnaire\" as I was just going to talk to the owner, learn the company and then do a content audit to see what's up to get my bearings and learn the brand. However, I felt a little noob-like (which I'm not) But...is this something that I should be doing? Should I have a thorough questionnaire to send to the client to learn about the brand and the product? I'm more of a \"do my own research and then ask questions to fill in the gaps.\"  But...I don't know...thoughts? Advice? What do you all do?",
        "user": "U02CVNB3X1T",
        "ts": "1631395673.160100",
        "team": "TJE58GTJL",
        "user_team": "TJE58GTJL",
        "source_team": "TJE58GTJL",
        "user_profile": {
            "avatar_hash": "a98cd79fc67b",
            "image_72": "https:\/\/avatars.slack-edge.com\/2021-12-28\/2891088304196_a98cd79fc67b29986082_72.png",
            "first_name": "Julie",
            "real_name": "Julie Simpson",
            "display_name": "Julie Simpson",
            "team": "TJE58GTJL",
            "name": "jujuklu",
            "is_restricted": false,
            "is_ultra_restricted": false
        },
        "edited": {
            "user": "U02CVNB3X1T",
            "ts": "1631395809.000000"
        },
        "blocks": [
            {
                "type": "rich_text",
                "block_id": "5kDG",
                "elements": [
                    {
                        "type": "rich_text_section",
                        "elements": [
                            {
                                "type": "text",
                                "text": "Freelancers! I'm starting with a new client on Tuesday to write content\/help build out their website. When I was introduced to the person who is working on the analytics for the project they said to me: \"I've worked with copywriters that have a very thorough questionnaire for the product owner in order to get a thorough understanding of the products\/company before beginning the work. Do you do this?\" I felt like a doof because, no I have no such \"thorough questionnaire\" as I was just going to talk to the owner, learn the company and then do a content audit to see what's up to get my bearings and learn the brand. However, I felt a little noob-like (which I'm not) But...is this something that I should be doing? Should I have a thorough questionnaire to send to the client to learn about the brand and the product? I'm more of a \"do my own research and then ask questions to fill in the gaps.\"  But...I don't know...thoughts? Advice? What do you all do?"
                            }
                        ]
                    }
                ]
            }
        ],
        "thread_ts": "1631395673.160100",
        "reply_count": 14,
        "reply_users_count": 9,
        "latest_reply": "1631980843.217000",
        "reply_users": [
            "U028D815JA0",
            "U025H70LG86",
            "U02CVNB3X1T",
            "U02AR2XSN1M",
            "U025F7S10KH",
            "U01AHL8AGBB",
            "U0241GTJEDC",
            "U024Z91H0KC",
            "U02AUQ0PUR2"
        ],
        "replies": [
            {
                "user": "U028D815JA0",
                "ts": "1631406688.160300"
            },
            {
                "user": "U028D815JA0",
                "ts": "1631406694.160500"
            },
            {
                "user": "U025H70LG86",
                "ts": "1631407026.160700"
            },
            {
                "user": "U02CVNB3X1T",
                "ts": "1631446217.160900"
            },
            {
                "user": "U02CVNB3X1T",
                "ts": "1631446453.161100"
            },
            {
                "user": "U02AR2XSN1M",
                "ts": "1631482689.162400"
            },
            {
                "user": "U025F7S10KH",
                "ts": "1631554484.172200"
            },
            {
                "user": "U01AHL8AGBB",
                "ts": "1631556572.172400"
            },
            {
                "user": "U01AHL8AGBB",
                "ts": "1631556714.172600"
            },
            {
                "user": "U0241GTJEDC",
                "ts": "1631629826.175600"
            },
            {
                "user": "U0241GTJEDC",
                "ts": "1631629900.176600"
            },
            {
                "user": "U02CVNB3X1T",
                "ts": "1631632193.179700"
            },
            {
                "user": "U024Z91H0KC",
                "ts": "1631729005.195800"
            },
            {
                "user": "U02AUQ0PUR2",
                "ts": "1631980843.217000"
            }
        ],
        "is_locked": false,
        "subscribed": false
    },
    {
        "client_msg_id": "c40779fe-9de8-49d3-b5c2-f627d6a5cb01",
        "type": "message",
        "text": "Hi <@U02CVNB3X1T>. I have never had to give a questionnaire to a client to learn about the product, but maybe that's just me. In this situation, my approach would be just like yours: Do my research and ask questions to fill the gaps. \nI think you should communicate with the person who works on the project analytics what your learning processes look like. If they are okay with it, then great. If they still want a thorough questionnaire, then you can provide them with one. \nHowever, I don't think you should start creating a questionnaire straightaway before speaking with the person first and letting them know that you will work better if you do your own research first and ask questions later.",
        "user": "U028D815JA0",
        "ts": "1631406688.160300",
        "team": "TJE58GTJL",
        "user_team": "TJE58GTJL",
        "source_team": "TJE58GTJL",
        "user_profile": {
            "avatar_hash": "7e2cf488ec83",
            "image_72": "https:\/\/avatars.slack-edge.com\/2021-11-09\/2701205349650_7e2cf488ec8355d9ecca_72.jpg",
            "first_name": "althea",
            "real_name": "althea storm",
            "display_name": "althea storm",
            "team": "TJE58GTJL",
            "name": "altheanymphcstorm",
            "is_restricted": false,
            "is_ultra_restricted": false
        },
        "blocks": [
            {
                "type": "rich_text",
                "block_id": "ANg",
                "elements": [
                    {
                        "type": "rich_text_section",
                        "elements": [
                            {
                                "type": "text",
                                "text": "Hi "
                            },
                            {
                                "type": "user",
                                "user_id": "U02CVNB3X1T"
                            },
                            {
                                "type": "text",
                                "text": ". I have never had to give a questionnaire to a client to learn about the product, but maybe that's just me. In this situation, my approach would be just like yours: Do my research and ask questions to fill the gaps. \nI think you should communicate with the person who works on the project analytics what your learning processes look like. If they are okay with it, then great. If they still want a thorough questionnaire, then you can provide them with one. \nHowever, I don't think you should start creating a questionnaire straightaway before speaking with the person first and letting them know that you will work better if you do your own research first and ask questions later."
                            }
                        ]
                    }
                ]
            }
        ],
        "thread_ts": "1631395673.160100",
        "parent_user_id": "U02CVNB3X1T"
    },
    {
        "client_msg_id": "197730dc-2e43-4ed7-ae3a-ed5e8c4b2de1",
        "type": "message",
        "text": "I hope this helps you.",
        "user": "U028D815JA0",
        "ts": "1631406694.160500",
        "team": "TJE58GTJL",
        "user_team": "TJE58GTJL",
        "source_team": "TJE58GTJL",
        "user_profile": {
            "avatar_hash": "7e2cf488ec83",
            "image_72": "https:\/\/avatars.slack-edge.com\/2021-11-09\/2701205349650_7e2cf488ec8355d9ecca_72.jpg",
            "first_name": "althea",
            "real_name": "althea storm",
            "display_name": "althea storm",
            "team": "TJE58GTJL",
            "name": "altheanymphcstorm",
            "is_restricted": false,
            "is_ultra_restricted": false
        },
        "blocks": [
            {
                "type": "rich_text",
                "block_id": "HQs",
                "elements": [
                    {
                        "type": "rich_text_section",
                        "elements": [
                            {
                                "type": "text",
                                "text": "I hope this helps you."
                            }
                        ]
                    }
                ]
            }
        ],
        "thread_ts": "1631395673.160100",
        "parent_user_id": "U02CVNB3X1T"
    },
    {
        "client_msg_id": "acba4a74-41b6-4e76-8721-ff68112b511f",
        "type": "message",
        "text": "Is the person working on the analytics a writer? Everyone seems to know the writer's job so well...except that they can't write.\n\nAnyway, sending a questionnaire depends on what the client does. I'm assuming this is going to be a long term collaboration. If it is, you should speak with the client first before creating a questionnaire. Assuming the website is already up and running, you'd have looked at the website, check out the competition and draft questions based on that. But for a new site, you'll have to talk to the owner first.",
        "user": "U025H70LG86",
        "ts": "1631407026.160700",
        "team": "TJE58GTJL",
        "user_team": "TJE58GTJL",
        "source_team": "TJE58GTJL",
        "user_profile": {
            "avatar_hash": "gab7e3d572a3",
            "image_72": "https:\/\/secure.gravatar.com\/avatar\/ab7e3d572a31f84ddbcde1de89912ecd.jpg?s=72&d=https%3A%2F%2Fa.slack-edge.com%2Fdf10d%2Fimg%2Favatars%2Fava_0002-72.png",
            "first_name": "Precious",
            "real_name": "Precious Oboidhe",
            "display_name": "Precious Oboidhe",
            "team": "TJE58GTJL",
            "name": "poboidhe",
            "is_restricted": false,
            "is_ultra_restricted": false
        },
        "blocks": [
            {
                "type": "rich_text",
                "block_id": "gU=k",
                "elements": [
                    {
                        "type": "rich_text_section",
                        "elements": [
                            {
                                "type": "text",
                                "text": "Is the person working on the analytics a writer? Everyone seems to know the writer's job so well...except that they can't write.\n\nAnyway, sending a questionnaire depends on what the client does. I'm assuming this is going to be a long term collaboration. If it is, you should speak with the client first before creating a questionnaire. Assuming the website is already up and running, you'd have looked at the website, check out the competition and draft questions based on that. But for a new site, you'll have to talk to the owner first."
                            }
                        ]
                    }
                ]
            }
        ],
        "thread_ts": "1631395673.160100",
        "parent_user_id": "U02CVNB3X1T"
    }
]