[
    {
        "client_msg_id": "30681330-9d99-490f-a71a-2dc9c94a01fd",
        "type": "message",
        "text": "Hey freelancers! Does anyone in the bay area have a good CPA they'd recommend? I'm looking for some support in doing my taxes this year as a contractor with a few clients",
        "user": "UJH5BJQG0",
        "ts": "1624643219.190700",
        "team": "TJE58GTJL",
        "user_team": "TJE58GTJL",
        "source_team": "TJE58GTJL",
        "user_profile": {
            "avatar_hash": "01e403dbd6b4",
            "image_72": "https:\/\/avatars.slack-edge.com\/2022-02-21\/3148648187201_01e403dbd6b46f0a9972_72.png",
            "first_name": "Alexis",
            "real_name": "Alexis Croswell",
            "display_name": "Lexi",
            "team": "TJE58GTJL",
            "name": "croswela",
            "is_restricted": false,
            "is_ultra_restricted": false
        },
        "blocks": [
            {
                "type": "rich_text",
                "block_id": "nWG",
                "elements": [
                    {
                        "type": "rich_text_section",
                        "elements": [
                            {
                                "type": "text",
                                "text": "Hey freelancers! Does anyone in the bay area have a good CPA they'd recommend? I'm looking for some support in doing my taxes this year as a contractor with a few clients"
                            }
                        ]
                    }
                ]
            }
        ],
        "thread_ts": "1624643219.190700",
        "reply_count": 2,
        "reply_users_count": 1,
        "latest_reply": "1624914360.192700",
        "reply_users": [
            "U02539G82R5"
        ],
        "replies": [
            {
                "user": "U02539G82R5",
                "ts": "1624914237.192200"
            },
            {
                "user": "U02539G82R5",
                "ts": "1624914360.192700"
            }
        ],
        "is_locked": false,
        "subscribed": false
    },
    {
        "client_msg_id": "7acf454d-30ef-4aa9-a934-9a7db1f59bf0",
        "type": "message",
        "text": "<@UL9SA4C3T> Thank you so much!! Greatly appreciated :slightly_smiling_face:",
        "user": "U01TPUG6YE5",
        "ts": "1624644571.190800",
        "team": "TJE58GTJL",
        "user_team": "TJE58GTJL",
        "source_team": "TJE58GTJL",
        "user_profile": {
            "avatar_hash": "e33fca718269",
            "image_72": "https:\/\/avatars.slack-edge.com\/2021-06-28\/2217136981141_e33fca718269ad91729b_72.png",
            "first_name": "Mitangi",
            "real_name": "Mitangi Parekh",
            "display_name": "Mitangi Parekh",
            "team": "TJE58GTJL",
            "name": "emparekh",
            "is_restricted": false,
            "is_ultra_restricted": false
        },
        "blocks": [
            {
                "type": "rich_text",
                "block_id": "X\/r",
                "elements": [
                    {
                        "type": "rich_text_section",
                        "elements": [
                            {
                                "type": "user",
                                "user_id": "UL9SA4C3T"
                            },
                            {
                                "type": "text",
                                "text": " Thank you so much!! Greatly appreciated "
                            },
                            {
                                "type": "emoji",
                                "name": "slightly_smiling_face"
                            }
                        ]
                    }
                ]
            }
        ],
        "thread_ts": "1624454421.176700",
        "parent_user_id": "U01TPUG6YE5"
    }
]