[
    {
        "client_msg_id": "adaaff78-9947-44bb-b6a6-e02fced62539",
        "type": "message",
        "text": "Thanks all!",
        "user": "U023M662VPF",
        "ts": "1626423326.296300",
        "team": "TJE58GTJL",
        "user_team": "TJE58GTJL",
        "source_team": "TJE58GTJL",
        "user_profile": {
            "avatar_hash": "0040ea47e47b",
            "image_72": "https:\/\/avatars.slack-edge.com\/2021-06-02\/2152292470848_0040ea47e47bd35a76f6_72.jpg",
            "first_name": "Annie",
            "real_name": "Annie Maddison",
            "display_name": "Annie Maddison",
            "team": "TJE58GTJL",
            "name": "annie180",
            "is_restricted": false,
            "is_ultra_restricted": false
        },
        "blocks": [
            {
                "type": "rich_text",
                "block_id": "PGtUq",
                "elements": [
                    {
                        "type": "rich_text_section",
                        "elements": [
                            {
                                "type": "text",
                                "text": "Thanks all!"
                            }
                        ]
                    }
                ]
            }
        ],
        "thread_ts": "1626168927.278400",
        "parent_user_id": "U023M662VPF"
    },
    {
        "client_msg_id": "e75a8e43-b414-4cb8-9c35-1e20f828ec61",
        "type": "message",
        "text": "I used this one by Ryan: <https:\/\/www.ryrob.com\/freelance-contract-template\/>. I don't know about the legal aspects in your country, though :sweat_smile:",
        "user": "UJ95A9M6V",
        "ts": "1626434127.296700",
        "team": "TJE58GTJL",
        "user_team": "TJE58GTJL",
        "source_team": "TJE58GTJL",
        "user_profile": {
            "avatar_hash": "8139d3cacde1",
            "image_72": "https:\/\/avatars.slack-edge.com\/2021-08-09\/2366438792180_8139d3cacde1198f82b6_72.jpg",
            "first_name": "",
            "real_name": "Chintan",
            "display_name": "Chintan",
            "team": "TJE58GTJL",
            "name": "zalani.chintan",
            "is_restricted": false,
            "is_ultra_restricted": false
        },
        "attachments": [
            {
                "service_name": "RyRob.com: A Blog by Ryan Robinson | Learn How to Blog and Make Money on the Internet",
                "title": "Freelance Contract Template (Free Download) for All Types of Freelancers",
                "title_link": "https:\/\/www.ryrob.com\/freelance-contract-template\/",
                "text": "Download my free Freelance Contract template that I use with Fortune 500 brands and high-growth startup clients.",
                "fallback": "RyRob.com: A Blog by Ryan Robinson | Learn How to Blog and Make Money on the Internet: Freelance Contract Template (Free Download) for All Types of Freelancers",
                "image_url": "https:\/\/www.ryrob.com\/wp-content\/uploads\/2017\/12\/Freelance-Contract-Template-Screenshot-Image-ryrob-Ryan-Robinson.jpg",
                "image_width": 406,
                "image_height": 250,
                "fields": [
                    {
                        "title": "Est. reading time",
                        "value": "1 minute",
                        "short": true
                    }
                ],
                "from_url": "https:\/\/www.ryrob.com\/freelance-contract-template\/",
                "image_bytes": 164680,
                "service_icon": "https:\/\/www.ryrob.com\/wp-content\/uploads\/2020\/02\/cropped-ryrob-fav-1-180x180.png",
                "id": 1,
                "original_url": "https:\/\/www.ryrob.com\/freelance-contract-template\/"
            }
        ],
        "blocks": [
            {
                "type": "rich_text",
                "block_id": "a3i6w",
                "elements": [
                    {
                        "type": "rich_text_section",
                        "elements": [
                            {
                                "type": "text",
                                "text": "I used this one by Ryan: "
                            },
                            {
                                "type": "link",
                                "url": "https:\/\/www.ryrob.com\/freelance-contract-template\/"
                            },
                            {
                                "type": "text",
                                "text": ". I don't know about the legal aspects in your country, though "
                            },
                            {
                                "type": "emoji",
                                "name": "sweat_smile"
                            }
                        ]
                    }
                ]
            }
        ],
        "thread_ts": "1626285855.287400",
        "parent_user_id": "U0231C2LYNM",
        "reactions": [
            {
                "name": "+1",
                "users": [
                    "U0231C2LYNM"
                ],
                "count": 1
            }
        ]
    },
    {
        "client_msg_id": "319e0da1-b6cd-491d-83ab-d631e7b1b41c",
        "type": "message",
        "text": "thanks <@UJ95A9M6V>! I’ll take a look!",
        "user": "U0231C2LYNM",
        "ts": "1626434148.297100",
        "team": "TJE58GTJL",
        "user_team": "TJE58GTJL",
        "source_team": "TJE58GTJL",
        "user_profile": {
            "avatar_hash": "c1d845bba06d",
            "image_72": "https:\/\/avatars.slack-edge.com\/2021-05-21\/2090873932082_c1d845bba06d288505ec_72.jpg",
            "first_name": "Camille",
            "real_name": "Camille Hogg",
            "display_name": "Cami",
            "team": "TJE58GTJL",
            "name": "camille.l.hogg",
            "is_restricted": false,
            "is_ultra_restricted": false
        },
        "blocks": [
            {
                "type": "rich_text",
                "block_id": "5iZ",
                "elements": [
                    {
                        "type": "rich_text_section",
                        "elements": [
                            {
                                "type": "text",
                                "text": "thanks "
                            },
                            {
                                "type": "user",
                                "user_id": "UJ95A9M6V"
                            },
                            {
                                "type": "text",
                                "text": "! I’ll take a look!"
                            }
                        ]
                    }
                ]
            }
        ],
        "thread_ts": "1626285855.287400",
        "parent_user_id": "U0231C2LYNM",
        "reactions": [
            {
                "name": "+1",
                "users": [
                    "UJ95A9M6V"
                ],
                "count": 1
            }
        ]
    },
    {
        "client_msg_id": "604e5bc4-6693-4677-b97d-351f3496ce69",
        "type": "message",
        "text": "a friend shared a copy of their contract with me, and maybe you have someone close enough in your network who would do the same? we're all just trying to not get sued out here",
        "user": "U01FUP6AMEZ",
        "ts": "1626440147.297400",
        "team": "TJE58GTJL",
        "user_team": "TJE58GTJL",
        "source_team": "TJE58GTJL",
        "user_profile": {
            "avatar_hash": "128762c3ea3f",
            "image_72": "https:\/\/avatars.slack-edge.com\/2020-12-01\/1527137254583_128762c3ea3f3d65d19b_72.jpg",
            "first_name": "Joanna",
            "real_name": "Joanna Rutter",
            "display_name": "Joanna Rutter",
            "team": "TJE58GTJL",
            "name": "rutterjoanna",
            "is_restricted": false,
            "is_ultra_restricted": false
        },
        "blocks": [
            {
                "type": "rich_text",
                "block_id": "=Lo",
                "elements": [
                    {
                        "type": "rich_text_section",
                        "elements": [
                            {
                                "type": "text",
                                "text": "a friend shared a copy of their contract with me, and maybe you have someone close enough in your network who would do the same? we're all just trying to not get sued out here"
                            }
                        ]
                    }
                ]
            }
        ],
        "thread_ts": "1626285855.287400",
        "parent_user_id": "U0231C2LYNM",
        "reactions": [
            {
                "name": "sweat_smile",
                "users": [
                    "U0231C2LYNM"
                ],
                "count": 1
            }
        ]
    },
    {
        "client_msg_id": "11198b77-f6c6-45bd-bffc-81eaba13981a",
        "type": "message",
        "text": "I asked a couple but seems like they’re winging it just like me :sweat_smile: <@U01FUP6AMEZ>",
        "user": "U0231C2LYNM",
        "ts": "1626465347.297900",
        "team": "TJE58GTJL",
        "user_team": "TJE58GTJL",
        "source_team": "TJE58GTJL",
        "user_profile": {
            "avatar_hash": "c1d845bba06d",
            "image_72": "https:\/\/avatars.slack-edge.com\/2021-05-21\/2090873932082_c1d845bba06d288505ec_72.jpg",
            "first_name": "Camille",
            "real_name": "Camille Hogg",
            "display_name": "Cami",
            "team": "TJE58GTJL",
            "name": "camille.l.hogg",
            "is_restricted": false,
            "is_ultra_restricted": false
        },
        "blocks": [
            {
                "type": "rich_text",
                "block_id": "oWaSr",
                "elements": [
                    {
                        "type": "rich_text_section",
                        "elements": [
                            {
                                "type": "text",
                                "text": "I asked a couple but seems like they’re winging it just like me "
                            },
                            {
                                "type": "emoji",
                                "name": "sweat_smile"
                            },
                            {
                                "type": "text",
                                "text": " "
                            },
                            {
                                "type": "user",
                                "user_id": "U01FUP6AMEZ"
                            }
                        ]
                    }
                ]
            }
        ],
        "thread_ts": "1626285855.287400",
        "parent_user_id": "U0231C2LYNM",
        "reactions": [
            {
                "name": "sweat_smile",
                "users": [
                    "U01FUP6AMEZ"
                ],
                "count": 1
            }
        ]
    },
    {
        "client_msg_id": "4183F252-6540-4C8E-962E-1F3A7F9F166B",
        "type": "message",
        "text": "Hi Andrew, do you still need help with this? I can do a great job for you.",
        "user": "U027KKWUY12",
        "ts": "1626479138.299800",
        "team": "TJE58GTJL",
        "user_team": "TJE58GTJL",
        "source_team": "TJE58GTJL",
        "user_profile": {
            "avatar_hash": "f2176ca29ce5",
            "image_72": "https:\/\/avatars.slack-edge.com\/2021-07-14\/2268394227302_f2176ca29ce5a159a5bb_72.png",
            "first_name": "Lapite",
            "real_name": "Lapite Olamide",
            "display_name": "Olamide",
            "team": "TJE58GTJL",
            "name": "lapite3",
            "is_restricted": false,
            "is_ultra_restricted": false
        },
        "blocks": [
            {
                "type": "rich_text",
                "block_id": "Gdln5",
                "elements": [
                    {
                        "type": "rich_text_section",
                        "elements": [
                            {
                                "type": "text",
                                "text": "Hi Andrew, do you still need help with this? I can do a great job for you."
                            }
                        ]
                    }
                ]
            }
        ],
        "thread_ts": "1626204972.285300",
        "parent_user_id": "U016Q3T877S"
    },
    {
        "client_msg_id": "8B3FAB47-A54F-4F94-9791-2FB668FE3CA5",
        "type": "message",
        "text": "Hi Jesse,\n\nHow are you?\n\nI'll like to ask if you still need help with this. If yes, can I share my samples?",
        "user": "U027KKWUY12",
        "ts": "1626479245.301200",
        "team": "TJE58GTJL",
        "user_team": "TJE58GTJL",
        "source_team": "TJE58GTJL",
        "user_profile": {
            "avatar_hash": "f2176ca29ce5",
            "image_72": "https:\/\/avatars.slack-edge.com\/2021-07-14\/2268394227302_f2176ca29ce5a159a5bb_72.png",
            "first_name": "Lapite",
            "real_name": "Lapite Olamide",
            "display_name": "Olamide",
            "team": "TJE58GTJL",
            "name": "lapite3",
            "is_restricted": false,
            "is_ultra_restricted": false
        },
        "blocks": [
            {
                "type": "rich_text",
                "block_id": "Z3Lhs",
                "elements": [
                    {
                        "type": "rich_text_section",
                        "elements": [
                            {
                                "type": "text",
                                "text": "Hi Jesse,\n"
                            },
                            {
                                "type": "text",
                                "text": "\nHow are you?\n\nI'll like to ask if you still need help with this. If yes, can I share my samples?"
                            }
                        ]
                    }
                ]
            }
        ],
        "thread_ts": "1626128580.269500",
        "parent_user_id": "UJG9WTEKG"
    },
    {
        "client_msg_id": "AAEE34F6-E936-4EDE-AECA-EAD56EA57278",
        "type": "message",
        "text": "Hello everyone, \n\nI am a content writer with years of work experience on Upwork. \n\nSadly, I recently lost my account and I have resorted to reaching out to other writers to inform them of my availability for work. \n\nI am a versatile and resourceful individual and I can provide high-quality content for you in different niches. Upon request, some of my samples will be made available. My rates are also affordable. \n\nI look forward to hearing from you.\n\nWarm regards,\nOlamide L.",
        "user": "U027KKWUY12",
        "ts": "1626480117.302700",
        "team": "TJE58GTJL",
        "user_team": "TJE58GTJL",
        "source_team": "TJE58GTJL",
        "user_profile": {
            "avatar_hash": "f2176ca29ce5",
            "image_72": "https:\/\/avatars.slack-edge.com\/2021-07-14\/2268394227302_f2176ca29ce5a159a5bb_72.png",
            "first_name": "Lapite",
            "real_name": "Lapite Olamide",
            "display_name": "Olamide",
            "team": "TJE58GTJL",
            "name": "lapite3",
            "is_restricted": false,
            "is_ultra_restricted": false
        },
        "blocks": [
            {
                "type": "rich_text",
                "block_id": "RviGR",
                "elements": [
                    {
                        "type": "rich_text_section",
                        "elements": [
                            {
                                "type": "text",
                                "text": "Hello everyone, \n\nI am a content writer with years of work experience on Upwork. \n\nSadly, I recently lost my account and I have resorted to reaching out to other writers to inform them of my availability for work. \n\nI am a versatile and resourceful individual and I can provide high-quality content for you in different niches. Upon request, some of my samples will be made available. My rates are also affordable. \n\nI look forward to hearing from you.\n\nWarm regards,\nOlamide L."
                            }
                        ]
                    }
                ]
            }
        ],
        "reactions": [
            {
                "name": "heart",
                "users": [
                    "U020EL92NBZ"
                ],
                "count": 1
            },
            {
                "name": "wave",
                "users": [
                    "U01AHL8AGBB"
                ],
                "count": 1
            }
        ]
    }
]