[
    {
        "client_msg_id": "93a11618-fdf8-4fe8-bc80-1a1ffd03e0d4",
        "type": "message",
        "text": "Evening (UK time hehe),\n\nDoes anyone have a contract template for clients who want to pay in instalments?\n\nI prefer upfront but I like to have options for my clients.\n\nAnd realistically how much protection does this really offer if I'm hired internationally?",
        "user": "U02FV1XHS2C",
        "ts": "1633206071.314200",
        "team": "TJE58GTJL",
        "user_team": "TJE58GTJL",
        "source_team": "TJE58GTJL",
        "user_profile": {
            "avatar_hash": "c9247c6ca97b",
            "image_72": "https:\/\/avatars.slack-edge.com\/2021-09-21\/2515852092227_c9247c6ca97b6b64f3f1_72.jpg",
            "first_name": "Kieran",
            "real_name": "Kieran Giles",
            "display_name": "Kieran Giles",
            "team": "TJE58GTJL",
            "name": "kgiles.marketing",
            "is_restricted": false,
            "is_ultra_restricted": false
        },
        "edited": {
            "user": "U02FV1XHS2C",
            "ts": "1633206134.000000"
        },
        "blocks": [
            {
                "type": "rich_text",
                "block_id": "Oih",
                "elements": [
                    {
                        "type": "rich_text_section",
                        "elements": [
                            {
                                "type": "text",
                                "text": "Evening (UK time hehe),\n\nDoes anyone have a contract template for clients who want to pay in instalments?\n\nI prefer upfront but I like to have options for my clients.\n\nAnd realistically how much protection does this really offer if I'm hired internationally?"
                            }
                        ]
                    }
                ]
            }
        ],
        "thread_ts": "1633206071.314200",
        "reply_count": 1,
        "reply_users_count": 1,
        "latest_reply": "1636743761.136100",
        "reply_users": [
            "U02DNB9GQ5V"
        ],
        "replies": [
            {
                "user": "U02DNB9GQ5V",
                "ts": "1636743761.136100"
            }
        ],
        "is_locked": false,
        "subscribed": false
    }
]