[
    {
        "client_msg_id": "1f95a2ca-333b-43ed-b545-e571f7c268c8",
        "type": "message",
        "text": "I was a beta user on LinkedIn's new services pages. I got a few messages and RFPs through, but found them largely to be spam (including one person who attempted to defraud me with a deposit check that bounced, asking for a partial refund). Now that the program's live, does anyone have similar or different experience to share? I want it to work because it's low investment to set up as a LinkedIn user, but... sigh.",
        "user": "U01P833NGUT",
        "ts": "1635773679.060600",
        "team": "TJE58GTJL",
        "user_team": "TJE58GTJL",
        "source_team": "TJE58GTJL",
        "user_profile": {
            "avatar_hash": "40aead68c5b5",
            "image_72": "https:\/\/avatars.slack-edge.com\/2021-06-01\/2110550144775_40aead68c5b508b97960_72.png",
            "first_name": "Mandy",
            "real_name": "Mandy Bray",
            "display_name": "Mandy Bray",
            "team": "TJE58GTJL",
            "name": "mandy.l.bray",
            "is_restricted": false,
            "is_ultra_restricted": false
        },
        "blocks": [
            {
                "type": "rich_text",
                "block_id": "jm7",
                "elements": [
                    {
                        "type": "rich_text_section",
                        "elements": [
                            {
                                "type": "text",
                                "text": "I was a beta user on LinkedIn's new services pages. I got a few messages and RFPs through, but found them largely to be spam (including one person who attempted to defraud me with a deposit check that bounced, asking for a partial refund). Now that the program's live, does anyone have similar or different experience to share? I want it to work because it's low investment to set up as a LinkedIn user, but... sigh."
                            }
                        ]
                    }
                ]
            }
        ]
    },
    {
        "client_msg_id": "f3779c89-837a-41b6-aef1-94ded03cf7d6",
        "type": "message",
        "text": "Hi folks! My brother is working on a new contract with a government client that he’ll need some consistent, freelance marketing support on. This position is (mostly) remote but applicants should be based in Ontario, Canada.\n\nHere’s what he’s looking for:\n\n- Someone to help build out documents for our gov. team about emerging tech (blockchain, AI, etc.)\n- Presentation materials \/ Internal marketing materials\n- Developing internal marketing tools\n- Keep an eye on the Gartner emerging tech model to see what's coming up\n- May occasionally need a business trip to Ottawa\n\nThis is consistent part-time work — shouldn’t require more than a few hours of work ~2 days a week, w\/ a rate of ~$200 CAD a day. (This is ballpark since the contract is still being finalized.) If you’re interested, reach out to <mailto:eric@schedule6.com|eric@schedule6.com>.",
        "user": "U024A8928AW",
        "ts": "1635777085.061600",
        "team": "TJE58GTJL",
        "user_team": "TJE58GTJL",
        "source_team": "TJE58GTJL",
        "user_profile": {
            "avatar_hash": "gfce53b938f8",
            "image_72": "https:\/\/secure.gravatar.com\/avatar\/fce53b938f89c81afc27098fb567bc9d.jpg?s=72&d=https%3A%2F%2Fa.slack-edge.com%2Fdf10d%2Fimg%2Favatars%2Fava_0014-72.png",
            "first_name": "Kenza",
            "real_name": "Kenza Moller",
            "display_name": "Kenza Moller",
            "team": "TJE58GTJL",
            "name": "kenzamoller",
            "is_restricted": false,
            "is_ultra_restricted": false
        },
        "blocks": [
            {
                "type": "rich_text",
                "block_id": "AzMJv",
                "elements": [
                    {
                        "type": "rich_text_section",
                        "elements": [
                            {
                                "type": "text",
                                "text": "Hi folks! My brother is working on a new contract with a government client that he’ll need some consistent, freelance marketing support on. This position is (mostly) remote but applicants should be based in Ontario, Canada.\n\nHere’s what he’s looking for:\n\n- Someone to help build out documents for our gov. team about emerging tech (blockchain, AI, etc.)\n- Presentation materials \/ Internal marketing materials\n- Developing internal marketing tools\n- Keep an eye on the Gartner emerging tech model to see what's coming up\n- May occasionally need a business trip to Ottawa\n\nThis is consistent part-time work — shouldn’t require more than a few hours of work ~2 days a week, w\/ a rate of ~$200 CAD a day. (This is ballpark since the contract is still being finalized.) If you’re interested, reach out to "
                            },
                            {
                                "type": "link",
                                "url": "mailto:eric@schedule6.com",
                                "text": "eric@schedule6.com"
                            },
                            {
                                "type": "text",
                                "text": "."
                            }
                        ]
                    }
                ]
            }
        ],
        "reactions": [
            {
                "name": "fire",
                "users": [
                    "U01AHL8AGBB",
                    "U02F1GK6U6B"
                ],
                "count": 2
            }
        ]
    },
    {
        "client_msg_id": "4a2980bd-a1f7-4b14-befc-db8e4b3c3a51",
        "type": "message",
        "text": "Looking for writers with experience writing for reinsurance! The agency I work for is looking for someone who can write blogs and ebooks related to this niche, with a special interest in the Asian reinsurance marketplace. Please DM me writing samples and rates. Thank you!",
        "user": "UJ934FU3B",
        "ts": "1635785663.063100",
        "team": "TJE58GTJL",
        "user_team": "TJE58GTJL",
        "source_team": "TJE58GTJL",
        "user_profile": {
            "avatar_hash": "gc685e3dd12c",
            "image_72": "https:\/\/secure.gravatar.com\/avatar\/e9c685e3dd12cba4d8011ab209dabd3d.jpg?s=72&d=https%3A%2F%2Fa.slack-edge.com%2Fdf10d%2Fimg%2Favatars%2Fava_0003-72.png",
            "first_name": "Adam",
            "real_name": "Adam Bockler",
            "display_name": "Adam Bockler",
            "team": "TJE58GTJL",
            "name": "adam",
            "is_restricted": false,
            "is_ultra_restricted": false
        },
        "edited": {
            "user": "UJ934FU3B",
            "ts": "1635797976.000000"
        },
        "blocks": [
            {
                "type": "rich_text",
                "block_id": "EAP+",
                "elements": [
                    {
                        "type": "rich_text_section",
                        "elements": [
                            {
                                "type": "text",
                                "text": "Looking for writers with experience writing for reinsurance! The agency I work for is looking for someone who can write blogs and ebooks related to this niche, with a special interest in the Asian reinsurance marketplace. Please DM me writing samples and rates. Thank you!"
                            }
                        ]
                    }
                ]
            }
        ]
    }
]