[
    {
        "client_msg_id": "1d6a677f-f182-403f-8510-6bd8d28de14d",
        "type": "message",
        "text": "<@U02AUQ0KMGC> they are legit and I got a reply but I think they underestimated how many people would request a rate",
        "user": "U0193LNFJCR",
        "ts": "1632674853.274600",
        "team": "TJE58GTJL",
        "user_team": "TJE58GTJL",
        "source_team": "TJE58GTJL",
        "user_profile": {
            "avatar_hash": "8b2ee5285d6a",
            "image_72": "https:\/\/avatars.slack-edge.com\/2021-03-03\/1831330348369_8b2ee5285d6ab4852b11_72.png",
            "first_name": "Raechel",
            "real_name": "Raechel Lambert",
            "display_name": "Raechel Lambert",
            "team": "TJE58GTJL",
            "name": "raechel",
            "is_restricted": false,
            "is_ultra_restricted": false
        },
        "blocks": [
            {
                "type": "rich_text",
                "block_id": "J5x",
                "elements": [
                    {
                        "type": "rich_text_section",
                        "elements": [
                            {
                                "type": "user",
                                "user_id": "U02AUQ0KMGC"
                            },
                            {
                                "type": "text",
                                "text": " they are legit and I got a reply but I think they underestimated how many people would request a rate"
                            }
                        ]
                    }
                ]
            }
        ],
        "thread_ts": "1631719288.190700",
        "parent_user_id": "U0193LNFJCR"
    },
    {
        "client_msg_id": "93951a97-cf59-4653-b566-d27072f67223",
        "type": "message",
        "text": "I know an agency that has experience with B2B and Travel\/Tourism content. Should I DM you the details?",
        "user": "U022NPEBM18",
        "ts": "1632722425.274800",
        "team": "TJE58GTJL",
        "user_team": "TJE58GTJL",
        "source_team": "TJE58GTJL",
        "user_profile": {
            "avatar_hash": "g5853f346f4c",
            "image_72": "https:\/\/secure.gravatar.com\/avatar\/5853f346f4c719b06f4805a6be15beb4.jpg?s=72&d=https%3A%2F%2Fa.slack-edge.com%2Fdf10d%2Fimg%2Favatars%2Fava_0005-72.png",
            "first_name": "",
            "real_name": "Akshay Bhat",
            "display_name": "Akshay Bhat",
            "team": "TJE58GTJL",
            "name": "akshay",
            "is_restricted": false,
            "is_ultra_restricted": false
        },
        "blocks": [
            {
                "type": "rich_text",
                "block_id": "PQviR",
                "elements": [
                    {
                        "type": "rich_text_section",
                        "elements": [
                            {
                                "type": "text",
                                "text": "I know an agency that has experience with B2B and Travel\/Tourism content. Should I DM you the details?"
                            }
                        ]
                    }
                ]
            }
        ],
        "thread_ts": "1632438857.270000",
        "parent_user_id": "U02EJNPEE1X"
    },
    {
        "client_msg_id": "d2bece11-79e7-4089-b4d3-d2d2036837e5",
        "type": "message",
        "text": "That would be great, thank you <@U022NPEBM18>!",
        "user": "U02EJNPEE1X",
        "ts": "1632724675.275000",
        "team": "TJE58GTJL",
        "user_team": "TJE58GTJL",
        "source_team": "TJE58GTJL",
        "user_profile": {
            "avatar_hash": "ce6fceb8c649",
            "image_72": "https:\/\/avatars.slack-edge.com\/2021-09-13\/2488414205508_ce6fceb8c649f5ba3245_72.jpg",
            "first_name": "Dan",
            "real_name": "Dan Baird",
            "display_name": "Dan",
            "team": "TJE58GTJL",
            "name": "dan687",
            "is_restricted": false,
            "is_ultra_restricted": false
        },
        "blocks": [
            {
                "type": "rich_text",
                "block_id": "9BTu",
                "elements": [
                    {
                        "type": "rich_text_section",
                        "elements": [
                            {
                                "type": "text",
                                "text": "That would be great, thank you "
                            },
                            {
                                "type": "user",
                                "user_id": "U022NPEBM18"
                            },
                            {
                                "type": "text",
                                "text": "!"
                            }
                        ]
                    }
                ]
            }
        ],
        "thread_ts": "1632438857.270000",
        "parent_user_id": "U02EJNPEE1X",
        "reactions": [
            {
                "name": "white_check_mark",
                "users": [
                    "U022NPEBM18"
                ],
                "count": 1
            }
        ]
    }
]