[
    {
        "client_msg_id": "e340eb40-d3e5-4c12-b873-adb3faa580ac",
        "type": "message",
        "text": "I have probably spent upwards of 20% of my time on internal (ie. nonbillable) projects this year. However, it's been a rebuilding year for me, so the majority of that has been on tasks like pitching and redoing my portfolio website. I expect that to scale down in the next year or two as I have more of a client base. My time on invoicing, organization, etc. is less than 5%.",
        "user": "U01P833NGUT",
        "ts": "1639407805.443400",
        "team": "TJE58GTJL",
        "user_team": "TJE58GTJL",
        "source_team": "TJE58GTJL",
        "user_profile": {
            "avatar_hash": "40aead68c5b5",
            "image_72": "https:\/\/avatars.slack-edge.com\/2021-06-01\/2110550144775_40aead68c5b508b97960_72.png",
            "first_name": "Mandy",
            "real_name": "Mandy Bray",
            "display_name": "Mandy Bray",
            "team": "TJE58GTJL",
            "name": "mandy.l.bray",
            "is_restricted": false,
            "is_ultra_restricted": false
        },
        "blocks": [
            {
                "type": "rich_text",
                "block_id": "oV\/",
                "elements": [
                    {
                        "type": "rich_text_section",
                        "elements": [
                            {
                                "type": "text",
                                "text": "I have probably spent upwards of 20% of my time on internal (ie. nonbillable) projects this year. However, it's been a rebuilding year for me, so the majority of that has been on tasks like pitching and redoing my portfolio website. I expect that to scale down in the next year or two as I have more of a client base. My time on invoicing, organization, etc. is less than 5%."
                            }
                        ]
                    }
                ]
            }
        ],
        "thread_ts": "1639174209.436700",
        "parent_user_id": "U02Q67WK4LS"
    },
    {
        "client_msg_id": "F0CEC84B-0A56-43AB-9E50-1F1EC835F25C",
        "type": "message",
        "text": "Hi All, does anyone know an excellent copy editor for occasional projects? Need at least AP and Chicago style and plenty of experience.  Flawless and reliable, professional. I had a great one for a few years but she had a life change and I just cannot find anyone as good :sob: I truly value my editors. Thanks!",
        "user": "UN3RHBFBK",
        "ts": "1639410526.448900",
        "team": "TJE58GTJL",
        "user_team": "TJE58GTJL",
        "source_team": "TJE58GTJL",
        "user_profile": {
            "avatar_hash": "7699d1ebbced",
            "image_72": "https:\/\/avatars.slack-edge.com\/2019-09-13\/762155947638_7699d1ebbcede1be9642_72.jpg",
            "first_name": "Jennifer",
            "real_name": "Jennifer Oladipo",
            "display_name": "Jennifer Oladipo",
            "team": "TJE58GTJL",
            "name": "jennifer",
            "is_restricted": false,
            "is_ultra_restricted": false
        },
        "blocks": [
            {
                "type": "rich_text",
                "block_id": "1fAi",
                "elements": [
                    {
                        "type": "rich_text_section",
                        "elements": [
                            {
                                "type": "text",
                                "text": "Hi All, does anyone know an excellent copy editor for occasional projects? Need at least AP and Chicago style and plenty of experience.  Flawless and reliable, professional. I had a great one for a few years but she had a life change and I just cannot find anyone as good "
                            },
                            {
                                "type": "emoji",
                                "name": "sob"
                            },
                            {
                                "type": "text",
                                "text": " I truly value my editors. Thanks!"
                            }
                        ]
                    }
                ]
            }
        ],
        "thread_ts": "1639410526.448900",
        "reply_count": 5,
        "reply_users_count": 4,
        "latest_reply": "1641158948.069600",
        "reply_users": [
            "U02484YFJ10",
            "U012GHRAHDK",
            "U02Q8U5T7TP",
            "UN3RHBFBK"
        ],
        "replies": [
            {
                "user": "U02484YFJ10",
                "ts": "1639411378.449100"
            },
            {
                "user": "U012GHRAHDK",
                "ts": "1639411639.452100"
            },
            {
                "user": "U02Q8U5T7TP",
                "ts": "1639477638.472300"
            },
            {
                "user": "UN3RHBFBK",
                "ts": "1640111114.022500"
            },
            {
                "user": "U02Q8U5T7TP",
                "ts": "1641158948.069600"
            }
        ],
        "is_locked": false,
        "subscribed": false
    },
    {
        "client_msg_id": "948fe4a8-07ec-496b-a18a-42585c01a18e",
        "type": "message",
        "text": "Hey! I do copyediting and have experience with various styles though when not specified I lean towards Chicago. I have edited academic papers for over 10 years and primarily work on academic type stuff and with many people who don’t speak English as a primary language. I am also available to do quick turnaround projects. Please keep me in mind if you want to try out a small project to see if we’re a good fit together! I’d like to do more editing work than I’m doing now and work on different types of projects.",
        "user": "U02484YFJ10",
        "ts": "1639411378.449100",
        "team": "TJE58GTJL",
        "user_team": "TJE58GTJL",
        "source_team": "TJE58GTJL",
        "user_profile": {
            "avatar_hash": "f64824f08f96",
            "image_72": "https:\/\/avatars.slack-edge.com\/2021-06-07\/2144596734819_f64824f08f96e0c3a7b5_72.jpg",
            "first_name": "CJ",
            "real_name": "CJ Casper",
            "display_name": "CJ Casper",
            "team": "TJE58GTJL",
            "name": "carlycasper",
            "is_restricted": false,
            "is_ultra_restricted": false
        },
        "blocks": [
            {
                "type": "rich_text",
                "block_id": "mGVeC",
                "elements": [
                    {
                        "type": "rich_text_section",
                        "elements": [
                            {
                                "type": "text",
                                "text": "Hey! I do copyediting and have experience with various styles though when not specified I lean towards Chicago. I have edited academic papers for over 10 years and primarily work on academic type stuff and with many people who don’t speak English as a primary language. I am also available to do quick turnaround projects. Please keep me in mind if you want to try out a small project to see if we’re a good fit together! I’d like to do more editing work than I’m doing now and work on different types of projects."
                            }
                        ]
                    }
                ]
            }
        ],
        "thread_ts": "1639410526.448900",
        "parent_user_id": "UN3RHBFBK",
        "reactions": [
            {
                "name": "+1::skin-tone-5",
                "users": [
                    "UN3RHBFBK"
                ],
                "count": 1
            }
        ]
    },
    {
        "client_msg_id": "f6dc6895-2e6f-4081-89b7-0936923b01cc",
        "type": "message",
        "text": "Thanks for pinging me. We do a lot of content on DevOps and some on ML\/AI. Not sure we’ve done a ton on AIOps specifically, but we’ve definitely got some writers in the space.\n\nFeel free to book a call with us if you’d like <@U02CUMQBP9R>: <http:\/\/draft.dev\/call|draft.dev\/call>",
        "user": "U029CTQ5X6Y",
        "ts": "1639411579.450800",
        "team": "TJE58GTJL",
        "user_team": "TJE58GTJL",
        "source_team": "TJE58GTJL",
        "user_profile": {
            "avatar_hash": "4d1afd4712b9",
            "image_72": "https:\/\/avatars.slack-edge.com\/2021-07-26\/2312909469026_4d1afd4712b9f77f1af8_72.jpg",
            "first_name": "Karl",
            "real_name": "Karl Hughes",
            "display_name": "Karl (Draft.dev)",
            "team": "TJE58GTJL",
            "name": "khughes.me",
            "is_restricted": false,
            "is_ultra_restricted": false
        },
        "blocks": [
            {
                "type": "rich_text",
                "block_id": "Vb+yg",
                "elements": [
                    {
                        "type": "rich_text_section",
                        "elements": [
                            {
                                "type": "text",
                                "text": "Thanks for pinging me. We do a lot of content on DevOps and some on ML\/AI. Not sure we’ve done a ton on AIOps specifically, but we’ve definitely got some writers in the space.\n\nFeel free to book a call with us if you’d like "
                            },
                            {
                                "type": "user",
                                "user_id": "U02CUMQBP9R"
                            },
                            {
                                "type": "text",
                                "text": ": "
                            },
                            {
                                "type": "link",
                                "url": "http:\/\/draft.dev\/call",
                                "text": "draft.dev\/call"
                            }
                        ]
                    }
                ]
            }
        ],
        "thread_ts": "1638900537.368500",
        "parent_user_id": "U02CUMQBP9R"
    },
    {
        "client_msg_id": "3835bef9-1861-4c2d-a81d-0b3d4b6bf80f",
        "type": "message",
        "text": "You can check out chatty.so for this!",
        "user": "U012GHRAHDK",
        "ts": "1639411639.452100",
        "team": "TJE58GTJL",
        "user_team": "TJE58GTJL",
        "source_team": "TJE58GTJL",
        "user_profile": {
            "avatar_hash": "8ba0c4534568",
            "image_72": "https:\/\/avatars.slack-edge.com\/2022-04-12\/3401585222352_8ba0c45345680ce088ab_72.jpg",
            "first_name": "Deb",
            "real_name": "Deb Mukherjee",
            "display_name": "Deb Mukherjee",
            "team": "TJE58GTJL",
            "name": "debdut94",
            "is_restricted": false,
            "is_ultra_restricted": false
        },
        "blocks": [
            {
                "type": "rich_text",
                "block_id": "B4ztF",
                "elements": [
                    {
                        "type": "rich_text_section",
                        "elements": [
                            {
                                "type": "text",
                                "text": "You can check out chatty.so for this!"
                            }
                        ]
                    }
                ]
            }
        ],
        "thread_ts": "1639410526.448900",
        "parent_user_id": "UN3RHBFBK"
    },
    {
        "client_msg_id": "91a5274e-42d2-4dc3-bf34-15d84afac41f",
        "type": "message",
        "text": "Hey gang! Looking for a B2B SaaS writer to support an SEO project at <https:\/\/blueprint.store\/|Blueprint>. We’re a SMS &amp; WhatsApp marketing platform based in the UK but operating across Europe &amp; the US. Here’s a little more about the gig: \n\n• *Deliverables:* 2x 1,000-1,500 word articles per month\n• *Budget:* $500\/£350 per article\n• *Requirements:* \n    ◦ Sound understanding of basic SEO principles \n    ◦ Excellent command of written English \n    ◦ Experience writing for an eCommerce audience is preferred but not compulsory\n• *Timelines:* Start from 1st week Jan 2022, with the first article being a paid trial and an opportunity to join our group of regular freelance copywriters thereafter\nIf interested, please ping an email over to robi@blueprint.store with some written samples. \n\nThanks! :grin:",
        "user": "U02NDCYUHGT",
        "ts": "1639413560.453100",
        "team": "TJE58GTJL",
        "user_team": "TJE58GTJL",
        "source_team": "TJE58GTJL",
        "user_profile": {
            "avatar_hash": "796de3b6a1c2",
            "image_72": "https:\/\/avatars.slack-edge.com\/2021-12-13\/2834498024163_796de3b6a1c2c39af6e5_72.png",
            "first_name": "Robi",
            "real_name": "Robi O’Cleirigh",
            "display_name": "Robi O’Cleirigh",
            "team": "TJE58GTJL",
            "name": "robi",
            "is_restricted": false,
            "is_ultra_restricted": false
        },
        "edited": {
            "user": "U02NDCYUHGT",
            "ts": "1639413705.000000"
        },
        "blocks": [
            {
                "type": "rich_text",
                "block_id": "RgO",
                "elements": [
                    {
                        "type": "rich_text_section",
                        "elements": [
                            {
                                "type": "text",
                                "text": "Hey gang! Looking for a B2B SaaS writer to support an SEO project at "
                            },
                            {
                                "type": "link",
                                "url": "https:\/\/blueprint.store\/",
                                "text": "Blueprint"
                            },
                            {
                                "type": "text",
                                "text": ". We’re a SMS & WhatsApp marketing platform based in the UK but operating across Europe & the US. Here’s a little more about the gig: \n\n"
                            }
                        ]
                    },
                    {
                        "type": "rich_text_list",
                        "elements": [
                            {
                                "type": "rich_text_section",
                                "elements": [
                                    {
                                        "type": "text",
                                        "text": "Deliverables:",
                                        "style": {
                                            "bold": true
                                        }
                                    },
                                    {
                                        "type": "text",
                                        "text": " 2x 1,000-1,500 word articles per month"
                                    }
                                ]
                            },
                            {
                                "type": "rich_text_section",
                                "elements": [
                                    {
                                        "type": "text",
                                        "text": "Budget:",
                                        "style": {
                                            "bold": true
                                        }
                                    },
                                    {
                                        "type": "text",
                                        "text": " $500\/£350 per article"
                                    }
                                ]
                            },
                            {
                                "type": "rich_text_section",
                                "elements": [
                                    {
                                        "type": "text",
                                        "text": "Requirements:",
                                        "style": {
                                            "bold": true
                                        }
                                    },
                                    {
                                        "type": "text",
                                        "text": " "
                                    }
                                ]
                            }
                        ],
                        "style": "bullet",
                        "indent": 0,
                        "border": 0
                    },
                    {
                        "type": "rich_text_list",
                        "elements": [
                            {
                                "type": "rich_text_section",
                                "elements": [
                                    {
                                        "type": "text",
                                        "text": "Sound understanding of basic SEO principles "
                                    }
                                ]
                            },
                            {
                                "type": "rich_text_section",
                                "elements": [
                                    {
                                        "type": "text",
                                        "text": "Excellent command of written English "
                                    }
                                ]
                            },
                            {
                                "type": "rich_text_section",
                                "elements": [
                                    {
                                        "type": "text",
                                        "text": "Experience writing for an eCommerce audience is preferred but not compulsory"
                                    }
                                ]
                            }
                        ],
                        "style": "bullet",
                        "indent": 1,
                        "border": 0
                    },
                    {
                        "type": "rich_text_list",
                        "elements": [
                            {
                                "type": "rich_text_section",
                                "elements": [
                                    {
                                        "type": "text",
                                        "text": "Timelines:",
                                        "style": {
                                            "bold": true
                                        }
                                    },
                                    {
                                        "type": "text",
                                        "text": " Start from 1st week Jan 2022, with the first article being a paid trial and an opportunity to join our group of regular freelance copywriters thereafter"
                                    }
                                ]
                            }
                        ],
                        "style": "bullet",
                        "indent": 0,
                        "border": 0
                    },
                    {
                        "type": "rich_text_section",
                        "elements": [
                            {
                                "type": "text",
                                "text": "\nIf interested, please ping an email over to robi@blueprint.store with some written samples. \n\nThanks! "
                            },
                            {
                                "type": "emoji",
                                "name": "grin"
                            }
                        ]
                    }
                ]
            }
        ],
        "thread_ts": "1639413560.453100",
        "reply_count": 6,
        "reply_users_count": 5,
        "latest_reply": "1639425519.462400",
        "reply_users": [
            "U027KKWUY12",
            "U028D815JA0",
            "U02HD0L8HAP",
            "U01KT0GGM0S",
            "U02PUQ6CQRX"
        ],
        "replies": [
            {
                "user": "U027KKWUY12",
                "ts": "1639414808.454200"
            },
            {
                "user": "U028D815JA0",
                "ts": "1639415457.454400"
            },
            {
                "user": "U02HD0L8HAP",
                "ts": "1639418372.455200"
            },
            {
                "user": "U01KT0GGM0S",
                "ts": "1639418573.455500"
            },
            {
                "user": "U028D815JA0",
                "ts": "1639418805.455700"
            },
            {
                "user": "U02PUQ6CQRX",
                "ts": "1639425519.462400"
            }
        ],
        "is_locked": false,
        "subscribed": false,
        "reactions": [
            {
                "name": "eyes",
                "users": [
                    "U02F1GK6U6B",
                    "U028D815JA0"
                ],
                "count": 2
            },
            {
                "name": "wave",
                "users": [
                    "U02PUQ6CQRX",
                    "U028D815JA0",
                    "U02PRMEAP0V"
                ],
                "count": 3
            },
            {
                "name": "fire",
                "users": [
                    "U01AHL8AGBB",
                    "U01J84U3SQ6"
                ],
                "count": 2
            },
            {
                "name": "partyparrot",
                "users": [
                    "U02CVNB3X1T",
                    "U02PRMEAP0V",
                    "U02Q3JRH2P9"
                ],
                "count": 3
            }
        ]
    },
    {
        "client_msg_id": "C1853EA7-762D-46C3-A7CD-C5F5EE70192D",
        "type": "message",
        "text": "Email sent Robi. I look forward to hearing from you. ",
        "user": "U027KKWUY12",
        "ts": "1639414808.454200",
        "team": "TJE58GTJL",
        "user_team": "TJE58GTJL",
        "source_team": "TJE58GTJL",
        "user_profile": {
            "avatar_hash": "f2176ca29ce5",
            "image_72": "https:\/\/avatars.slack-edge.com\/2021-07-14\/2268394227302_f2176ca29ce5a159a5bb_72.png",
            "first_name": "Lapite",
            "real_name": "Lapite Olamide",
            "display_name": "Olamide",
            "team": "TJE58GTJL",
            "name": "lapite3",
            "is_restricted": false,
            "is_ultra_restricted": false
        },
        "blocks": [
            {
                "type": "rich_text",
                "block_id": "hpZ",
                "elements": [
                    {
                        "type": "rich_text_section",
                        "elements": [
                            {
                                "type": "text",
                                "text": "Email sent Robi. I look forward to hearing from you. "
                            }
                        ]
                    }
                ]
            }
        ],
        "thread_ts": "1639413560.453100",
        "parent_user_id": "U02NDCYUHGT"
    },
    {
        "client_msg_id": "3ce2516c-58f0-46b1-99c7-703a14db7dd8",
        "type": "message",
        "text": "Hey Robi! I just sent you an email. Thanks!",
        "user": "U028D815JA0",
        "ts": "1639415457.454400",
        "team": "TJE58GTJL",
        "user_team": "TJE58GTJL",
        "source_team": "TJE58GTJL",
        "user_profile": {
            "avatar_hash": "7e2cf488ec83",
            "image_72": "https:\/\/avatars.slack-edge.com\/2021-11-09\/2701205349650_7e2cf488ec8355d9ecca_72.jpg",
            "first_name": "althea",
            "real_name": "althea storm",
            "display_name": "althea storm",
            "team": "TJE58GTJL",
            "name": "altheanymphcstorm",
            "is_restricted": false,
            "is_ultra_restricted": false
        },
        "blocks": [
            {
                "type": "rich_text",
                "block_id": "TFfz",
                "elements": [
                    {
                        "type": "rich_text_section",
                        "elements": [
                            {
                                "type": "text",
                                "text": "Hey Robi! I just sent you an email. Thanks!"
                            }
                        ]
                    }
                ]
            }
        ],
        "thread_ts": "1639413560.453100",
        "parent_user_id": "U02NDCYUHGT"
    },
    {
        "client_msg_id": "6c955e5f-b0d1-4823-8bac-959c8c8de73c",
        "type": "message",
        "text": "This is great feedback, thank you everyone! And very good motivation to bring that number way down. I took a closer look at how my unbilled time is spent. I could reduce the \"pitching\" time - most of my work is inbound, but I still have about 2 calls per proposal + time working on proposals. These are for relatively big projects or retainers, but still! I was also including creating marketing some content strategy products that I should track separately here.",
        "user": "U02Q67WK4LS",
        "ts": "1639415911.454800",
        "team": "TJE58GTJL",
        "user_team": "TJE58GTJL",
        "source_team": "TJE58GTJL",
        "user_profile": {
            "avatar_hash": "b8dfb16f41fe",
            "image_72": "https:\/\/avatars.slack-edge.com\/2021-12-10\/2850618967824_b8dfb16f41fefef6a517_72.jpg",
            "first_name": "Adrienne",
            "real_name": "Adrienne Smith",
            "display_name": "Adrienne Smith",
            "team": "TJE58GTJL",
            "name": "adrienneksmith9",
            "is_restricted": false,
            "is_ultra_restricted": false
        },
        "blocks": [
            {
                "type": "rich_text",
                "block_id": "0xr\/",
                "elements": [
                    {
                        "type": "rich_text_section",
                        "elements": [
                            {
                                "type": "text",
                                "text": "This is great feedback, thank you everyone! And very good motivation to bring that number way down. I took a closer look at how my unbilled time is spent. I could reduce the \"pitching\" time - most of my work is inbound, but I still have about 2 calls per proposal + time working on proposals. These are for relatively big projects or retainers, but still! I was also including creating marketing some content strategy products that I should track separately here."
                            }
                        ]
                    }
                ]
            }
        ],
        "thread_ts": "1639174209.436700",
        "parent_user_id": "U02Q67WK4LS"
    },
    {
        "client_msg_id": "ad767c65-dc9e-4cf3-b358-fbd36a2960de",
        "type": "message",
        "text": "<@U02NDCYUHGT> That's a great coincidence I have worked with a WhatsApp marketing platform in the past as a writer through an agency. I am definitely sending you an email. Would love to chat here as well. :blush:",
        "user": "U02HD0L8HAP",
        "ts": "1639418372.455200",
        "team": "TJE58GTJL",
        "user_team": "TJE58GTJL",
        "source_team": "TJE58GTJL",
        "user_profile": {
            "avatar_hash": "675c42a91f65",
            "image_72": "https:\/\/avatars.slack-edge.com\/2022-01-10\/2928364816754_675c42a91f6571f4ac6b_72.jpg",
            "first_name": "Aanchal",
            "real_name": "Aanchal Parmar",
            "display_name": "Aanchal Parmar",
            "team": "TJE58GTJL",
            "name": "aanywrites",
            "is_restricted": false,
            "is_ultra_restricted": false
        },
        "edited": {
            "user": "U02HD0L8HAP",
            "ts": "1639418429.000000"
        },
        "blocks": [
            {
                "type": "rich_text",
                "block_id": "b22=",
                "elements": [
                    {
                        "type": "rich_text_section",
                        "elements": [
                            {
                                "type": "user",
                                "user_id": "U02NDCYUHGT"
                            },
                            {
                                "type": "text",
                                "text": " That's a great coincidence I have worked with a WhatsApp marketing platform in the past as a writer through an agency. I am definitely sending you an email. Would love to chat here as well. "
                            },
                            {
                                "type": "emoji",
                                "name": "blush"
                            }
                        ]
                    }
                ]
            }
        ],
        "thread_ts": "1639413560.453100",
        "parent_user_id": "U02NDCYUHGT"
    },
    {
        "client_msg_id": "010d8646-198b-4433-add0-62bb5442b9d2",
        "type": "message",
        "text": "<@U028D815JA0> rocks!",
        "user": "U01KT0GGM0S",
        "ts": "1639418573.455500",
        "team": "TJE58GTJL",
        "user_team": "TJE58GTJL",
        "source_team": "TJE58GTJL",
        "user_profile": {
            "avatar_hash": "217e6f803494",
            "image_72": "https:\/\/avatars.slack-edge.com\/2021-01-26\/1675559919699_217e6f80349417eca8b8_72.jpg",
            "first_name": "Begum",
            "real_name": "Begum Kaya",
            "display_name": "Begum",
            "team": "TJE58GTJL",
            "name": "begumkaya94",
            "is_restricted": false,
            "is_ultra_restricted": false
        },
        "blocks": [
            {
                "type": "rich_text",
                "block_id": "cSHK",
                "elements": [
                    {
                        "type": "rich_text_section",
                        "elements": [
                            {
                                "type": "user",
                                "user_id": "U028D815JA0"
                            },
                            {
                                "type": "text",
                                "text": " rocks!"
                            }
                        ]
                    }
                ]
            }
        ],
        "thread_ts": "1639413560.453100",
        "parent_user_id": "U02NDCYUHGT"
    },
    {
        "client_msg_id": "876fbc54-1385-44ac-b01e-e90a09292736",
        "type": "message",
        "text": "Thanks, Begüm!",
        "user": "U028D815JA0",
        "ts": "1639418805.455700",
        "team": "TJE58GTJL",
        "user_team": "TJE58GTJL",
        "source_team": "TJE58GTJL",
        "user_profile": {
            "avatar_hash": "7e2cf488ec83",
            "image_72": "https:\/\/avatars.slack-edge.com\/2021-11-09\/2701205349650_7e2cf488ec8355d9ecca_72.jpg",
            "first_name": "althea",
            "real_name": "althea storm",
            "display_name": "althea storm",
            "team": "TJE58GTJL",
            "name": "altheanymphcstorm",
            "is_restricted": false,
            "is_ultra_restricted": false
        },
        "blocks": [
            {
                "type": "rich_text",
                "block_id": "RNbp",
                "elements": [
                    {
                        "type": "rich_text_section",
                        "elements": [
                            {
                                "type": "text",
                                "text": "Thanks, Begüm!"
                            }
                        ]
                    }
                ]
            }
        ],
        "thread_ts": "1639413560.453100",
        "parent_user_id": "U02NDCYUHGT"
    },
    {
        "client_msg_id": "9bff14cb-e64b-49fd-bf29-e0d8fc6e4743",
        "type": "message",
        "text": "I don't think I've ever calculated billable\/unbillable. I just work on my projects and then when I have time between projects I do maintenance\/emails etc. I don't know if its a bad idea I don't know my %, or a good one.",
        "user": "U02CVNB3X1T",
        "ts": "1639419034.456100",
        "team": "TJE58GTJL",
        "user_team": "TJE58GTJL",
        "source_team": "TJE58GTJL",
        "user_profile": {
            "avatar_hash": "a98cd79fc67b",
            "image_72": "https:\/\/avatars.slack-edge.com\/2021-12-28\/2891088304196_a98cd79fc67b29986082_72.png",
            "first_name": "Julie",
            "real_name": "Julie Simpson",
            "display_name": "Julie Simpson",
            "team": "TJE58GTJL",
            "name": "jujuklu",
            "is_restricted": false,
            "is_ultra_restricted": false
        },
        "blocks": [
            {
                "type": "rich_text",
                "block_id": "eJUz",
                "elements": [
                    {
                        "type": "rich_text_section",
                        "elements": [
                            {
                                "type": "text",
                                "text": "I don't think I've ever calculated billable\/unbillable. I just work on my projects and then when I have time between projects I do maintenance\/emails etc. I don't know if its a bad idea I don't know my %, or a good one."
                            }
                        ]
                    }
                ]
            }
        ],
        "thread_ts": "1639174209.436700",
        "parent_user_id": "U02Q67WK4LS",
        "reactions": [
            {
                "name": "point_up",
                "users": [
                    "U02P9A0LY7R"
                ],
                "count": 1
            }
        ]
    },
    {
        "client_msg_id": "dae0dfca-4033-46f6-a3af-259c6bac8e7d",
        "type": "message",
        "text": "Hey Robi, sent you an email. Thanks!",
        "user": "U02PUQ6CQRX",
        "ts": "1639425519.462400",
        "team": "TJE58GTJL",
        "user_team": "TJE58GTJL",
        "source_team": "TJE58GTJL",
        "user_profile": {
            "avatar_hash": "g6ad1273c8c4",
            "image_72": "https:\/\/secure.gravatar.com\/avatar\/6ad1273c8c4437be1c8fe8c6db97dcc2.jpg?s=72&d=https%3A%2F%2Fa.slack-edge.com%2Fdf10d%2Fimg%2Favatars%2Fava_0017-72.png",
            "first_name": "Serah",
            "real_name": "Serah Nderi",
            "display_name": "Sarah Nderi",
            "team": "TJE58GTJL",
            "name": "sarah177",
            "is_restricted": false,
            "is_ultra_restricted": false
        },
        "blocks": [
            {
                "type": "rich_text",
                "block_id": "exJp",
                "elements": [
                    {
                        "type": "rich_text_section",
                        "elements": [
                            {
                                "type": "text",
                                "text": "Hey Robi, sent you an email. Thanks!"
                            }
                        ]
                    }
                ]
            }
        ],
        "thread_ts": "1639413560.453100",
        "parent_user_id": "U02NDCYUHGT"
    }
]