[
    {
        "client_msg_id": "db8228c3-f042-4755-9c38-aaaab8c22460",
        "type": "message",
        "text": "<@U0166H7KUAZ> just messaged you!",
        "user": "U01K3VD3154",
        "ts": "1627153374.318500",
        "team": "TJE58GTJL",
        "user_team": "TJE58GTJL",
        "source_team": "TJE58GTJL",
        "user_profile": {
            "avatar_hash": "344b2bdfd4e4",
            "image_72": "https:\/\/avatars.slack-edge.com\/2021-12-24\/2880772375011_344b2bdfd4e4a027d9a5_72.png",
            "first_name": "Liana",
            "real_name": "Liana",
            "display_name": "Liana",
            "team": "TJE58GTJL",
            "name": "lianasimonyan98",
            "is_restricted": false,
            "is_ultra_restricted": false
        },
        "blocks": [
            {
                "type": "rich_text",
                "block_id": "e4+",
                "elements": [
                    {
                        "type": "rich_text_section",
                        "elements": [
                            {
                                "type": "user",
                                "user_id": "U0166H7KUAZ"
                            },
                            {
                                "type": "text",
                                "text": " just messaged you!"
                            }
                        ]
                    }
                ]
            }
        ],
        "thread_ts": "1627072544.317500",
        "parent_user_id": "U0166H7KUAZ"
    }
]