[
    {
        "client_msg_id": "9d31d7f9-9003-42e6-8f7d-3d8cfb6caac5",
        "type": "message",
        "text": "Look for the B2B Writing Podcast by  Ed Gandia or the B2B Writing Institute they offer great advice for new and aspiring freelance writers.",
        "user": "U01SP0Z5D33",
        "ts": "1639945450.499800",
        "team": "TJE58GTJL",
        "user_team": "TJE58GTJL",
        "source_team": "TJE58GTJL",
        "user_profile": {
            "avatar_hash": "828b75c9a94f",
            "image_72": "https:\/\/avatars.slack-edge.com\/2021-12-13\/2836757982275_828b75c9a94f85c85f9a_72.jpg",
            "first_name": "Mark",
            "real_name": "Mark Burdon",
            "display_name": "Mark Burdon",
            "team": "TJE58GTJL",
            "name": "mburdon",
            "is_restricted": false,
            "is_ultra_restricted": false
        },
        "blocks": [
            {
                "type": "rich_text",
                "block_id": "CsQhO",
                "elements": [
                    {
                        "type": "rich_text_section",
                        "elements": [
                            {
                                "type": "text",
                                "text": "Look for the B2B Writing Podcast by  Ed Gandia or the B2B Writing Institute they offer great advice for new and aspiring freelance writers."
                            }
                        ]
                    }
                ]
            }
        ],
        "thread_ts": "1639890850.499600",
        "parent_user_id": "U02E9FD317B"
    }
]