[
    {
        "client_msg_id": "cb75170d-911a-461c-a363-06c238a7e54d",
        "type": "message",
        "text": "hey <@U01GSK6AF0A>, I just sent you an email – I think we might be a good fit :slightly_smiling_face:",
        "user": "U0325FDR0UB",
        "ts": "1647940635.665679",
        "team": "TJE58GTJL",
        "user_team": "TJE58GTJL",
        "source_team": "TJE58GTJL",
        "user_profile": {
            "avatar_hash": "f28fc4a7a24e",
            "image_72": "https:\/\/avatars.slack-edge.com\/2022-02-11\/3093431264084_f28fc4a7a24e11762d66_72.jpg",
            "first_name": "Kasia",
            "real_name": "Kasia Kowalska",
            "display_name": "Kasia",
            "team": "TJE58GTJL",
            "name": "marketingowa.kasia",
            "is_restricted": false,
            "is_ultra_restricted": false
        },
        "blocks": [
            {
                "type": "rich_text",
                "block_id": "jpf",
                "elements": [
                    {
                        "type": "rich_text_section",
                        "elements": [
                            {
                                "type": "text",
                                "text": "hey "
                            },
                            {
                                "type": "user",
                                "user_id": "U01GSK6AF0A"
                            },
                            {
                                "type": "text",
                                "text": ", I just sent you an email – I think we might be a good fit "
                            },
                            {
                                "type": "emoji",
                                "name": "slightly_smiling_face"
                            }
                        ]
                    }
                ]
            }
        ],
        "thread_ts": "1647889715.009199",
        "parent_user_id": "U01GSK6AF0A"
    },
    {
        "client_msg_id": "1e31ed26-4b78-43aa-aa68-919ceea43b62",
        "type": "message",
        "text": "Sent an email your way <@U01GSK6AF0A> - but it looks like you already have some great options here!",
        "user": "U030TFJMQ74",
        "ts": "1647959951.696929",
        "team": "TJE58GTJL",
        "user_team": "TJE58GTJL",
        "source_team": "TJE58GTJL",
        "user_profile": {
            "avatar_hash": "57abab855383",
            "image_72": "https:\/\/avatars.slack-edge.com\/2022-01-29\/3024742267221_57abab855383708e9560_72.jpg",
            "first_name": "Dylan",
            "real_name": "Dylan Miller",
            "display_name": "Dylan Miller",
            "team": "TJE58GTJL",
            "name": "dylan031",
            "is_restricted": false,
            "is_ultra_restricted": false
        },
        "blocks": [
            {
                "type": "rich_text",
                "block_id": "UoqaM",
                "elements": [
                    {
                        "type": "rich_text_section",
                        "elements": [
                            {
                                "type": "text",
                                "text": "Sent an email your way "
                            },
                            {
                                "type": "user",
                                "user_id": "U01GSK6AF0A"
                            },
                            {
                                "type": "text",
                                "text": " - but it looks like you already have some great options here!"
                            }
                        ]
                    }
                ]
            }
        ],
        "thread_ts": "1647889715.009199",
        "parent_user_id": "U01GSK6AF0A"
    },
    {
        "client_msg_id": "095D3A5A-9234-4D15-A92E-9AFBA8BB3E36",
        "type": "message",
        "text": "I work write about Digital Transformation every single day. It’s essentially all I read about too. \n\nLet me send you my portfolio! I’d be a *great* fit for this role!",
        "user": "U034WF55SDT",
        "ts": "1647972664.089719",
        "team": "TJE58GTJL",
        "user_team": "TJE58GTJL",
        "source_team": "TJE58GTJL",
        "user_profile": {
            "avatar_hash": "g93bfd807b65",
            "image_72": "https:\/\/secure.gravatar.com\/avatar\/93bfd807b65a85226292a62d4f2acb58.jpg?s=72&d=https%3A%2F%2Fa.slack-edge.com%2Fdf10d%2Fimg%2Favatars%2Fava_0017-72.png",
            "first_name": "Bani",
            "real_name": "Bani Kaur",
            "display_name": "",
            "team": "TJE58GTJL",
            "name": "banikaur1997",
            "is_restricted": false,
            "is_ultra_restricted": false
        },
        "blocks": [
            {
                "type": "rich_text",
                "block_id": "=yjrC",
                "elements": [
                    {
                        "type": "rich_text_section",
                        "elements": [
                            {
                                "type": "text",
                                "text": "I work write about Digital Transformation every single day. It’s essentially all I read about too. \n"
                            },
                            {
                                "type": "text",
                                "text": "\n"
                            },
                            {
                                "type": "text",
                                "text": "Let me send you my portfolio! I’d be a "
                            },
                            {
                                "type": "text",
                                "text": "great",
                                "style": {
                                    "bold": true
                                }
                            },
                            {
                                "type": "text",
                                "text": " fit for this role!"
                            }
                        ]
                    }
                ]
            }
        ],
        "thread_ts": "1647889715.009199",
        "parent_user_id": "U01GSK6AF0A"
    },
    {
        "client_msg_id": "a1e6e79a-749a-4252-8422-9d903877e6ca",
        "type": "message",
        "text": "It wasn't stolen after all....it's gone for good though.",
        "user": "U02S2UZU3D3",
        "ts": "1647978124.030709",
        "team": "TJE58GTJL",
        "user_team": "TJE58GTJL",
        "source_team": "TJE58GTJL",
        "user_profile": {
            "avatar_hash": "a8ea5d586528",
            "image_72": "https:\/\/avatars.slack-edge.com\/2021-12-28\/2914047553904_a8ea5d5865287bb07a74_72.jpg",
            "first_name": "Amanda",
            "real_name": "Amanda Hoyer",
            "display_name": "Amanda Hoyer",
            "team": "TJE58GTJL",
            "name": "amandahoyer2",
            "is_restricted": false,
            "is_ultra_restricted": false
        },
        "blocks": [
            {
                "type": "rich_text",
                "block_id": "cWM",
                "elements": [
                    {
                        "type": "rich_text_section",
                        "elements": [
                            {
                                "type": "text",
                                "text": "It wasn't stolen after all....it's gone for good though."
                            }
                        ]
                    }
                ]
            }
        ],
        "thread_ts": "1647817059.652409",
        "parent_user_id": "USLACKBOT",
        "reactions": [
            {
                "name": "eyes",
                "users": [
                    "U02GMMQ281W"
                ],
                "count": 1
            }
        ]
    },
    {
        "client_msg_id": "c19dbf1a-13b9-44b5-a0da-12d44c96b57d",
        "type": "message",
        "text": "Hey Alison! I'm restarting a small B2B publication for the coffee industry and Skift is a huge inspiration. Love what y'all are up to!",
        "user": "U019UEW7AQ2",
        "ts": "1647984510.764399",
        "team": "TJE58GTJL",
        "user_team": "TJE58GTJL",
        "source_team": "TJE58GTJL",
        "user_profile": {
            "avatar_hash": "g30badcb245c",
            "image_72": "https:\/\/secure.gravatar.com\/avatar\/30badcb245c82ae168c1c8b62022a13c.jpg?s=72&d=https%3A%2F%2Fa.slack-edge.com%2Fdf10d%2Fimg%2Favatars%2Fava_0013-72.png",
            "first_name": "Garrett",
            "real_name": "Garrett Oden",
            "display_name": "",
            "team": "TJE58GTJL",
            "name": "garrett.l.oden",
            "is_restricted": false,
            "is_ultra_restricted": false
        },
        "blocks": [
            {
                "type": "rich_text",
                "block_id": "9iz",
                "elements": [
                    {
                        "type": "rich_text_section",
                        "elements": [
                            {
                                "type": "text",
                                "text": "Hey Alison! I'm restarting a small B2B publication for the coffee industry and Skift is a huge inspiration. Love what y'all are up to!"
                            }
                        ]
                    }
                ]
            }
        ],
        "thread_ts": "1647889715.009199",
        "parent_user_id": "U01GSK6AF0A"
    }
]