[
    {
        "type": "message",
        "text": "Hi everyone, my buddy Peep is hiring a Demand Gen Manager for his startup <http:\/\/wynter.com|wynter.com> (you might have heard about it). If you know anyone in your circle who might be interested, please DM me so I can pass on the reference! Thank you :heart:\n\nHere are the requirements, pay is $70k – $90k, position remote.",
        "files": [
            {
                "id": "F02T7LS9NMT",
                "created": 1641808691,
                "timestamp": 1641808691,
                "name": "Wynter Job Post.png",
                "title": "Wynter Job Post.png",
                "mimetype": "image\/png",
                "filetype": "png",
                "pretty_type": "PNG",
                "user": "U02FSAADN2E",
                "editable": false,
                "size": 63575,
                "mode": "hosted",
                "is_external": false,
                "external_type": "",
                "is_public": true,
                "public_url_shared": false,
                "display_as_bot": false,
                "username": "",
                "url_private": "https:\/\/files.slack.com\/files-pri\/TJE58GTJL-F02T7LS9NMT\/wynter_job_post.png?t=xoxe-626178571632-3467451922035-3469800396036-b45365c7edcd0220272aa8a422c2b82f",
                "url_private_download": "https:\/\/files.slack.com\/files-pri\/TJE58GTJL-F02T7LS9NMT\/download\/wynter_job_post.png?t=xoxe-626178571632-3467451922035-3469800396036-b45365c7edcd0220272aa8a422c2b82f",
                "media_display_type": "unknown",
                "thumb_64": "https:\/\/files.slack.com\/files-tmb\/TJE58GTJL-F02T7LS9NMT-5898f2be6f\/wynter_job_post_64.png?t=xoxe-626178571632-3467451922035-3469800396036-b45365c7edcd0220272aa8a422c2b82f",
                "thumb_80": "https:\/\/files.slack.com\/files-tmb\/TJE58GTJL-F02T7LS9NMT-5898f2be6f\/wynter_job_post_80.png?t=xoxe-626178571632-3467451922035-3469800396036-b45365c7edcd0220272aa8a422c2b82f",
                "thumb_360": "https:\/\/files.slack.com\/files-tmb\/TJE58GTJL-F02T7LS9NMT-5898f2be6f\/wynter_job_post_360.png?t=xoxe-626178571632-3467451922035-3469800396036-b45365c7edcd0220272aa8a422c2b82f",
                "thumb_360_w": 356,
                "thumb_360_h": 360,
                "thumb_480": "https:\/\/files.slack.com\/files-tmb\/TJE58GTJL-F02T7LS9NMT-5898f2be6f\/wynter_job_post_480.png?t=xoxe-626178571632-3467451922035-3469800396036-b45365c7edcd0220272aa8a422c2b82f",
                "thumb_480_w": 474,
                "thumb_480_h": 480,
                "thumb_160": "https:\/\/files.slack.com\/files-tmb\/TJE58GTJL-F02T7LS9NMT-5898f2be6f\/wynter_job_post_160.png?t=xoxe-626178571632-3467451922035-3469800396036-b45365c7edcd0220272aa8a422c2b82f",
                "original_w": 641,
                "original_h": 649,
                "thumb_tiny": "AwAwAC\/QPHc0gODnJpz02gB+72\/WjJ9P1pmfYflS8e3\/AHzQA7J9P1pQcim\/5+7TgMCgBrCm4PpSsAD3\/OlyccCgBNpo2n\/Jpct6UZb0oAMH0\/WlGf8AJoBPcUtADXpoPtTmBNN2n0oAXj2o49qTafSnAN60AJx7U4DAoAYd6UZ70Af\/2Q==",
                "permalink": "https:\/\/content-career-growth.slack.com\/files\/U02FSAADN2E\/F02T7LS9NMT\/wynter_job_post.png",
                "permalink_public": "https:\/\/slack-files.com\/TJE58GTJL-F02T7LS9NMT-614b8411ad",
                "is_starred": false,
                "has_rich_preview": false
            }
        ],
        "upload": false,
        "user": "U02FSAADN2E",
        "display_as_bot": false,
        "ts": "1641808694.040900",
        "blocks": [
            {
                "type": "rich_text",
                "block_id": "7hpV",
                "elements": [
                    {
                        "type": "rich_text_section",
                        "elements": [
                            {
                                "type": "text",
                                "text": "Hi everyone, my buddy Peep is hiring a Demand Gen Manager for his startup "
                            },
                            {
                                "type": "link",
                                "url": "http:\/\/wynter.com",
                                "text": "wynter.com"
                            },
                            {
                                "type": "text",
                                "text": " (you might have heard about it). If you know anyone in your circle who might be interested, please DM me so I can pass on the reference! Thank you "
                            },
                            {
                                "type": "emoji",
                                "name": "heart"
                            },
                            {
                                "type": "text",
                                "text": "\n\nHere are the requirements, pay is $70k – $90k, position remote."
                            }
                        ]
                    }
                ]
            }
        ],
        "client_msg_id": "4330674f-db65-430e-a6ae-41511618c6a2",
        "reactions": [
            {
                "name": "eyes",
                "users": [
                    "U01PXN2LGAK"
                ],
                "count": 1
            }
        ]
    },
    {
        "client_msg_id": "ca2d71c6-21fb-46ae-bac1-13d81f95c73b",
        "type": "message",
        "text": "Anyone looking for pro bono content strategy\/SEO work? I've got 3+ years of experience (stemming from 5+ years in the field as a content writer) and have generated these results for my current employer (screenshots attached):\n\n\n• :ballot_box_with_check: 190% increase organic MQLs (MQL = lead that requested a demo) \n• :ballot_box_with_check: Strongest year for organic leads \n• :ballot_box_with_check:149% increase in Avg. session duration \n• :ballot_box_with_check:15.23% bounce rate reduction\n• :ballot_box_with_check: 24% increase in pageviews\nCatch is I'd like to to use our project together as a case study and talk about it in my own content. If you're interested, get in touch or reach me on @<mailto:hassancopywrite@gmail.com|hassancopywrite@gmail.com>",
        "user": "U02L06UKN8L",
        "ts": "1641810507.043800",
        "team": "TJE58GTJL",
        "user_team": "TJE58GTJL",
        "source_team": "TJE58GTJL",
        "user_profile": {
            "avatar_hash": "g30e3430eb5f",
            "image_72": "https:\/\/secure.gravatar.com\/avatar\/30e3430eb5fd14e0bdd645b515d2b55d.jpg?s=72&d=https%3A%2F%2Fa.slack-edge.com%2Fdf10d%2Fimg%2Favatars%2Fava_0015-72.png",
            "first_name": "Hassan",
            "real_name": "Hassan Uddeen",
            "display_name": "",
            "team": "TJE58GTJL",
            "name": "hassancopywrite",
            "is_restricted": false,
            "is_ultra_restricted": false
        },
        "edited": {
            "user": "U02L06UKN8L",
            "ts": "1641810580.000000"
        },
        "blocks": [
            {
                "type": "rich_text",
                "block_id": "zNk7",
                "elements": [
                    {
                        "type": "rich_text_section",
                        "elements": [
                            {
                                "type": "text",
                                "text": "Anyone looking for pro bono content strategy\/SEO work? I've got 3+ years of experience (stemming from 5+ years in the field as a content writer) and have generated these results for my current employer (screenshots attached):\n\n\n"
                            }
                        ]
                    },
                    {
                        "type": "rich_text_list",
                        "elements": [
                            {
                                "type": "rich_text_section",
                                "elements": [
                                    {
                                        "type": "emoji",
                                        "name": "ballot_box_with_check"
                                    },
                                    {
                                        "type": "text",
                                        "text": " 190% increase organic MQLs (MQL = lead that requested a demo) "
                                    }
                                ]
                            },
                            {
                                "type": "rich_text_section",
                                "elements": [
                                    {
                                        "type": "emoji",
                                        "name": "ballot_box_with_check"
                                    },
                                    {
                                        "type": "text",
                                        "text": " Strongest year for organic leads "
                                    }
                                ]
                            },
                            {
                                "type": "rich_text_section",
                                "elements": [
                                    {
                                        "type": "emoji",
                                        "name": "ballot_box_with_check"
                                    },
                                    {
                                        "type": "text",
                                        "text": "149% increase in Avg. session duration "
                                    }
                                ]
                            },
                            {
                                "type": "rich_text_section",
                                "elements": [
                                    {
                                        "type": "emoji",
                                        "name": "ballot_box_with_check"
                                    },
                                    {
                                        "type": "text",
                                        "text": "15.23% bounce rate reduction"
                                    }
                                ]
                            },
                            {
                                "type": "rich_text_section",
                                "elements": [
                                    {
                                        "type": "emoji",
                                        "name": "ballot_box_with_check"
                                    },
                                    {
                                        "type": "text",
                                        "text": " 24% increase in pageviews"
                                    }
                                ]
                            }
                        ],
                        "style": "bullet",
                        "indent": 0,
                        "border": 0
                    },
                    {
                        "type": "rich_text_section",
                        "elements": [
                            {
                                "type": "text",
                                "text": "\nCatch is I'd like to to use our project together as a case study and talk about it in my own content. If you're interested, get in touch or reach me on @"
                            },
                            {
                                "type": "link",
                                "url": "mailto:hassancopywrite@gmail.com",
                                "text": "hassancopywrite@gmail.com"
                            }
                        ]
                    }
                ]
            }
        ]
    },
    {
        "type": "message",
        "text": "",
        "files": [
            {
                "id": "F02U0H3C76C",
                "created": 1641811721,
                "timestamp": 1641811721,
                "name": "CTA for Totara branded searches.png",
                "title": "CTA for Totara branded searches.png",
                "mimetype": "image\/jpeg",
                "filetype": "jpg",
                "pretty_type": "JPEG",
                "user": "U02L06UKN8L",
                "editable": false,
                "size": 35632,
                "mode": "hosted",
                "is_external": false,
                "external_type": "",
                "is_public": true,
                "public_url_shared": false,
                "display_as_bot": false,
                "username": "",
                "url_private": "https:\/\/files.slack.com\/files-pri\/TJE58GTJL-F02U0H3C76C\/cta_for_totara_branded_searches.png?t=xoxe-626178571632-3467451922035-3469800396036-b45365c7edcd0220272aa8a422c2b82f",
                "url_private_download": "https:\/\/files.slack.com\/files-pri\/TJE58GTJL-F02U0H3C76C\/download\/cta_for_totara_branded_searches.png?t=xoxe-626178571632-3467451922035-3469800396036-b45365c7edcd0220272aa8a422c2b82f",
                "media_display_type": "unknown",
                "thumb_64": "https:\/\/files.slack.com\/files-tmb\/TJE58GTJL-F02U0H3C76C-f98dba73dc\/cta_for_totara_branded_searches_64.jpg?t=xoxe-626178571632-3467451922035-3469800396036-b45365c7edcd0220272aa8a422c2b82f",
                "thumb_80": "https:\/\/files.slack.com\/files-tmb\/TJE58GTJL-F02U0H3C76C-f98dba73dc\/cta_for_totara_branded_searches_80.jpg?t=xoxe-626178571632-3467451922035-3469800396036-b45365c7edcd0220272aa8a422c2b82f",
                "thumb_360": "https:\/\/files.slack.com\/files-tmb\/TJE58GTJL-F02U0H3C76C-f98dba73dc\/cta_for_totara_branded_searches_360.jpg?t=xoxe-626178571632-3467451922035-3469800396036-b45365c7edcd0220272aa8a422c2b82f",
                "thumb_360_w": 360,
                "thumb_360_h": 95,
                "thumb_480": "https:\/\/files.slack.com\/files-tmb\/TJE58GTJL-F02U0H3C76C-f98dba73dc\/cta_for_totara_branded_searches_480.jpg?t=xoxe-626178571632-3467451922035-3469800396036-b45365c7edcd0220272aa8a422c2b82f",
                "thumb_480_w": 480,
                "thumb_480_h": 126,
                "thumb_160": "https:\/\/files.slack.com\/files-tmb\/TJE58GTJL-F02U0H3C76C-f98dba73dc\/cta_for_totara_branded_searches_160.jpg?t=xoxe-626178571632-3467451922035-3469800396036-b45365c7edcd0220272aa8a422c2b82f",
                "thumb_720": "https:\/\/files.slack.com\/files-tmb\/TJE58GTJL-F02U0H3C76C-f98dba73dc\/cta_for_totara_branded_searches_720.jpg?t=xoxe-626178571632-3467451922035-3469800396036-b45365c7edcd0220272aa8a422c2b82f",
                "thumb_720_w": 720,
                "thumb_720_h": 189,
                "thumb_800": "https:\/\/files.slack.com\/files-tmb\/TJE58GTJL-F02U0H3C76C-f98dba73dc\/cta_for_totara_branded_searches_800.jpg?t=xoxe-626178571632-3467451922035-3469800396036-b45365c7edcd0220272aa8a422c2b82f",
                "thumb_800_w": 800,
                "thumb_800_h": 210,
                "original_w": 867,
                "original_h": 228,
                "thumb_tiny": "AwAMADDTFFIaKADijiij8aADPpS80lFAH\/\/Z",
                "permalink": "https:\/\/content-career-growth.slack.com\/files\/U02L06UKN8L\/F02U0H3C76C\/cta_for_totara_branded_searches.png",
                "permalink_public": "https:\/\/slack-files.com\/TJE58GTJL-F02U0H3C76C-8969e26872",
                "is_starred": false,
                "has_rich_preview": false
            },
            {
                "id": "F02TPEL4Q01",
                "created": 1641811722,
                "timestamp": 1641811722,
                "name": "results screenshot GSC Totara impressions.png",
                "title": "results screenshot GSC Totara impressions.png",
                "mimetype": "image\/png",
                "filetype": "png",
                "pretty_type": "PNG",
                "user": "U02L06UKN8L",
                "editable": false,
                "size": 43915,
                "mode": "hosted",
                "is_external": false,
                "external_type": "",
                "is_public": true,
                "public_url_shared": false,
                "display_as_bot": false,
                "username": "",
                "url_private": "https:\/\/files.slack.com\/files-pri\/TJE58GTJL-F02TPEL4Q01\/results_screenshot_gsc_totara_impressions.png?t=xoxe-626178571632-3467451922035-3469800396036-b45365c7edcd0220272aa8a422c2b82f",
                "url_private_download": "https:\/\/files.slack.com\/files-pri\/TJE58GTJL-F02TPEL4Q01\/download\/results_screenshot_gsc_totara_impressions.png?t=xoxe-626178571632-3467451922035-3469800396036-b45365c7edcd0220272aa8a422c2b82f",
                "media_display_type": "unknown",
                "thumb_64": "https:\/\/files.slack.com\/files-tmb\/TJE58GTJL-F02TPEL4Q01-889e860582\/results_screenshot_gsc_totara_impressions_64.png?t=xoxe-626178571632-3467451922035-3469800396036-b45365c7edcd0220272aa8a422c2b82f",
                "thumb_80": "https:\/\/files.slack.com\/files-tmb\/TJE58GTJL-F02TPEL4Q01-889e860582\/results_screenshot_gsc_totara_impressions_80.png?t=xoxe-626178571632-3467451922035-3469800396036-b45365c7edcd0220272aa8a422c2b82f",
                "thumb_360": "https:\/\/files.slack.com\/files-tmb\/TJE58GTJL-F02TPEL4Q01-889e860582\/results_screenshot_gsc_totara_impressions_360.png?t=xoxe-626178571632-3467451922035-3469800396036-b45365c7edcd0220272aa8a422c2b82f",
                "thumb_360_w": 360,
                "thumb_360_h": 159,
                "thumb_480": "https:\/\/files.slack.com\/files-tmb\/TJE58GTJL-F02TPEL4Q01-889e860582\/results_screenshot_gsc_totara_impressions_480.png?t=xoxe-626178571632-3467451922035-3469800396036-b45365c7edcd0220272aa8a422c2b82f",
                "thumb_480_w": 480,
                "thumb_480_h": 213,
                "thumb_160": "https:\/\/files.slack.com\/files-tmb\/TJE58GTJL-F02TPEL4Q01-889e860582\/results_screenshot_gsc_totara_impressions_160.png?t=xoxe-626178571632-3467451922035-3469800396036-b45365c7edcd0220272aa8a422c2b82f",
                "thumb_720": "https:\/\/files.slack.com\/files-tmb\/TJE58GTJL-F02TPEL4Q01-889e860582\/results_screenshot_gsc_totara_impressions_720.png?t=xoxe-626178571632-3467451922035-3469800396036-b45365c7edcd0220272aa8a422c2b82f",
                "thumb_720_w": 720,
                "thumb_720_h": 319,
                "thumb_800": "https:\/\/files.slack.com\/files-tmb\/TJE58GTJL-F02TPEL4Q01-889e860582\/results_screenshot_gsc_totara_impressions_800.png?t=xoxe-626178571632-3467451922035-3469800396036-b45365c7edcd0220272aa8a422c2b82f",
                "thumb_800_w": 800,
                "thumb_800_h": 354,
                "thumb_960": "https:\/\/files.slack.com\/files-tmb\/TJE58GTJL-F02TPEL4Q01-889e860582\/results_screenshot_gsc_totara_impressions_960.png?t=xoxe-626178571632-3467451922035-3469800396036-b45365c7edcd0220272aa8a422c2b82f",
                "thumb_960_w": 960,
                "thumb_960_h": 425,
                "thumb_1024": "https:\/\/files.slack.com\/files-tmb\/TJE58GTJL-F02TPEL4Q01-889e860582\/results_screenshot_gsc_totara_impressions_1024.png?t=xoxe-626178571632-3467451922035-3469800396036-b45365c7edcd0220272aa8a422c2b82f",
                "thumb_1024_w": 1024,
                "thumb_1024_h": 454,
                "original_w": 1357,
                "original_h": 601,
                "thumb_tiny": "AwAVADCYxy8\/K2frUZim3fdfHsa0CQOpxSFxnABP0q+diSsVrNJFL7wRnGM1bqPe392jzD3FJ3Y7jxnvS1EXc9AB+tOTcSdxz+FKwD8UYoopAFFFFABRRRQB\/9k=",
                "permalink": "https:\/\/content-career-growth.slack.com\/files\/U02L06UKN8L\/F02TPEL4Q01\/results_screenshot_gsc_totara_impressions.png",
                "permalink_public": "https:\/\/slack-files.com\/TJE58GTJL-F02TPEL4Q01-74993b31cc",
                "is_starred": false,
                "has_rich_preview": false
            }
        ],
        "upload": false,
        "user": "U02L06UKN8L",
        "ts": "1641811726.044100",
        "client_msg_id": "e8d27daa-5ac4-44f6-b169-6959fd24bb9f"
    },
    {
        "client_msg_id": "781002cc-1f02-4253-b67c-75a0e17fbdc2",
        "type": "message",
        "text": "I use wave, and just tried out a free version of Honeybooks...and HB was just wayyyy more than I needed, and I didn't want to pay for what I didn't need. However, I think that maybe it would work if I needed additional services to track like proposals\/contracts. Since I'm a one person band, it's easy with Wave, but if I had freelancers working with me or if I had to track a pipeline I would consider adding it.",
        "user": "U02CVNB3X1T",
        "ts": "1641824359.044600",
        "team": "TJE58GTJL",
        "user_team": "TJE58GTJL",
        "source_team": "TJE58GTJL",
        "user_profile": {
            "avatar_hash": "a98cd79fc67b",
            "image_72": "https:\/\/avatars.slack-edge.com\/2021-12-28\/2891088304196_a98cd79fc67b29986082_72.png",
            "first_name": "Julie",
            "real_name": "Julie Simpson",
            "display_name": "Julie Simpson",
            "team": "TJE58GTJL",
            "name": "jujuklu",
            "is_restricted": false,
            "is_ultra_restricted": false
        },
        "blocks": [
            {
                "type": "rich_text",
                "block_id": "YKL",
                "elements": [
                    {
                        "type": "rich_text_section",
                        "elements": [
                            {
                                "type": "text",
                                "text": "I use wave, and just tried out a free version of Honeybooks...and HB was just wayyyy more than I needed, and I didn't want to pay for what I didn't need. However, I think that maybe it would work if I needed additional services to track like proposals\/contracts. Since I'm a one person band, it's easy with Wave, but if I had freelancers working with me or if I had to track a pipeline I would consider adding it."
                            }
                        ]
                    }
                ]
            }
        ],
        "thread_ts": "1641580414.027700",
        "parent_user_id": "U02SU2BECCA",
        "reactions": [
            {
                "name": "+1::skin-tone-2",
                "users": [
                    "U02SU2BECCA"
                ],
                "count": 1
            }
        ]
    },
    {
        "client_msg_id": "31832a8e-d10e-43b3-85be-0220987a6d9c",
        "type": "message",
        "text": "Hey everyone, I'm looking for a freelance performance marketer to work with on some client projects. Mostly Facebook and Twitter ads. Is there anyone I should chat to?",
        "user": "U01MW6DPU72",
        "ts": "1641824721.045500",
        "team": "TJE58GTJL",
        "user_team": "TJE58GTJL",
        "source_team": "TJE58GTJL",
        "user_profile": {
            "avatar_hash": "g2ab21f412c3",
            "image_72": "https:\/\/secure.gravatar.com\/avatar\/2ab21f412c3215ee2b3c2994772c589e.jpg?s=72&d=https%3A%2F%2Fa.slack-edge.com%2Fdf10d%2Fimg%2Favatars%2Fava_0024-72.png",
            "first_name": "Araminta",
            "real_name": "Araminta Robertson",
            "display_name": "Araminta Robertson",
            "team": "TJE58GTJL",
            "name": "robertsona98",
            "is_restricted": false,
            "is_ultra_restricted": false
        },
        "blocks": [
            {
                "type": "rich_text",
                "block_id": "cHb",
                "elements": [
                    {
                        "type": "rich_text_section",
                        "elements": [
                            {
                                "type": "text",
                                "text": "Hey everyone, I'm looking for a freelance performance marketer to work with on some client projects. Mostly Facebook and Twitter ads. Is there anyone I should chat to?"
                            }
                        ]
                    }
                ]
            }
        ],
        "reactions": [
            {
                "name": "+1",
                "users": [
                    "U01TB1SDD61"
                ],
                "count": 1
            }
        ]
    },
    {
        "client_msg_id": "19da52ec-d71c-4245-ba0d-7970cbdea974",
        "type": "message",
        "text": "Hey <@U02CVNB3X1T> We just hosted a free niching webinar in December with great ideas and stories about how writers make this happen... <https:\/\/b2bwritinginstitute.podia.com\/058bc034-e620-446f-b511-86c75bfe248b>",
        "user": "U01K0BWEQD6",
        "ts": "1641829251.045800",
        "team": "TJE58GTJL",
        "user_team": "TJE58GTJL",
        "source_team": "TJE58GTJL",
        "user_profile": {
            "avatar_hash": "1d4a27b0b808",
            "image_72": "https:\/\/avatars.slack-edge.com\/2021-01-12\/1637132909412_1d4a27b0b8085cc784f5_72.jpg",
            "first_name": "Sarah",
            "real_name": "Sarah Greesonbach",
            "display_name": "Sarah Greesonbach",
            "team": "TJE58GTJL",
            "name": "hello317",
            "is_restricted": false,
            "is_ultra_restricted": false
        },
        "blocks": [
            {
                "type": "rich_text",
                "block_id": "GWI",
                "elements": [
                    {
                        "type": "rich_text_section",
                        "elements": [
                            {
                                "type": "text",
                                "text": "Hey "
                            },
                            {
                                "type": "user",
                                "user_id": "U02CVNB3X1T"
                            },
                            {
                                "type": "text",
                                "text": " We just hosted a free niching webinar in December with great ideas and stories about how writers make this happen... "
                            },
                            {
                                "type": "link",
                                "url": "https:\/\/b2bwritinginstitute.podia.com\/058bc034-e620-446f-b511-86c75bfe248b"
                            }
                        ]
                    }
                ]
            }
        ],
        "thread_ts": "1640033680.010300",
        "parent_user_id": "U02CVNB3X1T",
        "reactions": [
            {
                "name": "+1",
                "users": [
                    "U02CVNB3X1T"
                ],
                "count": 1
            }
        ]
    },
    {
        "type": "message",
        "text": "",
        "files": [
            {
                "id": "F02T9BRKRJR",
                "created": 1641829266,
                "timestamp": 1641829266,
                "name": "B2BWI-Lecture-Smorgasbord copy.png",
                "title": "B2BWI-Lecture-Smorgasbord copy.png",
                "mimetype": "image\/png",
                "filetype": "png",
                "pretty_type": "PNG",
                "user": "U01K0BWEQD6",
                "editable": false,
                "size": 321621,
                "mode": "hosted",
                "is_external": false,
                "external_type": "",
                "is_public": true,
                "public_url_shared": false,
                "display_as_bot": false,
                "username": "",
                "url_private": "https:\/\/files.slack.com\/files-pri\/TJE58GTJL-F02T9BRKRJR\/b2bwi-lecture-smorgasbord_copy.png?t=xoxe-626178571632-3467451922035-3469800396036-b45365c7edcd0220272aa8a422c2b82f",
                "url_private_download": "https:\/\/files.slack.com\/files-pri\/TJE58GTJL-F02T9BRKRJR\/download\/b2bwi-lecture-smorgasbord_copy.png?t=xoxe-626178571632-3467451922035-3469800396036-b45365c7edcd0220272aa8a422c2b82f",
                "media_display_type": "unknown",
                "thumb_64": "https:\/\/files.slack.com\/files-tmb\/TJE58GTJL-F02T9BRKRJR-4fd792df79\/b2bwi-lecture-smorgasbord_copy_64.png?t=xoxe-626178571632-3467451922035-3469800396036-b45365c7edcd0220272aa8a422c2b82f",
                "thumb_80": "https:\/\/files.slack.com\/files-tmb\/TJE58GTJL-F02T9BRKRJR-4fd792df79\/b2bwi-lecture-smorgasbord_copy_80.png?t=xoxe-626178571632-3467451922035-3469800396036-b45365c7edcd0220272aa8a422c2b82f",
                "thumb_360": "https:\/\/files.slack.com\/files-tmb\/TJE58GTJL-F02T9BRKRJR-4fd792df79\/b2bwi-lecture-smorgasbord_copy_360.png?t=xoxe-626178571632-3467451922035-3469800396036-b45365c7edcd0220272aa8a422c2b82f",
                "thumb_360_w": 360,
                "thumb_360_h": 240,
                "thumb_480": "https:\/\/files.slack.com\/files-tmb\/TJE58GTJL-F02T9BRKRJR-4fd792df79\/b2bwi-lecture-smorgasbord_copy_480.png?t=xoxe-626178571632-3467451922035-3469800396036-b45365c7edcd0220272aa8a422c2b82f",
                "thumb_480_w": 480,
                "thumb_480_h": 320,
                "thumb_160": "https:\/\/files.slack.com\/files-tmb\/TJE58GTJL-F02T9BRKRJR-4fd792df79\/b2bwi-lecture-smorgasbord_copy_160.png?t=xoxe-626178571632-3467451922035-3469800396036-b45365c7edcd0220272aa8a422c2b82f",
                "thumb_720": "https:\/\/files.slack.com\/files-tmb\/TJE58GTJL-F02T9BRKRJR-4fd792df79\/b2bwi-lecture-smorgasbord_copy_720.png?t=xoxe-626178571632-3467451922035-3469800396036-b45365c7edcd0220272aa8a422c2b82f",
                "thumb_720_w": 720,
                "thumb_720_h": 480,
                "thumb_800": "https:\/\/files.slack.com\/files-tmb\/TJE58GTJL-F02T9BRKRJR-4fd792df79\/b2bwi-lecture-smorgasbord_copy_800.png?t=xoxe-626178571632-3467451922035-3469800396036-b45365c7edcd0220272aa8a422c2b82f",
                "thumb_800_w": 800,
                "thumb_800_h": 534,
                "thumb_960": "https:\/\/files.slack.com\/files-tmb\/TJE58GTJL-F02T9BRKRJR-4fd792df79\/b2bwi-lecture-smorgasbord_copy_960.png?t=xoxe-626178571632-3467451922035-3469800396036-b45365c7edcd0220272aa8a422c2b82f",
                "thumb_960_w": 960,
                "thumb_960_h": 640,
                "original_w": 1000,
                "original_h": 667,
                "thumb_tiny": "AwAgADCrHEWUna59CBmpBDngrLj3WnRECJcuVOCeM+tKGARv3pOeh54xVE3IvI4\/1cv\/AHzUfkS\/882\/KrOeQfNPGD35oZvnP744J9DTC5W8iX\/nm35U1kZDhlI+tWyc4HmsM9Bg0XCiVFkU8KMEHrQFyuszKoACnHTK5p3nt\/dj\/wC+ahooGTee392P0+7QZ2GPljz1+7UNKRljQBKs7n+FP++auQBinzBQOoAGKgtoN3zMPlHQetTJ53ybs9fm+lZTl0QWP\/\/Z",
                "permalink": "https:\/\/content-career-growth.slack.com\/files\/U01K0BWEQD6\/F02T9BRKRJR\/b2bwi-lecture-smorgasbord_copy.png",
                "permalink_public": "https:\/\/slack-files.com\/TJE58GTJL-F02T9BRKRJR-eafd7dcac9",
                "is_starred": false,
                "has_rich_preview": false
            }
        ],
        "upload": false,
        "user": "U01K0BWEQD6",
        "display_as_bot": false,
        "ts": "1641829269.046200",
        "client_msg_id": "4d189c6f-d8b5-44e7-8c66-5cf450ee01ab",
        "thread_ts": "1640033680.010300",
        "parent_user_id": "U02CVNB3X1T"
    },
    {
        "client_msg_id": "980ae49e-8b1e-49a1-946f-f7bb76e95e35",
        "type": "message",
        "text": "Since I've heard this topic come up a few times in different freelance communities, wanted to share a free <https:\/\/my.demio.com\/ref\/IzdMrLuHJdKSPokk|workshop on value-based pricing> that I found useful. A few notes for the sake of transparency:\n\n1. Yes, it's gated. But worth it IMO.\n2. The company behind it, IndeCollective, is recruiting for their next 10-week, cohort-based program for freelancers right now (starts end of March). You may hear from their founder, Sam, if you sign up for this. I can confirm that Sam is a wonderful human and entrepreneur and really just wants to build a strong community of independents\n3. I was part of IndeCollective's Fall cohort. I learned so much about building and growing my business during those 10 weeks, made so many new friends, and even ended up with some really fun client work from other members",
        "user": "U02C37FQVL5",
        "ts": "1641830545.056100",
        "team": "TJE58GTJL",
        "user_team": "TJE58GTJL",
        "source_team": "TJE58GTJL",
        "user_profile": {
            "avatar_hash": "f69427a863f2",
            "image_72": "https:\/\/avatars.slack-edge.com\/2021-09-23\/2549358724416_f69427a863f2254e8a79_72.jpg",
            "first_name": "Alyssa",
            "real_name": "Alyssa Greenfield",
            "display_name": "",
            "team": "TJE58GTJL",
            "name": "alyssa961",
            "is_restricted": false,
            "is_ultra_restricted": false
        },
        "attachments": [
            {
                "from_url": "https:\/\/my.demio.com\/ref\/IzdMrLuHJdKSPokk",
                "thumb_url": "https:\/\/my.demio.com\/global\/images\/register\/default-og.jpg",
                "thumb_width": 1200,
                "thumb_height": 630,
                "service_icon": "https:\/\/cdn.demio.com\/production\/dashboard\/img\/favicon.png",
                "id": 1,
                "original_url": "https:\/\/my.demio.com\/ref\/IzdMrLuHJdKSPokk",
                "fallback": "Value-Based Pricing: Know Your Worth, So You Can Confidently Raise Your Rates",
                "text": "Know Your Worth, So You Can Confidently Raise Your Rates!",
                "title": "Value-Based Pricing: Know Your Worth, So You Can Confidently Raise Your Rates",
                "title_link": "https:\/\/my.demio.com\/ref\/IzdMrLuHJdKSPokk",
                "service_name": "my.demio.com"
            }
        ],
        "blocks": [
            {
                "type": "rich_text",
                "block_id": "rUL0",
                "elements": [
                    {
                        "type": "rich_text_section",
                        "elements": [
                            {
                                "type": "text",
                                "text": "Since I've heard this topic come up a few times in different freelance communities, wanted to share a free "
                            },
                            {
                                "type": "link",
                                "url": "https:\/\/my.demio.com\/ref\/IzdMrLuHJdKSPokk",
                                "text": "workshop on value-based pricing"
                            },
                            {
                                "type": "text",
                                "text": " that I found useful. A few notes for the sake of transparency:\n\n"
                            }
                        ]
                    },
                    {
                        "type": "rich_text_list",
                        "elements": [
                            {
                                "type": "rich_text_section",
                                "elements": [
                                    {
                                        "type": "text",
                                        "text": "Yes, it's gated. But worth it IMO."
                                    }
                                ]
                            },
                            {
                                "type": "rich_text_section",
                                "elements": [
                                    {
                                        "type": "text",
                                        "text": "The company behind it, IndeCollective, is recruiting for their next 10-week, cohort-based program for freelancers right now (starts end of March). You may hear from their founder, Sam, if you sign up for this. I can confirm that Sam is a wonderful human and entrepreneur and really just wants to build a strong community of independents"
                                    }
                                ]
                            },
                            {
                                "type": "rich_text_section",
                                "elements": [
                                    {
                                        "type": "text",
                                        "text": "I was part of IndeCollective's Fall cohort. I learned so much about building and growing my business during those 10 weeks, made so many new friends, and even ended up with some really fun client work from other members"
                                    }
                                ]
                            }
                        ],
                        "style": "ordered",
                        "indent": 0,
                        "border": 0
                    }
                ]
            }
        ],
        "thread_ts": "1641830545.056100",
        "reply_count": 4,
        "reply_users_count": 2,
        "latest_reply": "1641916733.068300",
        "reply_users": [
            "U0231C2LYNM",
            "U02C37FQVL5"
        ],
        "replies": [
            {
                "user": "U0231C2LYNM",
                "ts": "1641894809.067300"
            },
            {
                "user": "U02C37FQVL5",
                "ts": "1641910409.067800"
            },
            {
                "user": "U0231C2LYNM",
                "ts": "1641916288.068000"
            },
            {
                "user": "U02C37FQVL5",
                "ts": "1641916733.068300"
            }
        ],
        "is_locked": false,
        "subscribed": false,
        "reactions": [
            {
                "name": "raised_hands",
                "users": [
                    "U02R3S1RBUL",
                    "U0231C2LYNM",
                    "U0188DZQPB8"
                ],
                "count": 3
            }
        ]
    },
    {
        "client_msg_id": "101ac927-9cae-4415-809b-0c9146de292c",
        "type": "message",
        "text": "I use FreshBooks and highly recommend it (:wave: <@UUJBM2PJ7>!) Honestly, the best bank that I've found for business use is the same as I use for personal use because of the ease of transferring money back and forth. However, if you think you might be dealing with international customers, I recommend Wise.",
        "user": "U01P833NGUT",
        "ts": "1641842944.057400",
        "team": "TJE58GTJL",
        "user_team": "TJE58GTJL",
        "source_team": "TJE58GTJL",
        "user_profile": {
            "avatar_hash": "40aead68c5b5",
            "image_72": "https:\/\/avatars.slack-edge.com\/2021-06-01\/2110550144775_40aead68c5b508b97960_72.png",
            "first_name": "Mandy",
            "real_name": "Mandy Bray",
            "display_name": "Mandy Bray",
            "team": "TJE58GTJL",
            "name": "mandy.l.bray",
            "is_restricted": false,
            "is_ultra_restricted": false
        },
        "blocks": [
            {
                "type": "rich_text",
                "block_id": "0Da46",
                "elements": [
                    {
                        "type": "rich_text_section",
                        "elements": [
                            {
                                "type": "text",
                                "text": "I use FreshBooks and highly recommend it ("
                            },
                            {
                                "type": "emoji",
                                "name": "wave"
                            },
                            {
                                "type": "text",
                                "text": " "
                            },
                            {
                                "type": "user",
                                "user_id": "UUJBM2PJ7"
                            },
                            {
                                "type": "text",
                                "text": "!) Honestly, the best bank that I've found for business use is the same as I use for personal use because of the ease of transferring money back and forth. However, if you think you might be dealing with international customers, I recommend Wise."
                            }
                        ]
                    }
                ]
            }
        ],
        "thread_ts": "1641580414.027700",
        "parent_user_id": "U02SU2BECCA",
        "reactions": [
            {
                "name": "tada",
                "users": [
                    "UUJBM2PJ7"
                ],
                "count": 1
            }
        ]
    },
    {
        "client_msg_id": "fd054ecf-c8d4-408c-a643-cef7e1951e46",
        "type": "message",
        "text": "Thanks! <@U01P833NGUT> <@UUJBM2PJ7> - I'd always been under the impression that Freshbooks was primarily meant for accounting. I don't know why I've thought that, but I do :shrug::skin-tone-2:\n\nCan Freshbooks also do proposals\/contracts\/projects and so on?",
        "user": "U02SU2BECCA",
        "ts": "1641843677.057700",
        "team": "TJE58GTJL",
        "user_team": "TJE58GTJL",
        "source_team": "TJE58GTJL",
        "user_profile": {
            "avatar_hash": "ee48b1106795",
            "image_72": "https:\/\/avatars.slack-edge.com\/2022-01-05\/2912317446291_ee48b110679501fff7ef_72.jpg",
            "first_name": "Lawrence",
            "real_name": "Lawrence Barker",
            "display_name": "Lawrence",
            "team": "TJE58GTJL",
            "name": "lawrence",
            "is_restricted": false,
            "is_ultra_restricted": false
        },
        "blocks": [
            {
                "type": "rich_text",
                "block_id": "qIWV2",
                "elements": [
                    {
                        "type": "rich_text_section",
                        "elements": [
                            {
                                "type": "text",
                                "text": "Thanks! "
                            },
                            {
                                "type": "user",
                                "user_id": "U01P833NGUT"
                            },
                            {
                                "type": "text",
                                "text": " "
                            },
                            {
                                "type": "user",
                                "user_id": "UUJBM2PJ7"
                            },
                            {
                                "type": "text",
                                "text": " - I'd always been under the impression that Freshbooks was primarily meant for accounting. I don't know why I've thought that, but I do "
                            },
                            {
                                "type": "emoji",
                                "name": "shrug",
                                "skin_tone": 2
                            },
                            {
                                "type": "text",
                                "text": "\n\nCan Freshbooks also do proposals\/contracts\/projects and so on?"
                            }
                        ]
                    }
                ]
            }
        ],
        "thread_ts": "1641580414.027700",
        "parent_user_id": "U02SU2BECCA"
    },
    {
        "client_msg_id": "e5eed407-cc87-41ef-bd24-84dbf324a34a",
        "type": "message",
        "text": "<@U02SU2BECCA> Yes! Not a true replacement for full-on project management software, but you can definitely use it to generate <https:\/\/www.freshbooks.com\/proposal-software|estimates &amp; proposals> (and flip them into invoices once accepted) and it's great for <https:\/\/www.freshbooks.com\/projects-and-collaboration|collaborating with clients \/ teammates>. As well as working there, I run all my side hustle on it. (Don't want to get hardcore salesy here, but definitely reco a trial if you want to kick tires).",
        "user": "UUJBM2PJ7",
        "ts": "1641844157.057900",
        "team": "TJE58GTJL",
        "user_team": "TJE58GTJL",
        "source_team": "TJE58GTJL",
        "user_profile": {
            "avatar_hash": "f77cbe4c3060",
            "image_72": "https:\/\/avatars.slack-edge.com\/2020-07-29\/1270061579587_f77cbe4c3060d94c9e20_72.jpg",
            "first_name": "Jane",
            "real_name": "Jane Flanagan",
            "display_name": "Jane Flanagan",
            "team": "TJE58GTJL",
            "name": "jane",
            "is_restricted": false,
            "is_ultra_restricted": false
        },
        "attachments": [
            {
                "from_url": "https:\/\/www.freshbooks.com\/proposal-software",
                "service_icon": "https:\/\/www.freshbooks.com\/apple-touch-icon.png?v=2020",
                "id": 1,
                "original_url": "https:\/\/www.freshbooks.com\/proposal-software",
                "fallback": "FreshBooks: The Best Proposal Software To Win Clients - FreshBooks",
                "text": "Win your clients with custom proposals by sending them all the details and supported attachments with FreshBooks online proposal software!",
                "title": "The Best Proposal Software To Win Clients - FreshBooks",
                "title_link": "https:\/\/www.freshbooks.com\/proposal-software",
                "service_name": "FreshBooks",
                "fields": [
                    {
                        "value": "2 minutes",
                        "title": "Est. reading time",
                        "short": true
                    }
                ]
            },
            {
                "from_url": "https:\/\/www.freshbooks.com\/projects-and-collaboration",
                "service_icon": "https:\/\/www.freshbooks.com\/apple-touch-icon.png?v=2020",
                "id": 2,
                "original_url": "https:\/\/www.freshbooks.com\/projects-and-collaboration",
                "fallback": "FreshBooks: Best Project Management &amp; Collaboration Software - FreshBooks",
                "text": "FreshBooks is the best project management &amp; collaboration software designed to power your business with intuitive task management &amp; file storage. Free 30-day trial!",
                "title": "Best Project Management &amp; Collaboration Software - FreshBooks",
                "title_link": "https:\/\/www.freshbooks.com\/projects-and-collaboration",
                "service_name": "FreshBooks",
                "fields": [
                    {
                        "value": "1 minute",
                        "title": "Est. reading time",
                        "short": true
                    }
                ]
            }
        ],
        "blocks": [
            {
                "type": "rich_text",
                "block_id": "lsxhl",
                "elements": [
                    {
                        "type": "rich_text_section",
                        "elements": [
                            {
                                "type": "user",
                                "user_id": "U02SU2BECCA"
                            },
                            {
                                "type": "text",
                                "text": " Yes! Not a true replacement for full-on project management software, but you can definitely use it to generate "
                            },
                            {
                                "type": "link",
                                "url": "https:\/\/www.freshbooks.com\/proposal-software",
                                "text": "estimates & proposals"
                            },
                            {
                                "type": "text",
                                "text": " (and flip them into invoices once accepted) and it's great for "
                            },
                            {
                                "type": "link",
                                "url": "https:\/\/www.freshbooks.com\/projects-and-collaboration",
                                "text": "collaborating with clients \/ teammates"
                            },
                            {
                                "type": "text",
                                "text": ". As well as working there, I run all my side hustle on it. (Don't want to get hardcore salesy here, but definitely reco a trial if you want to kick tires)."
                            }
                        ]
                    }
                ]
            }
        ],
        "thread_ts": "1641580414.027700",
        "parent_user_id": "U02SU2BECCA"
    },
    {
        "client_msg_id": "e4ee9818-15da-43c8-85d3-e1e7c776abf7",
        "type": "message",
        "text": "Thanks :slightly_smiling_face: I'll definitely give the trial a whirl!",
        "user": "U02SU2BECCA",
        "ts": "1641844250.058200",
        "team": "TJE58GTJL",
        "user_team": "TJE58GTJL",
        "source_team": "TJE58GTJL",
        "user_profile": {
            "avatar_hash": "ee48b1106795",
            "image_72": "https:\/\/avatars.slack-edge.com\/2022-01-05\/2912317446291_ee48b110679501fff7ef_72.jpg",
            "first_name": "Lawrence",
            "real_name": "Lawrence Barker",
            "display_name": "Lawrence",
            "team": "TJE58GTJL",
            "name": "lawrence",
            "is_restricted": false,
            "is_ultra_restricted": false
        },
        "blocks": [
            {
                "type": "rich_text",
                "block_id": "QlBEk",
                "elements": [
                    {
                        "type": "rich_text_section",
                        "elements": [
                            {
                                "type": "text",
                                "text": "Thanks "
                            },
                            {
                                "type": "emoji",
                                "name": "slightly_smiling_face"
                            },
                            {
                                "type": "text",
                                "text": " I'll definitely give the trial a whirl!"
                            }
                        ]
                    }
                ]
            }
        ],
        "thread_ts": "1641580414.027700",
        "parent_user_id": "U02SU2BECCA",
        "reactions": [
            {
                "name": "blush",
                "users": [
                    "UUJBM2PJ7"
                ],
                "count": 1
            }
        ]
    },
    {
        "client_msg_id": "f436a973-58bf-4c9c-b0d6-c4de88cc63d7",
        "type": "message",
        "text": "<@UUJBM2PJ7> why do you prefer Freshbooks instead of Quickbooks (besides that you work there?) - for someone who is a one-woman freelancer band, let's say :wink:",
        "user": "U023G1P70KE",
        "ts": "1641844484.058500",
        "team": "TJE58GTJL",
        "user_team": "TJE58GTJL",
        "source_team": "TJE58GTJL",
        "user_profile": {
            "avatar_hash": "b252d763715f",
            "image_72": "https:\/\/avatars.slack-edge.com\/2021-05-27\/2105155640806_b252d763715fd9976bdc_72.jpg",
            "first_name": "Emily",
            "real_name": "Emily Warren",
            "display_name": "Emily Warren",
            "team": "TJE58GTJL",
            "name": "emilyhonora",
            "is_restricted": false,
            "is_ultra_restricted": false
        },
        "edited": {
            "user": "U023G1P70KE",
            "ts": "1641844605.000000"
        },
        "blocks": [
            {
                "type": "rich_text",
                "block_id": "mQ2o",
                "elements": [
                    {
                        "type": "rich_text_section",
                        "elements": [
                            {
                                "type": "user",
                                "user_id": "UUJBM2PJ7"
                            },
                            {
                                "type": "text",
                                "text": " why do you prefer Freshbooks instead of Quickbooks (besides that you work there?) - for someone who is a one-woman freelancer band, let's say "
                            },
                            {
                                "type": "emoji",
                                "name": "wink"
                            }
                        ]
                    }
                ]
            }
        ],
        "thread_ts": "1641580414.027700",
        "parent_user_id": "U02SU2BECCA"
    },
    {
        "client_msg_id": "d17b11b9-aa6a-4dfa-8921-73697199511f",
        "type": "message",
        "text": "<@U023G1P70KE> obviously working there is a HUGE driver, so I'm not going to lie about that. But I'm most definitely a non-accountant and want to get in-and-out of all the money stuff as quickly as possible. QB is really built for accountants, not for people like me. FB just honestly feels like \"just enough accounting\" for somebody like me... If I quit tomorrow, I would keep using it tbh.",
        "user": "UUJBM2PJ7",
        "ts": "1641844666.058900",
        "team": "TJE58GTJL",
        "user_team": "TJE58GTJL",
        "source_team": "TJE58GTJL",
        "user_profile": {
            "avatar_hash": "f77cbe4c3060",
            "image_72": "https:\/\/avatars.slack-edge.com\/2020-07-29\/1270061579587_f77cbe4c3060d94c9e20_72.jpg",
            "first_name": "Jane",
            "real_name": "Jane Flanagan",
            "display_name": "Jane Flanagan",
            "team": "TJE58GTJL",
            "name": "jane",
            "is_restricted": false,
            "is_ultra_restricted": false
        },
        "blocks": [
            {
                "type": "rich_text",
                "block_id": "sr6",
                "elements": [
                    {
                        "type": "rich_text_section",
                        "elements": [
                            {
                                "type": "user",
                                "user_id": "U023G1P70KE"
                            },
                            {
                                "type": "text",
                                "text": " obviously working there is a HUGE driver, so I'm not going to lie about that. But I'm most definitely a non-accountant and want to get in-and-out of all the money stuff as quickly as possible. QB is really built for accountants, not for people like me. FB just honestly feels like \"just enough accounting\" for somebody like me... If I quit tomorrow, I would keep using it tbh."
                            }
                        ]
                    }
                ]
            }
        ],
        "thread_ts": "1641580414.027700",
        "parent_user_id": "U02SU2BECCA"
    },
    {
        "client_msg_id": "ce2fb7a7-8b17-4522-834c-a1751d752e10",
        "type": "message",
        "text": "that's a solid endorsement, thank you! I identify similarly. thank you!",
        "user": "U023G1P70KE",
        "ts": "1641844702.059100",
        "team": "TJE58GTJL",
        "user_team": "TJE58GTJL",
        "source_team": "TJE58GTJL",
        "user_profile": {
            "avatar_hash": "b252d763715f",
            "image_72": "https:\/\/avatars.slack-edge.com\/2021-05-27\/2105155640806_b252d763715fd9976bdc_72.jpg",
            "first_name": "Emily",
            "real_name": "Emily Warren",
            "display_name": "Emily Warren",
            "team": "TJE58GTJL",
            "name": "emilyhonora",
            "is_restricted": false,
            "is_ultra_restricted": false
        },
        "blocks": [
            {
                "type": "rich_text",
                "block_id": "lPYG",
                "elements": [
                    {
                        "type": "rich_text_section",
                        "elements": [
                            {
                                "type": "text",
                                "text": "that's a solid endorsement, thank you! I identify similarly. thank you!"
                            }
                        ]
                    }
                ]
            }
        ],
        "thread_ts": "1641580414.027700",
        "parent_user_id": "U02SU2BECCA"
    },
    {
        "client_msg_id": "6d6432ca-0681-4f94-a273-b5c9ba26970a",
        "type": "message",
        "text": "Hello everyone. If you're looking for a conversion copywriter, I can help you:\n\n• Create new sales email sequences\/onboarding email sequences for your upcoming launches\n• Write new landing pages for your products or funnels, or FB ad campaigns\n• Edit your website copy or write new web pages\n• Get input on your funnel strategy or existing copy assets\n\nShoot me a DM and lemme see how I can help ya out.",
        "user": "U02FBJRCX71",
        "ts": "1641851842.059600",
        "team": "TJE58GTJL",
        "user_team": "TJE58GTJL",
        "source_team": "TJE58GTJL",
        "user_profile": {
            "avatar_hash": "e76239a58629",
            "image_72": "https:\/\/avatars.slack-edge.com\/2022-01-16\/2962539579124_e76239a58629fcc8759d_72.png",
            "first_name": "Mira",
            "real_name": "Mira ANAMAE",
            "display_name": "Mira ANAMAE",
            "team": "TJE58GTJL",
            "name": "miraanamae",
            "is_restricted": false,
            "is_ultra_restricted": false
        },
        "blocks": [
            {
                "type": "rich_text",
                "block_id": "\/NW",
                "elements": [
                    {
                        "type": "rich_text_section",
                        "elements": [
                            {
                                "type": "text",
                                "text": "Hello everyone. If you're looking for a conversion copywriter, I can help you:\n\n"
                            }
                        ]
                    },
                    {
                        "type": "rich_text_list",
                        "elements": [
                            {
                                "type": "rich_text_section",
                                "elements": [
                                    {
                                        "type": "text",
                                        "text": "Create new sales email sequences\/onboarding email sequences for your upcoming launches"
                                    }
                                ]
                            },
                            {
                                "type": "rich_text_section",
                                "elements": [
                                    {
                                        "type": "text",
                                        "text": "Write new landing pages for your products or funnels, or FB ad campaigns"
                                    }
                                ]
                            },
                            {
                                "type": "rich_text_section",
                                "elements": [
                                    {
                                        "type": "text",
                                        "text": "Edit your website copy or write new web pages"
                                    }
                                ]
                            },
                            {
                                "type": "rich_text_section",
                                "elements": [
                                    {
                                        "type": "text",
                                        "text": "Get input on your funnel strategy or existing copy assets"
                                    }
                                ]
                            }
                        ],
                        "style": "bullet",
                        "indent": 0,
                        "border": 0
                    },
                    {
                        "type": "rich_text_section",
                        "elements": [
                            {
                                "type": "text",
                                "text": "\n\nShoot me a DM and lemme see how I can help ya out."
                            }
                        ]
                    }
                ]
            }
        ],
        "thread_ts": "1641851842.059600",
        "reply_count": 1,
        "reply_users_count": 1,
        "latest_reply": "1641854258.062200",
        "reply_users": [
            "U01SP0Z5D33"
        ],
        "replies": [
            {
                "user": "U01SP0Z5D33",
                "ts": "1641854258.062200"
            }
        ],
        "is_locked": false,
        "subscribed": false
    },
    {
        "client_msg_id": "1218a984-1e90-4712-a917-a561e2368bcd",
        "type": "message",
        "text": "Hi all! I'm a content writer and I'm trying to improve my business systems.\n\nI just signed up for a Freshbooks trial and I'm building out my proposal template Would anyone be willing to share an example of what their proposal\/contract looks like? If you have any favorite resources on the topic, that would also be awesome.\n\nCheers!",
        "user": "U02SU2BECCA",
        "ts": "1641853833.062100",
        "team": "TJE58GTJL",
        "user_team": "TJE58GTJL",
        "source_team": "TJE58GTJL",
        "user_profile": {
            "avatar_hash": "ee48b1106795",
            "image_72": "https:\/\/avatars.slack-edge.com\/2022-01-05\/2912317446291_ee48b110679501fff7ef_72.jpg",
            "first_name": "Lawrence",
            "real_name": "Lawrence Barker",
            "display_name": "Lawrence",
            "team": "TJE58GTJL",
            "name": "lawrence",
            "is_restricted": false,
            "is_ultra_restricted": false
        },
        "blocks": [
            {
                "type": "rich_text",
                "block_id": "LOUdu",
                "elements": [
                    {
                        "type": "rich_text_section",
                        "elements": [
                            {
                                "type": "text",
                                "text": "Hi all! I'm a content writer and I'm trying to improve my business systems.\n\nI just signed up for a Freshbooks trial and I'm building out my proposal template Would anyone be willing to share an example of what their proposal\/contract looks like? If you have any favorite resources on the topic, that would also be awesome.\n\nCheers!"
                            }
                        ]
                    }
                ]
            }
        ],
        "thread_ts": "1641853833.062100",
        "reply_count": 1,
        "reply_users_count": 1,
        "latest_reply": "1641854880.062600",
        "reply_users": [
            "U01KH3P18RZ"
        ],
        "replies": [
            {
                "user": "U01KH3P18RZ",
                "ts": "1641854880.062600"
            }
        ],
        "is_locked": false,
        "subscribed": false,
        "reactions": [
            {
                "name": "+1",
                "users": [
                    "U01TB1SDD61"
                ],
                "count": 1
            }
        ]
    },
    {
        "client_msg_id": "7644529d-4e1f-41df-bfff-6dfb36f57d07",
        "type": "message",
        "text": "Hey Mira you should post this on the Hire Me channel.",
        "user": "U01SP0Z5D33",
        "ts": "1641854258.062200",
        "team": "TJE58GTJL",
        "user_team": "TJE58GTJL",
        "source_team": "TJE58GTJL",
        "user_profile": {
            "avatar_hash": "828b75c9a94f",
            "image_72": "https:\/\/avatars.slack-edge.com\/2021-12-13\/2836757982275_828b75c9a94f85c85f9a_72.jpg",
            "first_name": "Mark",
            "real_name": "Mark Burdon",
            "display_name": "Mark Burdon",
            "team": "TJE58GTJL",
            "name": "mburdon",
            "is_restricted": false,
            "is_ultra_restricted": false
        },
        "blocks": [
            {
                "type": "rich_text",
                "block_id": "RlE\/",
                "elements": [
                    {
                        "type": "rich_text_section",
                        "elements": [
                            {
                                "type": "text",
                                "text": "Hey Mira you should post this on the Hire Me channel."
                            }
                        ]
                    }
                ]
            }
        ],
        "thread_ts": "1641851842.059600",
        "parent_user_id": "U02FBJRCX71"
    },
    {
        "client_msg_id": "f7ce69e3-3a98-4e9e-9926-fb6feeee0cf8",
        "type": "message",
        "text": "Congrats on working on improving your business systems, Lawrence! Good journey to make :muscle:\n\nHere’s the consulting proposal template I use: <http:\/\/consultingproposaltemplate.com|consultingproposaltemplate.com> (feel free to make a copy.)\n\nFor contracts I use the <http:\/\/MSABundle.com|MSABundle.com>. I bought it ~8 years ago (~$125?) and use the heck out of it. _(I did have my attorney review and modify it, but it’s still pretty close to stock.)_",
        "user": "U01KH3P18RZ",
        "ts": "1641854880.062600",
        "team": "TJE58GTJL",
        "user_team": "TJE58GTJL",
        "source_team": "TJE58GTJL",
        "user_profile": {
            "avatar_hash": "fab0c6d48595",
            "image_72": "https:\/\/avatars.slack-edge.com\/2021-05-28\/2110157153414_fab0c6d48595c62a6594_72.jpg",
            "first_name": "Kai",
            "real_name": "Kai Davis",
            "display_name": "Kai (Your Shopify SEO Guy)",
            "team": "TJE58GTJL",
            "name": "kai",
            "is_restricted": false,
            "is_ultra_restricted": false
        },
        "edited": {
            "user": "U01KH3P18RZ",
            "ts": "1641854907.000000"
        },
        "blocks": [
            {
                "type": "rich_text",
                "block_id": "Cx6w",
                "elements": [
                    {
                        "type": "rich_text_section",
                        "elements": [
                            {
                                "type": "text",
                                "text": "Congrats on working on improving your business systems, Lawrence! Good journey to make "
                            },
                            {
                                "type": "emoji",
                                "name": "muscle"
                            },
                            {
                                "type": "text",
                                "text": "\n\nHere’s the consulting proposal template I use: "
                            },
                            {
                                "type": "link",
                                "url": "http:\/\/consultingproposaltemplate.com",
                                "text": "consultingproposaltemplate.com"
                            },
                            {
                                "type": "text",
                                "text": " (feel free to make a copy.)\n\nFor contracts I use the "
                            },
                            {
                                "type": "link",
                                "url": "http:\/\/MSABundle.com",
                                "text": "MSABundle.com"
                            },
                            {
                                "type": "text",
                                "text": ". I bought it ~8 years ago (~$125?) and use the heck out of it. "
                            },
                            {
                                "type": "text",
                                "text": "(I did have my attorney review and modify it, but it’s still pretty close to stock.)",
                                "style": {
                                    "italic": true
                                }
                            }
                        ]
                    }
                ]
            }
        ],
        "thread_ts": "1641853833.062100",
        "parent_user_id": "U02SU2BECCA",
        "reactions": [
            {
                "name": "gratitude-thank-you",
                "users": [
                    "U02SU2BECCA"
                ],
                "count": 1
            }
        ]
    },
    {
        "client_msg_id": "c7dbe48d-21ce-463e-bcda-ffe5498e4640",
        "type": "message",
        "text": "Hey all, just wondering if any freelancers in here have a VA?\nI'm a content writer and strategist and am working consistent 40hr weeks for retainer clients. I'm at a point where I want to offload some of the tasks I don't enjoy as much, but I'm not sure how to go about finding someone that is the right fit.\nHave you gone from solo freelancer &gt; freelancer with contractors to help out &gt; small agency? How did that progression go and is there any advice you can give ? Thanks fam :v:",
        "user": "U02AR2XSN1M",
        "ts": "1641880806.065800",
        "team": "TJE58GTJL",
        "user_team": "TJE58GTJL",
        "source_team": "TJE58GTJL",
        "user_profile": {
            "avatar_hash": "b0fa34c3f8f5",
            "image_72": "https:\/\/avatars.slack-edge.com\/2021-08-16\/2368450553975_b0fa34c3f8f5e02f6b43_72.jpg",
            "first_name": "Leonie",
            "real_name": "Leonie Waldron",
            "display_name": "Leonie Waldron",
            "team": "TJE58GTJL",
            "name": "leonie",
            "is_restricted": false,
            "is_ultra_restricted": false
        },
        "blocks": [
            {
                "type": "rich_text",
                "block_id": "O7Uls",
                "elements": [
                    {
                        "type": "rich_text_section",
                        "elements": [
                            {
                                "type": "text",
                                "text": "Hey all, just wondering if any freelancers in here have a VA?\nI'm a content writer and strategist and am working consistent 40hr weeks for retainer clients. I'm at a point where I want to offload some of the tasks I don't enjoy as much, but I'm not sure how to go about finding someone that is the right fit.\nHave you gone from solo freelancer > freelancer with contractors to help out > small agency? How did that progression go and is there any advice you can give ? Thanks fam "
                            },
                            {
                                "type": "emoji",
                                "name": "v"
                            }
                        ]
                    }
                ]
            }
        ],
        "thread_ts": "1641880806.065800",
        "reply_count": 5,
        "reply_users_count": 5,
        "latest_reply": "1642664821.157500",
        "reply_users": [
            "U02S478FWF2",
            "U02CVNB3X1T",
            "U02AR2XSN1M",
            "U02M83NQ10U",
            "U02V466QKFB"
        ],
        "replies": [
            {
                "user": "U02S478FWF2",
                "ts": "1641890033.067100"
            },
            {
                "user": "U02CVNB3X1T",
                "ts": "1641928883.077800"
            },
            {
                "user": "U02AR2XSN1M",
                "ts": "1641935854.078100"
            },
            {
                "user": "U02M83NQ10U",
                "ts": "1642187376.108000"
            },
            {
                "user": "U02V466QKFB",
                "ts": "1642664821.157500"
            }
        ],
        "is_locked": false,
        "subscribed": false,
        "reactions": [
            {
                "name": "eyes",
                "users": [
                    "U02J7DM81AQ"
                ],
                "count": 1
            }
        ]
    }
]