[
    {
        "client_msg_id": "3c83612a-bd15-435b-8640-139126f4f31e",
        "type": "message",
        "text": "cc<@U02Q2HNNY57>",
        "user": "U02PRMEAP0V",
        "ts": "1645959792.870269",
        "team": "TJE58GTJL",
        "user_team": "TJE58GTJL",
        "source_team": "TJE58GTJL",
        "user_profile": {
            "avatar_hash": "3655374527f9",
            "image_72": "https:\/\/avatars.slack-edge.com\/2022-03-23\/3282575021317_3655374527f96f1c0934_72.png",
            "first_name": "Elsier",
            "real_name": "Elsier Otachi",
            "display_name": "Elsier Otachi",
            "team": "TJE58GTJL",
            "name": "biagelo",
            "is_restricted": false,
            "is_ultra_restricted": false
        },
        "blocks": [
            {
                "type": "rich_text",
                "block_id": "7wkeg",
                "elements": [
                    {
                        "type": "rich_text_section",
                        "elements": [
                            {
                                "type": "text",
                                "text": "cc"
                            },
                            {
                                "type": "user",
                                "user_id": "U02Q2HNNY57"
                            }
                        ]
                    }
                ]
            }
        ],
        "thread_ts": "1645717177.371539",
        "parent_user_id": "U031FGHH00M"
    }
]