[
    {
        "client_msg_id": "13e12650-f112-450b-8cb8-8fe9b36d3aeb",
        "type": "message",
        "text": "Hey <@U025X4V6WQ6> dropping you a DM",
        "user": "U0378L0NB9S",
        "ts": "1648196214.203689",
        "team": "TJE58GTJL",
        "user_team": "TJE58GTJL",
        "source_team": "TJE58GTJL",
        "user_profile": {
            "avatar_hash": "48ad0fa79c4f",
            "image_72": "https:\/\/avatars.slack-edge.com\/2022-03-17\/3251604063909_48ad0fa79c4fcac720ad_72.png",
            "first_name": "Sushmita",
            "real_name": "Sushmita Ghosh",
            "display_name": "Sushmita Ghosh",
            "team": "TJE58GTJL",
            "name": "sushmita.ghosh2607",
            "is_restricted": false,
            "is_ultra_restricted": false
        },
        "blocks": [
            {
                "type": "rich_text",
                "block_id": "EtiW4",
                "elements": [
                    {
                        "type": "rich_text_section",
                        "elements": [
                            {
                                "type": "text",
                                "text": "Hey "
                            },
                            {
                                "type": "user",
                                "user_id": "U025X4V6WQ6"
                            },
                            {
                                "type": "text",
                                "text": " dropping you a DM"
                            }
                        ]
                    }
                ]
            }
        ],
        "thread_ts": "1648148767.976969",
        "parent_user_id": "U025X4V6WQ6"
    },
    {
        "client_msg_id": "4437d135-2ae5-43ca-a4bd-6497593094ef",
        "type": "message",
        "text": "Hi <@U0340N9HSLT>, I had some success on Upwork when starting out by filtering for jobs that required intermediate or expert level expertise, then working with those clients for a limited 'trial period', before moving off platform and raising prices.\n\nIt's a little convoluted, but it seems to work if you're looking to bring in new clients from outside your network or launch a new offering.",
        "user": "U024BJMQGD6",
        "ts": "1648206794.024009",
        "team": "TJE58GTJL",
        "user_team": "TJE58GTJL",
        "source_team": "TJE58GTJL",
        "user_profile": {
            "avatar_hash": "79567011e049",
            "image_72": "https:\/\/avatars.slack-edge.com\/2021-06-01\/2136578479585_79567011e049716f991a_72.jpg",
            "first_name": "",
            "real_name": "Thomas Dines",
            "display_name": "Thomas Dines",
            "team": "TJE58GTJL",
            "name": "dinesthomas",
            "is_restricted": false,
            "is_ultra_restricted": false
        },
        "blocks": [
            {
                "type": "rich_text",
                "block_id": "=2ag",
                "elements": [
                    {
                        "type": "rich_text_section",
                        "elements": [
                            {
                                "type": "text",
                                "text": "Hi "
                            },
                            {
                                "type": "user",
                                "user_id": "U0340N9HSLT"
                            },
                            {
                                "type": "text",
                                "text": ", I had some success on Upwork when starting out by filtering for jobs that required intermediate or expert level expertise, then working with those clients for a limited 'trial period', before moving off platform and raising prices.\n\nIt's a little convoluted, but it seems to work if you're looking to bring in new clients from outside your network or launch a new offering."
                            }
                        ]
                    }
                ]
            }
        ],
        "thread_ts": "1648154020.766469",
        "parent_user_id": "U0340N9HSLT",
        "reactions": [
            {
                "name": "point_up_2",
                "users": [
                    "U02D1E37FL5",
                    "U02NADUBXSR"
                ],
                "count": 2
            },
            {
                "name": "+1",
                "users": [
                    "U0340N9HSLT",
                    "UUH2ESL66",
                    "U02NADUBXSR"
                ],
                "count": 3
            }
        ]
    },
    {
        "client_msg_id": "e777f7de-1935-45de-827e-5408330e28a5",
        "type": "message",
        "text": "Hey <@U02QKBYPBH9>,\nRev is actually one of the best video transcription services out there. It is popular for its affordability, accuracy, and usability, and offers both human-based transcription and automated transcription.\n\nIf you want to create different language versions of a video and need a done-for-you solution, we, at Content Beta, have created Taskworld’s clean and professional walkthrough video. It was also translated into French, German, Japanese, Korean to personalize it by geography.\nTaskworld English:<https:\/\/vimeo.com\/531905970| https:\/\/vimeo.com\/531905970>\nTaskWorld French:<https:\/\/vimeo.com\/561411633| https:\/\/vimeo.com\/561411633>\nHope this helps :)",
        "user": "U0331KC4D0S",
        "ts": "1648207813.554449",
        "team": "TJE58GTJL",
        "user_team": "TJE58GTJL",
        "source_team": "TJE58GTJL",
        "user_profile": {
            "avatar_hash": "087679ccffc0",
            "image_72": "https:\/\/avatars.slack-edge.com\/2022-03-14\/3229409890982_087679ccffc043c20b1c_72.jpg",
            "first_name": "Khyati",
            "real_name": "Khyati",
            "display_name": "Khyati - Content Beta",
            "team": "TJE58GTJL",
            "name": "khyati",
            "is_restricted": false,
            "is_ultra_restricted": false
        },
        "attachments": [
            {
                "from_url": "https:\/\/vimeo.com\/531905970",
                "video_html": "<iframe src=\"https:\/\/player.vimeo.com\/video\/531905970?h=93e10a8543&amp;autoplay=1&amp;app_id=122963\" width=\"400\" height=\"225\" frameborder=\"0\" allow=\"autoplay; fullscreen; picture-in-picture\" allowfullscreen title=\"Taskworld 4\"><\/iframe>",
                "video_html_width": 400,
                "video_html_height": 225,
                "thumb_url": "https:\/\/i.vimeocdn.com\/video\/1131351018-c117f9e52dc7d354d20021572d7e8e3f6183c8ed511126569d3fae0cb790cc1a-d_295x166",
                "thumb_width": 295,
                "thumb_height": 166,
                "service_icon": "https:\/\/a.slack-edge.com\/80588\/img\/unfurl_icons\/vimeo.png",
                "id": 1,
                "original_url": "https:\/\/vimeo.com\/531905970",
                "fallback": "Vimeo Video: Taskworld 4",
                "title": "Taskworld 4",
                "title_link": "https:\/\/vimeo.com\/531905970",
                "author_name": "Content Beta",
                "author_link": "https:\/\/vimeo.com\/user37138665",
                "service_name": "Vimeo",
                "service_url": "https:\/\/vimeo.com\/"
            },
            {
                "from_url": "https:\/\/vimeo.com\/561411633",
                "video_html": "<iframe src=\"https:\/\/player.vimeo.com\/video\/561411633?h=ccaa3710c5&amp;autoplay=1&amp;app_id=122963\" width=\"400\" height=\"225\" frameborder=\"0\" allow=\"autoplay; fullscreen; picture-in-picture\" allowfullscreen title=\"V4 Collaborating and Communicating with your team (French) v1.0\"><\/iframe>",
                "video_html_width": 400,
                "video_html_height": 225,
                "thumb_url": "https:\/\/i.vimeocdn.com\/video\/1160428155-4ebc34996d7c8348d75e465eae396e7966d88f77fec816ad7e269609173029fb-d_295x166",
                "thumb_width": 295,
                "thumb_height": 166,
                "service_icon": "https:\/\/a.slack-edge.com\/80588\/img\/unfurl_icons\/vimeo.png",
                "id": 2,
                "original_url": "https:\/\/vimeo.com\/561411633",
                "fallback": "Vimeo Video: V4 Collaborating and Communicating with your team (French) v1.0",
                "title": "V4 Collaborating and Communicating with your team (French) v1.0",
                "title_link": "https:\/\/vimeo.com\/561411633",
                "author_name": "Content Beta",
                "author_link": "https:\/\/vimeo.com\/user37138665",
                "service_name": "Vimeo",
                "service_url": "https:\/\/vimeo.com\/"
            }
        ],
        "blocks": [
            {
                "type": "rich_text",
                "block_id": "\/ve",
                "elements": [
                    {
                        "type": "rich_text_section",
                        "elements": [
                            {
                                "type": "text",
                                "text": "Hey "
                            },
                            {
                                "type": "user",
                                "user_id": "U02QKBYPBH9"
                            },
                            {
                                "type": "text",
                                "text": ",\nRev is actually one of the best video transcription services out there. It is popular for its affordability, accuracy, and usability, and offers both human-based transcription and automated transcription.\n\nIf you want to create different language versions of a video and need a done-for-you solution, we, at Content Beta, have created Taskworld’s clean and professional walkthrough video. It was also translated into French, German, Japanese, Korean to personalize it by geography.\nTaskworld English:"
                            },
                            {
                                "type": "link",
                                "url": "https:\/\/vimeo.com\/531905970",
                                "text": " https:\/\/vimeo.com\/531905970"
                            },
                            {
                                "type": "text",
                                "text": "\nTaskWorld French:"
                            },
                            {
                                "type": "link",
                                "url": "https:\/\/vimeo.com\/561411633",
                                "text": " https:\/\/vimeo.com\/561411633"
                            },
                            {
                                "type": "text",
                                "text": "\nHope this helps :)"
                            }
                        ]
                    }
                ]
            }
        ],
        "thread_ts": "1647616918.805519",
        "parent_user_id": "U02QKBYPBH9"
    },
    {
        "client_msg_id": "cc7ee7fd-d877-4c32-9bc0-6b4b07266ebb",
        "type": "message",
        "text": "My advice is to get off of Upwork. Find your own clients vs. having a middlemen. Send out emails and connect on LI with folks.",
        "user": "U034NCQDL4C",
        "ts": "1648222241.038249",
        "team": "TJE58GTJL",
        "user_team": "TJE58GTJL",
        "source_team": "TJE58GTJL",
        "user_profile": {
            "avatar_hash": "33ba8413e7bd",
            "image_72": "https:\/\/avatars.slack-edge.com\/2022-02-25\/3155972088566_33ba8413e7bd92c59673_72.jpg",
            "first_name": "Becky",
            "real_name": "Becky Lawlor",
            "display_name": "Becky",
            "team": "TJE58GTJL",
            "name": "becky",
            "is_restricted": false,
            "is_ultra_restricted": false
        },
        "blocks": [
            {
                "type": "rich_text",
                "block_id": "8mZF",
                "elements": [
                    {
                        "type": "rich_text_section",
                        "elements": [
                            {
                                "type": "text",
                                "text": "My advice is to get off of Upwork. Find your own clients vs. having a middlemen. Send out emails and connect on LI with folks."
                            }
                        ]
                    }
                ]
            }
        ],
        "thread_ts": "1648154020.766469",
        "parent_user_id": "U0340N9HSLT",
        "reactions": [
            {
                "name": "raised_hands",
                "users": [
                    "U02NADUBXSR",
                    "U037X7XJ85D"
                ],
                "count": 2
            }
        ]
    },
    {
        "client_msg_id": "1aa10b96-196b-4550-a47d-fe577245fdfd",
        "type": "message",
        "text": "<@U02AR2XSN1M> I FORGOT that you write about all the sexy topics. :wink:",
        "user": "U02CVNB3X1T",
        "ts": "1648223545.359669",
        "team": "TJE58GTJL",
        "user_team": "TJE58GTJL",
        "source_team": "TJE58GTJL",
        "user_profile": {
            "avatar_hash": "a98cd79fc67b",
            "image_72": "https:\/\/avatars.slack-edge.com\/2021-12-28\/2891088304196_a98cd79fc67b29986082_72.png",
            "first_name": "Julie",
            "real_name": "Julie Simpson",
            "display_name": "Julie Simpson",
            "team": "TJE58GTJL",
            "name": "jujuklu",
            "is_restricted": false,
            "is_ultra_restricted": false
        },
        "blocks": [
            {
                "type": "rich_text",
                "block_id": "pGf",
                "elements": [
                    {
                        "type": "rich_text_section",
                        "elements": [
                            {
                                "type": "user",
                                "user_id": "U02AR2XSN1M"
                            },
                            {
                                "type": "text",
                                "text": " I FORGOT that you write about all the sexy topics. "
                            },
                            {
                                "type": "emoji",
                                "name": "wink"
                            }
                        ]
                    }
                ]
            }
        ],
        "thread_ts": "1648042614.355009",
        "parent_user_id": "U02CVNB3X1T"
    },
    {
        "client_msg_id": "885df913-5a0d-4164-a65a-59cae19a23a9",
        "type": "message",
        "text": "A prospective Superpath Marketplace customer is looking for help building out a content calendar. This would include coming up with article topics based on existing keyword research, then creating briefs and putting them into their calendar. Ideally you have a handle on marketing automation and\/or omnichannel messaging. Fill out this form if you're interested :point_right: <https:\/\/airtable.com\/shrkIXBv0IvU2di4C>",
        "user": "UJG9WTEKG",
        "ts": "1648249025.630569",
        "team": "TJE58GTJL",
        "user_team": "TJE58GTJL",
        "source_team": "TJE58GTJL",
        "user_profile": {
            "avatar_hash": "gc25b94e6ebf",
            "image_72": "https:\/\/secure.gravatar.com\/avatar\/eec25b94e6ebf55f0b7933372344cd09.jpg?s=72&d=https%3A%2F%2Fa.slack-edge.com%2Fdf10d%2Fimg%2Favatars%2Fava_0001-72.png",
            "first_name": "Jimmy",
            "real_name": "Jimmy Daly",
            "display_name": "",
            "team": "TJE58GTJL",
            "name": "runjimdaly",
            "is_restricted": false,
            "is_ultra_restricted": false
        },
        "attachments": [
            {
                "from_url": "https:\/\/airtable.com\/shrkIXBv0IvU2di4C",
                "image_url": "https:\/\/static.airtable.com\/images\/oembed\/airtable.png",
                "image_width": 476,
                "image_height": 250,
                "image_bytes": 12718,
                "service_icon": "https:\/\/airtable.com\/images\/favicon\/baymax\/apple-touch-icon.png",
                "id": 1,
                "original_url": "https:\/\/airtable.com\/shrkIXBv0IvU2di4C",
                "fallback": "Airtable: Content Strategist - Airtable",
                "text": "Fill out the \"Content Strategist\" form quickly and securely on Airtable.",
                "title": "Content Strategist - Airtable",
                "title_link": "https:\/\/airtable.com\/shrkIXBv0IvU2di4C",
                "service_name": "Airtable"
            }
        ],
        "blocks": [
            {
                "type": "rich_text",
                "block_id": "i0a",
                "elements": [
                    {
                        "type": "rich_text_section",
                        "elements": [
                            {
                                "type": "text",
                                "text": "A prospective Superpath Marketplace customer is looking for help building out a content calendar. This would include coming up with article topics based on existing keyword research, then creating briefs and putting them into their calendar. Ideally you have a handle on marketing automation and\/or omnichannel messaging. Fill out this form if you're interested "
                            },
                            {
                                "type": "emoji",
                                "name": "point_right"
                            },
                            {
                                "type": "text",
                                "text": " "
                            },
                            {
                                "type": "link",
                                "url": "https:\/\/airtable.com\/shrkIXBv0IvU2di4C"
                            }
                        ]
                    }
                ]
            }
        ],
        "reactions": [
            {
                "name": "eyes",
                "users": [
                    "UN227ML2H",
                    "U02F1GK6U6B",
                    "U01PXN2LGAK"
                ],
                "count": 3
            },
            {
                "name": "+1",
                "users": [
                    "U038MQM5736"
                ],
                "count": 1
            }
        ]
    }
]