[
    {
        "client_msg_id": "fe839428-e584-4fb8-83e7-789ef40995cf",
        "type": "message",
        "text": "Hello everyone!\nI am looking for crypto related websites for link exchange or paid link building purposes. DR 40+ Traffic 10K +",
        "user": "U01K3VD3154",
        "ts": "1642847384.171000",
        "team": "TJE58GTJL",
        "user_team": "TJE58GTJL",
        "source_team": "TJE58GTJL",
        "user_profile": {
            "avatar_hash": "344b2bdfd4e4",
            "image_72": "https:\/\/avatars.slack-edge.com\/2021-12-24\/2880772375011_344b2bdfd4e4a027d9a5_72.png",
            "first_name": "Liana",
            "real_name": "Liana",
            "display_name": "Liana",
            "team": "TJE58GTJL",
            "name": "lianasimonyan98",
            "is_restricted": false,
            "is_ultra_restricted": false
        },
        "blocks": [
            {
                "type": "rich_text",
                "block_id": "fL7",
                "elements": [
                    {
                        "type": "rich_text_section",
                        "elements": [
                            {
                                "type": "text",
                                "text": "Hello everyone!\nI am looking for crypto related websites for link exchange or paid link building purposes. DR 40+ Traffic 10K +"
                            }
                        ]
                    }
                ]
            }
        ]
    }
]