[
    {
        "client_msg_id": "245D7491-EC85-474A-B51E-79188C0F124D",
        "type": "message",
        "text": "Hi Folks!\n\nA prospect client of mine is looking for a UI\/UX designer for his shopfiy website (not just a developer) to work with me to develop a conversion-focused website.\n\nThe primary responsibilities include:\n\n-Designing with a flow in mind\n\n-Matching design principles with conversion principles\n\n-Assisting in conversion-foxuaed research \n\n-Actually designing and reiterating wire frames \n\nIf you feel like this profile suits you, DM me and I'll send you more details.\n\nThe Job is Contract based.\n\nLocation: India (Remote) Preferred",
        "user": "U02SQ6PSPMZ",
        "ts": "1650352469.782719",
        "team": "TJE58GTJL",
        "user_team": "TJE58GTJL",
        "source_team": "TJE58GTJL",
        "user_profile": {
            "avatar_hash": "c24285dce45f",
            "image_72": "https:\/\/avatars.slack-edge.com\/2022-02-06\/3062825030227_c24285dce45fcfd19464_72.png",
            "first_name": "Kushagra",
            "real_name": "Kushagra Oberoi",
            "display_name": "Kushagra",
            "team": "TJE58GTJL",
            "name": "kushagraoberoi25299",
            "is_restricted": false,
            "is_ultra_restricted": false
        },
        "blocks": [
            {
                "type": "rich_text",
                "block_id": "pe7xt",
                "elements": [
                    {
                        "type": "rich_text_section",
                        "elements": [
                            {
                                "type": "text",
                                "text": "Hi Folks!\n"
                            },
                            {
                                "type": "text",
                                "text": "\n"
                            },
                            {
                                "type": "text",
                                "text": "A prospect client of mine is looking for a UI\/UX designer for his shopfiy website (not just a developer) to work with me to develop a conversion-focused website.\n"
                            },
                            {
                                "type": "text",
                                "text": "\n"
                            },
                            {
                                "type": "text",
                                "text": "The primary responsibilities include:\n"
                            },
                            {
                                "type": "text",
                                "text": "\n"
                            },
                            {
                                "type": "text",
                                "text": "-Designing with a flow in mind\n"
                            },
                            {
                                "type": "text",
                                "text": "\n"
                            },
                            {
                                "type": "text",
                                "text": "-Matching design principles with conversion principles\n"
                            },
                            {
                                "type": "text",
                                "text": "\n"
                            },
                            {
                                "type": "text",
                                "text": "-Assisting in conversion-foxuaed research \n"
                            },
                            {
                                "type": "text",
                                "text": "\n"
                            },
                            {
                                "type": "text",
                                "text": "-Actually designing and reiterating wire frames \n"
                            },
                            {
                                "type": "text",
                                "text": "\n"
                            },
                            {
                                "type": "text",
                                "text": "If you feel like this profile suits you, DM me and I'll send you more details.\n"
                            },
                            {
                                "type": "text",
                                "text": "\n"
                            },
                            {
                                "type": "text",
                                "text": "The Job is Contract based.\n"
                            },
                            {
                                "type": "text",
                                "text": "\nLocation: India (Remote) Preferred"
                            }
                        ]
                    }
                ]
            }
        ]
    },
    {
        "client_msg_id": "09ca8581-fe46-4adf-811e-8fe66abded0a",
        "type": "message",
        "text": "Working on a new Skillshare course for anyone who wants to either get started or become better at freelance writing. What would you like to find out that no one's talking about? What insights are tough to get?\n\nTIA",
        "user": "U019P0ADPCH",
        "ts": "1650355823.277349",
        "team": "TJE58GTJL",
        "user_team": "TJE58GTJL",
        "source_team": "TJE58GTJL",
        "user_profile": {
            "avatar_hash": "b26c915e9b23",
            "image_72": "https:\/\/avatars.slack-edge.com\/2021-04-29\/2020593037140_b26c915e9b23e5b0cdbe_72.png",
            "first_name": "Alexandra",
            "real_name": "Alexandra Cote",
            "display_name": "Alexandra Cote",
            "team": "TJE58GTJL",
            "name": "cotealexandra11",
            "is_restricted": false,
            "is_ultra_restricted": false
        },
        "blocks": [
            {
                "type": "rich_text",
                "block_id": "HO1p0",
                "elements": [
                    {
                        "type": "rich_text_section",
                        "elements": [
                            {
                                "type": "text",
                                "text": "Working on a new Skillshare course for anyone who wants to either get started or become better at freelance writing. What would you like to find out that no one's talking about? What insights are tough to get?\n\nTIA"
                            }
                        ]
                    }
                ]
            }
        ],
        "thread_ts": "1650355823.277349",
        "reply_count": 6,
        "reply_users_count": 5,
        "latest_reply": "1650380020.821139",
        "reply_users": [
            "U02HWBZS9QC",
            "U03AD261X2A",
            "U03BWSGMLJC",
            "U01J84U3SQ6",
            "U02D4UW417W"
        ],
        "replies": [
            {
                "user": "U02HWBZS9QC",
                "ts": "1650356477.716279"
            },
            {
                "user": "U03AD261X2A",
                "ts": "1650357729.593129"
            },
            {
                "user": "U02HWBZS9QC",
                "ts": "1650357846.865799"
            },
            {
                "user": "U03BWSGMLJC",
                "ts": "1650367051.264629"
            },
            {
                "user": "U01J84U3SQ6",
                "ts": "1650368306.372519"
            },
            {
                "user": "U02D4UW417W",
                "ts": "1650380020.821139"
            }
        ],
        "is_locked": false,
        "subscribed": false
    },
    {
        "client_msg_id": "48adbd8b-8b49-492c-820d-61ec20d7b22e",
        "type": "message",
        "text": "I think - what most content strategists \/ copywriters talk about on LinkedIn or in their courses is how to improve content or copywriting skills.\n\nAnd while some courses are genuinely mind-blowing, there's no course that I can think of that helps freelance writers understand how they can scale their copywriting business. At the same time, while there are job boards like PeakFreelance, Superpath and websites like Patreon, none of the freelance writers talk about these - as they are just worried that it'll lead to more competition. And while that's true - but I believe that freelancing is booming. And freelance writers can really benefit from a chapter in your course that is dedicated towards helping them attract high-ticket clients.\n\nHope I was able to help.",
        "user": "U02HWBZS9QC",
        "ts": "1650356477.716279",
        "team": "TJE58GTJL",
        "user_team": "TJE58GTJL",
        "source_team": "TJE58GTJL",
        "user_profile": {
            "avatar_hash": "cea3c2adb719",
            "image_72": "https:\/\/avatars.slack-edge.com\/2021-12-23\/2879299611220_cea3c2adb71995b8fd88_72.jpg",
            "first_name": "Ankit",
            "real_name": "Ankit Vora",
            "display_name": "",
            "team": "TJE58GTJL",
            "name": "ankitplaynody",
            "is_restricted": false,
            "is_ultra_restricted": false
        },
        "blocks": [
            {
                "type": "rich_text",
                "block_id": "syn",
                "elements": [
                    {
                        "type": "rich_text_section",
                        "elements": [
                            {
                                "type": "text",
                                "text": "I think - what most content strategists \/ copywriters talk about on LinkedIn or in their courses is how to improve content or copywriting skills.\n\nAnd while some courses are genuinely mind-blowing, there's no course that I can think of that helps freelance writers understand how they can scale their copywriting business. At the same time, while there are job boards like PeakFreelance, Superpath and websites like Patreon, none of the freelance writers talk about these - as they are just worried that it'll lead to more competition. And while that's true - but I believe that freelancing is booming. And freelance writers can really benefit from a chapter in your course that is dedicated towards helping them attract high-ticket clients.\n\nHope I was able to help."
                            }
                        ]
                    }
                ]
            }
        ],
        "thread_ts": "1650355823.277349",
        "parent_user_id": "U019P0ADPCH",
        "reactions": [
            {
                "name": "+1",
                "users": [
                    "U03AZARL0CV",
                    "U0361FS1SG4",
                    "U01J84U3SQ6",
                    "U03AD24KYR4"
                ],
                "count": 4
            }
        ]
    },
    {
        "client_msg_id": "407d7269-5656-4d76-a0bb-589cf47f6c30",
        "type": "message",
        "text": "How to get access to places that house high-value clients (like this job board). I feel that there are a lot of places like it, but no one mentions them:woman-shrugging: I really hope to see these examples and people mentioning them. Everyone just says cold outreach and FB groups.. but there really are job boards that have worked for people.",
        "user": "U03AD261X2A",
        "ts": "1650357729.593129",
        "team": "TJE58GTJL",
        "user_team": "TJE58GTJL",
        "source_team": "TJE58GTJL",
        "user_profile": {
            "avatar_hash": "ca3f13fe4c5b",
            "image_72": "https:\/\/avatars.slack-edge.com\/2022-04-07\/3362548952756_ca3f13fe4c5bc4337200_72.jpg",
            "first_name": "Reem",
            "real_name": "Reem S. Abouemera",
            "display_name": "Reem S. Abouemera",
            "team": "TJE58GTJL",
            "name": "reem.abouemera",
            "is_restricted": false,
            "is_ultra_restricted": false
        },
        "blocks": [
            {
                "type": "rich_text",
                "block_id": "3Br6",
                "elements": [
                    {
                        "type": "rich_text_section",
                        "elements": [
                            {
                                "type": "text",
                                "text": "How to get access to places that house high-value clients (like this job board). I feel that there are a lot of places like it, but no one mentions them"
                            },
                            {
                                "type": "emoji",
                                "name": "woman-shrugging"
                            },
                            {
                                "type": "text",
                                "text": " I really hope to see these examples and people mentioning them. Everyone just says cold outreach and FB groups.. but there really are job boards that have worked for people."
                            }
                        ]
                    }
                ]
            }
        ],
        "thread_ts": "1650355823.277349",
        "parent_user_id": "U019P0ADPCH",
        "reactions": [
            {
                "name": "partyparrot",
                "users": [
                    "U02HWBZS9QC",
                    "U019P0ADPCH"
                ],
                "count": 2
            },
            {
                "name": "heart",
                "users": [
                    "U03AZARL0CV",
                    "U030KA0L7L1",
                    "U03B74Q3E3D"
                ],
                "count": 3
            }
        ]
    },
    {
        "client_msg_id": "a4008e0d-f997-4482-b2d4-e15ffbef22c8",
        "type": "message",
        "text": "On point <@U03AD261X2A>",
        "user": "U02HWBZS9QC",
        "ts": "1650357846.865799",
        "team": "TJE58GTJL",
        "user_team": "TJE58GTJL",
        "source_team": "TJE58GTJL",
        "user_profile": {
            "avatar_hash": "cea3c2adb719",
            "image_72": "https:\/\/avatars.slack-edge.com\/2021-12-23\/2879299611220_cea3c2adb71995b8fd88_72.jpg",
            "first_name": "Ankit",
            "real_name": "Ankit Vora",
            "display_name": "",
            "team": "TJE58GTJL",
            "name": "ankitplaynody",
            "is_restricted": false,
            "is_ultra_restricted": false
        },
        "blocks": [
            {
                "type": "rich_text",
                "block_id": "k+7jo",
                "elements": [
                    {
                        "type": "rich_text_section",
                        "elements": [
                            {
                                "type": "text",
                                "text": "On point "
                            },
                            {
                                "type": "user",
                                "user_id": "U03AD261X2A"
                            }
                        ]
                    }
                ]
            }
        ],
        "thread_ts": "1650355823.277349",
        "parent_user_id": "U019P0ADPCH",
        "reactions": [
            {
                "name": "blush",
                "users": [
                    "U03AD261X2A"
                ],
                "count": 1
            }
        ]
    },
    {
        "client_msg_id": "3CDEA1EA-40EC-4E8C-977A-CCC4F89D7DD2",
        "type": "message",
        "text": "How to be productive. It's easy to let freelancing consume more time than a full-time job, so it would be great to learn about different productivity\/time management tips and online tools that can help.",
        "user": "U03BWSGMLJC",
        "ts": "1650367051.264629",
        "team": "TJE58GTJL",
        "user_team": "TJE58GTJL",
        "source_team": "TJE58GTJL",
        "user_profile": {
            "avatar_hash": "205648500f6b",
            "image_72": "https:\/\/avatars.slack-edge.com\/2022-04-12\/3383591165636_205648500f6b4946b5b4_72.png",
            "first_name": "Deiera",
            "real_name": "Deiera Bennett",
            "display_name": "Deiera Bennett",
            "team": "TJE58GTJL",
            "name": "deierarenee",
            "is_restricted": false,
            "is_ultra_restricted": false
        },
        "blocks": [
            {
                "type": "rich_text",
                "block_id": "mK67",
                "elements": [
                    {
                        "type": "rich_text_section",
                        "elements": [
                            {
                                "type": "text",
                                "text": "How to be productive. It's easy to let freelancing consume more time than a full-time job, so it would be great to learn about different productivity\/time management tips and online tools that can help."
                            }
                        ]
                    }
                ]
            }
        ],
        "thread_ts": "1650355823.277349",
        "parent_user_id": "U019P0ADPCH",
        "reactions": [
            {
                "name": "pray",
                "users": [
                    "U019P0ADPCH"
                ],
                "count": 1
            }
        ]
    },
    {
        "client_msg_id": "66a98827-c8f9-4563-8490-82015fe44d85",
        "type": "message",
        "text": "How to improve writing skills and get better at editing",
        "user": "U01J84U3SQ6",
        "ts": "1650368306.372519",
        "team": "TJE58GTJL",
        "user_team": "TJE58GTJL",
        "source_team": "TJE58GTJL",
        "user_profile": {
            "avatar_hash": "gdab1d2a41e5",
            "image_72": "https:\/\/secure.gravatar.com\/avatar\/dab1d2a41e573a329156be15739aa21a.jpg?s=72&d=https%3A%2F%2Fa.slack-edge.com%2Fdf10d%2Fimg%2Favatars%2Fava_0005-72.png",
            "first_name": "Soare",
            "real_name": "Soare",
            "display_name": "Kesar",
            "team": "TJE58GTJL",
            "name": "fu65745",
            "is_restricted": false,
            "is_ultra_restricted": false
        },
        "blocks": [
            {
                "type": "rich_text",
                "block_id": "eiM",
                "elements": [
                    {
                        "type": "rich_text_section",
                        "elements": [
                            {
                                "type": "text",
                                "text": "How to improve writing skills and get better at editing"
                            }
                        ]
                    }
                ]
            }
        ],
        "thread_ts": "1650355823.277349",
        "parent_user_id": "U019P0ADPCH"
    },
    {
        "client_msg_id": "1c548da9-7cdf-406d-bf98-2f36759585dd",
        "type": "message",
        "text": "How to project manage multiple clients at the same time.",
        "user": "U02D4UW417W",
        "ts": "1650380020.821139",
        "team": "TJE58GTJL",
        "user_team": "TJE58GTJL",
        "source_team": "TJE58GTJL",
        "user_profile": {
            "avatar_hash": "c81ca2e7299b",
            "image_72": "https:\/\/avatars.slack-edge.com\/2021-09-04\/2469325115809_c81ca2e7299b83fb7015_72.png",
            "first_name": "Alif",
            "real_name": "Alif Huq",
            "display_name": "Alif Huq",
            "team": "TJE58GTJL",
            "name": "alifhuq95",
            "is_restricted": false,
            "is_ultra_restricted": false
        },
        "blocks": [
            {
                "type": "rich_text",
                "block_id": "WYt",
                "elements": [
                    {
                        "type": "rich_text_section",
                        "elements": [
                            {
                                "type": "text",
                                "text": "How to project manage multiple clients at the same time."
                            }
                        ]
                    }
                ]
            }
        ],
        "thread_ts": "1650355823.277349",
        "parent_user_id": "U019P0ADPCH"
    },
    {
        "client_msg_id": "be6dde61-696e-40e5-8afc-e72ffa7edee5",
        "type": "message",
        "text": "I am looking for a freelance editor to help with content efforts at Scorpion. You'll be editing blog posts and ebooks focused on marketing. Mostly checking for SEO keywords, grammar and style. I'd guess 5 hours a week but it could grow into more. Let me know if you're interested.",
        "user": "U0322J0GUF7",
        "ts": "1650387720.631009",
        "team": "TJE58GTJL",
        "user_team": "TJE58GTJL",
        "source_team": "TJE58GTJL",
        "user_profile": {
            "avatar_hash": "87af9ef77d69",
            "image_72": "https:\/\/avatars.slack-edge.com\/2022-02-08\/3076045712292_87af9ef77d690b38a193_72.jpg",
            "first_name": "Andrew",
            "real_name": "Andrew Adams",
            "display_name": "Andrew Adams",
            "team": "TJE58GTJL",
            "name": "andrew614",
            "is_restricted": false,
            "is_ultra_restricted": false
        },
        "blocks": [
            {
                "type": "rich_text",
                "block_id": "g2IY6",
                "elements": [
                    {
                        "type": "rich_text_section",
                        "elements": [
                            {
                                "type": "text",
                                "text": "I am looking for a freelance editor to help with content efforts at Scorpion. You'll be editing blog posts and ebooks focused on marketing. Mostly checking for SEO keywords, grammar and style. I'd guess 5 hours a week but it could grow into more. Let me know if you're interested."
                            }
                        ]
                    }
                ]
            }
        ],
        "thread_ts": "1650387720.631009",
        "reply_count": 4,
        "reply_users_count": 4,
        "latest_reply": "1650438622.298999",
        "reply_users": [
            "UJ7R3QGSV",
            "U02HWBZS9QC",
            "U012GHRAHDK",
            "U03AD261X2A"
        ],
        "replies": [
            {
                "user": "UJ7R3QGSV",
                "ts": "1650387846.643729"
            },
            {
                "user": "U02HWBZS9QC",
                "ts": "1650388204.735089"
            },
            {
                "user": "U012GHRAHDK",
                "ts": "1650428994.984919"
            },
            {
                "user": "U03AD261X2A",
                "ts": "1650438622.298999"
            }
        ],
        "is_locked": false,
        "subscribed": false
    },
    {
        "client_msg_id": "bb4ca2dd-59c4-43a2-8687-de861d4fd289",
        "type": "message",
        "text": "Hi Andrew! I run chatty.so, a content editing service purpose-built for qhst you're looking for. Feel free to check us out — happy to answer any questions or set you up with one of our editors for a trial piece! <https:\/\/chatty.so|https:\/\/chatty.so>",
        "user": "UJ7R3QGSV",
        "ts": "1650387846.643729",
        "team": "TJE58GTJL",
        "user_team": "TJE58GTJL",
        "source_team": "TJE58GTJL",
        "user_profile": {
            "avatar_hash": "gaf0f8ed70a3",
            "image_72": "https:\/\/secure.gravatar.com\/avatar\/5baf0f8ed70a3ef2324402c5dfe65280.jpg?s=72&d=https%3A%2F%2Fa.slack-edge.com%2Fdf10d%2Fimg%2Favatars%2Fava_0017-72.png",
            "first_name": "",
            "real_name": "Kieran",
            "display_name": "",
            "team": "TJE58GTJL",
            "name": "kieran",
            "is_restricted": false,
            "is_ultra_restricted": false
        },
        "edited": {
            "user": "UJ7R3QGSV",
            "ts": "1650387876.000000"
        },
        "attachments": [
            {
                "from_url": "https:\/\/chatty.so\/",
                "image_url": "https:\/\/global-uploads.webflow.com\/61290d6a47a6e177f59625dd\/6153588eaf92f35a3c6219bd_chatty-opengraph-v2.png",
                "image_width": 478,
                "image_height": 250,
                "image_bytes": 86473,
                "id": 1,
                "original_url": "https:\/\/chatty.so",
                "fallback": "Hire Top Content Editors On Demand | Chatty",
                "text": "On-demand content editing services built for busy writers and publishers. Discover, hire, and work with vetted content and editorial talent—all in one place, for a flat rate, whenever you need them.",
                "title": "Hire Top Content Editors On Demand | Chatty",
                "title_link": "https:\/\/chatty.so\/",
                "service_name": "chatty.so"
            }
        ],
        "blocks": [
            {
                "type": "rich_text",
                "block_id": "zpb",
                "elements": [
                    {
                        "type": "rich_text_section",
                        "elements": [
                            {
                                "type": "text",
                                "text": "Hi Andrew! I run chatty.so, a content editing service purpose-built for qhst you're looking for. Feel free to check us out — happy to answer any questions or set you up with one of our editors for a trial piece! "
                            },
                            {
                                "type": "link",
                                "url": "https:\/\/chatty.so",
                                "text": "https:\/\/chatty.so"
                            }
                        ]
                    }
                ]
            }
        ],
        "thread_ts": "1650387720.631009",
        "parent_user_id": "U0322J0GUF7",
        "reactions": [
            {
                "name": "raised_hands",
                "users": [
                    "U012GHRAHDK"
                ],
                "count": 1
            }
        ]
    },
    {
        "client_msg_id": "a8d65b4d-6305-4bbc-9f6a-9d9644426412",
        "type": "message",
        "text": "Dropped a DM :slightly_smiling_face:",
        "user": "U02HWBZS9QC",
        "ts": "1650388204.735089",
        "team": "TJE58GTJL",
        "user_team": "TJE58GTJL",
        "source_team": "TJE58GTJL",
        "user_profile": {
            "avatar_hash": "cea3c2adb719",
            "image_72": "https:\/\/avatars.slack-edge.com\/2021-12-23\/2879299611220_cea3c2adb71995b8fd88_72.jpg",
            "first_name": "Ankit",
            "real_name": "Ankit Vora",
            "display_name": "",
            "team": "TJE58GTJL",
            "name": "ankitplaynody",
            "is_restricted": false,
            "is_ultra_restricted": false
        },
        "blocks": [
            {
                "type": "rich_text",
                "block_id": "LM4",
                "elements": [
                    {
                        "type": "rich_text_section",
                        "elements": [
                            {
                                "type": "text",
                                "text": "Dropped a DM "
                            },
                            {
                                "type": "emoji",
                                "name": "slightly_smiling_face"
                            }
                        ]
                    }
                ]
            }
        ],
        "thread_ts": "1650387720.631009",
        "parent_user_id": "U0322J0GUF7"
    },
    {
        "client_msg_id": "f80ccc3e-9534-4f27-b675-c8997c68d6f4",
        "type": "message",
        "text": "Hey y'all! I'm looking for a freelancer to build content for Twitter and LinkedIn. I'm by no means a social media expert myself, so looking for someone who has run accounts for a B2B previously, preferably cloud saas\/dev tools, and isn't afraid of a technical product.",
        "user": "U03BZLMP8J0",
        "ts": "1650402562.484709",
        "team": "TJE58GTJL",
        "user_team": "TJE58GTJL",
        "source_team": "TJE58GTJL",
        "user_profile": {
            "avatar_hash": "d4093641b2cc",
            "image_72": "https:\/\/avatars.slack-edge.com\/2022-04-18\/3408891993604_d4093641b2cc03acc106_72.png",
            "first_name": "Lindsay",
            "real_name": "Lindsay Brunner",
            "display_name": "Lindsay Brunner",
            "team": "TJE58GTJL",
            "name": "lb",
            "is_restricted": false,
            "is_ultra_restricted": false
        },
        "blocks": [
            {
                "type": "rich_text",
                "block_id": "t=2dy",
                "elements": [
                    {
                        "type": "rich_text_section",
                        "elements": [
                            {
                                "type": "text",
                                "text": "Hey y'all! I'm looking for a freelancer to build content for Twitter and LinkedIn. I'm by no means a social media expert myself, so looking for someone who has run accounts for a B2B previously, preferably cloud saas\/dev tools, and isn't afraid of a technical product."
                            }
                        ]
                    }
                ]
            }
        ],
        "thread_ts": "1650402562.484709",
        "reply_count": 3,
        "reply_users_count": 2,
        "latest_reply": "1650415651.614989",
        "reply_users": [
            "U019CM82CE9",
            "U03BZLMP8J0"
        ],
        "replies": [
            {
                "user": "U019CM82CE9",
                "ts": "1650414158.046979"
            },
            {
                "user": "U03BZLMP8J0",
                "ts": "1650415324.061769"
            },
            {
                "user": "U019CM82CE9",
                "ts": "1650415651.614989"
            }
        ],
        "is_locked": false,
        "subscribed": false
    },
    {
        "client_msg_id": "196acddb-3791-487e-ae2d-7830c42e40ea",
        "type": "message",
        "text": "Hello Lexi, is this opportunity still open?",
        "user": "U03CG48NDMF",
        "ts": "1650403617.949549",
        "team": "TJE58GTJL",
        "user_team": "TJE58GTJL",
        "source_team": "TJE58GTJL",
        "user_profile": {
            "avatar_hash": "g5ef6ccc23ff",
            "image_72": "https:\/\/secure.gravatar.com\/avatar\/5ef6ccc23ff99e9ef186eece35d8ff8b.jpg?s=72&d=https%3A%2F%2Fa.slack-edge.com%2Fdf10d%2Fimg%2Favatars%2Fava_0005-72.png",
            "first_name": "Nsikak",
            "real_name": "Nsikak Tim",
            "display_name": "",
            "team": "TJE58GTJL",
            "name": "nsikaktim1663",
            "is_restricted": false,
            "is_ultra_restricted": false
        },
        "blocks": [
            {
                "type": "rich_text",
                "block_id": "60wdB",
                "elements": [
                    {
                        "type": "rich_text_section",
                        "elements": [
                            {
                                "type": "text",
                                "text": "Hello Lexi, is this opportunity still open?"
                            }
                        ]
                    }
                ]
            }
        ],
        "thread_ts": "1649873652.826839",
        "parent_user_id": "UJH5BJQG0"
    },
    {
        "client_msg_id": "89b4bc19-b4bd-4a04-80ed-0b4c93569ef3",
        "type": "message",
        "text": "Hey Lindsey, I've created Twitter and LI content for multiple SaaS products in the past. Would love to chat and learn more about your needs.",
        "user": "U019CM82CE9",
        "ts": "1650414158.046979",
        "team": "TJE58GTJL",
        "user_team": "TJE58GTJL",
        "source_team": "TJE58GTJL",
        "user_profile": {
            "avatar_hash": "703c029d7106",
            "image_72": "https:\/\/avatars.slack-edge.com\/2021-09-13\/2485847415795_703c029d7106db84299d_72.jpg",
            "first_name": "Berrak",
            "real_name": "Berrak Sarikaya",
            "display_name": "Berrak Sarikaya",
            "team": "TJE58GTJL",
            "name": "berrakbiz",
            "is_restricted": false,
            "is_ultra_restricted": false
        },
        "blocks": [
            {
                "type": "rich_text",
                "block_id": "3We",
                "elements": [
                    {
                        "type": "rich_text_section",
                        "elements": [
                            {
                                "type": "text",
                                "text": "Hey Lindsey, I've created Twitter and LI content for multiple SaaS products in the past. Would love to chat and learn more about your needs."
                            }
                        ]
                    }
                ]
            }
        ],
        "thread_ts": "1650402562.484709",
        "parent_user_id": "U03BZLMP8J0"
    },
    {
        "client_msg_id": "6987141e-afc8-4964-aa88-c1a2c58a1b1d",
        "type": "message",
        "text": "Hey <@U019CM82CE9>! Shoot me a DM and let's connect. I'd love to see some of your work!",
        "user": "U03BZLMP8J0",
        "ts": "1650415324.061769",
        "team": "TJE58GTJL",
        "user_team": "TJE58GTJL",
        "source_team": "TJE58GTJL",
        "user_profile": {
            "avatar_hash": "d4093641b2cc",
            "image_72": "https:\/\/avatars.slack-edge.com\/2022-04-18\/3408891993604_d4093641b2cc03acc106_72.png",
            "first_name": "Lindsay",
            "real_name": "Lindsay Brunner",
            "display_name": "Lindsay Brunner",
            "team": "TJE58GTJL",
            "name": "lb",
            "is_restricted": false,
            "is_ultra_restricted": false
        },
        "blocks": [
            {
                "type": "rich_text",
                "block_id": "0nlOd",
                "elements": [
                    {
                        "type": "rich_text_section",
                        "elements": [
                            {
                                "type": "text",
                                "text": "Hey "
                            },
                            {
                                "type": "user",
                                "user_id": "U019CM82CE9"
                            },
                            {
                                "type": "text",
                                "text": "! Shoot me a DM and let's connect. I'd love to see some of your work!"
                            }
                        ]
                    }
                ]
            }
        ],
        "thread_ts": "1650402562.484709",
        "parent_user_id": "U03BZLMP8J0"
    },
    {
        "client_msg_id": "bf18dce5-c780-4b86-9846-012f7b6e42d2",
        "type": "message",
        "text": "DM sent!",
        "user": "U019CM82CE9",
        "ts": "1650415651.614989",
        "team": "TJE58GTJL",
        "user_team": "TJE58GTJL",
        "source_team": "TJE58GTJL",
        "user_profile": {
            "avatar_hash": "703c029d7106",
            "image_72": "https:\/\/avatars.slack-edge.com\/2021-09-13\/2485847415795_703c029d7106db84299d_72.jpg",
            "first_name": "Berrak",
            "real_name": "Berrak Sarikaya",
            "display_name": "Berrak Sarikaya",
            "team": "TJE58GTJL",
            "name": "berrakbiz",
            "is_restricted": false,
            "is_ultra_restricted": false
        },
        "blocks": [
            {
                "type": "rich_text",
                "block_id": "Uy+u9",
                "elements": [
                    {
                        "type": "rich_text_section",
                        "elements": [
                            {
                                "type": "text",
                                "text": "DM sent!"
                            }
                        ]
                    }
                ]
            }
        ],
        "thread_ts": "1650402562.484709",
        "parent_user_id": "U03BZLMP8J0"
    },
    {
        "client_msg_id": "cbfb1ecf-f82d-4553-9a5b-f2c092772e18",
        "type": "message",
        "text": "<@U0325F7N5D0>?",
        "user": "U02AR2XSN1M",
        "ts": "1650418465.611039",
        "team": "TJE58GTJL",
        "user_team": "TJE58GTJL",
        "source_team": "TJE58GTJL",
        "user_profile": {
            "avatar_hash": "b0fa34c3f8f5",
            "image_72": "https:\/\/avatars.slack-edge.com\/2021-08-16\/2368450553975_b0fa34c3f8f5e02f6b43_72.jpg",
            "first_name": "Leonie",
            "real_name": "Leonie Waldron",
            "display_name": "Leonie Waldron",
            "team": "TJE58GTJL",
            "name": "leonie",
            "is_restricted": false,
            "is_ultra_restricted": false
        },
        "blocks": [
            {
                "type": "rich_text",
                "block_id": "IIh2",
                "elements": [
                    {
                        "type": "rich_text_section",
                        "elements": [
                            {
                                "type": "user",
                                "user_id": "U0325F7N5D0"
                            },
                            {
                                "type": "text",
                                "text": "?"
                            }
                        ]
                    }
                ]
            }
        ],
        "thread_ts": "1650056237.633799",
        "parent_user_id": "U011QQDDSJV",
        "reactions": [
            {
                "name": "heart",
                "users": [
                    "U0325F7N5D0"
                ],
                "count": 1
            }
        ]
    },
    {
        "client_msg_id": "7fecfc8e-2bf9-48e7-a29b-2bd1f8ee7571",
        "type": "message",
        "text": "<@U011QQDDSJV> - DMing you!",
        "user": "U0325F7N5D0",
        "ts": "1650419101.949059",
        "team": "TJE58GTJL",
        "user_team": "TJE58GTJL",
        "source_team": "TJE58GTJL",
        "user_profile": {
            "avatar_hash": "b4415b70602c",
            "image_72": "https:\/\/avatars.slack-edge.com\/2022-02-09\/3080817988979_b4415b70602ce7f64e7c_72.jpg",
            "first_name": "Heather",
            "real_name": "Heather Van Dyne",
            "display_name": "Heather Van Dyne",
            "team": "TJE58GTJL",
            "name": "heather.vandyne",
            "is_restricted": false,
            "is_ultra_restricted": false
        },
        "blocks": [
            {
                "type": "rich_text",
                "block_id": "eJT",
                "elements": [
                    {
                        "type": "rich_text_section",
                        "elements": [
                            {
                                "type": "user",
                                "user_id": "U011QQDDSJV"
                            },
                            {
                                "type": "text",
                                "text": " - DMing you!"
                            }
                        ]
                    }
                ]
            }
        ],
        "thread_ts": "1650056237.633799",
        "parent_user_id": "U011QQDDSJV"
    },
    {
        "client_msg_id": "bf5ab1e9-1bba-4256-8ef1-fa87d995bce7",
        "type": "message",
        "text": "I can attest to <@UJ7R3QGSV>’s Chatty.so &gt;&gt; They turned around an article within a day and it was worth the investment (not very expensive either).",
        "user": "U012GHRAHDK",
        "ts": "1650428994.984919",
        "team": "TJE58GTJL",
        "user_team": "TJE58GTJL",
        "source_team": "TJE58GTJL",
        "user_profile": {
            "avatar_hash": "8ba0c4534568",
            "image_72": "https:\/\/avatars.slack-edge.com\/2022-04-12\/3401585222352_8ba0c45345680ce088ab_72.jpg",
            "first_name": "Deb",
            "real_name": "Deb Mukherjee",
            "display_name": "Deb Mukherjee",
            "team": "TJE58GTJL",
            "name": "debdut94",
            "is_restricted": false,
            "is_ultra_restricted": false
        },
        "blocks": [
            {
                "type": "rich_text",
                "block_id": "WB2",
                "elements": [
                    {
                        "type": "rich_text_section",
                        "elements": [
                            {
                                "type": "text",
                                "text": "I can attest to "
                            },
                            {
                                "type": "user",
                                "user_id": "UJ7R3QGSV"
                            },
                            {
                                "type": "text",
                                "text": "’s Chatty.so >> They turned around an article within a day and it was worth the investment (not very expensive either)."
                            }
                        ]
                    }
                ]
            }
        ],
        "thread_ts": "1650387720.631009",
        "parent_user_id": "U0322J0GUF7",
        "reactions": [
            {
                "name": "trophy",
                "users": [
                    "UJ7R3QGSV"
                ],
                "count": 1
            }
        ]
    },
    {
        "client_msg_id": "167cdc99-1bdc-4377-9743-c863cd84ba45",
        "type": "message",
        "text": "I suggest you go with the e-residency visa &amp; card. I applied to it two years ago, but decided to utimately incorporate in my country (RO) as we pay 3% taxes. However, I still have my e-residency and the process was super smooth. You can use it whenever you want so doesn't hurt to have it!",
        "user": "U02FSAADN2E",
        "ts": "1650434531.844799",
        "team": "TJE58GTJL",
        "user_team": "TJE58GTJL",
        "source_team": "TJE58GTJL",
        "user_profile": {
            "avatar_hash": "e8b4f680128b",
            "image_72": "https:\/\/avatars.slack-edge.com\/2021-10-01\/2554873033154_e8b4f680128bbcc1286d_72.jpg",
            "first_name": "Maria-Cristina",
            "real_name": "Maria-Cristina Muntean",
            "display_name": "",
            "team": "TJE58GTJL",
            "name": "mia",
            "is_restricted": false,
            "is_ultra_restricted": false
        },
        "blocks": [
            {
                "type": "rich_text",
                "block_id": "tTnj",
                "elements": [
                    {
                        "type": "rich_text_section",
                        "elements": [
                            {
                                "type": "text",
                                "text": "I suggest you go with the e-residency visa & card. I applied to it two years ago, but decided to utimately incorporate in my country (RO) as we pay 3% taxes. However, I still have my e-residency and the process was super smooth. You can use it whenever you want so doesn't hurt to have it!"
                            }
                        ]
                    }
                ]
            }
        ],
        "thread_ts": "1650297948.587139",
        "parent_user_id": "U034DDF5T46"
    }
]