[
    {
        "client_msg_id": "DBE4DBF2-29E1-4D8A-A0AC-87582EA8A254",
        "type": "message",
        "text": "Interested to know more",
        "user": "UJJELJPNH",
        "ts": "1651324105.344839",
        "team": "TJE58GTJL",
        "user_team": "TJE58GTJL",
        "source_team": "TJE58GTJL",
        "user_profile": {
            "avatar_hash": "d7c0796969e7",
            "image_72": "https:\/\/avatars.slack-edge.com\/2021-09-22\/2512204757622_d7c0796969e7e10042d0_72.png",
            "first_name": "Archita",
            "real_name": "Archita Sharma",
            "display_name": "Archita Sharma",
            "team": "TJE58GTJL",
            "name": "mearchita",
            "is_restricted": false,
            "is_ultra_restricted": false
        },
        "blocks": [
            {
                "type": "rich_text",
                "block_id": "xwfCM",
                "elements": [
                    {
                        "type": "rich_text_section",
                        "elements": [
                            {
                                "type": "text",
                                "text": "Interested to know more"
                            }
                        ]
                    }
                ]
            }
        ],
        "thread_ts": "1651245733.725779",
        "parent_user_id": "U033BJ3TPNH"
    },
    {
        "client_msg_id": "a9a8d5ea-470d-4813-8037-16451bc39da5",
        "type": "message",
        "text": "Thanks for sharing!\n\n<@U03330MFEN4>, big fan of the clean layout. And <@U0211K6LSM9> I love the project overview for each entry!",
        "user": "U03DRKTUBK2",
        "ts": "1651328635.373559",
        "team": "TJE58GTJL",
        "user_team": "TJE58GTJL",
        "source_team": "TJE58GTJL",
        "user_profile": {
            "avatar_hash": "b03ed6c13d04",
            "image_72": "https:\/\/avatars.slack-edge.com\/2022-04-27\/3449930474196_b03ed6c13d04aa177e5f_72.png",
            "first_name": "Ashwin",
            "real_name": "Ashwin Balakrishnan",
            "display_name": "Ashwin Balakrishnan",
            "team": "TJE58GTJL",
            "name": "ashwin637",
            "is_restricted": false,
            "is_ultra_restricted": false
        },
        "blocks": [
            {
                "type": "rich_text",
                "block_id": "oXJUp",
                "elements": [
                    {
                        "type": "rich_text_section",
                        "elements": [
                            {
                                "type": "text",
                                "text": "Thanks for sharing!\n\n"
                            },
                            {
                                "type": "user",
                                "user_id": "U03330MFEN4"
                            },
                            {
                                "type": "text",
                                "text": ", big fan of the clean layout. And "
                            },
                            {
                                "type": "user",
                                "user_id": "U0211K6LSM9"
                            },
                            {
                                "type": "text",
                                "text": " I love the project overview for each entry!"
                            }
                        ]
                    }
                ]
            }
        ],
        "thread_ts": "1651227697.701259",
        "parent_user_id": "U03DRKTUBK2",
        "reactions": [
            {
                "name": "heart",
                "users": [
                    "U03330MFEN4"
                ],
                "count": 1
            }
        ]
    },
    {
        "client_msg_id": "2f2f60a6-39d3-4b15-8bd5-4da4738b444f",
        "type": "message",
        "text": "Thanks! <@U012GHRAHDK>",
        "user": "U02QDLB9ASU",
        "ts": "1651330535.643389",
        "team": "TJE58GTJL",
        "user_team": "TJE58GTJL",
        "source_team": "TJE58GTJL",
        "user_profile": {
            "avatar_hash": "e5ced2747fd1",
            "image_72": "https:\/\/avatars.slack-edge.com\/2022-03-26\/3292956830326_e5ced2747fd11466f3ff_72.png",
            "first_name": "Randy",
            "real_name": "Randy Ginsburg",
            "display_name": "Randy Ginsburg",
            "team": "TJE58GTJL",
            "name": "randy",
            "is_restricted": false,
            "is_ultra_restricted": false
        },
        "blocks": [
            {
                "type": "rich_text",
                "block_id": "QvuY6",
                "elements": [
                    {
                        "type": "rich_text_section",
                        "elements": [
                            {
                                "type": "text",
                                "text": "Thanks! "
                            },
                            {
                                "type": "user",
                                "user_id": "U012GHRAHDK"
                            }
                        ]
                    }
                ]
            }
        ],
        "thread_ts": "1651171934.785859",
        "parent_user_id": "U02QDLB9ASU"
    },
    {
        "client_msg_id": "0d2cf442-1cf0-4883-8b23-1d1c3410dbcd",
        "type": "message",
        "text": "Greetings friends! :wave:\n\n<https:\/\/cresta.com\/|Cresta> is looking for freelance writers to help us with upcoming blog articles (~1250 words) and e-books (~2500 words) about these niches: contact centers, customer experience (CX), sales, customer care, AI, conversational AI.\n\nYou'll work closely with myself (Product Marketing) and Demand Generation. We’ll have a live briefing meeting and then provide article outlines and guidelines for writers to follow.\n\nThe ideal candidate will have experience writing mid &amp; long-form content for B2B SaaS startups, and a plus if you have SEO experience as well.\n\nIf this sounds interesting, please apply here! <https:\/\/forms.gle\/QzpczWmu5oSNiGrB9>\n\nEnjoy your weekends! :sun_with_face:",
        "user": "U03DL3XJ4LS",
        "ts": "1651348950.297259",
        "team": "TJE58GTJL",
        "user_team": "TJE58GTJL",
        "source_team": "TJE58GTJL",
        "user_profile": {
            "avatar_hash": "61695cd588d9",
            "image_72": "https:\/\/avatars.slack-edge.com\/2022-04-29\/3447538717895_61695cd588d918593383_72.jpg",
            "first_name": "Osman",
            "real_name": "Osman Javed",
            "display_name": "Osman Javed",
            "team": "TJE58GTJL",
            "name": "osmansja",
            "is_restricted": false,
            "is_ultra_restricted": false
        },
        "blocks": [
            {
                "type": "rich_text",
                "block_id": "zf76x",
                "elements": [
                    {
                        "type": "rich_text_section",
                        "elements": [
                            {
                                "type": "text",
                                "text": "Greetings friends! "
                            },
                            {
                                "type": "emoji",
                                "name": "wave"
                            },
                            {
                                "type": "text",
                                "text": "\n\n"
                            },
                            {
                                "type": "link",
                                "url": "https:\/\/cresta.com\/",
                                "text": "Cresta"
                            },
                            {
                                "type": "text",
                                "text": " is looking for freelance writers to help us with upcoming blog articles (~1250 words) and e-books (~2500 words) about these niches: contact centers, customer experience (CX), sales, customer care, AI, conversational AI.\n\nYou'll work closely with myself (Product Marketing) and Demand Generation. We’ll have a live briefing meeting and then provide article outlines and guidelines for writers to follow.\n\nThe ideal candidate will have experience writing mid & long-form content for B2B SaaS startups, and a plus if you have SEO experience as well.\n\nIf this sounds interesting, please apply here! "
                            },
                            {
                                "type": "link",
                                "url": "https:\/\/forms.gle\/QzpczWmu5oSNiGrB9"
                            },
                            {
                                "type": "text",
                                "text": "\n\nEnjoy your weekends! "
                            },
                            {
                                "type": "emoji",
                                "name": "sun_with_face"
                            }
                        ]
                    }
                ]
            }
        ],
        "thread_ts": "1651348950.297259",
        "reply_count": 2,
        "reply_users_count": 2,
        "latest_reply": "1651389936.021359",
        "reply_users": [
            "U02HD0L8HAP",
            "U03D56KAB4G"
        ],
        "replies": [
            {
                "user": "U02HD0L8HAP",
                "ts": "1651383468.987129"
            },
            {
                "user": "U03D56KAB4G",
                "ts": "1651389936.021359"
            }
        ],
        "is_locked": false,
        "subscribed": false,
        "reactions": [
            {
                "name": "partyparrot",
                "users": [
                    "U02KY0R6YGK",
                    "U02L5GTFSGG",
                    "U02GMMQ281W",
                    "U02HD0L8HAP",
                    "U03D56KAB4G",
                    "U02U3RDQKHP",
                    "UJG9WTEKG"
                ],
                "count": 7
            }
        ]
    },
    {
        "client_msg_id": "D6B48180-351A-486E-B657-522571A88D1D",
        "type": "message",
        "text": "Thanks for sharing <@U0320BS53RQ>! Hi <@UJ7R3QGSV>, I'd love to learn more about this opportunity. Here is my <https:\/\/contra.com\/s\/BOqlWEON-newsletter-publishing?refCollaboratorId=WyJVc2VyUHJvZmlsZSIsODY1MzY4XQ%3D%3D|newsletter service on Contra>",
        "user": "U01FDQ4MG0H",
        "ts": "1651355710.362389",
        "team": "TJE58GTJL",
        "user_team": "TJE58GTJL",
        "source_team": "TJE58GTJL",
        "user_profile": {
            "avatar_hash": "906ad780ccd4",
            "image_72": "https:\/\/avatars.slack-edge.com\/2022-04-30\/3463755250402_906ad780ccd41776e379_72.png",
            "first_name": "James",
            "real_name": "James Patrick Seykot",
            "display_name": "James Seykot",
            "team": "TJE58GTJL",
            "name": "jimmyseykot",
            "is_restricted": false,
            "is_ultra_restricted": false
        },
        "attachments": [
            {
                "from_url": "https:\/\/contra.com\/s\/BOqlWEON-newsletter-publishing?refCollaboratorId=WyJVc2VyUHJvZmlsZSIsODY1MzY4XQ%3D%3D",
                "image_url": "https:\/\/api.urlbox.io\/v1\/KQ8Rpl7twuqcI7sq\/e891d8976ae29e1ca2f89f8ebc2e91ce38cf6e81\/png?height=630&url=https%3A%2F%2Fcontra.com%2F%40internal%2Fopen-graph-card%2Fservice%2FBOqlWEON-newsletter-publishing%231644793365051&wait_for=%23og-card&width=1200",
                "image_width": 476,
                "image_height": 250,
                "image_bytes": 125310,
                "service_icon": "https:\/\/contra.com\/static\/media\/touch-icon.png",
                "id": 1,
                "original_url": "https:\/\/contra.com\/s\/BOqlWEON-newsletter-publishing?refCollaboratorId=WyJVc2VyUHJvZmlsZSIsODY1MzY4XQ%3D%3D",
                "fallback": "Newsletter Publishing :coffee: :rolled_up_newspaper: by James Seykot",
                "text": "Read more about Newsletter Publishing :coffee: :rolled_up_newspaper: by James Seykot on Contra.",
                "title": "Newsletter Publishing :coffee: :rolled_up_newspaper: by James Seykot",
                "title_link": "https:\/\/contra.com\/s\/BOqlWEON-newsletter-publishing?refCollaboratorId=WyJVc2VyUHJvZmlsZSIsODY1MzY4XQ%3D%3D",
                "service_name": "contra.com"
            }
        ],
        "blocks": [
            {
                "type": "rich_text",
                "block_id": "6DC",
                "elements": [
                    {
                        "type": "rich_text_section",
                        "elements": [
                            {
                                "type": "text",
                                "text": "Thanks for sharing "
                            },
                            {
                                "type": "user",
                                "user_id": "U0320BS53RQ"
                            },
                            {
                                "type": "text",
                                "text": "! Hi "
                            },
                            {
                                "type": "user",
                                "user_id": "UJ7R3QGSV"
                            },
                            {
                                "type": "text",
                                "text": ", I'd love to learn more about this opportunity. Here is my "
                            },
                            {
                                "type": "link",
                                "url": "https:\/\/contra.com\/s\/BOqlWEON-newsletter-publishing?refCollaboratorId=WyJVc2VyUHJvZmlsZSIsODY1MzY4XQ%3D%3D",
                                "text": "newsletter service on Contra"
                            }
                        ]
                    }
                ]
            }
        ],
        "thread_ts": "1651251687.138969",
        "parent_user_id": "UJ7R3QGSV"
    },
    {
        "client_msg_id": "8c4cc633-e7e9-4c99-85c8-6ad3292c6003",
        "type": "message",
        "text": "Hey <@U03DL3XJ4LS> just applied",
        "user": "U02HD0L8HAP",
        "ts": "1651383468.987129",
        "team": "TJE58GTJL",
        "user_team": "TJE58GTJL",
        "source_team": "TJE58GTJL",
        "user_profile": {
            "avatar_hash": "675c42a91f65",
            "image_72": "https:\/\/avatars.slack-edge.com\/2022-01-10\/2928364816754_675c42a91f6571f4ac6b_72.jpg",
            "first_name": "Aanchal",
            "real_name": "Aanchal Parmar",
            "display_name": "Aanchal Parmar",
            "team": "TJE58GTJL",
            "name": "aanywrites",
            "is_restricted": false,
            "is_ultra_restricted": false
        },
        "blocks": [
            {
                "type": "rich_text",
                "block_id": "dYgTa",
                "elements": [
                    {
                        "type": "rich_text_section",
                        "elements": [
                            {
                                "type": "text",
                                "text": "Hey "
                            },
                            {
                                "type": "user",
                                "user_id": "U03DL3XJ4LS"
                            },
                            {
                                "type": "text",
                                "text": " just applied"
                            }
                        ]
                    }
                ]
            }
        ],
        "thread_ts": "1651348950.297259",
        "parent_user_id": "U03DL3XJ4LS"
    }
]