[
    {
        "client_msg_id": "8b024380-566a-4a63-a56e-a41029977838",
        "type": "message",
        "text": "_Interesting one for fellow strategists in the house_: *Have you encountered a writer who's basically a typist asking you to write their content*:thinking_face:*? (Or maybe I'm being harsh?)* \n\n*Context*: Working with a new client who requested a handful of content briefs.\n\nAfter submitting the briefs—which include the usual keyword meta, takeaway etc, along with guidance on subheads and a 2-3 sentences worth of notes per subhead + tips to tie content with their product\/messaging—the writer &amp; client requested \"more detail,\" and provided a (previously unmentioned) outline from another source for previous articles.\n\n_Naturally, I did a side-by-side comparison of the historic outlines (from whoever the previous source was) with the blog posts live on the site, the results made me uneasy:_ \n\nThe historic outlines *look like they include 70-90% of the complete word-for-word content within the articles*. Am I right to see this as strange &amp; unfair on me as a freelance content strategist?\n\n:point_right: I was a freelance writer for over 8 years and never required that much detail in an outline to write a compelling post, usually some subheads and pointers on resources and messaging gets me going. Heck, I've had clients love a deliverable when they've just given me a keyword and let me go all in.\n\n_What's your take_? My instinct is to relay my concerns to the client and show them the side-by-side comparison and basically opt-out if that's what they want from me.",
        "user": "U02L06UKN8L",
        "ts": "1642939918.185200",
        "team": "TJE58GTJL",
        "user_team": "TJE58GTJL",
        "source_team": "TJE58GTJL",
        "user_profile": {
            "avatar_hash": "g30e3430eb5f",
            "image_72": "https:\/\/secure.gravatar.com\/avatar\/30e3430eb5fd14e0bdd645b515d2b55d.jpg?s=72&d=https%3A%2F%2Fa.slack-edge.com%2Fdf10d%2Fimg%2Favatars%2Fava_0015-72.png",
            "first_name": "Hassan",
            "real_name": "Hassan Uddeen",
            "display_name": "",
            "team": "TJE58GTJL",
            "name": "hassancopywrite",
            "is_restricted": false,
            "is_ultra_restricted": false
        },
        "edited": {
            "user": "U02L06UKN8L",
            "ts": "1642940155.000000"
        },
        "blocks": [
            {
                "type": "rich_text",
                "block_id": "YGC",
                "elements": [
                    {
                        "type": "rich_text_section",
                        "elements": [
                            {
                                "type": "text",
                                "text": "Interesting one for fellow strategists in the house",
                                "style": {
                                    "italic": true
                                }
                            },
                            {
                                "type": "text",
                                "text": ": "
                            },
                            {
                                "type": "text",
                                "text": "Have you encountered a writer who's basically a typist asking you to write their content",
                                "style": {
                                    "bold": true
                                }
                            },
                            {
                                "type": "emoji",
                                "name": "thinking_face",
                                "style": {
                                    "bold": true
                                }
                            },
                            {
                                "type": "text",
                                "text": "? (Or maybe I'm being harsh?) ",
                                "style": {
                                    "bold": true
                                }
                            },
                            {
                                "type": "text",
                                "text": "\n\n"
                            },
                            {
                                "type": "text",
                                "text": "Context",
                                "style": {
                                    "bold": true
                                }
                            },
                            {
                                "type": "text",
                                "text": ": Working with a new client who requested a handful of content briefs.\n\nAfter submitting the briefs—which include the usual keyword meta, takeaway etc, along with guidance on subheads and a 2-3 sentences worth of notes per subhead + tips to tie content with their product\/messaging—the writer & client requested \"more detail,\" and provided a (previously unmentioned) outline from another source for previous articles.\n\n"
                            },
                            {
                                "type": "text",
                                "text": "Naturally, I did a side-by-side comparison of the historic outlines (from whoever the previous source was) with the blog posts live on the site, the results made me uneasy: ",
                                "style": {
                                    "italic": true
                                }
                            },
                            {
                                "type": "text",
                                "text": "\n\nThe historic outlines "
                            },
                            {
                                "type": "text",
                                "text": "look like they include 70-90% of the complete word-for-word content within the articles",
                                "style": {
                                    "bold": true
                                }
                            },
                            {
                                "type": "text",
                                "text": ". Am I right to see this as strange & unfair on me as a freelance content strategist?\n\n"
                            },
                            {
                                "type": "emoji",
                                "name": "point_right"
                            },
                            {
                                "type": "text",
                                "text": " I was a freelance writer for over 8 years and never required that much detail in an outline to write a compelling post, usually some subheads and pointers on resources and messaging gets me going. Heck, I've had clients love a deliverable when they've just given me a keyword and let me go all in.\n\n"
                            },
                            {
                                "type": "text",
                                "text": "What's your take",
                                "style": {
                                    "italic": true
                                }
                            },
                            {
                                "type": "text",
                                "text": "? My instinct is to relay my concerns to the client and show them the side-by-side comparison and basically opt-out if that's what they want from me."
                            }
                        ]
                    }
                ]
            }
        ],
        "thread_ts": "1642939918.185200",
        "reply_count": 3,
        "reply_users_count": 3,
        "latest_reply": "1643048523.198500",
        "reply_users": [
            "U01AHL8AGBB",
            "U025H70LG86",
            "U0211K6LSM9"
        ],
        "replies": [
            {
                "user": "U01AHL8AGBB",
                "ts": "1642946896.185500"
            },
            {
                "user": "U025H70LG86",
                "ts": "1643032570.191600"
            },
            {
                "user": "U0211K6LSM9",
                "ts": "1643048523.198500"
            }
        ],
        "is_locked": false,
        "subscribed": false
    },
    {
        "client_msg_id": "d47b68ae-91df-478f-80fd-6c62bda4bffc",
        "type": "message",
        "text": "Your instinct feels bang on to me!\n\nToo often, \"strategy\" is vastly misunderstood. You might come to some as a content strategist and all they see is \"content,\" and strategy is a vague buzzwordy thing to them, meaning whatever they happen to want it to :stuck_out_tongue:",
        "user": "U01AHL8AGBB",
        "ts": "1642946896.185500",
        "team": "TJE58GTJL",
        "user_team": "TJE58GTJL",
        "source_team": "TJE58GTJL",
        "user_profile": {
            "avatar_hash": "09eb34255d46",
            "image_72": "https:\/\/avatars.slack-edge.com\/2020-09-07\/1347887170866_09eb34255d4678a00ddc_72.png",
            "first_name": "Jordy",
            "real_name": "Jordy Fujiwara",
            "display_name": "Jordy",
            "team": "TJE58GTJL",
            "name": "jordy.fujiwara",
            "is_restricted": false,
            "is_ultra_restricted": false
        },
        "blocks": [
            {
                "type": "rich_text",
                "block_id": "bVa",
                "elements": [
                    {
                        "type": "rich_text_section",
                        "elements": [
                            {
                                "type": "text",
                                "text": "Your instinct feels bang on to me!\n\nToo often, \"strategy\" is vastly misunderstood. You might come to some as a content strategist and all they see is \"content,\" and strategy is a vague buzzwordy thing to them, meaning whatever they happen to want it to "
                            },
                            {
                                "type": "emoji",
                                "name": "stuck_out_tongue"
                            }
                        ]
                    }
                ]
            }
        ],
        "thread_ts": "1642939918.185200",
        "parent_user_id": "U02L06UKN8L"
    },
    {
        "type": "message",
        "text": "Made some big changes in my business today. I finally got around to collating the differenty sorts of projects I'd been working on, and the results were not pretty. 16 different types of work, with the biggest one only making up 17% of my revenue!\n\nSo now I'm repositioning around just four things:\n\n1. Home page reviews\n2. Home page copywriting\n3. Landing page copywriting\n4. Subscriber-to-lead content strategy\nI wrote about it in my blog\/newsletter today. I think the big implications are\n\n1. Going to have to turn away a lot of work\n2. Going to have to actively prospect for things in those four buckets above\nHas anyone in here made a shift like this? Let me know any lessons you wish you'd known beforehand if so.",
        "files": [
            {
                "id": "F030HPGF3Q8",
                "created": 1642984470,
                "timestamp": 1642984470,
                "name": "workload present.png",
                "title": "workload present.png",
                "mimetype": "image\/png",
                "filetype": "png",
                "pretty_type": "PNG",
                "user": "U02UNK9DJSZ",
                "editable": false,
                "size": 288442,
                "mode": "hosted",
                "is_external": false,
                "external_type": "",
                "is_public": true,
                "public_url_shared": false,
                "display_as_bot": false,
                "username": "",
                "url_private": "https:\/\/files.slack.com\/files-pri\/TJE58GTJL-F030HPGF3Q8\/workload_present.png?t=xoxe-626178571632-3467451922035-3469800396036-b45365c7edcd0220272aa8a422c2b82f",
                "url_private_download": "https:\/\/files.slack.com\/files-pri\/TJE58GTJL-F030HPGF3Q8\/download\/workload_present.png?t=xoxe-626178571632-3467451922035-3469800396036-b45365c7edcd0220272aa8a422c2b82f",
                "media_display_type": "unknown",
                "thumb_64": "https:\/\/files.slack.com\/files-tmb\/TJE58GTJL-F030HPGF3Q8-36565d723a\/workload_present_64.png?t=xoxe-626178571632-3467451922035-3469800396036-b45365c7edcd0220272aa8a422c2b82f",
                "thumb_80": "https:\/\/files.slack.com\/files-tmb\/TJE58GTJL-F030HPGF3Q8-36565d723a\/workload_present_80.png?t=xoxe-626178571632-3467451922035-3469800396036-b45365c7edcd0220272aa8a422c2b82f",
                "thumb_360": "https:\/\/files.slack.com\/files-tmb\/TJE58GTJL-F030HPGF3Q8-36565d723a\/workload_present_360.png?t=xoxe-626178571632-3467451922035-3469800396036-b45365c7edcd0220272aa8a422c2b82f",
                "thumb_360_w": 360,
                "thumb_360_h": 198,
                "thumb_480": "https:\/\/files.slack.com\/files-tmb\/TJE58GTJL-F030HPGF3Q8-36565d723a\/workload_present_480.png?t=xoxe-626178571632-3467451922035-3469800396036-b45365c7edcd0220272aa8a422c2b82f",
                "thumb_480_w": 480,
                "thumb_480_h": 264,
                "thumb_160": "https:\/\/files.slack.com\/files-tmb\/TJE58GTJL-F030HPGF3Q8-36565d723a\/workload_present_160.png?t=xoxe-626178571632-3467451922035-3469800396036-b45365c7edcd0220272aa8a422c2b82f",
                "thumb_720": "https:\/\/files.slack.com\/files-tmb\/TJE58GTJL-F030HPGF3Q8-36565d723a\/workload_present_720.png?t=xoxe-626178571632-3467451922035-3469800396036-b45365c7edcd0220272aa8a422c2b82f",
                "thumb_720_w": 720,
                "thumb_720_h": 396,
                "thumb_800": "https:\/\/files.slack.com\/files-tmb\/TJE58GTJL-F030HPGF3Q8-36565d723a\/workload_present_800.png?t=xoxe-626178571632-3467451922035-3469800396036-b45365c7edcd0220272aa8a422c2b82f",
                "thumb_800_w": 800,
                "thumb_800_h": 440,
                "thumb_960": "https:\/\/files.slack.com\/files-tmb\/TJE58GTJL-F030HPGF3Q8-36565d723a\/workload_present_960.png?t=xoxe-626178571632-3467451922035-3469800396036-b45365c7edcd0220272aa8a422c2b82f",
                "thumb_960_w": 960,
                "thumb_960_h": 529,
                "thumb_1024": "https:\/\/files.slack.com\/files-tmb\/TJE58GTJL-F030HPGF3Q8-36565d723a\/workload_present_1024.png?t=xoxe-626178571632-3467451922035-3469800396036-b45365c7edcd0220272aa8a422c2b82f",
                "thumb_1024_w": 1024,
                "thumb_1024_h": 564,
                "original_w": 2670,
                "original_h": 1470,
                "thumb_tiny": "AwAaADCmu1sDYB7kmkcrjATHvk0+N8LtyRj\/AG8CmyvuIHPHq2RTAYBmnrHngnFLEu58D0zVhIHLDAoBbld4Sgz1FRVpeXj71Z7ABmHoalFzilsKIywynze3cU9IGLAP+7B7tUNFUQSI\/ly7gQQD+YrVhmiePKuM+h4IrGpewoA0ri4SMHaQzHsO1Zp+tB7UlA27n\/\/Z",
                "permalink": "https:\/\/content-career-growth.slack.com\/files\/U02UNK9DJSZ\/F030HPGF3Q8\/workload_present.png",
                "permalink_public": "https:\/\/slack-files.com\/TJE58GTJL-F030HPGF3Q8-d06c2a0398",
                "is_starred": false,
                "has_rich_preview": false
            },
            {
                "id": "F02VAAS4F1S",
                "created": 1642984476,
                "timestamp": 1642984476,
                "name": "workload future.png",
                "title": "workload future.png",
                "mimetype": "image\/png",
                "filetype": "png",
                "pretty_type": "PNG",
                "user": "U02UNK9DJSZ",
                "editable": false,
                "size": 194715,
                "mode": "hosted",
                "is_external": false,
                "external_type": "",
                "is_public": true,
                "public_url_shared": false,
                "display_as_bot": false,
                "username": "",
                "url_private": "https:\/\/files.slack.com\/files-pri\/TJE58GTJL-F02VAAS4F1S\/workload_future.png?t=xoxe-626178571632-3467451922035-3469800396036-b45365c7edcd0220272aa8a422c2b82f",
                "url_private_download": "https:\/\/files.slack.com\/files-pri\/TJE58GTJL-F02VAAS4F1S\/download\/workload_future.png?t=xoxe-626178571632-3467451922035-3469800396036-b45365c7edcd0220272aa8a422c2b82f",
                "media_display_type": "unknown",
                "thumb_64": "https:\/\/files.slack.com\/files-tmb\/TJE58GTJL-F02VAAS4F1S-361bc2007b\/workload_future_64.png?t=xoxe-626178571632-3467451922035-3469800396036-b45365c7edcd0220272aa8a422c2b82f",
                "thumb_80": "https:\/\/files.slack.com\/files-tmb\/TJE58GTJL-F02VAAS4F1S-361bc2007b\/workload_future_80.png?t=xoxe-626178571632-3467451922035-3469800396036-b45365c7edcd0220272aa8a422c2b82f",
                "thumb_360": "https:\/\/files.slack.com\/files-tmb\/TJE58GTJL-F02VAAS4F1S-361bc2007b\/workload_future_360.png?t=xoxe-626178571632-3467451922035-3469800396036-b45365c7edcd0220272aa8a422c2b82f",
                "thumb_360_w": 360,
                "thumb_360_h": 186,
                "thumb_480": "https:\/\/files.slack.com\/files-tmb\/TJE58GTJL-F02VAAS4F1S-361bc2007b\/workload_future_480.png?t=xoxe-626178571632-3467451922035-3469800396036-b45365c7edcd0220272aa8a422c2b82f",
                "thumb_480_w": 480,
                "thumb_480_h": 248,
                "thumb_160": "https:\/\/files.slack.com\/files-tmb\/TJE58GTJL-F02VAAS4F1S-361bc2007b\/workload_future_160.png?t=xoxe-626178571632-3467451922035-3469800396036-b45365c7edcd0220272aa8a422c2b82f",
                "thumb_720": "https:\/\/files.slack.com\/files-tmb\/TJE58GTJL-F02VAAS4F1S-361bc2007b\/workload_future_720.png?t=xoxe-626178571632-3467451922035-3469800396036-b45365c7edcd0220272aa8a422c2b82f",
                "thumb_720_w": 720,
                "thumb_720_h": 372,
                "thumb_800": "https:\/\/files.slack.com\/files-tmb\/TJE58GTJL-F02VAAS4F1S-361bc2007b\/workload_future_800.png?t=xoxe-626178571632-3467451922035-3469800396036-b45365c7edcd0220272aa8a422c2b82f",
                "thumb_800_w": 800,
                "thumb_800_h": 413,
                "thumb_960": "https:\/\/files.slack.com\/files-tmb\/TJE58GTJL-F02VAAS4F1S-361bc2007b\/workload_future_960.png?t=xoxe-626178571632-3467451922035-3469800396036-b45365c7edcd0220272aa8a422c2b82f",
                "thumb_960_w": 960,
                "thumb_960_h": 496,
                "thumb_1024": "https:\/\/files.slack.com\/files-tmb\/TJE58GTJL-F02VAAS4F1S-361bc2007b\/workload_future_1024.png?t=xoxe-626178571632-3467451922035-3469800396036-b45365c7edcd0220272aa8a422c2b82f",
                "thumb_1024_w": 1024,
                "thumb_1024_h": 529,
                "original_w": 2668,
                "original_h": 1378,
                "thumb_tiny": "AwAYADChV6GwymZWIOOgqpAR58e7puFa7MADTHFXMp4MDKnPtUVXipFUT1OOmalMupFLYmjXKjKfjsJpHXEf3B9dpFIjLsGSoPuDRIylflIJPpnimZkdWUvCF2uu7371VooBNrYsSXJdSqjaDUcZjCtvUluxHao6Wgbbe4\/Yn\/PUf98nNNYrwFHA7nqaSkpiP\/\/Z",
                "permalink": "https:\/\/content-career-growth.slack.com\/files\/U02UNK9DJSZ\/F02VAAS4F1S\/workload_future.png",
                "permalink_public": "https:\/\/slack-files.com\/TJE58GTJL-F02VAAS4F1S-023d677884",
                "is_starred": false,
                "has_rich_preview": false
            }
        ],
        "upload": false,
        "user": "U02UNK9DJSZ",
        "ts": "1642984480.188000",
        "blocks": [
            {
                "type": "rich_text",
                "block_id": "LClZ",
                "elements": [
                    {
                        "type": "rich_text_section",
                        "elements": [
                            {
                                "type": "text",
                                "text": "Made some big changes in my business today. I finally got around to collating the differenty sorts of projects I'd been working on, and the results were not pretty. 16 different types of work, with the biggest one only making up 17% of my revenue!\n\nSo now I'm repositioning around just four things:\n\n"
                            }
                        ]
                    },
                    {
                        "type": "rich_text_list",
                        "elements": [
                            {
                                "type": "rich_text_section",
                                "elements": [
                                    {
                                        "type": "text",
                                        "text": "Home page reviews"
                                    }
                                ]
                            },
                            {
                                "type": "rich_text_section",
                                "elements": [
                                    {
                                        "type": "text",
                                        "text": "Home page copywriting"
                                    }
                                ]
                            },
                            {
                                "type": "rich_text_section",
                                "elements": [
                                    {
                                        "type": "text",
                                        "text": "Landing page copywriting"
                                    }
                                ]
                            },
                            {
                                "type": "rich_text_section",
                                "elements": [
                                    {
                                        "type": "text",
                                        "text": "Subscriber-to-lead content strategy"
                                    }
                                ]
                            }
                        ],
                        "style": "ordered",
                        "indent": 0,
                        "border": 0
                    },
                    {
                        "type": "rich_text_section",
                        "elements": [
                            {
                                "type": "text",
                                "text": "\nI wrote about it in my blog\/newsletter today. I think the big implications are\n\n"
                            }
                        ]
                    },
                    {
                        "type": "rich_text_list",
                        "elements": [
                            {
                                "type": "rich_text_section",
                                "elements": [
                                    {
                                        "type": "text",
                                        "text": "Going to have to turn away a lot of work"
                                    }
                                ]
                            },
                            {
                                "type": "rich_text_section",
                                "elements": [
                                    {
                                        "type": "text",
                                        "text": "Going to have to actively prospect for things in those four buckets above"
                                    }
                                ]
                            }
                        ],
                        "style": "ordered",
                        "indent": 0,
                        "border": 0
                    },
                    {
                        "type": "rich_text_section",
                        "elements": [
                            {
                                "type": "text",
                                "text": "\nHas anyone in here made a shift like this? Let me know any lessons you wish you'd known beforehand if so."
                            }
                        ]
                    }
                ]
            }
        ],
        "client_msg_id": "d96848e2-e986-4fef-b914-24354738fe10",
        "thread_ts": "1642984480.188000",
        "reply_count": 5,
        "reply_users_count": 3,
        "latest_reply": "1643063328.200400",
        "reply_users": [
            "U02UNK9DJSZ",
            "U02SU2BECCA",
            "U02CVNB3X1T"
        ],
        "replies": [
            {
                "user": "U02UNK9DJSZ",
                "ts": "1642987434.188500"
            },
            {
                "user": "U02SU2BECCA",
                "ts": "1643035669.192900"
            },
            {
                "user": "U02UNK9DJSZ",
                "ts": "1643049769.198700"
            },
            {
                "user": "U02CVNB3X1T",
                "ts": "1643059968.199600"
            },
            {
                "user": "U02UNK9DJSZ",
                "ts": "1643063328.200400"
            }
        ],
        "is_locked": false,
        "subscribed": false
    },
    {
        "client_msg_id": "bdf4f498-008a-4dd2-a369-02af17e9c211",
        "type": "message",
        "text": "Covered in my newsletter here: <https:\/\/www.samgrover.co.nz\/blog\/2022\/1\/24\/why-im-consolidating-my-service-offering>",
        "user": "U02UNK9DJSZ",
        "ts": "1642987434.188500",
        "team": "TJE58GTJL",
        "user_team": "TJE58GTJL",
        "source_team": "TJE58GTJL",
        "user_profile": {
            "avatar_hash": "b052c618f3df",
            "image_72": "https:\/\/avatars.slack-edge.com\/2022-01-20\/2977622180722_b052c618f3df14215512_72.jpg",
            "first_name": "Sam",
            "real_name": "Sam Grover",
            "display_name": "Sam Grover",
            "team": "TJE58GTJL",
            "name": "sam641",
            "is_restricted": false,
            "is_ultra_restricted": false
        },
        "attachments": [
            {
                "from_url": "https:\/\/www.samgrover.co.nz\/blog\/2022\/1\/24\/why-im-consolidating-my-service-offering",
                "thumb_url": "http:\/\/static1.squarespace.com\/static\/5a2dcb3db1ffb690d433ad2b\/5a52d69e53450aea1730e4bd\/61ebb84c62bc4d661dff3207\/1642974445411\/workload+future.png?format=1500w",
                "thumb_width": 1500,
                "thumb_height": 775,
                "service_icon": "https:\/\/images.squarespace-cdn.com\/content\/v1\/5a2dcb3db1ffb690d433ad2b\/1569221559090-37KCBB935D0AP1X1SPIR\/favicon.ico?format=100w",
                "id": 1,
                "original_url": "https:\/\/www.samgrover.co.nz\/blog\/2022\/1\/24\/why-im-consolidating-my-service-offering",
                "fallback": "Sam Grover: Why I'm consolidating my service offering — Sam Grover",
                "text": "I had a look at how many different types of projects I’ve worked on since August 2020. The results were not pretty.",
                "title": "Why I'm consolidating my service offering — Sam Grover",
                "title_link": "https:\/\/www.samgrover.co.nz\/blog\/2022\/1\/24\/why-im-consolidating-my-service-offering",
                "service_name": "Sam Grover"
            }
        ],
        "blocks": [
            {
                "type": "rich_text",
                "block_id": "+qK",
                "elements": [
                    {
                        "type": "rich_text_section",
                        "elements": [
                            {
                                "type": "text",
                                "text": "Covered in my newsletter here: "
                            },
                            {
                                "type": "link",
                                "url": "https:\/\/www.samgrover.co.nz\/blog\/2022\/1\/24\/why-im-consolidating-my-service-offering"
                            }
                        ]
                    }
                ]
            }
        ],
        "thread_ts": "1642984480.188000",
        "parent_user_id": "U02UNK9DJSZ"
    }
]