[
    {
        "client_msg_id": "87f0b8ce-6fa0-4555-b551-780066912102",
        "type": "message",
        "text": "Thanks <@U02LW0L0P4J>\n\nThis looks amazing!",
        "user": "U02HWBZS9QC",
        "ts": "1649409804.435279",
        "team": "TJE58GTJL",
        "user_team": "TJE58GTJL",
        "source_team": "TJE58GTJL",
        "user_profile": {
            "avatar_hash": "cea3c2adb719",
            "image_72": "https:\/\/avatars.slack-edge.com\/2021-12-23\/2879299611220_cea3c2adb71995b8fd88_72.jpg",
            "first_name": "Ankit",
            "real_name": "Ankit Vora",
            "display_name": "",
            "team": "TJE58GTJL",
            "name": "ankitplaynody",
            "is_restricted": false,
            "is_ultra_restricted": false
        },
        "blocks": [
            {
                "type": "rich_text",
                "block_id": "gci",
                "elements": [
                    {
                        "type": "rich_text_section",
                        "elements": [
                            {
                                "type": "text",
                                "text": "Thanks "
                            },
                            {
                                "type": "user",
                                "user_id": "U02LW0L0P4J"
                            },
                            {
                                "type": "text",
                                "text": "\n\nThis looks amazing!"
                            }
                        ]
                    }
                ]
            }
        ],
        "thread_ts": "1649354839.152279",
        "parent_user_id": "U02LW0L0P4J"
    },
    {
        "client_msg_id": "c842684b-8c5a-4540-a27f-7de22618b503",
        "type": "message",
        "text": "Hey Melanie, thanks for your tip. We just found someone last week.",
        "user": "U039LHK5YHG",
        "ts": "1649412691.509719",
        "team": "TJE58GTJL",
        "user_team": "TJE58GTJL",
        "source_team": "TJE58GTJL",
        "user_profile": {
            "avatar_hash": "86efa075cdf1",
            "image_72": "https:\/\/avatars.slack-edge.com\/2022-03-31\/3340870540785_86efa075cdf16f21622d_72.jpg",
            "first_name": "Samanyou",
            "real_name": "Samanyou Garg",
            "display_name": "Samanyou Garg",
            "team": "TJE58GTJL",
            "name": "sam872",
            "is_restricted": false,
            "is_ultra_restricted": false
        },
        "blocks": [
            {
                "type": "rich_text",
                "block_id": "Sqv",
                "elements": [
                    {
                        "type": "rich_text_section",
                        "elements": [
                            {
                                "type": "text",
                                "text": "Hey Melanie, thanks for your tip. We just found someone last week."
                            }
                        ]
                    }
                ]
            }
        ],
        "thread_ts": "1648797185.632119",
        "parent_user_id": "U039LHK5YHG",
        "reactions": [
            {
                "name": "raised_hands",
                "users": [
                    "U039JUGNGPK"
                ],
                "count": 1
            }
        ]
    },
    {
        "client_msg_id": "6914a6c6-e898-4bf4-b7fa-a914c18d4d5e",
        "type": "message",
        "text": "Having a rate sheet will help you find clients that are a good fit. When a client gets in touch, you could send a nice email, attach your rate sheet so they check your estimated pricing for every asset, and if they are good with it, they can proceed to schedule a meeting with you.",
        "user": "U025H70LG86",
        "ts": "1649415111.448409",
        "team": "TJE58GTJL",
        "user_team": "TJE58GTJL",
        "source_team": "TJE58GTJL",
        "user_profile": {
            "avatar_hash": "gab7e3d572a3",
            "image_72": "https:\/\/secure.gravatar.com\/avatar\/ab7e3d572a31f84ddbcde1de89912ecd.jpg?s=72&d=https%3A%2F%2Fa.slack-edge.com%2Fdf10d%2Fimg%2Favatars%2Fava_0002-72.png",
            "first_name": "Precious",
            "real_name": "Precious Oboidhe",
            "display_name": "Precious Oboidhe",
            "team": "TJE58GTJL",
            "name": "poboidhe",
            "is_restricted": false,
            "is_ultra_restricted": false
        },
        "blocks": [
            {
                "type": "rich_text",
                "block_id": "pht1",
                "elements": [
                    {
                        "type": "rich_text_section",
                        "elements": [
                            {
                                "type": "text",
                                "text": "Having a rate sheet will help you find clients that are a good fit. When a client gets in touch, you could send a nice email, attach your rate sheet so they check your estimated pricing for every asset, and if they are good with it, they can proceed to schedule a meeting with you."
                            }
                        ]
                    }
                ]
            }
        ],
        "thread_ts": "1649319515.803209",
        "parent_user_id": "U032AAX829K"
    },
    {
        "client_msg_id": "7edd2315-ac7c-4646-9fd1-15309fa0b925",
        "type": "message",
        "text": "<@U02HWBZS9QC> thanks!",
        "user": "U02LW0L0P4J",
        "ts": "1649422500.330549",
        "team": "TJE58GTJL",
        "user_team": "TJE58GTJL",
        "source_team": "TJE58GTJL",
        "user_profile": {
            "avatar_hash": "9375308fd2f8",
            "image_72": "https:\/\/avatars.slack-edge.com\/2021-11-11\/2740075638464_9375308fd2f88b221fc0_72.jpg",
            "first_name": "Rachel",
            "real_name": "Rachel Cantor",
            "display_name": "",
            "team": "TJE58GTJL",
            "name": "rachelmcantor",
            "is_restricted": false,
            "is_ultra_restricted": false
        },
        "blocks": [
            {
                "type": "rich_text",
                "block_id": "EWrkl",
                "elements": [
                    {
                        "type": "rich_text_section",
                        "elements": [
                            {
                                "type": "user",
                                "user_id": "U02HWBZS9QC"
                            },
                            {
                                "type": "text",
                                "text": " thanks!"
                            }
                        ]
                    }
                ]
            }
        ],
        "thread_ts": "1649354839.152279",
        "parent_user_id": "U02LW0L0P4J"
    },
    {
        "client_msg_id": "4fa10e4b-6fb8-4c60-aaf6-08f109c2f796",
        "type": "message",
        "text": "Hey content marketing friends - I’m looking for a few writers to help me help my clients. This would be contract-based and paid per project – mostly writing blogs and possibly some case studies, emails, etc.\n\nIf you have experience in finance, tech, and B2B – great!\nIf you have experience and understanding of SEO for blog articles – great!\n\nBut also, I need someone who:\n:sparkles:Can break down complex topics into human-speak\n:sparkles: Is not afraid to use SMALL words and SHORT sentences\n:sparkles: Understands best practices for web writing (active voice, cut superfluous words, etc.)\n\nMore about me <https:\/\/rebeccarosenberg.net\/> Pls send me your portfolio and *per article* rates! DM or email to hello at rebeccarosenberg dot net. Thanks!",
        "user": "U01MKHM96BZ",
        "ts": "1649429979.700879",
        "team": "TJE58GTJL",
        "user_team": "TJE58GTJL",
        "source_team": "TJE58GTJL",
        "user_profile": {
            "avatar_hash": "fca95587b9a4",
            "image_72": "https:\/\/avatars.slack-edge.com\/2021-02-15\/1775802159408_fca95587b9a449dbdcff_72.jpg",
            "first_name": "Rebecca",
            "real_name": "Rebecca Rosenberg",
            "display_name": "Rebecca",
            "team": "TJE58GTJL",
            "name": "hello580",
            "is_restricted": false,
            "is_ultra_restricted": false
        },
        "attachments": [
            {
                "from_url": "https:\/\/rebeccarosenberg.net\/",
                "service_icon": "https:\/\/rebeccarosenberg.net\/wp-content\/uploads\/2022\/01\/reb-rose-square_color.png",
                "id": 1,
                "original_url": "https:\/\/rebeccarosenberg.net\/",
                "fallback": "Rebecca Rosenberg: Rebecca Rosenberg - Freelance Copywriter and Content Writer",
                "text": "Freelance copywriter and content writer for B2B, SaaS, tech, and finance. I make your complex topic simple.",
                "title": "Rebecca Rosenberg - Freelance Copywriter and Content Writer",
                "title_link": "https:\/\/rebeccarosenberg.net\/",
                "service_name": "Rebecca Rosenberg",
                "fields": [
                    {
                        "value": "4 minutes",
                        "title": "Est. reading time",
                        "short": true
                    }
                ]
            }
        ],
        "blocks": [
            {
                "type": "rich_text",
                "block_id": "hMfn",
                "elements": [
                    {
                        "type": "rich_text_section",
                        "elements": [
                            {
                                "type": "text",
                                "text": "Hey content marketing friends - I’m looking for a few writers to help me help my clients. This would be contract-based and paid per project – mostly writing blogs and possibly some case studies, emails, etc.\n\nIf you have experience in finance, tech, and B2B – great!\nIf you have experience and understanding of SEO for blog articles – great!\n\nBut also, I need someone who:\n"
                            },
                            {
                                "type": "emoji",
                                "name": "sparkles"
                            },
                            {
                                "type": "text",
                                "text": "Can break down complex topics into human-speak\n"
                            },
                            {
                                "type": "emoji",
                                "name": "sparkles"
                            },
                            {
                                "type": "text",
                                "text": " Is not afraid to use SMALL words and SHORT sentences\n"
                            },
                            {
                                "type": "emoji",
                                "name": "sparkles"
                            },
                            {
                                "type": "text",
                                "text": " Understands best practices for web writing (active voice, cut superfluous words, etc.)\n\nMore about me "
                            },
                            {
                                "type": "link",
                                "url": "https:\/\/rebeccarosenberg.net\/"
                            },
                            {
                                "type": "text",
                                "text": " Pls send me your portfolio and "
                            },
                            {
                                "type": "text",
                                "text": "per article",
                                "style": {
                                    "bold": true
                                }
                            },
                            {
                                "type": "text",
                                "text": " rates! DM or email to hello at rebeccarosenberg dot net. Thanks!"
                            }
                        ]
                    }
                ]
            }
        ],
        "thread_ts": "1649429979.700879",
        "reply_count": 5,
        "reply_users_count": 5,
        "latest_reply": "1649574366.309329",
        "reply_users": [
            "U03AKM782EN",
            "U013JCCN8JE",
            "U02PRMEAP0V",
            "U019CM82CE9",
            "U039ZJKDGBC"
        ],
        "replies": [
            {
                "user": "U03AKM782EN",
                "ts": "1649435994.753969"
            },
            {
                "user": "U013JCCN8JE",
                "ts": "1649437057.489239"
            },
            {
                "user": "U02PRMEAP0V",
                "ts": "1649439253.045669"
            },
            {
                "user": "U019CM82CE9",
                "ts": "1649453602.101509"
            },
            {
                "user": "U039ZJKDGBC",
                "ts": "1649574366.309329"
            }
        ],
        "is_locked": false,
        "subscribed": false,
        "reactions": [
            {
                "name": "+1",
                "users": [
                    "U02NXETHERY",
                    "U01R17T2KJ8",
                    "U039NLYBNHE",
                    "U013JCCN8JE",
                    "U02PRMEAP0V",
                    "U02PUQ6CQRX"
                ],
                "count": 6
            }
        ]
    },
    {
        "client_msg_id": "C7C47B95-F882-4605-A1C3-8D68676B5547",
        "type": "message",
        "text": "I’m out of town this weekend, but this sounds like a fit for me — will shoot you an email early next week!",
        "user": "U03AKM782EN",
        "ts": "1649435994.753969",
        "team": "TJE58GTJL",
        "user_team": "TJE58GTJL",
        "source_team": "TJE58GTJL",
        "user_profile": {
            "avatar_hash": "g6cb44dd413b",
            "image_72": "https:\/\/secure.gravatar.com\/avatar\/6cb44dd413b78ca745b1455717ad3424.jpg?s=72&d=https%3A%2F%2Fa.slack-edge.com%2Fdf10d%2Fimg%2Favatars%2Fava_0016-72.png",
            "first_name": "Hailey",
            "real_name": "Hailey Hudson",
            "display_name": "",
            "team": "TJE58GTJL",
            "name": "hhudson412",
            "is_restricted": false,
            "is_ultra_restricted": false
        },
        "blocks": [
            {
                "type": "rich_text",
                "block_id": "aWN73",
                "elements": [
                    {
                        "type": "rich_text_section",
                        "elements": [
                            {
                                "type": "text",
                                "text": "I’m out of town this weekend, but this sounds like a fit for me — will shoot you an email early next week!"
                            }
                        ]
                    }
                ]
            }
        ],
        "thread_ts": "1649429979.700879",
        "parent_user_id": "U01MKHM96BZ"
    },
    {
        "client_msg_id": "e6b22df5-24ff-4eca-96e7-b9a7c3253126",
        "type": "message",
        "text": "<@U01MKHM96BZ> I've sent an email to you. Thanks!",
        "user": "U013JCCN8JE",
        "ts": "1649437057.489239",
        "team": "TJE58GTJL",
        "user_team": "TJE58GTJL",
        "source_team": "TJE58GTJL",
        "user_profile": {
            "avatar_hash": "6682d662b905",
            "image_72": "https:\/\/avatars.slack-edge.com\/2020-10-24\/1444184646742_6682d662b90594d702c6_72.jpg",
            "first_name": "Timan",
            "real_name": "Timan Nickson",
            "display_name": "Timan Nickson",
            "team": "TJE58GTJL",
            "name": "timanwai",
            "is_restricted": false,
            "is_ultra_restricted": false
        },
        "blocks": [
            {
                "type": "rich_text",
                "block_id": "q0i",
                "elements": [
                    {
                        "type": "rich_text_section",
                        "elements": [
                            {
                                "type": "user",
                                "user_id": "U01MKHM96BZ"
                            },
                            {
                                "type": "text",
                                "text": " I've sent an email to you. Thanks!"
                            }
                        ]
                    }
                ]
            }
        ],
        "thread_ts": "1649429979.700879",
        "parent_user_id": "U01MKHM96BZ"
    },
    {
        "client_msg_id": "500c4820-3f63-4789-a15b-8a8968306db2",
        "type": "message",
        "text": "Hi <@U01MKHM96BZ>:wave:, just sent you a DM :)",
        "user": "U02PRMEAP0V",
        "ts": "1649439253.045669",
        "team": "TJE58GTJL",
        "user_team": "TJE58GTJL",
        "source_team": "TJE58GTJL",
        "user_profile": {
            "avatar_hash": "3655374527f9",
            "image_72": "https:\/\/avatars.slack-edge.com\/2022-03-23\/3282575021317_3655374527f96f1c0934_72.png",
            "first_name": "Elsier",
            "real_name": "Elsier Otachi",
            "display_name": "Elsier Otachi",
            "team": "TJE58GTJL",
            "name": "biagelo",
            "is_restricted": false,
            "is_ultra_restricted": false
        },
        "blocks": [
            {
                "type": "rich_text",
                "block_id": "ndB",
                "elements": [
                    {
                        "type": "rich_text_section",
                        "elements": [
                            {
                                "type": "text",
                                "text": "Hi "
                            },
                            {
                                "type": "user",
                                "user_id": "U01MKHM96BZ"
                            },
                            {
                                "type": "emoji",
                                "name": "wave"
                            },
                            {
                                "type": "text",
                                "text": ", just sent you a DM :)"
                            }
                        ]
                    }
                ]
            }
        ],
        "thread_ts": "1649429979.700879",
        "parent_user_id": "U01MKHM96BZ"
    },
    {
        "client_msg_id": "8d879069-83ea-4ff1-ad0c-02baca491ea5",
        "type": "message",
        "text": "Hi!! For an article, I’m looking to chat with millennial and Gen Z full-time freelancers who skipped the typical work route and went straight into freelancing. If you’ve faced any backlash of some sort and would like to share that part of the story, I’d love to hear it too! Will wait for you in the comments or DM. :)",
        "user": "U02NUGJ6BUM",
        "ts": "1649444333.910579",
        "team": "TJE58GTJL",
        "user_team": "TJE58GTJL",
        "source_team": "TJE58GTJL",
        "user_profile": {
            "avatar_hash": "1a6b87d6e567",
            "image_72": "https:\/\/avatars.slack-edge.com\/2021-11-29\/2779513924802_1a6b87d6e567c6a5decb_72.jpg",
            "first_name": "Tammy",
            "real_name": "Tammy Danan",
            "display_name": "Tammy Danan",
            "team": "TJE58GTJL",
            "name": "tam27.321",
            "is_restricted": false,
            "is_ultra_restricted": false
        },
        "blocks": [
            {
                "type": "rich_text",
                "block_id": "sdF",
                "elements": [
                    {
                        "type": "rich_text_section",
                        "elements": [
                            {
                                "type": "text",
                                "text": "Hi!! For an article, I’m looking to chat with millennial and Gen Z full-time freelancers who skipped the typical work route and went straight into freelancing. If you’ve faced any backlash of some sort and would like to share that part of the story, I’d love to hear it too! Will wait for you in the comments or DM. :)"
                            }
                        ]
                    }
                ]
            }
        ],
        "thread_ts": "1649444333.910579",
        "reply_count": 5,
        "reply_users_count": 5,
        "latest_reply": "1649687837.233379",
        "reply_users": [
            "U039SG2UQHX",
            "U02GMMQ281W",
            "U024Z91H0KC",
            "U02SQ6PSPMZ",
            "U018DTFJKK2"
        ],
        "replies": [
            {
                "user": "U039SG2UQHX",
                "ts": "1649460291.877459"
            },
            {
                "user": "U02GMMQ281W",
                "ts": "1649461250.270919"
            },
            {
                "user": "U024Z91H0KC",
                "ts": "1649488611.616899"
            },
            {
                "user": "U02SQ6PSPMZ",
                "ts": "1649497235.129959"
            },
            {
                "user": "U018DTFJKK2",
                "ts": "1649687837.233379"
            }
        ],
        "is_locked": false,
        "subscribed": false,
        "reactions": [
            {
                "name": "eyes",
                "users": [
                    "U0320BS53RQ",
                    "UUH2ESL66"
                ],
                "count": 2
            },
            {
                "name": "+1",
                "users": [
                    "U01TB1SDD61"
                ],
                "count": 1
            }
        ]
    },
    {
        "client_msg_id": "b0d06c7a-8002-49e7-8aeb-0381a5bbbc36",
        "type": "message",
        "text": "Anyone here interested in working with a B2B Adtech startup on a freelance basis? I did a little work for them but it’s now beyond my skillset and time horizon. Great company and low-maintenance client.\n\nTheir needs are slightly beyond “content” - i.e. a little closer to product marketing or performance marketing than “content” - but this seems like such a sharp community, I figured I’d post here for any multi-talented folks interested. Thanks for reading!",
        "user": "U02SR4J4XSR",
        "ts": "1649450225.169679",
        "team": "TJE58GTJL",
        "user_team": "TJE58GTJL",
        "source_team": "TJE58GTJL",
        "user_profile": {
            "avatar_hash": "7e7f2e9595a7",
            "image_72": "https:\/\/avatars.slack-edge.com\/2022-01-05\/2935922046752_7e7f2e9595a76a92a598_72.jpg",
            "first_name": "David",
            "real_name": "David Mihm",
            "display_name": "David Mihm",
            "team": "TJE58GTJL",
            "name": "davidmihm",
            "is_restricted": false,
            "is_ultra_restricted": false
        },
        "blocks": [
            {
                "type": "rich_text",
                "block_id": "weTd",
                "elements": [
                    {
                        "type": "rich_text_section",
                        "elements": [
                            {
                                "type": "text",
                                "text": "Anyone here interested in working with a B2B Adtech startup on a freelance basis? I did a little work for them but it’s now beyond my skillset and time horizon. Great company and low-maintenance client.\n\nTheir needs are slightly beyond “content” - i.e. a little closer to product marketing or performance marketing than “content” - but this seems like such a sharp community, I figured I’d post here for any multi-talented folks interested. Thanks for reading!"
                            }
                        ]
                    }
                ]
            }
        ],
        "thread_ts": "1649450225.169679",
        "reply_count": 6,
        "reply_users_count": 6,
        "latest_reply": "1649722004.387529",
        "reply_users": [
            "U019CM82CE9",
            "U02GXA3PWC9",
            "U020DJ63Y3F",
            "U039SG2UQHX",
            "U03769YTZEE",
            "U025LU739QD"
        ],
        "replies": [
            {
                "user": "U019CM82CE9",
                "ts": "1649453430.652179"
            },
            {
                "user": "U02GXA3PWC9",
                "ts": "1649456198.754309"
            },
            {
                "user": "U020DJ63Y3F",
                "ts": "1649456671.501059"
            },
            {
                "user": "U039SG2UQHX",
                "ts": "1649460256.913259"
            },
            {
                "user": "U03769YTZEE",
                "ts": "1649475369.770759"
            },
            {
                "user": "U025LU739QD",
                "ts": "1649722004.387529"
            }
        ],
        "is_locked": false,
        "subscribed": false,
        "reactions": [
            {
                "name": "+1",
                "users": [
                    "U01TB1SDD61"
                ],
                "count": 1
            }
        ]
    },
    {
        "client_msg_id": "6e10fc84-64a8-4ee5-81ca-973add85a010",
        "type": "message",
        "text": "Hey David, I'd love to learn more.",
        "user": "U019CM82CE9",
        "ts": "1649453430.652179",
        "team": "TJE58GTJL",
        "user_team": "TJE58GTJL",
        "source_team": "TJE58GTJL",
        "user_profile": {
            "avatar_hash": "703c029d7106",
            "image_72": "https:\/\/avatars.slack-edge.com\/2021-09-13\/2485847415795_703c029d7106db84299d_72.jpg",
            "first_name": "Berrak",
            "real_name": "Berrak Sarikaya",
            "display_name": "Berrak Sarikaya",
            "team": "TJE58GTJL",
            "name": "berrakbiz",
            "is_restricted": false,
            "is_ultra_restricted": false
        },
        "blocks": [
            {
                "type": "rich_text",
                "block_id": "Bk2pw",
                "elements": [
                    {
                        "type": "rich_text_section",
                        "elements": [
                            {
                                "type": "text",
                                "text": "Hey David, I'd love to learn more."
                            }
                        ]
                    }
                ]
            }
        ],
        "thread_ts": "1649450225.169679",
        "parent_user_id": "U02SR4J4XSR"
    },
    {
        "client_msg_id": "90455984-f83e-45cf-a876-05ec33258396",
        "type": "message",
        "text": "DM'd!",
        "user": "U019CM82CE9",
        "ts": "1649453602.101509",
        "team": "TJE58GTJL",
        "user_team": "TJE58GTJL",
        "source_team": "TJE58GTJL",
        "user_profile": {
            "avatar_hash": "703c029d7106",
            "image_72": "https:\/\/avatars.slack-edge.com\/2021-09-13\/2485847415795_703c029d7106db84299d_72.jpg",
            "first_name": "Berrak",
            "real_name": "Berrak Sarikaya",
            "display_name": "Berrak Sarikaya",
            "team": "TJE58GTJL",
            "name": "berrakbiz",
            "is_restricted": false,
            "is_ultra_restricted": false
        },
        "blocks": [
            {
                "type": "rich_text",
                "block_id": "SuPFE",
                "elements": [
                    {
                        "type": "rich_text_section",
                        "elements": [
                            {
                                "type": "text",
                                "text": "DM'd!"
                            }
                        ]
                    }
                ]
            }
        ],
        "thread_ts": "1649429979.700879",
        "parent_user_id": "U01MKHM96BZ"
    },
    {
        "client_msg_id": "85a993bf-6e45-4a54-845a-e72b6dbea193",
        "type": "message",
        "text": "Any growth marketers in the house experienced in social media :eyes: Memberbased is looking for a <https:\/\/c87.to\/3L7dqFg|remote social growth marketer> for $40\/hr:zap:",
        "user": "U035L89VDHS",
        "ts": "1649454371.932389",
        "team": "TJE58GTJL",
        "user_team": "TJE58GTJL",
        "source_team": "TJE58GTJL",
        "user_profile": {
            "avatar_hash": "84df112f8c0f",
            "image_72": "https:\/\/avatars.slack-edge.com\/2022-03-10\/3217697364198_84df112f8c0f4641d2e7_72.jpg",
            "first_name": "Emily",
            "real_name": "Emily Watterson",
            "display_name": "Emily Watterson",
            "team": "TJE58GTJL",
            "name": "emily.watterson",
            "is_restricted": false,
            "is_ultra_restricted": false
        },
        "blocks": [
            {
                "type": "rich_text",
                "block_id": "NMM",
                "elements": [
                    {
                        "type": "rich_text_section",
                        "elements": [
                            {
                                "type": "text",
                                "text": "Any growth marketers in the house experienced in social media "
                            },
                            {
                                "type": "emoji",
                                "name": "eyes"
                            },
                            {
                                "type": "text",
                                "text": " Memberbased is looking for a "
                            },
                            {
                                "type": "link",
                                "url": "https:\/\/c87.to\/3L7dqFg",
                                "text": "remote social growth marketer"
                            },
                            {
                                "type": "text",
                                "text": " for $40\/hr"
                            },
                            {
                                "type": "emoji",
                                "name": "zap"
                            }
                        ]
                    }
                ]
            }
        ],
        "reactions": [
            {
                "name": "eyes",
                "users": [
                    "U0320BS53RQ",
                    "U01PXN2LGAK",
                    "U03ATNFM326"
                ],
                "count": 3
            }
        ]
    },
    {
        "client_msg_id": "5a2200a6-6baf-4867-be33-fd8c76a41204",
        "type": "message",
        "text": "Hi David,\n\nAlright to DM for more info?",
        "user": "U02GXA3PWC9",
        "ts": "1649456198.754309",
        "team": "TJE58GTJL",
        "user_team": "TJE58GTJL",
        "source_team": "TJE58GTJL",
        "user_profile": {
            "avatar_hash": "gca36795bbaf",
            "image_72": "https:\/\/secure.gravatar.com\/avatar\/ca36795bbaf611c10c7c84cb8ce71f5b.jpg?s=72&d=https%3A%2F%2Fa.slack-edge.com%2Fdf10d%2Fimg%2Favatars%2Fava_0014-72.png",
            "first_name": "Arjun",
            "real_name": "Arjun",
            "display_name": "Arjun",
            "team": "TJE58GTJL",
            "name": "ruparelia.arjun",
            "is_restricted": false,
            "is_ultra_restricted": false
        },
        "blocks": [
            {
                "type": "rich_text",
                "block_id": "C5KV",
                "elements": [
                    {
                        "type": "rich_text_section",
                        "elements": [
                            {
                                "type": "text",
                                "text": "Hi David,\n\nAlright to DM for more info?"
                            }
                        ]
                    }
                ]
            }
        ],
        "thread_ts": "1649450225.169679",
        "parent_user_id": "U02SR4J4XSR"
    },
    {
        "client_msg_id": "a085a550-2189-416d-89e5-483c6476fba2",
        "type": "message",
        "text": "I’d love to learn more",
        "user": "U020DJ63Y3F",
        "ts": "1649456671.501059",
        "team": "TJE58GTJL",
        "user_team": "TJE58GTJL",
        "source_team": "TJE58GTJL",
        "user_profile": {
            "avatar_hash": "e99b05371894",
            "image_72": "https:\/\/avatars.slack-edge.com\/2022-03-18\/3264361295714_e99b0537189470358fd3_72.jpg",
            "first_name": "Melissa",
            "real_name": "Melissa McEwen",
            "display_name": "Melissa McEwen",
            "team": "TJE58GTJL",
            "name": "mgmcewen",
            "is_restricted": false,
            "is_ultra_restricted": false
        },
        "blocks": [
            {
                "type": "rich_text",
                "block_id": "uha2",
                "elements": [
                    {
                        "type": "rich_text_section",
                        "elements": [
                            {
                                "type": "text",
                                "text": "I’d love to learn more"
                            }
                        ]
                    }
                ]
            }
        ],
        "thread_ts": "1649450225.169679",
        "parent_user_id": "U02SR4J4XSR"
    },
    {
        "client_msg_id": "FFFE5E20-3DC0-49D6-BB7A-C5DCBECD54E7",
        "type": "message",
        "text": "Hi David. I'll love to learn about this",
        "user": "U039SG2UQHX",
        "ts": "1649460256.913259",
        "team": "TJE58GTJL",
        "user_team": "TJE58GTJL",
        "source_team": "TJE58GTJL",
        "user_profile": {
            "avatar_hash": "bacedfd12aa8",
            "image_72": "https:\/\/avatars.slack-edge.com\/2022-03-30\/3343735201328_bacedfd12aa8bef86dde_72.png",
            "first_name": "Favour",
            "real_name": "Favour Martins",
            "display_name": "Favour Martins",
            "team": "TJE58GTJL",
            "name": "favourezinnemartins",
            "is_restricted": false,
            "is_ultra_restricted": false
        },
        "blocks": [
            {
                "type": "rich_text",
                "block_id": "Ayl",
                "elements": [
                    {
                        "type": "rich_text_section",
                        "elements": [
                            {
                                "type": "text",
                                "text": "Hi David. I'll love to learn about this"
                            }
                        ]
                    }
                ]
            }
        ],
        "thread_ts": "1649450225.169679",
        "parent_user_id": "U02SR4J4XSR"
    },
    {
        "client_msg_id": "CE42AC1E-12DF-402B-B952-75BCDC0B3BE1",
        "type": "message",
        "text": "Hi Tammy, I'll love to share my story ",
        "user": "U039SG2UQHX",
        "ts": "1649460291.877459",
        "team": "TJE58GTJL",
        "user_team": "TJE58GTJL",
        "source_team": "TJE58GTJL",
        "user_profile": {
            "avatar_hash": "bacedfd12aa8",
            "image_72": "https:\/\/avatars.slack-edge.com\/2022-03-30\/3343735201328_bacedfd12aa8bef86dde_72.png",
            "first_name": "Favour",
            "real_name": "Favour Martins",
            "display_name": "Favour Martins",
            "team": "TJE58GTJL",
            "name": "favourezinnemartins",
            "is_restricted": false,
            "is_ultra_restricted": false
        },
        "blocks": [
            {
                "type": "rich_text",
                "block_id": "IZ+So",
                "elements": [
                    {
                        "type": "rich_text_section",
                        "elements": [
                            {
                                "type": "text",
                                "text": "Hi Tammy, I'll love to share my story "
                            }
                        ]
                    }
                ]
            }
        ],
        "thread_ts": "1649444333.910579",
        "parent_user_id": "U02NUGJ6BUM",
        "reactions": [
            {
                "name": "+1::skin-tone-4",
                "users": [
                    "U02NUGJ6BUM"
                ],
                "count": 1
            }
        ]
    },
    {
        "client_msg_id": "8a242ac9-c584-4c21-985e-bdf7f6fe9257",
        "type": "message",
        "text": "Hi Tammy, I would love to share my story!",
        "user": "U02GMMQ281W",
        "ts": "1649461250.270919",
        "team": "TJE58GTJL",
        "user_team": "TJE58GTJL",
        "source_team": "TJE58GTJL",
        "user_profile": {
            "avatar_hash": "e1131d2dfd73",
            "image_72": "https:\/\/avatars.slack-edge.com\/2021-10-12\/2589760574406_e1131d2dfd73f2e7db3e_72.png",
            "first_name": "Amanda",
            "real_name": "Amanda S.",
            "display_name": "Amanda",
            "team": "TJE58GTJL",
            "name": "theglamtechie",
            "is_restricted": false,
            "is_ultra_restricted": false
        },
        "blocks": [
            {
                "type": "rich_text",
                "block_id": "9S\/\/",
                "elements": [
                    {
                        "type": "rich_text_section",
                        "elements": [
                            {
                                "type": "text",
                                "text": "Hi Tammy, I would love to share my story!"
                            }
                        ]
                    }
                ]
            }
        ],
        "thread_ts": "1649444333.910579",
        "parent_user_id": "U02NUGJ6BUM",
        "reactions": [
            {
                "name": "+1::skin-tone-4",
                "users": [
                    "U02NUGJ6BUM"
                ],
                "count": 1
            }
        ]
    },
    {
        "client_msg_id": "3DE0D02B-39A2-4FF3-B48B-2B7B9E078389",
        "type": "message",
        "text": "I’m interested in this ",
        "user": "U03769YTZEE",
        "ts": "1649475369.770759",
        "team": "TJE58GTJL",
        "user_team": "TJE58GTJL",
        "source_team": "TJE58GTJL",
        "user_profile": {
            "avatar_hash": "303b0260e6eb",
            "image_72": "https:\/\/avatars.slack-edge.com\/2022-03-16\/3260346207313_303b0260e6ebbb221d86_72.jpg",
            "first_name": "Gladys",
            "real_name": "Gladys Gordon",
            "display_name": "Gladys Gordon",
            "team": "TJE58GTJL",
            "name": "gladysogordon",
            "is_restricted": false,
            "is_ultra_restricted": false
        },
        "blocks": [
            {
                "type": "rich_text",
                "block_id": "5OO5B",
                "elements": [
                    {
                        "type": "rich_text_section",
                        "elements": [
                            {
                                "type": "text",
                                "text": "I’m interested in this "
                            }
                        ]
                    }
                ]
            }
        ],
        "thread_ts": "1649450225.169679",
        "parent_user_id": "U02SR4J4XSR"
    }
]