[
    {
        "client_msg_id": "aaa24c3d-3ab6-4430-b7be-30154fa25bcd",
        "type": "message",
        "text": "Hi Mariana! I sent you a Dm",
        "user": "U029WCJDVU0",
        "ts": "1650007674.424939",
        "team": "TJE58GTJL",
        "user_team": "TJE58GTJL",
        "source_team": "TJE58GTJL",
        "user_profile": {
            "avatar_hash": "a43c03c478da",
            "image_72": "https:\/\/avatars.slack-edge.com\/2021-12-13\/2830424325285_a43c03c478daa28624dc_72.jpg",
            "first_name": "",
            "real_name": "Igor Bobriakov",
            "display_name": "Igor Bobriakov",
            "team": "TJE58GTJL",
            "name": "bobriakov.igor",
            "is_restricted": false,
            "is_ultra_restricted": false
        },
        "blocks": [
            {
                "type": "rich_text",
                "block_id": "Vr7T",
                "elements": [
                    {
                        "type": "rich_text_section",
                        "elements": [
                            {
                                "type": "text",
                                "text": "Hi Mariana! I sent you a Dm"
                            }
                        ]
                    }
                ]
            }
        ],
        "thread_ts": "1649801518.444279",
        "parent_user_id": "U02TJ7RMC8M"
    },
    {
        "client_msg_id": "b05272a1-e649-4d8c-aaa7-5db468d9ddc0",
        "type": "message",
        "text": "Hey everyone! I work in contract tech and there is a new initiative to standardise contracts. They’ve already successfully standardised the NDA it’s called <https:\/\/onenda.org\/|oneNDA> :slightly_smiling_face:\n\nIf you want to fully streamline your contract process, my company has a free version of our contract management platform (so you can store all your templates, contracts, etc. and get them signed digitally through the platform).\n\nIt hasn’t officially launched externally yet but if you want to access the freemium version, you can do so here :point_right:  <https:\/\/bit.ly\/37eJKYQ>",
        "user": "U02ANC57AAY",
        "ts": "1650011947.450579",
        "team": "TJE58GTJL",
        "user_team": "TJE58GTJL",
        "source_team": "TJE58GTJL",
        "user_profile": {
            "avatar_hash": "45b108914224",
            "image_72": "https:\/\/avatars.slack-edge.com\/2021-08-09\/2359758724082_45b108914224a53b7683_72.jpg",
            "first_name": "Steph",
            "real_name": "Steph Smith",
            "display_name": "Steph Smith",
            "team": "TJE58GTJL",
            "name": "steph",
            "is_restricted": false,
            "is_ultra_restricted": false
        },
        "blocks": [
            {
                "type": "rich_text",
                "block_id": "BG\/",
                "elements": [
                    {
                        "type": "rich_text_section",
                        "elements": [
                            {
                                "type": "text",
                                "text": "Hey everyone! I work in contract tech and there is a new initiative to standardise contracts. They’ve already successfully standardised the NDA it’s called "
                            },
                            {
                                "type": "link",
                                "url": "https:\/\/onenda.org\/",
                                "text": "oneNDA"
                            },
                            {
                                "type": "text",
                                "text": " "
                            },
                            {
                                "type": "emoji",
                                "name": "slightly_smiling_face"
                            },
                            {
                                "type": "text",
                                "text": "\n\nIf you want to fully streamline your contract process, my company has a free version of our contract management platform (so you can store all your templates, contracts, etc. and get them signed digitally through the platform).\n\nIt hasn’t officially launched externally yet but if you want to access the freemium version, you can do so here "
                            },
                            {
                                "type": "emoji",
                                "name": "point_right"
                            },
                            {
                                "type": "text",
                                "text": "  "
                            },
                            {
                                "type": "link",
                                "url": "https:\/\/bit.ly\/37eJKYQ"
                            }
                        ]
                    }
                ]
            }
        ],
        "thread_ts": "1649961198.948289",
        "parent_user_id": "U02H3K9BEMA",
        "reactions": [
            {
                "name": "eyes",
                "users": [
                    "U011QQDDSJV",
                    "U02PQ08HCSF"
                ],
                "count": 2
            }
        ]
    },
    {
        "client_msg_id": "20704f23-e2a6-4349-bbb7-caa142774931",
        "type": "message",
        "text": "Any writers of website copy interested in some work? Something just came through my inbox: An Argentinian software factory called IT Crowd Argentina (<https:\/\/www.itcrowdarg.com\/>) is going through a rebranding process and needs help with their content. I don't know many more details (they say they're open to rate offers but I have no idea what their budget is) except that they're in a bit of a hurry. Please DM me if you'd like me to put you in touch with the contact there--and please include some info about your relevant experience.",
        "user": "U025X4V6WQ6",
        "ts": "1650033231.604239",
        "team": "TJE58GTJL",
        "user_team": "TJE58GTJL",
        "source_team": "TJE58GTJL",
        "user_profile": {
            "avatar_hash": "d9bbb4c006f4",
            "image_72": "https:\/\/avatars.slack-edge.com\/2021-06-24\/2208717429459_d9bbb4c006f4926a4972_72.jpg",
            "first_name": "",
            "real_name": "Katie Gilbert",
            "display_name": "Katie Gilbert",
            "team": "TJE58GTJL",
            "name": "katie.elizabeth.gilbe",
            "is_restricted": false,
            "is_ultra_restricted": false
        },
        "attachments": [
            {
                "from_url": "https:\/\/www.itcrowdarg.com\/",
                "service_icon": "https:\/\/itcrowdarg.com\/wp\/wp-content\/uploads\/2017\/10\/it-crowd-ico.png",
                "id": 1,
                "original_url": "https:\/\/www.itcrowdarg.com\/",
                "fallback": "IT Crowd Argentina: It's challenge time – We are a group of young highly skilled, passionate professionals, specialized in complex applications development.",
                "text": "We are a group of young highly skilled, passionate professionals, specialized in complex applications development.",
                "title": "IT Crowd Argentina: It's challenge time – We are a group of young highly skilled, passionate professionals, specialized in complex applications development.",
                "title_link": "https:\/\/www.itcrowdarg.com\/",
                "service_name": "itcrowdarg.com"
            }
        ],
        "blocks": [
            {
                "type": "rich_text",
                "block_id": "+W1b",
                "elements": [
                    {
                        "type": "rich_text_section",
                        "elements": [
                            {
                                "type": "text",
                                "text": "Any writers of website copy interested in some work? Something just came through my inbox: An Argentinian software factory called IT Crowd Argentina ("
                            },
                            {
                                "type": "link",
                                "url": "https:\/\/www.itcrowdarg.com\/"
                            },
                            {
                                "type": "text",
                                "text": ") is going through a rebranding process and needs help with their content. I don't know many more details (they say they're open to rate offers but I have no idea what their budget is) except that they're in a bit of a hurry. Please DM me if you'd like me to put you in touch with the contact there--and please include some info about your relevant experience."
                            }
                        ]
                    }
                ]
            }
        ],
        "thread_ts": "1650033231.604239",
        "reply_count": 1,
        "reply_users_count": 1,
        "latest_reply": "1650050522.289469",
        "reply_users": [
            "U03B27GRSSF"
        ],
        "replies": [
            {
                "user": "U03B27GRSSF",
                "ts": "1650050522.289469"
            }
        ],
        "is_locked": false,
        "subscribed": false
    },
    {
        "client_msg_id": "EF79FF63-06FF-4BEB-9D4E-EFECB269159B",
        "type": "message",
        "text": "Talk to <@U02HD0L8HAP> ! She’s awesome!",
        "user": "U034WF55SDT",
        "ts": "1650047005.176619",
        "team": "TJE58GTJL",
        "user_team": "TJE58GTJL",
        "source_team": "TJE58GTJL",
        "user_profile": {
            "avatar_hash": "g93bfd807b65",
            "image_72": "https:\/\/secure.gravatar.com\/avatar\/93bfd807b65a85226292a62d4f2acb58.jpg?s=72&d=https%3A%2F%2Fa.slack-edge.com%2Fdf10d%2Fimg%2Favatars%2Fava_0017-72.png",
            "first_name": "Bani",
            "real_name": "Bani Kaur",
            "display_name": "",
            "team": "TJE58GTJL",
            "name": "banikaur1997",
            "is_restricted": false,
            "is_ultra_restricted": false
        },
        "blocks": [
            {
                "type": "rich_text",
                "block_id": "YH=\/",
                "elements": [
                    {
                        "type": "rich_text_section",
                        "elements": [
                            {
                                "type": "text",
                                "text": "Talk to "
                            },
                            {
                                "type": "user",
                                "user_id": "U02HD0L8HAP"
                            },
                            {
                                "type": "text",
                                "text": " ! She’s awesome!"
                            }
                        ]
                    }
                ]
            }
        ],
        "thread_ts": "1649687041.123169",
        "parent_user_id": "U02CUMQBP9R"
    },
    {
        "client_msg_id": "b4b3987d-031c-42c5-9043-0706924d6b03",
        "type": "message",
        "text": "Hi all! I'm looking for a freelance writer who specializes in B2B content for the CIO persona. Any leads?",
        "user": "U02FJ10NAN9",
        "ts": "1650047472.694849",
        "team": "TJE58GTJL",
        "user_team": "TJE58GTJL",
        "source_team": "TJE58GTJL",
        "user_profile": {
            "avatar_hash": "9ced2941eaec",
            "image_72": "https:\/\/avatars.slack-edge.com\/2021-09-24\/2554702446208_9ced2941eaec0a1988e8_72.png",
            "first_name": "Sarah",
            "real_name": "Sarah Lessire",
            "display_name": "Sarah Lessire",
            "team": "TJE58GTJL",
            "name": "sarahlessire",
            "is_restricted": false,
            "is_ultra_restricted": false
        },
        "blocks": [
            {
                "type": "rich_text",
                "block_id": "GSFGA",
                "elements": [
                    {
                        "type": "rich_text_section",
                        "elements": [
                            {
                                "type": "text",
                                "text": "Hi all! I'm looking for a "
                            },
                            {
                                "type": "text",
                                "text": "freelance writer",
                                "style": {
                                    "unlink": true
                                }
                            },
                            {
                                "type": "text",
                                "text": " who specializes in B2B content for the CIO persona. Any leads?"
                            }
                        ]
                    }
                ]
            }
        ],
        "thread_ts": "1650047472.694849",
        "reply_count": 6,
        "reply_users_count": 5,
        "latest_reply": "1650990902.283969",
        "reply_users": [
            "U02NUGJ6BUM",
            "U03018Z4NTA",
            "U03AZARL0CV",
            "U02FJ10NAN9",
            "U024BJMQGD6"
        ],
        "replies": [
            {
                "user": "U02NUGJ6BUM",
                "ts": "1650047749.855829"
            },
            {
                "user": "U03018Z4NTA",
                "ts": "1650047838.515659"
            },
            {
                "user": "U03AZARL0CV",
                "ts": "1650048808.990029"
            },
            {
                "user": "U02FJ10NAN9",
                "ts": "1650048881.724199"
            },
            {
                "user": "U02NUGJ6BUM",
                "ts": "1650049731.396419"
            },
            {
                "user": "U024BJMQGD6",
                "ts": "1650990902.283969"
            }
        ],
        "is_locked": false,
        "subscribed": false
    },
    {
        "client_msg_id": "3be84c18-deb5-4e9a-a0ee-05e9e7509540",
        "type": "message",
        "text": "Hey Sarah, when you say content do you mean blog posts?",
        "user": "U02NUGJ6BUM",
        "ts": "1650047749.855829",
        "team": "TJE58GTJL",
        "user_team": "TJE58GTJL",
        "source_team": "TJE58GTJL",
        "user_profile": {
            "avatar_hash": "1a6b87d6e567",
            "image_72": "https:\/\/avatars.slack-edge.com\/2021-11-29\/2779513924802_1a6b87d6e567c6a5decb_72.jpg",
            "first_name": "Tammy",
            "real_name": "Tammy Danan",
            "display_name": "Tammy Danan",
            "team": "TJE58GTJL",
            "name": "tam27.321",
            "is_restricted": false,
            "is_ultra_restricted": false
        },
        "blocks": [
            {
                "type": "rich_text",
                "block_id": "UL6",
                "elements": [
                    {
                        "type": "rich_text_section",
                        "elements": [
                            {
                                "type": "text",
                                "text": "Hey Sarah, when you say content do you mean blog posts?"
                            }
                        ]
                    }
                ]
            }
        ],
        "thread_ts": "1650047472.694849",
        "parent_user_id": "U02FJ10NAN9"
    },
    {
        "client_msg_id": "4f8e4f9c-313c-406c-b2a2-d3443c7e128c",
        "type": "message",
        "text": "Hey Sarah! Please look at the portfolio of my friend at <https:\/\/www.resultsphase.com\/> and see if this is what you are looking for.",
        "user": "U03018Z4NTA",
        "ts": "1650047838.515659",
        "team": "TJE58GTJL",
        "user_team": "TJE58GTJL",
        "source_team": "TJE58GTJL",
        "user_profile": {
            "avatar_hash": "3a0ef0e75f97",
            "image_72": "https:\/\/avatars.slack-edge.com\/2022-01-31\/3033413541571_3a0ef0e75f97ede9217b_72.jpg",
            "first_name": "Momina",
            "real_name": "Momina Asif",
            "display_name": "Momina",
            "team": "TJE58GTJL",
            "name": "momnaasif",
            "is_restricted": false,
            "is_ultra_restricted": false
        },
        "blocks": [
            {
                "type": "rich_text",
                "block_id": "kKvz",
                "elements": [
                    {
                        "type": "rich_text_section",
                        "elements": [
                            {
                                "type": "text",
                                "text": "Hey Sarah! Please look at the portfolio of my friend at "
                            },
                            {
                                "type": "link",
                                "url": "https:\/\/www.resultsphase.com\/"
                            },
                            {
                                "type": "text",
                                "text": " and see if this is what you are looking for."
                            }
                        ]
                    }
                ]
            }
        ],
        "thread_ts": "1650047472.694849",
        "parent_user_id": "U02FJ10NAN9"
    },
    {
        "client_msg_id": "f669e123-f0a5-45b1-99e8-6c981108e617",
        "type": "message",
        "text": "Hullo <@U02FJ10NAN9>,\nI'm no CIO expert. But I know they need a fresh angle to content. We need to do better than informing an \"information officer.\"\nThis is what I mean:\nInstead of writing listicles of how tech A can help a CIO, we can talk about actionable examples. How tech A helped client X achieved Y.\nIf that sounds like what you need, I can help. However, remember that I'm no CIO expert. Regardless, I can write actionable content that engages the c-suite persona.\n\nLet me know what you think!\n-Seun",
        "user": "U03AZARL0CV",
        "ts": "1650048808.990029",
        "team": "TJE58GTJL",
        "user_team": "TJE58GTJL",
        "source_team": "TJE58GTJL",
        "user_profile": {
            "avatar_hash": "f252f39b0261",
            "image_72": "https:\/\/avatars.slack-edge.com\/2022-04-11\/3376311756195_f252f39b0261fd971329_72.jpg",
            "first_name": "Oluwaseun",
            "real_name": "Oluwaseun Akinlembola",
            "display_name": "Seun",
            "team": "TJE58GTJL",
            "name": "oluwaseunakinlembola",
            "is_restricted": false,
            "is_ultra_restricted": false
        },
        "blocks": [
            {
                "type": "rich_text",
                "block_id": "COk9i",
                "elements": [
                    {
                        "type": "rich_text_section",
                        "elements": [
                            {
                                "type": "text",
                                "text": "Hullo "
                            },
                            {
                                "type": "user",
                                "user_id": "U02FJ10NAN9"
                            },
                            {
                                "type": "text",
                                "text": ",\nI'm no CIO expert. But I know they need a fresh angle to content. We need to do better than informing an \"information officer.\"\nThis is what I mean:\nInstead of writing listicles of how tech A can help a CIO, we can talk about actionable examples. How tech A helped client X achieved Y.\nIf that sounds like what you need, I can help. However, remember that I'm no CIO expert. Regardless, I can write actionable content that engages the c-suite persona.\n\nLet me know what you think!\n-Seun"
                            }
                        ]
                    }
                ]
            }
        ],
        "thread_ts": "1650047472.694849",
        "parent_user_id": "U02FJ10NAN9"
    },
    {
        "client_msg_id": "5d8f9b55-119c-4589-8ea2-c3575bd51962",
        "type": "message",
        "text": "I need a white paper an an email sequence :slightly_smiling_face:",
        "user": "U02FJ10NAN9",
        "ts": "1650048881.724199",
        "team": "TJE58GTJL",
        "user_team": "TJE58GTJL",
        "source_team": "TJE58GTJL",
        "user_profile": {
            "avatar_hash": "9ced2941eaec",
            "image_72": "https:\/\/avatars.slack-edge.com\/2021-09-24\/2554702446208_9ced2941eaec0a1988e8_72.png",
            "first_name": "Sarah",
            "real_name": "Sarah Lessire",
            "display_name": "Sarah Lessire",
            "team": "TJE58GTJL",
            "name": "sarahlessire",
            "is_restricted": false,
            "is_ultra_restricted": false
        },
        "blocks": [
            {
                "type": "rich_text",
                "block_id": "NsR",
                "elements": [
                    {
                        "type": "rich_text_section",
                        "elements": [
                            {
                                "type": "text",
                                "text": "I need a white paper an an email sequence "
                            },
                            {
                                "type": "emoji",
                                "name": "slightly_smiling_face"
                            }
                        ]
                    }
                ]
            }
        ],
        "thread_ts": "1650047472.694849",
        "parent_user_id": "U02FJ10NAN9",
        "reactions": [
            {
                "name": "+1::skin-tone-4",
                "users": [
                    "U02NUGJ6BUM"
                ],
                "count": 1
            }
        ]
    },
    {
        "client_msg_id": "ff28b58c-bd26-4357-b5f5-d1e7e5737c77",
        "type": "message",
        "text": "Ah… I specialize in blog posts. But best of luck! I’m sure you’ll find someone here. :)",
        "user": "U02NUGJ6BUM",
        "ts": "1650049731.396419",
        "team": "TJE58GTJL",
        "user_team": "TJE58GTJL",
        "source_team": "TJE58GTJL",
        "user_profile": {
            "avatar_hash": "1a6b87d6e567",
            "image_72": "https:\/\/avatars.slack-edge.com\/2021-11-29\/2779513924802_1a6b87d6e567c6a5decb_72.jpg",
            "first_name": "Tammy",
            "real_name": "Tammy Danan",
            "display_name": "Tammy Danan",
            "team": "TJE58GTJL",
            "name": "tam27.321",
            "is_restricted": false,
            "is_ultra_restricted": false
        },
        "blocks": [
            {
                "type": "rich_text",
                "block_id": "n3p",
                "elements": [
                    {
                        "type": "rich_text_section",
                        "elements": [
                            {
                                "type": "text",
                                "text": "Ah… I specialize in blog posts. But best of luck! I’m sure you’ll find someone here. :)"
                            }
                        ]
                    }
                ]
            }
        ],
        "thread_ts": "1650047472.694849",
        "parent_user_id": "U02FJ10NAN9"
    },
    {
        "client_msg_id": "94a855c4-9d86-482c-bad9-57e691447a19",
        "type": "message",
        "text": "Just sent you a DM :)",
        "user": "U03B27GRSSF",
        "ts": "1650050522.289469",
        "team": "TJE58GTJL",
        "user_team": "TJE58GTJL",
        "source_team": "TJE58GTJL",
        "user_profile": {
            "avatar_hash": "gcb75a9ddf37",
            "image_72": "https:\/\/secure.gravatar.com\/avatar\/cb75a9ddf37b1be0736ae19b048efd22.jpg?s=72&d=https%3A%2F%2Fa.slack-edge.com%2Fdf10d%2Fimg%2Favatars%2Fava_0020-72.png",
            "first_name": "Shweta",
            "real_name": "Shweta Goyal",
            "display_name": "",
            "team": "TJE58GTJL",
            "name": "shwetagoyal41",
            "is_restricted": false,
            "is_ultra_restricted": false
        },
        "blocks": [
            {
                "type": "rich_text",
                "block_id": "edjX",
                "elements": [
                    {
                        "type": "rich_text_section",
                        "elements": [
                            {
                                "type": "text",
                                "text": "Just sent you a DM :)"
                            }
                        ]
                    }
                ]
            }
        ],
        "thread_ts": "1650033231.604239",
        "parent_user_id": "U025X4V6WQ6"
    },
    {
        "client_msg_id": "09f37f25-8a61-4bb8-a69b-fa6a3600e3ef",
        "type": "message",
        "text": "Hey there :wave: Any growth marketers interested in a remote + freelance opportunity? Scryla Consultancy is hiring a <https:\/\/c87.to\/3rvnlx1|growth marketer> for $35\/hr :dizzy:",
        "user": "U035L89VDHS",
        "ts": "1650050523.928559",
        "team": "TJE58GTJL",
        "user_team": "TJE58GTJL",
        "source_team": "TJE58GTJL",
        "user_profile": {
            "avatar_hash": "84df112f8c0f",
            "image_72": "https:\/\/avatars.slack-edge.com\/2022-03-10\/3217697364198_84df112f8c0f4641d2e7_72.jpg",
            "first_name": "Emily",
            "real_name": "Emily Watterson",
            "display_name": "Emily Watterson",
            "team": "TJE58GTJL",
            "name": "emily.watterson",
            "is_restricted": false,
            "is_ultra_restricted": false
        },
        "attachments": [
            {
                "from_url": "https:\/\/c87.to\/3rvnlx1",
                "image_url": "https:\/\/contra.com\/static\/media\/contra-fallback-open-graph.png",
                "image_width": 476,
                "image_height": 250,
                "image_bytes": 958376,
                "service_icon": "https:\/\/contra.com\/static\/media\/touch-icon.png",
                "id": 1,
                "original_url": "https:\/\/c87.to\/3rvnlx1",
                "fallback": "Growth Marketer for Management Consultancy",
                "text": "See more opportunities from companies like Scryla Consultancy on Contra",
                "title": "Growth Marketer for Management Consultancy",
                "title_link": "https:\/\/c87.to\/3rvnlx1",
                "service_name": "contra.com"
            }
        ],
        "blocks": [
            {
                "type": "rich_text",
                "block_id": "kzNB",
                "elements": [
                    {
                        "type": "rich_text_section",
                        "elements": [
                            {
                                "type": "text",
                                "text": "Hey there "
                            },
                            {
                                "type": "emoji",
                                "name": "wave"
                            },
                            {
                                "type": "text",
                                "text": " Any growth marketers interested in a remote + freelance opportunity? Scryla Consultancy is hiring a "
                            },
                            {
                                "type": "link",
                                "url": "https:\/\/c87.to\/3rvnlx1",
                                "text": "growth marketer"
                            },
                            {
                                "type": "text",
                                "text": " for $35\/hr "
                            },
                            {
                                "type": "emoji",
                                "name": "dizzy"
                            }
                        ]
                    }
                ]
            }
        ]
    },
    {
        "client_msg_id": "bcb9f941-2ced-441c-a6de-701eee1faa41",
        "type": "message",
        "text": "Seeking a freelance writer\/copywriter for a US-based client in the automotive industry, specifically tires\/wheels retail. We have location pages, brand landing pages, and service pages to create between now and the end of May. US preferred. DM for details and if you’re interested.",
        "user": "U011QQDDSJV",
        "ts": "1650056237.633799",
        "team": "TJE58GTJL",
        "user_team": "TJE58GTJL",
        "source_team": "TJE58GTJL",
        "user_profile": {
            "avatar_hash": "26f290c29155",
            "image_72": "https:\/\/avatars.slack-edge.com\/2020-04-08\/1046081228023_26f290c2915541368412_72.png",
            "first_name": "Nikolas",
            "real_name": "Nikolas Wright",
            "display_name": "Nik",
            "team": "TJE58GTJL",
            "name": "wright.nikolas",
            "is_restricted": false,
            "is_ultra_restricted": false
        },
        "blocks": [
            {
                "type": "rich_text",
                "block_id": "Ckf",
                "elements": [
                    {
                        "type": "rich_text_section",
                        "elements": [
                            {
                                "type": "text",
                                "text": "Seeking a freelance writer\/copywriter for a US-based client in the automotive industry, specifically tires\/wheels retail. We have location pages, brand landing pages, and service pages to create between now and the end of May. US preferred. DM for details and if you’re interested."
                            }
                        ]
                    }
                ]
            }
        ],
        "thread_ts": "1650056237.633799",
        "reply_count": 5,
        "reply_users_count": 4,
        "latest_reply": "1650807623.439149",
        "reply_users": [
            "U02AR2XSN1M",
            "U0325F7N5D0",
            "U03AVHF6PGE",
            "U011QQDDSJV"
        ],
        "replies": [
            {
                "user": "U02AR2XSN1M",
                "ts": "1650418465.611039"
            },
            {
                "user": "U0325F7N5D0",
                "ts": "1650419101.949059"
            },
            {
                "user": "U03AVHF6PGE",
                "ts": "1650786290.028729"
            },
            {
                "user": "U011QQDDSJV",
                "ts": "1650807200.571109"
            },
            {
                "user": "U03AVHF6PGE",
                "ts": "1650807623.439149"
            }
        ],
        "is_locked": false,
        "subscribed": false
    }
]