[
    {
        "client_msg_id": "a3ef0a13-ae05-42d4-85fe-5d769344edae",
        "type": "message",
        "text": "Hi freelancers! Do you charge for consultations with prospective new clients? If so, is it a normally hourly fee, or how do you work the pricing structure? Just curious as to what others are doing. I tend to keep my clients for a long time and haven’t thought much about how I want to move forward with consultations in the future, since I don’t need to do many.",
        "user": "U032AAX829K",
        "ts": "1649319515.803209",
        "team": "TJE58GTJL",
        "user_team": "TJE58GTJL",
        "source_team": "TJE58GTJL",
        "user_profile": {
            "avatar_hash": "8ba787921771",
            "image_72": "https:\/\/avatars.slack-edge.com\/2022-02-09\/3086421497716_8ba787921771e8940bfb_72.jpg",
            "first_name": "Marilyn",
            "real_name": "Marilyn Starkenberg",
            "display_name": "Marilyn Starkenberg",
            "team": "TJE58GTJL",
            "name": "marilyn.starkenberg",
            "is_restricted": false,
            "is_ultra_restricted": false
        },
        "blocks": [
            {
                "type": "rich_text",
                "block_id": "2\/7",
                "elements": [
                    {
                        "type": "rich_text_section",
                        "elements": [
                            {
                                "type": "text",
                                "text": "Hi freelancers! Do you charge for consultations with prospective new clients? If so, is it a normally hourly fee, or how do you work the pricing structure? Just curious as to what others are doing. I tend to keep my clients for a long time and haven’t thought much about how I want to move forward with consultations in the future, since I don’t need to do many."
                            }
                        ]
                    }
                ]
            }
        ],
        "thread_ts": "1649319515.803209",
        "reply_count": 10,
        "reply_users_count": 7,
        "latest_reply": "1650668093.615699",
        "reply_users": [
            "UJJFDTN8G",
            "U02UNK9DJSZ",
            "UUJBM2PJ7",
            "U02H3K9BEMA",
            "U0211K6LSM9",
            "U025H70LG86",
            "U02J57J8PRQ"
        ],
        "replies": [
            {
                "user": "UJJFDTN8G",
                "ts": "1649321949.173119"
            },
            {
                "user": "UJJFDTN8G",
                "ts": "1649322027.498519"
            },
            {
                "user": "U02UNK9DJSZ",
                "ts": "1649322542.731649"
            },
            {
                "user": "UUJBM2PJ7",
                "ts": "1649328336.808979"
            },
            {
                "user": "UJJFDTN8G",
                "ts": "1649330309.680549"
            },
            {
                "user": "U02H3K9BEMA",
                "ts": "1649346235.357939"
            },
            {
                "user": "U02H3K9BEMA",
                "ts": "1649346245.512939"
            },
            {
                "user": "U0211K6LSM9",
                "ts": "1649352281.442889"
            },
            {
                "user": "U025H70LG86",
                "ts": "1649415111.448409"
            },
            {
                "user": "U02J57J8PRQ",
                "ts": "1650668093.615699"
            }
        ],
        "is_locked": false,
        "subscribed": false,
        "reactions": [
            {
                "name": "bulb",
                "users": [
                    "UUH2ESL66"
                ],
                "count": 1
            },
            {
                "name": "+1",
                "users": [
                    "U02CUM2LDAN"
                ],
                "count": 1
            }
        ]
    },
    {
        "client_msg_id": "4b281ae2-cf21-4d26-89e1-94db106140f1",
        "type": "message",
        "text": "I provide as much information as possible on my website, hidden pricing page, and in messages so I rarely need a call with new clients.\n\nIf it's a _big_ job that's 95% going ahead then I'd agree a free call then wrap the time into the project. But honestly, I've never had to do that. Having as much templated as possible ahead of time has made me take 0 calls with prospects over the last 4 years.",
        "user": "UJJFDTN8G",
        "ts": "1649321949.173119",
        "team": "TJE58GTJL",
        "user_team": "TJE58GTJL",
        "source_team": "TJE58GTJL",
        "user_profile": {
            "avatar_hash": "gd91d89ae152",
            "image_72": "https:\/\/secure.gravatar.com\/avatar\/86d91d89ae1528e747f4a586668d5d87.jpg?s=72&d=https%3A%2F%2Fa.slack-edge.com%2Fdf10d%2Fimg%2Favatars%2Fava_0013-72.png",
            "first_name": "Dominic",
            "real_name": "Dominic Kent",
            "display_name": "Dom Kent",
            "team": "TJE58GTJL",
            "name": "dominic",
            "is_restricted": false,
            "is_ultra_restricted": false
        },
        "blocks": [
            {
                "type": "rich_text",
                "block_id": "o2a",
                "elements": [
                    {
                        "type": "rich_text_section",
                        "elements": [
                            {
                                "type": "text",
                                "text": "I provide as much information as possible on my website, hidden pricing page, and in messages so I rarely need a call with new clients.\n\nIf it's a "
                            },
                            {
                                "type": "text",
                                "text": "big ",
                                "style": {
                                    "italic": true
                                }
                            },
                            {
                                "type": "text",
                                "text": "job that's 95% going ahead then I'd agree a free call then wrap the time into the project. But honestly, I've never had to do that. Having as much templated as possible ahead of time has made me take 0 calls with prospects over the last 4 years."
                            }
                        ]
                    }
                ]
            }
        ],
        "thread_ts": "1649319515.803209",
        "parent_user_id": "U032AAX829K"
    },
    {
        "client_msg_id": "1ac113c6-e26a-404a-98f3-aaa150615ee2",
        "type": "message",
        "text": "This is quite a neat tool to charge for your time: <https:\/\/remotehour.com\/> - if someone wants to \"jump on a call\" but you think they're a timewaster, then you can charge for how long they take up. It encourages people to be swift, or think twice about wasting your time. Helps filter out the time wasters.",
        "user": "UJJFDTN8G",
        "ts": "1649322027.498519",
        "team": "TJE58GTJL",
        "user_team": "TJE58GTJL",
        "source_team": "TJE58GTJL",
        "user_profile": {
            "avatar_hash": "gd91d89ae152",
            "image_72": "https:\/\/secure.gravatar.com\/avatar\/86d91d89ae1528e747f4a586668d5d87.jpg?s=72&d=https%3A%2F%2Fa.slack-edge.com%2Fdf10d%2Fimg%2Favatars%2Fava_0013-72.png",
            "first_name": "Dominic",
            "real_name": "Dominic Kent",
            "display_name": "Dom Kent",
            "team": "TJE58GTJL",
            "name": "dominic",
            "is_restricted": false,
            "is_ultra_restricted": false
        },
        "attachments": [
            {
                "from_url": "https:\/\/remotehour.com\/",
                "image_url": "https:\/\/remotehour.com\/assets\/ogp\/image.png",
                "image_width": 476,
                "image_height": 250,
                "image_bytes": 396727,
                "service_icon": "https:\/\/ddeoquih4zzfs.cloudfront.net\/assets\/meta\/icon.png",
                "id": 1,
                "original_url": "https:\/\/remotehour.com\/",
                "fallback": "Online Office Hours Solution",
                "text": "Remotehour solves digital chats with a spontaneous, “open-door\" online video call solution.",
                "title": "Online Office Hours Solution",
                "title_link": "https:\/\/remotehour.com\/",
                "service_name": "remotehour.com"
            }
        ],
        "blocks": [
            {
                "type": "rich_text",
                "block_id": "Nc5",
                "elements": [
                    {
                        "type": "rich_text_section",
                        "elements": [
                            {
                                "type": "text",
                                "text": "This is quite a neat tool to charge for your time: "
                            },
                            {
                                "type": "link",
                                "url": "https:\/\/remotehour.com\/"
                            },
                            {
                                "type": "text",
                                "text": " - if someone wants to \"jump on a call\" but you think they're a timewaster, then you can charge for how long they take up. It encourages people to be swift, or think twice about wasting your time. Helps filter out the time wasters."
                            }
                        ]
                    }
                ]
            }
        ],
        "thread_ts": "1649319515.803209",
        "parent_user_id": "U032AAX829K"
    },
    {
        "client_msg_id": "356041fb-5327-4e7a-a0ac-fd0454185b8b",
        "type": "message",
        "text": "No way. I'm a really big fan of a relationship-based approach. I charge good rates, but I don't want people to feel like I'm nickel and diming them every time they talk to me. Building a good relationship with someone is worth far more than the few hundred measly bucks you could charge for a consultation call.",
        "user": "U02UNK9DJSZ",
        "ts": "1649322542.731649",
        "team": "TJE58GTJL",
        "user_team": "TJE58GTJL",
        "source_team": "TJE58GTJL",
        "user_profile": {
            "avatar_hash": "b052c618f3df",
            "image_72": "https:\/\/avatars.slack-edge.com\/2022-01-20\/2977622180722_b052c618f3df14215512_72.jpg",
            "first_name": "Sam",
            "real_name": "Sam Grover",
            "display_name": "Sam Grover",
            "team": "TJE58GTJL",
            "name": "sam641",
            "is_restricted": false,
            "is_ultra_restricted": false
        },
        "blocks": [
            {
                "type": "rich_text",
                "block_id": "p6ARc",
                "elements": [
                    {
                        "type": "rich_text_section",
                        "elements": [
                            {
                                "type": "text",
                                "text": "No way. I'm a really big fan of a relationship-based approach. I charge good rates, but I don't want people to feel like I'm nickel and diming them every time they talk to me. Building a good relationship with someone is worth far more than the few hundred measly bucks you could charge for a consultation call."
                            }
                        ]
                    }
                ]
            }
        ],
        "thread_ts": "1649319515.803209",
        "parent_user_id": "U032AAX829K",
        "reactions": [
            {
                "name": "raised_hands",
                "users": [
                    "U032AAX829K",
                    "U039JUGNGPK",
                    "U012GHRAHDK",
                    "U01TPV4F9GT"
                ],
                "count": 4
            },
            {
                "name": "+1",
                "users": [
                    "U02DQ4MB30E",
                    "U025VFYU4AC"
                ],
                "count": 2
            }
        ]
    },
    {
        "client_msg_id": "bab65cfb-62e0-4d4e-accc-1f3c1f8cf22c",
        "type": "message",
        "text": "+1 for <@U029CTQ5X6Y>",
        "user": "U024BJMQGD6",
        "ts": "1649324746.003409",
        "team": "TJE58GTJL",
        "user_team": "TJE58GTJL",
        "source_team": "TJE58GTJL",
        "user_profile": {
            "avatar_hash": "79567011e049",
            "image_72": "https:\/\/avatars.slack-edge.com\/2021-06-01\/2136578479585_79567011e049716f991a_72.jpg",
            "first_name": "",
            "real_name": "Thomas Dines",
            "display_name": "Thomas Dines",
            "team": "TJE58GTJL",
            "name": "dinesthomas",
            "is_restricted": false,
            "is_ultra_restricted": false
        },
        "blocks": [
            {
                "type": "rich_text",
                "block_id": "P0qd",
                "elements": [
                    {
                        "type": "rich_text_section",
                        "elements": [
                            {
                                "type": "text",
                                "text": "+1 for "
                            },
                            {
                                "type": "user",
                                "user_id": "U029CTQ5X6Y"
                            }
                        ]
                    }
                ]
            }
        ],
        "thread_ts": "1649202508.475439",
        "parent_user_id": "U0166H7KUAZ"
    },
    {
        "client_msg_id": "B65251FE-A9B5-49D5-A12A-2273996A8F1E",
        "type": "message",
        "text": "First informational call is always free. It’s about establishing fit on both sides so I don’t see it as giving away time. Agree with <@U02UNK9DJSZ>!!\nHowever, I do try to learn enough beforehand over email to establish they’re not just tire-kickers.",
        "user": "UUJBM2PJ7",
        "ts": "1649328336.808979",
        "team": "TJE58GTJL",
        "user_team": "TJE58GTJL",
        "source_team": "TJE58GTJL",
        "user_profile": {
            "avatar_hash": "f77cbe4c3060",
            "image_72": "https:\/\/avatars.slack-edge.com\/2020-07-29\/1270061579587_f77cbe4c3060d94c9e20_72.jpg",
            "first_name": "Jane",
            "real_name": "Jane Flanagan",
            "display_name": "Jane Flanagan",
            "team": "TJE58GTJL",
            "name": "jane",
            "is_restricted": false,
            "is_ultra_restricted": false
        },
        "blocks": [
            {
                "type": "rich_text",
                "block_id": "\/U9",
                "elements": [
                    {
                        "type": "rich_text_section",
                        "elements": [
                            {
                                "type": "text",
                                "text": "First informational call is always free. It’s about establishing fit on both sides so I don’t see it as giving away time. Agree with "
                            },
                            {
                                "type": "user",
                                "user_id": "U02UNK9DJSZ"
                            },
                            {
                                "type": "text",
                                "text": "!!\nHowever, I do try to learn enough beforehand over email to establish they’re not just tire-kickers."
                            }
                        ]
                    }
                ]
            }
        ],
        "thread_ts": "1649319515.803209",
        "parent_user_id": "U032AAX829K"
    },
    {
        "client_msg_id": "77F2EAB2-1984-42D3-8D95-1BFF9FD4E6B9",
        "type": "message",
        "text": "Yes there has to be a major caveat of qualification first. Otherwise you'll end up giving free time away to anyone who asks.\n\nE.g. if I said yes to every call request I get on LinkedIn, I'd spent a working week per month on calls.",
        "user": "UJJFDTN8G",
        "ts": "1649330309.680549",
        "team": "TJE58GTJL",
        "user_team": "TJE58GTJL",
        "source_team": "TJE58GTJL",
        "user_profile": {
            "avatar_hash": "gd91d89ae152",
            "image_72": "https:\/\/secure.gravatar.com\/avatar\/86d91d89ae1528e747f4a586668d5d87.jpg?s=72&d=https%3A%2F%2Fa.slack-edge.com%2Fdf10d%2Fimg%2Favatars%2Fava_0013-72.png",
            "first_name": "Dominic",
            "real_name": "Dominic Kent",
            "display_name": "Dom Kent",
            "team": "TJE58GTJL",
            "name": "dominic",
            "is_restricted": false,
            "is_ultra_restricted": false
        },
        "blocks": [
            {
                "type": "rich_text",
                "block_id": "DU5HB",
                "elements": [
                    {
                        "type": "rich_text_section",
                        "elements": [
                            {
                                "type": "text",
                                "text": "Yes there has to be a major caveat of qualification first. Otherwise you'll end up giving free time away to anyone who asks.\n"
                            },
                            {
                                "type": "text",
                                "text": "\n"
                            },
                            {
                                "type": "text",
                                "text": "E.g. if I said yes to every call request I get on LinkedIn, I'd spent a working week per month on calls."
                            }
                        ]
                    }
                ]
            }
        ],
        "thread_ts": "1649319515.803209",
        "parent_user_id": "U032AAX829K"
    },
    {
        "client_msg_id": "5bf61a47-a32c-4fdc-ab28-54f22784354a",
        "type": "message",
        "text": "Hello <@U02SQ5Q4SCS>, I sent you a DM. Thanks in advance for your response!",
        "user": "U02CRLUAWNR",
        "ts": "1649335347.745749",
        "team": "TJE58GTJL",
        "user_team": "TJE58GTJL",
        "source_team": "TJE58GTJL",
        "user_profile": {
            "avatar_hash": "81fc3ce909c8",
            "image_72": "https:\/\/avatars.slack-edge.com\/2022-02-22\/3141999850323_81fc3ce909c8cff195c4_72.jpg",
            "first_name": "Adedayo",
            "real_name": "Adedayo Gbadamosi",
            "display_name": "Dayo",
            "team": "TJE58GTJL",
            "name": "adedayo1",
            "is_restricted": false,
            "is_ultra_restricted": false
        },
        "edited": {
            "user": "U02CRLUAWNR",
            "ts": "1649335385.000000"
        },
        "blocks": [
            {
                "type": "rich_text",
                "block_id": "Ix2",
                "elements": [
                    {
                        "type": "rich_text_section",
                        "elements": [
                            {
                                "type": "text",
                                "text": "Hello "
                            },
                            {
                                "type": "user",
                                "user_id": "U02SQ5Q4SCS"
                            },
                            {
                                "type": "text",
                                "text": ", I sent you a DM. Thanks in advance for your response!"
                            }
                        ]
                    }
                ]
            }
        ],
        "thread_ts": "1648154020.766469",
        "parent_user_id": "U0340N9HSLT"
    },
    {
        "client_msg_id": "f79d5b87-825b-4229-b79a-0ff010678419",
        "type": "message",
        "text": "Hi Josh! Would love to connect more about this potential project. Here is a link to our work: <https:\/\/www.myinspiredsocial.com\/work>",
        "user": "U039JUGNGPK",
        "ts": "1649336055.400589",
        "team": "TJE58GTJL",
        "user_team": "TJE58GTJL",
        "source_team": "TJE58GTJL",
        "user_profile": {
            "avatar_hash": "4633583485ba",
            "image_72": "https:\/\/avatars.slack-edge.com\/2022-04-07\/3355349378565_4633583485ba50231b4e_72.jpg",
            "first_name": "Melanie",
            "real_name": "Melanie Ortega",
            "display_name": "Melanie Ortega",
            "team": "TJE58GTJL",
            "name": "mortega",
            "is_restricted": false,
            "is_ultra_restricted": false
        },
        "attachments": [
            {
                "from_url": "https:\/\/www.myinspiredsocial.com\/work",
                "image_url": "https:\/\/static.wixstatic.com\/media\/fbd72c_bbf125f772af40059093349617e8dd1d~mv2.jpg\/v1\/fill\/w_1868,h_1062,al_c\/fbd72c_bbf125f772af40059093349617e8dd1d~mv2.jpg",
                "image_width": 440,
                "image_height": 250,
                "image_bytes": 105192,
                "service_icon": "https:\/\/static.wixstatic.com\/media\/3e3525_cc3816b61c4348d5a012a027e7922b62%7Emv2.png\/v1\/fill\/w_16%2Ch_16%2Clg_1%2Cusm_0.66_1.00_0.01\/3e3525_cc3816b61c4348d5a012a027e7922b62%7Emv2.png",
                "id": 1,
                "original_url": "https:\/\/www.myinspiredsocial.com\/work",
                "fallback": "Inspired Social: Work | Inspired Social",
                "text": "See examples of Inspired Social's past work in branding, web design, and social media marketing for all kinds of businesses.",
                "title": "Work | Inspired Social",
                "title_link": "https:\/\/www.myinspiredsocial.com\/work",
                "service_name": "Inspired Social"
            }
        ],
        "blocks": [
            {
                "type": "rich_text",
                "block_id": "By=1X",
                "elements": [
                    {
                        "type": "rich_text_section",
                        "elements": [
                            {
                                "type": "text",
                                "text": "Hi Josh! Would love to connect more about this potential project. Here is a link to our work: "
                            },
                            {
                                "type": "link",
                                "url": "https:\/\/www.myinspiredsocial.com\/work"
                            }
                        ]
                    }
                ]
            }
        ],
        "thread_ts": "1648643621.385049",
        "parent_user_id": "U01QV2VLNMQ"
    },
    {
        "client_msg_id": "948dc808-7df4-4fdb-96cd-8677a8e35815",
        "type": "message",
        "text": "Hi Samanyou! If you havent found anyone yet, I heard Jill Shmidt PR is really great!",
        "user": "U039JUGNGPK",
        "ts": "1649336155.583639",
        "team": "TJE58GTJL",
        "user_team": "TJE58GTJL",
        "source_team": "TJE58GTJL",
        "user_profile": {
            "avatar_hash": "4633583485ba",
            "image_72": "https:\/\/avatars.slack-edge.com\/2022-04-07\/3355349378565_4633583485ba50231b4e_72.jpg",
            "first_name": "Melanie",
            "real_name": "Melanie Ortega",
            "display_name": "Melanie Ortega",
            "team": "TJE58GTJL",
            "name": "mortega",
            "is_restricted": false,
            "is_ultra_restricted": false
        },
        "blocks": [
            {
                "type": "rich_text",
                "block_id": "YBPi",
                "elements": [
                    {
                        "type": "rich_text_section",
                        "elements": [
                            {
                                "type": "text",
                                "text": "Hi Samanyou! If you havent found anyone yet, I heard Jill Shmidt PR is really great!"
                            }
                        ]
                    }
                ]
            }
        ],
        "thread_ts": "1648797185.632119",
        "parent_user_id": "U039LHK5YHG"
    },
    {
        "client_msg_id": "9adcf170-5ca6-4951-9be0-70770cd5f9ac",
        "type": "message",
        "text": "I enjoyed this <@U02UNK9DJSZ>, thanks for sharing!\n\nHow are you identifying companies you'll cold email? I <https:\/\/twitter.com\/ItsLarryBarker\/status\/1511817456104443908?s=20&amp;t=DnkllDbDGukwhugLt34cIQ|tweeted> a question on this yesterday, but got crickets (maybe because I have no Twitter following...).\n\nWould love your thoughts!",
        "user": "U02SU2BECCA",
        "ts": "1649336793.089949",
        "team": "TJE58GTJL",
        "user_team": "TJE58GTJL",
        "source_team": "TJE58GTJL",
        "user_profile": {
            "avatar_hash": "ee48b1106795",
            "image_72": "https:\/\/avatars.slack-edge.com\/2022-01-05\/2912317446291_ee48b110679501fff7ef_72.jpg",
            "first_name": "Lawrence",
            "real_name": "Lawrence Barker",
            "display_name": "Lawrence",
            "team": "TJE58GTJL",
            "name": "lawrence",
            "is_restricted": false,
            "is_ultra_restricted": false
        },
        "blocks": [
            {
                "type": "rich_text",
                "block_id": "ggsl8",
                "elements": [
                    {
                        "type": "rich_text_section",
                        "elements": [
                            {
                                "type": "text",
                                "text": "I enjoyed this "
                            },
                            {
                                "type": "user",
                                "user_id": "U02UNK9DJSZ"
                            },
                            {
                                "type": "text",
                                "text": ", thanks for sharing!\n\nHow are you identifying companies you'll cold email? I "
                            },
                            {
                                "type": "link",
                                "url": "https:\/\/twitter.com\/ItsLarryBarker\/status\/1511817456104443908?s=20&t=DnkllDbDGukwhugLt34cIQ",
                                "text": "tweeted"
                            },
                            {
                                "type": "text",
                                "text": " a question on this yesterday, but got crickets (maybe because I have no Twitter following...).\n\nWould love your thoughts!"
                            }
                        ]
                    }
                ]
            }
        ],
        "thread_ts": "1649299201.414539",
        "parent_user_id": "U02UNK9DJSZ"
    },
    {
        "type": "message",
        "subtype": "tombstone",
        "text": "This message was deleted.",
        "user": "USLACKBOT",
        "hidden": true,
        "ts": "1649343370.498999",
        "thread_ts": "1649343370.498999",
        "parent_user_id": "USLACKBOT",
        "reply_count": 1,
        "reply_users_count": 1,
        "latest_reply": "1649343912.660639",
        "reply_users": [
            "UJG9WTEKG"
        ],
        "replies": [
            {
                "user": "UJG9WTEKG",
                "ts": "1649343912.660639"
            }
        ],
        "is_locked": false,
        "subscribed": true,
        "last_read": "1649343912.660639"
    },
    {
        "client_msg_id": "2df1fcdf-89b1-454d-a362-0e93c849eae6",
        "type": "message",
        "text": "<@U03AVRLCNEL> can you move this <#C02RGHQ4HK7|hire-me>?",
        "user": "UJG9WTEKG",
        "ts": "1649343912.660639",
        "team": "TJE58GTJL",
        "user_team": "TJE58GTJL",
        "source_team": "TJE58GTJL",
        "user_profile": {
            "avatar_hash": "gc25b94e6ebf",
            "image_72": "https:\/\/secure.gravatar.com\/avatar\/eec25b94e6ebf55f0b7933372344cd09.jpg?s=72&d=https%3A%2F%2Fa.slack-edge.com%2Fdf10d%2Fimg%2Favatars%2Fava_0001-72.png",
            "first_name": "Jimmy",
            "real_name": "Jimmy Daly",
            "display_name": "",
            "team": "TJE58GTJL",
            "name": "runjimdaly",
            "is_restricted": false,
            "is_ultra_restricted": false
        },
        "blocks": [
            {
                "type": "rich_text",
                "block_id": "NOF",
                "elements": [
                    {
                        "type": "rich_text_section",
                        "elements": [
                            {
                                "type": "user",
                                "user_id": "U03AVRLCNEL"
                            },
                            {
                                "type": "text",
                                "text": " can you move this "
                            },
                            {
                                "type": "channel",
                                "channel_id": "C02RGHQ4HK7"
                            },
                            {
                                "type": "text",
                                "text": "?"
                            }
                        ]
                    }
                ]
            }
        ],
        "thread_ts": "1649343370.498999",
        "parent_user_id": "USLACKBOT",
        "reactions": [
            {
                "name": "white_check_mark",
                "users": [
                    "U03AVRLCNEL"
                ],
                "count": 1
            }
        ]
    },
    {
        "client_msg_id": "71c327eb-3956-4720-a301-7250f73cddd0",
        "type": "message",
        "text": "Nope! If there's ongoing calls needed once we've begun the engagement, of course they're billable, but first, second, third interaction is just navigating the engagement and business. I also think that face to face calls are an opportunity for the client to see who you really are and get to understand your personality which forges stronger working relationships.",
        "user": "U02H3K9BEMA",
        "ts": "1649346235.357939",
        "team": "TJE58GTJL",
        "user_team": "TJE58GTJL",
        "source_team": "TJE58GTJL",
        "user_profile": {
            "avatar_hash": "09a184af1fd8",
            "image_72": "https:\/\/avatars.slack-edge.com\/2021-10-07\/2592228292273_09a184af1fd866e135e1_72.jpg",
            "first_name": "Claire",
            "real_name": "Claire Beveridge",
            "display_name": "Claire Beveridge",
            "team": "TJE58GTJL",
            "name": "claire919",
            "is_restricted": false,
            "is_ultra_restricted": false
        },
        "blocks": [
            {
                "type": "rich_text",
                "block_id": "KTb",
                "elements": [
                    {
                        "type": "rich_text_section",
                        "elements": [
                            {
                                "type": "text",
                                "text": "Nope! If there's ongoing calls needed once we've begun the engagement, of course they're billable, but first, second, third interaction is just navigating the engagement and business. I also think that face to face calls are an opportunity for the client to see who you really are and get to understand your personality which forges stronger working relationships."
                            }
                        ]
                    }
                ]
            }
        ],
        "thread_ts": "1649319515.803209",
        "parent_user_id": "U032AAX829K"
    },
    {
        "client_msg_id": "c552ea3e-4e8e-4d8a-ba02-0f451ea25ed3",
        "type": "message",
        "text": "(Loved this question btw!)",
        "user": "U02H3K9BEMA",
        "ts": "1649346245.512939",
        "team": "TJE58GTJL",
        "user_team": "TJE58GTJL",
        "source_team": "TJE58GTJL",
        "user_profile": {
            "avatar_hash": "09a184af1fd8",
            "image_72": "https:\/\/avatars.slack-edge.com\/2021-10-07\/2592228292273_09a184af1fd866e135e1_72.jpg",
            "first_name": "Claire",
            "real_name": "Claire Beveridge",
            "display_name": "Claire Beveridge",
            "team": "TJE58GTJL",
            "name": "claire919",
            "is_restricted": false,
            "is_ultra_restricted": false
        },
        "blocks": [
            {
                "type": "rich_text",
                "block_id": "\/mp",
                "elements": [
                    {
                        "type": "rich_text_section",
                        "elements": [
                            {
                                "type": "text",
                                "text": "(Loved this question btw!)"
                            }
                        ]
                    }
                ]
            }
        ],
        "thread_ts": "1649319515.803209",
        "parent_user_id": "U032AAX829K",
        "reactions": [
            {
                "name": "heart",
                "users": [
                    "U032AAX829K"
                ],
                "count": 1
            }
        ]
    },
    {
        "client_msg_id": "92f87e3f-c67c-4613-8bec-1b1346cc9f3a",
        "type": "message",
        "text": "I don’t charge for initial calls, but I always make sure we’re in the same ballpark for pricing and availability via email\/LinkedIn messages before scheduling a call. I have charged an hourly rate for compiling in-depth proposals, what I think of as “content roadmaps”, that take more than 30 minutes to put together.",
        "user": "U0211K6LSM9",
        "ts": "1649352281.442889",
        "team": "TJE58GTJL",
        "user_team": "TJE58GTJL",
        "source_team": "TJE58GTJL",
        "user_profile": {
            "avatar_hash": "17a67a2d4c3f",
            "image_72": "https:\/\/avatars.slack-edge.com\/2021-05-11\/2047708214598_17a67a2d4c3f41527a1b_72.jpg",
            "first_name": "Sara",
            "real_name": "Sara Gates",
            "display_name": "Sara Gates",
            "team": "TJE58GTJL",
            "name": "sara858",
            "is_restricted": false,
            "is_ultra_restricted": false
        },
        "blocks": [
            {
                "type": "rich_text",
                "block_id": "kM3",
                "elements": [
                    {
                        "type": "rich_text_section",
                        "elements": [
                            {
                                "type": "text",
                                "text": "I don’t charge for initial calls, but I always make sure we’re in the same ballpark for pricing and availability via email\/LinkedIn messages before scheduling a call. I have charged an hourly rate for compiling in-depth proposals, what I think of as “content roadmaps”, that take more than 30 minutes to put together."
                            }
                        ]
                    }
                ]
            }
        ],
        "thread_ts": "1649319515.803209",
        "parent_user_id": "U032AAX829K"
    },
    {
        "client_msg_id": "7a159db5-f492-4618-aa8a-8854cdca5a14",
        "type": "message",
        "text": "Hi all! Just launched a <https:\/\/rachel.pallet.com\/jobs|content and brand marketing job board on Pallet> with a talent collective. There’s a bunch of cool roles on there, including freelance ones! Feel free to apply to the talent collective to hear about fire opportunities :boom:",
        "user": "U02LW0L0P4J",
        "ts": "1649354839.152279",
        "team": "TJE58GTJL",
        "user_team": "TJE58GTJL",
        "source_team": "TJE58GTJL",
        "user_profile": {
            "avatar_hash": "9375308fd2f8",
            "image_72": "https:\/\/avatars.slack-edge.com\/2021-11-11\/2740075638464_9375308fd2f88b221fc0_72.jpg",
            "first_name": "Rachel",
            "real_name": "Rachel Cantor",
            "display_name": "",
            "team": "TJE58GTJL",
            "name": "rachelmcantor",
            "is_restricted": false,
            "is_ultra_restricted": false
        },
        "attachments": [
            {
                "from_url": "https:\/\/rachel.pallet.com\/jobs",
                "thumb_url": "https:\/\/cardea.imgix.net\/media\/lists\/cover_images\/rache-06.png",
                "thumb_width": 3968,
                "thumb_height": 3917,
                "service_icon": "https:\/\/rachel.pallet.com\/logo192.png",
                "id": 1,
                "original_url": "https:\/\/rachel.pallet.com\/jobs",
                "fallback": "Rachel's Content and Brand Job Board",
                "text": "Curating the best content and brand marketing roles in the game :star:",
                "title": "Rachel's Content and Brand Job Board",
                "title_link": "https:\/\/rachel.pallet.com\/jobs",
                "service_name": "rachel.pallet.com"
            }
        ],
        "blocks": [
            {
                "type": "rich_text",
                "block_id": "HxJ",
                "elements": [
                    {
                        "type": "rich_text_section",
                        "elements": [
                            {
                                "type": "text",
                                "text": "Hi all! Just launched a "
                            },
                            {
                                "type": "link",
                                "url": "https:\/\/rachel.pallet.com\/jobs",
                                "text": "content and brand marketing job board on Pallet"
                            },
                            {
                                "type": "text",
                                "text": " with a talent collective. There’s a bunch of cool roles on there, including freelance ones! Feel free to apply to the talent collective to hear about fire opportunities "
                            },
                            {
                                "type": "emoji",
                                "name": "boom"
                            }
                        ]
                    }
                ]
            }
        ],
        "thread_ts": "1649354839.152279",
        "reply_count": 6,
        "reply_users_count": 4,
        "latest_reply": "1649422500.330549",
        "reply_users": [
            "U0211K6LSM9",
            "U02LW0L0P4J",
            "U03330MFEN4",
            "U02HWBZS9QC"
        ],
        "replies": [
            {
                "user": "U0211K6LSM9",
                "ts": "1649355529.436339"
            },
            {
                "user": "U02LW0L0P4J",
                "ts": "1649355861.645709"
            },
            {
                "user": "U03330MFEN4",
                "ts": "1649377619.873349"
            },
            {
                "user": "U02LW0L0P4J",
                "ts": "1649377644.390159"
            },
            {
                "user": "U02HWBZS9QC",
                "ts": "1649409804.435279"
            },
            {
                "user": "U02LW0L0P4J",
                "ts": "1649422500.330549"
            }
        ],
        "is_locked": false,
        "subscribed": false,
        "reactions": [
            {
                "name": "eyes",
                "users": [
                    "U02GMMQ281W",
                    "U01R17T2KJ8",
                    "U0320BS53RQ",
                    "U03330MFEN4",
                    "U02HWBZS9QC"
                ],
                "count": 5
            },
            {
                "name": "raised_hands",
                "users": [
                    "U01R17T2KJ8",
                    "U0320BS53RQ",
                    "U0365DBU1P0",
                    "U03330MFEN4",
                    "U02HWBZS9QC",
                    "U03ATNSL7AP"
                ],
                "count": 6
            },
            {
                "name": "purple_heart",
                "users": [
                    "UPH4SCGTH",
                    "U02HWBZS9QC"
                ],
                "count": 2
            }
        ]
    },
    {
        "client_msg_id": "d8dd2280-e842-4bf4-be13-ae663db28543",
        "type": "message",
        "text": "Love the format of this job board—so nice to see seniority level at-a-glance. So helpful!",
        "user": "U0211K6LSM9",
        "ts": "1649355529.436339",
        "team": "TJE58GTJL",
        "user_team": "TJE58GTJL",
        "source_team": "TJE58GTJL",
        "user_profile": {
            "avatar_hash": "17a67a2d4c3f",
            "image_72": "https:\/\/avatars.slack-edge.com\/2021-05-11\/2047708214598_17a67a2d4c3f41527a1b_72.jpg",
            "first_name": "Sara",
            "real_name": "Sara Gates",
            "display_name": "Sara Gates",
            "team": "TJE58GTJL",
            "name": "sara858",
            "is_restricted": false,
            "is_ultra_restricted": false
        },
        "blocks": [
            {
                "type": "rich_text",
                "block_id": "ooLX",
                "elements": [
                    {
                        "type": "rich_text_section",
                        "elements": [
                            {
                                "type": "text",
                                "text": "Love the format of this job board—so nice to see seniority level at-a-glance. So helpful!"
                            }
                        ]
                    }
                ]
            }
        ],
        "thread_ts": "1649354839.152279",
        "parent_user_id": "U02LW0L0P4J"
    },
    {
        "client_msg_id": "9f540a0c-faad-4de8-a5f9-0b9128946a54",
        "type": "message",
        "text": "<@U0211K6LSM9> thank you!! Def apply to the talent collective :slightly_smiling_face:",
        "user": "U02LW0L0P4J",
        "ts": "1649355861.645709",
        "team": "TJE58GTJL",
        "user_team": "TJE58GTJL",
        "source_team": "TJE58GTJL",
        "user_profile": {
            "avatar_hash": "9375308fd2f8",
            "image_72": "https:\/\/avatars.slack-edge.com\/2021-11-11\/2740075638464_9375308fd2f88b221fc0_72.jpg",
            "first_name": "Rachel",
            "real_name": "Rachel Cantor",
            "display_name": "",
            "team": "TJE58GTJL",
            "name": "rachelmcantor",
            "is_restricted": false,
            "is_ultra_restricted": false
        },
        "blocks": [
            {
                "type": "rich_text",
                "block_id": "R\/zcD",
                "elements": [
                    {
                        "type": "rich_text_section",
                        "elements": [
                            {
                                "type": "user",
                                "user_id": "U0211K6LSM9"
                            },
                            {
                                "type": "text",
                                "text": " thank you!! Def apply to the talent collective "
                            },
                            {
                                "type": "emoji",
                                "name": "slightly_smiling_face"
                            }
                        ]
                    }
                ]
            }
        ],
        "thread_ts": "1649354839.152279",
        "parent_user_id": "U02LW0L0P4J"
    },
    {
        "client_msg_id": "e4cd94c5-2bf2-4eb3-b4c3-7eed1b9fd996",
        "type": "message",
        "text": "<@U02SU2BECCA>, bit of a work in progress. For the first 250 leads, I hired someone on Upwork to just go to capterra, and get me 25 leads in each of the top 10 categories using tools like <http:\/\/apollo.io|apollo.io>. \n\nI've just hired someone else to get me 400 more leads. This time, I had her find me FUNDED software companies using crunch base. In the first tranche, I learned (to my surprise) that lots of s\/w companies are basically small businesses. Who knew! So we will see how this next set goes.",
        "user": "U02UNK9DJSZ",
        "ts": "1649358060.845319",
        "team": "TJE58GTJL",
        "user_team": "TJE58GTJL",
        "source_team": "TJE58GTJL",
        "user_profile": {
            "avatar_hash": "b052c618f3df",
            "image_72": "https:\/\/avatars.slack-edge.com\/2022-01-20\/2977622180722_b052c618f3df14215512_72.jpg",
            "first_name": "Sam",
            "real_name": "Sam Grover",
            "display_name": "Sam Grover",
            "team": "TJE58GTJL",
            "name": "sam641",
            "is_restricted": false,
            "is_ultra_restricted": false
        },
        "blocks": [
            {
                "type": "rich_text",
                "block_id": "Lh8U4",
                "elements": [
                    {
                        "type": "rich_text_section",
                        "elements": [
                            {
                                "type": "user",
                                "user_id": "U02SU2BECCA"
                            },
                            {
                                "type": "text",
                                "text": ", bit of a work in progress. For the first 250 leads, I hired someone on Upwork to just go to capterra, and get me 25 leads in each of the top 10 categories using tools like "
                            },
                            {
                                "type": "link",
                                "url": "http:\/\/apollo.io",
                                "text": "apollo.io"
                            },
                            {
                                "type": "text",
                                "text": ". \n\nI've just hired someone else to get me 400 more leads. This time, I had her find me FUNDED software companies using crunch base. In the first tranche, I learned (to my surprise) that lots of s\/w companies are basically small businesses. Who knew! So we will see how this next set goes."
                            }
                        ]
                    }
                ]
            }
        ],
        "thread_ts": "1649299201.414539",
        "parent_user_id": "U02UNK9DJSZ"
    },
    {
        "client_msg_id": "0db909de-bd15-4d17-b7cf-5d5383ba294c",
        "type": "message",
        "text": "Thanks for sharing. That's the route I've been considering, just need to figure out the right source and criteria to use. Hope it works well for you!",
        "user": "U02SU2BECCA",
        "ts": "1649362210.566489",
        "team": "TJE58GTJL",
        "user_team": "TJE58GTJL",
        "source_team": "TJE58GTJL",
        "user_profile": {
            "avatar_hash": "ee48b1106795",
            "image_72": "https:\/\/avatars.slack-edge.com\/2022-01-05\/2912317446291_ee48b110679501fff7ef_72.jpg",
            "first_name": "Lawrence",
            "real_name": "Lawrence Barker",
            "display_name": "Lawrence",
            "team": "TJE58GTJL",
            "name": "lawrence",
            "is_restricted": false,
            "is_ultra_restricted": false
        },
        "blocks": [
            {
                "type": "rich_text",
                "block_id": "=pr",
                "elements": [
                    {
                        "type": "rich_text_section",
                        "elements": [
                            {
                                "type": "text",
                                "text": "Thanks for sharing. That's the route I've been considering, just need to figure out the right source and criteria to use. Hope it works well for you!"
                            }
                        ]
                    }
                ]
            }
        ],
        "thread_ts": "1649299201.414539",
        "parent_user_id": "U02UNK9DJSZ"
    },
    {
        "client_msg_id": "81fcf2d5-27e2-4b41-a500-d97c77afee40",
        "type": "message",
        "text": "Thanks, it's definitely not something I'm going to crack on the first (or second) go. I don't know about you tho, but for me, the ONLY way I can ever get better at something is by just doing it poorly and then iterating. So I'll probably have a better lead qualification system in a year from now, but right now it's early days so I'm going very broad. Once I have more data, I'll have a much clearer view of what kind of companies are the most receptive to my approach and I can dial it in.",
        "user": "U02UNK9DJSZ",
        "ts": "1649362307.068359",
        "team": "TJE58GTJL",
        "user_team": "TJE58GTJL",
        "source_team": "TJE58GTJL",
        "user_profile": {
            "avatar_hash": "b052c618f3df",
            "image_72": "https:\/\/avatars.slack-edge.com\/2022-01-20\/2977622180722_b052c618f3df14215512_72.jpg",
            "first_name": "Sam",
            "real_name": "Sam Grover",
            "display_name": "Sam Grover",
            "team": "TJE58GTJL",
            "name": "sam641",
            "is_restricted": false,
            "is_ultra_restricted": false
        },
        "blocks": [
            {
                "type": "rich_text",
                "block_id": "uTqG7",
                "elements": [
                    {
                        "type": "rich_text_section",
                        "elements": [
                            {
                                "type": "text",
                                "text": "Thanks, it's definitely not something I'm going to crack on the first (or second) go. I don't know about you tho, but for me, the ONLY way I can ever get better at something is by just doing it poorly and then iterating. So I'll probably have a better lead qualification system in a year from now, but right now it's early days so I'm going very broad. Once I have more data, I'll have a much clearer view of what kind of companies are the most receptive to my approach and I can dial it in."
                            }
                        ]
                    }
                ]
            }
        ],
        "thread_ts": "1649299201.414539",
        "parent_user_id": "U02UNK9DJSZ",
        "reactions": [
            {
                "name": "100",
                "users": [
                    "U02SU2BECCA"
                ],
                "count": 1
            }
        ]
    },
    {
        "client_msg_id": "1ec401bb-ca92-4853-bc47-0a3e0765e085",
        "type": "message",
        "text": "I can tell people like this because I’ve had three people send it my way! Thanks for putting this together and congrats on your launch.",
        "user": "U03330MFEN4",
        "ts": "1649377619.873349",
        "team": "TJE58GTJL",
        "user_team": "TJE58GTJL",
        "source_team": "TJE58GTJL",
        "user_profile": {
            "avatar_hash": "eee78796f291",
            "image_72": "https:\/\/avatars.slack-edge.com\/2022-02-09\/3105175916912_eee78796f2919ff55228_72.png",
            "first_name": "Kaitlyn",
            "real_name": "Kaitlyn Arford",
            "display_name": "Kaitlyn Arford",
            "team": "TJE58GTJL",
            "name": "kaitlyn.arford",
            "is_restricted": false,
            "is_ultra_restricted": false
        },
        "blocks": [
            {
                "type": "rich_text",
                "block_id": "TBFR",
                "elements": [
                    {
                        "type": "rich_text_section",
                        "elements": [
                            {
                                "type": "text",
                                "text": "I can tell people like this because I’ve had three people send it my way! Thanks for putting this together and congrats on your launch."
                            }
                        ]
                    }
                ]
            }
        ],
        "thread_ts": "1649354839.152279",
        "parent_user_id": "U02LW0L0P4J"
    },
    {
        "client_msg_id": "d3bf9d45-d6ef-437b-8d5b-9bfbce504984",
        "type": "message",
        "text": "<@U03330MFEN4> that’s amazing!! So happy you like it and please pass it along :slightly_smiling_face:",
        "user": "U02LW0L0P4J",
        "ts": "1649377644.390159",
        "team": "TJE58GTJL",
        "user_team": "TJE58GTJL",
        "source_team": "TJE58GTJL",
        "user_profile": {
            "avatar_hash": "9375308fd2f8",
            "image_72": "https:\/\/avatars.slack-edge.com\/2021-11-11\/2740075638464_9375308fd2f88b221fc0_72.jpg",
            "first_name": "Rachel",
            "real_name": "Rachel Cantor",
            "display_name": "",
            "team": "TJE58GTJL",
            "name": "rachelmcantor",
            "is_restricted": false,
            "is_ultra_restricted": false
        },
        "blocks": [
            {
                "type": "rich_text",
                "block_id": "zH4",
                "elements": [
                    {
                        "type": "rich_text_section",
                        "elements": [
                            {
                                "type": "user",
                                "user_id": "U03330MFEN4"
                            },
                            {
                                "type": "text",
                                "text": " that’s amazing!! So happy you like it and please pass it along "
                            },
                            {
                                "type": "emoji",
                                "name": "slightly_smiling_face"
                            }
                        ]
                    }
                ]
            }
        ],
        "thread_ts": "1649354839.152279",
        "parent_user_id": "U02LW0L0P4J",
        "reactions": [
            {
                "name": "heart",
                "users": [
                    "U03330MFEN4"
                ],
                "count": 1
            }
        ]
    }
]