[
    {
        "client_msg_id": "2a117579-68ab-44d0-b248-2177b8620b4d",
        "type": "message",
        "text": "Hi everyone, \n\nI am looking for SEO-focused freelance writers to help build out a library of content related to coding, software engineering, data analysis, data science, and user experience design for prospective career changers. While right now this project is primarily B2C focused, it could also include some B2B content needs as well, targeting HR directors at large organizations. \n\nIf you're interested, please DM me with your experience, a work sample closest related to this project, and your rates for a 1500-2000 word blog (a detailed content brief will be provided for each post). \n\nThank you!",
        "user": "UK3FP4VNZ",
        "ts": "1642088462.090300",
        "team": "TJE58GTJL",
        "user_team": "TJE58GTJL",
        "source_team": "TJE58GTJL",
        "user_profile": {
            "avatar_hash": "d95bc2f16983",
            "image_72": "https:\/\/avatars.slack-edge.com\/2020-12-11\/1591729735856_d95bc2f169830c8ce953_72.jpg",
            "first_name": "Michaela",
            "real_name": "Michaela Mendes",
            "display_name": "",
            "team": "TJE58GTJL",
            "name": "michaelamendes616",
            "is_restricted": false,
            "is_ultra_restricted": false
        },
        "blocks": [
            {
                "type": "rich_text",
                "block_id": "ZFSi5",
                "elements": [
                    {
                        "type": "rich_text_section",
                        "elements": [
                            {
                                "type": "text",
                                "text": "Hi everyone, \n\nI am looking for SEO-focused freelance writers to help build out a library of content related to coding, software engineering, data analysis, data science, and user experience design for prospective career changers. While right now this project is primarily B2C focused, it could also include some B2B content needs as well, targeting HR directors at large organizations. \n\nIf you're interested, please DM me with your experience, a work sample closest related to this project, and your rates for a 1500-2000 word blog (a detailed content brief will be provided for each post). \n\nThank you!"
                            }
                        ]
                    }
                ]
            }
        ],
        "thread_ts": "1642088462.090300",
        "reply_count": 5,
        "reply_users_count": 5,
        "latest_reply": "1642170707.104600",
        "reply_users": [
            "U02Q8U5T7TP",
            "U02DQ4MB30E",
            "U011QQDDSJV",
            "U029WCJDVU0",
            "U029CTQ5X6Y"
        ],
        "replies": [
            {
                "user": "U02Q8U5T7TP",
                "ts": "1642089617.093000"
            },
            {
                "user": "U02DQ4MB30E",
                "ts": "1642097615.095900"
            },
            {
                "user": "U011QQDDSJV",
                "ts": "1642108729.098900"
            },
            {
                "user": "U029WCJDVU0",
                "ts": "1642158255.103900"
            },
            {
                "user": "U029CTQ5X6Y",
                "ts": "1642170707.104600"
            }
        ],
        "is_locked": false,
        "subscribed": false
    },
    {
        "type": "message",
        "subtype": "tombstone",
        "text": "This message was deleted.",
        "user": "USLACKBOT",
        "hidden": true,
        "ts": "1642089195.092900",
        "thread_ts": "1642089195.092900",
        "parent_user_id": "USLACKBOT",
        "reply_count": 1,
        "reply_users_count": 1,
        "latest_reply": "1642610154.133900",
        "reply_users": [
            "U02PRMEAP0V"
        ],
        "replies": [
            {
                "user": "U02PRMEAP0V",
                "ts": "1642610154.133900"
            }
        ],
        "is_locked": false,
        "subscribed": false
    },
    {
        "client_msg_id": "fcdbb03c-ac80-46f2-bec3-866bd365593f",
        "type": "message",
        "text": "Hello <@UK3FP4VNZ>\n\nI'd dm you",
        "user": "U02Q8U5T7TP",
        "ts": "1642089617.093000",
        "team": "TJE58GTJL",
        "user_team": "TJE58GTJL",
        "source_team": "TJE58GTJL",
        "user_profile": {
            "avatar_hash": "6ac00fe7f7de",
            "image_72": "https:\/\/avatars.slack-edge.com\/2022-04-15\/3395185200147_6ac00fe7f7de679b0f41_72.jpg",
            "first_name": "Johelski",
            "real_name": "Johelski",
            "display_name": "johelski",
            "team": "TJE58GTJL",
            "name": "ajayijohel",
            "is_restricted": false,
            "is_ultra_restricted": false
        },
        "blocks": [
            {
                "type": "rich_text",
                "block_id": "WWz",
                "elements": [
                    {
                        "type": "rich_text_section",
                        "elements": [
                            {
                                "type": "text",
                                "text": "Hello "
                            },
                            {
                                "type": "user",
                                "user_id": "UK3FP4VNZ"
                            },
                            {
                                "type": "text",
                                "text": "\n\nI'd dm you"
                            }
                        ]
                    }
                ]
            }
        ],
        "thread_ts": "1642088462.090300",
        "parent_user_id": "UK3FP4VNZ"
    },
    {
        "client_msg_id": "1531acf2-177f-4d3e-bb66-11e237997354",
        "type": "message",
        "text": "Hi, We're looking for additional freelance writers for our SaaS company that can contribute to our growing brand. We're looking at search-focused content to start with opportunities to potentially work on case studies, thought leadership pieces, etc. Would love someone with SaaS experience who can be a little punny in their content. If interested DM me examples and your rates.",
        "user": "U0166H7KUAZ",
        "ts": "1642096732.095300",
        "team": "TJE58GTJL",
        "user_team": "TJE58GTJL",
        "source_team": "TJE58GTJL",
        "user_profile": {
            "avatar_hash": "f58be1456496",
            "image_72": "https:\/\/avatars.slack-edge.com\/2020-06-29\/1197308509671_f58be1456496f374b7ea_72.jpg",
            "first_name": "",
            "real_name": "Phillip Paquette",
            "display_name": "Phillip Paquette",
            "team": "TJE58GTJL",
            "name": "phillippaquette",
            "is_restricted": false,
            "is_ultra_restricted": false
        },
        "edited": {
            "user": "U0166H7KUAZ",
            "ts": "1642096802.000000"
        },
        "blocks": [
            {
                "type": "rich_text",
                "block_id": "C7s",
                "elements": [
                    {
                        "type": "rich_text_section",
                        "elements": [
                            {
                                "type": "text",
                                "text": "Hi, We're looking for additional freelance writers for our SaaS company that can contribute to our growing brand. We're looking at search-focused content to start with opportunities to potentially work on case studies, thought leadership pieces, etc. Would love someone with SaaS experience who can be a little punny in their content. If interested DM me examples and your rates."
                            }
                        ]
                    }
                ]
            }
        ],
        "thread_ts": "1642096732.095300",
        "reply_count": 5,
        "reply_users_count": 5,
        "latest_reply": "1642376171.114200",
        "reply_users": [
            "U02F1GK6U6B",
            "U01R5K3795W",
            "U02HWBZS9QC",
            "U029WCJDVU0",
            "U02L06T4MM2"
        ],
        "replies": [
            {
                "user": "U02F1GK6U6B",
                "ts": "1642097306.095500"
            },
            {
                "user": "U01R5K3795W",
                "ts": "1642097494.095700"
            },
            {
                "user": "U02HWBZS9QC",
                "ts": "1642098512.096200"
            },
            {
                "user": "U029WCJDVU0",
                "ts": "1642158551.104100"
            },
            {
                "user": "U02L06T4MM2",
                "ts": "1642376171.114200"
            }
        ],
        "is_locked": false,
        "subscribed": false
    },
    {
        "client_msg_id": "d7c9f062-b6ac-4629-9ff3-6d6151ba3c57",
        "type": "message",
        "text": "I'll DM you now :)",
        "user": "U02F1GK6U6B",
        "ts": "1642097306.095500",
        "team": "TJE58GTJL",
        "user_team": "TJE58GTJL",
        "source_team": "TJE58GTJL",
        "user_profile": {
            "avatar_hash": "b77d6f7d6c82",
            "image_72": "https:\/\/avatars.slack-edge.com\/2022-01-22\/3004677185921_b77d6f7d6c82fd929faa_72.jpg",
            "first_name": "Nneka",
            "real_name": "Nneka Otika",
            "display_name": "Nneka Otika",
            "team": "TJE58GTJL",
            "name": "nnekaotika",
            "is_restricted": false,
            "is_ultra_restricted": false
        },
        "blocks": [
            {
                "type": "rich_text",
                "block_id": "TBglQ",
                "elements": [
                    {
                        "type": "rich_text_section",
                        "elements": [
                            {
                                "type": "text",
                                "text": "I'll DM you now :)"
                            }
                        ]
                    }
                ]
            }
        ],
        "thread_ts": "1642096732.095300",
        "parent_user_id": "U0166H7KUAZ"
    },
    {
        "client_msg_id": "6b2a6081-0134-47c9-9b9c-c9e42b2cb96e",
        "type": "message",
        "text": "Messaged :smiley:",
        "user": "U01R5K3795W",
        "ts": "1642097494.095700",
        "team": "TJE58GTJL",
        "user_team": "TJE58GTJL",
        "source_team": "TJE58GTJL",
        "user_profile": {
            "avatar_hash": "e29a2ac8fcb8",
            "image_72": "https:\/\/avatars.slack-edge.com\/2021-03-07\/1844463403121_e29a2ac8fcb8d72a8c29_72.jpg",
            "first_name": "Michael",
            "real_name": "Michael Paulyn",
            "display_name": "michael paulyn",
            "team": "TJE58GTJL",
            "name": "mpaulyn_",
            "is_restricted": false,
            "is_ultra_restricted": false
        },
        "blocks": [
            {
                "type": "rich_text",
                "block_id": "3wcu",
                "elements": [
                    {
                        "type": "rich_text_section",
                        "elements": [
                            {
                                "type": "text",
                                "text": "Messaged "
                            },
                            {
                                "type": "emoji",
                                "name": "smiley"
                            }
                        ]
                    }
                ]
            }
        ],
        "thread_ts": "1642096732.095300",
        "parent_user_id": "U0166H7KUAZ"
    },
    {
        "client_msg_id": "2757511d-4cc2-4e61-b591-a78068c0a497",
        "type": "message",
        "text": "DMed you :slightly_smiling_face:",
        "user": "U02DQ4MB30E",
        "ts": "1642097615.095900",
        "team": "TJE58GTJL",
        "user_team": "TJE58GTJL",
        "source_team": "TJE58GTJL",
        "user_profile": {
            "avatar_hash": "da3df19ff250",
            "image_72": "https:\/\/avatars.slack-edge.com\/2021-09-09\/2467172480038_da3df19ff250056e1622_72.jpg",
            "first_name": "Pasha",
            "real_name": "Pasha",
            "display_name": "Pasha",
            "team": "TJE58GTJL",
            "name": "pasha.abdulov",
            "is_restricted": false,
            "is_ultra_restricted": false
        },
        "blocks": [
            {
                "type": "rich_text",
                "block_id": "p57N",
                "elements": [
                    {
                        "type": "rich_text_section",
                        "elements": [
                            {
                                "type": "text",
                                "text": "DMed you "
                            },
                            {
                                "type": "emoji",
                                "name": "slightly_smiling_face"
                            }
                        ]
                    }
                ]
            }
        ],
        "thread_ts": "1642088462.090300",
        "parent_user_id": "UK3FP4VNZ"
    },
    {
        "client_msg_id": "34a92265-cb22-4806-bd14-d7fc3973ed8f",
        "type": "message",
        "text": "DM'd you already.",
        "user": "U02HWBZS9QC",
        "ts": "1642098512.096200",
        "team": "TJE58GTJL",
        "user_team": "TJE58GTJL",
        "source_team": "TJE58GTJL",
        "user_profile": {
            "avatar_hash": "cea3c2adb719",
            "image_72": "https:\/\/avatars.slack-edge.com\/2021-12-23\/2879299611220_cea3c2adb71995b8fd88_72.jpg",
            "first_name": "Ankit",
            "real_name": "Ankit Vora",
            "display_name": "",
            "team": "TJE58GTJL",
            "name": "ankitplaynody",
            "is_restricted": false,
            "is_ultra_restricted": false
        },
        "blocks": [
            {
                "type": "rich_text",
                "block_id": "hErp",
                "elements": [
                    {
                        "type": "rich_text_section",
                        "elements": [
                            {
                                "type": "text",
                                "text": "DM'd you already."
                            }
                        ]
                    }
                ]
            }
        ],
        "thread_ts": "1642096732.095300",
        "parent_user_id": "U0166H7KUAZ"
    },
    {
        "client_msg_id": "36a3a2b9-9917-4496-9637-18c48e076a46",
        "type": "message",
        "text": "hey folks! i'm looking for 2-3 freelancers to turn some work around pretty quickly (a week or so). i would LOVE to assign some pieces today. shoot me a DM with some writing samples if you're interested. :slightly_smiling_face:",
        "user": "UJG9WTEKG",
        "ts": "1642103102.097200",
        "team": "TJE58GTJL",
        "user_team": "TJE58GTJL",
        "source_team": "TJE58GTJL",
        "user_profile": {
            "avatar_hash": "gc25b94e6ebf",
            "image_72": "https:\/\/secure.gravatar.com\/avatar\/eec25b94e6ebf55f0b7933372344cd09.jpg?s=72&d=https%3A%2F%2Fa.slack-edge.com%2Fdf10d%2Fimg%2Favatars%2Fava_0001-72.png",
            "first_name": "Jimmy",
            "real_name": "Jimmy Daly",
            "display_name": "",
            "team": "TJE58GTJL",
            "name": "runjimdaly",
            "is_restricted": false,
            "is_ultra_restricted": false
        },
        "blocks": [
            {
                "type": "rich_text",
                "block_id": "0qdJT",
                "elements": [
                    {
                        "type": "rich_text_section",
                        "elements": [
                            {
                                "type": "text",
                                "text": "hey folks! i'm looking for 2-3 freelancers to turn some work around pretty quickly (a week or so). i would LOVE to assign some pieces today. shoot me a DM with some writing samples if you're interested. "
                            },
                            {
                                "type": "emoji",
                                "name": "slightly_smiling_face"
                            }
                        ]
                    }
                ]
            }
        ],
        "thread_ts": "1642103102.097200",
        "reply_count": 10,
        "reply_users_count": 8,
        "latest_reply": "1642187994.108600",
        "reply_users": [
            "U02HWBZS9QC",
            "U028D815JA0",
            "U02S2UZU3D3",
            "U01QYGNA1JN",
            "U02MYNWUY07",
            "U02U3RDQKHP",
            "U02TK8BKMUJ",
            "UJG9WTEKG"
        ],
        "replies": [
            {
                "user": "U02HWBZS9QC",
                "ts": "1642107364.097400"
            },
            {
                "user": "U028D815JA0",
                "ts": "1642107466.097700"
            },
            {
                "user": "U02S2UZU3D3",
                "ts": "1642107568.098000"
            },
            {
                "user": "U01QYGNA1JN",
                "ts": "1642110601.099900"
            },
            {
                "user": "U02MYNWUY07",
                "ts": "1642144130.103100"
            },
            {
                "user": "U02U3RDQKHP",
                "ts": "1642176889.105800"
            },
            {
                "user": "U02TK8BKMUJ",
                "ts": "1642186439.107600"
            },
            {
                "user": "UJG9WTEKG",
                "ts": "1642187984.108200"
            },
            {
                "user": "UJG9WTEKG",
                "ts": "1642187993.108400"
            },
            {
                "user": "UJG9WTEKG",
                "ts": "1642187994.108600"
            }
        ],
        "is_locked": false,
        "subscribed": true,
        "last_read": "1642187994.108600",
        "reactions": [
            {
                "name": "eyes",
                "users": [
                    "U023G1P70KE",
                    "U028D815JA0",
                    "U02S2UZU3D3",
                    "U02HWBZS9QC",
                    "U01QYGNA1JN",
                    "U02L5GTFSGG",
                    "U02MYNWUY07",
                    "U02GMMQ281W",
                    "U01PXN2LGAK",
                    "U01J84U3SQ6",
                    "U02PQ08HCSF",
                    "UN227ML2H"
                ],
                "count": 12
            }
        ]
    },
    {
        "client_msg_id": "da1e685d-a111-4939-b522-e8395a62e5be",
        "type": "message",
        "text": "Shot a DM",
        "user": "U02HWBZS9QC",
        "ts": "1642107364.097400",
        "team": "TJE58GTJL",
        "user_team": "TJE58GTJL",
        "source_team": "TJE58GTJL",
        "user_profile": {
            "avatar_hash": "cea3c2adb719",
            "image_72": "https:\/\/avatars.slack-edge.com\/2021-12-23\/2879299611220_cea3c2adb71995b8fd88_72.jpg",
            "first_name": "Ankit",
            "real_name": "Ankit Vora",
            "display_name": "",
            "team": "TJE58GTJL",
            "name": "ankitplaynody",
            "is_restricted": false,
            "is_ultra_restricted": false
        },
        "blocks": [
            {
                "type": "rich_text",
                "block_id": "w3WOQ",
                "elements": [
                    {
                        "type": "rich_text_section",
                        "elements": [
                            {
                                "type": "text",
                                "text": "Shot a DM"
                            }
                        ]
                    }
                ]
            }
        ],
        "thread_ts": "1642103102.097200",
        "parent_user_id": "UJG9WTEKG",
        "reactions": [
            {
                "name": "pray",
                "users": [
                    "UJG9WTEKG"
                ],
                "count": 1
            }
        ]
    },
    {
        "client_msg_id": "87b0bc26-876b-4eb3-a444-763c5cde1af2",
        "type": "message",
        "text": "Hey Jimmy! Sent you a DM.",
        "user": "U028D815JA0",
        "ts": "1642107466.097700",
        "team": "TJE58GTJL",
        "user_team": "TJE58GTJL",
        "source_team": "TJE58GTJL",
        "user_profile": {
            "avatar_hash": "7e2cf488ec83",
            "image_72": "https:\/\/avatars.slack-edge.com\/2021-11-09\/2701205349650_7e2cf488ec8355d9ecca_72.jpg",
            "first_name": "althea",
            "real_name": "althea storm",
            "display_name": "althea storm",
            "team": "TJE58GTJL",
            "name": "altheanymphcstorm",
            "is_restricted": false,
            "is_ultra_restricted": false
        },
        "blocks": [
            {
                "type": "rich_text",
                "block_id": "GBnkj",
                "elements": [
                    {
                        "type": "rich_text_section",
                        "elements": [
                            {
                                "type": "text",
                                "text": "Hey Jimmy! Sent you a DM."
                            }
                        ]
                    }
                ]
            }
        ],
        "thread_ts": "1642103102.097200",
        "parent_user_id": "UJG9WTEKG",
        "reactions": [
            {
                "name": "pray",
                "users": [
                    "UJG9WTEKG"
                ],
                "count": 1
            }
        ]
    },
    {
        "client_msg_id": "77268233-7e7b-46f6-a3cc-4a2ff19ad59a",
        "type": "message",
        "text": "Just sent you a message, Jimmy.",
        "user": "U02S2UZU3D3",
        "ts": "1642107568.098000",
        "team": "TJE58GTJL",
        "user_team": "TJE58GTJL",
        "source_team": "TJE58GTJL",
        "user_profile": {
            "avatar_hash": "a8ea5d586528",
            "image_72": "https:\/\/avatars.slack-edge.com\/2021-12-28\/2914047553904_a8ea5d5865287bb07a74_72.jpg",
            "first_name": "Amanda",
            "real_name": "Amanda Hoyer",
            "display_name": "Amanda Hoyer",
            "team": "TJE58GTJL",
            "name": "amandahoyer2",
            "is_restricted": false,
            "is_ultra_restricted": false
        },
        "blocks": [
            {
                "type": "rich_text",
                "block_id": "U2DT",
                "elements": [
                    {
                        "type": "rich_text_section",
                        "elements": [
                            {
                                "type": "text",
                                "text": "Just sent you a message, Jimmy."
                            }
                        ]
                    }
                ]
            }
        ],
        "thread_ts": "1642103102.097200",
        "parent_user_id": "UJG9WTEKG",
        "reactions": [
            {
                "name": "pray",
                "users": [
                    "UJG9WTEKG"
                ],
                "count": 1
            }
        ]
    },
    {
        "client_msg_id": "dd068484-6e2d-4791-bbb1-24a676f72977",
        "type": "message",
        "text": "I’ve worked with Pasha ^^ and he’s great",
        "user": "U011QQDDSJV",
        "ts": "1642108729.098900",
        "team": "TJE58GTJL",
        "user_team": "TJE58GTJL",
        "source_team": "TJE58GTJL",
        "user_profile": {
            "avatar_hash": "26f290c29155",
            "image_72": "https:\/\/avatars.slack-edge.com\/2020-04-08\/1046081228023_26f290c2915541368412_72.png",
            "first_name": "Nikolas",
            "real_name": "Nikolas Wright",
            "display_name": "Nik",
            "team": "TJE58GTJL",
            "name": "wright.nikolas",
            "is_restricted": false,
            "is_ultra_restricted": false
        },
        "blocks": [
            {
                "type": "rich_text",
                "block_id": "3AkA",
                "elements": [
                    {
                        "type": "rich_text_section",
                        "elements": [
                            {
                                "type": "text",
                                "text": "I’ve worked with Pasha ^^ and he’s great"
                            }
                        ]
                    }
                ]
            }
        ],
        "thread_ts": "1642088462.090300",
        "parent_user_id": "UK3FP4VNZ",
        "reactions": [
            {
                "name": "pray",
                "users": [
                    "U02DQ4MB30E"
                ],
                "count": 1
            }
        ]
    },
    {
        "client_msg_id": "1FB6B139-A368-4204-BFFA-7D5C884D8D7E",
        "type": "message",
        "text": " Sent you a DM, I did. ",
        "user": "U01QYGNA1JN",
        "ts": "1642110601.099900",
        "team": "TJE58GTJL",
        "user_team": "TJE58GTJL",
        "source_team": "TJE58GTJL",
        "user_profile": {
            "avatar_hash": "1857429dbbe6",
            "image_72": "https:\/\/avatars.slack-edge.com\/2021-05-20\/2112511227344_1857429dbbe6dc5f0522_72.png",
            "first_name": "Chaitanya",
            "real_name": "Chaitanya Deshpande",
            "display_name": "CD",
            "team": "TJE58GTJL",
            "name": "chaitanyacd",
            "is_restricted": false,
            "is_ultra_restricted": false
        },
        "blocks": [
            {
                "type": "rich_text",
                "block_id": "N\/ARk",
                "elements": [
                    {
                        "type": "rich_text_section",
                        "elements": [
                            {
                                "type": "text",
                                "text": " Sent you a DM, I did. "
                            }
                        ]
                    }
                ]
            }
        ],
        "thread_ts": "1642103102.097200",
        "parent_user_id": "UJG9WTEKG",
        "reactions": [
            {
                "name": "pray",
                "users": [
                    "UJG9WTEKG"
                ],
                "count": 1
            }
        ]
    },
    {
        "client_msg_id": "472123e3-8508-4dd8-b4c7-a24d03a5fd88",
        "type": "message",
        "text": "Seeking 1-2 freelancers for some copywriting to be turned around in 1.5 weeks. I need you to have working knowledge of skills associated with these roles:\n\n• aws cloud developer\n• php developer\n• asp net\n• cloud computing specialist\n• embedded systems developer\n• apache spark\n• blockchain developer\n• network security engineer\n• mobile app designer\n• angularjs developer\n• python developer\n• dot net developer\n• microsoft power bi analyst\nDM if interested. North America preferred for timezone overlap but not a hard requirement.",
        "user": "U011QQDDSJV",
        "ts": "1642119550.102100",
        "team": "TJE58GTJL",
        "user_team": "TJE58GTJL",
        "source_team": "TJE58GTJL",
        "user_profile": {
            "avatar_hash": "26f290c29155",
            "image_72": "https:\/\/avatars.slack-edge.com\/2020-04-08\/1046081228023_26f290c2915541368412_72.png",
            "first_name": "Nikolas",
            "real_name": "Nikolas Wright",
            "display_name": "Nik",
            "team": "TJE58GTJL",
            "name": "wright.nikolas",
            "is_restricted": false,
            "is_ultra_restricted": false
        },
        "edited": {
            "user": "U011QQDDSJV",
            "ts": "1642119560.000000"
        },
        "blocks": [
            {
                "type": "rich_text",
                "block_id": "najUl",
                "elements": [
                    {
                        "type": "rich_text_section",
                        "elements": [
                            {
                                "type": "text",
                                "text": "Seeking 1-2 freelancers for some copywriting to be turned around in 1.5 weeks. I need you to have working knowledge of skills associated with these roles:\n\n"
                            }
                        ]
                    },
                    {
                        "type": "rich_text_list",
                        "elements": [
                            {
                                "type": "rich_text_section",
                                "elements": [
                                    {
                                        "type": "text",
                                        "text": "aws cloud developer"
                                    }
                                ]
                            },
                            {
                                "type": "rich_text_section",
                                "elements": [
                                    {
                                        "type": "text",
                                        "text": "php developer"
                                    }
                                ]
                            },
                            {
                                "type": "rich_text_section",
                                "elements": [
                                    {
                                        "type": "text",
                                        "text": "asp net"
                                    }
                                ]
                            },
                            {
                                "type": "rich_text_section",
                                "elements": [
                                    {
                                        "type": "text",
                                        "text": "cloud computing specialist"
                                    }
                                ]
                            },
                            {
                                "type": "rich_text_section",
                                "elements": [
                                    {
                                        "type": "text",
                                        "text": "embedded systems developer"
                                    }
                                ]
                            },
                            {
                                "type": "rich_text_section",
                                "elements": [
                                    {
                                        "type": "text",
                                        "text": "apache spark"
                                    }
                                ]
                            },
                            {
                                "type": "rich_text_section",
                                "elements": [
                                    {
                                        "type": "text",
                                        "text": "blockchain developer"
                                    }
                                ]
                            },
                            {
                                "type": "rich_text_section",
                                "elements": [
                                    {
                                        "type": "text",
                                        "text": "network security engineer"
                                    }
                                ]
                            },
                            {
                                "type": "rich_text_section",
                                "elements": [
                                    {
                                        "type": "text",
                                        "text": "mobile app designer"
                                    }
                                ]
                            },
                            {
                                "type": "rich_text_section",
                                "elements": [
                                    {
                                        "type": "text",
                                        "text": "angularjs developer"
                                    }
                                ]
                            },
                            {
                                "type": "rich_text_section",
                                "elements": [
                                    {
                                        "type": "text",
                                        "text": "python developer"
                                    }
                                ]
                            },
                            {
                                "type": "rich_text_section",
                                "elements": [
                                    {
                                        "type": "text",
                                        "text": "dot net developer"
                                    }
                                ]
                            },
                            {
                                "type": "rich_text_section",
                                "elements": [
                                    {
                                        "type": "text",
                                        "text": "microsoft power bi analyst"
                                    }
                                ]
                            }
                        ],
                        "style": "bullet",
                        "indent": 0,
                        "border": 0
                    },
                    {
                        "type": "rich_text_section",
                        "elements": [
                            {
                                "type": "text",
                                "text": "\nDM if interested. North America preferred for timezone overlap but not a hard requirement."
                            }
                        ]
                    }
                ]
            }
        ],
        "thread_ts": "1642119550.102100",
        "reply_count": 1,
        "reply_users_count": 1,
        "latest_reply": "1642166112.104300",
        "reply_users": [
            "U0231C2LYNM"
        ],
        "replies": [
            {
                "user": "U0231C2LYNM",
                "ts": "1642166112.104300"
            }
        ],
        "is_locked": false,
        "subscribed": false,
        "reactions": [
            {
                "name": "star2",
                "users": [
                    "U02FBJRCX71"
                ],
                "count": 1
            }
        ]
    },
    {
        "client_msg_id": "A4962B3F-317A-4008-9B15-A561D7624FC6",
        "type": "message",
        "text": "Sent a DM",
        "user": "U02MYNWUY07",
        "ts": "1642144130.103100",
        "team": "TJE58GTJL",
        "user_team": "TJE58GTJL",
        "source_team": "TJE58GTJL",
        "user_profile": {
            "avatar_hash": "97d060ffa1e3",
            "image_72": "https:\/\/avatars.slack-edge.com\/2021-11-24\/2760700896917_97d060ffa1e3300aafe2_72.png",
            "first_name": "Purvi",
            "real_name": "Purvi Kalra",
            "display_name": "Purvi Kalra",
            "team": "TJE58GTJL",
            "name": "purkalra41",
            "is_restricted": false,
            "is_ultra_restricted": false
        },
        "blocks": [
            {
                "type": "rich_text",
                "block_id": "w3j",
                "elements": [
                    {
                        "type": "rich_text_section",
                        "elements": [
                            {
                                "type": "text",
                                "text": "Sent a DM"
                            }
                        ]
                    }
                ]
            }
        ],
        "thread_ts": "1642103102.097200",
        "parent_user_id": "UJG9WTEKG"
    },
    {
        "client_msg_id": "EEE40F4E-1931-4DDD-A73A-4FADEB5A8A4D",
        "type": "message",
        "text": "Sent you a DM <@U02U90EQW00> ",
        "user": "U02MYNWUY07",
        "ts": "1642144248.103600",
        "team": "TJE58GTJL",
        "user_team": "TJE58GTJL",
        "source_team": "TJE58GTJL",
        "user_profile": {
            "avatar_hash": "97d060ffa1e3",
            "image_72": "https:\/\/avatars.slack-edge.com\/2021-11-24\/2760700896917_97d060ffa1e3300aafe2_72.png",
            "first_name": "Purvi",
            "real_name": "Purvi Kalra",
            "display_name": "Purvi Kalra",
            "team": "TJE58GTJL",
            "name": "purkalra41",
            "is_restricted": false,
            "is_ultra_restricted": false
        },
        "blocks": [
            {
                "type": "rich_text",
                "block_id": "j\/uoz",
                "elements": [
                    {
                        "type": "rich_text_section",
                        "elements": [
                            {
                                "type": "text",
                                "text": "Sent you a DM "
                            },
                            {
                                "type": "user",
                                "user_id": "U02U90EQW00"
                            },
                            {
                                "type": "text",
                                "text": " "
                            }
                        ]
                    }
                ]
            }
        ],
        "thread_ts": "1641937113.081100",
        "parent_user_id": "U02U90EQW00"
    }
]