[
    {
        "client_msg_id": "4f08d932-dc15-4d2e-8ad9-1e33adebf482",
        "type": "message",
        "text": "Just sent my samples Doug.",
        "user": "U018YLTQJDU",
        "ts": "1646573825.352459",
        "team": "TJE58GTJL",
        "user_team": "TJE58GTJL",
        "source_team": "TJE58GTJL",
        "user_profile": {
            "avatar_hash": "9816e5481fd2",
            "image_72": "https:\/\/avatars.slack-edge.com\/2020-11-17\/1506465538819_9816e5481fd23b3da8b1_72.jpg",
            "first_name": "Ricks",
            "real_name": "Ricks N",
            "display_name": "Erick",
            "team": "TJE58GTJL",
            "name": "nyangenyaerick",
            "is_restricted": false,
            "is_ultra_restricted": false
        },
        "blocks": [
            {
                "type": "rich_text",
                "block_id": "mu20",
                "elements": [
                    {
                        "type": "rich_text_section",
                        "elements": [
                            {
                                "type": "text",
                                "text": "Just sent my samples Doug."
                            }
                        ]
                    }
                ]
            }
        ],
        "thread_ts": "1646425789.651779",
        "parent_user_id": "U032D0QSTR7"
    },
    {
        "client_msg_id": "1ca422f7-8709-42a9-af33-ee7310f7ca3f",
        "type": "message",
        "text": "This is awesome. I have a 'smile file' - a folder in my inbox of all the lovely comments I've received from clients",
        "user": "U02AR2XSN1M",
        "ts": "1646602219.385009",
        "team": "TJE58GTJL",
        "user_team": "TJE58GTJL",
        "source_team": "TJE58GTJL",
        "user_profile": {
            "avatar_hash": "b0fa34c3f8f5",
            "image_72": "https:\/\/avatars.slack-edge.com\/2021-08-16\/2368450553975_b0fa34c3f8f5e02f6b43_72.jpg",
            "first_name": "Leonie",
            "real_name": "Leonie Waldron",
            "display_name": "Leonie Waldron",
            "team": "TJE58GTJL",
            "name": "leonie",
            "is_restricted": false,
            "is_ultra_restricted": false
        },
        "blocks": [
            {
                "type": "rich_text",
                "block_id": "H3tjh",
                "elements": [
                    {
                        "type": "rich_text_section",
                        "elements": [
                            {
                                "type": "text",
                                "text": "This is awesome. I have a 'smile file' - a folder in my inbox of all the lovely comments I've received from clients"
                            }
                        ]
                    }
                ]
            }
        ],
        "thread_ts": "1646312462.212229",
        "parent_user_id": "U0340N4DU6P",
        "reactions": [
            {
                "name": "heart",
                "users": [
                    "U03330MFEN4",
                    "U0361FS1SG4"
                ],
                "count": 2
            }
        ]
    }
]