[
    {
        "client_msg_id": "F44C8B1F-AA2C-43AD-BB6F-2799879CA68F",
        "type": "message",
        "text": "I use Harvest for timekeeping\/invoicing and Ally banking since it has high interest rates and easy to integrate with things like Zelle. I still make my own proposals on Google Drive documents but interested to look at these resources too. ",
        "user": "U02P99X3QGP",
        "ts": "1641667004.038400",
        "team": "TJE58GTJL",
        "user_team": "TJE58GTJL",
        "source_team": "TJE58GTJL",
        "user_profile": {
            "avatar_hash": "faca191cfdff",
            "image_72": "https:\/\/avatars.slack-edge.com\/2021-12-07\/2811336893922_faca191cfdffbd780d89_72.jpg",
            "first_name": "Kristin",
            "real_name": "Kristin Hoppe",
            "display_name": "Kristin",
            "team": "TJE58GTJL",
            "name": "kristinhoppewrites",
            "is_restricted": false,
            "is_ultra_restricted": false
        },
        "edited": {
            "user": "U02P99X3QGP",
            "ts": "1641667014.000000"
        },
        "blocks": [
            {
                "type": "rich_text",
                "block_id": "U=j7",
                "elements": [
                    {
                        "type": "rich_text_section",
                        "elements": [
                            {
                                "type": "text",
                                "text": "I use Harvest for timekeeping\/invoicing and Ally banking since it has high interest rates and easy to integrate with things like Zelle. I still make my own proposals on Google Drive documents but interested to look at these resources too. "
                            }
                        ]
                    }
                ]
            }
        ],
        "thread_ts": "1641580414.027700",
        "parent_user_id": "U02SU2BECCA"
    },
    {
        "client_msg_id": "995c71e1-772e-4f29-9660-f3bd8d3d0298",
        "type": "message",
        "text": "Thank you all for sending you samples and other information , i will get you to guys by mid of next week’",
        "user": "U02P8ASS4CQ",
        "ts": "1641688573.039700",
        "team": "TJE58GTJL",
        "user_team": "TJE58GTJL",
        "source_team": "TJE58GTJL",
        "user_profile": {
            "avatar_hash": "fd0123b62747",
            "image_72": "https:\/\/avatars.slack-edge.com\/2021-11-24\/2752013102471_fd0123b6274769222213_72.jpg",
            "first_name": "",
            "real_name": "Chaitanya",
            "display_name": "Chaitanya",
            "team": "TJE58GTJL",
            "name": "chaitanya.gatreddi",
            "is_restricted": false,
            "is_ultra_restricted": false
        },
        "blocks": [
            {
                "type": "rich_text",
                "block_id": "Xrmgl",
                "elements": [
                    {
                        "type": "rich_text_section",
                        "elements": [
                            {
                                "type": "text",
                                "text": "Thank you all for sending you samples and other information , i will get you to guys by mid of next week’"
                            }
                        ]
                    }
                ]
            }
        ],
        "reactions": [
            {
                "name": "raised_hands",
                "users": [
                    "U02HWBZS9QC"
                ],
                "count": 1
            }
        ]
    },
    {
        "type": "message",
        "subtype": "slackbot_response",
        "text": "Hello! Not all of our members are guys. In an effort to be more conscious of the language we use to address each other, why not try “Hey, folks,” or “Hey everyone” instead?",
        "user": "USLACKBOT",
        "ts": "1641688574.039800"
    }
]