[
    {
        "client_msg_id": "70974ea9-467a-4b17-9587-6e57651fc437",
        "type": "message",
        "text": "Hi <@U02HQGXGN31>\n\nI sent you a DM but you didn't reply",
        "user": "U02Q8U5T7TP",
        "ts": "1643962165.395399",
        "team": "TJE58GTJL",
        "user_team": "TJE58GTJL",
        "source_team": "TJE58GTJL",
        "user_profile": {
            "avatar_hash": "6ac00fe7f7de",
            "image_72": "https:\/\/avatars.slack-edge.com\/2022-04-15\/3395185200147_6ac00fe7f7de679b0f41_72.jpg",
            "first_name": "Johelski",
            "real_name": "Johelski",
            "display_name": "johelski",
            "team": "TJE58GTJL",
            "name": "ajayijohel",
            "is_restricted": false,
            "is_ultra_restricted": false
        },
        "blocks": [
            {
                "type": "rich_text",
                "block_id": "lRf",
                "elements": [
                    {
                        "type": "rich_text_section",
                        "elements": [
                            {
                                "type": "text",
                                "text": "Hi "
                            },
                            {
                                "type": "user",
                                "user_id": "U02HQGXGN31"
                            },
                            {
                                "type": "text",
                                "text": "\n\nI sent you a DM but you didn't reply"
                            }
                        ]
                    }
                ]
            }
        ],
        "thread_ts": "1637853774.268700",
        "parent_user_id": "U02HQGXGN31"
    },
    {
        "client_msg_id": "96e10d8c-1c41-46be-a3da-dfd259bebb2c",
        "type": "message",
        "text": "Hey everyone :wave:  I’m the Managing Editor at <http:\/\/maze.co|Maze> and I’m currently looking for a *freelance editor* to help us with upcoming projects over the next couple of months.\n\nIdeally, I’m looking for someone with experience editing for B2B audiences and with a knowledge of topics such as product development, UX, design, or user research. Please DM me with a link to your portfolio and rates. Please note this is not a call for freelance writers - I’d love to hear from editors only! Thanks :pray:",
        "user": "UP6K3LYQ7",
        "ts": "1643978680.472729",
        "team": "TJE58GTJL",
        "user_team": "TJE58GTJL",
        "source_team": "TJE58GTJL",
        "user_profile": {
            "avatar_hash": "85f51ba81afb",
            "image_72": "https:\/\/avatars.slack-edge.com\/2022-02-04\/3059639223108_85f51ba81afbc58c16bc_72.jpg",
            "first_name": "Elena",
            "real_name": "Elena Luchita",
            "display_name": "Elena Luchita",
            "team": "TJE58GTJL",
            "name": "elena.ly18",
            "is_restricted": false,
            "is_ultra_restricted": false
        },
        "edited": {
            "user": "UP6K3LYQ7",
            "ts": "1643978731.000000"
        },
        "blocks": [
            {
                "type": "rich_text",
                "block_id": "C15C",
                "elements": [
                    {
                        "type": "rich_text_section",
                        "elements": [
                            {
                                "type": "text",
                                "text": "Hey everyone "
                            },
                            {
                                "type": "emoji",
                                "name": "wave"
                            },
                            {
                                "type": "text",
                                "text": "  I’m the Managing Editor at "
                            },
                            {
                                "type": "link",
                                "url": "http:\/\/maze.co",
                                "text": "Maze"
                            },
                            {
                                "type": "text",
                                "text": " and I’m currently looking for a "
                            },
                            {
                                "type": "text",
                                "text": "freelance editor",
                                "style": {
                                    "bold": true
                                }
                            },
                            {
                                "type": "text",
                                "text": " to help us with upcoming projects over the next couple of months.\n\nIdeally, I’m looking for someone with experience editing for B2B audiences and with a knowledge of topics such as product development, UX, design, or user research. Please DM me with a link to your portfolio and rates. Please note this is not a call for freelance writers - I’d love to hear from editors only! Thanks "
                            },
                            {
                                "type": "emoji",
                                "name": "pray"
                            }
                        ]
                    }
                ]
            }
        ],
        "thread_ts": "1643978680.472729",
        "reply_count": 2,
        "reply_users_count": 2,
        "latest_reply": "1643988636.823479",
        "reply_users": [
            "U02DCPQSKD0",
            "UN227ML2H"
        ],
        "replies": [
            {
                "user": "U02DCPQSKD0",
                "ts": "1643980591.694339"
            },
            {
                "user": "UN227ML2H",
                "ts": "1643988636.823479"
            }
        ],
        "is_locked": false,
        "subscribed": false,
        "reactions": [
            {
                "name": "fire",
                "users": [
                    "U02CMCS8KH9",
                    "U02GYR8TM96"
                ],
                "count": 2
            },
            {
                "name": "+1",
                "users": [
                    "U01TB1SDD61",
                    "U01J84U3SQ6",
                    "UJJELJPNH"
                ],
                "count": 3
            },
            {
                "name": "wave",
                "users": [
                    "U031A2YLYJ3"
                ],
                "count": 1
            }
        ]
    },
    {
        "client_msg_id": "3a801dee-e567-4f4c-ac7c-4ef27534d7c0",
        "type": "message",
        "text": "<@UP6K3LYQ7> you can get in touch with <@U02CMCS8KH9>",
        "user": "U02DCPQSKD0",
        "ts": "1643980591.694339",
        "team": "TJE58GTJL",
        "user_team": "TJE58GTJL",
        "source_team": "TJE58GTJL",
        "user_profile": {
            "avatar_hash": "g8f2e37263f7",
            "image_72": "https:\/\/secure.gravatar.com\/avatar\/8f2e37263f75f45840f2fb46dc5904d2.jpg?s=72&d=https%3A%2F%2Fa.slack-edge.com%2Fdf10d%2Fimg%2Favatars%2Fava_0022-72.png",
            "first_name": "Pranoy",
            "real_name": "Pranoy Pauly",
            "display_name": "",
            "team": "TJE58GTJL",
            "name": "pranoympauly",
            "is_restricted": false,
            "is_ultra_restricted": false
        },
        "blocks": [
            {
                "type": "rich_text",
                "block_id": "aPt",
                "elements": [
                    {
                        "type": "rich_text_section",
                        "elements": [
                            {
                                "type": "user",
                                "user_id": "UP6K3LYQ7"
                            },
                            {
                                "type": "text",
                                "text": " you can get in touch with "
                            },
                            {
                                "type": "user",
                                "user_id": "U02CMCS8KH9"
                            }
                        ]
                    }
                ]
            }
        ],
        "thread_ts": "1643978680.472729",
        "parent_user_id": "UP6K3LYQ7"
    },
    {
        "client_msg_id": "fd4e74e5-cb5e-44e6-adef-b7eea55c55d7",
        "type": "message",
        "text": "<@U02G1JY10HW>",
        "user": "UN227ML2H",
        "ts": "1643988636.823479",
        "team": "TJE58GTJL",
        "user_team": "TJE58GTJL",
        "source_team": "TJE58GTJL",
        "user_profile": {
            "avatar_hash": "73075d02e70f",
            "image_72": "https:\/\/avatars.slack-edge.com\/2020-09-28\/1393806804451_73075d02e70f4a4344d6_72.jpg",
            "first_name": "Whitney",
            "real_name": "Whitney Rudeseal Peet",
            "display_name": "Whitney Rudeseal Peet",
            "team": "TJE58GTJL",
            "name": "whitneyrudeseal",
            "is_restricted": false,
            "is_ultra_restricted": false
        },
        "blocks": [
            {
                "type": "rich_text",
                "block_id": "Eue0",
                "elements": [
                    {
                        "type": "rich_text_section",
                        "elements": [
                            {
                                "type": "user",
                                "user_id": "U02G1JY10HW"
                            }
                        ]
                    }
                ]
            }
        ],
        "thread_ts": "1643978680.472729",
        "parent_user_id": "UP6K3LYQ7",
        "reactions": [
            {
                "name": "heart",
                "users": [
                    "U02G1JY10HW"
                ],
                "count": 1
            }
        ]
    },
    {
        "client_msg_id": "8fa60d36-5fcc-4dae-b311-9de67db7444e",
        "type": "message",
        "text": "i'm looking for a freelancer to write a post about freelancers moving back to 9-5 roles. (see this tweet for context: <https:\/\/twitter.com\/jimmy_daly\/status\/1488169957267582981>) i'd like for this writer to chat with a few people that responded to the twitter thread, maybe even run an informal survey. 1500ish words and yes this is a paid gig. if you're interested, pls feel out this quick form → <https:\/\/forms.gle\/SW1fYaE76N2PvXCa8> (pls don't DM, my DMs are a mess and i will likely miss it!)",
        "user": "UJG9WTEKG",
        "ts": "1643994820.945089",
        "team": "TJE58GTJL",
        "user_team": "TJE58GTJL",
        "source_team": "TJE58GTJL",
        "user_profile": {
            "avatar_hash": "gc25b94e6ebf",
            "image_72": "https:\/\/secure.gravatar.com\/avatar\/eec25b94e6ebf55f0b7933372344cd09.jpg?s=72&d=https%3A%2F%2Fa.slack-edge.com%2Fdf10d%2Fimg%2Favatars%2Fava_0001-72.png",
            "first_name": "Jimmy",
            "real_name": "Jimmy Daly",
            "display_name": "",
            "team": "TJE58GTJL",
            "name": "runjimdaly",
            "is_restricted": false,
            "is_ultra_restricted": false
        },
        "attachments": [
            {
                "from_url": "https:\/\/twitter.com\/jimmy_daly\/status\/1488169957267582981",
                "ts": 1643642341,
                "id": 1,
                "original_url": "https:\/\/twitter.com\/jimmy_daly\/status\/1488169957267582981",
                "fallback": "<https:\/\/twitter.com\/jimmy_daly|@jimmy_daly>: looking to chat with a few freelancers who went back to a 9-5. feel free to respond below or DM.",
                "text": "looking to chat with a few freelancers who went back to a 9-5. feel free to respond below or DM.",
                "author_name": "Jimmy Daly",
                "author_link": "https:\/\/twitter.com\/jimmy_daly\/status\/1488169957267582981",
                "author_icon": "https:\/\/pbs.twimg.com\/profile_images\/378800000503346482\/31eaf18c61c3c1000962e32e7fa652c4_normal.jpeg",
                "author_subname": "@jimmy_daly",
                "service_name": "twitter",
                "service_url": "https:\/\/twitter.com\/",
                "footer": "Twitter",
                "footer_icon": "https:\/\/a.slack-edge.com\/80588\/img\/services\/twitter_pixel_snapped_32.png"
            }
        ],
        "blocks": [
            {
                "type": "rich_text",
                "block_id": "Twn",
                "elements": [
                    {
                        "type": "rich_text_section",
                        "elements": [
                            {
                                "type": "text",
                                "text": "i'm looking for a freelancer to write a post about freelancers moving back to 9-5 roles. (see this tweet for context: "
                            },
                            {
                                "type": "link",
                                "url": "https:\/\/twitter.com\/jimmy_daly\/status\/1488169957267582981"
                            },
                            {
                                "type": "text",
                                "text": ") i'd like for this writer to chat with a few people that responded to the twitter thread, maybe even run an informal survey. 1500ish words and yes this is a paid gig. if you're interested, pls feel out this quick form → "
                            },
                            {
                                "type": "link",
                                "url": "https:\/\/forms.gle\/SW1fYaE76N2PvXCa8"
                            },
                            {
                                "type": "text",
                                "text": " (pls don't DM, my DMs are a mess and i will likely miss it!)"
                            }
                        ]
                    }
                ]
            }
        ],
        "reactions": [
            {
                "name": "+1",
                "users": [
                    "U029WCJDVU0",
                    "UN227ML2H",
                    "U02CVNB3X1T",
                    "U031A2XV9GF",
                    "U02GYR8TM96"
                ],
                "count": 5
            },
            {
                "name": "white_check_mark",
                "users": [
                    "U030Y8U92UW"
                ],
                "count": 1
            }
        ]
    },
    {
        "client_msg_id": "1c97afd3-f381-4c4e-a9fb-9a92c8d818de",
        "type": "message",
        "text": "Freelance writers, what do you love to see in an article brief?",
        "user": "U019P0ADPCH",
        "ts": "1644000753.278659",
        "team": "TJE58GTJL",
        "user_team": "TJE58GTJL",
        "source_team": "TJE58GTJL",
        "user_profile": {
            "avatar_hash": "b26c915e9b23",
            "image_72": "https:\/\/avatars.slack-edge.com\/2021-04-29\/2020593037140_b26c915e9b23e5b0cdbe_72.png",
            "first_name": "Alexandra",
            "real_name": "Alexandra Cote",
            "display_name": "Alexandra Cote",
            "team": "TJE58GTJL",
            "name": "cotealexandra11",
            "is_restricted": false,
            "is_ultra_restricted": false
        },
        "blocks": [
            {
                "type": "rich_text",
                "block_id": "Kt+Ye",
                "elements": [
                    {
                        "type": "rich_text_section",
                        "elements": [
                            {
                                "type": "text",
                                "text": "Freelance writers, what do you love to see in an article brief?"
                            }
                        ]
                    }
                ]
            }
        ],
        "thread_ts": "1644000753.278659",
        "reply_count": 7,
        "reply_users_count": 7,
        "latest_reply": "1644248725.374399",
        "reply_users": [
            "U02RBH2FY6R",
            "U02CVNB3X1T",
            "U0211K6LSM9",
            "U02F3EQ4Z08",
            "U01P13NTGG6",
            "U02KR8EC0TY",
            "U031JEFLBC3"
        ],
        "replies": [
            {
                "user": "U02RBH2FY6R",
                "ts": "1644001264.620989"
            },
            {
                "user": "U02CVNB3X1T",
                "ts": "1644003844.397749"
            },
            {
                "user": "U0211K6LSM9",
                "ts": "1644004608.576769"
            },
            {
                "user": "U02F3EQ4Z08",
                "ts": "1644009371.317879"
            },
            {
                "user": "U01P13NTGG6",
                "ts": "1644024320.223909"
            },
            {
                "user": "U02KR8EC0TY",
                "ts": "1644058203.631929"
            },
            {
                "user": "U031JEFLBC3",
                "ts": "1644248725.374399"
            }
        ],
        "is_locked": false,
        "subscribed": false,
        "reactions": [
            {
                "name": "+1::skin-tone-2",
                "users": [
                    "U031BTQNH1R",
                    "U02VBUQJM8B"
                ],
                "count": 2
            },
            {
                "name": "+1",
                "users": [
                    "U02PRMEAP0V"
                ],
                "count": 1
            }
        ]
    },
    {
        "client_msg_id": "df344d7a-2b8e-4991-8def-30b6f1f1d27c",
        "type": "message",
        "text": "Hey <@U019P0ADPCH>! \n\nAs a freelance writer, I love detailed briefs. \n\nFew things I like seeing in the briefs:\n\n• If the editor has mentioned who is the target audience, what is their goal with the blog post and how to position the brand in the article\n• Examples of content that the brand likes reading and also the bad examples which they would like to avoid\n• If the article needs CTA, is there any specific CTA they use or would want to consistently use.\nHope this helps!",
        "user": "U02RBH2FY6R",
        "ts": "1644001264.620989",
        "team": "TJE58GTJL",
        "user_team": "TJE58GTJL",
        "source_team": "TJE58GTJL",
        "user_profile": {
            "avatar_hash": "062a53a412a9",
            "image_72": "https:\/\/avatars.slack-edge.com\/2021-12-24\/2883308914388_062a53a412a99ed3f8b7_72.jpg",
            "first_name": "Nidhi",
            "real_name": "Nidhi Kala",
            "display_name": "Nidhi Kala",
            "team": "TJE58GTJL",
            "name": "nidhikala04",
            "is_restricted": false,
            "is_ultra_restricted": false
        },
        "blocks": [
            {
                "type": "rich_text",
                "block_id": "EzUBA",
                "elements": [
                    {
                        "type": "rich_text_section",
                        "elements": [
                            {
                                "type": "text",
                                "text": "Hey "
                            },
                            {
                                "type": "user",
                                "user_id": "U019P0ADPCH"
                            },
                            {
                                "type": "text",
                                "text": "! \n\nAs a freelance writer, I love detailed briefs. \n\nFew things I like seeing in the briefs:\n\n"
                            }
                        ]
                    },
                    {
                        "type": "rich_text_list",
                        "elements": [
                            {
                                "type": "rich_text_section",
                                "elements": [
                                    {
                                        "type": "text",
                                        "text": "If the editor has mentioned who is the target audience, what is their goal with the blog post and how to position the brand in the article"
                                    }
                                ]
                            }
                        ],
                        "style": "bullet",
                        "indent": 0,
                        "offset": 0,
                        "border": 0
                    },
                    {
                        "type": "rich_text_section",
                        "elements": [
                            {
                                "type": "text",
                                "text": "\n"
                            }
                        ]
                    },
                    {
                        "type": "rich_text_list",
                        "elements": [
                            {
                                "type": "rich_text_section",
                                "elements": [
                                    {
                                        "type": "text",
                                        "text": "Examples of content that the brand likes reading and also the bad examples which they would like to avoid"
                                    }
                                ]
                            }
                        ],
                        "style": "bullet",
                        "indent": 0,
                        "offset": 0,
                        "border": 0
                    },
                    {
                        "type": "rich_text_section",
                        "elements": [
                            {
                                "type": "text",
                                "text": "\n"
                            }
                        ]
                    },
                    {
                        "type": "rich_text_list",
                        "elements": [
                            {
                                "type": "rich_text_section",
                                "elements": [
                                    {
                                        "type": "text",
                                        "text": "If the article needs CTA, is there any specific CTA they use or would want to consistently use."
                                    }
                                ]
                            }
                        ],
                        "style": "bullet",
                        "indent": 0,
                        "offset": 0,
                        "border": 0
                    },
                    {
                        "type": "rich_text_section",
                        "elements": [
                            {
                                "type": "text",
                                "text": "\nHope this helps!"
                            }
                        ]
                    }
                ]
            }
        ],
        "thread_ts": "1644000753.278659",
        "parent_user_id": "U019P0ADPCH",
        "reactions": [
            {
                "name": "+1",
                "users": [
                    "U02UXNJL79R",
                    "U031H7ZKGBS",
                    "U031ULX8GLQ",
                    "U02L5GTFSGG"
                ],
                "count": 4
            },
            {
                "name": "heavy_plus_sign",
                "users": [
                    "U02PUQ6CQRX",
                    "U02PQ08HCSF"
                ],
                "count": 2
            },
            {
                "name": "pray",
                "users": [
                    "U019P0ADPCH"
                ],
                "count": 1
            }
        ]
    },
    {
        "client_msg_id": "926681d3-db6e-43ae-b322-b46596dadeef",
        "type": "message",
        "text": "A title, a few keywords, and 3-4 suggested H2's. (depending on length) I find that article briefs that are SO intense are way more challenging to wade through\/write. I have more success as a writer when a client provides me with guidance and then I have artistic liberty.  While I do follow a style guide, I love when a client lets me work within the confines of my own writing and build out my own style\/voice for the content. B2B can get so dry - so I love when I get to jazz it up. Jazz-hands-action with some software content writing!",
        "user": "U02CVNB3X1T",
        "ts": "1644003844.397749",
        "team": "TJE58GTJL",
        "user_team": "TJE58GTJL",
        "source_team": "TJE58GTJL",
        "user_profile": {
            "avatar_hash": "a98cd79fc67b",
            "image_72": "https:\/\/avatars.slack-edge.com\/2021-12-28\/2891088304196_a98cd79fc67b29986082_72.png",
            "first_name": "Julie",
            "real_name": "Julie Simpson",
            "display_name": "Julie Simpson",
            "team": "TJE58GTJL",
            "name": "jujuklu",
            "is_restricted": false,
            "is_ultra_restricted": false
        },
        "edited": {
            "user": "U02CVNB3X1T",
            "ts": "1644003895.000000"
        },
        "blocks": [
            {
                "type": "rich_text",
                "block_id": "Mp4w+",
                "elements": [
                    {
                        "type": "rich_text_section",
                        "elements": [
                            {
                                "type": "text",
                                "text": "A title, a few keywords, and 3-4 suggested H2's. (depending on length) I find that article briefs that are SO intense are way more challenging to wade through\/write. I have more success as a writer when a client provides me with guidance and then I have artistic liberty.  While I do follow a style guide, I love when a client lets me work within the confines of my own writing and build out my own style\/voice for the content. B2B can get so dry - so I love when I get to jazz it up. Jazz-hands-action with some software content writing!"
                            }
                        ]
                    }
                ]
            }
        ],
        "thread_ts": "1644000753.278659",
        "parent_user_id": "U019P0ADPCH",
        "reactions": [
            {
                "name": "raised_hands",
                "users": [
                    "UUKNSAKUH"
                ],
                "count": 1
            }
        ]
    },
    {
        "client_msg_id": "75dba19a-a134-4ce5-b5f7-d9b2a0eb8f75",
        "type": "message",
        "text": "Just off the top of my head, I LOVE to see: target keywords; internal pages that the new article should link to; suggested research sources; audience profiles (including whether this article is for top\/mid\/bottom of funnel) or customer personas; for bottom-of-funnel, links to any case studies or customer call recordings that reference this topic (so I can use customer language); and any details about how the article will be distributed (i.e. if it’s intended to be part of a larger campaign, it’s always nice to see what other content may be coming before it and after to avoid repetition and to align messaging across channels). Ideal word count and section headers can be helpful, but I’d rather understand how this piece fits into the larger content strategy for the business than get a prescriptive checklist telling me exactly what it should say.",
        "user": "U0211K6LSM9",
        "ts": "1644004608.576769",
        "team": "TJE58GTJL",
        "user_team": "TJE58GTJL",
        "source_team": "TJE58GTJL",
        "user_profile": {
            "avatar_hash": "17a67a2d4c3f",
            "image_72": "https:\/\/avatars.slack-edge.com\/2021-05-11\/2047708214598_17a67a2d4c3f41527a1b_72.jpg",
            "first_name": "Sara",
            "real_name": "Sara Gates",
            "display_name": "Sara Gates",
            "team": "TJE58GTJL",
            "name": "sara858",
            "is_restricted": false,
            "is_ultra_restricted": false
        },
        "blocks": [
            {
                "type": "rich_text",
                "block_id": "HkGr",
                "elements": [
                    {
                        "type": "rich_text_section",
                        "elements": [
                            {
                                "type": "text",
                                "text": "Just off the top of my head, I LOVE to see: target keywords; internal pages that the new article should link to; suggested research sources; audience profiles (including whether this article is for top\/mid\/bottom of funnel) or customer personas; for bottom-of-funnel, links to any case studies or customer call recordings that reference this topic (so I can use customer language); and any details about how the article will be distributed (i.e. if it’s intended to be part of a larger campaign, it’s always nice to see what other content may be coming before it and after to avoid repetition and to align messaging across channels). Ideal word count and section headers can be helpful, but I’d rather understand how this piece fits into the larger content strategy for the business than get a prescriptive checklist telling me exactly what it should say."
                            }
                        ]
                    }
                ]
            }
        ],
        "thread_ts": "1644000753.278659",
        "parent_user_id": "U019P0ADPCH",
        "reactions": [
            {
                "name": "slightly_smiling_face",
                "users": [
                    "U031B8HB5FB"
                ],
                "count": 1
            }
        ]
    },
    {
        "client_msg_id": "46ba3683-684c-45a5-b23c-f26918064c8e",
        "type": "message",
        "text": "Thank you to everyone who’s DMed me! Poor timing on my part to send that, as my family’s been in COVID quarantine all week due to an exposure and I’m way behind on everything. I will get back to people next week!",
        "user": "U023339GRF0",
        "ts": "1644007223.662259",
        "team": "TJE58GTJL",
        "user_team": "TJE58GTJL",
        "source_team": "TJE58GTJL",
        "user_profile": {
            "avatar_hash": "a7efaebaca87",
            "image_72": "https:\/\/avatars.slack-edge.com\/2021-05-27\/2135776736896_a7efaebaca871aee27ff_72.jpg",
            "first_name": "Natalie",
            "real_name": "Natalie Taylor",
            "display_name": "nat",
            "team": "TJE58GTJL",
            "name": "nataliecstaylor",
            "is_restricted": false,
            "is_ultra_restricted": false
        },
        "blocks": [
            {
                "type": "rich_text",
                "block_id": "MBa",
                "elements": [
                    {
                        "type": "rich_text_section",
                        "elements": [
                            {
                                "type": "text",
                                "text": "Thank you to everyone who’s DMed me! Poor timing on my part to send that, as my family’s been in COVID quarantine all week due to an exposure and I’m way behind on everything. I will get back to people next week!"
                            }
                        ]
                    }
                ]
            }
        ],
        "thread_ts": "1643639627.580429",
        "parent_user_id": "U023339GRF0"
    },
    {
        "client_msg_id": "5b69b8fe-543a-46da-9261-1b5831bda117",
        "type": "message",
        "text": "Contrastingly to the other writers in this thread, I prefer to be left with an open-ended content brief. What I really want to know is the title, what blog site I should find blogs to link back to, and the word count. I don't like to be told the headers, keywords, etc. because it feels more annoying to write for me. I like the freedom to come up with the content myself. Often if I'm given headers it just doesn't flow as smoothly for me as if I could have come up with that all on my own.",
        "user": "U02F3EQ4Z08",
        "ts": "1644009371.317879",
        "team": "TJE58GTJL",
        "user_team": "TJE58GTJL",
        "source_team": "TJE58GTJL",
        "user_profile": {
            "avatar_hash": "3ba4bf1785c5",
            "image_72": "https:\/\/avatars.slack-edge.com\/2021-09-14\/2487080858821_3ba4bf1785c5c6951e5f_72.jpg",
            "first_name": "Katie",
            "real_name": "Katie Palmer",
            "display_name": "Katie Palmer",
            "team": "TJE58GTJL",
            "name": "katiepalmer979",
            "is_restricted": false,
            "is_ultra_restricted": false
        },
        "edited": {
            "user": "U02F3EQ4Z08",
            "ts": "1644009421.000000"
        },
        "blocks": [
            {
                "type": "rich_text",
                "block_id": "ZAfH",
                "elements": [
                    {
                        "type": "rich_text_section",
                        "elements": [
                            {
                                "type": "text",
                                "text": "Contrastingly to the other writers in this thread, I prefer to be left with an open-ended content brief. What I really want to know is the title, what blog site I should find blogs to link back to, and the word count. I don't like to be told the headers, keywords, etc. because it feels more annoying to write for me. I like the freedom to come up with the content myself. Often if I'm given headers it just doesn't flow as smoothly for me as if I could have come up with that all on my own."
                            }
                        ]
                    }
                ]
            }
        ],
        "thread_ts": "1644000753.278659",
        "parent_user_id": "U019P0ADPCH",
        "reactions": [
            {
                "name": "raised_hands",
                "users": [
                    "U02F8L22S04"
                ],
                "count": 1
            }
        ]
    },
    {
        "client_msg_id": "b3c968fc-7888-48b2-94a1-e19877abde52",
        "type": "message",
        "text": "I don’t do a ton of freelance writing these days but still ghostwrite technical  content for some defense contractors and what I like to see is a Loom video with an SME explaining the nuances that you just can’t Google and would have to hop on Sci-Hub and settle down for the weekend to come to grips with.\n\nI imagine anyone writing for the data warehouse\/lake, security, integrations space would probably find that useful too.",
        "user": "U01P13NTGG6",
        "ts": "1644024320.223909",
        "team": "TJE58GTJL",
        "user_team": "TJE58GTJL",
        "source_team": "TJE58GTJL",
        "user_profile": {
            "avatar_hash": "1625b1f12011",
            "image_72": "https:\/\/avatars.slack-edge.com\/2021-02-24\/1775273585607_1625b1f12011f553efc5_72.png",
            "first_name": "Skyler",
            "real_name": "Skyler Reeves",
            "display_name": "Skyler Reeves",
            "team": "TJE58GTJL",
            "name": "skyler",
            "is_restricted": false,
            "is_ultra_restricted": false
        },
        "edited": {
            "user": "U01P13NTGG6",
            "ts": "1644024332.000000"
        },
        "blocks": [
            {
                "type": "rich_text",
                "block_id": "04gK",
                "elements": [
                    {
                        "type": "rich_text_section",
                        "elements": [
                            {
                                "type": "text",
                                "text": "I don’t do a ton of freelance writing these days but still ghostwrite technical  content for some defense contractors and what I like to see is a Loom video with an SME explaining the nuances that you just can’t Google and would have to hop on Sci-Hub and settle down for the weekend to come to grips with.\n\nI imagine anyone writing for the data warehouse\/lake, security, integrations space would probably find that useful too."
                            }
                        ]
                    }
                ]
            }
        ],
        "thread_ts": "1644000753.278659",
        "parent_user_id": "U019P0ADPCH",
        "reactions": [
            {
                "name": "+1",
                "users": [
                    "U02KR8EC0TY",
                    "U02UXNJL79R"
                ],
                "count": 2
            }
        ]
    }
]