[
    {
        "client_msg_id": "39349f8a-a3dd-4f91-a07e-a79964589970",
        "type": "message",
        "text": "Hello <@U038DA137EV> are you in the market for a freelance writer to help your potential content manager with content? I would like to offer my services.",
        "user": "U032FH3TB0C",
        "ts": "1648114219.952359",
        "team": "TJE58GTJL",
        "user_team": "TJE58GTJL",
        "source_team": "TJE58GTJL",
        "user_profile": {
            "avatar_hash": "g5375e01184c",
            "image_72": "https:\/\/secure.gravatar.com\/avatar\/5375e01184cda24cb8f66b728af0345f.jpg?s=72&d=https%3A%2F%2Fa.slack-edge.com%2Fdf10d%2Fimg%2Favatars%2Fava_0023-72.png",
            "first_name": "Nsikak",
            "real_name": "Nsikak Tim",
            "display_name": "",
            "team": "TJE58GTJL",
            "name": "sukitim1663",
            "is_restricted": false,
            "is_ultra_restricted": false
        },
        "blocks": [
            {
                "type": "rich_text",
                "block_id": "lrIvX",
                "elements": [
                    {
                        "type": "rich_text_section",
                        "elements": [
                            {
                                "type": "text",
                                "text": "Hello "
                            },
                            {
                                "type": "user",
                                "user_id": "U038DA137EV"
                            },
                            {
                                "type": "text",
                                "text": " are you in the market for a freelance writer to help your potential content manager with content? I would like to offer my services."
                            }
                        ]
                    }
                ]
            }
        ],
        "thread_ts": "1648050786.737499",
        "parent_user_id": "U038DA137EV"
    },
    {
        "client_msg_id": "c26a84e7-0e6e-4c5d-afaa-7644db7ee9ae",
        "type": "message",
        "text": "Maybe a bit late to the party but I might be a good fit as well. Applied in case you need backup. :+1:",
        "user": "U02C37J4X5K",
        "ts": "1648133993.745439",
        "team": "TJE58GTJL",
        "user_team": "TJE58GTJL",
        "source_team": "TJE58GTJL",
        "user_profile": {
            "avatar_hash": "2a0e0926cbe6",
            "image_72": "https:\/\/avatars.slack-edge.com\/2021-09-20\/2521416259889_2a0e0926cbe6892f403b_72.jpg",
            "first_name": "Suraj",
            "real_name": "Suraj Karakulath",
            "display_name": "Suraj Karakulath",
            "team": "TJE58GTJL",
            "name": "karakulath.suraj",
            "is_restricted": false,
            "is_ultra_restricted": false
        },
        "blocks": [
            {
                "type": "rich_text",
                "block_id": "ZaKE6",
                "elements": [
                    {
                        "type": "rich_text_section",
                        "elements": [
                            {
                                "type": "text",
                                "text": "Maybe a bit late to the party but I might be a good fit as well. Applied in case you need backup. "
                            },
                            {
                                "type": "emoji",
                                "name": "+1"
                            }
                        ]
                    }
                ]
            }
        ],
        "thread_ts": "1647857215.195649",
        "parent_user_id": "U01MW6DPU72"
    },
    {
        "client_msg_id": "6e38bc51-944d-4f96-ab1e-23fd5b7718b9",
        "type": "message",
        "text": "Hey all! My team at Creative Ad-Bundance is looking for an experienced Motion Graphics Designer to join our team. Details below. Send an email to <mailto:kyle@creativeadbundance.com|kyle@creativeadbundance.com> if you're interested.\n\n_About us:_ We’re a Paid Social Ad Creative Agency, that is young, fast-paced, and innovative, working in a variety of different industries.\n\n_What we're looking for:_ A Motion Graphics Designer who is an expert and fast in after effects while having a strong eye for design. You will work closely with our team to design and animate an adbundance of ad creative that drive efficiencies through our clients paid social channels. We love what we do, and we want someone who is positive and open to growth within this industry.\n\n_Type:_ Project to project basis but full-time is a possibility.\n\n_Location:_ Remote",
        "user": "U030W3J5CBT",
        "ts": "1648137892.331359",
        "team": "TJE58GTJL",
        "user_team": "TJE58GTJL",
        "source_team": "TJE58GTJL",
        "user_profile": {
            "avatar_hash": "515899b57cfb",
            "image_72": "https:\/\/avatars.slack-edge.com\/2022-02-04\/3053988273573_515899b57cfb6d73ec40_72.png",
            "first_name": "Amber",
            "real_name": "Amber Macho",
            "display_name": "Amber Macho",
            "team": "TJE58GTJL",
            "name": "amber120",
            "is_restricted": false,
            "is_ultra_restricted": false
        },
        "blocks": [
            {
                "type": "rich_text",
                "block_id": "RWh",
                "elements": [
                    {
                        "type": "rich_text_section",
                        "elements": [
                            {
                                "type": "text",
                                "text": "Hey all! My team at Creative Ad-Bundance is looking for an experienced Motion Graphics Designer to join our team. Details below. Send an email to "
                            },
                            {
                                "type": "link",
                                "url": "mailto:kyle@creativeadbundance.com",
                                "text": "kyle@creativeadbundance.com"
                            },
                            {
                                "type": "text",
                                "text": " if you're interested.\n\n"
                            },
                            {
                                "type": "text",
                                "text": "About us: ",
                                "style": {
                                    "italic": true
                                }
                            },
                            {
                                "type": "text",
                                "text": "We’re a Paid Social Ad Creative Agency, that is young, fast-paced, and innovative, working in a variety of different industries.\n\n"
                            },
                            {
                                "type": "text",
                                "text": "What we're looking for:",
                                "style": {
                                    "italic": true
                                }
                            },
                            {
                                "type": "text",
                                "text": " ",
                                "style": {
                                    "bold": true
                                }
                            },
                            {
                                "type": "text",
                                "text": "A Motion Graphics Designer who is an expert and fast in after effects while having a strong eye for design. You will work closely with our team to design and animate an adbundance of ad creative that drive efficiencies through our clients paid social channels. We love what we do, and we want someone who is positive and open to growth within this industry.\n\n"
                            },
                            {
                                "type": "text",
                                "text": "Type: ",
                                "style": {
                                    "italic": true
                                }
                            },
                            {
                                "type": "text",
                                "text": "Project to project basis but full-time is a possibility.\n\n"
                            },
                            {
                                "type": "text",
                                "text": "Location: ",
                                "style": {
                                    "italic": true
                                }
                            },
                            {
                                "type": "text",
                                "text": "Remote"
                            }
                        ]
                    }
                ]
            }
        ],
        "thread_ts": "1648137892.331359",
        "reply_count": 6,
        "reply_users_count": 4,
        "latest_reply": "1648183993.151919",
        "reply_users": [
            "U01TB1SDD61",
            "U030W3J5CBT",
            "U02HD0L8HAP",
            "U02CUM2LDAN"
        ],
        "replies": [
            {
                "user": "U01TB1SDD61",
                "ts": "1648142291.871729"
            },
            {
                "user": "U030W3J5CBT",
                "ts": "1648142345.752599"
            },
            {
                "user": "U02HD0L8HAP",
                "ts": "1648143365.125009"
            },
            {
                "user": "U01TB1SDD61",
                "ts": "1648143470.727279"
            },
            {
                "user": "U030W3J5CBT",
                "ts": "1648144306.172199"
            },
            {
                "user": "U02CUM2LDAN",
                "ts": "1648183993.151919"
            }
        ],
        "is_locked": false,
        "subscribed": false
    },
    {
        "client_msg_id": "6fa806f0-5719-4fdc-b109-b558ba9c7aac",
        "type": "message",
        "text": "Email is broken.\nAny alternative?",
        "user": "U01TB1SDD61",
        "ts": "1648142291.871729",
        "team": "TJE58GTJL",
        "user_team": "TJE58GTJL",
        "source_team": "TJE58GTJL",
        "user_profile": {
            "avatar_hash": "2da59dbebfcc",
            "image_72": "https:\/\/avatars.slack-edge.com\/2022-01-27\/3018278919268_2da59dbebfccdb6e4267_72.png",
            "first_name": "Rosemary",
            "real_name": "Rosemary Egbo",
            "display_name": "Rosemary Egbo",
            "team": "TJE58GTJL",
            "name": "rosemaryegbo2",
            "is_restricted": false,
            "is_ultra_restricted": false
        },
        "blocks": [
            {
                "type": "rich_text",
                "block_id": "TLVQ",
                "elements": [
                    {
                        "type": "rich_text_section",
                        "elements": [
                            {
                                "type": "text",
                                "text": "Email is broken.\nAny alternative?"
                            }
                        ]
                    }
                ]
            }
        ],
        "thread_ts": "1648137892.331359",
        "parent_user_id": "U030W3J5CBT"
    },
    {
        "client_msg_id": "1D5574D2-7100-4339-A8E7-B1082525CD88",
        "type": "message",
        "text": "What do you mean email is broken? ",
        "user": "U030W3J5CBT",
        "ts": "1648142345.752599",
        "team": "TJE58GTJL",
        "user_team": "TJE58GTJL",
        "source_team": "TJE58GTJL",
        "user_profile": {
            "avatar_hash": "515899b57cfb",
            "image_72": "https:\/\/avatars.slack-edge.com\/2022-02-04\/3053988273573_515899b57cfb6d73ec40_72.png",
            "first_name": "Amber",
            "real_name": "Amber Macho",
            "display_name": "Amber Macho",
            "team": "TJE58GTJL",
            "name": "amber120",
            "is_restricted": false,
            "is_ultra_restricted": false
        },
        "blocks": [
            {
                "type": "rich_text",
                "block_id": "yKT",
                "elements": [
                    {
                        "type": "rich_text_section",
                        "elements": [
                            {
                                "type": "text",
                                "text": "What do you mean email is broken? "
                            }
                        ]
                    }
                ]
            }
        ],
        "thread_ts": "1648137892.331359",
        "parent_user_id": "U030W3J5CBT"
    },
    {
        "client_msg_id": "88f72126-56f3-41e6-8ebf-6592d1356a30",
        "type": "message",
        "text": "<@U02JUM9D18R> this might interest you.",
        "user": "U02HD0L8HAP",
        "ts": "1648143365.125009",
        "team": "TJE58GTJL",
        "user_team": "TJE58GTJL",
        "source_team": "TJE58GTJL",
        "user_profile": {
            "avatar_hash": "675c42a91f65",
            "image_72": "https:\/\/avatars.slack-edge.com\/2022-01-10\/2928364816754_675c42a91f6571f4ac6b_72.jpg",
            "first_name": "Aanchal",
            "real_name": "Aanchal Parmar",
            "display_name": "Aanchal Parmar",
            "team": "TJE58GTJL",
            "name": "aanywrites",
            "is_restricted": false,
            "is_ultra_restricted": false
        },
        "blocks": [
            {
                "type": "rich_text",
                "block_id": "sH9",
                "elements": [
                    {
                        "type": "rich_text_section",
                        "elements": [
                            {
                                "type": "user",
                                "user_id": "U02JUM9D18R"
                            },
                            {
                                "type": "text",
                                "text": " this might interest you."
                            }
                        ]
                    }
                ]
            }
        ],
        "thread_ts": "1648137892.331359",
        "parent_user_id": "U030W3J5CBT"
    },
    {
        "client_msg_id": "105cd26c-84a8-4a18-a9fd-065dc478979a",
        "type": "message",
        "text": "<@U030W3J5CBT> email couldn't deliver.",
        "user": "U01TB1SDD61",
        "ts": "1648143470.727279",
        "team": "TJE58GTJL",
        "user_team": "TJE58GTJL",
        "source_team": "TJE58GTJL",
        "user_profile": {
            "avatar_hash": "2da59dbebfcc",
            "image_72": "https:\/\/avatars.slack-edge.com\/2022-01-27\/3018278919268_2da59dbebfccdb6e4267_72.png",
            "first_name": "Rosemary",
            "real_name": "Rosemary Egbo",
            "display_name": "Rosemary Egbo",
            "team": "TJE58GTJL",
            "name": "rosemaryegbo2",
            "is_restricted": false,
            "is_ultra_restricted": false
        },
        "blocks": [
            {
                "type": "rich_text",
                "block_id": "3xHy",
                "elements": [
                    {
                        "type": "rich_text_section",
                        "elements": [
                            {
                                "type": "user",
                                "user_id": "U030W3J5CBT"
                            },
                            {
                                "type": "text",
                                "text": " email couldn't deliver."
                            }
                        ]
                    }
                ]
            }
        ],
        "thread_ts": "1648137892.331359",
        "parent_user_id": "U030W3J5CBT"
    },
    {
        "client_msg_id": "8A8EA890-3E6D-4AF5-BFFB-1ECC54E3B902",
        "type": "message",
        "text": "<@U01TB1SDD61> Oh no! I just tested it and it worked fine. No worries. Can you DM me your email and resume? I'll connect you directly with Kyle. ",
        "user": "U030W3J5CBT",
        "ts": "1648144306.172199",
        "team": "TJE58GTJL",
        "user_team": "TJE58GTJL",
        "source_team": "TJE58GTJL",
        "user_profile": {
            "avatar_hash": "515899b57cfb",
            "image_72": "https:\/\/avatars.slack-edge.com\/2022-02-04\/3053988273573_515899b57cfb6d73ec40_72.png",
            "first_name": "Amber",
            "real_name": "Amber Macho",
            "display_name": "Amber Macho",
            "team": "TJE58GTJL",
            "name": "amber120",
            "is_restricted": false,
            "is_ultra_restricted": false
        },
        "edited": {
            "user": "U030W3J5CBT",
            "ts": "1648144352.000000"
        },
        "blocks": [
            {
                "type": "rich_text",
                "block_id": "JK0x",
                "elements": [
                    {
                        "type": "rich_text_section",
                        "elements": [
                            {
                                "type": "user",
                                "user_id": "U01TB1SDD61"
                            },
                            {
                                "type": "text",
                                "text": " Oh no! I just tested it and it worked fine. No worries. Can you DM me your email and resume? I'll connect you directly with Kyle. "
                            }
                        ]
                    }
                ]
            }
        ],
        "thread_ts": "1648137892.331359",
        "parent_user_id": "U030W3J5CBT"
    },
    {
        "client_msg_id": "ef23b6da-307b-45eb-b18f-fb207c853baa",
        "type": "message",
        "text": "Any content strategists here with a writing\/marketing background in climate &amp; sustainability? I'm helping to look for someone who'd be interested in helping out on an ongoing Content Strategy project for Columbia Business School. You'd be working directly with CBS's marketing director as well as a committee of faculty members who focus on climate. More details:\n• The goal of the project is to work with faculty to hone a clear CBS message around their work in the climate space (based on faculty research, curricula, alumni successes, etc).\n• This ongoing project will require between roughly 5 and 15 hours per week of your time (hours will fluctuate weekly and can be slightly unpredictable).\n• The goal is to wrap up the project in late April or early May, but my guess is it will extend longer (again, slightly unpredictable).\n• You'd also be working closely with at least two other freelancers who are also working on the project with a focus on different CBS areas; they provide support on the project management piece of the project, and are available for regular check-ins, etc.\n• Rates around $100\/hr; negotiable based on experience.\nIf you're interested, please DM me! And let me know if you have any questions",
        "user": "U025X4V6WQ6",
        "ts": "1648148767.976969",
        "team": "TJE58GTJL",
        "user_team": "TJE58GTJL",
        "source_team": "TJE58GTJL",
        "user_profile": {
            "avatar_hash": "d9bbb4c006f4",
            "image_72": "https:\/\/avatars.slack-edge.com\/2021-06-24\/2208717429459_d9bbb4c006f4926a4972_72.jpg",
            "first_name": "",
            "real_name": "Katie Gilbert",
            "display_name": "Katie Gilbert",
            "team": "TJE58GTJL",
            "name": "katie.elizabeth.gilbe",
            "is_restricted": false,
            "is_ultra_restricted": false
        },
        "blocks": [
            {
                "type": "rich_text",
                "block_id": "lqN",
                "elements": [
                    {
                        "type": "rich_text_section",
                        "elements": [
                            {
                                "type": "text",
                                "text": "Any content strategists here with a writing\/marketing background in climate & sustainability? I'm helping to look for someone who'd be interested in helping out on an ongoing Content Strategy project for Columbia Business School. You'd be working directly with CBS's marketing director as well as a committee of faculty members who focus on climate. More details:\n"
                            }
                        ]
                    },
                    {
                        "type": "rich_text_list",
                        "elements": [
                            {
                                "type": "rich_text_section",
                                "elements": [
                                    {
                                        "type": "text",
                                        "text": "The goal of the project is to work with faculty to hone a clear CBS message around their work in the climate space (based on faculty research, curricula, alumni successes, etc)."
                                    }
                                ]
                            },
                            {
                                "type": "rich_text_section",
                                "elements": [
                                    {
                                        "type": "text",
                                        "text": "This ongoing project will require between roughly 5 and 15 hours per week of your time (hours will fluctuate weekly and can be slightly unpredictable)."
                                    }
                                ]
                            },
                            {
                                "type": "rich_text_section",
                                "elements": [
                                    {
                                        "type": "text",
                                        "text": "The goal is to wrap up the project in late April or early May, but my guess is it will extend longer (again, slightly unpredictable)."
                                    }
                                ]
                            },
                            {
                                "type": "rich_text_section",
                                "elements": [
                                    {
                                        "type": "text",
                                        "text": "You'd also be working closely with at least two other freelancers who are also working on the project with a focus on different CBS areas; they provide support on the project management piece of the project, and are available for regular check-ins, etc."
                                    }
                                ]
                            },
                            {
                                "type": "rich_text_section",
                                "elements": [
                                    {
                                        "type": "text",
                                        "text": "Rates around $100\/hr; negotiable based on experience."
                                    }
                                ]
                            }
                        ],
                        "style": "bullet",
                        "indent": 0,
                        "border": 0
                    },
                    {
                        "type": "rich_text_section",
                        "elements": [
                            {
                                "type": "text",
                                "text": "If you're interested, please DM me! And let me know if you have any questions"
                            }
                        ]
                    }
                ]
            }
        ],
        "thread_ts": "1648148767.976969",
        "reply_count": 3,
        "reply_users_count": 3,
        "latest_reply": "1648196214.203689",
        "reply_users": [
            "U03835GG333",
            "U02MYNWUY07",
            "U0378L0NB9S"
        ],
        "replies": [
            {
                "user": "U03835GG333",
                "ts": "1648149560.141579"
            },
            {
                "user": "U02MYNWUY07",
                "ts": "1648156968.271089"
            },
            {
                "user": "U0378L0NB9S",
                "ts": "1648196214.203689"
            }
        ],
        "is_locked": false,
        "subscribed": false,
        "reactions": [
            {
                "name": "eyes",
                "users": [
                    "U03835GG333",
                    "U02MYNWUY07",
                    "U02F1GK6U6B",
                    "U02S2UZU3D3",
                    "U01PXN2LGAK",
                    "U037X7XJ85D"
                ],
                "count": 6
            },
            {
                "name": "heart",
                "users": [
                    "U02CUMQBP9R"
                ],
                "count": 1
            }
        ]
    },
    {
        "client_msg_id": "f001dc5d-5ada-447e-9ede-7cfdb653b39e",
        "type": "message",
        "text": "DM’ing you <@U025X4V6WQ6>",
        "user": "U03835GG333",
        "ts": "1648149560.141579",
        "team": "TJE58GTJL",
        "user_team": "TJE58GTJL",
        "source_team": "TJE58GTJL",
        "user_profile": {
            "avatar_hash": "76dbb18bc676",
            "image_72": "https:\/\/avatars.slack-edge.com\/2022-03-18\/3256415950214_76dbb18bc6769e151ccb_72.jpg",
            "first_name": "Liza",
            "real_name": "Liza Moiseeva",
            "display_name": "Liza Moiseeva",
            "team": "TJE58GTJL",
            "name": "emois001",
            "is_restricted": false,
            "is_ultra_restricted": false
        },
        "blocks": [
            {
                "type": "rich_text",
                "block_id": "zKUW3",
                "elements": [
                    {
                        "type": "rich_text_section",
                        "elements": [
                            {
                                "type": "text",
                                "text": "DM’ing you "
                            },
                            {
                                "type": "user",
                                "user_id": "U025X4V6WQ6"
                            }
                        ]
                    }
                ]
            }
        ],
        "thread_ts": "1648148767.976969",
        "parent_user_id": "U025X4V6WQ6"
    },
    {
        "client_msg_id": "c86439ae-0b99-4a87-aa8a-08a468596e1b",
        "type": "message",
        "text": "Hi, <@U02CVNB3X1T>, longtime journalist and newbie freelancer sending an email your way.",
        "user": "U0340N9HSLT",
        "ts": "1648153575.190859",
        "team": "TJE58GTJL",
        "user_team": "TJE58GTJL",
        "source_team": "TJE58GTJL",
        "user_profile": {
            "avatar_hash": "95406d6531e5",
            "image_72": "https:\/\/avatars.slack-edge.com\/2022-02-21\/3130198661222_95406d6531e5b0cb389c_72.jpg",
            "first_name": "Jaci",
            "real_name": "Jaci Smith",
            "display_name": "Jaci Smith",
            "team": "TJE58GTJL",
            "name": "jaci.smith",
            "is_restricted": false,
            "is_ultra_restricted": false
        },
        "blocks": [
            {
                "type": "rich_text",
                "block_id": "A2Bj",
                "elements": [
                    {
                        "type": "rich_text_section",
                        "elements": [
                            {
                                "type": "text",
                                "text": "Hi, "
                            },
                            {
                                "type": "user",
                                "user_id": "U02CVNB3X1T"
                            },
                            {
                                "type": "text",
                                "text": ", longtime journalist and newbie freelancer sending an email your way."
                            }
                        ]
                    }
                ]
            }
        ],
        "thread_ts": "1648042614.355009",
        "parent_user_id": "U02CVNB3X1T"
    },
    {
        "client_msg_id": "2a60b3f2-f886-4b45-a5ff-9d9275293980",
        "type": "message",
        "text": "Hi colleagues,",
        "user": "U0340N9HSLT",
        "ts": "1648153884.850499",
        "team": "TJE58GTJL",
        "user_team": "TJE58GTJL",
        "source_team": "TJE58GTJL",
        "user_profile": {
            "avatar_hash": "95406d6531e5",
            "image_72": "https:\/\/avatars.slack-edge.com\/2022-02-21\/3130198661222_95406d6531e5b0cb389c_72.jpg",
            "first_name": "Jaci",
            "real_name": "Jaci Smith",
            "display_name": "Jaci Smith",
            "team": "TJE58GTJL",
            "name": "jaci.smith",
            "is_restricted": false,
            "is_ultra_restricted": false
        },
        "blocks": [
            {
                "type": "rich_text",
                "block_id": "N+eCF",
                "elements": [
                    {
                        "type": "rich_text_section",
                        "elements": [
                            {
                                "type": "text",
                                "text": "Hi colleagues,"
                            }
                        ]
                    }
                ]
            }
        ]
    },
    {
        "client_msg_id": "3744eb76-0019-47e9-9ea9-e9dba1bbc848",
        "type": "message",
        "text": "I have been using Upwork lately and I've noticed that the pay for projects is really, really low. I've been giving the thumbs down to just about every job that pops up. Is there something I need to do to see the better paying gigs or is this just the best that Upwork has? Example: I saw a job listing for 250 social media posts wanted in 1 month for $300. That's seems a little on the low end to me.",
        "user": "U0340N9HSLT",
        "ts": "1648154020.766469",
        "team": "TJE58GTJL",
        "user_team": "TJE58GTJL",
        "source_team": "TJE58GTJL",
        "user_profile": {
            "avatar_hash": "95406d6531e5",
            "image_72": "https:\/\/avatars.slack-edge.com\/2022-02-21\/3130198661222_95406d6531e5b0cb389c_72.jpg",
            "first_name": "Jaci",
            "real_name": "Jaci Smith",
            "display_name": "Jaci Smith",
            "team": "TJE58GTJL",
            "name": "jaci.smith",
            "is_restricted": false,
            "is_ultra_restricted": false
        },
        "edited": {
            "user": "U0340N9HSLT",
            "ts": "1648154052.000000"
        },
        "blocks": [
            {
                "type": "rich_text",
                "block_id": "N7Rre",
                "elements": [
                    {
                        "type": "rich_text_section",
                        "elements": [
                            {
                                "type": "text",
                                "text": "I have been using Upwork lately and I've noticed that the pay for projects is really, really low. I've been giving the thumbs down to just about every job that pops up. Is there something I need to do to see the better paying gigs or is this just the best that Upwork has? Example: I saw a job listing for 250 social media posts wanted in 1 month for $300. That's seems a little on the low end to me."
                            }
                        ]
                    }
                ]
            }
        ],
        "thread_ts": "1648154020.766469",
        "reply_count": 11,
        "reply_users_count": 8,
        "latest_reply": "1649335347.745749",
        "reply_users": [
            "URAV154AV",
            "UJJFDTN8G",
            "U0340N9HSLT",
            "U024BJMQGD6",
            "U034NCQDL4C",
            "U02SQ5Q4SCS",
            "U02UNK9DJSZ",
            "U02CRLUAWNR"
        ],
        "replies": [
            {
                "user": "URAV154AV",
                "ts": "1648154431.447969"
            },
            {
                "user": "UJJFDTN8G",
                "ts": "1648154525.676189"
            },
            {
                "user": "U0340N9HSLT",
                "ts": "1648154565.452969"
            },
            {
                "user": "UJJFDTN8G",
                "ts": "1648154642.203289"
            },
            {
                "user": "URAV154AV",
                "ts": "1648154675.384669"
            },
            {
                "user": "U024BJMQGD6",
                "ts": "1648206794.024009"
            },
            {
                "user": "U034NCQDL4C",
                "ts": "1648222241.038249"
            },
            {
                "user": "U02SQ5Q4SCS",
                "ts": "1648571718.624159"
            },
            {
                "user": "U0340N9HSLT",
                "ts": "1648573491.056089"
            },
            {
                "user": "U02UNK9DJSZ",
                "ts": "1649146646.038389"
            },
            {
                "user": "U02CRLUAWNR",
                "ts": "1649335347.745749"
            }
        ],
        "is_locked": false,
        "subscribed": false
    },
    {
        "client_msg_id": "cf39ed02-db71-42f4-b3c9-968664c7dd20",
        "type": "message",
        "text": "Pretty much anyone using Upwork to find writers is expecting to pay extremely low rates, particularly by using it to access overseas talent",
        "user": "URAV154AV",
        "ts": "1648154431.447969",
        "team": "TJE58GTJL",
        "user_team": "TJE58GTJL",
        "source_team": "TJE58GTJL",
        "user_profile": {
            "avatar_hash": "82eece4f99ca",
            "image_72": "https:\/\/avatars.slack-edge.com\/2019-12-12\/871274952613_82eece4f99caf7981b42_72.jpg",
            "first_name": "Cassandra",
            "real_name": "Cassandra Jowett",
            "display_name": "Cassandra Jowett",
            "team": "TJE58GTJL",
            "name": "cassandrajowett",
            "is_restricted": false,
            "is_ultra_restricted": false
        },
        "blocks": [
            {
                "type": "rich_text",
                "block_id": "xKVsa",
                "elements": [
                    {
                        "type": "rich_text_section",
                        "elements": [
                            {
                                "type": "text",
                                "text": "Pretty much anyone using Upwork to find writers is expecting to pay extremely low rates, particularly by using it to access overseas talent"
                            }
                        ]
                    }
                ]
            }
        ],
        "thread_ts": "1648154020.766469",
        "parent_user_id": "U0340N9HSLT",
        "reactions": [
            {
                "name": "+1",
                "users": [
                    "UJJFDTN8G",
                    "U0380MMNCMA",
                    "U0320BS53RQ",
                    "U02D1E37FL5",
                    "U02NADUBXSR",
                    "U030VMS2T4M",
                    "U039SG2UQHX",
                    "U034H601T7X"
                ],
                "count": 8
            },
            {
                "name": "+1::skin-tone-4",
                "users": [
                    "U01L7S9CVNG"
                ],
                "count": 1
            }
        ]
    },
    {
        "client_msg_id": "45259695-10D9-407B-8F72-186995F018E8",
        "type": "message",
        "text": "Echo Cassandra. Get outta there, market yourself, open the door to better paid gigs :raised_hands::skin-tone-2:",
        "user": "UJJFDTN8G",
        "ts": "1648154525.676189",
        "team": "TJE58GTJL",
        "user_team": "TJE58GTJL",
        "source_team": "TJE58GTJL",
        "user_profile": {
            "avatar_hash": "gd91d89ae152",
            "image_72": "https:\/\/secure.gravatar.com\/avatar\/86d91d89ae1528e747f4a586668d5d87.jpg?s=72&d=https%3A%2F%2Fa.slack-edge.com%2Fdf10d%2Fimg%2Favatars%2Fava_0013-72.png",
            "first_name": "Dominic",
            "real_name": "Dominic Kent",
            "display_name": "Dom Kent",
            "team": "TJE58GTJL",
            "name": "dominic",
            "is_restricted": false,
            "is_ultra_restricted": false
        },
        "blocks": [
            {
                "type": "rich_text",
                "block_id": "=hJ",
                "elements": [
                    {
                        "type": "rich_text_section",
                        "elements": [
                            {
                                "type": "text",
                                "text": "Echo Cassandra. Get outta there, market yourself, open the door to better paid gigs "
                            },
                            {
                                "type": "emoji",
                                "name": "raised_hands",
                                "skin_tone": 2
                            }
                        ]
                    }
                ]
            }
        ],
        "thread_ts": "1648154020.766469",
        "parent_user_id": "U0340N9HSLT"
    },
    {
        "client_msg_id": "a5aa92f9-3a7f-4058-8b84-2bc21cd03af5",
        "type": "message",
        "text": "Thanks, <@URAV154AV> and <@UJJFDTN8G>. I was told it was a good place to start, but just using my own network of contacts I've picked up much better paying work. I won't waste more time on there. :)",
        "user": "U0340N9HSLT",
        "ts": "1648154565.452969",
        "team": "TJE58GTJL",
        "user_team": "TJE58GTJL",
        "source_team": "TJE58GTJL",
        "user_profile": {
            "avatar_hash": "95406d6531e5",
            "image_72": "https:\/\/avatars.slack-edge.com\/2022-02-21\/3130198661222_95406d6531e5b0cb389c_72.jpg",
            "first_name": "Jaci",
            "real_name": "Jaci Smith",
            "display_name": "Jaci Smith",
            "team": "TJE58GTJL",
            "name": "jaci.smith",
            "is_restricted": false,
            "is_ultra_restricted": false
        },
        "blocks": [
            {
                "type": "rich_text",
                "block_id": "2Q4F",
                "elements": [
                    {
                        "type": "rich_text_section",
                        "elements": [
                            {
                                "type": "text",
                                "text": "Thanks, "
                            },
                            {
                                "type": "user",
                                "user_id": "URAV154AV"
                            },
                            {
                                "type": "text",
                                "text": " and "
                            },
                            {
                                "type": "user",
                                "user_id": "UJJFDTN8G"
                            },
                            {
                                "type": "text",
                                "text": ". I was told it was a good place to start, but just using my own network of contacts I've picked up much better paying work. I won't waste more time on there. :)"
                            }
                        ]
                    }
                ]
            }
        ],
        "thread_ts": "1648154020.766469",
        "parent_user_id": "U0340N9HSLT",
        "reactions": [
            {
                "name": "+1",
                "users": [
                    "UJJFDTN8G",
                    "U0211K6LSM9",
                    "U02F1GK6U6B",
                    "U02D1E37FL5",
                    "U02PRMEAP0V",
                    "U02NADUBXSR",
                    "U039SG2UQHX",
                    "U034H601T7X"
                ],
                "count": 8
            },
            {
                "name": "heart",
                "users": [
                    "U03AVHF6PGE"
                ],
                "count": 1
            }
        ]
    },
    {
        "client_msg_id": "34A76130-FA69-4C9D-8A6E-225FBEB198C7",
        "type": "message",
        "text": "Always okay to use as a back up I guess. But establishing a niche and building a personal brand will almost always pays out in the long run. ",
        "user": "UJJFDTN8G",
        "ts": "1648154642.203289",
        "team": "TJE58GTJL",
        "user_team": "TJE58GTJL",
        "source_team": "TJE58GTJL",
        "user_profile": {
            "avatar_hash": "gd91d89ae152",
            "image_72": "https:\/\/secure.gravatar.com\/avatar\/86d91d89ae1528e747f4a586668d5d87.jpg?s=72&d=https%3A%2F%2Fa.slack-edge.com%2Fdf10d%2Fimg%2Favatars%2Fava_0013-72.png",
            "first_name": "Dominic",
            "real_name": "Dominic Kent",
            "display_name": "Dom Kent",
            "team": "TJE58GTJL",
            "name": "dominic",
            "is_restricted": false,
            "is_ultra_restricted": false
        },
        "blocks": [
            {
                "type": "rich_text",
                "block_id": "5Rrq",
                "elements": [
                    {
                        "type": "rich_text_section",
                        "elements": [
                            {
                                "type": "text",
                                "text": "Always okay to use as a back up I guess. But establishing a niche and building a personal brand will almost always pays out in the long run. "
                            }
                        ]
                    }
                ]
            }
        ],
        "thread_ts": "1648154020.766469",
        "parent_user_id": "U0340N9HSLT",
        "reactions": [
            {
                "name": "+1",
                "users": [
                    "U025VFYU4AC",
                    "U02PRMEAP0V"
                ],
                "count": 2
            }
        ]
    },
    {
        "client_msg_id": "d8118480-7d0b-4068-a681-62cfe1f3bd4d",
        "type": "message",
        "text": "That's frustrating! Yeah it's definitely Upwork, not you using it wrong.",
        "user": "URAV154AV",
        "ts": "1648154675.384669",
        "team": "TJE58GTJL",
        "user_team": "TJE58GTJL",
        "source_team": "TJE58GTJL",
        "user_profile": {
            "avatar_hash": "82eece4f99ca",
            "image_72": "https:\/\/avatars.slack-edge.com\/2019-12-12\/871274952613_82eece4f99caf7981b42_72.jpg",
            "first_name": "Cassandra",
            "real_name": "Cassandra Jowett",
            "display_name": "Cassandra Jowett",
            "team": "TJE58GTJL",
            "name": "cassandrajowett",
            "is_restricted": false,
            "is_ultra_restricted": false
        },
        "blocks": [
            {
                "type": "rich_text",
                "block_id": "Q0D",
                "elements": [
                    {
                        "type": "rich_text_section",
                        "elements": [
                            {
                                "type": "text",
                                "text": "That's frustrating! Yeah it's definitely Upwork, not you using it wrong."
                            }
                        ]
                    }
                ]
            }
        ],
        "thread_ts": "1648154020.766469",
        "parent_user_id": "U0340N9HSLT"
    },
    {
        "client_msg_id": "E0662578-486C-4193-8E79-5CF3C264C484",
        "type": "message",
        "text": "Just dropping a DM",
        "user": "U02MYNWUY07",
        "ts": "1648156968.271089",
        "team": "TJE58GTJL",
        "user_team": "TJE58GTJL",
        "source_team": "TJE58GTJL",
        "user_profile": {
            "avatar_hash": "97d060ffa1e3",
            "image_72": "https:\/\/avatars.slack-edge.com\/2021-11-24\/2760700896917_97d060ffa1e3300aafe2_72.png",
            "first_name": "Purvi",
            "real_name": "Purvi Kalra",
            "display_name": "Purvi Kalra",
            "team": "TJE58GTJL",
            "name": "purkalra41",
            "is_restricted": false,
            "is_ultra_restricted": false
        },
        "blocks": [
            {
                "type": "rich_text",
                "block_id": "ujA",
                "elements": [
                    {
                        "type": "rich_text_section",
                        "elements": [
                            {
                                "type": "text",
                                "text": "Just dropping a DM"
                            }
                        ]
                    }
                ]
            }
        ],
        "thread_ts": "1648148767.976969",
        "parent_user_id": "U025X4V6WQ6"
    },
    {
        "client_msg_id": "cc89eaea-84f7-4bb9-a184-59d13870c5b3",
        "type": "message",
        "text": "This is exactly what our agency does.  We have a number of writers we use to write and develop many types of deliverables. Let me know if you are interested in discussing further. <http:\/\/www.porterconsulting.net|www.porterconsulting.net>",
        "user": "U02RW8SM9QU",
        "ts": "1648179777.234299",
        "team": "TJE58GTJL",
        "user_team": "TJE58GTJL",
        "source_team": "TJE58GTJL",
        "user_profile": {
            "avatar_hash": "f698975d9910",
            "image_72": "https:\/\/avatars.slack-edge.com\/2021-12-31\/2882801523671_f698975d991098dfb548_72.png",
            "first_name": "Brad",
            "real_name": "Brad Porter",
            "display_name": "Brad Porter",
            "team": "TJE58GTJL",
            "name": "brad791",
            "is_restricted": false,
            "is_ultra_restricted": false
        },
        "blocks": [
            {
                "type": "rich_text",
                "block_id": "YJvJ",
                "elements": [
                    {
                        "type": "rich_text_section",
                        "elements": [
                            {
                                "type": "text",
                                "text": "This is exactly what our agency does.  We have a number of writers we use to write and develop many types of deliverables. Let me know if you are interested in discussing further. "
                            },
                            {
                                "type": "link",
                                "url": "http:\/\/www.porterconsulting.net",
                                "text": "www.porterconsulting.net"
                            }
                        ]
                    }
                ]
            }
        ],
        "thread_ts": "1648042614.355009",
        "parent_user_id": "U02CVNB3X1T"
    },
    {
        "client_msg_id": "b5b29927-5542-4676-8d08-6f8f8585a60c",
        "type": "message",
        "text": "This is something we do for several Fortune 1000 companies. Let me know if you are interested in exploring further.  <http:\/\/www.porterconsulting.net|www.porterconsulting.net>",
        "user": "U02RW8SM9QU",
        "ts": "1648179849.634159",
        "team": "TJE58GTJL",
        "user_team": "TJE58GTJL",
        "source_team": "TJE58GTJL",
        "user_profile": {
            "avatar_hash": "f698975d9910",
            "image_72": "https:\/\/avatars.slack-edge.com\/2021-12-31\/2882801523671_f698975d991098dfb548_72.png",
            "first_name": "Brad",
            "real_name": "Brad Porter",
            "display_name": "Brad Porter",
            "team": "TJE58GTJL",
            "name": "brad791",
            "is_restricted": false,
            "is_ultra_restricted": false
        },
        "blocks": [
            {
                "type": "rich_text",
                "block_id": "X93b",
                "elements": [
                    {
                        "type": "rich_text_section",
                        "elements": [
                            {
                                "type": "text",
                                "text": "This is something we do for several Fortune 1000 companies. Let me know if you are interested in exploring further.  "
                            },
                            {
                                "type": "link",
                                "url": "http:\/\/www.porterconsulting.net",
                                "text": "www.porterconsulting.net"
                            }
                        ]
                    }
                ]
            }
        ],
        "thread_ts": "1648050786.737499",
        "parent_user_id": "U038DA137EV"
    },
    {
        "client_msg_id": "6ccdf78f-8f93-4a19-8fbe-80cb360979ad",
        "type": "message",
        "text": "Hi <@U030W3J5CBT> I sent an email",
        "user": "U02CUM2LDAN",
        "ts": "1648183993.151919",
        "team": "TJE58GTJL",
        "user_team": "TJE58GTJL",
        "source_team": "TJE58GTJL",
        "user_profile": {
            "avatar_hash": "458609281ce7",
            "image_72": "https:\/\/avatars.slack-edge.com\/2021-09-17\/2505725073522_458609281ce79c30fb91_72.jpg",
            "first_name": "Faith",
            "real_name": "Faith Ekanem",
            "display_name": "Faith Ekanem",
            "team": "TJE58GTJL",
            "name": "faithbibok",
            "is_restricted": false,
            "is_ultra_restricted": false
        },
        "blocks": [
            {
                "type": "rich_text",
                "block_id": "I8cON",
                "elements": [
                    {
                        "type": "rich_text_section",
                        "elements": [
                            {
                                "type": "text",
                                "text": "Hi "
                            },
                            {
                                "type": "user",
                                "user_id": "U030W3J5CBT"
                            },
                            {
                                "type": "text",
                                "text": " I sent an email"
                            }
                        ]
                    }
                ]
            }
        ],
        "thread_ts": "1648137892.331359",
        "parent_user_id": "U030W3J5CBT",
        "reactions": [
            {
                "name": "+1",
                "users": [
                    "U030W3J5CBT"
                ],
                "count": 1
            }
        ]
    }
]