[
    {
        "client_msg_id": "26c9d53d-a606-4421-b3ce-b8352289440c",
        "type": "message",
        "text": "Hi <@U031DQX4UJU> I sent a DM",
        "user": "U02CUM2LDAN",
        "ts": "1643876612.047969",
        "team": "TJE58GTJL",
        "user_team": "TJE58GTJL",
        "source_team": "TJE58GTJL",
        "user_profile": {
            "avatar_hash": "458609281ce7",
            "image_72": "https:\/\/avatars.slack-edge.com\/2021-09-17\/2505725073522_458609281ce79c30fb91_72.jpg",
            "first_name": "Faith",
            "real_name": "Faith Ekanem",
            "display_name": "Faith Ekanem",
            "team": "TJE58GTJL",
            "name": "faithbibok",
            "is_restricted": false,
            "is_ultra_restricted": false
        },
        "blocks": [
            {
                "type": "rich_text",
                "block_id": "sAk",
                "elements": [
                    {
                        "type": "rich_text_section",
                        "elements": [
                            {
                                "type": "text",
                                "text": "Hi "
                            },
                            {
                                "type": "user",
                                "user_id": "U031DQX4UJU"
                            },
                            {
                                "type": "text",
                                "text": " I sent a DM"
                            }
                        ]
                    }
                ]
            }
        ],
        "thread_ts": "1643640611.496739",
        "parent_user_id": "U031DQX4UJU"
    },
    {
        "client_msg_id": "264c0154-e8e6-4d84-8033-8a45bf3a0425",
        "type": "message",
        "text": "Hi Halli! I'm sure you filled this position already but I realized we never connected! Here's my LI: <http:\/\/www.linkedin.com\/in\/amhoyer|www.linkedin.com\/in\/amhoyer>",
        "user": "U02S2UZU3D3",
        "ts": "1643912980.128369",
        "team": "TJE58GTJL",
        "user_team": "TJE58GTJL",
        "source_team": "TJE58GTJL",
        "user_profile": {
            "avatar_hash": "a8ea5d586528",
            "image_72": "https:\/\/avatars.slack-edge.com\/2021-12-28\/2914047553904_a8ea5d5865287bb07a74_72.jpg",
            "first_name": "Amanda",
            "real_name": "Amanda Hoyer",
            "display_name": "Amanda Hoyer",
            "team": "TJE58GTJL",
            "name": "amandahoyer2",
            "is_restricted": false,
            "is_ultra_restricted": false
        },
        "blocks": [
            {
                "type": "rich_text",
                "block_id": "rzD6a",
                "elements": [
                    {
                        "type": "rich_text_section",
                        "elements": [
                            {
                                "type": "text",
                                "text": "Hi Halli! I'm sure you filled this position already but I realized we never connected! Here's my LI: "
                            },
                            {
                                "type": "link",
                                "url": "http:\/\/www.linkedin.com\/in\/amhoyer",
                                "text": "www.linkedin.com\/in\/amhoyer"
                            }
                        ]
                    }
                ]
            }
        ],
        "thread_ts": "1642606663.133600",
        "parent_user_id": "U02CJS8JM09"
    },
    {
        "client_msg_id": "e96b3e29-846a-41c8-a07a-4ec36f83f580",
        "type": "message",
        "text": "Hello Nat! I can help you, as I'm professional writer with strong experience..",
        "user": "U030AQ2HNA2",
        "ts": "1643926803.633709",
        "team": "TJE58GTJL",
        "user_team": "TJE58GTJL",
        "source_team": "TJE58GTJL",
        "user_profile": {
            "avatar_hash": "56e7672c214e",
            "image_72": "https:\/\/avatars.slack-edge.com\/2022-01-28\/3042385168816_56e7672c214e9ec57265_72.jpg",
            "first_name": "Momal",
            "real_name": "Momal Tahir Sheikh",
            "display_name": "Momal Tahir Sheikh",
            "team": "TJE58GTJL",
            "name": "momalsheikh1234",
            "is_restricted": false,
            "is_ultra_restricted": false
        },
        "blocks": [
            {
                "type": "rich_text",
                "block_id": "dKR",
                "elements": [
                    {
                        "type": "rich_text_section",
                        "elements": [
                            {
                                "type": "text",
                                "text": "Hello Nat! I can help you, as I'm professional writer with strong experience.."
                            }
                        ]
                    }
                ]
            }
        ],
        "thread_ts": "1643639627.580429",
        "parent_user_id": "U023339GRF0"
    },
    {
        "client_msg_id": "B0BEF649-C237-4782-9C22-221323740FCB",
        "type": "message",
        "text": "Hey, everyone. We've got what we need. Consider this post closed. I'll try to respond to everyone but it will take a few days.",
        "user": "U0162CX5SH1",
        "ts": "1643934968.009719",
        "team": "TJE58GTJL",
        "user_team": "TJE58GTJL",
        "source_team": "TJE58GTJL",
        "user_profile": {
            "avatar_hash": "926d01f60259",
            "image_72": "https:\/\/avatars.slack-edge.com\/2020-06-26\/1193124277575_926d01f60259882ef601_72.jpg",
            "first_name": "Kate",
            "real_name": "Kate Cooper",
            "display_name": "Kate Cooper",
            "team": "TJE58GTJL",
            "name": "kate",
            "is_restricted": false,
            "is_ultra_restricted": false
        },
        "blocks": [
            {
                "type": "rich_text",
                "block_id": "GBf",
                "elements": [
                    {
                        "type": "rich_text_section",
                        "elements": [
                            {
                                "type": "text",
                                "text": "Hey, everyone. We've got what we need. Consider this post closed. I'll try to respond to everyone but it will take a few days."
                            }
                        ]
                    }
                ]
            }
        ],
        "thread_ts": "1643399074.860709",
        "parent_user_id": "U0162CX5SH1",
        "reactions": [
            {
                "name": "+1",
                "users": [
                    "U027KKWUY12"
                ],
                "count": 1
            }
        ]
    },
    {
        "client_msg_id": "36259228-01b8-4a79-898a-5ef21aa4aca5",
        "type": "message",
        "text": "The Content Technologist, a newsletter I'm not associated with but subscribe to, put out a call for freelance content people of all types:\n\n<https:\/\/content-technologist.typeform.com\/freelancer22>",
        "user": "U02SMBRHL6A",
        "ts": "1643943610.270759",
        "team": "TJE58GTJL",
        "user_team": "TJE58GTJL",
        "source_team": "TJE58GTJL",
        "user_profile": {
            "avatar_hash": "c2d06a19ca6a",
            "image_72": "https:\/\/avatars.slack-edge.com\/2022-01-05\/2899370088055_c2d06a19ca6ae5265699_72.jpg",
            "first_name": "Jakub",
            "real_name": "Jakub Rudnik",
            "display_name": "Jakub Rudnik",
            "team": "TJE58GTJL",
            "name": "jakub",
            "is_restricted": false,
            "is_ultra_restricted": false
        },
        "attachments": [
            {
                "from_url": "https:\/\/content-technologist.typeform.com\/freelancer22",
                "image_url": "https:\/\/images.typeform.com\/images\/FYUps4mFKPYK\/image\/default",
                "image_width": 476,
                "image_height": 250,
                "image_bytes": 39631,
                "service_icon": "https:\/\/content-technologist.typeform.com\/favicon.ico",
                "id": 1,
                "original_url": "https:\/\/content-technologist.typeform.com\/freelancer22",
                "fallback": "Content Technologist freelancer interest form",
                "text": "Turn data collection into an experience with Typeform. Create beautiful online forms, surveys, quizzes, and so much more. Try it for FREE.",
                "title": "Content Technologist freelancer interest form",
                "title_link": "https:\/\/content-technologist.typeform.com\/freelancer22",
                "service_name": "content-technologist.typeform.com"
            }
        ],
        "blocks": [
            {
                "type": "rich_text",
                "block_id": "8qel",
                "elements": [
                    {
                        "type": "rich_text_section",
                        "elements": [
                            {
                                "type": "text",
                                "text": "The Content Technologist, a newsletter I'm not associated with but subscribe to, put out a call for freelance content people of all types:\n\n"
                            },
                            {
                                "type": "link",
                                "url": "https:\/\/content-technologist.typeform.com\/freelancer22"
                            }
                        ]
                    }
                ]
            }
        ],
        "thread_ts": "1643943610.270759",
        "reply_count": 1,
        "reply_users_count": 1,
        "latest_reply": "1643943617.717759",
        "reply_users": [
            "U02SMBRHL6A"
        ],
        "replies": [
            {
                "user": "U02SMBRHL6A",
                "ts": "1643943617.717759"
            }
        ],
        "is_locked": false,
        "subscribed": false,
        "reactions": [
            {
                "name": "blue_heart",
                "users": [
                    "U02B60S6FBM",
                    "U01J84U3SQ6"
                ],
                "count": 2
            }
        ]
    },
    {
        "client_msg_id": "122fe9de-256a-444f-8bbd-619f2925f257",
        "type": "message",
        "text": "<https:\/\/www.content-technologist.com\/>",
        "user": "U02SMBRHL6A",
        "ts": "1643943617.717759",
        "team": "TJE58GTJL",
        "user_team": "TJE58GTJL",
        "source_team": "TJE58GTJL",
        "user_profile": {
            "avatar_hash": "c2d06a19ca6a",
            "image_72": "https:\/\/avatars.slack-edge.com\/2022-01-05\/2899370088055_c2d06a19ca6ae5265699_72.jpg",
            "first_name": "Jakub",
            "real_name": "Jakub Rudnik",
            "display_name": "Jakub Rudnik",
            "team": "TJE58GTJL",
            "name": "jakub",
            "is_restricted": false,
            "is_ultra_restricted": false
        },
        "attachments": [
            {
                "from_url": "https:\/\/www.content-technologist.com\/",
                "service_icon": "https:\/\/www.content-technologist.com\/favicon.png",
                "id": 1,
                "original_url": "https:\/\/www.content-technologist.com\/",
                "fallback": "The Content Technologist",
                "text": "Martech and content publishing software reviews, writings on creative tech (media, SEO, UX, social) and digital strategy consulting. By Deborah Carver.",
                "title": "The Content Technologist",
                "title_link": "https:\/\/www.content-technologist.com\/",
                "service_name": "content-technologist.com"
            }
        ],
        "blocks": [
            {
                "type": "rich_text",
                "block_id": "Zwo",
                "elements": [
                    {
                        "type": "rich_text_section",
                        "elements": [
                            {
                                "type": "link",
                                "url": "https:\/\/www.content-technologist.com\/"
                            }
                        ]
                    }
                ]
            }
        ],
        "thread_ts": "1643943610.270759",
        "parent_user_id": "U02SMBRHL6A"
    },
    {
        "client_msg_id": "6f42aa84-8628-4df5-9f7c-58e0704eafdb",
        "type": "message",
        "text": "Thank you. <@U0162CX5SH1>",
        "user": "U02HWBZS9QC",
        "ts": "1643946922.807519",
        "team": "TJE58GTJL",
        "user_team": "TJE58GTJL",
        "source_team": "TJE58GTJL",
        "user_profile": {
            "avatar_hash": "cea3c2adb719",
            "image_72": "https:\/\/avatars.slack-edge.com\/2021-12-23\/2879299611220_cea3c2adb71995b8fd88_72.jpg",
            "first_name": "Ankit",
            "real_name": "Ankit Vora",
            "display_name": "",
            "team": "TJE58GTJL",
            "name": "ankitplaynody",
            "is_restricted": false,
            "is_ultra_restricted": false
        },
        "blocks": [
            {
                "type": "rich_text",
                "block_id": "XVSuY",
                "elements": [
                    {
                        "type": "rich_text_section",
                        "elements": [
                            {
                                "type": "text",
                                "text": "Thank you. "
                            },
                            {
                                "type": "user",
                                "user_id": "U0162CX5SH1"
                            }
                        ]
                    }
                ]
            }
        ],
        "thread_ts": "1643399074.860709",
        "parent_user_id": "U0162CX5SH1"
    },
    {
        "client_msg_id": "f886d3a8-bfec-49f6-8935-ff56be4a9f3b",
        "type": "message",
        "text": "Okay. I will delete and do that now.\nThanks <@UJG9WTEKG>",
        "user": "U02SZ1EE0BC",
        "ts": "1643950738.422409",
        "team": "TJE58GTJL",
        "user_team": "TJE58GTJL",
        "source_team": "TJE58GTJL",
        "user_profile": {
            "avatar_hash": "a7f067bfb43b",
            "image_72": "https:\/\/avatars.slack-edge.com\/2022-01-06\/2922244535044_a7f067bfb43b447cd274_72.jpg",
            "first_name": "Olusoji",
            "real_name": "Olusoji Michael Oluwatimilehin",
            "display_name": "Olusoji Michael Oluwatimilehin",
            "team": "TJE58GTJL",
            "name": "michaelolusoji08",
            "is_restricted": false,
            "is_ultra_restricted": false
        },
        "blocks": [
            {
                "type": "rich_text",
                "block_id": "dU1Kd",
                "elements": [
                    {
                        "type": "rich_text_section",
                        "elements": [
                            {
                                "type": "text",
                                "text": "Okay. I will delete and do that now.\nThanks "
                            },
                            {
                                "type": "user",
                                "user_id": "UJG9WTEKG"
                            }
                        ]
                    }
                ]
            }
        ],
        "thread_ts": "1643715231.002509",
        "parent_user_id": "USLACKBOT"
    }
]