[
    {
        "client_msg_id": "4bc2f7f8-9924-4748-bfb5-975e689f6b98",
        "type": "message",
        "text": "As someone from Europe, I can assure you there's always time for meetings during your morning aka their evening. Scheduling also does the trick",
        "user": "U019P0ADPCH",
        "ts": "1644494927.618159",
        "team": "TJE58GTJL",
        "user_team": "TJE58GTJL",
        "source_team": "TJE58GTJL",
        "user_profile": {
            "avatar_hash": "b26c915e9b23",
            "image_72": "https:\/\/avatars.slack-edge.com\/2021-04-29\/2020593037140_b26c915e9b23e5b0cdbe_72.png",
            "first_name": "Alexandra",
            "real_name": "Alexandra Cote",
            "display_name": "Alexandra Cote",
            "team": "TJE58GTJL",
            "name": "cotealexandra11",
            "is_restricted": false,
            "is_ultra_restricted": false
        },
        "blocks": [
            {
                "type": "rich_text",
                "block_id": "ouLza",
                "elements": [
                    {
                        "type": "rich_text_section",
                        "elements": [
                            {
                                "type": "text",
                                "text": "As someone from Europe, I can assure you there's always time for meetings during your morning aka their evening. Scheduling also does the trick"
                            }
                        ]
                    }
                ]
            }
        ],
        "thread_ts": "1644270419.347039",
        "parent_user_id": "U01J85VRKF1"
    },
    {
        "client_msg_id": "34a2c8ba-d208-451a-8ecc-0751ee7237a0",
        "type": "message",
        "text": "Freelancers, what kind of onboarding do you like to have with new clients? Product walkthroughs? Several meetings? Have you ever had a client onboard multiple freelancers at the same time? Thanks!",
        "user": "U019P0ADPCH",
        "ts": "1644494967.544929",
        "team": "TJE58GTJL",
        "user_team": "TJE58GTJL",
        "source_team": "TJE58GTJL",
        "user_profile": {
            "avatar_hash": "b26c915e9b23",
            "image_72": "https:\/\/avatars.slack-edge.com\/2021-04-29\/2020593037140_b26c915e9b23e5b0cdbe_72.png",
            "first_name": "Alexandra",
            "real_name": "Alexandra Cote",
            "display_name": "Alexandra Cote",
            "team": "TJE58GTJL",
            "name": "cotealexandra11",
            "is_restricted": false,
            "is_ultra_restricted": false
        },
        "blocks": [
            {
                "type": "rich_text",
                "block_id": "SM21",
                "elements": [
                    {
                        "type": "rich_text_section",
                        "elements": [
                            {
                                "type": "text",
                                "text": "Freelancers, what kind of onboarding do you like to have with new clients? Product walkthroughs? Several meetings? Have you ever had a client onboard multiple freelancers at the same time? Thanks!"
                            }
                        ]
                    }
                ]
            }
        ],
        "thread_ts": "1644494967.544929",
        "reply_count": 5,
        "reply_users_count": 4,
        "latest_reply": "1645718569.033509",
        "reply_users": [
            "UJJFDTN8G",
            "U02F1GK6U6B",
            "U02J7DM81AQ",
            "U0331KC4D0S"
        ],
        "replies": [
            {
                "user": "UJJFDTN8G",
                "ts": "1644498677.764249"
            },
            {
                "user": "UJJFDTN8G",
                "ts": "1644498821.562049"
            },
            {
                "user": "U02F1GK6U6B",
                "ts": "1644499988.764829"
            },
            {
                "user": "U02J7DM81AQ",
                "ts": "1644862191.188659"
            },
            {
                "user": "U0331KC4D0S",
                "ts": "1645718569.033509"
            }
        ],
        "is_locked": false,
        "subscribed": false
    },
    {
        "client_msg_id": "e94b5edb-d372-4e22-b7b2-93de6acf7406",
        "type": "message",
        "text": "I had a \"how we do SEO\" with another freelancer when I started writing for RingCentral. I guess it was great for them as they didn't have to do it twice.\n\nThough it was pretty one way so could have even been a video.",
        "user": "UJJFDTN8G",
        "ts": "1644498677.764249",
        "team": "TJE58GTJL",
        "user_team": "TJE58GTJL",
        "source_team": "TJE58GTJL",
        "user_profile": {
            "avatar_hash": "gd91d89ae152",
            "image_72": "https:\/\/secure.gravatar.com\/avatar\/86d91d89ae1528e747f4a586668d5d87.jpg?s=72&d=https%3A%2F%2Fa.slack-edge.com%2Fdf10d%2Fimg%2Favatars%2Fava_0013-72.png",
            "first_name": "Dominic",
            "real_name": "Dominic Kent",
            "display_name": "Dom Kent",
            "team": "TJE58GTJL",
            "name": "dominic",
            "is_restricted": false,
            "is_ultra_restricted": false
        },
        "blocks": [
            {
                "type": "rich_text",
                "block_id": "lH2J",
                "elements": [
                    {
                        "type": "rich_text_section",
                        "elements": [
                            {
                                "type": "text",
                                "text": "I had a \"how we do SEO\" with another freelancer when I started writing for RingCentral. I guess it was great for them as they didn't have to do it twice.\n\nThough it was pretty one way so could have even been a video."
                            }
                        ]
                    }
                ]
            }
        ],
        "thread_ts": "1644494967.544929",
        "parent_user_id": "U019P0ADPCH",
        "reactions": [
            {
                "name": "pray",
                "users": [
                    "U019P0ADPCH"
                ],
                "count": 1
            }
        ]
    },
    {
        "client_msg_id": "6c39bf5b-90fd-4e7f-866f-372a0449dd5d",
        "type": "message",
        "text": "I think what I do want depends on the type of engagement. Am I a freelance writer with a one-off gig? In that case, just send me the brief :upside_down_face:\n\nIf you want me to start a content strategy from scratch and we've signed a year retainer, intro me to product owners, show me the demos you show your customers then give me access to the product.\n\nIn any scenario, please please arm me with product descriptions, CTAs, contacts to reach out to for comment, case studies, the works.",
        "user": "UJJFDTN8G",
        "ts": "1644498821.562049",
        "team": "TJE58GTJL",
        "user_team": "TJE58GTJL",
        "source_team": "TJE58GTJL",
        "user_profile": {
            "avatar_hash": "gd91d89ae152",
            "image_72": "https:\/\/secure.gravatar.com\/avatar\/86d91d89ae1528e747f4a586668d5d87.jpg?s=72&d=https%3A%2F%2Fa.slack-edge.com%2Fdf10d%2Fimg%2Favatars%2Fava_0013-72.png",
            "first_name": "Dominic",
            "real_name": "Dominic Kent",
            "display_name": "Dom Kent",
            "team": "TJE58GTJL",
            "name": "dominic",
            "is_restricted": false,
            "is_ultra_restricted": false
        },
        "blocks": [
            {
                "type": "rich_text",
                "block_id": "FiQE",
                "elements": [
                    {
                        "type": "rich_text_section",
                        "elements": [
                            {
                                "type": "text",
                                "text": "I think what I do want depends on the type of engagement. Am I a freelance writer with a one-off gig? In that case, just send me the brief "
                            },
                            {
                                "type": "emoji",
                                "name": "upside_down_face"
                            },
                            {
                                "type": "text",
                                "text": "\n\nIf you want me to start a content strategy from scratch and we've signed a year retainer, intro me to product owners, show me the demos you show your customers then give me access to the product.\n\nIn any scenario, please please arm me with product descriptions, CTAs, contacts to reach out to for comment, case studies, the works."
                            }
                        ]
                    }
                ]
            }
        ],
        "thread_ts": "1644494967.544929",
        "parent_user_id": "U019P0ADPCH",
        "reactions": [
            {
                "name": "+1",
                "users": [
                    "U02PRMEAP0V",
                    "U02LR6JUZN3"
                ],
                "count": 2
            }
        ]
    },
    {
        "client_msg_id": "87d40ee0-ba13-499c-a08d-976e25adb2aa",
        "type": "message",
        "text": "I've had several onboarding with different clients since 2019:\nFirst one was a month long onboarding with videos, calls with other people on the team, product walk through (document &amp; video) and lots of documentation. Tbf, they were in a highly technical industry.\n\nSecond was a few video calls and links to needed documentation (including product walk through videos and documents) on their website.\n\nThird was just 3 documents on brand voice and tone, there was no product walkthrough. Our relationship ended very quickly because I didn't feel supported to produce my best work.\n\nRecent two onboarding have been like onboarding number 2.\n\nIf it's a SaaS product, a product walk through (video &amp; document) is a must. Another thing to include in onboarding documentation is your customers and where they stand on the technical scale if you're in a technical industry.\n\nHope this helps.\nPS: Sorry for the wall of text.",
        "user": "U02F1GK6U6B",
        "ts": "1644499988.764829",
        "team": "TJE58GTJL",
        "user_team": "TJE58GTJL",
        "source_team": "TJE58GTJL",
        "user_profile": {
            "avatar_hash": "b77d6f7d6c82",
            "image_72": "https:\/\/avatars.slack-edge.com\/2022-01-22\/3004677185921_b77d6f7d6c82fd929faa_72.jpg",
            "first_name": "Nneka",
            "real_name": "Nneka Otika",
            "display_name": "Nneka Otika",
            "team": "TJE58GTJL",
            "name": "nnekaotika",
            "is_restricted": false,
            "is_ultra_restricted": false
        },
        "blocks": [
            {
                "type": "rich_text",
                "block_id": "d8SqS",
                "elements": [
                    {
                        "type": "rich_text_section",
                        "elements": [
                            {
                                "type": "text",
                                "text": "I've had several onboarding with different clients since 2019:\nFirst one was a month long onboarding with videos, calls with other people on the team, product walk through (document & video) and lots of documentation. Tbf, they were in a highly technical industry.\n\nSecond was a few video calls and links to needed documentation (including product walk through videos and documents) on their website.\n\nThird was just 3 documents on brand voice and tone, there was no product walkthrough. Our relationship ended very quickly because I didn't feel supported to produce my best work.\n\nRecent two onboarding have been like onboarding number 2.\n\nIf it's a SaaS product, a product walk through (video & document) is a must. Another thing to include in onboarding documentation is your customers and where they stand on the technical scale if you're in a technical industry.\n\nHope this helps.\nPS: Sorry for the wall of text."
                            }
                        ]
                    }
                ]
            }
        ],
        "thread_ts": "1644494967.544929",
        "parent_user_id": "U019P0ADPCH",
        "reactions": [
            {
                "name": "100",
                "users": [
                    "U03157RDTN2",
                    "U031QSNBB6K"
                ],
                "count": 2
            }
        ]
    },
    {
        "client_msg_id": "d57c3641-7d84-4d91-a635-286b6267ab54",
        "type": "message",
        "text": "hey all! I have a lead on some potential ongoing content work (blogs, case studies, potentially whitepapers) for a HR tech startup called HiPeople, based in Berlin. I've worked with them before and they're really nice folks.\n\nI had a quick chat with their Content Lead today, and she's really looking for folks with a strong background in HR writing\/HR tech. I don't have info on their budget, but I said I'd put some feelers out. DM me if you're interested! :slightly_smiling_face:",
        "user": "U0231C2LYNM",
        "ts": "1644503888.290409",
        "team": "TJE58GTJL",
        "user_team": "TJE58GTJL",
        "source_team": "TJE58GTJL",
        "user_profile": {
            "avatar_hash": "c1d845bba06d",
            "image_72": "https:\/\/avatars.slack-edge.com\/2021-05-21\/2090873932082_c1d845bba06d288505ec_72.jpg",
            "first_name": "Camille",
            "real_name": "Camille Hogg",
            "display_name": "Cami",
            "team": "TJE58GTJL",
            "name": "camille.l.hogg",
            "is_restricted": false,
            "is_ultra_restricted": false
        },
        "blocks": [
            {
                "type": "rich_text",
                "block_id": "s3S2c",
                "elements": [
                    {
                        "type": "rich_text_section",
                        "elements": [
                            {
                                "type": "text",
                                "text": "hey all! I have a lead on some potential ongoing content work (blogs, case studies, potentially whitepapers) for a HR tech startup called HiPeople, based in Berlin. I've worked with them before and they're really nice folks.\n\nI had a quick chat with their Content Lead today, and she's really looking for folks with a strong background in HR writing\/HR tech. I don't have info on their budget, but I said I'd put some feelers out. DM me if you're interested! "
                            },
                            {
                                "type": "emoji",
                                "name": "slightly_smiling_face"
                            }
                        ]
                    }
                ]
            }
        ],
        "thread_ts": "1644503888.290409",
        "reply_count": 6,
        "reply_users_count": 6,
        "latest_reply": "1644976350.024069",
        "reply_users": [
            "U02U3RDQKHP",
            "U01FUP6AMEZ",
            "U02F1GK6U6B",
            "U02S478FWF2",
            "U0231C2LYNM",
            "U01RHT8800N"
        ],
        "replies": [
            {
                "user": "U02U3RDQKHP",
                "ts": "1644504132.987279"
            },
            {
                "user": "U01FUP6AMEZ",
                "ts": "1644505061.326909"
            },
            {
                "user": "U02F1GK6U6B",
                "ts": "1644511575.212609"
            },
            {
                "user": "U02S478FWF2",
                "ts": "1644592935.347149"
            },
            {
                "user": "U0231C2LYNM",
                "ts": "1644593253.382019"
            },
            {
                "user": "U01RHT8800N",
                "ts": "1644976350.024069"
            }
        ],
        "is_locked": false,
        "subscribed": false,
        "reactions": [
            {
                "name": "eyes",
                "users": [
                    "U031YRCEZ46",
                    "U02U3RDQKHP",
                    "UN227ML2H",
                    "U01J84U3SQ6",
                    "U01PXN2LGAK"
                ],
                "count": 5
            }
        ]
    },
    {
        "client_msg_id": "293a14ce-f8ab-4d6c-bbf1-6830807f1310",
        "type": "message",
        "text": "Hey <@U0231C2LYNM> I would definitely be interested in this project",
        "user": "U02U3RDQKHP",
        "ts": "1644504132.987279",
        "team": "TJE58GTJL",
        "user_team": "TJE58GTJL",
        "source_team": "TJE58GTJL",
        "user_profile": {
            "avatar_hash": "c4b54647fa38",
            "image_72": "https:\/\/avatars.slack-edge.com\/2022-01-31\/3029579600245_c4b54647fa384f5f7419_72.jpg",
            "first_name": "Sharan",
            "real_name": "Sharan Phillora",
            "display_name": "Sharan Phillora",
            "team": "TJE58GTJL",
            "name": "sharanphillora",
            "is_restricted": false,
            "is_ultra_restricted": false
        },
        "blocks": [
            {
                "type": "rich_text",
                "block_id": "Jfq",
                "elements": [
                    {
                        "type": "rich_text_section",
                        "elements": [
                            {
                                "type": "text",
                                "text": "Hey "
                            },
                            {
                                "type": "user",
                                "user_id": "U0231C2LYNM"
                            },
                            {
                                "type": "text",
                                "text": " I would definitely be interested in this project"
                            }
                        ]
                    }
                ]
            }
        ],
        "thread_ts": "1644503888.290409",
        "parent_user_id": "U0231C2LYNM",
        "reactions": [
            {
                "name": "raised_hands",
                "users": [
                    "U0231C2LYNM"
                ],
                "count": 1
            }
        ]
    },
    {
        "client_msg_id": "7fade287-af0a-49f5-b245-8490960a56fb",
        "type": "message",
        "text": "~Agency here. Seeking a translator for a quick-turnaround job. (Due Monday). English to German. DM me for details — full disclosure, I’ve never done this before for a client, so be kind and gentle.~\n\nGot this covered.",
        "user": "U011QQDDSJV",
        "ts": "1644504400.632379",
        "team": "TJE58GTJL",
        "user_team": "TJE58GTJL",
        "source_team": "TJE58GTJL",
        "user_profile": {
            "avatar_hash": "26f290c29155",
            "image_72": "https:\/\/avatars.slack-edge.com\/2020-04-08\/1046081228023_26f290c2915541368412_72.png",
            "first_name": "Nikolas",
            "real_name": "Nikolas Wright",
            "display_name": "Nik",
            "team": "TJE58GTJL",
            "name": "wright.nikolas",
            "is_restricted": false,
            "is_ultra_restricted": false
        },
        "edited": {
            "user": "U011QQDDSJV",
            "ts": "1644534969.000000"
        },
        "blocks": [
            {
                "type": "rich_text",
                "block_id": "EA2C",
                "elements": [
                    {
                        "type": "rich_text_section",
                        "elements": [
                            {
                                "type": "text",
                                "text": "Agency here. Seeking a translator for a quick-turnaround job. (Due Monday). English to German. DM me for details — full disclosure, I’ve never done this before for a client, so be kind and gentle.",
                                "style": {
                                    "strike": true
                                }
                            },
                            {
                                "type": "text",
                                "text": "\n\nGot this covered."
                            }
                        ]
                    }
                ]
            }
        ],
        "reactions": [
            {
                "name": "fire",
                "users": [
                    "UJG9WTEKG"
                ],
                "count": 1
            }
        ]
    },
    {
        "client_msg_id": "2298b62f-ad16-476c-8681-79b089398869",
        "type": "message",
        "text": "hey <@U019P0ADPCH> I've worked closely in house and contract with demand gen teams, mainly focused on email nurture, landing page, ad, and customer enablement copy -- i'm at <http:\/\/tinymegaphone.com|tinymegaphone.com> if you'd like to connect!",
        "user": "U01FUP6AMEZ",
        "ts": "1644504567.895209",
        "team": "TJE58GTJL",
        "user_team": "TJE58GTJL",
        "source_team": "TJE58GTJL",
        "user_profile": {
            "avatar_hash": "128762c3ea3f",
            "image_72": "https:\/\/avatars.slack-edge.com\/2020-12-01\/1527137254583_128762c3ea3f3d65d19b_72.jpg",
            "first_name": "Joanna",
            "real_name": "Joanna Rutter",
            "display_name": "Joanna Rutter",
            "team": "TJE58GTJL",
            "name": "rutterjoanna",
            "is_restricted": false,
            "is_ultra_restricted": false
        },
        "blocks": [
            {
                "type": "rich_text",
                "block_id": "+Hwu",
                "elements": [
                    {
                        "type": "rich_text_section",
                        "elements": [
                            {
                                "type": "text",
                                "text": "hey "
                            },
                            {
                                "type": "user",
                                "user_id": "U019P0ADPCH"
                            },
                            {
                                "type": "text",
                                "text": " I've worked closely in house and contract with demand gen teams, mainly focused on email nurture, landing page, ad, and customer enablement copy -- i'm at "
                            },
                            {
                                "type": "link",
                                "url": "http:\/\/tinymegaphone.com",
                                "text": "tinymegaphone.com"
                            },
                            {
                                "type": "text",
                                "text": " if you'd like to connect!"
                            }
                        ]
                    }
                ]
            }
        ],
        "thread_ts": "1643303344.228600",
        "parent_user_id": "U019P0ADPCH"
    },
    {
        "client_msg_id": "06b9482b-0156-4ae7-bf7d-e059c587dbdf",
        "type": "message",
        "text": "<@U026RJJ46UW>",
        "user": "U01FUP6AMEZ",
        "ts": "1644504614.778709",
        "team": "TJE58GTJL",
        "user_team": "TJE58GTJL",
        "source_team": "TJE58GTJL",
        "user_profile": {
            "avatar_hash": "128762c3ea3f",
            "image_72": "https:\/\/avatars.slack-edge.com\/2020-12-01\/1527137254583_128762c3ea3f3d65d19b_72.jpg",
            "first_name": "Joanna",
            "real_name": "Joanna Rutter",
            "display_name": "Joanna Rutter",
            "team": "TJE58GTJL",
            "name": "rutterjoanna",
            "is_restricted": false,
            "is_ultra_restricted": false
        },
        "blocks": [
            {
                "type": "rich_text",
                "block_id": "IhVG=",
                "elements": [
                    {
                        "type": "rich_text_section",
                        "elements": [
                            {
                                "type": "user",
                                "user_id": "U026RJJ46UW"
                            }
                        ]
                    }
                ]
            }
        ],
        "thread_ts": "1643639627.580429",
        "parent_user_id": "U023339GRF0"
    },
    {
        "client_msg_id": "8b2a6091-1d13-46e4-a2a0-2983d75cbe3f",
        "type": "message",
        "text": "any reason this is limited to a \"native\" writer? seems unnecessarily restrictive",
        "user": "U01FUP6AMEZ",
        "ts": "1644504720.409289",
        "team": "TJE58GTJL",
        "user_team": "TJE58GTJL",
        "source_team": "TJE58GTJL",
        "user_profile": {
            "avatar_hash": "128762c3ea3f",
            "image_72": "https:\/\/avatars.slack-edge.com\/2020-12-01\/1527137254583_128762c3ea3f3d65d19b_72.jpg",
            "first_name": "Joanna",
            "real_name": "Joanna Rutter",
            "display_name": "Joanna Rutter",
            "team": "TJE58GTJL",
            "name": "rutterjoanna",
            "is_restricted": false,
            "is_ultra_restricted": false
        },
        "blocks": [
            {
                "type": "rich_text",
                "block_id": "o09F",
                "elements": [
                    {
                        "type": "rich_text_section",
                        "elements": [
                            {
                                "type": "text",
                                "text": "any reason this is limited to a \"native\" writer? seems unnecessarily restrictive"
                            }
                        ]
                    }
                ]
            }
        ],
        "thread_ts": "1644218713.861539",
        "parent_user_id": "U023HGMVC0P"
    },
    {
        "client_msg_id": "ab3e6cff-6ef3-476d-9cb6-939e3fef97bf",
        "type": "message",
        "text": "i only know Hyde CMS",
        "user": "U01FUP6AMEZ",
        "ts": "1644504761.427509",
        "team": "TJE58GTJL",
        "user_team": "TJE58GTJL",
        "source_team": "TJE58GTJL",
        "user_profile": {
            "avatar_hash": "128762c3ea3f",
            "image_72": "https:\/\/avatars.slack-edge.com\/2020-12-01\/1527137254583_128762c3ea3f3d65d19b_72.jpg",
            "first_name": "Joanna",
            "real_name": "Joanna Rutter",
            "display_name": "Joanna Rutter",
            "team": "TJE58GTJL",
            "name": "rutterjoanna",
            "is_restricted": false,
            "is_ultra_restricted": false
        },
        "blocks": [
            {
                "type": "rich_text",
                "block_id": "2y52",
                "elements": [
                    {
                        "type": "rich_text_section",
                        "elements": [
                            {
                                "type": "text",
                                "text": "i only know Hyde CMS"
                            }
                        ]
                    }
                ]
            }
        ],
        "thread_ts": "1644304450.698679",
        "parent_user_id": "U03286FJU1W",
        "reactions": [
            {
                "name": "laughing",
                "users": [
                    "U03286FJU1W"
                ],
                "count": 1
            }
        ]
    },
    {
        "bot_id": "BLLCEVD9N",
        "type": "message",
        "text": "ba dum tiss",
        "user": "U01FUP6AMEZ",
        "ts": "1644504772.286009",
        "team": "TJE58GTJL",
        "bot_profile": {
            "id": "BLLCEVD9N",
            "app_id": "A0F827J2C",
            "name": "giphy",
            "icons": {
                "image_36": "https:\/\/a.slack-edge.com\/dc483\/img\/plugins\/giphy\/service_72.png",
                "image_48": "https:\/\/a.slack-edge.com\/dc483\/img\/plugins\/giphy\/service_48.png",
                "image_72": "https:\/\/a.slack-edge.com\/dc483\/img\/plugins\/giphy\/service_72.png"
            },
            "deleted": false,
            "updated": 1563567276,
            "team_id": "TJE58GTJL"
        },
        "blocks": [
            {
                "type": "image",
                "block_id": "WlDR",
                "image_url": "https:\/\/media3.giphy.com\/media\/kPIswn0RfPTGxOvDj5\/giphy-downsized.gif?cid=6104955e29d62f098cadec4f86dd87b6573d1500a81bbfe4&rid=giphy-downsized.gif&ct=g",
                "alt_text": "ba dum tiss",
                "title": {
                    "type": "plain_text",
                    "text": "ba dum tiss",
                    "emoji": true
                },
                "image_width": 251,
                "image_height": 251,
                "image_bytes": 1215028,
                "fallback": "251x251px image",
                "rotation": 0,
                "is_animated": true
            },
            {
                "type": "context",
                "block_id": "4ake",
                "elements": [
                    {
                        "type": "image",
                        "image_url": "https:\/\/a.slack-edge.com\/dc483\/img\/plugins\/giphy\/service_32.png",
                        "alt_text": "giphy logo"
                    },
                    {
                        "type": "mrkdwn",
                        "text": "Posted using \/giphy | GIF by <https:\/\/giphy.com\/baxshop\/|Bax Music>",
                        "verbatim": false
                    }
                ]
            }
        ],
        "thread_ts": "1644304450.698679",
        "parent_user_id": "U03286FJU1W"
    },
    {
        "client_msg_id": "c312b05b-a262-4a51-a04c-93cdb768f910",
        "type": "message",
        "text": "DMing!",
        "user": "U01FUP6AMEZ",
        "ts": "1644504797.746569",
        "team": "TJE58GTJL",
        "user_team": "TJE58GTJL",
        "source_team": "TJE58GTJL",
        "user_profile": {
            "avatar_hash": "128762c3ea3f",
            "image_72": "https:\/\/avatars.slack-edge.com\/2020-12-01\/1527137254583_128762c3ea3f3d65d19b_72.jpg",
            "first_name": "Joanna",
            "real_name": "Joanna Rutter",
            "display_name": "Joanna Rutter",
            "team": "TJE58GTJL",
            "name": "rutterjoanna",
            "is_restricted": false,
            "is_ultra_restricted": false
        },
        "blocks": [
            {
                "type": "rich_text",
                "block_id": "YsTq",
                "elements": [
                    {
                        "type": "rich_text_section",
                        "elements": [
                            {
                                "type": "text",
                                "text": "DMing!"
                            }
                        ]
                    }
                ]
            }
        ],
        "thread_ts": "1644444091.696499",
        "parent_user_id": "UJGHNJT7F"
    },
    {
        "client_msg_id": "9fae50d1-6b9b-48f1-8ca2-3f75cc1d9727",
        "type": "message",
        "text": "dmed!",
        "user": "U01FUP6AMEZ",
        "ts": "1644505061.326909",
        "team": "TJE58GTJL",
        "user_team": "TJE58GTJL",
        "source_team": "TJE58GTJL",
        "user_profile": {
            "avatar_hash": "128762c3ea3f",
            "image_72": "https:\/\/avatars.slack-edge.com\/2020-12-01\/1527137254583_128762c3ea3f3d65d19b_72.jpg",
            "first_name": "Joanna",
            "real_name": "Joanna Rutter",
            "display_name": "Joanna Rutter",
            "team": "TJE58GTJL",
            "name": "rutterjoanna",
            "is_restricted": false,
            "is_ultra_restricted": false
        },
        "blocks": [
            {
                "type": "rich_text",
                "block_id": "p\/kI",
                "elements": [
                    {
                        "type": "rich_text_section",
                        "elements": [
                            {
                                "type": "text",
                                "text": "dmed!"
                            }
                        ]
                    }
                ]
            }
        ],
        "thread_ts": "1644503888.290409",
        "parent_user_id": "U0231C2LYNM",
        "reactions": [
            {
                "name": "raised_hands",
                "users": [
                    "U0231C2LYNM"
                ],
                "count": 1
            }
        ]
    },
    {
        "client_msg_id": "9168de34-e277-445e-bd7e-150c8a93347a",
        "type": "message",
        "text": "Hello Folks! Shreyansh here from <http:\/\/getdefault.in|getdefault.in> . We are looking for freelance illustrators\/graphic designers for our blog posts. Ping me up if you wanna collaborate with us or if you know someone who might be a great fit. Do visit our website :relaxed:",
        "user": "U032AAXP04D",
        "ts": "1644510414.388459",
        "team": "TJE58GTJL",
        "user_team": "TJE58GTJL",
        "source_team": "TJE58GTJL",
        "user_profile": {
            "avatar_hash": "8777a92620b1",
            "image_72": "https:\/\/avatars.slack-edge.com\/2022-02-10\/3077230770870_8777a92620b186e413f8_72.jpg",
            "first_name": "Shreyansh",
            "real_name": "Shreyansh S",
            "display_name": "Shreyansh S",
            "team": "TJE58GTJL",
            "name": "shreyansh",
            "is_restricted": false,
            "is_ultra_restricted": false
        },
        "blocks": [
            {
                "type": "rich_text",
                "block_id": "0F+",
                "elements": [
                    {
                        "type": "rich_text_section",
                        "elements": [
                            {
                                "type": "text",
                                "text": "Hello Folks! Shreyansh here from "
                            },
                            {
                                "type": "link",
                                "url": "http:\/\/getdefault.in",
                                "text": "getdefault.in"
                            },
                            {
                                "type": "text",
                                "text": " . We are looking for freelance illustrators\/graphic designers for our blog posts. Ping me up if you wanna collaborate with us or if you know someone who might be a great fit. Do visit our website "
                            },
                            {
                                "type": "emoji",
                                "name": "relaxed"
                            }
                        ]
                    }
                ]
            }
        ],
        "thread_ts": "1644510414.388459",
        "reply_count": 4,
        "reply_users_count": 4,
        "latest_reply": "1644634359.090219",
        "reply_users": [
            "U02HD0L8HAP",
            "U032AAXP04D",
            "U02PRMEAP0V",
            "U0326J2JF1U"
        ],
        "replies": [
            {
                "user": "U02HD0L8HAP",
                "ts": "1644511535.634089"
            },
            {
                "user": "U032AAXP04D",
                "ts": "1644511745.468979"
            },
            {
                "user": "U02PRMEAP0V",
                "ts": "1644559191.669399"
            },
            {
                "user": "U0326J2JF1U",
                "ts": "1644634359.090219"
            }
        ],
        "is_locked": false,
        "subscribed": false
    },
    {
        "client_msg_id": "bae118f4-95a6-4a65-b3d8-de10e300574f",
        "type": "message",
        "text": "<@U02JUM9D18R> will be the right fit for this <@U032AAXP04D>",
        "user": "U02HD0L8HAP",
        "ts": "1644511535.634089",
        "team": "TJE58GTJL",
        "user_team": "TJE58GTJL",
        "source_team": "TJE58GTJL",
        "user_profile": {
            "avatar_hash": "675c42a91f65",
            "image_72": "https:\/\/avatars.slack-edge.com\/2022-01-10\/2928364816754_675c42a91f6571f4ac6b_72.jpg",
            "first_name": "Aanchal",
            "real_name": "Aanchal Parmar",
            "display_name": "Aanchal Parmar",
            "team": "TJE58GTJL",
            "name": "aanywrites",
            "is_restricted": false,
            "is_ultra_restricted": false
        },
        "edited": {
            "user": "U02HD0L8HAP",
            "ts": "1644511561.000000"
        },
        "blocks": [
            {
                "type": "rich_text",
                "block_id": "17gi",
                "elements": [
                    {
                        "type": "rich_text_section",
                        "elements": [
                            {
                                "type": "user",
                                "user_id": "U02JUM9D18R"
                            },
                            {
                                "type": "text",
                                "text": " will be the right fit for this "
                            },
                            {
                                "type": "user",
                                "user_id": "U032AAXP04D"
                            }
                        ]
                    }
                ]
            }
        ],
        "thread_ts": "1644510414.388459",
        "parent_user_id": "U032AAXP04D"
    },
    {
        "client_msg_id": "a8bd8989-4b88-4390-bc39-ecd4600d38a3",
        "type": "message",
        "text": "<@U01J85VRKF1> would be perfect for this job.",
        "user": "U02F1GK6U6B",
        "ts": "1644511575.212609",
        "team": "TJE58GTJL",
        "user_team": "TJE58GTJL",
        "source_team": "TJE58GTJL",
        "user_profile": {
            "avatar_hash": "b77d6f7d6c82",
            "image_72": "https:\/\/avatars.slack-edge.com\/2022-01-22\/3004677185921_b77d6f7d6c82fd929faa_72.jpg",
            "first_name": "Nneka",
            "real_name": "Nneka Otika",
            "display_name": "Nneka Otika",
            "team": "TJE58GTJL",
            "name": "nnekaotika",
            "is_restricted": false,
            "is_ultra_restricted": false
        },
        "blocks": [
            {
                "type": "rich_text",
                "block_id": "kZY",
                "elements": [
                    {
                        "type": "rich_text_section",
                        "elements": [
                            {
                                "type": "user",
                                "user_id": "U01J85VRKF1"
                            },
                            {
                                "type": "text",
                                "text": " would be perfect for this job."
                            }
                        ]
                    }
                ]
            }
        ],
        "thread_ts": "1644503888.290409",
        "parent_user_id": "U0231C2LYNM",
        "reactions": [
            {
                "name": "wave",
                "users": [
                    "U01J85VRKF1"
                ],
                "count": 1
            },
            {
                "name": "raised_hands",
                "users": [
                    "U0231C2LYNM"
                ],
                "count": 1
            }
        ]
    },
    {
        "client_msg_id": "5fb769fc-ec1b-41c5-b602-f0d3f2eb4e8b",
        "type": "message",
        "text": "Thanks <@U02HD0L8HAP>",
        "user": "U032AAXP04D",
        "ts": "1644511745.468979",
        "team": "TJE58GTJL",
        "user_team": "TJE58GTJL",
        "source_team": "TJE58GTJL",
        "user_profile": {
            "avatar_hash": "8777a92620b1",
            "image_72": "https:\/\/avatars.slack-edge.com\/2022-02-10\/3077230770870_8777a92620b186e413f8_72.jpg",
            "first_name": "Shreyansh",
            "real_name": "Shreyansh S",
            "display_name": "Shreyansh S",
            "team": "TJE58GTJL",
            "name": "shreyansh",
            "is_restricted": false,
            "is_ultra_restricted": false
        },
        "blocks": [
            {
                "type": "rich_text",
                "block_id": "0PQ2",
                "elements": [
                    {
                        "type": "rich_text_section",
                        "elements": [
                            {
                                "type": "text",
                                "text": "Thanks "
                            },
                            {
                                "type": "user",
                                "user_id": "U02HD0L8HAP"
                            }
                        ]
                    }
                ]
            }
        ],
        "thread_ts": "1644510414.388459",
        "parent_user_id": "U032AAXP04D",
        "reactions": [
            {
                "name": "raised_hands",
                "users": [
                    "U02HD0L8HAP"
                ],
                "count": 1
            }
        ]
    },
    {
        "client_msg_id": "2de97f58-9714-4db5-9a8f-38c2a74ca1b6",
        "type": "message",
        "text": "I came across the Superpath salary report in another channel: <https:\/\/superpath.co\/blog\/content-marketing-salary-report> I'm curious to know more about what the freelance content marketers here are doing to find clients and steady work. How do you market yourself? Do you offer very specific services, or a range? Do you focus on a specific client base, or do you work with any kind of client? Do you find work through your connections, or through organic site traffic, or your social media presence, etc.? Thanks!",
        "user": "U031B8HB5FB",
        "ts": "1644543348.425669",
        "team": "TJE58GTJL",
        "user_team": "TJE58GTJL",
        "source_team": "TJE58GTJL",
        "user_profile": {
            "avatar_hash": "00d87ccfb42a",
            "image_72": "https:\/\/avatars.slack-edge.com\/2022-02-02\/3033846562567_00d87ccfb42a0696543e_72.jpg",
            "first_name": "Jill",
            "real_name": "Jill Golden",
            "display_name": "Jill Golden",
            "team": "TJE58GTJL",
            "name": "jillkgolden",
            "is_restricted": false,
            "is_ultra_restricted": false
        },
        "blocks": [
            {
                "type": "rich_text",
                "block_id": "Onc5",
                "elements": [
                    {
                        "type": "rich_text_section",
                        "elements": [
                            {
                                "type": "text",
                                "text": "I came across the Superpath salary report in another channel: "
                            },
                            {
                                "type": "link",
                                "url": "https:\/\/superpath.co\/blog\/content-marketing-salary-report"
                            },
                            {
                                "type": "text",
                                "text": " I'm curious to know more about what the freelance content marketers here are doing to find clients and steady work. How do you market yourself? Do you offer very specific services, or a range? Do you focus on a specific client base, or do you work with any kind of client? Do you find work through your connections, or through organic site traffic, or your social media presence, etc.? Thanks!"
                            }
                        ]
                    }
                ]
            }
        ],
        "thread_ts": "1644543348.425669",
        "reply_count": 6,
        "reply_users_count": 4,
        "latest_reply": "1645895446.665229",
        "reply_users": [
            "U01J85VRKF1",
            "U031B8HB5FB",
            "U02UNK9DJSZ",
            "U034NCQDL4C"
        ],
        "replies": [
            {
                "user": "U01J85VRKF1",
                "ts": "1644547060.524139"
            },
            {
                "user": "U031B8HB5FB",
                "ts": "1644558915.204259"
            },
            {
                "user": "U02UNK9DJSZ",
                "ts": "1644808775.140239"
            },
            {
                "user": "U031B8HB5FB",
                "ts": "1645160040.163549"
            },
            {
                "user": "U034NCQDL4C",
                "ts": "1645894090.529629"
            },
            {
                "user": "U031B8HB5FB",
                "ts": "1645895446.665229"
            }
        ],
        "is_locked": false,
        "subscribed": false
    },
    {
        "type": "message",
        "subtype": "slackbot_response",
        "text": "did someone say salary? here's some data that might be helpful. <https:\/\/superpath.co\/blog\/content-marketing-salary-report>",
        "user": "USLACKBOT",
        "ts": "1644543350.022969",
        "attachments": [
            {
                "from_url": "https:\/\/superpath.co\/blog\/content-marketing-salary-report",
                "thumb_url": "http:\/\/static1.squarespace.com\/static\/609d9c530fe0402cfde14a9c\/t\/61d76e005dd5ad7b9ebc6932\/1641508361386\/superpath+salary.jpg?format=1500w",
                "thumb_width": 1052,
                "thumb_height": 751,
                "service_icon": "https:\/\/images.squarespace-cdn.com\/content\/v1\/609d9c530fe0402cfde14a9c\/e34ef9bd-2724-4781-88fd-e8cba90125ef\/favicon.ico?format=100w",
                "id": 1,
                "original_url": "https:\/\/superpath.co\/blog\/content-marketing-salary-report",
                "fallback": "Your Content Career Headquarters: How Much Money Do Content Marketer's Make? (2022 Salary Report) — Your Content Career Headquarters",
                "text": "The average content marketing salary is $93,725. Check out our salary report for more detailed data on job titles, experience and pay discrepancies.",
                "title": "How Much Money Do Content Marketer's Make? (2022 Salary Report) — Your Content Career Headquarters",
                "title_link": "https:\/\/superpath.co\/blog\/content-marketing-salary-report",
                "service_name": "Your Content Career Headquarters"
            }
        ]
    },
    {
        "client_msg_id": "F7EB7C6A-7615-4B1E-BDEE-39E40047E3F3",
        "type": "message",
        "text": "I am going back to full-time freelancing after a few years in-house. I try my best to keep my content within the HR tech space although I occasionally take on other work if I am working with a client I love. I find some clients who reach out organically through my freelance site, I have some clients on Upwork, and I have used sites like LinkedIn and this Slack group to find some clients. It's important to me that I use a variety of places to find clients I love to work with.",
        "user": "U01J85VRKF1",
        "ts": "1644547060.524139",
        "team": "TJE58GTJL",
        "user_team": "TJE58GTJL",
        "source_team": "TJE58GTJL",
        "user_profile": {
            "avatar_hash": "6014791c8384",
            "image_72": "https:\/\/avatars.slack-edge.com\/2021-06-11\/2168802380004_6014791c8384d642d727_72.png",
            "first_name": "Amanda",
            "real_name": "Amanda Cross",
            "display_name": "Amanda Cross",
            "team": "TJE58GTJL",
            "name": "amanda867",
            "is_restricted": false,
            "is_ultra_restricted": false
        },
        "blocks": [
            {
                "type": "rich_text",
                "block_id": "ngcdn",
                "elements": [
                    {
                        "type": "rich_text_section",
                        "elements": [
                            {
                                "type": "text",
                                "text": "I am going back to full-time freelancing after a few years in-house. I try my best to keep my content within the HR tech space although I occasionally take on other work if I am working with a client I love. I find some clients who reach out organically through my freelance site, I have some clients on Upwork, and I have used sites like LinkedIn and this Slack group to find some clients. It's important to me that I use a variety of places to find clients I love to work with."
                            }
                        ]
                    }
                ]
            }
        ],
        "thread_ts": "1644543348.425669",
        "parent_user_id": "U031B8HB5FB",
        "reactions": [
            {
                "name": "+1",
                "users": [
                    "U031B8HB5FB"
                ],
                "count": 1
            },
            {
                "name": "heart",
                "users": [
                    "U025H70LG86"
                ],
                "count": 1
            }
        ]
    },
    {
        "client_msg_id": "169c5359-4bfb-42b9-b0f0-047bd28330e9",
        "type": "message",
        "text": "Thank you, <@U01J85VRKF1>!",
        "user": "U031B8HB5FB",
        "ts": "1644558915.204259",
        "team": "TJE58GTJL",
        "user_team": "TJE58GTJL",
        "source_team": "TJE58GTJL",
        "user_profile": {
            "avatar_hash": "00d87ccfb42a",
            "image_72": "https:\/\/avatars.slack-edge.com\/2022-02-02\/3033846562567_00d87ccfb42a0696543e_72.jpg",
            "first_name": "Jill",
            "real_name": "Jill Golden",
            "display_name": "Jill Golden",
            "team": "TJE58GTJL",
            "name": "jillkgolden",
            "is_restricted": false,
            "is_ultra_restricted": false
        },
        "blocks": [
            {
                "type": "rich_text",
                "block_id": "Yw2",
                "elements": [
                    {
                        "type": "rich_text_section",
                        "elements": [
                            {
                                "type": "text",
                                "text": "Thank you, "
                            },
                            {
                                "type": "user",
                                "user_id": "U01J85VRKF1"
                            },
                            {
                                "type": "text",
                                "text": "!"
                            }
                        ]
                    }
                ]
            }
        ],
        "thread_ts": "1644543348.425669",
        "parent_user_id": "U031B8HB5FB"
    },
    {
        "client_msg_id": "9b134fa7-05a3-413f-b0d1-0d0a5c793163",
        "type": "message",
        "text": "<@U02QVPG4DGT> matches your description :ok_hand:",
        "user": "U02PRMEAP0V",
        "ts": "1644559191.669399",
        "team": "TJE58GTJL",
        "user_team": "TJE58GTJL",
        "source_team": "TJE58GTJL",
        "user_profile": {
            "avatar_hash": "3655374527f9",
            "image_72": "https:\/\/avatars.slack-edge.com\/2022-03-23\/3282575021317_3655374527f96f1c0934_72.png",
            "first_name": "Elsier",
            "real_name": "Elsier Otachi",
            "display_name": "Elsier Otachi",
            "team": "TJE58GTJL",
            "name": "biagelo",
            "is_restricted": false,
            "is_ultra_restricted": false
        },
        "blocks": [
            {
                "type": "rich_text",
                "block_id": "JKUhS",
                "elements": [
                    {
                        "type": "rich_text_section",
                        "elements": [
                            {
                                "type": "user",
                                "user_id": "U02QVPG4DGT"
                            },
                            {
                                "type": "text",
                                "text": " matches your description "
                            },
                            {
                                "type": "emoji",
                                "name": "ok_hand"
                            }
                        ]
                    }
                ]
            }
        ],
        "thread_ts": "1644510414.388459",
        "parent_user_id": "U032AAXP04D"
    }
]