[
    {
        "type": "message",
        "subtype": "tombstone",
        "text": "This message was deleted.",
        "user": "USLACKBOT",
        "hidden": true,
        "ts": "1650960000.366209",
        "thread_ts": "1650960000.366209",
        "parent_user_id": "USLACKBOT",
        "reply_count": 2,
        "reply_users_count": 2,
        "latest_reply": "1651067488.762629",
        "reply_users": [
            "U02HD0L8HAP",
            "U02F1GK6U6B"
        ],
        "replies": [
            {
                "user": "U02HD0L8HAP",
                "ts": "1650972130.409509"
            },
            {
                "user": "U02F1GK6U6B",
                "ts": "1651067488.762629"
            }
        ],
        "is_locked": false,
        "subscribed": false
    },
    {
        "client_msg_id": "3e4af5ce-1d30-4251-8a52-3c14b1d51674",
        "type": "message",
        "text": "Okay",
        "user": "U03CVG3UJF5",
        "ts": "1650960233.625219",
        "team": "TJE58GTJL",
        "user_team": "TJE58GTJL",
        "source_team": "TJE58GTJL",
        "user_profile": {
            "avatar_hash": "522b9d850a1f",
            "image_72": "https:\/\/avatars.slack-edge.com\/2022-04-25\/3431298016886_522b9d850a1fece3a260_72.jpg",
            "first_name": "Funmi",
            "real_name": "Funmi",
            "display_name": "Funmi",
            "team": "TJE58GTJL",
            "name": "funmmiuju",
            "is_restricted": false,
            "is_ultra_restricted": false
        },
        "blocks": [
            {
                "type": "rich_text",
                "block_id": "+XW",
                "elements": [
                    {
                        "type": "rich_text_section",
                        "elements": [
                            {
                                "type": "text",
                                "text": "Okay"
                            }
                        ]
                    }
                ]
            }
        ],
        "thread_ts": "1650924145.201599",
        "parent_user_id": "U03CVG3UJF5"
    },
    {
        "client_msg_id": "529fa087-0e1b-4073-92ee-63a9f15298d0",
        "type": "message",
        "text": "<@U02Q8U5T7TP> I just sent you a dm",
        "user": "U03CVG3UJF5",
        "ts": "1650960317.510309",
        "team": "TJE58GTJL",
        "user_team": "TJE58GTJL",
        "source_team": "TJE58GTJL",
        "user_profile": {
            "avatar_hash": "522b9d850a1f",
            "image_72": "https:\/\/avatars.slack-edge.com\/2022-04-25\/3431298016886_522b9d850a1fece3a260_72.jpg",
            "first_name": "Funmi",
            "real_name": "Funmi",
            "display_name": "Funmi",
            "team": "TJE58GTJL",
            "name": "funmmiuju",
            "is_restricted": false,
            "is_ultra_restricted": false
        },
        "blocks": [
            {
                "type": "rich_text",
                "block_id": "cAUn",
                "elements": [
                    {
                        "type": "rich_text_section",
                        "elements": [
                            {
                                "type": "user",
                                "user_id": "U02Q8U5T7TP"
                            },
                            {
                                "type": "text",
                                "text": " I just sent you a dm"
                            }
                        ]
                    }
                ]
            }
        ],
        "thread_ts": "1650924145.201599",
        "parent_user_id": "U03CVG3UJF5"
    },
    {
        "client_msg_id": "43e946e5-6ace-4727-95b6-059a7ce4aca9",
        "type": "message",
        "text": "Here's a LinkedIn post I wrote about portfolio creation. Hope this helps, open to feedback!\n\n<https:\/\/www.linkedin.com\/posts\/harshala-chavan-founder-merrative-content-marketing_freelance-contentwriting-contentwriter-activity-6922385861091172352-exwf?utm_source=linkedin_share&amp;utm_medium=member_desktop_web|https:\/\/www.linkedin.com\/posts\/harshala-chavan-founder-merrative-content-marketing_fr[…]exwf?utm_source=linkedin_share&amp;utm_medium=member_desktop_web>",
        "user": "U02CUMQBP9R",
        "ts": "1650964043.514209",
        "team": "TJE58GTJL",
        "user_team": "TJE58GTJL",
        "source_team": "TJE58GTJL",
        "user_profile": {
            "avatar_hash": "37d9a8538dda",
            "image_72": "https:\/\/avatars.slack-edge.com\/2021-08-30\/2422037442023_37d9a8538dda6c598cc7_72.jpg",
            "first_name": "Harshala",
            "real_name": "Harshala Chavan",
            "display_name": "Harshala Chavan",
            "team": "TJE58GTJL",
            "name": "harshalachavan7",
            "is_restricted": false,
            "is_ultra_restricted": false
        },
        "blocks": [
            {
                "type": "rich_text",
                "block_id": "rrLP",
                "elements": [
                    {
                        "type": "rich_text_section",
                        "elements": [
                            {
                                "type": "text",
                                "text": "Here's a LinkedIn post I wrote about portfolio creation. Hope this helps, open to feedback!\n\n"
                            },
                            {
                                "type": "link",
                                "url": "https:\/\/www.linkedin.com\/posts\/harshala-chavan-founder-merrative-content-marketing_freelance-contentwriting-contentwriter-activity-6922385861091172352-exwf?utm_source=linkedin_share&utm_medium=member_desktop_web",
                                "text": "https:\/\/www.linkedin.com\/posts\/harshala-chavan-founder-merrative-content-marketing_fr[…]exwf?utm_source=linkedin_share&utm_medium=member_desktop_web"
                            }
                        ]
                    }
                ]
            }
        ],
        "thread_ts": "1650924145.201599",
        "parent_user_id": "U03CVG3UJF5"
    },
    {
        "client_msg_id": "a708d7a4-e264-42cf-9d41-afb2a6bce5ec",
        "type": "message",
        "text": "Hey Kolade this post belongs in <#C02RGHQ4HK7|hire-me> section :slightly_smiling_face:",
        "user": "U02HD0L8HAP",
        "ts": "1650972130.409509",
        "team": "TJE58GTJL",
        "user_team": "TJE58GTJL",
        "source_team": "TJE58GTJL",
        "user_profile": {
            "avatar_hash": "675c42a91f65",
            "image_72": "https:\/\/avatars.slack-edge.com\/2022-01-10\/2928364816754_675c42a91f6571f4ac6b_72.jpg",
            "first_name": "Aanchal",
            "real_name": "Aanchal Parmar",
            "display_name": "Aanchal Parmar",
            "team": "TJE58GTJL",
            "name": "aanywrites",
            "is_restricted": false,
            "is_ultra_restricted": false
        },
        "blocks": [
            {
                "type": "rich_text",
                "block_id": "vIOJ",
                "elements": [
                    {
                        "type": "rich_text_section",
                        "elements": [
                            {
                                "type": "text",
                                "text": "Hey Kolade this post belongs in "
                            },
                            {
                                "type": "channel",
                                "channel_id": "C02RGHQ4HK7"
                            },
                            {
                                "type": "text",
                                "text": " section "
                            },
                            {
                                "type": "emoji",
                                "name": "slightly_smiling_face"
                            }
                        ]
                    }
                ]
            }
        ],
        "thread_ts": "1650960000.366209",
        "parent_user_id": "USLACKBOT"
    },
    {
        "client_msg_id": "51f7f717-5f43-4d15-8609-af05cad3feaf",
        "type": "message",
        "text": "I think that depends on a lot of factors: your level of experience, what you typically get paid at your regular job (and if you’re happy with that), the tasks within this new opportunity, and making sure it’s worth it, since it only involves a few hours.",
        "user": "U032AAX829K",
        "ts": "1650981620.238559",
        "team": "TJE58GTJL",
        "user_team": "TJE58GTJL",
        "source_team": "TJE58GTJL",
        "user_profile": {
            "avatar_hash": "8ba787921771",
            "image_72": "https:\/\/avatars.slack-edge.com\/2022-02-09\/3086421497716_8ba787921771e8940bfb_72.jpg",
            "first_name": "Marilyn",
            "real_name": "Marilyn Starkenberg",
            "display_name": "Marilyn Starkenberg",
            "team": "TJE58GTJL",
            "name": "marilyn.starkenberg",
            "is_restricted": false,
            "is_ultra_restricted": false
        },
        "blocks": [
            {
                "type": "rich_text",
                "block_id": "O6=yW",
                "elements": [
                    {
                        "type": "rich_text_section",
                        "elements": [
                            {
                                "type": "text",
                                "text": "I think that depends on a lot of factors: your level of experience, what you typically get paid at your regular job (and if you’re happy with that), the tasks within this new opportunity, and making sure it’s worth it, since it only involves a few hours."
                            }
                        ]
                    }
                ]
            }
        ],
        "thread_ts": "1650899722.212719",
        "parent_user_id": "U027ESP05FX"
    },
    {
        "client_msg_id": "bc235068-2bd9-48f3-9075-9c4377e23f3f",
        "type": "message",
        "text": "Hey <@U01TPUG6YE5>, I'd highly recommend <https:\/\/narrato.io\/marketplace|Narrato> - it's a content marketplace that hosts a large pool of quality-vetted freelance writers.",
        "user": "U02QZELD0P9",
        "ts": "1650981650.264179",
        "team": "TJE58GTJL",
        "user_team": "TJE58GTJL",
        "source_team": "TJE58GTJL",
        "user_profile": {
            "avatar_hash": "55cf859b571a",
            "image_72": "https:\/\/avatars.slack-edge.com\/2022-01-21\/2988159289220_55cf859b571aac995268_72.jpg",
            "first_name": "Pooja",
            "real_name": "Pooja Seshadri",
            "display_name": "Pooja",
            "team": "TJE58GTJL",
            "name": "pooja.seshadri",
            "is_restricted": false,
            "is_ultra_restricted": false
        },
        "blocks": [
            {
                "type": "rich_text",
                "block_id": "1qzYi",
                "elements": [
                    {
                        "type": "rich_text_section",
                        "elements": [
                            {
                                "type": "text",
                                "text": "Hey "
                            },
                            {
                                "type": "user",
                                "user_id": "U01TPUG6YE5"
                            },
                            {
                                "type": "text",
                                "text": ", I'd highly recommend "
                            },
                            {
                                "type": "link",
                                "url": "https:\/\/narrato.io\/marketplace",
                                "text": "Narrato"
                            },
                            {
                                "type": "text",
                                "text": " - it's a content marketplace that hosts a large pool of quality-vetted freelance writers."
                            }
                        ]
                    }
                ]
            }
        ],
        "thread_ts": "1650551025.130339",
        "parent_user_id": "U01TPUG6YE5"
    },
    {
        "client_msg_id": "1e61618d-c7a4-440c-aa6b-542655819338",
        "type": "message",
        "text": "Hey <@UUQ0C0ZUH>, I'd highly recommend <https:\/\/narrato.io\/marketplace|Narrato> - it's a content marketplace that hosts a large pool of quality-vetted freelance writers.",
        "user": "U02QZELD0P9",
        "ts": "1650981734.302419",
        "team": "TJE58GTJL",
        "user_team": "TJE58GTJL",
        "source_team": "TJE58GTJL",
        "user_profile": {
            "avatar_hash": "55cf859b571a",
            "image_72": "https:\/\/avatars.slack-edge.com\/2022-01-21\/2988159289220_55cf859b571aac995268_72.jpg",
            "first_name": "Pooja",
            "real_name": "Pooja Seshadri",
            "display_name": "Pooja",
            "team": "TJE58GTJL",
            "name": "pooja.seshadri",
            "is_restricted": false,
            "is_ultra_restricted": false
        },
        "blocks": [
            {
                "type": "rich_text",
                "block_id": "sdRLd",
                "elements": [
                    {
                        "type": "rich_text_section",
                        "elements": [
                            {
                                "type": "text",
                                "text": "Hey "
                            },
                            {
                                "type": "user",
                                "user_id": "UUQ0C0ZUH"
                            },
                            {
                                "type": "text",
                                "text": ", I'd highly recommend "
                            },
                            {
                                "type": "link",
                                "url": "https:\/\/narrato.io\/marketplace",
                                "text": "Narrato"
                            },
                            {
                                "type": "text",
                                "text": " - it's a content marketplace that hosts a large pool of quality-vetted freelance writers."
                            }
                        ]
                    }
                ]
            }
        ],
        "thread_ts": "1650572994.861149",
        "parent_user_id": "UUQ0C0ZUH",
        "reactions": [
            {
                "name": "raised_hands",
                "users": [
                    "UUQ0C0ZUH"
                ],
                "count": 1
            }
        ]
    },
    {
        "client_msg_id": "f3a6634a-5800-498c-8a7d-266eaac97e5d",
        "type": "message",
        "text": "Hey <@U02SU2BECCA>, would your client be interested in checking out <https:\/\/narrato.io\/marketplace|Narrato>? It's a content marketplace, and I know that they've worked on real estate content pieces several times.",
        "user": "U02QZELD0P9",
        "ts": "1650981857.374769",
        "team": "TJE58GTJL",
        "user_team": "TJE58GTJL",
        "source_team": "TJE58GTJL",
        "user_profile": {
            "avatar_hash": "55cf859b571a",
            "image_72": "https:\/\/avatars.slack-edge.com\/2022-01-21\/2988159289220_55cf859b571aac995268_72.jpg",
            "first_name": "Pooja",
            "real_name": "Pooja Seshadri",
            "display_name": "Pooja",
            "team": "TJE58GTJL",
            "name": "pooja.seshadri",
            "is_restricted": false,
            "is_ultra_restricted": false
        },
        "blocks": [
            {
                "type": "rich_text",
                "block_id": "jAzH",
                "elements": [
                    {
                        "type": "rich_text_section",
                        "elements": [
                            {
                                "type": "text",
                                "text": "Hey "
                            },
                            {
                                "type": "user",
                                "user_id": "U02SU2BECCA"
                            },
                            {
                                "type": "text",
                                "text": ", would your client be interested in checking out "
                            },
                            {
                                "type": "link",
                                "url": "https:\/\/narrato.io\/marketplace",
                                "text": "Narrato"
                            },
                            {
                                "type": "text",
                                "text": "? It's a content marketplace, and I know that they've worked on real estate content pieces several times."
                            }
                        ]
                    }
                ]
            }
        ],
        "thread_ts": "1650920698.236519",
        "parent_user_id": "U02SU2BECCA"
    },
    {
        "client_msg_id": "2ad29af9-754d-4247-9d06-a0e251ae5040",
        "type": "message",
        "text": "Thanks, but they're really just looking for PR help right now!",
        "user": "U02SU2BECCA",
        "ts": "1650982456.848939",
        "team": "TJE58GTJL",
        "user_team": "TJE58GTJL",
        "source_team": "TJE58GTJL",
        "user_profile": {
            "avatar_hash": "ee48b1106795",
            "image_72": "https:\/\/avatars.slack-edge.com\/2022-01-05\/2912317446291_ee48b110679501fff7ef_72.jpg",
            "first_name": "Lawrence",
            "real_name": "Lawrence Barker",
            "display_name": "Lawrence",
            "team": "TJE58GTJL",
            "name": "lawrence",
            "is_restricted": false,
            "is_ultra_restricted": false
        },
        "blocks": [
            {
                "type": "rich_text",
                "block_id": "Urfb",
                "elements": [
                    {
                        "type": "rich_text_section",
                        "elements": [
                            {
                                "type": "text",
                                "text": "Thanks, but they're really just looking for PR help right now!"
                            }
                        ]
                    }
                ]
            }
        ],
        "thread_ts": "1650920698.236519",
        "parent_user_id": "U02SU2BECCA"
    },
    {
        "client_msg_id": "3ecd2ec9-69c3-429e-816c-523c208936d7",
        "type": "message",
        "text": "Hi <@U02FJ10NAN9>, I specialise in whitepapers and research reports. Can I DM you?",
        "user": "U024BJMQGD6",
        "ts": "1650990902.283969",
        "team": "TJE58GTJL",
        "user_team": "TJE58GTJL",
        "source_team": "TJE58GTJL",
        "user_profile": {
            "avatar_hash": "79567011e049",
            "image_72": "https:\/\/avatars.slack-edge.com\/2021-06-01\/2136578479585_79567011e049716f991a_72.jpg",
            "first_name": "",
            "real_name": "Thomas Dines",
            "display_name": "Thomas Dines",
            "team": "TJE58GTJL",
            "name": "dinesthomas",
            "is_restricted": false,
            "is_ultra_restricted": false
        },
        "blocks": [
            {
                "type": "rich_text",
                "block_id": "a6uN",
                "elements": [
                    {
                        "type": "rich_text_section",
                        "elements": [
                            {
                                "type": "text",
                                "text": "Hi "
                            },
                            {
                                "type": "user",
                                "user_id": "U02FJ10NAN9"
                            },
                            {
                                "type": "text",
                                "text": ", I specialise in whitepapers and research reports. Can I DM you?"
                            }
                        ]
                    }
                ]
            }
        ],
        "thread_ts": "1650047472.694849",
        "parent_user_id": "U02FJ10NAN9"
    },
    {
        "client_msg_id": "7f5292de-e503-4460-bbe0-227cb4c2034f",
        "type": "message",
        "text": "Hey everyone! I'm Claire, the freelance blog manager for ConvertKit.\n\nWe're looking to hire 1-2 content writers to help us out throughout May-August. If you have experience with the creator economy, excellent marketing knowledge, and a proven record of writing top-tier long-form content, I'd love to hear from you!\n\nPlease fill out <https:\/\/forms.gle\/icvrfXPbvWn7T44Z7|this form> (and be snappy about it, I'll be going through responses tomorrow and reaching out to folks!)\n\nShoot me a DM if you have any questions. Looking forward to hearing from you! :raised_hands:",
        "user": "U02H3K9BEMA",
        "ts": "1651002107.818259",
        "team": "TJE58GTJL",
        "user_team": "TJE58GTJL",
        "source_team": "TJE58GTJL",
        "user_profile": {
            "avatar_hash": "09a184af1fd8",
            "image_72": "https:\/\/avatars.slack-edge.com\/2021-10-07\/2592228292273_09a184af1fd866e135e1_72.jpg",
            "first_name": "Claire",
            "real_name": "Claire Beveridge",
            "display_name": "Claire Beveridge",
            "team": "TJE58GTJL",
            "name": "claire919",
            "is_restricted": false,
            "is_ultra_restricted": false
        },
        "blocks": [
            {
                "type": "rich_text",
                "block_id": "PMuUN",
                "elements": [
                    {
                        "type": "rich_text_section",
                        "elements": [
                            {
                                "type": "text",
                                "text": "Hey everyone! I'm Claire, the freelance blog manager for ConvertKit.\n\nWe're looking to hire 1-2 content writers to help us out throughout May-August. If you have experience with the creator economy, excellent marketing knowledge, and a proven record of writing top-tier long-form content, I'd love to hear from you!\n\nPlease fill out "
                            },
                            {
                                "type": "link",
                                "url": "https:\/\/forms.gle\/icvrfXPbvWn7T44Z7",
                                "text": "this form"
                            },
                            {
                                "type": "text",
                                "text": " (and be snappy about it, I'll be going through responses tomorrow and reaching out to folks!)\n\nShoot me a DM if you have any questions. Looking forward to hearing from you! "
                            },
                            {
                                "type": "emoji",
                                "name": "raised_hands"
                            }
                        ]
                    }
                ]
            }
        ],
        "thread_ts": "1651002107.818259",
        "reply_count": 10,
        "reply_users_count": 10,
        "latest_reply": "1651247633.061499",
        "reply_users": [
            "U0314FHJ17T",
            "UN227ML2H",
            "U03AD261X2A",
            "U019CM82CE9",
            "U036Z5G3TQB",
            "U02AR2XSN1M",
            "U034ZC5RY3U",
            "U02NUGJ6BUM",
            "UR1BHUY6Q",
            "U034480S17A"
        ],
        "replies": [
            {
                "user": "U0314FHJ17T",
                "ts": "1651002711.459719"
            },
            {
                "user": "UN227ML2H",
                "ts": "1651002863.552359"
            },
            {
                "user": "U03AD261X2A",
                "ts": "1651003888.419299"
            },
            {
                "user": "U019CM82CE9",
                "ts": "1651005173.733369"
            },
            {
                "user": "U036Z5G3TQB",
                "ts": "1651008887.966079"
            },
            {
                "user": "U02AR2XSN1M",
                "ts": "1651038948.270599"
            },
            {
                "user": "U034ZC5RY3U",
                "ts": "1651049910.826319"
            },
            {
                "user": "U02NUGJ6BUM",
                "ts": "1651057012.458759"
            },
            {
                "user": "UR1BHUY6Q",
                "ts": "1651065216.513069"
            },
            {
                "user": "U034480S17A",
                "ts": "1651247633.061499"
            }
        ],
        "is_locked": false,
        "subscribed": false,
        "reactions": [
            {
                "name": "sparkles",
                "users": [
                    "U0314FHJ17T",
                    "UN227ML2H",
                    "U02GMMQ281W",
                    "U01J84U3SQ6",
                    "U03AKM782EN",
                    "U02B60S6FBM",
                    "U02L5GTFSGG",
                    "U03D1SW2NGJ"
                ],
                "count": 8
            },
            {
                "name": "+1",
                "users": [
                    "U03769YTZEE",
                    "U03AD261X2A",
                    "UJG9WTEKG"
                ],
                "count": 3
            },
            {
                "name": "raised_hands",
                "users": [
                    "U030Y8U92UW"
                ],
                "count": 1
            },
            {
                "name": "hearts",
                "users": [
                    "UUJBMNRNF",
                    "U02CUMQBP9R",
                    "U03D56KAB4G",
                    "U02NUGJ6BUM",
                    "U02R3S1RBUL",
                    "U015XHF0RE0",
                    "U02KY0R6YGK"
                ],
                "count": 7
            },
            {
                "name": "wave",
                "users": [
                    "U01AHL8AGBB",
                    "UJJELJPNH"
                ],
                "count": 2
            }
        ]
    },
    {
        "client_msg_id": "82a4011d-a30b-4178-aaec-958d36205a45",
        "type": "message",
        "text": "Filled it out earlier this week! :slightly_smiling_face: :crossed_fingers:",
        "user": "U0314FHJ17T",
        "ts": "1651002711.459719",
        "team": "TJE58GTJL",
        "user_team": "TJE58GTJL",
        "source_team": "TJE58GTJL",
        "user_profile": {
            "avatar_hash": "511fb540dd91",
            "image_72": "https:\/\/avatars.slack-edge.com\/2022-01-31\/3030171498949_511fb540dd91b1025fe1_72.jpg",
            "first_name": "Chloe",
            "real_name": "Chloe West",
            "display_name": "Chloe West",
            "team": "TJE58GTJL",
            "name": "chloexwest",
            "is_restricted": false,
            "is_ultra_restricted": false
        },
        "blocks": [
            {
                "type": "rich_text",
                "block_id": "Tpb",
                "elements": [
                    {
                        "type": "rich_text_section",
                        "elements": [
                            {
                                "type": "text",
                                "text": "Filled it out earlier this week! "
                            },
                            {
                                "type": "emoji",
                                "name": "slightly_smiling_face"
                            },
                            {
                                "type": "text",
                                "text": " "
                            },
                            {
                                "type": "emoji",
                                "name": "crossed_fingers"
                            }
                        ]
                    }
                ]
            }
        ],
        "thread_ts": "1651002107.818259",
        "parent_user_id": "U02H3K9BEMA",
        "reactions": [
            {
                "name": "raised_hands",
                "users": [
                    "U02H3K9BEMA"
                ],
                "count": 1
            }
        ]
    },
    {
        "client_msg_id": "846242a3-e29b-4603-90d0-1c8f4dc24f89",
        "type": "message",
        "text": "Omg. I don’t think I’ve jumped on anything faster. I follow ConvertKit and *adore* y’all’s podcast _The Future Belongs to Creators_. Just sent in my application :star-struck:",
        "user": "UN227ML2H",
        "ts": "1651002863.552359",
        "team": "TJE58GTJL",
        "user_team": "TJE58GTJL",
        "source_team": "TJE58GTJL",
        "user_profile": {
            "avatar_hash": "73075d02e70f",
            "image_72": "https:\/\/avatars.slack-edge.com\/2020-09-28\/1393806804451_73075d02e70f4a4344d6_72.jpg",
            "first_name": "Whitney",
            "real_name": "Whitney Rudeseal Peet",
            "display_name": "Whitney Rudeseal Peet",
            "team": "TJE58GTJL",
            "name": "whitneyrudeseal",
            "is_restricted": false,
            "is_ultra_restricted": false
        },
        "blocks": [
            {
                "type": "rich_text",
                "block_id": "VeUII",
                "elements": [
                    {
                        "type": "rich_text_section",
                        "elements": [
                            {
                                "type": "text",
                                "text": "Omg. I don’t think I’ve jumped on anything faster. I follow ConvertKit and "
                            },
                            {
                                "type": "text",
                                "text": "adore",
                                "style": {
                                    "bold": true
                                }
                            },
                            {
                                "type": "text",
                                "text": " y’all’s podcast "
                            },
                            {
                                "type": "text",
                                "text": "The Future Belongs to Creators",
                                "style": {
                                    "italic": true
                                }
                            },
                            {
                                "type": "text",
                                "text": ". Just sent in my application "
                            },
                            {
                                "type": "emoji",
                                "name": "star-struck"
                            }
                        ]
                    }
                ]
            }
        ],
        "thread_ts": "1651002107.818259",
        "parent_user_id": "U02H3K9BEMA",
        "reactions": [
            {
                "name": "raised_hands",
                "users": [
                    "U02H3K9BEMA"
                ],
                "count": 1
            }
        ]
    },
    {
        "client_msg_id": "1B6CD448-5D29-4DEF-B362-49DA6092477D",
        "type": "message",
        "text": "Just filled in this form today:heart_eyes:",
        "user": "U03AD261X2A",
        "ts": "1651003888.419299",
        "team": "TJE58GTJL",
        "user_team": "TJE58GTJL",
        "source_team": "TJE58GTJL",
        "user_profile": {
            "avatar_hash": "ca3f13fe4c5b",
            "image_72": "https:\/\/avatars.slack-edge.com\/2022-04-07\/3362548952756_ca3f13fe4c5bc4337200_72.jpg",
            "first_name": "Reem",
            "real_name": "Reem S. Abouemera",
            "display_name": "Reem S. Abouemera",
            "team": "TJE58GTJL",
            "name": "reem.abouemera",
            "is_restricted": false,
            "is_ultra_restricted": false
        },
        "blocks": [
            {
                "type": "rich_text",
                "block_id": "djX",
                "elements": [
                    {
                        "type": "rich_text_section",
                        "elements": [
                            {
                                "type": "text",
                                "text": "Just filled in this form today"
                            },
                            {
                                "type": "emoji",
                                "name": "heart_eyes"
                            }
                        ]
                    }
                ]
            }
        ],
        "thread_ts": "1651002107.818259",
        "parent_user_id": "U02H3K9BEMA",
        "reactions": [
            {
                "name": "raised_hands",
                "users": [
                    "U02H3K9BEMA"
                ],
                "count": 1
            }
        ]
    },
    {
        "client_msg_id": "2123165e-7c99-4506-b4c3-7d58f1291c3d",
        "type": "message",
        "text": "I actually filled this out last night!",
        "user": "U019CM82CE9",
        "ts": "1651005173.733369",
        "team": "TJE58GTJL",
        "user_team": "TJE58GTJL",
        "source_team": "TJE58GTJL",
        "user_profile": {
            "avatar_hash": "703c029d7106",
            "image_72": "https:\/\/avatars.slack-edge.com\/2021-09-13\/2485847415795_703c029d7106db84299d_72.jpg",
            "first_name": "Berrak",
            "real_name": "Berrak Sarikaya",
            "display_name": "Berrak Sarikaya",
            "team": "TJE58GTJL",
            "name": "berrakbiz",
            "is_restricted": false,
            "is_ultra_restricted": false
        },
        "blocks": [
            {
                "type": "rich_text",
                "block_id": "BDv",
                "elements": [
                    {
                        "type": "rich_text_section",
                        "elements": [
                            {
                                "type": "text",
                                "text": "I actually filled this out last night!"
                            }
                        ]
                    }
                ]
            }
        ],
        "thread_ts": "1651002107.818259",
        "parent_user_id": "U02H3K9BEMA",
        "reactions": [
            {
                "name": "raised_hands",
                "users": [
                    "U02H3K9BEMA"
                ],
                "count": 1
            }
        ]
    },
    {
        "client_msg_id": "5157a398-b135-47f7-9f08-cd36d98ce0af",
        "type": "message",
        "text": "I sent in an application. Thanks",
        "user": "U036Z5G3TQB",
        "ts": "1651008887.966079",
        "team": "TJE58GTJL",
        "user_team": "TJE58GTJL",
        "source_team": "TJE58GTJL",
        "user_profile": {
            "avatar_hash": "f6b22bde2120",
            "image_72": "https:\/\/avatars.slack-edge.com\/2022-03-14\/3234832393701_f6b22bde2120e3d54f60_72.png",
            "first_name": "Godwin",
            "real_name": "Godwin Oluponmile",
            "display_name": "Godwin Oluponmile",
            "team": "TJE58GTJL",
            "name": "godwin",
            "is_restricted": false,
            "is_ultra_restricted": false
        },
        "blocks": [
            {
                "type": "rich_text",
                "block_id": "jTqYU",
                "elements": [
                    {
                        "type": "rich_text_section",
                        "elements": [
                            {
                                "type": "text",
                                "text": "I sent in an application. Thanks"
                            }
                        ]
                    }
                ]
            }
        ],
        "thread_ts": "1651002107.818259",
        "parent_user_id": "U02H3K9BEMA"
    },
    {
        "client_msg_id": "b36fd4a7-a92c-44eb-b0a7-280b26d095c7",
        "type": "message",
        "text": "I don't have capacity right now but just wanted to jump in and say that's awesome that you work with ConvertKit Claire, it's a great platform!\n(Also - happy for another zoom catch up any time!)",
        "user": "U02AR2XSN1M",
        "ts": "1651038948.270599",
        "team": "TJE58GTJL",
        "user_team": "TJE58GTJL",
        "source_team": "TJE58GTJL",
        "user_profile": {
            "avatar_hash": "b0fa34c3f8f5",
            "image_72": "https:\/\/avatars.slack-edge.com\/2021-08-16\/2368450553975_b0fa34c3f8f5e02f6b43_72.jpg",
            "first_name": "Leonie",
            "real_name": "Leonie Waldron",
            "display_name": "Leonie Waldron",
            "team": "TJE58GTJL",
            "name": "leonie",
            "is_restricted": false,
            "is_ultra_restricted": false
        },
        "blocks": [
            {
                "type": "rich_text",
                "block_id": "\/ft",
                "elements": [
                    {
                        "type": "rich_text_section",
                        "elements": [
                            {
                                "type": "text",
                                "text": "I don't have capacity right now but just wanted to jump in and say that's awesome that you work with ConvertKit Claire, it's a great platform!\n(Also - happy for another zoom catch up any time!)"
                            }
                        ]
                    }
                ]
            }
        ],
        "thread_ts": "1651002107.818259",
        "parent_user_id": "U02H3K9BEMA"
    }
]