[
    {
        "client_msg_id": "6ef831f6-fa85-4355-9cf5-90bb238882df",
        "type": "message",
        "text": "Hey folks,\n\nI’m looking for an experienced, quick-witted freelancer blog writer (5+ years) to help support our B2B blog content on topics including:\n\n• Small and local business best practices in industries such as retail, automotive, home services, professional services, healthcare, dental, financial services, agencies\n• General marketing, SMS text marketing, email marketing, video marketing\n• Reputation management (Google, Yelp, etc. reviews) \n• Digital transformation \n• Live chat software\n• B2B SaaS\n• Customer experiences (in-person and online)\nThis person would be responsible for ghostwriting 2-4 SEO-optimized blogs\/week (~750-1,200 words) and working closely with our blog editor to create engaging and entertaining content. Rates start at $80\/hr.\n\nIf you’re interested, please reach out on slack to provide *relevant* samples of your work, availability\/bandwidth, and any additional questions. And, it goes without saying, but, I have a day job so please be patient with my response time :wink:\n\nThank you!",
        "user": "U0391JK0P5W",
        "ts": "1648738210.725059",
        "team": "TJE58GTJL",
        "user_team": "TJE58GTJL",
        "source_team": "TJE58GTJL",
        "user_profile": {
            "avatar_hash": "82d7416fd46b",
            "image_72": "https:\/\/avatars.slack-edge.com\/2022-03-23\/3284126888083_82d7416fd46baf73914e_72.jpg",
            "first_name": "Sarah",
            "real_name": "Sarah Frazier",
            "display_name": "Sarah Frazier",
            "team": "TJE58GTJL",
            "name": "sarah.frazier",
            "is_restricted": false,
            "is_ultra_restricted": false
        },
        "blocks": [
            {
                "type": "rich_text",
                "block_id": "qkuhO",
                "elements": [
                    {
                        "type": "rich_text_section",
                        "elements": [
                            {
                                "type": "text",
                                "text": "Hey folks,\n\nI’m looking for an experienced, quick-witted freelancer blog writer (5+ years) to help support our B2B blog content on topics including:\n\n"
                            }
                        ]
                    },
                    {
                        "type": "rich_text_list",
                        "elements": [
                            {
                                "type": "rich_text_section",
                                "elements": [
                                    {
                                        "type": "text",
                                        "text": "Small and local business best practices in industries such as retail, automotive, home services, professional services, healthcare, dental, financial services, agencies"
                                    }
                                ]
                            },
                            {
                                "type": "rich_text_section",
                                "elements": [
                                    {
                                        "type": "text",
                                        "text": "General marketing, SMS text marketing, email marketing, video marketing"
                                    }
                                ]
                            },
                            {
                                "type": "rich_text_section",
                                "elements": [
                                    {
                                        "type": "text",
                                        "text": "Reputation management (Google, Yelp, etc. reviews) "
                                    }
                                ]
                            },
                            {
                                "type": "rich_text_section",
                                "elements": [
                                    {
                                        "type": "text",
                                        "text": "Digital transformation "
                                    }
                                ]
                            },
                            {
                                "type": "rich_text_section",
                                "elements": [
                                    {
                                        "type": "text",
                                        "text": "Live chat software"
                                    }
                                ]
                            },
                            {
                                "type": "rich_text_section",
                                "elements": [
                                    {
                                        "type": "text",
                                        "text": "B2B SaaS"
                                    }
                                ]
                            },
                            {
                                "type": "rich_text_section",
                                "elements": [
                                    {
                                        "type": "text",
                                        "text": "Customer experiences (in-person and online)"
                                    }
                                ]
                            }
                        ],
                        "style": "bullet",
                        "indent": 0,
                        "border": 0
                    },
                    {
                        "type": "rich_text_section",
                        "elements": [
                            {
                                "type": "text",
                                "text": "\nThis person would be responsible for ghostwriting 2-4 SEO-optimized blogs\/week (~750-1,200 words) and working closely with our blog editor to create engaging and entertaining content. Rates start at $80\/hr.\n\nIf you’re interested, please reach out on slack to provide "
                            },
                            {
                                "type": "text",
                                "text": "relevant",
                                "style": {
                                    "bold": true
                                }
                            },
                            {
                                "type": "text",
                                "text": " samples of your work, availability\/bandwidth, and any additional questions. And, it goes without saying, but, I have a day job so please be patient with my response time "
                            },
                            {
                                "type": "emoji",
                                "name": "wink"
                            },
                            {
                                "type": "text",
                                "text": "\n\nThank you!"
                            }
                        ]
                    }
                ]
            }
        ],
        "thread_ts": "1648738210.725059",
        "reply_count": 4,
        "reply_users_count": 4,
        "latest_reply": "1649100329.238369",
        "reply_users": [
            "U035PRM7UR1",
            "U02GMMQ281W",
            "U015XHF0RE0",
            "U019CM82CE9"
        ],
        "replies": [
            {
                "user": "U035PRM7UR1",
                "ts": "1648749871.003049"
            },
            {
                "user": "U02GMMQ281W",
                "ts": "1648752910.152599"
            },
            {
                "user": "U015XHF0RE0",
                "ts": "1648832103.628609"
            },
            {
                "user": "U019CM82CE9",
                "ts": "1649100329.238369"
            }
        ],
        "is_locked": false,
        "subscribed": false,
        "reactions": [
            {
                "name": "raised_hands",
                "users": [
                    "U02U5183N90",
                    "U01K3VD3154",
                    "U038RGPBT39",
                    "U01AHL8AGBB",
                    "U02F1GK6U6B",
                    "U03164Q045P",
                    "U01J84U3SQ6",
                    "U03330MFEN4"
                ],
                "count": 8
            },
            {
                "name": "heart",
                "users": [
                    "U01K3VD3154",
                    "U038RGPBT39",
                    "U01AHL8AGBB",
                    "U02HD0L8HAP",
                    "U02CUMQBP9R",
                    "U039SG2UQHX",
                    "U015XHF0RE0",
                    "U03330MFEN4",
                    "U029WCJDVU0"
                ],
                "count": 9
            },
            {
                "name": "the_horns",
                "users": [
                    "U029WCJDVU0",
                    "U03330MFEN4"
                ],
                "count": 2
            },
            {
                "name": "raised_hands::skin-tone-3",
                "users": [
                    "U02RXFYA3T4"
                ],
                "count": 1
            }
        ]
    },
    {
        "client_msg_id": "3598A7FC-D7BD-4DD8-A761-F0AFF507F3BB",
        "type": "message",
        "text": "Hey Sarah - can I have your email? :)",
        "user": "U035PRM7UR1",
        "ts": "1648749871.003049",
        "team": "TJE58GTJL",
        "user_team": "TJE58GTJL",
        "source_team": "TJE58GTJL",
        "user_profile": {
            "avatar_hash": "7c48f0494041",
            "image_72": "https:\/\/avatars.slack-edge.com\/2022-03-04\/3180127949831_7c48f0494041889cf38e_72.png",
            "first_name": "Neha",
            "real_name": "Neha",
            "display_name": "Neha",
            "team": "TJE58GTJL",
            "name": "neha",
            "is_restricted": false,
            "is_ultra_restricted": false
        },
        "blocks": [
            {
                "type": "rich_text",
                "block_id": "vs7dB",
                "elements": [
                    {
                        "type": "rich_text_section",
                        "elements": [
                            {
                                "type": "text",
                                "text": "Hey Sarah - can I have your email? :)"
                            }
                        ]
                    }
                ]
            }
        ],
        "thread_ts": "1648738210.725059",
        "parent_user_id": "U0391JK0P5W"
    },
    {
        "client_msg_id": "568ea929-39f8-436e-89ab-97cb305cb80d",
        "type": "message",
        "text": "Hey Sarah! I would love to help. Former cybersecurity pro turned content marketing writer. I will message you directly.",
        "user": "U02GMMQ281W",
        "ts": "1648752910.152599",
        "team": "TJE58GTJL",
        "user_team": "TJE58GTJL",
        "source_team": "TJE58GTJL",
        "user_profile": {
            "avatar_hash": "e1131d2dfd73",
            "image_72": "https:\/\/avatars.slack-edge.com\/2021-10-12\/2589760574406_e1131d2dfd73f2e7db3e_72.png",
            "first_name": "Amanda",
            "real_name": "Amanda S.",
            "display_name": "Amanda",
            "team": "TJE58GTJL",
            "name": "theglamtechie",
            "is_restricted": false,
            "is_ultra_restricted": false
        },
        "blocks": [
            {
                "type": "rich_text",
                "block_id": "e7x1",
                "elements": [
                    {
                        "type": "rich_text_section",
                        "elements": [
                            {
                                "type": "text",
                                "text": "Hey Sarah! I would love to help. Former cybersecurity pro turned content marketing writer. I will message you directly."
                            }
                        ]
                    }
                ]
            }
        ],
        "thread_ts": "1648738210.725059",
        "parent_user_id": "U0391JK0P5W"
    },
    {
        "client_msg_id": "e44a8ead-1c22-4c30-8dde-86cdefd62aba",
        "type": "message",
        "text": "<@U035FFGEHT2> and <@U035Q6N11A4> (who did AMA recently) officially launched their product today → <https:\/\/twitter.com\/SamanthaAnderl\/status\/1509552094960750594>",
        "user": "UJG9WTEKG",
        "ts": "1648760410.613729",
        "team": "TJE58GTJL",
        "user_team": "TJE58GTJL",
        "source_team": "TJE58GTJL",
        "user_profile": {
            "avatar_hash": "gc25b94e6ebf",
            "image_72": "https:\/\/secure.gravatar.com\/avatar\/eec25b94e6ebf55f0b7933372344cd09.jpg?s=72&d=https%3A%2F%2Fa.slack-edge.com%2Fdf10d%2Fimg%2Favatars%2Fava_0001-72.png",
            "first_name": "Jimmy",
            "real_name": "Jimmy Daly",
            "display_name": "",
            "team": "TJE58GTJL",
            "name": "runjimdaly",
            "is_restricted": false,
            "is_ultra_restricted": false
        },
        "attachments": [
            {
                "from_url": "https:\/\/twitter.com\/SamanthaAnderl\/status\/1509552094960750594",
                "ts": 1648740240,
                "thumb_url": "https:\/\/pbs.twimg.com\/ext_tw_video_thumb\/1509551111161622528\/pu\/img\/UVXMGf4bKKe7D-j-.jpg",
                "thumb_width": 1200,
                "thumb_height": 675,
                "video_html": "<video controls poster=\"https:\/\/pbs.twimg.com\/ext_tw_video_thumb\/1509551111161622528\/pu\/img\/UVXMGf4bKKe7D-j-.jpg\" width=\"1200\" height=\"675\"><source type=\"video\/mp4\" src=\"https:\/\/video.twimg.com\/ext_tw_video\/1509551111161622528\/pu\/vid\/1280x720\/4iG56Cyg1uhYjT8E.mp4?tag=12\"><\/video>",
                "video_html_width": 1200,
                "video_html_height": 675,
                "id": 1,
                "original_url": "https:\/\/twitter.com\/SamanthaAnderl\/status\/1509552094960750594",
                "fallback": "<https:\/\/twitter.com\/SamanthaAnderl|@SamanthaAnderl>: Today is a VERY exciting day. Why you ask?\n\nBecause Harlow is officially live. :champagne: <https:\/\/pbs.twimg.com\/ext_tw_video_thumb\/1509551111161622528\/pu\/img\/UVXMGf4bKKe7D-j-.jpg>",
                "text": "Today is a VERY exciting day. Why you ask?\n\nBecause Harlow is officially live. :champagne:",
                "author_name": "Samantha Anderl",
                "author_link": "https:\/\/twitter.com\/SamanthaAnderl\/status\/1509552094960750594",
                "author_icon": "https:\/\/pbs.twimg.com\/profile_images\/1236456829900615681\/wcafnxOY_normal.jpg",
                "author_subname": "@SamanthaAnderl",
                "service_name": "twitter",
                "service_url": "https:\/\/twitter.com\/",
                "footer": "Twitter",
                "footer_icon": "https:\/\/a.slack-edge.com\/80588\/img\/services\/twitter_pixel_snapped_32.png"
            }
        ],
        "blocks": [
            {
                "type": "rich_text",
                "block_id": "iF11",
                "elements": [
                    {
                        "type": "rich_text_section",
                        "elements": [
                            {
                                "type": "user",
                                "user_id": "U035FFGEHT2"
                            },
                            {
                                "type": "text",
                                "text": " and "
                            },
                            {
                                "type": "user",
                                "user_id": "U035Q6N11A4"
                            },
                            {
                                "type": "text",
                                "text": " (who did AMA recently) officially launched their product today → "
                            },
                            {
                                "type": "link",
                                "url": "https:\/\/twitter.com\/SamanthaAnderl\/status\/1509552094960750594"
                            }
                        ]
                    }
                ]
            }
        ],
        "thread_ts": "1648760410.613729",
        "reply_count": 1,
        "reply_users_count": 1,
        "latest_reply": "1648761366.772449",
        "reply_users": [
            "U02HWBZS9QC"
        ],
        "replies": [
            {
                "user": "U02HWBZS9QC",
                "ts": "1648761366.772449"
            }
        ],
        "is_locked": false,
        "subscribed": true,
        "last_read": "1648761366.772449",
        "reactions": [
            {
                "name": "tada",
                "users": [
                    "U035Q6N11A4",
                    "U01NM31CTFU",
                    "U0320BS53RQ",
                    "U02H3K9BEMA",
                    "UN227ML2H",
                    "U03018Z4NTA",
                    "U02SU2BECCA",
                    "U03164PL57T"
                ],
                "count": 8
            }
        ]
    },
    {
        "client_msg_id": "7d3c2590-a1c7-442b-b792-3d9994e699f8",
        "type": "message",
        "text": "Congratulations <@U035FFGEHT2> &amp; <@U035Q6N11A4>",
        "user": "U02HWBZS9QC",
        "ts": "1648761366.772449",
        "team": "TJE58GTJL",
        "user_team": "TJE58GTJL",
        "source_team": "TJE58GTJL",
        "user_profile": {
            "avatar_hash": "cea3c2adb719",
            "image_72": "https:\/\/avatars.slack-edge.com\/2021-12-23\/2879299611220_cea3c2adb71995b8fd88_72.jpg",
            "first_name": "Ankit",
            "real_name": "Ankit Vora",
            "display_name": "",
            "team": "TJE58GTJL",
            "name": "ankitplaynody",
            "is_restricted": false,
            "is_ultra_restricted": false
        },
        "blocks": [
            {
                "type": "rich_text",
                "block_id": "nm76",
                "elements": [
                    {
                        "type": "rich_text_section",
                        "elements": [
                            {
                                "type": "text",
                                "text": "Congratulations "
                            },
                            {
                                "type": "user",
                                "user_id": "U035FFGEHT2"
                            },
                            {
                                "type": "text",
                                "text": " & "
                            },
                            {
                                "type": "user",
                                "user_id": "U035Q6N11A4"
                            }
                        ]
                    }
                ]
            }
        ],
        "thread_ts": "1648760410.613729",
        "parent_user_id": "UJG9WTEKG",
        "reactions": [
            {
                "name": "heart",
                "users": [
                    "U035FFGEHT2"
                ],
                "count": 1
            }
        ]
    },
    {
        "client_msg_id": "6a7af876-10fc-4530-a8d6-ef41bbb65226",
        "type": "message",
        "text": "Hi all, any SEO and link builder in the house? I'm in need of a freelancer with amazing SEO knowledge and link building skills for 10 hours per week. If you are interested kindly send me a message with your rates.",
        "user": "U032Q4CT9G8",
        "ts": "1648767218.291839",
        "team": "TJE58GTJL",
        "user_team": "TJE58GTJL",
        "source_team": "TJE58GTJL",
        "user_profile": {
            "avatar_hash": "acda585807dd",
            "image_72": "https:\/\/avatars.slack-edge.com\/2022-02-07\/3081750552081_acda585807dd8ce5fbb1_72.jpg",
            "first_name": "Oluchukwu",
            "real_name": "Oluchukwu Njoku",
            "display_name": "Luu",
            "team": "TJE58GTJL",
            "name": "oluchukwunjoku1",
            "is_restricted": false,
            "is_ultra_restricted": false
        },
        "blocks": [
            {
                "type": "rich_text",
                "block_id": "zaw",
                "elements": [
                    {
                        "type": "rich_text_section",
                        "elements": [
                            {
                                "type": "text",
                                "text": "Hi all, any SEO and link builder in the house? I'm in need of a freelancer with amazing SEO knowledge and link building skills for 10 hours per week. If you are interested kindly send me a message with your rates."
                            }
                        ]
                    }
                ]
            }
        ]
    },
    {
        "client_msg_id": "c3c3e39b-6f59-49e8-8a34-8b572e61c7c2",
        "type": "message",
        "text": "Would anyone be willing to share their copywriting rates (or general market rates for a skilled copywriter?)  on a per site page basis?",
        "user": "U02QDLB9ASU",
        "ts": "1648773004.785709",
        "team": "TJE58GTJL",
        "user_team": "TJE58GTJL",
        "source_team": "TJE58GTJL",
        "user_profile": {
            "avatar_hash": "e5ced2747fd1",
            "image_72": "https:\/\/avatars.slack-edge.com\/2022-03-26\/3292956830326_e5ced2747fd11466f3ff_72.png",
            "first_name": "Randy",
            "real_name": "Randy Ginsburg",
            "display_name": "Randy Ginsburg",
            "team": "TJE58GTJL",
            "name": "randy",
            "is_restricted": false,
            "is_ultra_restricted": false
        },
        "blocks": [
            {
                "type": "rich_text",
                "block_id": "FWufg",
                "elements": [
                    {
                        "type": "rich_text_section",
                        "elements": [
                            {
                                "type": "text",
                                "text": "Would anyone be willing to share their copywriting rates (or general market rates for a skilled copywriter?)  on a per site page basis?"
                            }
                        ]
                    }
                ]
            }
        ],
        "thread_ts": "1648773004.785709",
        "reply_count": 6,
        "reply_users_count": 5,
        "latest_reply": "1650789389.440979",
        "reply_users": [
            "U01TB1SDD61",
            "U02QDLB9ASU",
            "U032AAX829K",
            "U034NCQDL4C",
            "U03AVHF6PGE"
        ],
        "replies": [
            {
                "user": "U01TB1SDD61",
                "ts": "1648773492.303719"
            },
            {
                "user": "U02QDLB9ASU",
                "ts": "1648774414.041269"
            },
            {
                "user": "U032AAX829K",
                "ts": "1648798213.947549"
            },
            {
                "user": "U034NCQDL4C",
                "ts": "1648839137.553619"
            },
            {
                "user": "U02QDLB9ASU",
                "ts": "1648852639.337159"
            },
            {
                "user": "U03AVHF6PGE",
                "ts": "1650789389.440979"
            }
        ],
        "is_locked": false,
        "subscribed": false
    },
    {
        "client_msg_id": "cb8317c1-5513-4265-a2dd-c0f8cf6e3928",
        "type": "message",
        "text": "Here's a piece by Peak Freelance:\n<https:\/\/twitter.com\/joinPF\/status\/1509606280817696770?t=K6bQ7AgNyMjRsw7u4LiaYA&amp;s=19|https:\/\/twitter.com\/joinPF\/status\/1509606280817696770?t=K6bQ7AgNyMjRsw7u4LiaYA&amp;s=19>",
        "user": "U01TB1SDD61",
        "ts": "1648773492.303719",
        "team": "TJE58GTJL",
        "user_team": "TJE58GTJL",
        "source_team": "TJE58GTJL",
        "user_profile": {
            "avatar_hash": "2da59dbebfcc",
            "image_72": "https:\/\/avatars.slack-edge.com\/2022-01-27\/3018278919268_2da59dbebfccdb6e4267_72.png",
            "first_name": "Rosemary",
            "real_name": "Rosemary Egbo",
            "display_name": "Rosemary Egbo",
            "team": "TJE58GTJL",
            "name": "rosemaryegbo2",
            "is_restricted": false,
            "is_ultra_restricted": false
        },
        "attachments": [
            {
                "from_url": "https:\/\/twitter.com\/joinPF\/status\/1509606280817696770?t=K6bQ7AgNyMjRsw7u4LiaYA&amp;s=19",
                "ts": 1648753159,
                "id": 1,
                "original_url": "https:\/\/twitter.com\/joinPF\/status\/1509606280817696770?t=K6bQ7AgNyMjRsw7u4LiaYA&amp;s=19",
                "fallback": "<https:\/\/twitter.com\/joinPF|@joinPF>: Resurfacing some surprising data from our freelance writing survey:\n\n:broken_heart: $250 to $399 is the most popular rate for a 1,500 word blog post.\n:memo: $500 to $999 is the most popular rate for writing a whitepaper.\n:moneybag: The most popular pricing model is per project.\n\n<https:\/\/peakfreelance.com\/blog\/freelance-writing-rates\/>",
                "text": "Resurfacing some surprising data from our freelance writing survey:\n\n:broken_heart: $250 to $399 is the most popular rate for a 1,500 word blog post.\n:memo: $500 to $999 is the most popular rate for writing a whitepaper.\n:moneybag: The most popular pricing model is per project.\n\n<https:\/\/peakfreelance.com\/blog\/freelance-writing-rates\/>",
                "author_name": "Peak Freelance",
                "author_link": "https:\/\/twitter.com\/joinPF\/status\/1509606280817696770",
                "author_icon": "https:\/\/pbs.twimg.com\/profile_images\/1387431297660997634\/l2AXa0j7_normal.jpg",
                "author_subname": "@joinPF",
                "service_name": "twitter",
                "service_url": "https:\/\/twitter.com\/",
                "footer": "Twitter",
                "footer_icon": "https:\/\/a.slack-edge.com\/80588\/img\/services\/twitter_pixel_snapped_32.png"
            }
        ],
        "blocks": [
            {
                "type": "rich_text",
                "block_id": "+Df4",
                "elements": [
                    {
                        "type": "rich_text_section",
                        "elements": [
                            {
                                "type": "text",
                                "text": "Here's a piece by Peak Freelance:\n"
                            },
                            {
                                "type": "link",
                                "url": "https:\/\/twitter.com\/joinPF\/status\/1509606280817696770?t=K6bQ7AgNyMjRsw7u4LiaYA&s=19",
                                "text": "https:\/\/twitter.com\/joinPF\/status\/1509606280817696770?t=K6bQ7AgNyMjRsw7u4LiaYA&s=19"
                            }
                        ]
                    }
                ]
            }
        ],
        "thread_ts": "1648773004.785709",
        "parent_user_id": "U02QDLB9ASU"
    },
    {
        "client_msg_id": "6331771c-45c0-45f2-87bb-a4b09dd157d8",
        "type": "message",
        "text": "Thanks for this Rosemary. Curious if there is anything for site copy specifically.",
        "user": "U02QDLB9ASU",
        "ts": "1648774414.041269",
        "team": "TJE58GTJL",
        "user_team": "TJE58GTJL",
        "source_team": "TJE58GTJL",
        "user_profile": {
            "avatar_hash": "e5ced2747fd1",
            "image_72": "https:\/\/avatars.slack-edge.com\/2022-03-26\/3292956830326_e5ced2747fd11466f3ff_72.png",
            "first_name": "Randy",
            "real_name": "Randy Ginsburg",
            "display_name": "Randy Ginsburg",
            "team": "TJE58GTJL",
            "name": "randy",
            "is_restricted": false,
            "is_ultra_restricted": false
        },
        "blocks": [
            {
                "type": "rich_text",
                "block_id": "pZv",
                "elements": [
                    {
                        "type": "rich_text_section",
                        "elements": [
                            {
                                "type": "text",
                                "text": "Thanks for this Rosemary. Curious if there is anything for site copy specifically."
                            }
                        ]
                    }
                ]
            }
        ],
        "thread_ts": "1648773004.785709",
        "parent_user_id": "U02QDLB9ASU"
    },
    {
        "client_msg_id": "e3c35670-f260-40e7-abdc-d13cf0a694fd",
        "type": "message",
        "text": "Hey team!\nFlow SEO is looking for an experienced, native-level English writer for guest posts. Competitive budget per article!\nThe topics are mainly employee engagement, internal communication, startup building, and remote work.\nThis is me: <https:\/\/www.linkedin.com\/in\/viola-eva\/>\nFeel free to ping me with an example of your writing and we can chat more!",
        "user": "U02J27W7K1B",
        "ts": "1648776022.203449",
        "team": "TJE58GTJL",
        "user_team": "TJE58GTJL",
        "source_team": "TJE58GTJL",
        "user_profile": {
            "avatar_hash": "g02f3d27587a",
            "image_72": "https:\/\/secure.gravatar.com\/avatar\/02f3d27587a93da21d03ed14d4d0aad0.jpg?s=72&d=https%3A%2F%2Fa.slack-edge.com%2Fdf10d%2Fimg%2Favatars%2Fava_0005-72.png",
            "first_name": "Viola",
            "real_name": "Viola Eva",
            "display_name": "Viola Eva",
            "team": "TJE58GTJL",
            "name": "viola",
            "is_restricted": false,
            "is_ultra_restricted": false
        },
        "blocks": [
            {
                "type": "rich_text",
                "block_id": "hR3",
                "elements": [
                    {
                        "type": "rich_text_section",
                        "elements": [
                            {
                                "type": "text",
                                "text": "Hey team!\nFlow SEO is looking for an experienced, native-level English writer for guest posts. Competitive budget per article!\nThe topics are mainly employee engagement, internal communication, startup building, and remote work.\nThis is me: "
                            },
                            {
                                "type": "link",
                                "url": "https:\/\/www.linkedin.com\/in\/viola-eva\/"
                            },
                            {
                                "type": "text",
                                "text": "\nFeel free to ping me with an example of your writing and we can chat more!"
                            }
                        ]
                    }
                ]
            }
        ],
        "thread_ts": "1648776022.203449",
        "reply_count": 1,
        "reply_users_count": 1,
        "latest_reply": "1648800232.867229",
        "reply_users": [
            "U03164Q045P"
        ],
        "replies": [
            {
                "user": "U03164Q045P",
                "ts": "1648800232.867229"
            }
        ],
        "is_locked": false,
        "subscribed": false,
        "reactions": [
            {
                "name": "eyes",
                "users": [
                    "U02GMMQ281W",
                    "U01DMU97FSS"
                ],
                "count": 2
            }
        ]
    }
]