[
    {
        "client_msg_id": "3d032d33-854b-42ba-bce1-8b1758d93eca",
        "type": "message",
        "text": "Hi Joel, Please feel free to reach out. This is my mail id- <mailto:jr.radhika94@gmail.com|jr.radhika94@gmail.com>",
        "user": "U039HM3EAH3",
        "ts": "1650526433.359949",
        "team": "TJE58GTJL",
        "user_team": "TJE58GTJL",
        "source_team": "TJE58GTJL",
        "user_profile": {
            "avatar_hash": "3f0b49afdb11",
            "image_72": "https:\/\/avatars.slack-edge.com\/2022-03-31\/3328361960194_3f0b49afdb1175287ea0_72.jpg",
            "first_name": "Radhika",
            "real_name": "Radhika M",
            "display_name": "Radhika M",
            "team": "TJE58GTJL",
            "name": "jr.radhika94",
            "is_restricted": false,
            "is_ultra_restricted": false
        },
        "blocks": [
            {
                "type": "rich_text",
                "block_id": "ANc",
                "elements": [
                    {
                        "type": "rich_text_section",
                        "elements": [
                            {
                                "type": "text",
                                "text": "Hi Joel, Please feel free to reach out. This is my mail id- "
                            },
                            {
                                "type": "link",
                                "url": "mailto:jr.radhika94@gmail.com",
                                "text": "jr.radhika94@gmail.com"
                            }
                        ]
                    }
                ]
            }
        ],
        "thread_ts": "1650468196.545709",
        "parent_user_id": "U03C3FH2ZH8"
    },
    {
        "client_msg_id": "4f0b1286-e946-46ce-8d86-1650810a8eda",
        "type": "message",
        "text": "Hi, Joel, this sounds very interesting. Would you mind sharing more details?",
        "user": "UPH4SCGTH",
        "ts": "1650529748.391919",
        "team": "TJE58GTJL",
        "user_team": "TJE58GTJL",
        "source_team": "TJE58GTJL",
        "user_profile": {
            "avatar_hash": "bcc2ca1b4a83",
            "image_72": "https:\/\/avatars.slack-edge.com\/2019-10-16\/784760822802_bcc2ca1b4a8301b321ae_72.jpg",
            "first_name": "",
            "real_name": "Nikoletta Triantafyllopoulou",
            "display_name": "Nikoletta Triantafyllopoulou",
            "team": "TJE58GTJL",
            "name": "letria",
            "is_restricted": false,
            "is_ultra_restricted": false
        },
        "blocks": [
            {
                "type": "rich_text",
                "block_id": "HBoWr",
                "elements": [
                    {
                        "type": "rich_text_section",
                        "elements": [
                            {
                                "type": "text",
                                "text": "Hi, Joel, this sounds very interesting. Would you mind sharing more details?"
                            }
                        ]
                    }
                ]
            }
        ],
        "thread_ts": "1650468196.545709",
        "parent_user_id": "U03C3FH2ZH8"
    },
    {
        "client_msg_id": "00c3a027-637e-4b53-b0bd-d662c554be22",
        "type": "message",
        "text": "Interesting question",
        "user": "U02TK8ZEA4B",
        "ts": "1650540585.870389",
        "team": "TJE58GTJL",
        "user_team": "TJE58GTJL",
        "source_team": "TJE58GTJL",
        "user_profile": {
            "avatar_hash": "4fe204704dcb",
            "image_72": "https:\/\/avatars.slack-edge.com\/2022-03-18\/3286478690368_4fe204704dcb34113fef_72.png",
            "first_name": "Chuks",
            "real_name": "Chuks Chukwuemeka",
            "display_name": "Chuks",
            "team": "TJE58GTJL",
            "name": "chukwuemekachukwudi72",
            "is_restricted": false,
            "is_ultra_restricted": false
        },
        "blocks": [
            {
                "type": "rich_text",
                "block_id": "95XR",
                "elements": [
                    {
                        "type": "rich_text_section",
                        "elements": [
                            {
                                "type": "text",
                                "text": "Interesting question"
                            }
                        ]
                    }
                ]
            }
        ],
        "thread_ts": "1650505675.971019",
        "parent_user_id": "U036K03RW1L"
    },
    {
        "client_msg_id": "5d115168-1db2-408e-aac4-4926dea860b2",
        "type": "message",
        "text": "Hey <@U03C0JYM4LV>, <@U03AQS3HCAH>, <@U039HM3EAH3>, and <@UPH4SCGTH> (and anyone else curious)….\n\nIf you DM me any work that shows off strategic, top-level brand writing, especially stuff that showcases personality and tone… I’ll be reviewing everything next week.\n\nI’m looking for someone (or a couple of someones), likely full-time freelance, that I can build a long-term relationship with over successive projects so we can begin to build a synergy and get to end results faster.\n\nAnd most importantly… writing exhausts me. I’m not as good at writing as some of the talented people I’ve worked with in the past. I can get to clear and succinct…. but I’m terrible at adding wit and personality.\n\nHope this helps—shoot me a DM!",
        "user": "U03C3FH2ZH8",
        "ts": "1650545804.610489",
        "team": "TJE58GTJL",
        "user_team": "TJE58GTJL",
        "source_team": "TJE58GTJL",
        "user_profile": {
            "avatar_hash": "3ded490b33f8",
            "image_72": "https:\/\/avatars.slack-edge.com\/2022-04-19\/3404910462518_3ded490b33f890328d30_72.jpg",
            "first_name": "Joel",
            "real_name": "Joel Carter",
            "display_name": "Joel Carter",
            "team": "TJE58GTJL",
            "name": "joel780",
            "is_restricted": false,
            "is_ultra_restricted": false
        },
        "blocks": [
            {
                "type": "rich_text",
                "block_id": "K\/y",
                "elements": [
                    {
                        "type": "rich_text_section",
                        "elements": [
                            {
                                "type": "text",
                                "text": "Hey "
                            },
                            {
                                "type": "user",
                                "user_id": "U03C0JYM4LV"
                            },
                            {
                                "type": "text",
                                "text": ", "
                            },
                            {
                                "type": "user",
                                "user_id": "U03AQS3HCAH"
                            },
                            {
                                "type": "text",
                                "text": ", "
                            },
                            {
                                "type": "user",
                                "user_id": "U039HM3EAH3"
                            },
                            {
                                "type": "text",
                                "text": ", and "
                            },
                            {
                                "type": "user",
                                "user_id": "UPH4SCGTH"
                            },
                            {
                                "type": "text",
                                "text": " (and anyone else curious)….\n\nIf you DM me any work that shows off strategic, top-level brand writing, especially stuff that showcases personality and tone… I’ll be reviewing everything next week.\n\nI’m looking for someone (or a couple of someones), likely full-time freelance, that I can build a long-term relationship with over successive projects so we can begin to build a synergy and get to end results faster.\n\nAnd most importantly… writing exhausts me. I’m not as good at writing as some of the talented people I’ve worked with in the past. I can get to clear and succinct…. but I’m terrible at adding wit and personality.\n\nHope this helps—shoot me a DM!"
                            }
                        ]
                    }
                ]
            }
        ],
        "thread_ts": "1650468196.545709",
        "parent_user_id": "U03C3FH2ZH8"
    },
    {
        "client_msg_id": "178a281e-6944-4c6f-88bc-cd7ce36ed8e6",
        "type": "message",
        "text": "Hey everyone - I’m looking for a B2B freelance writer for some on-and-off work with my team. I work in B2B cybersecurity, so you don’t have to be an expert in the field but you should know your way around cyber terminology. Here’s what I can provide you with:\n\n• Message mapping exercise that a branding agency did to showcase how we are shifting our approach to marketing\n• Clear briefs from Clearscope (see what I did there…)\n• Whole lot of existing examples on our website that the powers that be are happy with\n• A bunch of existing sales enablement material and directions to other resources that might help with research\n*What I’m looking for:* someone who can follow the brief, ask good questions and clarify up top so there is minimal need for “this is not what we meant” conversations later, you’re good at self-editing your first draft so we are editing for content. You might also be writing blogs based on a podcast — these are not transcriptions, but rather a blog written based on the salient takeaways of the episode. I will provide examples for what good looks like in every case.\n\nIf you’re interested, please DM me with your portfolio and your rates. Thanks friends!\n\n*Edit:* These blogs will be ghostwritten. Either they will be attributed straight to the company (more likely), or another SME in the org (rarely).",
        "user": "U01TPUG6YE5",
        "ts": "1650551025.130339",
        "team": "TJE58GTJL",
        "user_team": "TJE58GTJL",
        "source_team": "TJE58GTJL",
        "user_profile": {
            "avatar_hash": "e33fca718269",
            "image_72": "https:\/\/avatars.slack-edge.com\/2021-06-28\/2217136981141_e33fca718269ad91729b_72.png",
            "first_name": "Mitangi",
            "real_name": "Mitangi Parekh",
            "display_name": "Mitangi Parekh",
            "team": "TJE58GTJL",
            "name": "emparekh",
            "is_restricted": false,
            "is_ultra_restricted": false
        },
        "edited": {
            "user": "U01TPUG6YE5",
            "ts": "1650553087.000000"
        },
        "blocks": [
            {
                "type": "rich_text",
                "block_id": "38x",
                "elements": [
                    {
                        "type": "rich_text_section",
                        "elements": [
                            {
                                "type": "text",
                                "text": "Hey everyone - I’m looking for a B2B freelance writer for some on-and-off work with my team. I work in B2B cybersecurity, so you don’t have to be an expert in the field but you should know your way around cyber terminology. Here’s what I can provide you with:\n\n"
                            }
                        ]
                    },
                    {
                        "type": "rich_text_list",
                        "elements": [
                            {
                                "type": "rich_text_section",
                                "elements": [
                                    {
                                        "type": "text",
                                        "text": "Message mapping exercise that a branding agency did to showcase how we are shifting our approach to marketing"
                                    }
                                ]
                            },
                            {
                                "type": "rich_text_section",
                                "elements": [
                                    {
                                        "type": "text",
                                        "text": "Clear briefs from Clearscope (see what I did there…)"
                                    }
                                ]
                            },
                            {
                                "type": "rich_text_section",
                                "elements": [
                                    {
                                        "type": "text",
                                        "text": "Whole lot of existing examples on our website that the powers that be are happy with"
                                    }
                                ]
                            },
                            {
                                "type": "rich_text_section",
                                "elements": [
                                    {
                                        "type": "text",
                                        "text": "A bunch of existing sales enablement material and directions to other resources that might help with research"
                                    }
                                ]
                            }
                        ],
                        "style": "bullet",
                        "indent": 0,
                        "border": 0
                    },
                    {
                        "type": "rich_text_section",
                        "elements": [
                            {
                                "type": "text",
                                "text": "\n"
                            },
                            {
                                "type": "text",
                                "text": "What I’m looking for: ",
                                "style": {
                                    "bold": true
                                }
                            },
                            {
                                "type": "text",
                                "text": "someone who can follow the brief, ask good questions and clarify up top so there is minimal need for “this is not what we meant” conversations later, you’re good at self-editing your first draft so we are editing for content. You might also be writing blogs based on a podcast — these are not transcriptions, but rather a blog written based on the salient takeaways of the episode. I will provide examples for what good looks like in every case.\n\nIf you’re interested, please DM me with your portfolio and your rates. Thanks friends!\n\n"
                            },
                            {
                                "type": "text",
                                "text": "Edit: ",
                                "style": {
                                    "bold": true
                                }
                            },
                            {
                                "type": "text",
                                "text": "These blogs will be ghostwritten. Either they will be attributed straight to the company (more likely), or another SME in the org (rarely)."
                            }
                        ]
                    }
                ]
            }
        ],
        "thread_ts": "1650551025.130339",
        "reply_count": 9,
        "reply_users_count": 9,
        "latest_reply": "1650981650.264179",
        "reply_users": [
            "U02S478FWF2",
            "U03BERBJXPB",
            "U03769YTZEE",
            "U03AKM782EN",
            "U011QQDDSJV",
            "U02RXFYA3T4",
            "U030HE4UH50",
            "U03AMJZB4MV",
            "U02QZELD0P9"
        ],
        "replies": [
            {
                "user": "U02S478FWF2",
                "ts": "1650554422.303259"
            },
            {
                "user": "U03BERBJXPB",
                "ts": "1650557224.538299"
            },
            {
                "user": "U03769YTZEE",
                "ts": "1650557993.750139"
            },
            {
                "user": "U03AKM782EN",
                "ts": "1650560588.418909"
            },
            {
                "user": "U011QQDDSJV",
                "ts": "1650567938.714169"
            },
            {
                "user": "U02RXFYA3T4",
                "ts": "1650622941.311659"
            },
            {
                "user": "U030HE4UH50",
                "ts": "1650713547.898359"
            },
            {
                "user": "U03AMJZB4MV",
                "ts": "1650716110.977759"
            },
            {
                "user": "U02QZELD0P9",
                "ts": "1650981650.264179"
            }
        ],
        "is_locked": false,
        "subscribed": false
    },
    {
        "client_msg_id": "EC557537-9FDD-4F6A-BA62-191CDAB2B0A1",
        "type": "message",
        "text": "Hi Sergio. Which company is this?",
        "user": "U03BXAJLN9H",
        "ts": "1650552618.382599",
        "team": "TJE58GTJL",
        "user_team": "TJE58GTJL",
        "source_team": "TJE58GTJL",
        "user_profile": {
            "avatar_hash": "e2a0f0807635",
            "image_72": "https:\/\/avatars.slack-edge.com\/2022-04-18\/3417999271441_e2a0f0807635203d69f5_72.png",
            "first_name": "Jackline",
            "real_name": "Jackline W",
            "display_name": "Jackie",
            "team": "TJE58GTJL",
            "name": "jacquelinewangari",
            "is_restricted": false,
            "is_ultra_restricted": false
        },
        "blocks": [
            {
                "type": "rich_text",
                "block_id": "JrjM",
                "elements": [
                    {
                        "type": "rich_text_section",
                        "elements": [
                            {
                                "type": "text",
                                "text": "Hi Sergio. Which company is this?"
                            }
                        ]
                    }
                ]
            }
        ],
        "thread_ts": "1650505675.971019",
        "parent_user_id": "U036K03RW1L"
    },
    {
        "client_msg_id": "DF55C54E-A031-4B87-8A87-9C5EFE8CF852",
        "type": "message",
        "text": "Hello <@U01TPUG6YE5>! I sent you a DM :hugging_face: ",
        "user": "U02S478FWF2",
        "ts": "1650554422.303259",
        "team": "TJE58GTJL",
        "user_team": "TJE58GTJL",
        "source_team": "TJE58GTJL",
        "user_profile": {
            "avatar_hash": "287d4b9ed1f9",
            "image_72": "https:\/\/avatars.slack-edge.com\/2021-12-20\/2888299387728_287d4b9ed1f9cafd4926_72.png",
            "first_name": "Antonella",
            "real_name": "Antonella Fleitas",
            "display_name": "Antonella Fleitas",
            "team": "TJE58GTJL",
            "name": "writing",
            "is_restricted": false,
            "is_ultra_restricted": false
        },
        "blocks": [
            {
                "type": "rich_text",
                "block_id": "5azIY",
                "elements": [
                    {
                        "type": "rich_text_section",
                        "elements": [
                            {
                                "type": "text",
                                "text": "Hello "
                            },
                            {
                                "type": "user",
                                "user_id": "U01TPUG6YE5"
                            },
                            {
                                "type": "text",
                                "text": "! I sent you a DM "
                            },
                            {
                                "type": "emoji",
                                "name": "hugging_face"
                            },
                            {
                                "type": "text",
                                "text": " "
                            }
                        ]
                    }
                ]
            }
        ],
        "thread_ts": "1650551025.130339",
        "parent_user_id": "U01TPUG6YE5"
    },
    {
        "client_msg_id": "68edf4a5-6709-4772-828b-17179b17a720",
        "type": "message",
        "text": "Interesting question indeed <@U034ZC5RY3U>! The cost effectiveness is reached by two main reasons, (1) what you mention, which doesn't mean unfair payment on such economies, actually the opposite. OnTop (YCW21) was founded by ppl from emerging economies who want to demonstrate the high quality found there; (2) the other reason is the ability to legally hire anywhere without fearing any breach on local work regulations when it comes to contributions on such countries. We developed remote legal teams that handle that for the employer! <@U03BXAJLN9H> here you got your answer as well :hugging_face:",
        "user": "U036K03RW1L",
        "ts": "1650556311.347099",
        "team": "TJE58GTJL",
        "user_team": "TJE58GTJL",
        "source_team": "TJE58GTJL",
        "user_profile": {
            "avatar_hash": "e4f213b751ef",
            "image_72": "https:\/\/avatars.slack-edge.com\/2022-03-14\/3248476743921_e4f213b751ef0ace7e0c_72.png",
            "first_name": "Sergio",
            "real_name": "Sergio Diaz",
            "display_name": "Sergio Diaz",
            "team": "TJE58GTJL",
            "name": "sdiaz",
            "is_restricted": false,
            "is_ultra_restricted": false
        },
        "blocks": [
            {
                "type": "rich_text",
                "block_id": "kWfKM",
                "elements": [
                    {
                        "type": "rich_text_section",
                        "elements": [
                            {
                                "type": "text",
                                "text": "Interesting question indeed "
                            },
                            {
                                "type": "user",
                                "user_id": "U034ZC5RY3U"
                            },
                            {
                                "type": "text",
                                "text": "! The cost effectiveness is reached by two main reasons, (1) what you mention, which doesn't mean unfair payment on such economies, actually the opposite. OnTop (YCW21) was founded by ppl from emerging economies who want to demonstrate the high quality found there; (2) the other reason is the ability to legally hire anywhere without fearing any breach on local work regulations when it comes to contributions on such countries. We developed remote legal teams that handle that for the employer! "
                            },
                            {
                                "type": "user",
                                "user_id": "U03BXAJLN9H"
                            },
                            {
                                "type": "text",
                                "text": " here you got your answer as well "
                            },
                            {
                                "type": "emoji",
                                "name": "hugging_face"
                            }
                        ]
                    }
                ]
            }
        ],
        "thread_ts": "1650505675.971019",
        "parent_user_id": "U036K03RW1L"
    },
    {
        "client_msg_id": "e59753a3-29f3-4014-aa7e-c7357ab53bf8",
        "type": "message",
        "text": "Hello <@U01TPUG6YE5>! Please check your DM.",
        "user": "U03BERBJXPB",
        "ts": "1650557224.538299",
        "team": "TJE58GTJL",
        "user_team": "TJE58GTJL",
        "source_team": "TJE58GTJL",
        "user_profile": {
            "avatar_hash": "ceaa7f3a77f1",
            "image_72": "https:\/\/avatars.slack-edge.com\/2022-04-14\/3383852458790_ceaa7f3a77f152adc5b8_72.jpg",
            "first_name": "Amna",
            "real_name": "Amna Aslam",
            "display_name": "Amna Aslam",
            "team": "TJE58GTJL",
            "name": "aslamamna110",
            "is_restricted": false,
            "is_ultra_restricted": false
        },
        "blocks": [
            {
                "type": "rich_text",
                "block_id": "X\/F",
                "elements": [
                    {
                        "type": "rich_text_section",
                        "elements": [
                            {
                                "type": "text",
                                "text": "Hello "
                            },
                            {
                                "type": "user",
                                "user_id": "U01TPUG6YE5"
                            },
                            {
                                "type": "text",
                                "text": "! Please check your DM."
                            }
                        ]
                    }
                ]
            }
        ],
        "thread_ts": "1650551025.130339",
        "parent_user_id": "U01TPUG6YE5"
    },
    {
        "client_msg_id": "86AA1B13-4EFB-40A8-9D0D-7B7B5B7665B5",
        "type": "message",
        "text": "Sent a dm too",
        "user": "U03769YTZEE",
        "ts": "1650557993.750139",
        "team": "TJE58GTJL",
        "user_team": "TJE58GTJL",
        "source_team": "TJE58GTJL",
        "user_profile": {
            "avatar_hash": "303b0260e6eb",
            "image_72": "https:\/\/avatars.slack-edge.com\/2022-03-16\/3260346207313_303b0260e6ebbb221d86_72.jpg",
            "first_name": "Gladys",
            "real_name": "Gladys Gordon",
            "display_name": "Gladys Gordon",
            "team": "TJE58GTJL",
            "name": "gladysogordon",
            "is_restricted": false,
            "is_ultra_restricted": false
        },
        "blocks": [
            {
                "type": "rich_text",
                "block_id": "6q+O",
                "elements": [
                    {
                        "type": "rich_text_section",
                        "elements": [
                            {
                                "type": "text",
                                "text": "Sent a dm too"
                            }
                        ]
                    }
                ]
            }
        ],
        "thread_ts": "1650551025.130339",
        "parent_user_id": "U01TPUG6YE5"
    },
    {
        "client_msg_id": "20630E80-D0EE-4E76-AFC4-68038E5D9F6B",
        "type": "message",
        "text": "Okay then. Thank you for the clarification. ",
        "user": "U034ZC5RY3U",
        "ts": "1650557996.278079",
        "team": "TJE58GTJL",
        "user_team": "TJE58GTJL",
        "source_team": "TJE58GTJL",
        "user_profile": {
            "avatar_hash": "dbd0e771a518",
            "image_72": "https:\/\/avatars.slack-edge.com\/2022-03-16\/3273505098592_dbd0e771a518d3a263a7_72.png",
            "first_name": "Folasade",
            "real_name": "Folasade",
            "display_name": "Folasade",
            "team": "TJE58GTJL",
            "name": "folasadesobayo",
            "is_restricted": false,
            "is_ultra_restricted": false
        },
        "blocks": [
            {
                "type": "rich_text",
                "block_id": "IA0NZ",
                "elements": [
                    {
                        "type": "rich_text_section",
                        "elements": [
                            {
                                "type": "text",
                                "text": "Okay then. Thank you for the clarification. "
                            }
                        ]
                    }
                ]
            }
        ],
        "thread_ts": "1650505675.971019",
        "parent_user_id": "U036K03RW1L",
        "reactions": [
            {
                "name": "grin",
                "users": [
                    "U036K03RW1L"
                ],
                "count": 1
            }
        ]
    },
    {
        "client_msg_id": "752EB608-250F-4384-ADC0-B2BC21F51B4D",
        "type": "message",
        "text": "Messaging you!",
        "user": "U03AKM782EN",
        "ts": "1650560588.418909",
        "team": "TJE58GTJL",
        "user_team": "TJE58GTJL",
        "source_team": "TJE58GTJL",
        "user_profile": {
            "avatar_hash": "g6cb44dd413b",
            "image_72": "https:\/\/secure.gravatar.com\/avatar\/6cb44dd413b78ca745b1455717ad3424.jpg?s=72&d=https%3A%2F%2Fa.slack-edge.com%2Fdf10d%2Fimg%2Favatars%2Fava_0016-72.png",
            "first_name": "Hailey",
            "real_name": "Hailey Hudson",
            "display_name": "",
            "team": "TJE58GTJL",
            "name": "hhudson412",
            "is_restricted": false,
            "is_ultra_restricted": false
        },
        "blocks": [
            {
                "type": "rich_text",
                "block_id": "v=7O",
                "elements": [
                    {
                        "type": "rich_text_section",
                        "elements": [
                            {
                                "type": "text",
                                "text": "Messaging you!"
                            }
                        ]
                    }
                ]
            }
        ],
        "thread_ts": "1650551025.130339",
        "parent_user_id": "U01TPUG6YE5"
    },
    {
        "client_msg_id": "4e3647fc-7825-4bc0-b2c6-76e645bf2323",
        "type": "message",
        "text": "I’ve worked with Mitangi, she’s fantastic. Jump on this opportunity!",
        "user": "U011QQDDSJV",
        "ts": "1650567938.714169",
        "team": "TJE58GTJL",
        "user_team": "TJE58GTJL",
        "source_team": "TJE58GTJL",
        "user_profile": {
            "avatar_hash": "26f290c29155",
            "image_72": "https:\/\/avatars.slack-edge.com\/2020-04-08\/1046081228023_26f290c2915541368412_72.png",
            "first_name": "Nikolas",
            "real_name": "Nikolas Wright",
            "display_name": "Nik",
            "team": "TJE58GTJL",
            "name": "wright.nikolas",
            "is_restricted": false,
            "is_ultra_restricted": false
        },
        "blocks": [
            {
                "type": "rich_text",
                "block_id": "JkDA",
                "elements": [
                    {
                        "type": "rich_text_section",
                        "elements": [
                            {
                                "type": "text",
                                "text": "I’ve worked with Mitangi, she’s fantastic. Jump on this opportunity!"
                            }
                        ]
                    }
                ]
            }
        ],
        "thread_ts": "1650551025.130339",
        "parent_user_id": "U01TPUG6YE5"
    },
    {
        "client_msg_id": "051f7c98-8ef8-48fc-871e-5d169b5ff5d0",
        "type": "message",
        "text": ":question::moneybag: *B2C EMAIL COPYWRITING RATES* :question::moneybag:\n\nHi everyone! I’m trying to get a rough sense of *reasonable freelance copywriting rates for b2c email copy--per email rate*. Also, if the below is a fit for you, please DM me!\n\n*Email length*: Let’s call it 150 words max, with H1, H2, subheads, and some teaser copy. Plus SL and PH.\n\n*Tone*: women’s D2C wellness brand\n\n*Experience*: strong portfolio of D2C promo copywriting for millennial customer, preferably women.\n\n*More details:* Ongoing engagement, not a one-off job. Also, would be working with the agency, not the client.\n\nThanks!",
        "user": "U030SBYFJTW",
        "ts": "1650571195.392409",
        "team": "TJE58GTJL",
        "user_team": "TJE58GTJL",
        "source_team": "TJE58GTJL",
        "user_profile": {
            "avatar_hash": "cc6122efb09b",
            "image_72": "https:\/\/avatars.slack-edge.com\/2022-01-28\/3024151762307_cc6122efb09b0f0bed6a_72.jpg",
            "first_name": "Kolby",
            "real_name": "Kolby Yarnell",
            "display_name": "Kolby Yarnell",
            "team": "TJE58GTJL",
            "name": "kolby",
            "is_restricted": false,
            "is_ultra_restricted": false
        },
        "edited": {
            "user": "U030SBYFJTW",
            "ts": "1650571538.000000"
        },
        "blocks": [
            {
                "type": "rich_text",
                "block_id": "CMB",
                "elements": [
                    {
                        "type": "rich_text_section",
                        "elements": [
                            {
                                "type": "emoji",
                                "name": "question",
                                "style": {
                                    "bold": true
                                }
                            },
                            {
                                "type": "emoji",
                                "name": "moneybag",
                                "style": {
                                    "bold": true
                                }
                            },
                            {
                                "type": "text",
                                "text": " B2C EMAIL COPYWRITING RATES ",
                                "style": {
                                    "bold": true
                                }
                            },
                            {
                                "type": "emoji",
                                "name": "question",
                                "style": {
                                    "bold": true
                                }
                            },
                            {
                                "type": "emoji",
                                "name": "moneybag",
                                "style": {
                                    "bold": true
                                }
                            },
                            {
                                "type": "text",
                                "text": "\n\nHi everyone! I’m trying to get a rough sense of "
                            },
                            {
                                "type": "text",
                                "text": "reasonable freelance copywriting rates for b2c email copy--per email rate",
                                "style": {
                                    "bold": true
                                }
                            },
                            {
                                "type": "text",
                                "text": ". Also, if the below is a fit for you, please DM me!\n\n"
                            },
                            {
                                "type": "text",
                                "text": "Email length",
                                "style": {
                                    "bold": true
                                }
                            },
                            {
                                "type": "text",
                                "text": ": Let’s call it 150 words max, with H1, H2, subheads, and some teaser copy. Plus SL and PH.\n\n"
                            },
                            {
                                "type": "text",
                                "text": "Tone",
                                "style": {
                                    "bold": true
                                }
                            },
                            {
                                "type": "text",
                                "text": ": women’s D2C wellness brand\n\n"
                            },
                            {
                                "type": "text",
                                "text": "Experience",
                                "style": {
                                    "bold": true
                                }
                            },
                            {
                                "type": "text",
                                "text": ": strong portfolio of D2C promo copywriting for millennial customer, preferably women.\n\n"
                            },
                            {
                                "type": "text",
                                "text": "More details: ",
                                "style": {
                                    "bold": true
                                }
                            },
                            {
                                "type": "text",
                                "text": "Ongoing engagement, not a one-off job. Also, would be working with the agency, not the client.\n\nThanks!"
                            }
                        ]
                    }
                ]
            }
        ],
        "reactions": [
            {
                "name": "+1",
                "users": [
                    "U03AD261X2A"
                ],
                "count": 1
            }
        ]
    },
    {
        "client_msg_id": "F0A22566-0D37-498F-9D87-DF80F33D0A4D",
        "type": "message",
        "text": "Hey folks, we’re looking for a freelance ad copywriter (display ads primarily at the moment) — B2B SaaS. Anyone have recommendations?",
        "user": "UUQ0C0ZUH",
        "ts": "1650572994.861149",
        "team": "TJE58GTJL",
        "user_team": "TJE58GTJL",
        "source_team": "TJE58GTJL",
        "user_profile": {
            "avatar_hash": "056c84bf3cdf",
            "image_72": "https:\/\/avatars.slack-edge.com\/2020-03-14\/1003015844486_056c84bf3cdf82cb5e5f_72.png",
            "first_name": "Grace",
            "real_name": "Grace [Midland, Ontario]",
            "display_name": "",
            "team": "TJE58GTJL",
            "name": "laugrace",
            "is_restricted": false,
            "is_ultra_restricted": false
        },
        "edited": {
            "user": "UUQ0C0ZUH",
            "ts": "1650573010.000000"
        },
        "blocks": [
            {
                "type": "rich_text",
                "block_id": "HqR=g",
                "elements": [
                    {
                        "type": "rich_text_section",
                        "elements": [
                            {
                                "type": "text",
                                "text": "Hey folks, we’re looking for a freelance ad copywriter (display ads primarily at the moment) — B2B SaaS. Anyone have recommendations?"
                            }
                        ]
                    }
                ]
            }
        ],
        "thread_ts": "1650572994.861149",
        "reply_count": 2,
        "reply_users_count": 2,
        "latest_reply": "1651079107.552009",
        "reply_users": [
            "U02QZELD0P9",
            "U01SFTTQ483"
        ],
        "replies": [
            {
                "user": "U02QZELD0P9",
                "ts": "1650981734.302419"
            },
            {
                "user": "U01SFTTQ483",
                "ts": "1651079107.552009"
            }
        ],
        "is_locked": false,
        "subscribed": false,
        "reactions": [
            {
                "name": "+1",
                "users": [
                    "U03AVHF6PGE"
                ],
                "count": 1
            }
        ]
    },
    {
        "client_msg_id": "21741743-f7f6-4251-aa91-47e151ad9406",
        "type": "message",
        "text": "Hey everyone, we’re looking to work with freelance writers at Fetcher that specialize in HR, HR tech, and recruiting. We want to focus on providing super helpful resources for recruiters and recruiting teams, and building more authority in our space.\n\nIf you have experience writing in these areas, feel free to reach out to me - thanks!",
        "user": "U02PM12M15K",
        "ts": "1650575470.171889",
        "team": "TJE58GTJL",
        "user_team": "TJE58GTJL",
        "source_team": "TJE58GTJL",
        "user_profile": {
            "avatar_hash": "2ce44bd78019",
            "image_72": "https:\/\/avatars.slack-edge.com\/2021-12-06\/2806160496579_2ce44bd780197833d38b_72.jpg",
            "first_name": "Amanda",
            "real_name": "Amanda Bailey",
            "display_name": "Amanda Bailey",
            "team": "TJE58GTJL",
            "name": "amanda546",
            "is_restricted": false,
            "is_ultra_restricted": false
        },
        "blocks": [
            {
                "type": "rich_text",
                "block_id": "BytO",
                "elements": [
                    {
                        "type": "rich_text_section",
                        "elements": [
                            {
                                "type": "text",
                                "text": "Hey everyone, we’re looking to work with freelance writers at Fetcher that specialize in HR, HR tech, and recruiting. We want to focus on providing super helpful resources for recruiters and recruiting teams, and building more authority in our space.\n\nIf you have experience writing in these areas, feel free to reach out to me - thanks!"
                            }
                        ]
                    }
                ]
            }
        ],
        "thread_ts": "1650575470.171889",
        "reply_count": 9,
        "reply_users_count": 9,
        "latest_reply": "1651227519.315909",
        "reply_users": [
            "U03018Z4NTA",
            "U030Y8U92UW",
            "U034WF55SDT",
            "U02F1GK6U6B",
            "U034NCQDL4C",
            "U03AVHF6PGE",
            "U03CVG3E3TM",
            "U02TYANN0HL",
            "U015XHF0RE0"
        ],
        "replies": [
            {
                "user": "U03018Z4NTA",
                "ts": "1650576729.012619"
            },
            {
                "user": "U030Y8U92UW",
                "ts": "1650577588.008069"
            },
            {
                "user": "U034WF55SDT",
                "ts": "1650616661.812989"
            },
            {
                "user": "U02F1GK6U6B",
                "ts": "1650619911.441699"
            },
            {
                "user": "U034NCQDL4C",
                "ts": "1650632541.026719"
            },
            {
                "user": "U03AVHF6PGE",
                "ts": "1650784611.717249"
            },
            {
                "user": "U03CVG3E3TM",
                "ts": "1650953562.198979"
            },
            {
                "user": "U02TYANN0HL",
                "ts": "1651153675.135969"
            },
            {
                "user": "U015XHF0RE0",
                "ts": "1651227519.315909"
            }
        ],
        "is_locked": false,
        "subscribed": false,
        "reactions": [
            {
                "name": "+1",
                "users": [
                    "U03AD261X2A",
                    "U01J85VRKF1",
                    "U0340N4DU6P",
                    "U0306LHA2MQ",
                    "U02TYANN0HL"
                ],
                "count": 5
            }
        ]
    },
    {
        "client_msg_id": "41b0ab5e-6db0-4ab6-83e9-b3f079c548b1",
        "type": "message",
        "text": "<@U0231C2LYNM>",
        "user": "U03018Z4NTA",
        "ts": "1650576729.012619",
        "team": "TJE58GTJL",
        "user_team": "TJE58GTJL",
        "source_team": "TJE58GTJL",
        "user_profile": {
            "avatar_hash": "3a0ef0e75f97",
            "image_72": "https:\/\/avatars.slack-edge.com\/2022-01-31\/3033413541571_3a0ef0e75f97ede9217b_72.jpg",
            "first_name": "Momina",
            "real_name": "Momina Asif",
            "display_name": "Momina",
            "team": "TJE58GTJL",
            "name": "momnaasif",
            "is_restricted": false,
            "is_ultra_restricted": false
        },
        "blocks": [
            {
                "type": "rich_text",
                "block_id": "MnhIw",
                "elements": [
                    {
                        "type": "rich_text_section",
                        "elements": [
                            {
                                "type": "user",
                                "user_id": "U0231C2LYNM"
                            }
                        ]
                    }
                ]
            }
        ],
        "thread_ts": "1650575470.171889",
        "parent_user_id": "U02PM12M15K",
        "reactions": [
            {
                "name": "heartpulse",
                "users": [
                    "U0231C2LYNM"
                ],
                "count": 1
            }
        ]
    },
    {
        "client_msg_id": "21FEB2EA-4A79-468D-855B-05AA11A1D90F",
        "type": "message",
        "text": "<@U01J85VRKF1> ? ",
        "user": "U030Y8U92UW",
        "ts": "1650577588.008069",
        "team": "TJE58GTJL",
        "user_team": "TJE58GTJL",
        "source_team": "TJE58GTJL",
        "user_profile": {
            "avatar_hash": "g4edd483d534",
            "image_72": "https:\/\/secure.gravatar.com\/avatar\/4edd483d534bd284a1cf6c01a29cab5e.jpg?s=72&d=https%3A%2F%2Fa.slack-edge.com%2Fdf10d%2Fimg%2Favatars%2Fava_0021-72.png",
            "first_name": "Sam",
            "real_name": "Sam Lauron",
            "display_name": "Sam Lauron",
            "team": "TJE58GTJL",
            "name": "lauron.sam",
            "is_restricted": false,
            "is_ultra_restricted": false
        },
        "blocks": [
            {
                "type": "rich_text",
                "block_id": "92G",
                "elements": [
                    {
                        "type": "rich_text_section",
                        "elements": [
                            {
                                "type": "user",
                                "user_id": "U01J85VRKF1"
                            },
                            {
                                "type": "text",
                                "text": " ? "
                            }
                        ]
                    }
                ]
            }
        ],
        "thread_ts": "1650575470.171889",
        "parent_user_id": "U02PM12M15K",
        "reactions": [
            {
                "name": "partyparrot",
                "users": [
                    "U01J85VRKF1"
                ],
                "count": 1
            }
        ]
    }
]