[
    {
        "client_msg_id": "fc2a68f7-061d-44b7-a03d-1d5782b7b128",
        "type": "message",
        "text": "Hey Adriana, I am sending you my info via email. Looking forward to connecting.",
        "user": "U02GMMQ281W",
        "ts": "1642520024.121100",
        "team": "TJE58GTJL",
        "user_team": "TJE58GTJL",
        "source_team": "TJE58GTJL",
        "user_profile": {
            "avatar_hash": "e1131d2dfd73",
            "image_72": "https:\/\/avatars.slack-edge.com\/2021-10-12\/2589760574406_e1131d2dfd73f2e7db3e_72.png",
            "first_name": "Amanda",
            "real_name": "Amanda S.",
            "display_name": "Amanda",
            "team": "TJE58GTJL",
            "name": "theglamtechie",
            "is_restricted": false,
            "is_ultra_restricted": false
        },
        "blocks": [
            {
                "type": "rich_text",
                "block_id": "BDaE",
                "elements": [
                    {
                        "type": "rich_text_section",
                        "elements": [
                            {
                                "type": "text",
                                "text": "Hey Adriana, I am sending you my info via email. Looking forward to connecting."
                            }
                        ]
                    }
                ]
            }
        ],
        "thread_ts": "1642420104.116300",
        "parent_user_id": "U023HGMVC0P"
    },
    {
        "client_msg_id": "f86b1a48-eb90-40ee-8520-d84507d2ed90",
        "type": "message",
        "text": "Hi all! A client of mine (I'm an independent content strategist) has need of a *marketing ops freelancer*. This is a newly launched Series A company that doesn't have a lot of operational infrastructure set up. They're looking for help setting up the basics: Integrating their Hubspot and CMS Webflow better, setting up lead scoring and qualifications, and automating some sales outreach after a lead has been qualified. *Please email me at <mailto:adrienneksmith9@gmail.com|adrienneksmith9@gmail.com> with more about you if you think this is you. Thanks!*",
        "user": "U02Q67WK4LS",
        "ts": "1642538475.124400",
        "team": "TJE58GTJL",
        "user_team": "TJE58GTJL",
        "source_team": "TJE58GTJL",
        "user_profile": {
            "avatar_hash": "b8dfb16f41fe",
            "image_72": "https:\/\/avatars.slack-edge.com\/2021-12-10\/2850618967824_b8dfb16f41fefef6a517_72.jpg",
            "first_name": "Adrienne",
            "real_name": "Adrienne Smith",
            "display_name": "Adrienne Smith",
            "team": "TJE58GTJL",
            "name": "adrienneksmith9",
            "is_restricted": false,
            "is_ultra_restricted": false
        },
        "blocks": [
            {
                "type": "rich_text",
                "block_id": "Q6kl",
                "elements": [
                    {
                        "type": "rich_text_section",
                        "elements": [
                            {
                                "type": "text",
                                "text": "Hi all! A client of mine (I'm an independent content strategist) has need of a "
                            },
                            {
                                "type": "text",
                                "text": "marketing ops freelancer",
                                "style": {
                                    "bold": true
                                }
                            },
                            {
                                "type": "text",
                                "text": ". This is a newly launched Series A company that doesn't have a lot of operational infrastructure set up. They're looking for help setting up the basics: Integrating their Hubspot and CMS Webflow better, setting up lead scoring and qualifications, and automating some sales outreach after a lead has been qualified. "
                            },
                            {
                                "type": "text",
                                "text": "Please email me at ",
                                "style": {
                                    "bold": true
                                }
                            },
                            {
                                "type": "link",
                                "url": "mailto:adrienneksmith9@gmail.com",
                                "text": "adrienneksmith9@gmail.com",
                                "style": {
                                    "bold": true
                                }
                            },
                            {
                                "type": "text",
                                "text": " with more about you if you think this is you. Thanks!",
                                "style": {
                                    "bold": true
                                }
                            }
                        ]
                    }
                ]
            }
        ],
        "thread_ts": "1642538475.124400",
        "reply_count": 2,
        "reply_users_count": 2,
        "latest_reply": "1642556673.126500",
        "reply_users": [
            "U02A8UR3Z60",
            "U02HWBZS9QC"
        ],
        "replies": [
            {
                "user": "U02A8UR3Z60",
                "ts": "1642547460.125200"
            },
            {
                "user": "U02HWBZS9QC",
                "ts": "1642556673.126500"
            }
        ],
        "is_locked": false,
        "subscribed": false
    },
    {
        "client_msg_id": "AD9271A8-A75A-432E-B210-026AB5FF6163",
        "type": "message",
        "text": "Hi Adrienne! I have the most amazing person for this! I'll email you and intro her. :blush:",
        "user": "U02A8UR3Z60",
        "ts": "1642547460.125200",
        "team": "TJE58GTJL",
        "user_team": "TJE58GTJL",
        "source_team": "TJE58GTJL",
        "user_profile": {
            "avatar_hash": "dd781b486769",
            "image_72": "https:\/\/avatars.slack-edge.com\/2021-08-03\/2336037289142_dd781b486769fb2915dd_72.jpg",
            "first_name": "Callahan",
            "real_name": "Callahan Peel",
            "display_name": "Callahan Peel",
            "team": "TJE58GTJL",
            "name": "callahanpeel",
            "is_restricted": false,
            "is_ultra_restricted": false
        },
        "blocks": [
            {
                "type": "rich_text",
                "block_id": "1nFs8",
                "elements": [
                    {
                        "type": "rich_text_section",
                        "elements": [
                            {
                                "type": "text",
                                "text": "Hi Adrienne! I have the most amazing person for this! I'll email you and intro her. "
                            },
                            {
                                "type": "emoji",
                                "name": "blush"
                            }
                        ]
                    }
                ]
            }
        ],
        "thread_ts": "1642538475.124400",
        "parent_user_id": "U02Q67WK4LS",
        "reactions": [
            {
                "name": "white_check_mark",
                "users": [
                    "U02Q67WK4LS"
                ],
                "count": 1
            }
        ]
    },
    {
        "client_msg_id": "ccd24369-a7ea-4f18-8565-a5f9b336a3dc",
        "type": "message",
        "text": "Already shared the info with the right person.",
        "user": "U02HWBZS9QC",
        "ts": "1642556673.126500",
        "team": "TJE58GTJL",
        "user_team": "TJE58GTJL",
        "source_team": "TJE58GTJL",
        "user_profile": {
            "avatar_hash": "cea3c2adb719",
            "image_72": "https:\/\/avatars.slack-edge.com\/2021-12-23\/2879299611220_cea3c2adb71995b8fd88_72.jpg",
            "first_name": "Ankit",
            "real_name": "Ankit Vora",
            "display_name": "",
            "team": "TJE58GTJL",
            "name": "ankitplaynody",
            "is_restricted": false,
            "is_ultra_restricted": false
        },
        "blocks": [
            {
                "type": "rich_text",
                "block_id": "r6d",
                "elements": [
                    {
                        "type": "rich_text_section",
                        "elements": [
                            {
                                "type": "text",
                                "text": "Already shared the info with the right person."
                            }
                        ]
                    }
                ]
            }
        ],
        "thread_ts": "1642538475.124400",
        "parent_user_id": "U02Q67WK4LS",
        "reactions": [
            {
                "name": "raised_hands",
                "users": [
                    "U02Q67WK4LS"
                ],
                "count": 1
            }
        ]
    }
]