[
    {
        "client_msg_id": "A77E7D4E-0E7E-4562-B450-DF9A0BDA979B",
        "type": "message",
        "text": "You should do it hourly",
        "user": "U02EDRUJN58",
        "ts": "1651488891.873259",
        "team": "TJE58GTJL",
        "user_team": "TJE58GTJL",
        "source_team": "TJE58GTJL",
        "user_profile": {
            "avatar_hash": "gdeb35d54b3a",
            "image_72": "https:\/\/secure.gravatar.com\/avatar\/deb35d54b3ab87af0bd944f69c4c0bb9.jpg?s=72&d=https%3A%2F%2Fa.slack-edge.com%2Fdf10d%2Fimg%2Favatars%2Fava_0002-72.png",
            "first_name": "Tobi",
            "real_name": "Tobi Abiodun",
            "display_name": "",
            "team": "TJE58GTJL",
            "name": "tobiabiodun126",
            "is_restricted": false,
            "is_ultra_restricted": false
        },
        "blocks": [
            {
                "type": "rich_text",
                "block_id": "vge",
                "elements": [
                    {
                        "type": "rich_text_section",
                        "elements": [
                            {
                                "type": "text",
                                "text": "You should do it hourly"
                            }
                        ]
                    }
                ]
            }
        ],
        "thread_ts": "1651444036.512849",
        "parent_user_id": "U014UBPTJ0N"
    }
]