[
    {
        "client_msg_id": "b2c64c83-b545-40b9-aa64-14a91370836c",
        "type": "message",
        "text": "Hey <@UJH5BJQG0>, would your friend be interested in something like <https:\/\/narrato.io\/marketplace|Narrato>? It's an online content marketplace that hosts thousands of quality-vetted freelance writers. How it works is you place an order on the platform and the content project is floated to a large network of freelance writers. It offers guaranteed 24-hours turnaround once the job is picked. The writers pick the individual pieces to work on and deliver within 24 hours, and you can accept, request revisions any number of times within the revision period specified, or even reject the content piece if it’s not up to the mark.",
        "user": "U02QZELD0P9",
        "ts": "1645521675.032439",
        "team": "TJE58GTJL",
        "user_team": "TJE58GTJL",
        "source_team": "TJE58GTJL",
        "user_profile": {
            "avatar_hash": "55cf859b571a",
            "image_72": "https:\/\/avatars.slack-edge.com\/2022-01-21\/2988159289220_55cf859b571aac995268_72.jpg",
            "first_name": "Pooja",
            "real_name": "Pooja Seshadri",
            "display_name": "Pooja",
            "team": "TJE58GTJL",
            "name": "pooja.seshadri",
            "is_restricted": false,
            "is_ultra_restricted": false
        },
        "blocks": [
            {
                "type": "rich_text",
                "block_id": "qzda",
                "elements": [
                    {
                        "type": "rich_text_section",
                        "elements": [
                            {
                                "type": "text",
                                "text": "Hey "
                            },
                            {
                                "type": "user",
                                "user_id": "UJH5BJQG0"
                            },
                            {
                                "type": "text",
                                "text": ", would your friend be interested in something like "
                            },
                            {
                                "type": "link",
                                "url": "https:\/\/narrato.io\/marketplace",
                                "text": "Narrato"
                            },
                            {
                                "type": "text",
                                "text": "? It's an online content marketplace that hosts thousands of quality-vetted freelance writers. How it works is you place an order on the platform and the content project is floated to a large network of freelance writers. It offers guaranteed 24-hours turnaround once the job is picked. The writers pick the individual pieces to work on and deliver within 24 hours, and you can accept, request revisions any number of times within the revision period specified, or even reject the content piece if it’s not up to the mark."
                            }
                        ]
                    }
                ]
            }
        ],
        "thread_ts": "1645455917.486649",
        "parent_user_id": "UJH5BJQG0"
    },
    {
        "client_msg_id": "d439e924-866b-40c9-a3f1-7e8e21b3c570",
        "type": "message",
        "text": "Hey everyone, AS Marketing, a B2B marketing agency based in Hamburg who specializes in SEO, is searching for a brand strategist to help us update our USP messaging, ToV guidelines, buyer personas, and help us create a new service. If this sounds like something you're interested in, please email <mailto:info@asmarketingagency.com|info@asmarketingagency.com> with your hourly rate, time zone, and portfolio. Thanks!",
        "user": "U023HGMVC0P",
        "ts": "1645522759.262129",
        "team": "TJE58GTJL",
        "user_team": "TJE58GTJL",
        "source_team": "TJE58GTJL",
        "user_profile": {
            "avatar_hash": "62739cc5c557",
            "image_72": "https:\/\/avatars.slack-edge.com\/2021-06-04\/2149147721041_62739cc5c557263030d9_72.png",
            "first_name": "",
            "real_name": "Adriana Stein",
            "display_name": "Adriana Stein",
            "team": "TJE58GTJL",
            "name": "info035",
            "is_restricted": false,
            "is_ultra_restricted": false
        },
        "blocks": [
            {
                "type": "rich_text",
                "block_id": "PMUM2",
                "elements": [
                    {
                        "type": "rich_text_section",
                        "elements": [
                            {
                                "type": "text",
                                "text": "Hey everyone, AS Marketing, a B2B marketing agency based in Hamburg who specializes in SEO, is searching for a brand strategist to help us update our USP messaging, ToV guidelines, buyer personas, and help us create a new service. If this sounds like something you're interested in, please email "
                            },
                            {
                                "type": "link",
                                "url": "mailto:info@asmarketingagency.com",
                                "text": "info@asmarketingagency.com"
                            },
                            {
                                "type": "text",
                                "text": " with your hourly rate, time zone, and portfolio. Thanks!"
                            }
                        ]
                    }
                ]
            }
        ],
        "reactions": [
            {
                "name": "+1::skin-tone-2",
                "users": [
                    "U031BTQNH1R"
                ],
                "count": 1
            },
            {
                "name": "+1",
                "users": [
                    "U01TB1SDD61",
                    "U0188DZQPB8",
                    "U0326J2JF1U",
                    "U032D7YLJ2W"
                ],
                "count": 4
            }
        ]
    },
    {
        "client_msg_id": "b4ea5a75-054c-4ef0-bb25-f90419f46a94",
        "type": "message",
        "text": "I rarely ask for upfront payment and my client makes 100% payment after I deliver the work.",
        "user": "U02RR9PBH0Q",
        "ts": "1645530860.383769",
        "team": "TJE58GTJL",
        "user_team": "TJE58GTJL",
        "source_team": "TJE58GTJL",
        "user_profile": {
            "avatar_hash": "56d1b56646ea",
            "image_72": "https:\/\/avatars.slack-edge.com\/2022-01-20\/2973089829494_56d1b56646ea5499b3ef_72.jpg",
            "first_name": "james",
            "real_name": "james nguma",
            "display_name": "james nguma",
            "team": "TJE58GTJL",
            "name": "jamesnguma92",
            "is_restricted": false,
            "is_ultra_restricted": false
        },
        "blocks": [
            {
                "type": "rich_text",
                "block_id": "OdTmh",
                "elements": [
                    {
                        "type": "rich_text_section",
                        "elements": [
                            {
                                "type": "text",
                                "text": "I rarely ask for upfront payment and my client makes 100% payment after I deliver the work."
                            }
                        ]
                    }
                ]
            }
        ],
        "thread_ts": "1644960891.936459",
        "parent_user_id": "UUVRK10QG"
    },
    {
        "client_msg_id": "6ba3333d-53ad-401b-90d3-45dc028dfe41",
        "type": "message",
        "text": "Sent you a DM.",
        "user": "U033BJALH0V",
        "ts": "1645547231.211159",
        "team": "TJE58GTJL",
        "user_team": "TJE58GTJL",
        "source_team": "TJE58GTJL",
        "user_profile": {
            "avatar_hash": "g17eef5c3411",
            "image_72": "https:\/\/secure.gravatar.com\/avatar\/17eef5c34119acb20e2b69c45b748d54.jpg?s=72&d=https%3A%2F%2Fa.slack-edge.com%2Fdf10d%2Fimg%2Favatars%2Fava_0024-72.png",
            "first_name": "Pooja",
            "real_name": "Pooja Uniyal",
            "display_name": "",
            "team": "TJE58GTJL",
            "name": "poojauniyal604",
            "is_restricted": false,
            "is_ultra_restricted": false
        },
        "blocks": [
            {
                "type": "rich_text",
                "block_id": "U\/O",
                "elements": [
                    {
                        "type": "rich_text_section",
                        "elements": [
                            {
                                "type": "text",
                                "text": "Sent you a DM."
                            }
                        ]
                    }
                ]
            }
        ],
        "thread_ts": "1645128796.566759",
        "parent_user_id": "U0166H7KUAZ"
    },
    {
        "client_msg_id": "7052baf7-2f6d-4f1f-a8cc-05969dd0aec3",
        "type": "message",
        "text": "Hey everyone, we’re looking for a talented content strategist (freelance) to help us manage &amp; prepare content, work with our writers etc.. This position is completely remote WFH and flexible with the hours you work. If you’re interested or know someone who is please take a look here: <https:\/\/enginescout.com.au\/careers\/content-strategist\/>",
        "user": "U02LZ0P3VLY",
        "ts": "1645589921.728129",
        "team": "TJE58GTJL",
        "user_team": "TJE58GTJL",
        "source_team": "TJE58GTJL",
        "user_profile": {
            "avatar_hash": "gaf2ebecab37",
            "image_72": "https:\/\/secure.gravatar.com\/avatar\/af2ebecab37b0d66aced6814c1358f47.jpg?s=72&d=https%3A%2F%2Fa.slack-edge.com%2Fdf10d%2Fimg%2Favatars%2Fava_0006-72.png",
            "first_name": "Jonathan",
            "real_name": "Jonathan Gorham",
            "display_name": "Jonathan Gorham",
            "team": "TJE58GTJL",
            "name": "jon639",
            "is_restricted": false,
            "is_ultra_restricted": false
        },
        "attachments": [
            {
                "from_url": "https:\/\/enginescout.com.au\/careers\/content-strategist\/",
                "service_icon": "https:\/\/enginescout.com.au\/wp-content\/uploads\/2021\/03\/cropped-Engine-Scout-favicon-180x180.png",
                "id": 1,
                "original_url": "https:\/\/enginescout.com.au\/careers\/content-strategist\/",
                "fallback": "Engine Scout: Content Strategist - Engine Scout",
                "text": "Content Strategist (Part-time\/Freelance) Remote Part Time Mid Level Engine Scout is looking for an SEO-minded Freelance Content Strategist with the opportunity to become a full-time role if desired. We are a fast growing digital marketing agency specialising in the full lifecycle growth of eCommerce businesses. What you’ll do: Keyword research &amp; content topic selection Build-out […]",
                "title": "Content Strategist - Engine Scout",
                "title_link": "https:\/\/enginescout.com.au\/careers\/content-strategist\/",
                "service_name": "Engine Scout",
                "fields": [
                    {
                        "value": "2 minutes",
                        "title": "Est. reading time",
                        "short": true
                    }
                ]
            }
        ],
        "blocks": [
            {
                "type": "rich_text",
                "block_id": "cM+",
                "elements": [
                    {
                        "type": "rich_text_section",
                        "elements": [
                            {
                                "type": "text",
                                "text": "Hey everyone, we’re looking for a talented content strategist (freelance) to help us manage & prepare content, work with our writers etc.. This position is completely remote WFH and flexible with the hours you work. If you’re interested or know someone who is please take a look here: "
                            },
                            {
                                "type": "link",
                                "url": "https:\/\/enginescout.com.au\/careers\/content-strategist\/"
                            }
                        ]
                    }
                ]
            }
        ],
        "thread_ts": "1645589921.728129",
        "reply_count": 2,
        "reply_users_count": 2,
        "latest_reply": "1645630809.003379",
        "reply_users": [
            "UJJFDTN8G",
            "U02CNJTK7TN"
        ],
        "replies": [
            {
                "user": "UJJFDTN8G",
                "ts": "1645602691.223889"
            },
            {
                "user": "U02CNJTK7TN",
                "ts": "1645630809.003379"
            }
        ],
        "is_locked": false,
        "subscribed": false
    },
    {
        "type": "message",
        "subtype": "tombstone",
        "text": "This message was deleted.",
        "user": "USLACKBOT",
        "hidden": true,
        "ts": "1645597375.757099",
        "thread_ts": "1645597375.757099",
        "parent_user_id": "USLACKBOT",
        "reply_count": 5,
        "reply_users_count": 5,
        "latest_reply": "1645641981.814759",
        "reply_users": [
            "U02HD0L8HAP",
            "U02CVNB3X1T",
            "UJG9WTEKG",
            "U02NS18QTQ9",
            "USLACKBOT"
        ],
        "replies": [
            {
                "user": "U02HD0L8HAP",
                "ts": "1645606414.815999"
            },
            {
                "user": "U02CVNB3X1T",
                "ts": "1645634545.618519"
            },
            {
                "user": "UJG9WTEKG",
                "ts": "1645636894.219419"
            },
            {
                "user": "U02NS18QTQ9",
                "ts": "1645641980.897819"
            },
            {
                "user": "USLACKBOT",
                "ts": "1645641981.814759"
            }
        ],
        "is_locked": false,
        "subscribed": true,
        "last_read": "1645641981.814759"
    },
    {
        "client_msg_id": "5bfdf0af-47ec-4f1c-bf40-2095d0669dae",
        "type": "message",
        "text": "Looking for a technical writer who can help us with a guide for accessibility testing. Please DM with samples and rates!",
        "user": "U02CUMQBP9R",
        "ts": "1645598859.940419",
        "team": "TJE58GTJL",
        "user_team": "TJE58GTJL",
        "source_team": "TJE58GTJL",
        "user_profile": {
            "avatar_hash": "37d9a8538dda",
            "image_72": "https:\/\/avatars.slack-edge.com\/2021-08-30\/2422037442023_37d9a8538dda6c598cc7_72.jpg",
            "first_name": "Harshala",
            "real_name": "Harshala Chavan",
            "display_name": "Harshala Chavan",
            "team": "TJE58GTJL",
            "name": "harshalachavan7",
            "is_restricted": false,
            "is_ultra_restricted": false
        },
        "blocks": [
            {
                "type": "rich_text",
                "block_id": "GQI",
                "elements": [
                    {
                        "type": "rich_text_section",
                        "elements": [
                            {
                                "type": "text",
                                "text": "Looking for a technical writer who can help us with a guide for accessibility testing. Please DM with samples and rates!"
                            }
                        ]
                    }
                ]
            }
        ],
        "thread_ts": "1645598859.940419",
        "reply_count": 3,
        "reply_users_count": 2,
        "latest_reply": "1645771672.999969",
        "reply_users": [
            "U02PUQ6CQRX",
            "U02CUMQBP9R"
        ],
        "replies": [
            {
                "user": "U02PUQ6CQRX",
                "ts": "1645768877.833439"
            },
            {
                "user": "U02CUMQBP9R",
                "ts": "1645771099.523019"
            },
            {
                "user": "U02PUQ6CQRX",
                "ts": "1645771672.999969"
            }
        ],
        "is_locked": false,
        "subscribed": false
    },
    {
        "client_msg_id": "851e25c3-b33a-4e2c-b17b-f96a683dc069",
        "type": "message",
        "text": "Hey Jonathan, I might have someone for this. Can you DM me your budget\/rate?",
        "user": "UJJFDTN8G",
        "ts": "1645602691.223889",
        "team": "TJE58GTJL",
        "user_team": "TJE58GTJL",
        "source_team": "TJE58GTJL",
        "user_profile": {
            "avatar_hash": "gd91d89ae152",
            "image_72": "https:\/\/secure.gravatar.com\/avatar\/86d91d89ae1528e747f4a586668d5d87.jpg?s=72&d=https%3A%2F%2Fa.slack-edge.com%2Fdf10d%2Fimg%2Favatars%2Fava_0013-72.png",
            "first_name": "Dominic",
            "real_name": "Dominic Kent",
            "display_name": "Dom Kent",
            "team": "TJE58GTJL",
            "name": "dominic",
            "is_restricted": false,
            "is_ultra_restricted": false
        },
        "blocks": [
            {
                "type": "rich_text",
                "block_id": "9uW8",
                "elements": [
                    {
                        "type": "rich_text_section",
                        "elements": [
                            {
                                "type": "text",
                                "text": "Hey Jonathan, I might have someone for this. Can you DM me your budget\/rate?"
                            }
                        ]
                    }
                ]
            }
        ],
        "thread_ts": "1645589921.728129",
        "parent_user_id": "U02LZ0P3VLY",
        "reactions": [
            {
                "name": "+1",
                "users": [
                    "U02LZ0P3VLY"
                ],
                "count": 1
            }
        ]
    }
]