[
    {
        "client_msg_id": "89c74e3f-b1db-40c5-810d-4d4e2004daba",
        "type": "message",
        "text": "Me! Happy to share :slightly_smiling_face:",
        "user": "U024Z91H0KC",
        "ts": "1649488611.616899",
        "team": "TJE58GTJL",
        "user_team": "TJE58GTJL",
        "source_team": "TJE58GTJL",
        "user_profile": {
            "avatar_hash": "e54b9c0d1d7d",
            "image_72": "https:\/\/avatars.slack-edge.com\/2021-06-14\/2193186202656_e54b9c0d1d7dcc24c0b5_72.png",
            "first_name": "Leanna",
            "real_name": "Leanna Lee",
            "display_name": "Leanna Lee",
            "team": "TJE58GTJL",
            "name": "leannaleewriter",
            "is_restricted": false,
            "is_ultra_restricted": false
        },
        "blocks": [
            {
                "type": "rich_text",
                "block_id": "Hrar",
                "elements": [
                    {
                        "type": "rich_text_section",
                        "elements": [
                            {
                                "type": "text",
                                "text": "Me! Happy to share "
                            },
                            {
                                "type": "emoji",
                                "name": "slightly_smiling_face"
                            }
                        ]
                    }
                ]
            }
        ],
        "thread_ts": "1649444333.910579",
        "parent_user_id": "U02NUGJ6BUM",
        "reactions": [
            {
                "name": "+1::skin-tone-4",
                "users": [
                    "U02NUGJ6BUM"
                ],
                "count": 1
            }
        ]
    },
    {
        "client_msg_id": "d5b91282-a72d-427a-8461-5c42d7fcd955",
        "type": "message",
        "text": "Hi Tammy!\n\nI’d be happy to chat. Would also recommend <@U02DYMPDNS0>!",
        "user": "U02SQ6PSPMZ",
        "ts": "1649497235.129959",
        "team": "TJE58GTJL",
        "user_team": "TJE58GTJL",
        "source_team": "TJE58GTJL",
        "user_profile": {
            "avatar_hash": "c24285dce45f",
            "image_72": "https:\/\/avatars.slack-edge.com\/2022-02-06\/3062825030227_c24285dce45fcfd19464_72.png",
            "first_name": "Kushagra",
            "real_name": "Kushagra Oberoi",
            "display_name": "Kushagra",
            "team": "TJE58GTJL",
            "name": "kushagraoberoi25299",
            "is_restricted": false,
            "is_ultra_restricted": false
        },
        "blocks": [
            {
                "type": "rich_text",
                "block_id": "SXnG6",
                "elements": [
                    {
                        "type": "rich_text_section",
                        "elements": [
                            {
                                "type": "text",
                                "text": "Hi Tammy!\n\nI’d be happy to chat. Would also recommend "
                            },
                            {
                                "type": "user",
                                "user_id": "U02DYMPDNS0"
                            },
                            {
                                "type": "text",
                                "text": "!"
                            }
                        ]
                    }
                ]
            }
        ],
        "thread_ts": "1649444333.910579",
        "parent_user_id": "U02NUGJ6BUM",
        "reactions": [
            {
                "name": "+1::skin-tone-4",
                "users": [
                    "U02NUGJ6BUM"
                ],
                "count": 1
            }
        ]
    },
    {
        "client_msg_id": "0e9b8373-35ca-4968-a6b1-27274bcf2f26",
        "type": "message",
        "text": "Oh yeah, that’s all we do. Have about 200 writers and 80 clients right now. Feel free to book a call if you’d like to chat: <https:\/\/draft.dev\/call>\n\nOn the other hand, if you’re looking for just a few pieces from a single freelancer, here’s how we recruit writers: <https:\/\/draft.dev\/learn\/technical-writer-for-hire>",
        "user": "U029CTQ5X6Y",
        "ts": "1649522330.202699",
        "team": "TJE58GTJL",
        "user_team": "TJE58GTJL",
        "source_team": "TJE58GTJL",
        "user_profile": {
            "avatar_hash": "4d1afd4712b9",
            "image_72": "https:\/\/avatars.slack-edge.com\/2021-07-26\/2312909469026_4d1afd4712b9f77f1af8_72.jpg",
            "first_name": "Karl",
            "real_name": "Karl Hughes",
            "display_name": "Karl (Draft.dev)",
            "team": "TJE58GTJL",
            "name": "khughes.me",
            "is_restricted": false,
            "is_ultra_restricted": false
        },
        "attachments": [
            {
                "from_url": "https:\/\/draft.dev\/learn\/technical-writer-for-hire",
                "ts": 1625143042,
                "image_url": "https:\/\/draft.dev\/learn\/assets\/posts\/photo-1487528278747-ba99ed528ebc.jpg",
                "image_width": 375,
                "image_height": 250,
                "image_bytes": 30312,
                "service_icon": "https:\/\/draft.dev\/learn\/assets\/favicon.ico",
                "id": 2,
                "original_url": "https:\/\/draft.dev\/learn\/technical-writer-for-hire",
                "fallback": "Draft.dev: How to Find a Technical Writer for Hire",
                "text": "In this post, you'll learn how to find freelance technical writers to help you produce blog posts and other content online.",
                "title": "How to Find a Technical Writer for Hire",
                "title_link": "https:\/\/draft.dev\/learn\/technical-writer-for-hire",
                "service_name": "Draft.dev"
            }
        ],
        "blocks": [
            {
                "type": "rich_text",
                "block_id": "Laj",
                "elements": [
                    {
                        "type": "rich_text_section",
                        "elements": [
                            {
                                "type": "text",
                                "text": "Oh yeah, that’s all we do. Have about 200 writers and 80 clients right now. Feel free to book a call if you’d like to chat: "
                            },
                            {
                                "type": "link",
                                "url": "https:\/\/draft.dev\/call"
                            },
                            {
                                "type": "text",
                                "text": "\n\nOn the other hand, if you’re looking for just a few pieces from a single freelancer, here’s how we recruit writers: "
                            },
                            {
                                "type": "link",
                                "url": "https:\/\/draft.dev\/learn\/technical-writer-for-hire"
                            }
                        ]
                    }
                ]
            }
        ],
        "thread_ts": "1649202508.475439",
        "parent_user_id": "U0166H7KUAZ"
    },
    {
        "client_msg_id": "4d8a690d-8a39-40e8-8c17-0d9f506d5448",
        "type": "message",
        "text": "Here’s a quick thread of 40 freelance opportunities for writers, editors, graphic designers, social media producers, and video\/podcast people. I share freelance opportunities every week over on Twitter. Enjoy! <https:\/\/twitter.com\/kaitarford\/status\/1512876692989267977>",
        "user": "U03330MFEN4",
        "ts": "1649541149.065359",
        "team": "TJE58GTJL",
        "user_team": "TJE58GTJL",
        "source_team": "TJE58GTJL",
        "user_profile": {
            "avatar_hash": "eee78796f291",
            "image_72": "https:\/\/avatars.slack-edge.com\/2022-02-09\/3105175916912_eee78796f2919ff55228_72.png",
            "first_name": "Kaitlyn",
            "real_name": "Kaitlyn Arford",
            "display_name": "Kaitlyn Arford",
            "team": "TJE58GTJL",
            "name": "kaitlyn.arford",
            "is_restricted": false,
            "is_ultra_restricted": false
        },
        "attachments": [
            {
                "from_url": "https:\/\/twitter.com\/kaitarford\/status\/1512876692989267977",
                "ts": 1649532886,
                "id": 1,
                "original_url": "https:\/\/twitter.com\/kaitarford\/status\/1512876692989267977",
                "fallback": "<https:\/\/twitter.com\/kaitarford|@kaitarford>: *Dax Shepherd voice* Welcome, welcome, welcome to another round of freelance opportunities. Today we have 40 opportunities for social media producers, graphic designers, video\/podcast people, and content editors\/writers. Please share!",
                "text": "*Dax Shepherd voice* Welcome, welcome, welcome to another round of freelance opportunities. Today we have 40 opportunities for social media producers, graphic designers, video\/podcast people, and content editors\/writers. Please share!",
                "author_name": "Kaitlyn Arford — Freelance Writer",
                "author_link": "https:\/\/twitter.com\/kaitarford\/status\/1512876692989267977",
                "author_icon": "https:\/\/pbs.twimg.com\/profile_images\/1431348103416885252\/r4VlFNXk_normal.jpg",
                "author_subname": "@kaitarford",
                "service_name": "twitter",
                "service_url": "https:\/\/twitter.com\/",
                "footer": "Twitter",
                "footer_icon": "https:\/\/a.slack-edge.com\/80588\/img\/services\/twitter_pixel_snapped_32.png"
            }
        ],
        "blocks": [
            {
                "type": "rich_text",
                "block_id": "vBdb",
                "elements": [
                    {
                        "type": "rich_text_section",
                        "elements": [
                            {
                                "type": "text",
                                "text": "Here’s a quick thread of 40 freelance opportunities for writers, editors, graphic designers, social media producers, and video\/podcast people. I share freelance opportunities every week over on Twitter. Enjoy! "
                            },
                            {
                                "type": "link",
                                "url": "https:\/\/twitter.com\/kaitarford\/status\/1512876692989267977"
                            }
                        ]
                    }
                ]
            }
        ],
        "reactions": [
            {
                "name": "heart",
                "users": [
                    "U03AKM782EN",
                    "U02GMMQ281W",
                    "U034488RZ0Q",
                    "U02B60S6FBM",
                    "U01TB1SDD61",
                    "U035PRM7UR1",
                    "U02DYMPDNS0",
                    "U03018Z4NTA",
                    "U02NUGJ6BUM",
                    "U032XMG6Q8Z",
                    "U02PUQ6CQRX",
                    "U03AD261X2A",
                    "UPH4SCGTH",
                    "U0195U3C7QC",
                    "U02S2UZU3D3",
                    "U01PXN2LGAK",
                    "U02DQ4MB30E"
                ],
                "count": 17
            },
            {
                "name": "pray",
                "users": [
                    "U013JCCN8JE",
                    "U0195U3C7QC",
                    "U01EUMFKZQV"
                ],
                "count": 3
            }
        ]
    }
]