[
    {
        "client_msg_id": "b4408ad2-0eab-471d-a9e2-bd86ad3d9c03",
        "type": "message",
        "text": "<@U030AQ2HNA2> Sure. Please DM your portfolio and pricing for 20hrs\/week. Thanks.",
        "user": "U02GXA3PWC9",
        "ts": "1646823339.199389",
        "team": "TJE58GTJL",
        "user_team": "TJE58GTJL",
        "source_team": "TJE58GTJL",
        "user_profile": {
            "avatar_hash": "gca36795bbaf",
            "image_72": "https:\/\/secure.gravatar.com\/avatar\/ca36795bbaf611c10c7c84cb8ce71f5b.jpg?s=72&d=https%3A%2F%2Fa.slack-edge.com%2Fdf10d%2Fimg%2Favatars%2Fava_0014-72.png",
            "first_name": "Arjun",
            "real_name": "Arjun",
            "display_name": "Arjun",
            "team": "TJE58GTJL",
            "name": "ruparelia.arjun",
            "is_restricted": false,
            "is_ultra_restricted": false
        },
        "blocks": [
            {
                "type": "rich_text",
                "block_id": "le20+",
                "elements": [
                    {
                        "type": "rich_text_section",
                        "elements": [
                            {
                                "type": "user",
                                "user_id": "U030AQ2HNA2"
                            },
                            {
                                "type": "text",
                                "text": " Sure. Please DM your portfolio and pricing for 20hrs\/week. Thanks."
                            }
                        ]
                    }
                ]
            }
        ],
        "thread_ts": "1645799771.542879",
        "parent_user_id": "U02GXA3PWC9"
    },
    {
        "client_msg_id": "69E4676C-F2FA-463A-82AF-B5F01A6223A4",
        "type": "message",
        "text": "foodcircle GmbH is looking for a content writer for 18-20 hrs\/week , who can develop a clear content strategy for driving b2b customers towards the funnel. The ideal candidate has a strong background in copywriting and would be familiar with traditional and digital marketing channels. The salary is market competitive.",
        "user": "U0333UU1KSQ",
        "ts": "1646824396.458629",
        "team": "TJE58GTJL",
        "user_team": "TJE58GTJL",
        "source_team": "TJE58GTJL",
        "user_profile": {
            "avatar_hash": "6adcde864a26",
            "image_72": "https:\/\/avatars.slack-edge.com\/2022-02-15\/3105295849941_6adcde864a268d064ced_72.png",
            "first_name": "Tooba",
            "real_name": "Tooba Maqsood",
            "display_name": "Tooba Maqsood",
            "team": "TJE58GTJL",
            "name": "tooba",
            "is_restricted": false,
            "is_ultra_restricted": false
        },
        "blocks": [
            {
                "type": "rich_text",
                "block_id": "J2xgH",
                "elements": [
                    {
                        "type": "rich_text_section",
                        "elements": [
                            {
                                "type": "text",
                                "text": "foodcircle GmbH is looking for a content writer for 18-20 hrs\/week , who can develop a clear content strategy for driving b2b customers towards the funnel. The ideal candidate has a strong background in copywriting and would be familiar with traditional and digital marketing channels. The salary is market competitive."
                            }
                        ]
                    }
                ]
            }
        ],
        "reactions": [
            {
                "name": "+1",
                "users": [
                    "U02NXETHERY",
                    "U03330MFEN4",
                    "U0322J0GUF7",
                    "U03164Q045P",
                    "U02TK91CT6F",
                    "U01FUP6AMEZ"
                ],
                "count": 6
            },
            {
                "name": "eyes",
                "users": [
                    "U01FUP6AMEZ"
                ],
                "count": 1
            }
        ]
    },
    {
        "type": "message",
        "subtype": "slackbot_response",
        "text": "did someone say salary? here's some data that might be helpful. <https:\/\/superpath.co\/blog\/content-marketing-salary-report>",
        "user": "USLACKBOT",
        "ts": "1646824397.480799",
        "attachments": [
            {
                "from_url": "https:\/\/superpath.co\/blog\/content-marketing-salary-report",
                "thumb_url": "http:\/\/static1.squarespace.com\/static\/609d9c530fe0402cfde14a9c\/t\/61d76e005dd5ad7b9ebc6932\/1641508361386\/superpath+salary.jpg?format=1500w",
                "thumb_width": 1052,
                "thumb_height": 751,
                "service_icon": "https:\/\/images.squarespace-cdn.com\/content\/v1\/609d9c530fe0402cfde14a9c\/e34ef9bd-2724-4781-88fd-e8cba90125ef\/favicon.ico?format=100w",
                "id": 1,
                "original_url": "https:\/\/superpath.co\/blog\/content-marketing-salary-report",
                "fallback": "Your Content Career Headquarters: How Much Money Do Content Marketer's Make? (2022 Salary Report) — Your Content Career Headquarters",
                "text": "The average content marketing salary is $93,725. Check out our salary report for more detailed data on job titles, experience and pay discrepancies.",
                "title": "How Much Money Do Content Marketer's Make? (2022 Salary Report) — Your Content Career Headquarters",
                "title_link": "https:\/\/superpath.co\/blog\/content-marketing-salary-report",
                "service_name": "Your Content Career Headquarters"
            }
        ]
    },
    {
        "client_msg_id": "AF6256A9-D854-4342-A471-F92BA305F45B",
        "type": "message",
        "text": "to know more about what we do, please visit our website: <https:\/\/www.foodcircle.com\/|https:\/\/www.foodcircle.com\/> . To those interested, please feel free to DM me!",
        "user": "U0333UU1KSQ",
        "ts": "1646824407.956779",
        "team": "TJE58GTJL",
        "user_team": "TJE58GTJL",
        "source_team": "TJE58GTJL",
        "user_profile": {
            "avatar_hash": "6adcde864a26",
            "image_72": "https:\/\/avatars.slack-edge.com\/2022-02-15\/3105295849941_6adcde864a268d064ced_72.png",
            "first_name": "Tooba",
            "real_name": "Tooba Maqsood",
            "display_name": "Tooba Maqsood",
            "team": "TJE58GTJL",
            "name": "tooba",
            "is_restricted": false,
            "is_ultra_restricted": false
        },
        "attachments": [
            {
                "from_url": "https:\/\/www.foodcircle.com\/",
                "image_url": "https:\/\/www.foodcircle.com\/assets\/home\/about-fc-74453ac06865f5ede8257003c9c721c99c92664978db4776494d5ad629ae0d74.png",
                "image_width": 476,
                "image_height": 250,
                "image_bytes": 69257,
                "service_icon": "https:\/\/www.foodcircle.com\/assets\/favicon-5b937cd5128d592ef63371e5655e536bfcea4638b007a6c8126acf1b92b40b72.ico",
                "id": 1,
                "original_url": "https:\/\/www.foodcircle.com\/",
                "fallback": "Food Financing | 60 to 90-Day Guaranteed Payment Terms | foodcircle",
                "text": "From small to large enterprises, we finance your orders with some of the best payment terms and lowest interest rates • Guaranteed 60 to 90-day payment terms ✓",
                "title": "Food Financing | 60 to 90-Day Guaranteed Payment Terms | foodcircle",
                "title_link": "https:\/\/www.foodcircle.com\/",
                "service_name": "foodcircle.com"
            }
        ],
        "blocks": [
            {
                "type": "rich_text",
                "block_id": "NHOw\/",
                "elements": [
                    {
                        "type": "rich_text_section",
                        "elements": [
                            {
                                "type": "text",
                                "text": "to know more about what we do, please visit our website: "
                            },
                            {
                                "type": "link",
                                "url": "https:\/\/www.foodcircle.com\/",
                                "text": "https:\/\/www.foodcircle.com\/"
                            },
                            {
                                "type": "text",
                                "text": " . To those interested, please feel free to DM me!"
                            }
                        ]
                    }
                ]
            }
        ],
        "reactions": [
            {
                "name": "white_check_mark",
                "users": [
                    "U01FUP6AMEZ"
                ],
                "count": 1
            }
        ]
    },
    {
        "client_msg_id": "a047191b-4e22-4183-93ce-f532aa8279ef",
        "type": "message",
        "text": "<@U02GXA3PWC9>  Check your DM.. Thanks..",
        "user": "U030AQ2HNA2",
        "ts": "1646825461.251819",
        "team": "TJE58GTJL",
        "user_team": "TJE58GTJL",
        "source_team": "TJE58GTJL",
        "user_profile": {
            "avatar_hash": "56e7672c214e",
            "image_72": "https:\/\/avatars.slack-edge.com\/2022-01-28\/3042385168816_56e7672c214e9ec57265_72.jpg",
            "first_name": "Momal",
            "real_name": "Momal Tahir Sheikh",
            "display_name": "Momal Tahir Sheikh",
            "team": "TJE58GTJL",
            "name": "momalsheikh1234",
            "is_restricted": false,
            "is_ultra_restricted": false
        },
        "blocks": [
            {
                "type": "rich_text",
                "block_id": "rCSaT",
                "elements": [
                    {
                        "type": "rich_text_section",
                        "elements": [
                            {
                                "type": "user",
                                "user_id": "U02GXA3PWC9"
                            },
                            {
                                "type": "text",
                                "text": "  Check your DM.. Thanks.."
                            }
                        ]
                    }
                ]
            }
        ],
        "thread_ts": "1645799771.542879",
        "parent_user_id": "U02GXA3PWC9"
    },
    {
        "client_msg_id": "858123a7-c7e5-4d65-910a-0cfb1d87ce06",
        "type": "message",
        "text": "Hi fellow freelancers. Wanted to let you know that Kaleigh Moore and I are hosting a free event on freelance burn out today at 11:30 PT. it’ll be a quick chat and Q&amp;A for anyone interested. <https:\/\/lu.ma\/5vbbcflw>",
        "user": "UJ57DB9BM",
        "ts": "1646846422.258529",
        "team": "TJE58GTJL",
        "user_team": "TJE58GTJL",
        "source_team": "TJE58GTJL",
        "user_profile": {
            "avatar_hash": "5879d1254678",
            "image_72": "https:\/\/avatars.slack-edge.com\/2020-03-20\/1015010058132_5879d1254678f05899b0_72.jpg",
            "first_name": "Emma",
            "real_name": "Emma Siemasko",
            "display_name": "Emma Siemasko",
            "team": "TJE58GTJL",
            "name": "emma",
            "is_restricted": false,
            "is_ultra_restricted": false
        },
        "attachments": [
            {
                "from_url": "https:\/\/lu.ma\/5vbbcflw",
                "image_url": "https:\/\/cdn.lu.ma\/cdn-cgi\/image\/format=auto,fit=cover,dpr=2,quality=75,width=1000,height=500\/event-covers\/qe\/2ef4f683-aa39-475e-8ae0-534c707a50f7",
                "image_width": 500,
                "image_height": 250,
                "image_bytes": 127995,
                "service_icon": "https:\/\/lu.ma\/apple-touch-icon.png",
                "id": 1,
                "original_url": "https:\/\/lu.ma\/5vbbcflw",
                "fallback": "Managing Freelance Burnout - Zoom",
                "text": "This is a free event where we'll be discussing the very common issue of burnout amongst people pursuing a freelance career path. We'll be joined by the nice folks who sponsored the podcast this...",
                "title": "Managing Freelance Burnout - Zoom",
                "title_link": "https:\/\/lu.ma\/5vbbcflw",
                "service_name": "lu.ma"
            }
        ],
        "blocks": [
            {
                "type": "rich_text",
                "block_id": "1KPNP",
                "elements": [
                    {
                        "type": "rich_text_section",
                        "elements": [
                            {
                                "type": "text",
                                "text": "Hi fellow freelancers. Wanted to let you know that Kaleigh Moore and I are hosting a free event on freelance burn out today at 11:30 PT. it’ll be a quick chat and Q&A for anyone interested. "
                            },
                            {
                                "type": "link",
                                "url": "https:\/\/lu.ma\/5vbbcflw"
                            }
                        ]
                    }
                ]
            }
        ],
        "reactions": [
            {
                "name": "raised_hands",
                "users": [
                    "U012GHRAHDK",
                    "U02F1GK6U6B",
                    "UN9CGN894",
                    "U034WF55SDT",
                    "U020EL92NBZ",
                    "U02GMMQ281W",
                    "U03330MFEN4",
                    "U01L7L0D6AF"
                ],
                "count": 8
            },
            {
                "name": "100",
                "users": [
                    "U023G1P70KE"
                ],
                "count": 1
            }
        ]
    },
    {
        "client_msg_id": "d44452fe-5fe1-40eb-886e-a8dd692851c6",
        "type": "message",
        "text": "EFA has the best rate sheet for editing: <https:\/\/www.the-efa.org\/rates\/>",
        "user": "U03330MFEN4",
        "ts": "1646873991.840909",
        "team": "TJE58GTJL",
        "user_team": "TJE58GTJL",
        "source_team": "TJE58GTJL",
        "user_profile": {
            "avatar_hash": "eee78796f291",
            "image_72": "https:\/\/avatars.slack-edge.com\/2022-02-09\/3105175916912_eee78796f2919ff55228_72.png",
            "first_name": "Kaitlyn",
            "real_name": "Kaitlyn Arford",
            "display_name": "Kaitlyn Arford",
            "team": "TJE58GTJL",
            "name": "kaitlyn.arford",
            "is_restricted": false,
            "is_ultra_restricted": false
        },
        "attachments": [
            {
                "from_url": "https:\/\/www.the-efa.org\/rates\/",
                "service_icon": "https:\/\/www.the-efa.org\/wp-content\/themes\/efa\/img\/favicon.png",
                "id": 1,
                "original_url": "https:\/\/www.the-efa.org\/rates\/",
                "fallback": "Editorial Freelancers Association: Editorial Rates - Editorial Freelancers Association",
                "text": "EFA Members: For more information, see the Rates Survey Report and Rates Survey Information pages.",
                "title": "Editorial Rates - Editorial Freelancers Association",
                "title_link": "https:\/\/www.the-efa.org\/rates\/",
                "service_name": "Editorial Freelancers Association",
                "fields": [
                    {
                        "value": "3 minutes",
                        "title": "Est. reading time",
                        "short": true
                    }
                ]
            }
        ],
        "blocks": [
            {
                "type": "rich_text",
                "block_id": "KzB6B",
                "elements": [
                    {
                        "type": "rich_text_section",
                        "elements": [
                            {
                                "type": "text",
                                "text": "EFA has the best rate sheet for editing: "
                            },
                            {
                                "type": "link",
                                "url": "https:\/\/www.the-efa.org\/rates\/"
                            }
                        ]
                    }
                ]
            }
        ],
        "thread_ts": "1646807706.133749",
        "parent_user_id": "U02TJFU0A3G"
    },
    {
        "client_msg_id": "134b608a-c643-41e2-8880-b4039db353ef",
        "type": "message",
        "text": "Freelancing Females also has a huge rate sheet: <https:\/\/www.freelancingfemales.com\/rates>",
        "user": "U03330MFEN4",
        "ts": "1646874019.202579",
        "team": "TJE58GTJL",
        "user_team": "TJE58GTJL",
        "source_team": "TJE58GTJL",
        "user_profile": {
            "avatar_hash": "eee78796f291",
            "image_72": "https:\/\/avatars.slack-edge.com\/2022-02-09\/3105175916912_eee78796f2919ff55228_72.png",
            "first_name": "Kaitlyn",
            "real_name": "Kaitlyn Arford",
            "display_name": "Kaitlyn Arford",
            "team": "TJE58GTJL",
            "name": "kaitlyn.arford",
            "is_restricted": false,
            "is_ultra_restricted": false
        },
        "attachments": [
            {
                "from_url": "https:\/\/www.freelancingfemales.com\/rates",
                "thumb_url": "http:\/\/static1.squarespace.com\/static\/5e4e7605ac37573540f8898a\/t\/5f9c7e478f96f569552e4a63\/1604091469778\/FF-Site-Share-Sheet.png?format=1500w",
                "thumb_width": 1500,
                "thumb_height": 975,
                "service_icon": "https:\/\/images.squarespace-cdn.com\/content\/v1\/5e4e7605ac37573540f8898a\/1604091016718-Y2YZ3QG71G3Z3IFUK2E6\/favicon.ico?format=100w",
                "id": 1,
                "original_url": "https:\/\/www.freelancingfemales.com\/rates",
                "fallback": "Freelancing Females - The Largest Community of Freelance Women: Rate Sheet — Freelancing Females - The Largest Community of Freelance Women",
                "text": "Thank you for accessing the Freelancing Females rate sheet. We are fighting today and every day to close the 28% wage gap on freelance. Use this as a resource for yourself, friends &amp; clients! Please share with anyone you would like - the more the merrier.",
                "title": "Rate Sheet — Freelancing Females - The Largest Community of Freelance Women",
                "title_link": "https:\/\/www.freelancingfemales.com\/rates",
                "service_name": "Freelancing Females - The Largest Community of Freelance Women"
            }
        ],
        "blocks": [
            {
                "type": "rich_text",
                "block_id": "wET4",
                "elements": [
                    {
                        "type": "rich_text_section",
                        "elements": [
                            {
                                "type": "text",
                                "text": "Freelancing Females also has a huge rate sheet: "
                            },
                            {
                                "type": "link",
                                "url": "https:\/\/www.freelancingfemales.com\/rates"
                            }
                        ]
                    }
                ]
            }
        ],
        "thread_ts": "1646807706.133749",
        "parent_user_id": "U02TJFU0A3G"
    },
    {
        "client_msg_id": "a1000b74-0556-4148-a55a-94d231fdba9a",
        "type": "message",
        "text": "When I was doing blogs, I was charging $700\/post for a 800-1200 word post.",
        "user": "U02UNK9DJSZ",
        "ts": "1646875800.769809",
        "team": "TJE58GTJL",
        "user_team": "TJE58GTJL",
        "source_team": "TJE58GTJL",
        "user_profile": {
            "avatar_hash": "b052c618f3df",
            "image_72": "https:\/\/avatars.slack-edge.com\/2022-01-20\/2977622180722_b052c618f3df14215512_72.jpg",
            "first_name": "Sam",
            "real_name": "Sam Grover",
            "display_name": "Sam Grover",
            "team": "TJE58GTJL",
            "name": "sam641",
            "is_restricted": false,
            "is_ultra_restricted": false
        },
        "blocks": [
            {
                "type": "rich_text",
                "block_id": "F7+D",
                "elements": [
                    {
                        "type": "rich_text_section",
                        "elements": [
                            {
                                "type": "text",
                                "text": "When I was doing blogs, I was charging $700\/post for a 800-1200 word post."
                            }
                        ]
                    }
                ]
            }
        ],
        "thread_ts": "1646807706.133749",
        "parent_user_id": "U02TJFU0A3G"
    },
    {
        "client_msg_id": "be53bac2-afa6-4e6f-a8f4-a53b1db553d0",
        "type": "message",
        "text": "Hey y’all! Does anyone have a rec for an ecommerce freelance writer, preferably with a focus on SEO? I’m asking for a client, so I don’t have a lot of info",
        "user": "U01RHT8800N",
        "ts": "1646885096.851719",
        "team": "TJE58GTJL",
        "user_team": "TJE58GTJL",
        "source_team": "TJE58GTJL",
        "user_profile": {
            "avatar_hash": "351f898be38f",
            "image_72": "https:\/\/avatars.slack-edge.com\/2021-03-18\/1874720693426_351f898be38f3e5a6753_72.png",
            "first_name": "mekkie",
            "real_name": "mekkie",
            "display_name": "mekkie",
            "team": "TJE58GTJL",
            "name": "mehakbansil",
            "is_restricted": false,
            "is_ultra_restricted": false
        },
        "edited": {
            "user": "U01RHT8800N",
            "ts": "1646885111.000000"
        },
        "blocks": [
            {
                "type": "rich_text",
                "block_id": "k\/\/",
                "elements": [
                    {
                        "type": "rich_text_section",
                        "elements": [
                            {
                                "type": "text",
                                "text": "Hey y’all! Does anyone have a rec for an ecommerce freelance writer, preferably with a focus on SEO? I’m asking for a client, so I don’t have a lot of info"
                            }
                        ]
                    }
                ]
            }
        ],
        "thread_ts": "1646885096.851719",
        "reply_count": 11,
        "reply_users_count": 8,
        "latest_reply": "1647366285.927359",
        "reply_users": [
            "U02HD0L8HAP",
            "U020EL92NBZ",
            "U01JY1S0DUY",
            "U01GWU4JWE4",
            "U02QZELD0P9",
            "U01RHT8800N",
            "U02PRMEAP0V",
            "UQ3Q7SQ6A"
        ],
        "replies": [
            {
                "user": "U02HD0L8HAP",
                "ts": "1646897346.033939"
            },
            {
                "user": "U020EL92NBZ",
                "ts": "1646904186.922589"
            },
            {
                "user": "U01JY1S0DUY",
                "ts": "1646904226.094039"
            },
            {
                "user": "U01JY1S0DUY",
                "ts": "1646904270.005229"
            },
            {
                "user": "U01GWU4JWE4",
                "ts": "1646906292.168519"
            },
            {
                "user": "U02QZELD0P9",
                "ts": "1646912846.201809"
            },
            {
                "user": "U01RHT8800N",
                "ts": "1646927564.088589"
            },
            {
                "user": "U02PRMEAP0V",
                "ts": "1646930928.185189"
            },
            {
                "user": "UQ3Q7SQ6A",
                "ts": "1647334821.966769"
            },
            {
                "user": "U01RHT8800N",
                "ts": "1647365999.215479"
            },
            {
                "user": "UQ3Q7SQ6A",
                "ts": "1647366285.927359"
            }
        ],
        "is_locked": false,
        "subscribed": false
    },
    {
        "client_msg_id": "C18CEC91-1DEF-4363-BA9D-A89B1824116A",
        "type": "message",
        "text": "Will if you are still looking for one we can discuss ",
        "user": "U02P8ASS4CQ",
        "ts": "1646895421.366829",
        "team": "TJE58GTJL",
        "user_team": "TJE58GTJL",
        "source_team": "TJE58GTJL",
        "user_profile": {
            "avatar_hash": "fd0123b62747",
            "image_72": "https:\/\/avatars.slack-edge.com\/2021-11-24\/2752013102471_fd0123b6274769222213_72.jpg",
            "first_name": "",
            "real_name": "Chaitanya",
            "display_name": "Chaitanya",
            "team": "TJE58GTJL",
            "name": "chaitanya.gatreddi",
            "is_restricted": false,
            "is_ultra_restricted": false
        },
        "blocks": [
            {
                "type": "rich_text",
                "block_id": "PPXEB",
                "elements": [
                    {
                        "type": "rich_text_section",
                        "elements": [
                            {
                                "type": "text",
                                "text": "Will if you are still looking for one we can discuss "
                            }
                        ]
                    }
                ]
            }
        ],
        "thread_ts": "1646663386.844369",
        "parent_user_id": "U01T8TVMUSD"
    },
    {
        "client_msg_id": "3889a4c8-8cf1-4c2c-9a8d-d6ab18e023c8",
        "type": "message",
        "text": "<@U01RHT8800N> I can help your client. :slightly_smiling_face:",
        "user": "U02HD0L8HAP",
        "ts": "1646897346.033939",
        "team": "TJE58GTJL",
        "user_team": "TJE58GTJL",
        "source_team": "TJE58GTJL",
        "user_profile": {
            "avatar_hash": "675c42a91f65",
            "image_72": "https:\/\/avatars.slack-edge.com\/2022-01-10\/2928364816754_675c42a91f6571f4ac6b_72.jpg",
            "first_name": "Aanchal",
            "real_name": "Aanchal Parmar",
            "display_name": "Aanchal Parmar",
            "team": "TJE58GTJL",
            "name": "aanywrites",
            "is_restricted": false,
            "is_ultra_restricted": false
        },
        "blocks": [
            {
                "type": "rich_text",
                "block_id": "4sw",
                "elements": [
                    {
                        "type": "rich_text_section",
                        "elements": [
                            {
                                "type": "user",
                                "user_id": "U01RHT8800N"
                            },
                            {
                                "type": "text",
                                "text": " I can help your client. "
                            },
                            {
                                "type": "emoji",
                                "name": "slightly_smiling_face"
                            }
                        ]
                    }
                ]
            }
        ],
        "thread_ts": "1646885096.851719",
        "parent_user_id": "U01RHT8800N"
    },
    {
        "client_msg_id": "51c51401-f5d8-46aa-a101-81cce4a55751",
        "type": "message",
        "text": "Hey Doug!\n\nWould you be interested in trying out Narrato? It's a content marketplace that hosts many qualified freelance writers.",
        "user": "U02QZELD0P9",
        "ts": "1646898273.358229",
        "team": "TJE58GTJL",
        "user_team": "TJE58GTJL",
        "source_team": "TJE58GTJL",
        "user_profile": {
            "avatar_hash": "55cf859b571a",
            "image_72": "https:\/\/avatars.slack-edge.com\/2022-01-21\/2988159289220_55cf859b571aac995268_72.jpg",
            "first_name": "Pooja",
            "real_name": "Pooja Seshadri",
            "display_name": "Pooja",
            "team": "TJE58GTJL",
            "name": "pooja.seshadri",
            "is_restricted": false,
            "is_ultra_restricted": false
        },
        "blocks": [
            {
                "type": "rich_text",
                "block_id": "gj4",
                "elements": [
                    {
                        "type": "rich_text_section",
                        "elements": [
                            {
                                "type": "text",
                                "text": "Hey Doug!\n\nWould you be interested in trying out Narrato? It's a content marketplace that hosts many qualified freelance writers."
                            }
                        ]
                    }
                ]
            }
        ],
        "thread_ts": "1646425789.651779",
        "parent_user_id": "U032D0QSTR7"
    }
]