[
    {
        "client_msg_id": "9af8541c-eaf1-4108-9f45-cf2fd2fb7325",
        "type": "message",
        "text": "Hey, sorry to jump into your thread <@U01RHT8800N>, but I have a similar request, but for our own blog - <https:\/\/www.getresponse.com\/blog\/|GetResponse>.\n\nIf y’all are interested, please send me over your portfolios :slightly_smiling_face: <@U01JY1S0DUY>, <@U02PRMEAP0V>",
        "user": "UQ3Q7SQ6A",
        "ts": "1647334821.966769",
        "team": "TJE58GTJL",
        "user_team": "TJE58GTJL",
        "source_team": "TJE58GTJL",
        "user_profile": {
            "avatar_hash": "g7a7d41ebd52",
            "image_72": "https:\/\/secure.gravatar.com\/avatar\/7a7d41ebd52e2e602504a5796f3e37ee.jpg?s=72&d=https%3A%2F%2Fa.slack-edge.com%2Fdf10d%2Fimg%2Favatars%2Fava_0015-72.png",
            "first_name": "Michal",
            "real_name": "Michal Leszczynski",
            "display_name": "Michal Leszczynski",
            "team": "TJE58GTJL",
            "name": "mr.leszczynski",
            "is_restricted": false,
            "is_ultra_restricted": false
        },
        "blocks": [
            {
                "type": "rich_text",
                "block_id": "xWzj",
                "elements": [
                    {
                        "type": "rich_text_section",
                        "elements": [
                            {
                                "type": "text",
                                "text": "Hey, sorry to jump into your thread "
                            },
                            {
                                "type": "user",
                                "user_id": "U01RHT8800N"
                            },
                            {
                                "type": "text",
                                "text": ", but I have a similar request, but for our own blog - "
                            },
                            {
                                "type": "link",
                                "url": "https:\/\/www.getresponse.com\/blog\/",
                                "text": "GetResponse"
                            },
                            {
                                "type": "text",
                                "text": ".\n\nIf y’all are interested, please send me over your portfolios "
                            },
                            {
                                "type": "emoji",
                                "name": "slightly_smiling_face"
                            },
                            {
                                "type": "text",
                                "text": " "
                            },
                            {
                                "type": "user",
                                "user_id": "U01JY1S0DUY"
                            },
                            {
                                "type": "text",
                                "text": ", "
                            },
                            {
                                "type": "user",
                                "user_id": "U02PRMEAP0V"
                            }
                        ]
                    }
                ]
            }
        ],
        "thread_ts": "1646885096.851719",
        "parent_user_id": "U01RHT8800N",
        "reactions": [
            {
                "name": "+1",
                "users": [
                    "U01JY1S0DUY",
                    "U02PRMEAP0V"
                ],
                "count": 2
            },
            {
                "name": "heart",
                "users": [
                    "U01RHT8800N"
                ],
                "count": 1
            }
        ]
    },
    {
        "client_msg_id": "61ee6c57-2c88-4e4c-9415-281d8fb0c441",
        "type": "message",
        "text": "Hi everyone,\n\nWe at <https:\/\/zoomshift.com\/|ZoomShift> (an employee scheduling SaaS)  are looking for freelance content writer who can help us with our content program.\nRequirements- Someone who has published articles in HR niche earlier.\nFor quick response  - <mailto:saurabh@zoomshift.com|saurabh@zoomshift.com>",
        "user": "U01J3L8CJRL",
        "ts": "1647359098.175889",
        "team": "TJE58GTJL",
        "user_team": "TJE58GTJL",
        "source_team": "TJE58GTJL",
        "user_profile": {
            "avatar_hash": "12550f10b66e",
            "image_72": "https:\/\/avatars.slack-edge.com\/2021-10-14\/2588602098551_12550f10b66e24ed3adb_72.png",
            "first_name": "Saurabh",
            "real_name": "Saurabh",
            "display_name": "Saurabh",
            "team": "TJE58GTJL",
            "name": "saurabh.content.saas",
            "is_restricted": false,
            "is_ultra_restricted": false
        },
        "blocks": [
            {
                "type": "rich_text",
                "block_id": "Bnj",
                "elements": [
                    {
                        "type": "rich_text_section",
                        "elements": [
                            {
                                "type": "text",
                                "text": "Hi everyone,\n\nWe at "
                            },
                            {
                                "type": "link",
                                "url": "https:\/\/zoomshift.com\/",
                                "text": "ZoomShift"
                            },
                            {
                                "type": "text",
                                "text": " (an employee scheduling SaaS)  are looking for freelance content writer who can help us with our content program.\nRequirements- Someone who has published articles in HR niche earlier.\nFor quick response  - "
                            },
                            {
                                "type": "link",
                                "url": "mailto:saurabh@zoomshift.com",
                                "text": "saurabh@zoomshift.com"
                            }
                        ]
                    }
                ]
            }
        ],
        "thread_ts": "1647359098.175889",
        "reply_count": 2,
        "reply_users_count": 2,
        "latest_reply": "1647712784.283369",
        "reply_users": [
            "U01J3L8CJRL",
            "U037BPG5YF3"
        ],
        "replies": [
            {
                "user": "U01J3L8CJRL",
                "ts": "1647360715.704609"
            },
            {
                "user": "U037BPG5YF3",
                "ts": "1647712784.283369"
            }
        ],
        "is_locked": false,
        "subscribed": false,
        "reactions": [
            {
                "name": "+1",
                "users": [
                    "U02PRMEAP0V",
                    "U0188DZQPB8"
                ],
                "count": 2
            }
        ]
    },
    {
        "client_msg_id": "47966f17-89ac-4b1f-8f54-244aa7c0d3b5",
        "type": "message",
        "text": "Forgot to add - For this role we are looking for someone from India.",
        "user": "U01J3L8CJRL",
        "ts": "1647360715.704609",
        "team": "TJE58GTJL",
        "user_team": "TJE58GTJL",
        "source_team": "TJE58GTJL",
        "user_profile": {
            "avatar_hash": "12550f10b66e",
            "image_72": "https:\/\/avatars.slack-edge.com\/2021-10-14\/2588602098551_12550f10b66e24ed3adb_72.png",
            "first_name": "Saurabh",
            "real_name": "Saurabh",
            "display_name": "Saurabh",
            "team": "TJE58GTJL",
            "name": "saurabh.content.saas",
            "is_restricted": false,
            "is_ultra_restricted": false
        },
        "blocks": [
            {
                "type": "rich_text",
                "block_id": "Uey",
                "elements": [
                    {
                        "type": "rich_text_section",
                        "elements": [
                            {
                                "type": "text",
                                "text": "Forgot to add - For this role we are looking for someone from India."
                            }
                        ]
                    }
                ]
            }
        ],
        "thread_ts": "1647359098.175889",
        "parent_user_id": "U01J3L8CJRL"
    },
    {
        "client_msg_id": "00533001-6f68-4818-aa83-d8acfd4ce545",
        "type": "message",
        "text": "lol <@UQ3Q7SQ6A> i’ll let this one slide",
        "user": "U01RHT8800N",
        "ts": "1647365999.215479",
        "team": "TJE58GTJL",
        "user_team": "TJE58GTJL",
        "source_team": "TJE58GTJL",
        "user_profile": {
            "avatar_hash": "351f898be38f",
            "image_72": "https:\/\/avatars.slack-edge.com\/2021-03-18\/1874720693426_351f898be38f3e5a6753_72.png",
            "first_name": "mekkie",
            "real_name": "mekkie",
            "display_name": "mekkie",
            "team": "TJE58GTJL",
            "name": "mehakbansil",
            "is_restricted": false,
            "is_ultra_restricted": false
        },
        "blocks": [
            {
                "type": "rich_text",
                "block_id": "Kvxa",
                "elements": [
                    {
                        "type": "rich_text_section",
                        "elements": [
                            {
                                "type": "text",
                                "text": "lol "
                            },
                            {
                                "type": "user",
                                "user_id": "UQ3Q7SQ6A"
                            },
                            {
                                "type": "text",
                                "text": " i’ll let this one slide"
                            }
                        ]
                    }
                ]
            }
        ],
        "thread_ts": "1646885096.851719",
        "parent_user_id": "U01RHT8800N",
        "reactions": [
            {
                "name": "joy",
                "users": [
                    "UQ3Q7SQ6A"
                ],
                "count": 1
            }
        ]
    },
    {
        "client_msg_id": "76614B5F-F0BB-46A9-92FA-DBB4E1E8CC74",
        "type": "message",
        "text": "I appreciate that :sweat_smile:",
        "user": "UQ3Q7SQ6A",
        "ts": "1647366285.927359",
        "team": "TJE58GTJL",
        "user_team": "TJE58GTJL",
        "source_team": "TJE58GTJL",
        "user_profile": {
            "avatar_hash": "g7a7d41ebd52",
            "image_72": "https:\/\/secure.gravatar.com\/avatar\/7a7d41ebd52e2e602504a5796f3e37ee.jpg?s=72&d=https%3A%2F%2Fa.slack-edge.com%2Fdf10d%2Fimg%2Favatars%2Fava_0015-72.png",
            "first_name": "Michal",
            "real_name": "Michal Leszczynski",
            "display_name": "Michal Leszczynski",
            "team": "TJE58GTJL",
            "name": "mr.leszczynski",
            "is_restricted": false,
            "is_ultra_restricted": false
        },
        "blocks": [
            {
                "type": "rich_text",
                "block_id": "SZH",
                "elements": [
                    {
                        "type": "rich_text_section",
                        "elements": [
                            {
                                "type": "text",
                                "text": "I appreciate that "
                            },
                            {
                                "type": "emoji",
                                "name": "sweat_smile"
                            }
                        ]
                    }
                ]
            }
        ],
        "thread_ts": "1646885096.851719",
        "parent_user_id": "U01RHT8800N"
    },
    {
        "client_msg_id": "1ddc6bb1-91cb-4fdc-a7ee-fbb432836ecb",
        "type": "message",
        "text": "Hey there! Just wanted to take a quick second to plug my newsletter for freelancers, <https:\/\/jasminewilliamsmedia.mykajabi.com\/newsletter|Content Ketchup>! Our very own <@U03330MFEN4> was nice enough to include it in her roundup of <https:\/\/jasminewilliamsmedia.mykajabi.com\/newsletter|top freelance newsletters> so I figured I should give it a shout out too, haha.\n\nIf you’re interested, you can subscribe <https:\/\/jasminewilliamsmedia.mykajabi.com\/newsletter|here>! I send it out every Tuesday at 7PM EST and tonight’s letter is all about why you should treat your business like a client.",
        "user": "U0236PYP3SR",
        "ts": "1647368631.055579",
        "team": "TJE58GTJL",
        "user_team": "TJE58GTJL",
        "source_team": "TJE58GTJL",
        "user_profile": {
            "avatar_hash": "151ef26d495d",
            "image_72": "https:\/\/avatars.slack-edge.com\/2021-05-27\/2105651351574_151ef26d495d8461f6e5_72.jpg",
            "first_name": "Jasmine",
            "real_name": "Jasmine Williams",
            "display_name": "Jasmine Williams",
            "team": "TJE58GTJL",
            "name": "hello426",
            "is_restricted": false,
            "is_ultra_restricted": false
        },
        "attachments": [
            {
                "from_url": "https:\/\/jasminewilliamsmedia.mykajabi.com\/newsletter",
                "image_url": "https:\/\/kajabi-storefronts-production.kajabi-cdn.com\/kajabi-storefronts-production\/sites\/133925\/images\/s1TxNiXjQumvikOdpKIo_Copy_of_Content_Ketchup_Newsletter_Header.png",
                "image_width": 444,
                "image_height": 250,
                "image_bytes": 77885,
                "id": 1,
                "original_url": "https:\/\/jasminewilliamsmedia.mykajabi.com\/newsletter",
                "fallback": "Newsletter Sign Up | Jasmine Williams Media",
                "text": "Sign up for my email newsletter, Content Ketchup - a weekly newsletter about freelancing, content marketing, and my business journey.",
                "title": "Newsletter Sign Up | Jasmine Williams Media",
                "title_link": "https:\/\/jasminewilliamsmedia.mykajabi.com\/newsletter",
                "service_name": "jasminewilliamsmedia.mykajabi.com"
            }
        ],
        "blocks": [
            {
                "type": "rich_text",
                "block_id": "asoYU",
                "elements": [
                    {
                        "type": "rich_text_section",
                        "elements": [
                            {
                                "type": "text",
                                "text": "Hey there! Just wanted to take a quick second to plug my newsletter for freelancers, "
                            },
                            {
                                "type": "link",
                                "url": "https:\/\/jasminewilliamsmedia.mykajabi.com\/newsletter",
                                "text": "Content Ketchup"
                            },
                            {
                                "type": "text",
                                "text": "! Our very own "
                            },
                            {
                                "type": "user",
                                "user_id": "U03330MFEN4"
                            },
                            {
                                "type": "text",
                                "text": " was nice enough to include it in her roundup of "
                            },
                            {
                                "type": "link",
                                "url": "https:\/\/jasminewilliamsmedia.mykajabi.com\/newsletter",
                                "text": "top freelance newsletters"
                            },
                            {
                                "type": "text",
                                "text": " so I figured I should give it a shout out too, haha.\n\nIf you’re interested, you can subscribe "
                            },
                            {
                                "type": "link",
                                "url": "https:\/\/jasminewilliamsmedia.mykajabi.com\/newsletter",
                                "text": "here"
                            },
                            {
                                "type": "text",
                                "text": "! I send it out every Tuesday at 7PM EST and tonight’s letter is all about why you should treat your business like a client."
                            }
                        ]
                    }
                ]
            }
        ],
        "thread_ts": "1647368631.055579",
        "reply_count": 4,
        "reply_users_count": 4,
        "latest_reply": "1647616642.833379",
        "reply_users": [
            "U03330MFEN4",
            "U01UDU0NHEV",
            "U02MYNWUY07",
            "U034NCQDL4C"
        ],
        "replies": [
            {
                "user": "U03330MFEN4",
                "ts": "1647378454.303939"
            },
            {
                "user": "U01UDU0NHEV",
                "ts": "1647459637.532279"
            },
            {
                "user": "U02MYNWUY07",
                "ts": "1647501984.828079"
            },
            {
                "user": "U034NCQDL4C",
                "ts": "1647616642.833379"
            }
        ],
        "is_locked": false,
        "subscribed": false,
        "reactions": [
            {
                "name": "heart",
                "users": [
                    "UPH4SCGTH",
                    "UUKNPTB7B",
                    "U031ULX8GLQ",
                    "UUJBMNRNF",
                    "U03330MFEN4",
                    "U02PRMEAP0V",
                    "U02SHF57GQN",
                    "UL9V1R1D2",
                    "U020HS8D4TX"
                ],
                "count": 9
            },
            {
                "name": "tada",
                "users": [
                    "U03330MFEN4",
                    "U01UDU0NHEV",
                    "U01FUP6AMEZ"
                ],
                "count": 3
            }
        ]
    },
    {
        "client_msg_id": "f7aac3b7-f876-418b-bc27-0c13e8fb891d",
        "type": "message",
        "text": "I obviously recommend subscribing! It’s always full of great advice.",
        "user": "U03330MFEN4",
        "ts": "1647378454.303939",
        "team": "TJE58GTJL",
        "user_team": "TJE58GTJL",
        "source_team": "TJE58GTJL",
        "user_profile": {
            "avatar_hash": "eee78796f291",
            "image_72": "https:\/\/avatars.slack-edge.com\/2022-02-09\/3105175916912_eee78796f2919ff55228_72.png",
            "first_name": "Kaitlyn",
            "real_name": "Kaitlyn Arford",
            "display_name": "Kaitlyn Arford",
            "team": "TJE58GTJL",
            "name": "kaitlyn.arford",
            "is_restricted": false,
            "is_ultra_restricted": false
        },
        "blocks": [
            {
                "type": "rich_text",
                "block_id": "rUO\/",
                "elements": [
                    {
                        "type": "rich_text_section",
                        "elements": [
                            {
                                "type": "text",
                                "text": "I obviously recommend subscribing! It’s always full of great advice."
                            }
                        ]
                    }
                ]
            }
        ],
        "thread_ts": "1647368631.055579",
        "parent_user_id": "U0236PYP3SR",
        "reactions": [
            {
                "name": "heart",
                "users": [
                    "U0236PYP3SR"
                ],
                "count": 1
            }
        ]
    },
    {
        "client_msg_id": "419b9fd0-b4c1-4355-9750-de7cb86eb5ee",
        "type": "message",
        "text": "Hey everyone,\n\nI work with <http:\/\/atlan.com|Atlan>, a home for data teams. We're a <https:\/\/humansofdata.atlan.com\/2022\/03\/atlan-raises-series-b\/|Series B> company backed by Salesforce Ventures, Sequoia Capital, Insight Partners &amp; several leaders.\n\nWe're building a high quality content engine aimed at serving the humans of data (specifically focused on data professionals working around the modern data stack). Looking for content professionals to help us drive this engine, specifically in two roles :slightly_smiling_face:\n\n1. Writing - Looking for folks (or agencies) enjoy writing around data related technologies (data warehouses, lakes, metadata management etc).\n2. Editing - Polishing those articles to perfection &amp; publishing them (again, preferably someone with exposure to data\/technology)\nShould need more information or wanna explore these opportunities, please drop me a note on <mailto:surendran@atlan.com|surendran@atlan.com> or ping me on <https:\/\/www.linkedin.com\/in\/surendran-balachandran\/|LinkedIn>. Thanks!",
        "user": "U0241BH1XJS",
        "ts": "1647409062.862109",
        "team": "TJE58GTJL",
        "user_team": "TJE58GTJL",
        "source_team": "TJE58GTJL",
        "user_profile": {
            "avatar_hash": "9274ff609eda",
            "image_72": "https:\/\/avatars.slack-edge.com\/2022-03-16\/3247820360050_9274ff609edaf956aa99_72.jpg",
            "first_name": "Surendran",
            "real_name": "Surendran Balachandran",
            "display_name": "Surendran Balachandran",
            "team": "TJE58GTJL",
            "name": "surendran",
            "is_restricted": false,
            "is_ultra_restricted": false
        },
        "blocks": [
            {
                "type": "rich_text",
                "block_id": "G9KYV",
                "elements": [
                    {
                        "type": "rich_text_section",
                        "elements": [
                            {
                                "type": "text",
                                "text": "Hey everyone,\n\nI work with "
                            },
                            {
                                "type": "link",
                                "url": "http:\/\/atlan.com",
                                "text": "Atlan"
                            },
                            {
                                "type": "text",
                                "text": ", a home for data teams. We're a "
                            },
                            {
                                "type": "link",
                                "url": "https:\/\/humansofdata.atlan.com\/2022\/03\/atlan-raises-series-b\/",
                                "text": "Series B"
                            },
                            {
                                "type": "text",
                                "text": " company backed by Salesforce Ventures, Sequoia Capital, Insight Partners & several leaders.\n\nWe're building a high quality content engine aimed at serving the humans of data (specifically focused on data professionals working around the modern data stack). Looking for content professionals to help us drive this engine, specifically in two roles "
                            },
                            {
                                "type": "emoji",
                                "name": "slightly_smiling_face"
                            },
                            {
                                "type": "text",
                                "text": "\n\n"
                            }
                        ]
                    },
                    {
                        "type": "rich_text_list",
                        "elements": [
                            {
                                "type": "rich_text_section",
                                "elements": [
                                    {
                                        "type": "text",
                                        "text": "Writing - Looking for folks (or agencies) enjoy writing around data related technologies (data warehouses, lakes, metadata management etc)."
                                    }
                                ]
                            },
                            {
                                "type": "rich_text_section",
                                "elements": [
                                    {
                                        "type": "text",
                                        "text": "Editing - Polishing those articles to perfection & publishing them (again, preferably someone with exposure to data\/technology)"
                                    }
                                ]
                            }
                        ],
                        "style": "ordered",
                        "indent": 0,
                        "border": 0
                    },
                    {
                        "type": "rich_text_section",
                        "elements": [
                            {
                                "type": "text",
                                "text": "\nShould need more information or wanna explore these opportunities, please drop me a note on "
                            },
                            {
                                "type": "link",
                                "url": "mailto:surendran@atlan.com",
                                "text": "surendran@atlan.com"
                            },
                            {
                                "type": "text",
                                "text": " or ping me on "
                            },
                            {
                                "type": "link",
                                "url": "https:\/\/www.linkedin.com\/in\/surendran-balachandran\/",
                                "text": "LinkedIn"
                            },
                            {
                                "type": "text",
                                "text": ". Thanks!"
                            }
                        ]
                    }
                ]
            }
        ],
        "thread_ts": "1647409062.862109",
        "reply_count": 16,
        "reply_users_count": 9,
        "latest_reply": "1648618599.766239",
        "reply_users": [
            "U035PRM7UR1",
            "U0241BH1XJS",
            "U027KKWUY12",
            "U032XMG6Q8Z",
            "U02B60S6FBM",
            "U0322LUMX4L",
            "U02SHF57GQN",
            "U034WF55SDT",
            "U02RXFYA3T4"
        ],
        "replies": [
            {
                "user": "U035PRM7UR1",
                "ts": "1647410706.945789"
            },
            {
                "user": "U0241BH1XJS",
                "ts": "1647410730.347139"
            },
            {
                "user": "U027KKWUY12",
                "ts": "1647411710.298619"
            },
            {
                "user": "U032XMG6Q8Z",
                "ts": "1647425019.160509"
            },
            {
                "user": "U02B60S6FBM",
                "ts": "1647425967.307049"
            },
            {
                "user": "U0241BH1XJS",
                "ts": "1647426029.721309"
            },
            {
                "user": "U0241BH1XJS",
                "ts": "1647426050.228609"
            },
            {
                "user": "U0322LUMX4L",
                "ts": "1647428445.017249"
            },
            {
                "user": "U02SHF57GQN",
                "ts": "1647523362.960539"
            },
            {
                "user": "U0241BH1XJS",
                "ts": "1647525401.641089"
            },
            {
                "user": "U027KKWUY12",
                "ts": "1647539064.664049"
            },
            {
                "user": "U034WF55SDT",
                "ts": "1647542191.174299"
            },
            {
                "user": "U0241BH1XJS",
                "ts": "1647574404.923239"
            },
            {
                "user": "U02RXFYA3T4",
                "ts": "1648563086.439979"
            },
            {
                "user": "U0241BH1XJS",
                "ts": "1648604294.233729"
            },
            {
                "user": "U02RXFYA3T4",
                "ts": "1648618599.766239"
            }
        ],
        "is_locked": false,
        "subscribed": false,
        "reactions": [
            {
                "name": "+1",
                "users": [
                    "U035PRM7UR1",
                    "U02H3K9BEMA",
                    "U0188DZQPB8"
                ],
                "count": 3
            },
            {
                "name": "wave",
                "users": [
                    "U02SHF57GQN",
                    "U0188DZQPB8"
                ],
                "count": 2
            }
        ]
    },
    {
        "client_msg_id": "723F55BB-8483-4205-A9B5-5FB0EC993F4D",
        "type": "message",
        "text": "I'll send you an email today :)",
        "user": "U035PRM7UR1",
        "ts": "1647410706.945789",
        "team": "TJE58GTJL",
        "user_team": "TJE58GTJL",
        "source_team": "TJE58GTJL",
        "user_profile": {
            "avatar_hash": "7c48f0494041",
            "image_72": "https:\/\/avatars.slack-edge.com\/2022-03-04\/3180127949831_7c48f0494041889cf38e_72.png",
            "first_name": "Neha",
            "real_name": "Neha",
            "display_name": "Neha",
            "team": "TJE58GTJL",
            "name": "neha",
            "is_restricted": false,
            "is_ultra_restricted": false
        },
        "blocks": [
            {
                "type": "rich_text",
                "block_id": "rtaam",
                "elements": [
                    {
                        "type": "rich_text_section",
                        "elements": [
                            {
                                "type": "text",
                                "text": "I'll send you an email today :)"
                            }
                        ]
                    }
                ]
            }
        ],
        "thread_ts": "1647409062.862109",
        "parent_user_id": "U0241BH1XJS",
        "reactions": [
            {
                "name": "white_check_mark",
                "users": [
                    "U0241BH1XJS"
                ],
                "count": 1
            }
        ]
    },
    {
        "client_msg_id": "51e7db39-a4e9-4a7c-8391-72ade27c6084",
        "type": "message",
        "text": "Please do :slightly_smiling_face: Will be grateful if you can attach some samples\/published work!",
        "user": "U0241BH1XJS",
        "ts": "1647410730.347139",
        "team": "TJE58GTJL",
        "user_team": "TJE58GTJL",
        "source_team": "TJE58GTJL",
        "user_profile": {
            "avatar_hash": "9274ff609eda",
            "image_72": "https:\/\/avatars.slack-edge.com\/2022-03-16\/3247820360050_9274ff609edaf956aa99_72.jpg",
            "first_name": "Surendran",
            "real_name": "Surendran Balachandran",
            "display_name": "Surendran Balachandran",
            "team": "TJE58GTJL",
            "name": "surendran",
            "is_restricted": false,
            "is_ultra_restricted": false
        },
        "blocks": [
            {
                "type": "rich_text",
                "block_id": "hlG",
                "elements": [
                    {
                        "type": "rich_text_section",
                        "elements": [
                            {
                                "type": "text",
                                "text": "Please do "
                            },
                            {
                                "type": "emoji",
                                "name": "slightly_smiling_face"
                            },
                            {
                                "type": "text",
                                "text": " Will be grateful if you can attach some samples\/published work!"
                            }
                        ]
                    }
                ]
            }
        ],
        "thread_ts": "1647409062.862109",
        "parent_user_id": "U0241BH1XJS",
        "reactions": [
            {
                "name": "+1",
                "users": [
                    "U035PRM7UR1"
                ],
                "count": 1
            }
        ]
    },
    {
        "client_msg_id": "2C975B31-55FA-4EB2-83EA-4204047F5015",
        "type": "message",
        "text": "Mail sent.",
        "user": "U027KKWUY12",
        "ts": "1647411710.298619",
        "team": "TJE58GTJL",
        "user_team": "TJE58GTJL",
        "source_team": "TJE58GTJL",
        "user_profile": {
            "avatar_hash": "f2176ca29ce5",
            "image_72": "https:\/\/avatars.slack-edge.com\/2021-07-14\/2268394227302_f2176ca29ce5a159a5bb_72.png",
            "first_name": "Lapite",
            "real_name": "Lapite Olamide",
            "display_name": "Olamide",
            "team": "TJE58GTJL",
            "name": "lapite3",
            "is_restricted": false,
            "is_ultra_restricted": false
        },
        "blocks": [
            {
                "type": "rich_text",
                "block_id": "MEH",
                "elements": [
                    {
                        "type": "rich_text_section",
                        "elements": [
                            {
                                "type": "text",
                                "text": "Mail sent."
                            }
                        ]
                    }
                ]
            }
        ],
        "thread_ts": "1647409062.862109",
        "parent_user_id": "U0241BH1XJS",
        "reactions": [
            {
                "name": "white_check_mark",
                "users": [
                    "U0241BH1XJS"
                ],
                "count": 1
            }
        ]
    }
]