[
    {
        "client_msg_id": "06deebb9-3041-4b29-a014-d0f7194cac6f",
        "type": "message",
        "text": "Hey everyone, <https:\/\/asmarketingagency.com\/|AS Marketing> is a B2B marketing agency located in Germany. We are searching for a native English speaking B2B content and SEO writer for multiple client projects, most of which are tech-related but also complex\/niche services. If you're interested, please send your time zone, per word rate, and 3 portfolio samples to <mailto:info@asmarketingagency.com|info@asmarketingagency.com> Thanks! :slightly_smiling_face:",
        "user": "U023HGMVC0P",
        "ts": "1642420104.116300",
        "team": "TJE58GTJL",
        "user_team": "TJE58GTJL",
        "source_team": "TJE58GTJL",
        "user_profile": {
            "avatar_hash": "62739cc5c557",
            "image_72": "https:\/\/avatars.slack-edge.com\/2021-06-04\/2149147721041_62739cc5c557263030d9_72.png",
            "first_name": "",
            "real_name": "Adriana Stein",
            "display_name": "Adriana Stein",
            "team": "TJE58GTJL",
            "name": "info035",
            "is_restricted": false,
            "is_ultra_restricted": false
        },
        "blocks": [
            {
                "type": "rich_text",
                "block_id": "fzj",
                "elements": [
                    {
                        "type": "rich_text_section",
                        "elements": [
                            {
                                "type": "text",
                                "text": "Hey everyone, "
                            },
                            {
                                "type": "link",
                                "url": "https:\/\/asmarketingagency.com\/",
                                "text": "AS Marketing"
                            },
                            {
                                "type": "text",
                                "text": " is a B2B marketing agency located in Germany. We are searching for a native English speaking B2B content and SEO writer for multiple client projects, most of which are tech-related but also complex\/niche services. If you're interested, please send your time zone, per word rate, and 3 portfolio samples to "
                            },
                            {
                                "type": "link",
                                "url": "mailto:info@asmarketingagency.com",
                                "text": "info@asmarketingagency.com"
                            },
                            {
                                "type": "text",
                                "text": " Thanks! "
                            },
                            {
                                "type": "emoji",
                                "name": "slightly_smiling_face"
                            }
                        ]
                    }
                ]
            }
        ],
        "thread_ts": "1642420104.116300",
        "reply_count": 3,
        "reply_users_count": 3,
        "latest_reply": "1642580433.127600",
        "reply_users": [
            "U01MVN90X9U",
            "U02GMMQ281W",
            "U02MX01BC4C"
        ],
        "replies": [
            {
                "user": "U01MVN90X9U",
                "ts": "1642434272.118600"
            },
            {
                "user": "U02GMMQ281W",
                "ts": "1642520024.121100"
            },
            {
                "user": "U02MX01BC4C",
                "ts": "1642580433.127600"
            }
        ],
        "is_locked": false,
        "subscribed": false,
        "reactions": [
            {
                "name": "+1",
                "users": [
                    "U01MVN90X9U",
                    "U02CMCS8KH9",
                    "U02RGUD9C6S",
                    "U02GMMQ281W",
                    "U02U3RDQKHP",
                    "U02M8JQ5ZAM",
                    "U02KR8EC0TY"
                ],
                "count": 7
            },
            {
                "name": "eyes",
                "users": [
                    "U02GMMQ281W"
                ],
                "count": 1
            }
        ]
    },
    {
        "type": "message",
        "subtype": "tombstone",
        "text": "This message was deleted.",
        "user": "USLACKBOT",
        "hidden": true,
        "ts": "1642427669.117900",
        "thread_ts": "1642427669.117900",
        "parent_user_id": "USLACKBOT",
        "reply_count": 2,
        "reply_users_count": 2,
        "latest_reply": "1642439616.119100",
        "reply_users": [
            "UJG9WTEKG",
            "U02RZQNGYDS"
        ],
        "replies": [
            {
                "user": "UJG9WTEKG",
                "ts": "1642439544.118900"
            },
            {
                "user": "U02RZQNGYDS",
                "ts": "1642439616.119100"
            }
        ],
        "is_locked": false,
        "subscribed": true,
        "last_read": "1642439616.119100"
    },
    {
        "client_msg_id": "F1B7F92C-612D-4CFA-841E-81FDF678DB01",
        "type": "message",
        "text": "Thanks Adriana! I sent an email",
        "user": "U01MVN90X9U",
        "ts": "1642434272.118600",
        "team": "TJE58GTJL",
        "user_team": "TJE58GTJL",
        "source_team": "TJE58GTJL",
        "user_profile": {
            "avatar_hash": "90c9a31e7e21",
            "image_72": "https:\/\/avatars.slack-edge.com\/2021-02-14\/1750625169506_90c9a31e7e21737f4b38_72.jpg",
            "first_name": "redante",
            "real_name": "redante",
            "display_name": "Redante Asuncion-Reed",
            "team": "TJE58GTJL",
            "name": "rasuncion.reed",
            "is_restricted": false,
            "is_ultra_restricted": false
        },
        "blocks": [
            {
                "type": "rich_text",
                "block_id": "8lhA",
                "elements": [
                    {
                        "type": "rich_text_section",
                        "elements": [
                            {
                                "type": "text",
                                "text": "Thanks Adriana! I sent an email"
                            }
                        ]
                    }
                ]
            }
        ],
        "thread_ts": "1642420104.116300",
        "parent_user_id": "U023HGMVC0P"
    },
    {
        "client_msg_id": "26499323-1555-4624-a429-4f96d97089af",
        "type": "message",
        "text": "<@U02RZQNGYDS> can you move this to <#C02RGHQ4HK7|hire-me>?",
        "user": "UJG9WTEKG",
        "ts": "1642439544.118900",
        "team": "TJE58GTJL",
        "user_team": "TJE58GTJL",
        "source_team": "TJE58GTJL",
        "user_profile": {
            "avatar_hash": "gc25b94e6ebf",
            "image_72": "https:\/\/secure.gravatar.com\/avatar\/eec25b94e6ebf55f0b7933372344cd09.jpg?s=72&d=https%3A%2F%2Fa.slack-edge.com%2Fdf10d%2Fimg%2Favatars%2Fava_0001-72.png",
            "first_name": "Jimmy",
            "real_name": "Jimmy Daly",
            "display_name": "",
            "team": "TJE58GTJL",
            "name": "runjimdaly",
            "is_restricted": false,
            "is_ultra_restricted": false
        },
        "blocks": [
            {
                "type": "rich_text",
                "block_id": "tbwQ",
                "elements": [
                    {
                        "type": "rich_text_section",
                        "elements": [
                            {
                                "type": "user",
                                "user_id": "U02RZQNGYDS"
                            },
                            {
                                "type": "text",
                                "text": " can you move this to "
                            },
                            {
                                "type": "channel",
                                "channel_id": "C02RGHQ4HK7"
                            },
                            {
                                "type": "text",
                                "text": "?"
                            }
                        ]
                    }
                ]
            }
        ],
        "thread_ts": "1642427669.117900",
        "parent_user_id": "USLACKBOT"
    },
    {
        "client_msg_id": "07d5cbd6-4f38-40a3-8a77-6f58ec0b8996",
        "type": "message",
        "text": "okay",
        "user": "U02RZQNGYDS",
        "ts": "1642439616.119100",
        "team": "TJE58GTJL",
        "user_team": "TJE58GTJL",
        "source_team": "TJE58GTJL",
        "user_profile": {
            "avatar_hash": "1c8474c623ca",
            "image_72": "https:\/\/avatars.slack-edge.com\/2021-12-24\/2867122766263_1c8474c623cac27ca4d0_72.jpg",
            "first_name": "Yemi",
            "real_name": "Yemi Oluseye",
            "display_name": "Yemi Oluseye",
            "team": "TJE58GTJL",
            "name": "thomaul1234",
            "is_restricted": false,
            "is_ultra_restricted": false
        },
        "blocks": [
            {
                "type": "rich_text",
                "block_id": "5kNo",
                "elements": [
                    {
                        "type": "rich_text_section",
                        "elements": [
                            {
                                "type": "text",
                                "text": "okay"
                            }
                        ]
                    }
                ]
            }
        ],
        "thread_ts": "1642427669.117900",
        "parent_user_id": "USLACKBOT"
    },
    {
        "type": "message",
        "subtype": "tombstone",
        "text": "This message was deleted.",
        "user": "USLACKBOT",
        "hidden": true,
        "ts": "1642459158.119900",
        "thread_ts": "1642459158.119900",
        "parent_user_id": "USLACKBOT",
        "reply_count": 1,
        "reply_users_count": 1,
        "latest_reply": "1642461919.120100",
        "reply_users": [
            "UJG9WTEKG"
        ],
        "replies": [
            {
                "user": "UJG9WTEKG",
                "ts": "1642461919.120100"
            }
        ],
        "is_locked": false,
        "subscribed": true,
        "last_read": "1642461919.120100"
    },
    {
        "client_msg_id": "eb22f1a7-5a98-429b-aa48-9e36d6c74904",
        "type": "message",
        "text": "<@U02C37GGQMB> can you move to <#C02RGHQ4HK7|hire-me>?",
        "user": "UJG9WTEKG",
        "ts": "1642461919.120100",
        "team": "TJE58GTJL",
        "user_team": "TJE58GTJL",
        "source_team": "TJE58GTJL",
        "user_profile": {
            "avatar_hash": "gc25b94e6ebf",
            "image_72": "https:\/\/secure.gravatar.com\/avatar\/eec25b94e6ebf55f0b7933372344cd09.jpg?s=72&d=https%3A%2F%2Fa.slack-edge.com%2Fdf10d%2Fimg%2Favatars%2Fava_0001-72.png",
            "first_name": "Jimmy",
            "real_name": "Jimmy Daly",
            "display_name": "",
            "team": "TJE58GTJL",
            "name": "runjimdaly",
            "is_restricted": false,
            "is_ultra_restricted": false
        },
        "blocks": [
            {
                "type": "rich_text",
                "block_id": "04\/",
                "elements": [
                    {
                        "type": "rich_text_section",
                        "elements": [
                            {
                                "type": "user",
                                "user_id": "U02C37GGQMB"
                            },
                            {
                                "type": "text",
                                "text": " can you move to "
                            },
                            {
                                "type": "channel",
                                "channel_id": "C02RGHQ4HK7"
                            },
                            {
                                "type": "text",
                                "text": "?"
                            }
                        ]
                    }
                ]
            }
        ],
        "thread_ts": "1642459158.119900",
        "parent_user_id": "USLACKBOT"
    }
]