[
    {
        "client_msg_id": "b41df0be-8cb6-486a-9e9f-4108072c97d4",
        "type": "message",
        "text": "industry - B2B tech startups and IT services) thanks!",
        "user": "U02NS1BQ6GZ",
        "ts": "1644220981.536329",
        "team": "TJE58GTJL",
        "user_team": "TJE58GTJL",
        "source_team": "TJE58GTJL",
        "user_profile": {
            "avatar_hash": "d8946bc31ddd",
            "image_72": "https:\/\/avatars.slack-edge.com\/2021-11-24\/2768077855139_d8946bc31ddd8c940b7e_72.png",
            "first_name": "Vlada",
            "real_name": "Vlada Korzun",
            "display_name": "",
            "team": "TJE58GTJL",
            "name": "vl.korzun0",
            "is_restricted": false,
            "is_ultra_restricted": false
        },
        "blocks": [
            {
                "type": "rich_text",
                "block_id": "HIs0",
                "elements": [
                    {
                        "type": "rich_text_section",
                        "elements": [
                            {
                                "type": "text",
                                "text": "industry - B2B tech startups and IT services) thanks!"
                            }
                        ]
                    }
                ]
            }
        ],
        "thread_ts": "1644165242.207629",
        "parent_user_id": "U02L6AMG3GV"
    },
    {
        "client_msg_id": "7ae25540-885a-4dd5-8020-09a2a8642762",
        "type": "message",
        "text": "I put my resume in there, with my freelance work as the current job (or one of my current jobs) with bullet points highlighting my skills and responsibilities and accomplishments just like any other job.",
        "user": "U02LGA1DB9N",
        "ts": "1644243538.979999",
        "team": "TJE58GTJL",
        "user_team": "TJE58GTJL",
        "source_team": "TJE58GTJL",
        "user_profile": {
            "avatar_hash": "g155e4fbdeca",
            "image_72": "https:\/\/secure.gravatar.com\/avatar\/155e4fbdecae853708a128414a53d994.jpg?s=72&d=https%3A%2F%2Fa.slack-edge.com%2Fdf10d%2Fimg%2Favatars%2Fava_0025-72.png",
            "first_name": "Jenn",
            "real_name": "Jenn Palandro",
            "display_name": "jenn",
            "team": "TJE58GTJL",
            "name": "jenny075",
            "is_restricted": false,
            "is_ultra_restricted": false
        },
        "blocks": [
            {
                "type": "rich_text",
                "block_id": "TOH",
                "elements": [
                    {
                        "type": "rich_text_section",
                        "elements": [
                            {
                                "type": "text",
                                "text": "I put my resume in there, with my freelance work as the current job (or one of my current jobs) with bullet points highlighting my skills and responsibilities and accomplishments just like any other job."
                            }
                        ]
                    }
                ]
            }
        ],
        "thread_ts": "1644078617.362269",
        "parent_user_id": "U01PXN2LGAK",
        "reactions": [
            {
                "name": "+1",
                "users": [
                    "U01PXN2LGAK"
                ],
                "count": 1
            }
        ]
    },
    {
        "client_msg_id": "f72382af-ee27-4d9d-9bc1-7152c2bcf14d",
        "type": "message",
        "text": "Hey <@U023HGMVC0P> I would love to explore this opportunity. I have worked with multiple clients in the logistics space over the past year.",
        "user": "U02U3RDQKHP",
        "ts": "1644245235.362599",
        "team": "TJE58GTJL",
        "user_team": "TJE58GTJL",
        "source_team": "TJE58GTJL",
        "user_profile": {
            "avatar_hash": "c4b54647fa38",
            "image_72": "https:\/\/avatars.slack-edge.com\/2022-01-31\/3029579600245_c4b54647fa384f5f7419_72.jpg",
            "first_name": "Sharan",
            "real_name": "Sharan Phillora",
            "display_name": "Sharan Phillora",
            "team": "TJE58GTJL",
            "name": "sharanphillora",
            "is_restricted": false,
            "is_ultra_restricted": false
        },
        "blocks": [
            {
                "type": "rich_text",
                "block_id": "nQp",
                "elements": [
                    {
                        "type": "rich_text_section",
                        "elements": [
                            {
                                "type": "text",
                                "text": "Hey "
                            },
                            {
                                "type": "user",
                                "user_id": "U023HGMVC0P"
                            },
                            {
                                "type": "text",
                                "text": " I would love to explore this opportunity. I have worked with multiple clients in the logistics space over the past year."
                            }
                        ]
                    }
                ]
            }
        ],
        "thread_ts": "1644218713.861539",
        "parent_user_id": "U023HGMVC0P"
    },
    {
        "client_msg_id": "87b58045-a7ad-4edb-85ae-ea15edf869e5",
        "type": "message",
        "text": "Follow-up question for writers: Would you prefer the more general items in a style guide, or repeated in every brief?\n\nMany of these things (e.g. examples of content the brand likes, consistent CTAs, blogs you should link back to) I am tempted to put in a style guide rather than in the brief itself.",
        "user": "U031JEFLBC3",
        "ts": "1644248725.374399",
        "team": "TJE58GTJL",
        "user_team": "TJE58GTJL",
        "source_team": "TJE58GTJL",
        "user_profile": {
            "avatar_hash": "gcf2298b7487",
            "image_72": "https:\/\/secure.gravatar.com\/avatar\/cf2298b74874c2b895b52a930a48b132.jpg?s=72&d=https%3A%2F%2Fa.slack-edge.com%2Fdf10d%2Fimg%2Favatars%2Fava_0022-72.png",
            "first_name": "Laura",
            "real_name": "Laura Abbott",
            "display_name": "",
            "team": "TJE58GTJL",
            "name": "laeabbott",
            "is_restricted": false,
            "is_ultra_restricted": false
        },
        "blocks": [
            {
                "type": "rich_text",
                "block_id": "UPD",
                "elements": [
                    {
                        "type": "rich_text_section",
                        "elements": [
                            {
                                "type": "text",
                                "text": "Follow-up question for writers: Would you prefer the more general items in a style guide, or repeated in every brief?\n\nMany of these things (e.g. examples of content the brand likes, consistent CTAs, blogs you should link back to) I am tempted to put in a style guide rather than in the brief itself."
                            }
                        ]
                    }
                ]
            }
        ],
        "thread_ts": "1644000753.278659",
        "parent_user_id": "U019P0ADPCH"
    },
    {
        "client_msg_id": "548cccd8-e1a8-43c7-8a41-559940846f48",
        "type": "message",
        "text": "What is your favorite app\/widget for time zones and planning meetings in different time zones globally? Looking to make scheduling meetings with coworkers easier and more aware of what time it is where folks are. :slightly_smiling_face:",
        "user": "U02CUM5CF7D",
        "ts": "1644259867.345009",
        "team": "TJE58GTJL",
        "user_team": "TJE58GTJL",
        "source_team": "TJE58GTJL",
        "user_profile": {
            "avatar_hash": "gf90c7d79106",
            "image_72": "https:\/\/secure.gravatar.com\/avatar\/f90c7d79106952711074efc0e69c6979.jpg?s=72&d=https%3A%2F%2Fa.slack-edge.com%2Fdf10d%2Fimg%2Favatars%2Fava_0026-72.png",
            "first_name": "Christina",
            "real_name": "Christina OFlaherty",
            "display_name": "Christina OFlaherty",
            "team": "TJE58GTJL",
            "name": "cjoflaherty",
            "is_restricted": false,
            "is_ultra_restricted": false
        },
        "blocks": [
            {
                "type": "rich_text",
                "block_id": "vXS44",
                "elements": [
                    {
                        "type": "rich_text_section",
                        "elements": [
                            {
                                "type": "text",
                                "text": "What is your favorite app\/widget for time zones and planning meetings in different time zones globally? Looking to make scheduling meetings with coworkers easier and more aware of what time it is where folks are. "
                            },
                            {
                                "type": "emoji",
                                "name": "slightly_smiling_face"
                            }
                        ]
                    }
                ]
            }
        ],
        "thread_ts": "1644259867.345009",
        "reply_count": 6,
        "reply_users_count": 4,
        "latest_reply": "1644279100.169329",
        "reply_users": [
            "U02SU2BECCA",
            "U02CUM5CF7D",
            "UN227ML2H",
            "U02F1GK6U6B"
        ],
        "replies": [
            {
                "user": "U02SU2BECCA",
                "ts": "1644260320.484359"
            },
            {
                "user": "U02SU2BECCA",
                "ts": "1644260340.745069"
            },
            {
                "user": "U02CUM5CF7D",
                "ts": "1644260451.766939"
            },
            {
                "user": "UN227ML2H",
                "ts": "1644261973.742739"
            },
            {
                "user": "U02CUM5CF7D",
                "ts": "1644271319.067769"
            },
            {
                "user": "U02F1GK6U6B",
                "ts": "1644279100.169329"
            }
        ],
        "is_locked": false,
        "subscribed": false
    },
    {
        "client_msg_id": "4c148029-d0b1-4252-a65e-c8b48ac27bd0",
        "type": "message",
        "text": "Guilty of Googling \"Current time in XXXX\" many times per week :slightly_smiling_face:",
        "user": "U02SU2BECCA",
        "ts": "1644260320.484359",
        "team": "TJE58GTJL",
        "user_team": "TJE58GTJL",
        "source_team": "TJE58GTJL",
        "user_profile": {
            "avatar_hash": "ee48b1106795",
            "image_72": "https:\/\/avatars.slack-edge.com\/2022-01-05\/2912317446291_ee48b110679501fff7ef_72.jpg",
            "first_name": "Lawrence",
            "real_name": "Lawrence Barker",
            "display_name": "Lawrence",
            "team": "TJE58GTJL",
            "name": "lawrence",
            "is_restricted": false,
            "is_ultra_restricted": false
        },
        "blocks": [
            {
                "type": "rich_text",
                "block_id": "yqw",
                "elements": [
                    {
                        "type": "rich_text_section",
                        "elements": [
                            {
                                "type": "text",
                                "text": "Guilty of Googling \"Current time in XXXX\" many times per week "
                            },
                            {
                                "type": "emoji",
                                "name": "slightly_smiling_face"
                            }
                        ]
                    }
                ]
            }
        ],
        "thread_ts": "1644259867.345009",
        "parent_user_id": "U02CUM5CF7D"
    },
    {
        "client_msg_id": "2ca2775d-3d76-4fcf-85bc-139a3e4c4c29",
        "type": "message",
        "text": "Slack's \"Local Time\" when you click on someone's profile is really helpful for coworkers.",
        "user": "U02SU2BECCA",
        "ts": "1644260340.745069",
        "team": "TJE58GTJL",
        "user_team": "TJE58GTJL",
        "source_team": "TJE58GTJL",
        "user_profile": {
            "avatar_hash": "ee48b1106795",
            "image_72": "https:\/\/avatars.slack-edge.com\/2022-01-05\/2912317446291_ee48b110679501fff7ef_72.jpg",
            "first_name": "Lawrence",
            "real_name": "Lawrence Barker",
            "display_name": "Lawrence",
            "team": "TJE58GTJL",
            "name": "lawrence",
            "is_restricted": false,
            "is_ultra_restricted": false
        },
        "blocks": [
            {
                "type": "rich_text",
                "block_id": "5kA",
                "elements": [
                    {
                        "type": "rich_text_section",
                        "elements": [
                            {
                                "type": "text",
                                "text": "Slack's \"Local Time\" when you click on someone's profile is really helpful for coworkers."
                            }
                        ]
                    }
                ]
            }
        ],
        "thread_ts": "1644259867.345009",
        "parent_user_id": "U02CUM5CF7D"
    },
    {
        "client_msg_id": "566efa03-6364-4de4-8704-0e07348ec73a",
        "type": "message",
        "text": "Ha, same! I google the time zones all the time:joy: Love the local time tip - thanks!",
        "user": "U02CUM5CF7D",
        "ts": "1644260451.766939",
        "team": "TJE58GTJL",
        "user_team": "TJE58GTJL",
        "source_team": "TJE58GTJL",
        "user_profile": {
            "avatar_hash": "gf90c7d79106",
            "image_72": "https:\/\/secure.gravatar.com\/avatar\/f90c7d79106952711074efc0e69c6979.jpg?s=72&d=https%3A%2F%2Fa.slack-edge.com%2Fdf10d%2Fimg%2Favatars%2Fava_0026-72.png",
            "first_name": "Christina",
            "real_name": "Christina OFlaherty",
            "display_name": "Christina OFlaherty",
            "team": "TJE58GTJL",
            "name": "cjoflaherty",
            "is_restricted": false,
            "is_ultra_restricted": false
        },
        "blocks": [
            {
                "type": "rich_text",
                "block_id": "3Ag",
                "elements": [
                    {
                        "type": "rich_text_section",
                        "elements": [
                            {
                                "type": "text",
                                "text": "Ha, same! I google the time zones all the time"
                            },
                            {
                                "type": "emoji",
                                "name": "joy"
                            },
                            {
                                "type": "text",
                                "text": " Love the local time tip - thanks!"
                            }
                        ]
                    }
                ]
            }
        ],
        "thread_ts": "1644259867.345009",
        "parent_user_id": "U02CUM5CF7D"
    },
    {
        "client_msg_id": "04ba7a50-fba7-449b-8d8a-d6d2fe29e094",
        "type": "message",
        "text": "I add an extra time zone to my Google Cal view! I’m on the east coast and the large majority of my clients are West coast, so having those times side by side is super helpful! You can add a second time zone in settings if you use Google Cal—I think you can also add a world clock too",
        "user": "UN227ML2H",
        "ts": "1644261973.742739",
        "team": "TJE58GTJL",
        "user_team": "TJE58GTJL",
        "source_team": "TJE58GTJL",
        "user_profile": {
            "avatar_hash": "73075d02e70f",
            "image_72": "https:\/\/avatars.slack-edge.com\/2020-09-28\/1393806804451_73075d02e70f4a4344d6_72.jpg",
            "first_name": "Whitney",
            "real_name": "Whitney Rudeseal Peet",
            "display_name": "Whitney Rudeseal Peet",
            "team": "TJE58GTJL",
            "name": "whitneyrudeseal",
            "is_restricted": false,
            "is_ultra_restricted": false
        },
        "blocks": [
            {
                "type": "rich_text",
                "block_id": "QRKn",
                "elements": [
                    {
                        "type": "rich_text_section",
                        "elements": [
                            {
                                "type": "text",
                                "text": "I add an extra time zone to my Google Cal view! I’m on the east coast and the large majority of my clients are West coast, so having those times side by side is super helpful! You can add a second time zone in settings if you use Google Cal—I think you can also add a world clock too"
                            }
                        ]
                    }
                ]
            }
        ],
        "thread_ts": "1644259867.345009",
        "parent_user_id": "U02CUM5CF7D"
    },
    {
        "client_msg_id": "F8F27844-AD5C-4704-A00D-8849DD537D42",
        "type": "message",
        "text": "As a freelancer copywriter looking to close a potential client for Facebook Ad Copy, How do you you folks think I can create a high-value offer in my proposal rather than just \"writing copy?\"\n\nMy potential client is a DTC Ecomm startup and Facebook ads are really valuable to them. This isn't speculation. It's what they have told me.\n\n\nAny suggestions would be appreciated &amp; thank you in advance! :sweat_smile:",
        "user": "U02SQ6PSPMZ",
        "ts": "1644263623.926859",
        "team": "TJE58GTJL",
        "user_team": "TJE58GTJL",
        "source_team": "TJE58GTJL",
        "user_profile": {
            "avatar_hash": "c24285dce45f",
            "image_72": "https:\/\/avatars.slack-edge.com\/2022-02-06\/3062825030227_c24285dce45fcfd19464_72.png",
            "first_name": "Kushagra",
            "real_name": "Kushagra Oberoi",
            "display_name": "Kushagra",
            "team": "TJE58GTJL",
            "name": "kushagraoberoi25299",
            "is_restricted": false,
            "is_ultra_restricted": false
        },
        "blocks": [
            {
                "type": "rich_text",
                "block_id": "6fRv+",
                "elements": [
                    {
                        "type": "rich_text_section",
                        "elements": [
                            {
                                "type": "text",
                                "text": "As a freelancer copywriter looking to close a potential client for Facebook Ad Copy, How do you you folks think I can create a high-value offer in my proposal rather than just \"writing copy?\"\n\nMy potential client is a DTC Ecomm startup and Facebook ads are really valuable to them. This isn't speculation. It's what they have told me.\n\n\nAny suggestions would be appreciated & thank you in advance! "
                            },
                            {
                                "type": "emoji",
                                "name": "sweat_smile"
                            }
                        ]
                    }
                ]
            }
        ],
        "thread_ts": "1644263623.926859",
        "reply_count": 2,
        "reply_users_count": 2,
        "latest_reply": "1644298517.911329",
        "reply_users": [
            "U031TMLCP5L",
            "U02SQ6PSPMZ"
        ],
        "replies": [
            {
                "user": "U031TMLCP5L",
                "ts": "1644264022.213689"
            },
            {
                "user": "U02SQ6PSPMZ",
                "ts": "1644298517.911329"
            }
        ],
        "is_locked": false,
        "subscribed": false
    },
    {
        "client_msg_id": "6ACD19C4-E71F-4CBE-84C2-D44FB09A92A6",
        "type": "message",
        "text": "Plus, any tips on retainer pricing would be like a cherry on top! :pray::skin-tone-2::cherries:",
        "user": "U02SQ6PSPMZ",
        "ts": "1644263689.172719",
        "team": "TJE58GTJL",
        "user_team": "TJE58GTJL",
        "source_team": "TJE58GTJL",
        "user_profile": {
            "avatar_hash": "c24285dce45f",
            "image_72": "https:\/\/avatars.slack-edge.com\/2022-02-06\/3062825030227_c24285dce45fcfd19464_72.png",
            "first_name": "Kushagra",
            "real_name": "Kushagra Oberoi",
            "display_name": "Kushagra",
            "team": "TJE58GTJL",
            "name": "kushagraoberoi25299",
            "is_restricted": false,
            "is_ultra_restricted": false
        },
        "blocks": [
            {
                "type": "rich_text",
                "block_id": "sAKR",
                "elements": [
                    {
                        "type": "rich_text_section",
                        "elements": [
                            {
                                "type": "text",
                                "text": "Plus, any tips on retainer pricing would be like a cherry on top! "
                            },
                            {
                                "type": "emoji",
                                "name": "pray",
                                "skin_tone": 2
                            },
                            {
                                "type": "emoji",
                                "name": "cherries"
                            }
                        ]
                    }
                ]
            }
        ]
    },
    {
        "client_msg_id": "cc9a1ae5-b880-499b-8ee4-ac046210d56d",
        "type": "message",
        "text": "Highly, highly recommend reading $100M Offers by Alex Hormozi. It’s short, costs one dollar, and an incredible resource. (Sorry if this one’s already been mentioned, new to the channel)",
        "user": "U031TMLCP5L",
        "ts": "1644264022.213689",
        "team": "TJE58GTJL",
        "user_team": "TJE58GTJL",
        "source_team": "TJE58GTJL",
        "user_profile": {
            "avatar_hash": "9a6518076aa6",
            "image_72": "https:\/\/avatars.slack-edge.com\/2022-02-07\/3068539667907_9a6518076aa63253379e_72.jpg",
            "first_name": "Spencer",
            "real_name": "Spencer",
            "display_name": "Spencer",
            "team": "TJE58GTJL",
            "name": "cappellispencer",
            "is_restricted": false,
            "is_ultra_restricted": false
        },
        "blocks": [
            {
                "type": "rich_text",
                "block_id": "8oVE",
                "elements": [
                    {
                        "type": "rich_text_section",
                        "elements": [
                            {
                                "type": "text",
                                "text": "Highly, highly recommend reading $100M Offers by Alex Hormozi. It’s short, costs one dollar, and an incredible resource. (Sorry if this one’s already been mentioned, new to the channel)"
                            }
                        ]
                    }
                ]
            }
        ],
        "thread_ts": "1644263623.926859",
        "parent_user_id": "U02SQ6PSPMZ"
    },
    {
        "client_msg_id": "F21772D3-D07D-4A64-97D2-00B90FBE64B2",
        "type": "message",
        "text": "Hey everyone! I would love to know if y'all have any tips on creating healthier habits around working with international clients. I've been picking up more clients based in Europe, and I love working with them, but it can mess with my sleeping patterns trying to have more time to chat with them vs. just the end of their day. I've tried scheduling emails and that works a bit but I know there are probably different strategies to make work\/life balance easier when working in different time zones.",
        "user": "U01J85VRKF1",
        "ts": "1644270419.347039",
        "team": "TJE58GTJL",
        "user_team": "TJE58GTJL",
        "source_team": "TJE58GTJL",
        "user_profile": {
            "avatar_hash": "6014791c8384",
            "image_72": "https:\/\/avatars.slack-edge.com\/2021-06-11\/2168802380004_6014791c8384d642d727_72.png",
            "first_name": "Amanda",
            "real_name": "Amanda Cross",
            "display_name": "Amanda Cross",
            "team": "TJE58GTJL",
            "name": "amanda867",
            "is_restricted": false,
            "is_ultra_restricted": false
        },
        "blocks": [
            {
                "type": "rich_text",
                "block_id": "Pqf",
                "elements": [
                    {
                        "type": "rich_text_section",
                        "elements": [
                            {
                                "type": "text",
                                "text": "Hey everyone! I would love to know if y'all have any tips on creating healthier habits around working with international clients. I've been picking up more clients based in Europe, and I love working with them, but it can mess with my sleeping patterns trying to have more time to chat with them vs. just the end of their day. I've tried scheduling emails and that works a bit but I know there are probably different strategies to make work\/life balance easier when working in different time zones."
                            }
                        ]
                    }
                ]
            }
        ],
        "thread_ts": "1644270419.347039",
        "reply_count": 5,
        "reply_users_count": 5,
        "latest_reply": "1644494927.618159",
        "reply_users": [
            "U02B60S6FBM",
            "U01J85VRKF1",
            "U027KKWUY12",
            "U031H7YAB7S",
            "U019P0ADPCH"
        ],
        "replies": [
            {
                "user": "U02B60S6FBM",
                "ts": "1644273427.887449"
            },
            {
                "user": "U01J85VRKF1",
                "ts": "1644273791.643119"
            },
            {
                "user": "U027KKWUY12",
                "ts": "1644274365.396929"
            },
            {
                "user": "U031H7YAB7S",
                "ts": "1644293256.389079"
            },
            {
                "user": "U019P0ADPCH",
                "ts": "1644494927.618159"
            }
        ],
        "is_locked": false,
        "subscribed": false
    },
    {
        "client_msg_id": "6450be14-2bfc-4a45-a703-6394e4ceb306",
        "type": "message",
        "text": "Great tips - thank you <@UN227ML2H>!",
        "user": "U02CUM5CF7D",
        "ts": "1644271319.067769",
        "team": "TJE58GTJL",
        "user_team": "TJE58GTJL",
        "source_team": "TJE58GTJL",
        "user_profile": {
            "avatar_hash": "gf90c7d79106",
            "image_72": "https:\/\/secure.gravatar.com\/avatar\/f90c7d79106952711074efc0e69c6979.jpg?s=72&d=https%3A%2F%2Fa.slack-edge.com%2Fdf10d%2Fimg%2Favatars%2Fava_0026-72.png",
            "first_name": "Christina",
            "real_name": "Christina OFlaherty",
            "display_name": "Christina OFlaherty",
            "team": "TJE58GTJL",
            "name": "cjoflaherty",
            "is_restricted": false,
            "is_ultra_restricted": false
        },
        "blocks": [
            {
                "type": "rich_text",
                "block_id": "RSnF",
                "elements": [
                    {
                        "type": "rich_text_section",
                        "elements": [
                            {
                                "type": "text",
                                "text": "Great tips - thank you "
                            },
                            {
                                "type": "user",
                                "user_id": "UN227ML2H"
                            },
                            {
                                "type": "text",
                                "text": "!"
                            }
                        ]
                    }
                ]
            }
        ],
        "thread_ts": "1644259867.345009",
        "parent_user_id": "U02CUM5CF7D"
    },
    {
        "client_msg_id": "d2c6f083-3a0f-451b-9fb7-c1897c0c1238",
        "type": "message",
        "text": "Hey Amanda, looks like you're struggling with setting and enforcing boundaries. This article should help:\n\n<https:\/\/millo.co\/say-no-client-re-establish-boundaries|https:\/\/millo.co\/say-no-client-re-establish-boundaries>",
        "user": "U02B60S6FBM",
        "ts": "1644273427.887449",
        "team": "TJE58GTJL",
        "user_team": "TJE58GTJL",
        "source_team": "TJE58GTJL",
        "user_profile": {
            "avatar_hash": "2f1e23ef404a",
            "image_72": "https:\/\/avatars.slack-edge.com\/2021-08-13\/2376884926485_2f1e23ef404a0d536b39_72.jpg",
            "first_name": "Wuraola",
            "real_name": "Wuraola",
            "display_name": "Wuraola",
            "team": "TJE58GTJL",
            "name": "omobolanleshanu",
            "is_restricted": false,
            "is_ultra_restricted": false
        },
        "attachments": [
            {
                "from_url": "https:\/\/millo.co\/say-no-client-re-establish-boundaries",
                "ts": 1637145016,
                "image_url": "https:\/\/millo.co\/wp-content\/uploads\/2021\/11\/amy-hirschi-K0c8ko3e6AA-unsplash-scaled-e1636999159233.jpg",
                "image_width": 375,
                "image_height": 250,
                "image_bytes": 105927,
                "service_icon": "https:\/\/millo.co\/wp-content\/uploads\/2021\/09\/cropped-Millo-Favicon-180x180.png",
                "id": 1,
                "original_url": "https:\/\/millo.co\/say-no-client-re-establish-boundaries",
                "fallback": "Millo.co: 8 Tips for Setting Boundaries With Clients Respectfully",
                "text": "Do your clients text you after-hours? Here's tips on setting boundaries with clients from the get-go for a better relationship.",
                "title": "8 Tips for Setting Boundaries With Clients Respectfully",
                "title_link": "https:\/\/millo.co\/say-no-client-re-establish-boundaries",
                "service_name": "Millo.co",
                "fields": [
                    {
                        "value": "Jimmy Rodriguez",
                        "title": "Written by",
                        "short": true
                    },
                    {
                        "value": "12 minutes",
                        "title": "Est. reading time",
                        "short": true
                    }
                ]
            }
        ],
        "blocks": [
            {
                "type": "rich_text",
                "block_id": "zz0i",
                "elements": [
                    {
                        "type": "rich_text_section",
                        "elements": [
                            {
                                "type": "text",
                                "text": "Hey Amanda, looks like you're struggling with setting and enforcing boundaries. This article should help:\n\n"
                            },
                            {
                                "type": "link",
                                "url": "https:\/\/millo.co\/say-no-client-re-establish-boundaries",
                                "text": "https:\/\/millo.co\/say-no-client-re-establish-boundaries"
                            }
                        ]
                    }
                ]
            }
        ],
        "thread_ts": "1644270419.347039",
        "parent_user_id": "U01J85VRKF1"
    },
    {
        "client_msg_id": "31C39F02-93A4-48ED-80BE-936FDB257118",
        "type": "message",
        "text": "It's not necessarily boundaries. My clients who are overseas always understands where I am coming from. I guess it's like one-sided boundaries because I want to be there to support them more. I just want tips on how to make the most of the couple of hours where our time zones typically meet.",
        "user": "U01J85VRKF1",
        "ts": "1644273791.643119",
        "team": "TJE58GTJL",
        "user_team": "TJE58GTJL",
        "source_team": "TJE58GTJL",
        "user_profile": {
            "avatar_hash": "6014791c8384",
            "image_72": "https:\/\/avatars.slack-edge.com\/2021-06-11\/2168802380004_6014791c8384d642d727_72.png",
            "first_name": "Amanda",
            "real_name": "Amanda Cross",
            "display_name": "Amanda Cross",
            "team": "TJE58GTJL",
            "name": "amanda867",
            "is_restricted": false,
            "is_ultra_restricted": false
        },
        "blocks": [
            {
                "type": "rich_text",
                "block_id": "rjsIM",
                "elements": [
                    {
                        "type": "rich_text_section",
                        "elements": [
                            {
                                "type": "text",
                                "text": "It's not necessarily boundaries. My clients who are overseas always understands where I am coming from. I guess it's like one-sided boundaries because I want to be there to support them more. I just want tips on how to make the most of the couple of hours where our time zones typically meet."
                            }
                        ]
                    }
                ]
            }
        ],
        "thread_ts": "1644270419.347039",
        "parent_user_id": "U01J85VRKF1"
    },
    {
        "client_msg_id": "55ac7333-f2b9-4e1a-9e9e-f26d52370481",
        "type": "message",
        "text": "Random best practice question: When you get a brief in a Google doc, do you write your draft within that doc? Or do you create a separate doc for drafting?\n\nI've always done a separate doc because the process can get messy :slightly_smiling_face: but I don't actually know what standard practice is.",
        "user": "U02SU2BECCA",
        "ts": "1644273833.754999",
        "team": "TJE58GTJL",
        "user_team": "TJE58GTJL",
        "source_team": "TJE58GTJL",
        "user_profile": {
            "avatar_hash": "ee48b1106795",
            "image_72": "https:\/\/avatars.slack-edge.com\/2022-01-05\/2912317446291_ee48b110679501fff7ef_72.jpg",
            "first_name": "Lawrence",
            "real_name": "Lawrence Barker",
            "display_name": "Lawrence",
            "team": "TJE58GTJL",
            "name": "lawrence",
            "is_restricted": false,
            "is_ultra_restricted": false
        },
        "blocks": [
            {
                "type": "rich_text",
                "block_id": "bpk",
                "elements": [
                    {
                        "type": "rich_text_section",
                        "elements": [
                            {
                                "type": "text",
                                "text": "Random best practice question: When you get a brief in a Google doc, do you write your draft within that doc? Or do you create a separate doc for drafting?\n\nI've always done a separate doc because the process can get messy "
                            },
                            {
                                "type": "emoji",
                                "name": "slightly_smiling_face"
                            },
                            {
                                "type": "text",
                                "text": " but I don't actually know what standard practice is."
                            }
                        ]
                    }
                ]
            }
        ],
        "thread_ts": "1644273833.754999",
        "reply_count": 6,
        "reply_users_count": 6,
        "latest_reply": "1644474126.275979",
        "reply_users": [
            "U032Q4CT9G8",
            "U02MYNYNDEK",
            "U0166H7KUAZ",
            "U031H7YAB7S",
            "U0211K6LSM9",
            "U011QQDDSJV"
        ],
        "replies": [
            {
                "user": "U032Q4CT9G8",
                "ts": "1644275182.513889"
            },
            {
                "user": "U02MYNYNDEK",
                "ts": "1644282919.357139"
            },
            {
                "user": "U0166H7KUAZ",
                "ts": "1644286298.215419"
            },
            {
                "user": "U031H7YAB7S",
                "ts": "1644293095.270139"
            },
            {
                "user": "U0211K6LSM9",
                "ts": "1644433470.410829"
            },
            {
                "user": "U011QQDDSJV",
                "ts": "1644474126.275979"
            }
        ],
        "is_locked": false,
        "subscribed": false
    },
    {
        "client_msg_id": "860818D8-04B6-450A-AE20-DE5472A9BBF7",
        "type": "message",
        "text": "Check dm",
        "user": "U027KKWUY12",
        "ts": "1644274365.396929",
        "team": "TJE58GTJL",
        "user_team": "TJE58GTJL",
        "source_team": "TJE58GTJL",
        "user_profile": {
            "avatar_hash": "f2176ca29ce5",
            "image_72": "https:\/\/avatars.slack-edge.com\/2021-07-14\/2268394227302_f2176ca29ce5a159a5bb_72.png",
            "first_name": "Lapite",
            "real_name": "Lapite Olamide",
            "display_name": "Olamide",
            "team": "TJE58GTJL",
            "name": "lapite3",
            "is_restricted": false,
            "is_ultra_restricted": false
        },
        "blocks": [
            {
                "type": "rich_text",
                "block_id": "cqw",
                "elements": [
                    {
                        "type": "rich_text_section",
                        "elements": [
                            {
                                "type": "text",
                                "text": "Check dm"
                            }
                        ]
                    }
                ]
            }
        ],
        "thread_ts": "1644270419.347039",
        "parent_user_id": "U01J85VRKF1"
    },
    {
        "client_msg_id": "d2ccf28e-e897-4d74-a864-3daac1b9fdc2",
        "type": "message",
        "text": "I always create a separate doc for drafts and then paste my final work on the brief doc.",
        "user": "U032Q4CT9G8",
        "ts": "1644275182.513889",
        "team": "TJE58GTJL",
        "user_team": "TJE58GTJL",
        "source_team": "TJE58GTJL",
        "user_profile": {
            "avatar_hash": "acda585807dd",
            "image_72": "https:\/\/avatars.slack-edge.com\/2022-02-07\/3081750552081_acda585807dd8ce5fbb1_72.jpg",
            "first_name": "Oluchukwu",
            "real_name": "Oluchukwu Njoku",
            "display_name": "Luu",
            "team": "TJE58GTJL",
            "name": "oluchukwunjoku1",
            "is_restricted": false,
            "is_ultra_restricted": false
        },
        "blocks": [
            {
                "type": "rich_text",
                "block_id": "EbS",
                "elements": [
                    {
                        "type": "rich_text_section",
                        "elements": [
                            {
                                "type": "text",
                                "text": "I always create a separate doc for drafts and then paste my final work on the brief doc."
                            }
                        ]
                    }
                ]
            }
        ],
        "thread_ts": "1644273833.754999",
        "parent_user_id": "U02SU2BECCA",
        "reactions": [
            {
                "name": "white_check_mark",
                "users": [
                    "U02SU2BECCA",
                    "U0211K6LSM9"
                ],
                "count": 2
            },
            {
                "name": "point_up_2",
                "users": [
                    "U0314FHJ17T",
                    "U02F1GK6U6B",
                    "U0211K6LSM9"
                ],
                "count": 3
            }
        ]
    },
    {
        "client_msg_id": "9f96ae46-0ab5-4159-9ed6-807dc7f47f6d",
        "type": "message",
        "text": "I use Figure it Out. It's a browser extension that lets me check other people's timezones against my own",
        "user": "U02F1GK6U6B",
        "ts": "1644279100.169329",
        "team": "TJE58GTJL",
        "user_team": "TJE58GTJL",
        "source_team": "TJE58GTJL",
        "user_profile": {
            "avatar_hash": "b77d6f7d6c82",
            "image_72": "https:\/\/avatars.slack-edge.com\/2022-01-22\/3004677185921_b77d6f7d6c82fd929faa_72.jpg",
            "first_name": "Nneka",
            "real_name": "Nneka Otika",
            "display_name": "Nneka Otika",
            "team": "TJE58GTJL",
            "name": "nnekaotika",
            "is_restricted": false,
            "is_ultra_restricted": false
        },
        "blocks": [
            {
                "type": "rich_text",
                "block_id": "5Jiw",
                "elements": [
                    {
                        "type": "rich_text_section",
                        "elements": [
                            {
                                "type": "text",
                                "text": "I use Figure it Out. It's a browser extension that lets me check other people's timezones against my own"
                            }
                        ]
                    }
                ]
            }
        ],
        "thread_ts": "1644259867.345009",
        "parent_user_id": "U02CUM5CF7D"
    },
    {
        "client_msg_id": "7B89B21D-3C75-40AB-BCBD-67D01CB08622",
        "type": "message",
        "text": "Always separate. I don't like to be watched while working. And the chasm between  first and final draft is embarrassingly large for me",
        "user": "U02MYNYNDEK",
        "ts": "1644282919.357139",
        "team": "TJE58GTJL",
        "user_team": "TJE58GTJL",
        "source_team": "TJE58GTJL",
        "user_profile": {
            "avatar_hash": "7570eb74d8c8",
            "image_72": "https:\/\/avatars.slack-edge.com\/2021-11-23\/2761477706786_7570eb74d8c8e57d6277_72.jpg",
            "first_name": "Shaina",
            "real_name": "Shaina Vellone",
            "display_name": "Shaina Vellone",
            "team": "TJE58GTJL",
            "name": "shaina.vellone",
            "is_restricted": false,
            "is_ultra_restricted": false
        },
        "blocks": [
            {
                "type": "rich_text",
                "block_id": "Y0KD",
                "elements": [
                    {
                        "type": "rich_text_section",
                        "elements": [
                            {
                                "type": "text",
                                "text": "Always separate. I don't like to be watched while working. And the chasm between  first and final draft is embarrassingly large for me"
                            }
                        ]
                    }
                ]
            }
        ],
        "thread_ts": "1644273833.754999",
        "parent_user_id": "U02SU2BECCA",
        "reactions": [
            {
                "name": "raised_hands::skin-tone-2",
                "users": [
                    "U02SQ6MKASX",
                    "U02NS1CT0GH"
                ],
                "count": 2
            },
            {
                "name": "grin",
                "users": [
                    "U02SU2BECCA"
                ],
                "count": 1
            },
            {
                "name": "heart",
                "users": [
                    "U02PA451C3B"
                ],
                "count": 1
            }
        ]
    },
    {
        "client_msg_id": "d537fd6f-bae7-44ff-9064-61f5b31fbca4",
        "type": "message",
        "text": "Separate is my preference as a hiring manager and that's what I do whenever I freelance also.",
        "user": "U0166H7KUAZ",
        "ts": "1644286298.215419",
        "team": "TJE58GTJL",
        "user_team": "TJE58GTJL",
        "source_team": "TJE58GTJL",
        "user_profile": {
            "avatar_hash": "f58be1456496",
            "image_72": "https:\/\/avatars.slack-edge.com\/2020-06-29\/1197308509671_f58be1456496f374b7ea_72.jpg",
            "first_name": "",
            "real_name": "Phillip Paquette",
            "display_name": "Phillip Paquette",
            "team": "TJE58GTJL",
            "name": "phillippaquette",
            "is_restricted": false,
            "is_ultra_restricted": false
        },
        "blocks": [
            {
                "type": "rich_text",
                "block_id": "et4P",
                "elements": [
                    {
                        "type": "rich_text_section",
                        "elements": [
                            {
                                "type": "text",
                                "text": "Separate is my preference as a hiring manager and that's what I do whenever I freelance also."
                            }
                        ]
                    }
                ]
            }
        ],
        "thread_ts": "1644273833.754999",
        "parent_user_id": "U02SU2BECCA"
    },
    {
        "client_msg_id": "2bca6640-4bd0-4eb2-8e8b-8a2d9c2934ac",
        "type": "message",
        "text": "Hello freelancers:wave:\n\nI am a content writer for iGaming brands right now. Sometimes, I also write for eCommerce brands. I mainly help brands with their long form content needs (blogs and newsletters to be more specific).\n\nOne of the things I plan on doing this year is to branch out my services into another niche. The niche I am looking at right now is B2B SaaS. Now, I have written 1-2 articles in this niche, but I want to build a bigger and better portfolio.\n\nMy question is: What is your best advice for someone building a portfolio in the B2B SaaS niche? How does guest-posting work here? Is there a concept of pitching in this niche?\n\nAny input would be highly appreciated! :slightly_smiling_face:",
        "user": "U031H7YAB7S",
        "ts": "1644292984.528909",
        "team": "TJE58GTJL",
        "user_team": "TJE58GTJL",
        "source_team": "TJE58GTJL",
        "user_profile": {
            "avatar_hash": "f7f07b8ce12e",
            "image_72": "https:\/\/avatars.slack-edge.com\/2022-01-30\/3030117064340_f7f07b8ce12e8489b33c_72.jpg",
            "first_name": "Sanjana",
            "real_name": "Sanjana Sankhyan",
            "display_name": "Sanjana Sankhyan",
            "team": "TJE58GTJL",
            "name": "sanjanasankhyan",
            "is_restricted": false,
            "is_ultra_restricted": false
        },
        "blocks": [
            {
                "type": "rich_text",
                "block_id": "VEe",
                "elements": [
                    {
                        "type": "rich_text_section",
                        "elements": [
                            {
                                "type": "text",
                                "text": "Hello freelancers"
                            },
                            {
                                "type": "emoji",
                                "name": "wave"
                            },
                            {
                                "type": "text",
                                "text": "\n\nI am a content writer for iGaming brands right now. Sometimes, I also write for eCommerce brands. I mainly help brands with their long form content needs (blogs and newsletters to be more specific).\n\nOne of the things I plan on doing this year is to branch out my services into another niche. The niche I am looking at right now is B2B SaaS. Now, I have written 1-2 articles in this niche, but I want to build a bigger and better portfolio.\n\nMy question is: What is your best advice for someone building a portfolio in the B2B SaaS niche? How does guest-posting work here? Is there a concept of pitching in this niche?\n\nAny input would be highly appreciated! "
                            },
                            {
                                "type": "emoji",
                                "name": "slightly_smiling_face"
                            }
                        ]
                    }
                ]
            }
        ],
        "thread_ts": "1644292984.528909",
        "reply_count": 3,
        "reply_users_count": 3,
        "latest_reply": "1644330508.800979",
        "reply_users": [
            "U02HD0L8HAP",
            "U030YK82C3C",
            "U031H7YAB7S"
        ],
        "replies": [
            {
                "user": "U02HD0L8HAP",
                "ts": "1644310279.489489"
            },
            {
                "user": "U030YK82C3C",
                "ts": "1644330425.310629"
            },
            {
                "user": "U031H7YAB7S",
                "ts": "1644330508.800979"
            }
        ],
        "is_locked": false,
        "subscribed": false
    },
    {
        "client_msg_id": "e22dcae9-0e9a-4456-ae09-494a0541182c",
        "type": "message",
        "text": "I always create a separate doc and submit the separate doc only. Never been a problem for me. If the client wants it in the same doc they usually ask me to do the same.",
        "user": "U031H7YAB7S",
        "ts": "1644293095.270139",
        "team": "TJE58GTJL",
        "user_team": "TJE58GTJL",
        "source_team": "TJE58GTJL",
        "user_profile": {
            "avatar_hash": "f7f07b8ce12e",
            "image_72": "https:\/\/avatars.slack-edge.com\/2022-01-30\/3030117064340_f7f07b8ce12e8489b33c_72.jpg",
            "first_name": "Sanjana",
            "real_name": "Sanjana Sankhyan",
            "display_name": "Sanjana Sankhyan",
            "team": "TJE58GTJL",
            "name": "sanjanasankhyan",
            "is_restricted": false,
            "is_ultra_restricted": false
        },
        "blocks": [
            {
                "type": "rich_text",
                "block_id": "IYoAF",
                "elements": [
                    {
                        "type": "rich_text_section",
                        "elements": [
                            {
                                "type": "text",
                                "text": "I always create a separate doc and submit the separate doc only. Never been a problem for me. If the client wants it in the same doc they usually ask me to do the same."
                            }
                        ]
                    }
                ]
            }
        ],
        "thread_ts": "1644273833.754999",
        "parent_user_id": "U02SU2BECCA",
        "reactions": [
            {
                "name": "+1::skin-tone-2",
                "users": [
                    "U02SU2BECCA"
                ],
                "count": 1
            }
        ]
    },
    {
        "client_msg_id": "75309eab-0ec2-4f9f-a7b7-7be613e36bfb",
        "type": "message",
        "text": "My best advice would be to catch up weekly or maybe twice a week at a time which suits both you and your client. This way you don't have to work beyond your preferred hours every day and the communication remains clear too. Of course, convey to your clients that you're facing such a problem.",
        "user": "U031H7YAB7S",
        "ts": "1644293256.389079",
        "team": "TJE58GTJL",
        "user_team": "TJE58GTJL",
        "source_team": "TJE58GTJL",
        "user_profile": {
            "avatar_hash": "f7f07b8ce12e",
            "image_72": "https:\/\/avatars.slack-edge.com\/2022-01-30\/3030117064340_f7f07b8ce12e8489b33c_72.jpg",
            "first_name": "Sanjana",
            "real_name": "Sanjana Sankhyan",
            "display_name": "Sanjana Sankhyan",
            "team": "TJE58GTJL",
            "name": "sanjanasankhyan",
            "is_restricted": false,
            "is_ultra_restricted": false
        },
        "edited": {
            "user": "U031H7YAB7S",
            "ts": "1644293284.000000"
        },
        "blocks": [
            {
                "type": "rich_text",
                "block_id": "j+MgA",
                "elements": [
                    {
                        "type": "rich_text_section",
                        "elements": [
                            {
                                "type": "text",
                                "text": "My best advice would be to catch up weekly or maybe twice a week at a time which suits both you and your client. This way you don't have to work beyond your preferred hours every day and the communication remains clear too. Of course, convey to your clients that you're facing such a problem."
                            }
                        ]
                    }
                ]
            }
        ],
        "thread_ts": "1644270419.347039",
        "parent_user_id": "U01J85VRKF1",
        "reactions": [
            {
                "name": "+1",
                "users": [
                    "U02TQCCFZTR"
                ],
                "count": 1
            },
            {
                "name": "+1::skin-tone-5",
                "users": [
                    "U02B60S6FBM"
                ],
                "count": 1
            }
        ]
    },
    {
        "client_msg_id": "44E8CD1E-A7E8-471B-B8D7-FE633F7736BE",
        "type": "message",
        "text": "Thank you! I'll check it out :raised_hands::skin-tone-2:",
        "user": "U02SQ6PSPMZ",
        "ts": "1644298517.911329",
        "team": "TJE58GTJL",
        "user_team": "TJE58GTJL",
        "source_team": "TJE58GTJL",
        "user_profile": {
            "avatar_hash": "c24285dce45f",
            "image_72": "https:\/\/avatars.slack-edge.com\/2022-02-06\/3062825030227_c24285dce45fcfd19464_72.png",
            "first_name": "Kushagra",
            "real_name": "Kushagra Oberoi",
            "display_name": "Kushagra",
            "team": "TJE58GTJL",
            "name": "kushagraoberoi25299",
            "is_restricted": false,
            "is_ultra_restricted": false
        },
        "blocks": [
            {
                "type": "rich_text",
                "block_id": "jd6J",
                "elements": [
                    {
                        "type": "rich_text_section",
                        "elements": [
                            {
                                "type": "text",
                                "text": "Thank you! I'll check it out "
                            },
                            {
                                "type": "emoji",
                                "name": "raised_hands",
                                "skin_tone": 2
                            }
                        ]
                    }
                ]
            }
        ],
        "thread_ts": "1644263623.926859",
        "parent_user_id": "U02SQ6PSPMZ",
        "reactions": [
            {
                "name": "+1",
                "users": [
                    "U031TMLCP5L"
                ],
                "count": 1
            }
        ]
    },
    {
        "client_msg_id": "6581878d-9587-4a84-afa9-cb40a0c1f0ad",
        "type": "message",
        "text": "I’m looking for a freelancer who knows how to use the Jekyll CMS. I need someone to edit their web pages and do on-page SEO optimization within Jekyll. Know anyone?",
        "user": "U03286FJU1W",
        "ts": "1644304450.698679",
        "team": "TJE58GTJL",
        "user_team": "TJE58GTJL",
        "source_team": "TJE58GTJL",
        "user_profile": {
            "avatar_hash": "84b20638444c",
            "image_72": "https:\/\/avatars.slack-edge.com\/2022-02-04\/3058325424356_84b20638444c1cd16091_72.jpg",
            "first_name": "Nabeel",
            "real_name": "Nabeel Keblawi",
            "display_name": "Nabeel Keblawi",
            "team": "TJE58GTJL",
            "name": "nabeel",
            "is_restricted": false,
            "is_ultra_restricted": false
        },
        "blocks": [
            {
                "type": "rich_text",
                "block_id": "+f\/",
                "elements": [
                    {
                        "type": "rich_text_section",
                        "elements": [
                            {
                                "type": "text",
                                "text": "I’m looking for a freelancer who knows how to use the Jekyll CMS. I need someone to edit their web pages and do on-page SEO optimization within Jekyll. Know anyone?"
                            }
                        ]
                    }
                ]
            }
        ],
        "thread_ts": "1644304450.698679",
        "reply_count": 2,
        "reply_users_count": 1,
        "latest_reply": "1644504772.286009",
        "reply_users": [
            "U01FUP6AMEZ"
        ],
        "replies": [
            {
                "user": "U01FUP6AMEZ",
                "ts": "1644504761.427509"
            },
            {
                "user": "U01FUP6AMEZ",
                "ts": "1644504772.286009"
            }
        ],
        "is_locked": false,
        "subscribed": false
    }
]