[
    {
        "client_msg_id": "56bbd765-2fde-4f9a-9c92-ff8232548248",
        "type": "message",
        "text": "Great opportunity to work with amazing folx.\n\n<https:\/\/wynter.com\/|Wynter> is a fantastic product and there's more buzz around it with each month.",
        "user": "U02CZJT4FDG",
        "ts": "1643387166.267899",
        "team": "TJE58GTJL",
        "user_team": "TJE58GTJL",
        "source_team": "TJE58GTJL",
        "user_profile": {
            "avatar_hash": "a135302ef51a",
            "image_72": "https:\/\/avatars.slack-edge.com\/2021-08-31\/2439146771077_a135302ef51af6681b26_72.jpg",
            "first_name": "Ryan",
            "real_name": "Ryan Paul Gibson",
            "display_name": "Ryan Paul Gibson",
            "team": "TJE58GTJL",
            "name": "ryanpaulgibson",
            "is_restricted": false,
            "is_ultra_restricted": false
        },
        "edited": {
            "user": "U02CZJT4FDG",
            "ts": "1643387249.000000"
        },
        "blocks": [
            {
                "type": "rich_text",
                "block_id": "XcLEh",
                "elements": [
                    {
                        "type": "rich_text_section",
                        "elements": [
                            {
                                "type": "text",
                                "text": "Great opportunity to work with amazing folx.\n\n"
                            },
                            {
                                "type": "link",
                                "url": "https:\/\/wynter.com\/",
                                "text": "Wynter"
                            },
                            {
                                "type": "text",
                                "text": " is a fantastic product and there's more buzz around it with each month."
                            }
                        ]
                    }
                ]
            }
        ],
        "thread_ts": "1643303344.228600",
        "parent_user_id": "U019P0ADPCH",
        "reactions": [
            {
                "name": "heart",
                "users": [
                    "U019P0ADPCH"
                ],
                "count": 1
            }
        ]
    },
    {
        "client_msg_id": "9ae43e55-4129-4855-b091-d08f0dc91c87",
        "type": "message",
        "text": "Happy Friday, everyone. I'm the content strategist at <http:\/\/Homeward.com|Homeward.com>, a real estate startup, and I need someone with great writing skills to do some content marketing in February. More specifically, I need two top-of-funnel blog posts. If you're interested, please DM me and include some clips or a link to your portfolio.",
        "user": "U0162CX5SH1",
        "ts": "1643399074.860709",
        "team": "TJE58GTJL",
        "user_team": "TJE58GTJL",
        "source_team": "TJE58GTJL",
        "user_profile": {
            "avatar_hash": "926d01f60259",
            "image_72": "https:\/\/avatars.slack-edge.com\/2020-06-26\/1193124277575_926d01f60259882ef601_72.jpg",
            "first_name": "Kate",
            "real_name": "Kate Cooper",
            "display_name": "Kate Cooper",
            "team": "TJE58GTJL",
            "name": "kate",
            "is_restricted": false,
            "is_ultra_restricted": false
        },
        "blocks": [
            {
                "type": "rich_text",
                "block_id": "W8h",
                "elements": [
                    {
                        "type": "rich_text_section",
                        "elements": [
                            {
                                "type": "text",
                                "text": "Happy Friday, everyone. I'm the content strategist at "
                            },
                            {
                                "type": "link",
                                "url": "http:\/\/Homeward.com",
                                "text": "Homeward.com"
                            },
                            {
                                "type": "text",
                                "text": ", a real estate startup, and I need someone with great writing skills to do some content marketing in February. More specifically, I need two top-of-funnel blog posts. If you're interested, please DM me and include some clips or a link to your portfolio."
                            }
                        ]
                    }
                ]
            }
        ],
        "thread_ts": "1643399074.860709",
        "reply_count": 5,
        "reply_users_count": 4,
        "latest_reply": "1643946922.807519",
        "reply_users": [
            "U027KKWUY12",
            "U02DQ4MB30E",
            "U02HWBZS9QC",
            "U0162CX5SH1"
        ],
        "replies": [
            {
                "user": "U027KKWUY12",
                "ts": "1643400206.922149"
            },
            {
                "user": "U02DQ4MB30E",
                "ts": "1643400908.770399"
            },
            {
                "user": "U02HWBZS9QC",
                "ts": "1643402532.878199"
            },
            {
                "user": "U0162CX5SH1",
                "ts": "1643934968.009719"
            },
            {
                "user": "U02HWBZS9QC",
                "ts": "1643946922.807519"
            }
        ],
        "is_locked": false,
        "subscribed": false
    },
    {
        "client_msg_id": "C35359FD-EEA9-4020-924C-2641A91F1A47",
        "type": "message",
        "text": "DM sent. ",
        "user": "U027KKWUY12",
        "ts": "1643400206.922149",
        "team": "TJE58GTJL",
        "user_team": "TJE58GTJL",
        "source_team": "TJE58GTJL",
        "user_profile": {
            "avatar_hash": "f2176ca29ce5",
            "image_72": "https:\/\/avatars.slack-edge.com\/2021-07-14\/2268394227302_f2176ca29ce5a159a5bb_72.png",
            "first_name": "Lapite",
            "real_name": "Lapite Olamide",
            "display_name": "Olamide",
            "team": "TJE58GTJL",
            "name": "lapite3",
            "is_restricted": false,
            "is_ultra_restricted": false
        },
        "blocks": [
            {
                "type": "rich_text",
                "block_id": "l29ZO",
                "elements": [
                    {
                        "type": "rich_text_section",
                        "elements": [
                            {
                                "type": "text",
                                "text": "DM sent. "
                            }
                        ]
                    }
                ]
            }
        ],
        "thread_ts": "1643399074.860709",
        "parent_user_id": "U0162CX5SH1",
        "reactions": [
            {
                "name": "+1",
                "users": [
                    "U0162CX5SH1"
                ],
                "count": 1
            }
        ]
    },
    {
        "client_msg_id": "c8b571fb-1d8a-4af7-9e83-6237eba8b345",
        "type": "message",
        "text": "DMed you :slightly_smiling_face:",
        "user": "U02DQ4MB30E",
        "ts": "1643400908.770399",
        "team": "TJE58GTJL",
        "user_team": "TJE58GTJL",
        "source_team": "TJE58GTJL",
        "user_profile": {
            "avatar_hash": "da3df19ff250",
            "image_72": "https:\/\/avatars.slack-edge.com\/2021-09-09\/2467172480038_da3df19ff250056e1622_72.jpg",
            "first_name": "Pasha",
            "real_name": "Pasha",
            "display_name": "Pasha",
            "team": "TJE58GTJL",
            "name": "pasha.abdulov",
            "is_restricted": false,
            "is_ultra_restricted": false
        },
        "blocks": [
            {
                "type": "rich_text",
                "block_id": "4=fXx",
                "elements": [
                    {
                        "type": "rich_text_section",
                        "elements": [
                            {
                                "type": "text",
                                "text": "DMed you "
                            },
                            {
                                "type": "emoji",
                                "name": "slightly_smiling_face"
                            }
                        ]
                    }
                ]
            }
        ],
        "thread_ts": "1643399074.860709",
        "parent_user_id": "U0162CX5SH1",
        "reactions": [
            {
                "name": "+1",
                "users": [
                    "U0162CX5SH1"
                ],
                "count": 1
            }
        ]
    },
    {
        "client_msg_id": "21758639-5931-47da-847c-1dfd39e28069",
        "type": "message",
        "text": "Hi, I have a content writing client that has agreed to a retainer contract for the next three months. Does anyone have a simple contract template that they'd be willing to share?",
        "user": "U02JE99AKRC",
        "ts": "1643401822.028559",
        "team": "TJE58GTJL",
        "user_team": "TJE58GTJL",
        "source_team": "TJE58GTJL",
        "user_profile": {
            "avatar_hash": "ga8fcc08a759",
            "image_72": "https:\/\/secure.gravatar.com\/avatar\/a8fcc08a7599db6b1f444a393509d101.jpg?s=72&d=https%3A%2F%2Fa.slack-edge.com%2Fdf10d%2Fimg%2Favatars%2Fava_0006-72.png",
            "first_name": "Cody",
            "real_name": "Cody Siler",
            "display_name": "Cody Siler",
            "team": "TJE58GTJL",
            "name": "cody.siler",
            "is_restricted": false,
            "is_ultra_restricted": false
        },
        "blocks": [
            {
                "type": "rich_text",
                "block_id": "KghX",
                "elements": [
                    {
                        "type": "rich_text_section",
                        "elements": [
                            {
                                "type": "text",
                                "text": "Hi, I have a content writing client that has agreed to a retainer contract for the next three months. Does anyone have a simple contract template that they'd be willing to share?"
                            }
                        ]
                    }
                ]
            }
        ],
        "thread_ts": "1643401822.028559",
        "reply_count": 4,
        "reply_users_count": 4,
        "latest_reply": "1643647719.289589",
        "reply_users": [
            "U02LGA1DB9N",
            "U02AR2XSN1M",
            "U030RT5DTRR",
            "U02CVNB3X1T"
        ],
        "replies": [
            {
                "user": "U02LGA1DB9N",
                "ts": "1643405311.910859"
            },
            {
                "user": "U02AR2XSN1M",
                "ts": "1643444633.773309"
            },
            {
                "user": "U030RT5DTRR",
                "ts": "1643482516.490989"
            },
            {
                "user": "U02CVNB3X1T",
                "ts": "1643647719.289589"
            }
        ],
        "is_locked": false,
        "subscribed": false
    },
    {
        "client_msg_id": "f7b75aa5-7b5a-4bff-b7e6-bbc95a120602",
        "type": "message",
        "text": "Hey <@U0162CX5SH1>\n\nRolled out a DM - awaiting your response.\n\nThanks for posting :slightly_smiling_face:",
        "user": "U02HWBZS9QC",
        "ts": "1643402532.878199",
        "team": "TJE58GTJL",
        "user_team": "TJE58GTJL",
        "source_team": "TJE58GTJL",
        "user_profile": {
            "avatar_hash": "cea3c2adb719",
            "image_72": "https:\/\/avatars.slack-edge.com\/2021-12-23\/2879299611220_cea3c2adb71995b8fd88_72.jpg",
            "first_name": "Ankit",
            "real_name": "Ankit Vora",
            "display_name": "",
            "team": "TJE58GTJL",
            "name": "ankitplaynody",
            "is_restricted": false,
            "is_ultra_restricted": false
        },
        "blocks": [
            {
                "type": "rich_text",
                "block_id": "02Vn",
                "elements": [
                    {
                        "type": "rich_text_section",
                        "elements": [
                            {
                                "type": "text",
                                "text": "Hey "
                            },
                            {
                                "type": "user",
                                "user_id": "U0162CX5SH1"
                            },
                            {
                                "type": "text",
                                "text": "\n\nRolled out a DM - awaiting your response.\n\nThanks for posting "
                            },
                            {
                                "type": "emoji",
                                "name": "slightly_smiling_face"
                            }
                        ]
                    }
                ]
            }
        ],
        "thread_ts": "1643399074.860709",
        "parent_user_id": "U0162CX5SH1",
        "reactions": [
            {
                "name": "+1",
                "users": [
                    "U0162CX5SH1"
                ],
                "count": 1
            }
        ]
    },
    {
        "client_msg_id": "9D061CC0-03F3-4BEC-A518-F2BE32F4F75B",
        "type": "message",
        "text": "I have one! It’s not in a copy-and-paste format, but it may still help. DM me if interested. Also—if <http:\/\/ShakeLegal.com|ShakeLegal.com> is still up and running, you can also grab their retainer writing template from there, though I know their site was having issues not too long ago.",
        "user": "U02LGA1DB9N",
        "ts": "1643405311.910859",
        "team": "TJE58GTJL",
        "user_team": "TJE58GTJL",
        "source_team": "TJE58GTJL",
        "user_profile": {
            "avatar_hash": "g155e4fbdeca",
            "image_72": "https:\/\/secure.gravatar.com\/avatar\/155e4fbdecae853708a128414a53d994.jpg?s=72&d=https%3A%2F%2Fa.slack-edge.com%2Fdf10d%2Fimg%2Favatars%2Fava_0025-72.png",
            "first_name": "Jenn",
            "real_name": "Jenn Palandro",
            "display_name": "jenn",
            "team": "TJE58GTJL",
            "name": "jenny075",
            "is_restricted": false,
            "is_ultra_restricted": false
        },
        "edited": {
            "user": "U02LGA1DB9N",
            "ts": "1643405323.000000"
        },
        "blocks": [
            {
                "type": "rich_text",
                "block_id": "czgu",
                "elements": [
                    {
                        "type": "rich_text_section",
                        "elements": [
                            {
                                "type": "text",
                                "text": "I have one! It’s not in a copy-and-paste format, but it may still help. DM me if interested. Also—if "
                            },
                            {
                                "type": "link",
                                "url": "http:\/\/ShakeLegal.com",
                                "text": "ShakeLegal.com"
                            },
                            {
                                "type": "text",
                                "text": " is still up and running, you can also grab their retainer writing template from there, though I know their site was having issues not too long ago."
                            }
                        ]
                    }
                ]
            }
        ],
        "thread_ts": "1643401822.028559",
        "parent_user_id": "U02JE99AKRC"
    }
]