[
    {
        "client_msg_id": "8f0554ec-1663-4655-9f3a-553cda9e50b7",
        "type": "message",
        "text": "I sent an email already but yet to get a response",
        "user": "U02Q8U5T7TP",
        "ts": "1646735578.237579",
        "team": "TJE58GTJL",
        "user_team": "TJE58GTJL",
        "source_team": "TJE58GTJL",
        "user_profile": {
            "avatar_hash": "6ac00fe7f7de",
            "image_72": "https:\/\/avatars.slack-edge.com\/2022-04-15\/3395185200147_6ac00fe7f7de679b0f41_72.jpg",
            "first_name": "Johelski",
            "real_name": "Johelski",
            "display_name": "johelski",
            "team": "TJE58GTJL",
            "name": "ajayijohel",
            "is_restricted": false,
            "is_ultra_restricted": false
        },
        "blocks": [
            {
                "type": "rich_text",
                "block_id": "F0z",
                "elements": [
                    {
                        "type": "rich_text_section",
                        "elements": [
                            {
                                "type": "text",
                                "text": "I sent an email already but yet to get a response"
                            }
                        ]
                    }
                ]
            }
        ],
        "thread_ts": "1646685559.929289",
        "parent_user_id": "U01J3FQA3ML"
    },
    {
        "client_msg_id": "f336ecad-937b-4ffb-ad0d-f397e5b9f8d5",
        "type": "message",
        "text": "I am looking for experienced Product Designers and Growth Hackers (at least 7 years of experience) to feature on our micro consulting platform <https:\/\/wizly.app\/> . We already have over 120 high profile experts (many have fortune 500 experience, including Facebook, Google, Apple, etc.) to answer micro consulting questions.\n\nThere are 3 ways to monetize on Wizly as an expert:\n\n1. By answering micro consulting question;\n2. When users schedule a micro consulting session with you (can charge up to $250\/micro consulting session);\n3. When you produce content or hold a webinar for us.\nIf you believe you are a good fit, please DM me your LinkedIn profile URL.",
        "user": "U034Q9PAU90",
        "ts": "1646750001.190299",
        "team": "TJE58GTJL",
        "user_team": "TJE58GTJL",
        "source_team": "TJE58GTJL",
        "user_profile": {
            "avatar_hash": "0d8d8f72a478",
            "image_72": "https:\/\/avatars.slack-edge.com\/2022-02-25\/3145844917799_0d8d8f72a4787e44926d_72.jpg",
            "first_name": "Stef",
            "real_name": "Stef Curcio",
            "display_name": "Stef Curcio",
            "team": "TJE58GTJL",
            "name": "curciostef",
            "is_restricted": false,
            "is_ultra_restricted": false
        },
        "blocks": [
            {
                "type": "rich_text",
                "block_id": "dGH5H",
                "elements": [
                    {
                        "type": "rich_text_section",
                        "elements": [
                            {
                                "type": "text",
                                "text": "I am looking for experienced Product Designers and Growth Hackers (at least 7 years of experience) to feature on our micro consulting platform "
                            },
                            {
                                "type": "link",
                                "url": "https:\/\/wizly.app\/"
                            },
                            {
                                "type": "text",
                                "text": " . We already have over 120 high profile experts (many have fortune 500 experience, including Facebook, Google, Apple, etc.) to answer micro consulting questions.\n\nThere are 3 ways to monetize on Wizly as an expert:\n\n"
                            }
                        ]
                    },
                    {
                        "type": "rich_text_list",
                        "elements": [
                            {
                                "type": "rich_text_section",
                                "elements": [
                                    {
                                        "type": "text",
                                        "text": "By answering micro consulting question;"
                                    }
                                ]
                            },
                            {
                                "type": "rich_text_section",
                                "elements": [
                                    {
                                        "type": "text",
                                        "text": "When users schedule a micro consulting session with you (can charge up to $250\/micro consulting session);"
                                    }
                                ]
                            },
                            {
                                "type": "rich_text_section",
                                "elements": [
                                    {
                                        "type": "text",
                                        "text": "When you produce content or hold a webinar for us."
                                    }
                                ]
                            }
                        ],
                        "style": "ordered",
                        "indent": 0,
                        "border": 0
                    },
                    {
                        "type": "rich_text_section",
                        "elements": [
                            {
                                "type": "text",
                                "text": "\nIf you believe you are a good fit, please DM me your LinkedIn profile URL."
                            }
                        ]
                    }
                ]
            }
        ]
    },
    {
        "client_msg_id": "a35ad3d3-846b-499c-9e90-c4c508d586b2",
        "type": "message",
        "text": "You're welcome <@U033T3XET3K>",
        "user": "U0340N4DU6P",
        "ts": "1646768706.177509",
        "team": "TJE58GTJL",
        "user_team": "TJE58GTJL",
        "source_team": "TJE58GTJL",
        "user_profile": {
            "avatar_hash": "3d031c760a94",
            "image_72": "https:\/\/avatars.slack-edge.com\/2022-02-21\/3137164430674_3d031c760a941598cf80_72.jpg",
            "first_name": "Harrison",
            "real_name": "Harrison Mbuvi",
            "display_name": "Harrison Mbuvi",
            "team": "TJE58GTJL",
            "name": "harrison303",
            "is_restricted": false,
            "is_ultra_restricted": false
        },
        "blocks": [
            {
                "type": "rich_text",
                "block_id": "7bO",
                "elements": [
                    {
                        "type": "rich_text_section",
                        "elements": [
                            {
                                "type": "text",
                                "text": "You're welcome "
                            },
                            {
                                "type": "user",
                                "user_id": "U033T3XET3K"
                            }
                        ]
                    }
                ]
            }
        ],
        "thread_ts": "1646312462.212229",
        "parent_user_id": "U0340N4DU6P"
    },
    {
        "client_msg_id": "F2E6C9F0-7ED7-442A-8CFF-21B1EA27002B",
        "type": "message",
        "text": "I sent you a DM :blush:",
        "user": "U0368Q2V352",
        "ts": "1646774658.983059",
        "team": "TJE58GTJL",
        "user_team": "TJE58GTJL",
        "source_team": "TJE58GTJL",
        "user_profile": {
            "avatar_hash": "dc3a70ebeb17",
            "image_72": "https:\/\/avatars.slack-edge.com\/2022-03-08\/3196273673143_dc3a70ebeb171ff1a764_72.png",
            "first_name": "Kory",
            "real_name": "Kory Underdown",
            "display_name": "",
            "team": "TJE58GTJL",
            "name": "koryunderdown1215",
            "is_restricted": false,
            "is_ultra_restricted": false
        },
        "blocks": [
            {
                "type": "rich_text",
                "block_id": "efYj",
                "elements": [
                    {
                        "type": "rich_text_section",
                        "elements": [
                            {
                                "type": "text",
                                "text": "I sent you a DM "
                            },
                            {
                                "type": "emoji",
                                "name": "blush"
                            }
                        ]
                    }
                ]
            }
        ],
        "thread_ts": "1646683733.554999",
        "parent_user_id": "U031A2YEHMM"
    },
    {
        "client_msg_id": "A0D32F06-37A7-460A-88E2-1C0ED0AE8A46",
        "type": "message",
        "text": "Hey <@U034ZC411AN>, I have hosted a podcast for attorneys and written countless ebooks, blogs, etc in the legal space over the last few years. Would love to connect! Will send you a DM",
        "user": "U0368Q2V352",
        "ts": "1646774790.622309",
        "team": "TJE58GTJL",
        "user_team": "TJE58GTJL",
        "source_team": "TJE58GTJL",
        "user_profile": {
            "avatar_hash": "dc3a70ebeb17",
            "image_72": "https:\/\/avatars.slack-edge.com\/2022-03-08\/3196273673143_dc3a70ebeb171ff1a764_72.png",
            "first_name": "Kory",
            "real_name": "Kory Underdown",
            "display_name": "",
            "team": "TJE58GTJL",
            "name": "koryunderdown1215",
            "is_restricted": false,
            "is_ultra_restricted": false
        },
        "blocks": [
            {
                "type": "rich_text",
                "block_id": "qDSc",
                "elements": [
                    {
                        "type": "rich_text_section",
                        "elements": [
                            {
                                "type": "text",
                                "text": "Hey "
                            },
                            {
                                "type": "user",
                                "user_id": "U034ZC411AN"
                            },
                            {
                                "type": "text",
                                "text": ", I have hosted a podcast for attorneys and written countless ebooks, blogs, etc in the legal space over the last few years. Would love to connect! Will send you a DM"
                            }
                        ]
                    }
                ]
            }
        ],
        "thread_ts": "1646422904.697199",
        "parent_user_id": "U034ZC411AN"
    },
    {
        "client_msg_id": "26a67338-53dc-41ab-a9d6-56c69b8612f8",
        "type": "message",
        "text": "Doug, I can help you writing articles..",
        "user": "U030AQ2HNA2",
        "ts": "1646785845.978559",
        "team": "TJE58GTJL",
        "user_team": "TJE58GTJL",
        "source_team": "TJE58GTJL",
        "user_profile": {
            "avatar_hash": "56e7672c214e",
            "image_72": "https:\/\/avatars.slack-edge.com\/2022-01-28\/3042385168816_56e7672c214e9ec57265_72.jpg",
            "first_name": "Momal",
            "real_name": "Momal Tahir Sheikh",
            "display_name": "Momal Tahir Sheikh",
            "team": "TJE58GTJL",
            "name": "momalsheikh1234",
            "is_restricted": false,
            "is_ultra_restricted": false
        },
        "blocks": [
            {
                "type": "rich_text",
                "block_id": "cc5",
                "elements": [
                    {
                        "type": "rich_text_section",
                        "elements": [
                            {
                                "type": "text",
                                "text": "Doug, I can help you writing articles.."
                            }
                        ]
                    }
                ]
            }
        ],
        "thread_ts": "1646425789.651779",
        "parent_user_id": "U032D0QSTR7"
    },
    {
        "client_msg_id": "c4cd55dc-55a6-4d33-b0c5-abbf4b5b3bea",
        "type": "message",
        "text": "<@U02DJAN6GKA> I applied via this link..",
        "user": "U030AQ2HNA2",
        "ts": "1646786401.457959",
        "team": "TJE58GTJL",
        "user_team": "TJE58GTJL",
        "source_team": "TJE58GTJL",
        "user_profile": {
            "avatar_hash": "56e7672c214e",
            "image_72": "https:\/\/avatars.slack-edge.com\/2022-01-28\/3042385168816_56e7672c214e9ec57265_72.jpg",
            "first_name": "Momal",
            "real_name": "Momal Tahir Sheikh",
            "display_name": "Momal Tahir Sheikh",
            "team": "TJE58GTJL",
            "name": "momalsheikh1234",
            "is_restricted": false,
            "is_ultra_restricted": false
        },
        "blocks": [
            {
                "type": "rich_text",
                "block_id": "vQr",
                "elements": [
                    {
                        "type": "rich_text_section",
                        "elements": [
                            {
                                "type": "user",
                                "user_id": "U02DJAN6GKA"
                            },
                            {
                                "type": "text",
                                "text": " I applied via this link.."
                            }
                        ]
                    }
                ]
            }
        ],
        "thread_ts": "1646318136.650299",
        "parent_user_id": "USLACKBOT"
    },
    {
        "client_msg_id": "d1548246-d9fa-4c2d-b27e-0d5483658f6d",
        "type": "message",
        "text": "Hello <@U02GXA3PWC9>, Can we have a conversation?",
        "user": "U030AQ2HNA2",
        "ts": "1646786587.472139",
        "team": "TJE58GTJL",
        "user_team": "TJE58GTJL",
        "source_team": "TJE58GTJL",
        "user_profile": {
            "avatar_hash": "56e7672c214e",
            "image_72": "https:\/\/avatars.slack-edge.com\/2022-01-28\/3042385168816_56e7672c214e9ec57265_72.jpg",
            "first_name": "Momal",
            "real_name": "Momal Tahir Sheikh",
            "display_name": "Momal Tahir Sheikh",
            "team": "TJE58GTJL",
            "name": "momalsheikh1234",
            "is_restricted": false,
            "is_ultra_restricted": false
        },
        "blocks": [
            {
                "type": "rich_text",
                "block_id": "6qCN",
                "elements": [
                    {
                        "type": "rich_text_section",
                        "elements": [
                            {
                                "type": "text",
                                "text": "Hello "
                            },
                            {
                                "type": "user",
                                "user_id": "U02GXA3PWC9"
                            },
                            {
                                "type": "text",
                                "text": ", Can we have a conversation?"
                            }
                        ]
                    }
                ]
            }
        ],
        "thread_ts": "1645799771.542879",
        "parent_user_id": "U02GXA3PWC9"
    },
    {
        "client_msg_id": "ede16988-c0b2-488f-84f9-fdf3d1057eda",
        "type": "message",
        "text": "Hi everyone, I’m trying to benchmark typical freelance writer rates for budgeting for my upcoming fiscal year. Would you be willing to share your rates &amp; how your charge via DM?  (By the word, project-based fees, etc.)\n\nOur typical projects are:\n• Blogs &amp; Articles (800-1200 words) - usually supplying source content, etc. (the writer doesn’t need to interview a SME\n• Whitepapers, eBooks, etc. - typically adapting source content like blogs, webinars, etc. into a compilation, new format, etc. \n• Complementary content to the above (think infographics, social posts, etc. that promote the larger content)\n• Editing\nI’m also looking to build out my bench, specifically for folks with Tech \/ Data backgrounds.  If you’re interested in sharing your LI profile or portfolio, feel free to DM me!",
        "user": "U02TJFU0A3G",
        "ts": "1646807706.133749",
        "team": "TJE58GTJL",
        "user_team": "TJE58GTJL",
        "source_team": "TJE58GTJL",
        "user_profile": {
            "avatar_hash": "bd1420e4c3c7",
            "image_72": "https:\/\/avatars.slack-edge.com\/2022-01-12\/2955949051313_bd1420e4c3c77b170739_72.jpg",
            "first_name": "Kellie",
            "real_name": "Kellie de Leon",
            "display_name": "Kellie de Leon",
            "team": "TJE58GTJL",
            "name": "kellie.deleon",
            "is_restricted": false,
            "is_ultra_restricted": false
        },
        "blocks": [
            {
                "type": "rich_text",
                "block_id": "3p3",
                "elements": [
                    {
                        "type": "rich_text_section",
                        "elements": [
                            {
                                "type": "text",
                                "text": "Hi everyone, I’m trying to benchmark typical freelance writer rates for budgeting for my upcoming fiscal year. Would you be willing to share your rates & how your charge via DM?  (By the word, project-based fees, etc.)\n\nOur typical projects are:\n"
                            }
                        ]
                    },
                    {
                        "type": "rich_text_list",
                        "elements": [
                            {
                                "type": "rich_text_section",
                                "elements": [
                                    {
                                        "type": "text",
                                        "text": "Blogs & Articles (800-1200 words) - usually supplying source content, etc. (the writer doesn’t need to interview a SME"
                                    }
                                ]
                            },
                            {
                                "type": "rich_text_section",
                                "elements": [
                                    {
                                        "type": "text",
                                        "text": "Whitepapers, eBooks, etc. - typically adapting source content like blogs, webinars, etc. into a compilation, new format, etc. "
                                    }
                                ]
                            },
                            {
                                "type": "rich_text_section",
                                "elements": [
                                    {
                                        "type": "text",
                                        "text": "Complementary content to the above (think infographics, social posts, etc. that promote the larger content)"
                                    }
                                ]
                            },
                            {
                                "type": "rich_text_section",
                                "elements": [
                                    {
                                        "type": "text",
                                        "text": "Editing"
                                    }
                                ]
                            }
                        ],
                        "style": "bullet",
                        "indent": 0,
                        "border": 0
                    },
                    {
                        "type": "rich_text_section",
                        "elements": [
                            {
                                "type": "text",
                                "text": "\nI’m also looking to build out my bench, specifically for folks with Tech \/ Data backgrounds.  If you’re interested in sharing your LI profile or portfolio, feel free to DM me!"
                            }
                        ]
                    }
                ]
            }
        ],
        "thread_ts": "1646807706.133749",
        "reply_count": 5,
        "reply_users_count": 4,
        "latest_reply": "1647450755.931999",
        "reply_users": [
            "U012GHRAHDK",
            "U03330MFEN4",
            "U02UNK9DJSZ",
            "U02Q67WK4LS"
        ],
        "replies": [
            {
                "user": "U012GHRAHDK",
                "ts": "1646810340.168599"
            },
            {
                "user": "U03330MFEN4",
                "ts": "1646873991.840909"
            },
            {
                "user": "U03330MFEN4",
                "ts": "1646874019.202579"
            },
            {
                "user": "U02UNK9DJSZ",
                "ts": "1646875800.769809"
            },
            {
                "user": "U02Q67WK4LS",
                "ts": "1647450755.931999"
            }
        ],
        "is_locked": false,
        "subscribed": false,
        "reactions": [
            {
                "name": "+1",
                "users": [
                    "U013JCCN8JE",
                    "U035SG584DC",
                    "U0368Q4PUJ0",
                    "U02PRMEAP0V",
                    "U03330MFEN4",
                    "U01J84U3SQ6"
                ],
                "count": 6
            }
        ]
    },
    {
        "client_msg_id": "750658ca-ee81-43eb-91d4-310c245558bb",
        "type": "message",
        "text": "This can help: <https:\/\/peakfreelance.com\/blog\/freelance-writing-rates\/|https:\/\/peakfreelance.com\/blog\/freelance-writing-rates\/>",
        "user": "U012GHRAHDK",
        "ts": "1646810340.168599",
        "team": "TJE58GTJL",
        "user_team": "TJE58GTJL",
        "source_team": "TJE58GTJL",
        "user_profile": {
            "avatar_hash": "8ba0c4534568",
            "image_72": "https:\/\/avatars.slack-edge.com\/2022-04-12\/3401585222352_8ba0c45345680ce088ab_72.jpg",
            "first_name": "Deb",
            "real_name": "Deb Mukherjee",
            "display_name": "Deb Mukherjee",
            "team": "TJE58GTJL",
            "name": "debdut94",
            "is_restricted": false,
            "is_ultra_restricted": false
        },
        "attachments": [
            {
                "from_url": "https:\/\/peakfreelance.com\/blog\/freelance-writing-rates\/",
                "ts": 1644158400,
                "image_url": "https:\/\/peakfreelance.com\/wp-content\/uploads\/2021\/12\/freelance-writing-rates.png",
                "image_width": 444,
                "image_height": 250,
                "image_bytes": 274485,
                "service_icon": "https:\/\/peakfreelance.com\/wp-content\/uploads\/2021\/10\/pf-1-2.png",
                "id": 1,
                "original_url": "https:\/\/peakfreelance.com\/blog\/freelance-writing-rates\/",
                "fallback": "Peak Freelance: Freelance Writing Rates: How Much to Charge for Freelance Writing Services (New Data for 2022) ",
                "text": "In this post, we’re going to use a survey sent to 213 freelance writers to determine the average freelance writing rates. Using that data, we’ll answer a question we’ve heard quite a bit in the industry. What should I charge? Of course, a new writer isn’t going to charge $1,000+ per article",
                "title": "Freelance Writing Rates: How Much to Charge for Freelance Writing Services (New Data for 2022) ",
                "title_link": "https:\/\/peakfreelance.com\/blog\/freelance-writing-rates\/",
                "service_name": "Peak Freelance"
            }
        ],
        "blocks": [
            {
                "type": "rich_text",
                "block_id": "2y4xx",
                "elements": [
                    {
                        "type": "rich_text_section",
                        "elements": [
                            {
                                "type": "text",
                                "text": "This can help: "
                            },
                            {
                                "type": "link",
                                "url": "https:\/\/peakfreelance.com\/blog\/freelance-writing-rates\/",
                                "text": "https:\/\/peakfreelance.com\/blog\/freelance-writing-rates\/"
                            }
                        ]
                    }
                ]
            }
        ],
        "thread_ts": "1646807706.133749",
        "parent_user_id": "U02TJFU0A3G"
    }
]