[
    {
        "client_msg_id": "4f2091b5-3150-428e-88af-662df85b9273",
        "type": "message",
        "text": "Late to the party but here are my thoughts:\n\nIf you have the budget, I would for sure write a Press Release and distribute it on the newswire. It's great for awareness and also enhances and verifies your brand by appearing on respectable media sites.\n\nThey are also very important for Sales, they can share it with prospects and in their Social Medias, but you'll have to advise them on the best way to do that.\n\nIf you are doing any Social, make sure to coordinate first with the customer's Social\/Communications team and also with your team so everyone can engage with the posts (Retweets, Likes and Comments).",
        "user": "U019MUQ6QKV",
        "ts": "1599734878.004300",
        "team": "TJE58GTJL",
        "user_team": "TJE58GTJL",
        "source_team": "TJE58GTJL",
        "user_profile": {
            "avatar_hash": "cc31aa9ea9ed",
            "image_72": "https:\/\/avatars.slack-edge.com\/2020-10-02\/1415599255793_cc31aa9ea9ed50fce468_72.png",
            "first_name": "Ramiro",
            "real_name": "Ramiro Nuñez Dosio",
            "display_name": "Ramiro",
            "team": "TJE58GTJL",
            "name": "ramiro.mktg",
            "is_restricted": false,
            "is_ultra_restricted": false
        },
        "blocks": [
            {
                "type": "rich_text",
                "block_id": "ig7y",
                "elements": [
                    {
                        "type": "rich_text_section",
                        "elements": [
                            {
                                "type": "text",
                                "text": "Late to the party but here are my thoughts:\n\nIf you have the budget, I would for sure write a Press Release and distribute it on the newswire. It's great for awareness and also enhances and verifies your brand by appearing on respectable media sites.\n\nThey are also very important for Sales, they can share it with prospects and in their Social Medias, but you'll have to advise them on the best way to do that.\n\nIf you are doing any Social, make sure to coordinate first with the customer's Social\/Communications team and also with your team so everyone can engage with the posts (Retweets, Likes and Comments)."
                            }
                        ]
                    }
                ]
            }
        ],
        "thread_ts": "1598026801.002600",
        "parent_user_id": "U0125MKEXFS"
    }
]