[
    {
        "type": "message",
        "subtype": "channel_join",
        "ts": "1583845098.000200",
        "user": "UUVC5QGA0",
        "text": "<@UUVC5QGA0> has joined the channel"
    },
    {
        "type": "message",
        "subtype": "channel_join",
        "ts": "1583855798.000400",
        "user": "UV552USJY",
        "text": "<@UV552USJY> has joined the channel"
    },
    {
        "type": "message",
        "subtype": "channel_join",
        "ts": "1583856804.000600",
        "user": "UUVS4LBPF",
        "text": "<@UUVS4LBPF> has joined the channel"
    },
    {
        "client_msg_id": "193216b1-349a-4a41-b53f-790ac30a3df0",
        "type": "message",
        "text": "Sales enablement collateral is typically not the domain of content marketers or the marketing team generally. I would pretty aggressively fight against using my team's resources for the creation of internal-only collateral that sales reps may or may not actually use.",
        "user": "URAV154AV",
        "ts": "1583858010.000700",
        "team": "TJE58GTJL",
        "user_team": "TJE58GTJL",
        "source_team": "TJE58GTJL",
        "user_profile": {
            "avatar_hash": "82eece4f99ca",
            "image_72": "https:\/\/avatars.slack-edge.com\/2019-12-12\/871274952613_82eece4f99caf7981b42_72.jpg",
            "first_name": "Cassandra",
            "real_name": "Cassandra Jowett",
            "display_name": "Cassandra Jowett",
            "team": "TJE58GTJL",
            "name": "cassandrajowett",
            "is_restricted": false,
            "is_ultra_restricted": false
        },
        "blocks": [
            {
                "type": "rich_text",
                "block_id": "cOD",
                "elements": [
                    {
                        "type": "rich_text_section",
                        "elements": [
                            {
                                "type": "text",
                                "text": "Sales enablement collateral is typically not the domain of content marketers or the marketing team generally. I would pretty aggressively fight against using my team's resources for the creation of internal-only collateral that sales reps may or may not actually use."
                            }
                        ]
                    }
                ]
            }
        ],
        "thread_ts": "1583450633.017900",
        "parent_user_id": "UUXMC3ZFH",
        "reactions": [
            {
                "name": "point_up_2",
                "users": [
                    "U013L0U4YSU"
                ],
                "count": 1
            }
        ]
    },
    {
        "type": "message",
        "subtype": "channel_join",
        "ts": "1583867869.001000",
        "user": "UV8849W3Y",
        "text": "<@UV8849W3Y> has joined the channel"
    }
]