[
    {
        "client_msg_id": "b7ee2cdc-2fba-424c-ad3c-9304fdbee185",
        "type": "message",
        "text": "Hey all. Does anyone here have a strategy that dependably results in more backlinks (albeit at a slower pace) than just hiring a link builder? I'm a one person operation and I have mixed feelings about trying to hawk our content for backlinks and I'd rather earn them based on the merit of the content, but I'm open to approaches that might promote in creative ways that could inspire more backlinks. Advice?",
        "user": "ULKUFTFPW",
        "ts": "1602719395.056000",
        "team": "TJE58GTJL",
        "user_team": "TJE58GTJL",
        "source_team": "TJE58GTJL",
        "user_profile": {
            "avatar_hash": "05a6aa1af83c",
            "image_72": "https:\/\/avatars.slack-edge.com\/2021-03-10\/1851102748596_05a6aa1af83c15a830e7_72.jpg",
            "first_name": "David",
            "real_name": "David C Hoos",
            "display_name": "David Hoos",
            "team": "TJE58GTJL",
            "name": "david.c.hoos",
            "is_restricted": false,
            "is_ultra_restricted": false
        },
        "blocks": [
            {
                "type": "rich_text",
                "block_id": "fX\/73",
                "elements": [
                    {
                        "type": "rich_text_section",
                        "elements": [
                            {
                                "type": "text",
                                "text": "Hey all. Does anyone here have a strategy that dependably results in more backlinks (albeit at a slower pace) than just hiring a link builder? I'm a one person operation and I have mixed feelings about trying to hawk our content for backlinks and I'd rather earn them based on the merit of the content, but I'm open to approaches that might promote in creative ways that could inspire more backlinks. Advice?"
                            }
                        ]
                    }
                ]
            }
        ],
        "thread_ts": "1602719395.056000",
        "reply_count": 4,
        "reply_users_count": 3,
        "latest_reply": "1602774894.060600",
        "reply_users": [
            "U012R27LRJ8",
            "U017WRJTKF1",
            "ULKUFTFPW"
        ],
        "replies": [
            {
                "user": "U012R27LRJ8",
                "ts": "1602725597.056100"
            },
            {
                "user": "U017WRJTKF1",
                "ts": "1602749175.056400"
            },
            {
                "user": "ULKUFTFPW",
                "ts": "1602774525.060300"
            },
            {
                "user": "U017WRJTKF1",
                "ts": "1602774894.060600"
            }
        ],
        "is_locked": false,
        "subscribed": false
    },
    {
        "client_msg_id": "23449ff5-6a0d-4adf-bef6-8b04ff813df4",
        "type": "message",
        "text": "Following.",
        "user": "U012R27LRJ8",
        "ts": "1602725597.056100",
        "team": "TJE58GTJL",
        "user_team": "TJE58GTJL",
        "source_team": "TJE58GTJL",
        "user_profile": {
            "avatar_hash": "gc7e97cc49db",
            "image_72": "https:\/\/secure.gravatar.com\/avatar\/c7e97cc49db3bc3a0bae60f1201822c7.jpg?s=72&d=https%3A%2F%2Fa.slack-edge.com%2Fdf10d%2Fimg%2Favatars%2Fava_0002-72.png",
            "first_name": "Al",
            "real_name": "Al Chen",
            "display_name": "Al Chen",
            "team": "TJE58GTJL",
            "name": "al",
            "is_restricted": false,
            "is_ultra_restricted": false
        },
        "blocks": [
            {
                "type": "rich_text",
                "block_id": "dkYf",
                "elements": [
                    {
                        "type": "rich_text_section",
                        "elements": [
                            {
                                "type": "text",
                                "text": "Following."
                            }
                        ]
                    }
                ]
            }
        ],
        "thread_ts": "1602719395.056000",
        "parent_user_id": "ULKUFTFPW",
        "reactions": [
            {
                "name": "heavy_plus_sign",
                "users": [
                    "U0125MKEXFS",
                    "UJ2QESJ66"
                ],
                "count": 2
            }
        ]
    }
]