[
    {
        "client_msg_id": "a9766ef1-1c5a-4ec9-8896-0a27f44cbf39",
        "type": "message",
        "text": "If you want them to convert better, run a heatmap test and see where people are stopping, Then, give them a compelling reason to keep reading!\n\n^ IMO This is the biggest thing missing in B2B content (and the biggest opportunity) right now.",
        "user": "UUXMCJQ15",
        "ts": "1604585429.076400",
        "team": "TJE58GTJL",
        "user_team": "TJE58GTJL",
        "source_team": "TJE58GTJL",
        "user_profile": {
            "avatar_hash": "g6e525101d39",
            "image_72": "https:\/\/secure.gravatar.com\/avatar\/6e525101d39a0ff9ea2ac1c51a176ba8.jpg?s=72&d=https%3A%2F%2Fa.slack-edge.com%2Fdf10d%2Fimg%2Favatars%2Fava_0000-72.png",
            "first_name": "Brendan",
            "real_name": "Brendan Hufford",
            "display_name": "Brendan Hufford",
            "team": "TJE58GTJL",
            "name": "brendanhufford",
            "is_restricted": false,
            "is_ultra_restricted": false
        },
        "edited": {
            "user": "UUXMCJQ15",
            "ts": "1604585450.000000"
        },
        "blocks": [
            {
                "type": "rich_text",
                "block_id": "QRfr",
                "elements": [
                    {
                        "type": "rich_text_section",
                        "elements": [
                            {
                                "type": "text",
                                "text": "If you want them to convert better, run a heatmap test and see where people are stopping, Then, give them a compelling reason to keep reading!\n\n^ IMO This is the biggest thing missing in B2B content (and the biggest opportunity) right now."
                            }
                        ]
                    }
                ]
            }
        ],
        "thread_ts": "1604543583.076300",
        "parent_user_id": "U017EE4FAQN",
        "reactions": [
            {
                "name": "point_up",
                "users": [
                    "U01CYNC1ZAN",
                    "U0107Q25BRT",
                    "U013L0U4YSU",
                    "U01EBT43ERH",
                    "U015VEN5XT8",
                    "U015HDJ8V9A"
                ],
                "count": 6
            },
            {
                "name": "sparkles",
                "users": [
                    "UUVC0LK2Q"
                ],
                "count": 1
            }
        ]
    }
]