[
    {
        "client_msg_id": "117c0043-e94f-4138-b12a-18c0455686e6",
        "type": "message",
        "text": "Hey everyone. I’d like to learn more about *content syndication*. Where should I go to read up on the topic, what tools\/platforms should I check out, and what are the examples of companies doing it really well? Thanks in advance! :raised_hands:",
        "user": "U0125MKEXFS",
        "ts": "1601484688.013000",
        "team": "TJE58GTJL",
        "user_team": "TJE58GTJL",
        "source_team": "TJE58GTJL",
        "user_profile": {
            "avatar_hash": "g0058a70ee16",
            "image_72": "https:\/\/secure.gravatar.com\/avatar\/0058a70ee16931f3b9a73a4a4a959082.jpg?s=72&d=https%3A%2F%2Fa.slack-edge.com%2Fdf10d%2Fimg%2Favatars%2Fava_0017-72.png",
            "first_name": "Andy",
            "real_name": "Andy Parker",
            "display_name": "Andy Parker",
            "team": "TJE58GTJL",
            "name": "andy610",
            "is_restricted": false,
            "is_ultra_restricted": false
        },
        "blocks": [
            {
                "type": "rich_text",
                "block_id": "ytWYU",
                "elements": [
                    {
                        "type": "rich_text_section",
                        "elements": [
                            {
                                "type": "text",
                                "text": "Hey everyone. I’d like to learn more about "
                            },
                            {
                                "type": "text",
                                "text": "content syndication",
                                "style": {
                                    "bold": true
                                }
                            },
                            {
                                "type": "text",
                                "text": ". Where should I go to read up on the topic, what tools\/platforms should I check out, and what are the examples of companies doing it really well? Thanks in advance! "
                            },
                            {
                                "type": "emoji",
                                "name": "raised_hands"
                            }
                        ]
                    }
                ]
            }
        ],
        "thread_ts": "1601484688.013000",
        "reply_count": 11,
        "reply_users_count": 6,
        "latest_reply": "1601673101.023100",
        "reply_users": [
            "U012R27LRJ8",
            "U014PRHQUQ2",
            "U017XD7H4P7",
            "URAV154AV",
            "U0125MKEXFS",
            "U019UEW7AQ2"
        ],
        "replies": [
            {
                "user": "U012R27LRJ8",
                "ts": "1601486664.013100"
            },
            {
                "user": "U014PRHQUQ2",
                "ts": "1601487056.014500"
            },
            {
                "user": "U012R27LRJ8",
                "ts": "1601487383.014700"
            },
            {
                "user": "U014PRHQUQ2",
                "ts": "1601487416.015100"
            },
            {
                "user": "U014PRHQUQ2",
                "ts": "1601487454.016100"
            },
            {
                "user": "U012R27LRJ8",
                "ts": "1601488822.016400"
            },
            {
                "user": "U017XD7H4P7",
                "ts": "1601490162.016700"
            },
            {
                "user": "U012R27LRJ8",
                "ts": "1601490529.016900"
            },
            {
                "user": "URAV154AV",
                "ts": "1601506027.017200"
            },
            {
                "user": "U0125MKEXFS",
                "ts": "1601536991.017400"
            },
            {
                "user": "U019UEW7AQ2",
                "ts": "1601673101.023100"
            }
        ],
        "is_locked": false,
        "subscribed": false
    },
    {
        "client_msg_id": "799642c5-0b0d-4dc8-9ebf-47988d897a05",
        "type": "message",
        "text": "Don’t know of any resources, but I’ve basically created a list of places I syndicate to after I’ve published the content on a canonical source. Kind of annoying, but every time I publish a post I have to go to each platform and do minor formatting before syndicating out. Happy to share my process.",
        "user": "U012R27LRJ8",
        "ts": "1601486664.013100",
        "team": "TJE58GTJL",
        "user_team": "TJE58GTJL",
        "source_team": "TJE58GTJL",
        "user_profile": {
            "avatar_hash": "gc7e97cc49db",
            "image_72": "https:\/\/secure.gravatar.com\/avatar\/c7e97cc49db3bc3a0bae60f1201822c7.jpg?s=72&d=https%3A%2F%2Fa.slack-edge.com%2Fdf10d%2Fimg%2Favatars%2Fava_0002-72.png",
            "first_name": "Al",
            "real_name": "Al Chen",
            "display_name": "Al Chen",
            "team": "TJE58GTJL",
            "name": "al",
            "is_restricted": false,
            "is_ultra_restricted": false
        },
        "blocks": [
            {
                "type": "rich_text",
                "block_id": "BNdY",
                "elements": [
                    {
                        "type": "rich_text_section",
                        "elements": [
                            {
                                "type": "text",
                                "text": "Don’t know of any resources, but I’ve basically created a list of places I syndicate to after I’ve published the content on a canonical source. Kind of annoying, but every time I publish a post I have to go to each platform and do minor formatting before syndicating out. Happy to share my process."
                            }
                        ]
                    }
                ]
            }
        ],
        "thread_ts": "1601484688.013000",
        "parent_user_id": "U0125MKEXFS"
    },
    {
        "client_msg_id": "F9CCE0F0-EF5A-4C4F-A0F1-AE2AB3FAFFC1",
        "type": "message",
        "text": "I’d be interested in learning what your content syndication process looks like <@U012R27LRJ8> ",
        "user": "U014PRHQUQ2",
        "ts": "1601487056.014500",
        "team": "TJE58GTJL",
        "user_team": "TJE58GTJL",
        "source_team": "TJE58GTJL",
        "user_profile": {
            "avatar_hash": "5eaf71ac08a3",
            "image_72": "https:\/\/avatars.slack-edge.com\/2020-06-03\/1161541404066_5eaf71ac08a31003112c_72.png",
            "first_name": "Steven",
            "real_name": "Steven van Vessum",
            "display_name": "Steven van Vessum",
            "team": "TJE58GTJL",
            "name": "steven",
            "is_restricted": false,
            "is_ultra_restricted": false
        },
        "blocks": [
            {
                "type": "rich_text",
                "block_id": "hBhr",
                "elements": [
                    {
                        "type": "rich_text_section",
                        "elements": [
                            {
                                "type": "text",
                                "text": "I’d be interested in learning what your content syndication process looks like "
                            },
                            {
                                "type": "user",
                                "user_id": "U012R27LRJ8"
                            },
                            {
                                "type": "text",
                                "text": " "
                            }
                        ]
                    }
                ]
            }
        ],
        "thread_ts": "1601484688.013000",
        "parent_user_id": "U0125MKEXFS"
    },
    {
        "client_msg_id": "6473898e-c92c-4694-bcfc-94ec171c2c08",
        "type": "message",
        "text": "<@U014PRHQUQ2> it’s pretty manual, but I essentially publish the canonical post on Coda (where I work). I then go into the editors for Medium, LinkedIn, Dev, Indiehackers, Hackernoon, and DZone to syndicate. In each platform I mark my published post on Coda as the canonical source. Lot of formatting issues to deal with since some platforms only accept markdown, images\/videos don’t carry over all the time, etc.",
        "user": "U012R27LRJ8",
        "ts": "1601487383.014700",
        "team": "TJE58GTJL",
        "user_team": "TJE58GTJL",
        "source_team": "TJE58GTJL",
        "user_profile": {
            "avatar_hash": "gc7e97cc49db",
            "image_72": "https:\/\/secure.gravatar.com\/avatar\/c7e97cc49db3bc3a0bae60f1201822c7.jpg?s=72&d=https%3A%2F%2Fa.slack-edge.com%2Fdf10d%2Fimg%2Favatars%2Fava_0002-72.png",
            "first_name": "Al",
            "real_name": "Al Chen",
            "display_name": "Al Chen",
            "team": "TJE58GTJL",
            "name": "al",
            "is_restricted": false,
            "is_ultra_restricted": false
        },
        "blocks": [
            {
                "type": "rich_text",
                "block_id": "zp8",
                "elements": [
                    {
                        "type": "rich_text_section",
                        "elements": [
                            {
                                "type": "user",
                                "user_id": "U014PRHQUQ2"
                            },
                            {
                                "type": "text",
                                "text": " it’s pretty manual, but I essentially publish the canonical post on Coda (where I work). I then go into the editors for Medium, LinkedIn, Dev, Indiehackers, Hackernoon, and DZone to syndicate. In each platform I mark my published post on Coda as the canonical source. Lot of formatting issues to deal with since some platforms only accept markdown, images\/videos don’t carry over all the time, etc."
                            }
                        ]
                    }
                ]
            }
        ],
        "thread_ts": "1601484688.013000",
        "parent_user_id": "U0125MKEXFS",
        "reactions": [
            {
                "name": "+1",
                "users": [
                    "U014PRHQUQ2",
                    "U010JU2GTND",
                    "U0169509JG5"
                ],
                "count": 3
            }
        ]
    },
    {
        "client_msg_id": "4DD7B943-AE11-4F49-AC10-E3D57D589FEB",
        "type": "message",
        "text": "Got it",
        "user": "U014PRHQUQ2",
        "ts": "1601487416.015100",
        "team": "TJE58GTJL",
        "user_team": "TJE58GTJL",
        "source_team": "TJE58GTJL",
        "user_profile": {
            "avatar_hash": "5eaf71ac08a3",
            "image_72": "https:\/\/avatars.slack-edge.com\/2020-06-03\/1161541404066_5eaf71ac08a31003112c_72.png",
            "first_name": "Steven",
            "real_name": "Steven van Vessum",
            "display_name": "Steven van Vessum",
            "team": "TJE58GTJL",
            "name": "steven",
            "is_restricted": false,
            "is_ultra_restricted": false
        },
        "blocks": [
            {
                "type": "rich_text",
                "block_id": "PRN",
                "elements": [
                    {
                        "type": "rich_text_section",
                        "elements": [
                            {
                                "type": "text",
                                "text": "Got it"
                            }
                        ]
                    }
                ]
            }
        ],
        "thread_ts": "1601484688.013000",
        "parent_user_id": "U0125MKEXFS"
    },
    {
        "client_msg_id": "9D101828-5F0F-4EBB-AE53-8BB38D6722D9",
        "type": "message",
        "text": "Thanks. Medium allows you to import, but will often require you to reformat bits and pieces still.",
        "user": "U014PRHQUQ2",
        "ts": "1601487454.016100",
        "team": "TJE58GTJL",
        "user_team": "TJE58GTJL",
        "source_team": "TJE58GTJL",
        "user_profile": {
            "avatar_hash": "5eaf71ac08a3",
            "image_72": "https:\/\/avatars.slack-edge.com\/2020-06-03\/1161541404066_5eaf71ac08a31003112c_72.png",
            "first_name": "Steven",
            "real_name": "Steven van Vessum",
            "display_name": "Steven van Vessum",
            "team": "TJE58GTJL",
            "name": "steven",
            "is_restricted": false,
            "is_ultra_restricted": false
        },
        "blocks": [
            {
                "type": "rich_text",
                "block_id": "5Hw",
                "elements": [
                    {
                        "type": "rich_text_section",
                        "elements": [
                            {
                                "type": "text",
                                "text": "Thanks. Medium allows you to import, but will often require you to reformat bits and pieces still."
                            }
                        ]
                    }
                ]
            }
        ],
        "thread_ts": "1601484688.013000",
        "parent_user_id": "U0125MKEXFS"
    },
    {
        "client_msg_id": "f59c715d-61bb-45a0-af98-e3e186d890e4",
        "type": "message",
        "text": "I’ve found the copy\/paste into Medium to be pretty high fidelity. Dev also allows you to import from Medium, but some stuff gets lost in translation.",
        "user": "U012R27LRJ8",
        "ts": "1601488822.016400",
        "team": "TJE58GTJL",
        "user_team": "TJE58GTJL",
        "source_team": "TJE58GTJL",
        "user_profile": {
            "avatar_hash": "gc7e97cc49db",
            "image_72": "https:\/\/secure.gravatar.com\/avatar\/c7e97cc49db3bc3a0bae60f1201822c7.jpg?s=72&d=https%3A%2F%2Fa.slack-edge.com%2Fdf10d%2Fimg%2Favatars%2Fava_0002-72.png",
            "first_name": "Al",
            "real_name": "Al Chen",
            "display_name": "Al Chen",
            "team": "TJE58GTJL",
            "name": "al",
            "is_restricted": false,
            "is_ultra_restricted": false
        },
        "blocks": [
            {
                "type": "rich_text",
                "block_id": "GRwS5",
                "elements": [
                    {
                        "type": "rich_text_section",
                        "elements": [
                            {
                                "type": "text",
                                "text": "I’ve found the copy\/paste into Medium to be pretty high fidelity. Dev also allows you to import from Medium, but some stuff gets lost in translation."
                            }
                        ]
                    }
                ]
            }
        ],
        "thread_ts": "1601484688.013000",
        "parent_user_id": "U0125MKEXFS",
        "reactions": [
            {
                "name": "white_check_mark",
                "users": [
                    "U014PRHQUQ2"
                ],
                "count": 1
            }
        ]
    },
    {
        "client_msg_id": "51256ad8-6480-4e07-87be-793ec252bfbe",
        "type": "message",
        "text": "<@U012R27LRJ8> FWIW, I'd be careful with DZone if you're trying to bring organic traffic to your main property with the post.  DZone cites itself as the canonical source when it syndicates your content and, while it's not common, I've seen DZone's version outrank the original and even cause it to be pushed out of ranking altogether",
        "user": "U017XD7H4P7",
        "ts": "1601490162.016700",
        "team": "TJE58GTJL",
        "user_team": "TJE58GTJL",
        "source_team": "TJE58GTJL",
        "user_profile": {
            "avatar_hash": "f9ab77023918",
            "image_72": "https:\/\/avatars.slack-edge.com\/2020-07-29\/1256516765207_f9ab77023918e4c2b919_72.png",
            "first_name": "Erik",
            "real_name": "Erik Dietrich",
            "display_name": "Erik Dietrich",
            "team": "TJE58GTJL",
            "name": "erik",
            "is_restricted": false,
            "is_ultra_restricted": false
        },
        "blocks": [
            {
                "type": "rich_text",
                "block_id": "X6s",
                "elements": [
                    {
                        "type": "rich_text_section",
                        "elements": [
                            {
                                "type": "user",
                                "user_id": "U012R27LRJ8"
                            },
                            {
                                "type": "text",
                                "text": " FWIW, I'd be careful with DZone if you're trying to bring organic traffic to your main property with the post.  DZone cites itself as the canonical source when it syndicates your content and, while it's not common, I've seen DZone's version outrank the original and even cause it to be pushed out of ranking altogether"
                            }
                        ]
                    }
                ]
            }
        ],
        "thread_ts": "1601484688.013000",
        "parent_user_id": "U0125MKEXFS"
    },
    {
        "client_msg_id": "5545cc09-2217-4802-8451-351b6a6ec81d",
        "type": "message",
        "text": "<@U017XD7H4P7> Roger that. My goal with DZone is not organic traffic, but rather just reaching an audience that may find my content interesting (mostly technical walkthroughs and tutorials).",
        "user": "U012R27LRJ8",
        "ts": "1601490529.016900",
        "team": "TJE58GTJL",
        "user_team": "TJE58GTJL",
        "source_team": "TJE58GTJL",
        "user_profile": {
            "avatar_hash": "gc7e97cc49db",
            "image_72": "https:\/\/secure.gravatar.com\/avatar\/c7e97cc49db3bc3a0bae60f1201822c7.jpg?s=72&d=https%3A%2F%2Fa.slack-edge.com%2Fdf10d%2Fimg%2Favatars%2Fava_0002-72.png",
            "first_name": "Al",
            "real_name": "Al Chen",
            "display_name": "Al Chen",
            "team": "TJE58GTJL",
            "name": "al",
            "is_restricted": false,
            "is_ultra_restricted": false
        },
        "blocks": [
            {
                "type": "rich_text",
                "block_id": "g0Cu",
                "elements": [
                    {
                        "type": "rich_text_section",
                        "elements": [
                            {
                                "type": "user",
                                "user_id": "U017XD7H4P7"
                            },
                            {
                                "type": "text",
                                "text": " Roger that. My goal with DZone is not organic traffic, but rather just reaching an audience that may find my content interesting (mostly technical walkthroughs and tutorials)."
                            }
                        ]
                    }
                ]
            }
        ],
        "thread_ts": "1601484688.013000",
        "parent_user_id": "U0125MKEXFS",
        "reactions": [
            {
                "name": "+1",
                "users": [
                    "U017XD7H4P7"
                ],
                "count": 1
            }
        ]
    },
    {
        "client_msg_id": "ecd22ecb-c60c-463b-a08b-ee8c723a4392",
        "type": "message",
        "text": "FYI content syndication actually has 2 meanings depending on whether it’s paid or not. In B2B, paid content syndication is typically giving a “high value” asset to a vendor to promote on your behalf to their audience. Non-paid is typically the above, where it’s more of a blog post getting republished.",
        "user": "URAV154AV",
        "ts": "1601506027.017200",
        "team": "TJE58GTJL",
        "user_team": "TJE58GTJL",
        "source_team": "TJE58GTJL",
        "user_profile": {
            "avatar_hash": "82eece4f99ca",
            "image_72": "https:\/\/avatars.slack-edge.com\/2019-12-12\/871274952613_82eece4f99caf7981b42_72.jpg",
            "first_name": "Cassandra",
            "real_name": "Cassandra Jowett",
            "display_name": "Cassandra Jowett",
            "team": "TJE58GTJL",
            "name": "cassandrajowett",
            "is_restricted": false,
            "is_ultra_restricted": false
        },
        "blocks": [
            {
                "type": "rich_text",
                "block_id": "xxy",
                "elements": [
                    {
                        "type": "rich_text_section",
                        "elements": [
                            {
                                "type": "text",
                                "text": "FYI content syndication actually has 2 meanings depending on whether it’s paid or not. In B2B, paid content syndication is typically giving a “high value” asset to a vendor to promote on your behalf to their audience. Non-paid is typically the above, where it’s more of a blog post getting republished."
                            }
                        ]
                    }
                ]
            }
        ],
        "thread_ts": "1601484688.013000",
        "parent_user_id": "U0125MKEXFS"
    }
]