[
    {
        "client_msg_id": "D788BB2F-AF0B-4AEC-A0EF-ABD74BF33A6A",
        "type": "message",
        "text": "Hello, :wave::skin-tone-3: \n\nCan someone please suggest some really nice interactive landing pages directed at senior executives (Directors, VPs, CXOs). \n\nI’m thinking some sort of supercool, creative business scenario simulator OR price calculator OR benefits\/value visualisation! (AWS price calculator is a plane jane boring one; I’m looking for some fun and good looking versions :). \n\nBetter yet if these examples are of B2B services’ companies but it really doesn’t matter if otherwise. I’m desperately looking for some inspirations and ideas. Please help. \n\nThanks in advance!",
        "user": "U015M064Q67",
        "ts": "1599136874.002400",
        "team": "TJE58GTJL",
        "user_team": "TJE58GTJL",
        "source_team": "TJE58GTJL",
        "user_profile": {
            "avatar_hash": "39736a9705ee",
            "image_72": "https:\/\/avatars.slack-edge.com\/2020-06-18\/1191245484002_39736a9705eed3f41bc5_72.png",
            "first_name": "Shankar",
            "real_name": "Shankar Shethe",
            "display_name": "Shankar",
            "team": "TJE58GTJL",
            "name": "shankarshethe",
            "is_restricted": false,
            "is_ultra_restricted": false
        },
        "blocks": [
            {
                "type": "rich_text",
                "block_id": "F8O",
                "elements": [
                    {
                        "type": "rich_text_section",
                        "elements": [
                            {
                                "type": "text",
                                "text": "Hello, "
                            },
                            {
                                "type": "emoji",
                                "name": "wave",
                                "skin_tone": 3
                            },
                            {
                                "type": "text",
                                "text": " \n"
                            },
                            {
                                "type": "text",
                                "text": "\nCan someone please suggest some really nice interactive landing pages directed at senior executives (Directors, VPs, CXOs). \n\nI’m thinking some sort of supercool, creative business scenario simulator OR price calculator OR benefits\/value visualisation! (AWS price calculator is a plane jane boring one; I’m looking for some fun and good looking versions :). \n\nBetter yet if these examples are of B2B services’ companies but it really doesn’t matter if otherwise. I’m desperately looking for some inspirations and ideas. Please help. \n\nThanks in advance!"
                            }
                        ]
                    }
                ]
            }
        ],
        "thread_ts": "1599136874.002400",
        "reply_count": 2,
        "reply_users_count": 2,
        "latest_reply": "1599155686.002800",
        "reply_users": [
            "U015B888266",
            "U015M064Q67"
        ],
        "replies": [
            {
                "user": "U015B888266",
                "ts": "1599147942.002500"
            },
            {
                "user": "U015M064Q67",
                "ts": "1599155686.002800"
            }
        ],
        "is_locked": false,
        "subscribed": false
    },
    {
        "client_msg_id": "a4910dc1-8430-4590-9463-a980a7a124e2",
        "type": "message",
        "text": "<https:\/\/www.appdevelopmentcost.com\/> is a neatly designed calculator for app development cost estimate <@U015M064Q67>",
        "user": "U015B888266",
        "ts": "1599147942.002500",
        "team": "TJE58GTJL",
        "user_team": "TJE58GTJL",
        "source_team": "TJE58GTJL",
        "user_profile": {
            "avatar_hash": "ecf711ec483e",
            "image_72": "https:\/\/avatars.slack-edge.com\/2020-06-16\/1210180122720_ecf711ec483e342dca54_72.jpg",
            "first_name": "Renga",
            "real_name": "Renga Padmanabhan",
            "display_name": "Renga",
            "team": "TJE58GTJL",
            "name": "radhe.varun",
            "is_restricted": false,
            "is_ultra_restricted": false
        },
        "attachments": [
            {
                "title": "What Is My App Development Cost?",
                "title_link": "https:\/\/www.appdevelopmentcost.com\/",
                "text": "How much will your app development cost? Calculate estimates, research app developers, and get a free customized cost report in minutes.",
                "fallback": "What Is My App Development Cost?",
                "ts": 1561965699,
                "from_url": "https:\/\/www.appdevelopmentcost.com\/",
                "service_icon": "https:\/\/www.appdevelopmentcost.com\/media\/sites\/icons\/favicon-32x32.png",
                "service_name": "appdevelopmentcost.com",
                "id": 1,
                "original_url": "https:\/\/www.appdevelopmentcost.com\/"
            }
        ],
        "blocks": [
            {
                "type": "rich_text",
                "block_id": "3PO",
                "elements": [
                    {
                        "type": "rich_text_section",
                        "elements": [
                            {
                                "type": "link",
                                "url": "https:\/\/www.appdevelopmentcost.com\/"
                            },
                            {
                                "type": "text",
                                "text": " is a neatly designed calculator for app development cost estimate "
                            },
                            {
                                "type": "user",
                                "user_id": "U015M064Q67"
                            }
                        ]
                    }
                ]
            }
        ],
        "thread_ts": "1599136874.002400",
        "parent_user_id": "U015M064Q67"
    },
    {
        "client_msg_id": "23d3d00f-6909-433a-a0f8-1bfb76e9aa81",
        "type": "message",
        "text": "Thanks <@U015B888266>\nThis is really a very nice example to draw inspiration from.",
        "user": "U015M064Q67",
        "ts": "1599155686.002800",
        "team": "TJE58GTJL",
        "user_team": "TJE58GTJL",
        "source_team": "TJE58GTJL",
        "user_profile": {
            "avatar_hash": "39736a9705ee",
            "image_72": "https:\/\/avatars.slack-edge.com\/2020-06-18\/1191245484002_39736a9705eed3f41bc5_72.png",
            "first_name": "Shankar",
            "real_name": "Shankar Shethe",
            "display_name": "Shankar",
            "team": "TJE58GTJL",
            "name": "shankarshethe",
            "is_restricted": false,
            "is_ultra_restricted": false
        },
        "blocks": [
            {
                "type": "rich_text",
                "block_id": "oXG+",
                "elements": [
                    {
                        "type": "rich_text_section",
                        "elements": [
                            {
                                "type": "text",
                                "text": "Thanks "
                            },
                            {
                                "type": "user",
                                "user_id": "U015B888266"
                            },
                            {
                                "type": "text",
                                "text": "\nThis is really a very nice example to draw inspiration from."
                            }
                        ]
                    }
                ]
            }
        ],
        "thread_ts": "1599136874.002400",
        "parent_user_id": "U015M064Q67",
        "reactions": [
            {
                "name": "+1",
                "users": [
                    "U015B888266"
                ],
                "count": 1
            }
        ]
    }
]