[
    {
        "client_msg_id": "52596374-64fe-4f62-8d46-0b49055a06bd",
        "type": "message",
        "text": "We had an interesting one at Hotjar where we targeted websites who had already mentioned us, but failed to give us a backlink. It worked extremely well, but obviously requires you to have enough of a brand presence to have existing mentions. I can tell you more about it if this is the case :slightly_smiling_face:",
        "user": "U017WRJTKF1",
        "ts": "1602749175.056400",
        "team": "TJE58GTJL",
        "user_team": "TJE58GTJL",
        "source_team": "TJE58GTJL",
        "user_profile": {
            "avatar_hash": "5becbba1453b",
            "image_72": "https:\/\/avatars.slack-edge.com\/2021-08-19\/2398013799555_5becbba1453b45394896_72.jpg",
            "first_name": "fio",
            "real_name": "fio",
            "display_name": "fio",
            "team": "TJE58GTJL",
            "name": "fio",
            "is_restricted": false,
            "is_ultra_restricted": false
        },
        "blocks": [
            {
                "type": "rich_text",
                "block_id": "q\/vU",
                "elements": [
                    {
                        "type": "rich_text_section",
                        "elements": [
                            {
                                "type": "text",
                                "text": "We had an interesting one at Hotjar where we targeted websites who had already mentioned us, but failed to give us a backlink. It worked extremely well, but obviously requires you to have enough of a brand presence to have existing mentions. I can tell you more about it if this is the case "
                            },
                            {
                                "type": "emoji",
                                "name": "slightly_smiling_face"
                            }
                        ]
                    }
                ]
            }
        ],
        "thread_ts": "1602719395.056000",
        "parent_user_id": "ULKUFTFPW"
    },
    {
        "client_msg_id": "1f867318-ae5b-4e6c-9926-3671c67c7ea9",
        "type": "message",
        "text": "Hello B2B content folks!, <https:\/\/www.linkedin.com\/posts\/fiorenzadossetto_contentmarketing-activity-6722481370339282944-ZFCb|another day, another lesson>. This one is very dear to my :heart:  and I hope it helps you\/your teams as well:\n\n:warning: *as B2B content creators, we are NOT (usually) the customer* :warning:\n\nWe may have a notion of who our customers are, their pain points and needs—but unless we are\/were a customer ourselves, knowing in the abstract won't help us create useful, enjoyable content for the *real people* we serve. _(for example: I was a Hotjar customer for 3 years before joining the team—that gave me a huge advantage, as I was essentially writing to and about myself. But not everyone is this lucky!)_ \n\nThe solution → *talk to your customers.* \n\nQuick process I follow:\n\n1) Find 2-3 customers you'll reach out to. Fastest way to do it: ask your support and\/or success team for intros (_they know all the right people!_)\n2) Send a clear, honest request. Example: “Hey, I’m [name] and work at [place]. I want to learn more about our customers so I can serve you better. Would you share your experience in a 30-minute call?”\n3) On the call, introduce yourself, get permission to record, and ask questions like:\n- What does your day look like? How does [product] fit into it?\n- How do you describe [product] to your colleagues?\n- If you could no longer use [product], what would you do?\n- ...see image attached :)\n\n:bulb: Pro tip: be curious. If you get an answer worth digging into, ditch all other questions and stay with it.\n\n4) Transcribe the call, store the transcript, revisit often.\n5) Make this a monthly habit.\n\nIt takes *this little* to be a better content creator. *What's your experience?* ",
        "user": "U017WRJTKF1",
        "ts": "1602764665.058300",
        "team": "TJE58GTJL",
        "user_team": "TJE58GTJL",
        "source_team": "TJE58GTJL",
        "user_profile": {
            "avatar_hash": "5becbba1453b",
            "image_72": "https:\/\/avatars.slack-edge.com\/2021-08-19\/2398013799555_5becbba1453b45394896_72.jpg",
            "first_name": "fio",
            "real_name": "fio",
            "display_name": "fio",
            "team": "TJE58GTJL",
            "name": "fio",
            "is_restricted": false,
            "is_ultra_restricted": false
        },
        "edited": {
            "user": "U017WRJTKF1",
            "ts": "1603447630.000000"
        },
        "blocks": [
            {
                "type": "rich_text",
                "block_id": "Z=E",
                "elements": [
                    {
                        "type": "rich_text_section",
                        "elements": [
                            {
                                "type": "text",
                                "text": "Hello B2B content folks!, "
                            },
                            {
                                "type": "link",
                                "url": "https:\/\/www.linkedin.com\/posts\/fiorenzadossetto_contentmarketing-activity-6722481370339282944-ZFCb",
                                "text": "another day, another lesson"
                            },
                            {
                                "type": "text",
                                "text": ". This one is very dear to my "
                            },
                            {
                                "type": "emoji",
                                "name": "heart"
                            },
                            {
                                "type": "text",
                                "text": "  and I hope it helps you\/your teams as well:\n\n"
                            },
                            {
                                "type": "emoji",
                                "name": "warning",
                                "style": {
                                    "bold": true
                                }
                            },
                            {
                                "type": "text",
                                "text": " as B2B content creators, we are NOT (usually) the customer ",
                                "style": {
                                    "bold": true
                                }
                            },
                            {
                                "type": "emoji",
                                "name": "warning",
                                "style": {
                                    "bold": true
                                }
                            },
                            {
                                "type": "text",
                                "text": "\n\nWe may have a notion of who our customers are, their pain points and needs—but unless we are\/were a customer ourselves, knowing in the abstract won't help us create useful, enjoyable content for the *real people* we serve. "
                            },
                            {
                                "type": "text",
                                "text": "(for example: I was a Hotjar customer for 3 years before joining the team—that gave me a huge advantage, as I was essentially writing to and about myself. But not everyone is this lucky!) ",
                                "style": {
                                    "italic": true
                                }
                            },
                            {
                                "type": "text",
                                "text": "\n\nThe solution → "
                            },
                            {
                                "type": "text",
                                "text": "talk to your customers. ",
                                "style": {
                                    "bold": true
                                }
                            },
                            {
                                "type": "text",
                                "text": "\n\nQuick process I follow:\n\n1) Find 2-3 customers you'll reach out to. Fastest way to do it: ask your support and\/or success team for intros ("
                            },
                            {
                                "type": "text",
                                "text": "they know all the right people!",
                                "style": {
                                    "italic": true
                                }
                            },
                            {
                                "type": "text",
                                "text": ")\n2) Send a clear, honest request. Example: “Hey, I’m [name] and work at [place]. I want to learn more about our customers so I can serve you better. Would you share your experience in a 30-minute call?”\n3) On the call, introduce yourself, get permission to record, and ask questions like:\n- What does your day look like? How does [product] fit into it?\n- How do you describe [product] to your colleagues?\n- If you could no longer use [product], what would you do?\n- ...see image attached :)\n\n"
                            },
                            {
                                "type": "emoji",
                                "name": "bulb"
                            },
                            {
                                "type": "text",
                                "text": " Pro tip: be curious. If you get an answer worth digging into, ditch all other questions and stay with it.\n\n4) Transcribe the call, store the transcript, revisit often.\n5) Make this a monthly habit.\n\nIt takes *this little* to be a better content creator. "
                            },
                            {
                                "type": "text",
                                "text": "What's your experience? ",
                                "style": {
                                    "bold": true
                                }
                            }
                        ]
                    }
                ]
            }
        ],
        "thread_ts": "1602764665.058300",
        "reply_count": 4,
        "reply_users_count": 2,
        "latest_reply": "1603450394.072200",
        "reply_users": [
            "U016G65CCUS",
            "U017WRJTKF1"
        ],
        "replies": [
            {
                "user": "U016G65CCUS",
                "ts": "1603447365.071500"
            },
            {
                "user": "U017WRJTKF1",
                "ts": "1603447507.071700"
            },
            {
                "user": "U017WRJTKF1",
                "ts": "1603447596.071900"
            },
            {
                "user": "U016G65CCUS",
                "ts": "1603450394.072200"
            }
        ],
        "is_locked": false,
        "subscribed": false,
        "reactions": [
            {
                "name": "raised_hands",
                "users": [
                    "U017XD7H4P7",
                    "UJG9WTEKG"
                ],
                "count": 2
            }
        ]
    },
    {
        "type": "message",
        "text": "(also I couldn't fit more than 3 questions in my example, so I wrote them all out in a slide instead!)",
        "files": [
            {
                "id": "F01D16DBGSD",
                "created": 1602764711,
                "timestamp": 1602764711,
                "name": "customer-interview-qs.png",
                "title": "customer-interview-qs.png",
                "mimetype": "image\/png",
                "filetype": "png",
                "pretty_type": "PNG",
                "user": "U017WRJTKF1",
                "editable": false,
                "size": 282068,
                "mode": "hosted",
                "is_external": false,
                "external_type": "",
                "is_public": true,
                "public_url_shared": false,
                "display_as_bot": false,
                "username": "",
                "url_private": "https:\/\/files.slack.com\/files-pri\/TJE58GTJL-F01D16DBGSD\/customer-interview-qs.png?t=xoxe-626178571632-3467451922035-3469800396036-b45365c7edcd0220272aa8a422c2b82f",
                "url_private_download": "https:\/\/files.slack.com\/files-pri\/TJE58GTJL-F01D16DBGSD\/download\/customer-interview-qs.png?t=xoxe-626178571632-3467451922035-3469800396036-b45365c7edcd0220272aa8a422c2b82f",
                "media_display_type": "unknown",
                "thumb_64": "https:\/\/files.slack.com\/files-tmb\/TJE58GTJL-F01D16DBGSD-8ba5e734f8\/customer-interview-qs_64.png?t=xoxe-626178571632-3467451922035-3469800396036-b45365c7edcd0220272aa8a422c2b82f",
                "thumb_80": "https:\/\/files.slack.com\/files-tmb\/TJE58GTJL-F01D16DBGSD-8ba5e734f8\/customer-interview-qs_80.png?t=xoxe-626178571632-3467451922035-3469800396036-b45365c7edcd0220272aa8a422c2b82f",
                "thumb_360": "https:\/\/files.slack.com\/files-tmb\/TJE58GTJL-F01D16DBGSD-8ba5e734f8\/customer-interview-qs_360.png?t=xoxe-626178571632-3467451922035-3469800396036-b45365c7edcd0220272aa8a422c2b82f",
                "thumb_360_w": 360,
                "thumb_360_h": 206,
                "thumb_480": "https:\/\/files.slack.com\/files-tmb\/TJE58GTJL-F01D16DBGSD-8ba5e734f8\/customer-interview-qs_480.png?t=xoxe-626178571632-3467451922035-3469800396036-b45365c7edcd0220272aa8a422c2b82f",
                "thumb_480_w": 480,
                "thumb_480_h": 274,
                "thumb_160": "https:\/\/files.slack.com\/files-tmb\/TJE58GTJL-F01D16DBGSD-8ba5e734f8\/customer-interview-qs_160.png?t=xoxe-626178571632-3467451922035-3469800396036-b45365c7edcd0220272aa8a422c2b82f",
                "thumb_720": "https:\/\/files.slack.com\/files-tmb\/TJE58GTJL-F01D16DBGSD-8ba5e734f8\/customer-interview-qs_720.png?t=xoxe-626178571632-3467451922035-3469800396036-b45365c7edcd0220272aa8a422c2b82f",
                "thumb_720_w": 720,
                "thumb_720_h": 411,
                "thumb_800": "https:\/\/files.slack.com\/files-tmb\/TJE58GTJL-F01D16DBGSD-8ba5e734f8\/customer-interview-qs_800.png?t=xoxe-626178571632-3467451922035-3469800396036-b45365c7edcd0220272aa8a422c2b82f",
                "thumb_800_w": 800,
                "thumb_800_h": 457,
                "thumb_960": "https:\/\/files.slack.com\/files-tmb\/TJE58GTJL-F01D16DBGSD-8ba5e734f8\/customer-interview-qs_960.png?t=xoxe-626178571632-3467451922035-3469800396036-b45365c7edcd0220272aa8a422c2b82f",
                "thumb_960_w": 960,
                "thumb_960_h": 548,
                "thumb_1024": "https:\/\/files.slack.com\/files-tmb\/TJE58GTJL-F01D16DBGSD-8ba5e734f8\/customer-interview-qs_1024.png?t=xoxe-626178571632-3467451922035-3469800396036-b45365c7edcd0220272aa8a422c2b82f",
                "thumb_1024_w": 1024,
                "thumb_1024_h": 585,
                "original_w": 1860,
                "original_h": 1062,
                "thumb_tiny": "AwAbADC7F\/qgcnqe\/uaf+J\/Omxf6kfU\/zNOoBififzpQcD1+poooAdkUZBpBg9B+tO7UARRf6kfU\/wAzTs+\/+fzoj4QAe9OoAbn3\/X\/69Gff\/P506igBMj3\/ADpQPY0hoBoA\/9k=",
                "permalink": "https:\/\/content-career-growth.slack.com\/files\/U017WRJTKF1\/F01D16DBGSD\/customer-interview-qs.png",
                "permalink_public": "https:\/\/slack-files.com\/TJE58GTJL-F01D16DBGSD-21658fd7cc",
                "is_starred": false,
                "has_rich_preview": false
            }
        ],
        "upload": false,
        "user": "U017WRJTKF1",
        "display_as_bot": false,
        "ts": "1602764729.059100",
        "blocks": [
            {
                "type": "rich_text",
                "block_id": "cAA",
                "elements": [
                    {
                        "type": "rich_text_section",
                        "elements": [
                            {
                                "type": "text",
                                "text": "(also I couldn't fit more than 3 questions in my example, so I wrote them all out in a slide instead!)"
                            }
                        ]
                    }
                ]
            }
        ],
        "reactions": [
            {
                "name": "fire",
                "users": [
                    "U01A827PTTM",
                    "U014UBPTJ0N",
                    "URB31QKM4",
                    "U012GHRAHDK",
                    "U012R27LRJ8",
                    "UUJBMNRNF",
                    "UUJBMDVGB",
                    "U01AU94TABA",
                    "U01A0BNFH5F",
                    "UL4TUV38B",
                    "UJ2QESJ66",
                    "U017Y8SEE0H",
                    "U013L0U4YSU"
                ],
                "count": 13
            },
            {
                "name": "raised_hands::skin-tone-3",
                "users": [
                    "U016G65CCUS"
                ],
                "count": 1
            }
        ]
    },
    {
        "client_msg_id": "8e46c36e-c10d-4076-9738-745e1326ddc3",
        "type": "message",
        "text": "Sure. I'd love to hear more. Does this involve a Google Alert?",
        "user": "ULKUFTFPW",
        "ts": "1602774525.060300",
        "team": "TJE58GTJL",
        "user_team": "TJE58GTJL",
        "source_team": "TJE58GTJL",
        "user_profile": {
            "avatar_hash": "05a6aa1af83c",
            "image_72": "https:\/\/avatars.slack-edge.com\/2021-03-10\/1851102748596_05a6aa1af83c15a830e7_72.jpg",
            "first_name": "David",
            "real_name": "David C Hoos",
            "display_name": "David Hoos",
            "team": "TJE58GTJL",
            "name": "david.c.hoos",
            "is_restricted": false,
            "is_ultra_restricted": false
        },
        "blocks": [
            {
                "type": "rich_text",
                "block_id": "21Dz",
                "elements": [
                    {
                        "type": "rich_text_section",
                        "elements": [
                            {
                                "type": "text",
                                "text": "Sure. I'd love to hear more. Does this involve a Google Alert?"
                            }
                        ]
                    }
                ]
            }
        ],
        "thread_ts": "1602719395.056000",
        "parent_user_id": "ULKUFTFPW"
    },
    {
        "client_msg_id": "4aeacd07-9fc1-4cdf-943c-af122dee2dc1",
        "type": "message",
        "text": "Nope—it involved looking for unlinked brand mentions, compiling a spreadsheet, and reaching out to people thanking them for mentioning us + suggesting one\/two valuable pages they could link to.\nFor example, if there was an article where Hotjar was discussed as \"the leading ecommerce software for heatmaps, session recordings, and blah blah blah\" we would reach out, thank them for mentioning us + tell them we had a super-comprehensive piece on heatmaps and ask if they would link to it. Worked really well, didn't feel salesy or pushy at all. Even got a few interesting customer insight on the back of it.\n\nThere is more info here, too → <https:\/\/ahrefs.com\/blog\/unlinked-mentions\/>",
        "user": "U017WRJTKF1",
        "ts": "1602774894.060600",
        "team": "TJE58GTJL",
        "user_team": "TJE58GTJL",
        "source_team": "TJE58GTJL",
        "user_profile": {
            "avatar_hash": "5becbba1453b",
            "image_72": "https:\/\/avatars.slack-edge.com\/2021-08-19\/2398013799555_5becbba1453b45394896_72.jpg",
            "first_name": "fio",
            "real_name": "fio",
            "display_name": "fio",
            "team": "TJE58GTJL",
            "name": "fio",
            "is_restricted": false,
            "is_ultra_restricted": false
        },
        "attachments": [
            {
                "service_name": "SEO Blog by Ahrefs",
                "title": "A Simple Guide to Turning (Unlinked) Brand Mentions into Links",
                "title_link": "https:\/\/ahrefs.com\/blog\/unlinked-mentions\/",
                "text": "Learn how to find unlinked mentions and turn them into backlinks.",
                "fallback": "SEO Blog by Ahrefs: A Simple Guide to Turning (Unlinked) Brand Mentions into Links",
                "image_url": "https:\/\/ahrefs.com\/blog\/wp-content\/uploads\/2018\/07\/unlinked-mentions-facebook.jpg",
                "image_width": 478,
                "image_height": 250,
                "ts": 1532449001,
                "from_url": "https:\/\/ahrefs.com\/blog\/unlinked-mentions\/",
                "image_bytes": 261876,
                "service_icon": "https:\/\/ahrefs.com\/blog\/wp-content\/themes\/Ahrefs-4\/images\/favicons\/apple-touch-icon.png",
                "id": 1,
                "original_url": "https:\/\/ahrefs.com\/blog\/unlinked-mentions\/"
            }
        ],
        "blocks": [
            {
                "type": "rich_text",
                "block_id": "M9Z",
                "elements": [
                    {
                        "type": "rich_text_section",
                        "elements": [
                            {
                                "type": "text",
                                "text": "Nope—it involved looking for unlinked brand mentions, compiling a spreadsheet, and reaching out to people thanking them for mentioning us + suggesting one\/two valuable pages they could link to.\nFor example, if there was an article where Hotjar was discussed as \"the leading ecommerce software for heatmaps, session recordings, and blah blah blah\" we would reach out, thank them for mentioning us + tell them we had a super-comprehensive piece on heatmaps and ask if they would link to it. Worked really well, didn't feel salesy or pushy at all. Even got a few interesting customer insight on the back of it.\n\nThere is more info here, too → "
                            },
                            {
                                "type": "link",
                                "url": "https:\/\/ahrefs.com\/blog\/unlinked-mentions\/"
                            }
                        ]
                    }
                ]
            }
        ],
        "thread_ts": "1602719395.056000",
        "parent_user_id": "ULKUFTFPW"
    },
    {
        "client_msg_id": "D81BE942-781A-49DE-BC9E-10CE88868F25",
        "type": "message",
        "text": "Not sure which channel is fit for this discussion, but any thoughts on this: <https:\/\/twitter.com\/andrazaharia\/status\/1316624147829719042?s=21|https:\/\/twitter.com\/andrazaharia\/status\/1316624147829719042?s=21>",
        "user": "U0105JEFJ1F",
        "ts": "1602784755.061700",
        "team": "TJE58GTJL",
        "user_team": "TJE58GTJL",
        "source_team": "TJE58GTJL",
        "user_profile": {
            "avatar_hash": "g29d59714b66",
            "image_72": "https:\/\/secure.gravatar.com\/avatar\/29d59714b66ad72852d980d95f2e3b5e.jpg?s=72&d=https%3A%2F%2Fa.slack-edge.com%2Fdf10d%2Fimg%2Favatars%2Fava_0010-72.png",
            "first_name": "Masooma",
            "real_name": "Masooma Memon",
            "display_name": "Masooma",
            "team": "TJE58GTJL",
            "name": "masoomame2",
            "is_restricted": false,
            "is_ultra_restricted": false
        },
        "attachments": [
            {
                "fallback": "<https:\/\/twitter.com\/AndraZaharia|@AndraZaharia>: Fellow marketers, I need your honest opinion:\n\nWhat a great rebrand that caught your eye?",
                "ts": 1602742633,
                "author_name": "AndraZaharia",
                "author_link": "https:\/\/twitter.com\/AndraZaharia\/status\/1316624147829719042",
                "author_icon": "https:\/\/pbs.twimg.com\/profile_images\/966747159361146880\/bl2a-8fi_normal.jpg",
                "author_subname": "@AndraZaharia",
                "text": "Fellow marketers, I need your honest opinion:\n\nWhat a great rebrand that caught your eye?",
                "service_name": "twitter",
                "service_url": "https:\/\/twitter.com\/",
                "from_url": "https:\/\/twitter.com\/andrazaharia\/status\/1316624147829719042?s=21",
                "id": 1,
                "original_url": "https:\/\/twitter.com\/andrazaharia\/status\/1316624147829719042?s=21",
                "footer": "Twitter",
                "footer_icon": "https:\/\/a.slack-edge.com\/80588\/img\/services\/twitter_pixel_snapped_32.png"
            }
        ],
        "blocks": [
            {
                "type": "rich_text",
                "block_id": "hbV",
                "elements": [
                    {
                        "type": "rich_text_section",
                        "elements": [
                            {
                                "type": "text",
                                "text": "Not sure which channel is fit for this discussion, but any thoughts on this: "
                            },
                            {
                                "type": "link",
                                "url": "https:\/\/twitter.com\/andrazaharia\/status\/1316624147829719042?s=21",
                                "text": "https:\/\/twitter.com\/andrazaharia\/status\/1316624147829719042?s=21"
                            }
                        ]
                    }
                ]
            }
        ],
        "thread_ts": "1602784755.061700",
        "reply_count": 3,
        "reply_users_count": 2,
        "latest_reply": "1603380468.066900",
        "reply_users": [
            "UL4TUV38B",
            "UUJBMNRNF"
        ],
        "replies": [
            {
                "user": "UL4TUV38B",
                "ts": "1602793157.062000"
            },
            {
                "user": "UL4TUV38B",
                "ts": "1602793178.062200"
            },
            {
                "user": "UUJBMNRNF",
                "ts": "1603380468.066900"
            }
        ],
        "is_locked": false,
        "subscribed": false
    },
    {
        "client_msg_id": "5eed56f3-92fc-4c85-b844-aad2d0731a74",
        "type": "message",
        "text": "I think I remember the chobani rebrand standing out. But all I remember is I noticed it.",
        "user": "UL4TUV38B",
        "ts": "1602793157.062000",
        "team": "TJE58GTJL",
        "user_team": "TJE58GTJL",
        "source_team": "TJE58GTJL",
        "user_profile": {
            "avatar_hash": "c1fcc8eb5742",
            "image_72": "https:\/\/avatars.slack-edge.com\/2020-09-16\/1360677760262_c1fcc8eb5742ad012747_72.jpg",
            "first_name": "Laura",
            "real_name": "Laura Bosco",
            "display_name": "Laura Bosco",
            "team": "TJE58GTJL",
            "name": "laura.e.hash",
            "is_restricted": false,
            "is_ultra_restricted": false
        },
        "blocks": [
            {
                "type": "rich_text",
                "block_id": "eFVh",
                "elements": [
                    {
                        "type": "rich_text_section",
                        "elements": [
                            {
                                "type": "text",
                                "text": "I think I remember the chobani rebrand standing out. But all I remember is I noticed it."
                            }
                        ]
                    }
                ]
            }
        ],
        "thread_ts": "1602784755.061700",
        "parent_user_id": "U0105JEFJ1F",
        "reactions": [
            {
                "name": "+1",
                "users": [
                    "U0105JEFJ1F"
                ],
                "count": 1
            }
        ]
    },
    {
        "client_msg_id": "0234e027-56f0-4b3d-a315-28621f03d4e6",
        "type": "message",
        "text": "Or maybe that was another brand that rebranded to _look_ like Chobani :thinking_face:",
        "user": "UL4TUV38B",
        "ts": "1602793178.062200",
        "team": "TJE58GTJL",
        "user_team": "TJE58GTJL",
        "source_team": "TJE58GTJL",
        "user_profile": {
            "avatar_hash": "c1fcc8eb5742",
            "image_72": "https:\/\/avatars.slack-edge.com\/2020-09-16\/1360677760262_c1fcc8eb5742ad012747_72.jpg",
            "first_name": "Laura",
            "real_name": "Laura Bosco",
            "display_name": "Laura Bosco",
            "team": "TJE58GTJL",
            "name": "laura.e.hash",
            "is_restricted": false,
            "is_ultra_restricted": false
        },
        "blocks": [
            {
                "type": "rich_text",
                "block_id": "ivO",
                "elements": [
                    {
                        "type": "rich_text_section",
                        "elements": [
                            {
                                "type": "text",
                                "text": "Or maybe that was another brand that rebranded to "
                            },
                            {
                                "type": "text",
                                "text": "look",
                                "style": {
                                    "italic": true
                                }
                            },
                            {
                                "type": "text",
                                "text": " like Chobani "
                            },
                            {
                                "type": "emoji",
                                "name": "thinking_face"
                            }
                        ]
                    }
                ]
            }
        ],
        "thread_ts": "1602784755.061700",
        "parent_user_id": "U0105JEFJ1F",
        "reactions": [
            {
                "name": "+1",
                "users": [
                    "U0105JEFJ1F"
                ],
                "count": 1
            }
        ]
    }
]