[
    {
        "type": "message",
        "text": "Hey B2B pals :wave:\n\nAfter 3.5 years at hotjar, I started a 'giving back' plan to share the content lessons I learned over there.\nIn my first 'episode', I talked about Subject Matter Experts (SMEs) and their role in creating good content.\n\nIn my experience:\n- if you hire a subject matter expert to write basic stuff, that’s a waste of their time and expertise\n- if you hire a generalist to write about highly complex topics, the result is (mostly) going to be :hankey:\n- workaround: train someone to find and interview SMEs and use transcripts as a source, but accept that this will slow the process down\n\n:bulb:  *What's your experience here? How do you make it work?*",
        "files": [
            {
                "id": "F01BJ7YL1J6",
                "created": 1601308006,
                "timestamp": 1601308006,
                "name": "sme.jpeg",
                "title": "sme.jpeg",
                "mimetype": "image\/jpeg",
                "filetype": "jpg",
                "pretty_type": "JPEG",
                "user": "U017WRJTKF1",
                "editable": false,
                "size": 59549,
                "mode": "hosted",
                "is_external": false,
                "external_type": "",
                "is_public": true,
                "public_url_shared": false,
                "display_as_bot": false,
                "username": "",
                "url_private": "https:\/\/files.slack.com\/files-pri\/TJE58GTJL-F01BJ7YL1J6\/sme.jpeg?t=xoxe-626178571632-3467451922035-3469800396036-b45365c7edcd0220272aa8a422c2b82f",
                "url_private_download": "https:\/\/files.slack.com\/files-pri\/TJE58GTJL-F01BJ7YL1J6\/download\/sme.jpeg?t=xoxe-626178571632-3467451922035-3469800396036-b45365c7edcd0220272aa8a422c2b82f",
                "media_display_type": "unknown",
                "thumb_64": "https:\/\/files.slack.com\/files-tmb\/TJE58GTJL-F01BJ7YL1J6-29fe380e59\/sme_64.jpg?t=xoxe-626178571632-3467451922035-3469800396036-b45365c7edcd0220272aa8a422c2b82f",
                "thumb_80": "https:\/\/files.slack.com\/files-tmb\/TJE58GTJL-F01BJ7YL1J6-29fe380e59\/sme_80.jpg?t=xoxe-626178571632-3467451922035-3469800396036-b45365c7edcd0220272aa8a422c2b82f",
                "thumb_360": "https:\/\/files.slack.com\/files-tmb\/TJE58GTJL-F01BJ7YL1J6-29fe380e59\/sme_360.jpg?t=xoxe-626178571632-3467451922035-3469800396036-b45365c7edcd0220272aa8a422c2b82f",
                "thumb_360_w": 360,
                "thumb_360_h": 265,
                "thumb_480": "https:\/\/files.slack.com\/files-tmb\/TJE58GTJL-F01BJ7YL1J6-29fe380e59\/sme_480.jpg?t=xoxe-626178571632-3467451922035-3469800396036-b45365c7edcd0220272aa8a422c2b82f",
                "thumb_480_w": 480,
                "thumb_480_h": 353,
                "thumb_160": "https:\/\/files.slack.com\/files-tmb\/TJE58GTJL-F01BJ7YL1J6-29fe380e59\/sme_160.jpg?t=xoxe-626178571632-3467451922035-3469800396036-b45365c7edcd0220272aa8a422c2b82f",
                "thumb_720": "https:\/\/files.slack.com\/files-tmb\/TJE58GTJL-F01BJ7YL1J6-29fe380e59\/sme_720.jpg?t=xoxe-626178571632-3467451922035-3469800396036-b45365c7edcd0220272aa8a422c2b82f",
                "thumb_720_w": 720,
                "thumb_720_h": 530,
                "thumb_800": "https:\/\/files.slack.com\/files-tmb\/TJE58GTJL-F01BJ7YL1J6-29fe380e59\/sme_800.jpg?t=xoxe-626178571632-3467451922035-3469800396036-b45365c7edcd0220272aa8a422c2b82f",
                "thumb_800_w": 800,
                "thumb_800_h": 589,
                "original_w": 800,
                "original_h": 589,
                "thumb_tiny": "AwAjADCOzjWWXDDIxnFXvssH9z9TVTT+ZXI7L\/Wr4z7UktBybuR\/ZYP7n6ml+yQ\/3f1NSClz6U7InmZF9kh\/u\/qaqXcaxyAIMDFaGKpXw\/eL\/u1MkrFwbuM0770h+lXs1T04fJIfcCrlUtiZbiA56U4UgFGPf9KZIvOap3\/30+hq2OO9VNQ\/5Zn61Mti4bmeHdR8rMPoaPNk\/wCej\/8AfRpppKRbH+dL\/wA9H\/76NAnl\/wCer\/8AfRplJTCxMs8v\/PR\/zpxkeQfOxbHqahWpF6VLGkf\/2Q==",
                "permalink": "https:\/\/content-career-growth.slack.com\/files\/U017WRJTKF1\/F01BJ7YL1J6\/sme.jpeg",
                "permalink_public": "https:\/\/slack-files.com\/TJE58GTJL-F01BJ7YL1J6-60af328426",
                "is_starred": false,
                "has_rich_preview": false
            }
        ],
        "upload": false,
        "user": "U017WRJTKF1",
        "display_as_bot": false,
        "ts": "1601308236.004300",
        "blocks": [
            {
                "type": "rich_text",
                "block_id": "vV8",
                "elements": [
                    {
                        "type": "rich_text_section",
                        "elements": [
                            {
                                "type": "text",
                                "text": "Hey B2B pals "
                            },
                            {
                                "type": "emoji",
                                "name": "wave"
                            },
                            {
                                "type": "text",
                                "text": "\n\nAfter 3.5 years at hotjar, I started a 'giving back' plan to share the content lessons I learned over there.\nIn my first '"
                            },
                            {
                                "type": "text",
                                "text": "episode",
                                "style": {
                                    "unlink": true
                                }
                            },
                            {
                                "type": "text",
                                "text": "', I talked about Subject Matter Experts (SMEs) and their role in creating good content.\n\nIn my experience:\n- if you hire a subject matter expert to write basic stuff, that’s a waste of their time and expertise\n- if you hire a generalist to write about highly complex topics, the result is (mostly) going to be "
                            },
                            {
                                "type": "emoji",
                                "name": "hankey"
                            },
                            {
                                "type": "text",
                                "text": "\n- workaround: train someone to find and interview SMEs and use transcripts as a source, but accept that this will slow the process down\n\n"
                            },
                            {
                                "type": "emoji",
                                "name": "bulb",
                                "style": {
                                    "bold": true
                                }
                            },
                            {
                                "type": "text",
                                "text": "  What's your experience here? How do you make it work?",
                                "style": {
                                    "bold": true
                                }
                            }
                        ]
                    }
                ]
            }
        ],
        "edited": {
            "user": "U017WRJTKF1",
            "ts": "1601309106.000000"
        },
        "thread_ts": "1601308236.004300",
        "reply_count": 16,
        "reply_users_count": 5,
        "latest_reply": "1601399964.010500",
        "reply_users": [
            "U012R27LRJ8",
            "U01AU94TABA",
            "U017XD7H4P7",
            "U017WRJTKF1",
            "UJG12DM1V"
        ],
        "replies": [
            {
                "user": "U012R27LRJ8",
                "ts": "1601319320.005600"
            },
            {
                "user": "U01AU94TABA",
                "ts": "1601321505.005800"
            },
            {
                "user": "U017XD7H4P7",
                "ts": "1601331407.006200"
            },
            {
                "user": "U017WRJTKF1",
                "ts": "1601364390.007100"
            },
            {
                "user": "U017WRJTKF1",
                "ts": "1601364462.007300"
            },
            {
                "user": "UJG12DM1V",
                "ts": "1601383154.007700"
            },
            {
                "user": "U017XD7H4P7",
                "ts": "1601387016.008100"
            },
            {
                "user": "U017WRJTKF1",
                "ts": "1601388093.008300"
            },
            {
                "user": "U017XD7H4P7",
                "ts": "1601388149.008500"
            },
            {
                "user": "U017WRJTKF1",
                "ts": "1601389780.008800"
            },
            {
                "user": "U017XD7H4P7",
                "ts": "1601390965.009100"
            },
            {
                "user": "U017WRJTKF1",
                "ts": "1601391612.009300"
            },
            {
                "user": "U017WRJTKF1",
                "ts": "1601391681.009500"
            },
            {
                "user": "U017WRJTKF1",
                "ts": "1601391777.009700"
            },
            {
                "user": "U012R27LRJ8",
                "ts": "1601392250.009900"
            },
            {
                "user": "U017XD7H4P7",
                "ts": "1601399964.010500"
            }
        ],
        "is_locked": false,
        "subscribed": false,
        "reactions": [
            {
                "name": "ok_hand",
                "users": [
                    "U012GHRAHDK",
                    "U01AKUSUUQG",
                    "UUQ0C0ZUH",
                    "URB31QKM4",
                    "U012R27LRJ8",
                    "U0105JEFJ1F",
                    "UUKNRAD4Z",
                    "UJ2QESJ66",
                    "U018BPBF9M1",
                    "U019MUQ6QKV",
                    "UUH2ESL66",
                    "U015DN66NQ1",
                    "U015VEN5XT8"
                ],
                "count": 13
            },
            {
                "name": "fire",
                "users": [
                    "U019UEW7AQ2",
                    "UJ2QESJ66",
                    "U018BPBF9M1",
                    "U015HDJKZM2",
                    "U015R3R99QT"
                ],
                "count": 5
            }
        ]
    },
    {
        "client_msg_id": "6f29e349-8451-421d-adc7-0e498efdbc46",
        "type": "message",
        "text": "we’ve found that getting SMEs to write rather than a generalist upleveling their expertise has been more successful in terms of getting  more content.",
        "user": "U012R27LRJ8",
        "ts": "1601319320.005600",
        "team": "TJE58GTJL",
        "user_team": "TJE58GTJL",
        "source_team": "TJE58GTJL",
        "user_profile": {
            "avatar_hash": "gc7e97cc49db",
            "image_72": "https:\/\/secure.gravatar.com\/avatar\/c7e97cc49db3bc3a0bae60f1201822c7.jpg?s=72&d=https%3A%2F%2Fa.slack-edge.com%2Fdf10d%2Fimg%2Favatars%2Fava_0002-72.png",
            "first_name": "Al",
            "real_name": "Al Chen",
            "display_name": "Al Chen",
            "team": "TJE58GTJL",
            "name": "al",
            "is_restricted": false,
            "is_ultra_restricted": false
        },
        "blocks": [
            {
                "type": "rich_text",
                "block_id": "gCs0",
                "elements": [
                    {
                        "type": "rich_text_section",
                        "elements": [
                            {
                                "type": "text",
                                "text": "we’ve found that getting SMEs to write rather than a generalist upleveling their expertise has been more successful in terms of getting  more content."
                            }
                        ]
                    }
                ]
            }
        ],
        "thread_ts": "1601308236.004300",
        "parent_user_id": "U017WRJTKF1",
        "reactions": [
            {
                "name": "thinking_face",
                "users": [
                    "U017WRJTKF1"
                ],
                "count": 1
            }
        ]
    },
    {
        "client_msg_id": "e0dfa86b-bbf7-4798-9483-56d84d5cbdb9",
        "type": "message",
        "text": "We use a combo of approaches 2 and 3. Our content marketing team interviews the SMEs and then either writes the content or sends the transcript along with the creative brief to freelancer. Good content starts with good questions, which us one reasons former journalists make strong content marketers. We know how to ask the probing questions and dig deeper.",
        "user": "U01AU94TABA",
        "ts": "1601321505.005800",
        "team": "TJE58GTJL",
        "user_team": "TJE58GTJL",
        "source_team": "TJE58GTJL",
        "user_profile": {
            "avatar_hash": "6236aae5a4ff",
            "image_72": "https:\/\/avatars.slack-edge.com\/2020-09-04\/1368396724496_6236aae5a4ffcfa4bf4d_72.jpg",
            "first_name": "Danielle",
            "real_name": "Danielle Love",
            "display_name": "Danielle Love",
            "team": "TJE58GTJL",
            "name": "danielle.love",
            "is_restricted": false,
            "is_ultra_restricted": false
        },
        "blocks": [
            {
                "type": "rich_text",
                "block_id": "\/Wa",
                "elements": [
                    {
                        "type": "rich_text_section",
                        "elements": [
                            {
                                "type": "text",
                                "text": "We use a combo of approaches 2 and 3. Our content marketing team interviews the SMEs and then either writes the content or sends the transcript along with the creative brief to freelancer. Good content starts with good questions, which us one reasons former journalists make strong content marketers. We know how to ask the probing questions and dig deeper."
                            }
                        ]
                    }
                ]
            }
        ],
        "thread_ts": "1601308236.004300",
        "parent_user_id": "U017WRJTKF1",
        "reactions": [
            {
                "name": "partyparrot",
                "users": [
                    "U017WRJTKF1"
                ],
                "count": 1
            }
        ]
    },
    {
        "client_msg_id": "b2537e60-67df-4f72-9a0a-0ebcd5a3d0dd",
        "type": "message",
        "text": "Is \"waste of their time and expertise\" a problem because of cost\/opportunity cost, or is the concern that it would annoy the SME?  If it's the latter, my experience (personally and running a business entirely dedicated to enlisting SMEs to write expert content) is that a lot of SMEs are perfectly content to write about basics in their field, explaining concepts to outsiders\/newbies.",
        "user": "U017XD7H4P7",
        "ts": "1601331407.006200",
        "team": "TJE58GTJL",
        "user_team": "TJE58GTJL",
        "source_team": "TJE58GTJL",
        "user_profile": {
            "avatar_hash": "f9ab77023918",
            "image_72": "https:\/\/avatars.slack-edge.com\/2020-07-29\/1256516765207_f9ab77023918e4c2b919_72.png",
            "first_name": "Erik",
            "real_name": "Erik Dietrich",
            "display_name": "Erik Dietrich",
            "team": "TJE58GTJL",
            "name": "erik",
            "is_restricted": false,
            "is_ultra_restricted": false
        },
        "blocks": [
            {
                "type": "rich_text",
                "block_id": "zvwa",
                "elements": [
                    {
                        "type": "rich_text_section",
                        "elements": [
                            {
                                "type": "text",
                                "text": "Is \"waste of their time and expertise\" a problem because of cost\/opportunity cost, or is the concern that it would annoy the SME?  If it's the latter, my experience (personally and running a business entirely dedicated to enlisting SMEs to write expert content) is that a lot of SMEs are perfectly content to write about basics in their field, explaining concepts to outsiders\/newbies."
                            }
                        ]
                    }
                ]
            }
        ],
        "thread_ts": "1601308236.004300",
        "parent_user_id": "U017WRJTKF1",
        "reactions": [
            {
                "name": "bulb",
                "users": [
                    "U017WRJTKF1",
                    "UUH2ESL66"
                ],
                "count": 2
            }
        ]
    }
]