[
    {
        "client_msg_id": "ace9e39a-b5ac-4b8f-8cb3-ce193b74f604",
        "type": "message",
        "text": "<@U014PRHQUQ2> i couldn’t find your account with that handle",
        "user": "U016HJRC77E",
        "ts": "1596304365.065900",
        "team": "TJE58GTJL",
        "user_team": "TJE58GTJL",
        "source_team": "TJE58GTJL",
        "user_profile": {
            "avatar_hash": "35b8905b725a",
            "image_72": "https:\/\/avatars.slack-edge.com\/2020-08-15\/1303265107922_35b8905b725a88386069_72.jpg",
            "first_name": "Margaret",
            "real_name": "Margaret Banasik",
            "display_name": "Margaret",
            "team": "TJE58GTJL",
            "name": "mbanasik",
            "is_restricted": false,
            "is_ultra_restricted": false
        },
        "blocks": [
            {
                "type": "rich_text",
                "block_id": "GYhF",
                "elements": [
                    {
                        "type": "rich_text_section",
                        "elements": [
                            {
                                "type": "user",
                                "user_id": "U014PRHQUQ2"
                            },
                            {
                                "type": "text",
                                "text": " i couldn’t find your account with that handle"
                            }
                        ]
                    }
                ]
            }
        ],
        "thread_ts": "1596161174.059500",
        "parent_user_id": "U016HJRC77E"
    },
    {
        "client_msg_id": "576c4b19-98b2-4863-b4ea-449c2313ad40",
        "type": "message",
        "text": "but those are great tips!",
        "user": "U016HJRC77E",
        "ts": "1596304378.066100",
        "team": "TJE58GTJL",
        "user_team": "TJE58GTJL",
        "source_team": "TJE58GTJL",
        "user_profile": {
            "avatar_hash": "35b8905b725a",
            "image_72": "https:\/\/avatars.slack-edge.com\/2020-08-15\/1303265107922_35b8905b725a88386069_72.jpg",
            "first_name": "Margaret",
            "real_name": "Margaret Banasik",
            "display_name": "Margaret",
            "team": "TJE58GTJL",
            "name": "mbanasik",
            "is_restricted": false,
            "is_ultra_restricted": false
        },
        "blocks": [
            {
                "type": "rich_text",
                "block_id": "\/S3kw",
                "elements": [
                    {
                        "type": "rich_text_section",
                        "elements": [
                            {
                                "type": "text",
                                "text": "but those are great tips!"
                            }
                        ]
                    }
                ]
            }
        ],
        "thread_ts": "1596161174.059500",
        "parent_user_id": "U016HJRC77E"
    },
    {
        "client_msg_id": "9C2A7703-3561-4432-A644-2F12108A62D8",
        "type": "message",
        "text": "This is me: <https:\/\/mobile.twitter.com\/stevenvvessum|https:\/\/mobile.twitter.com\/stevenvvessum> :)",
        "user": "U014PRHQUQ2",
        "ts": "1596304413.066500",
        "team": "TJE58GTJL",
        "user_team": "TJE58GTJL",
        "source_team": "TJE58GTJL",
        "user_profile": {
            "avatar_hash": "5eaf71ac08a3",
            "image_72": "https:\/\/avatars.slack-edge.com\/2020-06-03\/1161541404066_5eaf71ac08a31003112c_72.png",
            "first_name": "Steven",
            "real_name": "Steven van Vessum",
            "display_name": "Steven van Vessum",
            "team": "TJE58GTJL",
            "name": "steven",
            "is_restricted": false,
            "is_ultra_restricted": false
        },
        "blocks": [
            {
                "type": "rich_text",
                "block_id": "fmsz8",
                "elements": [
                    {
                        "type": "rich_text_section",
                        "elements": [
                            {
                                "type": "text",
                                "text": "This is me: "
                            },
                            {
                                "type": "link",
                                "url": "https:\/\/mobile.twitter.com\/stevenvvessum",
                                "text": "https:\/\/mobile.twitter.com\/stevenvvessum"
                            },
                            {
                                "type": "text",
                                "text": " :)"
                            }
                        ]
                    }
                ]
            }
        ],
        "thread_ts": "1596161174.059500",
        "parent_user_id": "U016HJRC77E"
    },
    {
        "client_msg_id": "74704C90-12D6-4BDA-9287-BFA4CDC76A46",
        "type": "message",
        "text": "I see I posted the wrong one above :sweat_smile:",
        "user": "U014PRHQUQ2",
        "ts": "1596304441.067000",
        "team": "TJE58GTJL",
        "user_team": "TJE58GTJL",
        "source_team": "TJE58GTJL",
        "user_profile": {
            "avatar_hash": "5eaf71ac08a3",
            "image_72": "https:\/\/avatars.slack-edge.com\/2020-06-03\/1161541404066_5eaf71ac08a31003112c_72.png",
            "first_name": "Steven",
            "real_name": "Steven van Vessum",
            "display_name": "Steven van Vessum",
            "team": "TJE58GTJL",
            "name": "steven",
            "is_restricted": false,
            "is_ultra_restricted": false
        },
        "blocks": [
            {
                "type": "rich_text",
                "block_id": "qhmZC",
                "elements": [
                    {
                        "type": "rich_text_section",
                        "elements": [
                            {
                                "type": "text",
                                "text": "I see I posted the wrong one above "
                            },
                            {
                                "type": "emoji",
                                "name": "sweat_smile"
                            }
                        ]
                    }
                ]
            }
        ],
        "thread_ts": "1596161174.059500",
        "parent_user_id": "U016HJRC77E"
    },
    {
        "client_msg_id": "378FCC41-6672-4535-B60B-D37C27DB40F8",
        "type": "message",
        "text": "Sorry!",
        "user": "U014PRHQUQ2",
        "ts": "1596304444.067300",
        "team": "TJE58GTJL",
        "user_team": "TJE58GTJL",
        "source_team": "TJE58GTJL",
        "user_profile": {
            "avatar_hash": "5eaf71ac08a3",
            "image_72": "https:\/\/avatars.slack-edge.com\/2020-06-03\/1161541404066_5eaf71ac08a31003112c_72.png",
            "first_name": "Steven",
            "real_name": "Steven van Vessum",
            "display_name": "Steven van Vessum",
            "team": "TJE58GTJL",
            "name": "steven",
            "is_restricted": false,
            "is_ultra_restricted": false
        },
        "blocks": [
            {
                "type": "rich_text",
                "block_id": "ASlgZ",
                "elements": [
                    {
                        "type": "rich_text_section",
                        "elements": [
                            {
                                "type": "text",
                                "text": "Sorry!"
                            }
                        ]
                    }
                ]
            }
        ],
        "thread_ts": "1596161174.059500",
        "parent_user_id": "U016HJRC77E"
    },
    {
        "client_msg_id": "aa0cabb8-2f0d-4b71-b0f6-dde6142b86da",
        "type": "message",
        "text": "haha gotcha now!",
        "user": "U016HJRC77E",
        "ts": "1596304453.067500",
        "team": "TJE58GTJL",
        "user_team": "TJE58GTJL",
        "source_team": "TJE58GTJL",
        "user_profile": {
            "avatar_hash": "35b8905b725a",
            "image_72": "https:\/\/avatars.slack-edge.com\/2020-08-15\/1303265107922_35b8905b725a88386069_72.jpg",
            "first_name": "Margaret",
            "real_name": "Margaret Banasik",
            "display_name": "Margaret",
            "team": "TJE58GTJL",
            "name": "mbanasik",
            "is_restricted": false,
            "is_ultra_restricted": false
        },
        "blocks": [
            {
                "type": "rich_text",
                "block_id": "NIXD",
                "elements": [
                    {
                        "type": "rich_text_section",
                        "elements": [
                            {
                                "type": "text",
                                "text": "haha gotcha now!"
                            }
                        ]
                    }
                ]
            }
        ],
        "thread_ts": "1596161174.059500",
        "parent_user_id": "U016HJRC77E",
        "reactions": [
            {
                "name": "100",
                "users": [
                    "U014PRHQUQ2",
                    "UJ2QESJ66"
                ],
                "count": 2
            }
        ]
    }
]