[
    {
        "client_msg_id": "96d7edab-636c-4c39-99e7-69415329357e",
        "type": "message",
        "text": "<@URB31QKM4> mind sending it to me as well?",
        "user": "UUKNM4VDX",
        "ts": "1596028960.057300",
        "team": "TJE58GTJL",
        "user_team": "TJE58GTJL",
        "source_team": "TJE58GTJL",
        "user_profile": {
            "avatar_hash": "g4e7bff06a6f",
            "image_72": "https:\/\/secure.gravatar.com\/avatar\/4e7bff06a6f3deb947dd96cf8fb65a60.jpg?s=72&d=https%3A%2F%2Fa.slack-edge.com%2Fdf10d%2Fimg%2Favatars%2Fava_0017-72.png",
            "first_name": "",
            "real_name": "Steve Klein",
            "display_name": "Steve Klein",
            "team": "TJE58GTJL",
            "name": "stklein89",
            "is_restricted": false,
            "is_ultra_restricted": false
        },
        "blocks": [
            {
                "type": "rich_text",
                "block_id": "2KK",
                "elements": [
                    {
                        "type": "rich_text_section",
                        "elements": [
                            {
                                "type": "user",
                                "user_id": "URB31QKM4"
                            },
                            {
                                "type": "text",
                                "text": " mind sending it to me as well?"
                            }
                        ]
                    }
                ]
            }
        ],
        "thread_ts": "1595350634.051500",
        "parent_user_id": "UUH2EB134",
        "reactions": [
            {
                "name": "+1",
                "users": [
                    "URB31QKM4"
                ],
                "count": 1
            }
        ]
    }
]