[
    {
        "client_msg_id": "47aa0b42-5d1c-4713-8782-a3ecce2c737d",
        "type": "message",
        "text": "<https:\/\/twitter.com\/fadeke_adegbuyi\/>",
        "user": "U014UBPTJ0N",
        "ts": "1596591913.068600",
        "team": "TJE58GTJL",
        "user_team": "TJE58GTJL",
        "source_team": "TJE58GTJL",
        "user_profile": {
            "avatar_hash": "86917470f316",
            "image_72": "https:\/\/avatars.slack-edge.com\/2020-06-08\/1171350014499_86917470f3169134cc58_72.jpg",
            "first_name": "",
            "real_name": "Fadeke Adegbuyi",
            "display_name": "Fadeke Adegbuyi",
            "team": "TJE58GTJL",
            "name": "fadeke",
            "is_restricted": false,
            "is_ultra_restricted": false
        },
        "attachments": [
            {
                "title": "Fadeke Adegbuyi (@fadeke_adegbuyi) | Twitter",
                "title_link": "https:\/\/twitter.com\/fadeke_adegbuyi\/",
                "text": "The latest Tweets from Fadeke Adegbuyi (@fadeke_adegbuyi). Words and stuff @doist – creators of @todoist &amp; @usetwist. Tech optimist. :earth_americas:",
                "fallback": "Fadeke Adegbuyi (@fadeke_adegbuyi) | Twitter",
                "from_url": "https:\/\/twitter.com\/fadeke_adegbuyi\/",
                "service_icon": "https:\/\/abs.twimg.com\/icons\/apple-touch-icon-192x192.png",
                "service_name": "twitter.com",
                "id": 1,
                "original_url": "https:\/\/twitter.com\/fadeke_adegbuyi\/"
            }
        ],
        "blocks": [
            {
                "type": "rich_text",
                "block_id": "vIudn",
                "elements": [
                    {
                        "type": "rich_text_section",
                        "elements": [
                            {
                                "type": "link",
                                "url": "https:\/\/twitter.com\/fadeke_adegbuyi\/"
                            }
                        ]
                    }
                ]
            }
        ],
        "thread_ts": "1596161174.059500",
        "parent_user_id": "U016HJRC77E",
        "reactions": [
            {
                "name": "+1",
                "users": [
                    "U016HJRC77E",
                    "UJ2QESJ66"
                ],
                "count": 2
            }
        ]
    }
]