[
    {
        "client_msg_id": "dfa93c84-e9b6-49b4-92bd-338bcb2dceee",
        "type": "message",
        "text": "haha, <@UL4TUV38B>, we are a chobani-loving family. they did rebrand a year or so ago. I love the new logo, but they made their drinkable yogurt bottles an ugly off-white color instead of white. lol",
        "user": "UUJBMNRNF",
        "ts": "1603380468.066900",
        "team": "TJE58GTJL",
        "user_team": "TJE58GTJL",
        "source_team": "TJE58GTJL",
        "user_profile": {
            "avatar_hash": "g60cda1030c0",
            "image_72": "https:\/\/secure.gravatar.com\/avatar\/60cda1030c03869961d38a096c73158e.jpg?s=72&d=https%3A%2F%2Fa.slack-edge.com%2Fdf10d%2Fimg%2Favatars%2Fava_0024-72.png",
            "first_name": "Hannah",
            "real_name": "Hannah Wiginton",
            "display_name": "Hannah Wiginton",
            "team": "TJE58GTJL",
            "name": "hwiginton00",
            "is_restricted": false,
            "is_ultra_restricted": false
        },
        "blocks": [
            {
                "type": "rich_text",
                "block_id": "UPs",
                "elements": [
                    {
                        "type": "rich_text_section",
                        "elements": [
                            {
                                "type": "text",
                                "text": "haha, "
                            },
                            {
                                "type": "user",
                                "user_id": "UL4TUV38B"
                            },
                            {
                                "type": "text",
                                "text": ", we are a chobani-loving family. they did rebrand a year or so ago. I love the new logo, but they made their drinkable yogurt bottles an ugly off-white color instead of white. lol"
                            }
                        ]
                    }
                ]
            }
        ],
        "thread_ts": "1602784755.061700",
        "parent_user_id": "U0105JEFJ1F",
        "reactions": [
            {
                "name": "grin",
                "users": [
                    "U0105JEFJ1F"
                ],
                "count": 1
            }
        ]
    },
    {
        "client_msg_id": "5046818e-3ae7-43d5-9f24-a5dbeabceca1",
        "type": "message",
        "text": "I'm not sure this is strictly B2B, but I really like the structure in this twitter thread:  <https:\/\/twitter.com\/HollyClarke\/status\/1295809284756840448>",
        "user": "UL4TUV38B",
        "ts": "1603380959.067100",
        "team": "TJE58GTJL",
        "user_team": "TJE58GTJL",
        "source_team": "TJE58GTJL",
        "user_profile": {
            "avatar_hash": "c1fcc8eb5742",
            "image_72": "https:\/\/avatars.slack-edge.com\/2020-09-16\/1360677760262_c1fcc8eb5742ad012747_72.jpg",
            "first_name": "Laura",
            "real_name": "Laura Bosco",
            "display_name": "Laura Bosco",
            "team": "TJE58GTJL",
            "name": "laura.e.hash",
            "is_restricted": false,
            "is_ultra_restricted": false
        },
        "attachments": [
            {
                "fallback": "<https:\/\/twitter.com\/HollyClarke|@HollyClarke>: I got asked recently what to expect from a full &amp; detailed brand content strategy. I wrote this outline, and thought others might find it useful so here is a....\n&gt; content strategy outline 🧵",
                "ts": 1597779983,
                "author_name": "Holly Clarke",
                "author_link": "https:\/\/twitter.com\/HollyClarke\/status\/1295809284756840448",
                "author_icon": "https:\/\/pbs.twimg.com\/profile_images\/780166149938053120\/AOAU4Lce_normal.jpg",
                "author_subname": "@HollyClarke",
                "text": "I got asked recently what to expect from a full &amp; detailed brand content strategy. I wrote this outline, and thought others might find it useful so here is a....\n&gt; content strategy outline 🧵",
                "service_name": "twitter",
                "service_url": "https:\/\/twitter.com\/",
                "from_url": "https:\/\/twitter.com\/HollyClarke\/status\/1295809284756840448",
                "id": 1,
                "original_url": "https:\/\/twitter.com\/HollyClarke\/status\/1295809284756840448",
                "footer": "Twitter",
                "footer_icon": "https:\/\/a.slack-edge.com\/80588\/img\/services\/twitter_pixel_snapped_32.png"
            }
        ],
        "blocks": [
            {
                "type": "rich_text",
                "block_id": "18HSf",
                "elements": [
                    {
                        "type": "rich_text_section",
                        "elements": [
                            {
                                "type": "text",
                                "text": "I'm not sure this is strictly B2B, but I really like the structure in this twitter thread:  "
                            },
                            {
                                "type": "link",
                                "url": "https:\/\/twitter.com\/HollyClarke\/status\/1295809284756840448"
                            }
                        ]
                    }
                ]
            }
        ],
        "thread_ts": "1603343200.066700",
        "parent_user_id": "U01CVQ02E5S",
        "reactions": [
            {
                "name": "+1",
                "users": [
                    "U01CVQ02E5S"
                ],
                "count": 1
            }
        ]
    },
    {
        "client_msg_id": "51d969fd-235f-4f5d-bef7-98a80ced666d",
        "type": "message",
        "text": "I really liked <https:\/\/www.dropbox.com\/s\/rkokpejolafiqmy\/ContentMarketingStrategyTemplate.docx?dl=0|the one from Buffer>—enough detail to be worthwhile but not so much that it's overwhelming",
        "user": "U019LRFAC7Q",
        "ts": "1603381021.067400",
        "team": "TJE58GTJL",
        "user_team": "TJE58GTJL",
        "source_team": "TJE58GTJL",
        "user_profile": {
            "avatar_hash": "eb94b137d9fd",
            "image_72": "https:\/\/avatars.slack-edge.com\/2020-08-31\/1333802808755_eb94b137d9fd1075a8c8_72.jpg",
            "first_name": "",
            "real_name": "Cyndy Willis-Chun",
            "display_name": "Cyndy Willis-Chun",
            "team": "TJE58GTJL",
            "name": "cyndy",
            "is_restricted": false,
            "is_ultra_restricted": false
        },
        "blocks": [
            {
                "type": "rich_text",
                "block_id": "vA0r",
                "elements": [
                    {
                        "type": "rich_text_section",
                        "elements": [
                            {
                                "type": "text",
                                "text": "I really liked "
                            },
                            {
                                "type": "link",
                                "url": "https:\/\/www.dropbox.com\/s\/rkokpejolafiqmy\/ContentMarketingStrategyTemplate.docx?dl=0",
                                "text": "the one from Buffer"
                            },
                            {
                                "type": "text",
                                "text": "—enough detail to be worthwhile but not so much that it's overwhelming"
                            }
                        ]
                    }
                ]
            }
        ],
        "thread_ts": "1603343200.066700",
        "parent_user_id": "U01CVQ02E5S",
        "reactions": [
            {
                "name": "+1",
                "users": [
                    "U01CVQ02E5S",
                    "U013L0U4YSU"
                ],
                "count": 2
            }
        ]
    },
    {
        "client_msg_id": "28bc6b80-54b4-492e-85a7-50164e44885f",
        "type": "message",
        "text": "Dave, could you link to the one from Contently? I'm not sure I've seen that one.",
        "user": "UL4TUV38B",
        "ts": "1603381156.067700",
        "team": "TJE58GTJL",
        "user_team": "TJE58GTJL",
        "source_team": "TJE58GTJL",
        "user_profile": {
            "avatar_hash": "c1fcc8eb5742",
            "image_72": "https:\/\/avatars.slack-edge.com\/2020-09-16\/1360677760262_c1fcc8eb5742ad012747_72.jpg",
            "first_name": "Laura",
            "real_name": "Laura Bosco",
            "display_name": "Laura Bosco",
            "team": "TJE58GTJL",
            "name": "laura.e.hash",
            "is_restricted": false,
            "is_ultra_restricted": false
        },
        "blocks": [
            {
                "type": "rich_text",
                "block_id": "k2T7C",
                "elements": [
                    {
                        "type": "rich_text_section",
                        "elements": [
                            {
                                "type": "text",
                                "text": "Dave, could you link to the one from Contently? I'm not sure I've seen that one."
                            }
                        ]
                    }
                ]
            }
        ],
        "thread_ts": "1603343200.066700",
        "parent_user_id": "U01CVQ02E5S"
    },
    {
        "client_msg_id": "a979e276-dd48-414c-9790-14faa0a203d6",
        "type": "message",
        "text": "Hi Laura, thanks for the thread! I downloaded it initially from here but I'm not sure if the link is working - <https:\/\/contently.com\/2020\/02\/05\/content-strategy-template-help\/>",
        "user": "U01CVQ02E5S",
        "ts": "1603384663.068100",
        "team": "TJE58GTJL",
        "user_team": "TJE58GTJL",
        "source_team": "TJE58GTJL",
        "user_profile": {
            "avatar_hash": "91fb1bea2fa4",
            "image_72": "https:\/\/avatars.slack-edge.com\/2020-10-16\/1438887916964_91fb1bea2fa42a24028d_72.jpg",
            "first_name": "David",
            "real_name": "David Harrington",
            "display_name": "Dave H",
            "team": "TJE58GTJL",
            "name": "harrington.dw",
            "is_restricted": false,
            "is_ultra_restricted": false
        },
        "attachments": [
            {
                "service_name": "Contently",
                "title": "Free Content Strategy Template to Plan Effective Content Program",
                "title_link": "https:\/\/contently.com\/2020\/02\/05\/content-strategy-template-help\/",
                "text": "This simple content strategy template will help you identify unique pillars, topics, and story ideas for your content calendar.",
                "fallback": "Contently: Free Content Strategy Template to Plan Effective Content Program",
                "image_url": "https:\/\/contently.com\/wp-content\/uploads\/2020\/02\/content_strategy_template.jpg",
                "image_width": 500,
                "image_height": 250,
                "ts": 1580935897,
                "from_url": "https:\/\/contently.com\/2020\/02\/05\/content-strategy-template-help\/",
                "image_bytes": 113567,
                "service_icon": "https:\/\/3v9p073zptntqyvo83pwbx1h-wpengine.netdna-ssl.com\/wp-content\/themes\/contently-new\/images\/favicon.ico",
                "id": 1,
                "original_url": "https:\/\/contently.com\/2020\/02\/05\/content-strategy-template-help\/"
            }
        ],
        "blocks": [
            {
                "type": "rich_text",
                "block_id": "2eqJu",
                "elements": [
                    {
                        "type": "rich_text_section",
                        "elements": [
                            {
                                "type": "text",
                                "text": "Hi Laura, thanks for the thread! I downloaded it initially from here but I'm not sure if the link is working - "
                            },
                            {
                                "type": "link",
                                "url": "https:\/\/contently.com\/2020\/02\/05\/content-strategy-template-help\/"
                            }
                        ]
                    }
                ]
            }
        ],
        "thread_ts": "1603343200.066700",
        "parent_user_id": "U01CVQ02E5S"
    },
    {
        "client_msg_id": "9720b960-9784-4342-8dd8-8da77f60bb8b",
        "type": "message",
        "text": "I've downloaded the tool here in this folder tho - <https:\/\/1drv.ms\/u\/s!AnsnAkpygeZRgZQaJYkTlIne48t7Yw?e=oPvPs5>",
        "user": "U01CVQ02E5S",
        "ts": "1603384724.068400",
        "team": "TJE58GTJL",
        "user_team": "TJE58GTJL",
        "source_team": "TJE58GTJL",
        "user_profile": {
            "avatar_hash": "91fb1bea2fa4",
            "image_72": "https:\/\/avatars.slack-edge.com\/2020-10-16\/1438887916964_91fb1bea2fa42a24028d_72.jpg",
            "first_name": "David",
            "real_name": "David Harrington",
            "display_name": "Dave H",
            "team": "TJE58GTJL",
            "name": "harrington.dw",
            "is_restricted": false,
            "is_ultra_restricted": false
        },
        "blocks": [
            {
                "type": "rich_text",
                "block_id": "uAE",
                "elements": [
                    {
                        "type": "rich_text_section",
                        "elements": [
                            {
                                "type": "text",
                                "text": "I've downloaded the tool here in this folder tho - "
                            },
                            {
                                "type": "link",
                                "url": "https:\/\/1drv.ms\/u\/s!AnsnAkpygeZRgZQaJYkTlIne48t7Yw?e=oPvPs5"
                            }
                        ]
                    }
                ]
            }
        ],
        "thread_ts": "1603343200.066700",
        "parent_user_id": "U01CVQ02E5S"
    },
    {
        "client_msg_id": "7739df73-637b-429b-b698-e8f759dda371",
        "type": "message",
        "text": "<@UL4TUV38B> That really is a pretty killer thread. I have a NewsCred one too.",
        "user": "U01CVQ02E5S",
        "ts": "1603384779.068700",
        "team": "TJE58GTJL",
        "user_team": "TJE58GTJL",
        "source_team": "TJE58GTJL",
        "user_profile": {
            "avatar_hash": "91fb1bea2fa4",
            "image_72": "https:\/\/avatars.slack-edge.com\/2020-10-16\/1438887916964_91fb1bea2fa42a24028d_72.jpg",
            "first_name": "David",
            "real_name": "David Harrington",
            "display_name": "Dave H",
            "team": "TJE58GTJL",
            "name": "harrington.dw",
            "is_restricted": false,
            "is_ultra_restricted": false
        },
        "blocks": [
            {
                "type": "rich_text",
                "block_id": "QPBc",
                "elements": [
                    {
                        "type": "rich_text_section",
                        "elements": [
                            {
                                "type": "user",
                                "user_id": "UL4TUV38B"
                            },
                            {
                                "type": "text",
                                "text": " That really is a pretty killer thread. I have a NewsCred one too."
                            }
                        ]
                    }
                ]
            }
        ],
        "thread_ts": "1603343200.066700",
        "parent_user_id": "U01CVQ02E5S",
        "reactions": [
            {
                "name": "raised_hands",
                "users": [
                    "UL4TUV38B"
                ],
                "count": 1
            }
        ]
    },
    {
        "client_msg_id": "993de774-ab58-4a90-a608-b7373ee2a0b5",
        "type": "message",
        "text": "<https:\/\/info.newscred.com\/ppc_google_content_marketing_strategy_template>",
        "user": "U01CVQ02E5S",
        "ts": "1603384822.068900",
        "team": "TJE58GTJL",
        "user_team": "TJE58GTJL",
        "source_team": "TJE58GTJL",
        "user_profile": {
            "avatar_hash": "91fb1bea2fa4",
            "image_72": "https:\/\/avatars.slack-edge.com\/2020-10-16\/1438887916964_91fb1bea2fa42a24028d_72.jpg",
            "first_name": "David",
            "real_name": "David Harrington",
            "display_name": "Dave H",
            "team": "TJE58GTJL",
            "name": "harrington.dw",
            "is_restricted": false,
            "is_ultra_restricted": false
        },
        "attachments": [
            {
                "title": "NewsCred's Content Marketing Strategy Template",
                "title_link": "https:\/\/info.newscred.com\/ppc_google_content_marketing_strategy_template",
                "text": "How do you create a content marketing strategy? The very act of creating a content marketing strategy means that you’re aligning your team and key stakeholders on goals, KPIs, roles, responsibilities, and processes.",
                "fallback": "NewsCred's Content Marketing Strategy Template",
                "from_url": "https:\/\/info.newscred.com\/ppc_google_content_marketing_strategy_template",
                "service_name": "info.newscred.com",
                "id": 1,
                "original_url": "https:\/\/info.newscred.com\/ppc_google_content_marketing_strategy_template"
            }
        ],
        "blocks": [
            {
                "type": "rich_text",
                "block_id": "34UO6",
                "elements": [
                    {
                        "type": "rich_text_section",
                        "elements": [
                            {
                                "type": "link",
                                "url": "https:\/\/info.newscred.com\/ppc_google_content_marketing_strategy_template"
                            }
                        ]
                    }
                ]
            }
        ],
        "thread_ts": "1603343200.066700",
        "parent_user_id": "U01CVQ02E5S"
    },
    {
        "client_msg_id": "10655c27-cd8d-421c-a593-671d441f1fdb",
        "type": "message",
        "text": "Thanks Dave!",
        "user": "UL4TUV38B",
        "ts": "1603384865.069300",
        "team": "TJE58GTJL",
        "user_team": "TJE58GTJL",
        "source_team": "TJE58GTJL",
        "user_profile": {
            "avatar_hash": "c1fcc8eb5742",
            "image_72": "https:\/\/avatars.slack-edge.com\/2020-09-16\/1360677760262_c1fcc8eb5742ad012747_72.jpg",
            "first_name": "Laura",
            "real_name": "Laura Bosco",
            "display_name": "Laura Bosco",
            "team": "TJE58GTJL",
            "name": "laura.e.hash",
            "is_restricted": false,
            "is_ultra_restricted": false
        },
        "blocks": [
            {
                "type": "rich_text",
                "block_id": "fcqgK",
                "elements": [
                    {
                        "type": "rich_text_section",
                        "elements": [
                            {
                                "type": "text",
                                "text": "Thanks Dave!"
                            }
                        ]
                    }
                ]
            }
        ],
        "thread_ts": "1603343200.066700",
        "parent_user_id": "U01CVQ02E5S"
    },
    {
        "client_msg_id": "f1d22dc1-9869-4eeb-8739-2867f7845fc6",
        "type": "message",
        "text": "Thank you too Laura! Brand voice discovery is where I tend to have issues with clients. Especially in B2B where content is pretty dry.",
        "user": "U01CVQ02E5S",
        "ts": "1603384980.069500",
        "team": "TJE58GTJL",
        "user_team": "TJE58GTJL",
        "source_team": "TJE58GTJL",
        "user_profile": {
            "avatar_hash": "91fb1bea2fa4",
            "image_72": "https:\/\/avatars.slack-edge.com\/2020-10-16\/1438887916964_91fb1bea2fa42a24028d_72.jpg",
            "first_name": "David",
            "real_name": "David Harrington",
            "display_name": "Dave H",
            "team": "TJE58GTJL",
            "name": "harrington.dw",
            "is_restricted": false,
            "is_ultra_restricted": false
        },
        "blocks": [
            {
                "type": "rich_text",
                "block_id": "8lECS",
                "elements": [
                    {
                        "type": "rich_text_section",
                        "elements": [
                            {
                                "type": "text",
                                "text": "Thank you too Laura! Brand voice discovery is where I tend to have issues with clients. Especially in B2B where content is pretty dry."
                            }
                        ]
                    }
                ]
            }
        ],
        "thread_ts": "1603343200.066700",
        "parent_user_id": "U01CVQ02E5S"
    },
    {
        "client_msg_id": "e8a2f0ba-3372-41dc-8664-4cc8bf0ed9f5",
        "type": "message",
        "text": "I don't do that a ton, but when I do touch stuff like that, I like to pull phrases and tone from customers (online research + interviews). Though it's not always easy to convince stakeholders that the brand should speak similar to how customers speak...instead of how stakeholders _think_ the brand should speak.",
        "user": "UL4TUV38B",
        "ts": "1603385111.069700",
        "team": "TJE58GTJL",
        "user_team": "TJE58GTJL",
        "source_team": "TJE58GTJL",
        "user_profile": {
            "avatar_hash": "c1fcc8eb5742",
            "image_72": "https:\/\/avatars.slack-edge.com\/2020-09-16\/1360677760262_c1fcc8eb5742ad012747_72.jpg",
            "first_name": "Laura",
            "real_name": "Laura Bosco",
            "display_name": "Laura Bosco",
            "team": "TJE58GTJL",
            "name": "laura.e.hash",
            "is_restricted": false,
            "is_ultra_restricted": false
        },
        "blocks": [
            {
                "type": "rich_text",
                "block_id": "uZjZe",
                "elements": [
                    {
                        "type": "rich_text_section",
                        "elements": [
                            {
                                "type": "text",
                                "text": "I don't do that a ton, but when I do touch stuff like that, I like to pull phrases and tone from customers (online research + interviews). Though it's not always easy to convince stakeholders that the brand should speak similar to how customers speak...instead of how stakeholders "
                            },
                            {
                                "type": "text",
                                "text": "think",
                                "style": {
                                    "italic": true
                                }
                            },
                            {
                                "type": "text",
                                "text": " the brand should speak."
                            }
                        ]
                    }
                ]
            }
        ],
        "thread_ts": "1603343200.066700",
        "parent_user_id": "U01CVQ02E5S"
    },
    {
        "client_msg_id": "f99cc3b3-0957-43ea-b887-583411447e74",
        "type": "message",
        "text": "Ahhhh ok. That makes sense. Yeah I'm going through a bit of that with an e-commerce technology startup. I just want to develop a comprehensive strategy, hand them the keys to it and be able to say \"my work here is done\" lol",
        "user": "U01CVQ02E5S",
        "ts": "1603385273.069900",
        "team": "TJE58GTJL",
        "user_team": "TJE58GTJL",
        "source_team": "TJE58GTJL",
        "user_profile": {
            "avatar_hash": "91fb1bea2fa4",
            "image_72": "https:\/\/avatars.slack-edge.com\/2020-10-16\/1438887916964_91fb1bea2fa42a24028d_72.jpg",
            "first_name": "David",
            "real_name": "David Harrington",
            "display_name": "Dave H",
            "team": "TJE58GTJL",
            "name": "harrington.dw",
            "is_restricted": false,
            "is_ultra_restricted": false
        },
        "blocks": [
            {
                "type": "rich_text",
                "block_id": "QzEZT",
                "elements": [
                    {
                        "type": "rich_text_section",
                        "elements": [
                            {
                                "type": "text",
                                "text": "Ahhhh ok. That makes sense. Yeah I'm going through a bit of that with an e-commerce technology startup. I just want to develop a comprehensive strategy, hand them the keys to it and be able to say \"my work here is done\" lol"
                            }
                        ]
                    }
                ]
            }
        ],
        "thread_ts": "1603343200.066700",
        "parent_user_id": "U01CVQ02E5S"
    },
    {
        "client_msg_id": "c0466a19-5778-4eee-90f7-466ef29f00fb",
        "type": "message",
        "text": "<@U019LRFAC7Q> I like this too. Like you said, good but not too overwhelming.",
        "user": "U01CVQ02E5S",
        "ts": "1603385629.070100",
        "team": "TJE58GTJL",
        "user_team": "TJE58GTJL",
        "source_team": "TJE58GTJL",
        "user_profile": {
            "avatar_hash": "91fb1bea2fa4",
            "image_72": "https:\/\/avatars.slack-edge.com\/2020-10-16\/1438887916964_91fb1bea2fa42a24028d_72.jpg",
            "first_name": "David",
            "real_name": "David Harrington",
            "display_name": "Dave H",
            "team": "TJE58GTJL",
            "name": "harrington.dw",
            "is_restricted": false,
            "is_ultra_restricted": false
        },
        "blocks": [
            {
                "type": "rich_text",
                "block_id": "1XZ",
                "elements": [
                    {
                        "type": "rich_text_section",
                        "elements": [
                            {
                                "type": "user",
                                "user_id": "U019LRFAC7Q"
                            },
                            {
                                "type": "text",
                                "text": " I like this too. Like you said, good but not too overwhelming."
                            }
                        ]
                    }
                ]
            }
        ],
        "thread_ts": "1603343200.066700",
        "parent_user_id": "U01CVQ02E5S"
    },
    {
        "client_msg_id": "dfcbdc43-58e5-4ee9-aab7-0055e7701817",
        "type": "message",
        "text": "<@U01CVQ02E5S> Glad to hear it! I can't believe how many \"you need a documented content strategy\" articles are out there and how few worthwhile templates there are",
        "user": "U019LRFAC7Q",
        "ts": "1603385725.070300",
        "team": "TJE58GTJL",
        "user_team": "TJE58GTJL",
        "source_team": "TJE58GTJL",
        "user_profile": {
            "avatar_hash": "eb94b137d9fd",
            "image_72": "https:\/\/avatars.slack-edge.com\/2020-08-31\/1333802808755_eb94b137d9fd1075a8c8_72.jpg",
            "first_name": "",
            "real_name": "Cyndy Willis-Chun",
            "display_name": "Cyndy Willis-Chun",
            "team": "TJE58GTJL",
            "name": "cyndy",
            "is_restricted": false,
            "is_ultra_restricted": false
        },
        "blocks": [
            {
                "type": "rich_text",
                "block_id": "pg1EH",
                "elements": [
                    {
                        "type": "rich_text_section",
                        "elements": [
                            {
                                "type": "user",
                                "user_id": "U01CVQ02E5S"
                            },
                            {
                                "type": "text",
                                "text": " Glad to hear it! I can't believe how many \"you need a documented content strategy\" articles are out there and how few worthwhile templates there are"
                            }
                        ]
                    }
                ]
            }
        ],
        "thread_ts": "1603343200.066700",
        "parent_user_id": "U01CVQ02E5S"
    },
    {
        "client_msg_id": "32fa5aa6-25a4-442b-9fca-42b962793b3f",
        "type": "message",
        "text": "Seriously! Most of them are quite worthless or WAY too convoluted from my experience.",
        "user": "U01CVQ02E5S",
        "ts": "1603385780.070500",
        "team": "TJE58GTJL",
        "user_team": "TJE58GTJL",
        "source_team": "TJE58GTJL",
        "user_profile": {
            "avatar_hash": "91fb1bea2fa4",
            "image_72": "https:\/\/avatars.slack-edge.com\/2020-10-16\/1438887916964_91fb1bea2fa42a24028d_72.jpg",
            "first_name": "David",
            "real_name": "David Harrington",
            "display_name": "Dave H",
            "team": "TJE58GTJL",
            "name": "harrington.dw",
            "is_restricted": false,
            "is_ultra_restricted": false
        },
        "blocks": [
            {
                "type": "rich_text",
                "block_id": "lRa",
                "elements": [
                    {
                        "type": "rich_text_section",
                        "elements": [
                            {
                                "type": "text",
                                "text": "Seriously! Most of them are quite worthless or WAY too convoluted from my experience."
                            }
                        ]
                    }
                ]
            }
        ],
        "thread_ts": "1603343200.066700",
        "parent_user_id": "U01CVQ02E5S"
    },
    {
        "client_msg_id": "65BA8CA9-501B-4D88-BFF3-3595395ACDC1",
        "type": "message",
        "text": "Seems a good topic to write about!",
        "user": "U01DLEFAN3A",
        "ts": "1603385884.071100",
        "team": "TJE58GTJL",
        "user_team": "TJE58GTJL",
        "source_team": "TJE58GTJL",
        "user_profile": {
            "avatar_hash": "3fccb62148f7",
            "image_72": "https:\/\/avatars.slack-edge.com\/2020-10-19\/1431969135670_3fccb62148f7f36a8dfc_72.png",
            "first_name": "Yahya",
            "real_name": "Yahya Elamrani",
            "display_name": "Yahya El",
            "team": "TJE58GTJL",
            "name": "elamrani.yahya1",
            "is_restricted": false,
            "is_ultra_restricted": false
        },
        "blocks": [
            {
                "type": "rich_text",
                "block_id": "oqs",
                "elements": [
                    {
                        "type": "rich_text_section",
                        "elements": [
                            {
                                "type": "text",
                                "text": "Seems a good topic to write about!"
                            }
                        ]
                    }
                ]
            }
        ],
        "thread_ts": "1603343200.066700",
        "parent_user_id": "U01CVQ02E5S"
    }
]