[
    {
        "client_msg_id": "b7132674-78f6-43bc-8e60-abf58f2142f4",
        "type": "message",
        "text": "Thanks for the recommendation, Dave! I will check the podcast and just followed him on LinkedIn.",
        "user": "U0149JG0P7U",
        "ts": "1590659746.036700",
        "team": "TJE58GTJL",
        "user_team": "TJE58GTJL",
        "source_team": "TJE58GTJL",
        "user_profile": {
            "avatar_hash": "c4ae0dc0bcd4",
            "image_72": "https:\/\/avatars.slack-edge.com\/2020-05-27\/1147327367106_c4ae0dc0bcd4f1a7e186_72.png",
            "first_name": "Ioana",
            "real_name": "Ioana Rijnetu",
            "display_name": "Ioana Rijnetu",
            "team": "TJE58GTJL",
            "name": "ioana.rijnetu",
            "is_restricted": false,
            "is_ultra_restricted": false
        },
        "blocks": [
            {
                "type": "rich_text",
                "block_id": "Nj+Bz",
                "elements": [
                    {
                        "type": "rich_text_section",
                        "elements": [
                            {
                                "type": "text",
                                "text": "Thanks for the recommendation, Dave! I will check the podcast and just followed him on LinkedIn."
                            }
                        ]
                    }
                ]
            }
        ],
        "thread_ts": "1590599986.035000",
        "parent_user_id": "UUXMC3ZFH"
    }
]