[
    {
        "client_msg_id": "d60b4cba-24d5-4eee-bcfb-26d84a79defc",
        "type": "message",
        "text": "I haven't, <@UUXMC3ZFH>. If you wouldn't mind sharing those links here, I'd appreciate it! :pray:",
        "user": "UUVS4LBPF",
        "ts": "1586417047.004200",
        "team": "TJE58GTJL",
        "user_team": "TJE58GTJL",
        "source_team": "TJE58GTJL",
        "user_profile": {
            "avatar_hash": "9df64f1c14b5",
            "image_72": "https:\/\/avatars.slack-edge.com\/2020-03-10\/992848122279_9df64f1c14b5557fbbad_72.jpg",
            "first_name": "Brad",
            "real_name": "Brad Ewin",
            "display_name": "Brad",
            "team": "TJE58GTJL",
            "name": "bewin",
            "is_restricted": false,
            "is_ultra_restricted": false
        },
        "blocks": [
            {
                "type": "rich_text",
                "block_id": "k+wip",
                "elements": [
                    {
                        "type": "rich_text_section",
                        "elements": [
                            {
                                "type": "text",
                                "text": "I haven't, "
                            },
                            {
                                "type": "user",
                                "user_id": "UUXMC3ZFH"
                            },
                            {
                                "type": "text",
                                "text": ". If you wouldn't mind sharing those links here, I'd appreciate it! "
                            },
                            {
                                "type": "emoji",
                                "name": "pray"
                            }
                        ]
                    }
                ]
            }
        ],
        "thread_ts": "1586373608.002800",
        "parent_user_id": "UUXMC3ZFH"
    },
    {
        "client_msg_id": "2b278b88-b7c4-4c72-b43f-c8a2f5d463ef",
        "type": "message",
        "text": "<@UUVS4LBPF> Here are more worthwhile reports and blog posts on content marketing research and stats, with links:\n\n-_<https:\/\/learn.seismic.com\/rs\/217-LXS-149\/images\/CMI%20Enterprise%20Content%20Marketing%202020%20Report.pdf|Enterprise Content Marketing 2020>_\n_-_<https:\/\/www.marketingprofs.com\/chirp\/2020\/42514\/top-b2b-content-marketing-statistics-for-your-2020-content-strategy-infographic?adref=nlt030720&amp;spMailingID=41947992&amp;spUserID=MTQ5NDQ1MTc0Mjg3S0&amp;spJobID=1720551972&amp;spReportId=MTcyMDU1MTk3MgS2|\"Top B2B Content Marketing Statistics for 2020.\"> MarketingProfs\n_-<https:\/\/contentmarketinginstitute.com\/wp-content\/uploads\/2019\/10\/2020_B2B_Research_Final.pdf|B2B Content Marketing 2020: Benchmarks, Budgets, and Trends -- North America>._ \n_\"_<https:\/\/contentmarketinginstitute.com\/2018\/10\/research-b2b-audience\/|2019 B2B Content Marketing Research: It Pays to Put Audience First>._\"_ Content Marketing Institute.",
        "user": "UUXMC3ZFH",
        "ts": "1586451770.004500",
        "team": "TJE58GTJL",
        "user_team": "TJE58GTJL",
        "source_team": "TJE58GTJL",
        "user_profile": {
            "avatar_hash": "g32741d44912",
            "image_72": "https:\/\/secure.gravatar.com\/avatar\/32741d44912ef78f542f28f30f1abf21.jpg?s=72&d=https%3A%2F%2Fa.slack-edge.com%2Fdf10d%2Fimg%2Favatars%2Fava_0014-72.png",
            "first_name": "Dave",
            "real_name": "Dave Vranicar",
            "display_name": "Dave Vranicar",
            "team": "TJE58GTJL",
            "name": "dave.vranicar950",
            "is_restricted": false,
            "is_ultra_restricted": false
        },
        "edited": {
            "user": "UUXMC3ZFH",
            "ts": "1586452441.000000"
        },
        "blocks": [
            {
                "type": "rich_text",
                "block_id": "Ug8Tw",
                "elements": [
                    {
                        "type": "rich_text_section",
                        "elements": [
                            {
                                "type": "user",
                                "user_id": "UUVS4LBPF"
                            },
                            {
                                "type": "text",
                                "text": " Here are more worthwhile reports and blog posts on content marketing research and stats, with links:\n\n-"
                            },
                            {
                                "type": "link",
                                "url": "https:\/\/learn.seismic.com\/rs\/217-LXS-149\/images\/CMI%20Enterprise%20Content%20Marketing%202020%20Report.pdf",
                                "text": "Enterprise Content Marketing 2020",
                                "style": {
                                    "italic": true
                                }
                            },
                            {
                                "type": "text",
                                "text": "\n"
                            },
                            {
                                "type": "text",
                                "text": "-",
                                "style": {
                                    "italic": true
                                }
                            },
                            {
                                "type": "link",
                                "url": "https:\/\/www.marketingprofs.com\/chirp\/2020\/42514\/top-b2b-content-marketing-statistics-for-your-2020-content-strategy-infographic?adref=nlt030720&spMailingID=41947992&spUserID=MTQ5NDQ1MTc0Mjg3S0&spJobID=1720551972&spReportId=MTcyMDU1MTk3MgS2",
                                "text": "\"Top B2B Content Marketing Statistics for 2020.\""
                            },
                            {
                                "type": "text",
                                "text": " ",
                                "style": {
                                    "italic": true
                                }
                            },
                            {
                                "type": "text",
                                "text": "MarketingProfs\n"
                            },
                            {
                                "type": "text",
                                "text": "-",
                                "style": {
                                    "italic": true
                                }
                            },
                            {
                                "type": "link",
                                "url": "https:\/\/contentmarketinginstitute.com\/wp-content\/uploads\/2019\/10\/2020_B2B_Research_Final.pdf",
                                "text": "B2B Content Marketing 2020: Benchmarks, Budgets, and Trends -- North America",
                                "style": {
                                    "italic": true
                                }
                            },
                            {
                                "type": "text",
                                "text": ". ",
                                "style": {
                                    "italic": true
                                }
                            },
                            {
                                "type": "text",
                                "text": "\n"
                            },
                            {
                                "type": "text",
                                "text": "\"",
                                "style": {
                                    "italic": true
                                }
                            },
                            {
                                "type": "link",
                                "url": "https:\/\/contentmarketinginstitute.com\/2018\/10\/research-b2b-audience\/",
                                "text": "2019 B2B Content Marketing Research: It Pays to Put Audience First"
                            },
                            {
                                "type": "text",
                                "text": "."
                            },
                            {
                                "type": "text",
                                "text": "\" ",
                                "style": {
                                    "italic": true
                                }
                            },
                            {
                                "type": "text",
                                "text": "Content Marketing Institute."
                            }
                        ]
                    }
                ]
            }
        ],
        "thread_ts": "1586373608.002800",
        "parent_user_id": "UUXMC3ZFH"
    },
    {
        "client_msg_id": "aac484f7-d683-4c0e-8900-2a93ea26683a",
        "type": "message",
        "text": "Thanks <@UUXMC3ZFH>, I'll check those out!",
        "user": "UUVS4LBPF",
        "ts": "1586452776.005000",
        "team": "TJE58GTJL",
        "user_team": "TJE58GTJL",
        "source_team": "TJE58GTJL",
        "user_profile": {
            "avatar_hash": "9df64f1c14b5",
            "image_72": "https:\/\/avatars.slack-edge.com\/2020-03-10\/992848122279_9df64f1c14b5557fbbad_72.jpg",
            "first_name": "Brad",
            "real_name": "Brad Ewin",
            "display_name": "Brad",
            "team": "TJE58GTJL",
            "name": "bewin",
            "is_restricted": false,
            "is_ultra_restricted": false
        },
        "blocks": [
            {
                "type": "rich_text",
                "block_id": "fQ6",
                "elements": [
                    {
                        "type": "rich_text_section",
                        "elements": [
                            {
                                "type": "text",
                                "text": "Thanks "
                            },
                            {
                                "type": "user",
                                "user_id": "UUXMC3ZFH"
                            },
                            {
                                "type": "text",
                                "text": ", I'll check those out!"
                            }
                        ]
                    }
                ]
            }
        ],
        "thread_ts": "1586373608.002800",
        "parent_user_id": "UUXMC3ZFH"
    }
]