[
    {
        "client_msg_id": "034b2747-af65-48b6-8590-1e92e2eb5715",
        "type": "message",
        "text": "Great resource for B2B demand generation: Chris Walker and his podcast The State of Demand Generation. It's available on Apple, Google, Spotify, and other podcast distribution platforms.\n\nChris is one of the smartest B2B marketers I've come across, and he often takes contrarian views. I'm happy that he publishes a lot of content.\n\nChris often posts to LinkedIn, where I suggest you follow him. He also has a weekly dial-in talk show with Gaetano Di Nardi, director of demand gen at Nextiva.  It airs at 7:30 p.m. EDT, and you can ask questions.\n\nI have no relationship to Chris. I just admire his work and get a lot of value from it. I think you will too.",
        "user": "UUXMC3ZFH",
        "ts": "1590599986.035000",
        "team": "TJE58GTJL",
        "user_team": "TJE58GTJL",
        "source_team": "TJE58GTJL",
        "user_profile": {
            "avatar_hash": "g32741d44912",
            "image_72": "https:\/\/secure.gravatar.com\/avatar\/32741d44912ef78f542f28f30f1abf21.jpg?s=72&d=https%3A%2F%2Fa.slack-edge.com%2Fdf10d%2Fimg%2Favatars%2Fava_0014-72.png",
            "first_name": "Dave",
            "real_name": "Dave Vranicar",
            "display_name": "Dave Vranicar",
            "team": "TJE58GTJL",
            "name": "dave.vranicar950",
            "is_restricted": false,
            "is_ultra_restricted": false
        },
        "edited": {
            "user": "UUXMC3ZFH",
            "ts": "1590600084.000000"
        },
        "blocks": [
            {
                "type": "rich_text",
                "block_id": "Oeq7I",
                "elements": [
                    {
                        "type": "rich_text_section",
                        "elements": [
                            {
                                "type": "text",
                                "text": "Great resource for B2B demand generation: Chris Walker and his podcast The State of Demand Generation. It's available on Apple, Google, Spotify, and other podcast distribution platforms.\n\nChris is one of the smartest B2B marketers I've come across, and he often takes contrarian views. I'm happy that he publishes a lot of content.\n\nChris often posts to LinkedIn, where I suggest you follow him. He also has a weekly dial-in talk show with Gaetano Di Nardi, director of demand gen at Nextiva.  It airs at 7:30 p.m. EDT, and you can ask questions.\n\nI have no relationship to Chris. I just admire his work and get a lot of value from it. I think you will too."
                            }
                        ]
                    }
                ]
            }
        ],
        "thread_ts": "1590599986.035000",
        "reply_count": 9,
        "reply_users_count": 5,
        "latest_reply": "1595870930.056600",
        "reply_users": [
            "U012R27LRJ8",
            "UUXMC3ZFH",
            "U0149JG0P7U",
            "U015B888266",
            "U013E6Y46BZ"
        ],
        "replies": [
            {
                "user": "U012R27LRJ8",
                "ts": "1590600912.035500"
            },
            {
                "user": "UUXMC3ZFH",
                "ts": "1590602449.036100"
            },
            {
                "user": "U012R27LRJ8",
                "ts": "1590602817.036300"
            },
            {
                "user": "U0149JG0P7U",
                "ts": "1590659746.036700"
            },
            {
                "user": "U015B888266",
                "ts": "1592345468.040900"
            },
            {
                "user": "U012R27LRJ8",
                "ts": "1592347484.041100"
            },
            {
                "user": "UUXMC3ZFH",
                "ts": "1592848154.042400"
            },
            {
                "user": "U013E6Y46BZ",
                "ts": "1595400241.054900"
            },
            {
                "user": "U012R27LRJ8",
                "ts": "1595870930.056600"
            }
        ],
        "is_locked": false,
        "subscribed": false,
        "reactions": [
            {
                "name": "fire",
                "users": [
                    "UJE5LQ2JC",
                    "UUH28N3U2",
                    "UJ2QESJ66",
                    "U013W095KGR"
                ],
                "count": 4
            },
            {
                "name": "+1",
                "users": [
                    "U013L0U4YSU",
                    "U011TDNU0KY",
                    "UUVC0LK2Q",
                    "U013VC9V325"
                ],
                "count": 4
            },
            {
                "name": "heart_eyes",
                "users": [
                    "U0149JG0P7U"
                ],
                "count": 1
            }
        ]
    },
    {
        "client_msg_id": "f04b9602-a706-4086-8110-1656b795b05b",
        "type": "message",
        "text": "subscribed!",
        "user": "U012R27LRJ8",
        "ts": "1590600912.035500",
        "team": "TJE58GTJL",
        "user_team": "TJE58GTJL",
        "source_team": "TJE58GTJL",
        "user_profile": {
            "avatar_hash": "gc7e97cc49db",
            "image_72": "https:\/\/secure.gravatar.com\/avatar\/c7e97cc49db3bc3a0bae60f1201822c7.jpg?s=72&d=https%3A%2F%2Fa.slack-edge.com%2Fdf10d%2Fimg%2Favatars%2Fava_0002-72.png",
            "first_name": "Al",
            "real_name": "Al Chen",
            "display_name": "Al Chen",
            "team": "TJE58GTJL",
            "name": "al",
            "is_restricted": false,
            "is_ultra_restricted": false
        },
        "blocks": [
            {
                "type": "rich_text",
                "block_id": "ug7xE",
                "elements": [
                    {
                        "type": "rich_text_section",
                        "elements": [
                            {
                                "type": "text",
                                "text": "subscribed!"
                            }
                        ]
                    }
                ]
            }
        ],
        "thread_ts": "1590599986.035000",
        "parent_user_id": "UUXMC3ZFH"
    },
    {
        "client_msg_id": "a0972229-2c90-4f89-8c61-8e314a980fd6",
        "type": "message",
        "text": "Hey Megan! Just joined this Slack, love that you’re also seeing the trend of educational content marketing. I have seen countless B2B brands creating resources, the one that comes immediately to mind is Slack but I can’t recall what they tweeted exactly!",
        "user": "U014SFB7MLY",
        "ts": "1590601764.035900",
        "team": "TJE58GTJL",
        "user_team": "TJE58GTJL",
        "source_team": "TJE58GTJL",
        "user_profile": {
            "avatar_hash": "082869643e7e",
            "image_72": "https:\/\/avatars.slack-edge.com\/2021-12-30\/2907623653473_082869643e7e2d68c789_72.png",
            "first_name": "Jérémy",
            "real_name": "Jérémy Chevallier",
            "display_name": "Jérémy",
            "team": "TJE58GTJL",
            "name": "jeremy",
            "is_restricted": false,
            "is_ultra_restricted": false
        },
        "blocks": [
            {
                "type": "rich_text",
                "block_id": "X3ivC",
                "elements": [
                    {
                        "type": "rich_text_section",
                        "elements": [
                            {
                                "type": "text",
                                "text": "Hey Megan! Just joined this Slack, love that you’re also seeing the trend of educational content marketing. I have seen countless B2B brands creating resources, the one that comes immediately to mind is Slack but I can’t recall what they tweeted exactly!"
                            }
                        ]
                    }
                ]
            }
        ],
        "thread_ts": "1584111543.023300",
        "parent_user_id": "UV5GVN7M2",
        "reactions": [
            {
                "name": "+1",
                "users": [
                    "UV5GVN7M2"
                ],
                "count": 1
            }
        ]
    },
    {
        "client_msg_id": "57ef4378-cc51-49cd-b39e-9884c7d13728",
        "type": "message",
        "text": "Good for you, Al! If you do demand gen marketing, you will find more useful information in this podcast than in any other single source. Be prepared to have your views challenged. Chris is a contrarian. But bases all his decisions on data. (Or so he says. I have no way of checking.)",
        "user": "UUXMC3ZFH",
        "ts": "1590602449.036100",
        "team": "TJE58GTJL",
        "user_team": "TJE58GTJL",
        "source_team": "TJE58GTJL",
        "user_profile": {
            "avatar_hash": "g32741d44912",
            "image_72": "https:\/\/secure.gravatar.com\/avatar\/32741d44912ef78f542f28f30f1abf21.jpg?s=72&d=https%3A%2F%2Fa.slack-edge.com%2Fdf10d%2Fimg%2Favatars%2Fava_0014-72.png",
            "first_name": "Dave",
            "real_name": "Dave Vranicar",
            "display_name": "Dave Vranicar",
            "team": "TJE58GTJL",
            "name": "dave.vranicar950",
            "is_restricted": false,
            "is_ultra_restricted": false
        },
        "blocks": [
            {
                "type": "rich_text",
                "block_id": "+TQ+h",
                "elements": [
                    {
                        "type": "rich_text_section",
                        "elements": [
                            {
                                "type": "text",
                                "text": "Good for you, Al! If you do demand gen marketing, you will find more useful information in this podcast than in any other single source. Be prepared to have your views challenged. Chris is a contrarian. But bases all his decisions on data. (Or so he says. I have no way of checking.)"
                            }
                        ]
                    }
                ]
            }
        ],
        "thread_ts": "1590599986.035000",
        "parent_user_id": "UUXMC3ZFH"
    },
    {
        "client_msg_id": "d8ad68aa-a01e-49a3-a479-a86a08e4c53a",
        "type": "message",
        "text": "I love contrarian views :slightly_smiling_face:",
        "user": "U012R27LRJ8",
        "ts": "1590602817.036300",
        "team": "TJE58GTJL",
        "user_team": "TJE58GTJL",
        "source_team": "TJE58GTJL",
        "user_profile": {
            "avatar_hash": "gc7e97cc49db",
            "image_72": "https:\/\/secure.gravatar.com\/avatar\/c7e97cc49db3bc3a0bae60f1201822c7.jpg?s=72&d=https%3A%2F%2Fa.slack-edge.com%2Fdf10d%2Fimg%2Favatars%2Fava_0002-72.png",
            "first_name": "Al",
            "real_name": "Al Chen",
            "display_name": "Al Chen",
            "team": "TJE58GTJL",
            "name": "al",
            "is_restricted": false,
            "is_ultra_restricted": false
        },
        "blocks": [
            {
                "type": "rich_text",
                "block_id": "S4m",
                "elements": [
                    {
                        "type": "rich_text_section",
                        "elements": [
                            {
                                "type": "text",
                                "text": "I love contrarian views "
                            },
                            {
                                "type": "emoji",
                                "name": "slightly_smiling_face"
                            }
                        ]
                    }
                ]
            }
        ],
        "thread_ts": "1590599986.035000",
        "parent_user_id": "UUXMC3ZFH",
        "reactions": [
            {
                "name": "100",
                "users": [
                    "U013L0U4YSU",
                    "U016VHZ0ZD5"
                ],
                "count": 2
            }
        ]
    }
]