[
    {
        "client_msg_id": "806c8457-3eaf-4ceb-a00f-9dcb84485390",
        "type": "message",
        "text": "added you all!",
        "user": "U016HJRC77E",
        "ts": "1597516063.006700",
        "team": "TJE58GTJL",
        "user_team": "TJE58GTJL",
        "source_team": "TJE58GTJL",
        "user_profile": {
            "avatar_hash": "35b8905b725a",
            "image_72": "https:\/\/avatars.slack-edge.com\/2020-08-15\/1303265107922_35b8905b725a88386069_72.jpg",
            "first_name": "Margaret",
            "real_name": "Margaret Banasik",
            "display_name": "Margaret",
            "team": "TJE58GTJL",
            "name": "mbanasik",
            "is_restricted": false,
            "is_ultra_restricted": false
        },
        "blocks": [
            {
                "type": "rich_text",
                "block_id": "uQ9",
                "elements": [
                    {
                        "type": "rich_text_section",
                        "elements": [
                            {
                                "type": "text",
                                "text": "added you all!"
                            }
                        ]
                    }
                ]
            }
        ],
        "thread_ts": "1596161174.059500",
        "parent_user_id": "U016HJRC77E",
        "reactions": [
            {
                "name": "ok_hand",
                "users": [
                    "UJ2QESJ66"
                ],
                "count": 1
            }
        ]
    }
]