[
    {
        "client_msg_id": "6a96cc91-505d-4645-b6ac-fa0745382561",
        "type": "message",
        "text": "Hi <@U01B8FNUWRK> - hit me on <mailto:wyn@wyntermitchell.com|wyn@wyntermitchell.com> and thank you!",
        "user": "U023JN5S1K7",
        "ts": "1623431282.103400",
        "team": "TJE58GTJL",
        "user_team": "TJE58GTJL",
        "source_team": "TJE58GTJL",
        "user_profile": {
            "avatar_hash": "b63d0f9f1e14",
            "image_72": "https:\/\/avatars.slack-edge.com\/2021-06-01\/2121349215029_b63d0f9f1e149a8e3592_72.png",
            "first_name": "Wynter",
            "real_name": "Wynter Mitchell-Rohrbaugh",
            "display_name": "Wynter Mitchell-Rohrbaugh",
            "team": "TJE58GTJL",
            "name": "wyn",
            "is_restricted": false,
            "is_ultra_restricted": false
        },
        "blocks": [
            {
                "type": "rich_text",
                "block_id": "Sdljr",
                "elements": [
                    {
                        "type": "rich_text_section",
                        "elements": [
                            {
                                "type": "text",
                                "text": "Hi "
                            },
                            {
                                "type": "user",
                                "user_id": "U01B8FNUWRK"
                            },
                            {
                                "type": "text",
                                "text": " - hit me on "
                            },
                            {
                                "type": "link",
                                "url": "mailto:wyn@wyntermitchell.com",
                                "text": "wyn@wyntermitchell.com"
                            },
                            {
                                "type": "text",
                                "text": " and thank you!"
                            }
                        ]
                    }
                ]
            }
        ],
        "thread_ts": "1622592604.078300",
        "parent_user_id": "U023JN5S1K7"
    },
    {
        "client_msg_id": "164e0a38-88e6-45aa-8fe4-e4f82bef1fc8",
        "type": "message",
        "text": "Done. Check out an email with the subject line: \"Video Editor - Intro\"",
        "user": "U01B8FNUWRK",
        "ts": "1623434822.103600",
        "team": "TJE58GTJL",
        "user_team": "TJE58GTJL",
        "source_team": "TJE58GTJL",
        "user_profile": {
            "avatar_hash": "a3ab825f6110",
            "image_72": "https:\/\/avatars.slack-edge.com\/2020-09-24\/1386090918259_a3ab825f611075cc2d61_72.jpg",
            "first_name": "Shadrack",
            "real_name": "Shadrack",
            "display_name": "Shadrack",
            "team": "TJE58GTJL",
            "name": "shadrack552",
            "is_restricted": false,
            "is_ultra_restricted": false
        },
        "blocks": [
            {
                "type": "rich_text",
                "block_id": "9p\/y",
                "elements": [
                    {
                        "type": "rich_text_section",
                        "elements": [
                            {
                                "type": "text",
                                "text": "Done. Check out an email with the subject line: \"Video Editor - Intro\""
                            }
                        ]
                    }
                ]
            }
        ],
        "thread_ts": "1622592604.078300",
        "parent_user_id": "U023JN5S1K7"
    },
    {
        "client_msg_id": "9e4f4358-045d-4df6-9715-cd0e4e1961ab",
        "type": "message",
        "text": "Question for freelancers\/agencies who work with freelancers: *What do you think is a reasonable rate to start a freelance writer for long-form content writing?*\n\nTo clarify, I'm talking about:\n• Not outlining the article yourself\n• Not doing extensive research for the article yourself (other than potentially supporting a few statements with medical studies, which are usually available in resources included by the editor ahead of time)\n• Not being responsible for your own editing\n• Not communicating directly with the client\n• Writing about a subject you're somewhat familiar with\n• Someone with some (not necessarily extensive) content writing experience\nMy freelancers are all US-based and the average time involved in writing these articles is 4-7 hours per piece, for context. I've had a couple of pricing pitches from potential new writers that were just wildly outside the range that we even charge as an agency, but I want to know if I'm just approaching this the wrong way.\n\nThanks in advance for your input!",
        "user": "U024K88ECFN",
        "ts": "1623448618.107200",
        "team": "TJE58GTJL",
        "user_team": "TJE58GTJL",
        "source_team": "TJE58GTJL",
        "user_profile": {
            "avatar_hash": "00c4a04080e3",
            "image_72": "https:\/\/avatars.slack-edge.com\/2022-03-23\/3286590119379_00c4a04080e367a58cfc_72.png",
            "first_name": "Rebekah",
            "real_name": "Rebekah Edwards",
            "display_name": "Rebekah Edwards",
            "team": "TJE58GTJL",
            "name": "rebekah473",
            "is_restricted": false,
            "is_ultra_restricted": false
        },
        "edited": {
            "user": "U024K88ECFN",
            "ts": "1623448765.000000"
        },
        "blocks": [
            {
                "type": "rich_text",
                "block_id": "TB=s",
                "elements": [
                    {
                        "type": "rich_text_section",
                        "elements": [
                            {
                                "type": "text",
                                "text": "Question for freelancers\/agencies who work with freelancers: "
                            },
                            {
                                "type": "text",
                                "text": "What do you think is a reasonable rate to start a freelance writer for long-form content writing?",
                                "style": {
                                    "bold": true
                                }
                            },
                            {
                                "type": "text",
                                "text": "\n\nTo clarify, I'm talking about:\n"
                            }
                        ]
                    },
                    {
                        "type": "rich_text_list",
                        "elements": [
                            {
                                "type": "rich_text_section",
                                "elements": [
                                    {
                                        "type": "text",
                                        "text": "Not outlining the article yourself"
                                    }
                                ]
                            },
                            {
                                "type": "rich_text_section",
                                "elements": [
                                    {
                                        "type": "text",
                                        "text": "Not doing extensive research for the article yourself (other than potentially supporting a few statements with medical studies, which are usually available in resources included by the editor ahead of time)"
                                    }
                                ]
                            },
                            {
                                "type": "rich_text_section",
                                "elements": [
                                    {
                                        "type": "text",
                                        "text": "Not being responsible for your own editing"
                                    }
                                ]
                            },
                            {
                                "type": "rich_text_section",
                                "elements": [
                                    {
                                        "type": "text",
                                        "text": "Not communicating directly with the client"
                                    }
                                ]
                            },
                            {
                                "type": "rich_text_section",
                                "elements": [
                                    {
                                        "type": "text",
                                        "text": "Writing about a subject you're somewhat familiar with"
                                    }
                                ]
                            },
                            {
                                "type": "rich_text_section",
                                "elements": [
                                    {
                                        "type": "text",
                                        "text": "Someone with some (not necessarily extensive) content writing experience"
                                    }
                                ]
                            }
                        ],
                        "style": "bullet",
                        "indent": 0
                    },
                    {
                        "type": "rich_text_section",
                        "elements": [
                            {
                                "type": "text",
                                "text": "\nMy freelancers are all US-based and the average time involved in writing these articles is 4-7 hours per piece, for context. I've had a couple of pricing pitches from potential new writers that were just wildly outside the range that we even charge as an agency, but I want to know if I'm just approaching this the wrong way.\n\nThanks in advance for your input!"
                            }
                        ]
                    }
                ]
            }
        ],
        "thread_ts": "1623448618.107200",
        "reply_count": 26,
        "reply_users_count": 9,
        "latest_reply": "1624457083.179700",
        "reply_users": [
            "U012GHRAHDK",
            "U01AHL8AGBB",
            "U01FUP6AMEZ",
            "U01K0BWEQD6",
            "U0241GTJEDC",
            "U024K88ECFN",
            "U02469XJPGW",
            "USLACKBOT",
            "UJG9WTEKG"
        ],
        "replies": [
            {
                "user": "U012GHRAHDK",
                "ts": "1623451690.107400"
            },
            {
                "user": "U01AHL8AGBB",
                "ts": "1623504927.107600"
            },
            {
                "user": "U01FUP6AMEZ",
                "ts": "1623607371.107900"
            },
            {
                "user": "U01K0BWEQD6",
                "ts": "1623632151.110300"
            },
            {
                "user": "U0241GTJEDC",
                "ts": "1623675974.110700"
            },
            {
                "user": "U024K88ECFN",
                "ts": "1623762465.127200"
            },
            {
                "user": "U01AHL8AGBB",
                "ts": "1623764941.127500"
            },
            {
                "user": "U02469XJPGW",
                "ts": "1623769857.128400"
            },
            {
                "user": "U024K88ECFN",
                "ts": "1624034172.145600"
            },
            {
                "user": "U024K88ECFN",
                "ts": "1624034221.145800"
            },
            {
                "user": "U02469XJPGW",
                "ts": "1624281110.149600"
            },
            {
                "user": "U024K88ECFN",
                "ts": "1624287803.155600"
            },
            {
                "user": "U02469XJPGW",
                "ts": "1624290494.155800"
            },
            {
                "user": "U01AHL8AGBB",
                "ts": "1624290625.156000"
            },
            {
                "user": "U01AHL8AGBB",
                "ts": "1624290718.156200"
            },
            {
                "user": "U01AHL8AGBB",
                "ts": "1624290742.156400"
            },
            {
                "user": "U012GHRAHDK",
                "ts": "1624291474.156600"
            },
            {
                "user": "U024K88ECFN",
                "ts": "1624291917.156800"
            },
            {
                "user": "USLACKBOT",
                "ts": "1624291918.157000"
            },
            {
                "user": "U01AHL8AGBB",
                "ts": "1624292687.157300"
            },
            {
                "user": "U01AHL8AGBB",
                "ts": "1624292785.157500"
            },
            {
                "user": "UJG9WTEKG",
                "ts": "1624295191.159900"
            },
            {
                "user": "U01K0BWEQD6",
                "ts": "1624456984.177400"
            },
            {
                "user": "U01K0BWEQD6",
                "ts": "1624457001.177600"
            },
            {
                "user": "U01K0BWEQD6",
                "ts": "1624457023.177900"
            },
            {
                "user": "U01K0BWEQD6",
                "ts": "1624457083.179700"
            }
        ],
        "is_locked": false,
        "subscribed": true,
        "last_read": "1624457083.179700"
    },
    {
        "client_msg_id": "49f98475-1e8d-4b33-a64f-4a512447a611",
        "type": "message",
        "text": "It depends a bit on the industry. For SaaS, the standard rates, just for writing the piece, would start at $0.15\/word if you're working with a decent writer.",
        "user": "U012GHRAHDK",
        "ts": "1623451690.107400",
        "team": "TJE58GTJL",
        "user_team": "TJE58GTJL",
        "source_team": "TJE58GTJL",
        "user_profile": {
            "avatar_hash": "8ba0c4534568",
            "image_72": "https:\/\/avatars.slack-edge.com\/2022-04-12\/3401585222352_8ba0c45345680ce088ab_72.jpg",
            "first_name": "Deb",
            "real_name": "Deb Mukherjee",
            "display_name": "Deb Mukherjee",
            "team": "TJE58GTJL",
            "name": "debdut94",
            "is_restricted": false,
            "is_ultra_restricted": false
        },
        "blocks": [
            {
                "type": "rich_text",
                "block_id": "tJRKw",
                "elements": [
                    {
                        "type": "rich_text_section",
                        "elements": [
                            {
                                "type": "text",
                                "text": "It depends a bit on the industry. For SaaS, the standard rates, just for writing the piece, would start at $0.15\/word if you're working with a decent writer."
                            }
                        ]
                    }
                ]
            }
        ],
        "thread_ts": "1623448618.107200",
        "parent_user_id": "U024K88ECFN",
        "reactions": [
            {
                "name": "hearts",
                "users": [
                    "U024K88ECFN"
                ],
                "count": 1
            }
        ]
    }
]