[
    {
        "client_msg_id": "1b6abe9d-d0c1-4364-8f6c-823c3c9a3324",
        "type": "message",
        "text": "Does anyone have experience using <http:\/\/Conversion.Ai|Conversion.Ai>’s “Jarvis” content writer tool with Surfer SEO to automatically create unique blog content or other copy? I’m considering it and could use some advice from people who have used it",
        "user": "U02GP7VF8NA",
        "ts": "1635612719.057000",
        "team": "TJE58GTJL",
        "user_team": "TJE58GTJL",
        "source_team": "TJE58GTJL",
        "user_profile": {
            "avatar_hash": "2b1258d7651a",
            "image_72": "https:\/\/avatars.slack-edge.com\/2021-10-06\/2559361106583_2b1258d7651acd8c564d_72.jpg",
            "first_name": "Brian",
            "real_name": "Brian Levine",
            "display_name": "Brian Levine",
            "team": "TJE58GTJL",
            "name": "brian465",
            "is_restricted": false,
            "is_ultra_restricted": false
        },
        "blocks": [
            {
                "type": "rich_text",
                "block_id": "zs9",
                "elements": [
                    {
                        "type": "rich_text_section",
                        "elements": [
                            {
                                "type": "text",
                                "text": "Does anyone have experience using Conversion.Ai’s “Jarvis” content writer tool with Surfer SEO to automatically create unique blog content or other copy? I’m considering it and could use some advice from people who have used it"
                            }
                        ]
                    }
                ]
            }
        ],
        "thread_ts": "1635612719.057000",
        "reply_count": 1,
        "reply_users_count": 1,
        "latest_reply": "1635634687.057100",
        "reply_users": [
            "U01T30ZCN82"
        ],
        "replies": [
            {
                "user": "U01T30ZCN82",
                "ts": "1635634687.057100"
            }
        ],
        "is_locked": false,
        "subscribed": false
    },
    {
        "client_msg_id": "72c896ac-244f-43ee-8af1-429d0fb17e64",
        "type": "message",
        "text": "I have. That said, I'm not a fan. It tends to work best with very B2C content (listicles, travel, and very basic \"how to\"). The more niche or quality content you need, the more you'll use it for briefs and you're faster doing your own research and writing.",
        "user": "U01T30ZCN82",
        "ts": "1635634687.057100",
        "team": "TJE58GTJL",
        "user_team": "TJE58GTJL",
        "source_team": "TJE58GTJL",
        "user_profile": {
            "avatar_hash": "21b5c9e10088",
            "image_72": "https:\/\/avatars.slack-edge.com\/2021-10-30\/2665466859317_21b5c9e1008896e945c1_72.png",
            "first_name": "Jessica",
            "real_name": "Jessica Share",
            "display_name": "Jessica Share",
            "team": "TJE58GTJL",
            "name": "jessicamikell",
            "is_restricted": false,
            "is_ultra_restricted": false
        },
        "blocks": [
            {
                "type": "rich_text",
                "block_id": "kQOm",
                "elements": [
                    {
                        "type": "rich_text_section",
                        "elements": [
                            {
                                "type": "text",
                                "text": "I have. That said, I'm not a fan. It tends to work best with very B2C content (listicles, travel, and very basic \"how to\"). The more niche or quality content you need, the more you'll use it for briefs and you're faster doing your own research and writing."
                            }
                        ]
                    }
                ]
            }
        ],
        "thread_ts": "1635612719.057000",
        "parent_user_id": "U02GP7VF8NA"
    }
]