[
    {
        "client_msg_id": "f28529ba-3783-491a-82e2-be31ab9368a2",
        "type": "message",
        "text": "Hey everyone!\nIs anyone here working with other freelancers in a team to provide packaged services to clients? I'm writing an article on how freelancers can earn more by working in teams for a freelance platform, and am looking for quotes. Please DM!",
        "user": "U02DYMPDNS0",
        "ts": "1631267639.149000",
        "team": "TJE58GTJL",
        "user_team": "TJE58GTJL",
        "source_team": "TJE58GTJL",
        "user_profile": {
            "avatar_hash": "a9966a823181",
            "image_72": "https:\/\/avatars.slack-edge.com\/2021-09-08\/2493084355616_a9966a8231812bc7dc38_72.jpg",
            "first_name": "Komal",
            "real_name": "Komal Ahuja",
            "display_name": "Komal Ahuja",
            "team": "TJE58GTJL",
            "name": "komal.ahuja7372",
            "is_restricted": false,
            "is_ultra_restricted": false
        },
        "blocks": [
            {
                "type": "rich_text",
                "block_id": "ffL",
                "elements": [
                    {
                        "type": "rich_text_section",
                        "elements": [
                            {
                                "type": "text",
                                "text": "Hey everyone!\nIs anyone here working with other freelancers in a team to provide packaged services to clients? I'm writing an article on how freelancers can earn more by working in teams for a freelance platform, and am looking for quotes. Please DM!"
                            }
                        ]
                    }
                ]
            }
        ]
    },
    {
        "client_msg_id": "108944bd-c20f-48dd-acde-0725e9cdf4ec",
        "type": "message",
        "text": "<@U02BTBBH887> that was what my gut was telling me. Thanks for confirming!",
        "user": "U0136JJHUSK",
        "ts": "1631283033.149100",
        "team": "TJE58GTJL",
        "user_team": "TJE58GTJL",
        "source_team": "TJE58GTJL",
        "user_profile": {
            "avatar_hash": "2b8405cddee1",
            "image_72": "https:\/\/avatars.slack-edge.com\/2020-06-17\/1189155582242_2b8405cddee139d3e565_72.png",
            "first_name": "Cassandra",
            "real_name": "Cassandra Naji",
            "display_name": "Cassandra Naji",
            "team": "TJE58GTJL",
            "name": "cassandra",
            "is_restricted": false,
            "is_ultra_restricted": false
        },
        "blocks": [
            {
                "type": "rich_text",
                "block_id": "deTs",
                "elements": [
                    {
                        "type": "rich_text_section",
                        "elements": [
                            {
                                "type": "user",
                                "user_id": "U02BTBBH887"
                            },
                            {
                                "type": "text",
                                "text": " that was what my gut was telling me. Thanks for confirming!"
                            }
                        ]
                    }
                ]
            }
        ],
        "thread_ts": "1630993015.111800",
        "parent_user_id": "U0136JJHUSK"
    },
    {
        "client_msg_id": "81f5be2e-0e52-4259-8121-81fe94e5324d",
        "type": "message",
        "text": "DMed you <@U011QQDDSJV>.",
        "user": "U025H70LG86",
        "ts": "1631288852.149400",
        "team": "TJE58GTJL",
        "user_team": "TJE58GTJL",
        "source_team": "TJE58GTJL",
        "user_profile": {
            "avatar_hash": "gab7e3d572a3",
            "image_72": "https:\/\/secure.gravatar.com\/avatar\/ab7e3d572a31f84ddbcde1de89912ecd.jpg?s=72&d=https%3A%2F%2Fa.slack-edge.com%2Fdf10d%2Fimg%2Favatars%2Fava_0002-72.png",
            "first_name": "Precious",
            "real_name": "Precious Oboidhe",
            "display_name": "Precious Oboidhe",
            "team": "TJE58GTJL",
            "name": "poboidhe",
            "is_restricted": false,
            "is_ultra_restricted": false
        },
        "blocks": [
            {
                "type": "rich_text",
                "block_id": "abtzf",
                "elements": [
                    {
                        "type": "rich_text_section",
                        "elements": [
                            {
                                "type": "text",
                                "text": "DMed you "
                            },
                            {
                                "type": "user",
                                "user_id": "U011QQDDSJV"
                            },
                            {
                                "type": "text",
                                "text": "."
                            }
                        ]
                    }
                ]
            }
        ],
        "thread_ts": "1631125649.143600",
        "parent_user_id": "U011QQDDSJV"
    },
    {
        "type": "message",
        "subtype": "channel_topic",
        "ts": "1631312898.152000",
        "user": "UJG9WTEKG",
        "text": "set the channel topic: Sponsored by Sarah Greesonbach :grinning:",
        "topic": "Sponsored by Sarah Greesonbach :grinning:",
        "reactions": [
            {
                "name": "partyparrot",
                "users": [
                    "U01K0BWEQD6",
                    "UR41NSSLW"
                ],
                "count": 2
            }
        ]
    },
    {
        "client_msg_id": "417cca6b-eb47-49ce-bbf5-358205b210ca",
        "type": "message",
        "text": "<@U02AR2XSN1M> I'm currently reading and implementing the steps in _Work Less, Make More_ By James Schramko. His free <https:\/\/www.superfastresults.com\/30|30-day challenge> is worth a look too.",
        "user": "U01RSA9E9D4",
        "ts": "1631330107.152500",
        "team": "TJE58GTJL",
        "user_team": "TJE58GTJL",
        "source_team": "TJE58GTJL",
        "user_profile": {
            "avatar_hash": "gfbc217f6e1b",
            "image_72": "https:\/\/secure.gravatar.com\/avatar\/fbc217f6e1b233bf10c4247333c118e2.jpg?s=72&d=https%3A%2F%2Fa.slack-edge.com%2Fdf10d%2Fimg%2Favatars%2Fava_0013-72.png",
            "first_name": "Anfernee",
            "real_name": "Anfernee Chansamooth",
            "display_name": "Anf Chansamooth",
            "team": "TJE58GTJL",
            "name": "anf",
            "is_restricted": false,
            "is_ultra_restricted": false
        },
        "attachments": [
            {
                "title": "Work Less Make More 30-Day Challenge",
                "title_link": "https:\/\/www.superfastresults.com\/30",
                "text": "Start your life transformation. Get daily, bite-size tips that will set you on your path to working less and making more.",
                "fallback": "Work Less Make More 30-Day Challenge",
                "from_url": "https:\/\/www.superfastresults.com\/30",
                "thumb_url": "https:\/\/10xproupload.s3.eu-west-1.amazonaws.com\/en166\/custom\/favicon\/ct_fav_img_file.png",
                "thumb_width": 64,
                "thumb_height": 64,
                "service_icon": "https:\/\/10xproupload.s3.eu-west-1.amazonaws.com\/en166\/custom\/favicon\/ct_fav_img_file.png",
                "service_name": "superfastresults.com",
                "id": 1,
                "original_url": "https:\/\/www.superfastresults.com\/30"
            }
        ],
        "blocks": [
            {
                "type": "rich_text",
                "block_id": "rZT",
                "elements": [
                    {
                        "type": "rich_text_section",
                        "elements": [
                            {
                                "type": "user",
                                "user_id": "U02AR2XSN1M"
                            },
                            {
                                "type": "text",
                                "text": " I'm currently reading and implementing the steps in "
                            },
                            {
                                "type": "text",
                                "text": "Work Less, Make More",
                                "style": {
                                    "italic": true
                                }
                            },
                            {
                                "type": "text",
                                "text": " By James Schramko. His free "
                            },
                            {
                                "type": "link",
                                "url": "https:\/\/www.superfastresults.com\/30",
                                "text": "30-day challenge"
                            },
                            {
                                "type": "text",
                                "text": " is worth a look too."
                            }
                        ]
                    }
                ]
            }
        ],
        "thread_ts": "1629855454.135100",
        "parent_user_id": "U02AR2XSN1M",
        "reactions": [
            {
                "name": "eyes",
                "users": [
                    "U024A8928AW"
                ],
                "count": 1
            }
        ]
    },
    {
        "client_msg_id": "9129c0c8-79fa-4c23-82ed-eb8bed83f1c9",
        "type": "message",
        "text": "<@U02AR2XSN1M> So you're publishing the same content to your client's website as well as to Authory? Are your client cool with that?\n\nI'm using <https:\/\/anferneec.contently.com\/|Contently> and it allows me to add links to each piece on whatever site the content is published on.\n\n(Good to see another sydneysider here too! :flag-au:)",
        "user": "U01RSA9E9D4",
        "ts": "1631330406.152800",
        "team": "TJE58GTJL",
        "user_team": "TJE58GTJL",
        "source_team": "TJE58GTJL",
        "user_profile": {
            "avatar_hash": "gfbc217f6e1b",
            "image_72": "https:\/\/secure.gravatar.com\/avatar\/fbc217f6e1b233bf10c4247333c118e2.jpg?s=72&d=https%3A%2F%2Fa.slack-edge.com%2Fdf10d%2Fimg%2Favatars%2Fava_0013-72.png",
            "first_name": "Anfernee",
            "real_name": "Anfernee Chansamooth",
            "display_name": "Anf Chansamooth",
            "team": "TJE58GTJL",
            "name": "anf",
            "is_restricted": false,
            "is_ultra_restricted": false
        },
        "edited": {
            "user": "U01RSA9E9D4",
            "ts": "1631330457.000000"
        },
        "attachments": [
            {
                "service_name": "Contently",
                "title": "Stories by anfernee chansamooth : Contently",
                "title_link": "https:\/\/anferneec.contently.com\/",
                "text": "Content Strategist, Writer, Speaker",
                "fallback": "Contently: Stories by anfernee chansamooth : Contently",
                "thumb_url": "https:\/\/s3.amazonaws.com\/external_clips\/users\/68657\/large\/anf_300x300.jpg?1438178371",
                "from_url": "https:\/\/anferneec.contently.com\/",
                "thumb_width": 300,
                "thumb_height": 300,
                "service_icon": "https:\/\/anferneec.contently.com\/favicon.ico",
                "id": 1,
                "original_url": "https:\/\/anferneec.contently.com\/"
            }
        ],
        "blocks": [
            {
                "type": "rich_text",
                "block_id": "t8xbA",
                "elements": [
                    {
                        "type": "rich_text_section",
                        "elements": [
                            {
                                "type": "user",
                                "user_id": "U02AR2XSN1M"
                            },
                            {
                                "type": "text",
                                "text": " So you're publishing the same content to your client's website as well as to Authory? Are your client cool with that?\n\nI'm using "
                            },
                            {
                                "type": "link",
                                "url": "https:\/\/anferneec.contently.com\/",
                                "text": "Contently"
                            },
                            {
                                "type": "text",
                                "text": " and it allows me to add links to each piece on whatever site the content is published on.\n\n(Good to see another sydneysider here too! "
                            },
                            {
                                "type": "emoji",
                                "name": "flag-au"
                            },
                            {
                                "type": "text",
                                "text": ")"
                            }
                        ]
                    }
                ]
            }
        ],
        "thread_ts": "1630375600.055600",
        "parent_user_id": "U02AR2XSN1M"
    },
    {
        "client_msg_id": "41e8cc9b-31fb-493c-ab4a-7b19b7453851",
        "type": "message",
        "text": "amazing. thanks <@UJG9WTEKG> :thumbsup:",
        "user": "U01RSA9E9D4",
        "ts": "1631331472.153500",
        "team": "TJE58GTJL",
        "user_team": "TJE58GTJL",
        "source_team": "TJE58GTJL",
        "user_profile": {
            "avatar_hash": "gfbc217f6e1b",
            "image_72": "https:\/\/secure.gravatar.com\/avatar\/fbc217f6e1b233bf10c4247333c118e2.jpg?s=72&d=https%3A%2F%2Fa.slack-edge.com%2Fdf10d%2Fimg%2Favatars%2Fava_0013-72.png",
            "first_name": "Anfernee",
            "real_name": "Anfernee Chansamooth",
            "display_name": "Anf Chansamooth",
            "team": "TJE58GTJL",
            "name": "anf",
            "is_restricted": false,
            "is_ultra_restricted": false
        },
        "blocks": [
            {
                "type": "rich_text",
                "block_id": "GVD2W",
                "elements": [
                    {
                        "type": "rich_text_section",
                        "elements": [
                            {
                                "type": "text",
                                "text": "amazing. thanks "
                            },
                            {
                                "type": "user",
                                "user_id": "UJG9WTEKG"
                            },
                            {
                                "type": "text",
                                "text": " "
                            },
                            {
                                "type": "emoji",
                                "name": "thumbsup"
                            }
                        ]
                    }
                ]
            }
        ],
        "thread_ts": "1630594806.074500",
        "parent_user_id": "UJG9WTEKG"
    }
]