[
    {
        "client_msg_id": "B8FF4F85-F66E-4DFD-A68F-25C864D6BA0B",
        "type": "message",
        "text": "Unfortunately I’m not part of that decision making or budgeting process so I don’t know why, to be honest. :sweat: I’ve asked but haven’t received additional information. ",
        "user": "U02A8UR3Z60",
        "ts": "1632136472.221600",
        "team": "TJE58GTJL",
        "user_team": "TJE58GTJL",
        "source_team": "TJE58GTJL",
        "user_profile": {
            "avatar_hash": "dd781b486769",
            "image_72": "https:\/\/avatars.slack-edge.com\/2021-08-03\/2336037289142_dd781b486769fb2915dd_72.jpg",
            "first_name": "Callahan",
            "real_name": "Callahan Peel",
            "display_name": "Callahan Peel",
            "team": "TJE58GTJL",
            "name": "callahanpeel",
            "is_restricted": false,
            "is_ultra_restricted": false
        },
        "blocks": [
            {
                "type": "rich_text",
                "block_id": "8KI",
                "elements": [
                    {
                        "type": "rich_text_section",
                        "elements": [
                            {
                                "type": "text",
                                "text": "Unfortunately I’m not part of that decision making or budgeting process so I don’t know why, to be honest. "
                            },
                            {
                                "type": "emoji",
                                "name": "sweat"
                            },
                            {
                                "type": "text",
                                "text": " I’ve asked but haven’t received additional information. "
                            }
                        ]
                    }
                ]
            }
        ],
        "thread_ts": "1632082568.218000",
        "parent_user_id": "U02BUCR0FLH"
    },
    {
        "client_msg_id": "864457a1-f56d-46f9-9cb2-59394afe390c",
        "type": "message",
        "text": "It's likely a tax workaround to avoid paperwork of having these writers listed as legal contractors. Nothing against you personally, <@U02A8UR3Z60>, but whoever manages your team's budget should know this is a bad look! Not to mention how concerning it is from a DEI standpoint. Most freelancers can't afford to be paid in acupuncture.",
        "user": "U01FUP6AMEZ",
        "ts": "1632157478.222300",
        "team": "TJE58GTJL",
        "user_team": "TJE58GTJL",
        "source_team": "TJE58GTJL",
        "user_profile": {
            "avatar_hash": "128762c3ea3f",
            "image_72": "https:\/\/avatars.slack-edge.com\/2020-12-01\/1527137254583_128762c3ea3f3d65d19b_72.jpg",
            "first_name": "Joanna",
            "real_name": "Joanna Rutter",
            "display_name": "Joanna Rutter",
            "team": "TJE58GTJL",
            "name": "rutterjoanna",
            "is_restricted": false,
            "is_ultra_restricted": false
        },
        "blocks": [
            {
                "type": "rich_text",
                "block_id": "EQbT",
                "elements": [
                    {
                        "type": "rich_text_section",
                        "elements": [
                            {
                                "type": "text",
                                "text": "It's likely a tax workaround to avoid paperwork of having these writers listed as legal contractors. Nothing against you personally, "
                            },
                            {
                                "type": "user",
                                "user_id": "U02A8UR3Z60"
                            },
                            {
                                "type": "text",
                                "text": ", but whoever manages your team's budget should know this is a bad look! Not to mention how concerning it is from a DEI standpoint. Most freelancers can't afford to be paid in acupuncture."
                            }
                        ]
                    }
                ]
            }
        ],
        "thread_ts": "1632082568.218000",
        "parent_user_id": "U02BUCR0FLH",
        "reactions": [
            {
                "name": "100",
                "users": [
                    "U022WPACV4L",
                    "U01PXN2LGAK",
                    "U02BRGBQZ8F",
                    "U02AUQ0KMGC"
                ],
                "count": 4
            },
            {
                "name": "heavy_plus_sign",
                "users": [
                    "U016P78H9DH"
                ],
                "count": 1
            }
        ]
    },
    {
        "client_msg_id": "250b869d-e122-4846-91eb-9978ba9af436",
        "type": "message",
        "text": "shared with a few friends who are just starting out!",
        "user": "U01FUP6AMEZ",
        "ts": "1632157528.222600",
        "team": "TJE58GTJL",
        "user_team": "TJE58GTJL",
        "source_team": "TJE58GTJL",
        "user_profile": {
            "avatar_hash": "128762c3ea3f",
            "image_72": "https:\/\/avatars.slack-edge.com\/2020-12-01\/1527137254583_128762c3ea3f3d65d19b_72.jpg",
            "first_name": "Joanna",
            "real_name": "Joanna Rutter",
            "display_name": "Joanna Rutter",
            "team": "TJE58GTJL",
            "name": "rutterjoanna",
            "is_restricted": false,
            "is_ultra_restricted": false
        },
        "blocks": [
            {
                "type": "rich_text",
                "block_id": "59yS",
                "elements": [
                    {
                        "type": "rich_text_section",
                        "elements": [
                            {
                                "type": "text",
                                "text": "shared with a few friends who are just starting out!"
                            }
                        ]
                    }
                ]
            }
        ],
        "thread_ts": "1631726633.195400",
        "parent_user_id": "U0236PYP3SR"
    },
    {
        "client_msg_id": "19B5B19F-213F-4B38-9689-76922B160049",
        "type": "message",
        "text": "<@U01FUP6AMEZ> I hear you! I raised that point internally and actually checked with <@UJG9WTEKG> prior to posting this to see if this type of role was eligible to be shared. However I do think this is a good opportunity for people interested in a trade! ",
        "user": "U02A8UR3Z60",
        "ts": "1632160242.225300",
        "team": "TJE58GTJL",
        "user_team": "TJE58GTJL",
        "source_team": "TJE58GTJL",
        "user_profile": {
            "avatar_hash": "dd781b486769",
            "image_72": "https:\/\/avatars.slack-edge.com\/2021-08-03\/2336037289142_dd781b486769fb2915dd_72.jpg",
            "first_name": "Callahan",
            "real_name": "Callahan Peel",
            "display_name": "Callahan Peel",
            "team": "TJE58GTJL",
            "name": "callahanpeel",
            "is_restricted": false,
            "is_ultra_restricted": false
        },
        "blocks": [
            {
                "type": "rich_text",
                "block_id": "OP=",
                "elements": [
                    {
                        "type": "rich_text_section",
                        "elements": [
                            {
                                "type": "user",
                                "user_id": "U01FUP6AMEZ"
                            },
                            {
                                "type": "text",
                                "text": " I hear you! I raised that point internally and actually checked with "
                            },
                            {
                                "type": "user",
                                "user_id": "UJG9WTEKG"
                            },
                            {
                                "type": "text",
                                "text": " prior to posting this to see if this type of role was eligible to be shared. However I do think this is a good opportunity for people interested in a trade! "
                            }
                        ]
                    }
                ]
            }
        ],
        "thread_ts": "1632082568.218000",
        "parent_user_id": "U02BUCR0FLH"
    },
    {
        "client_msg_id": "4d32e34c-fd16-4564-b45e-4874850defa6",
        "type": "message",
        "text": "yes <@U02A8UR3Z60> and i chatted about this and i felt it was fair to post.",
        "user": "UJG9WTEKG",
        "ts": "1632167658.225900",
        "team": "TJE58GTJL",
        "user_team": "TJE58GTJL",
        "source_team": "TJE58GTJL",
        "user_profile": {
            "avatar_hash": "gc25b94e6ebf",
            "image_72": "https:\/\/secure.gravatar.com\/avatar\/eec25b94e6ebf55f0b7933372344cd09.jpg?s=72&d=https%3A%2F%2Fa.slack-edge.com%2Fdf10d%2Fimg%2Favatars%2Fava_0001-72.png",
            "first_name": "Jimmy",
            "real_name": "Jimmy Daly",
            "display_name": "",
            "team": "TJE58GTJL",
            "name": "runjimdaly",
            "is_restricted": false,
            "is_ultra_restricted": false
        },
        "blocks": [
            {
                "type": "rich_text",
                "block_id": "Ta6d",
                "elements": [
                    {
                        "type": "rich_text_section",
                        "elements": [
                            {
                                "type": "text",
                                "text": "yes "
                            },
                            {
                                "type": "user",
                                "user_id": "U02A8UR3Z60"
                            },
                            {
                                "type": "text",
                                "text": " and i chatted about this and i felt it was fair to post."
                            }
                        ]
                    }
                ]
            }
        ],
        "thread_ts": "1632082568.218000",
        "parent_user_id": "U02BUCR0FLH"
    },
    {
        "client_msg_id": "1272c011-080f-451a-a88c-0ca97f2b5426",
        "type": "message",
        "text": "let's be sure to take it easy on <@U02A8UR3Z60>, not her decision. i actually think this isn't a bad gig for the right person. and that person probably isn't a full-time freelancer, but likely someone that has an existing job and is looking for a way to start building a portfolio",
        "user": "UJG9WTEKG",
        "ts": "1632167795.226100",
        "team": "TJE58GTJL",
        "user_team": "TJE58GTJL",
        "source_team": "TJE58GTJL",
        "user_profile": {
            "avatar_hash": "gc25b94e6ebf",
            "image_72": "https:\/\/secure.gravatar.com\/avatar\/eec25b94e6ebf55f0b7933372344cd09.jpg?s=72&d=https%3A%2F%2Fa.slack-edge.com%2Fdf10d%2Fimg%2Favatars%2Fava_0001-72.png",
            "first_name": "Jimmy",
            "real_name": "Jimmy Daly",
            "display_name": "",
            "team": "TJE58GTJL",
            "name": "runjimdaly",
            "is_restricted": false,
            "is_ultra_restricted": false
        },
        "edited": {
            "user": "UJG9WTEKG",
            "ts": "1632167806.000000"
        },
        "blocks": [
            {
                "type": "rich_text",
                "block_id": "QV6C\/",
                "elements": [
                    {
                        "type": "rich_text_section",
                        "elements": [
                            {
                                "type": "text",
                                "text": "let's be sure to take it easy on "
                            },
                            {
                                "type": "user",
                                "user_id": "U02A8UR3Z60"
                            },
                            {
                                "type": "text",
                                "text": ", not her decision. i actually think this isn't a bad gig for the right person. and that person probably isn't a full-time freelancer, but likely someone that has an existing job and is looking for a way to start building a portfolio"
                            }
                        ]
                    }
                ]
            }
        ],
        "thread_ts": "1632082568.218000",
        "parent_user_id": "U02BUCR0FLH",
        "reactions": [
            {
                "name": "100",
                "users": [
                    "U028XDRBC3U",
                    "U0195U3C7QC",
                    "U01NM31CTFU"
                ],
                "count": 3
            },
            {
                "name": "+1",
                "users": [
                    "UL9SA4C3T",
                    "U01PXN2LGAK",
                    "U0195U3C7QC"
                ],
                "count": 3
            }
        ]
    },
    {
        "client_msg_id": "a267cdec-697e-41f1-8141-9cac634c1c9f",
        "type": "message",
        "text": "For sure, no dunking on <@U02A8UR3Z60> here -- when hiring writers in-house before I've never had a say over budget so I totally get it, it's very frustrating. I have also done trades for exposure so to some people, sure, it might be worth the swap. Bottom line, though: ~800-1000-word piece x 2 assignments per month x $159\/mo ClassPass membership equals about 7 \"cents\" a word (not real money). Just worth calling out (for that person controlling the budget -- not either of you) because to me this shouldn't fly in any room where writers are being taken seriously.",
        "user": "U01FUP6AMEZ",
        "ts": "1632171381.226400",
        "team": "TJE58GTJL",
        "user_team": "TJE58GTJL",
        "source_team": "TJE58GTJL",
        "user_profile": {
            "avatar_hash": "128762c3ea3f",
            "image_72": "https:\/\/avatars.slack-edge.com\/2020-12-01\/1527137254583_128762c3ea3f3d65d19b_72.jpg",
            "first_name": "Joanna",
            "real_name": "Joanna Rutter",
            "display_name": "Joanna Rutter",
            "team": "TJE58GTJL",
            "name": "rutterjoanna",
            "is_restricted": false,
            "is_ultra_restricted": false
        },
        "blocks": [
            {
                "type": "rich_text",
                "block_id": "3XKy",
                "elements": [
                    {
                        "type": "rich_text_section",
                        "elements": [
                            {
                                "type": "text",
                                "text": "For sure, no dunking on "
                            },
                            {
                                "type": "user",
                                "user_id": "U02A8UR3Z60"
                            },
                            {
                                "type": "text",
                                "text": " here -- when hiring writers in-house before I've never had a say over budget so I totally get it, it's very frustrating. I have also done trades for exposure so to some people, sure, it might be worth the swap. Bottom line, though: ~800-1000-word piece x 2 assignments per month x $159\/mo ClassPass membership equals about 7 \"cents\" a word (not real money). Just worth calling out (for that person controlling the budget -- not either of you) because to me this shouldn't fly in any room where writers are being taken seriously."
                            }
                        ]
                    }
                ]
            }
        ],
        "thread_ts": "1632082568.218000",
        "parent_user_id": "U02BUCR0FLH"
    },
    {
        "client_msg_id": "a5fb7cb6-32c0-42b8-ba0a-eddf5175e875",
        "type": "message",
        "text": "Nor should it fly for any company who has received over $500m in funding. Come on now.",
        "user": "U01FUP6AMEZ",
        "ts": "1632171467.226600",
        "team": "TJE58GTJL",
        "user_team": "TJE58GTJL",
        "source_team": "TJE58GTJL",
        "user_profile": {
            "avatar_hash": "128762c3ea3f",
            "image_72": "https:\/\/avatars.slack-edge.com\/2020-12-01\/1527137254583_128762c3ea3f3d65d19b_72.jpg",
            "first_name": "Joanna",
            "real_name": "Joanna Rutter",
            "display_name": "Joanna Rutter",
            "team": "TJE58GTJL",
            "name": "rutterjoanna",
            "is_restricted": false,
            "is_ultra_restricted": false
        },
        "blocks": [
            {
                "type": "rich_text",
                "block_id": "NBD8y",
                "elements": [
                    {
                        "type": "rich_text_section",
                        "elements": [
                            {
                                "type": "text",
                                "text": "Nor should it fly for any company who has received over $500m in funding. Come on now."
                            }
                        ]
                    }
                ]
            }
        ],
        "thread_ts": "1632082568.218000",
        "parent_user_id": "U02BUCR0FLH",
        "reactions": [
            {
                "name": "100",
                "users": [
                    "U022WPACV4L",
                    "U02AUQ0KMGC",
                    "UUJBM2PJ7"
                ],
                "count": 3
            }
        ]
    },
    {
        "client_msg_id": "5c8574c6-4c0b-424a-9798-2e0a26571558",
        "type": "message",
        "text": "this is a fair analysis. part of what i hope to achieve with superpath is further legitimizing the craft of content. a big part of that is pay.",
        "user": "UJG9WTEKG",
        "ts": "1632172351.226800",
        "team": "TJE58GTJL",
        "user_team": "TJE58GTJL",
        "source_team": "TJE58GTJL",
        "user_profile": {
            "avatar_hash": "gc25b94e6ebf",
            "image_72": "https:\/\/secure.gravatar.com\/avatar\/eec25b94e6ebf55f0b7933372344cd09.jpg?s=72&d=https%3A%2F%2Fa.slack-edge.com%2Fdf10d%2Fimg%2Favatars%2Fava_0001-72.png",
            "first_name": "Jimmy",
            "real_name": "Jimmy Daly",
            "display_name": "",
            "team": "TJE58GTJL",
            "name": "runjimdaly",
            "is_restricted": false,
            "is_ultra_restricted": false
        },
        "blocks": [
            {
                "type": "rich_text",
                "block_id": "Le9",
                "elements": [
                    {
                        "type": "rich_text_section",
                        "elements": [
                            {
                                "type": "text",
                                "text": "this is a fair analysis. part of what i hope to achieve with superpath is further legitimizing the craft of content. a big part of that is pay."
                            }
                        ]
                    }
                ]
            }
        ],
        "thread_ts": "1632082568.218000",
        "parent_user_id": "U02BUCR0FLH",
        "reactions": [
            {
                "name": "white_check_mark",
                "users": [
                    "U01FUP6AMEZ"
                ],
                "count": 1
            },
            {
                "name": "100",
                "users": [
                    "U020NR8J2SG"
                ],
                "count": 1
            }
        ]
    }
]