[
    {
        "bot_id": "B023BC3A2UV",
        "type": "message",
        "text": "_[sponsored]_ Shout out to <@UN9CGN894> for supporting Superath and our freelance channel :partying_face:Tired of grabbing outdated statistics from roundup posts? PrimoStats helps content marketers find and cite stats in less time. Try for free: <https:\/\/primostats.com>",
        "user": "UJG9WTEKG",
        "ts": "1635951604.070000",
        "team": "TJE58GTJL",
        "bot_profile": {
            "id": "B023BC3A2UV",
            "app_id": "AL3SX1B6J",
            "name": "Send It Later",
            "icons": {
                "image_36": "https:\/\/avatars.slack-edge.com\/2019-07-02\/671777182994_a14924be81a633327b73_36.png",
                "image_48": "https:\/\/avatars.slack-edge.com\/2019-07-02\/671777182994_a14924be81a633327b73_48.png",
                "image_72": "https:\/\/avatars.slack-edge.com\/2019-07-02\/671777182994_a14924be81a633327b73_72.png"
            },
            "deleted": false,
            "updated": 1622231340,
            "team_id": "TJE58GTJL"
        },
        "edited": {
            "user": "B023BC3A2UV",
            "ts": "1635951607.000000"
        },
        "attachments": [
            {
                "service_name": "PrimoStats -",
                "title": "PrimoStats",
                "title_link": "https:\/\/primostats.com\/",
                "text": "No more grabbing stats from shady roundup posts. Get access to a searchable database where you can quickly filter through relevant stats.",
                "fallback": "PrimoStats -: PrimoStats",
                "thumb_url": "https:\/\/primostats.com\/wp-content\/uploads\/2021\/10\/PrimoStats.png",
                "fields": [
                    {
                        "title": "Est. reading time",
                        "value": "2 minutes",
                        "short": true
                    }
                ],
                "ts": 1624291785,
                "from_url": "https:\/\/primostats.com\/",
                "thumb_width": 372,
                "thumb_height": 372,
                "service_icon": "https:\/\/primostats.com\/wp-content\/uploads\/2021\/06\/cropped-favicon-180x180.png",
                "id": 1,
                "original_url": "https:\/\/primostats.com"
            }
        ],
        "reactions": [
            {
                "name": "heart",
                "users": [
                    "U02DALQQHE0",
                    "U01J84U3SQ6",
                    "UJG9WTEKG"
                ],
                "count": 3
            }
        ]
    },
    {
        "client_msg_id": "92102a82-e0ca-4b39-869c-4d23b533b89c",
        "type": "message",
        "text": "Hi! Any technical writers out there looking for a full-time freelance role (6 month contract)? Helping a friend fill two positions. She's looking for someone that can read, write, and verify code samples, too. Please feel free to DM me if you're interested and I'll share the full description.",
        "user": "U02C37FQVL5",
        "ts": "1635961749.073800",
        "team": "TJE58GTJL",
        "user_team": "TJE58GTJL",
        "source_team": "TJE58GTJL",
        "user_profile": {
            "avatar_hash": "f69427a863f2",
            "image_72": "https:\/\/avatars.slack-edge.com\/2021-09-23\/2549358724416_f69427a863f2254e8a79_72.jpg",
            "first_name": "Alyssa",
            "real_name": "Alyssa Greenfield",
            "display_name": "",
            "team": "TJE58GTJL",
            "name": "alyssa961",
            "is_restricted": false,
            "is_ultra_restricted": false
        },
        "blocks": [
            {
                "type": "rich_text",
                "block_id": "1G82",
                "elements": [
                    {
                        "type": "rich_text_section",
                        "elements": [
                            {
                                "type": "text",
                                "text": "Hi! Any technical writers out there looking for a full-time freelance role (6 month contract)? Helping a friend fill two positions. She's looking for someone that can read, write, and verify code samples, too. Please feel free to DM me if you're interested and I'll share the full description."
                            }
                        ]
                    }
                ]
            }
        ]
    },
    {
        "client_msg_id": "2b71ca18-e630-4965-828b-8f9efb33b9d4",
        "type": "message",
        "text": "Hey all! A potential contractor has message me about writing some content for them. Only thing is that they want a 1500 words writing sample (brand new content) before considering me working with them. I think that's quite a lot to ask for a freelance gig since that'd be a couple of hours of writing with a lot of research. Any advice?",
        "user": "U023339SLR4",
        "ts": "1635976145.076100",
        "team": "TJE58GTJL",
        "user_team": "TJE58GTJL",
        "source_team": "TJE58GTJL",
        "user_profile": {
            "avatar_hash": "fac58a0573ff",
            "image_72": "https:\/\/avatars.slack-edge.com\/2021-05-28\/2126927704945_fac58a0573ff66fa6fca_72.jpg",
            "first_name": "Clemence",
            "real_name": "Clemence Servonnat",
            "display_name": "Clemence Servonnat",
            "team": "TJE58GTJL",
            "name": "clemence.servonnat",
            "is_restricted": false,
            "is_ultra_restricted": false
        },
        "blocks": [
            {
                "type": "rich_text",
                "block_id": "O9f",
                "elements": [
                    {
                        "type": "rich_text_section",
                        "elements": [
                            {
                                "type": "text",
                                "text": "Hey all! A potential contractor has message me about writing some content for them. Only thing is that they want a 1500 words writing sample (brand new content) before considering me working with them. I think that's quite a lot to ask for a freelance gig since that'd be a couple of hours of writing with a lot of research. Any advice?"
                            }
                        ]
                    }
                ]
            }
        ],
        "thread_ts": "1635976145.076100",
        "reply_count": 9,
        "reply_users_count": 7,
        "latest_reply": "1636046883.084200",
        "reply_users": [
            "U01J3FQA3ML",
            "U023339SLR4",
            "U0166H7KUAZ",
            "U012GHRAHDK",
            "URAV154AV",
            "U02GXA3PWC9",
            "U02CZJT4FDG"
        ],
        "replies": [
            {
                "user": "U01J3FQA3ML",
                "ts": "1635977326.076200"
            },
            {
                "user": "U023339SLR4",
                "ts": "1635977617.076900"
            },
            {
                "user": "U01J3FQA3ML",
                "ts": "1635978033.077100"
            },
            {
                "user": "U0166H7KUAZ",
                "ts": "1635981018.077300"
            },
            {
                "user": "U012GHRAHDK",
                "ts": "1635995464.077800"
            },
            {
                "user": "URAV154AV",
                "ts": "1636032123.078100"
            },
            {
                "user": "U02GXA3PWC9",
                "ts": "1636039883.078500"
            },
            {
                "user": "U02CZJT4FDG",
                "ts": "1636046653.084000"
            },
            {
                "user": "U023339SLR4",
                "ts": "1636046883.084200"
            }
        ],
        "is_locked": false,
        "subscribed": false
    },
    {
        "client_msg_id": "c844eb32-e8b2-4921-9b68-daf1981ac1a2",
        "type": "message",
        "text": "Is it paid? If they plan on doing a trial assignment that's paid like a normal one, that would be reasonable to me, but if they want to you to do it free, you're 100% justified to decline. That's free work for them.",
        "user": "U01J3FQA3ML",
        "ts": "1635977326.076200",
        "team": "TJE58GTJL",
        "user_team": "TJE58GTJL",
        "source_team": "TJE58GTJL",
        "user_profile": {
            "avatar_hash": "348b0b0e6549",
            "image_72": "https:\/\/avatars.slack-edge.com\/2021-01-08\/1634944836353_348b0b0e6549d54e997e_72.jpg",
            "first_name": "Melissa",
            "real_name": "Melissa King",
            "display_name": "Melissa King",
            "team": "TJE58GTJL",
            "name": "melissakingfreelance",
            "is_restricted": false,
            "is_ultra_restricted": false
        },
        "blocks": [
            {
                "type": "rich_text",
                "block_id": "WuFGO",
                "elements": [
                    {
                        "type": "rich_text_section",
                        "elements": [
                            {
                                "type": "text",
                                "text": "Is it paid? If they plan on doing a trial assignment that's paid like a normal one, that would be reasonable to me, but if they want to you to do it free, you're 100% justified to decline. That's free work for them."
                            }
                        ]
                    }
                ]
            }
        ],
        "thread_ts": "1635976145.076100",
        "parent_user_id": "U023339SLR4"
    },
    {
        "client_msg_id": "bda2fd00-b7ba-49af-b621-29d23cebe5e1",
        "type": "message",
        "text": "It doesn't seem like it. The job is well paid so I'm assuming that's how they get away with it?",
        "user": "U023339SLR4",
        "ts": "1635977617.076900",
        "team": "TJE58GTJL",
        "user_team": "TJE58GTJL",
        "source_team": "TJE58GTJL",
        "user_profile": {
            "avatar_hash": "fac58a0573ff",
            "image_72": "https:\/\/avatars.slack-edge.com\/2021-05-28\/2126927704945_fac58a0573ff66fa6fca_72.jpg",
            "first_name": "Clemence",
            "real_name": "Clemence Servonnat",
            "display_name": "Clemence Servonnat",
            "team": "TJE58GTJL",
            "name": "clemence.servonnat",
            "is_restricted": false,
            "is_ultra_restricted": false
        },
        "blocks": [
            {
                "type": "rich_text",
                "block_id": "k+O",
                "elements": [
                    {
                        "type": "rich_text_section",
                        "elements": [
                            {
                                "type": "text",
                                "text": "It doesn't seem like it. The job is well paid so I'm assuming that's how they get away with it?"
                            }
                        ]
                    }
                ]
            }
        ],
        "thread_ts": "1635976145.076100",
        "parent_user_id": "U023339SLR4"
    },
    {
        "client_msg_id": "02a02959-0e5d-4fe1-8428-c5176d8be5fe",
        "type": "message",
        "text": "Yeah, it would be totally valid to tell them no imo. If you feel that the effort spent would be worth the chance at a high rate, then go for it, but it's not a reasonable expectation on their part.",
        "user": "U01J3FQA3ML",
        "ts": "1635978033.077100",
        "team": "TJE58GTJL",
        "user_team": "TJE58GTJL",
        "source_team": "TJE58GTJL",
        "user_profile": {
            "avatar_hash": "348b0b0e6549",
            "image_72": "https:\/\/avatars.slack-edge.com\/2021-01-08\/1634944836353_348b0b0e6549d54e997e_72.jpg",
            "first_name": "Melissa",
            "real_name": "Melissa King",
            "display_name": "Melissa King",
            "team": "TJE58GTJL",
            "name": "melissakingfreelance",
            "is_restricted": false,
            "is_ultra_restricted": false
        },
        "blocks": [
            {
                "type": "rich_text",
                "block_id": "s4zYO",
                "elements": [
                    {
                        "type": "rich_text_section",
                        "elements": [
                            {
                                "type": "text",
                                "text": "Yeah, it would be totally valid to tell them no imo. If you feel that the effort spent would be worth the chance at a high rate, then go for it, but it's not a reasonable expectation on their part."
                            }
                        ]
                    }
                ]
            }
        ],
        "thread_ts": "1635976145.076100",
        "parent_user_id": "U023339SLR4"
    },
    {
        "client_msg_id": "753269b7-3c75-4f87-a78e-fa1a7f785ca5",
        "type": "message",
        "text": "Unless you really really need the gig I would pass. Tons of companies are looking for freelance writers as contractors right now.",
        "user": "U0166H7KUAZ",
        "ts": "1635981018.077300",
        "team": "TJE58GTJL",
        "user_team": "TJE58GTJL",
        "source_team": "TJE58GTJL",
        "user_profile": {
            "avatar_hash": "f58be1456496",
            "image_72": "https:\/\/avatars.slack-edge.com\/2020-06-29\/1197308509671_f58be1456496f374b7ea_72.jpg",
            "first_name": "",
            "real_name": "Phillip Paquette",
            "display_name": "Phillip Paquette",
            "team": "TJE58GTJL",
            "name": "phillippaquette",
            "is_restricted": false,
            "is_ultra_restricted": false
        },
        "blocks": [
            {
                "type": "rich_text",
                "block_id": "Lvce+",
                "elements": [
                    {
                        "type": "rich_text_section",
                        "elements": [
                            {
                                "type": "text",
                                "text": "Unless you really really need the gig I would pass. Tons of companies are looking for freelance writers as contractors right now."
                            }
                        ]
                    }
                ]
            }
        ],
        "thread_ts": "1635976145.076100",
        "parent_user_id": "U023339SLR4",
        "reactions": [
            {
                "name": "point_up_2",
                "users": [
                    "U01J3FQA3ML",
                    "UN227ML2H",
                    "U02CMV0AHAS",
                    "U024A8928AW",
                    "U02C68743MG"
                ],
                "count": 5
            },
            {
                "name": "point_up_2::skin-tone-4",
                "users": [
                    "U01L7S9CVNG"
                ],
                "count": 1
            }
        ]
    },
    {
        "client_msg_id": "2c238194-b1f4-4014-bb1f-be20921d4951",
        "type": "message",
        "text": "If it's a paid test, then yes. If not, sayonara! :grin:",
        "user": "U012GHRAHDK",
        "ts": "1635995464.077800",
        "team": "TJE58GTJL",
        "user_team": "TJE58GTJL",
        "source_team": "TJE58GTJL",
        "user_profile": {
            "avatar_hash": "8ba0c4534568",
            "image_72": "https:\/\/avatars.slack-edge.com\/2022-04-12\/3401585222352_8ba0c45345680ce088ab_72.jpg",
            "first_name": "Deb",
            "real_name": "Deb Mukherjee",
            "display_name": "Deb Mukherjee",
            "team": "TJE58GTJL",
            "name": "debdut94",
            "is_restricted": false,
            "is_ultra_restricted": false
        },
        "blocks": [
            {
                "type": "rich_text",
                "block_id": "=OAp",
                "elements": [
                    {
                        "type": "rich_text_section",
                        "elements": [
                            {
                                "type": "text",
                                "text": "If it's a paid test, then yes. If not, sayonara! "
                            },
                            {
                                "type": "emoji",
                                "name": "grin"
                            }
                        ]
                    }
                ]
            }
        ],
        "thread_ts": "1635976145.076100",
        "parent_user_id": "U023339SLR4"
    }
]