[
    {
        "client_msg_id": "ff7cae2e-77f7-435e-869a-8fb16b99cf42",
        "type": "message",
        "text": "Hi Whitney, if you're looking for YouTube SEO, my mate Dan is a pro. Here's a case study too, to get a feel of the work we do: <https:\/\/chillital.com\/youtube-case-study\/|https:\/\/chillital.com\/youtube-case-study\/>",
        "user": "U02FSAADN2E",
        "ts": "1637309642.202200",
        "team": "TJE58GTJL",
        "user_team": "TJE58GTJL",
        "source_team": "TJE58GTJL",
        "user_profile": {
            "avatar_hash": "e8b4f680128b",
            "image_72": "https:\/\/avatars.slack-edge.com\/2021-10-01\/2554873033154_e8b4f680128bbcc1286d_72.jpg",
            "first_name": "Maria-Cristina",
            "real_name": "Maria-Cristina Muntean",
            "display_name": "",
            "team": "TJE58GTJL",
            "name": "mia",
            "is_restricted": false,
            "is_ultra_restricted": false
        },
        "attachments": [
            {
                "from_url": "https:\/\/chillital.com\/youtube-case-study\/",
                "service_name": "Chillital",
                "title": "Youtube Case Study - From 10 to 2.4k views per day | Chillital",
                "title_link": "https:\/\/chillital.com\/youtube-case-study\/",
                "text": "Read this Youtube Case Study and learn how to optimize your video content to generate more subscribers and revenue.",
                "fields": [
                    {
                        "title": "Written by",
                        "value": "Dan Cucolea",
                        "short": true
                    },
                    {
                        "title": "Est. reading time",
                        "value": "10 minutes",
                        "short": true
                    }
                ],
                "ts": 1635512519,
                "image_url": "https:\/\/chillital.com\/wp-content\/uploads\/2021\/10\/Youtube-Case-Study-From-2000-views-per-year-to-2400-per-day.jpg",
                "image_width": 475,
                "image_height": 250,
                "image_bytes": 25782,
                "fallback": "Chillital: Youtube Case Study - From 10 to 2.4k views per day | Chillital",
                "service_icon": "https:\/\/chillital.com\/wp-content\/uploads\/2021\/09\/Chillital-Favicon.png",
                "id": 1,
                "original_url": "https:\/\/chillital.com\/youtube-case-study\/"
            }
        ],
        "blocks": [
            {
                "type": "rich_text",
                "block_id": "YC8",
                "elements": [
                    {
                        "type": "rich_text_section",
                        "elements": [
                            {
                                "type": "text",
                                "text": "Hi Whitney, if you're looking for YouTube SEO, my mate Dan is a pro. Here's a case study too, to get a feel of the work we do: "
                            },
                            {
                                "type": "link",
                                "url": "https:\/\/chillital.com\/youtube-case-study\/",
                                "text": "https:\/\/chillital.com\/youtube-case-study\/"
                            }
                        ]
                    }
                ]
            }
        ],
        "thread_ts": "1637259762.196000",
        "parent_user_id": "UN227ML2H",
        "reactions": [
            {
                "name": "pray",
                "users": [
                    "UN227ML2H"
                ],
                "count": 1
            }
        ]
    },
    {
        "client_msg_id": "73ae8f74-df0d-4eab-8d01-1159d46a81b3",
        "type": "message",
        "text": "Hey everyone - seeking some negotiation advice :slightly_smiling_face:\n\nI’m a FT freelance D&amp;I consultant and Inclusive Communities Manager. My structure is that I have 2 main clients and aim to take on ‘pick-my-brain’ consultation sessions in 2022.\n\nOn the community management front I’ve been managing and facilitating the Slack community and socials for a client remotely.\n\nMy role is shifting soon in the direction of leading the community for this client’s new venture 100% and i’d be rebuilding their social from scratch too. Transitioning my existing Slack community over to their new project and reconfiguring the structure + implementing new frameworks. Leading and curating community-focused partnerships.\n\nI want to continue managing their existing Twitter account as a separate entity (kinda like Chapin does for R\/GA). This would be a separate price too and include community management (strategy + execution + comments + dms).\n\n*Would anyone be willing to talk freelance fee expectations, please?*\n\nI’m keen to remain freelance + keep my hours down (move from hourly to daily rate). Plus ensure my rate is competing with USA industry standards.\n\nHappy to outline more details in DMs as cannot share some things publicly. E.g. current fee + role breakdown etc\n\nThanks in advance.",
        "user": "U02GZ08AT62",
        "ts": "1637317501.203100",
        "team": "TJE58GTJL",
        "user_team": "TJE58GTJL",
        "source_team": "TJE58GTJL",
        "user_profile": {
            "avatar_hash": "9e27585728ea",
            "image_72": "https:\/\/avatars.slack-edge.com\/2021-10-12\/2590620697829_9e27585728ea798168c2_72.jpg",
            "first_name": "Chauntelle",
            "real_name": "Chauntelle Lewis",
            "display_name": "Chauntelle Lewis",
            "team": "TJE58GTJL",
            "name": "cjnlewis93",
            "is_restricted": false,
            "is_ultra_restricted": false
        },
        "blocks": [
            {
                "type": "rich_text",
                "block_id": "BkCej",
                "elements": [
                    {
                        "type": "rich_text_section",
                        "elements": [
                            {
                                "type": "text",
                                "text": "Hey everyone - seeking some negotiation advice "
                            },
                            {
                                "type": "emoji",
                                "name": "slightly_smiling_face"
                            },
                            {
                                "type": "text",
                                "text": "\n\nI’m a FT freelance D&I consultant and Inclusive Communities Manager. My structure is that I have 2 main clients and aim to take on ‘pick-my-brain’ consultation sessions in 2022.\n\nOn the community management front I’ve been managing and facilitating the Slack community and socials for a client remotely.\n\nMy role is shifting soon in the direction of leading the community for this client’s new venture 100% and i’d be rebuilding their social from scratch too. Transitioning my existing Slack community over to their new project and reconfiguring the structure + implementing new frameworks. Leading and curating community-focused partnerships.\n\nI want to continue managing their existing Twitter account as a separate entity (kinda like Chapin does for R\/GA). This would be a separate price too and include community management (strategy + execution + comments + dms).\n\n"
                            },
                            {
                                "type": "text",
                                "text": "Would anyone be willing to talk freelance fee expectations, please?",
                                "style": {
                                    "bold": true
                                }
                            },
                            {
                                "type": "text",
                                "text": "\n\nI’m keen to remain freelance + keep my hours down (move from hourly to daily rate). Plus ensure my rate is competing with USA industry standards.\n\nHappy to outline more details in DMs as cannot share some things publicly. E.g. current fee + role breakdown etc\n\nThanks in advance."
                            }
                        ]
                    }
                ]
            }
        ],
        "reactions": [
            {
                "name": "heart",
                "users": [
                    "U01PXN2LGAK",
                    "UJG9WTEKG",
                    "U02NXEUQKA6"
                ],
                "count": 3
            },
            {
                "name": "+1",
                "users": [
                    "U01TB1SDD61"
                ],
                "count": 1
            }
        ]
    },
    {
        "client_msg_id": "c5c249ab-de3e-432a-900d-81b795479ac4",
        "type": "message",
        "text": "As a freelancer, I've learned to say \"bye Felicia\" to clients I don't like. I ONLY work with clients who I love and who respect my personal and professional boundaries. I won't take a job (or will quit one) if it doesn't hit those markers for me. There is a reason I went freelance, and it isn't always about the money!",
        "user": "U02CVNB3X1T",
        "ts": "1637336747.205200",
        "team": "TJE58GTJL",
        "user_team": "TJE58GTJL",
        "source_team": "TJE58GTJL",
        "user_profile": {
            "avatar_hash": "a98cd79fc67b",
            "image_72": "https:\/\/avatars.slack-edge.com\/2021-12-28\/2891088304196_a98cd79fc67b29986082_72.png",
            "first_name": "Julie",
            "real_name": "Julie Simpson",
            "display_name": "Julie Simpson",
            "team": "TJE58GTJL",
            "name": "jujuklu",
            "is_restricted": false,
            "is_ultra_restricted": false
        },
        "blocks": [
            {
                "type": "rich_text",
                "block_id": "wjY16",
                "elements": [
                    {
                        "type": "rich_text_section",
                        "elements": [
                            {
                                "type": "text",
                                "text": "As a freelancer, I've learned to say \"bye Felicia\" to clients I don't like. I ONLY work with clients who I love and who respect my personal and professional boundaries. I won't take a job (or will quit one) if it doesn't hit those markers for me. There is a reason I went freelance, and it isn't always about the money!"
                            }
                        ]
                    }
                ]
            }
        ],
        "thread_ts": "1637164814.167400",
        "parent_user_id": "UU07F98SJ"
    },
    {
        "client_msg_id": "872D14F1-EEBE-4E8F-9D3E-CB4AC46ABDEB",
        "type": "message",
        "text": "You could try posting a job here: <https:\/\/github.com\/malgamves\/CommunityWriterPrograms|https:\/\/github.com\/malgamves\/CommunityWriterPrograms>\n\nWe work with 150+ engineers\/practitioners as writers so I’ve also shared how we recruit here: <https:\/\/draft.dev\/learn\/technical-writer-for-hire|https:\/\/draft.dev\/learn\/technical-writer-for-hire>\n\nHope that helps!",
        "user": "U029CTQ5X6Y",
        "ts": "1637337146.206600",
        "team": "TJE58GTJL",
        "user_team": "TJE58GTJL",
        "source_team": "TJE58GTJL",
        "user_profile": {
            "avatar_hash": "4d1afd4712b9",
            "image_72": "https:\/\/avatars.slack-edge.com\/2021-07-26\/2312909469026_4d1afd4712b9f77f1af8_72.jpg",
            "first_name": "Karl",
            "real_name": "Karl Hughes",
            "display_name": "Karl (Draft.dev)",
            "team": "TJE58GTJL",
            "name": "khughes.me",
            "is_restricted": false,
            "is_ultra_restricted": false
        },
        "attachments": [
            {
                "from_url": "https:\/\/github.com\/malgamves\/CommunityWriterPrograms",
                "service_name": "GitHub",
                "title": "GitHub - malgamves\/CommunityWriterPrograms: A list of Developer Community Writer Programs",
                "title_link": "https:\/\/github.com\/malgamves\/CommunityWriterPrograms",
                "text": "A list of Developer Community Writer Programs. Contribute to malgamves\/CommunityWriterPrograms development by creating an account on GitHub.",
                "image_url": "https:\/\/opengraph.githubassets.com\/c135062470ea83f14cd8c6ddd9a59722f3b3229af0c70d95b97afbc0125dddc4\/malgamves\/CommunityWriterPrograms",
                "image_width": 500,
                "image_height": 250,
                "image_bytes": 139233,
                "fallback": "GitHub: GitHub - malgamves\/CommunityWriterPrograms: A list of Developer Community Writer Programs",
                "service_icon": "https:\/\/a.slack-edge.com\/80588\/img\/unfurl_icons\/github.png",
                "id": 1,
                "original_url": "https:\/\/github.com\/malgamves\/CommunityWriterPrograms"
            },
            {
                "from_url": "https:\/\/draft.dev\/learn\/technical-writer-for-hire",
                "service_name": "Draft.dev",
                "title": "How to Find a Technical Writer for Hire",
                "title_link": "https:\/\/draft.dev\/learn\/technical-writer-for-hire",
                "text": "In this post, you'll learn how to find freelance technical writers to help you produce blog posts and other content online.",
                "ts": 1625143042,
                "image_url": "https:\/\/draft.dev\/learn\/assets\/posts\/photo-1487528278747-ba99ed528ebc.jpg",
                "image_width": 375,
                "image_height": 250,
                "image_bytes": 30312,
                "fallback": "Draft.dev: How to Find a Technical Writer for Hire",
                "service_icon": "https:\/\/draft.dev\/learn\/assets\/favicon.ico",
                "id": 2,
                "original_url": "https:\/\/draft.dev\/learn\/technical-writer-for-hire"
            }
        ],
        "blocks": [
            {
                "type": "rich_text",
                "block_id": "wQD2",
                "elements": [
                    {
                        "type": "rich_text_section",
                        "elements": [
                            {
                                "type": "text",
                                "text": "You could try posting a job here: "
                            },
                            {
                                "type": "link",
                                "url": "https:\/\/github.com\/malgamves\/CommunityWriterPrograms",
                                "text": "https:\/\/github.com\/malgamves\/CommunityWriterPrograms"
                            },
                            {
                                "type": "text",
                                "text": "\n\nWe work with 150+ engineers\/practitioners as writers so I’ve also shared how we recruit here: "
                            },
                            {
                                "type": "link",
                                "url": "https:\/\/draft.dev\/learn\/technical-writer-for-hire",
                                "text": "https:\/\/draft.dev\/learn\/technical-writer-for-hire"
                            },
                            {
                                "type": "text",
                                "text": "\n\nHope that helps!"
                            }
                        ]
                    }
                ]
            }
        ],
        "thread_ts": "1637250661.182700",
        "parent_user_id": "U02CE98M0TE"
    },
    {
        "client_msg_id": "2e1b19a6-fc37-4c2e-ad69-0334f95ed653",
        "type": "message",
        "text": "I have experience writing about coding. Not very technical but I hope that counts!",
        "user": "U01PXN2LGAK",
        "ts": "1637338879.207100",
        "team": "TJE58GTJL",
        "user_team": "TJE58GTJL",
        "source_team": "TJE58GTJL",
        "user_profile": {
            "avatar_hash": "d8f5ac3cc9e1",
            "image_72": "https:\/\/avatars.slack-edge.com\/2022-04-15\/3395402924837_d8f5ac3cc9e1fe635001_72.png",
            "first_name": "Carmela",
            "real_name": "Carmela Montenegro",
            "display_name": "Carmela Montenegro",
            "team": "TJE58GTJL",
            "name": "carmela",
            "is_restricted": false,
            "is_ultra_restricted": false
        },
        "blocks": [
            {
                "type": "rich_text",
                "block_id": "lNg",
                "elements": [
                    {
                        "type": "rich_text_section",
                        "elements": [
                            {
                                "type": "text",
                                "text": "I have experience writing about coding. Not very technical but I hope that counts!"
                            }
                        ]
                    }
                ]
            }
        ],
        "thread_ts": "1637250661.182700",
        "parent_user_id": "U02CE98M0TE"
    },
    {
        "client_msg_id": "69a0a5d7-b11d-48e5-964a-e621e8a04bd4",
        "type": "message",
        "text": "Just the messenger, not connected to this role at all:\n\nYahoo Finance is looking for a digital producer to help scale its VOD business. What this role entails is daily uploading work for live segments, placement of those videos in relevant trending stories, occasional writing of original stories related to live segments, tracking and analyzing performance of VOD, and supporting the near-real time clipping operation for @YahooFinance Twitter.\n\nS_end resumes and cover letters (optional) to <mailto:mbkelley@yahoofinance.com|mbkelley@yahoofinance.com>._ \n\nFull job description: \n\n*Yahoo Finance Digital Producer (contractor)*\nResponsibilities\n· ● Provide support for uploading of Yahoo Finance Live show VOD.\n· ● Provide support for placing VOD in trending stories.\n· ● Provide support for tracking and analyzing performance.\n· ● Write original content as needed.\n· ● Clip the Yahoo Finance Live show for Twitter as needed.\nRequired Qualifications\n· ● 1-3 years experience working as a copy editor or editor at a media organization.\n· ● Strong communication skills.\n· ● Ability to learn headline writing and photo choices.\n· ● Strong news judgement for watching VOD and making real-time framing decisions.\n· ● A good attitude and strong work ethic.\nPreferred Qualifications\n· ● Comprehensive understanding of broadcast production\n· ● B.A. preferred or equivalent job experience\n· ● SEO knowledge is a plus",
        "user": "U011QQDDSJV",
        "ts": "1637350763.210000",
        "team": "TJE58GTJL",
        "user_team": "TJE58GTJL",
        "source_team": "TJE58GTJL",
        "user_profile": {
            "avatar_hash": "26f290c29155",
            "image_72": "https:\/\/avatars.slack-edge.com\/2020-04-08\/1046081228023_26f290c2915541368412_72.png",
            "first_name": "Nikolas",
            "real_name": "Nikolas Wright",
            "display_name": "Nik",
            "team": "TJE58GTJL",
            "name": "wright.nikolas",
            "is_restricted": false,
            "is_ultra_restricted": false
        },
        "blocks": [
            {
                "type": "rich_text",
                "block_id": "9zfve",
                "elements": [
                    {
                        "type": "rich_text_section",
                        "elements": [
                            {
                                "type": "text",
                                "text": "Just the messenger, not connected to this role at all:\n\nYahoo Finance is looking for a digital producer to help scale its VOD business. What this role entails is daily uploading work for live segments, placement of those videos in relevant trending stories, occasional writing of original stories related to live segments, tracking and analyzing performance of VOD, and supporting the near-real time clipping operation for @YahooFinance Twitter.\n\nS"
                            },
                            {
                                "type": "text",
                                "text": "end resumes and cover letters (optional) to ",
                                "style": {
                                    "italic": true
                                }
                            },
                            {
                                "type": "link",
                                "url": "mailto:mbkelley@yahoofinance.com",
                                "text": "mbkelley@yahoofinance.com",
                                "style": {
                                    "italic": true
                                }
                            },
                            {
                                "type": "text",
                                "text": ". ",
                                "style": {
                                    "italic": true
                                }
                            },
                            {
                                "type": "text",
                                "text": "\n\nFull job description: \n\n"
                            },
                            {
                                "type": "text",
                                "text": "Yahoo Finance Digital Producer (contractor)",
                                "style": {
                                    "bold": true
                                }
                            },
                            {
                                "type": "text",
                                "text": "\nResponsibilities\n· ● Provide support for uploading of Yahoo Finance Live show VOD.\n· ● Provide support for placing VOD in trending stories.\n· ● Provide support for tracking and analyzing performance.\n· ● Write original content as needed.\n· ● Clip the Yahoo Finance Live show for Twitter as needed.\nRequired Qualifications\n· ● 1-3 years experience working as a copy editor or editor at a media organization.\n· ● Strong communication skills.\n· ● Ability to learn headline writing and photo choices.\n· ● Strong news judgement for watching VOD and making real-time framing decisions.\n· ● A good attitude and strong work ethic.\nPreferred Qualifications\n· ● Comprehensive understanding of broadcast production\n· ● B.A. preferred or equivalent job experience\n· ● SEO knowledge is a plus"
                            }
                        ]
                    }
                ]
            }
        ]
    }
]