[
    {
        "client_msg_id": "fe063d74-919e-450d-8383-eb4868082415",
        "type": "message",
        "text": "Hey all, any crypto writers here? I have a client who's looking for 2 posts per month on a regular basis (worked with them before, they're super nice and pay quickly!).",
        "user": "U01MW6DPU72",
        "ts": "1633676805.349900",
        "team": "TJE58GTJL",
        "user_team": "TJE58GTJL",
        "source_team": "TJE58GTJL",
        "user_profile": {
            "avatar_hash": "g2ab21f412c3",
            "image_72": "https:\/\/secure.gravatar.com\/avatar\/2ab21f412c3215ee2b3c2994772c589e.jpg?s=72&d=https%3A%2F%2Fa.slack-edge.com%2Fdf10d%2Fimg%2Favatars%2Fava_0024-72.png",
            "first_name": "Araminta",
            "real_name": "Araminta Robertson",
            "display_name": "Araminta Robertson",
            "team": "TJE58GTJL",
            "name": "robertsona98",
            "is_restricted": false,
            "is_ultra_restricted": false
        },
        "blocks": [
            {
                "type": "rich_text",
                "block_id": "wojl",
                "elements": [
                    {
                        "type": "rich_text_section",
                        "elements": [
                            {
                                "type": "text",
                                "text": "Hey all, any crypto writers here? I have a client who's looking for 2 posts per month on a regular basis (worked with them before, they're super nice and pay quickly!)."
                            }
                        ]
                    }
                ]
            }
        ],
        "thread_ts": "1633676805.349900",
        "reply_count": 5,
        "reply_users_count": 5,
        "latest_reply": "1634032258.366200",
        "reply_users": [
            "U017XD7H4P7",
            "U01MW6DPU72",
            "U02CUM2LDAN",
            "U01K3VD3154",
            "U02CT9E6R6K"
        ],
        "replies": [
            {
                "user": "U017XD7H4P7",
                "ts": "1633677213.350000"
            },
            {
                "user": "U01MW6DPU72",
                "ts": "1633677428.350200"
            },
            {
                "user": "U02CUM2LDAN",
                "ts": "1633679461.350400"
            },
            {
                "user": "U01K3VD3154",
                "ts": "1633702360.354800"
            },
            {
                "user": "U02CT9E6R6K",
                "ts": "1634032258.366200"
            }
        ],
        "is_locked": false,
        "subscribed": false
    },
    {
        "client_msg_id": "6c535195-552b-44dc-9b1b-7b517c757bfe",
        "type": "message",
        "text": "I might know someone. There's an author in our author pool that's itching to write about crypto.  I'm taking vacation until Monday, but if it can wait, feel free to email me. I think you've still got my email from when we chatted live. Good to see you, BTW :smile:",
        "user": "U017XD7H4P7",
        "ts": "1633677213.350000",
        "team": "TJE58GTJL",
        "user_team": "TJE58GTJL",
        "source_team": "TJE58GTJL",
        "user_profile": {
            "avatar_hash": "f9ab77023918",
            "image_72": "https:\/\/avatars.slack-edge.com\/2020-07-29\/1256516765207_f9ab77023918e4c2b919_72.png",
            "first_name": "Erik",
            "real_name": "Erik Dietrich",
            "display_name": "Erik Dietrich",
            "team": "TJE58GTJL",
            "name": "erik",
            "is_restricted": false,
            "is_ultra_restricted": false
        },
        "blocks": [
            {
                "type": "rich_text",
                "block_id": "v9or6",
                "elements": [
                    {
                        "type": "rich_text_section",
                        "elements": [
                            {
                                "type": "text",
                                "text": "I might know someone. There's an author in our author pool that's itching to write about crypto.  I'm taking vacation until Monday, but if it can wait, feel free to email me. I think you've still got my email from when we chatted live. Good to see you, BTW "
                            },
                            {
                                "type": "emoji",
                                "name": "smile"
                            }
                        ]
                    }
                ]
            }
        ],
        "thread_ts": "1633676805.349900",
        "parent_user_id": "U01MW6DPU72"
    },
    {
        "client_msg_id": "444cf66d-1117-49d8-bb4b-0c6368158abf",
        "type": "message",
        "text": "Thanks Erik! I'll send you an email. Good to see you around here too :ok_hand:",
        "user": "U01MW6DPU72",
        "ts": "1633677428.350200",
        "team": "TJE58GTJL",
        "user_team": "TJE58GTJL",
        "source_team": "TJE58GTJL",
        "user_profile": {
            "avatar_hash": "g2ab21f412c3",
            "image_72": "https:\/\/secure.gravatar.com\/avatar\/2ab21f412c3215ee2b3c2994772c589e.jpg?s=72&d=https%3A%2F%2Fa.slack-edge.com%2Fdf10d%2Fimg%2Favatars%2Fava_0024-72.png",
            "first_name": "Araminta",
            "real_name": "Araminta Robertson",
            "display_name": "Araminta Robertson",
            "team": "TJE58GTJL",
            "name": "robertsona98",
            "is_restricted": false,
            "is_ultra_restricted": false
        },
        "blocks": [
            {
                "type": "rich_text",
                "block_id": "Hy+",
                "elements": [
                    {
                        "type": "rich_text_section",
                        "elements": [
                            {
                                "type": "text",
                                "text": "Thanks Erik! I'll send you an email. Good to see you around here too "
                            },
                            {
                                "type": "emoji",
                                "name": "ok_hand"
                            }
                        ]
                    }
                ]
            }
        ],
        "thread_ts": "1633676805.349900",
        "parent_user_id": "U01MW6DPU72"
    },
    {
        "client_msg_id": "cf25eacf-fa9a-4bbf-a230-3079bf0a49c1",
        "type": "message",
        "text": "Hi <@U01MW6DPU72> please check your chat, thank you",
        "user": "U02CUM2LDAN",
        "ts": "1633679461.350400",
        "team": "TJE58GTJL",
        "user_team": "TJE58GTJL",
        "source_team": "TJE58GTJL",
        "user_profile": {
            "avatar_hash": "458609281ce7",
            "image_72": "https:\/\/avatars.slack-edge.com\/2021-09-17\/2505725073522_458609281ce79c30fb91_72.jpg",
            "first_name": "Faith",
            "real_name": "Faith Ekanem",
            "display_name": "Faith Ekanem",
            "team": "TJE58GTJL",
            "name": "faithbibok",
            "is_restricted": false,
            "is_ultra_restricted": false
        },
        "blocks": [
            {
                "type": "rich_text",
                "block_id": "uZ9",
                "elements": [
                    {
                        "type": "rich_text_section",
                        "elements": [
                            {
                                "type": "text",
                                "text": "Hi "
                            },
                            {
                                "type": "user",
                                "user_id": "U01MW6DPU72"
                            },
                            {
                                "type": "text",
                                "text": " please check your chat, thank you"
                            }
                        ]
                    }
                ]
            }
        ],
        "thread_ts": "1633676805.349900",
        "parent_user_id": "U01MW6DPU72"
    },
    {
        "client_msg_id": "fe76620d-f81c-4ae1-8c13-731341e9a885",
        "type": "message",
        "text": "We do this at my company (Draft.dev), but if you want to manage your own writers, this list will get you some applications: <https:\/\/github.com\/malgamves\/CommunityWriterPrograms|https:\/\/github.com\/malgamves\/CommunityWriterPrograms>",
        "user": "U029CTQ5X6Y",
        "ts": "1633689857.351000",
        "team": "TJE58GTJL",
        "user_team": "TJE58GTJL",
        "source_team": "TJE58GTJL",
        "user_profile": {
            "avatar_hash": "4d1afd4712b9",
            "image_72": "https:\/\/avatars.slack-edge.com\/2021-07-26\/2312909469026_4d1afd4712b9f77f1af8_72.jpg",
            "first_name": "Karl",
            "real_name": "Karl Hughes",
            "display_name": "Karl (Draft.dev)",
            "team": "TJE58GTJL",
            "name": "khughes.me",
            "is_restricted": false,
            "is_ultra_restricted": false
        },
        "attachments": [
            {
                "service_name": "GitHub",
                "title": "GitHub - malgamves\/CommunityWriterPrograms: A list of Developer Community Writer Programs",
                "title_link": "https:\/\/github.com\/malgamves\/CommunityWriterPrograms",
                "text": "A list of Developer Community Writer Programs. Contribute to malgamves\/CommunityWriterPrograms development by creating an account on GitHub.",
                "fallback": "GitHub: GitHub - malgamves\/CommunityWriterPrograms: A list of Developer Community Writer Programs",
                "image_url": "https:\/\/opengraph.githubassets.com\/e5e928f0bd08f98e020e8b2540642eec12bb5793b13c557aa8718c0346a876eb\/malgamves\/CommunityWriterPrograms",
                "image_width": 500,
                "image_height": 250,
                "from_url": "https:\/\/github.com\/malgamves\/CommunityWriterPrograms",
                "image_bytes": 129701,
                "service_icon": "https:\/\/a.slack-edge.com\/80588\/img\/unfurl_icons\/github.png",
                "id": 1,
                "original_url": "https:\/\/github.com\/malgamves\/CommunityWriterPrograms"
            }
        ],
        "blocks": [
            {
                "type": "rich_text",
                "block_id": "ho0PP",
                "elements": [
                    {
                        "type": "rich_text_section",
                        "elements": [
                            {
                                "type": "text",
                                "text": "We do this at my company (Draft.dev), but if you want to manage your own writers, this list will get you some applications: "
                            },
                            {
                                "type": "link",
                                "url": "https:\/\/github.com\/malgamves\/CommunityWriterPrograms",
                                "text": "https:\/\/github.com\/malgamves\/CommunityWriterPrograms"
                            }
                        ]
                    }
                ]
            }
        ],
        "thread_ts": "1633604007.342300",
        "parent_user_id": "U02728VQ001",
        "reactions": [
            {
                "name": "fire",
                "users": [
                    "U02AUQ0KMGC"
                ],
                "count": 1
            }
        ]
    },
    {
        "client_msg_id": "21c0f9ac-c238-4bd1-bbf6-4ea4e2f9326f",
        "type": "message",
        "text": "Thanks, Karl. Let's connect on DM? Would love to know more about your offering!",
        "user": "U02728VQ001",
        "ts": "1633691118.351300",
        "team": "TJE58GTJL",
        "user_team": "TJE58GTJL",
        "source_team": "TJE58GTJL",
        "user_profile": {
            "avatar_hash": "ca619816d44a",
            "image_72": "https:\/\/avatars.slack-edge.com\/2021-07-20\/2277751032359_ca619816d44a9a01d7c0_72.jpg",
            "first_name": "Shubham",
            "real_name": "Shubham",
            "display_name": "Shubham",
            "team": "TJE58GTJL",
            "name": "hackershubham",
            "is_restricted": false,
            "is_ultra_restricted": false
        },
        "blocks": [
            {
                "type": "rich_text",
                "block_id": "S8pUL",
                "elements": [
                    {
                        "type": "rich_text_section",
                        "elements": [
                            {
                                "type": "text",
                                "text": "Thanks, Karl. Let's connect on DM? Would love to know more about your offering!"
                            }
                        ]
                    }
                ]
            }
        ],
        "thread_ts": "1633604007.342300",
        "parent_user_id": "U02728VQ001"
    },
    {
        "client_msg_id": "4b87d033-b3dd-42a4-821d-1fc51a815ade",
        "type": "message",
        "text": "<@U02625MJG3W> I would love to help with technical content writing. Please feel free to DM me. Thanks!",
        "user": "U02GMMQ281W",
        "ts": "1633701963.352400",
        "team": "TJE58GTJL",
        "user_team": "TJE58GTJL",
        "source_team": "TJE58GTJL",
        "user_profile": {
            "avatar_hash": "e1131d2dfd73",
            "image_72": "https:\/\/avatars.slack-edge.com\/2021-10-12\/2589760574406_e1131d2dfd73f2e7db3e_72.png",
            "first_name": "Amanda",
            "real_name": "Amanda S.",
            "display_name": "Amanda",
            "team": "TJE58GTJL",
            "name": "theglamtechie",
            "is_restricted": false,
            "is_ultra_restricted": false
        },
        "blocks": [
            {
                "type": "rich_text",
                "block_id": "u0Ju",
                "elements": [
                    {
                        "type": "rich_text_section",
                        "elements": [
                            {
                                "type": "user",
                                "user_id": "U02625MJG3W"
                            },
                            {
                                "type": "text",
                                "text": " I would love to help with technical content writing. Please feel free to DM me. Thanks!"
                            }
                        ]
                    }
                ]
            }
        ],
        "thread_ts": "1633619963.345800",
        "parent_user_id": "U02625MJG3W"
    },
    {
        "client_msg_id": "c1bbd6eb-e770-4f93-bfda-6e0f66c5233d",
        "type": "message",
        "text": "<@U01MW6DPU72> check DM, please)",
        "user": "U01K3VD3154",
        "ts": "1633702360.354800",
        "team": "TJE58GTJL",
        "user_team": "TJE58GTJL",
        "source_team": "TJE58GTJL",
        "user_profile": {
            "avatar_hash": "344b2bdfd4e4",
            "image_72": "https:\/\/avatars.slack-edge.com\/2021-12-24\/2880772375011_344b2bdfd4e4a027d9a5_72.png",
            "first_name": "Liana",
            "real_name": "Liana",
            "display_name": "Liana",
            "team": "TJE58GTJL",
            "name": "lianasimonyan98",
            "is_restricted": false,
            "is_ultra_restricted": false
        },
        "blocks": [
            {
                "type": "rich_text",
                "block_id": "ib38L",
                "elements": [
                    {
                        "type": "rich_text_section",
                        "elements": [
                            {
                                "type": "user",
                                "user_id": "U01MW6DPU72"
                            },
                            {
                                "type": "text",
                                "text": " check DM, please)"
                            }
                        ]
                    }
                ]
            }
        ],
        "thread_ts": "1633676805.349900",
        "parent_user_id": "U01MW6DPU72"
    },
    {
        "client_msg_id": "c2764288-5e54-471f-8525-ae04773fc210",
        "type": "message",
        "text": "Hey <@U02GMMQ281W> thanks for the interest! Can you message me some context on your experience and any relevant clips? Thanks :slightly_smiling_face:",
        "user": "U02625MJG3W",
        "ts": "1633707638.356800",
        "team": "TJE58GTJL",
        "user_team": "TJE58GTJL",
        "source_team": "TJE58GTJL",
        "user_profile": {
            "avatar_hash": "eb63dbb8c37a",
            "image_72": "https:\/\/avatars.slack-edge.com\/2021-06-23\/2197164176230_eb63dbb8c37a7c141608_72.png",
            "first_name": "Allie",
            "real_name": "Allie Dyer Bluemel",
            "display_name": "Allie",
            "team": "TJE58GTJL",
            "name": "allie202",
            "is_restricted": false,
            "is_ultra_restricted": false
        },
        "blocks": [
            {
                "type": "rich_text",
                "block_id": "gPKU",
                "elements": [
                    {
                        "type": "rich_text_section",
                        "elements": [
                            {
                                "type": "text",
                                "text": "Hey "
                            },
                            {
                                "type": "user",
                                "user_id": "U02GMMQ281W"
                            },
                            {
                                "type": "text",
                                "text": " thanks for the interest! Can you message me some context on your experience and any relevant clips? Thanks "
                            },
                            {
                                "type": "emoji",
                                "name": "slightly_smiling_face"
                            }
                        ]
                    }
                ]
            }
        ],
        "thread_ts": "1633619963.345800",
        "parent_user_id": "U02625MJG3W"
    }
]