[
    {
        "client_msg_id": "6ed152dd-f007-4aa6-8318-1bab97bd9a8a",
        "type": "message",
        "text": "<@U0236PYP3SR> lovely to see you here – when’s you’re next masterclass btw?",
        "user": "U02GZ08AT62",
        "ts": "1634029361.366000",
        "team": "TJE58GTJL",
        "user_team": "TJE58GTJL",
        "source_team": "TJE58GTJL",
        "user_profile": {
            "avatar_hash": "9e27585728ea",
            "image_72": "https:\/\/avatars.slack-edge.com\/2021-10-12\/2590620697829_9e27585728ea798168c2_72.jpg",
            "first_name": "Chauntelle",
            "real_name": "Chauntelle Lewis",
            "display_name": "Chauntelle Lewis",
            "team": "TJE58GTJL",
            "name": "cjnlewis93",
            "is_restricted": false,
            "is_ultra_restricted": false
        },
        "blocks": [
            {
                "type": "rich_text",
                "block_id": "aAS",
                "elements": [
                    {
                        "type": "rich_text_section",
                        "elements": [
                            {
                                "type": "user",
                                "user_id": "U0236PYP3SR"
                            },
                            {
                                "type": "text",
                                "text": " lovely to see you here – when’s you’re next masterclass btw?"
                            }
                        ]
                    }
                ]
            }
        ],
        "thread_ts": "1631726633.195400",
        "parent_user_id": "U0236PYP3SR"
    },
    {
        "client_msg_id": "7db623b5-9d19-4539-9b8d-4ec6cbcd95ea",
        "type": "message",
        "text": "Hey Araminta,\nI can write great content on blockchain based tech. Let's connect over the DMs to discuss the details?",
        "user": "U02CT9E6R6K",
        "ts": "1634032258.366200",
        "team": "TJE58GTJL",
        "user_team": "TJE58GTJL",
        "source_team": "TJE58GTJL",
        "user_profile": {
            "avatar_hash": "29c9831dadda",
            "image_72": "https:\/\/avatars.slack-edge.com\/2021-09-04\/2479965140864_29c9831dadda64b4522a_72.png",
            "first_name": "Prakhar",
            "real_name": "Prakhar Kaushik",
            "display_name": "Prakhar Kaushik",
            "team": "TJE58GTJL",
            "name": "kaushikprakhar8",
            "is_restricted": false,
            "is_ultra_restricted": false
        },
        "blocks": [
            {
                "type": "rich_text",
                "block_id": "bMRjY",
                "elements": [
                    {
                        "type": "rich_text_section",
                        "elements": [
                            {
                                "type": "text",
                                "text": "Hey Araminta,\nI can write great content on blockchain based tech. Let's connect over the DMs to discuss the details?"
                            }
                        ]
                    }
                ]
            }
        ],
        "thread_ts": "1633676805.349900",
        "parent_user_id": "U01MW6DPU72"
    },
    {
        "client_msg_id": "bc216320-44d6-4733-aafd-9a42f47b386b",
        "type": "message",
        "text": "<@U02GZ08AT62> - TBD! I’m actually working on a new masterclass all about freelance pricing that I plan to host in early 2022. But I can DM you the link to the replay. :slightly_smiling_face:",
        "user": "U0236PYP3SR",
        "ts": "1634049343.366600",
        "team": "TJE58GTJL",
        "user_team": "TJE58GTJL",
        "source_team": "TJE58GTJL",
        "user_profile": {
            "avatar_hash": "151ef26d495d",
            "image_72": "https:\/\/avatars.slack-edge.com\/2021-05-27\/2105651351574_151ef26d495d8461f6e5_72.jpg",
            "first_name": "Jasmine",
            "real_name": "Jasmine Williams",
            "display_name": "Jasmine Williams",
            "team": "TJE58GTJL",
            "name": "hello426",
            "is_restricted": false,
            "is_ultra_restricted": false
        },
        "blocks": [
            {
                "type": "rich_text",
                "block_id": "K+eBS",
                "elements": [
                    {
                        "type": "rich_text_section",
                        "elements": [
                            {
                                "type": "user",
                                "user_id": "U02GZ08AT62"
                            },
                            {
                                "type": "text",
                                "text": " - TBD! I’m actually working on a new masterclass all about freelance pricing that I plan to host in early 2022. But I can DM you the link to the replay. "
                            },
                            {
                                "type": "emoji",
                                "name": "slightly_smiling_face"
                            }
                        ]
                    }
                ]
            }
        ],
        "thread_ts": "1631726633.195400",
        "parent_user_id": "U0236PYP3SR",
        "reactions": [
            {
                "name": "eyes",
                "users": [
                    "U02GZ08AT62"
                ],
                "count": 1
            }
        ]
    }
]