[
    {
        "client_msg_id": "d72064b7-6373-4bea-b6fa-249f00d64de9",
        "type": "message",
        "text": "Awesome blog <@UJE6FLEFJ>. I have been binge reading and also signed up for the newsletter.:hugging_face:",
        "user": "U02REG4FP43",
        "ts": "1640265343.042200",
        "team": "TJE58GTJL",
        "user_team": "TJE58GTJL",
        "source_team": "TJE58GTJL",
        "user_profile": {
            "avatar_hash": "0bee41f52079",
            "image_72": "https:\/\/avatars.slack-edge.com\/2022-04-29\/3464450038996_0bee41f520791285e3c0_72.jpg",
            "first_name": "Isioma",
            "real_name": "Isioma Ogwuda",
            "display_name": "Isioma Ogwuda",
            "team": "TJE58GTJL",
            "name": "docontentright",
            "is_restricted": false,
            "is_ultra_restricted": false
        },
        "blocks": [
            {
                "type": "rich_text",
                "block_id": "1B\/U1",
                "elements": [
                    {
                        "type": "rich_text_section",
                        "elements": [
                            {
                                "type": "text",
                                "text": "Awesome blog "
                            },
                            {
                                "type": "user",
                                "user_id": "UJE6FLEFJ"
                            },
                            {
                                "type": "text",
                                "text": ". I have been binge reading and also signed up for the newsletter."
                            },
                            {
                                "type": "emoji",
                                "name": "hugging_face"
                            }
                        ]
                    }
                ]
            }
        ],
        "thread_ts": "1640200301.039900",
        "parent_user_id": "U02REG4FP43",
        "reactions": [
            {
                "name": "heart",
                "users": [
                    "UJE6FLEFJ"
                ],
                "count": 1
            }
        ]
    },
    {
        "client_msg_id": "8e28c025-3d7f-47f1-89e6-20274fcbe369",
        "type": "message",
        "text": "<@U02M83NQ10U> this totally makes sense - and that's actually how I usually operate. I've been writing Whitelabel for agencies for about 5 years now. I'm kinda over it. Or rather - I'm  over the \"writing everything under the sun random stuff\" and want to focus my attention on one topic, or one field. I can always go back to  generalist - I've 5 years of content to prove it...right! :slightly_smiling_face:",
        "user": "U02CVNB3X1T",
        "ts": "1640271034.043000",
        "team": "TJE58GTJL",
        "user_team": "TJE58GTJL",
        "source_team": "TJE58GTJL",
        "user_profile": {
            "avatar_hash": "a98cd79fc67b",
            "image_72": "https:\/\/avatars.slack-edge.com\/2021-12-28\/2891088304196_a98cd79fc67b29986082_72.png",
            "first_name": "Julie",
            "real_name": "Julie Simpson",
            "display_name": "Julie Simpson",
            "team": "TJE58GTJL",
            "name": "jujuklu",
            "is_restricted": false,
            "is_ultra_restricted": false
        },
        "edited": {
            "user": "U02CVNB3X1T",
            "ts": "1640271091.000000"
        },
        "blocks": [
            {
                "type": "rich_text",
                "block_id": "Ia6",
                "elements": [
                    {
                        "type": "rich_text_section",
                        "elements": [
                            {
                                "type": "user",
                                "user_id": "U02M83NQ10U"
                            },
                            {
                                "type": "text",
                                "text": " this totally makes sense - and that's actually how I usually operate. I've been writing Whitelabel for agencies for about 5 years now. I'm kinda over it. Or rather - I'm  over the \"writing everything under the sun random stuff\" and want to focus my attention on one topic, or one field. I can always go back to  generalist - I've 5 years of content to prove it...right! "
                            },
                            {
                                "type": "emoji",
                                "name": "slightly_smiling_face"
                            }
                        ]
                    }
                ]
            }
        ],
        "thread_ts": "1640033680.010300",
        "parent_user_id": "U02CVNB3X1T"
    },
    {
        "client_msg_id": "f8c51727-3e8f-44a8-94d9-699b845981c9",
        "type": "message",
        "text": "<@U02AR2XSN1M> paid version of toggltrack or is there an unpaid?\n\nI've been getting overwhelmed with the number of subscriptions on my arms.",
        "user": "U02Q3JRH2P9",
        "ts": "1640273898.043300",
        "team": "TJE58GTJL",
        "user_team": "TJE58GTJL",
        "source_team": "TJE58GTJL",
        "user_profile": {
            "avatar_hash": "g9b10186b409",
            "image_72": "https:\/\/secure.gravatar.com\/avatar\/9b10186b4095f5f19853cf1f57a0081d.jpg?s=72&d=https%3A%2F%2Fa.slack-edge.com%2Fdf10d%2Fimg%2Favatars%2Fava_0021-72.png",
            "first_name": "Karandeep",
            "real_name": "Karandeep Arora",
            "display_name": "KD",
            "team": "TJE58GTJL",
            "name": "karanarora1892",
            "is_restricted": false,
            "is_ultra_restricted": false
        },
        "blocks": [
            {
                "type": "rich_text",
                "block_id": "Xr4Cz",
                "elements": [
                    {
                        "type": "rich_text_section",
                        "elements": [
                            {
                                "type": "user",
                                "user_id": "U02AR2XSN1M"
                            },
                            {
                                "type": "text",
                                "text": " paid version of toggltrack or is there an unpaid?\n\nI've been getting overwhelmed with the number of subscriptions on my arms."
                            }
                        ]
                    }
                ]
            }
        ],
        "thread_ts": "1639174209.436700",
        "parent_user_id": "U02Q67WK4LS"
    },
    {
        "client_msg_id": "e95bcc87-c653-41d4-b129-c7a4fd9ec141",
        "type": "message",
        "text": "Yep <@U02Q3JRH2P9> there's a free version, I use paid mainly for the billable rates feature, as it gives me an accurate snapshot of how I'm tracking for the month",
        "user": "U02AR2XSN1M",
        "ts": "1640307383.043500",
        "team": "TJE58GTJL",
        "user_team": "TJE58GTJL",
        "source_team": "TJE58GTJL",
        "user_profile": {
            "avatar_hash": "b0fa34c3f8f5",
            "image_72": "https:\/\/avatars.slack-edge.com\/2021-08-16\/2368450553975_b0fa34c3f8f5e02f6b43_72.jpg",
            "first_name": "Leonie",
            "real_name": "Leonie Waldron",
            "display_name": "Leonie Waldron",
            "team": "TJE58GTJL",
            "name": "leonie",
            "is_restricted": false,
            "is_ultra_restricted": false
        },
        "blocks": [
            {
                "type": "rich_text",
                "block_id": "Fdibd",
                "elements": [
                    {
                        "type": "rich_text_section",
                        "elements": [
                            {
                                "type": "text",
                                "text": "Yep "
                            },
                            {
                                "type": "user",
                                "user_id": "U02Q3JRH2P9"
                            },
                            {
                                "type": "text",
                                "text": " there's a free version, I use paid mainly for the billable rates feature, as it gives me an accurate snapshot of how I'm tracking for the month"
                            }
                        ]
                    }
                ]
            }
        ],
        "thread_ts": "1639174209.436700",
        "parent_user_id": "U02Q67WK4LS"
    }
]