[
    {
        "client_msg_id": "7f996f46-7120-44dc-83a6-ffcde097bfcf",
        "type": "message",
        "text": "A question for freelance writers in the B2B SaaS niche: How many 1500-word articles do you usually write in a week? I mentioned the word count just for reference.",
        "user": "U025J1947A6",
        "ts": "1624087230.148800",
        "team": "TJE58GTJL",
        "user_team": "TJE58GTJL",
        "source_team": "TJE58GTJL",
        "user_profile": {
            "avatar_hash": "gffeba70cafa",
            "image_72": "https:\/\/secure.gravatar.com\/avatar\/ffeba70cafa2189c76a63f62a546ef65.jpg?s=72&d=https%3A%2F%2Fa.slack-edge.com%2Fdf10d%2Fimg%2Favatars%2Fava_0003-72.png",
            "first_name": "Indrajeet",
            "real_name": "Indrajeet Deshpande",
            "display_name": "Indrajeet",
            "team": "TJE58GTJL",
            "name": "indrajeet1990",
            "is_restricted": false,
            "is_ultra_restricted": false
        },
        "blocks": [
            {
                "type": "rich_text",
                "block_id": "6s\/\/",
                "elements": [
                    {
                        "type": "rich_text_section",
                        "elements": [
                            {
                                "type": "text",
                                "text": "A question for freelance writers in the B2B SaaS niche: How many 1500-word articles do you usually write in a week? I mentioned the word count just for reference."
                            }
                        ]
                    }
                ]
            }
        ],
        "thread_ts": "1624087230.148800",
        "reply_count": 4,
        "reply_users_count": 4,
        "latest_reply": "1624396709.161900",
        "reply_users": [
            "U01FUP6AMEZ",
            "U024Z91H0KC",
            "U012GHRAHDK",
            "UJE6FLEFJ"
        ],
        "replies": [
            {
                "user": "U01FUP6AMEZ",
                "ts": "1624280600.149400"
            },
            {
                "user": "U024Z91H0KC",
                "ts": "1624283984.154400"
            },
            {
                "user": "U012GHRAHDK",
                "ts": "1624285184.154700"
            },
            {
                "user": "UJE6FLEFJ",
                "ts": "1624396709.161900"
            }
        ],
        "is_locked": false,
        "subscribed": false
    },
    {
        "client_msg_id": "da782e0f-1a5d-48d1-9120-ed442b850edb",
        "type": "message",
        "text": "DMed!",
        "user": "U025J1947A6",
        "ts": "1624105451.148900",
        "team": "TJE58GTJL",
        "user_team": "TJE58GTJL",
        "source_team": "TJE58GTJL",
        "user_profile": {
            "avatar_hash": "gffeba70cafa",
            "image_72": "https:\/\/secure.gravatar.com\/avatar\/ffeba70cafa2189c76a63f62a546ef65.jpg?s=72&d=https%3A%2F%2Fa.slack-edge.com%2Fdf10d%2Fimg%2Favatars%2Fava_0003-72.png",
            "first_name": "Indrajeet",
            "real_name": "Indrajeet Deshpande",
            "display_name": "Indrajeet",
            "team": "TJE58GTJL",
            "name": "indrajeet1990",
            "is_restricted": false,
            "is_ultra_restricted": false
        },
        "blocks": [
            {
                "type": "rich_text",
                "block_id": "Y+aJ",
                "elements": [
                    {
                        "type": "rich_text_section",
                        "elements": [
                            {
                                "type": "text",
                                "text": "DMed!"
                            }
                        ]
                    }
                ]
            }
        ],
        "thread_ts": "1623791022.130800",
        "parent_user_id": "U020GLH1U10"
    },
    {
        "client_msg_id": "bbb6b8cd-1679-45c0-b8ea-e198dd8fb555",
        "type": "message",
        "text": "DMed!",
        "user": "U025J1947A6",
        "ts": "1624105474.149100",
        "team": "TJE58GTJL",
        "user_team": "TJE58GTJL",
        "source_team": "TJE58GTJL",
        "user_profile": {
            "avatar_hash": "gffeba70cafa",
            "image_72": "https:\/\/secure.gravatar.com\/avatar\/ffeba70cafa2189c76a63f62a546ef65.jpg?s=72&d=https%3A%2F%2Fa.slack-edge.com%2Fdf10d%2Fimg%2Favatars%2Fava_0003-72.png",
            "first_name": "Indrajeet",
            "real_name": "Indrajeet Deshpande",
            "display_name": "Indrajeet",
            "team": "TJE58GTJL",
            "name": "indrajeet1990",
            "is_restricted": false,
            "is_ultra_restricted": false
        },
        "blocks": [
            {
                "type": "rich_text",
                "block_id": "1HZt",
                "elements": [
                    {
                        "type": "rich_text_section",
                        "elements": [
                            {
                                "type": "text",
                                "text": "DMed!"
                            }
                        ]
                    }
                ]
            }
        ],
        "thread_ts": "1623684037.114000",
        "parent_user_id": "U0166H7KUAZ"
    }
]