[
    {
        "client_msg_id": "5f2eca76-572a-4b1d-8c70-097ded4acff2",
        "type": "message",
        "text": "Hi folks, I replied to one of <@U027KKWUY12>’s earlier posts and can vouch for his great work helping me out of a couple of jams the past two weeks. DM me if you like.",
        "user": "UN3RHBFBK",
        "ts": "1632508897.272200",
        "team": "TJE58GTJL",
        "user_team": "TJE58GTJL",
        "source_team": "TJE58GTJL",
        "user_profile": {
            "avatar_hash": "7699d1ebbced",
            "image_72": "https:\/\/avatars.slack-edge.com\/2019-09-13\/762155947638_7699d1ebbcede1be9642_72.jpg",
            "first_name": "Jennifer",
            "real_name": "Jennifer Oladipo",
            "display_name": "Jennifer Oladipo",
            "team": "TJE58GTJL",
            "name": "jennifer",
            "is_restricted": false,
            "is_ultra_restricted": false
        },
        "blocks": [
            {
                "type": "rich_text",
                "block_id": "1JZUi",
                "elements": [
                    {
                        "type": "rich_text_section",
                        "elements": [
                            {
                                "type": "text",
                                "text": "Hi folks, I replied to one of "
                            },
                            {
                                "type": "user",
                                "user_id": "U027KKWUY12"
                            },
                            {
                                "type": "text",
                                "text": "’s earlier posts and can vouch for his great work helping me out of a couple of jams the past two weeks. DM me if you like."
                            }
                        ]
                    }
                ]
            }
        ],
        "thread_ts": "1632421815.266800",
        "parent_user_id": "U027KKWUY12"
    },
    {
        "client_msg_id": "B1F59B52-C3B9-4B4C-82EF-925948E9F215",
        "type": "message",
        "text": "Thanks Jennifer. :pleading_face:",
        "user": "U027KKWUY12",
        "ts": "1632512343.272800",
        "team": "TJE58GTJL",
        "user_team": "TJE58GTJL",
        "source_team": "TJE58GTJL",
        "user_profile": {
            "avatar_hash": "f2176ca29ce5",
            "image_72": "https:\/\/avatars.slack-edge.com\/2021-07-14\/2268394227302_f2176ca29ce5a159a5bb_72.png",
            "first_name": "Lapite",
            "real_name": "Lapite Olamide",
            "display_name": "Olamide",
            "team": "TJE58GTJL",
            "name": "lapite3",
            "is_restricted": false,
            "is_ultra_restricted": false
        },
        "blocks": [
            {
                "type": "rich_text",
                "block_id": "gA1Uh",
                "elements": [
                    {
                        "type": "rich_text_section",
                        "elements": [
                            {
                                "type": "text",
                                "text": "Thanks Jennifer. "
                            },
                            {
                                "type": "emoji",
                                "name": "pleading_face"
                            }
                        ]
                    }
                ]
            }
        ],
        "thread_ts": "1632421815.266800",
        "parent_user_id": "U027KKWUY12"
    },
    {
        "client_msg_id": "9a8d429c-2b13-4601-93ab-d365258f7721",
        "type": "message",
        "text": "<@U0193LNFJCR> Thank you for sharing! Did you get a reply from them though after filling in the details? It has been over a week now but I haven't heard from them. Are they legit?",
        "user": "U02AUQ0KMGC",
        "ts": "1632513697.273000",
        "team": "TJE58GTJL",
        "user_team": "TJE58GTJL",
        "source_team": "TJE58GTJL",
        "user_profile": {
            "avatar_hash": "3e360cf5635d",
            "image_72": "https:\/\/avatars.slack-edge.com\/2021-08-18\/2386614445190_3e360cf5635de24d8bd7_72.jpg",
            "first_name": "Priyanshu",
            "real_name": "Priyanshu Chhazed",
            "display_name": "Priyanshu Chhazed",
            "team": "TJE58GTJL",
            "name": "chhazedpriyanshu",
            "is_restricted": false,
            "is_ultra_restricted": false
        },
        "blocks": [
            {
                "type": "rich_text",
                "block_id": "HJf4C",
                "elements": [
                    {
                        "type": "rich_text_section",
                        "elements": [
                            {
                                "type": "user",
                                "user_id": "U0193LNFJCR"
                            },
                            {
                                "type": "text",
                                "text": " Thank you for sharing! Did you get a reply from them though after filling in the details? It has been over a week now but I haven't heard from them. Are they legit?"
                            }
                        ]
                    }
                ]
            }
        ],
        "thread_ts": "1631719288.190700",
        "parent_user_id": "U0193LNFJCR"
    }
]