[
    {
        "client_msg_id": "C0178A2F-7CE0-426E-953A-5B1039D29453",
        "type": "message",
        "text": "Out of curiosity <@U02A8UR3Z60> , why doesn’t ClassPass pay these writers?",
        "user": "U02BUCR0FLH",
        "ts": "1632082568.218000",
        "team": "TJE58GTJL",
        "user_team": "TJE58GTJL",
        "source_team": "TJE58GTJL",
        "user_profile": {
            "avatar_hash": "d377d93dfca6",
            "image_72": "https:\/\/avatars.slack-edge.com\/2021-08-17\/2396018072228_d377d93dfca667c23b12_72.png",
            "first_name": "Allison",
            "real_name": "Allison G-F",
            "display_name": "",
            "team": "TJE58GTJL",
            "name": "aggfunes",
            "is_restricted": false,
            "is_ultra_restricted": false
        },
        "blocks": [
            {
                "type": "rich_text",
                "block_id": "=t1f",
                "elements": [
                    {
                        "type": "rich_text_section",
                        "elements": [
                            {
                                "type": "text",
                                "text": "Out of curiosity "
                            },
                            {
                                "type": "user",
                                "user_id": "U02A8UR3Z60"
                            },
                            {
                                "type": "text",
                                "text": " , why doesn’t ClassPass pay these writers?"
                            }
                        ]
                    }
                ]
            }
        ],
        "thread_ts": "1632082568.218000",
        "reply_count": 11,
        "reply_users_count": 4,
        "latest_reply": "1632270892.255400",
        "reply_users": [
            "U02A8UR3Z60",
            "U01FUP6AMEZ",
            "UJG9WTEKG",
            "UL9SA4C3T"
        ],
        "replies": [
            {
                "user": "U02A8UR3Z60",
                "ts": "1632136472.221600"
            },
            {
                "user": "U01FUP6AMEZ",
                "ts": "1632157478.222300"
            },
            {
                "user": "U02A8UR3Z60",
                "ts": "1632160242.225300"
            },
            {
                "user": "UJG9WTEKG",
                "ts": "1632167658.225900"
            },
            {
                "user": "UJG9WTEKG",
                "ts": "1632167795.226100"
            },
            {
                "user": "U01FUP6AMEZ",
                "ts": "1632171381.226400"
            },
            {
                "user": "U01FUP6AMEZ",
                "ts": "1632171467.226600"
            },
            {
                "user": "UJG9WTEKG",
                "ts": "1632172351.226800"
            },
            {
                "user": "UL9SA4C3T",
                "ts": "1632250250.252700"
            },
            {
                "user": "U02A8UR3Z60",
                "ts": "1632251081.252900"
            },
            {
                "user": "UL9SA4C3T",
                "ts": "1632270892.255400"
            }
        ],
        "is_locked": false,
        "subscribed": true,
        "last_read": "1632270892.255400",
        "reactions": [
            {
                "name": "100",
                "users": [
                    "U022WPACV4L",
                    "U02AUQ0KMGC",
                    "U02D5S6LX1P",
                    "URL9Z88MR",
                    "U02A8UR3Z60",
                    "U01KH3P18RZ",
                    "U01FUP6AMEZ",
                    "U020NR8J2SG",
                    "U02DKP0RP4N"
                ],
                "count": 9
            },
            {
                "name": "+1",
                "users": [
                    "UL9SA4C3T"
                ],
                "count": 1
            },
            {
                "name": "white_check_mark",
                "users": [
                    "U01K0BWEQD6"
                ],
                "count": 1
            }
        ]
    }
]