[
    {
        "client_msg_id": "7ab1c03e-48a6-44d4-9b0f-5c7ccd62aca6",
        "type": "message",
        "text": "Hey all, looking for freelance content writers for a B2B SaaS with an enterprise ecommerce target audience. Knowledge and experience in the ecommerce space is preferred. Does this sound like you? Please email me your portfolio: <mailto:lauren.lang@constructor.io|lauren.lang@constructor.io>. Thanks!",
        "user": "U025WLMJ60H",
        "ts": "1634403408.396100",
        "team": "TJE58GTJL",
        "user_team": "TJE58GTJL",
        "source_team": "TJE58GTJL",
        "user_profile": {
            "avatar_hash": "22714ac0fe36",
            "image_72": "https:\/\/avatars.slack-edge.com\/2021-09-07\/2470125097428_22714ac0fe369bedf1b2_72.png",
            "first_name": "Lauren",
            "real_name": "Lauren Lang",
            "display_name": "Lauren Lang",
            "team": "TJE58GTJL",
            "name": "langcontentmarketing",
            "is_restricted": false,
            "is_ultra_restricted": false
        },
        "blocks": [
            {
                "type": "rich_text",
                "block_id": "jY7",
                "elements": [
                    {
                        "type": "rich_text_section",
                        "elements": [
                            {
                                "type": "text",
                                "text": "Hey all, looking for freelance content writers for a B2B SaaS with an enterprise ecommerce target audience. Knowledge and experience in the ecommerce space is preferred. Does this sound like you? Please email me your portfolio: "
                            },
                            {
                                "type": "link",
                                "url": "mailto:lauren.lang@constructor.io",
                                "text": "lauren.lang@constructor.io"
                            },
                            {
                                "type": "text",
                                "text": ". Thanks!"
                            }
                        ]
                    }
                ]
            }
        ],
        "reactions": [
            {
                "name": "wave",
                "users": [
                    "U012GHRAHDK",
                    "UR41NSSLW",
                    "U02GMMQ281W",
                    "U01SP0Z5D33",
                    "U01J84U3SQ6",
                    "U01P833NGUT",
                    "U020HS8D4TX"
                ],
                "count": 7
            },
            {
                "name": "eyes",
                "users": [
                    "UJ57DB9BM",
                    "U022NPEBM18",
                    "U02F1GK6U6B"
                ],
                "count": 3
            }
        ]
    },
    {
        "client_msg_id": "746f9187-9f1f-4de7-843a-c0cf2178f820",
        "type": "message",
        "text": "Hey <@U02HCPXQEKH> how are you doing?",
        "user": "U02HD0L8HAP",
        "ts": "1634440352.396800",
        "team": "TJE58GTJL",
        "user_team": "TJE58GTJL",
        "source_team": "TJE58GTJL",
        "user_profile": {
            "avatar_hash": "675c42a91f65",
            "image_72": "https:\/\/avatars.slack-edge.com\/2022-01-10\/2928364816754_675c42a91f6571f4ac6b_72.jpg",
            "first_name": "Aanchal",
            "real_name": "Aanchal Parmar",
            "display_name": "Aanchal Parmar",
            "team": "TJE58GTJL",
            "name": "aanywrites",
            "is_restricted": false,
            "is_ultra_restricted": false
        },
        "blocks": [
            {
                "type": "rich_text",
                "block_id": "whV",
                "elements": [
                    {
                        "type": "rich_text_section",
                        "elements": [
                            {
                                "type": "text",
                                "text": "Hey "
                            },
                            {
                                "type": "user",
                                "user_id": "U02HCPXQEKH"
                            },
                            {
                                "type": "text",
                                "text": " how are you doing?"
                            }
                        ]
                    }
                ]
            }
        ],
        "thread_ts": "1634226827.391400",
        "parent_user_id": "U02HCPXQEKH"
    },
    {
        "client_msg_id": "b13e2479-fd04-41fc-a828-99b8a2c41937",
        "type": "message",
        "text": "Hello Writers!\n\nCodegiant, an end-to-end software development platform, is looking for technical writers - and by technical I mean - extremely technical writers.\n\nSome of our competitors include Atlassian, GitLab, GitHub.\n\nIf interested, feel free to reach out to me here on Slack or at <mailto:ankit@codegiant.io|ankit@codegiant.io>",
        "user": "U02HWBZS9QC",
        "ts": "1634449043.398500",
        "team": "TJE58GTJL",
        "user_team": "TJE58GTJL",
        "source_team": "TJE58GTJL",
        "user_profile": {
            "avatar_hash": "cea3c2adb719",
            "image_72": "https:\/\/avatars.slack-edge.com\/2021-12-23\/2879299611220_cea3c2adb71995b8fd88_72.jpg",
            "first_name": "Ankit",
            "real_name": "Ankit Vora",
            "display_name": "",
            "team": "TJE58GTJL",
            "name": "ankitplaynody",
            "is_restricted": false,
            "is_ultra_restricted": false
        },
        "blocks": [
            {
                "type": "rich_text",
                "block_id": "v3NOt",
                "elements": [
                    {
                        "type": "rich_text_section",
                        "elements": [
                            {
                                "type": "text",
                                "text": "Hello Writers!\n\nCodegiant, an end-to-end software development platform, is looking for technical writers - and by technical I mean - extremely technical writers.\n\nSome of our competitors include Atlassian, GitLab, GitHub.\n\nIf interested, feel free to reach out to me here on Slack or at "
                            },
                            {
                                "type": "link",
                                "url": "mailto:ankit@codegiant.io",
                                "text": "ankit@codegiant.io"
                            }
                        ]
                    }
                ]
            }
        ],
        "reactions": [
            {
                "name": "wave",
                "users": [
                    "U02GMMQ281W",
                    "U02625MJG3W"
                ],
                "count": 2
            }
        ]
    }
]