[
    {
        "client_msg_id": "30d9cb3a-af26-41b7-aeee-4ccefd591174",
        "type": "message",
        "text": "I'm looking for a UK-based *freelance SEO* to help tighten up the <http:\/\/dispatch.m.io|Mio blog>. I've got everything (he says) locked from from a content SEO perspective but need help with the super technical stuff.\nWe're missing out on a few #1 spots because people like Forbes and Business Insider have started to write about Microsoft Teams (our niche). Their articles are terrible but they have 100s of SEO staff and I'm sick of losing out.\n\nScope TBC so mostly just looking for availability in February at the moment. Happy to provide a case study.\n\n(No agencies please :slightly_smiling_face: )",
        "user": "UJJFDTN8G",
        "ts": "1636622888.129200",
        "team": "TJE58GTJL",
        "user_team": "TJE58GTJL",
        "source_team": "TJE58GTJL",
        "user_profile": {
            "avatar_hash": "gd91d89ae152",
            "image_72": "https:\/\/secure.gravatar.com\/avatar\/86d91d89ae1528e747f4a586668d5d87.jpg?s=72&d=https%3A%2F%2Fa.slack-edge.com%2Fdf10d%2Fimg%2Favatars%2Fava_0013-72.png",
            "first_name": "Dominic",
            "real_name": "Dominic Kent",
            "display_name": "Dom Kent",
            "team": "TJE58GTJL",
            "name": "dominic",
            "is_restricted": false,
            "is_ultra_restricted": false
        },
        "blocks": [
            {
                "type": "rich_text",
                "block_id": "L=s+w",
                "elements": [
                    {
                        "type": "rich_text_section",
                        "elements": [
                            {
                                "type": "text",
                                "text": "I'm looking for a UK-based "
                            },
                            {
                                "type": "text",
                                "text": "freelance SEO",
                                "style": {
                                    "bold": true
                                }
                            },
                            {
                                "type": "text",
                                "text": " to help tighten up the "
                            },
                            {
                                "type": "link",
                                "url": "http:\/\/dispatch.m.io",
                                "text": "Mio blog"
                            },
                            {
                                "type": "text",
                                "text": ". I've got everything (he says) locked from from a content SEO perspective but need help with the super technical stuff.\nWe're missing out on a few #1 spots because people like Forbes and Business Insider have started to write about Microsoft Teams (our niche). Their articles are terrible but they have 100s of SEO staff and I'm sick of losing out.\n\nScope TBC so mostly just looking for availability in February at the moment. Happy to provide a case study.\n\n(No agencies please "
                            },
                            {
                                "type": "emoji",
                                "name": "slightly_smiling_face"
                            },
                            {
                                "type": "text",
                                "text": " )"
                            }
                        ]
                    }
                ]
            }
        ],
        "thread_ts": "1636622888.129200",
        "reply_count": 7,
        "reply_users_count": 5,
        "latest_reply": "1636960999.140300",
        "reply_users": [
            "U012GHRAHDK",
            "UJJFDTN8G",
            "U01KH3P18RZ",
            "U01SP0Z5D33",
            "U01RSA9E9D4"
        ],
        "replies": [
            {
                "user": "U012GHRAHDK",
                "ts": "1636623022.129300"
            },
            {
                "user": "UJJFDTN8G",
                "ts": "1636623752.129500"
            },
            {
                "user": "U01KH3P18RZ",
                "ts": "1636645035.130700"
            },
            {
                "user": "U012GHRAHDK",
                "ts": "1636645351.131000"
            },
            {
                "user": "UJJFDTN8G",
                "ts": "1636646005.131200"
            },
            {
                "user": "U01SP0Z5D33",
                "ts": "1636667843.131600"
            },
            {
                "user": "U01RSA9E9D4",
                "ts": "1636960999.140300"
            }
        ],
        "is_locked": false,
        "subscribed": false
    },
    {
        "client_msg_id": "4a2bcd27-3d16-4649-be96-08ad99b13c52",
        "type": "message",
        "text": "Talk to Sam Underwood (<http:\/\/samunderwood.co.uk|samunderwood.co.uk>)",
        "user": "U012GHRAHDK",
        "ts": "1636623022.129300",
        "team": "TJE58GTJL",
        "user_team": "TJE58GTJL",
        "source_team": "TJE58GTJL",
        "user_profile": {
            "avatar_hash": "8ba0c4534568",
            "image_72": "https:\/\/avatars.slack-edge.com\/2022-04-12\/3401585222352_8ba0c45345680ce088ab_72.jpg",
            "first_name": "Deb",
            "real_name": "Deb Mukherjee",
            "display_name": "Deb Mukherjee",
            "team": "TJE58GTJL",
            "name": "debdut94",
            "is_restricted": false,
            "is_ultra_restricted": false
        },
        "blocks": [
            {
                "type": "rich_text",
                "block_id": "OqzQ",
                "elements": [
                    {
                        "type": "rich_text_section",
                        "elements": [
                            {
                                "type": "text",
                                "text": "Talk to Sam Underwood ("
                            },
                            {
                                "type": "link",
                                "url": "http:\/\/samunderwood.co.uk",
                                "text": "samunderwood.co.uk"
                            },
                            {
                                "type": "text",
                                "text": ")"
                            }
                        ]
                    }
                ]
            }
        ],
        "thread_ts": "1636622888.129200",
        "parent_user_id": "UJJFDTN8G"
    },
    {
        "client_msg_id": "89a77d21-86da-4a4b-bf78-1de11ae3e125",
        "type": "message",
        "text": "We're not ecommerce - which is the first thing on his site :slightly_smiling_face:",
        "user": "UJJFDTN8G",
        "ts": "1636623752.129500",
        "team": "TJE58GTJL",
        "user_team": "TJE58GTJL",
        "source_team": "TJE58GTJL",
        "user_profile": {
            "avatar_hash": "gd91d89ae152",
            "image_72": "https:\/\/secure.gravatar.com\/avatar\/86d91d89ae1528e747f4a586668d5d87.jpg?s=72&d=https%3A%2F%2Fa.slack-edge.com%2Fdf10d%2Fimg%2Favatars%2Fava_0013-72.png",
            "first_name": "Dominic",
            "real_name": "Dominic Kent",
            "display_name": "Dom Kent",
            "team": "TJE58GTJL",
            "name": "dominic",
            "is_restricted": false,
            "is_ultra_restricted": false
        },
        "blocks": [
            {
                "type": "rich_text",
                "block_id": "7HwcL",
                "elements": [
                    {
                        "type": "rich_text_section",
                        "elements": [
                            {
                                "type": "text",
                                "text": "We're not ecommerce - which is the first thing on his site "
                            },
                            {
                                "type": "emoji",
                                "name": "slightly_smiling_face"
                            }
                        ]
                    }
                ]
            }
        ],
        "thread_ts": "1636622888.129200",
        "parent_user_id": "UJJFDTN8G"
    },
    {
        "client_msg_id": "d152d0a3-5a62-487a-b38d-ec26a352d0fe",
        "type": "message",
        "text": ":wave:  I see a fairly huge issue immediately.\n\nYour blog is on a subdomain. That means it’s missing out on a ton of the value of the links pointing to your main domain (<http:\/\/m.io|m.io>).\n\nThat’s a big technical issue that will make ranking your blog content more challenging moving forward. (Why? Because Google sees domains as a separate site and subfolder as the same site.)",
        "user": "U01KH3P18RZ",
        "ts": "1636645035.130700",
        "team": "TJE58GTJL",
        "user_team": "TJE58GTJL",
        "source_team": "TJE58GTJL",
        "user_profile": {
            "avatar_hash": "fab0c6d48595",
            "image_72": "https:\/\/avatars.slack-edge.com\/2021-05-28\/2110157153414_fab0c6d48595c62a6594_72.jpg",
            "first_name": "Kai",
            "real_name": "Kai Davis",
            "display_name": "Kai (Your Shopify SEO Guy)",
            "team": "TJE58GTJL",
            "name": "kai",
            "is_restricted": false,
            "is_ultra_restricted": false
        },
        "edited": {
            "user": "U01KH3P18RZ",
            "ts": "1636645064.000000"
        },
        "blocks": [
            {
                "type": "rich_text",
                "block_id": "cmrZ",
                "elements": [
                    {
                        "type": "rich_text_section",
                        "elements": [
                            {
                                "type": "emoji",
                                "name": "wave"
                            },
                            {
                                "type": "text",
                                "text": "  I see a fairly huge issue immediately.\n\nYour blog is on a subdomain. That means it’s missing out on a ton of the value of the links pointing to your main domain ("
                            },
                            {
                                "type": "link",
                                "url": "http:\/\/m.io",
                                "text": "m.io"
                            },
                            {
                                "type": "text",
                                "text": ").\n\nThat’s a big technical issue that will make ranking your blog content more challenging moving forward. (Why? Because Google sees domains as a separate site and subfolder as the same site.)"
                            }
                        ]
                    }
                ]
            }
        ],
        "thread_ts": "1636622888.129200",
        "parent_user_id": "UJJFDTN8G",
        "reactions": [
            {
                "name": "raised_hands",
                "users": [
                    "U02GYR8TM96"
                ],
                "count": 1
            },
            {
                "name": "+1",
                "users": [
                    "U024D3CP77U"
                ],
                "count": 1
            }
        ]
    },
    {
        "client_msg_id": "33638ad3-9e1e-4ad5-9014-f8019d017e9b",
        "type": "message",
        "text": "He does general sites too but up to you.",
        "user": "U012GHRAHDK",
        "ts": "1636645351.131000",
        "team": "TJE58GTJL",
        "user_team": "TJE58GTJL",
        "source_team": "TJE58GTJL",
        "user_profile": {
            "avatar_hash": "8ba0c4534568",
            "image_72": "https:\/\/avatars.slack-edge.com\/2022-04-12\/3401585222352_8ba0c45345680ce088ab_72.jpg",
            "first_name": "Deb",
            "real_name": "Deb Mukherjee",
            "display_name": "Deb Mukherjee",
            "team": "TJE58GTJL",
            "name": "debdut94",
            "is_restricted": false,
            "is_ultra_restricted": false
        },
        "blocks": [
            {
                "type": "rich_text",
                "block_id": "2in",
                "elements": [
                    {
                        "type": "rich_text_section",
                        "elements": [
                            {
                                "type": "text",
                                "text": "He does general sites too but up to you."
                            }
                        ]
                    }
                ]
            }
        ],
        "thread_ts": "1636622888.129200",
        "parent_user_id": "UJJFDTN8G"
    },
    {
        "client_msg_id": "79c35844-9cb6-4c8f-bd98-75c67ceeb25c",
        "type": "message",
        "text": "<@U01KH3P18RZ> every single SEO says that when I ask any question about SEO on our blog. Not one single person has been able to prove (tangibly) that moving it would help. If you look at links to <http:\/\/m.io|m.io> on any tool, all the <http:\/\/dispatch.m.io|dispatch.m.io> links are included. Is it not the same the other way around",
        "user": "UJJFDTN8G",
        "ts": "1636646005.131200",
        "team": "TJE58GTJL",
        "user_team": "TJE58GTJL",
        "source_team": "TJE58GTJL",
        "user_profile": {
            "avatar_hash": "gd91d89ae152",
            "image_72": "https:\/\/secure.gravatar.com\/avatar\/86d91d89ae1528e747f4a586668d5d87.jpg?s=72&d=https%3A%2F%2Fa.slack-edge.com%2Fdf10d%2Fimg%2Favatars%2Fava_0013-72.png",
            "first_name": "Dominic",
            "real_name": "Dominic Kent",
            "display_name": "Dom Kent",
            "team": "TJE58GTJL",
            "name": "dominic",
            "is_restricted": false,
            "is_ultra_restricted": false
        },
        "blocks": [
            {
                "type": "rich_text",
                "block_id": "0aVe7",
                "elements": [
                    {
                        "type": "rich_text_section",
                        "elements": [
                            {
                                "type": "user",
                                "user_id": "U01KH3P18RZ"
                            },
                            {
                                "type": "text",
                                "text": " every single SEO says that when I ask any question about SEO on our blog. Not one single person has been able to prove (tangibly) that moving it would help. If you look at links to "
                            },
                            {
                                "type": "link",
                                "url": "http:\/\/m.io",
                                "text": "m.io"
                            },
                            {
                                "type": "text",
                                "text": " on any tool, all the "
                            },
                            {
                                "type": "link",
                                "url": "http:\/\/dispatch.m.io",
                                "text": "dispatch.m.io"
                            },
                            {
                                "type": "text",
                                "text": " links are included. Is it not the same the other way around"
                            }
                        ]
                    }
                ]
            }
        ],
        "thread_ts": "1636622888.129200",
        "parent_user_id": "UJJFDTN8G",
        "reactions": [
            {
                "name": "100",
                "users": [
                    "U022WPACV4L"
                ],
                "count": 1
            }
        ]
    },
    {
        "client_msg_id": "9d69ece6-c436-4aa4-ba25-b3a29e77f276",
        "type": "message",
        "text": "Danny Richman is a real expert SEO trainer and consultant. I have collaborated with him before on projects, and he is fantastic.   <https:\/\/www.seotraininglondon.org\/>",
        "user": "U01SP0Z5D33",
        "ts": "1636667843.131600",
        "team": "TJE58GTJL",
        "user_team": "TJE58GTJL",
        "source_team": "TJE58GTJL",
        "user_profile": {
            "avatar_hash": "828b75c9a94f",
            "image_72": "https:\/\/avatars.slack-edge.com\/2021-12-13\/2836757982275_828b75c9a94f85c85f9a_72.jpg",
            "first_name": "Mark",
            "real_name": "Mark Burdon",
            "display_name": "Mark Burdon",
            "team": "TJE58GTJL",
            "name": "mburdon",
            "is_restricted": false,
            "is_ultra_restricted": false
        },
        "attachments": [
            {
                "from_url": "https:\/\/www.seotraininglondon.org\/",
                "service_name": "Richman SEO Training",
                "title": "Private SEO Training in London UK - Want your website here?",
                "title_link": "https:\/\/www.seotraininglondon.org\/",
                "text": "SEO training that’s clear, concise, and focused on YOU. Includes an analysis of your website. Clients inc.BBC &amp; John Lewis. :white_check_mark::white_check_mark::white_check_mark::white_check_mark::white_check_mark: Rating 4.9 - 217 reviews",
                "fallback": "Richman SEO Training: Private SEO Training in London UK - Want your website here?",
                "service_icon": "https:\/\/www.seotraininglondon.org\/wp-content\/uploads\/2018\/07\/cropped-Richman_Fav-180x180.jpg",
                "id": 1,
                "original_url": "https:\/\/www.seotraininglondon.org\/"
            }
        ],
        "blocks": [
            {
                "type": "rich_text",
                "block_id": "6FD",
                "elements": [
                    {
                        "type": "rich_text_section",
                        "elements": [
                            {
                                "type": "text",
                                "text": "Danny Richman is a real expert SEO trainer and consultant. I have collaborated with him before on projects, and he is fantastic.   "
                            },
                            {
                                "type": "link",
                                "url": "https:\/\/www.seotraininglondon.org\/"
                            }
                        ]
                    }
                ]
            }
        ],
        "thread_ts": "1636622888.129200",
        "parent_user_id": "UJJFDTN8G"
    }
]