[
    {
        "client_msg_id": "6b9d8632-5980-4304-b190-d28f8f72b21d",
        "type": "message",
        "text": "*Weird freelance referral question:* \n\nA friend with an OnlyFans is looking for a marketing VA to handle some marketing tasks (e.g., setup, linking, posting content). Where’s a good place to ask if anyone knows of referrals to marketers w\/ experience in that industry?",
        "user": "U01KH3P18RZ",
        "ts": "1629158648.063700",
        "team": "TJE58GTJL",
        "user_team": "TJE58GTJL",
        "source_team": "TJE58GTJL",
        "user_profile": {
            "avatar_hash": "fab0c6d48595",
            "image_72": "https:\/\/avatars.slack-edge.com\/2021-05-28\/2110157153414_fab0c6d48595c62a6594_72.jpg",
            "first_name": "Kai",
            "real_name": "Kai Davis",
            "display_name": "Kai (Your Shopify SEO Guy)",
            "team": "TJE58GTJL",
            "name": "kai",
            "is_restricted": false,
            "is_ultra_restricted": false
        },
        "blocks": [
            {
                "type": "rich_text",
                "block_id": "pCx\/=",
                "elements": [
                    {
                        "type": "rich_text_section",
                        "elements": [
                            {
                                "type": "text",
                                "text": "Weird freelance referral question: ",
                                "style": {
                                    "bold": true
                                }
                            },
                            {
                                "type": "text",
                                "text": "\n\nA friend with an OnlyFans is looking for a marketing VA to handle some marketing tasks (e.g., setup, linking, posting content). Where’s a good place to ask if anyone knows of referrals to marketers w\/ experience in that industry?"
                            }
                        ]
                    }
                ]
            }
        ],
        "thread_ts": "1629158648.063700",
        "reply_count": 2,
        "reply_users_count": 2,
        "latest_reply": "1630401299.056900",
        "reply_users": [
            "U02BVDF1J9E",
            "U02CRLX23J9"
        ],
        "replies": [
            {
                "user": "U02BVDF1J9E",
                "ts": "1629163908.063800"
            },
            {
                "user": "U02CRLX23J9",
                "ts": "1630401299.056900"
            }
        ],
        "is_locked": false,
        "subscribed": false
    },
    {
        "client_msg_id": "a95bdaef-0e75-4ec9-ac1b-b3c85c1e583c",
        "type": "message",
        "text": "There’s lots of VA-specific groups on Facebook that are actually pretty decent (I used to headhunt VAs). If she’s looking for someone specific to the industry, she’s probably best asking other professionals for recommendations.",
        "user": "U02BVDF1J9E",
        "ts": "1629163908.063800",
        "team": "TJE58GTJL",
        "user_team": "TJE58GTJL",
        "source_team": "TJE58GTJL",
        "user_profile": {
            "avatar_hash": "cae574e3aa74",
            "image_72": "https:\/\/avatars.slack-edge.com\/2021-08-13\/2381002238883_cae574e3aa74ce7b379c_72.jpg",
            "first_name": "Brit",
            "real_name": "Brit McGinnis (editing, copy, horror movie recs)",
            "display_name": "Brit McGinnis",
            "team": "TJE58GTJL",
            "name": "britmcginnis",
            "is_restricted": false,
            "is_ultra_restricted": false
        },
        "blocks": [
            {
                "type": "rich_text",
                "block_id": "qv26",
                "elements": [
                    {
                        "type": "rich_text_section",
                        "elements": [
                            {
                                "type": "text",
                                "text": "There’s lots of VA-specific groups on Facebook that are actually pretty decent (I used to headhunt VAs). If she’s looking for someone specific to the industry, she’s probably best asking other professionals for recommendations."
                            }
                        ]
                    }
                ]
            }
        ],
        "thread_ts": "1629158648.063700",
        "parent_user_id": "U01KH3P18RZ",
        "reactions": [
            {
                "name": "thankyou",
                "users": [
                    "U01KH3P18RZ"
                ],
                "count": 1
            }
        ]
    },
    {
        "client_msg_id": "63075a85-b4e2-4fc6-bde6-e374817eec4e",
        "type": "message",
        "text": "Hi Matthew, sorry for the slow reply; I've only just joined this community :slightly_smiling_face: Just wondering if your friend is still looking for a content writer? I'm a HVAC&amp;R specialist based in Australia and would be happy for an introduction!",
        "user": "U02AR2XSN1M",
        "ts": "1629167802.064000",
        "team": "TJE58GTJL",
        "user_team": "TJE58GTJL",
        "source_team": "TJE58GTJL",
        "user_profile": {
            "avatar_hash": "b0fa34c3f8f5",
            "image_72": "https:\/\/avatars.slack-edge.com\/2021-08-16\/2368450553975_b0fa34c3f8f5e02f6b43_72.jpg",
            "first_name": "Leonie",
            "real_name": "Leonie Waldron",
            "display_name": "Leonie Waldron",
            "team": "TJE58GTJL",
            "name": "leonie",
            "is_restricted": false,
            "is_ultra_restricted": false
        },
        "blocks": [
            {
                "type": "rich_text",
                "block_id": "rmg",
                "elements": [
                    {
                        "type": "rich_text_section",
                        "elements": [
                            {
                                "type": "text",
                                "text": "Hi Matthew, sorry for the slow reply; I've only just joined this community "
                            },
                            {
                                "type": "emoji",
                                "name": "slightly_smiling_face"
                            },
                            {
                                "type": "text",
                                "text": " Just wondering if your friend is still looking for a content writer? I'm a HVAC&R specialist based in Australia and would be happy for an introduction!"
                            }
                        ]
                    }
                ]
            }
        ],
        "thread_ts": "1626144467.272900",
        "parent_user_id": "UUE7J6UDN"
    }
]