[
    {
        "client_msg_id": "bd6a7462-2136-40dc-838f-a87d5f50521c",
        "type": "message",
        "text": "Hey everyone! Looking for freelance SEO content strategists here in French, German, &amp; Brazilian Portuguese for some potential retainer work. If that's you DM me and I'll send you the application!",
        "user": "U02AJEY8ACW",
        "ts": "1629978944.001800",
        "team": "TJE58GTJL",
        "user_team": "TJE58GTJL",
        "source_team": "TJE58GTJL",
        "user_profile": {
            "avatar_hash": "a3fa1c4342fb",
            "image_72": "https:\/\/avatars.slack-edge.com\/2021-08-11\/2393938925632_a3fa1c4342fb8d904897_72.jpg",
            "first_name": "Maeva",
            "real_name": "Maeva Cifuentes",
            "display_name": "Maeva",
            "team": "TJE58GTJL",
            "name": "maeva",
            "is_restricted": false,
            "is_ultra_restricted": false
        },
        "blocks": [
            {
                "type": "rich_text",
                "block_id": "+=8Mx",
                "elements": [
                    {
                        "type": "rich_text_section",
                        "elements": [
                            {
                                "type": "text",
                                "text": "Hey everyone! Looking for freelance SEO content strategists here in French, German, & Brazilian Portuguese for some potential retainer work. If that's you DM me and I'll send you the application!"
                            }
                        ]
                    }
                ]
            }
        ]
    },
    {
        "type": "message",
        "text": "*[HIRING]* Beauty blog writers &amp; copywriters\n\nHey everyone - we're looking for writers who have experience with writing about beauty products (skin, makeup, hair, etc.). For this project, we'll provide outlines for each piece of content in Topic to handle the SEO optimization. You can expect to work on 3-7 posts per week averaging around ~1500 words each. Ideally, we need 2 types of content: reviews of products and copywriting for specific landing pages.\n\nTo apply for this work, please DM me with the following info (I'll ignore the DM if instructions aren't followed):\n\n• Your rates (assume 1500 words)\n• Examples of published articles focused on beauty or consumer products (no word docs please)\nLooking forward to seeing who's interested!",
        "user": "U022WPACV4L",
        "ts": "1629986410.002200",
        "team": "TJE58GTJL",
        "user_team": "TJE58GTJL",
        "source_team": "TJE58GTJL",
        "user_profile": {
            "avatar_hash": "bc588db919e3",
            "image_72": "https:\/\/avatars.slack-edge.com\/2021-05-21\/2092645159746_bc588db919e300f6dc48_72.jpg",
            "first_name": "Taran",
            "real_name": "Taran Soodan",
            "display_name": "Taran Soodan",
            "team": "TJE58GTJL",
            "name": "taran",
            "is_restricted": false,
            "is_ultra_restricted": false
        },
        "blocks": [
            {
                "type": "rich_text",
                "block_id": "1g178",
                "elements": [
                    {
                        "type": "rich_text_section",
                        "elements": [
                            {
                                "type": "text",
                                "text": "[HIRING]",
                                "style": {
                                    "bold": true
                                }
                            },
                            {
                                "type": "text",
                                "text": " Beauty blog writers & copywriters\n\nHey everyone - we're looking for writers who have experience with writing about beauty products (skin, makeup, hair, etc.). For this project, we'll provide outlines for each piece of content in Topic to handle the SEO optimization. You can expect to work on 3-7 posts per week averaging around ~1500 words each. Ideally, we need 2 types of content: reviews of products and copywriting for specific landing pages.\n\nTo apply for this work, please DM me with the following info (I'll ignore the DM if instructions aren't followed):\n\n"
                            }
                        ]
                    },
                    {
                        "type": "rich_text_list",
                        "elements": [
                            {
                                "type": "rich_text_section",
                                "elements": [
                                    {
                                        "type": "text",
                                        "text": "Your rates (assume 1500 words)"
                                    }
                                ]
                            },
                            {
                                "type": "rich_text_section",
                                "elements": [
                                    {
                                        "type": "text",
                                        "text": "Examples of published articles focused on beauty or consumer products (no word docs please)"
                                    }
                                ]
                            }
                        ],
                        "style": "bullet",
                        "indent": 0,
                        "border": 0
                    },
                    {
                        "type": "rich_text_section",
                        "elements": [
                            {
                                "type": "text",
                                "text": "\nLooking forward to seeing who's interested!"
                            }
                        ]
                    }
                ]
            }
        ],
        "reactions": [
            {
                "name": "woman-getting-haircut",
                "users": [
                    "U023Q8E7MNE"
                ],
                "count": 1
            }
        ]
    },
    {
        "client_msg_id": "95261b8f-5754-4ac4-9347-ef60d1cb1fa0",
        "type": "message",
        "text": "Does anyone have any freelance writing coaches they'd recommend? Basically a coach to help you with your freelance business, not a coach to teach you how to write. It's an informal ask. I haven't done much research or assessed budget yet, just throwing it out there.",
        "user": "U027Z9V7EMP",
        "ts": "1629995583.004800",
        "team": "TJE58GTJL",
        "user_team": "TJE58GTJL",
        "source_team": "TJE58GTJL",
        "user_profile": {
            "avatar_hash": "d7a71352fc43",
            "image_72": "https:\/\/avatars.slack-edge.com\/2021-07-09\/2271524179489_d7a71352fc4349be6ad4_72.jpg",
            "first_name": "",
            "real_name": "Suman Sridhar",
            "display_name": "Suman Sridhar",
            "team": "TJE58GTJL",
            "name": "suman.email.inbox",
            "is_restricted": false,
            "is_ultra_restricted": false
        },
        "edited": {
            "user": "U027Z9V7EMP",
            "ts": "1629995610.000000"
        },
        "blocks": [
            {
                "type": "rich_text",
                "block_id": "rCqWB",
                "elements": [
                    {
                        "type": "rich_text_section",
                        "elements": [
                            {
                                "type": "text",
                                "text": "Does anyone have any freelance writing coaches they'd recommend? Basically a coach to help you with your freelance business, not a coach to teach you how to write. It's an informal ask. I haven't done much research or assessed budget yet, just throwing it out there."
                            }
                        ]
                    }
                ]
            }
        ],
        "thread_ts": "1629995583.004800",
        "reply_count": 14,
        "reply_users_count": 7,
        "latest_reply": "1630186044.017700",
        "reply_users": [
            "U01AHL8AGBB",
            "U027Z9V7EMP",
            "U0241GTJEDC",
            "U024Z91H0KC",
            "U01K0BWEQD6",
            "U0236PYP3SR",
            "U027RNU0A69"
        ],
        "replies": [
            {
                "user": "U01AHL8AGBB",
                "ts": "1629995911.005100"
            },
            {
                "user": "U027Z9V7EMP",
                "ts": "1629998399.005600"
            },
            {
                "user": "U0241GTJEDC",
                "ts": "1630000932.005900"
            },
            {
                "user": "U024Z91H0KC",
                "ts": "1630004850.006200"
            },
            {
                "user": "U01K0BWEQD6",
                "ts": "1630027512.006800"
            },
            {
                "user": "U027Z9V7EMP",
                "ts": "1630030286.007200"
            },
            {
                "user": "U0236PYP3SR",
                "ts": "1630070566.007400"
            },
            {
                "user": "U01K0BWEQD6",
                "ts": "1630071494.008000"
            },
            {
                "user": "U0236PYP3SR",
                "ts": "1630071572.008300"
            },
            {
                "user": "U027Z9V7EMP",
                "ts": "1630072105.008500"
            },
            {
                "user": "U01K0BWEQD6",
                "ts": "1630072822.009400"
            },
            {
                "user": "U01K0BWEQD6",
                "ts": "1630072838.010200"
            },
            {
                "user": "U027Z9V7EMP",
                "ts": "1630073503.010400"
            },
            {
                "user": "U027RNU0A69",
                "ts": "1630186044.017700"
            }
        ],
        "is_locked": false,
        "subscribed": false
    },
    {
        "client_msg_id": "80c75383-795e-46b6-a773-6823a257d16e",
        "type": "message",
        "text": "<https:\/\/content-career-growth.slack.com\/archives\/C021RFDHEMD\/p1629908704136700> &lt; Saw this pop up recently",
        "user": "U01AHL8AGBB",
        "ts": "1629995911.005100",
        "team": "TJE58GTJL",
        "user_team": "TJE58GTJL",
        "source_team": "TJE58GTJL",
        "user_profile": {
            "avatar_hash": "09eb34255d46",
            "image_72": "https:\/\/avatars.slack-edge.com\/2020-09-07\/1347887170866_09eb34255d4678a00ddc_72.png",
            "first_name": "Jordy",
            "real_name": "Jordy Fujiwara",
            "display_name": "Jordy",
            "team": "TJE58GTJL",
            "name": "jordy.fujiwara",
            "is_restricted": false,
            "is_ultra_restricted": false
        },
        "attachments": [
            {
                "from_url": "https:\/\/content-career-growth.slack.com\/archives\/C021RFDHEMD\/p1629908704136700",
                "fallback": "[August 25th, 2021 9:25 AM] kaleighcoxwriter: Have you heard of Ed Gandia? He's a copywriting business couch and one of his specialties is helping six-figure or near-six-figure copywriters take their business to the next level—whatever that looks like for them. For many, it's \"work less or with better clients while maintaining my income or growing my income.\" I paid for a 9-month coaching course with him a couple of years ago and it was well worth the investment of time and money. At different benchmarks, you check in with him and report on what you're liking\/not liking about your business and he provides personalized steps to follow. I really liked it and think it may help you tease out this question with other successful \"freelancers.\"",
                "ts": "1629908704.136700",
                "author_id": "U0241GTJEDC",
                "author_subname": "Kaleigh Cox",
                "channel_id": "C021RFDHEMD",
                "channel_name": "all-things-freelance",
                "is_msg_unfurl": true,
                "is_reply_unfurl": true,
                "text": "Have you heard of Ed Gandia? He's a copywriting business couch and one of his specialties is helping six-figure or near-six-figure copywriters take their business to the next level—whatever that looks like for them. For many, it's \"work less or with better clients while maintaining my income or growing my income.\" I paid for a 9-month coaching course with him a couple of years ago and it was well worth the investment of time and money. At different benchmarks, you check in with him and report on what you're liking\/not liking about your business and he provides personalized steps to follow. I really liked it and think it may help you tease out this question with other successful \"freelancers.\"",
                "author_name": "Kaleigh Cox",
                "author_link": "https:\/\/content-career-growth.slack.com\/team\/U0241GTJEDC",
                "author_icon": "https:\/\/avatars.slack-edge.com\/2021-06-07\/2130419106119_536d8eb0424e890966a3_48.jpg",
                "mrkdwn_in": [
                    "text"
                ],
                "id": 1,
                "original_url": "https:\/\/content-career-growth.slack.com\/archives\/C021RFDHEMD\/p1629908704136700",
                "footer": "From a thread in #all-things-freelance"
            }
        ],
        "blocks": [
            {
                "type": "rich_text",
                "block_id": "v5S",
                "elements": [
                    {
                        "type": "rich_text_section",
                        "elements": [
                            {
                                "type": "link",
                                "url": "https:\/\/content-career-growth.slack.com\/archives\/C021RFDHEMD\/p1629908704136700"
                            },
                            {
                                "type": "text",
                                "text": " < Saw this pop up recently"
                            }
                        ]
                    }
                ]
            }
        ],
        "thread_ts": "1629995583.004800",
        "parent_user_id": "U027Z9V7EMP"
    },
    {
        "client_msg_id": "32507939-dc16-4395-b60d-3f6f1c97ea92",
        "type": "message",
        "text": "Thanks <@U01AHL8AGBB>!",
        "user": "U027Z9V7EMP",
        "ts": "1629998399.005600",
        "team": "TJE58GTJL",
        "user_team": "TJE58GTJL",
        "source_team": "TJE58GTJL",
        "user_profile": {
            "avatar_hash": "d7a71352fc43",
            "image_72": "https:\/\/avatars.slack-edge.com\/2021-07-09\/2271524179489_d7a71352fc4349be6ad4_72.jpg",
            "first_name": "",
            "real_name": "Suman Sridhar",
            "display_name": "Suman Sridhar",
            "team": "TJE58GTJL",
            "name": "suman.email.inbox",
            "is_restricted": false,
            "is_ultra_restricted": false
        },
        "blocks": [
            {
                "type": "rich_text",
                "block_id": "L0xR2",
                "elements": [
                    {
                        "type": "rich_text_section",
                        "elements": [
                            {
                                "type": "text",
                                "text": "Thanks "
                            },
                            {
                                "type": "user",
                                "user_id": "U01AHL8AGBB"
                            },
                            {
                                "type": "text",
                                "text": "!"
                            }
                        ]
                    }
                ]
            }
        ],
        "thread_ts": "1629995583.004800",
        "parent_user_id": "U027Z9V7EMP",
        "reactions": [
            {
                "name": "partyparrot",
                "users": [
                    "U01AHL8AGBB"
                ],
                "count": 1
            }
        ]
    },
    {
        "client_msg_id": "4728131b-588d-4f52-9ac7-c8fdb8204166",
        "type": "message",
        "text": "Happy to answer additional questions about my experience with Ed. I'm not an affiliate (not even sure he has those)—just a happy client!",
        "user": "U0241GTJEDC",
        "ts": "1630000932.005900",
        "team": "TJE58GTJL",
        "user_team": "TJE58GTJL",
        "source_team": "TJE58GTJL",
        "user_profile": {
            "avatar_hash": "536d8eb0424e",
            "image_72": "https:\/\/avatars.slack-edge.com\/2021-06-07\/2130419106119_536d8eb0424e890966a3_72.jpg",
            "first_name": "Kaleigh",
            "real_name": "Kaleigh Cox",
            "display_name": "Kaleigh Cox",
            "team": "TJE58GTJL",
            "name": "kaleighcoxwriter",
            "is_restricted": false,
            "is_ultra_restricted": false
        },
        "blocks": [
            {
                "type": "rich_text",
                "block_id": "XmoL",
                "elements": [
                    {
                        "type": "rich_text_section",
                        "elements": [
                            {
                                "type": "text",
                                "text": "Happy to answer additional questions about my experience with Ed. I'm not an affiliate (not even sure he has those)—just a happy client!"
                            }
                        ]
                    }
                ]
            }
        ],
        "thread_ts": "1629995583.004800",
        "parent_user_id": "U027Z9V7EMP",
        "reactions": [
            {
                "name": "+1",
                "users": [
                    "U027Z9V7EMP"
                ],
                "count": 1
            }
        ]
    },
    {
        "client_msg_id": "83103220-156a-44b2-ae51-81faa27699bd",
        "type": "message",
        "text": "Definitely second Ed Gandia :slightly_smiling_face: We've never worked together, but I've bought courses from him and get his newsletter",
        "user": "U024Z91H0KC",
        "ts": "1630004850.006200",
        "team": "TJE58GTJL",
        "user_team": "TJE58GTJL",
        "source_team": "TJE58GTJL",
        "user_profile": {
            "avatar_hash": "e54b9c0d1d7d",
            "image_72": "https:\/\/avatars.slack-edge.com\/2021-06-14\/2193186202656_e54b9c0d1d7dcc24c0b5_72.png",
            "first_name": "Leanna",
            "real_name": "Leanna Lee",
            "display_name": "Leanna Lee",
            "team": "TJE58GTJL",
            "name": "leannaleewriter",
            "is_restricted": false,
            "is_ultra_restricted": false
        },
        "blocks": [
            {
                "type": "rich_text",
                "block_id": "mNcIz",
                "elements": [
                    {
                        "type": "rich_text_section",
                        "elements": [
                            {
                                "type": "text",
                                "text": "Definitely second Ed Gandia "
                            },
                            {
                                "type": "emoji",
                                "name": "slightly_smiling_face"
                            },
                            {
                                "type": "text",
                                "text": " We've never worked together, but I've bought courses from him and get his newsletter"
                            }
                        ]
                    }
                ]
            }
        ],
        "thread_ts": "1629995583.004800",
        "parent_user_id": "U027Z9V7EMP",
        "reactions": [
            {
                "name": "+1",
                "users": [
                    "U027Z9V7EMP"
                ],
                "count": 1
            }
        ]
    },
    {
        "client_msg_id": "32EDCAEC-084F-4501-88C1-8F623C2956BC",
        "type": "message",
        "text": "Yep, Ed’s the jam :).",
        "user": "U01K0BWEQD6",
        "ts": "1630027512.006800",
        "team": "TJE58GTJL",
        "user_team": "TJE58GTJL",
        "source_team": "TJE58GTJL",
        "user_profile": {
            "avatar_hash": "1d4a27b0b808",
            "image_72": "https:\/\/avatars.slack-edge.com\/2021-01-12\/1637132909412_1d4a27b0b8085cc784f5_72.jpg",
            "first_name": "Sarah",
            "real_name": "Sarah Greesonbach",
            "display_name": "Sarah Greesonbach",
            "team": "TJE58GTJL",
            "name": "hello317",
            "is_restricted": false,
            "is_ultra_restricted": false
        },
        "blocks": [
            {
                "type": "rich_text",
                "block_id": "TXI2",
                "elements": [
                    {
                        "type": "rich_text_section",
                        "elements": [
                            {
                                "type": "text",
                                "text": "Yep, Ed’s the jam :)."
                            }
                        ]
                    }
                ]
            }
        ],
        "thread_ts": "1629995583.004800",
        "parent_user_id": "U027Z9V7EMP",
        "reactions": [
            {
                "name": "+1",
                "users": [
                    "U027Z9V7EMP"
                ],
                "count": 1
            }
        ]
    },
    {
        "client_msg_id": "7aa9282d-2c50-4982-b6e3-adcf962b9be7",
        "type": "message",
        "text": "Wow, all these recs for him! Noted.",
        "user": "U027Z9V7EMP",
        "ts": "1630030286.007200",
        "team": "TJE58GTJL",
        "user_team": "TJE58GTJL",
        "source_team": "TJE58GTJL",
        "user_profile": {
            "avatar_hash": "d7a71352fc43",
            "image_72": "https:\/\/avatars.slack-edge.com\/2021-07-09\/2271524179489_d7a71352fc4349be6ad4_72.jpg",
            "first_name": "",
            "real_name": "Suman Sridhar",
            "display_name": "Suman Sridhar",
            "team": "TJE58GTJL",
            "name": "suman.email.inbox",
            "is_restricted": false,
            "is_ultra_restricted": false
        },
        "blocks": [
            {
                "type": "rich_text",
                "block_id": "smo",
                "elements": [
                    {
                        "type": "rich_text_section",
                        "elements": [
                            {
                                "type": "text",
                                "text": "Wow, all these recs for him! Noted."
                            }
                        ]
                    }
                ]
            }
        ],
        "thread_ts": "1629995583.004800",
        "parent_user_id": "U027Z9V7EMP"
    }
]