[
    {
        "client_msg_id": "CCFFC485-71E5-4F49-A035-368CF3C8EF38",
        "type": "message",
        "text": "Unfortunately, I agree. I was an unpaid intern at a non-profit and maxed me out. Ones that will pay usually are more complicated because there’s usually more financial stakeholders",
        "user": "U01PXN2LGAK",
        "ts": "1640797219.063000",
        "team": "TJE58GTJL",
        "user_team": "TJE58GTJL",
        "source_team": "TJE58GTJL",
        "user_profile": {
            "avatar_hash": "d8f5ac3cc9e1",
            "image_72": "https:\/\/avatars.slack-edge.com\/2022-04-15\/3395402924837_d8f5ac3cc9e1fe635001_72.png",
            "first_name": "Carmela",
            "real_name": "Carmela Montenegro",
            "display_name": "Carmela Montenegro",
            "team": "TJE58GTJL",
            "name": "carmela",
            "is_restricted": false,
            "is_ultra_restricted": false
        },
        "blocks": [
            {
                "type": "rich_text",
                "block_id": "iqSrp",
                "elements": [
                    {
                        "type": "rich_text_section",
                        "elements": [
                            {
                                "type": "text",
                                "text": "Unfortunately, I agree. I was an unpaid intern at a non-profit and maxed me out. Ones that will pay usually are more complicated because there’s usually more financial stakeholders"
                            }
                        ]
                    }
                ]
            }
        ],
        "thread_ts": "1640197194.036000",
        "parent_user_id": "U02RGUD9C6S",
        "reactions": [
            {
                "name": "+1",
                "users": [
                    "U02RGUD9C6S"
                ],
                "count": 1
            }
        ]
    },
    {
        "client_msg_id": "20669d1f-da2a-4775-b757-c4f9d22aa274",
        "type": "message",
        "text": "I'm looking for a few contract content writers who have experience in fintech or proptech for the <http:\/\/www.fraction.com|Fraction> blog in the new year. Blogs around 1200-1500 words, topics will include fintech, finance, personal finance, mortgages, real estate and housing market.\n\nDM me or email me at <mailto:anita@fraction.com|anita@fraction.com> :slightly_smiling_face:",
        "user": "U0195U3C7QC",
        "ts": "1640806400.064900",
        "team": "TJE58GTJL",
        "user_team": "TJE58GTJL",
        "source_team": "TJE58GTJL",
        "user_profile": {
            "avatar_hash": "a96c7ba302e0",
            "image_72": "https:\/\/avatars.slack-edge.com\/2020-08-17\/1329780061232_a96c7ba302e07f0899c2_72.png",
            "first_name": "Anita",
            "real_name": "Anita Chauhan",
            "display_name": "Anita Chauhan",
            "team": "TJE58GTJL",
            "name": "anita.chauhan20",
            "is_restricted": false,
            "is_ultra_restricted": false
        },
        "blocks": [
            {
                "type": "rich_text",
                "block_id": "0K+vy",
                "elements": [
                    {
                        "type": "rich_text_section",
                        "elements": [
                            {
                                "type": "text",
                                "text": "I'm looking for a few contract content writers who have experience in fintech or proptech for the "
                            },
                            {
                                "type": "link",
                                "url": "http:\/\/www.fraction.com",
                                "text": "Fraction"
                            },
                            {
                                "type": "text",
                                "text": " blog in the new year. Blogs around 1200-1500 words, topics will include fintech, finance, personal finance, mortgages, real estate and housing market.\n\nDM me or email me at "
                            },
                            {
                                "type": "link",
                                "url": "mailto:anita@fraction.com",
                                "text": "anita@fraction.com"
                            },
                            {
                                "type": "text",
                                "text": " "
                            },
                            {
                                "type": "emoji",
                                "name": "slightly_smiling_face"
                            }
                        ]
                    }
                ]
            }
        ],
        "thread_ts": "1640806400.064900",
        "reply_count": 1,
        "reply_users_count": 1,
        "latest_reply": "1641160070.069900",
        "reply_users": [
            "U02Q8U5T7TP"
        ],
        "replies": [
            {
                "user": "U02Q8U5T7TP",
                "ts": "1641160070.069900"
            }
        ],
        "is_locked": false,
        "subscribed": false,
        "reactions": [
            {
                "name": "+1",
                "users": [
                    "U01TB1SDD61",
                    "U02M83NQ10U",
                    "U02BJD2HFDX"
                ],
                "count": 3
            },
            {
                "name": "eyes",
                "users": [
                    "U02BZFW4K54",
                    "U02Q8U5T7TP"
                ],
                "count": 2
            }
        ]
    }
]