[
    {
        "client_msg_id": "7e49c0d5-d095-40f9-9b83-5670f9dada1a",
        "type": "message",
        "text": "Sara Schwartz, an editor for AARP magazine, is looking for writers who have covered music and\/or musicians for a monthly series. I've pitched her before and she's lovely. And AARP pays well--I believe it was $2\/word for the section I was pitching for. Sara said to email her if you fit the bill at <mailto:sschwartz@aarp.org|sschwartz@aarp.org>",
        "user": "U025X4V6WQ6",
        "ts": "1625252173.237800",
        "team": "TJE58GTJL",
        "user_team": "TJE58GTJL",
        "source_team": "TJE58GTJL",
        "user_profile": {
            "avatar_hash": "d9bbb4c006f4",
            "image_72": "https:\/\/avatars.slack-edge.com\/2021-06-24\/2208717429459_d9bbb4c006f4926a4972_72.jpg",
            "first_name": "",
            "real_name": "Katie Gilbert",
            "display_name": "Katie Gilbert",
            "team": "TJE58GTJL",
            "name": "katie.elizabeth.gilbe",
            "is_restricted": false,
            "is_ultra_restricted": false
        },
        "blocks": [
            {
                "type": "rich_text",
                "block_id": "wnTf",
                "elements": [
                    {
                        "type": "rich_text_section",
                        "elements": [
                            {
                                "type": "text",
                                "text": "Sara Schwartz, an editor for AARP magazine, is looking for writers who have covered music and\/or musicians for a monthly series. I've pitched her before and she's lovely. And AARP pays well--I believe it was $2\/word for the section I was pitching for. Sara said to email her if you fit the bill at "
                            },
                            {
                                "type": "link",
                                "url": "mailto:sschwartz@aarp.org",
                                "text": "sschwartz@aarp.org"
                            }
                        ]
                    }
                ]
            }
        ],
        "reactions": [
            {
                "name": "moneybag",
                "users": [
                    "UJG9WTEKG",
                    "U01AHL8AGBB",
                    "U01J84U3SQ6"
                ],
                "count": 3
            },
            {
                "name": "heart",
                "users": [
                    "U020NR8J2SG"
                ],
                "count": 1
            }
        ]
    },
    {
        "client_msg_id": "4207dfb2-36ba-4cb1-acac-152f2190cbd2",
        "type": "message",
        "text": "Hello Superpath!\n\nI need your help! And it will only take 90 seconds of your valuable time.\n\nMy name is Michael Paulyn, I’m a remote digital marketing coordinator specializing in content creation.\n\nI have been successful to date as a marketer by creating content creation processes and templates that have expedited campaign launches by weeks.\n\nPlus, I have helped eCommerce businesses create targeted blog content to support an increase in organic search rankings.\n\nI’ve learned that I work best in environments that are managed by establishing target objectives and outcomes. This has allowed my creativity to come alive and truly thrive.\n\nI humbly request your help in finding a relevant marketing role opportunity, or even a warm connection across your network.\n\nIf you don’t have, or know of, any relevant marketing role opportunities, then I would greatly appreciate a like, comment, and share of this post for better reach and visibility across the feed of other marketers, recruiters and hiring managers.\n\nThank you so much for your time!",
        "user": "U01R5K3795W",
        "ts": "1625269686.238400",
        "team": "TJE58GTJL",
        "user_team": "TJE58GTJL",
        "source_team": "TJE58GTJL",
        "user_profile": {
            "avatar_hash": "e29a2ac8fcb8",
            "image_72": "https:\/\/avatars.slack-edge.com\/2021-03-07\/1844463403121_e29a2ac8fcb8d72a8c29_72.jpg",
            "first_name": "Michael",
            "real_name": "Michael Paulyn",
            "display_name": "michael paulyn",
            "team": "TJE58GTJL",
            "name": "mpaulyn_",
            "is_restricted": false,
            "is_ultra_restricted": false
        },
        "blocks": [
            {
                "type": "rich_text",
                "block_id": "gRKB",
                "elements": [
                    {
                        "type": "rich_text_section",
                        "elements": [
                            {
                                "type": "text",
                                "text": "Hello Superpath!\n\nI need your help! And it will only take 90 seconds of your valuable time.\n\nMy name is Michael Paulyn, I’m a remote digital marketing coordinator specializing in content creation.\n\nI have been successful to date as a marketer by creating content creation processes and templates that have expedited campaign launches by weeks.\n\nPlus, I have helped eCommerce businesses create targeted blog content to support an increase in organic search rankings.\n\nI’ve learned that I work best in environments that are managed by establishing target objectives and outcomes. This has allowed my creativity to come alive and truly thrive.\n\nI humbly request your help in finding a relevant marketing role opportunity, or even a warm connection across your network.\n\nIf you don’t have, or know of, any relevant marketing role opportunities, then I would greatly appreciate a like, comment, and share of this post for better reach and visibility across the feed of other marketers, recruiters and hiring managers.\n\nThank you so much for your time!"
                            }
                        ]
                    }
                ]
            }
        ],
        "reactions": [
            {
                "name": "beers",
                "users": [
                    "U017XD7H4P7",
                    "US3TA64RE"
                ],
                "count": 2
            },
            {
                "name": "heart",
                "users": [
                    "U020EL92NBZ",
                    "U0263SUFNE6",
                    "U01PXN2LGAK"
                ],
                "count": 3
            }
        ]
    }
]