[
    {
        "client_msg_id": "018f74d5-fd52-4689-8e4a-7a8c6625972e",
        "type": "message",
        "text": "Seeking a freelance writer who knows how to write about web development as a career, and can write about coding languages (you don’t necessarily need to be a programmer, but I imagine that’d help). Our client is an online coding bootcamp for which we’re writing blogs and landing page copy.\n\nI have five pieces due in the next week or so. Rate is $200 per post for ~600-800 words. We provide the content briefs. DM me if you’re into it.",
        "user": "U011QQDDSJV",
        "ts": "1629735100.111900",
        "team": "TJE58GTJL",
        "user_team": "TJE58GTJL",
        "source_team": "TJE58GTJL",
        "user_profile": {
            "avatar_hash": "26f290c29155",
            "image_72": "https:\/\/avatars.slack-edge.com\/2020-04-08\/1046081228023_26f290c2915541368412_72.png",
            "first_name": "Nikolas",
            "real_name": "Nikolas Wright",
            "display_name": "Nik",
            "team": "TJE58GTJL",
            "name": "wright.nikolas",
            "is_restricted": false,
            "is_ultra_restricted": false
        },
        "edited": {
            "user": "U011QQDDSJV",
            "ts": "1629735126.000000"
        },
        "blocks": [
            {
                "type": "rich_text",
                "block_id": "jzcPP",
                "elements": [
                    {
                        "type": "rich_text_section",
                        "elements": [
                            {
                                "type": "text",
                                "text": "Seeking a freelance writer who knows how to write about web development as a career, and can write about coding languages (you don’t necessarily need to be a programmer, but I imagine that’d help). Our client is an online coding bootcamp for which we’re writing blogs and landing page copy.\n\nI have five pieces due in the next week or so. Rate is $200 per post for ~600-800 words. We provide the content briefs. DM me if you’re into it."
                            }
                        ]
                    }
                ]
            }
        ],
        "thread_ts": "1629735100.111900",
        "reply_count": 10,
        "reply_users_count": 6,
        "latest_reply": "1630522589.071000",
        "reply_users": [
            "U017XD7H4P7",
            "U011QQDDSJV",
            "U02AN6MNLMA",
            "U01B8FNUWRK",
            "U028D815JA0",
            "U02CVNB3X1T"
        ],
        "replies": [
            {
                "user": "U017XD7H4P7",
                "ts": "1629738735.112200"
            },
            {
                "user": "U011QQDDSJV",
                "ts": "1629739052.112400"
            },
            {
                "user": "U02AN6MNLMA",
                "ts": "1629739569.112600"
            },
            {
                "user": "U017XD7H4P7",
                "ts": "1629739951.118100"
            },
            {
                "user": "U01B8FNUWRK",
                "ts": "1629778552.119900"
            },
            {
                "user": "U028D815JA0",
                "ts": "1629805347.120200"
            },
            {
                "user": "U028D815JA0",
                "ts": "1629805358.120400"
            },
            {
                "user": "U011QQDDSJV",
                "ts": "1629820898.126600"
            },
            {
                "user": "U02CVNB3X1T",
                "ts": "1630522531.070600"
            },
            {
                "user": "U028D815JA0",
                "ts": "1630522589.071000"
            }
        ],
        "is_locked": false,
        "subscribed": false
    },
    {
        "client_msg_id": "55ce2425-8209-4dcb-918f-17204fc0ca5b",
        "type": "message",
        "text": "We have a mailing list and community of ~1K engineers interested in side hustles (including content creation).  If you'd like, I can mention this on that list and encourage them to reach out.  I usually send that out on Thursdays -- feel free to drop me a DM if you think that'd be helpful.",
        "user": "U017XD7H4P7",
        "ts": "1629738735.112200",
        "team": "TJE58GTJL",
        "user_team": "TJE58GTJL",
        "source_team": "TJE58GTJL",
        "user_profile": {
            "avatar_hash": "f9ab77023918",
            "image_72": "https:\/\/avatars.slack-edge.com\/2020-07-29\/1256516765207_f9ab77023918e4c2b919_72.png",
            "first_name": "Erik",
            "real_name": "Erik Dietrich",
            "display_name": "Erik Dietrich",
            "team": "TJE58GTJL",
            "name": "erik",
            "is_restricted": false,
            "is_ultra_restricted": false
        },
        "blocks": [
            {
                "type": "rich_text",
                "block_id": "8j9E",
                "elements": [
                    {
                        "type": "rich_text_section",
                        "elements": [
                            {
                                "type": "text",
                                "text": "We have a mailing list and community of ~1K engineers interested in side hustles (including content creation).  If you'd like, I can mention this on that list and encourage them to reach out.  I usually send that out on Thursdays -- feel free to drop me a DM if you think that'd be helpful."
                            }
                        ]
                    }
                ]
            }
        ],
        "thread_ts": "1629735100.111900",
        "parent_user_id": "U011QQDDSJV",
        "reactions": [
            {
                "name": "gem",
                "users": [
                    "U01KH3P18RZ"
                ],
                "count": 1
            }
        ]
    },
    {
        "client_msg_id": "abfec364-9ca2-45c6-a090-aa657ddae3ba",
        "type": "message",
        "text": "Absolutely. We have two coding bootcamp clients (meaning ongoing monthly writing assignments), so I’m sure I could offer up some writing. Do you need any other info from me?",
        "user": "U011QQDDSJV",
        "ts": "1629739052.112400",
        "team": "TJE58GTJL",
        "user_team": "TJE58GTJL",
        "source_team": "TJE58GTJL",
        "user_profile": {
            "avatar_hash": "26f290c29155",
            "image_72": "https:\/\/avatars.slack-edge.com\/2020-04-08\/1046081228023_26f290c2915541368412_72.png",
            "first_name": "Nikolas",
            "real_name": "Nikolas Wright",
            "display_name": "Nik",
            "team": "TJE58GTJL",
            "name": "wright.nikolas",
            "is_restricted": false,
            "is_ultra_restricted": false
        },
        "blocks": [
            {
                "type": "rich_text",
                "block_id": "CsPkd",
                "elements": [
                    {
                        "type": "rich_text_section",
                        "elements": [
                            {
                                "type": "text",
                                "text": "Absolutely. We have two coding bootcamp clients (meaning ongoing monthly writing assignments), so I’m sure I could offer up some writing. Do you need any other info from me?"
                            }
                        ]
                    }
                ]
            }
        ],
        "thread_ts": "1629735100.111900",
        "parent_user_id": "U011QQDDSJV"
    },
    {
        "client_msg_id": "907d2b98-585d-48b6-876d-670ea0bec700",
        "type": "message",
        "text": "I'm interested. My team members are into this. What do we need to do, a paid trial article? <@U011QQDDSJV>",
        "user": "U02AN6MNLMA",
        "ts": "1629739569.112600",
        "team": "TJE58GTJL",
        "user_team": "TJE58GTJL",
        "source_team": "TJE58GTJL",
        "user_profile": {
            "avatar_hash": "b610bc3702c9",
            "image_72": "https:\/\/avatars.slack-edge.com\/2021-08-07\/2381557322720_b610bc3702c920cf1eee_72.png",
            "first_name": "Codrut",
            "real_name": "Codrut Turcanu",
            "display_name": "Codrut Turcanu",
            "team": "TJE58GTJL",
            "name": "codrut",
            "is_restricted": false,
            "is_ultra_restricted": false
        },
        "edited": {
            "user": "U02AN6MNLMA",
            "ts": "1629739582.000000"
        },
        "blocks": [
            {
                "type": "rich_text",
                "block_id": "aZMs",
                "elements": [
                    {
                        "type": "rich_text_section",
                        "elements": [
                            {
                                "type": "text",
                                "text": "I'm interested. My team members are into this. What do we need to do, a paid trial article? "
                            },
                            {
                                "type": "user",
                                "user_id": "U011QQDDSJV"
                            }
                        ]
                    }
                ]
            }
        ],
        "thread_ts": "1629735100.111900",
        "parent_user_id": "U011QQDDSJV"
    },
    {
        "client_msg_id": "e89e4231-a2d7-484b-8a28-c29bcabd30f0",
        "type": "message",
        "text": "Hey. PM details please. Will we do a paid trial article or how does vetting work?",
        "user": "U02AN6MNLMA",
        "ts": "1629739637.112900",
        "team": "TJE58GTJL",
        "user_team": "TJE58GTJL",
        "source_team": "TJE58GTJL",
        "user_profile": {
            "avatar_hash": "b610bc3702c9",
            "image_72": "https:\/\/avatars.slack-edge.com\/2021-08-07\/2381557322720_b610bc3702c920cf1eee_72.png",
            "first_name": "Codrut",
            "real_name": "Codrut Turcanu",
            "display_name": "Codrut Turcanu",
            "team": "TJE58GTJL",
            "name": "codrut",
            "is_restricted": false,
            "is_ultra_restricted": false
        },
        "blocks": [
            {
                "type": "rich_text",
                "block_id": "tGaJ",
                "elements": [
                    {
                        "type": "rich_text_section",
                        "elements": [
                            {
                                "type": "text",
                                "text": "Hey. PM details please. Will we do a paid trial article or how does vetting work?"
                            }
                        ]
                    }
                ]
            }
        ],
        "thread_ts": "1629398034.104700",
        "parent_user_id": "UJHMVAE3G"
    },
    {
        "client_msg_id": "63a98fad-a5a0-4f45-8c63-78aee96d314d",
        "type": "message",
        "text": "<@U011QQDDSJV>, since you covered scope and budget, just the call to action you want.  Email you?  Fill out a form\/apply?",
        "user": "U017XD7H4P7",
        "ts": "1629739951.118100",
        "team": "TJE58GTJL",
        "user_team": "TJE58GTJL",
        "source_team": "TJE58GTJL",
        "user_profile": {
            "avatar_hash": "f9ab77023918",
            "image_72": "https:\/\/avatars.slack-edge.com\/2020-07-29\/1256516765207_f9ab77023918e4c2b919_72.png",
            "first_name": "Erik",
            "real_name": "Erik Dietrich",
            "display_name": "Erik Dietrich",
            "team": "TJE58GTJL",
            "name": "erik",
            "is_restricted": false,
            "is_ultra_restricted": false
        },
        "blocks": [
            {
                "type": "rich_text",
                "block_id": "wZC3Y",
                "elements": [
                    {
                        "type": "rich_text_section",
                        "elements": [
                            {
                                "type": "user",
                                "user_id": "U011QQDDSJV"
                            },
                            {
                                "type": "text",
                                "text": ", since you covered scope and budget, just the call to action you want.  Email you?  Fill out a form\/apply?"
                            }
                        ]
                    }
                ]
            }
        ],
        "thread_ts": "1629735100.111900",
        "parent_user_id": "U011QQDDSJV",
        "reactions": [
            {
                "name": "+1",
                "users": [
                    "U011QQDDSJV"
                ],
                "count": 1
            }
        ]
    },
    {
        "client_msg_id": "8037d23b-28ed-4828-9543-bcf20b4ecd4a",
        "type": "message",
        "text": "Yes. With links to their lk, website and portfolio :)",
        "user": "U02AN6MNLMA",
        "ts": "1629740120.118500",
        "team": "TJE58GTJL",
        "user_team": "TJE58GTJL",
        "source_team": "TJE58GTJL",
        "user_profile": {
            "avatar_hash": "b610bc3702c9",
            "image_72": "https:\/\/avatars.slack-edge.com\/2021-08-07\/2381557322720_b610bc3702c920cf1eee_72.png",
            "first_name": "Codrut",
            "real_name": "Codrut Turcanu",
            "display_name": "Codrut Turcanu",
            "team": "TJE58GTJL",
            "name": "codrut",
            "is_restricted": false,
            "is_ultra_restricted": false
        },
        "blocks": [
            {
                "type": "rich_text",
                "block_id": "XQ1W",
                "elements": [
                    {
                        "type": "rich_text_section",
                        "elements": [
                            {
                                "type": "text",
                                "text": "Yes. With links to their lk, website and portfolio :)"
                            }
                        ]
                    }
                ]
            }
        ],
        "thread_ts": "1629239263.073300",
        "parent_user_id": "UJG9WTEKG"
    },
    {
        "client_msg_id": "0a97179d-e6de-43bb-b8bd-ba56da3adce7",
        "type": "message",
        "text": "Sent you a DM",
        "user": "U01FB48KV52",
        "ts": "1629759819.118800",
        "team": "TJE58GTJL",
        "user_team": "TJE58GTJL",
        "source_team": "TJE58GTJL",
        "user_profile": {
            "avatar_hash": "g67a49e754ba",
            "image_72": "https:\/\/secure.gravatar.com\/avatar\/67a49e754ba8295be5bb370043ee2648.jpg?s=72&d=https%3A%2F%2Fa.slack-edge.com%2Fdf10d%2Fimg%2Favatars%2Fava_0010-72.png",
            "first_name": "subrata",
            "real_name": "subrata dhar",
            "display_name": "subrata dhar",
            "team": "TJE58GTJL",
            "name": "subratafreelancewrite",
            "is_restricted": false,
            "is_ultra_restricted": false
        },
        "blocks": [
            {
                "type": "rich_text",
                "block_id": "u85",
                "elements": [
                    {
                        "type": "rich_text_section",
                        "elements": [
                            {
                                "type": "text",
                                "text": "Sent you a DM"
                            }
                        ]
                    }
                ]
            }
        ],
        "thread_ts": "1629321195.089700",
        "parent_user_id": "UUVRBN6UQ"
    },
    {
        "client_msg_id": "7aa33c85-34f7-4487-94f9-5b9cfae0dc93",
        "type": "message",
        "text": "Hi <@U02BAV96RUK> please check your DM.",
        "user": "U01FB48KV52",
        "ts": "1629760239.119000",
        "team": "TJE58GTJL",
        "user_team": "TJE58GTJL",
        "source_team": "TJE58GTJL",
        "user_profile": {
            "avatar_hash": "g67a49e754ba",
            "image_72": "https:\/\/secure.gravatar.com\/avatar\/67a49e754ba8295be5bb370043ee2648.jpg?s=72&d=https%3A%2F%2Fa.slack-edge.com%2Fdf10d%2Fimg%2Favatars%2Fava_0010-72.png",
            "first_name": "subrata",
            "real_name": "subrata dhar",
            "display_name": "subrata dhar",
            "team": "TJE58GTJL",
            "name": "subratafreelancewrite",
            "is_restricted": false,
            "is_ultra_restricted": false
        },
        "blocks": [
            {
                "type": "rich_text",
                "block_id": "JPFl",
                "elements": [
                    {
                        "type": "rich_text_section",
                        "elements": [
                            {
                                "type": "text",
                                "text": "Hi "
                            },
                            {
                                "type": "user",
                                "user_id": "U02BAV96RUK"
                            },
                            {
                                "type": "text",
                                "text": " please check your DM."
                            }
                        ]
                    }
                ]
            }
        ],
        "thread_ts": "1629193560.067900",
        "parent_user_id": "U02BAV96RUK"
    },
    {
        "client_msg_id": "8e4d3449-2994-4560-bd9d-1a5a3f336c89",
        "type": "message",
        "text": "<@U028D815JA0> could this be a fit for you?",
        "user": "U01B8FNUWRK",
        "ts": "1629778552.119900",
        "team": "TJE58GTJL",
        "user_team": "TJE58GTJL",
        "source_team": "TJE58GTJL",
        "user_profile": {
            "avatar_hash": "a3ab825f6110",
            "image_72": "https:\/\/avatars.slack-edge.com\/2020-09-24\/1386090918259_a3ab825f611075cc2d61_72.jpg",
            "first_name": "Shadrack",
            "real_name": "Shadrack",
            "display_name": "Shadrack",
            "team": "TJE58GTJL",
            "name": "shadrack552",
            "is_restricted": false,
            "is_ultra_restricted": false
        },
        "blocks": [
            {
                "type": "rich_text",
                "block_id": "+jucp",
                "elements": [
                    {
                        "type": "rich_text_section",
                        "elements": [
                            {
                                "type": "user",
                                "user_id": "U028D815JA0"
                            },
                            {
                                "type": "text",
                                "text": " could this be a fit for you?"
                            }
                        ]
                    }
                ]
            }
        ],
        "thread_ts": "1629735100.111900",
        "parent_user_id": "U011QQDDSJV",
        "reactions": [
            {
                "name": "+1",
                "users": [
                    "U028D815JA0"
                ],
                "count": 1
            }
        ]
    }
]