[
    {
        "client_msg_id": "43472b17-0e46-4016-9803-ef0dd01a9a58",
        "type": "message",
        "text": "Hi everyone. I am looking for stats on website copywriting rates. 2 mins max and you're done \n\nQuick survey :arrow_heading_down: \n<https:\/\/forms.gle\/NnmLFJrc5SHQAJgdA|https:\/\/forms.gle\/NnmLFJrc5SHQAJgdA>\n\nThanks a lot!",
        "user": "U025H70LG86",
        "ts": "1633270727.318000",
        "team": "TJE58GTJL",
        "user_team": "TJE58GTJL",
        "source_team": "TJE58GTJL",
        "user_profile": {
            "avatar_hash": "gab7e3d572a3",
            "image_72": "https:\/\/secure.gravatar.com\/avatar\/ab7e3d572a31f84ddbcde1de89912ecd.jpg?s=72&d=https%3A%2F%2Fa.slack-edge.com%2Fdf10d%2Fimg%2Favatars%2Fava_0002-72.png",
            "first_name": "Precious",
            "real_name": "Precious Oboidhe",
            "display_name": "Precious Oboidhe",
            "team": "TJE58GTJL",
            "name": "poboidhe",
            "is_restricted": false,
            "is_ultra_restricted": false
        },
        "edited": {
            "user": "U025H70LG86",
            "ts": "1633270865.000000"
        },
        "attachments": [
            {
                "service_name": "Google Docs",
                "title": "Website Copywriting Rates Survey",
                "title_link": "https:\/\/forms.gle\/NnmLFJrc5SHQAJgdA",
                "text": "Thank you for your interest in contributing to this quick survey. The results will be extremely useful to clients interested in any website copywriting service. You can skip questions for services you don’t offer. Kindly use the following assumptions: 1. A page contains 500 words 2. For every service, you conduct research, including SEO keyword research (where applicable). Thanks again.",
                "fallback": "Google Docs: Website Copywriting Rates Survey",
                "image_url": "https:\/\/lh6.googleusercontent.com\/u4CsnUjHa3B7D7NrYIJ91lMgzjxeLm5YRO6Pn_CmlIxsMe_45xISM3QXEFXH0UN4UfmmO4SEUw8",
                "image_width": 333,
                "image_height": 250,
                "from_url": "https:\/\/forms.gle\/NnmLFJrc5SHQAJgdA",
                "image_bytes": 37451,
                "service_icon": "http:\/\/ssl.gstatic.com\/docs\/forms\/device_home\/ios_120.png",
                "id": 1,
                "original_url": "https:\/\/forms.gle\/NnmLFJrc5SHQAJgdA"
            }
        ],
        "blocks": [
            {
                "type": "rich_text",
                "block_id": "AcV5r",
                "elements": [
                    {
                        "type": "rich_text_section",
                        "elements": [
                            {
                                "type": "text",
                                "text": "Hi everyone. I am looking for stats on website copywriting rates. 2 mins max and you're done \n\nQuick survey "
                            },
                            {
                                "type": "emoji",
                                "name": "arrow_heading_down"
                            },
                            {
                                "type": "text",
                                "text": " \n"
                            },
                            {
                                "type": "link",
                                "url": "https:\/\/forms.gle\/NnmLFJrc5SHQAJgdA",
                                "text": "https:\/\/forms.gle\/NnmLFJrc5SHQAJgdA"
                            },
                            {
                                "type": "text",
                                "text": "\n\nThanks a lot!"
                            }
                        ]
                    }
                ]
            }
        ],
        "thread_ts": "1633270727.318000",
        "reply_count": 2,
        "reply_users_count": 2,
        "latest_reply": "1633533113.337200",
        "reply_users": [
            "U02CVNB3X1T",
            "U025H70LG86"
        ],
        "replies": [
            {
                "user": "U02CVNB3X1T",
                "ts": "1633530462.336700"
            },
            {
                "user": "U025H70LG86",
                "ts": "1633533113.337200"
            }
        ],
        "is_locked": false,
        "subscribed": false,
        "reactions": [
            {
                "name": "white_check_mark",
                "users": [
                    "U02AR2XSN1M"
                ],
                "count": 1
            },
            {
                "name": "beers",
                "users": [
                    "U017XD7H4P7"
                ],
                "count": 1
            }
        ]
    }
]