[
    {
        "client_msg_id": "3bb1b218-2b4b-4c3d-a02a-45b1a76dc721",
        "type": "message",
        "text": "this is a really smart way for them to build a talent pool",
        "user": "U01SFTTQ483",
        "ts": "1632932592.285200",
        "team": "TJE58GTJL",
        "user_team": "TJE58GTJL",
        "source_team": "TJE58GTJL",
        "user_profile": {
            "avatar_hash": "bffef5138cc6",
            "image_72": "https:\/\/avatars.slack-edge.com\/2021-03-25\/1893741270550_bffef5138cc63fcea5b0_72.png",
            "first_name": "Shawn",
            "real_name": "Shawn Ragell",
            "display_name": "Shawn Ragell",
            "team": "TJE58GTJL",
            "name": "shawn.ragell",
            "is_restricted": false,
            "is_ultra_restricted": false
        },
        "blocks": [
            {
                "type": "rich_text",
                "block_id": "c0M=U",
                "elements": [
                    {
                        "type": "rich_text_section",
                        "elements": [
                            {
                                "type": "text",
                                "text": "this is a really smart way for them to build a talent pool"
                            }
                        ]
                    }
                ]
            }
        ],
        "thread_ts": "1631719288.190700",
        "parent_user_id": "U0193LNFJCR",
        "reactions": [
            {
                "name": "100",
                "users": [
                    "U02AUQ0KMGC"
                ],
                "count": 1
            }
        ]
    }
]