[
    {
        "client_msg_id": "f5cd725a-697e-4689-b4ec-fbc79681b44b",
        "type": "message",
        "text": "i charge $350\/450 for articles that take a full workday to do, i'd say $350 is a standard rate if you're billing per project for a research-heavy article around 1000 words.",
        "user": "U01FUP6AMEZ",
        "ts": "1623607371.107900",
        "team": "TJE58GTJL",
        "user_team": "TJE58GTJL",
        "source_team": "TJE58GTJL",
        "user_profile": {
            "avatar_hash": "128762c3ea3f",
            "image_72": "https:\/\/avatars.slack-edge.com\/2020-12-01\/1527137254583_128762c3ea3f3d65d19b_72.jpg",
            "first_name": "Joanna",
            "real_name": "Joanna Rutter",
            "display_name": "Joanna Rutter",
            "team": "TJE58GTJL",
            "name": "rutterjoanna",
            "is_restricted": false,
            "is_ultra_restricted": false
        },
        "blocks": [
            {
                "type": "rich_text",
                "block_id": "NXZ2z",
                "elements": [
                    {
                        "type": "rich_text_section",
                        "elements": [
                            {
                                "type": "text",
                                "text": "i charge $350\/450 for articles that take a full workday to do, i'd say $350 is a standard rate if you're billing per project for a research-heavy article around 1000 words."
                            }
                        ]
                    }
                ]
            }
        ],
        "thread_ts": "1623448618.107200",
        "parent_user_id": "U024K88ECFN",
        "reactions": [
            {
                "name": "point_up",
                "users": [
                    "UPYKSAGBC",
                    "U023Q8E7MNE",
                    "U01AHL8AGBB",
                    "U012GHRAHDK"
                ],
                "count": 4
            },
            {
                "name": "hearts",
                "users": [
                    "U024K88ECFN",
                    "U024A8928AW"
                ],
                "count": 2
            }
        ]
    },
    {
        "client_msg_id": "B06D5523-031A-4018-A3EA-8BA97D5EA65F",
        "type": "message",
        "text": "The agencies I’m working with often pay $1-$2\/word, but so much depends on the context of the work. A better point of inquiry might be how you arrived at home much it should cost, or what you think your freelancers should be charging.",
        "user": "U01K0BWEQD6",
        "ts": "1623632151.110300",
        "team": "TJE58GTJL",
        "user_team": "TJE58GTJL",
        "source_team": "TJE58GTJL",
        "user_profile": {
            "avatar_hash": "1d4a27b0b808",
            "image_72": "https:\/\/avatars.slack-edge.com\/2021-01-12\/1637132909412_1d4a27b0b8085cc784f5_72.jpg",
            "first_name": "Sarah",
            "real_name": "Sarah Greesonbach",
            "display_name": "Sarah Greesonbach",
            "team": "TJE58GTJL",
            "name": "hello317",
            "is_restricted": false,
            "is_ultra_restricted": false
        },
        "blocks": [
            {
                "type": "rich_text",
                "block_id": "1b29",
                "elements": [
                    {
                        "type": "rich_text_section",
                        "elements": [
                            {
                                "type": "text",
                                "text": "The agencies I’m working with often pay $1-$2\/word, but so much depends on the context of the work. A better point of inquiry might be how you arrived at home much it should cost, or what you think your freelancers should be charging."
                            }
                        ]
                    }
                ]
            }
        ],
        "thread_ts": "1623448618.107200",
        "parent_user_id": "U024K88ECFN",
        "reactions": [
            {
                "name": "hearts",
                "users": [
                    "U024K88ECFN",
                    "U02469XJPGW"
                ],
                "count": 2
            }
        ]
    }
]