[
    {
        "client_msg_id": "03A09156-0471-44C7-B570-0D8245CB218F",
        "type": "message",
        "text": "Hey everyone! <https:\/\/www.convictional.com\/|Convictional> is looking for a freelance marketing designer to design brand illustrations for our content and social media. Would love any recommendations you may have on finding an amazing freelance designer.",
        "user": "U01E1LMJUQY",
        "ts": "1639762750.495000",
        "team": "TJE58GTJL",
        "user_team": "TJE58GTJL",
        "source_team": "TJE58GTJL",
        "user_profile": {
            "avatar_hash": "b4ba4b86fb94",
            "image_72": "https:\/\/avatars.slack-edge.com\/2020-10-26\/1460022920612_b4ba4b86fb940a9d2b1e_72.jpg",
            "first_name": "Nikhil",
            "real_name": "Nikhil Venkatesa",
            "display_name": "Nikhil Venkatesa",
            "team": "TJE58GTJL",
            "name": "nikhil.venkatesa",
            "is_restricted": false,
            "is_ultra_restricted": false
        },
        "attachments": [
            {
                "from_url": "https:\/\/www.convictional.com\/",
                "image_url": "https:\/\/assets.website-files.com\/61257930009f78b7763e79cb\/615e22e1555d983392ec4a45_LinkedIn-Cover-Image-min.jpg",
                "image_width": 318,
                "image_height": 250,
                "image_bytes": 36048,
                "id": 1,
                "original_url": "https:\/\/www.convictional.com\/",
                "fallback": "Convictional | Supplier Enablement Platform for Marketplace &amp; Drop Ship",
                "text": "Use Convictional to launch a multi-vendor B2C or B2B marketplace. We enable retailers and distributors to source, onboard, and integrate with third-party suppliers for marketplace and drop ship.",
                "title": "Convictional | Supplier Enablement Platform for Marketplace &amp; Drop Ship",
                "title_link": "https:\/\/www.convictional.com\/",
                "service_name": "convictional.com"
            }
        ],
        "blocks": [
            {
                "type": "rich_text",
                "block_id": "0JJ",
                "elements": [
                    {
                        "type": "rich_text_section",
                        "elements": [
                            {
                                "type": "text",
                                "text": "Hey everyone! "
                            },
                            {
                                "type": "link",
                                "url": "https:\/\/www.convictional.com\/",
                                "text": "Convictional"
                            },
                            {
                                "type": "text",
                                "text": " is looking for a freelance marketing designer to design brand illustrations for our content and social media. Would love any recommendations you may have on finding an amazing freelance designer."
                            }
                        ]
                    }
                ]
            }
        ],
        "thread_ts": "1639762750.495000",
        "reply_count": 8,
        "reply_users_count": 6,
        "latest_reply": "1642180259.107000",
        "reply_users": [
            "U02HD0L8HAP",
            "U01E1LMJUQY",
            "U02JUM9D18R",
            "U02PRMEAP0V",
            "U012GHRAHDK",
            "U01RHT8800N"
        ],
        "replies": [
            {
                "user": "U02HD0L8HAP",
                "ts": "1639763342.495200"
            },
            {
                "user": "U01E1LMJUQY",
                "ts": "1639763801.497100"
            },
            {
                "user": "U02JUM9D18R",
                "ts": "1639764196.497400"
            },
            {
                "user": "U02PRMEAP0V",
                "ts": "1639827513.498500"
            },
            {
                "user": "U01E1LMJUQY",
                "ts": "1639851335.499200"
            },
            {
                "user": "U012GHRAHDK",
                "ts": "1640152465.025900"
            },
            {
                "user": "U01E1LMJUQY",
                "ts": "1640152586.026800"
            },
            {
                "user": "U01RHT8800N",
                "ts": "1642180259.107000"
            }
        ],
        "is_locked": false,
        "subscribed": false
    },
    {
        "client_msg_id": "95f8522d-d8bb-457c-9441-1cc5b6c92152",
        "type": "message",
        "text": "Hey <@U01E1LMJUQY> I have personally worked with <@U02JUM9D18R> for my client's needs. And he was phenomenal regarding everything starting from communication to deliverables. You should contact him!\nHope this helps",
        "user": "U02HD0L8HAP",
        "ts": "1639763342.495200",
        "team": "TJE58GTJL",
        "user_team": "TJE58GTJL",
        "source_team": "TJE58GTJL",
        "user_profile": {
            "avatar_hash": "675c42a91f65",
            "image_72": "https:\/\/avatars.slack-edge.com\/2022-01-10\/2928364816754_675c42a91f6571f4ac6b_72.jpg",
            "first_name": "Aanchal",
            "real_name": "Aanchal Parmar",
            "display_name": "Aanchal Parmar",
            "team": "TJE58GTJL",
            "name": "aanywrites",
            "is_restricted": false,
            "is_ultra_restricted": false
        },
        "blocks": [
            {
                "type": "rich_text",
                "block_id": "cxqAO",
                "elements": [
                    {
                        "type": "rich_text_section",
                        "elements": [
                            {
                                "type": "text",
                                "text": "Hey "
                            },
                            {
                                "type": "user",
                                "user_id": "U01E1LMJUQY"
                            },
                            {
                                "type": "text",
                                "text": " I have personally worked with "
                            },
                            {
                                "type": "user",
                                "user_id": "U02JUM9D18R"
                            },
                            {
                                "type": "text",
                                "text": " for my client's needs. And he was phenomenal regarding everything starting from communication to deliverables. You should contact him!\nHope this helps"
                            }
                        ]
                    }
                ]
            }
        ],
        "thread_ts": "1639762750.495000",
        "parent_user_id": "U01E1LMJUQY",
        "reactions": [
            {
                "name": "heart",
                "users": [
                    "U01E1LMJUQY"
                ],
                "count": 1
            }
        ]
    },
    {
        "client_msg_id": "C186361E-11E8-4625-B685-777FE89F0555",
        "type": "message",
        "text": "Thanks <@U02HD0L8HAP>! I'll get in touch with <@U02JUM9D18R> and take a look at his portfolio :)",
        "user": "U01E1LMJUQY",
        "ts": "1639763801.497100",
        "team": "TJE58GTJL",
        "user_team": "TJE58GTJL",
        "source_team": "TJE58GTJL",
        "user_profile": {
            "avatar_hash": "b4ba4b86fb94",
            "image_72": "https:\/\/avatars.slack-edge.com\/2020-10-26\/1460022920612_b4ba4b86fb940a9d2b1e_72.jpg",
            "first_name": "Nikhil",
            "real_name": "Nikhil Venkatesa",
            "display_name": "Nikhil Venkatesa",
            "team": "TJE58GTJL",
            "name": "nikhil.venkatesa",
            "is_restricted": false,
            "is_ultra_restricted": false
        },
        "blocks": [
            {
                "type": "rich_text",
                "block_id": "hKA",
                "elements": [
                    {
                        "type": "rich_text_section",
                        "elements": [
                            {
                                "type": "text",
                                "text": "Thanks "
                            },
                            {
                                "type": "user",
                                "user_id": "U02HD0L8HAP"
                            },
                            {
                                "type": "text",
                                "text": "! I'll get in touch with "
                            },
                            {
                                "type": "user",
                                "user_id": "U02JUM9D18R"
                            },
                            {
                                "type": "text",
                                "text": " and take a look at his portfolio :)"
                            }
                        ]
                    }
                ]
            }
        ],
        "thread_ts": "1639762750.495000",
        "parent_user_id": "U01E1LMJUQY",
        "reactions": [
            {
                "name": "blush",
                "users": [
                    "U02HD0L8HAP"
                ],
                "count": 1
            }
        ]
    },
    {
        "client_msg_id": "f2d84e4f-f3bd-4604-8075-ff1bc12d47b1",
        "type": "message",
        "text": "Thank you <@U02HD0L8HAP> for mentioning, it was pleasure working with you too. And <@U01E1LMJUQY>, sure we can connect and I will send you my portfolio.",
        "user": "U02JUM9D18R",
        "ts": "1639764196.497400",
        "team": "TJE58GTJL",
        "user_team": "TJE58GTJL",
        "source_team": "TJE58GTJL",
        "user_profile": {
            "avatar_hash": "a3e1e31d268c",
            "image_72": "https:\/\/avatars.slack-edge.com\/2021-10-21\/2631769695043_a3e1e31d268c09d356bc_72.jpg",
            "first_name": "Milan",
            "real_name": "Milan Ahuja",
            "display_name": "Milan Ahuja",
            "team": "TJE58GTJL",
            "name": "graphical.milan",
            "is_restricted": false,
            "is_ultra_restricted": false
        },
        "blocks": [
            {
                "type": "rich_text",
                "block_id": "msJan",
                "elements": [
                    {
                        "type": "rich_text_section",
                        "elements": [
                            {
                                "type": "text",
                                "text": "Thank you "
                            },
                            {
                                "type": "user",
                                "user_id": "U02HD0L8HAP"
                            },
                            {
                                "type": "text",
                                "text": " for mentioning, it was pleasure working with you too. And "
                            },
                            {
                                "type": "user",
                                "user_id": "U01E1LMJUQY"
                            },
                            {
                                "type": "text",
                                "text": ", sure we can connect and I will send you my portfolio."
                            }
                        ]
                    }
                ]
            }
        ],
        "thread_ts": "1639762750.495000",
        "parent_user_id": "U01E1LMJUQY",
        "reactions": [
            {
                "name": "heart",
                "users": [
                    "U02HD0L8HAP"
                ],
                "count": 1
            }
        ]
    },
    {
        "client_msg_id": "06685c9a-cf83-4c63-a08d-24daab8e1a17",
        "type": "message",
        "text": ":fire::fire::fire:",
        "user": "U02NADUBXSR",
        "ts": "1639767844.497800",
        "team": "TJE58GTJL",
        "user_team": "TJE58GTJL",
        "source_team": "TJE58GTJL",
        "user_profile": {
            "avatar_hash": "6cf7bd227206",
            "image_72": "https:\/\/avatars.slack-edge.com\/2021-12-30\/2892635989605_6cf7bd227206c2c5ca5c_72.jpg",
            "first_name": "Nonopa",
            "real_name": "Nonopa Vanda",
            "display_name": "",
            "team": "TJE58GTJL",
            "name": "nonopa28",
            "is_restricted": false,
            "is_ultra_restricted": false
        },
        "blocks": [
            {
                "type": "rich_text",
                "block_id": "YH\/",
                "elements": [
                    {
                        "type": "rich_text_section",
                        "elements": [
                            {
                                "type": "emoji",
                                "name": "fire"
                            },
                            {
                                "type": "emoji",
                                "name": "fire"
                            },
                            {
                                "type": "emoji",
                                "name": "fire"
                            }
                        ]
                    }
                ]
            }
        ],
        "thread_ts": "1639635527.483500",
        "parent_user_id": "U02DGSGURQ8"
    },
    {
        "client_msg_id": "391fb984-430c-4b51-8155-fb8963506fd3",
        "type": "message",
        "text": ":hugging_face::hugging_face:",
        "user": "U02DGSGURQ8",
        "ts": "1639806770.498300",
        "team": "TJE58GTJL",
        "user_team": "TJE58GTJL",
        "source_team": "TJE58GTJL",
        "user_profile": {
            "avatar_hash": "b1fccef9e498",
            "image_72": "https:\/\/avatars.slack-edge.com\/2021-12-16\/2851062118900_b1fccef9e4983f9abcf7_72.png",
            "first_name": "Hamza",
            "real_name": "Hamza Iqbal",
            "display_name": "Hamza I.",
            "team": "TJE58GTJL",
            "name": "hamzaiqbal2134",
            "is_restricted": false,
            "is_ultra_restricted": false
        },
        "blocks": [
            {
                "type": "rich_text",
                "block_id": "bJFP",
                "elements": [
                    {
                        "type": "rich_text_section",
                        "elements": [
                            {
                                "type": "emoji",
                                "name": "hugging_face"
                            },
                            {
                                "type": "emoji",
                                "name": "hugging_face"
                            }
                        ]
                    }
                ]
            }
        ],
        "thread_ts": "1639635527.483500",
        "parent_user_id": "U02DGSGURQ8"
    }
]