[
    {
        "client_msg_id": "5e3d49f4-7429-4288-aca4-03870c7b2409",
        "type": "message",
        "text": "Hey <@UN4FX211U> this is right up my alley! Just sent an application in case you're still looking for more people.",
        "user": "U020HS8D4TX",
        "ts": "1633952802.358000",
        "team": "TJE58GTJL",
        "user_team": "TJE58GTJL",
        "source_team": "TJE58GTJL",
        "user_profile": {
            "avatar_hash": "fbbf51269367",
            "image_72": "https:\/\/avatars.slack-edge.com\/2022-04-11\/3397655376720_fbbf512693678b912e88_72.jpg",
            "first_name": "Rochi",
            "real_name": "Rochi Zalani",
            "display_name": "Rochi Zalani",
            "team": "TJE58GTJL",
            "name": "rochi.zalani",
            "is_restricted": false,
            "is_ultra_restricted": false
        },
        "blocks": [
            {
                "type": "rich_text",
                "block_id": "j5R",
                "elements": [
                    {
                        "type": "rich_text_section",
                        "elements": [
                            {
                                "type": "text",
                                "text": "Hey "
                            },
                            {
                                "type": "user",
                                "user_id": "UN4FX211U"
                            },
                            {
                                "type": "text",
                                "text": " this is right up my alley! Just sent an application in case you're still looking for more people."
                            }
                        ]
                    }
                ]
            }
        ],
        "thread_ts": "1633458381.330200",
        "parent_user_id": "UN4FX211U",
        "reactions": [
            {
                "name": "pray",
                "users": [
                    "UN4FX211U"
                ],
                "count": 1
            }
        ]
    },
    {
        "client_msg_id": "8cc1c8ef-3c04-4a81-8a39-79d397983ab1",
        "type": "message",
        "text": "Hey all, so I have been writing for 4 years and have good amount of experience in the Fintech space but now I am also looking to establish myself in the SaaS space . So I am looking for any SaaS marketing agencies or brands who are looking for new writers. (SaaS Marketing, productivity, and e-commerce)",
        "user": "U02HD0L8HAP",
        "ts": "1633970464.363600",
        "team": "TJE58GTJL",
        "user_team": "TJE58GTJL",
        "source_team": "TJE58GTJL",
        "user_profile": {
            "avatar_hash": "675c42a91f65",
            "image_72": "https:\/\/avatars.slack-edge.com\/2022-01-10\/2928364816754_675c42a91f6571f4ac6b_72.jpg",
            "first_name": "Aanchal",
            "real_name": "Aanchal Parmar",
            "display_name": "Aanchal Parmar",
            "team": "TJE58GTJL",
            "name": "aanywrites",
            "is_restricted": false,
            "is_ultra_restricted": false
        },
        "edited": {
            "user": "U02HD0L8HAP",
            "ts": "1633970654.000000"
        },
        "blocks": [
            {
                "type": "rich_text",
                "block_id": "a2p5f",
                "elements": [
                    {
                        "type": "rich_text_section",
                        "elements": [
                            {
                                "type": "text",
                                "text": "Hey all, so I have been writing for 4 years and have good amount of experience in the Fintech space but now I am also looking to establish myself in the SaaS space . So I am looking for any SaaS marketing agencies or brands who are looking for new writers. (SaaS Marketing, productivity, and e-commerce)"
                            }
                        ]
                    }
                ]
            }
        ],
        "thread_ts": "1633970464.363600",
        "reply_count": 2,
        "reply_users_count": 2,
        "latest_reply": "1634006112.365600",
        "reply_users": [
            "UJ57DB9BM",
            "U02HD0L8HAP"
        ],
        "replies": [
            {
                "user": "UJ57DB9BM",
                "ts": "1633972626.363800"
            },
            {
                "user": "U02HD0L8HAP",
                "ts": "1634006112.365600"
            }
        ],
        "is_locked": false,
        "subscribed": false
    },
    {
        "client_msg_id": "e6cde66c-4375-46a2-9405-fef515dc03e3",
        "type": "message",
        "text": "you might consider SaaS products that have some kind of financial angle! so many of them do. might be a natural way in.",
        "user": "UJ57DB9BM",
        "ts": "1633972626.363800",
        "team": "TJE58GTJL",
        "user_team": "TJE58GTJL",
        "source_team": "TJE58GTJL",
        "user_profile": {
            "avatar_hash": "5879d1254678",
            "image_72": "https:\/\/avatars.slack-edge.com\/2020-03-20\/1015010058132_5879d1254678f05899b0_72.jpg",
            "first_name": "Emma",
            "real_name": "Emma Siemasko",
            "display_name": "Emma Siemasko",
            "team": "TJE58GTJL",
            "name": "emma",
            "is_restricted": false,
            "is_ultra_restricted": false
        },
        "blocks": [
            {
                "type": "rich_text",
                "block_id": "jbs",
                "elements": [
                    {
                        "type": "rich_text_section",
                        "elements": [
                            {
                                "type": "text",
                                "text": "you might consider SaaS products that have some kind of financial angle! so many of them do. might be a natural way in."
                            }
                        ]
                    }
                ]
            }
        ],
        "thread_ts": "1633970464.363600",
        "parent_user_id": "U02HD0L8HAP"
    },
    {
        "client_msg_id": "f81657a0-bed4-4cc3-8f3a-353292e301cf",
        "type": "message",
        "text": "Hey all, I have been Media Buying for 3years now with experience in the DTC space. I am currently looking for DTC , Lead Gen agencies or brands who are looking for Media Buyer to help scale their business.",
        "user": "U02E8ECNJ1E",
        "ts": "1633985108.365200",
        "team": "TJE58GTJL",
        "user_team": "TJE58GTJL",
        "source_team": "TJE58GTJL",
        "user_profile": {
            "avatar_hash": "c96e7d68a65f",
            "image_72": "https:\/\/avatars.slack-edge.com\/2021-09-07\/2461370272835_c96e7d68a65fe9a566a4_72.jpg",
            "first_name": "Akpan",
            "real_name": "Akpan ThankGod",
            "display_name": "Akpan Thankgod",
            "team": "TJE58GTJL",
            "name": "thankgodvictor10",
            "is_restricted": false,
            "is_ultra_restricted": false
        },
        "blocks": [
            {
                "type": "rich_text",
                "block_id": "CpSFb",
                "elements": [
                    {
                        "type": "rich_text_section",
                        "elements": [
                            {
                                "type": "text",
                                "text": "Hey all, I have been Media Buying for 3years now with experience in the DTC space. I am currently looking for DTC , Lead Gen agencies or brands who are looking for Media Buyer to help scale their business."
                            }
                        ]
                    }
                ]
            }
        ]
    },
    {
        "client_msg_id": "e753bb69-59d4-4b6a-a872-453283d669a5",
        "type": "message",
        "text": "This definitely makes sense, thankyou Emma :-)",
        "user": "U02HD0L8HAP",
        "ts": "1634006112.365600",
        "team": "TJE58GTJL",
        "user_team": "TJE58GTJL",
        "source_team": "TJE58GTJL",
        "user_profile": {
            "avatar_hash": "675c42a91f65",
            "image_72": "https:\/\/avatars.slack-edge.com\/2022-01-10\/2928364816754_675c42a91f6571f4ac6b_72.jpg",
            "first_name": "Aanchal",
            "real_name": "Aanchal Parmar",
            "display_name": "Aanchal Parmar",
            "team": "TJE58GTJL",
            "name": "aanywrites",
            "is_restricted": false,
            "is_ultra_restricted": false
        },
        "blocks": [
            {
                "type": "rich_text",
                "block_id": "AATm",
                "elements": [
                    {
                        "type": "rich_text_section",
                        "elements": [
                            {
                                "type": "text",
                                "text": "This definitely makes sense, thankyou Emma :-)"
                            }
                        ]
                    }
                ]
            }
        ],
        "thread_ts": "1633970464.363600",
        "parent_user_id": "U02HD0L8HAP"
    }
]