[
    {
        "client_msg_id": "c3d72289-9671-4be7-827b-bb6f39b1b152",
        "type": "message",
        "text": "For the freelancers sending cold pitches, today I've offered up a neat prize for you <https:\/\/twitter.com\/DomKent\/status\/1468502358304993282?s=20>",
        "user": "UJJFDTN8G",
        "ts": "1638953271.386500",
        "team": "TJE58GTJL",
        "user_team": "TJE58GTJL",
        "source_team": "TJE58GTJL",
        "user_profile": {
            "avatar_hash": "gd91d89ae152",
            "image_72": "https:\/\/secure.gravatar.com\/avatar\/86d91d89ae1528e747f4a586668d5d87.jpg?s=72&d=https%3A%2F%2Fa.slack-edge.com%2Fdf10d%2Fimg%2Favatars%2Fava_0013-72.png",
            "first_name": "Dominic",
            "real_name": "Dominic Kent",
            "display_name": "Dom Kent",
            "team": "TJE58GTJL",
            "name": "dominic",
            "is_restricted": false,
            "is_ultra_restricted": false
        },
        "attachments": [
            {
                "from_url": "https:\/\/twitter.com\/DomKent\/status\/1468502358304993282?s=20",
                "ts": 1638953220,
                "image_url": "https:\/\/pbs.twimg.com\/media\/FGEqiSpXIAMGmVE.png",
                "image_width": 577,
                "image_height": 616,
                "image_bytes": 85282,
                "id": 1,
                "original_url": "https:\/\/twitter.com\/DomKent\/status\/1468502358304993282?s=20",
                "fallback": "<https:\/\/twitter.com\/DomKent|@DomKent>: Are you fed up with sending cold pitches and getting 0 replies?\n\nMustafa has literally written the book on writing cold email that gets warm replies :fire:\n\nRT and follow <https:\/\/twitter.com\/mkhundmiri|@mkhundmiri> for your chance to win a copy! \n\nFor a bonus entry, drop a cold emoji below :cold_face: <https:\/\/pbs.twimg.com\/media\/FGEqiSpXIAMGmVE.png>",
                "text": "Are you fed up with sending cold pitches and getting 0 replies?\n\nMustafa has literally written the book on writing cold email that gets warm replies :fire:\n\nRT and follow <https:\/\/twitter.com\/mkhundmiri|@mkhundmiri> for your chance to win a copy! \n\nFor a bonus entry, drop a cold emoji below :cold_face: <https:\/\/pbs.twimg.com\/media\/FGEqiSpXIAMGmVE.png>",
                "author_name": "Dominic Kent",
                "author_link": "https:\/\/twitter.com\/DomKent\/status\/1468502358304993282",
                "author_icon": "https:\/\/pbs.twimg.com\/profile_images\/1467961637680271361\/zOA_TDRT_normal.png",
                "author_subname": "@DomKent",
                "service_name": "twitter",
                "service_url": "https:\/\/twitter.com",
                "footer": "Twitter",
                "footer_icon": "https:\/\/a.slack-edge.com\/80588\/img\/services\/twitter_pixel_snapped_32.png"
            }
        ],
        "blocks": [
            {
                "type": "rich_text",
                "block_id": "Ce4R9",
                "elements": [
                    {
                        "type": "rich_text_section",
                        "elements": [
                            {
                                "type": "text",
                                "text": "For the freelancers sending cold pitches, today I've offered up a neat prize for you "
                            },
                            {
                                "type": "link",
                                "url": "https:\/\/twitter.com\/DomKent\/status\/1468502358304993282?s=20"
                            }
                        ]
                    }
                ]
            }
        ]
    },
    {
        "client_msg_id": "0ad5d7c2-9985-4e78-9c38-eae31a13a237",
        "type": "message",
        "text": "<@U02LGA1DB9N> Ohh okay! It may not be too bad then - most of the \"branding packages\" I've worked on have been in the 3-4k range - but that price does include more than just tone\/voice guide. So I guess it all depends on how much you are adding into that deliverable.",
        "user": "U02CVNB3X1T",
        "ts": "1638971659.387100",
        "team": "TJE58GTJL",
        "user_team": "TJE58GTJL",
        "source_team": "TJE58GTJL",
        "user_profile": {
            "avatar_hash": "a98cd79fc67b",
            "image_72": "https:\/\/avatars.slack-edge.com\/2021-12-28\/2891088304196_a98cd79fc67b29986082_72.png",
            "first_name": "Julie",
            "real_name": "Julie Simpson",
            "display_name": "Julie Simpson",
            "team": "TJE58GTJL",
            "name": "jujuklu",
            "is_restricted": false,
            "is_ultra_restricted": false
        },
        "blocks": [
            {
                "type": "rich_text",
                "block_id": "sis",
                "elements": [
                    {
                        "type": "rich_text_section",
                        "elements": [
                            {
                                "type": "user",
                                "user_id": "U02LGA1DB9N"
                            },
                            {
                                "type": "text",
                                "text": " Ohh okay! It may not be too bad then - most of the \"branding packages\" I've worked on have been in the 3-4k range - but that price does include more than just tone\/voice guide. So I guess it all depends on how much you are adding into that deliverable."
                            }
                        ]
                    }
                ]
            }
        ],
        "thread_ts": "1638890006.359000",
        "parent_user_id": "U02LGA1DB9N"
    },
    {
        "client_msg_id": "5d9e75b0-7dc1-4a3d-adb2-e2fd31e7f5d6",
        "type": "message",
        "text": "Things I'm good at: writing. Things I'm bad at: pricing. Now that we have cleared THAT up, how much would you charge for sales copy for a landing page? (It's B2C) (I typically charge 200 for Blogs\/Articles, but sales copy is a different beast, and it's been awhile since I've had to price it out. I last did it within an agency umbrella so I was just in charge of writing.)",
        "user": "U02CVNB3X1T",
        "ts": "1638972453.387800",
        "team": "TJE58GTJL",
        "user_team": "TJE58GTJL",
        "source_team": "TJE58GTJL",
        "user_profile": {
            "avatar_hash": "a98cd79fc67b",
            "image_72": "https:\/\/avatars.slack-edge.com\/2021-12-28\/2891088304196_a98cd79fc67b29986082_72.png",
            "first_name": "Julie",
            "real_name": "Julie Simpson",
            "display_name": "Julie Simpson",
            "team": "TJE58GTJL",
            "name": "jujuklu",
            "is_restricted": false,
            "is_ultra_restricted": false
        },
        "edited": {
            "user": "U02CVNB3X1T",
            "ts": "1638972607.000000"
        },
        "blocks": [
            {
                "type": "rich_text",
                "block_id": "e8eMB",
                "elements": [
                    {
                        "type": "rich_text_section",
                        "elements": [
                            {
                                "type": "text",
                                "text": "Things I'm good at: writing. Things I'm bad at: pricing. Now that we have cleared THAT up, how much would you charge for sales copy for a landing page? (It's B2C) (I typically charge 200 for Blogs\/Articles, but sales copy is a different beast, and it's been awhile since I've had to price it out. I last did it within an agency umbrella so I was just in charge of writing.)"
                            }
                        ]
                    }
                ]
            }
        ],
        "thread_ts": "1638972453.387800",
        "reply_count": 10,
        "reply_users_count": 6,
        "latest_reply": "1639009110.417200",
        "reply_users": [
            "U02681WABA7",
            "U01H58AMEAD",
            "U02CVNB3X1T",
            "U01P833NGUT",
            "UN3RHBFBK",
            "U02PRM9SPEZ"
        ],
        "replies": [
            {
                "user": "U02681WABA7",
                "ts": "1638973745.388200"
            },
            {
                "user": "U01H58AMEAD",
                "ts": "1638973773.388400"
            },
            {
                "user": "U01H58AMEAD",
                "ts": "1638973803.388600"
            },
            {
                "user": "U02681WABA7",
                "ts": "1638973805.388800"
            },
            {
                "user": "U02CVNB3X1T",
                "ts": "1638974097.389300"
            },
            {
                "user": "U02CVNB3X1T",
                "ts": "1638974128.389700"
            },
            {
                "user": "U01P833NGUT",
                "ts": "1638977798.392500"
            },
            {
                "user": "U02CVNB3X1T",
                "ts": "1638990820.404500"
            },
            {
                "user": "UN3RHBFBK",
                "ts": "1638993982.407100"
            },
            {
                "user": "U02PRM9SPEZ",
                "ts": "1639009110.417200"
            }
        ],
        "is_locked": false,
        "subscribed": false,
        "reactions": [
            {
                "name": "eyes",
                "users": [
                    "U02PRMEAP0V"
                ],
                "count": 1
            }
        ]
    },
    {
        "client_msg_id": "876961d0-0d39-4112-897e-dd67d2233793",
        "type": "message",
        "text": "Why don’t you try something along the lines of “From $300, depending on the subject, deadline and amount of research and interviews needed. Includes 2 rounds of tweaking”",
        "user": "U02681WABA7",
        "ts": "1638973745.388200",
        "team": "TJE58GTJL",
        "user_team": "TJE58GTJL",
        "source_team": "TJE58GTJL",
        "user_profile": {
            "avatar_hash": "e00edcfaaddd",
            "image_72": "https:\/\/avatars.slack-edge.com\/2021-09-29\/2531730201543_e00edcfaaddd70703667_72.jpg",
            "first_name": "Jonas",
            "real_name": "Jonas van de Poel",
            "display_name": "Jonas van de Poel",
            "team": "TJE58GTJL",
            "name": "jonas792",
            "is_restricted": false,
            "is_ultra_restricted": false
        },
        "blocks": [
            {
                "type": "rich_text",
                "block_id": "5xrn",
                "elements": [
                    {
                        "type": "rich_text_section",
                        "elements": [
                            {
                                "type": "text",
                                "text": "Why don’t you try something along the lines of “From $300, depending on the subject, deadline and amount of research and interviews needed. Includes 2 rounds of tweaking”"
                            }
                        ]
                    }
                ]
            }
        ],
        "thread_ts": "1638972453.387800",
        "parent_user_id": "U02CVNB3X1T"
    },
    {
        "client_msg_id": "a8c32ea6-ffdd-467f-8860-f37296778865",
        "type": "message",
        "text": ":slightly_smiling_face: I know the feeling about pricing. It is always a tough call.  If the scope of work is clear, you should be able to guestimate the amount of hours it will take you and charge a fee based on that. I would say something like, \"my copywriting fee is $x\/hr and this will take me x hours\".  So if there are curveballs you can manage expenses by letting them know it will require more hours.  For example with web copy, there are often many  client edits \/ comments depending on how many stakeholders are approving it. I often add a caveat that the proposal includes 2 rounds of edits. This way it is easy to charge more when they need more rounds.  If you are trying to figure out an exact $ amount, it really depends on the client\/industry. How long does a $200 blog take you to do? That is a good starting point to find an hourly that you are comfortable with, but def increase it a bit for copywriting as it is a specialized skillset. Hope that helps.",
        "user": "U01H58AMEAD",
        "ts": "1638973773.388400",
        "team": "TJE58GTJL",
        "user_team": "TJE58GTJL",
        "source_team": "TJE58GTJL",
        "user_profile": {
            "avatar_hash": "aa39c35317a9",
            "image_72": "https:\/\/avatars.slack-edge.com\/2020-12-14\/1570897356021_aa39c35317a949f9c6d7_72.jpg",
            "first_name": "Jonas",
            "real_name": "Jonas Fischer",
            "display_name": "joNas",
            "team": "TJE58GTJL",
            "name": "jonas",
            "is_restricted": false,
            "is_ultra_restricted": false
        },
        "blocks": [
            {
                "type": "rich_text",
                "block_id": "ObG",
                "elements": [
                    {
                        "type": "rich_text_section",
                        "elements": [
                            {
                                "type": "emoji",
                                "name": "slightly_smiling_face"
                            },
                            {
                                "type": "text",
                                "text": " I know the feeling about pricing. It is always a tough call.  If the scope of work is clear, you should be able to guestimate the amount of hours it will take you and charge a fee based on that. I would say something like, \"my copywriting fee is $x\/hr and this will take me x hours\".  So if there are curveballs you can manage expenses by letting them know it will require more hours.  For example with web copy, there are often many  client edits \/ comments depending on how many stakeholders are approving it. I often add a caveat that the proposal includes 2 rounds of edits. This way it is easy to charge more when they need more rounds.  If you are trying to figure out an exact $ amount, it really depends on the client\/industry. How long does a $200 blog take you to do? That is a good starting point to find an hourly that you are comfortable with, but def increase it a bit for copywriting as it is a specialized skillset. Hope that helps."
                            }
                        ]
                    }
                ]
            }
        ],
        "thread_ts": "1638972453.387800",
        "parent_user_id": "U02CVNB3X1T"
    },
    {
        "client_msg_id": "239b4249-1df9-45d2-927d-a17a151de818",
        "type": "message",
        "text": "Other people not named Jonas can also comment :slightly_smiling_face:",
        "user": "U01H58AMEAD",
        "ts": "1638973803.388600",
        "team": "TJE58GTJL",
        "user_team": "TJE58GTJL",
        "source_team": "TJE58GTJL",
        "user_profile": {
            "avatar_hash": "aa39c35317a9",
            "image_72": "https:\/\/avatars.slack-edge.com\/2020-12-14\/1570897356021_aa39c35317a949f9c6d7_72.jpg",
            "first_name": "Jonas",
            "real_name": "Jonas Fischer",
            "display_name": "joNas",
            "team": "TJE58GTJL",
            "name": "jonas",
            "is_restricted": false,
            "is_ultra_restricted": false
        },
        "blocks": [
            {
                "type": "rich_text",
                "block_id": "x2TV",
                "elements": [
                    {
                        "type": "rich_text_section",
                        "elements": [
                            {
                                "type": "text",
                                "text": "Other people not named Jonas can also comment "
                            },
                            {
                                "type": "emoji",
                                "name": "slightly_smiling_face"
                            }
                        ]
                    }
                ]
            }
        ],
        "thread_ts": "1638972453.387800",
        "parent_user_id": "U02CVNB3X1T",
        "reactions": [
            {
                "name": "sweat_smile",
                "users": [
                    "U02681WABA7",
                    "U02CVNB3X1T",
                    "U02PUQ6CQRX",
                    "U02UNH5M7QX"
                ],
                "count": 4
            },
            {
                "name": "laughing",
                "users": [
                    "UN3RHBFBK",
                    "U02PUQ6CQRX"
                ],
                "count": 2
            }
        ]
    },
    {
        "client_msg_id": "2fabf8ba-faea-48ea-a619-e90c9749bf9e",
        "type": "message",
        "text": "2 jonases responding at the exact same moment",
        "user": "U02681WABA7",
        "ts": "1638973805.388800",
        "team": "TJE58GTJL",
        "user_team": "TJE58GTJL",
        "source_team": "TJE58GTJL",
        "user_profile": {
            "avatar_hash": "e00edcfaaddd",
            "image_72": "https:\/\/avatars.slack-edge.com\/2021-09-29\/2531730201543_e00edcfaaddd70703667_72.jpg",
            "first_name": "Jonas",
            "real_name": "Jonas van de Poel",
            "display_name": "Jonas van de Poel",
            "team": "TJE58GTJL",
            "name": "jonas792",
            "is_restricted": false,
            "is_ultra_restricted": false
        },
        "blocks": [
            {
                "type": "rich_text",
                "block_id": "SGGO",
                "elements": [
                    {
                        "type": "rich_text_section",
                        "elements": [
                            {
                                "type": "text",
                                "text": "2 jonases responding at the exact same moment"
                            }
                        ]
                    }
                ]
            }
        ],
        "thread_ts": "1638972453.387800",
        "parent_user_id": "U02CVNB3X1T",
        "reactions": [
            {
                "name": "rolling_on_the_floor_laughing",
                "users": [
                    "U01H58AMEAD",
                    "U02CVNB3X1T",
                    "U02PUQ6CQRX",
                    "U02P9A0LY7R"
                ],
                "count": 4
            }
        ]
    },
    {
        "client_msg_id": "b2d9ae33-39f4-4a1a-a216-70378eb187a1",
        "type": "message",
        "text": "I appreciate all the Jonas responses.",
        "user": "U02CVNB3X1T",
        "ts": "1638974097.389300",
        "team": "TJE58GTJL",
        "user_team": "TJE58GTJL",
        "source_team": "TJE58GTJL",
        "user_profile": {
            "avatar_hash": "a98cd79fc67b",
            "image_72": "https:\/\/avatars.slack-edge.com\/2021-12-28\/2891088304196_a98cd79fc67b29986082_72.png",
            "first_name": "Julie",
            "real_name": "Julie Simpson",
            "display_name": "Julie Simpson",
            "team": "TJE58GTJL",
            "name": "jujuklu",
            "is_restricted": false,
            "is_ultra_restricted": false
        },
        "blocks": [
            {
                "type": "rich_text",
                "block_id": "VzOXG",
                "elements": [
                    {
                        "type": "rich_text_section",
                        "elements": [
                            {
                                "type": "text",
                                "text": "I appreciate all the Jonas responses."
                            }
                        ]
                    }
                ]
            }
        ],
        "thread_ts": "1638972453.387800",
        "parent_user_id": "U02CVNB3X1T"
    },
    {
        "client_msg_id": "8882b070-079b-4c2a-b2a6-d550e1cda0c8",
        "type": "message",
        "text": "<https:\/\/www.youtube.com\/watch?v=VoAnLHSLHGQ>",
        "user": "U02CVNB3X1T",
        "ts": "1638974128.389700",
        "team": "TJE58GTJL",
        "user_team": "TJE58GTJL",
        "source_team": "TJE58GTJL",
        "user_profile": {
            "avatar_hash": "a98cd79fc67b",
            "image_72": "https:\/\/avatars.slack-edge.com\/2021-12-28\/2891088304196_a98cd79fc67b29986082_72.png",
            "first_name": "Julie",
            "real_name": "Julie Simpson",
            "display_name": "Julie Simpson",
            "team": "TJE58GTJL",
            "name": "jujuklu",
            "is_restricted": false,
            "is_ultra_restricted": false
        },
        "attachments": [
            {
                "from_url": "https:\/\/www.youtube.com\/watch?v=VoAnLHSLHGQ",
                "video_html": "<iframe width=\"400\" height=\"300\" src=\"https:\/\/www.youtube.com\/embed\/VoAnLHSLHGQ?feature=oembed&autoplay=1&iv_load_policy=3\" frameborder=\"0\" allow=\"accelerometer; autoplay; clipboard-write; encrypted-media; gyroscope; picture-in-picture\" allowfullscreen><\/iframe>",
                "video_html_width": 400,
                "video_html_height": 300,
                "thumb_url": "https:\/\/i.ytimg.com\/vi\/VoAnLHSLHGQ\/hqdefault.jpg",
                "thumb_width": 480,
                "thumb_height": 360,
                "service_icon": "https:\/\/a.slack-edge.com\/80588\/img\/unfurl_icons\/youtube.png",
                "id": 1,
                "original_url": "https:\/\/www.youtube.com\/watch?v=VoAnLHSLHGQ",
                "fallback": "YouTube Video: My Name is Jonas w\/Lyrics - Weezer",
                "title": "My Name is Jonas w\/Lyrics - Weezer",
                "title_link": "https:\/\/www.youtube.com\/watch?v=VoAnLHSLHGQ",
                "author_name": "djfish95",
                "author_link": "https:\/\/www.youtube.com\/user\/djfish95",
                "service_name": "YouTube",
                "service_url": "https:\/\/www.youtube.com\/"
            }
        ],
        "blocks": [
            {
                "type": "rich_text",
                "block_id": "HUxl",
                "elements": [
                    {
                        "type": "rich_text_section",
                        "elements": [
                            {
                                "type": "link",
                                "url": "https:\/\/www.youtube.com\/watch?v=VoAnLHSLHGQ"
                            }
                        ]
                    }
                ]
            }
        ],
        "thread_ts": "1638972453.387800",
        "parent_user_id": "U02CVNB3X1T",
        "reactions": [
            {
                "name": "guitar",
                "users": [
                    "U02681WABA7",
                    "U01H58AMEAD",
                    "U02F1GK6U6B",
                    "U02H3K9BEMA"
                ],
                "count": 4
            },
            {
                "name": "laughing",
                "users": [
                    "U01P833NGUT",
                    "U02H3K9BEMA"
                ],
                "count": 2
            }
        ]
    },
    {
        "client_msg_id": "539d42be-1b0c-44e6-8c58-ece8d17be43f",
        "type": "message",
        "text": "Hello everyone :blob-wave:\n\nNot sure if this is the best channel, but we are looking for some freelance help to migrate our website to Contentful. We are almost finishing the templates so we want to start soon.\n\nHit me up if you have experience with Contentful and are interested :slightly_smiling_face:",
        "user": "U019MUQ6QKV",
        "ts": "1638976690.392000",
        "team": "TJE58GTJL",
        "user_team": "TJE58GTJL",
        "source_team": "TJE58GTJL",
        "user_profile": {
            "avatar_hash": "cc31aa9ea9ed",
            "image_72": "https:\/\/avatars.slack-edge.com\/2020-10-02\/1415599255793_cc31aa9ea9ed50fce468_72.png",
            "first_name": "Ramiro",
            "real_name": "Ramiro Nuñez Dosio",
            "display_name": "Ramiro",
            "team": "TJE58GTJL",
            "name": "ramiro.mktg",
            "is_restricted": false,
            "is_ultra_restricted": false
        },
        "blocks": [
            {
                "type": "rich_text",
                "block_id": "9Slj+",
                "elements": [
                    {
                        "type": "rich_text_section",
                        "elements": [
                            {
                                "type": "text",
                                "text": "Hello everyone "
                            },
                            {
                                "type": "emoji",
                                "name": "blob-wave"
                            },
                            {
                                "type": "text",
                                "text": "\n\nNot sure if this is the best channel, but we are looking for some freelance help to migrate our website to Contentful. We are almost finishing the templates so we want to start soon.\n\nHit me up if you have experience with Contentful and are interested "
                            },
                            {
                                "type": "emoji",
                                "name": "slightly_smiling_face"
                            }
                        ]
                    }
                ]
            }
        ]
    },
    {
        "client_msg_id": "9525aa8e-90e5-46ca-92b6-c3f9a8321fc3",
        "type": "message",
        "text": "Copyhackers has a very useful tool for this: <https:\/\/copyhackers.com\/freelance-copywriter-quote-calculator\/>",
        "user": "U01P833NGUT",
        "ts": "1638977798.392500",
        "team": "TJE58GTJL",
        "user_team": "TJE58GTJL",
        "source_team": "TJE58GTJL",
        "user_profile": {
            "avatar_hash": "40aead68c5b5",
            "image_72": "https:\/\/avatars.slack-edge.com\/2021-06-01\/2110550144775_40aead68c5b508b97960_72.png",
            "first_name": "Mandy",
            "real_name": "Mandy Bray",
            "display_name": "Mandy Bray",
            "team": "TJE58GTJL",
            "name": "mandy.l.bray",
            "is_restricted": false,
            "is_ultra_restricted": false
        },
        "attachments": [
            {
                "from_url": "https:\/\/copyhackers.com\/freelance-copywriter-quote-calculator\/",
                "image_url": "https:\/\/copyhackers.com\/wp-content\/uploads\/2018\/10\/Hipster-girl-for-Kelsey.jpg",
                "image_width": 375,
                "image_height": 250,
                "image_bytes": 81125,
                "service_icon": "https:\/\/i0.wp.com\/copyhackers.com\/wp-content\/uploads\/2019\/11\/cropped-C.png?fit=180%2C180&amp;ssl=1",
                "id": 1,
                "original_url": "https:\/\/copyhackers.com\/freelance-copywriter-quote-calculator\/",
                "fallback": "Copywriting for startups and marketers: What should you charge? Use this calculator.",
                "text": "Freelance copywriters use this calculator to figure out what to charge clients.",
                "title": "What should you charge? Use this calculator.",
                "title_link": "https:\/\/copyhackers.com\/freelance-copywriter-quote-calculator\/",
                "service_name": "Copywriting for startups and marketers"
            }
        ],
        "blocks": [
            {
                "type": "rich_text",
                "block_id": "pDomQ",
                "elements": [
                    {
                        "type": "rich_text_section",
                        "elements": [
                            {
                                "type": "text",
                                "text": "Copyhackers has a very useful tool for this: "
                            },
                            {
                                "type": "link",
                                "url": "https:\/\/copyhackers.com\/freelance-copywriter-quote-calculator\/"
                            }
                        ]
                    }
                ]
            }
        ],
        "thread_ts": "1638972453.387800",
        "parent_user_id": "U02CVNB3X1T",
        "reactions": [
            {
                "name": "eyes",
                "users": [
                    "U02NXEUQKA6"
                ],
                "count": 1
            },
            {
                "name": "clap",
                "users": [
                    "U02PRM9SPEZ"
                ],
                "count": 1
            }
        ]
    },
    {
        "client_msg_id": "d219fcd4-7930-462c-986a-ebdc3392a8c6",
        "type": "message",
        "text": "We have over 150 freelance writers right now (worldwide), so happy to offer insights into growing your writer base.\n\nThe best places I’ve found for getting writers are:\n\n• <https:\/\/contentwritingjobs.com\/>\n• <https:\/\/weworkremotely.com\/>\n• <https:\/\/dynamitejobs.com\/>\nAnd we use <http:\/\/Pilot.co|Pilot.co> to handle our payroll. It’s very reasonably priced ($30\/contractor\/mo) and you pay no fees for any country worldwide. Highly recommend it.",
        "user": "U029CTQ5X6Y",
        "ts": "1638978971.392900",
        "team": "TJE58GTJL",
        "user_team": "TJE58GTJL",
        "source_team": "TJE58GTJL",
        "user_profile": {
            "avatar_hash": "4d1afd4712b9",
            "image_72": "https:\/\/avatars.slack-edge.com\/2021-07-26\/2312909469026_4d1afd4712b9f77f1af8_72.jpg",
            "first_name": "Karl",
            "real_name": "Karl Hughes",
            "display_name": "Karl (Draft.dev)",
            "team": "TJE58GTJL",
            "name": "khughes.me",
            "is_restricted": false,
            "is_ultra_restricted": false
        },
        "blocks": [
            {
                "type": "rich_text",
                "block_id": "QnsDM",
                "elements": [
                    {
                        "type": "rich_text_section",
                        "elements": [
                            {
                                "type": "text",
                                "text": "We have over 150 freelance writers right now (worldwide), so happy to offer insights into growing your writer base.\n\nThe best places I’ve found for getting writers are:\n\n"
                            }
                        ]
                    },
                    {
                        "type": "rich_text_list",
                        "elements": [
                            {
                                "type": "rich_text_section",
                                "elements": [
                                    {
                                        "type": "link",
                                        "url": "https:\/\/contentwritingjobs.com\/"
                                    }
                                ]
                            },
                            {
                                "type": "rich_text_section",
                                "elements": [
                                    {
                                        "type": "link",
                                        "url": "https:\/\/weworkremotely.com\/"
                                    }
                                ]
                            },
                            {
                                "type": "rich_text_section",
                                "elements": [
                                    {
                                        "type": "link",
                                        "url": "https:\/\/dynamitejobs.com\/"
                                    }
                                ]
                            }
                        ],
                        "style": "bullet",
                        "indent": 0,
                        "border": 0
                    },
                    {
                        "type": "rich_text_section",
                        "elements": [
                            {
                                "type": "text",
                                "text": "\nAnd we use "
                            },
                            {
                                "type": "link",
                                "url": "http:\/\/Pilot.co",
                                "text": "Pilot.co"
                            },
                            {
                                "type": "text",
                                "text": " to handle our payroll. It’s very reasonably priced ($30\/contractor\/mo) and you pay no fees for any country worldwide. Highly recommend it."
                            }
                        ]
                    }
                ]
            }
        ],
        "thread_ts": "1638905365.378700",
        "parent_user_id": "U02P99X3QGP"
    },
    {
        "client_msg_id": "8d1791d3-a035-4010-a9c7-5b71bce7d645",
        "type": "message",
        "text": "Good luck with the hiring!",
        "user": "U029CTQ5X6Y",
        "ts": "1638978987.393500",
        "team": "TJE58GTJL",
        "user_team": "TJE58GTJL",
        "source_team": "TJE58GTJL",
        "user_profile": {
            "avatar_hash": "4d1afd4712b9",
            "image_72": "https:\/\/avatars.slack-edge.com\/2021-07-26\/2312909469026_4d1afd4712b9f77f1af8_72.jpg",
            "first_name": "Karl",
            "real_name": "Karl Hughes",
            "display_name": "Karl (Draft.dev)",
            "team": "TJE58GTJL",
            "name": "khughes.me",
            "is_restricted": false,
            "is_ultra_restricted": false
        },
        "blocks": [
            {
                "type": "rich_text",
                "block_id": "C=6p",
                "elements": [
                    {
                        "type": "rich_text_section",
                        "elements": [
                            {
                                "type": "text",
                                "text": "Good luck with the hiring!"
                            }
                        ]
                    }
                ]
            }
        ],
        "thread_ts": "1638905365.378700",
        "parent_user_id": "U02P99X3QGP"
    },
    {
        "client_msg_id": "b2d3a14f-75e4-42d8-a6b7-f3e67440b175",
        "type": "message",
        "text": "just want to give a shout out to <@U02H3K9BEMA>. i hired her to help me edit\/polish our upcoming ebook and she overdelivered. i hope we can work together again soon <@U02H3K9BEMA>. and if you need a good freelancer, chat with claire!",
        "user": "UJG9WTEKG",
        "ts": "1638979397.394800",
        "team": "TJE58GTJL",
        "user_team": "TJE58GTJL",
        "source_team": "TJE58GTJL",
        "user_profile": {
            "avatar_hash": "gc25b94e6ebf",
            "image_72": "https:\/\/secure.gravatar.com\/avatar\/eec25b94e6ebf55f0b7933372344cd09.jpg?s=72&d=https%3A%2F%2Fa.slack-edge.com%2Fdf10d%2Fimg%2Favatars%2Fava_0001-72.png",
            "first_name": "Jimmy",
            "real_name": "Jimmy Daly",
            "display_name": "",
            "team": "TJE58GTJL",
            "name": "runjimdaly",
            "is_restricted": false,
            "is_ultra_restricted": false
        },
        "blocks": [
            {
                "type": "rich_text",
                "block_id": "eI=8a",
                "elements": [
                    {
                        "type": "rich_text_section",
                        "elements": [
                            {
                                "type": "text",
                                "text": "just want to give a shout out to "
                            },
                            {
                                "type": "user",
                                "user_id": "U02H3K9BEMA"
                            },
                            {
                                "type": "text",
                                "text": ". i hired her to help me edit\/polish our upcoming ebook and she overdelivered. i hope we can work together again soon "
                            },
                            {
                                "type": "user",
                                "user_id": "U02H3K9BEMA"
                            },
                            {
                                "type": "text",
                                "text": ". and if you need a good freelancer, chat with claire!"
                            }
                        ]
                    }
                ]
            }
        ],
        "thread_ts": "1638979397.394800",
        "reply_count": 2,
        "reply_users_count": 2,
        "latest_reply": "1638981733.397300",
        "reply_users": [
            "U02H3K9BEMA",
            "U0166H7KUAZ"
        ],
        "replies": [
            {
                "user": "U02H3K9BEMA",
                "ts": "1638980540.395600"
            },
            {
                "user": "U0166H7KUAZ",
                "ts": "1638981733.397300"
            }
        ],
        "is_locked": false,
        "subscribed": true,
        "last_read": "1638981733.397300",
        "reactions": [
            {
                "name": "fire",
                "users": [
                    "U01PXN2LGAK",
                    "UN227ML2H",
                    "U02AG6CLTV0",
                    "U02F1GK6U6B",
                    "U02LGA1DB9N",
                    "UUJBMNRNF",
                    "U02QCH75MK3",
                    "U02PUQ6CQRX",
                    "U02P99X3QGP",
                    "U02P9A0LY7R",
                    "U01NM31CTFU",
                    "U016P78H9DH",
                    "U02NADUBXSR",
                    "U02PX7U46F9",
                    "U02G1JY459N",
                    "U02CMCS8KH9",
                    "U02QDLBNR32"
                ],
                "count": 17
            },
            {
                "name": "blush",
                "users": [
                    "U02H3K9BEMA",
                    "U02NADUBXSR"
                ],
                "count": 2
            },
            {
                "name": "heart",
                "users": [
                    "UUJBMNRNF",
                    "U02NADUBXSR"
                ],
                "count": 2
            },
            {
                "name": "partyparrot",
                "users": [
                    "U01AHL8AGBB",
                    "U02PRMEAP0V",
                    "UN3RHBFBK",
                    "U02NADUBXSR",
                    "U02PX7U46F9"
                ],
                "count": 5
            },
            {
                "name": "+1",
                "users": [
                    "U01TB1SDD61",
                    "U02NADUBXSR"
                ],
                "count": 2
            }
        ]
    },
    {
        "client_msg_id": "9e90fff5-ac28-476b-8b09-9880e3294032",
        "type": "message",
        "text": "Thanks so much for the shout out, Jimmy! It was such a cool project and you were a delight to work with :raised_hands:",
        "user": "U02H3K9BEMA",
        "ts": "1638980540.395600",
        "team": "TJE58GTJL",
        "user_team": "TJE58GTJL",
        "source_team": "TJE58GTJL",
        "user_profile": {
            "avatar_hash": "09a184af1fd8",
            "image_72": "https:\/\/avatars.slack-edge.com\/2021-10-07\/2592228292273_09a184af1fd866e135e1_72.jpg",
            "first_name": "Claire",
            "real_name": "Claire Beveridge",
            "display_name": "Claire Beveridge",
            "team": "TJE58GTJL",
            "name": "claire919",
            "is_restricted": false,
            "is_ultra_restricted": false
        },
        "blocks": [
            {
                "type": "rich_text",
                "block_id": "IP6",
                "elements": [
                    {
                        "type": "rich_text_section",
                        "elements": [
                            {
                                "type": "text",
                                "text": "Thanks so much for the shout out, Jimmy! It was such a cool project and you were a delight to work with "
                            },
                            {
                                "type": "emoji",
                                "name": "raised_hands"
                            }
                        ]
                    }
                ]
            }
        ],
        "thread_ts": "1638979397.394800",
        "parent_user_id": "UJG9WTEKG",
        "reactions": [
            {
                "name": "partyparrot",
                "users": [
                    "UJG9WTEKG"
                ],
                "count": 1
            }
        ]
    },
    {
        "client_msg_id": "fa746fa6-f4ff-4c00-a66e-a409dab9ff74",
        "type": "message",
        "text": "<@U02H3K9BEMA> If you're looking for new projects in 2022, DM me.",
        "user": "U0166H7KUAZ",
        "ts": "1638981733.397300",
        "team": "TJE58GTJL",
        "user_team": "TJE58GTJL",
        "source_team": "TJE58GTJL",
        "user_profile": {
            "avatar_hash": "f58be1456496",
            "image_72": "https:\/\/avatars.slack-edge.com\/2020-06-29\/1197308509671_f58be1456496f374b7ea_72.jpg",
            "first_name": "",
            "real_name": "Phillip Paquette",
            "display_name": "Phillip Paquette",
            "team": "TJE58GTJL",
            "name": "phillippaquette",
            "is_restricted": false,
            "is_ultra_restricted": false
        },
        "blocks": [
            {
                "type": "rich_text",
                "block_id": "SkG8",
                "elements": [
                    {
                        "type": "rich_text_section",
                        "elements": [
                            {
                                "type": "user",
                                "user_id": "U02H3K9BEMA"
                            },
                            {
                                "type": "text",
                                "text": " If you're looking for new projects in 2022, DM me."
                            }
                        ]
                    }
                ]
            }
        ],
        "thread_ts": "1638979397.394800",
        "parent_user_id": "UJG9WTEKG",
        "reactions": [
            {
                "name": "raised_hands",
                "users": [
                    "U02H3K9BEMA"
                ],
                "count": 1
            }
        ]
    },
    {
        "client_msg_id": "aaa6cc69-e837-437f-a3a4-3dad12fe9428",
        "type": "message",
        "text": "Greetings, Channel Freelance! I’m looking for a developer with HubSpot API (and other REST APIs) experience. I am trying to pull some third-party data to supplement my first-party data and the source is another platform that also has REST APIs. I have thus far unsuccessfully attempted various connectors (e.g., Zapier). If this sounds like you or someone you know, drop me a DM. :cattyping:",
        "user": "U02J57LDSTU",
        "ts": "1638982613.401200",
        "team": "TJE58GTJL",
        "user_team": "TJE58GTJL",
        "source_team": "TJE58GTJL",
        "user_profile": {
            "avatar_hash": "b9383280f975",
            "image_72": "https:\/\/avatars.slack-edge.com\/2021-10-19\/2646757776304_b9383280f975a4fc60c5_72.jpg",
            "first_name": "Peter",
            "real_name": "Peter Kane",
            "display_name": "Peter Kane",
            "team": "TJE58GTJL",
            "name": "pkane",
            "is_restricted": false,
            "is_ultra_restricted": false
        },
        "blocks": [
            {
                "type": "rich_text",
                "block_id": "BAnx",
                "elements": [
                    {
                        "type": "rich_text_section",
                        "elements": [
                            {
                                "type": "text",
                                "text": "Greetings, Channel Freelance! I’m looking for a developer with HubSpot API (and other REST APIs) experience. I am trying to pull some third-party data to supplement my first-party data and the source is another platform that also has REST APIs. I have thus far unsuccessfully attempted various connectors (e.g., Zapier). If this sounds like you or someone you know, drop me a DM. "
                            },
                            {
                                "type": "emoji",
                                "name": "cattyping"
                            }
                        ]
                    }
                ]
            }
        ],
        "reactions": [
            {
                "name": "fire",
                "users": [
                    "UJG9WTEKG",
                    "U02PUQ6CQRX"
                ],
                "count": 2
            }
        ]
    },
    {
        "client_msg_id": "8f6c3f1c-f653-431e-9150-fc1b677f0fe9",
        "type": "message",
        "text": ":wave: _*Buddy’s startup is seeking a freelance content marketer.* Are you the right person? Reach out to *him* at <mailto:leonard@tell.ie|leonard@tell.ie> (not me! I’m just the messenger!)_ \n\nOver to Leonard…\n\n&gt; We (<https:\/\/join.tell.ie\/|Tellie>) are looking for a content marketing contractor (min 6 months) or a full-time hire (or contract-to-hire). We are looking for someone with experience in the no-code website building\/creator space (doesn’t have to be an exact match).\n&gt; \n&gt; You will manage all of our content marketing including: \n&gt; \n&gt; - crafting content for various channels (social, blog, etc)\n&gt; - business relations (getting our content on third parties)\n&gt; - SEO\n&gt; \n&gt; The primary goal is organic custom acquisition -- we want an engine that feeds our top of the funnel. That will change as we get more users, but for now, it’s the primary goal. \n&gt; \n&gt; *Budget Info*\n&gt; \n&gt; • Full-time hire: $110k-$150k depending on seniority. Not sure what the contracting rates would be, but we will try our best to be competitive.\n&gt; \n&gt; • Our marketing budget is $10k per month and the content marketing budget would come from that\n&gt; <http:\/\/tell.ie\/|Tellie> allows every creator to build a home for your creativity in minutes. It gives the power of a website with the ease of a link-in-bio tool. With Tellie’s novel design, your work stands out on mobile and desktop. Tell stories across formats and platforms, pairing video, audio, text, images, GIFs, shops, links, and more—creating connections never before possible. Drive valuable stats like streams and views while keeping fans in an experience you own. At Tellie, we don’t prioritize meaningless clicks. We help you build direct relationships with your fans. Your site. Your story. With <https:\/\/www.youtube.com\/watch?v=GGWiMtIzEKg|Tellie>.\nReach out to: <mailto:leonard@tell.ie|leonard@tell.ie>",
        "user": "U01KH3P18RZ",
        "ts": "1638984621.403200",
        "team": "TJE58GTJL",
        "user_team": "TJE58GTJL",
        "source_team": "TJE58GTJL",
        "user_profile": {
            "avatar_hash": "fab0c6d48595",
            "image_72": "https:\/\/avatars.slack-edge.com\/2021-05-28\/2110157153414_fab0c6d48595c62a6594_72.jpg",
            "first_name": "Kai",
            "real_name": "Kai Davis",
            "display_name": "Kai (Your Shopify SEO Guy)",
            "team": "TJE58GTJL",
            "name": "kai",
            "is_restricted": false,
            "is_ultra_restricted": false
        },
        "blocks": [
            {
                "type": "rich_text",
                "block_id": "pb5",
                "elements": [
                    {
                        "type": "rich_text_section",
                        "elements": [
                            {
                                "type": "emoji",
                                "name": "wave",
                                "style": {
                                    "bold": true
                                }
                            },
                            {
                                "type": "text",
                                "text": " ",
                                "style": {
                                    "bold": true
                                }
                            },
                            {
                                "type": "text",
                                "text": "Buddy’s startup is seeking a freelance content marketer.",
                                "style": {
                                    "bold": true,
                                    "italic": true
                                }
                            },
                            {
                                "type": "text",
                                "text": " Are you the right person? Reach out to ",
                                "style": {
                                    "italic": true
                                }
                            },
                            {
                                "type": "text",
                                "text": "him",
                                "style": {
                                    "bold": true,
                                    "italic": true
                                }
                            },
                            {
                                "type": "text",
                                "text": " at ",
                                "style": {
                                    "italic": true
                                }
                            },
                            {
                                "type": "link",
                                "url": "mailto:leonard@tell.ie",
                                "text": "leonard@tell.ie",
                                "style": {
                                    "italic": true
                                }
                            },
                            {
                                "type": "text",
                                "text": " (not me! I’m just the messenger!) ",
                                "style": {
                                    "italic": true
                                }
                            },
                            {
                                "type": "text",
                                "text": "\n\nOver to Leonard…\n\n"
                            }
                        ]
                    },
                    {
                        "type": "rich_text_quote",
                        "elements": [
                            {
                                "type": "text",
                                "text": "We ("
                            },
                            {
                                "type": "link",
                                "url": "https:\/\/join.tell.ie\/",
                                "text": "Tellie"
                            },
                            {
                                "type": "text",
                                "text": ") are looking for a content marketing contractor (min 6 months) or a full-time hire (or contract-to-hire). We are looking for someone with experience in the no-code website building\/creator space (doesn’t have to be an exact match).\n\nYou will manage all of our content marketing including: \n\n- crafting content for various channels (social, blog, etc)\n- business relations (getting our content on third parties)\n- SEO\n\nThe primary goal is organic custom acquisition -- we want an engine that feeds our top of the funnel. That will change as we get more users, but for now, it’s the primary goal. \n\n"
                            },
                            {
                                "type": "text",
                                "text": "Budget Info",
                                "style": {
                                    "bold": true
                                }
                            },
                            {
                                "type": "text",
                                "text": "\n\n• Full-time hire: $110k-$150k depending on seniority. Not sure what the contracting rates would be, but we will try our best to be competitive.\n\n• Our marketing budget is $10k per month and the content marketing budget would come from that"
                            }
                        ]
                    },
                    {
                        "type": "rich_text_section",
                        "elements": [
                            {
                                "type": "text",
                                "text": "\n"
                            }
                        ]
                    },
                    {
                        "type": "rich_text_quote",
                        "elements": [
                            {
                                "type": "link",
                                "url": "http:\/\/tell.ie\/",
                                "text": "Tellie"
                            },
                            {
                                "type": "text",
                                "text": " allows every creator to build a home for your creativity in minutes. It gives the power of a website with the ease of a link-in-bio tool. With Tellie’s novel design, your work stands out on mobile and desktop. Tell stories across formats and platforms, pairing video, audio, text, images, GIFs, shops, links, and more—creating connections never before possible. Drive valuable stats like streams and views while keeping fans in an experience you own. At Tellie, we don’t prioritize meaningless clicks. We help you build direct relationships with your fans. Your site. Your story. With "
                            },
                            {
                                "type": "link",
                                "url": "https:\/\/www.youtube.com\/watch?v=GGWiMtIzEKg",
                                "text": "Tellie"
                            },
                            {
                                "type": "text",
                                "text": "."
                            }
                        ]
                    },
                    {
                        "type": "rich_text_section",
                        "elements": [
                            {
                                "type": "text",
                                "text": "\nReach out to: "
                            },
                            {
                                "type": "link",
                                "url": "mailto:leonard@tell.ie",
                                "text": "leonard@tell.ie"
                            }
                        ]
                    }
                ]
            }
        ],
        "reactions": [
            {
                "name": "heart",
                "users": [
                    "UN227ML2H",
                    "U02F1GK6U6B",
                    "U02GMMQ281W",
                    "U01PXN2LGAK",
                    "U0188DZQPB8",
                    "U02CUMQBP9R",
                    "U02BJD2HFDX",
                    "UUVS5HWMB",
                    "U01U4ATF62J"
                ],
                "count": 9
            }
        ]
    },
    {
        "client_msg_id": "4e112a8a-7e86-4eea-99c3-6063a293e16b",
        "type": "message",
        "text": "Thanks for the tip!",
        "user": "U02P99X3QGP",
        "ts": "1638989050.404100",
        "team": "TJE58GTJL",
        "user_team": "TJE58GTJL",
        "source_team": "TJE58GTJL",
        "user_profile": {
            "avatar_hash": "faca191cfdff",
            "image_72": "https:\/\/avatars.slack-edge.com\/2021-12-07\/2811336893922_faca191cfdffbd780d89_72.jpg",
            "first_name": "Kristin",
            "real_name": "Kristin Hoppe",
            "display_name": "Kristin",
            "team": "TJE58GTJL",
            "name": "kristinhoppewrites",
            "is_restricted": false,
            "is_ultra_restricted": false
        },
        "blocks": [
            {
                "type": "rich_text",
                "block_id": "PsIX",
                "elements": [
                    {
                        "type": "rich_text_section",
                        "elements": [
                            {
                                "type": "text",
                                "text": "Thanks for the tip!"
                            }
                        ]
                    }
                ]
            }
        ],
        "thread_ts": "1638905365.378700",
        "parent_user_id": "U02P99X3QGP"
    },
    {
        "client_msg_id": "eff536b5-6af7-46a5-be8e-2187f0bc09d9",
        "type": "message",
        "text": "It told me I need to charge $700 based on my skill\/experience. haha!",
        "user": "U02CVNB3X1T",
        "ts": "1638990820.404500",
        "team": "TJE58GTJL",
        "user_team": "TJE58GTJL",
        "source_team": "TJE58GTJL",
        "user_profile": {
            "avatar_hash": "a98cd79fc67b",
            "image_72": "https:\/\/avatars.slack-edge.com\/2021-12-28\/2891088304196_a98cd79fc67b29986082_72.png",
            "first_name": "Julie",
            "real_name": "Julie Simpson",
            "display_name": "Julie Simpson",
            "team": "TJE58GTJL",
            "name": "jujuklu",
            "is_restricted": false,
            "is_ultra_restricted": false
        },
        "blocks": [
            {
                "type": "rich_text",
                "block_id": "J9j=8",
                "elements": [
                    {
                        "type": "rich_text_section",
                        "elements": [
                            {
                                "type": "text",
                                "text": "It told me I need to charge $700 based on my skill\/experience. haha!"
                            }
                        ]
                    }
                ]
            }
        ],
        "thread_ts": "1638972453.387800",
        "parent_user_id": "U02CVNB3X1T"
    },
    {
        "client_msg_id": "25574622-1469-40C0-8D44-9412D44FC7C2",
        "type": "message",
        "text": "Hi Julie, I wouldn’t laugh so hard. If you’re pretty experienced, $500 per page has been a fine price for me. Though maybe prices are lower in SaaS. ",
        "user": "UN3RHBFBK",
        "ts": "1638993982.407100",
        "team": "TJE58GTJL",
        "user_team": "TJE58GTJL",
        "source_team": "TJE58GTJL",
        "user_profile": {
            "avatar_hash": "7699d1ebbced",
            "image_72": "https:\/\/avatars.slack-edge.com\/2019-09-13\/762155947638_7699d1ebbcede1be9642_72.jpg",
            "first_name": "Jennifer",
            "real_name": "Jennifer Oladipo",
            "display_name": "Jennifer Oladipo",
            "team": "TJE58GTJL",
            "name": "jennifer",
            "is_restricted": false,
            "is_ultra_restricted": false
        },
        "blocks": [
            {
                "type": "rich_text",
                "block_id": "q8D",
                "elements": [
                    {
                        "type": "rich_text_section",
                        "elements": [
                            {
                                "type": "text",
                                "text": "Hi Julie, I wouldn’t laugh so hard. If you’re pretty experienced, $500 per page has been a fine price for me. Though maybe prices are lower in SaaS. "
                            }
                        ]
                    }
                ]
            }
        ],
        "thread_ts": "1638972453.387800",
        "parent_user_id": "U02CVNB3X1T"
    },
    {
        "client_msg_id": "EBF56AE2-3AC4-4109-ADF0-97F9300109DF",
        "type": "message",
        "text": "Folks I just realized I’ve been commenting on pricing but my niche is not SaaS, it’s B2B science and tech. It looks like SaaS prices tend to be lower. Not that they should be. ",
        "user": "UN3RHBFBK",
        "ts": "1638994194.409800",
        "team": "TJE58GTJL",
        "user_team": "TJE58GTJL",
        "source_team": "TJE58GTJL",
        "user_profile": {
            "avatar_hash": "7699d1ebbced",
            "image_72": "https:\/\/avatars.slack-edge.com\/2019-09-13\/762155947638_7699d1ebbcede1be9642_72.jpg",
            "first_name": "Jennifer",
            "real_name": "Jennifer Oladipo",
            "display_name": "Jennifer Oladipo",
            "team": "TJE58GTJL",
            "name": "jennifer",
            "is_restricted": false,
            "is_ultra_restricted": false
        },
        "blocks": [
            {
                "type": "rich_text",
                "block_id": "5OY",
                "elements": [
                    {
                        "type": "rich_text_section",
                        "elements": [
                            {
                                "type": "text",
                                "text": "Folks I just realized I’ve been commenting on pricing but my niche is not SaaS, it’s B2B science and tech. It looks like SaaS prices tend to be lower. Not that they should be. "
                            }
                        ]
                    }
                ]
            }
        ],
        "thread_ts": "1637772185.244400",
        "parent_user_id": "U02F43CAK5X"
    },
    {
        "client_msg_id": "88f5c637-5340-4ae2-b2cb-82485b5352e0",
        "type": "message",
        "text": "*Looking for advice: long-term freelance client not paying due to COVID*\n\nFor 3 years, I had been working with a small Aussie marketing agency specializing in sales funnels and Facebook ads.\n\nWhen COVID happened, they started missing payments. I wasn't worried at first because I have a long-term relationship with them and never had any issues with them before, so I let it slide for a couple of months.\n\nAfter a while, I realized the debt kept getting bigger and bigger, so I stopped working with them.\n\nCurrently, they owe me ~3 months worth of wages :smiling_face_with_tear: It's been 5 months, but so far I only got a very small portion of the money they owe me. They are in contact (which is good) but they keep saying they can't pay because the lockdowns in Australia caused them to lose clients and they simply don't have the money.\n\nI suggested a payment plan but their response is \"we'll pay you once we can but we don't know when that will be\".\n\nAny advice on what else I can do in this situation is appreciated!",
        "user": "U02PPUL9SAE",
        "ts": "1639007288.417000",
        "team": "TJE58GTJL",
        "user_team": "TJE58GTJL",
        "source_team": "TJE58GTJL",
        "user_profile": {
            "avatar_hash": "df046be1b994",
            "image_72": "https:\/\/avatars.slack-edge.com\/2021-12-07\/2807774618469_df046be1b994c6054cb7_72.jpg",
            "first_name": "Linda",
            "real_name": "Linda",
            "display_name": "Linda",
            "team": "TJE58GTJL",
            "name": "linda825",
            "is_restricted": false,
            "is_ultra_restricted": false
        },
        "blocks": [
            {
                "type": "rich_text",
                "block_id": "DGk",
                "elements": [
                    {
                        "type": "rich_text_section",
                        "elements": [
                            {
                                "type": "text",
                                "text": "Looking for advice: long-term freelance client not paying due to COVID",
                                "style": {
                                    "bold": true
                                }
                            },
                            {
                                "type": "text",
                                "text": "\n\nFor 3 years, I had been working with a small Aussie marketing agency specializing in sales funnels and Facebook ads.\n\nWhen COVID happened, they started missing payments. I wasn't worried at first because I have a long-term relationship with them and never had any issues with them before, so I let it slide for a couple of months.\n\nAfter a while, I realized the debt kept getting bigger and bigger, so I stopped working with them.\n\nCurrently, they owe me ~3 months worth of wages "
                            },
                            {
                                "type": "emoji",
                                "name": "smiling_face_with_tear"
                            },
                            {
                                "type": "text",
                                "text": " It's been 5 months, but so far I only got a very small portion of the money they owe me. They are in contact (which is good) but they keep saying they can't pay because the lockdowns in Australia caused them to lose clients and they simply don't have the money.\n\nI suggested a payment plan but their response is \"we'll pay you once we can but we don't know when that will be\".\n\nAny advice on what else I can do in this situation is appreciated!"
                            }
                        ]
                    }
                ]
            }
        ],
        "thread_ts": "1639007288.417000",
        "reply_count": 3,
        "reply_users_count": 3,
        "latest_reply": "1639065854.427200",
        "reply_users": [
            "UJJFDTN8G",
            "U0208DGLY87",
            "U02PPUL9SAE"
        ],
        "replies": [
            {
                "user": "UJJFDTN8G",
                "ts": "1639032786.418000"
            },
            {
                "user": "U0208DGLY87",
                "ts": "1639059393.426600"
            },
            {
                "user": "U02PPUL9SAE",
                "ts": "1639065854.427200"
            }
        ],
        "is_locked": false,
        "subscribed": false
    },
    {
        "client_msg_id": "7121177b-09c4-4348-85dd-f6ad5a5ebe04",
        "type": "message",
        "text": "I like this tool! It reminds people that they shouldn't undercharge for their services",
        "user": "U02PRM9SPEZ",
        "ts": "1639009110.417200",
        "team": "TJE58GTJL",
        "user_team": "TJE58GTJL",
        "source_team": "TJE58GTJL",
        "user_profile": {
            "avatar_hash": "4b840fb8cb5a",
            "image_72": "https:\/\/avatars.slack-edge.com\/2021-12-07\/2824253928769_4b840fb8cb5a466dce4b_72.jpg",
            "first_name": "Tom",
            "real_name": "Tom Sullivan",
            "display_name": "Tom Sullivan",
            "team": "TJE58GTJL",
            "name": "tom.sullivan",
            "is_restricted": false,
            "is_ultra_restricted": false
        },
        "blocks": [
            {
                "type": "rich_text",
                "block_id": "QJy3",
                "elements": [
                    {
                        "type": "rich_text_section",
                        "elements": [
                            {
                                "type": "text",
                                "text": "I like this tool! It reminds people that they shouldn't undercharge for their services"
                            }
                        ]
                    }
                ]
            }
        ],
        "thread_ts": "1638972453.387800",
        "parent_user_id": "U02CVNB3X1T"
    },
    {
        "client_msg_id": "9C0744CB-608A-46ED-B767-959AF351C1A7",
        "type": "message",
        "text": "Do you have a contract with them? It's a tricky one to progress if you don't.",
        "user": "UJJFDTN8G",
        "ts": "1639032786.418000",
        "team": "TJE58GTJL",
        "user_team": "TJE58GTJL",
        "source_team": "TJE58GTJL",
        "user_profile": {
            "avatar_hash": "gd91d89ae152",
            "image_72": "https:\/\/secure.gravatar.com\/avatar\/86d91d89ae1528e747f4a586668d5d87.jpg?s=72&d=https%3A%2F%2Fa.slack-edge.com%2Fdf10d%2Fimg%2Favatars%2Fava_0013-72.png",
            "first_name": "Dominic",
            "real_name": "Dominic Kent",
            "display_name": "Dom Kent",
            "team": "TJE58GTJL",
            "name": "dominic",
            "is_restricted": false,
            "is_ultra_restricted": false
        },
        "blocks": [
            {
                "type": "rich_text",
                "block_id": "Ajck2",
                "elements": [
                    {
                        "type": "rich_text_section",
                        "elements": [
                            {
                                "type": "text",
                                "text": "Do you have a contract with them? It's a tricky one to progress if you don't."
                            }
                        ]
                    }
                ]
            }
        ],
        "thread_ts": "1639007288.417000",
        "parent_user_id": "U02PPUL9SAE",
        "reactions": [
            {
                "name": "point_up",
                "users": [
                    "U01AHL8AGBB",
                    "U02P9A0LY7R"
                ],
                "count": 2
            }
        ]
    }
]