[
    {
        "client_msg_id": "3cd28a82-68d1-4dec-8625-4ff948d9a5f1",
        "type": "message",
        "text": "I avoid it. There are business processes downstream that affect conversion rate that you simply can't control. On top of that, a lot of what happens in marketing isn't attributable or trackable. You take on a lot of risk in this type of agreement.\n\nI would only take a job like this if I was damn sure the product\/service and onboarding processes were solid and I was getting a very generous commission (much more than what I would've made with a flat fee).\n\nThe few times prospects have pitched me this type of arrangement and I've countered with this, they've either walked or paid the flat fee. In my opinion, they were just trying to get a discount.",
        "user": "U02BTBBH887",
        "ts": "1631109763.132100",
        "team": "TJE58GTJL",
        "user_team": "TJE58GTJL",
        "source_team": "TJE58GTJL",
        "user_profile": {
            "avatar_hash": "b12a95701c8d",
            "image_72": "https:\/\/avatars.slack-edge.com\/2021-08-25\/2417682161141_b12a95701c8dc9a34e69_72.jpg",
            "first_name": "John",
            "real_name": "John Blust",
            "display_name": "",
            "team": "TJE58GTJL",
            "name": "johnblust",
            "is_restricted": false,
            "is_ultra_restricted": false
        },
        "edited": {
            "user": "U02BTBBH887",
            "ts": "1631109790.000000"
        },
        "blocks": [
            {
                "type": "rich_text",
                "block_id": "ilu",
                "elements": [
                    {
                        "type": "rich_text_section",
                        "elements": [
                            {
                                "type": "text",
                                "text": "I avoid it. There are business processes downstream that affect conversion rate that you simply can't control. On top of that, a lot of what happens in marketing isn't attributable or trackable. You take on a lot of risk in this type of agreement.\n\nI would only take a job like this if I was damn sure the product\/service and onboarding processes were solid and I was getting a very generous commission (much more than what I would've made with a flat fee).\n\nThe few times prospects have pitched me this type of arrangement and I've countered with this, they've either walked or paid the flat fee. In my opinion, they were just trying to get a discount."
                            }
                        ]
                    }
                ]
            }
        ],
        "thread_ts": "1630993015.111800",
        "parent_user_id": "U0136JJHUSK",
        "reactions": [
            {
                "name": "100",
                "users": [
                    "U02AUQ0KMGC",
                    "U025VFYU4AC"
                ],
                "count": 2
            }
        ]
    },
    {
        "client_msg_id": "a9cea224-ef3f-4eec-9904-a81c59f566d7",
        "type": "message",
        "text": "My client (business communications platform) is looking for freelance writers with experience developing long-form content for SaaS brands.\n\nThis will be a steady gig for the right person, contributing 2-4 articles per month starting in October. Topics and clear briefs will be provided well ahead of when anything is due. Plus, there may be more opportunities as they continue to grow.  :rocket:\n\nIf interested, DM me your rates and samples (SaaS experience is a big plus).",
        "user": "U0166H7KUAZ",
        "ts": "1631112406.136500",
        "team": "TJE58GTJL",
        "user_team": "TJE58GTJL",
        "source_team": "TJE58GTJL",
        "user_profile": {
            "avatar_hash": "f58be1456496",
            "image_72": "https:\/\/avatars.slack-edge.com\/2020-06-29\/1197308509671_f58be1456496f374b7ea_72.jpg",
            "first_name": "",
            "real_name": "Phillip Paquette",
            "display_name": "Phillip Paquette",
            "team": "TJE58GTJL",
            "name": "phillippaquette",
            "is_restricted": false,
            "is_ultra_restricted": false
        },
        "blocks": [
            {
                "type": "rich_text",
                "block_id": "6WJ",
                "elements": [
                    {
                        "type": "rich_text_section",
                        "elements": [
                            {
                                "type": "text",
                                "text": "My client (business communications platform) is looking for freelance writers with experience developing long-form content for SaaS brands.\n\nThis will be a steady gig for the right person, contributing 2-4 articles per month starting in October. Topics and clear briefs will be provided well ahead of when anything is due. Plus, there may be more opportunities as they continue to grow.  "
                            },
                            {
                                "type": "emoji",
                                "name": "rocket"
                            },
                            {
                                "type": "text",
                                "text": "\n\nIf interested, DM me your rates and samples (SaaS experience is a big plus)."
                            }
                        ]
                    }
                ]
            }
        ],
        "thread_ts": "1631112406.136500",
        "reply_count": 8,
        "reply_users_count": 7,
        "latest_reply": "1631456424.162200",
        "reply_users": [
            "U01K3VD3154",
            "U02AUQ0KMGC",
            "U02DC3GJLG6",
            "U01KT0GGM0S",
            "U028D815JA0",
            "U02CRLX23J9",
            "U02CUM38FUK"
        ],
        "replies": [
            {
                "user": "U01K3VD3154",
                "ts": "1631112475.136700"
            },
            {
                "user": "U02AUQ0KMGC",
                "ts": "1631113398.137000"
            },
            {
                "user": "U02DC3GJLG6",
                "ts": "1631125426.142700"
            },
            {
                "user": "U01KT0GGM0S",
                "ts": "1631135014.144100"
            },
            {
                "user": "U028D815JA0",
                "ts": "1631172660.144600"
            },
            {
                "user": "U028D815JA0",
                "ts": "1631172685.144800"
            },
            {
                "user": "U02CRLX23J9",
                "ts": "1631186600.145100"
            },
            {
                "user": "U02CUM38FUK",
                "ts": "1631456424.162200"
            }
        ],
        "is_locked": false,
        "subscribed": false,
        "reactions": [
            {
                "name": "heart",
                "users": [
                    "U01K3VD3154",
                    "U020EL92NBZ",
                    "U01AHL8AGBB",
                    "U025VFYU4AC",
                    "U028D815JA0",
                    "UJJELJPNH",
                    "U01PXN2LGAK",
                    "U01T30ZCN82",
                    "U02CMV5CT9C"
                ],
                "count": 9
            }
        ]
    },
    {
        "client_msg_id": "0990575a-707b-4626-88b2-60aa5622c291",
        "type": "message",
        "text": "<@U0166H7KUAZ> hello, DMed you , check please!",
        "user": "U01K3VD3154",
        "ts": "1631112475.136700",
        "team": "TJE58GTJL",
        "user_team": "TJE58GTJL",
        "source_team": "TJE58GTJL",
        "user_profile": {
            "avatar_hash": "344b2bdfd4e4",
            "image_72": "https:\/\/avatars.slack-edge.com\/2021-12-24\/2880772375011_344b2bdfd4e4a027d9a5_72.png",
            "first_name": "Liana",
            "real_name": "Liana",
            "display_name": "Liana",
            "team": "TJE58GTJL",
            "name": "lianasimonyan98",
            "is_restricted": false,
            "is_ultra_restricted": false
        },
        "blocks": [
            {
                "type": "rich_text",
                "block_id": "1ffXw",
                "elements": [
                    {
                        "type": "rich_text_section",
                        "elements": [
                            {
                                "type": "user",
                                "user_id": "U0166H7KUAZ"
                            },
                            {
                                "type": "text",
                                "text": " hello, DMed you , check please!"
                            }
                        ]
                    }
                ]
            }
        ],
        "thread_ts": "1631112406.136500",
        "parent_user_id": "U0166H7KUAZ"
    },
    {
        "client_msg_id": "6458e8f1-8178-40f3-aa2e-dbe79688c283",
        "type": "message",
        "text": "<@U0166H7KUAZ> Hi, I've DM-ed you. Looking forward to hearing back.",
        "user": "U02AUQ0KMGC",
        "ts": "1631113398.137000",
        "team": "TJE58GTJL",
        "user_team": "TJE58GTJL",
        "source_team": "TJE58GTJL",
        "user_profile": {
            "avatar_hash": "3e360cf5635d",
            "image_72": "https:\/\/avatars.slack-edge.com\/2021-08-18\/2386614445190_3e360cf5635de24d8bd7_72.jpg",
            "first_name": "Priyanshu",
            "real_name": "Priyanshu Chhazed",
            "display_name": "Priyanshu Chhazed",
            "team": "TJE58GTJL",
            "name": "chhazedpriyanshu",
            "is_restricted": false,
            "is_ultra_restricted": false
        },
        "blocks": [
            {
                "type": "rich_text",
                "block_id": "=Gm8",
                "elements": [
                    {
                        "type": "rich_text_section",
                        "elements": [
                            {
                                "type": "user",
                                "user_id": "U0166H7KUAZ"
                            },
                            {
                                "type": "text",
                                "text": " Hi, I've DM-ed you. Looking forward to hearing back."
                            }
                        ]
                    }
                ]
            }
        ],
        "thread_ts": "1631112406.136500",
        "parent_user_id": "U0166H7KUAZ"
    },
    {
        "client_msg_id": "bb3668a7-af6b-4b9d-8257-83e1d807ee16",
        "type": "message",
        "text": "<@U028D815JA0> here :)",
        "user": "U02DC3GJLG6",
        "ts": "1631125426.142700",
        "team": "TJE58GTJL",
        "user_team": "TJE58GTJL",
        "source_team": "TJE58GTJL",
        "user_profile": {
            "avatar_hash": "987714dc650a",
            "image_72": "https:\/\/avatars.slack-edge.com\/2022-04-30\/3464954404180_987714dc650a9c131825_72.png",
            "first_name": "Agnee",
            "real_name": "Agnee Ghosh",
            "display_name": "Agnee",
            "team": "TJE58GTJL",
            "name": "agnee.ghosh",
            "is_restricted": false,
            "is_ultra_restricted": false
        },
        "blocks": [
            {
                "type": "rich_text",
                "block_id": "094z",
                "elements": [
                    {
                        "type": "rich_text_section",
                        "elements": [
                            {
                                "type": "user",
                                "user_id": "U028D815JA0"
                            },
                            {
                                "type": "text",
                                "text": " here :)"
                            }
                        ]
                    }
                ]
            }
        ],
        "thread_ts": "1631112406.136500",
        "parent_user_id": "U0166H7KUAZ"
    },
    {
        "client_msg_id": "e2c1218d-dcfc-4b7a-b2b5-bc5fe3273eeb",
        "type": "message",
        "text": "Seeking a freelance writer who’s familiar with the GRC space and related topics (cybersecurity, supply chain risk, internal controls, risk management, etc.). This is for a short-term backlog of assignments due end of September. Can get you going quickly. Overlap with North America hours preferred but not mandatory. Mix of blogs, short-form content, and long-form guides. DM if you’re into it and we can talk rates\/timelines.",
        "user": "U011QQDDSJV",
        "ts": "1631125649.143600",
        "team": "TJE58GTJL",
        "user_team": "TJE58GTJL",
        "source_team": "TJE58GTJL",
        "user_profile": {
            "avatar_hash": "26f290c29155",
            "image_72": "https:\/\/avatars.slack-edge.com\/2020-04-08\/1046081228023_26f290c2915541368412_72.png",
            "first_name": "Nikolas",
            "real_name": "Nikolas Wright",
            "display_name": "Nik",
            "team": "TJE58GTJL",
            "name": "wright.nikolas",
            "is_restricted": false,
            "is_ultra_restricted": false
        },
        "blocks": [
            {
                "type": "rich_text",
                "block_id": "K97",
                "elements": [
                    {
                        "type": "rich_text_section",
                        "elements": [
                            {
                                "type": "text",
                                "text": "Seeking a freelance writer who’s familiar with the GRC space and related topics (cybersecurity, supply chain risk, internal controls, risk management, etc.). This is for a short-term backlog of assignments due end of September. Can get you going quickly. Overlap with North America hours preferred but not mandatory. Mix of blogs, short-form content, and long-form guides. DM if you’re into it and we can talk rates\/timelines."
                            }
                        ]
                    }
                ]
            }
        ],
        "thread_ts": "1631125649.143600",
        "reply_count": 2,
        "reply_users_count": 2,
        "latest_reply": "1631288852.149400",
        "reply_users": [
            "UJ57DB9BM",
            "U025H70LG86"
        ],
        "replies": [
            {
                "user": "UJ57DB9BM",
                "ts": "1631135083.144300"
            },
            {
                "user": "U025H70LG86",
                "ts": "1631288852.149400"
            }
        ],
        "is_locked": false,
        "subscribed": false
    },
    {
        "client_msg_id": "55f99a3b-2313-457b-9e66-2b1f4da8fe8e",
        "type": "message",
        "text": "I’d vouch for <@U028D815JA0>",
        "user": "U01KT0GGM0S",
        "ts": "1631135014.144100",
        "team": "TJE58GTJL",
        "user_team": "TJE58GTJL",
        "source_team": "TJE58GTJL",
        "user_profile": {
            "avatar_hash": "217e6f803494",
            "image_72": "https:\/\/avatars.slack-edge.com\/2021-01-26\/1675559919699_217e6f80349417eca8b8_72.jpg",
            "first_name": "Begum",
            "real_name": "Begum Kaya",
            "display_name": "Begum",
            "team": "TJE58GTJL",
            "name": "begumkaya94",
            "is_restricted": false,
            "is_ultra_restricted": false
        },
        "blocks": [
            {
                "type": "rich_text",
                "block_id": "6DH=",
                "elements": [
                    {
                        "type": "rich_text_section",
                        "elements": [
                            {
                                "type": "text",
                                "text": "I’d vouch for "
                            },
                            {
                                "type": "user",
                                "user_id": "U028D815JA0"
                            }
                        ]
                    }
                ]
            }
        ],
        "thread_ts": "1631112406.136500",
        "parent_user_id": "U0166H7KUAZ"
    },
    {
        "client_msg_id": "06b0df05-4f2c-4ab3-bb7f-2d68d5cec4ec",
        "type": "message",
        "text": "DMed you",
        "user": "UJ57DB9BM",
        "ts": "1631135083.144300",
        "team": "TJE58GTJL",
        "user_team": "TJE58GTJL",
        "source_team": "TJE58GTJL",
        "user_profile": {
            "avatar_hash": "5879d1254678",
            "image_72": "https:\/\/avatars.slack-edge.com\/2020-03-20\/1015010058132_5879d1254678f05899b0_72.jpg",
            "first_name": "Emma",
            "real_name": "Emma Siemasko",
            "display_name": "Emma Siemasko",
            "team": "TJE58GTJL",
            "name": "emma",
            "is_restricted": false,
            "is_ultra_restricted": false
        },
        "blocks": [
            {
                "type": "rich_text",
                "block_id": "lGC",
                "elements": [
                    {
                        "type": "rich_text_section",
                        "elements": [
                            {
                                "type": "text",
                                "text": "DMed you"
                            }
                        ]
                    }
                ]
            }
        ],
        "thread_ts": "1631125649.143600",
        "parent_user_id": "U011QQDDSJV"
    }
]