[
    {
        "client_msg_id": "756545fa-7ae1-4905-bc18-4d22a1886fcc",
        "type": "message",
        "text": "Sent you an email.",
        "user": "U02AUQ0KMGC",
        "ts": "1638433931.322800",
        "team": "TJE58GTJL",
        "user_team": "TJE58GTJL",
        "source_team": "TJE58GTJL",
        "user_profile": {
            "avatar_hash": "3e360cf5635d",
            "image_72": "https:\/\/avatars.slack-edge.com\/2021-08-18\/2386614445190_3e360cf5635de24d8bd7_72.jpg",
            "first_name": "Priyanshu",
            "real_name": "Priyanshu Chhazed",
            "display_name": "Priyanshu Chhazed",
            "team": "TJE58GTJL",
            "name": "chhazedpriyanshu",
            "is_restricted": false,
            "is_ultra_restricted": false
        },
        "blocks": [
            {
                "type": "rich_text",
                "block_id": "heMQ",
                "elements": [
                    {
                        "type": "rich_text_section",
                        "elements": [
                            {
                                "type": "text",
                                "text": "Sent you an email."
                            }
                        ]
                    }
                ]
            }
        ],
        "thread_ts": "1638335283.313900",
        "parent_user_id": "U028XTZTGAV",
        "reactions": [
            {
                "name": "white_check_mark",
                "users": [
                    "U028XTZTGAV"
                ],
                "count": 1
            }
        ]
    },
    {
        "client_msg_id": "a50d92e3-fc3c-4c3f-b518-2ec8ef18b1f5",
        "type": "message",
        "text": "Dm you",
        "user": "U02MGK3CKGV",
        "ts": "1638452606.323000",
        "team": "TJE58GTJL",
        "user_team": "TJE58GTJL",
        "source_team": "TJE58GTJL",
        "user_profile": {
            "avatar_hash": "g45e2d0c7ef3",
            "image_72": "https:\/\/secure.gravatar.com\/avatar\/45e2d0c7ef3c83fd316a9b1761dab741.jpg?s=72&d=https%3A%2F%2Fa.slack-edge.com%2Fdf10d%2Fimg%2Favatars%2Fava_0001-72.png",
            "first_name": "Ibankhan",
            "real_name": "Ibankhan",
            "display_name": "",
            "team": "TJE58GTJL",
            "name": "ibrahimanif1",
            "is_restricted": false,
            "is_ultra_restricted": false
        },
        "blocks": [
            {
                "type": "rich_text",
                "block_id": "Z==r",
                "elements": [
                    {
                        "type": "rich_text_section",
                        "elements": [
                            {
                                "type": "text",
                                "text": "Dm you"
                            }
                        ]
                    }
                ]
            }
        ],
        "thread_ts": "1637921660.274800",
        "parent_user_id": "U02CTCWKAF6"
    },
    {
        "client_msg_id": "74c8b285-fd06-4f61-b999-cffee058fd1e",
        "type": "message",
        "text": "Looking for a content writer with HR background to write guides and email course on Leadership and Performance management space",
        "user": "U02CUMQBP9R",
        "ts": "1638476145.324100",
        "team": "TJE58GTJL",
        "user_team": "TJE58GTJL",
        "source_team": "TJE58GTJL",
        "user_profile": {
            "avatar_hash": "37d9a8538dda",
            "image_72": "https:\/\/avatars.slack-edge.com\/2021-08-30\/2422037442023_37d9a8538dda6c598cc7_72.jpg",
            "first_name": "Harshala",
            "real_name": "Harshala Chavan",
            "display_name": "Harshala Chavan",
            "team": "TJE58GTJL",
            "name": "harshalachavan7",
            "is_restricted": false,
            "is_ultra_restricted": false
        },
        "blocks": [
            {
                "type": "rich_text",
                "block_id": "hfH",
                "elements": [
                    {
                        "type": "rich_text_section",
                        "elements": [
                            {
                                "type": "text",
                                "text": "Looking for a content writer with HR background to write guides and email course on Leadership and Performance management space"
                            }
                        ]
                    }
                ]
            }
        ],
        "thread_ts": "1638476145.324100",
        "reply_count": 1,
        "reply_users_count": 1,
        "latest_reply": "1638902656.373400",
        "reply_users": [
            "U011QQDDSJV"
        ],
        "replies": [
            {
                "user": "U011QQDDSJV",
                "ts": "1638902656.373400"
            }
        ],
        "is_locked": false,
        "subscribed": false,
        "reactions": [
            {
                "name": "hot_pepper",
                "users": [
                    "U01K0BWEQD6",
                    "U011QQDDSJV"
                ],
                "count": 2
            }
        ]
    }
]