[
    {
        "client_msg_id": "e0729965-126f-45e9-b7b1-08a7b12e3588",
        "type": "message",
        "text": "DMed you <@U0166H7KUAZ>!",
        "user": "U028D815JA0",
        "ts": "1631172660.144600",
        "team": "TJE58GTJL",
        "user_team": "TJE58GTJL",
        "source_team": "TJE58GTJL",
        "user_profile": {
            "avatar_hash": "7e2cf488ec83",
            "image_72": "https:\/\/avatars.slack-edge.com\/2021-11-09\/2701205349650_7e2cf488ec8355d9ecca_72.jpg",
            "first_name": "althea",
            "real_name": "althea storm",
            "display_name": "althea storm",
            "team": "TJE58GTJL",
            "name": "altheanymphcstorm",
            "is_restricted": false,
            "is_ultra_restricted": false
        },
        "blocks": [
            {
                "type": "rich_text",
                "block_id": "0NYt1",
                "elements": [
                    {
                        "type": "rich_text_section",
                        "elements": [
                            {
                                "type": "text",
                                "text": "DMed you "
                            },
                            {
                                "type": "user",
                                "user_id": "U0166H7KUAZ"
                            },
                            {
                                "type": "text",
                                "text": "!"
                            }
                        ]
                    }
                ]
            }
        ],
        "thread_ts": "1631112406.136500",
        "parent_user_id": "U0166H7KUAZ"
    },
    {
        "client_msg_id": "c23ff164-d30e-43e6-8f68-4ea1267b4149",
        "type": "message",
        "text": "Thank you so much <@U01KT0GGM0S>! :heart::pray:",
        "user": "U028D815JA0",
        "ts": "1631172685.144800",
        "team": "TJE58GTJL",
        "user_team": "TJE58GTJL",
        "source_team": "TJE58GTJL",
        "user_profile": {
            "avatar_hash": "7e2cf488ec83",
            "image_72": "https:\/\/avatars.slack-edge.com\/2021-11-09\/2701205349650_7e2cf488ec8355d9ecca_72.jpg",
            "first_name": "althea",
            "real_name": "althea storm",
            "display_name": "althea storm",
            "team": "TJE58GTJL",
            "name": "altheanymphcstorm",
            "is_restricted": false,
            "is_ultra_restricted": false
        },
        "blocks": [
            {
                "type": "rich_text",
                "block_id": "zJSQJ",
                "elements": [
                    {
                        "type": "rich_text_section",
                        "elements": [
                            {
                                "type": "text",
                                "text": "Thank you so much "
                            },
                            {
                                "type": "user",
                                "user_id": "U01KT0GGM0S"
                            },
                            {
                                "type": "text",
                                "text": "! "
                            },
                            {
                                "type": "emoji",
                                "name": "heart"
                            },
                            {
                                "type": "emoji",
                                "name": "pray"
                            }
                        ]
                    }
                ]
            }
        ],
        "thread_ts": "1631112406.136500",
        "parent_user_id": "U0166H7KUAZ"
    },
    {
        "client_msg_id": "9dc8cfc9-770a-4e0f-80be-2be597ef8710",
        "type": "message",
        "text": "Interested, ping you <@U0166H7KUAZ>",
        "user": "U02CRLX23J9",
        "ts": "1631186600.145100",
        "team": "TJE58GTJL",
        "user_team": "TJE58GTJL",
        "source_team": "TJE58GTJL",
        "user_profile": {
            "avatar_hash": "g267b90b44e2",
            "image_72": "https:\/\/secure.gravatar.com\/avatar\/267b90b44e2c05fa579122c35bc6accb.jpg?s=72&d=https%3A%2F%2Fa.slack-edge.com%2Fdf10d%2Fimg%2Favatars%2Fava_0017-72.png",
            "first_name": "Chaitanya",
            "real_name": "Chaitanya Patel",
            "display_name": "",
            "team": "TJE58GTJL",
            "name": "hello220",
            "is_restricted": false,
            "is_ultra_restricted": false
        },
        "blocks": [
            {
                "type": "rich_text",
                "block_id": "MlP",
                "elements": [
                    {
                        "type": "rich_text_section",
                        "elements": [
                            {
                                "type": "text",
                                "text": "Interested, ping you "
                            },
                            {
                                "type": "user",
                                "user_id": "U0166H7KUAZ"
                            }
                        ]
                    }
                ]
            }
        ],
        "thread_ts": "1631112406.136500",
        "parent_user_id": "U0166H7KUAZ"
    },
    {
        "client_msg_id": "df85c10d-761c-4a9d-8b4f-c28ae9bf4e6f",
        "type": "message",
        "text": "Interested",
        "user": "U02CRLX23J9",
        "ts": "1631186761.145300",
        "team": "TJE58GTJL",
        "user_team": "TJE58GTJL",
        "source_team": "TJE58GTJL",
        "user_profile": {
            "avatar_hash": "g267b90b44e2",
            "image_72": "https:\/\/secure.gravatar.com\/avatar\/267b90b44e2c05fa579122c35bc6accb.jpg?s=72&d=https%3A%2F%2Fa.slack-edge.com%2Fdf10d%2Fimg%2Favatars%2Fava_0017-72.png",
            "first_name": "Chaitanya",
            "real_name": "Chaitanya Patel",
            "display_name": "",
            "team": "TJE58GTJL",
            "name": "hello220",
            "is_restricted": false,
            "is_ultra_restricted": false
        },
        "blocks": [
            {
                "type": "rich_text",
                "block_id": "8mU",
                "elements": [
                    {
                        "type": "rich_text_section",
                        "elements": [
                            {
                                "type": "text",
                                "text": "Interested"
                            }
                        ]
                    }
                ]
            }
        ],
        "thread_ts": "1630686369.096700",
        "parent_user_id": "U0241JR2TS7"
    },
    {
        "bot_id": "B023BC3A2UV",
        "type": "message",
        "text": "You know we're all about jobs here, and so is the B2B Writing Institute (:raised_hands: <@U01K0BWEQD6>). We partnered to get you FREE access to this training on *how to get hired as a B2B writer*. Use the code `superpath` to get it for free — and let us know how you like it! <https:\/\/b2bwritinginstitute.podia.com\/96cf692e-9f6a-448d-87a8-6bb7052402ab> \n\nAnd many thanks to <@U01K0BWEQD6> for her support of this community—it's good folks like her that help us keep it free. :slightly_smiling_face:",
        "user": "UJG9WTEKG",
        "ts": "1631199608.147000",
        "team": "TJE58GTJL",
        "bot_profile": {
            "id": "B023BC3A2UV",
            "app_id": "AL3SX1B6J",
            "name": "Send It Later",
            "icons": {
                "image_36": "https:\/\/avatars.slack-edge.com\/2019-07-02\/671777182994_a14924be81a633327b73_36.png",
                "image_48": "https:\/\/avatars.slack-edge.com\/2019-07-02\/671777182994_a14924be81a633327b73_48.png",
                "image_72": "https:\/\/avatars.slack-edge.com\/2019-07-02\/671777182994_a14924be81a633327b73_72.png"
            },
            "deleted": false,
            "updated": 1622231340,
            "team_id": "TJE58GTJL"
        },
        "edited": {
            "user": "B023BC3A2UV",
            "ts": "1631199609.000000"
        },
        "attachments": [
            {
                "service_name": "B2B Writing Institute",
                "title": "How to Get Hired in B2B",
                "title_link": "https:\/\/b2bwritinginstitute.podia.com\/96cf692e-9f6a-448d-87a8-6bb7052402ab",
                "text": "Let's Explore Different Business Structures in B2B Marketing and How They Hire and Pay You to Write Background reading: <https:\/\/b2bwritinginstitute.com\/get-paid-to-write\/>",
                "fallback": "B2B Writing Institute: How to Get Hired in B2B",
                "image_url": "https:\/\/d31ezp3r8jwmks.cloudfront.net\/zqeg4xx82etyqdw69672qcqsrlrs",
                "from_url": "https:\/\/b2bwritinginstitute.podia.com\/96cf692e-9f6a-448d-87a8-6bb7052402ab",
                "image_width": 375,
                "image_height": 250,
                "image_bytes": 91766,
                "service_icon": "https:\/\/d31ezp3r8jwmks.cloudfront.net\/xz4vniky97px4wz2aw8cfgb4umwd",
                "id": 1,
                "original_url": "https:\/\/b2bwritinginstitute.podia.com\/96cf692e-9f6a-448d-87a8-6bb7052402ab"
            }
        ],
        "reactions": [
            {
                "name": "fire",
                "users": [
                    "U01K0BWEQD6",
                    "U01G7PRL3HQ",
                    "U01J84U3SQ6"
                ],
                "count": 3
            },
            {
                "name": "100",
                "users": [
                    "U02CRLX23J9",
                    "UJ57DB9BM",
                    "U016LHA1BHP",
                    "U02DNB9SYG7"
                ],
                "count": 4
            },
            {
                "name": "champagne",
                "users": [
                    "U01K0BWEQD6"
                ],
                "count": 1
            }
        ]
    }
]