[
    {
        "client_msg_id": "5d47cd48-2902-44d4-b7f6-1cd15bd961be",
        "type": "message",
        "text": "No need to be UK-based but do need to be within the same \/ adjacent time zone and write in British English :slightly_smiling_face:",
        "user": "U01DBK8NUCR",
        "ts": "1623830779.132400",
        "team": "TJE58GTJL",
        "user_team": "TJE58GTJL",
        "source_team": "TJE58GTJL",
        "user_profile": {
            "avatar_hash": "4d3db4287cd4",
            "image_72": "https:\/\/avatars.slack-edge.com\/2021-03-05\/1851509535904_4d3db4287cd41c21873f_72.png",
            "first_name": "Hannah",
            "real_name": "Hannah Skingle",
            "display_name": "Hannah Skingle",
            "team": "TJE58GTJL",
            "name": "hannah.skingle",
            "is_restricted": false,
            "is_ultra_restricted": false
        },
        "blocks": [
            {
                "type": "rich_text",
                "block_id": "90eg",
                "elements": [
                    {
                        "type": "rich_text_section",
                        "elements": [
                            {
                                "type": "text",
                                "text": "No need to be UK-based but do need to be within the same \/ adjacent time zone and write in British English "
                            },
                            {
                                "type": "emoji",
                                "name": "slightly_smiling_face"
                            }
                        ]
                    }
                ]
            }
        ],
        "thread_ts": "1623755118.124900",
        "parent_user_id": "U01DBK8NUCR"
    },
    {
        "client_msg_id": "e3a9a7ca-f3c8-43a9-aa72-c11803a59ee3",
        "type": "message",
        "text": "Oh. Awesome. Game for it then. Please send over the details. :blush:",
        "user": "U02452P54A1",
        "ts": "1623846467.132800",
        "team": "TJE58GTJL",
        "user_team": "TJE58GTJL",
        "source_team": "TJE58GTJL",
        "user_profile": {
            "avatar_hash": "ec3ac4499e67",
            "image_72": "https:\/\/avatars.slack-edge.com\/2021-06-07\/2168273861568_ec3ac4499e674b97c89b_72.jpg",
            "first_name": "Timothy",
            "real_name": "Timothy Ovie",
            "display_name": "Timothy",
            "team": "TJE58GTJL",
            "name": "iamtimothyovie",
            "is_restricted": false,
            "is_ultra_restricted": false
        },
        "blocks": [
            {
                "type": "rich_text",
                "block_id": "KXPk+",
                "elements": [
                    {
                        "type": "rich_text_section",
                        "elements": [
                            {
                                "type": "text",
                                "text": "Oh. Awesome. Game for it then. Please send over the details. "
                            },
                            {
                                "type": "emoji",
                                "name": "blush"
                            }
                        ]
                    }
                ]
            }
        ],
        "thread_ts": "1623755118.124900",
        "parent_user_id": "U01DBK8NUCR"
    },
    {
        "client_msg_id": "8c35021a-bd69-42b9-9a8c-de56061ebb8c",
        "type": "message",
        "text": "Is there any opportunity for B2B &amp; SaaS content writer? I will be happy to share my portfolio with you, and I am up for taking more projects.",
        "user": "U01K3VD3154",
        "ts": "1623848915.134800",
        "team": "TJE58GTJL",
        "user_team": "TJE58GTJL",
        "source_team": "TJE58GTJL",
        "user_profile": {
            "avatar_hash": "344b2bdfd4e4",
            "image_72": "https:\/\/avatars.slack-edge.com\/2021-12-24\/2880772375011_344b2bdfd4e4a027d9a5_72.png",
            "first_name": "Liana",
            "real_name": "Liana",
            "display_name": "Liana",
            "team": "TJE58GTJL",
            "name": "lianasimonyan98",
            "is_restricted": false,
            "is_ultra_restricted": false
        },
        "edited": {
            "user": "U01K3VD3154",
            "ts": "1623849257.000000"
        },
        "blocks": [
            {
                "type": "rich_text",
                "block_id": "ILJ0",
                "elements": [
                    {
                        "type": "rich_text_section",
                        "elements": [
                            {
                                "type": "text",
                                "text": "Is there any opportunity for B2B & SaaS content writer? I will be happy to share my portfolio with you, and I am up for taking more projects."
                            }
                        ]
                    }
                ]
            }
        ]
    },
    {
        "client_msg_id": "e89efa78-d59a-4524-8831-b4160bd28b5e",
        "type": "message",
        "text": "Looking for freelance writers who have experience with Product Management or HIPAA. Feel free to DM me if you'd like to learn more.",
        "user": "U022WPACV4L",
        "ts": "1623873224.139900",
        "team": "TJE58GTJL",
        "user_team": "TJE58GTJL",
        "source_team": "TJE58GTJL",
        "user_profile": {
            "avatar_hash": "bc588db919e3",
            "image_72": "https:\/\/avatars.slack-edge.com\/2021-05-21\/2092645159746_bc588db919e300f6dc48_72.jpg",
            "first_name": "Taran",
            "real_name": "Taran Soodan",
            "display_name": "Taran Soodan",
            "team": "TJE58GTJL",
            "name": "taran",
            "is_restricted": false,
            "is_ultra_restricted": false
        },
        "blocks": [
            {
                "type": "rich_text",
                "block_id": "nl11",
                "elements": [
                    {
                        "type": "rich_text_section",
                        "elements": [
                            {
                                "type": "text",
                                "text": "Looking for freelance writers who have experience with Product Management or HIPAA. Feel free to DM me if you'd like to learn more."
                            }
                        ]
                    }
                ]
            }
        ]
    }
]