[
    {
        "client_msg_id": "154b644e-1ea2-4c8b-8b87-9d67c0ac0545",
        "type": "message",
        "text": "Hello everyone!",
        "user": "U01K3VD3154",
        "ts": "1627930444.005100",
        "team": "TJE58GTJL",
        "user_team": "TJE58GTJL",
        "source_team": "TJE58GTJL",
        "user_profile": {
            "avatar_hash": "344b2bdfd4e4",
            "image_72": "https:\/\/avatars.slack-edge.com\/2021-12-24\/2880772375011_344b2bdfd4e4a027d9a5_72.png",
            "first_name": "Liana",
            "real_name": "Liana",
            "display_name": "Liana",
            "team": "TJE58GTJL",
            "name": "lianasimonyan98",
            "is_restricted": false,
            "is_ultra_restricted": false
        },
        "blocks": [
            {
                "type": "rich_text",
                "block_id": "k6KF",
                "elements": [
                    {
                        "type": "rich_text_section",
                        "elements": [
                            {
                                "type": "text",
                                "text": "Hello everyone!"
                            }
                        ]
                    }
                ]
            }
        ]
    },
    {
        "client_msg_id": "49fa9114-71a3-4840-b076-7539d13f6786",
        "type": "message",
        "text": "I am up for taking a few more writing clients currently ( preferably B2B &amp; SaaS). Drop me a message to speak in more detail.",
        "user": "U01K3VD3154",
        "ts": "1627930584.007400",
        "team": "TJE58GTJL",
        "user_team": "TJE58GTJL",
        "source_team": "TJE58GTJL",
        "user_profile": {
            "avatar_hash": "344b2bdfd4e4",
            "image_72": "https:\/\/avatars.slack-edge.com\/2021-12-24\/2880772375011_344b2bdfd4e4a027d9a5_72.png",
            "first_name": "Liana",
            "real_name": "Liana",
            "display_name": "Liana",
            "team": "TJE58GTJL",
            "name": "lianasimonyan98",
            "is_restricted": false,
            "is_ultra_restricted": false
        },
        "edited": {
            "user": "U01K3VD3154",
            "ts": "1627930609.000000"
        },
        "blocks": [
            {
                "type": "rich_text",
                "block_id": "eNPD",
                "elements": [
                    {
                        "type": "rich_text_section",
                        "elements": [
                            {
                                "type": "text",
                                "text": "I am up for taking a few more writing clients currently ( preferably B2B & SaaS). Drop me a message to speak in more detail."
                            }
                        ]
                    }
                ]
            }
        ],
        "thread_ts": "1627930584.007400",
        "reply_count": 1,
        "reply_users_count": 1,
        "latest_reply": "1628147946.025900",
        "reply_users": [
            "U01K3VD3154"
        ],
        "replies": [
            {
                "user": "U01K3VD3154",
                "ts": "1628147946.025900"
            }
        ],
        "is_locked": false,
        "subscribed": false,
        "reactions": [
            {
                "name": "white_check_mark",
                "users": [
                    "U029RB5G7LJ"
                ],
                "count": 1
            }
        ]
    },
    {
        "client_msg_id": "7eed973e-0f9f-4011-b70e-920fa851127e",
        "type": "message",
        "text": "Thanks in advance",
        "user": "U01K3VD3154",
        "ts": "1627930592.007700",
        "team": "TJE58GTJL",
        "user_team": "TJE58GTJL",
        "source_team": "TJE58GTJL",
        "user_profile": {
            "avatar_hash": "344b2bdfd4e4",
            "image_72": "https:\/\/avatars.slack-edge.com\/2021-12-24\/2880772375011_344b2bdfd4e4a027d9a5_72.png",
            "first_name": "Liana",
            "real_name": "Liana",
            "display_name": "Liana",
            "team": "TJE58GTJL",
            "name": "lianasimonyan98",
            "is_restricted": false,
            "is_ultra_restricted": false
        },
        "blocks": [
            {
                "type": "rich_text",
                "block_id": "aNB",
                "elements": [
                    {
                        "type": "rich_text_section",
                        "elements": [
                            {
                                "type": "text",
                                "text": "Thanks in advance"
                            }
                        ]
                    }
                ]
            }
        ]
    },
    {
        "client_msg_id": "574435d2-2a4c-4130-9f65-e56fc0a96b3d",
        "type": "message",
        "text": "Hi. I am #hiring for content planning. Outcome: Research \/ data-driven list of titles\/topics to write our next set of blog posts. Please DM me if you are interested.",
        "user": "U029Q3MDE6A",
        "ts": "1627963712.010400",
        "team": "TJE58GTJL",
        "user_team": "TJE58GTJL",
        "source_team": "TJE58GTJL",
        "user_profile": {
            "avatar_hash": "ab0a272f3dd8",
            "image_72": "https:\/\/avatars.slack-edge.com\/2021-08-03\/2336407110581_ab0a272f3dd8d47640ac_72.png",
            "first_name": "Shantanu",
            "real_name": "Shantanu Deshmukh",
            "display_name": "Shantanu",
            "team": "TJE58GTJL",
            "name": "sdeshmukh",
            "is_restricted": false,
            "is_ultra_restricted": false
        },
        "edited": {
            "user": "U029Q3MDE6A",
            "ts": "1627963731.000000"
        },
        "blocks": [
            {
                "type": "rich_text",
                "block_id": "\/utH",
                "elements": [
                    {
                        "type": "rich_text_section",
                        "elements": [
                            {
                                "type": "text",
                                "text": "Hi. I am #hiring for content planning. Outcome: Research \/ data-driven list of titles\/topics to write our next set of blog posts. Please DM me if you are interested."
                            }
                        ]
                    }
                ]
            }
        ],
        "thread_ts": "1627963712.010400",
        "reply_count": 1,
        "reply_users_count": 1,
        "latest_reply": "1628630036.055300",
        "reply_users": [
            "U01FB48KV52"
        ],
        "replies": [
            {
                "user": "U01FB48KV52",
                "ts": "1628630036.055300"
            }
        ],
        "is_locked": false,
        "subscribed": false,
        "reactions": [
            {
                "name": "heart",
                "users": [
                    "U01J84U3SQ6"
                ],
                "count": 1
            }
        ]
    }
]