[
    {
        "client_msg_id": "066e1734-9d9e-4c54-9702-19fce92d5435",
        "type": "message",
        "text": "<@U029RB5G7LJ> check DM, please!",
        "user": "U01K3VD3154",
        "ts": "1628147946.025900",
        "team": "TJE58GTJL",
        "user_team": "TJE58GTJL",
        "source_team": "TJE58GTJL",
        "user_profile": {
            "avatar_hash": "344b2bdfd4e4",
            "image_72": "https:\/\/avatars.slack-edge.com\/2021-12-24\/2880772375011_344b2bdfd4e4a027d9a5_72.png",
            "first_name": "Liana",
            "real_name": "Liana",
            "display_name": "Liana",
            "team": "TJE58GTJL",
            "name": "lianasimonyan98",
            "is_restricted": false,
            "is_ultra_restricted": false
        },
        "blocks": [
            {
                "type": "rich_text",
                "block_id": "f+C",
                "elements": [
                    {
                        "type": "rich_text_section",
                        "elements": [
                            {
                                "type": "user",
                                "user_id": "U029RB5G7LJ"
                            },
                            {
                                "type": "text",
                                "text": " check DM, please!"
                            }
                        ]
                    }
                ]
            }
        ],
        "thread_ts": "1627930584.007400",
        "parent_user_id": "U01K3VD3154"
    },
    {
        "client_msg_id": "fac7b286-5b8f-48bd-b15f-34c558858c6c",
        "type": "message",
        "text": "Hey folks - looking for a freelancer w\/ deep experience writing about venture capital \/ PE to contribute articles to our <https:\/\/learn.angellist.com\/|Venture Education Center>. We'll give you the outlines and assist you w\/ the research. Articles will have an SEO component but the main goal is putting complex topics into layman's terms and educating people who want to angel invest. If interested, shoot me a message w\/ relevant work samples :slightly_smiling_face:",
        "user": "UUE7J6UDN",
        "ts": "1628200852.029000",
        "team": "TJE58GTJL",
        "user_team": "TJE58GTJL",
        "source_team": "TJE58GTJL",
        "user_profile": {
            "avatar_hash": "f1a97da24d4c",
            "image_72": "https:\/\/avatars.slack-edge.com\/2021-08-13\/2403885855088_f1a97da24d4c59536828_72.jpg",
            "first_name": "Matthew",
            "real_name": "Matthew Speiser",
            "display_name": "Matthew Speiser",
            "team": "TJE58GTJL",
            "name": "spyzguyz",
            "is_restricted": false,
            "is_ultra_restricted": false
        },
        "attachments": [
            {
                "title": "Venture Education Center | AngelList Venture",
                "title_link": "https:\/\/learn.angellist.com\/",
                "text": "Your guide to navigating the world of venture capital.",
                "fallback": "Venture Education Center | AngelList Venture",
                "image_url": "https:\/\/assets.website-files.com\/60af6e3e6d752aa2c07bdd7a\/60b7b58851e2667f4d96966c_Metatag%20-%20Landing%20Page.png",
                "from_url": "https:\/\/learn.angellist.com\/",
                "image_width": 500,
                "image_height": 250,
                "image_bytes": 71096,
                "service_name": "learn.angellist.com",
                "id": 1,
                "original_url": "https:\/\/learn.angellist.com\/"
            }
        ],
        "blocks": [
            {
                "type": "rich_text",
                "block_id": "hNye",
                "elements": [
                    {
                        "type": "rich_text_section",
                        "elements": [
                            {
                                "type": "text",
                                "text": "Hey folks - looking for a freelancer w\/ deep experience writing about venture capital \/ PE to contribute articles to our "
                            },
                            {
                                "type": "link",
                                "url": "https:\/\/learn.angellist.com\/",
                                "text": "Venture Education Center"
                            },
                            {
                                "type": "text",
                                "text": ". We'll give you the outlines and assist you w\/ the research. Articles will have an SEO component but the main goal is putting complex topics into layman's terms and educating people who want to angel invest. If interested, shoot me a message w\/ relevant work samples "
                            },
                            {
                                "type": "emoji",
                                "name": "slightly_smiling_face"
                            }
                        ]
                    }
                ]
            }
        ],
        "thread_ts": "1628200852.029000",
        "reply_count": 2,
        "reply_users_count": 2,
        "latest_reply": "1628258051.038100",
        "reply_users": [
            "U027KKWUY12",
            "U01K3VD3154"
        ],
        "replies": [
            {
                "user": "U027KKWUY12",
                "ts": "1628202849.029400"
            },
            {
                "user": "U01K3VD3154",
                "ts": "1628258051.038100"
            }
        ],
        "is_locked": false,
        "subscribed": false
    },
    {
        "client_msg_id": "221CDAB5-EFF6-43F6-8A38-AD07F35915B2",
        "type": "message",
        "text": "Please check your DM.",
        "user": "U027KKWUY12",
        "ts": "1628202849.029400",
        "team": "TJE58GTJL",
        "user_team": "TJE58GTJL",
        "source_team": "TJE58GTJL",
        "user_profile": {
            "avatar_hash": "f2176ca29ce5",
            "image_72": "https:\/\/avatars.slack-edge.com\/2021-07-14\/2268394227302_f2176ca29ce5a159a5bb_72.png",
            "first_name": "Lapite",
            "real_name": "Lapite Olamide",
            "display_name": "Olamide",
            "team": "TJE58GTJL",
            "name": "lapite3",
            "is_restricted": false,
            "is_ultra_restricted": false
        },
        "edited": {
            "user": "U027KKWUY12",
            "ts": "1628202877.000000"
        },
        "blocks": [
            {
                "type": "rich_text",
                "block_id": "BsA",
                "elements": [
                    {
                        "type": "rich_text_section",
                        "elements": [
                            {
                                "type": "text",
                                "text": "Please check your DM."
                            }
                        ]
                    }
                ]
            }
        ],
        "thread_ts": "1628200852.029000",
        "parent_user_id": "UUE7J6UDN"
    },
    {
        "client_msg_id": "F4EF9924-8202-43CF-B50A-32A76947179B",
        "type": "message",
        "text": "Hey folks, we're looking for a writer who's experienced writing for agencies internal marketing. One of our clients is an SEO agency that serves the legal industry, so if you get legal as well, you'll fit right in. You'll be writing about marketing, SEO, social media...ya know, all the stuff we all know about so well. We'll need approx. \n\n• 4 articles\/m. for at least 12 months\n. \n• Outlines are created for you. \n• Hitting deadlines are a must.\n• Must be US based\n• DM me your info if interested, including your rates availability.",
        "user": "U01P13NTGG6",
        "ts": "1628211593.036400",
        "team": "TJE58GTJL",
        "user_team": "TJE58GTJL",
        "source_team": "TJE58GTJL",
        "user_profile": {
            "avatar_hash": "1625b1f12011",
            "image_72": "https:\/\/avatars.slack-edge.com\/2021-02-24\/1775273585607_1625b1f12011f553efc5_72.png",
            "first_name": "Skyler",
            "real_name": "Skyler Reeves",
            "display_name": "Skyler Reeves",
            "team": "TJE58GTJL",
            "name": "skyler",
            "is_restricted": false,
            "is_ultra_restricted": false
        },
        "blocks": [
            {
                "type": "rich_text",
                "block_id": "sDj",
                "elements": [
                    {
                        "type": "rich_text_section",
                        "elements": [
                            {
                                "type": "text",
                                "text": "Hey folks, we're looking for a writer who's experienced writing for agencies internal marketing. One of our clients is an SEO agency that serves the legal industry, so if you get legal as well, you'll fit right in. You'll be writing about marketing, SEO, social media...ya know, all the stuff we all know about so well. We'll need approx. \n"
                            },
                            {
                                "type": "text",
                                "text": "\n"
                            }
                        ]
                    },
                    {
                        "type": "rich_text_list",
                        "elements": [
                            {
                                "type": "rich_text_section",
                                "elements": [
                                    {
                                        "type": "text",
                                        "text": "4 articles\/m. for at least 12 months"
                                    }
                                ]
                            }
                        ],
                        "style": "bullet",
                        "indent": 0,
                        "offset": 0
                    },
                    {
                        "type": "rich_text_section",
                        "elements": [
                            {
                                "type": "text",
                                "text": "."
                            },
                            {
                                "type": "text",
                                "text": " "
                            },
                            {
                                "type": "text",
                                "text": "\n"
                            }
                        ]
                    },
                    {
                        "type": "rich_text_list",
                        "elements": [
                            {
                                "type": "rich_text_section",
                                "elements": [
                                    {
                                        "type": "text",
                                        "text": "Outlines are created for you. "
                                    }
                                ]
                            },
                            {
                                "type": "rich_text_section",
                                "elements": [
                                    {
                                        "type": "text",
                                        "text": "Hitting deadlines are a must."
                                    }
                                ]
                            },
                            {
                                "type": "rich_text_section",
                                "elements": [
                                    {
                                        "type": "text",
                                        "text": "Must be US based"
                                    }
                                ]
                            },
                            {
                                "type": "rich_text_section",
                                "elements": [
                                    {
                                        "type": "text",
                                        "text": "DM me your info if interested, including your rates availability."
                                    }
                                ]
                            }
                        ],
                        "style": "bullet",
                        "indent": 0,
                        "offset": 0
                    }
                ]
            }
        ],
        "reactions": [
            {
                "name": "mustache-parrot",
                "users": [
                    "U01PXN2LGAK"
                ],
                "count": 1
            }
        ]
    }
]