[
    {
        "client_msg_id": "6b5ee4b9-6948-4c70-b312-6ee3a520154d",
        "type": "message",
        "text": "Hi Amy - I sent you a DM!",
        "user": "U015B888266",
        "ts": "1630323668.018400",
        "team": "TJE58GTJL",
        "user_team": "TJE58GTJL",
        "source_team": "TJE58GTJL",
        "user_profile": {
            "avatar_hash": "ecf711ec483e",
            "image_72": "https:\/\/avatars.slack-edge.com\/2020-06-16\/1210180122720_ecf711ec483e342dca54_72.jpg",
            "first_name": "Renga",
            "real_name": "Renga Padmanabhan",
            "display_name": "Renga",
            "team": "TJE58GTJL",
            "name": "radhe.varun",
            "is_restricted": false,
            "is_ultra_restricted": false
        },
        "blocks": [
            {
                "type": "rich_text",
                "block_id": "hwev",
                "elements": [
                    {
                        "type": "rich_text_section",
                        "elements": [
                            {
                                "type": "text",
                                "text": "Hi Amy - I sent you a DM!"
                            }
                        ]
                    }
                ]
            }
        ],
        "thread_ts": "1630082042.015500",
        "parent_user_id": "U02CTCZLEA0"
    },
    {
        "client_msg_id": "8c885b39-e657-4bd0-8273-6cfe5ad2d176",
        "type": "message",
        "text": "This isn't a freelance opportunity but <https:\/\/www.successfinder.com\/> is looking for a *bilingual*  (FR\/EN) content marketer. They're a great team that's growing their marketing side of things. DM if you'd like to connect with them :slightly_smiling_face:",
        "user": "U01MM4EAC69",
        "ts": "1630356412.029300",
        "team": "TJE58GTJL",
        "user_team": "TJE58GTJL",
        "source_team": "TJE58GTJL",
        "user_profile": {
            "avatar_hash": "b24d38bc8456",
            "image_72": "https:\/\/avatars.slack-edge.com\/2021-09-21\/2507904900390_b24d38bc8456eb8fee58_72.jpg",
            "first_name": "Ryan",
            "real_name": "Ryan Carruthers",
            "display_name": "Ryan Carruthers",
            "team": "TJE58GTJL",
            "name": "ryancarr678",
            "is_restricted": false,
            "is_ultra_restricted": false
        },
        "attachments": [
            {
                "service_name": "SuccessFinder",
                "title": "SuccessFinder: Behavioral test for hiring and talent management",
                "title_link": "https:\/\/www.successfinder.com\/",
                "text": "SuccessFinder is an online behavioral test and platform designed for HR teams who want to remove bias in hiring and talent management decisions.",
                "fallback": "SuccessFinder: SuccessFinder: Behavioral test for hiring and talent management",
                "from_url": "https:\/\/www.successfinder.com\/",
                "service_icon": "https:\/\/www.successfinder.com\/apple-touch-icon.png",
                "id": 1,
                "original_url": "https:\/\/www.successfinder.com\/"
            }
        ],
        "blocks": [
            {
                "type": "rich_text",
                "block_id": "5c\/R",
                "elements": [
                    {
                        "type": "rich_text_section",
                        "elements": [
                            {
                                "type": "text",
                                "text": "This isn't a freelance opportunity but "
                            },
                            {
                                "type": "link",
                                "url": "https:\/\/www.successfinder.com\/"
                            },
                            {
                                "type": "text",
                                "text": " is looking for a "
                            },
                            {
                                "type": "text",
                                "text": "bilingual",
                                "style": {
                                    "bold": true
                                }
                            },
                            {
                                "type": "text",
                                "text": "  (FR\/EN) content marketer. They're a great team that's growing their marketing side of things. DM if you'd like to connect with them "
                            },
                            {
                                "type": "emoji",
                                "name": "slightly_smiling_face"
                            }
                        ]
                    }
                ]
            }
        ]
    },
    {
        "client_msg_id": "8d84ad1b-b043-4c37-aa20-8717562d5a17",
        "type": "message",
        "text": "Hi freelance friends! :slightly_smiling_face:\n\nI just posted a little recap on LinkedIn about Authory, an great little online portfolio app I've found.\n\nThis has already been super helpful for me as a content writer, because I can segment all my writing into collections, then send a relevant link to potential clients, so they only see writing that vibes with their industry.\n\nIt's pretty cheap @ $8 per month, there's a free trial too. I reckon this is an awesome solution for anyone like me that doesn't have a byline and writes under my client's names all the time.  <https:\/\/www.linkedin.com\/feed\/update\/urn:li:activity:6838289569587318784\/>",
        "user": "U02AR2XSN1M",
        "ts": "1630375600.055600",
        "team": "TJE58GTJL",
        "user_team": "TJE58GTJL",
        "source_team": "TJE58GTJL",
        "user_profile": {
            "avatar_hash": "b0fa34c3f8f5",
            "image_72": "https:\/\/avatars.slack-edge.com\/2021-08-16\/2368450553975_b0fa34c3f8f5e02f6b43_72.jpg",
            "first_name": "Leonie",
            "real_name": "Leonie Waldron",
            "display_name": "Leonie Waldron",
            "team": "TJE58GTJL",
            "name": "leonie",
            "is_restricted": false,
            "is_ultra_restricted": false
        },
        "attachments": [
            {
                "title": "Leonie Waldron on LinkedIn: Content marketers: THIS is how you show off your portfolio",
                "title_link": "https:\/\/www.linkedin.com\/feed\/update\/urn:li:activity:6838289569587318784\/",
                "text": "One for the content marketing folks: have you checked out Authory? This portfolio app has just blown me away! :sparkles: Here's why: 1. You can add links to...",
                "fallback": "Leonie Waldron on LinkedIn: Content marketers: THIS is how you show off your portfolio",
                "thumb_url": "https:\/\/static-exp1.licdn.com\/sc\/h\/c45fy346jw096z9pbphyyhdz7",
                "from_url": "https:\/\/www.linkedin.com\/feed\/update\/urn:li:activity:6838289569587318784\/",
                "thumb_width": 1400,
                "thumb_height": 800,
                "service_icon": "https:\/\/static-exp1.licdn.com\/sc\/h\/al2o9zrvru7aqj8e1x2rzsrca",
                "service_name": "linkedin.com",
                "id": 1,
                "original_url": "https:\/\/www.linkedin.com\/feed\/update\/urn:li:activity:6838289569587318784\/"
            }
        ],
        "blocks": [
            {
                "type": "rich_text",
                "block_id": "sxWX",
                "elements": [
                    {
                        "type": "rich_text_section",
                        "elements": [
                            {
                                "type": "text",
                                "text": "Hi freelance friends! "
                            },
                            {
                                "type": "emoji",
                                "name": "slightly_smiling_face"
                            },
                            {
                                "type": "text",
                                "text": "\n\nI just posted a little recap on LinkedIn about Authory, an great little online portfolio app I've found.\n\nThis has already been super helpful for me as a content writer, because I can segment all my writing into collections, then send a relevant link to potential clients, so they only see writing that vibes with their industry.\n\nIt's pretty cheap @ $8 per month, there's a free trial too. I reckon this is an awesome solution for anyone like me that doesn't have a byline and writes under my client's names all the time.  "
                            },
                            {
                                "type": "link",
                                "url": "https:\/\/www.linkedin.com\/feed\/update\/urn:li:activity:6838289569587318784\/"
                            }
                        ]
                    }
                ]
            }
        ],
        "thread_ts": "1630375600.055600",
        "reply_count": 4,
        "reply_users_count": 4,
        "latest_reply": "1631330406.152800",
        "reply_users": [
            "U025VFYU4AC",
            "U02AR2XSN1M",
            "U027Z9V7EMP",
            "U01RSA9E9D4"
        ],
        "replies": [
            {
                "user": "U025VFYU4AC",
                "ts": "1630423774.057800"
            },
            {
                "user": "U02AR2XSN1M",
                "ts": "1630446827.063300"
            },
            {
                "user": "U027Z9V7EMP",
                "ts": "1630504814.066200"
            },
            {
                "user": "U01RSA9E9D4",
                "ts": "1631330406.152800"
            }
        ],
        "is_locked": false,
        "subscribed": false,
        "reactions": [
            {
                "name": "heart",
                "users": [
                    "U02CT59T5NW",
                    "U01AHL8AGBB",
                    "U0195U3C7QC",
                    "U02CMV0AHAS",
                    "UNCJKSD7U"
                ],
                "count": 5
            }
        ]
    }
]