[
    {
        "client_msg_id": "4e8c2e62-8dc7-42d5-af7f-95e6ea5f14c9",
        "type": "message",
        "text": "Don't want to hijack this thread but could I contact you as well <@U023HGMVC0P> and <@U02C37FQVL5>? I'm a content writer for digital marketing and communication brands and have experience in that niche, but am looking to expand my portfolio a bit.",
        "user": "U02J7DM81AQ",
        "ts": "1637154388.156700",
        "team": "TJE58GTJL",
        "user_team": "TJE58GTJL",
        "source_team": "TJE58GTJL",
        "user_profile": {
            "avatar_hash": "gb47e412d680",
            "image_72": "https:\/\/secure.gravatar.com\/avatar\/b47e412d680490c17c4ca22271a9e55b.jpg?s=72&d=https%3A%2F%2Fa.slack-edge.com%2Fdf10d%2Fimg%2Favatars%2Fava_0016-72.png",
            "first_name": "Sofie",
            "real_name": "Sofie Couwenbergh",
            "display_name": "Sofie Couwenbergh",
            "team": "TJE58GTJL",
            "name": "sofie",
            "is_restricted": false,
            "is_ultra_restricted": false
        },
        "blocks": [
            {
                "type": "rich_text",
                "block_id": "XjI",
                "elements": [
                    {
                        "type": "rich_text_section",
                        "elements": [
                            {
                                "type": "text",
                                "text": "Don't want to hijack this thread but could I contact you as well "
                            },
                            {
                                "type": "user",
                                "user_id": "U023HGMVC0P"
                            },
                            {
                                "type": "text",
                                "text": " and "
                            },
                            {
                                "type": "user",
                                "user_id": "U02C37FQVL5"
                            },
                            {
                                "type": "text",
                                "text": "? I'm a content writer for digital marketing and communication brands and have experience in that niche, but am looking to expand my portfolio a bit."
                            }
                        ]
                    }
                ]
            }
        ],
        "thread_ts": "1637087915.153400",
        "parent_user_id": "U02A25BJ4T1",
        "reactions": [
            {
                "name": "heart",
                "users": [
                    "U02A25BJ4T1"
                ],
                "count": 1
            }
        ]
    },
    {
        "client_msg_id": "be524b43-0760-45bc-9a1e-ce7c5748aa7c",
        "type": "message",
        "text": "<@U02J7DM81AQ> yes feel free :blush:",
        "user": "U023HGMVC0P",
        "ts": "1637155609.156900",
        "team": "TJE58GTJL",
        "user_team": "TJE58GTJL",
        "source_team": "TJE58GTJL",
        "user_profile": {
            "avatar_hash": "62739cc5c557",
            "image_72": "https:\/\/avatars.slack-edge.com\/2021-06-04\/2149147721041_62739cc5c557263030d9_72.png",
            "first_name": "",
            "real_name": "Adriana Stein",
            "display_name": "Adriana Stein",
            "team": "TJE58GTJL",
            "name": "info035",
            "is_restricted": false,
            "is_ultra_restricted": false
        },
        "blocks": [
            {
                "type": "rich_text",
                "block_id": "D0aIq",
                "elements": [
                    {
                        "type": "rich_text_section",
                        "elements": [
                            {
                                "type": "user",
                                "user_id": "U02J7DM81AQ"
                            },
                            {
                                "type": "text",
                                "text": " yes feel free "
                            },
                            {
                                "type": "emoji",
                                "name": "blush"
                            }
                        ]
                    }
                ]
            }
        ],
        "thread_ts": "1637087915.153400",
        "parent_user_id": "U02A25BJ4T1"
    },
    {
        "bot_id": "B023BC3A2UV",
        "type": "message",
        "text": "_[sponsored]_ Shout out to <@UN9CGN894> for supporting Superath and our freelance channel :partying_face: PrimoStats helps content marketers find and cite stats in less time. Get your first month for only $5 (Professional plan). Use promo code BFCM21 at checkout: <https:\/\/primostats.com>. (Offer expires 11\/30\/21)",
        "user": "UJG9WTEKG",
        "ts": "1637164801.167200",
        "team": "TJE58GTJL",
        "bot_profile": {
            "id": "B023BC3A2UV",
            "app_id": "AL3SX1B6J",
            "name": "Send It Later",
            "icons": {
                "image_36": "https:\/\/avatars.slack-edge.com\/2019-07-02\/671777182994_a14924be81a633327b73_36.png",
                "image_48": "https:\/\/avatars.slack-edge.com\/2019-07-02\/671777182994_a14924be81a633327b73_48.png",
                "image_72": "https:\/\/avatars.slack-edge.com\/2019-07-02\/671777182994_a14924be81a633327b73_72.png"
            },
            "deleted": false,
            "updated": 1622231340,
            "team_id": "TJE58GTJL"
        },
        "edited": {
            "user": "B023BC3A2UV",
            "ts": "1637164804.000000"
        },
        "attachments": [
            {
                "from_url": "https:\/\/primostats.com\/",
                "service_name": "PrimoStats - Searchable database of curated marketing stats",
                "title": "PrimoStats",
                "title_link": "https:\/\/primostats.com\/",
                "text": "No more grabbing stats from shady roundup posts. Get access to a searchable database where you can quickly filter through relevant stats.",
                "fields": [
                    {
                        "title": "Est. reading time",
                        "value": "2 minutes",
                        "short": true
                    }
                ],
                "ts": 1624291785,
                "thumb_url": "https:\/\/primostats.com\/wp-content\/uploads\/2021\/10\/PrimoStats.png",
                "thumb_width": 372,
                "thumb_height": 372,
                "fallback": "PrimoStats - Searchable database of curated marketing stats: PrimoStats",
                "service_icon": "https:\/\/primostats.com\/wp-content\/uploads\/2021\/06\/cropped-favicon-180x180.png",
                "id": 1,
                "original_url": "https:\/\/primostats.com"
            }
        ],
        "reactions": [
            {
                "name": "+1",
                "users": [
                    "UUJBMNRNF",
                    "U01J84U3SQ6"
                ],
                "count": 2
            }
        ]
    },
    {
        "client_msg_id": "cb7a2245-a6ce-4e63-9ffa-b9226d27244a",
        "type": "message",
        "text": "question for the hive mind here: i have a client with an employee who sends pushy “reminder” emails to my personal email when i don’t respond to their messages (which they send to my work email) in what they consider a timely enough manner, even though my working days\/hours have been made clear numerous times _and_ i am on their company slack channel. i work hard at setting boundaries between my freelance work and personal life for numerous reasons (both in terms of organization as well as my own sanity + work\/life balance), and this includes keeping work comms out of my inbox.\n\nhas anyone been in a similar situation where they have had to remind clients to, well, stop doing that? :joy: :grimacing: i’m assuming good intent, but this has happened several times, so i’d like to nip it in the bud before it becomes a _extended_ habit. (FWIW, i never reply to their messages from my personal email, and when i _do_ respond via my work email, i remove my personal from the message.)",
        "user": "UU07F98SJ",
        "ts": "1637164814.167400",
        "team": "TJE58GTJL",
        "user_team": "TJE58GTJL",
        "source_team": "TJE58GTJL",
        "user_profile": {
            "avatar_hash": "682a72b96df7",
            "image_72": "https:\/\/avatars.slack-edge.com\/2020-02-13\/953211117990_682a72b96df75795583f_72.png",
            "first_name": "Emily",
            "real_name": "Emily G",
            "display_name": "Emily G",
            "team": "TJE58GTJL",
            "name": "emily.gover",
            "is_restricted": false,
            "is_ultra_restricted": false
        },
        "edited": {
            "user": "UU07F98SJ",
            "ts": "1637165008.000000"
        },
        "blocks": [
            {
                "type": "rich_text",
                "block_id": "Vk2PL",
                "elements": [
                    {
                        "type": "rich_text_section",
                        "elements": [
                            {
                                "type": "text",
                                "text": "question for the hive mind here: i have a client with an employee who sends pushy “reminder” emails to my personal email when i don’t respond to their messages (which they send to my work email) in what they consider a timely enough manner, even though my working days\/hours have been made clear numerous times "
                            },
                            {
                                "type": "text",
                                "text": "and",
                                "style": {
                                    "italic": true
                                }
                            },
                            {
                                "type": "text",
                                "text": " i am on their company slack channel. i work hard at setting boundaries between my freelance work and personal life for numerous reasons (both in terms of organization as well as my own sanity + work\/life balance), and this includes keeping work comms out of my inbox.\n\nhas anyone been in a similar situation where they have had to remind clients to, well, stop doing that? "
                            },
                            {
                                "type": "emoji",
                                "name": "joy"
                            },
                            {
                                "type": "text",
                                "text": " "
                            },
                            {
                                "type": "emoji",
                                "name": "grimacing"
                            },
                            {
                                "type": "text",
                                "text": " i’m assuming good intent, but this has happened several times, so i’d like to nip it in the bud before it becomes a "
                            },
                            {
                                "type": "text",
                                "text": "extended",
                                "style": {
                                    "italic": true
                                }
                            },
                            {
                                "type": "text",
                                "text": " habit. (FWIW, i never reply to their messages from my personal email, and when i "
                            },
                            {
                                "type": "text",
                                "text": "do",
                                "style": {
                                    "italic": true
                                }
                            },
                            {
                                "type": "text",
                                "text": " respond via my work email, i remove my personal from the message.)"
                            }
                        ]
                    }
                ]
            }
        ],
        "thread_ts": "1637164814.167400",
        "reply_count": 7,
        "reply_users_count": 6,
        "latest_reply": "1637589632.211000",
        "reply_users": [
            "UJJFDTN8G",
            "U02A25BJ4T1",
            "URAV154AV",
            "UU07F98SJ",
            "UN3RHBFBK",
            "U02CVNB3X1T"
        ],
        "replies": [
            {
                "user": "UJJFDTN8G",
                "ts": "1637164963.167500"
            },
            {
                "user": "U02A25BJ4T1",
                "ts": "1637170368.167800"
            },
            {
                "user": "URAV154AV",
                "ts": "1637185146.170900"
            },
            {
                "user": "UU07F98SJ",
                "ts": "1637249920.178000"
            },
            {
                "user": "UN3RHBFBK",
                "ts": "1637256508.191600"
            },
            {
                "user": "U02CVNB3X1T",
                "ts": "1637336747.205200"
            },
            {
                "user": "UN3RHBFBK",
                "ts": "1637589632.211000"
            }
        ],
        "is_locked": false,
        "subscribed": false
    },
    {
        "client_msg_id": "f619bfaa-c767-4d03-bbb7-dad1e6a20b36",
        "type": "message",
        "text": "You don't need them in your life (because they don't respect it). I'd focus on finding a better customer rather than trying to change their toxic habit.",
        "user": "UJJFDTN8G",
        "ts": "1637164963.167500",
        "team": "TJE58GTJL",
        "user_team": "TJE58GTJL",
        "source_team": "TJE58GTJL",
        "user_profile": {
            "avatar_hash": "gd91d89ae152",
            "image_72": "https:\/\/secure.gravatar.com\/avatar\/86d91d89ae1528e747f4a586668d5d87.jpg?s=72&d=https%3A%2F%2Fa.slack-edge.com%2Fdf10d%2Fimg%2Favatars%2Fava_0013-72.png",
            "first_name": "Dominic",
            "real_name": "Dominic Kent",
            "display_name": "Dom Kent",
            "team": "TJE58GTJL",
            "name": "dominic",
            "is_restricted": false,
            "is_ultra_restricted": false
        },
        "blocks": [
            {
                "type": "rich_text",
                "block_id": "ZlG",
                "elements": [
                    {
                        "type": "rich_text_section",
                        "elements": [
                            {
                                "type": "text",
                                "text": "You don't need them in your life (because they don't respect it). I'd focus on finding a better customer rather than trying to change their toxic habit."
                            }
                        ]
                    }
                ]
            }
        ],
        "thread_ts": "1637164814.167400",
        "parent_user_id": "UU07F98SJ",
        "reactions": [
            {
                "name": "white_check_mark",
                "users": [
                    "U01DEA6F7CH",
                    "U01D0FSPDV4"
                ],
                "count": 2
            }
        ]
    },
    {
        "client_msg_id": "c661d982-59a9-4564-9330-445b573de662",
        "type": "message",
        "text": "I've had similar issues in the past. What's worked for me is usually outlining this in a quick call, and explaining why. Something along the lines of, \"Hey, I just wanted to let you know that I always check my work email so there's no reason to follow up again.\" And if it continues, I agree it might be time to let them go. Or even add it to your contract with them? That way it's SUPER clear. This is annoying though - I feel your pain!",
        "user": "U02A25BJ4T1",
        "ts": "1637170368.167800",
        "team": "TJE58GTJL",
        "user_team": "TJE58GTJL",
        "source_team": "TJE58GTJL",
        "user_profile": {
            "avatar_hash": "1bd7f30ec338",
            "image_72": "https:\/\/avatars.slack-edge.com\/2021-08-09\/2353992660294_1bd7f30ec3386760cb5b_72.jpg",
            "first_name": "Alicia",
            "real_name": "Alicia Raeburn",
            "display_name": "Alicia Raeburn",
            "team": "TJE58GTJL",
            "name": "aliciaraeburn",
            "is_restricted": false,
            "is_ultra_restricted": false
        },
        "blocks": [
            {
                "type": "rich_text",
                "block_id": "SCA",
                "elements": [
                    {
                        "type": "rich_text_section",
                        "elements": [
                            {
                                "type": "text",
                                "text": "I've had similar issues in the past. What's worked for me is usually outlining this in a quick call, and explaining why. Something along the lines of, \"Hey, I just wanted to let you know that I always check my work email so there's no reason to follow up again.\" And if it continues, I agree it might be time to let them go. Or even add it to your contract with them? That way it's SUPER clear. This is annoying though - I feel your pain!"
                            }
                        ]
                    }
                ]
            }
        ],
        "thread_ts": "1637164814.167400",
        "parent_user_id": "UU07F98SJ"
    },
    {
        "client_msg_id": "68bbe398-8acd-4865-80ab-3b1b87aac067",
        "type": "message",
        "text": "Hi team! I'm a content marketing manager at an on-demand hiring platform company. We're looking to build a bench of freelance writers that have experience speaking to management consulting firms\/consultants. Content needs span from research papers and guides to articles and blogs. Send me a DM if this sounds like something you'd like to do.",
        "user": "U02G1JY459N",
        "ts": "1637173495.170300",
        "team": "TJE58GTJL",
        "user_team": "TJE58GTJL",
        "source_team": "TJE58GTJL",
        "user_profile": {
            "avatar_hash": "207ae689aac6",
            "image_72": "https:\/\/avatars.slack-edge.com\/2021-09-23\/2521710826389_207ae689aac62201cbaa_72.png",
            "first_name": "Nadine",
            "real_name": "Nadine Melo",
            "display_name": "Nadine Melo",
            "team": "TJE58GTJL",
            "name": "nadine",
            "is_restricted": false,
            "is_ultra_restricted": false
        },
        "blocks": [
            {
                "type": "rich_text",
                "block_id": "kRU",
                "elements": [
                    {
                        "type": "rich_text_section",
                        "elements": [
                            {
                                "type": "text",
                                "text": "Hi team! I'm a content marketing manager at an on-demand hiring platform company. We're looking to build a bench of freelance writers that have experience speaking to management consulting firms\/consultants. Content needs span from research papers and guides to articles and blogs. Send me a DM if this sounds like something you'd like to do."
                            }
                        ]
                    }
                ]
            }
        ],
        "reactions": [
            {
                "name": "eyes",
                "users": [
                    "U02GMMQ281W",
                    "U01PXN2LGAK"
                ],
                "count": 2
            },
            {
                "name": "+1",
                "users": [
                    "U02M8JT8FK3",
                    "U018YLTQJDU",
                    "U02KR8EC0TY"
                ],
                "count": 3
            }
        ]
    },
    {
        "client_msg_id": "70ac86e7-768a-4b3f-aec7-7ae15f92043e",
        "type": "message",
        "text": "Yeah I would be very explicit again and maybe also mark them as spam from your personal email :woman-shrugging::skin-tone-2: they can send the emails if you want, doesn’t mean you need to receive them",
        "user": "URAV154AV",
        "ts": "1637185146.170900",
        "team": "TJE58GTJL",
        "user_team": "TJE58GTJL",
        "source_team": "TJE58GTJL",
        "user_profile": {
            "avatar_hash": "82eece4f99ca",
            "image_72": "https:\/\/avatars.slack-edge.com\/2019-12-12\/871274952613_82eece4f99caf7981b42_72.jpg",
            "first_name": "Cassandra",
            "real_name": "Cassandra Jowett",
            "display_name": "Cassandra Jowett",
            "team": "TJE58GTJL",
            "name": "cassandrajowett",
            "is_restricted": false,
            "is_ultra_restricted": false
        },
        "blocks": [
            {
                "type": "rich_text",
                "block_id": "ugWKX",
                "elements": [
                    {
                        "type": "rich_text_section",
                        "elements": [
                            {
                                "type": "text",
                                "text": "Yeah I would be very explicit again and maybe also mark them as spam from your personal email "
                            },
                            {
                                "type": "emoji",
                                "name": "woman-shrugging",
                                "skin_tone": 2
                            },
                            {
                                "type": "text",
                                "text": " they can send the emails if you want, doesn’t mean you need to receive them"
                            }
                        ]
                    }
                ]
            }
        ],
        "thread_ts": "1637164814.167400",
        "parent_user_id": "UU07F98SJ",
        "reactions": [
            {
                "name": "100",
                "users": [
                    "U01NJ39M36K"
                ],
                "count": 1
            }
        ]
    },
    {
        "client_msg_id": "dec2561b-6fe1-4448-a07a-7ea4c4aafa05",
        "type": "message",
        "text": "Hello, Namaste! :wave::skin-tone-4:\n\nCall me CD.  (Yes, like the :cd:.)\n\ni’m a writer (both content and copy) and i also do graphic design. \ni’m open to, and looking for, writing gigs and\/or communication design projects. \n\nEssentially, my approach is, if writing is your skill, there are a myriad of diverse projects out there – what kind of work you end up doing really depends on your professional and creative interests, values and aspirations!\n\nEnthusiastic about learning, i resolutely believe that the idea of education is to learn to think for yourself.\n\nDM or send an email directly <mailto:chaitanyacd@gmail.com|chaitanyacd@gmail.com> \n\nMore here <https:\/\/linktr.ee\/chaitanyad>\n\n:spock-hand::skin-tone-4:",
        "user": "U01QYGNA1JN",
        "ts": "1637201379.174100",
        "team": "TJE58GTJL",
        "user_team": "TJE58GTJL",
        "source_team": "TJE58GTJL",
        "user_profile": {
            "avatar_hash": "1857429dbbe6",
            "image_72": "https:\/\/avatars.slack-edge.com\/2021-05-20\/2112511227344_1857429dbbe6dc5f0522_72.png",
            "first_name": "Chaitanya",
            "real_name": "Chaitanya Deshpande",
            "display_name": "CD",
            "team": "TJE58GTJL",
            "name": "chaitanyacd",
            "is_restricted": false,
            "is_ultra_restricted": false
        },
        "attachments": [
            {
                "from_url": "https:\/\/linktr.ee\/chaitanyad",
                "service_name": "Linktree",
                "title": "Chaitanya | Linktree",
                "title_link": "https:\/\/linktr.ee\/chaitanyad",
                "text": "Choose wisely, but pick one?",
                "image_url": "https:\/\/d1fdloi71mui9q.cloudfront.net\/kD1eNffSQ7GQya3hfetc_QaQHjXsqLEKq3M8h",
                "image_width": 250,
                "image_height": 250,
                "image_bytes": 42880,
                "fallback": "Linktree: Chaitanya | Linktree",
                "service_icon": "https:\/\/linktr.ee\/static\/apple-icon-180x180.png",
                "id": 1,
                "original_url": "https:\/\/linktr.ee\/chaitanyad"
            }
        ],
        "blocks": [
            {
                "type": "rich_text",
                "block_id": "jM6O8",
                "elements": [
                    {
                        "type": "rich_text_section",
                        "elements": [
                            {
                                "type": "text",
                                "text": "Hello, Namaste! "
                            },
                            {
                                "type": "emoji",
                                "name": "wave",
                                "skin_tone": 4
                            },
                            {
                                "type": "text",
                                "text": "\n\nCall me CD.  (Yes, like the "
                            },
                            {
                                "type": "emoji",
                                "name": "cd"
                            },
                            {
                                "type": "text",
                                "text": ".)\n\ni’m a writer (both content and copy) and i also do graphic design. \ni’m open to, and looking for, writing gigs and\/or communication design projects. \n\nEssentially, my approach is, if writing is your skill, there are a myriad of diverse projects out there – what kind of work you end up doing really depends on your professional and creative interests, values and aspirations!\n\nEnthusiastic about learning, i resolutely believe that the idea of education is to learn to think for yourself.\n\nDM or send an email directly "
                            },
                            {
                                "type": "link",
                                "url": "mailto:chaitanyacd@gmail.com",
                                "text": "chaitanyacd@gmail.com"
                            },
                            {
                                "type": "text",
                                "text": " \n\nMore here "
                            },
                            {
                                "type": "link",
                                "url": "https:\/\/linktr.ee\/chaitanyad"
                            },
                            {
                                "type": "text",
                                "text": "\n\n"
                            },
                            {
                                "type": "emoji",
                                "name": "spock-hand",
                                "skin_tone": 4
                            }
                        ]
                    }
                ]
            }
        ]
    }
]