[
    {
        "client_msg_id": "f9d1c8ad-a13e-4dc1-acdc-2fb3c14ec6af",
        "type": "message",
        "text": "Hi <@U02539G82R5>, I have dmed you.",
        "user": "U01J84U3SQ6",
        "ts": "1624978143.200100",
        "team": "TJE58GTJL",
        "user_team": "TJE58GTJL",
        "source_team": "TJE58GTJL",
        "user_profile": {
            "avatar_hash": "gdab1d2a41e5",
            "image_72": "https:\/\/secure.gravatar.com\/avatar\/dab1d2a41e573a329156be15739aa21a.jpg?s=72&d=https%3A%2F%2Fa.slack-edge.com%2Fdf10d%2Fimg%2Favatars%2Fava_0005-72.png",
            "first_name": "Soare",
            "real_name": "Soare",
            "display_name": "Kesar",
            "team": "TJE58GTJL",
            "name": "fu65745",
            "is_restricted": false,
            "is_ultra_restricted": false
        },
        "blocks": [
            {
                "type": "rich_text",
                "block_id": "pMe",
                "elements": [
                    {
                        "type": "rich_text_section",
                        "elements": [
                            {
                                "type": "text",
                                "text": "Hi "
                            },
                            {
                                "type": "user",
                                "user_id": "U02539G82R5"
                            },
                            {
                                "type": "text",
                                "text": ", I have dmed you."
                            }
                        ]
                    }
                ]
            }
        ],
        "thread_ts": "1624917662.199700",
        "parent_user_id": "U02539G82R5"
    },
    {
        "client_msg_id": "3df0642a-a53c-45d3-ab0a-9ae57113ce18",
        "type": "message",
        "text": "Any NYC-based videographers hanging out here? If so, you might be interested in the gig a friend just shared with me (below). If you're interested or know of someone who is, please DM me directly and I'll share your info with him.\n\nSUBJECT: Computing-research institution seeking short, shareable news videos about their work\n\nI'm looking to hire a NYC-based video producer\/editor who is experienced at creating short (&lt;2 minute), digestible videos about scientific\/technical research news, and who ideally has a track-record at producing such videos for academic\/research institutions. I lead communications at an engineering-focused business\/tech institution and am ideally looking for videos in similar tone to<https:\/\/www.youtube.com\/watch?v=hhEJMpouMS8&amp;list=PLcwbNON2hqP5TFbkw0igt6Wz79WTaeFGi| those I did in-house at MIT>.",
        "user": "U025X4V6WQ6",
        "ts": "1624980604.200900",
        "team": "TJE58GTJL",
        "user_team": "TJE58GTJL",
        "source_team": "TJE58GTJL",
        "user_profile": {
            "avatar_hash": "d9bbb4c006f4",
            "image_72": "https:\/\/avatars.slack-edge.com\/2021-06-24\/2208717429459_d9bbb4c006f4926a4972_72.jpg",
            "first_name": "",
            "real_name": "Katie Gilbert",
            "display_name": "Katie Gilbert",
            "team": "TJE58GTJL",
            "name": "katie.elizabeth.gilbe",
            "is_restricted": false,
            "is_ultra_restricted": false
        },
        "attachments": [
            {
                "service_name": "YouTube",
                "service_url": "https:\/\/www.youtube.com\/",
                "title": "Computational Mirrors: Revealing Hidden Video",
                "title_link": "https:\/\/www.youtube.com\/watch?v=hhEJMpouMS8",
                "author_name": "MITCSAIL",
                "author_link": "https:\/\/www.youtube.com\/c\/MITCSAIL",
                "thumb_url": "https:\/\/i.ytimg.com\/vi\/hhEJMpouMS8\/hqdefault.jpg",
                "thumb_width": 480,
                "thumb_height": 360,
                "fallback": "YouTube Video: Computational Mirrors: Revealing Hidden Video",
                "video_html": "<iframe width=\"400\" height=\"225\" src=\"https:\/\/www.youtube.com\/embed\/hhEJMpouMS8?feature=oembed&autoplay=1&iv_load_policy=3\" frameborder=\"0\" allow=\"accelerometer; autoplay; clipboard-write; encrypted-media; gyroscope; picture-in-picture\" allowfullscreen><\/iframe>",
                "video_html_width": 400,
                "video_html_height": 225,
                "from_url": "https:\/\/www.youtube.com\/watch?v=hhEJMpouMS8",
                "service_icon": "https:\/\/a.slack-edge.com\/80588\/img\/unfurl_icons\/youtube.png",
                "id": 1,
                "original_url": "https:\/\/www.youtube.com\/watch?v=hhEJMpouMS8&amp;list=PLcwbNON2hqP5TFbkw0igt6Wz79WTaeFGi"
            }
        ],
        "blocks": [
            {
                "type": "rich_text",
                "block_id": "Bp1K",
                "elements": [
                    {
                        "type": "rich_text_section",
                        "elements": [
                            {
                                "type": "text",
                                "text": "Any NYC-based videographers hanging out here? If so, you might be interested in the gig a friend just shared with me (below). If you're interested or know of someone who is, please DM me directly and I'll share your info with him.\n\nSUBJECT: Computing-research institution seeking short, shareable news videos about their work\n\nI'm looking to hire a NYC-based video producer\/editor who is experienced at creating short (<2 minute), digestible videos about scientific\/technical research news, and who ideally has a track-record at producing such videos for academic\/research institutions. I lead communications at an engineering-focused business\/tech institution and am ideally looking for videos in similar tone to"
                            },
                            {
                                "type": "link",
                                "url": "https:\/\/www.youtube.com\/watch?v=hhEJMpouMS8&list=PLcwbNON2hqP5TFbkw0igt6Wz79WTaeFGi",
                                "text": " those I did in-house at MIT"
                            },
                            {
                                "type": "text",
                                "text": "."
                            }
                        ]
                    }
                ]
            }
        ]
    },
    {
        "client_msg_id": "8f633498-57a0-477d-a6ca-53c73fb3b634",
        "type": "message",
        "text": "Hey everyone - currently looking for a few freelance writers to buff up our content team. We'll provide the content briefs in <https:\/\/www.usetopic.com\/|Topic> for you so you don't have to do as much research. Ideally aiming for 2-4 articles\/week (around ~1500 word average). Feel free to DM me with examples of your published content",
        "user": "U022WPACV4L",
        "ts": "1624980780.202600",
        "team": "TJE58GTJL",
        "user_team": "TJE58GTJL",
        "source_team": "TJE58GTJL",
        "user_profile": {
            "avatar_hash": "bc588db919e3",
            "image_72": "https:\/\/avatars.slack-edge.com\/2021-05-21\/2092645159746_bc588db919e300f6dc48_72.jpg",
            "first_name": "Taran",
            "real_name": "Taran Soodan",
            "display_name": "Taran Soodan",
            "team": "TJE58GTJL",
            "name": "taran",
            "is_restricted": false,
            "is_ultra_restricted": false
        },
        "blocks": [
            {
                "type": "rich_text",
                "block_id": "SIL",
                "elements": [
                    {
                        "type": "rich_text_section",
                        "elements": [
                            {
                                "type": "text",
                                "text": "Hey everyone - currently looking for a few freelance writers to buff up our content team. We'll provide the content briefs in "
                            },
                            {
                                "type": "link",
                                "url": "https:\/\/www.usetopic.com\/",
                                "text": "Topic"
                            },
                            {
                                "type": "text",
                                "text": " for you so you don't have to do as much research. Ideally aiming for 2-4 articles\/week (around ~1500 word average). Feel free to DM me with examples of your published content"
                            }
                        ]
                    }
                ]
            }
        ],
        "thread_ts": "1624980780.202600",
        "reply_count": 1,
        "reply_users_count": 1,
        "latest_reply": "1624993479.204300",
        "reply_users": [
            "U01GWU4JWE4"
        ],
        "replies": [
            {
                "user": "U01GWU4JWE4",
                "ts": "1624993479.204300"
            }
        ],
        "is_locked": false,
        "subscribed": false,
        "reactions": [
            {
                "name": "eyes",
                "users": [
                    "U023Q8E7MNE",
                    "U01TPUG6YE5",
                    "U01J84U3SQ6",
                    "U01PXN2LGAK",
                    "U020EL92NBZ"
                ],
                "count": 5
            }
        ]
    },
    {
        "client_msg_id": "f21ac276-c163-4342-b7db-3082a447930a",
        "type": "message",
        "text": "Hey, looking for a freelance writer\/marketer?\n\nI have written blog posts, lead generation content, ebooks, social media content, information marketing sales pages, and so on.\n\nHere’s my portfolio - <http:\/\/contentestate.com\/portfolio|contentestate.com\/portfolio>\n\nNeed any specific sample that’s not in my portfolio? Please let me know.\n\nIf you have openings, let’s discuss. \n\nKnow anyone that needs my services? Please forward this to them.\n\nThank you.",
        "user": "U025H70LG86",
        "ts": "1624992486.204100",
        "team": "TJE58GTJL",
        "user_team": "TJE58GTJL",
        "source_team": "TJE58GTJL",
        "user_profile": {
            "avatar_hash": "gab7e3d572a3",
            "image_72": "https:\/\/secure.gravatar.com\/avatar\/ab7e3d572a31f84ddbcde1de89912ecd.jpg?s=72&d=https%3A%2F%2Fa.slack-edge.com%2Fdf10d%2Fimg%2Favatars%2Fava_0002-72.png",
            "first_name": "Precious",
            "real_name": "Precious Oboidhe",
            "display_name": "Precious Oboidhe",
            "team": "TJE58GTJL",
            "name": "poboidhe",
            "is_restricted": false,
            "is_ultra_restricted": false
        },
        "blocks": [
            {
                "type": "rich_text",
                "block_id": "8Y8",
                "elements": [
                    {
                        "type": "rich_text_section",
                        "elements": [
                            {
                                "type": "text",
                                "text": "Hey, looking for a freelance writer\/marketer?\n\nI have written blog posts, lead generation content, ebooks, social media content, information marketing sales pages, and so on.\n\nHere’s my portfolio - "
                            },
                            {
                                "type": "link",
                                "url": "http:\/\/contentestate.com\/portfolio",
                                "text": "contentestate.com\/portfolio"
                            },
                            {
                                "type": "text",
                                "text": "\n\nNeed any specific sample that’s not in my portfolio? Please let me know.\n\nIf you have openings, let’s discuss. \n\nKnow anyone that needs my services? Please forward this to them.\n\nThank you."
                            }
                        ]
                    }
                ]
            }
        ]
    },
    {
        "client_msg_id": "f3766cda-567d-4123-828a-6bca9a035c9b",
        "type": "message",
        "text": "<@U024E2M8HEC>",
        "user": "U01GWU4JWE4",
        "ts": "1624993479.204300",
        "team": "TJE58GTJL",
        "user_team": "TJE58GTJL",
        "source_team": "TJE58GTJL",
        "user_profile": {
            "avatar_hash": "7be117499ef4",
            "image_72": "https:\/\/avatars.slack-edge.com\/2021-01-03\/1615103505012_7be117499ef4a8ee7673_72.jpg",
            "first_name": "Ernest",
            "real_name": "Ernest Bio Bogore",
            "display_name": "Ernest Bio Bogore",
            "team": "TJE58GTJL",
            "name": "bioernest80",
            "is_restricted": false,
            "is_ultra_restricted": false
        },
        "blocks": [
            {
                "type": "rich_text",
                "block_id": "eSdS",
                "elements": [
                    {
                        "type": "rich_text_section",
                        "elements": [
                            {
                                "type": "user",
                                "user_id": "U024E2M8HEC"
                            }
                        ]
                    }
                ]
            }
        ],
        "thread_ts": "1624980780.202600",
        "parent_user_id": "U022WPACV4L"
    }
]