[
    {
        "client_msg_id": "9e0e6008-87d8-43b5-812d-c5603717c93b",
        "type": "message",
        "text": "<@UJG9WTEKG> Newbie here. I just wanted to respect the rules and check that it’s ok to scout for freelancers on this page? The paid job-listing channel is more for full-time jobs if I’m not mistaken?",
        "user": "U02280S1Q8P",
        "ts": "1622125519.061300",
        "team": "TJE58GTJL",
        "user_team": "TJE58GTJL",
        "source_team": "TJE58GTJL",
        "user_profile": {
            "avatar_hash": "3f05acff412b",
            "image_72": "https:\/\/avatars.slack-edge.com\/2021-05-21\/2114610753520_3f05acff412bb3199fea_72.jpg",
            "first_name": "Audrey",
            "real_name": "Audrey Agahan",
            "display_name": "Audrey Agahan",
            "team": "TJE58GTJL",
            "name": "audrey",
            "is_restricted": false,
            "is_ultra_restricted": false
        },
        "blocks": [
            {
                "type": "rich_text",
                "block_id": "+NY0G",
                "elements": [
                    {
                        "type": "rich_text_section",
                        "elements": [
                            {
                                "type": "user",
                                "user_id": "UJG9WTEKG"
                            },
                            {
                                "type": "text",
                                "text": " Newbie here. I just wanted to respect the rules and check that it’s ok to scout for freelancers on this page? The paid job-listing channel is more for full-time jobs if I’m not mistaken?"
                            }
                        ]
                    }
                ]
            }
        ],
        "thread_ts": "1622125519.061300",
        "reply_count": 3,
        "reply_users_count": 3,
        "latest_reply": "1622141579.066800",
        "reply_users": [
            "U0232LQV0E8",
            "UJG9WTEKG",
            "U02280S1Q8P"
        ],
        "replies": [
            {
                "user": "U0232LQV0E8",
                "ts": "1622131689.062700"
            },
            {
                "user": "UJG9WTEKG",
                "ts": "1622140374.066400"
            },
            {
                "user": "U02280S1Q8P",
                "ts": "1622141579.066800"
            }
        ],
        "is_locked": false,
        "subscribed": true,
        "last_read": "1622141579.066800",
        "reactions": [
            {
                "name": "point_up",
                "users": [
                    "U01AHL8AGBB",
                    "U01SP0Z5D33",
                    "U01FUP6AMEZ",
                    "U020EL92NBZ",
                    "U01QNH5QUG7"
                ],
                "count": 5
            },
            {
                "name": "heart",
                "users": [
                    "U01QNH5QUG7"
                ],
                "count": 1
            }
        ]
    },
    {
        "client_msg_id": "0307CE3B-C8DC-4151-903B-C9A5EC741BBA",
        "type": "message",
        "text": "Hi, <@U02280S1Q8P> I freelance, how can I be of service?",
        "user": "U0232LQV0E8",
        "ts": "1622131689.062700",
        "team": "TJE58GTJL",
        "user_team": "TJE58GTJL",
        "source_team": "TJE58GTJL",
        "user_profile": {
            "avatar_hash": "75b4c4cbe904",
            "image_72": "https:\/\/avatars.slack-edge.com\/2021-05-25\/2113793082321_75b4c4cbe90430941f9f_72.jpg",
            "first_name": "Tk",
            "real_name": "Tk Princewill",
            "display_name": "Tk Princewill",
            "team": "TJE58GTJL",
            "name": "tkprincewill",
            "is_restricted": false,
            "is_ultra_restricted": false
        },
        "blocks": [
            {
                "type": "rich_text",
                "block_id": "19AE",
                "elements": [
                    {
                        "type": "rich_text_section",
                        "elements": [
                            {
                                "type": "text",
                                "text": "Hi, "
                            },
                            {
                                "type": "user",
                                "user_id": "U02280S1Q8P"
                            },
                            {
                                "type": "text",
                                "text": " I freelance, how can I be of service?"
                            }
                        ]
                    }
                ]
            }
        ],
        "thread_ts": "1622125519.061300",
        "parent_user_id": "U02280S1Q8P"
    },
    {
        "client_msg_id": "317c047f-a456-4234-ab74-76e69e82a85b",
        "type": "message",
        "text": "Hi <@U01FUP6AMEZ>! Thanks very much! We’ve paid $40-50 per hour to freelance writers in the past, but we have some flexibility to work with the right writer’s rates. (How about that for a tongue-twister?)",
        "user": "U022PRZDB6W",
        "ts": "1622134522.063100",
        "team": "TJE58GTJL",
        "user_team": "TJE58GTJL",
        "source_team": "TJE58GTJL",
        "user_profile": {
            "avatar_hash": "913ce77c2994",
            "image_72": "https:\/\/avatars.slack-edge.com\/2021-05-21\/2104509954721_913ce77c2994e10945c7_72.jpg",
            "first_name": "",
            "real_name": "Hannah Alvarez",
            "display_name": "Hannah Alvarez",
            "team": "TJE58GTJL",
            "name": "hannah.alvarez",
            "is_restricted": false,
            "is_ultra_restricted": false
        },
        "blocks": [
            {
                "type": "rich_text",
                "block_id": "uSjZ",
                "elements": [
                    {
                        "type": "rich_text_section",
                        "elements": [
                            {
                                "type": "text",
                                "text": "Hi "
                            },
                            {
                                "type": "user",
                                "user_id": "U01FUP6AMEZ"
                            },
                            {
                                "type": "text",
                                "text": "! Thanks very much! We’ve paid $40-50 per hour to freelance writers in the past, but we have some flexibility to work with the right writer’s rates. (How about that for a tongue-twister?)"
                            }
                        ]
                    }
                ]
            }
        ],
        "thread_ts": "1622041096.055800",
        "parent_user_id": "U022PRZDB6W",
        "reactions": [
            {
                "name": "white_check_mark",
                "users": [
                    "U01FUP6AMEZ"
                ],
                "count": 1
            }
        ]
    },
    {
        "client_msg_id": "24543af8-019b-48d3-9416-4f59dcbd2ddf",
        "type": "message",
        "text": "Asking around in my other Slack groups for you <@U022PRZDB6W>!",
        "user": "U01FUP6AMEZ",
        "ts": "1622136628.063400",
        "team": "TJE58GTJL",
        "user_team": "TJE58GTJL",
        "source_team": "TJE58GTJL",
        "user_profile": {
            "avatar_hash": "128762c3ea3f",
            "image_72": "https:\/\/avatars.slack-edge.com\/2020-12-01\/1527137254583_128762c3ea3f3d65d19b_72.jpg",
            "first_name": "Joanna",
            "real_name": "Joanna Rutter",
            "display_name": "Joanna Rutter",
            "team": "TJE58GTJL",
            "name": "rutterjoanna",
            "is_restricted": false,
            "is_ultra_restricted": false
        },
        "blocks": [
            {
                "type": "rich_text",
                "block_id": "+mGLF",
                "elements": [
                    {
                        "type": "rich_text_section",
                        "elements": [
                            {
                                "type": "text",
                                "text": "Asking around in my other Slack groups for you "
                            },
                            {
                                "type": "user",
                                "user_id": "U022PRZDB6W"
                            },
                            {
                                "type": "text",
                                "text": "!"
                            }
                        ]
                    }
                ]
            }
        ],
        "thread_ts": "1622041096.055800",
        "parent_user_id": "U022PRZDB6W",
        "reactions": [
            {
                "name": "tada",
                "users": [
                    "U022PRZDB6W"
                ],
                "count": 1
            },
            {
                "name": "pray",
                "users": [
                    "U022PRZDB6W"
                ],
                "count": 1
            }
        ]
    },
    {
        "client_msg_id": "003862b5-c25e-40d3-a104-5f1d330c6282",
        "type": "message",
        "text": "yes pls feel free to scout freelancers here <@U02280S1Q8P>!",
        "user": "UJG9WTEKG",
        "ts": "1622140374.066400",
        "team": "TJE58GTJL",
        "user_team": "TJE58GTJL",
        "source_team": "TJE58GTJL",
        "user_profile": {
            "avatar_hash": "gc25b94e6ebf",
            "image_72": "https:\/\/secure.gravatar.com\/avatar\/eec25b94e6ebf55f0b7933372344cd09.jpg?s=72&d=https%3A%2F%2Fa.slack-edge.com%2Fdf10d%2Fimg%2Favatars%2Fava_0001-72.png",
            "first_name": "Jimmy",
            "real_name": "Jimmy Daly",
            "display_name": "",
            "team": "TJE58GTJL",
            "name": "runjimdaly",
            "is_restricted": false,
            "is_ultra_restricted": false
        },
        "blocks": [
            {
                "type": "rich_text",
                "block_id": "3hj",
                "elements": [
                    {
                        "type": "rich_text_section",
                        "elements": [
                            {
                                "type": "text",
                                "text": "yes pls feel free to scout freelancers here "
                            },
                            {
                                "type": "user",
                                "user_id": "U02280S1Q8P"
                            },
                            {
                                "type": "text",
                                "text": "!"
                            }
                        ]
                    }
                ]
            }
        ],
        "thread_ts": "1622125519.061300",
        "parent_user_id": "U02280S1Q8P"
    },
    {
        "client_msg_id": "ab05e413-330b-41de-87ec-b8db49bb409e",
        "type": "message",
        "text": "Great, thanks <@UJG9WTEKG>!\n\nI’m still figuring out our needs to those who’ve pinged me so once I’ve got that figured out, I know where to go!",
        "user": "U02280S1Q8P",
        "ts": "1622141579.066800",
        "team": "TJE58GTJL",
        "user_team": "TJE58GTJL",
        "source_team": "TJE58GTJL",
        "user_profile": {
            "avatar_hash": "3f05acff412b",
            "image_72": "https:\/\/avatars.slack-edge.com\/2021-05-21\/2114610753520_3f05acff412bb3199fea_72.jpg",
            "first_name": "Audrey",
            "real_name": "Audrey Agahan",
            "display_name": "Audrey Agahan",
            "team": "TJE58GTJL",
            "name": "audrey",
            "is_restricted": false,
            "is_ultra_restricted": false
        },
        "blocks": [
            {
                "type": "rich_text",
                "block_id": "o6=",
                "elements": [
                    {
                        "type": "rich_text_section",
                        "elements": [
                            {
                                "type": "text",
                                "text": "Great, thanks "
                            },
                            {
                                "type": "user",
                                "user_id": "UJG9WTEKG"
                            },
                            {
                                "type": "text",
                                "text": "!\n\nI’m still figuring out our needs to those who’ve pinged me so once I’ve got that figured out, I know where to go!"
                            }
                        ]
                    }
                ]
            }
        ],
        "thread_ts": "1622125519.061300",
        "parent_user_id": "U02280S1Q8P"
    },
    {
        "client_msg_id": "8557a132-753b-459a-a169-1eb20b7858d9",
        "type": "message",
        "text": "Yes, it's because of the processing fees. If I were to lose ~3% on every payment it would cost me hundreds of dollars a month. Currently I only pay $15 a month to Quickbooks to be able to receive electronic payments.",
        "user": "U022P474MC1",
        "ts": "1622144864.067000",
        "team": "TJE58GTJL",
        "user_team": "TJE58GTJL",
        "source_team": "TJE58GTJL",
        "user_profile": {
            "avatar_hash": "c1788e27ca6f",
            "image_72": "https:\/\/avatars.slack-edge.com\/2021-05-18\/2091575222257_c1788e27ca6fd57a877a_72.png",
            "first_name": "Olivia",
            "real_name": "Olivia Barrow",
            "display_name": "Olivia Barrow (she\/her)",
            "team": "TJE58GTJL",
            "name": "obarrow12",
            "is_restricted": false,
            "is_ultra_restricted": false
        },
        "blocks": [
            {
                "type": "rich_text",
                "block_id": "IF2x=",
                "elements": [
                    {
                        "type": "rich_text_section",
                        "elements": [
                            {
                                "type": "text",
                                "text": "Yes, it's because of the processing fees. If I were to lose ~3% on every payment it would cost me hundreds of dollars a month. Currently I only pay $15 a month to Quickbooks to be able to receive electronic payments."
                            }
                        ]
                    }
                ]
            }
        ],
        "thread_ts": "1621528130.029700",
        "parent_user_id": "U022P474MC1",
        "reactions": [
            {
                "name": "white_check_mark",
                "users": [
                    "U01FUP6AMEZ"
                ],
                "count": 1
            }
        ]
    },
    {
        "client_msg_id": "d99bd6e5-2a4a-4a61-b3f7-4fee7bd5e31a",
        "type": "message",
        "text": "Oh wow! Yeah my migration to Quickbooks once I scale is inevitable because of that. Even the 1.5% fee for a bank transaction hurts haha",
        "user": "U01FUP6AMEZ",
        "ts": "1622147823.067400",
        "team": "TJE58GTJL",
        "user_team": "TJE58GTJL",
        "source_team": "TJE58GTJL",
        "user_profile": {
            "avatar_hash": "128762c3ea3f",
            "image_72": "https:\/\/avatars.slack-edge.com\/2020-12-01\/1527137254583_128762c3ea3f3d65d19b_72.jpg",
            "first_name": "Joanna",
            "real_name": "Joanna Rutter",
            "display_name": "Joanna Rutter",
            "team": "TJE58GTJL",
            "name": "rutterjoanna",
            "is_restricted": false,
            "is_ultra_restricted": false
        },
        "blocks": [
            {
                "type": "rich_text",
                "block_id": "dfgEI",
                "elements": [
                    {
                        "type": "rich_text_section",
                        "elements": [
                            {
                                "type": "text",
                                "text": "Oh wow! Yeah my migration to Quickbooks once I scale is inevitable because of that. Even the 1.5% fee for a bank transaction hurts haha"
                            }
                        ]
                    }
                ]
            }
        ],
        "thread_ts": "1621528130.029700",
        "parent_user_id": "U022P474MC1"
    },
    {
        "client_msg_id": "9a18b43f-ad37-47da-abdd-d601632d8e19",
        "type": "message",
        "text": "<https:\/\/aprilbrightman.medium.com> is an educator who also is a freelance writer -- she'd be perfect and is interested in learning more about the project!",
        "user": "U01FUP6AMEZ",
        "ts": "1622147853.067600",
        "team": "TJE58GTJL",
        "user_team": "TJE58GTJL",
        "source_team": "TJE58GTJL",
        "user_profile": {
            "avatar_hash": "128762c3ea3f",
            "image_72": "https:\/\/avatars.slack-edge.com\/2020-12-01\/1527137254583_128762c3ea3f3d65d19b_72.jpg",
            "first_name": "Joanna",
            "real_name": "Joanna Rutter",
            "display_name": "Joanna Rutter",
            "team": "TJE58GTJL",
            "name": "rutterjoanna",
            "is_restricted": false,
            "is_ultra_restricted": false
        },
        "attachments": [
            {
                "service_name": "Medium",
                "title": "April Brightman – Medium",
                "title_link": "https:\/\/aprilbrightman.medium.com\/",
                "text": "Read writing from April Brightman on Medium. Freelance Writer for outdoor adventure and solo female travel. Every day, April Brightman and thousands of other voices read, write, and share important stories on Medium.",
                "fallback": "Medium: April Brightman – Medium",
                "thumb_url": "https:\/\/miro.medium.com\/max\/2400\/1*KQOyJPduXdd38AkywD0rDg.png",
                "from_url": "https:\/\/aprilbrightman.medium.com\/",
                "thumb_width": 741,
                "thumb_height": 853,
                "service_icon": "https:\/\/miro.medium.com\/fit\/c\/152\/152\/1*sHhtYhaCe2Uc3IU0IgKwIQ.png",
                "id": 1,
                "original_url": "https:\/\/aprilbrightman.medium.com"
            }
        ],
        "blocks": [
            {
                "type": "rich_text",
                "block_id": "RTcr",
                "elements": [
                    {
                        "type": "rich_text_section",
                        "elements": [
                            {
                                "type": "link",
                                "url": "https:\/\/aprilbrightman.medium.com"
                            },
                            {
                                "type": "text",
                                "text": " is an educator who also is a freelance writer -- she'd be perfect and is interested in learning more about the project!"
                            }
                        ]
                    }
                ]
            }
        ],
        "thread_ts": "1622041096.055800",
        "parent_user_id": "U022PRZDB6W"
    },
    {
        "client_msg_id": "2826303e-9816-489a-995c-864ec944f5c1",
        "type": "message",
        "text": "Her email is <mailto:avbrightman@gmail.com|avbrightman@gmail.com>. Her main niche is outdoor adventure writing but I'm sure her experience as an educator would lend itself to your brand's needs nicely.",
        "user": "U01FUP6AMEZ",
        "ts": "1622148019.067900",
        "team": "TJE58GTJL",
        "user_team": "TJE58GTJL",
        "source_team": "TJE58GTJL",
        "user_profile": {
            "avatar_hash": "128762c3ea3f",
            "image_72": "https:\/\/avatars.slack-edge.com\/2020-12-01\/1527137254583_128762c3ea3f3d65d19b_72.jpg",
            "first_name": "Joanna",
            "real_name": "Joanna Rutter",
            "display_name": "Joanna Rutter",
            "team": "TJE58GTJL",
            "name": "rutterjoanna",
            "is_restricted": false,
            "is_ultra_restricted": false
        },
        "edited": {
            "user": "U01FUP6AMEZ",
            "ts": "1622148030.000000"
        },
        "blocks": [
            {
                "type": "rich_text",
                "block_id": "9L9",
                "elements": [
                    {
                        "type": "rich_text_section",
                        "elements": [
                            {
                                "type": "text",
                                "text": "Her email is "
                            },
                            {
                                "type": "link",
                                "url": "mailto:avbrightman@gmail.com",
                                "text": "avbrightman@gmail.com"
                            },
                            {
                                "type": "text",
                                "text": ". Her main niche is outdoor adventure writing but I'm sure her experience as an educator would lend itself to your brand's needs nicely."
                            }
                        ]
                    }
                ]
            }
        ],
        "thread_ts": "1622041096.055800",
        "parent_user_id": "U022PRZDB6W",
        "reactions": [
            {
                "name": "pray",
                "users": [
                    "U022PRZDB6W"
                ],
                "count": 1
            }
        ]
    }
]