[
    {
        "client_msg_id": "09421808-353A-4B78-A303-C4A8C760EA2D",
        "type": "message",
        "text": "Hi everyone,\n\nA friend’s company is looking for a content writer to do a script for a long-form video (between 1,000 and 1,200 words). Bonus points if you’ve written for tech or about cybersecurity before. They are looking for someone to help with an initial script on short notice, with the potential for further work and collaboration if it is a good mutual fit. DM me if you’re interested and I can provide more details!",
        "user": "U02J57QTZ5Z",
        "ts": "1636835227.136900",
        "team": "TJE58GTJL",
        "user_team": "TJE58GTJL",
        "source_team": "TJE58GTJL",
        "user_profile": {
            "avatar_hash": "50fe74244096",
            "image_72": "https:\/\/avatars.slack-edge.com\/2021-10-18\/2629881168097_50fe7424409682b275cb_72.png",
            "first_name": "Ana",
            "real_name": "Ana Krsmanovic",
            "display_name": "Ana Krsmanovic",
            "team": "TJE58GTJL",
            "name": "ana.krsmanovic.3",
            "is_restricted": false,
            "is_ultra_restricted": false
        },
        "blocks": [
            {
                "type": "rich_text",
                "block_id": "Ey1S",
                "elements": [
                    {
                        "type": "rich_text_section",
                        "elements": [
                            {
                                "type": "text",
                                "text": "Hi everyone,\n\nA friend’s company is looking for a content writer to do a script for a long-form video (between 1,000 and 1,200 words). Bonus points if you’ve written for tech or about cybersecurity before. They are looking for someone to help with an initial script on short notice, with the potential for further work and collaboration if it is a good mutual fit. DM me if you’re interested and I can provide more details!"
                            }
                        ]
                    }
                ]
            }
        ],
        "reactions": [
            {
                "name": "eyes",
                "users": [
                    "U02GMMQ281W",
                    "U01J84U3SQ6"
                ],
                "count": 2
            }
        ]
    }
]