[
    {
        "client_msg_id": "f1385ab8-b4d5-47b2-a858-f44e8a9e7f6d",
        "type": "message",
        "text": "<@UJG9WTEKG> [spammy]",
        "user": "U01B8FNUWRK",
        "ts": "1635147450.007800",
        "team": "TJE58GTJL",
        "user_team": "TJE58GTJL",
        "source_team": "TJE58GTJL",
        "user_profile": {
            "avatar_hash": "a3ab825f6110",
            "image_72": "https:\/\/avatars.slack-edge.com\/2020-09-24\/1386090918259_a3ab825f611075cc2d61_72.jpg",
            "first_name": "Shadrack",
            "real_name": "Shadrack",
            "display_name": "Shadrack",
            "team": "TJE58GTJL",
            "name": "shadrack552",
            "is_restricted": false,
            "is_ultra_restricted": false
        },
        "blocks": [
            {
                "type": "rich_text",
                "block_id": "0cw",
                "elements": [
                    {
                        "type": "rich_text_section",
                        "elements": [
                            {
                                "type": "user",
                                "user_id": "UJG9WTEKG"
                            },
                            {
                                "type": "text",
                                "text": " [spammy]"
                            }
                        ]
                    }
                ]
            }
        ],
        "thread_ts": "1635147450.007800",
        "reply_count": 2,
        "reply_users_count": 2,
        "latest_reply": "1635173474.008800",
        "reply_users": [
            "U012GHRAHDK",
            "UJG9WTEKG"
        ],
        "replies": [
            {
                "user": "U012GHRAHDK",
                "ts": "1635149276.008000"
            },
            {
                "user": "UJG9WTEKG",
                "ts": "1635173474.008800"
            }
        ],
        "is_locked": false,
        "subscribed": true,
        "last_read": "1635173474.008800",
        "reactions": [
            {
                "name": "ok_hand",
                "users": [
                    "U012GHRAHDK",
                    "U02ADS3DDFF",
                    "U02HD0L8HAP"
                ],
                "count": 3
            },
            {
                "name": "ok_hand::skin-tone-2",
                "users": [
                    "U02J7DM81AQ"
                ],
                "count": 1
            }
        ]
    },
    {
        "client_msg_id": "43fab6a4-2066-4b1c-a895-0d1f265b10d0",
        "type": "message",
        "text": "Yep! Already reported.",
        "user": "U012GHRAHDK",
        "ts": "1635149276.008000",
        "team": "TJE58GTJL",
        "user_team": "TJE58GTJL",
        "source_team": "TJE58GTJL",
        "user_profile": {
            "avatar_hash": "8ba0c4534568",
            "image_72": "https:\/\/avatars.slack-edge.com\/2022-04-12\/3401585222352_8ba0c45345680ce088ab_72.jpg",
            "first_name": "Deb",
            "real_name": "Deb Mukherjee",
            "display_name": "Deb Mukherjee",
            "team": "TJE58GTJL",
            "name": "debdut94",
            "is_restricted": false,
            "is_ultra_restricted": false
        },
        "blocks": [
            {
                "type": "rich_text",
                "block_id": "A9k2",
                "elements": [
                    {
                        "type": "rich_text_section",
                        "elements": [
                            {
                                "type": "text",
                                "text": "Yep! Already reported."
                            }
                        ]
                    }
                ]
            }
        ],
        "thread_ts": "1635147450.007800",
        "parent_user_id": "U01B8FNUWRK",
        "reactions": [
            {
                "name": "+1",
                "users": [
                    "U01B8FNUWRK"
                ],
                "count": 1
            }
        ]
    },
    {
        "client_msg_id": "72442801-ecb9-42fb-9790-50474ac4a4d3",
        "type": "message",
        "text": "yes agreed, deleting",
        "user": "UJG9WTEKG",
        "ts": "1635173474.008800",
        "team": "TJE58GTJL",
        "user_team": "TJE58GTJL",
        "source_team": "TJE58GTJL",
        "user_profile": {
            "avatar_hash": "gc25b94e6ebf",
            "image_72": "https:\/\/secure.gravatar.com\/avatar\/eec25b94e6ebf55f0b7933372344cd09.jpg?s=72&d=https%3A%2F%2Fa.slack-edge.com%2Fdf10d%2Fimg%2Favatars%2Fava_0001-72.png",
            "first_name": "Jimmy",
            "real_name": "Jimmy Daly",
            "display_name": "",
            "team": "TJE58GTJL",
            "name": "runjimdaly",
            "is_restricted": false,
            "is_ultra_restricted": false
        },
        "blocks": [
            {
                "type": "rich_text",
                "block_id": "UGg",
                "elements": [
                    {
                        "type": "rich_text_section",
                        "elements": [
                            {
                                "type": "text",
                                "text": "yes agreed, deleting"
                            }
                        ]
                    }
                ]
            }
        ],
        "thread_ts": "1635147450.007800",
        "parent_user_id": "U01B8FNUWRK",
        "reactions": [
            {
                "name": "raised_hands",
                "users": [
                    "U012GHRAHDK",
                    "U01B8FNUWRK"
                ],
                "count": 2
            }
        ]
    },
    {
        "client_msg_id": "ec657a20-10d6-4a06-9bb4-8efa8b81b7fa",
        "type": "message",
        "text": "Are there any writers who've got a background or interest in writing on workers' compensation or insurance topics, in general? Target audience is insurance agents. The marketing agency I work for has a need for about 1 blog post\/month for content that has already been loosely outlined. Please let me know! Thank you!",
        "user": "UJ934FU3B",
        "ts": "1635189372.012600",
        "team": "TJE58GTJL",
        "user_team": "TJE58GTJL",
        "source_team": "TJE58GTJL",
        "user_profile": {
            "avatar_hash": "gc685e3dd12c",
            "image_72": "https:\/\/secure.gravatar.com\/avatar\/e9c685e3dd12cba4d8011ab209dabd3d.jpg?s=72&d=https%3A%2F%2Fa.slack-edge.com%2Fdf10d%2Fimg%2Favatars%2Fava_0003-72.png",
            "first_name": "Adam",
            "real_name": "Adam Bockler",
            "display_name": "Adam Bockler",
            "team": "TJE58GTJL",
            "name": "adam",
            "is_restricted": false,
            "is_ultra_restricted": false
        },
        "blocks": [
            {
                "type": "rich_text",
                "block_id": "K3J4",
                "elements": [
                    {
                        "type": "rich_text_section",
                        "elements": [
                            {
                                "type": "text",
                                "text": "Are there any writers who've got a background or interest in writing on workers' compensation or insurance topics, in general? Target audience is insurance agents. The marketing agency I work for has a need for about 1 blog post\/month for content that has already been loosely outlined. Please let me know! Thank you!"
                            }
                        ]
                    }
                ]
            }
        ],
        "thread_ts": "1635189372.012600",
        "reply_count": 3,
        "reply_users_count": 3,
        "latest_reply": "1635196473.016100",
        "reply_users": [
            "U02CUM2LDAN",
            "U02EDRUJN58",
            "UJ934FU3B"
        ],
        "replies": [
            {
                "user": "U02CUM2LDAN",
                "ts": "1635193337.015300"
            },
            {
                "user": "U02EDRUJN58",
                "ts": "1635195307.015900"
            },
            {
                "user": "UJ934FU3B",
                "ts": "1635196473.016100"
            }
        ],
        "is_locked": false,
        "subscribed": false
    },
    {
        "client_msg_id": "073a879e-993a-4582-84c8-fed17b938a50",
        "type": "message",
        "text": "Hi <@UJ934FU3B> kindly check your chat, thank you",
        "user": "U02CUM2LDAN",
        "ts": "1635193337.015300",
        "team": "TJE58GTJL",
        "user_team": "TJE58GTJL",
        "source_team": "TJE58GTJL",
        "user_profile": {
            "avatar_hash": "458609281ce7",
            "image_72": "https:\/\/avatars.slack-edge.com\/2021-09-17\/2505725073522_458609281ce79c30fb91_72.jpg",
            "first_name": "Faith",
            "real_name": "Faith Ekanem",
            "display_name": "Faith Ekanem",
            "team": "TJE58GTJL",
            "name": "faithbibok",
            "is_restricted": false,
            "is_ultra_restricted": false
        },
        "blocks": [
            {
                "type": "rich_text",
                "block_id": "IUnoh",
                "elements": [
                    {
                        "type": "rich_text_section",
                        "elements": [
                            {
                                "type": "text",
                                "text": "Hi "
                            },
                            {
                                "type": "user",
                                "user_id": "UJ934FU3B"
                            },
                            {
                                "type": "text",
                                "text": " kindly check your chat, thank you"
                            }
                        ]
                    }
                ]
            }
        ],
        "thread_ts": "1635189372.012600",
        "parent_user_id": "UJ934FU3B"
    },
    {
        "client_msg_id": "EEE81580-C533-40D8-AD6B-341728D356A3",
        "type": "message",
        "text": "Hi <@UJ934FU3B> do check your DM.",
        "user": "U02EDRUJN58",
        "ts": "1635195307.015900",
        "team": "TJE58GTJL",
        "user_team": "TJE58GTJL",
        "source_team": "TJE58GTJL",
        "user_profile": {
            "avatar_hash": "gdeb35d54b3a",
            "image_72": "https:\/\/secure.gravatar.com\/avatar\/deb35d54b3ab87af0bd944f69c4c0bb9.jpg?s=72&d=https%3A%2F%2Fa.slack-edge.com%2Fdf10d%2Fimg%2Favatars%2Fava_0002-72.png",
            "first_name": "Tobi",
            "real_name": "Tobi Abiodun",
            "display_name": "",
            "team": "TJE58GTJL",
            "name": "tobiabiodun126",
            "is_restricted": false,
            "is_ultra_restricted": false
        },
        "blocks": [
            {
                "type": "rich_text",
                "block_id": "FrXT",
                "elements": [
                    {
                        "type": "rich_text_section",
                        "elements": [
                            {
                                "type": "text",
                                "text": "Hi "
                            },
                            {
                                "type": "user",
                                "user_id": "UJ934FU3B"
                            },
                            {
                                "type": "text",
                                "text": " do check your DM."
                            }
                        ]
                    }
                ]
            }
        ],
        "thread_ts": "1635189372.012600",
        "parent_user_id": "UJ934FU3B"
    },
    {
        "client_msg_id": "16030d35-34e0-42a6-8a44-89d2d4299a6f",
        "type": "message",
        "text": "Hi all, I've found a few qualified candidates at this point. Thank you for being so quick to respond!",
        "user": "UJ934FU3B",
        "ts": "1635196473.016100",
        "team": "TJE58GTJL",
        "user_team": "TJE58GTJL",
        "source_team": "TJE58GTJL",
        "user_profile": {
            "avatar_hash": "gc685e3dd12c",
            "image_72": "https:\/\/secure.gravatar.com\/avatar\/e9c685e3dd12cba4d8011ab209dabd3d.jpg?s=72&d=https%3A%2F%2Fa.slack-edge.com%2Fdf10d%2Fimg%2Favatars%2Fava_0003-72.png",
            "first_name": "Adam",
            "real_name": "Adam Bockler",
            "display_name": "Adam Bockler",
            "team": "TJE58GTJL",
            "name": "adam",
            "is_restricted": false,
            "is_ultra_restricted": false
        },
        "blocks": [
            {
                "type": "rich_text",
                "block_id": "fE5x",
                "elements": [
                    {
                        "type": "rich_text_section",
                        "elements": [
                            {
                                "type": "text",
                                "text": "Hi all, I've found a few qualified candidates at this point. Thank you for being so quick to respond!"
                            }
                        ]
                    }
                ]
            }
        ],
        "thread_ts": "1635189372.012600",
        "parent_user_id": "UJ934FU3B"
    },
    {
        "client_msg_id": "81876525-a087-49ac-a56f-71e2886d5661",
        "type": "message",
        "text": "Hey there freelancers pals :wave: Any seasoned freelancers down to give some guidance on the best way to price out a project I'm currently scoping? DM me if so, thanks so much in advance!",
        "user": "U02H3K9BEMA",
        "ts": "1635198936.018700",
        "team": "TJE58GTJL",
        "user_team": "TJE58GTJL",
        "source_team": "TJE58GTJL",
        "user_profile": {
            "avatar_hash": "09a184af1fd8",
            "image_72": "https:\/\/avatars.slack-edge.com\/2021-10-07\/2592228292273_09a184af1fd866e135e1_72.jpg",
            "first_name": "Claire",
            "real_name": "Claire Beveridge",
            "display_name": "Claire Beveridge",
            "team": "TJE58GTJL",
            "name": "claire919",
            "is_restricted": false,
            "is_ultra_restricted": false
        },
        "edited": {
            "user": "U02H3K9BEMA",
            "ts": "1635198951.000000"
        },
        "blocks": [
            {
                "type": "rich_text",
                "block_id": "ZvK",
                "elements": [
                    {
                        "type": "rich_text_section",
                        "elements": [
                            {
                                "type": "text",
                                "text": "Hey there freelancers pals "
                            },
                            {
                                "type": "emoji",
                                "name": "wave"
                            },
                            {
                                "type": "text",
                                "text": " Any seasoned freelancers down to give some guidance on the best way to price out a project I'm currently scoping? DM me if so, thanks so much in advance!"
                            }
                        ]
                    }
                ]
            }
        ],
        "thread_ts": "1635198936.018700",
        "reply_count": 1,
        "reply_users_count": 1,
        "latest_reply": "1636469828.113100",
        "reply_users": [
            "U01DEA6F7CH"
        ],
        "replies": [
            {
                "user": "U01DEA6F7CH",
                "ts": "1636469828.113100"
            }
        ],
        "is_locked": false,
        "subscribed": false
    }
]