[
    {
        "client_msg_id": "42d3b8d9-0f65-448c-927b-8975e079d327",
        "type": "message",
        "text": "Aiyoo. Gotcha Leonie thanks so much :))",
        "user": "U02Q3JRH2P9",
        "ts": "1640337789.047600",
        "team": "TJE58GTJL",
        "user_team": "TJE58GTJL",
        "source_team": "TJE58GTJL",
        "user_profile": {
            "avatar_hash": "g9b10186b409",
            "image_72": "https:\/\/secure.gravatar.com\/avatar\/9b10186b4095f5f19853cf1f57a0081d.jpg?s=72&d=https%3A%2F%2Fa.slack-edge.com%2Fdf10d%2Fimg%2Favatars%2Fava_0021-72.png",
            "first_name": "Karandeep",
            "real_name": "Karandeep Arora",
            "display_name": "KD",
            "team": "TJE58GTJL",
            "name": "karanarora1892",
            "is_restricted": false,
            "is_ultra_restricted": false
        },
        "blocks": [
            {
                "type": "rich_text",
                "block_id": "EDBL",
                "elements": [
                    {
                        "type": "rich_text_section",
                        "elements": [
                            {
                                "type": "text",
                                "text": "Aiyoo. Gotcha Leonie thanks so much :))"
                            }
                        ]
                    }
                ]
            }
        ],
        "thread_ts": "1639174209.436700",
        "parent_user_id": "U02Q67WK4LS"
    },
    {
        "client_msg_id": "17b68209-b2eb-43a6-a208-3706f806f90c",
        "type": "message",
        "text": "Hello, I'm writing an article on scope creep for freelancers. Want some insights on:\n\n1. Situations when you (freelancer) experiences scope creep\n2. How do you protect yourself from scope creep?",
        "user": "U02RBH2FY6R",
        "ts": "1640346743.050500",
        "team": "TJE58GTJL",
        "user_team": "TJE58GTJL",
        "source_team": "TJE58GTJL",
        "user_profile": {
            "avatar_hash": "062a53a412a9",
            "image_72": "https:\/\/avatars.slack-edge.com\/2021-12-24\/2883308914388_062a53a412a99ed3f8b7_72.jpg",
            "first_name": "Nidhi",
            "real_name": "Nidhi Kala",
            "display_name": "Nidhi Kala",
            "team": "TJE58GTJL",
            "name": "nidhikala04",
            "is_restricted": false,
            "is_ultra_restricted": false
        },
        "blocks": [
            {
                "type": "rich_text",
                "block_id": "lMZS",
                "elements": [
                    {
                        "type": "rich_text_section",
                        "elements": [
                            {
                                "type": "text",
                                "text": "Hello, I'm writing an article on scope creep for freelancers. Want some insights on:\n\n"
                            }
                        ]
                    },
                    {
                        "type": "rich_text_list",
                        "elements": [
                            {
                                "type": "rich_text_section",
                                "elements": [
                                    {
                                        "type": "text",
                                        "text": "Situations when you (freelancer) experiences scope creep"
                                    }
                                ]
                            },
                            {
                                "type": "rich_text_section",
                                "elements": [
                                    {
                                        "type": "text",
                                        "text": "How do you protect yourself from scope creep?"
                                    }
                                ]
                            }
                        ],
                        "style": "ordered",
                        "indent": 0,
                        "offset": 0,
                        "border": 0
                    }
                ]
            }
        ],
        "thread_ts": "1640346743.050500",
        "reply_count": 4,
        "reply_users_count": 3,
        "latest_reply": "1640587354.056200",
        "reply_users": [
            "UUVS5HWMB",
            "URAV154AV",
            "U02RBH2FY6R"
        ],
        "replies": [
            {
                "user": "UUVS5HWMB",
                "ts": "1640359273.050700"
            },
            {
                "user": "URAV154AV",
                "ts": "1640363469.052300"
            },
            {
                "user": "U02RBH2FY6R",
                "ts": "1640587272.055900"
            },
            {
                "user": "U02RBH2FY6R",
                "ts": "1640587354.056200"
            }
        ],
        "is_locked": false,
        "subscribed": false
    },
    {
        "client_msg_id": "f3a3b27c-b44d-4f29-9279-260c5707db6c",
        "type": "message",
        "text": "Hey Nidhi, Most of the times I ended up experiencing scope creep as a freelancer it boiled down to me jumping headfirst into a project without getting a full understanding of the client's needs. Another factor is failing to set and manage your client's expectations.\n\nIf all parties are on the same page from the outset and working with a written contract, clear brief, and defined deliverables that were agreed upon at the outset, it makes it much easier to nip scope creep in the bud. Hit me up if you want to know more. Good luck with your article!",
        "user": "UUVS5HWMB",
        "ts": "1640359273.050700",
        "team": "TJE58GTJL",
        "user_team": "TJE58GTJL",
        "source_team": "TJE58GTJL",
        "user_profile": {
            "avatar_hash": "gd1f8257b491",
            "image_72": "https:\/\/secure.gravatar.com\/avatar\/d1f8257b49114fa53c151fc16077a601.jpg?s=72&d=https%3A%2F%2Fa.slack-edge.com%2Fdf10d%2Fimg%2Favatars%2Fava_0010-72.png",
            "first_name": "",
            "real_name": "Anthony Sills",
            "display_name": "",
            "team": "TJE58GTJL",
            "name": "anthony760",
            "is_restricted": false,
            "is_ultra_restricted": false
        },
        "blocks": [
            {
                "type": "rich_text",
                "block_id": "Rgl",
                "elements": [
                    {
                        "type": "rich_text_section",
                        "elements": [
                            {
                                "type": "text",
                                "text": "Hey Nidhi, Most of the times I ended up experiencing scope creep as a freelancer it boiled down to me jumping headfirst into a project without getting a full understanding of the client's needs. Another factor is failing to set and manage your client's expectations.\n\nIf all parties are on the same page from the outset and working with a written contract, clear brief, and defined deliverables that were agreed upon at the outset, it makes it much easier to nip scope creep in the bud. Hit me up if you want to know more. Good luck with your article!"
                            }
                        ]
                    }
                ]
            }
        ],
        "thread_ts": "1640346743.050500",
        "parent_user_id": "U02RBH2FY6R",
        "reactions": [
            {
                "name": "point_up",
                "users": [
                    "U01AHL8AGBB"
                ],
                "count": 1
            },
            {
                "name": "+1",
                "users": [
                    "U02RBH2FY6R"
                ],
                "count": 1
            }
        ]
    },
    {
        "client_msg_id": "09EFDCC1-5360-4422-B3D0-8816779C263C",
        "type": "message",
        "text": "Hello, \n\nAnyone know of or hiring software engineering interns?",
        "user": "U02PUQ6CQRX",
        "ts": "1640363140.052200",
        "team": "TJE58GTJL",
        "user_team": "TJE58GTJL",
        "source_team": "TJE58GTJL",
        "user_profile": {
            "avatar_hash": "g6ad1273c8c4",
            "image_72": "https:\/\/secure.gravatar.com\/avatar\/6ad1273c8c4437be1c8fe8c6db97dcc2.jpg?s=72&d=https%3A%2F%2Fa.slack-edge.com%2Fdf10d%2Fimg%2Favatars%2Fava_0017-72.png",
            "first_name": "Serah",
            "real_name": "Serah Nderi",
            "display_name": "Sarah Nderi",
            "team": "TJE58GTJL",
            "name": "sarah177",
            "is_restricted": false,
            "is_ultra_restricted": false
        },
        "blocks": [
            {
                "type": "rich_text",
                "block_id": "GlsC",
                "elements": [
                    {
                        "type": "rich_text_section",
                        "elements": [
                            {
                                "type": "text",
                                "text": "Hello, \n\nAnyone know of or hiring software engineering interns?"
                            }
                        ]
                    }
                ]
            }
        ],
        "thread_ts": "1640363140.052200",
        "reply_count": 2,
        "reply_users_count": 2,
        "latest_reply": "1640371292.054700",
        "reply_users": [
            "U0208DGLY87",
            "U02PUQ6CQRX"
        ],
        "replies": [
            {
                "user": "U0208DGLY87",
                "ts": "1640369139.054200"
            },
            {
                "user": "U02PUQ6CQRX",
                "ts": "1640371292.054700"
            }
        ],
        "is_locked": false,
        "subscribed": false
    },
    {
        "client_msg_id": "d41f2588-031c-48f5-a350-541e968f0524",
        "type": "message",
        "text": "As a client who hires freelancers, I think it benefits us both to have an SOW in place before the project begins to clearly document what both sides are expecting as reasonable. Many writers I’ve hired have included things like:\n• Short description of project\n• Expected output (no. of words or pages, format, etc.)\n• Expected input (research, reviewing source material provided by client, etc.)\n• Maximum number of revisions\n• Maximum timeline",
        "user": "URAV154AV",
        "ts": "1640363469.052300",
        "team": "TJE58GTJL",
        "user_team": "TJE58GTJL",
        "source_team": "TJE58GTJL",
        "user_profile": {
            "avatar_hash": "82eece4f99ca",
            "image_72": "https:\/\/avatars.slack-edge.com\/2019-12-12\/871274952613_82eece4f99caf7981b42_72.jpg",
            "first_name": "Cassandra",
            "real_name": "Cassandra Jowett",
            "display_name": "Cassandra Jowett",
            "team": "TJE58GTJL",
            "name": "cassandrajowett",
            "is_restricted": false,
            "is_ultra_restricted": false
        },
        "blocks": [
            {
                "type": "rich_text",
                "block_id": "5MP",
                "elements": [
                    {
                        "type": "rich_text_section",
                        "elements": [
                            {
                                "type": "text",
                                "text": "As a client who hires freelancers, I think it benefits us both to have an SOW in place before the project begins to clearly document what both sides are expecting as reasonable. Many writers I’ve hired have included things like:\n"
                            }
                        ]
                    },
                    {
                        "type": "rich_text_list",
                        "elements": [
                            {
                                "type": "rich_text_section",
                                "elements": [
                                    {
                                        "type": "text",
                                        "text": "Short description of project"
                                    }
                                ]
                            },
                            {
                                "type": "rich_text_section",
                                "elements": [
                                    {
                                        "type": "text",
                                        "text": "Expected output (no. of words or pages, format, etc.)"
                                    }
                                ]
                            },
                            {
                                "type": "rich_text_section",
                                "elements": [
                                    {
                                        "type": "text",
                                        "text": "Expected input (research, reviewing source material provided by client, etc.)"
                                    }
                                ]
                            },
                            {
                                "type": "rich_text_section",
                                "elements": [
                                    {
                                        "type": "text",
                                        "text": "Maximum number of revisions"
                                    }
                                ]
                            },
                            {
                                "type": "rich_text_section",
                                "elements": [
                                    {
                                        "type": "text",
                                        "text": "Maximum timeline"
                                    }
                                ]
                            }
                        ],
                        "style": "bullet",
                        "indent": 0,
                        "border": 0
                    }
                ]
            }
        ],
        "thread_ts": "1640346743.050500",
        "parent_user_id": "U02RBH2FY6R",
        "reactions": [
            {
                "name": "point_up",
                "users": [
                    "U01AHL8AGBB"
                ],
                "count": 1
            },
            {
                "name": "heart_eyes",
                "users": [
                    "U02RBH2FY6R"
                ],
                "count": 1
            },
            {
                "name": "+1",
                "users": [
                    "UL9SA4C3T",
                    "U02RGUD9C6S"
                ],
                "count": 2
            }
        ]
    },
    {
        "client_msg_id": "84ADE64E-6C8C-4E9A-8590-75EB0DBACB13",
        "type": "message",
        "text": "Do <https:\/\/thoughtbot.com\/jobs\/apprentice-ruby-on-rails-developer-remote-D07C0139DB|apprenticeships> count?",
        "user": "U0208DGLY87",
        "ts": "1640369139.054200",
        "team": "TJE58GTJL",
        "user_team": "TJE58GTJL",
        "source_team": "TJE58GTJL",
        "user_profile": {
            "avatar_hash": "06b240865d36",
            "image_72": "https:\/\/avatars.slack-edge.com\/2021-05-03\/2036481995841_06b240865d3636da85d3_72.png",
            "first_name": "Saïd",
            "real_name": "Saïd - Ayewo",
            "display_name": "Saïd - Ayewo",
            "team": "TJE58GTJL",
            "name": "hey",
            "is_restricted": false,
            "is_ultra_restricted": false
        },
        "attachments": [
            {
                "from_url": "https:\/\/thoughtbot.com\/jobs\/apprentice-ruby-on-rails-developer-remote-D07C0139DB",
                "thumb_url": "https:\/\/thoughtbot.com\/social\/social-media-banner-generic.png",
                "thumb_width": 1200,
                "thumb_height": 630,
                "service_icon": "https:\/\/thoughtbot.com\/favicon.ico",
                "id": 1,
                "original_url": "https:\/\/thoughtbot.com\/jobs\/apprentice-ruby-on-rails-developer-remote-D07C0139DB",
                "fallback": "Jobs - Apprentice Ruby on Rails Developer - Remote at thoughtbot in Apprenticeship",
                "text": "Join a team of developers and designers dedicated to creating products people love to use.",
                "title": "Jobs - Apprentice Ruby on Rails Developer - Remote at thoughtbot in Apprenticeship",
                "title_link": "https:\/\/thoughtbot.com\/jobs\/apprentice-ruby-on-rails-developer-remote-D07C0139DB",
                "service_name": "thoughtbot.com"
            }
        ],
        "blocks": [
            {
                "type": "rich_text",
                "block_id": "Ge4",
                "elements": [
                    {
                        "type": "rich_text_section",
                        "elements": [
                            {
                                "type": "text",
                                "text": "Do "
                            },
                            {
                                "type": "link",
                                "url": "https:\/\/thoughtbot.com\/jobs\/apprentice-ruby-on-rails-developer-remote-D07C0139DB",
                                "text": "apprenticeships"
                            },
                            {
                                "type": "text",
                                "text": " count?"
                            }
                        ]
                    }
                ]
            }
        ],
        "thread_ts": "1640363140.052200",
        "parent_user_id": "U02PUQ6CQRX"
    },
    {
        "client_msg_id": "0966D403-9E1C-48FE-A44E-B1A0254892E0",
        "type": "message",
        "text": "Yes! It does",
        "user": "U02PUQ6CQRX",
        "ts": "1640371292.054700",
        "team": "TJE58GTJL",
        "user_team": "TJE58GTJL",
        "source_team": "TJE58GTJL",
        "user_profile": {
            "avatar_hash": "g6ad1273c8c4",
            "image_72": "https:\/\/secure.gravatar.com\/avatar\/6ad1273c8c4437be1c8fe8c6db97dcc2.jpg?s=72&d=https%3A%2F%2Fa.slack-edge.com%2Fdf10d%2Fimg%2Favatars%2Fava_0017-72.png",
            "first_name": "Serah",
            "real_name": "Serah Nderi",
            "display_name": "Sarah Nderi",
            "team": "TJE58GTJL",
            "name": "sarah177",
            "is_restricted": false,
            "is_ultra_restricted": false
        },
        "blocks": [
            {
                "type": "rich_text",
                "block_id": "EHs",
                "elements": [
                    {
                        "type": "rich_text_section",
                        "elements": [
                            {
                                "type": "text",
                                "text": "Yes! It does"
                            }
                        ]
                    }
                ]
            }
        ],
        "thread_ts": "1640363140.052200",
        "parent_user_id": "U02PUQ6CQRX"
    }
]