[
    {
        "client_msg_id": "de51ac0d-5bb3-4444-9e22-248aa235f137",
        "type": "message",
        "text": "Hello Tatiana, is this offer still available?",
        "user": "U02PA451C3B",
        "ts": "1638289425.307400",
        "team": "TJE58GTJL",
        "user_team": "TJE58GTJL",
        "source_team": "TJE58GTJL",
        "user_profile": {
            "avatar_hash": "b537e61283c9",
            "image_72": "https:\/\/avatars.slack-edge.com\/2021-11-29\/2764910798855_b537e61283c91a8b8471_72.jpg",
            "first_name": "Keli",
            "real_name": "Keli Oliseh",
            "display_name": "Keli",
            "team": "TJE58GTJL",
            "name": "olisehkeli",
            "is_restricted": false,
            "is_ultra_restricted": false
        },
        "blocks": [
            {
                "type": "rich_text",
                "block_id": "D2NO\/",
                "elements": [
                    {
                        "type": "rich_text_section",
                        "elements": [
                            {
                                "type": "text",
                                "text": "Hello Tatiana, is this offer still available?"
                            }
                        ]
                    }
                ]
            }
        ],
        "thread_ts": "1637701739.242100",
        "parent_user_id": "ULJBEFSJJ"
    },
    {
        "client_msg_id": "e9c2f423-7fc0-42b4-9e84-43ef4bcff2ba",
        "type": "message",
        "text": "<@U012UL77GUT> - I do primary customer research, so I build in the time takes to:\n1. Establish the research objectives \n2. Find customers\n3. Interview them\n4. Prepare a report with insights and actions. \nThe amount of time varies - but I charge a flat rate for the entire project: $4995 USD",
        "user": "U02CZJT4FDG",
        "ts": "1638289838.307600",
        "team": "TJE58GTJL",
        "user_team": "TJE58GTJL",
        "source_team": "TJE58GTJL",
        "user_profile": {
            "avatar_hash": "a135302ef51a",
            "image_72": "https:\/\/avatars.slack-edge.com\/2021-08-31\/2439146771077_a135302ef51af6681b26_72.jpg",
            "first_name": "Ryan",
            "real_name": "Ryan Paul Gibson",
            "display_name": "Ryan Paul Gibson",
            "team": "TJE58GTJL",
            "name": "ryanpaulgibson",
            "is_restricted": false,
            "is_ultra_restricted": false
        },
        "blocks": [
            {
                "type": "rich_text",
                "block_id": "kMLRN",
                "elements": [
                    {
                        "type": "rich_text_section",
                        "elements": [
                            {
                                "type": "user",
                                "user_id": "U012UL77GUT"
                            },
                            {
                                "type": "text",
                                "text": " - I do primary customer research, so I build in the time takes to:\n"
                            }
                        ]
                    },
                    {
                        "type": "rich_text_list",
                        "elements": [
                            {
                                "type": "rich_text_section",
                                "elements": [
                                    {
                                        "type": "text",
                                        "text": "Establish the research objectives "
                                    }
                                ]
                            },
                            {
                                "type": "rich_text_section",
                                "elements": [
                                    {
                                        "type": "text",
                                        "text": "Find customers"
                                    }
                                ]
                            },
                            {
                                "type": "rich_text_section",
                                "elements": [
                                    {
                                        "type": "text",
                                        "text": "Interview them"
                                    }
                                ]
                            },
                            {
                                "type": "rich_text_section",
                                "elements": [
                                    {
                                        "type": "text",
                                        "text": "Prepare a report with insights and actions. "
                                    }
                                ]
                            }
                        ],
                        "style": "ordered",
                        "indent": 0,
                        "border": 0
                    },
                    {
                        "type": "rich_text_section",
                        "elements": [
                            {
                                "type": "text",
                                "text": "\nThe amount of time varies - but I charge a flat rate for the entire project: $4995 USD"
                            }
                        ]
                    }
                ]
            }
        ],
        "thread_ts": "1638216388.305500",
        "parent_user_id": "U012UL77GUT",
        "reactions": [
            {
                "name": "raised_hands",
                "users": [
                    "U012UL77GUT",
                    "U02GYR8TM96"
                ],
                "count": 2
            }
        ]
    },
    {
        "client_msg_id": "2725F7BF-901A-4DA7-BE4F-D4C38460FC45",
        "type": "message",
        "text": "Thanks so much, <@U02CZJT4FDG> !! That’s extremely helpful. ",
        "user": "U012UL77GUT",
        "ts": "1638289942.308500",
        "team": "TJE58GTJL",
        "user_team": "TJE58GTJL",
        "source_team": "TJE58GTJL",
        "user_profile": {
            "avatar_hash": "b74ac315b617",
            "image_72": "https:\/\/avatars.slack-edge.com\/2020-04-30\/1096717172883_b74ac315b61782f0d73c_72.jpg",
            "first_name": "",
            "real_name": "Ashly Stewart",
            "display_name": "Ashly Stewart",
            "team": "TJE58GTJL",
            "name": "ashly.stage",
            "is_restricted": false,
            "is_ultra_restricted": false
        },
        "blocks": [
            {
                "type": "rich_text",
                "block_id": "QQac4",
                "elements": [
                    {
                        "type": "rich_text_section",
                        "elements": [
                            {
                                "type": "text",
                                "text": "Thanks so much, "
                            },
                            {
                                "type": "user",
                                "user_id": "U02CZJT4FDG"
                            },
                            {
                                "type": "text",
                                "text": " !! That’s extremely helpful. "
                            }
                        ]
                    }
                ]
            }
        ],
        "thread_ts": "1638216388.305500",
        "parent_user_id": "U012UL77GUT",
        "reactions": [
            {
                "name": "+1",
                "users": [
                    "U02CZJT4FDG"
                ],
                "count": 1
            }
        ]
    },
    {
        "client_msg_id": "d9702310-15c7-4cec-b445-9abb6e3615f9",
        "type": "message",
        "text": "Hey everyone so one of my friends is a graphic designer with more than 5 years of experience. He has been working in-house for all this time. But now he is looking for freelance projects too. Is there anyone here who would need animations or designing services?",
        "user": "U02HD0L8HAP",
        "ts": "1638291149.310700",
        "team": "TJE58GTJL",
        "user_team": "TJE58GTJL",
        "source_team": "TJE58GTJL",
        "user_profile": {
            "avatar_hash": "675c42a91f65",
            "image_72": "https:\/\/avatars.slack-edge.com\/2022-01-10\/2928364816754_675c42a91f6571f4ac6b_72.jpg",
            "first_name": "Aanchal",
            "real_name": "Aanchal Parmar",
            "display_name": "Aanchal Parmar",
            "team": "TJE58GTJL",
            "name": "aanywrites",
            "is_restricted": false,
            "is_ultra_restricted": false
        },
        "blocks": [
            {
                "type": "rich_text",
                "block_id": "2Cj09",
                "elements": [
                    {
                        "type": "rich_text_section",
                        "elements": [
                            {
                                "type": "text",
                                "text": "Hey everyone so one of my friends is a graphic designer with more than 5 years of experience. He has been working in-house for all this time. But now he is looking for freelance projects too. Is there anyone here who would need animations or designing services?"
                            }
                        ]
                    }
                ]
            }
        ],
        "reactions": [
            {
                "name": "+1",
                "users": [
                    "U01TB1SDD61"
                ],
                "count": 1
            }
        ]
    },
    {
        "client_msg_id": "45eb7251-20ab-4562-844c-fe5a3b604ca3",
        "type": "message",
        "text": "Hey everyone! \n\nI'm looking for a freelance writer to support <http:\/\/kameleoon.com|Kameleoon> with something we have planned for the next few months. We're publishing a series of How-to's about CRO &amp; experimentation on various e-com platforms (e.g., Shopify, Woocommerce, etc.) The ideal writer:\n• Can get technical writing about performance marketing and CRO\n• Is comfortable doing interviews (including with developers and product teams)\n• Can take on 2-3 articles per month\nPreferably, you have written about A\/B testing and CRO before. The rate is $600 per article. \n\nIf you're interested or know someone who might be a good fit, please email me a <mailto:dboltinsky@kameleoon.com|dboltinsky@kameleoon.com>.",
        "user": "U028XTZTGAV",
        "ts": "1638335283.313900",
        "team": "TJE58GTJL",
        "user_team": "TJE58GTJL",
        "source_team": "TJE58GTJL",
        "user_profile": {
            "avatar_hash": "43c52c2133cd",
            "image_72": "https:\/\/avatars.slack-edge.com\/2021-10-04\/2565406345698_43c52c2133cdb7ed8b22_72.jpg",
            "first_name": "Daniel",
            "real_name": "Daniel Boltinsky",
            "display_name": "Daniel Boltinsky",
            "team": "TJE58GTJL",
            "name": "dboltinsky",
            "is_restricted": false,
            "is_ultra_restricted": false
        },
        "edited": {
            "user": "U028XTZTGAV",
            "ts": "1638335323.000000"
        },
        "blocks": [
            {
                "type": "rich_text",
                "block_id": "YRZa",
                "elements": [
                    {
                        "type": "rich_text_section",
                        "elements": [
                            {
                                "type": "text",
                                "text": "Hey everyone! \n\nI'm looking for a freelance writer to support "
                            },
                            {
                                "type": "link",
                                "url": "http:\/\/kameleoon.com",
                                "text": "Kameleoon"
                            },
                            {
                                "type": "text",
                                "text": " with something we have planned for the next few months. We're publishing a series of How-to's about CRO & experimentation on various e-com platforms (e.g., Shopify, Woocommerce, etc.) The ideal writer:\n"
                            }
                        ]
                    },
                    {
                        "type": "rich_text_list",
                        "elements": [
                            {
                                "type": "rich_text_section",
                                "elements": [
                                    {
                                        "type": "text",
                                        "text": "Can get technical writing about performance marketing and CRO"
                                    }
                                ]
                            },
                            {
                                "type": "rich_text_section",
                                "elements": [
                                    {
                                        "type": "text",
                                        "text": "Is comfortable doing interviews (including with developers and product teams)"
                                    }
                                ]
                            },
                            {
                                "type": "rich_text_section",
                                "elements": [
                                    {
                                        "type": "text",
                                        "text": "Can take on 2-3 articles per month"
                                    }
                                ]
                            }
                        ],
                        "style": "bullet",
                        "indent": 0,
                        "border": 0
                    },
                    {
                        "type": "rich_text_section",
                        "elements": [
                            {
                                "type": "text",
                                "text": "Preferably, you have written about A\/B testing and CRO before. The rate is $600 per article. \n\nIf you're interested or know someone who might be a good fit, please email me a "
                            },
                            {
                                "type": "link",
                                "url": "mailto:dboltinsky@kameleoon.com",
                                "text": "dboltinsky@kameleoon.com"
                            },
                            {
                                "type": "text",
                                "text": "."
                            }
                        ]
                    }
                ]
            }
        ],
        "thread_ts": "1638335283.313900",
        "reply_count": 4,
        "reply_users_count": 4,
        "latest_reply": "1638433931.322800",
        "reply_users": [
            "U02HWBZS9QC",
            "U02F1GK6U6B",
            "U02A25BJ4T1",
            "U02AUQ0KMGC"
        ],
        "replies": [
            {
                "user": "U02HWBZS9QC",
                "ts": "1638337768.314100"
            },
            {
                "user": "U02F1GK6U6B",
                "ts": "1638343264.314700"
            },
            {
                "user": "U02A25BJ4T1",
                "ts": "1638374422.317700"
            },
            {
                "user": "U02AUQ0KMGC",
                "ts": "1638433931.322800"
            }
        ],
        "is_locked": false,
        "subscribed": false,
        "reactions": [
            {
                "name": "+1",
                "users": [
                    "U01TB1SDD61",
                    "U02H3K9BEMA",
                    "UL9SA4C3T",
                    "U02PUQ6CQRX"
                ],
                "count": 4
            }
        ]
    },
    {
        "client_msg_id": "7a1d8d88-58a9-4815-88ec-ee4f74bac81b",
        "type": "message",
        "text": "Rolled out an email :slightly_smiling_face:",
        "user": "U02HWBZS9QC",
        "ts": "1638337768.314100",
        "team": "TJE58GTJL",
        "user_team": "TJE58GTJL",
        "source_team": "TJE58GTJL",
        "user_profile": {
            "avatar_hash": "cea3c2adb719",
            "image_72": "https:\/\/avatars.slack-edge.com\/2021-12-23\/2879299611220_cea3c2adb71995b8fd88_72.jpg",
            "first_name": "Ankit",
            "real_name": "Ankit Vora",
            "display_name": "",
            "team": "TJE58GTJL",
            "name": "ankitplaynody",
            "is_restricted": false,
            "is_ultra_restricted": false
        },
        "blocks": [
            {
                "type": "rich_text",
                "block_id": "i4Ei",
                "elements": [
                    {
                        "type": "rich_text_section",
                        "elements": [
                            {
                                "type": "text",
                                "text": "Rolled out an email "
                            },
                            {
                                "type": "emoji",
                                "name": "slightly_smiling_face"
                            }
                        ]
                    }
                ]
            }
        ],
        "thread_ts": "1638335283.313900",
        "parent_user_id": "U028XTZTGAV",
        "reactions": [
            {
                "name": "+1",
                "users": [
                    "U028XTZTGAV"
                ],
                "count": 1
            }
        ]
    },
    {
        "client_msg_id": "72fba423-b2d6-406a-a3c9-abf7e28cace5",
        "type": "message",
        "text": "Hi Racquel!\nI just finished my freelance writing stint with <http:\/\/Leena.ai|Leena.ai>  and learned so much about HR and allied areas, I can be of help. Would be happy to do a sample for you guys.",
        "user": "U02NNBNAQTH",
        "ts": "1638339731.314300",
        "team": "TJE58GTJL",
        "user_team": "TJE58GTJL",
        "source_team": "TJE58GTJL",
        "user_profile": {
            "avatar_hash": "533fdf4ab250",
            "image_72": "https:\/\/avatars.slack-edge.com\/2021-11-30\/2798593904305_533fdf4ab250135b750f_72.jpg",
            "first_name": "Kajal",
            "real_name": "Kajal Jain",
            "display_name": "Kajal Jain",
            "team": "TJE58GTJL",
            "name": "kajal.jain",
            "is_restricted": false,
            "is_ultra_restricted": false
        },
        "blocks": [
            {
                "type": "rich_text",
                "block_id": "\/IA",
                "elements": [
                    {
                        "type": "rich_text_section",
                        "elements": [
                            {
                                "type": "text",
                                "text": "Hi Racquel!\nI just finished my freelance writing stint with "
                            },
                            {
                                "type": "link",
                                "url": "http:\/\/Leena.ai",
                                "text": "Leena.ai"
                            },
                            {
                                "type": "text",
                                "text": "  and learned so much about HR and allied areas, I can be of help. Would be happy to do a sample for you guys."
                            }
                        ]
                    }
                ]
            }
        ],
        "thread_ts": "1637853774.268700",
        "parent_user_id": "U02HQGXGN31"
    },
    {
        "type": "message",
        "subtype": "slackbot_response",
        "text": "Hello! Not all of our members are guys. In an effort to be more conscious of the language we use to address each other, why not try “Hey, folks,” or “Hey everyone” instead?",
        "user": "USLACKBOT",
        "ts": "1638339732.314500",
        "thread_ts": "1637853774.268700",
        "parent_user_id": "U02HQGXGN31"
    },
    {
        "client_msg_id": "ea522e9d-16f2-4902-83ca-d234fbda823b",
        "type": "message",
        "text": "Will send you an email.",
        "user": "U02F1GK6U6B",
        "ts": "1638343264.314700",
        "team": "TJE58GTJL",
        "user_team": "TJE58GTJL",
        "source_team": "TJE58GTJL",
        "user_profile": {
            "avatar_hash": "b77d6f7d6c82",
            "image_72": "https:\/\/avatars.slack-edge.com\/2022-01-22\/3004677185921_b77d6f7d6c82fd929faa_72.jpg",
            "first_name": "Nneka",
            "real_name": "Nneka Otika",
            "display_name": "Nneka Otika",
            "team": "TJE58GTJL",
            "name": "nnekaotika",
            "is_restricted": false,
            "is_ultra_restricted": false
        },
        "blocks": [
            {
                "type": "rich_text",
                "block_id": "T30D",
                "elements": [
                    {
                        "type": "rich_text_section",
                        "elements": [
                            {
                                "type": "text",
                                "text": "Will send you an email."
                            }
                        ]
                    }
                ]
            }
        ],
        "thread_ts": "1638335283.313900",
        "parent_user_id": "U028XTZTGAV",
        "reactions": [
            {
                "name": "+1",
                "users": [
                    "U028XTZTGAV"
                ],
                "count": 1
            }
        ]
    }
]