[
    {
        "client_msg_id": "b1f3cfae-3422-46cf-8a36-44df783a2735",
        "type": "message",
        "text": "I came into writing after being a product specialist category and had no interest in writing about any old thing.\n\nTo answer your second question, yes it commands a bigger fee if you find the right niche.\n\nI can't hire generalist copywriters because the niche I work in requires hands-on\/technical product knowledge.",
        "user": "UJJFDTN8G",
        "ts": "1640076718.020600",
        "team": "TJE58GTJL",
        "user_team": "TJE58GTJL",
        "source_team": "TJE58GTJL",
        "user_profile": {
            "avatar_hash": "gd91d89ae152",
            "image_72": "https:\/\/secure.gravatar.com\/avatar\/86d91d89ae1528e747f4a586668d5d87.jpg?s=72&d=https%3A%2F%2Fa.slack-edge.com%2Fdf10d%2Fimg%2Favatars%2Fava_0013-72.png",
            "first_name": "Dominic",
            "real_name": "Dominic Kent",
            "display_name": "Dom Kent",
            "team": "TJE58GTJL",
            "name": "dominic",
            "is_restricted": false,
            "is_ultra_restricted": false
        },
        "blocks": [
            {
                "type": "rich_text",
                "block_id": "WO9i",
                "elements": [
                    {
                        "type": "rich_text_section",
                        "elements": [
                            {
                                "type": "text",
                                "text": "I came into writing after being a product specialist category and had no interest in writing about any old thing.\n\nTo answer your second question, yes it commands a bigger fee if you find the right niche.\n\nI can't hire generalist copywriters because the niche I work in requires hands-on\/technical product knowledge."
                            }
                        ]
                    }
                ]
            }
        ],
        "thread_ts": "1640033680.010300",
        "parent_user_id": "U02CVNB3X1T",
        "reactions": [
            {
                "name": "+1",
                "users": [
                    "U02CVNB3X1T"
                ],
                "count": 1
            }
        ]
    },
    {
        "client_msg_id": "595FE3A9-39B1-4654-B663-247DFE9AF4F8",
        "type": "message",
        "text": "Hi friends! Know any female entrepreneurs or solopreneurs who could use a hand getting their content strategy in order for 2022? I’m piloting a workshop in January to do just that. MAJOR discount in exchange for feedback. Hit me up if you want more details. ",
        "user": "U02JP7FM5SQ",
        "ts": "1640099400.021100",
        "team": "TJE58GTJL",
        "user_team": "TJE58GTJL",
        "source_team": "TJE58GTJL",
        "user_profile": {
            "avatar_hash": "0934c753f2bb",
            "image_72": "https:\/\/avatars.slack-edge.com\/2021-10-21\/2626528435414_0934c753f2bbd0e95ed2_72.png",
            "first_name": "Jessica",
            "real_name": "Jessica Coleman",
            "display_name": "Jessica Coleman",
            "team": "TJE58GTJL",
            "name": "jessica235",
            "is_restricted": false,
            "is_ultra_restricted": false
        },
        "blocks": [
            {
                "type": "rich_text",
                "block_id": "xexyl",
                "elements": [
                    {
                        "type": "rich_text_section",
                        "elements": [
                            {
                                "type": "text",
                                "text": "Hi friends! Know any female entrepreneurs or solopreneurs who could use a hand getting their content strategy in order for 2022? I’m piloting a workshop in January to do just that. MAJOR discount in exchange for feedback. Hit me up if you want more details. "
                            }
                        ]
                    }
                ]
            }
        ],
        "thread_ts": "1640099400.021100",
        "reply_count": 1,
        "reply_users_count": 1,
        "latest_reply": "1640100227.021400",
        "reply_users": [
            "U01PXN2LGAK"
        ],
        "replies": [
            {
                "user": "U01PXN2LGAK",
                "ts": "1640100227.021400"
            }
        ],
        "is_locked": false,
        "subscribed": false,
        "reactions": [
            {
                "name": "eyes",
                "users": [
                    "U01DEA6F7CH"
                ],
                "count": 1
            }
        ]
    },
    {
        "client_msg_id": "50DA78F2-F275-4A3F-A0FD-E959BF4E85ED",
        "type": "message",
        "text": "I’m curious to learn more!",
        "user": "U01PXN2LGAK",
        "ts": "1640100227.021400",
        "team": "TJE58GTJL",
        "user_team": "TJE58GTJL",
        "source_team": "TJE58GTJL",
        "user_profile": {
            "avatar_hash": "d8f5ac3cc9e1",
            "image_72": "https:\/\/avatars.slack-edge.com\/2022-04-15\/3395402924837_d8f5ac3cc9e1fe635001_72.png",
            "first_name": "Carmela",
            "real_name": "Carmela Montenegro",
            "display_name": "Carmela Montenegro",
            "team": "TJE58GTJL",
            "name": "carmela",
            "is_restricted": false,
            "is_ultra_restricted": false
        },
        "blocks": [
            {
                "type": "rich_text",
                "block_id": "YZJRL",
                "elements": [
                    {
                        "type": "rich_text_section",
                        "elements": [
                            {
                                "type": "text",
                                "text": "I’m curious to learn more!"
                            }
                        ]
                    }
                ]
            }
        ],
        "thread_ts": "1640099400.021100",
        "parent_user_id": "U02JP7FM5SQ"
    },
    {
        "client_msg_id": "b25803b2-c544-4ebf-9c91-1a5c17b46b30",
        "type": "message",
        "text": "Hi all - any PR contractors here that are based in the US and have experience with fintech? My team at <http:\/\/www.fraction.com|Fraction> is looking for support on a launch in Washington in January. Referrals welcomed!",
        "user": "U0195U3C7QC",
        "ts": "1640101427.021800",
        "team": "TJE58GTJL",
        "user_team": "TJE58GTJL",
        "source_team": "TJE58GTJL",
        "user_profile": {
            "avatar_hash": "a96c7ba302e0",
            "image_72": "https:\/\/avatars.slack-edge.com\/2020-08-17\/1329780061232_a96c7ba302e07f0899c2_72.png",
            "first_name": "Anita",
            "real_name": "Anita Chauhan",
            "display_name": "Anita Chauhan",
            "team": "TJE58GTJL",
            "name": "anita.chauhan20",
            "is_restricted": false,
            "is_ultra_restricted": false
        },
        "blocks": [
            {
                "type": "rich_text",
                "block_id": "IjuOL",
                "elements": [
                    {
                        "type": "rich_text_section",
                        "elements": [
                            {
                                "type": "text",
                                "text": "Hi all - any PR contractors here that are based in the US and have experience with fintech? My team at "
                            },
                            {
                                "type": "link",
                                "url": "http:\/\/www.fraction.com",
                                "text": "Fraction"
                            },
                            {
                                "type": "text",
                                "text": " is looking for support on a launch in Washington in January. Referrals welcomed!"
                            }
                        ]
                    }
                ]
            }
        ]
    },
    {
        "type": "message",
        "subtype": "channel_purpose",
        "ts": "1640107582.021900",
        "user": "UJG9WTEKG",
        "text": "set the channel description: Please use <#C02RGHQ4HK7|hire-me> if you're looking for work. thx!",
        "purpose": "Please use <#C02RGHQ4HK7|hire-me> if you're looking for work. thx!",
        "reactions": [
            {
                "name": "heart",
                "users": [
                    "U02CVNB3X1T",
                    "U02F1GK6U6B",
                    "U028D815JA0",
                    "U02A2P1TQE6",
                    "U02SSEGP8MS"
                ],
                "count": 5
            }
        ]
    },
    {
        "client_msg_id": "5a469df4-2197-4854-a40d-3ffc219938dd",
        "type": "message",
        "text": "Hi folks, I think I might have found somebody, but I will keep you in mind <@U02484YFJ10> and <@U02Q8U5T7TP>. Thank you for replying.\n<@U02484YFJ10> Oyo state, actually! :earth_africa:",
        "user": "UN3RHBFBK",
        "ts": "1640111114.022500",
        "team": "TJE58GTJL",
        "user_team": "TJE58GTJL",
        "source_team": "TJE58GTJL",
        "user_profile": {
            "avatar_hash": "7699d1ebbced",
            "image_72": "https:\/\/avatars.slack-edge.com\/2019-09-13\/762155947638_7699d1ebbcede1be9642_72.jpg",
            "first_name": "Jennifer",
            "real_name": "Jennifer Oladipo",
            "display_name": "Jennifer Oladipo",
            "team": "TJE58GTJL",
            "name": "jennifer",
            "is_restricted": false,
            "is_ultra_restricted": false
        },
        "blocks": [
            {
                "type": "rich_text",
                "block_id": "McN",
                "elements": [
                    {
                        "type": "rich_text_section",
                        "elements": [
                            {
                                "type": "text",
                                "text": "Hi folks, I think I might have found somebody, but I will keep you in mind "
                            },
                            {
                                "type": "user",
                                "user_id": "U02484YFJ10"
                            },
                            {
                                "type": "text",
                                "text": " and "
                            },
                            {
                                "type": "user",
                                "user_id": "U02Q8U5T7TP"
                            },
                            {
                                "type": "text",
                                "text": ". Thank you for replying.\n"
                            },
                            {
                                "type": "user",
                                "user_id": "U02484YFJ10"
                            },
                            {
                                "type": "text",
                                "text": " Oyo state, actually! "
                            },
                            {
                                "type": "emoji",
                                "name": "earth_africa"
                            }
                        ]
                    }
                ]
            }
        ],
        "thread_ts": "1639410526.448900",
        "parent_user_id": "UN3RHBFBK"
    },
    {
        "client_msg_id": "50244b63-8729-431e-aac2-dacc57ce9407",
        "type": "message",
        "text": "I second the Ed Gandia podcast. You may also want to look for overlap in the experience you have currently with any existing business niches. You may be surprised to see that much of what you've written is just a shade off of what business writing entails. For example, writing app reviews or doing a YouTube video on printer technology may be very close to what you're asked to do in a B2B blog post or explainer video script. B2B and B2C can be closer than you think, but just in select industries. Start there. That's how I got in.",
        "user": "U02M83NQ10U",
        "ts": "1640114655.022900",
        "team": "TJE58GTJL",
        "user_team": "TJE58GTJL",
        "source_team": "TJE58GTJL",
        "user_profile": {
            "avatar_hash": "87c168f85c64",
            "image_72": "https:\/\/avatars.slack-edge.com\/2021-11-12\/2720180260115_87c168f85c64b058a6b7_72.jpg",
            "first_name": "Linsey",
            "real_name": "Linsey Knerl",
            "display_name": "Linsey Knerl",
            "team": "TJE58GTJL",
            "name": "linsey",
            "is_restricted": false,
            "is_ultra_restricted": false
        },
        "blocks": [
            {
                "type": "rich_text",
                "block_id": "iivS",
                "elements": [
                    {
                        "type": "rich_text_section",
                        "elements": [
                            {
                                "type": "text",
                                "text": "I second the Ed Gandia podcast. You may also want to look for overlap in the experience you have currently with any existing business niches. You may be surprised to see that much of what you've written is just a shade off of what business writing entails. For example, writing app reviews or doing a YouTube video on printer technology may be very close to what you're asked to do in a B2B blog post or explainer video script. B2B and B2C can be closer than you think, but just in select industries. Start there. That's how I got in."
                            }
                        ]
                    }
                ]
            }
        ],
        "thread_ts": "1639890850.499600",
        "parent_user_id": "U02E9FD317B"
    },
    {
        "client_msg_id": "52b383c7-d1b7-4e81-88b7-3e4571f2979b",
        "type": "message",
        "text": "I have niched down to my clients, but I remain a generalist in reality. Most people find me when they need to write for very specific industries (3D printing, FinTech, EdTech, homeschooling, employee engagement, etc.) I have quite a large portfolio in all these areas and try to grow them every year by staying on trends, attending trainings, conferences, etc. But I also take on just about any project that pays well and holds my interest outside of these areas. Usually working with an agency, I am a generalist; working directly with clients is where I market as a specialist. I hope that makes sense.",
        "user": "U02M83NQ10U",
        "ts": "1640114853.023100",
        "team": "TJE58GTJL",
        "user_team": "TJE58GTJL",
        "source_team": "TJE58GTJL",
        "user_profile": {
            "avatar_hash": "87c168f85c64",
            "image_72": "https:\/\/avatars.slack-edge.com\/2021-11-12\/2720180260115_87c168f85c64b058a6b7_72.jpg",
            "first_name": "Linsey",
            "real_name": "Linsey Knerl",
            "display_name": "Linsey Knerl",
            "team": "TJE58GTJL",
            "name": "linsey",
            "is_restricted": false,
            "is_ultra_restricted": false
        },
        "blocks": [
            {
                "type": "rich_text",
                "block_id": "2ui",
                "elements": [
                    {
                        "type": "rich_text_section",
                        "elements": [
                            {
                                "type": "text",
                                "text": "I have niched down to my clients, but I remain a generalist in reality. Most people find me when they need to write for very specific industries (3D printing, FinTech, EdTech, homeschooling, employee engagement, etc.) I have quite a large portfolio in all these areas and try to grow them every year by staying on trends, attending trainings, conferences, etc. But I also take on just about any project that pays well and holds my interest outside of these areas. Usually working with an agency, I am a generalist; working directly with clients is where I market as a specialist. I hope that makes sense."
                            }
                        ]
                    }
                ]
            }
        ],
        "thread_ts": "1640033680.010300",
        "parent_user_id": "U02CVNB3X1T"
    },
    {
        "client_msg_id": "93B36E7E-9D11-4D4F-B3F1-20AF1A256296",
        "type": "message",
        "text": "Hi everyone! <http:\/\/Zavvy.io|Zavvy.io> is looking for freelance writers to write blog posts on employee enablement. Please reach out to Alex - <mailto:alexander@zavvy.io|alexander@zavvy.io> - if you’re interested.",
        "user": "U02A2P1TQE6",
        "ts": "1640150284.025400",
        "team": "TJE58GTJL",
        "user_team": "TJE58GTJL",
        "source_team": "TJE58GTJL",
        "user_profile": {
            "avatar_hash": "fe882b8e69b3",
            "image_72": "https:\/\/avatars.slack-edge.com\/2021-12-11\/2831156303956_fe882b8e69b3d67bc745_72.png",
            "first_name": "Sneh",
            "real_name": "Sneh Ratna Choudhary",
            "display_name": "Sneh",
            "team": "TJE58GTJL",
            "name": "snehratnachoudhary",
            "is_restricted": false,
            "is_ultra_restricted": false
        },
        "edited": {
            "user": "U02A2P1TQE6",
            "ts": "1640150378.000000"
        },
        "blocks": [
            {
                "type": "rich_text",
                "block_id": "VHT",
                "elements": [
                    {
                        "type": "rich_text_section",
                        "elements": [
                            {
                                "type": "text",
                                "text": "Hi everyone! "
                            },
                            {
                                "type": "link",
                                "url": "http:\/\/Zavvy.io",
                                "text": "Zavvy.io"
                            },
                            {
                                "type": "text",
                                "text": " is looking for freelance writers to write blog posts on employee enablement. Please reach out to Alex - "
                            },
                            {
                                "type": "link",
                                "url": "mailto:alexander@zavvy.io",
                                "text": "alexander@zavvy.io"
                            },
                            {
                                "type": "text",
                                "text": " - if you’re interested."
                            }
                        ]
                    }
                ]
            }
        ],
        "reactions": [
            {
                "name": "fire",
                "users": [
                    "U01R5K3795W",
                    "U028D815JA0",
                    "UN227ML2H",
                    "U01PXN2LGAK",
                    "U02RGUD9C6S",
                    "U02CMCS8KH9"
                ],
                "count": 6
            },
            {
                "name": "pray",
                "users": [
                    "U01R5K3795W"
                ],
                "count": 1
            }
        ]
    },
    {
        "client_msg_id": "09d7f7b0-790c-4d12-a1a6-0026c6a51078",
        "type": "message",
        "text": "<@U01E1LMJUQY>, try a service like <http:\/\/darkroast.co|darkroast.co> or Designjoy; they'll replace the designer if you don't like their work. Plus, it's unlimited designs for a flat fee.",
        "user": "U012GHRAHDK",
        "ts": "1640152465.025900",
        "team": "TJE58GTJL",
        "user_team": "TJE58GTJL",
        "source_team": "TJE58GTJL",
        "user_profile": {
            "avatar_hash": "8ba0c4534568",
            "image_72": "https:\/\/avatars.slack-edge.com\/2022-04-12\/3401585222352_8ba0c45345680ce088ab_72.jpg",
            "first_name": "Deb",
            "real_name": "Deb Mukherjee",
            "display_name": "Deb Mukherjee",
            "team": "TJE58GTJL",
            "name": "debdut94",
            "is_restricted": false,
            "is_ultra_restricted": false
        },
        "edited": {
            "user": "U012GHRAHDK",
            "ts": "1640152489.000000"
        },
        "blocks": [
            {
                "type": "rich_text",
                "block_id": "Vf3Z",
                "elements": [
                    {
                        "type": "rich_text_section",
                        "elements": [
                            {
                                "type": "user",
                                "user_id": "U01E1LMJUQY"
                            },
                            {
                                "type": "text",
                                "text": ", try a service like "
                            },
                            {
                                "type": "link",
                                "url": "http:\/\/darkroast.co",
                                "text": "darkroast.co"
                            },
                            {
                                "type": "text",
                                "text": " or Designjoy; they'll replace the designer if you don't like their work. Plus, it's unlimited designs for a flat fee."
                            }
                        ]
                    }
                ]
            }
        ],
        "thread_ts": "1639762750.495000",
        "parent_user_id": "U01E1LMJUQY",
        "reactions": [
            {
                "name": "raised_hands",
                "users": [
                    "U01E1LMJUQY"
                ],
                "count": 1
            }
        ]
    },
    {
        "client_msg_id": "5523EF51-BF16-4856-87F6-9FF901B3FA30",
        "type": "message",
        "text": "Amazing <@U012GHRAHDK> these are great recs!",
        "user": "U01E1LMJUQY",
        "ts": "1640152586.026800",
        "team": "TJE58GTJL",
        "user_team": "TJE58GTJL",
        "source_team": "TJE58GTJL",
        "user_profile": {
            "avatar_hash": "b4ba4b86fb94",
            "image_72": "https:\/\/avatars.slack-edge.com\/2020-10-26\/1460022920612_b4ba4b86fb940a9d2b1e_72.jpg",
            "first_name": "Nikhil",
            "real_name": "Nikhil Venkatesa",
            "display_name": "Nikhil Venkatesa",
            "team": "TJE58GTJL",
            "name": "nikhil.venkatesa",
            "is_restricted": false,
            "is_ultra_restricted": false
        },
        "blocks": [
            {
                "type": "rich_text",
                "block_id": "qTz",
                "elements": [
                    {
                        "type": "rich_text_section",
                        "elements": [
                            {
                                "type": "text",
                                "text": "Amazing "
                            },
                            {
                                "type": "user",
                                "user_id": "U012GHRAHDK"
                            },
                            {
                                "type": "text",
                                "text": " these are great recs!"
                            }
                        ]
                    }
                ]
            }
        ],
        "thread_ts": "1639762750.495000",
        "parent_user_id": "U01E1LMJUQY",
        "reactions": [
            {
                "name": "100",
                "users": [
                    "U012GHRAHDK"
                ],
                "count": 1
            }
        ]
    }
]