[
    {
        "client_msg_id": "7871a4f0-53b3-4af5-b3ae-7102ce5b938b",
        "type": "message",
        "text": "<@U01L7S9CVNG> I also sent you a DM.",
        "user": "U02NDD2TDBM",
        "ts": "1637915465.273700",
        "team": "TJE58GTJL",
        "user_team": "TJE58GTJL",
        "source_team": "TJE58GTJL",
        "user_profile": {
            "avatar_hash": "3d9c2fe4c5e0",
            "image_72": "https:\/\/avatars.slack-edge.com\/2021-11-23\/2758678912037_3d9c2fe4c5e0c6619ee0_72.jpg",
            "first_name": "Blessing",
            "real_name": "Blessing Onyegbula",
            "display_name": "Blessing Onyegbula",
            "team": "TJE58GTJL",
            "name": "onyegbulablessing21",
            "is_restricted": false,
            "is_ultra_restricted": false
        },
        "blocks": [
            {
                "type": "rich_text",
                "block_id": "ldTwa",
                "elements": [
                    {
                        "type": "rich_text_section",
                        "elements": [
                            {
                                "type": "user",
                                "user_id": "U01L7S9CVNG"
                            },
                            {
                                "type": "text",
                                "text": " I also sent you a DM."
                            }
                        ]
                    }
                ]
            }
        ],
        "thread_ts": "1637589606.210900",
        "parent_user_id": "U01L7S9CVNG",
        "reactions": [
            {
                "name": "+1::skin-tone-4",
                "users": [
                    "U01L7S9CVNG"
                ],
                "count": 1
            }
        ]
    },
    {
        "client_msg_id": "4c7e8a62-5015-4259-8c5b-9e217a4caded",
        "type": "message",
        "text": "Hi! Are there any copywriters specializing in blockchain and gaming related topics? Please let me know, thanks!",
        "user": "U02CTCWKAF6",
        "ts": "1637921660.274800",
        "team": "TJE58GTJL",
        "user_team": "TJE58GTJL",
        "source_team": "TJE58GTJL",
        "user_profile": {
            "avatar_hash": "db68acd0d055",
            "image_72": "https:\/\/avatars.slack-edge.com\/2021-08-31\/2437762225763_db68acd0d055fb0d705f_72.jpg",
            "first_name": "Rasa",
            "real_name": "Rasa Petuch",
            "display_name": "Rasa Petuch",
            "team": "TJE58GTJL",
            "name": "rasa.petuch",
            "is_restricted": false,
            "is_ultra_restricted": false
        },
        "blocks": [
            {
                "type": "rich_text",
                "block_id": "HGo",
                "elements": [
                    {
                        "type": "rich_text_section",
                        "elements": [
                            {
                                "type": "text",
                                "text": "Hi! Are there any copywriters specializing in blockchain and gaming related topics? Please let me know, thanks!"
                            }
                        ]
                    }
                ]
            }
        ],
        "thread_ts": "1637921660.274800",
        "reply_count": 3,
        "reply_users_count": 3,
        "latest_reply": "1638935991.385400",
        "reply_users": [
            "U029WCJDVU0",
            "U02MGK3CKGV",
            "U013JCCN8JE"
        ],
        "replies": [
            {
                "user": "U029WCJDVU0",
                "ts": "1638121386.286400"
            },
            {
                "user": "U02MGK3CKGV",
                "ts": "1638452606.323000"
            },
            {
                "user": "U013JCCN8JE",
                "ts": "1638935991.385400"
            }
        ],
        "is_locked": false,
        "subscribed": false
    },
    {
        "client_msg_id": "F317FE6E-C16D-4F15-BAEB-8BB6B11759F5",
        "type": "message",
        "text": "Strongly agree with both above. Also wanted to remind that as a freelancer being able to demonstrate niche expertise will allow you to quote higher rates, and will usually require competitor names. I think it also increases your skill to have to come up with unique work for very similar clients. \nThe other thing is, competitors is the same niche will be dealing with many of the same service providers and vendors who target them all the time. That’s just how it goes. ",
        "user": "UN3RHBFBK",
        "ts": "1637937533.280600",
        "team": "TJE58GTJL",
        "user_team": "TJE58GTJL",
        "source_team": "TJE58GTJL",
        "user_profile": {
            "avatar_hash": "7699d1ebbced",
            "image_72": "https:\/\/avatars.slack-edge.com\/2019-09-13\/762155947638_7699d1ebbcede1be9642_72.jpg",
            "first_name": "Jennifer",
            "real_name": "Jennifer Oladipo",
            "display_name": "Jennifer Oladipo",
            "team": "TJE58GTJL",
            "name": "jennifer",
            "is_restricted": false,
            "is_ultra_restricted": false
        },
        "blocks": [
            {
                "type": "rich_text",
                "block_id": "qv=s2",
                "elements": [
                    {
                        "type": "rich_text_section",
                        "elements": [
                            {
                                "type": "text",
                                "text": "Strongly agree with both above. Also wanted to remind that as a freelancer being able to demonstrate niche expertise will allow you to quote higher rates, and will usually require competitor names. I think it also increases your skill to have to come up with unique work for very similar clients. \nThe other thing is, competitors is the same niche will be dealing with many of the same service providers and vendors who target them all the time. That’s just how it goes. "
                            }
                        ]
                    }
                ]
            }
        ],
        "thread_ts": "1637850791.266600",
        "parent_user_id": "U02MYNYNDEK"
    },
    {
        "client_msg_id": "66af7c7a-fdc6-4457-a7b5-5549fdce4ed2",
        "type": "message",
        "text": "<@UN3RHBFBK> Such a good point. I doubt Hubspot feels bad about hosting multiple different competitors across an industry!",
        "user": "U02MYNYNDEK",
        "ts": "1637978366.280800",
        "team": "TJE58GTJL",
        "user_team": "TJE58GTJL",
        "source_team": "TJE58GTJL",
        "user_profile": {
            "avatar_hash": "7570eb74d8c8",
            "image_72": "https:\/\/avatars.slack-edge.com\/2021-11-23\/2761477706786_7570eb74d8c8e57d6277_72.jpg",
            "first_name": "Shaina",
            "real_name": "Shaina Vellone",
            "display_name": "Shaina Vellone",
            "team": "TJE58GTJL",
            "name": "shaina.vellone",
            "is_restricted": false,
            "is_ultra_restricted": false
        },
        "blocks": [
            {
                "type": "rich_text",
                "block_id": "SnK",
                "elements": [
                    {
                        "type": "rich_text_section",
                        "elements": [
                            {
                                "type": "user",
                                "user_id": "UN3RHBFBK"
                            },
                            {
                                "type": "text",
                                "text": " Such a good point. I doubt Hubspot feels bad about hosting multiple different competitors across an industry!"
                            }
                        ]
                    }
                ]
            }
        ],
        "thread_ts": "1637850791.266600",
        "parent_user_id": "U02MYNYNDEK",
        "reactions": [
            {
                "name": "point_up_2::skin-tone-5",
                "users": [
                    "UN3RHBFBK"
                ],
                "count": 1
            }
        ]
    }
]