[
    {
        "client_msg_id": "a7a3940e-1a6d-481e-8bd7-c113c5fbcf8d",
        "type": "message",
        "text": "Hey <@U02AUQ0KMGC> I'm going to go through them today and let you know on Thursday!",
        "user": "U01MW6DPU72",
        "ts": "1636536111.118500",
        "team": "TJE58GTJL",
        "user_team": "TJE58GTJL",
        "source_team": "TJE58GTJL",
        "user_profile": {
            "avatar_hash": "g2ab21f412c3",
            "image_72": "https:\/\/secure.gravatar.com\/avatar\/2ab21f412c3215ee2b3c2994772c589e.jpg?s=72&d=https%3A%2F%2Fa.slack-edge.com%2Fdf10d%2Fimg%2Favatars%2Fava_0024-72.png",
            "first_name": "Araminta",
            "real_name": "Araminta Robertson",
            "display_name": "Araminta Robertson",
            "team": "TJE58GTJL",
            "name": "robertsona98",
            "is_restricted": false,
            "is_ultra_restricted": false
        },
        "blocks": [
            {
                "type": "rich_text",
                "block_id": "heWk7",
                "elements": [
                    {
                        "type": "rich_text_section",
                        "elements": [
                            {
                                "type": "text",
                                "text": "Hey "
                            },
                            {
                                "type": "user",
                                "user_id": "U02AUQ0KMGC"
                            },
                            {
                                "type": "text",
                                "text": " I'm going to go through them today and let you know on Thursday!"
                            }
                        ]
                    }
                ]
            }
        ],
        "thread_ts": "1636460785.109900",
        "parent_user_id": "U01MW6DPU72",
        "reactions": [
            {
                "name": "pray::skin-tone-3",
                "users": [
                    "U02AUQ0KMGC"
                ],
                "count": 1
            },
            {
                "name": "relaxed",
                "users": [
                    "U02HD0L8HAP"
                ],
                "count": 1
            }
        ]
    },
    {
        "client_msg_id": "922dc2ad-0657-4ad9-919d-9bdc550d222a",
        "type": "message",
        "text": "Thanks for the ideas, everyone! Please go ahead and DM me if you have any great people in mind. I appreciate it a lot. :slightly_smiling_face:",
        "user": "U02KFSPJQAF",
        "ts": "1636556325.119200",
        "team": "TJE58GTJL",
        "user_team": "TJE58GTJL",
        "source_team": "TJE58GTJL",
        "user_profile": {
            "avatar_hash": "6bfc8303ae88",
            "image_72": "https:\/\/avatars.slack-edge.com\/2021-11-02\/2675699666259_6bfc8303ae888dca884f_72.jpg",
            "first_name": "Oskar",
            "real_name": "Oskar Duberg",
            "display_name": "Oskar Duberg",
            "team": "TJE58GTJL",
            "name": "oskar",
            "is_restricted": false,
            "is_ultra_restricted": false
        },
        "blocks": [
            {
                "type": "rich_text",
                "block_id": "absUE",
                "elements": [
                    {
                        "type": "rich_text_section",
                        "elements": [
                            {
                                "type": "text",
                                "text": "Thanks for the ideas, everyone! Please go ahead and DM me if you have any great people in mind. I appreciate it a lot. "
                            },
                            {
                                "type": "emoji",
                                "name": "slightly_smiling_face"
                            }
                        ]
                    }
                ]
            }
        ],
        "thread_ts": "1636041312.081800",
        "parent_user_id": "U02KFSPJQAF"
    },
    {
        "bot_id": "B023BC3A2UV",
        "type": "message",
        "text": "_[sponsored]_ Shout out to <@UN9CGN894> for supporting Superath and our freelance channel :partying_face:Tired of grabbing outdated statistics from roundup posts? PrimoStats helps content marketers find and cite stats in less time. Try for free: <https:\/\/primostats.com>",
        "user": "UJG9WTEKG",
        "ts": "1636560002.119500",
        "team": "TJE58GTJL",
        "bot_profile": {
            "id": "B023BC3A2UV",
            "app_id": "AL3SX1B6J",
            "name": "Send It Later",
            "icons": {
                "image_36": "https:\/\/avatars.slack-edge.com\/2019-07-02\/671777182994_a14924be81a633327b73_36.png",
                "image_48": "https:\/\/avatars.slack-edge.com\/2019-07-02\/671777182994_a14924be81a633327b73_48.png",
                "image_72": "https:\/\/avatars.slack-edge.com\/2019-07-02\/671777182994_a14924be81a633327b73_72.png"
            },
            "deleted": false,
            "updated": 1622231340,
            "team_id": "TJE58GTJL"
        },
        "edited": {
            "user": "B023BC3A2UV",
            "ts": "1636560006.000000"
        },
        "attachments": [
            {
                "from_url": "https:\/\/primostats.com\/",
                "service_name": "PrimoStats -",
                "title": "PrimoStats",
                "title_link": "https:\/\/primostats.com\/",
                "text": "No more grabbing stats from shady roundup posts. Get access to a searchable database where you can quickly filter through relevant stats.",
                "fields": [
                    {
                        "title": "Est. reading time",
                        "value": "2 minutes",
                        "short": true
                    }
                ],
                "ts": 1624291785,
                "thumb_url": "https:\/\/primostats.com\/wp-content\/uploads\/2021\/10\/PrimoStats.png",
                "thumb_width": 372,
                "thumb_height": 372,
                "fallback": "PrimoStats -: PrimoStats",
                "service_icon": "https:\/\/primostats.com\/wp-content\/uploads\/2021\/06\/cropped-favicon-180x180.png",
                "id": 1,
                "original_url": "https:\/\/primostats.com"
            }
        ],
        "reactions": [
            {
                "name": "clap",
                "users": [
                    "UN227ML2H",
                    "U01J84U3SQ6",
                    "U02A2P1TQE6"
                ],
                "count": 3
            },
            {
                "name": "heart",
                "users": [
                    "UN9CGN894",
                    "U01SP0Z5D33"
                ],
                "count": 2
            },
            {
                "name": "+1::skin-tone-5",
                "users": [
                    "UN3RHBFBK"
                ],
                "count": 1
            }
        ]
    }
]