[
    {
        "client_msg_id": "6fdb50a2-cea3-4db9-8c54-e517579dc432",
        "type": "message",
        "text": "Asking this to help out a fellow freelancer: Has anyone figured out an easy way to pay freelancers based in Pakistan? Wise recently stopped supporting payments there and I haven't come across any other services with a low fee. (Please respond if you have firsthand experience of sending payment to or receiving payments in Pakistan)",
        "user": "UJ4A0H534",
        "ts": "1640176646.027700",
        "team": "TJE58GTJL",
        "user_team": "TJE58GTJL",
        "source_team": "TJE58GTJL",
        "user_profile": {
            "avatar_hash": "ea8df1b58529",
            "image_72": "https:\/\/avatars.slack-edge.com\/2019-05-07\/627235760020_ea8df1b5852909475c1a_72.jpg",
            "first_name": "Seema",
            "real_name": "Seema Nayak",
            "display_name": "Seema",
            "team": "TJE58GTJL",
            "name": "cma.nayak",
            "is_restricted": false,
            "is_ultra_restricted": false
        },
        "edited": {
            "user": "UJ4A0H534",
            "ts": "1640196252.000000"
        },
        "blocks": [
            {
                "type": "rich_text",
                "block_id": "U85",
                "elements": [
                    {
                        "type": "rich_text_section",
                        "elements": [
                            {
                                "type": "text",
                                "text": "Asking this to help out a fellow freelancer: Has anyone figured out an easy way to pay freelancers based in Pakistan? Wise recently stopped supporting payments there and I haven't come across any other services with a low fee. (Please respond if you have firsthand experience of sending payment to or receiving payments in Pakistan)"
                            }
                        ]
                    }
                ]
            }
        ],
        "thread_ts": "1640176646.027700",
        "reply_count": 6,
        "reply_users_count": 5,
        "latest_reply": "1640198626.037300",
        "reply_users": [
            "U01SP0Z5D33",
            "UJ4A0H534",
            "U02B60S6FBM",
            "U02GMMQ281W",
            "U02PA451C3B"
        ],
        "replies": [
            {
                "user": "U01SP0Z5D33",
                "ts": "1640187425.030800"
            },
            {
                "user": "UJ4A0H534",
                "ts": "1640188297.031000"
            },
            {
                "user": "U01SP0Z5D33",
                "ts": "1640188373.031200"
            },
            {
                "user": "U02B60S6FBM",
                "ts": "1640190253.031400"
            },
            {
                "user": "U02GMMQ281W",
                "ts": "1640196151.032300"
            },
            {
                "user": "U02PA451C3B",
                "ts": "1640198626.037300"
            }
        ],
        "is_locked": false,
        "subscribed": false
    },
    {
        "client_msg_id": "f4bbb7d4-aac7-4d2b-8d16-ee4ffe230753",
        "type": "message",
        "text": "Have you looked at <http:\/\/Xe.com|Xe.com> or Xoom? Don't know where the transfer is coming from, or your sense of affordable but those are alternatives.",
        "user": "U01SP0Z5D33",
        "ts": "1640187425.030800",
        "team": "TJE58GTJL",
        "user_team": "TJE58GTJL",
        "source_team": "TJE58GTJL",
        "user_profile": {
            "avatar_hash": "828b75c9a94f",
            "image_72": "https:\/\/avatars.slack-edge.com\/2021-12-13\/2836757982275_828b75c9a94f85c85f9a_72.jpg",
            "first_name": "Mark",
            "real_name": "Mark Burdon",
            "display_name": "Mark Burdon",
            "team": "TJE58GTJL",
            "name": "mburdon",
            "is_restricted": false,
            "is_ultra_restricted": false
        },
        "blocks": [
            {
                "type": "rich_text",
                "block_id": "cOHFV",
                "elements": [
                    {
                        "type": "rich_text_section",
                        "elements": [
                            {
                                "type": "text",
                                "text": "Have you looked at "
                            },
                            {
                                "type": "link",
                                "url": "http:\/\/Xe.com",
                                "text": "Xe.com"
                            },
                            {
                                "type": "text",
                                "text": " or Xoom? Don't know where the transfer is coming from, or your sense of affordable but those are alternatives."
                            }
                        ]
                    }
                ]
            }
        ],
        "thread_ts": "1640176646.027700",
        "parent_user_id": "UJ4A0H534"
    },
    {
        "client_msg_id": "f26bc0be-abc4-4842-bd35-65ada94a78ba",
        "type": "message",
        "text": "From US to Pakistan",
        "user": "UJ4A0H534",
        "ts": "1640188297.031000",
        "team": "TJE58GTJL",
        "user_team": "TJE58GTJL",
        "source_team": "TJE58GTJL",
        "user_profile": {
            "avatar_hash": "ea8df1b58529",
            "image_72": "https:\/\/avatars.slack-edge.com\/2019-05-07\/627235760020_ea8df1b5852909475c1a_72.jpg",
            "first_name": "Seema",
            "real_name": "Seema Nayak",
            "display_name": "Seema",
            "team": "TJE58GTJL",
            "name": "cma.nayak",
            "is_restricted": false,
            "is_ultra_restricted": false
        },
        "blocks": [
            {
                "type": "rich_text",
                "block_id": "S1h5",
                "elements": [
                    {
                        "type": "rich_text_section",
                        "elements": [
                            {
                                "type": "text",
                                "text": "From US to Pakistan"
                            }
                        ]
                    }
                ]
            }
        ],
        "thread_ts": "1640176646.027700",
        "parent_user_id": "UJ4A0H534"
    },
    {
        "client_msg_id": "82bbae96-e321-4742-a1a2-22e071e8aabf",
        "type": "message",
        "text": "Those seem to be viable options then. I used to work for <http:\/\/Xe.com|Xe.com> so I have some bias there",
        "user": "U01SP0Z5D33",
        "ts": "1640188373.031200",
        "team": "TJE58GTJL",
        "user_team": "TJE58GTJL",
        "source_team": "TJE58GTJL",
        "user_profile": {
            "avatar_hash": "828b75c9a94f",
            "image_72": "https:\/\/avatars.slack-edge.com\/2021-12-13\/2836757982275_828b75c9a94f85c85f9a_72.jpg",
            "first_name": "Mark",
            "real_name": "Mark Burdon",
            "display_name": "Mark Burdon",
            "team": "TJE58GTJL",
            "name": "mburdon",
            "is_restricted": false,
            "is_ultra_restricted": false
        },
        "blocks": [
            {
                "type": "rich_text",
                "block_id": "A+W",
                "elements": [
                    {
                        "type": "rich_text_section",
                        "elements": [
                            {
                                "type": "text",
                                "text": "Those seem to be viable options then. I used to work for "
                            },
                            {
                                "type": "link",
                                "url": "http:\/\/Xe.com",
                                "text": "Xe.com"
                            },
                            {
                                "type": "text",
                                "text": " so I have some bias there"
                            }
                        ]
                    }
                ]
            }
        ],
        "thread_ts": "1640176646.027700",
        "parent_user_id": "UJ4A0H534"
    },
    {
        "client_msg_id": "19138777-99b3-40f5-bd77-7bfa74af3fac",
        "type": "message",
        "text": "I use Deel to receive payment. It's hassle-free and super affordable. You can PM me if you have any further questions.",
        "user": "U02B60S6FBM",
        "ts": "1640190253.031400",
        "team": "TJE58GTJL",
        "user_team": "TJE58GTJL",
        "source_team": "TJE58GTJL",
        "user_profile": {
            "avatar_hash": "2f1e23ef404a",
            "image_72": "https:\/\/avatars.slack-edge.com\/2021-08-13\/2376884926485_2f1e23ef404a0d536b39_72.jpg",
            "first_name": "Wuraola",
            "real_name": "Wuraola",
            "display_name": "Wuraola",
            "team": "TJE58GTJL",
            "name": "omobolanleshanu",
            "is_restricted": false,
            "is_ultra_restricted": false
        },
        "edited": {
            "user": "U02B60S6FBM",
            "ts": "1640190315.000000"
        },
        "blocks": [
            {
                "type": "rich_text",
                "block_id": "To=wX",
                "elements": [
                    {
                        "type": "rich_text_section",
                        "elements": [
                            {
                                "type": "text",
                                "text": "I use Deel to receive payment. It's hassle-free and super affordable. You can PM me if you have any further questions."
                            }
                        ]
                    }
                ]
            }
        ],
        "thread_ts": "1640176646.027700",
        "parent_user_id": "UJ4A0H534"
    },
    {
        "client_msg_id": "fd743353-be39-4d43-8964-bbf64edf1d43",
        "type": "message",
        "text": "Have you looked at stripe or paypal?",
        "user": "U02GMMQ281W",
        "ts": "1640196151.032300",
        "team": "TJE58GTJL",
        "user_team": "TJE58GTJL",
        "source_team": "TJE58GTJL",
        "user_profile": {
            "avatar_hash": "e1131d2dfd73",
            "image_72": "https:\/\/avatars.slack-edge.com\/2021-10-12\/2589760574406_e1131d2dfd73f2e7db3e_72.png",
            "first_name": "Amanda",
            "real_name": "Amanda S.",
            "display_name": "Amanda",
            "team": "TJE58GTJL",
            "name": "theglamtechie",
            "is_restricted": false,
            "is_ultra_restricted": false
        },
        "edited": {
            "user": "U02GMMQ281W",
            "ts": "1640196176.000000"
        },
        "blocks": [
            {
                "type": "rich_text",
                "block_id": "Z9zTW",
                "elements": [
                    {
                        "type": "rich_text_section",
                        "elements": [
                            {
                                "type": "text",
                                "text": "Have you looked at stripe or paypal?"
                            }
                        ]
                    }
                ]
            }
        ],
        "thread_ts": "1640176646.027700",
        "parent_user_id": "UJ4A0H534"
    },
    {
        "client_msg_id": "14fb2719-9d2c-465a-9819-369d47ca3cef",
        "type": "message",
        "text": "Hello everyone! I have a question. I have tried to niche down to non-profits however it is quite difficult to get clients in this area. Will it be a good idea to keep doing general content or wait until I find clients in the niche I want.\nThanks",
        "user": "U02RGUD9C6S",
        "ts": "1640197194.036000",
        "team": "TJE58GTJL",
        "user_team": "TJE58GTJL",
        "source_team": "TJE58GTJL",
        "user_profile": {
            "avatar_hash": "gce42dbf2649",
            "image_72": "https:\/\/secure.gravatar.com\/avatar\/ce42dbf2649c019016dedf196b255264.jpg?s=72&d=https%3A%2F%2Fa.slack-edge.com%2Fdf10d%2Fimg%2Favatars%2Fava_0008-72.png",
            "first_name": "Deborah",
            "real_name": "Deborah Sabinus",
            "display_name": "Deborah Sabinus",
            "team": "TJE58GTJL",
            "name": "deborah.sabinus",
            "is_restricted": false,
            "is_ultra_restricted": false
        },
        "blocks": [
            {
                "type": "rich_text",
                "block_id": "shhQ7",
                "elements": [
                    {
                        "type": "rich_text_section",
                        "elements": [
                            {
                                "type": "text",
                                "text": "Hello everyone! I have a question. I have tried to niche down to non-profits however it is quite difficult to get clients in this area. Will it be a good idea to keep doing general content or wait until I find clients in the niche I want.\nThanks"
                            }
                        ]
                    }
                ]
            }
        ],
        "thread_ts": "1640197194.036000",
        "reply_count": 5,
        "reply_users_count": 4,
        "latest_reply": "1641231860.070600",
        "reply_users": [
            "URAV154AV",
            "UUH2ESL66",
            "U01PXN2LGAK",
            "U029CTQ5X6Y"
        ],
        "replies": [
            {
                "user": "URAV154AV",
                "ts": "1640197969.036100"
            },
            {
                "user": "UUH2ESL66",
                "ts": "1640199687.037500"
            },
            {
                "user": "UUH2ESL66",
                "ts": "1640199736.037700"
            },
            {
                "user": "U01PXN2LGAK",
                "ts": "1640797219.063000"
            },
            {
                "user": "U029CTQ5X6Y",
                "ts": "1641231860.070600"
            }
        ],
        "is_locked": false,
        "subscribed": false
    },
    {
        "client_msg_id": "a6d66883-c499-4285-86ca-844398cd39fb",
        "type": "message",
        "text": "Non-profits don’t pay. At least many of them don’t, because they can get volunteers to do the work for free. If non-profits are your passion, you may want to consider what other sectors can pay your bills so you can take on non-profit work that fills up your soul but doesn’t pay\/doesn’t pay well.",
        "user": "URAV154AV",
        "ts": "1640197969.036100",
        "team": "TJE58GTJL",
        "user_team": "TJE58GTJL",
        "source_team": "TJE58GTJL",
        "user_profile": {
            "avatar_hash": "82eece4f99ca",
            "image_72": "https:\/\/avatars.slack-edge.com\/2019-12-12\/871274952613_82eece4f99caf7981b42_72.jpg",
            "first_name": "Cassandra",
            "real_name": "Cassandra Jowett",
            "display_name": "Cassandra Jowett",
            "team": "TJE58GTJL",
            "name": "cassandrajowett",
            "is_restricted": false,
            "is_ultra_restricted": false
        },
        "blocks": [
            {
                "type": "rich_text",
                "block_id": "g03Q",
                "elements": [
                    {
                        "type": "rich_text_section",
                        "elements": [
                            {
                                "type": "text",
                                "text": "Non-profits don’t pay. At least many of them don’t, because they can get volunteers to do the work for free. If non-profits are your passion, you may want to consider what other sectors can pay your bills so you can take on non-profit work that fills up your soul but doesn’t pay\/doesn’t pay well."
                            }
                        ]
                    }
                ]
            }
        ],
        "thread_ts": "1640197194.036000",
        "parent_user_id": "U02RGUD9C6S",
        "reactions": [
            {
                "name": "+1::skin-tone-3",
                "users": [
                    "U022WPACV4L"
                ],
                "count": 1
            },
            {
                "name": "+1",
                "users": [
                    "U029CTQ5X6Y",
                    "U024A8928AW"
                ],
                "count": 2
            }
        ]
    },
    {
        "client_msg_id": "580bdf53-0869-4a4d-aa42-a85513d45e0a",
        "type": "message",
        "text": "<https:\/\/airtable.com\/shrCQ7iEeRw2sTbFk|https:\/\/airtable.com\/shrCQ7iEeRw2sTbFk>\n\nFor FREELANCERS and anyone looking to build skills via doing projects! We have specific paid projects for product management, digital marketing, and design with leading YC Startups, Techstars cohortees, and UofT Entrepreneurship Network companies, and more! \n\nGuys please help fill this out and share it with others who you think would benefit by using short term projects to learn and grow their skillset and become recruitment ready! Thanks",
        "user": "U02RPJVKQ02",
        "ts": "1640198237.037000",
        "team": "TJE58GTJL",
        "user_team": "TJE58GTJL",
        "source_team": "TJE58GTJL",
        "user_profile": {
            "avatar_hash": "9c35fd53d3f1",
            "image_72": "https:\/\/avatars.slack-edge.com\/2022-01-23\/2979191154951_9c35fd53d3f1196736ae_72.jpg",
            "first_name": "Areeb",
            "real_name": "Areeb Mianoor",
            "display_name": "",
            "team": "TJE58GTJL",
            "name": "areebilyasmianoor",
            "is_restricted": false,
            "is_ultra_restricted": false
        },
        "blocks": [
            {
                "type": "rich_text",
                "block_id": "QCtX",
                "elements": [
                    {
                        "type": "rich_text_section",
                        "elements": [
                            {
                                "type": "link",
                                "url": "https:\/\/airtable.com\/shrCQ7iEeRw2sTbFk",
                                "text": "https:\/\/airtable.com\/shrCQ7iEeRw2sTbFk"
                            },
                            {
                                "type": "text",
                                "text": "\n\nFor FREELANCERS and anyone looking to build skills via doing projects! We have specific paid projects for product management, digital marketing, and design with leading YC Startups, Techstars cohortees, and UofT Entrepreneurship Network companies, and more! \n\nGuys please help fill this out and share it with others who you think would benefit by using short term projects to learn and grow their skillset and become recruitment ready! Thanks"
                            }
                        ]
                    }
                ]
            }
        ]
    },
    {
        "type": "message",
        "subtype": "slackbot_response",
        "text": "Hello! Not all of our members are guys. In an effort to be more conscious of the language we use to address each other, why not try “Hey, folks,” or “Hey everyone” instead?",
        "user": "USLACKBOT",
        "ts": "1640198238.037100"
    },
    {
        "client_msg_id": "5528c681-5cc9-4ba4-bfea-099f4c8ef827",
        "type": "message",
        "text": "If your client has an Upwork account, a direct contract can be created and your client can receive payments on Upwork. The charges are lower - 3.4% I think. You don't have to open an Upwork account to connect through direct contracts. On the backend, my Upwork is linked to my local bank account and I transfer the funds directly to it. Some people also link their payoneer accounts. But with how finicky global payments have been lately, this has been the best bet. There's also crypto payments if it's accepted in their country.",
        "user": "U02PA451C3B",
        "ts": "1640198626.037300",
        "team": "TJE58GTJL",
        "user_team": "TJE58GTJL",
        "source_team": "TJE58GTJL",
        "user_profile": {
            "avatar_hash": "b537e61283c9",
            "image_72": "https:\/\/avatars.slack-edge.com\/2021-11-29\/2764910798855_b537e61283c91a8b8471_72.jpg",
            "first_name": "Keli",
            "real_name": "Keli Oliseh",
            "display_name": "Keli",
            "team": "TJE58GTJL",
            "name": "olisehkeli",
            "is_restricted": false,
            "is_ultra_restricted": false
        },
        "blocks": [
            {
                "type": "rich_text",
                "block_id": "iiY",
                "elements": [
                    {
                        "type": "rich_text_section",
                        "elements": [
                            {
                                "type": "text",
                                "text": "If your client has an Upwork account, a direct contract can be created and your client can receive payments on Upwork. The charges are lower - 3.4% I think. You don't have to open an Upwork account to connect through direct contracts. On the backend, my Upwork is linked to my local bank account and I transfer the funds directly to it. Some people also link their payoneer accounts. But with how finicky global payments have been lately, this has been the best bet. There's also crypto payments if it's accepted in their country."
                            }
                        ]
                    }
                ]
            }
        ],
        "thread_ts": "1640176646.027700",
        "parent_user_id": "UJ4A0H534"
    },
    {
        "client_msg_id": "9eea2db6-5147-49eb-a991-ef099b80a5c1",
        "type": "message",
        "text": "Agreed. I worked at a non-profit and all of our content was made in-house or by volunteers. If you're really passionate about it, it's better to work directly for a non-profit rather than freelance :slightly_smiling_face:",
        "user": "UUH2ESL66",
        "ts": "1640199687.037500",
        "team": "TJE58GTJL",
        "user_team": "TJE58GTJL",
        "source_team": "TJE58GTJL",
        "user_profile": {
            "avatar_hash": "258edf4c5252",
            "image_72": "https:\/\/avatars.slack-edge.com\/2020-03-05\/984845117296_258edf4c525224d42bff_72.jpg",
            "first_name": "Eric",
            "real_name": "Eric Doty",
            "display_name": "",
            "team": "TJE58GTJL",
            "name": "eric.doty3",
            "is_restricted": false,
            "is_ultra_restricted": false
        },
        "blocks": [
            {
                "type": "rich_text",
                "block_id": "oNw",
                "elements": [
                    {
                        "type": "rich_text_section",
                        "elements": [
                            {
                                "type": "text",
                                "text": "Agreed. I worked at a non-profit and all of our content was made in-house or by volunteers. If you're really passionate about it, it's better to work directly for a non-profit rather than freelance "
                            },
                            {
                                "type": "emoji",
                                "name": "slightly_smiling_face"
                            }
                        ]
                    }
                ]
            }
        ],
        "thread_ts": "1640197194.036000",
        "parent_user_id": "U02RGUD9C6S"
    },
    {
        "client_msg_id": "1429eb0a-44d0-4532-a926-5ba557ee146c",
        "type": "message",
        "text": "Or freelance for another niche on the side to pay the billzzz",
        "user": "UUH2ESL66",
        "ts": "1640199736.037700",
        "team": "TJE58GTJL",
        "user_team": "TJE58GTJL",
        "source_team": "TJE58GTJL",
        "user_profile": {
            "avatar_hash": "258edf4c5252",
            "image_72": "https:\/\/avatars.slack-edge.com\/2020-03-05\/984845117296_258edf4c525224d42bff_72.jpg",
            "first_name": "Eric",
            "real_name": "Eric Doty",
            "display_name": "",
            "team": "TJE58GTJL",
            "name": "eric.doty3",
            "is_restricted": false,
            "is_ultra_restricted": false
        },
        "blocks": [
            {
                "type": "rich_text",
                "block_id": "w4enX",
                "elements": [
                    {
                        "type": "rich_text_section",
                        "elements": [
                            {
                                "type": "text",
                                "text": "Or freelance for another niche on the side to pay the billzzz"
                            }
                        ]
                    }
                ]
            }
        ],
        "thread_ts": "1640197194.036000",
        "parent_user_id": "U02RGUD9C6S",
        "reactions": [
            {
                "name": "raised_hands",
                "users": [
                    "U02RGUD9C6S"
                ],
                "count": 1
            }
        ]
    },
    {
        "client_msg_id": "3b817488-212e-44bd-a74d-eff5ecb1ac58",
        "type": "message",
        "text": "Hello Superpathians:smile:\nI am writing a piece on Adults with ADHD. And I want to hear from creatives how you navigate life and career with ADHD.\n\nPlease reply to this comment or DM with a tip or two that helps you stay productive. \nAlso, please feel free to recommend any tool that has made life easier.\n\nThanks!\nIsioma",
        "user": "U02REG4FP43",
        "ts": "1640200301.039900",
        "team": "TJE58GTJL",
        "user_team": "TJE58GTJL",
        "source_team": "TJE58GTJL",
        "user_profile": {
            "avatar_hash": "0bee41f52079",
            "image_72": "https:\/\/avatars.slack-edge.com\/2022-04-29\/3464450038996_0bee41f520791285e3c0_72.jpg",
            "first_name": "Isioma",
            "real_name": "Isioma Ogwuda",
            "display_name": "Isioma Ogwuda",
            "team": "TJE58GTJL",
            "name": "docontentright",
            "is_restricted": false,
            "is_ultra_restricted": false
        },
        "blocks": [
            {
                "type": "rich_text",
                "block_id": "TQf",
                "elements": [
                    {
                        "type": "rich_text_section",
                        "elements": [
                            {
                                "type": "text",
                                "text": "Hello Superpathians"
                            },
                            {
                                "type": "emoji",
                                "name": "smile"
                            },
                            {
                                "type": "text",
                                "text": "\nI am writing a piece on Adults with ADHD. And I want to hear from creatives how you navigate life and career with ADHD.\n\nPlease reply to this comment or DM with a tip or two that helps you stay productive. \nAlso, please feel free to recommend any tool that has made life easier.\n\nThanks!\nIsioma"
                            }
                        ]
                    }
                ]
            }
        ],
        "thread_ts": "1640200301.039900",
        "reply_count": 6,
        "reply_users_count": 5,
        "latest_reply": "1640265343.042200",
        "reply_users": [
            "U02484YFJ10",
            "U02REG4FP43",
            "U02B60S6FBM",
            "U01SP0Z5D33",
            "UJE6FLEFJ"
        ],
        "replies": [
            {
                "user": "U02484YFJ10",
                "ts": "1640205811.040300"
            },
            {
                "user": "U02REG4FP43",
                "ts": "1640206003.041000"
            },
            {
                "user": "U02B60S6FBM",
                "ts": "1640206941.041200"
            },
            {
                "user": "U01SP0Z5D33",
                "ts": "1640222134.041600"
            },
            {
                "user": "UJE6FLEFJ",
                "ts": "1640244481.041900"
            },
            {
                "user": "U02REG4FP43",
                "ts": "1640265343.042200"
            }
        ],
        "is_locked": false,
        "subscribed": false
    },
    {
        "client_msg_id": "51a8dcd9-927a-46c0-b28b-82b1265afe4d",
        "type": "message",
        "text": "Mirroring is very effective for me. If people around me are working, I'm more likely work. Sometimes this means going to a library or coffee shop, but most often I use \"study with me\" videos on YouTube, most of which use the pomdoro method. Once I figured this out I felt much better about working.",
        "user": "U02484YFJ10",
        "ts": "1640205811.040300",
        "team": "TJE58GTJL",
        "user_team": "TJE58GTJL",
        "source_team": "TJE58GTJL",
        "user_profile": {
            "avatar_hash": "f64824f08f96",
            "image_72": "https:\/\/avatars.slack-edge.com\/2021-06-07\/2144596734819_f64824f08f96e0c3a7b5_72.jpg",
            "first_name": "CJ",
            "real_name": "CJ Casper",
            "display_name": "CJ Casper",
            "team": "TJE58GTJL",
            "name": "carlycasper",
            "is_restricted": false,
            "is_ultra_restricted": false
        },
        "blocks": [
            {
                "type": "rich_text",
                "block_id": "FvS",
                "elements": [
                    {
                        "type": "rich_text_section",
                        "elements": [
                            {
                                "type": "text",
                                "text": "Mirroring is very effective for me. If people around me are working, I'm more likely work. Sometimes this means going to a library or coffee shop, but most often I use \"study with me\" videos on YouTube, most of which use the pomdoro method. Once I figured this out I felt much better about working."
                            }
                        ]
                    }
                ]
            }
        ],
        "thread_ts": "1640200301.039900",
        "parent_user_id": "U02REG4FP43",
        "reactions": [
            {
                "name": "heart",
                "users": [
                    "U02REG4FP43"
                ],
                "count": 1
            }
        ]
    },
    {
        "client_msg_id": "63a76440-7692-490b-83d4-de1539d539d9",
        "type": "message",
        "text": "Thank you <@U02484YFJ10>  \nMirroring is so me. I get more done when I leave my house and go to a hot desk.",
        "user": "U02REG4FP43",
        "ts": "1640206003.041000",
        "team": "TJE58GTJL",
        "user_team": "TJE58GTJL",
        "source_team": "TJE58GTJL",
        "user_profile": {
            "avatar_hash": "0bee41f52079",
            "image_72": "https:\/\/avatars.slack-edge.com\/2022-04-29\/3464450038996_0bee41f520791285e3c0_72.jpg",
            "first_name": "Isioma",
            "real_name": "Isioma Ogwuda",
            "display_name": "Isioma Ogwuda",
            "team": "TJE58GTJL",
            "name": "docontentright",
            "is_restricted": false,
            "is_ultra_restricted": false
        },
        "blocks": [
            {
                "type": "rich_text",
                "block_id": "NUE",
                "elements": [
                    {
                        "type": "rich_text_section",
                        "elements": [
                            {
                                "type": "text",
                                "text": "Thank you "
                            },
                            {
                                "type": "user",
                                "user_id": "U02484YFJ10"
                            },
                            {
                                "type": "text",
                                "text": "  \nMirroring is so me. I get more done when I leave my house and go to a hot desk."
                            }
                        ]
                    }
                ]
            }
        ],
        "thread_ts": "1640200301.039900",
        "parent_user_id": "U02REG4FP43"
    },
    {
        "client_msg_id": "3efc5d9a-1272-4b07-bf17-4b0fb17c07cf",
        "type": "message",
        "text": "Managing ADHD isn't easy. One thing I'm learning to do is to stop beating myself up. There are days when I can't easily grasp things, or concentrate easily. There are days  or even weeks where I feel :100: overwhelmed.\n\nI've come to learn that ADHD doesn't define me. :woman-shrugging::skin-tone-5: It's only a facet of my personality\/behaviours. So, on days where I catch myself slipping or blaming myself, I take action. Setting small goals works for me too. I also treat myself to some creative reboot. :sunflower::grin:",
        "user": "U02B60S6FBM",
        "ts": "1640206941.041200",
        "team": "TJE58GTJL",
        "user_team": "TJE58GTJL",
        "source_team": "TJE58GTJL",
        "user_profile": {
            "avatar_hash": "2f1e23ef404a",
            "image_72": "https:\/\/avatars.slack-edge.com\/2021-08-13\/2376884926485_2f1e23ef404a0d536b39_72.jpg",
            "first_name": "Wuraola",
            "real_name": "Wuraola",
            "display_name": "Wuraola",
            "team": "TJE58GTJL",
            "name": "omobolanleshanu",
            "is_restricted": false,
            "is_ultra_restricted": false
        },
        "blocks": [
            {
                "type": "rich_text",
                "block_id": "ccgPu",
                "elements": [
                    {
                        "type": "rich_text_section",
                        "elements": [
                            {
                                "type": "text",
                                "text": "Managing ADHD isn't easy. One thing I'm learning to do is to stop beating myself up. There are days when I can't easily grasp things, or concentrate easily. There are days  or even weeks where I feel "
                            },
                            {
                                "type": "emoji",
                                "name": "100"
                            },
                            {
                                "type": "text",
                                "text": " overwhelmed.\n\nI've come to learn that ADHD doesn't define me. "
                            },
                            {
                                "type": "emoji",
                                "name": "woman-shrugging",
                                "skin_tone": 5
                            },
                            {
                                "type": "text",
                                "text": " It's only a facet of my personality\/behaviours. So, on days where I catch myself slipping or blaming myself, I take action. Setting small goals works for me too. I also treat myself to some creative reboot. "
                            },
                            {
                                "type": "emoji",
                                "name": "sunflower"
                            },
                            {
                                "type": "emoji",
                                "name": "grin"
                            }
                        ]
                    }
                ]
            }
        ],
        "thread_ts": "1640200301.039900",
        "parent_user_id": "U02REG4FP43",
        "reactions": [
            {
                "name": "heart",
                "users": [
                    "U02REG4FP43"
                ],
                "count": 1
            }
        ]
    },
    {
        "client_msg_id": "8b073612-d359-4812-a6fc-eec15e77a0db",
        "type": "message",
        "text": "I have found instrumental music like Binaural Beats on YouTube are helpful for focusing.",
        "user": "U01SP0Z5D33",
        "ts": "1640222134.041600",
        "team": "TJE58GTJL",
        "user_team": "TJE58GTJL",
        "source_team": "TJE58GTJL",
        "user_profile": {
            "avatar_hash": "828b75c9a94f",
            "image_72": "https:\/\/avatars.slack-edge.com\/2021-12-13\/2836757982275_828b75c9a94f85c85f9a_72.jpg",
            "first_name": "Mark",
            "real_name": "Mark Burdon",
            "display_name": "Mark Burdon",
            "team": "TJE58GTJL",
            "name": "mburdon",
            "is_restricted": false,
            "is_ultra_restricted": false
        },
        "blocks": [
            {
                "type": "rich_text",
                "block_id": "XJP",
                "elements": [
                    {
                        "type": "rich_text_section",
                        "elements": [
                            {
                                "type": "text",
                                "text": "I have found instrumental music like Binaural Beats on YouTube are helpful for focusing."
                            }
                        ]
                    }
                ]
            }
        ],
        "thread_ts": "1640200301.039900",
        "parent_user_id": "U02REG4FP43",
        "reactions": [
            {
                "name": "heart",
                "users": [
                    "U02REG4FP43"
                ],
                "count": 1
            }
        ]
    },
    {
        "client_msg_id": "906f3b4b-75ee-488c-9be5-77e8dd048324",
        "type": "message",
        "text": "Focusing on energy management over time management for me has been key, especially since I also have autism and some chronic illnesses. I also have <https:\/\/workbrighter.co\/blog\/|a blog and community> about productivity for \"misfit brains\" (ADHD included) with a bunch of resources and tools!",
        "user": "UJE6FLEFJ",
        "ts": "1640244481.041900",
        "team": "TJE58GTJL",
        "user_team": "TJE58GTJL",
        "source_team": "TJE58GTJL",
        "user_profile": {
            "avatar_hash": "gc6ef52e2245",
            "image_72": "https:\/\/secure.gravatar.com\/avatar\/05c6ef52e2245358c2ae0b9a02308b7f.jpg?s=72&d=https%3A%2F%2Fa.slack-edge.com%2Fdf10d%2Fimg%2Favatars%2Fava_0007-72.png",
            "first_name": "",
            "real_name": "Brittany Berger",
            "display_name": "Brittany Berger",
            "team": "TJE58GTJL",
            "name": "brittany",
            "is_restricted": false,
            "is_ultra_restricted": false
        },
        "blocks": [
            {
                "type": "rich_text",
                "block_id": "XIy4x",
                "elements": [
                    {
                        "type": "rich_text_section",
                        "elements": [
                            {
                                "type": "text",
                                "text": "Focusing on energy management over time management for me has been key, especially since I also have autism and some chronic illnesses. I also have "
                            },
                            {
                                "type": "link",
                                "url": "https:\/\/workbrighter.co\/blog\/",
                                "text": "a blog and community"
                            },
                            {
                                "type": "text",
                                "text": " about productivity for \"misfit brains\" (ADHD included) with a bunch of resources and tools!"
                            }
                        ]
                    }
                ]
            }
        ],
        "thread_ts": "1640200301.039900",
        "parent_user_id": "U02REG4FP43",
        "reactions": [
            {
                "name": "heart",
                "users": [
                    "U02REG4FP43"
                ],
                "count": 1
            }
        ]
    }
]