[
    {
        "client_msg_id": "cc0956af-45f1-4e81-a893-6058527b1480",
        "type": "message",
        "text": "<https:\/\/www.hellobonsai.com\/> Has some neat tools in the premium tier that allows you to manage subcontractors. I _think_ it works well in all major currencies, but that may need some double checking.\n\nIts claim to fame is having built in contracts, but it's also a pretty solid freelance management suite, and the subcontracting bit basically allows you to use it in reverse (would give your doctors a UI to bill you, etc)\n\nHowever I know that many doctors (at least in North America) are remiss to use yet another tech platform... so YMMV :wink:",
        "user": "U01AHL8AGBB",
        "ts": "1630504711.065900",
        "team": "TJE58GTJL",
        "user_team": "TJE58GTJL",
        "source_team": "TJE58GTJL",
        "user_profile": {
            "avatar_hash": "09eb34255d46",
            "image_72": "https:\/\/avatars.slack-edge.com\/2020-09-07\/1347887170866_09eb34255d4678a00ddc_72.png",
            "first_name": "Jordy",
            "real_name": "Jordy Fujiwara",
            "display_name": "Jordy",
            "team": "TJE58GTJL",
            "name": "jordy.fujiwara",
            "is_restricted": false,
            "is_ultra_restricted": false
        },
        "edited": {
            "user": "U01AHL8AGBB",
            "ts": "1630504917.000000"
        },
        "attachments": [
            {
                "title": "The #1 Freelance Product Suite - Bonsai",
                "title_link": "https:\/\/www.hellobonsai.com\/",
                "text": "Bulletproof contracts, e-signing, proposals &amp; invoicing software used by 200,000+ top freelancers. Get peace of mind &amp; focus on your work.",
                "fallback": "The #1 Freelance Product Suite - Bonsai",
                "image_url": "https:\/\/global-uploads.webflow.com\/58868bcd2ef4daaf0f072900\/58b77d8edc6eb48b01777146_slack-imgs.png",
                "from_url": "https:\/\/www.hellobonsai.com\/",
                "image_width": 476,
                "image_height": 250,
                "image_bytes": 154286,
                "service_name": "hellobonsai.com",
                "id": 1,
                "original_url": "https:\/\/www.hellobonsai.com\/"
            }
        ],
        "blocks": [
            {
                "type": "rich_text",
                "block_id": "p\/A",
                "elements": [
                    {
                        "type": "rich_text_section",
                        "elements": [
                            {
                                "type": "link",
                                "url": "https:\/\/www.hellobonsai.com\/"
                            },
                            {
                                "type": "text",
                                "text": " Has some neat tools in the premium tier that allows you to manage subcontractors. I "
                            },
                            {
                                "type": "text",
                                "text": "think",
                                "style": {
                                    "italic": true
                                }
                            },
                            {
                                "type": "text",
                                "text": " it works well in all major currencies, but that may need some double checking.\n\nIts claim to fame is having built in contracts, but it's also a pretty solid freelance management suite, and the subcontracting bit basically allows you to use it in reverse (would give your doctors a UI to bill you, etc)\n\nHowever I know that many doctors (at least in North America) are remiss to use yet another tech platform... so YMMV "
                            },
                            {
                                "type": "emoji",
                                "name": "wink"
                            }
                        ]
                    }
                ]
            }
        ],
        "thread_ts": "1630451158.065000",
        "parent_user_id": "U02C68DM1K4"
    },
    {
        "client_msg_id": "ebd1ac03-ba48-47c9-b569-3b44a98f2565",
        "type": "message",
        "text": "I'm doing the free trial right now. I've definitely heard of it but your post helped incentivize me to actually do it :slightly_smiling_face:",
        "user": "U027Z9V7EMP",
        "ts": "1630504814.066200",
        "team": "TJE58GTJL",
        "user_team": "TJE58GTJL",
        "source_team": "TJE58GTJL",
        "user_profile": {
            "avatar_hash": "d7a71352fc43",
            "image_72": "https:\/\/avatars.slack-edge.com\/2021-07-09\/2271524179489_d7a71352fc4349be6ad4_72.jpg",
            "first_name": "",
            "real_name": "Suman Sridhar",
            "display_name": "Suman Sridhar",
            "team": "TJE58GTJL",
            "name": "suman.email.inbox",
            "is_restricted": false,
            "is_ultra_restricted": false
        },
        "blocks": [
            {
                "type": "rich_text",
                "block_id": "Qu1",
                "elements": [
                    {
                        "type": "rich_text_section",
                        "elements": [
                            {
                                "type": "text",
                                "text": "I'm doing the free trial right now. I've definitely heard of it but your post helped incentivize me to actually do it "
                            },
                            {
                                "type": "emoji",
                                "name": "slightly_smiling_face"
                            }
                        ]
                    }
                ]
            }
        ],
        "thread_ts": "1630375600.055600",
        "parent_user_id": "U02AR2XSN1M",
        "reactions": [
            {
                "name": "+1",
                "users": [
                    "U02AR2XSN1M"
                ],
                "count": 1
            }
        ]
    },
    {
        "client_msg_id": "f14816db-246f-4b7b-a57a-6119186b7258",
        "type": "message",
        "text": "Hello everyone,\n\nI am a content marketer and take a couple of content writing projects every month.\n\nHere are the articles that I have written. <https:\/\/docs.google.com\/document\/d\/1ttzAI51-biEGgCSudmuJCIqibyb9oPZrBOjED1LbxJM\/edit#heading=h.eb5rz0kkksh0|Link>\n\nIf you have any gigs for me, please DM :slightly_smiling_face:",
        "user": "U01J3L8CJRL",
        "ts": "1630513057.070400",
        "team": "TJE58GTJL",
        "user_team": "TJE58GTJL",
        "source_team": "TJE58GTJL",
        "user_profile": {
            "avatar_hash": "12550f10b66e",
            "image_72": "https:\/\/avatars.slack-edge.com\/2021-10-14\/2588602098551_12550f10b66e24ed3adb_72.png",
            "first_name": "Saurabh",
            "real_name": "Saurabh",
            "display_name": "Saurabh",
            "team": "TJE58GTJL",
            "name": "saurabh.content.saas",
            "is_restricted": false,
            "is_ultra_restricted": false
        },
        "blocks": [
            {
                "type": "rich_text",
                "block_id": "F+Sq\/",
                "elements": [
                    {
                        "type": "rich_text_section",
                        "elements": [
                            {
                                "type": "text",
                                "text": "Hello everyone,\n\nI am a content marketer and take a couple of content writing projects every month.\n\nHere are the articles that I have written. "
                            },
                            {
                                "type": "link",
                                "url": "https:\/\/docs.google.com\/document\/d\/1ttzAI51-biEGgCSudmuJCIqibyb9oPZrBOjED1LbxJM\/edit#heading=h.eb5rz0kkksh0",
                                "text": "Link"
                            },
                            {
                                "type": "text",
                                "text": "\n\nIf you have any gigs for me, please DM "
                            },
                            {
                                "type": "emoji",
                                "name": "slightly_smiling_face"
                            }
                        ]
                    }
                ]
            }
        ],
        "reactions": [
            {
                "name": "raised_hands",
                "users": [
                    "U02BVDHA5TJ",
                    "U0195U3C7QC"
                ],
                "count": 2
            }
        ]
    },
    {
        "client_msg_id": "07d5b84a-30db-44fd-a4b4-173cad6189bf",
        "type": "message",
        "text": "<@U011QQDDSJV> Ohhh look...I get to bug you on Superpath now!! Also, hard pass on coding bootcamp. I'm still having nightmares about Java\/Core Java FAQs.",
        "user": "U02CVNB3X1T",
        "ts": "1630522531.070600",
        "team": "TJE58GTJL",
        "user_team": "TJE58GTJL",
        "source_team": "TJE58GTJL",
        "user_profile": {
            "avatar_hash": "a98cd79fc67b",
            "image_72": "https:\/\/avatars.slack-edge.com\/2021-12-28\/2891088304196_a98cd79fc67b29986082_72.png",
            "first_name": "Julie",
            "real_name": "Julie Simpson",
            "display_name": "Julie Simpson",
            "team": "TJE58GTJL",
            "name": "jujuklu",
            "is_restricted": false,
            "is_ultra_restricted": false
        },
        "edited": {
            "user": "U02CVNB3X1T",
            "ts": "1630522575.000000"
        },
        "blocks": [
            {
                "type": "rich_text",
                "block_id": "TnTi2",
                "elements": [
                    {
                        "type": "rich_text_section",
                        "elements": [
                            {
                                "type": "user",
                                "user_id": "U011QQDDSJV"
                            },
                            {
                                "type": "text",
                                "text": " Ohhh look...I get to bug you on Superpath now!! Also, hard pass on coding bootcamp. I'm still having nightmares about Java\/Core Java FAQs."
                            }
                        ]
                    }
                ]
            }
        ],
        "thread_ts": "1629735100.111900",
        "parent_user_id": "U011QQDDSJV",
        "reactions": [
            {
                "name": "rolling_on_the_floor_laughing",
                "users": [
                    "U011QQDDSJV"
                ],
                "count": 1
            }
        ]
    },
    {
        "client_msg_id": "e5cedd80-e703-4f55-b0bd-f77681b12996",
        "type": "message",
        "text": "Oh yes... Coding can definitely be a monster <@U02CVNB3X1T>",
        "user": "U028D815JA0",
        "ts": "1630522589.071000",
        "team": "TJE58GTJL",
        "user_team": "TJE58GTJL",
        "source_team": "TJE58GTJL",
        "user_profile": {
            "avatar_hash": "7e2cf488ec83",
            "image_72": "https:\/\/avatars.slack-edge.com\/2021-11-09\/2701205349650_7e2cf488ec8355d9ecca_72.jpg",
            "first_name": "althea",
            "real_name": "althea storm",
            "display_name": "althea storm",
            "team": "TJE58GTJL",
            "name": "altheanymphcstorm",
            "is_restricted": false,
            "is_ultra_restricted": false
        },
        "edited": {
            "user": "U028D815JA0",
            "ts": "1630522603.000000"
        },
        "blocks": [
            {
                "type": "rich_text",
                "block_id": "Cupf",
                "elements": [
                    {
                        "type": "rich_text_section",
                        "elements": [
                            {
                                "type": "text",
                                "text": "Oh yes... Coding can definitely be a monster "
                            },
                            {
                                "type": "user",
                                "user_id": "U02CVNB3X1T"
                            }
                        ]
                    }
                ]
            }
        ],
        "thread_ts": "1629735100.111900",
        "parent_user_id": "U011QQDDSJV"
    }
]