[
    {
        "client_msg_id": "54e40c73-1c4b-4a0a-b779-0109b8c8c4d8",
        "type": "message",
        "text": "Hey everyone, we are a B2B marketing agency based in Germany and are searching for freelance SEO strategists who can also act as project managers. We largely focus on SEO but our projects can involve other elements of marketing. If you managed a team before, are used to developing and implementing SEO strategies for complex B2B products and services, and would enjoy a long term collaboration with a client-facing role, please email <mailto:info@asmarketingagency.com|info@asmarketingagency.com> with a summary of your experience and hourly rate. :blush:",
        "user": "U0241JR2TS7",
        "ts": "1630686369.096700",
        "team": "TJE58GTJL",
        "user_team": "TJE58GTJL",
        "source_team": "TJE58GTJL",
        "user_profile": {
            "avatar_hash": "g7e322d10614",
            "image_72": "https:\/\/secure.gravatar.com\/avatar\/7e322d10614f437f26c170fa3be74057.jpg?s=72&d=https%3A%2F%2Fa.slack-edge.com%2Fdf10d%2Fimg%2Favatars%2Fava_0014-72.png",
            "first_name": "",
            "real_name": "Adriana Stein",
            "display_name": "",
            "team": "TJE58GTJL",
            "name": "info317",
            "is_restricted": false,
            "is_ultra_restricted": false
        },
        "edited": {
            "user": "U0241JR2TS7",
            "ts": "1630686494.000000"
        },
        "blocks": [
            {
                "type": "rich_text",
                "block_id": "k5W",
                "elements": [
                    {
                        "type": "rich_text_section",
                        "elements": [
                            {
                                "type": "text",
                                "text": "Hey everyone, we are a B2B marketing agency based in Germany and are searching for freelance SEO strategists who can also act as project managers. We largely focus on SEO but our projects can involve other elements of marketing. If you managed a team before, are used to developing and implementing SEO strategies for complex B2B products and services, and would enjoy a long term collaboration with a client-facing role, please email "
                            },
                            {
                                "type": "link",
                                "url": "mailto:info@asmarketingagency.com",
                                "text": "info@asmarketingagency.com"
                            },
                            {
                                "type": "text",
                                "text": " with a summary of your experience and hourly rate. "
                            },
                            {
                                "type": "emoji",
                                "name": "blush"
                            }
                        ]
                    }
                ]
            }
        ],
        "thread_ts": "1630686369.096700",
        "reply_count": 5,
        "reply_users_count": 5,
        "latest_reply": "1631186761.145300",
        "reply_users": [
            "U028D815JA0",
            "U01B8FNUWRK",
            "U01KT0GGM0S",
            "U0241JR2TS7",
            "U02CRLX23J9"
        ],
        "replies": [
            {
                "user": "U028D815JA0",
                "ts": "1630704112.101700"
            },
            {
                "user": "U01B8FNUWRK",
                "ts": "1630746172.102800"
            },
            {
                "user": "U01KT0GGM0S",
                "ts": "1630924539.106300"
            },
            {
                "user": "U0241JR2TS7",
                "ts": "1630925162.106700"
            },
            {
                "user": "U02CRLX23J9",
                "ts": "1631186761.145300"
            }
        ],
        "is_locked": false,
        "subscribed": false
    },
    {
        "client_msg_id": "84ACD1C6-131E-446F-B90F-52EEBE8DD266",
        "type": "message",
        "text": "Ed Gandia has a great podcast ",
        "user": "U02DALQQHE0",
        "ts": "1630686941.097500",
        "team": "TJE58GTJL",
        "user_team": "TJE58GTJL",
        "source_team": "TJE58GTJL",
        "user_profile": {
            "avatar_hash": "f7e9bae3e8aa",
            "image_72": "https:\/\/avatars.slack-edge.com\/2021-09-01\/2446629739954_f7e9bae3e8aa3cc81333_72.png",
            "first_name": "Julia",
            "real_name": "Julia H Good",
            "display_name": "Julia Good",
            "team": "TJE58GTJL",
            "name": "jhgood",
            "is_restricted": false,
            "is_ultra_restricted": false
        },
        "edited": {
            "user": "U02DALQQHE0",
            "ts": "1630686970.000000"
        },
        "blocks": [
            {
                "type": "rich_text",
                "block_id": "qraYj",
                "elements": [
                    {
                        "type": "rich_text_section",
                        "elements": [
                            {
                                "type": "text",
                                "text": "Ed Gandia has a great podcast "
                            }
                        ]
                    }
                ]
            }
        ],
        "thread_ts": "1629855454.135100",
        "parent_user_id": "U02AR2XSN1M"
    },
    {
        "client_msg_id": "2b27efef-bf40-46a1-939b-fab35b4cb304",
        "type": "message",
        "text": "<@U01KT0GGM0S> Hi Begüm! Do you think this is a fit for you?",
        "user": "U028D815JA0",
        "ts": "1630704112.101700",
        "team": "TJE58GTJL",
        "user_team": "TJE58GTJL",
        "source_team": "TJE58GTJL",
        "user_profile": {
            "avatar_hash": "7e2cf488ec83",
            "image_72": "https:\/\/avatars.slack-edge.com\/2021-11-09\/2701205349650_7e2cf488ec8355d9ecca_72.jpg",
            "first_name": "althea",
            "real_name": "althea storm",
            "display_name": "althea storm",
            "team": "TJE58GTJL",
            "name": "altheanymphcstorm",
            "is_restricted": false,
            "is_ultra_restricted": false
        },
        "blocks": [
            {
                "type": "rich_text",
                "block_id": "vAGvj",
                "elements": [
                    {
                        "type": "rich_text_section",
                        "elements": [
                            {
                                "type": "user",
                                "user_id": "U01KT0GGM0S"
                            },
                            {
                                "type": "text",
                                "text": " Hi Begüm! Do you think this is a fit for you?"
                            }
                        ]
                    }
                ]
            }
        ],
        "thread_ts": "1630686369.096700",
        "parent_user_id": "U0241JR2TS7"
    },
    {
        "type": "message",
        "subtype": "channel_join",
        "ts": "1630704119.102000",
        "user": "U01KT0GGM0S",
        "text": "<@U01KT0GGM0S> has joined the channel",
        "inviter": "U028D815JA0"
    }
]