[
    {
        "client_msg_id": "c87be59e-4ed1-40a8-ad74-0284f226a7b4",
        "type": "message",
        "text": "Hey hey! :wave::skin-tone-5: I’m putting the finishing touches on a few new digital offers designed to alleviate and eliminate many of the pain points that freelancers, creatives, and consultants experience when communicating with current and potential clients, using social media, and creating service packages.\n\nBut before I launch these offers, I want to make sure that they really hit the mark for the folks I’m serving.\n\nIf you could take a few minutes to answer the questions below, I’d super appreciate it. Should take about 5 mins, tops!\n\n<https:\/\/forms.gle\/uwMzoFTKNBskEwNQ7>",
        "user": "U0236PYP3SR",
        "ts": "1625582589.241000",
        "team": "TJE58GTJL",
        "user_team": "TJE58GTJL",
        "source_team": "TJE58GTJL",
        "user_profile": {
            "avatar_hash": "151ef26d495d",
            "image_72": "https:\/\/avatars.slack-edge.com\/2021-05-27\/2105651351574_151ef26d495d8461f6e5_72.jpg",
            "first_name": "Jasmine",
            "real_name": "Jasmine Williams",
            "display_name": "Jasmine Williams",
            "team": "TJE58GTJL",
            "name": "hello426",
            "is_restricted": false,
            "is_ultra_restricted": false
        },
        "attachments": [
            {
                "service_name": "Google Docs",
                "title": "Freelancer Market Research Survey",
                "title_link": "https:\/\/forms.gle\/uwMzoFTKNBskEwNQ7",
                "text": "Hi there! Jasmine here. I’m putting the finishing touches on a few new digital offers designed to alleviate and eliminate many of the pain points that freelancers, creatives, and consultants experience when communicating with current and potential clients, using social media, and creating service packages. But before I launch these offers, I want to make sure that they really hit the mark for the folks I'm serving. If you could take a few minutes to answer the questions below, I'd super appreciate it!",
                "fallback": "Google Docs: Freelancer Market Research Survey",
                "image_url": "https:\/\/lh6.googleusercontent.com\/QGX9IqcI_EVJBMN1XuBPfgOKyEwFe4ppeAVph7OHEn5LxwMMG31-kfzk6LQkwLSMJrDXH52zF1Q",
                "image_width": 333,
                "image_height": 250,
                "from_url": "https:\/\/forms.gle\/uwMzoFTKNBskEwNQ7",
                "image_bytes": 91288,
                "service_icon": "http:\/\/ssl.gstatic.com\/docs\/forms\/device_home\/ios_120.png",
                "id": 1,
                "original_url": "https:\/\/forms.gle\/uwMzoFTKNBskEwNQ7"
            }
        ],
        "blocks": [
            {
                "type": "rich_text",
                "block_id": "xyu0H",
                "elements": [
                    {
                        "type": "rich_text_section",
                        "elements": [
                            {
                                "type": "text",
                                "text": "Hey hey! "
                            },
                            {
                                "type": "emoji",
                                "name": "wave",
                                "skin_tone": 5
                            },
                            {
                                "type": "text",
                                "text": " I’m putting the finishing touches on a few new digital offers designed to alleviate and eliminate many of the pain points that freelancers, creatives, and consultants experience when communicating with current and potential clients, using social media, and creating service packages.\n\nBut before I launch these offers, I want to make sure that they really hit the mark for the folks I’m serving.\n\nIf you could take a few minutes to answer the questions below, I’d super appreciate it. Should take about 5 mins, tops!\n\n"
                            },
                            {
                                "type": "link",
                                "url": "https:\/\/forms.gle\/uwMzoFTKNBskEwNQ7"
                            }
                        ]
                    }
                ]
            }
        ],
        "thread_ts": "1625582589.241000",
        "reply_count": 4,
        "reply_users_count": 3,
        "latest_reply": "1625585730.242100",
        "reply_users": [
            "U0231C2LYNM",
            "U0236PYP3SR",
            "U01AHL8AGBB"
        ],
        "replies": [
            {
                "user": "U0231C2LYNM",
                "ts": "1625582830.241200"
            },
            {
                "user": "U0236PYP3SR",
                "ts": "1625583855.241500"
            },
            {
                "user": "U0231C2LYNM",
                "ts": "1625585047.241900"
            },
            {
                "user": "U01AHL8AGBB",
                "ts": "1625585730.242100"
            }
        ],
        "is_locked": false,
        "subscribed": false,
        "reactions": [
            {
                "name": "+1",
                "users": [
                    "U025X4V6WQ6"
                ],
                "count": 1
            }
        ]
    },
    {
        "client_msg_id": "830ceed2-8233-4e2c-835c-ad979cae0bfc",
        "type": "message",
        "text": "ooh I love a survey. One quick question - when you ask ‘how long have you been doing this work’ — do you mean, how long have I been doing it *freelance*, or just how long in general? :slightly_smiling_face: <@U0236PYP3SR>",
        "user": "U0231C2LYNM",
        "ts": "1625582830.241200",
        "team": "TJE58GTJL",
        "user_team": "TJE58GTJL",
        "source_team": "TJE58GTJL",
        "user_profile": {
            "avatar_hash": "c1d845bba06d",
            "image_72": "https:\/\/avatars.slack-edge.com\/2021-05-21\/2090873932082_c1d845bba06d288505ec_72.jpg",
            "first_name": "Camille",
            "real_name": "Camille Hogg",
            "display_name": "Cami",
            "team": "TJE58GTJL",
            "name": "camille.l.hogg",
            "is_restricted": false,
            "is_ultra_restricted": false
        },
        "edited": {
            "user": "U0231C2LYNM",
            "ts": "1625582843.000000"
        },
        "blocks": [
            {
                "type": "rich_text",
                "block_id": "79O",
                "elements": [
                    {
                        "type": "rich_text_section",
                        "elements": [
                            {
                                "type": "text",
                                "text": "ooh I love a survey. One quick question - when you ask ‘how long have you been doing this work’ — do you mean, how long have I been doing it "
                            },
                            {
                                "type": "text",
                                "text": "freelance",
                                "style": {
                                    "bold": true
                                }
                            },
                            {
                                "type": "text",
                                "text": ", or just how long in general? "
                            },
                            {
                                "type": "emoji",
                                "name": "slightly_smiling_face"
                            },
                            {
                                "type": "text",
                                "text": " "
                            },
                            {
                                "type": "user",
                                "user_id": "U0236PYP3SR"
                            }
                        ]
                    }
                ]
            }
        ],
        "thread_ts": "1625582589.241000",
        "parent_user_id": "U0236PYP3SR"
    },
    {
        "client_msg_id": "daee7efa-2918-491a-bb2b-1dec44ed4732",
        "type": "message",
        "text": "How long you’ve been freelancing for!",
        "user": "U0236PYP3SR",
        "ts": "1625583855.241500",
        "team": "TJE58GTJL",
        "user_team": "TJE58GTJL",
        "source_team": "TJE58GTJL",
        "user_profile": {
            "avatar_hash": "151ef26d495d",
            "image_72": "https:\/\/avatars.slack-edge.com\/2021-05-27\/2105651351574_151ef26d495d8461f6e5_72.jpg",
            "first_name": "Jasmine",
            "real_name": "Jasmine Williams",
            "display_name": "Jasmine Williams",
            "team": "TJE58GTJL",
            "name": "hello426",
            "is_restricted": false,
            "is_ultra_restricted": false
        },
        "blocks": [
            {
                "type": "rich_text",
                "block_id": "DriDt",
                "elements": [
                    {
                        "type": "rich_text_section",
                        "elements": [
                            {
                                "type": "text",
                                "text": "How long you’ve been freelancing for!"
                            }
                        ]
                    }
                ]
            }
        ],
        "thread_ts": "1625582589.241000",
        "parent_user_id": "U0236PYP3SR",
        "reactions": [
            {
                "name": "+1",
                "users": [
                    "U0231C2LYNM"
                ],
                "count": 1
            },
            {
                "name": "white_check_mark",
                "users": [
                    "U0231C2LYNM"
                ],
                "count": 1
            }
        ]
    },
    {
        "client_msg_id": "17615cbb-c6c6-4b87-869c-243b104e5f8b",
        "type": "message",
        "text": "thought provoking for me. I realised my brain wants me to apologise every time I send someone my rate.",
        "user": "U0231C2LYNM",
        "ts": "1625585047.241900",
        "team": "TJE58GTJL",
        "user_team": "TJE58GTJL",
        "source_team": "TJE58GTJL",
        "user_profile": {
            "avatar_hash": "c1d845bba06d",
            "image_72": "https:\/\/avatars.slack-edge.com\/2021-05-21\/2090873932082_c1d845bba06d288505ec_72.jpg",
            "first_name": "Camille",
            "real_name": "Camille Hogg",
            "display_name": "Cami",
            "team": "TJE58GTJL",
            "name": "camille.l.hogg",
            "is_restricted": false,
            "is_ultra_restricted": false
        },
        "blocks": [
            {
                "type": "rich_text",
                "block_id": "iLjYF",
                "elements": [
                    {
                        "type": "rich_text_section",
                        "elements": [
                            {
                                "type": "text",
                                "text": "thought provoking for me. I realised my brain wants me to apologise every time I send someone my rate."
                            }
                        ]
                    }
                ]
            }
        ],
        "thread_ts": "1625582589.241000",
        "parent_user_id": "U0236PYP3SR",
        "reactions": [
            {
                "name": "heart",
                "users": [
                    "U0236PYP3SR"
                ],
                "count": 1
            }
        ]
    },
    {
        "client_msg_id": "cb9a0f24-542b-4719-9922-309ff367b69c",
        "type": "message",
        "text": "Done!",
        "user": "U01AHL8AGBB",
        "ts": "1625585730.242100",
        "team": "TJE58GTJL",
        "user_team": "TJE58GTJL",
        "source_team": "TJE58GTJL",
        "user_profile": {
            "avatar_hash": "09eb34255d46",
            "image_72": "https:\/\/avatars.slack-edge.com\/2020-09-07\/1347887170866_09eb34255d4678a00ddc_72.png",
            "first_name": "Jordy",
            "real_name": "Jordy Fujiwara",
            "display_name": "Jordy",
            "team": "TJE58GTJL",
            "name": "jordy.fujiwara",
            "is_restricted": false,
            "is_ultra_restricted": false
        },
        "blocks": [
            {
                "type": "rich_text",
                "block_id": "lSBZT",
                "elements": [
                    {
                        "type": "rich_text_section",
                        "elements": [
                            {
                                "type": "text",
                                "text": "Done!"
                            }
                        ]
                    }
                ]
            }
        ],
        "thread_ts": "1625582589.241000",
        "parent_user_id": "U0236PYP3SR",
        "reactions": [
            {
                "name": "+1::skin-tone-5",
                "users": [
                    "U0236PYP3SR"
                ],
                "count": 1
            }
        ]
    },
    {
        "type": "message",
        "text": "Cross-posting this question about errors and omissions insurance for freelancers here :)",
        "user": "U023Q8E7MNE",
        "ts": "1625593469.242800",
        "team": "TJE58GTJL",
        "user_team": "TJE58GTJL",
        "source_team": "TJE58GTJL",
        "user_profile": {
            "avatar_hash": "d10b67c0be5f",
            "image_72": "https:\/\/avatars.slack-edge.com\/2021-06-09\/2154037287843_d10b67c0be5fd16cb51e_72.jpg",
            "first_name": "Rachel",
            "real_name": "Rachel Cribby",
            "display_name": "Rachel Cribby she\/her (EST)",
            "team": "TJE58GTJL",
            "name": "rachelcribby",
            "is_restricted": false,
            "is_ultra_restricted": false
        },
        "attachments": [
            {
                "fallback": "[July 6th, 2021 1:26 PM] rachelcribby: Question for all of the lovely freelancers and contractors in here: do you have liability insurance? I'm thinking in particular of errors and omissions insurance. I'm a professional writer, and while I make an effort to sign great contracts with my clients I am a worrywart and want to make sure that I am not allowing myself to be vulnerable. Thanks in advance. :slightly_smiling_face:\n\nBonus points if you happen to be based in Canada and have a great insurer or insurance broker to recommend!",
                "ts": "1625592370.379000",
                "author_id": "U023Q8E7MNE",
                "author_subname": "Rachel Cribby",
                "channel_id": "C014P2BJLER",
                "channel_name": "ask-me-anything",
                "is_msg_unfurl": true,
                "is_thread_root_unfurl": true,
                "text": "Question for all of the lovely freelancers and contractors in here: do you have liability insurance? I'm thinking in particular of errors and omissions insurance. I'm a professional writer, and while I make an effort to sign great contracts with my clients I am a worrywart and want to make sure that I am not allowing myself to be vulnerable. Thanks in advance. :slightly_smiling_face:\n\nBonus points if you happen to be based in Canada and have a great insurer or insurance broker to recommend!",
                "author_name": "Rachel Cribby",
                "author_link": "https:\/\/content-career-growth.slack.com\/team\/U023Q8E7MNE",
                "author_icon": "https:\/\/avatars.slack-edge.com\/2021-06-09\/2154037287843_d10b67c0be5fd16cb51e_48.jpg",
                "mrkdwn_in": [
                    "text"
                ],
                "color": "D0D0D0",
                "from_url": "https:\/\/content-career-growth.slack.com\/archives\/C014P2BJLER\/p1625592370379000?thread_ts=1625592370379000&cid=C014P2BJLER",
                "is_share": true,
                "footer": "Thread in #ask-me-anything"
            }
        ],
        "blocks": [
            {
                "type": "rich_text",
                "block_id": "DRMQ3",
                "elements": [
                    {
                        "type": "rich_text_section",
                        "elements": [
                            {
                                "type": "text",
                                "text": "Cross-posting this question about errors and omissions insurance for freelancers here :)"
                            }
                        ]
                    }
                ]
            }
        ],
        "thread_ts": "1625593469.242800",
        "reply_count": 1,
        "reply_users_count": 1,
        "latest_reply": "1627485897.324600",
        "reply_users": [
            "U01SFTTQ483"
        ],
        "replies": [
            {
                "user": "U01SFTTQ483",
                "ts": "1627485897.324600"
            }
        ],
        "is_locked": false,
        "subscribed": false
    }
]