[
    {
        "client_msg_id": "5a579086-f417-447d-a144-41e15e98a999",
        "type": "message",
        "text": "Do any of y’all also sell ‘productized services’? Flat-rate, fixed-scope, fixed-deliverable services that you sell ‘off the shelf’ like a product?",
        "user": "U01KH3P18RZ",
        "ts": "1621610496.036000",
        "team": "TJE58GTJL",
        "user_team": "TJE58GTJL",
        "source_team": "TJE58GTJL",
        "user_profile": {
            "avatar_hash": "fab0c6d48595",
            "image_72": "https:\/\/avatars.slack-edge.com\/2021-05-28\/2110157153414_fab0c6d48595c62a6594_72.jpg",
            "first_name": "Kai",
            "real_name": "Kai Davis",
            "display_name": "Kai (Your Shopify SEO Guy)",
            "team": "TJE58GTJL",
            "name": "kai",
            "is_restricted": false,
            "is_ultra_restricted": false
        },
        "blocks": [
            {
                "type": "rich_text",
                "block_id": "Mdkj4",
                "elements": [
                    {
                        "type": "rich_text_section",
                        "elements": [
                            {
                                "type": "text",
                                "text": "Do any of y’all also sell ‘productized services’? Flat-rate, fixed-scope, fixed-deliverable services that you sell ‘off the shelf’ like a product?"
                            }
                        ]
                    }
                ]
            }
        ],
        "thread_ts": "1621610496.036000",
        "reply_count": 7,
        "reply_users_count": 6,
        "latest_reply": "1621876056.041300",
        "reply_users": [
            "U01AHL8AGBB",
            "UUJBMNRNF",
            "UJE6FLEFJ",
            "U01SFTTQ483",
            "U01P13NTGG6",
            "U01FUP6AMEZ"
        ],
        "replies": [
            {
                "user": "U01AHL8AGBB",
                "ts": "1621610626.036300"
            },
            {
                "user": "UUJBMNRNF",
                "ts": "1621610672.036500"
            },
            {
                "user": "UJE6FLEFJ",
                "ts": "1621615473.036700"
            },
            {
                "user": "UJE6FLEFJ",
                "ts": "1621615487.036900"
            },
            {
                "user": "U01SFTTQ483",
                "ts": "1621622576.038600"
            },
            {
                "user": "U01P13NTGG6",
                "ts": "1621642182.040200"
            },
            {
                "user": "U01FUP6AMEZ",
                "ts": "1621876056.041300"
            }
        ],
        "is_locked": false,
        "subscribed": false
    },
    {
        "client_msg_id": "54450c75-ab60-40a4-b14d-e2260d71c4fc",
        "type": "message",
        "text": "I've used it briefly. I can't speak to the ACH portion of it.\nFor me, I felt I couldn't customize some things as much as I wanted. However, I'm also used to tools like Airtable and Notion where the tool is your playground. So take my experience with a grain of salt! :smiley:",
        "user": "UUJBMNRNF",
        "ts": "1621610607.036100",
        "team": "TJE58GTJL",
        "user_team": "TJE58GTJL",
        "source_team": "TJE58GTJL",
        "user_profile": {
            "avatar_hash": "g60cda1030c0",
            "image_72": "https:\/\/secure.gravatar.com\/avatar\/60cda1030c03869961d38a096c73158e.jpg?s=72&d=https%3A%2F%2Fa.slack-edge.com%2Fdf10d%2Fimg%2Favatars%2Fava_0024-72.png",
            "first_name": "Hannah",
            "real_name": "Hannah Wiginton",
            "display_name": "Hannah Wiginton",
            "team": "TJE58GTJL",
            "name": "hwiginton00",
            "is_restricted": false,
            "is_ultra_restricted": false
        },
        "blocks": [
            {
                "type": "rich_text",
                "block_id": "CgHp",
                "elements": [
                    {
                        "type": "rich_text_section",
                        "elements": [
                            {
                                "type": "text",
                                "text": "I've used it briefly. I can't speak to the ACH portion of it.\nFor me, I felt I couldn't customize some things as much as I wanted. However, I'm also used to tools like Airtable and Notion where the tool is your playground. So take my experience with a grain of salt! "
                            },
                            {
                                "type": "emoji",
                                "name": "smiley"
                            }
                        ]
                    }
                ]
            }
        ],
        "thread_ts": "1621528130.029700",
        "parent_user_id": "U022P474MC1",
        "reactions": [
            {
                "name": "pray",
                "users": [
                    "U022P474MC1"
                ],
                "count": 1
            }
        ]
    },
    {
        "type": "message",
        "text": "I started building one, but then startup life took over. My main strategy involved getting agencies i worked with to white label it—got fairly far with one agency in terms of having them promote it but the leads we generated never materialized. Since I backed off the effort, we never dug into the whys ¯\\_(ツ)_\/¯",
        "user": "U01AHL8AGBB",
        "ts": "1621610626.036300",
        "team": "TJE58GTJL",
        "user_team": "TJE58GTJL",
        "source_team": "TJE58GTJL",
        "user_profile": {
            "avatar_hash": "09eb34255d46",
            "image_72": "https:\/\/avatars.slack-edge.com\/2020-09-07\/1347887170866_09eb34255d4678a00ddc_72.png",
            "first_name": "Jordy",
            "real_name": "Jordy Fujiwara",
            "display_name": "Jordy",
            "team": "TJE58GTJL",
            "name": "jordy.fujiwara",
            "is_restricted": false,
            "is_ultra_restricted": false
        },
        "thread_ts": "1621610496.036000",
        "parent_user_id": "U01KH3P18RZ"
    },
    {
        "client_msg_id": "af21329a-fae6-448d-9c23-b89927fec8a3",
        "type": "message",
        "text": "No, but it's on my roadmap! Now, when that will happen is TBD. ha :sweat_smile:",
        "user": "UUJBMNRNF",
        "ts": "1621610672.036500",
        "team": "TJE58GTJL",
        "user_team": "TJE58GTJL",
        "source_team": "TJE58GTJL",
        "user_profile": {
            "avatar_hash": "g60cda1030c0",
            "image_72": "https:\/\/secure.gravatar.com\/avatar\/60cda1030c03869961d38a096c73158e.jpg?s=72&d=https%3A%2F%2Fa.slack-edge.com%2Fdf10d%2Fimg%2Favatars%2Fava_0024-72.png",
            "first_name": "Hannah",
            "real_name": "Hannah Wiginton",
            "display_name": "Hannah Wiginton",
            "team": "TJE58GTJL",
            "name": "hwiginton00",
            "is_restricted": false,
            "is_ultra_restricted": false
        },
        "blocks": [
            {
                "type": "rich_text",
                "block_id": "wtv64",
                "elements": [
                    {
                        "type": "rich_text_section",
                        "elements": [
                            {
                                "type": "text",
                                "text": "No, but it's on my roadmap! Now, when that will happen is TBD. ha "
                            },
                            {
                                "type": "emoji",
                                "name": "sweat_smile"
                            }
                        ]
                    }
                ]
            }
        ],
        "thread_ts": "1621610496.036000",
        "parent_user_id": "U01KH3P18RZ"
    },
    {
        "client_msg_id": "86e51194-c372-49ab-9de2-62d764179db5",
        "type": "message",
        "text": "I'm working on creating ones for an audit and short-term strategy.",
        "user": "UJE6FLEFJ",
        "ts": "1621615473.036700",
        "team": "TJE58GTJL",
        "user_team": "TJE58GTJL",
        "source_team": "TJE58GTJL",
        "user_profile": {
            "avatar_hash": "gc6ef52e2245",
            "image_72": "https:\/\/secure.gravatar.com\/avatar\/05c6ef52e2245358c2ae0b9a02308b7f.jpg?s=72&d=https%3A%2F%2Fa.slack-edge.com%2Fdf10d%2Fimg%2Favatars%2Fava_0007-72.png",
            "first_name": "",
            "real_name": "Brittany Berger",
            "display_name": "Brittany Berger",
            "team": "TJE58GTJL",
            "name": "brittany",
            "is_restricted": false,
            "is_ultra_restricted": false
        },
        "blocks": [
            {
                "type": "rich_text",
                "block_id": "zFd",
                "elements": [
                    {
                        "type": "rich_text_section",
                        "elements": [
                            {
                                "type": "text",
                                "text": "I'm working on creating ones for an audit and short-term strategy."
                            }
                        ]
                    }
                ]
            }
        ],
        "thread_ts": "1621610496.036000",
        "parent_user_id": "U01KH3P18RZ",
        "reactions": [
            {
                "name": "heart",
                "users": [
                    "UUJBMNRNF",
                    "U01FUP6AMEZ"
                ],
                "count": 2
            }
        ]
    },
    {
        "client_msg_id": "9b72b38e-d8e7-4a2f-b3cc-b6fa062dd4c1",
        "type": "message",
        "text": "(I offer it now, it's just not really \"productized\" yet)",
        "user": "UJE6FLEFJ",
        "ts": "1621615487.036900",
        "team": "TJE58GTJL",
        "user_team": "TJE58GTJL",
        "source_team": "TJE58GTJL",
        "user_profile": {
            "avatar_hash": "gc6ef52e2245",
            "image_72": "https:\/\/secure.gravatar.com\/avatar\/05c6ef52e2245358c2ae0b9a02308b7f.jpg?s=72&d=https%3A%2F%2Fa.slack-edge.com%2Fdf10d%2Fimg%2Favatars%2Fava_0007-72.png",
            "first_name": "",
            "real_name": "Brittany Berger",
            "display_name": "Brittany Berger",
            "team": "TJE58GTJL",
            "name": "brittany",
            "is_restricted": false,
            "is_ultra_restricted": false
        },
        "blocks": [
            {
                "type": "rich_text",
                "block_id": "P+dMs",
                "elements": [
                    {
                        "type": "rich_text_section",
                        "elements": [
                            {
                                "type": "text",
                                "text": "(I offer it now, it's just not really \"productized\" yet)"
                            }
                        ]
                    }
                ]
            }
        ],
        "thread_ts": "1621610496.036000",
        "parent_user_id": "U01KH3P18RZ"
    },
    {
        "client_msg_id": "36f4bd04-2496-4a46-9813-8c062f258ebe",
        "type": "message",
        "text": "I kind of do this, but informally, and I don't really promote it that way",
        "user": "U01SFTTQ483",
        "ts": "1621622576.038600",
        "team": "TJE58GTJL",
        "user_team": "TJE58GTJL",
        "source_team": "TJE58GTJL",
        "user_profile": {
            "avatar_hash": "bffef5138cc6",
            "image_72": "https:\/\/avatars.slack-edge.com\/2021-03-25\/1893741270550_bffef5138cc63fcea5b0_72.png",
            "first_name": "Shawn",
            "real_name": "Shawn Ragell",
            "display_name": "Shawn Ragell",
            "team": "TJE58GTJL",
            "name": "shawn.ragell",
            "is_restricted": false,
            "is_ultra_restricted": false
        },
        "edited": {
            "user": "U01SFTTQ483",
            "ts": "1621622582.000000"
        },
        "blocks": [
            {
                "type": "rich_text",
                "block_id": "dBi",
                "elements": [
                    {
                        "type": "rich_text_section",
                        "elements": [
                            {
                                "type": "text",
                                "text": "I kind of do this, but informally, and I don't really promote it that way"
                            }
                        ]
                    }
                ]
            }
        ],
        "thread_ts": "1621610496.036000",
        "parent_user_id": "U01KH3P18RZ"
    },
    {
        "client_msg_id": "be1fcb77-0872-4a13-b254-7ddc6e98a3a8",
        "type": "message",
        "text": "Yep. We sell a few productized services in the sense that they can be done in quick sprints with a fixed scope. They’re all custom IP we’ve developed using Python\/BigQuery\/Selenium:\n\n• Link Intelligence Report\n• Topic Cluster Report\n• Total Organic Addressable Market (like a TAM)\n• Content Audit\n• Topic Gap Analysis\nWe’re working on a semi-productized service\/course where we train an internal member of the client’s staff to do digital PR and business development outreach.",
        "user": "U01P13NTGG6",
        "ts": "1621642182.040200",
        "team": "TJE58GTJL",
        "user_team": "TJE58GTJL",
        "source_team": "TJE58GTJL",
        "user_profile": {
            "avatar_hash": "1625b1f12011",
            "image_72": "https:\/\/avatars.slack-edge.com\/2021-02-24\/1775273585607_1625b1f12011f553efc5_72.png",
            "first_name": "Skyler",
            "real_name": "Skyler Reeves",
            "display_name": "Skyler Reeves",
            "team": "TJE58GTJL",
            "name": "skyler",
            "is_restricted": false,
            "is_ultra_restricted": false
        },
        "blocks": [
            {
                "type": "rich_text",
                "block_id": "QNb",
                "elements": [
                    {
                        "type": "rich_text_section",
                        "elements": [
                            {
                                "type": "text",
                                "text": "Yep. We sell a few productized services in the sense that they can be done in quick sprints with a fixed scope. They’re all custom IP we’ve developed using Python\/BigQuery\/Selenium:\n\n"
                            }
                        ]
                    },
                    {
                        "type": "rich_text_list",
                        "elements": [
                            {
                                "type": "rich_text_section",
                                "elements": [
                                    {
                                        "type": "text",
                                        "text": "Link Intelligence Report"
                                    }
                                ]
                            },
                            {
                                "type": "rich_text_section",
                                "elements": [
                                    {
                                        "type": "text",
                                        "text": "Topic Cluster Report"
                                    }
                                ]
                            },
                            {
                                "type": "rich_text_section",
                                "elements": [
                                    {
                                        "type": "text",
                                        "text": "Total Organic Addressable Market (like a TAM)"
                                    }
                                ]
                            },
                            {
                                "type": "rich_text_section",
                                "elements": [
                                    {
                                        "type": "text",
                                        "text": "Content Audit"
                                    }
                                ]
                            },
                            {
                                "type": "rich_text_section",
                                "elements": [
                                    {
                                        "type": "text",
                                        "text": "Topic Gap Analysis"
                                    }
                                ]
                            }
                        ],
                        "style": "bullet",
                        "indent": 0
                    },
                    {
                        "type": "rich_text_section",
                        "elements": [
                            {
                                "type": "text",
                                "text": "\nWe’re working on a semi-productized service\/course where we train an internal member of the client’s staff to do digital PR and business development outreach."
                            }
                        ]
                    }
                ]
            }
        ],
        "thread_ts": "1621610496.036000",
        "parent_user_id": "U01KH3P18RZ"
    }
]