[
    {
        "client_msg_id": "b8f8a723-10bc-4c4f-8ddf-835276a284aa",
        "type": "message",
        "text": "Sent you a DM :slightly_smiling_face:",
        "user": "U03AD261X2A",
        "ts": "1650438622.298999",
        "team": "TJE58GTJL",
        "user_team": "TJE58GTJL",
        "source_team": "TJE58GTJL",
        "user_profile": {
            "avatar_hash": "ca3f13fe4c5b",
            "image_72": "https:\/\/avatars.slack-edge.com\/2022-04-07\/3362548952756_ca3f13fe4c5bc4337200_72.jpg",
            "first_name": "Reem",
            "real_name": "Reem S. Abouemera",
            "display_name": "Reem S. Abouemera",
            "team": "TJE58GTJL",
            "name": "reem.abouemera",
            "is_restricted": false,
            "is_ultra_restricted": false
        },
        "blocks": [
            {
                "type": "rich_text",
                "block_id": "bs5n",
                "elements": [
                    {
                        "type": "rich_text_section",
                        "elements": [
                            {
                                "type": "text",
                                "text": "Sent you a DM "
                            },
                            {
                                "type": "emoji",
                                "name": "slightly_smiling_face"
                            }
                        ]
                    }
                ]
            }
        ],
        "thread_ts": "1650387720.631009",
        "parent_user_id": "U0322J0GUF7"
    },
    {
        "client_msg_id": "f02a6557-5f71-4c64-86d9-2dd7073309aa",
        "type": "message",
        "text": "Hi all! I’m looking for a freelance writer who has understanding of the off-site SEO to create a copy for a link building service site. Any leads? Much appreciated.",
        "user": "U03CRUD9MSL",
        "ts": "1650455873.528229",
        "team": "TJE58GTJL",
        "user_team": "TJE58GTJL",
        "source_team": "TJE58GTJL",
        "user_profile": {
            "avatar_hash": "73c020b198e2",
            "image_72": "https:\/\/avatars.slack-edge.com\/2022-04-20\/3438247003808_73c020b198e2e5a2e99c_72.png",
            "first_name": "Viktoria",
            "real_name": "Viktoria Medvedko",
            "display_name": "Viktoria Medvedko",
            "team": "TJE58GTJL",
            "name": "vm",
            "is_restricted": false,
            "is_ultra_restricted": false
        },
        "blocks": [
            {
                "type": "rich_text",
                "block_id": "5jFL",
                "elements": [
                    {
                        "type": "rich_text_section",
                        "elements": [
                            {
                                "type": "text",
                                "text": "Hi all! I’m looking for a freelance writer who has understanding of the off-site SEO to create a copy for a link building service site. Any leads? Much appreciated."
                            }
                        ]
                    }
                ]
            }
        ],
        "thread_ts": "1650455873.528229",
        "reply_count": 2,
        "reply_users_count": 2,
        "latest_reply": "1650457673.686799",
        "reply_users": [
            "U03AD261X2A",
            "U02HWBZS9QC"
        ],
        "replies": [
            {
                "user": "U03AD261X2A",
                "ts": "1650456569.712459"
            },
            {
                "user": "U02HWBZS9QC",
                "ts": "1650457673.686799"
            }
        ],
        "is_locked": false,
        "subscribed": false,
        "reactions": [
            {
                "name": "+1",
                "users": [
                    "U03AD261X2A",
                    "U03330MFEN4"
                ],
                "count": 2
            }
        ]
    },
    {
        "client_msg_id": "2eaceb64-de84-45ab-983d-b1544a6ed83c",
        "type": "message",
        "text": "DM-ed you :slightly_smiling_face:",
        "user": "U03AD261X2A",
        "ts": "1650456569.712459",
        "team": "TJE58GTJL",
        "user_team": "TJE58GTJL",
        "source_team": "TJE58GTJL",
        "user_profile": {
            "avatar_hash": "ca3f13fe4c5b",
            "image_72": "https:\/\/avatars.slack-edge.com\/2022-04-07\/3362548952756_ca3f13fe4c5bc4337200_72.jpg",
            "first_name": "Reem",
            "real_name": "Reem S. Abouemera",
            "display_name": "Reem S. Abouemera",
            "team": "TJE58GTJL",
            "name": "reem.abouemera",
            "is_restricted": false,
            "is_ultra_restricted": false
        },
        "blocks": [
            {
                "type": "rich_text",
                "block_id": "WATIX",
                "elements": [
                    {
                        "type": "rich_text_section",
                        "elements": [
                            {
                                "type": "text",
                                "text": "DM-ed you "
                            },
                            {
                                "type": "emoji",
                                "name": "slightly_smiling_face"
                            }
                        ]
                    }
                ]
            }
        ],
        "thread_ts": "1650455873.528229",
        "parent_user_id": "U03CRUD9MSL",
        "reactions": [
            {
                "name": "+1",
                "users": [
                    "U03CRUD9MSL"
                ],
                "count": 1
            }
        ]
    },
    {
        "client_msg_id": "331ef3bb-cb67-44b2-b00a-fe9393311959",
        "type": "message",
        "text": "Rolled out a DM. Thanks for posting, <@U03CRUD9MSL>",
        "user": "U02HWBZS9QC",
        "ts": "1650457673.686799",
        "team": "TJE58GTJL",
        "user_team": "TJE58GTJL",
        "source_team": "TJE58GTJL",
        "user_profile": {
            "avatar_hash": "cea3c2adb719",
            "image_72": "https:\/\/avatars.slack-edge.com\/2021-12-23\/2879299611220_cea3c2adb71995b8fd88_72.jpg",
            "first_name": "Ankit",
            "real_name": "Ankit Vora",
            "display_name": "",
            "team": "TJE58GTJL",
            "name": "ankitplaynody",
            "is_restricted": false,
            "is_ultra_restricted": false
        },
        "blocks": [
            {
                "type": "rich_text",
                "block_id": "kPDZn",
                "elements": [
                    {
                        "type": "rich_text_section",
                        "elements": [
                            {
                                "type": "text",
                                "text": "Rolled out a DM. Thanks for posting, "
                            },
                            {
                                "type": "user",
                                "user_id": "U03CRUD9MSL"
                            }
                        ]
                    }
                ]
            }
        ],
        "thread_ts": "1650455873.528229",
        "parent_user_id": "U03CRUD9MSL"
    },
    {
        "client_msg_id": "9094de84-cc6a-4862-b837-b45f37bffee2",
        "type": "message",
        "text": "Hey all! I’m in the early stages of a branding and messaging project and would love to connect with any writers who…\n\n• love adding personality to otherwise formal\/corporate clients\n• are good at brandable chunks that get repeated use\n• would like to build an on-going freelance relationship for future projects\nI have a few projects in the works but would love to chat and connect before they get here.",
        "user": "U03C3FH2ZH8",
        "ts": "1650468196.545709",
        "team": "TJE58GTJL",
        "user_team": "TJE58GTJL",
        "source_team": "TJE58GTJL",
        "user_profile": {
            "avatar_hash": "3ded490b33f8",
            "image_72": "https:\/\/avatars.slack-edge.com\/2022-04-19\/3404910462518_3ded490b33f890328d30_72.jpg",
            "first_name": "Joel",
            "real_name": "Joel Carter",
            "display_name": "Joel Carter",
            "team": "TJE58GTJL",
            "name": "joel780",
            "is_restricted": false,
            "is_ultra_restricted": false
        },
        "blocks": [
            {
                "type": "rich_text",
                "block_id": "A9Uc",
                "elements": [
                    {
                        "type": "rich_text_section",
                        "elements": [
                            {
                                "type": "text",
                                "text": "Hey all! I’m in the early stages of a branding and messaging project and would love to connect with any writers who…\n\n"
                            }
                        ]
                    },
                    {
                        "type": "rich_text_list",
                        "elements": [
                            {
                                "type": "rich_text_section",
                                "elements": [
                                    {
                                        "type": "text",
                                        "text": "love adding personality to otherwise formal\/corporate clients"
                                    }
                                ]
                            },
                            {
                                "type": "rich_text_section",
                                "elements": [
                                    {
                                        "type": "text",
                                        "text": "are good at brandable chunks that get repeated use"
                                    }
                                ]
                            },
                            {
                                "type": "rich_text_section",
                                "elements": [
                                    {
                                        "type": "text",
                                        "text": "would like to build an on-going freelance relationship for future projects"
                                    }
                                ]
                            }
                        ],
                        "style": "bullet",
                        "indent": 0,
                        "border": 0
                    },
                    {
                        "type": "rich_text_section",
                        "elements": [
                            {
                                "type": "text",
                                "text": "\nI have a few projects in the works but would love to chat and connect before they get here."
                            }
                        ]
                    }
                ]
            }
        ],
        "thread_ts": "1650468196.545709",
        "reply_count": 13,
        "reply_users_count": 12,
        "latest_reply": "1650785725.248409",
        "reply_users": [
            "U03BUDUTE3X",
            "U03AD261X2A",
            "U03B74Q3E3D",
            "U03BWSGMLJC",
            "U03C3FH2ZH8",
            "U02GMMQ281W",
            "U03C0JYM4LV",
            "U03AQS3HCAH",
            "U039HM3EAH3",
            "UPH4SCGTH",
            "U03AKMFKJKD",
            "U03AVHF6PGE"
        ],
        "replies": [
            {
                "user": "U03BUDUTE3X",
                "ts": "1650468948.443979"
            },
            {
                "user": "U03AD261X2A",
                "ts": "1650473838.592809"
            },
            {
                "user": "U03B74Q3E3D",
                "ts": "1650475384.767719"
            },
            {
                "user": "U03BWSGMLJC",
                "ts": "1650479645.737599"
            },
            {
                "user": "U03C3FH2ZH8",
                "ts": "1650480619.918389"
            },
            {
                "user": "U02GMMQ281W",
                "ts": "1650492512.083829"
            },
            {
                "user": "U03C0JYM4LV",
                "ts": "1650495026.709139"
            },
            {
                "user": "U03AQS3HCAH",
                "ts": "1650508444.644179"
            },
            {
                "user": "U039HM3EAH3",
                "ts": "1650526433.359949"
            },
            {
                "user": "UPH4SCGTH",
                "ts": "1650529748.391919"
            },
            {
                "user": "U03C3FH2ZH8",
                "ts": "1650545804.610489"
            },
            {
                "user": "U03AKMFKJKD",
                "ts": "1650659489.768619"
            },
            {
                "user": "U03AVHF6PGE",
                "ts": "1650785725.248409"
            }
        ],
        "is_locked": false,
        "subscribed": false
    },
    {
        "client_msg_id": "4B1A11B0-BB5C-4367-B25D-13E3860D979B",
        "type": "message",
        "text": "Hi Joel. I’d love to hear more. Feel free to dm me.",
        "user": "U03BUDUTE3X",
        "ts": "1650468948.443979",
        "team": "TJE58GTJL",
        "user_team": "TJE58GTJL",
        "source_team": "TJE58GTJL",
        "user_profile": {
            "avatar_hash": "db34e6160788",
            "image_72": "https:\/\/avatars.slack-edge.com\/2022-04-18\/3402640232821_db34e6160788445fd016_72.png",
            "first_name": "Malky",
            "real_name": "Malky Rochlitz",
            "display_name": "",
            "team": "TJE58GTJL",
            "name": "malkyrochlitz",
            "is_restricted": false,
            "is_ultra_restricted": false
        },
        "blocks": [
            {
                "type": "rich_text",
                "block_id": "gpQk3",
                "elements": [
                    {
                        "type": "rich_text_section",
                        "elements": [
                            {
                                "type": "text",
                                "text": "Hi Joel. I’d love to hear more. Feel free to dm me."
                            }
                        ]
                    }
                ]
            }
        ],
        "thread_ts": "1650468196.545709",
        "parent_user_id": "U03C3FH2ZH8"
    },
    {
        "client_msg_id": "5503a094-71e2-4c6b-8ce1-6e615b14394d",
        "type": "message",
        "text": "Hi Joel! Please feel free to message me, this sounds very interesting:blush:",
        "user": "U03AD261X2A",
        "ts": "1650473838.592809",
        "team": "TJE58GTJL",
        "user_team": "TJE58GTJL",
        "source_team": "TJE58GTJL",
        "user_profile": {
            "avatar_hash": "ca3f13fe4c5b",
            "image_72": "https:\/\/avatars.slack-edge.com\/2022-04-07\/3362548952756_ca3f13fe4c5bc4337200_72.jpg",
            "first_name": "Reem",
            "real_name": "Reem S. Abouemera",
            "display_name": "Reem S. Abouemera",
            "team": "TJE58GTJL",
            "name": "reem.abouemera",
            "is_restricted": false,
            "is_ultra_restricted": false
        },
        "blocks": [
            {
                "type": "rich_text",
                "block_id": "ya=Qb",
                "elements": [
                    {
                        "type": "rich_text_section",
                        "elements": [
                            {
                                "type": "text",
                                "text": "Hi Joel! Please feel free to message me, this sounds very interesting"
                            },
                            {
                                "type": "emoji",
                                "name": "blush"
                            }
                        ]
                    }
                ]
            }
        ],
        "thread_ts": "1650468196.545709",
        "parent_user_id": "U03C3FH2ZH8"
    },
    {
        "client_msg_id": "C407FA97-29EE-4B08-8F8F-99B87ABE2654",
        "type": "message",
        "text": "I'd love to hear more about this, too! Feel free to DM me. ",
        "user": "U03B74Q3E3D",
        "ts": "1650475384.767719",
        "team": "TJE58GTJL",
        "user_team": "TJE58GTJL",
        "source_team": "TJE58GTJL",
        "user_profile": {
            "avatar_hash": "c87ff6f3b844",
            "image_72": "https:\/\/avatars.slack-edge.com\/2022-04-12\/3393825616033_c87ff6f3b844263b40d3_72.jpg",
            "first_name": "Jesse",
            "real_name": "Jesse DeRose",
            "display_name": "Jesse DeRose",
            "team": "TJE58GTJL",
            "name": "jcderose",
            "is_restricted": false,
            "is_ultra_restricted": false
        },
        "blocks": [
            {
                "type": "rich_text",
                "block_id": "c8DAs",
                "elements": [
                    {
                        "type": "rich_text_section",
                        "elements": [
                            {
                                "type": "text",
                                "text": "I'd love to hear more about this, too! Feel free to DM me. "
                            }
                        ]
                    }
                ]
            }
        ],
        "thread_ts": "1650468196.545709",
        "parent_user_id": "U03C3FH2ZH8"
    },
    {
        "client_msg_id": "5F083700-427B-4B00-BFDB-2AF6130F54A9",
        "type": "message",
        "text": "Hi Joel, what industry is this for?",
        "user": "U03BWSGMLJC",
        "ts": "1650479645.737599",
        "team": "TJE58GTJL",
        "user_team": "TJE58GTJL",
        "source_team": "TJE58GTJL",
        "user_profile": {
            "avatar_hash": "205648500f6b",
            "image_72": "https:\/\/avatars.slack-edge.com\/2022-04-12\/3383591165636_205648500f6b4946b5b4_72.png",
            "first_name": "Deiera",
            "real_name": "Deiera Bennett",
            "display_name": "Deiera Bennett",
            "team": "TJE58GTJL",
            "name": "deierarenee",
            "is_restricted": false,
            "is_ultra_restricted": false
        },
        "blocks": [
            {
                "type": "rich_text",
                "block_id": "WMoEJ",
                "elements": [
                    {
                        "type": "rich_text_section",
                        "elements": [
                            {
                                "type": "text",
                                "text": "Hi Joel, what industry is this for?"
                            }
                        ]
                    }
                ]
            }
        ],
        "thread_ts": "1650468196.545709",
        "parent_user_id": "U03C3FH2ZH8"
    },
    {
        "client_msg_id": "0232b028-8062-4956-aa68-103f27a3ad2e",
        "type": "message",
        "text": "I’m exploring for two projects, actually. One in the food processing industry (status quo is pretty bland, which means lots of room to win) and the other in boutique, private early education (great place to have a very strong brand voice).",
        "user": "U03C3FH2ZH8",
        "ts": "1650480619.918389",
        "team": "TJE58GTJL",
        "user_team": "TJE58GTJL",
        "source_team": "TJE58GTJL",
        "user_profile": {
            "avatar_hash": "3ded490b33f8",
            "image_72": "https:\/\/avatars.slack-edge.com\/2022-04-19\/3404910462518_3ded490b33f890328d30_72.jpg",
            "first_name": "Joel",
            "real_name": "Joel Carter",
            "display_name": "Joel Carter",
            "team": "TJE58GTJL",
            "name": "joel780",
            "is_restricted": false,
            "is_ultra_restricted": false
        },
        "edited": {
            "user": "U03C3FH2ZH8",
            "ts": "1650480641.000000"
        },
        "blocks": [
            {
                "type": "rich_text",
                "block_id": "X4HH",
                "elements": [
                    {
                        "type": "rich_text_section",
                        "elements": [
                            {
                                "type": "text",
                                "text": "I’m exploring for two projects, actually. One in the food processing industry (status quo is pretty bland, which means lots of room to win) and the other in boutique, private early education (great place to have a very strong brand voice)."
                            }
                        ]
                    }
                ]
            }
        ],
        "thread_ts": "1650468196.545709",
        "parent_user_id": "U03C3FH2ZH8"
    },
    {
        "client_msg_id": "124f5987-9a31-4b94-ae63-a9db55992072",
        "type": "message",
        "text": "Hey Joel, would love to help.",
        "user": "U02GMMQ281W",
        "ts": "1650492512.083829",
        "team": "TJE58GTJL",
        "user_team": "TJE58GTJL",
        "source_team": "TJE58GTJL",
        "user_profile": {
            "avatar_hash": "e1131d2dfd73",
            "image_72": "https:\/\/avatars.slack-edge.com\/2021-10-12\/2589760574406_e1131d2dfd73f2e7db3e_72.png",
            "first_name": "Amanda",
            "real_name": "Amanda S.",
            "display_name": "Amanda",
            "team": "TJE58GTJL",
            "name": "theglamtechie",
            "is_restricted": false,
            "is_ultra_restricted": false
        },
        "blocks": [
            {
                "type": "rich_text",
                "block_id": "3pS",
                "elements": [
                    {
                        "type": "rich_text_section",
                        "elements": [
                            {
                                "type": "text",
                                "text": "Hey Joel, would love to help."
                            }
                        ]
                    }
                ]
            }
        ],
        "thread_ts": "1650468196.545709",
        "parent_user_id": "U03C3FH2ZH8"
    },
    {
        "client_msg_id": "c4349949-d94e-4fc3-ba3e-a9c29d1f48da",
        "type": "message",
        "text": "Hi Joel, I'd love to hear more. I have experience in the edtech space, most recently working SchoolHouse (microschools) which sounds like a similar audience. Let me know if you'd like to chat!",
        "user": "U03C0JYM4LV",
        "ts": "1650495026.709139",
        "team": "TJE58GTJL",
        "user_team": "TJE58GTJL",
        "source_team": "TJE58GTJL",
        "user_profile": {
            "avatar_hash": "429941451389",
            "image_72": "https:\/\/avatars.slack-edge.com\/2022-04-20\/3415264309477_429941451389ef8fb9fb_72.jpg",
            "first_name": "Nikki",
            "real_name": "Nikki Sequeira",
            "display_name": "",
            "team": "TJE58GTJL",
            "name": "nikki304",
            "is_restricted": false,
            "is_ultra_restricted": false
        },
        "blocks": [
            {
                "type": "rich_text",
                "block_id": "RvNE",
                "elements": [
                    {
                        "type": "rich_text_section",
                        "elements": [
                            {
                                "type": "text",
                                "text": "Hi Joel, I'd love to hear more. I have experience in the edtech space, most recently working SchoolHouse (microschools) which sounds like a similar audience. Let me know if you'd like to chat!"
                            }
                        ]
                    }
                ]
            }
        ],
        "thread_ts": "1650468196.545709",
        "parent_user_id": "U03C3FH2ZH8"
    },
    {
        "client_msg_id": "7c177c57-6b12-4251-9d62-2184a8674dd4",
        "type": "message",
        "text": "Hello guys!\n\nPassing here to remind companies hiring talents on a freelance\/remote work basis that they can expand their search around the globe, costs-efficiently. The startup I work with provides hunting\/recruiting services and legal hiring and payroll solutions through our automated platform in +150 countries. I'd be happy to share further details so just let me know!",
        "user": "U036K03RW1L",
        "ts": "1650505675.971019",
        "team": "TJE58GTJL",
        "user_team": "TJE58GTJL",
        "source_team": "TJE58GTJL",
        "user_profile": {
            "avatar_hash": "e4f213b751ef",
            "image_72": "https:\/\/avatars.slack-edge.com\/2022-03-14\/3248476743921_e4f213b751ef0ace7e0c_72.png",
            "first_name": "Sergio",
            "real_name": "Sergio Diaz",
            "display_name": "Sergio Diaz",
            "team": "TJE58GTJL",
            "name": "sdiaz",
            "is_restricted": false,
            "is_ultra_restricted": false
        },
        "blocks": [
            {
                "type": "rich_text",
                "block_id": "Co=P",
                "elements": [
                    {
                        "type": "rich_text_section",
                        "elements": [
                            {
                                "type": "text",
                                "text": "Hello guys!\n\nPassing here to remind companies hiring talents on a freelance\/remote work basis that they can expand their search around the globe, costs-efficiently. The startup I work with provides hunting\/recruiting services and legal hiring and payroll solutions through our automated platform in +150 countries. I'd be happy to share further details so just let me know!"
                            }
                        ]
                    }
                ]
            }
        ],
        "thread_ts": "1650505675.971019",
        "reply_count": 7,
        "reply_users_count": 5,
        "latest_reply": "1650903271.857479",
        "reply_users": [
            "U034ZC5RY3U",
            "U02TK8ZEA4B",
            "U03BXAJLN9H",
            "U036K03RW1L",
            "U03AKMFKJKD"
        ],
        "replies": [
            {
                "user": "U034ZC5RY3U",
                "ts": "1650522774.845679"
            },
            {
                "user": "U02TK8ZEA4B",
                "ts": "1650540585.870389"
            },
            {
                "user": "U03BXAJLN9H",
                "ts": "1650552618.382599"
            },
            {
                "user": "U036K03RW1L",
                "ts": "1650556311.347099"
            },
            {
                "user": "U034ZC5RY3U",
                "ts": "1650557996.278079"
            },
            {
                "user": "U03AKMFKJKD",
                "ts": "1650660580.804829"
            },
            {
                "user": "U036K03RW1L",
                "ts": "1650903271.857479"
            }
        ],
        "is_locked": false,
        "subscribed": false
    },
    {
        "type": "message",
        "subtype": "slackbot_response",
        "text": "Hello! Not all of our members are guys. In an effort to be more conscious of the language we use to address each other, why not try “Hey, folks,” or “Hey everyone” instead?",
        "user": "USLACKBOT",
        "ts": "1650505676.800269",
        "reactions": [
            {
                "name": "+1",
                "users": [
                    "U03AVHF6PGE"
                ],
                "count": 1
            }
        ]
    },
    {
        "client_msg_id": "58925277-b297-4f2f-9a21-1f8ad8debd07",
        "type": "message",
        "text": "Hi Joel, I’d love to hear more!",
        "user": "U03AQS3HCAH",
        "ts": "1650508444.644179",
        "team": "TJE58GTJL",
        "user_team": "TJE58GTJL",
        "source_team": "TJE58GTJL",
        "user_profile": {
            "avatar_hash": "47ff45d64b58",
            "image_72": "https:\/\/avatars.slack-edge.com\/2022-04-08\/3361189819750_47ff45d64b58fad10c57_72.png",
            "first_name": "Claire",
            "real_name": "Claire Deane",
            "display_name": "",
            "team": "TJE58GTJL",
            "name": "claire430",
            "is_restricted": false,
            "is_ultra_restricted": false
        },
        "blocks": [
            {
                "type": "rich_text",
                "block_id": "uwS=",
                "elements": [
                    {
                        "type": "rich_text_section",
                        "elements": [
                            {
                                "type": "text",
                                "text": "Hi Joel, I’d love to hear more!"
                            }
                        ]
                    }
                ]
            }
        ],
        "thread_ts": "1650468196.545709",
        "parent_user_id": "U03C3FH2ZH8"
    },
    {
        "client_msg_id": "3BDAADA4-E3D7-4CAF-84B9-239B63680326",
        "type": "message",
        "text": "Hello <@U036K03RW1L> , how do you achieve the cost effectiveness? \n\nDoes this involve a lower payment range for employees in developing countries?",
        "user": "U034ZC5RY3U",
        "ts": "1650522774.845679",
        "team": "TJE58GTJL",
        "user_team": "TJE58GTJL",
        "source_team": "TJE58GTJL",
        "user_profile": {
            "avatar_hash": "dbd0e771a518",
            "image_72": "https:\/\/avatars.slack-edge.com\/2022-03-16\/3273505098592_dbd0e771a518d3a263a7_72.png",
            "first_name": "Folasade",
            "real_name": "Folasade",
            "display_name": "Folasade",
            "team": "TJE58GTJL",
            "name": "folasadesobayo",
            "is_restricted": false,
            "is_ultra_restricted": false
        },
        "blocks": [
            {
                "type": "rich_text",
                "block_id": "rPyUp",
                "elements": [
                    {
                        "type": "rich_text_section",
                        "elements": [
                            {
                                "type": "text",
                                "text": "Hello "
                            },
                            {
                                "type": "user",
                                "user_id": "U036K03RW1L"
                            },
                            {
                                "type": "text",
                                "text": " , how do you achieve the cost effectiveness? \n"
                            },
                            {
                                "type": "text",
                                "text": "\n"
                            },
                            {
                                "type": "text",
                                "text": "Does this involve a lower payment range for employees in developing countries?"
                            }
                        ]
                    }
                ]
            }
        ],
        "thread_ts": "1650505675.971019",
        "parent_user_id": "U036K03RW1L"
    }
]