[
    {
        "client_msg_id": "29e89faa-e14e-486f-ae9a-c0f8226e4892",
        "type": "message",
        "text": "Yes I think a trial project should have the same regular pricing. As it also helps the client determine if it's worth it for them.\n\nOtherwise, you'll end up spending more time on discounted trials rather than actual work.",
        "user": "U02R458ARDJ",
        "ts": "1641398856.085500",
        "team": "TJE58GTJL",
        "user_team": "TJE58GTJL",
        "source_team": "TJE58GTJL",
        "user_profile": {
            "avatar_hash": "860c375ef6b4",
            "image_72": "https:\/\/avatars.slack-edge.com\/2021-12-16\/2875733094320_860c375ef6b421b3bff2_72.png",
            "first_name": "Kevin",
            "real_name": "Kevin Daniel",
            "display_name": "Kevin Daniel",
            "team": "TJE58GTJL",
            "name": "kevin427",
            "is_restricted": false,
            "is_ultra_restricted": false
        },
        "blocks": [
            {
                "type": "rich_text",
                "block_id": "QXgt",
                "elements": [
                    {
                        "type": "rich_text_section",
                        "elements": [
                            {
                                "type": "text",
                                "text": "Yes I think a trial project should have the same regular pricing. As it also helps the client determine if it's worth it for them.\n\nOtherwise, you'll end up spending more time on discounted trials rather than actual work."
                            }
                        ]
                    }
                ]
            }
        ],
        "thread_ts": "1641337154.080800",
        "parent_user_id": "U02NK9ZJSGY",
        "reactions": [
            {
                "name": "+1",
                "users": [
                    "U02NK9ZJSGY"
                ],
                "count": 1
            }
        ]
    },
    {
        "client_msg_id": "94c6c129-ec16-4bd6-a285-a2cc074dd4e6",
        "type": "message",
        "text": "Does anyone have contacts at Duolingo? I'd kill for a chance to write copy for them.",
        "user": "U02P9A0LY7R",
        "ts": "1641404181.087700",
        "team": "TJE58GTJL",
        "user_team": "TJE58GTJL",
        "source_team": "TJE58GTJL",
        "user_profile": {
            "avatar_hash": "515aa668a9b0",
            "image_72": "https:\/\/avatars.slack-edge.com\/2021-12-06\/2799761650822_515aa668a9b023146cc1_72.jpg",
            "first_name": "Erin",
            "real_name": "Erin Cafferty",
            "display_name": "Erin Cafferty",
            "team": "TJE58GTJL",
            "name": "ecafferty94",
            "is_restricted": false,
            "is_ultra_restricted": false
        },
        "blocks": [
            {
                "type": "rich_text",
                "block_id": "bk1aG",
                "elements": [
                    {
                        "type": "rich_text_section",
                        "elements": [
                            {
                                "type": "text",
                                "text": "Does anyone have contacts at Duolingo? I'd kill for a chance to write copy for them."
                            }
                        ]
                    }
                ]
            }
        ]
    },
    {
        "client_msg_id": "89c29d3e-b34a-40b9-85d2-84d8ce5714ad",
        "type": "message",
        "text": "Does anyone LOVE their NYC accountant (who is a sole proprietor?)",
        "user": "U023G1P70KE",
        "ts": "1641407433.088200",
        "team": "TJE58GTJL",
        "user_team": "TJE58GTJL",
        "source_team": "TJE58GTJL",
        "user_profile": {
            "avatar_hash": "b252d763715f",
            "image_72": "https:\/\/avatars.slack-edge.com\/2021-05-27\/2105155640806_b252d763715fd9976bdc_72.jpg",
            "first_name": "Emily",
            "real_name": "Emily Warren",
            "display_name": "Emily Warren",
            "team": "TJE58GTJL",
            "name": "emilyhonora",
            "is_restricted": false,
            "is_ultra_restricted": false
        },
        "blocks": [
            {
                "type": "rich_text",
                "block_id": "U6w",
                "elements": [
                    {
                        "type": "rich_text_section",
                        "elements": [
                            {
                                "type": "text",
                                "text": "Does anyone LOVE their NYC accountant (who is a sole proprietor?)"
                            }
                        ]
                    }
                ]
            }
        ],
        "reactions": [
            {
                "name": "eyes",
                "users": [
                    "UJG9WTEKG",
                    "U023G1P70KE"
                ],
                "count": 2
            }
        ]
    },
    {
        "client_msg_id": "7b54137e-e7ff-4226-8c40-2d469c3f7dfe",
        "type": "message",
        "text": "I'm looking for freelance content writers who have experience in SaaS, particularly HR\/onboarding, productivity, sales, or customer service for the <https:\/\/scribehow.com\/|Scribe> blog. Looking for both 1,200-1,500-word blogs and longer pillar pages.\n\nPlease send an email if interested to <mailto:jakub@scribehow.com|jakub@scribehow.com> with:\n• Rates\n• Portfolio\/samples\n• Availability (dates and bandwidth -- I have immediate and yearly content needs)\nLooking forward to hearing from you!",
        "user": "U02SMBRHL6A",
        "ts": "1641424745.091800",
        "team": "TJE58GTJL",
        "user_team": "TJE58GTJL",
        "source_team": "TJE58GTJL",
        "user_profile": {
            "avatar_hash": "c2d06a19ca6a",
            "image_72": "https:\/\/avatars.slack-edge.com\/2022-01-05\/2899370088055_c2d06a19ca6ae5265699_72.jpg",
            "first_name": "Jakub",
            "real_name": "Jakub Rudnik",
            "display_name": "Jakub Rudnik",
            "team": "TJE58GTJL",
            "name": "jakub",
            "is_restricted": false,
            "is_ultra_restricted": false
        },
        "blocks": [
            {
                "type": "rich_text",
                "block_id": "XyI",
                "elements": [
                    {
                        "type": "rich_text_section",
                        "elements": [
                            {
                                "type": "text",
                                "text": "I'm looking for freelance content writers who have experience in SaaS, particularly HR\/onboarding, productivity, sales, or customer service for the "
                            },
                            {
                                "type": "link",
                                "url": "https:\/\/scribehow.com\/",
                                "text": "Scribe"
                            },
                            {
                                "type": "text",
                                "text": " blog. Looking for both 1,200-1,500-word blogs and longer pillar pages.\n\nPlease send an email if interested to "
                            },
                            {
                                "type": "link",
                                "url": "mailto:jakub@scribehow.com",
                                "text": "jakub@scribehow.com"
                            },
                            {
                                "type": "text",
                                "text": " with:\n"
                            }
                        ]
                    },
                    {
                        "type": "rich_text_list",
                        "elements": [
                            {
                                "type": "rich_text_section",
                                "elements": [
                                    {
                                        "type": "text",
                                        "text": "Rates"
                                    }
                                ]
                            },
                            {
                                "type": "rich_text_section",
                                "elements": [
                                    {
                                        "type": "text",
                                        "text": "Portfolio\/samples"
                                    }
                                ]
                            },
                            {
                                "type": "rich_text_section",
                                "elements": [
                                    {
                                        "type": "text",
                                        "text": "Availability (dates and bandwidth -- I have immediate and yearly content needs)"
                                    }
                                ]
                            }
                        ],
                        "style": "bullet",
                        "indent": 0,
                        "border": 0
                    },
                    {
                        "type": "rich_text_section",
                        "elements": [
                            {
                                "type": "text",
                                "text": "\nLooking forward to hearing from you!"
                            }
                        ]
                    }
                ]
            }
        ],
        "reactions": [
            {
                "name": "wave",
                "users": [
                    "U01J85VRKF1",
                    "UUVS5HWMB",
                    "U028D815JA0",
                    "U027KKWUY12",
                    "U02NS1CT0GH",
                    "U02F1GK6U6B",
                    "U02S2UZU3D3",
                    "U02GMMQ281W",
                    "U020EL92NBZ",
                    "U0188DZQPB8",
                    "U02L5GTFSGG"
                ],
                "count": 11
            },
            {
                "name": "writing_hand::skin-tone-2",
                "users": [
                    "U02SU2BECCA"
                ],
                "count": 1
            },
            {
                "name": "writing_hand",
                "users": [
                    "U02HD0L8HAP",
                    "U01PXN2LGAK",
                    "U01J84U3SQ6"
                ],
                "count": 3
            },
            {
                "name": "white_check_mark",
                "users": [
                    "U02DQ4MB30E",
                    "U02SQ6PSPMZ"
                ],
                "count": 2
            },
            {
                "name": "wave::skin-tone-5",
                "users": [
                    "U02B60S6FBM"
                ],
                "count": 1
            }
        ]
    }
]