[
    {
        "client_msg_id": "71dd3d55-bc3d-4081-bfd5-e4fa8c488c37",
        "type": "message",
        "text": "We have google ads running at the moment and ideally I'd like someone to audit them and tell me how I can make them better :slightly_smiling_face:",
        "user": "U031DQX4UJU",
        "ts": "1646996572.112289",
        "team": "TJE58GTJL",
        "user_team": "TJE58GTJL",
        "source_team": "TJE58GTJL",
        "user_profile": {
            "avatar_hash": "fe22283948c4",
            "image_72": "https:\/\/avatars.slack-edge.com\/2022-01-28\/3017633712006_fe22283948c4a3c82fe9_72.png",
            "first_name": "Jessica",
            "real_name": "Jessica Walker",
            "display_name": "Jessica Walker",
            "team": "TJE58GTJL",
            "name": "jessica960",
            "is_restricted": false,
            "is_ultra_restricted": false
        },
        "blocks": [
            {
                "type": "rich_text",
                "block_id": "scvM",
                "elements": [
                    {
                        "type": "rich_text_section",
                        "elements": [
                            {
                                "type": "text",
                                "text": "We have google ads running at the moment and ideally I'd like someone to audit them and tell me how I can make them better "
                            },
                            {
                                "type": "emoji",
                                "name": "slightly_smiling_face"
                            }
                        ]
                    }
                ]
            }
        ],
        "thread_ts": "1646901556.924349",
        "parent_user_id": "U031DQX4UJU"
    },
    {
        "client_msg_id": "b5bc928d-e14e-4907-bfae-bfdbd8dda3df",
        "type": "message",
        "text": "We do Google Ads and Google Ads audits. If you want to send me over your email, I can connect you with our CEO and our Google Ads specialist to get the ball rolling on the audit. You can also check out our website at <https:\/\/veivos.com\/google-ads\/>. Our Google Ads specialist has recently been able to get conversions rates for our clients up around 20%.",
        "user": "U0359RCHAGY",
        "ts": "1647011296.335379",
        "team": "TJE58GTJL",
        "user_team": "TJE58GTJL",
        "source_team": "TJE58GTJL",
        "user_profile": {
            "avatar_hash": "b7dd2989bd4d",
            "image_72": "https:\/\/avatars.slack-edge.com\/2022-02-24\/3141563210823_b7dd2989bd4d9bfa430d_72.jpg",
            "first_name": "Joel",
            "real_name": "Joel Reynolds",
            "display_name": "Joel Reynolds",
            "team": "TJE58GTJL",
            "name": "joel824",
            "is_restricted": false,
            "is_ultra_restricted": false
        },
        "attachments": [
            {
                "from_url": "https:\/\/veivos.com\/google-ads\/",
                "image_url": "https:\/\/veivos.com\/wp-content\/uploads\/2021\/09\/window-_1_.jpg",
                "image_width": 386,
                "image_height": 250,
                "image_bytes": 34851,
                "service_icon": "https:\/\/veivos.com\/wp-content\/uploads\/2021\/11\/cropped-Veivos-V.png-180x180.png",
                "id": 1,
                "original_url": "https:\/\/veivos.com\/google-ads\/",
                "fallback": "Veivos: SEM PPC - Veivos",
                "title": "SEM PPC - Veivos",
                "title_link": "https:\/\/veivos.com\/google-ads\/",
                "service_name": "Veivos",
                "fields": [
                    {
                        "value": "12 minutes",
                        "title": "Est. reading time",
                        "short": true
                    }
                ]
            }
        ],
        "blocks": [
            {
                "type": "rich_text",
                "block_id": "C2pCG",
                "elements": [
                    {
                        "type": "rich_text_section",
                        "elements": [
                            {
                                "type": "text",
                                "text": "We do Google Ads and Google Ads audits. If you want to send me over your email, I can connect you with our CEO and our Google Ads specialist to get the ball rolling on the audit. You can also check out our website at "
                            },
                            {
                                "type": "link",
                                "url": "https:\/\/veivos.com\/google-ads\/"
                            },
                            {
                                "type": "text",
                                "text": ". Our Google Ads specialist has recently been able to get conversions rates for our clients up around 20%."
                            }
                        ]
                    }
                ]
            }
        ],
        "thread_ts": "1646901556.924349",
        "parent_user_id": "U031DQX4UJU"
    },
    {
        "client_msg_id": "0c1efcba-2900-4933-a50b-bab4f0564faf",
        "type": "message",
        "text": "Or, you can email me at <mailto:joel@veivos.com|joel@veivos.com>. Whichever you prefer.",
        "user": "U0359RCHAGY",
        "ts": "1647012314.399819",
        "team": "TJE58GTJL",
        "user_team": "TJE58GTJL",
        "source_team": "TJE58GTJL",
        "user_profile": {
            "avatar_hash": "b7dd2989bd4d",
            "image_72": "https:\/\/avatars.slack-edge.com\/2022-02-24\/3141563210823_b7dd2989bd4d9bfa430d_72.jpg",
            "first_name": "Joel",
            "real_name": "Joel Reynolds",
            "display_name": "Joel Reynolds",
            "team": "TJE58GTJL",
            "name": "joel824",
            "is_restricted": false,
            "is_ultra_restricted": false
        },
        "blocks": [
            {
                "type": "rich_text",
                "block_id": "la6",
                "elements": [
                    {
                        "type": "rich_text_section",
                        "elements": [
                            {
                                "type": "text",
                                "text": "Or, you can email me at "
                            },
                            {
                                "type": "link",
                                "url": "mailto:joel@veivos.com",
                                "text": "joel@veivos.com"
                            },
                            {
                                "type": "text",
                                "text": ". Whichever you prefer."
                            }
                        ]
                    }
                ]
            }
        ],
        "thread_ts": "1646901556.924349",
        "parent_user_id": "U031DQX4UJU"
    },
    {
        "client_msg_id": "788f2b79-61fa-4121-84b0-52005f9feaeb",
        "type": "message",
        "text": "Hello everyone! I am looking for experienced Product Designers and Growth Hackers (at least 7 years of experience) to feature on our micro consulting platform <https:\/\/wizly.app\/> . We already have over 120 high profile experts (many have fortune 500 experience, including Facebook, Google, Apple, etc.) to answer micro consulting questions.\n\nThere are 3 ways to monetize on Wizly as an expert:\n\n1. By answering micro consulting question;\n2. When users schedule a micro consulting session with you (you can charge up to 250$\/micro consulting session);\n3. When you produce content or hold a webinar for us.\nIf you believe you are a good fit, please DM me your LinkedIn profile URL.",
        "user": "U034Q9PAU90",
        "ts": "1647015539.907629",
        "team": "TJE58GTJL",
        "user_team": "TJE58GTJL",
        "source_team": "TJE58GTJL",
        "user_profile": {
            "avatar_hash": "0d8d8f72a478",
            "image_72": "https:\/\/avatars.slack-edge.com\/2022-02-25\/3145844917799_0d8d8f72a4787e44926d_72.jpg",
            "first_name": "Stef",
            "real_name": "Stef Curcio",
            "display_name": "Stef Curcio",
            "team": "TJE58GTJL",
            "name": "curciostef",
            "is_restricted": false,
            "is_ultra_restricted": false
        },
        "blocks": [
            {
                "type": "rich_text",
                "block_id": "Bpak",
                "elements": [
                    {
                        "type": "rich_text_section",
                        "elements": [
                            {
                                "type": "text",
                                "text": "Hello everyone! I am looking for experienced Product Designers and Growth Hackers (at least 7 years of experience) to feature on our micro consulting platform "
                            },
                            {
                                "type": "link",
                                "url": "https:\/\/wizly.app\/"
                            },
                            {
                                "type": "text",
                                "text": " . We already have over 120 high profile experts (many have fortune 500 experience, including Facebook, Google, Apple, etc.) to answer micro consulting questions.\n\nThere are 3 ways to monetize on Wizly as an expert:\n\n"
                            }
                        ]
                    },
                    {
                        "type": "rich_text_list",
                        "elements": [
                            {
                                "type": "rich_text_section",
                                "elements": [
                                    {
                                        "type": "text",
                                        "text": "By answering micro consulting question;"
                                    }
                                ]
                            },
                            {
                                "type": "rich_text_section",
                                "elements": [
                                    {
                                        "type": "text",
                                        "text": "When users schedule a micro consulting session with you (you can charge up to 250$\/micro consulting session);"
                                    }
                                ]
                            },
                            {
                                "type": "rich_text_section",
                                "elements": [
                                    {
                                        "type": "text",
                                        "text": "When you produce content or hold a webinar for us."
                                    }
                                ]
                            }
                        ],
                        "style": "ordered",
                        "indent": 0,
                        "border": 0
                    },
                    {
                        "type": "rich_text_section",
                        "elements": [
                            {
                                "type": "text",
                                "text": "\nIf you believe you are a good fit, please DM me your LinkedIn profile URL."
                            }
                        ]
                    }
                ]
            }
        ]
    },
    {
        "client_msg_id": "E3A4A4CB-8348-4D8B-97E7-55077EAAD090",
        "type": "message",
        "text": "I have a client that needs business plan writers. If you know any business plan writer, please send me a message ",
        "user": "U033A5LUX6G",
        "ts": "1647026072.817829",
        "team": "TJE58GTJL",
        "user_team": "TJE58GTJL",
        "source_team": "TJE58GTJL",
        "user_profile": {
            "avatar_hash": "44f234457abd",
            "image_72": "https:\/\/avatars.slack-edge.com\/2022-02-19\/3131358362643_44f234457abd2a36ce8c_72.png",
            "first_name": "Adeife",
            "real_name": "Adeife Adeoye",
            "display_name": "Adeife Adeoye",
            "team": "TJE58GTJL",
            "name": "adeifeadeoye",
            "is_restricted": false,
            "is_ultra_restricted": false
        },
        "blocks": [
            {
                "type": "rich_text",
                "block_id": "vGd8",
                "elements": [
                    {
                        "type": "rich_text_section",
                        "elements": [
                            {
                                "type": "text",
                                "text": "I have a client that needs business plan writers. If you know any business plan writer, please send me a message "
                            }
                        ]
                    }
                ]
            }
        ],
        "thread_ts": "1647026072.817829",
        "reply_count": 1,
        "reply_users_count": 1,
        "latest_reply": "1647178751.262539",
        "reply_users": [
            "U02Q8U5T7TP"
        ],
        "replies": [
            {
                "user": "U02Q8U5T7TP",
                "ts": "1647178751.262539"
            }
        ],
        "is_locked": false,
        "subscribed": false
    }
]