[
    {
        "client_msg_id": "2055ae12-30c6-4d79-a13e-47968568ceab",
        "type": "message",
        "text": "<@U02UNK9DJSZ> holy wow, what did you use to build this graph? This is so insightful.",
        "user": "U02LGA1DB9N",
        "ts": "1643283746.225100",
        "team": "TJE58GTJL",
        "user_team": "TJE58GTJL",
        "source_team": "TJE58GTJL",
        "user_profile": {
            "avatar_hash": "g155e4fbdeca",
            "image_72": "https:\/\/secure.gravatar.com\/avatar\/155e4fbdecae853708a128414a53d994.jpg?s=72&d=https%3A%2F%2Fa.slack-edge.com%2Fdf10d%2Fimg%2Favatars%2Fava_0025-72.png",
            "first_name": "Jenn",
            "real_name": "Jenn Palandro",
            "display_name": "jenn",
            "team": "TJE58GTJL",
            "name": "jenny075",
            "is_restricted": false,
            "is_ultra_restricted": false
        },
        "blocks": [
            {
                "type": "rich_text",
                "block_id": "gSq",
                "elements": [
                    {
                        "type": "rich_text_section",
                        "elements": [
                            {
                                "type": "user",
                                "user_id": "U02UNK9DJSZ"
                            },
                            {
                                "type": "text",
                                "text": " holy wow, what did you use to build this graph? This is so insightful."
                            }
                        ]
                    }
                ]
            }
        ],
        "thread_ts": "1643235844.224100",
        "parent_user_id": "U02AR2XSN1M"
    },
    {
        "client_msg_id": "4b32003d-df8c-42dc-9b89-3e99f258b178",
        "type": "message",
        "text": "I use PocketSmith to automatically track all of my income and expenses as well as organize them in different categories. There are lots of apps that help with this but I needed one that connects to my different European bank accounts, which limited my options.\n\nThen I also have a spreadsheet where I track monthly income per type of work I do, business expenses, business profit, my take-home, and what I need to set aside for taxes. Most of it works with formulas so once I've entered the income and expense numbers, the rest is automatically calculated.",
        "user": "U02J7DM81AQ",
        "ts": "1643296234.225700",
        "team": "TJE58GTJL",
        "user_team": "TJE58GTJL",
        "source_team": "TJE58GTJL",
        "user_profile": {
            "avatar_hash": "gb47e412d680",
            "image_72": "https:\/\/secure.gravatar.com\/avatar\/b47e412d680490c17c4ca22271a9e55b.jpg?s=72&d=https%3A%2F%2Fa.slack-edge.com%2Fdf10d%2Fimg%2Favatars%2Fava_0016-72.png",
            "first_name": "Sofie",
            "real_name": "Sofie Couwenbergh",
            "display_name": "Sofie Couwenbergh",
            "team": "TJE58GTJL",
            "name": "sofie",
            "is_restricted": false,
            "is_ultra_restricted": false
        },
        "blocks": [
            {
                "type": "rich_text",
                "block_id": "F4+E",
                "elements": [
                    {
                        "type": "rich_text_section",
                        "elements": [
                            {
                                "type": "text",
                                "text": "I use PocketSmith to automatically track all of my income and expenses as well as organize them in different categories. There are lots of apps that help with this but I needed one that connects to my different European bank accounts, which limited my options.\n\nThen I also have a spreadsheet where I track monthly income per type of work I do, business expenses, business profit, my take-home, and what I need to set aside for taxes. Most of it works with formulas so once I've entered the income and expense numbers, the rest is automatically calculated."
                            }
                        ]
                    }
                ]
            }
        ],
        "thread_ts": "1643235844.224100",
        "parent_user_id": "U02AR2XSN1M"
    },
    {
        "client_msg_id": "49663d7c-d791-4d90-8bd0-ff24d5f23045",
        "type": "message",
        "text": "Hi everyone, I'm looking for product marketing managers and\/or demand generation marketers who also do writing on the side. For both regular writing work and occasional projects. Let me know if you have any good recommendations! Thanks! :pray:",
        "user": "U019P0ADPCH",
        "ts": "1643303344.228600",
        "team": "TJE58GTJL",
        "user_team": "TJE58GTJL",
        "source_team": "TJE58GTJL",
        "user_profile": {
            "avatar_hash": "b26c915e9b23",
            "image_72": "https:\/\/avatars.slack-edge.com\/2021-04-29\/2020593037140_b26c915e9b23e5b0cdbe_72.png",
            "first_name": "Alexandra",
            "real_name": "Alexandra Cote",
            "display_name": "Alexandra Cote",
            "team": "TJE58GTJL",
            "name": "cotealexandra11",
            "is_restricted": false,
            "is_ultra_restricted": false
        },
        "blocks": [
            {
                "type": "rich_text",
                "block_id": "zQl",
                "elements": [
                    {
                        "type": "rich_text_section",
                        "elements": [
                            {
                                "type": "text",
                                "text": "Hi everyone, I'm looking for product marketing managers and\/or demand generation marketers who also do writing on the side. For both regular writing work and occasional projects. Let me know if you have any good recommendations! Thanks! "
                            },
                            {
                                "type": "emoji",
                                "name": "pray"
                            }
                        ]
                    }
                ]
            }
        ],
        "thread_ts": "1643303344.228600",
        "reply_count": 2,
        "reply_users_count": 2,
        "latest_reply": "1644504567.895209",
        "reply_users": [
            "U02CZJT4FDG",
            "U01FUP6AMEZ"
        ],
        "replies": [
            {
                "user": "U02CZJT4FDG",
                "ts": "1643387166.267899"
            },
            {
                "user": "U01FUP6AMEZ",
                "ts": "1644504567.895209"
            }
        ],
        "is_locked": false,
        "subscribed": false,
        "reactions": [
            {
                "name": "point_up_2",
                "users": [
                    "U02CZJT4FDG"
                ],
                "count": 1
            }
        ]
    },
    {
        "client_msg_id": "5e46351c-2d92-4318-9a8b-02a78332d6f9",
        "type": "message",
        "text": "*What’s the best way to gain experience and build a portfolio in a new niche?*\nMore background: I currently have experience with UX Writing in the financial and fintech industry, but would like to transition to health and wellness UX Writing.",
        "user": "U02LGA1DB9N",
        "ts": "1643309319.229800",
        "team": "TJE58GTJL",
        "user_team": "TJE58GTJL",
        "source_team": "TJE58GTJL",
        "user_profile": {
            "avatar_hash": "g155e4fbdeca",
            "image_72": "https:\/\/secure.gravatar.com\/avatar\/155e4fbdecae853708a128414a53d994.jpg?s=72&d=https%3A%2F%2Fa.slack-edge.com%2Fdf10d%2Fimg%2Favatars%2Fava_0025-72.png",
            "first_name": "Jenn",
            "real_name": "Jenn Palandro",
            "display_name": "jenn",
            "team": "TJE58GTJL",
            "name": "jenny075",
            "is_restricted": false,
            "is_ultra_restricted": false
        },
        "edited": {
            "user": "U02LGA1DB9N",
            "ts": "1643309401.000000"
        },
        "blocks": [
            {
                "type": "rich_text",
                "block_id": "lqw",
                "elements": [
                    {
                        "type": "rich_text_section",
                        "elements": [
                            {
                                "type": "text",
                                "text": "What’s the best way to gain experience and build a portfolio in a new niche?",
                                "style": {
                                    "bold": true
                                }
                            },
                            {
                                "type": "text",
                                "text": "\nMore background: I currently have experience with UX Writing in the financial and fintech industry, but would like to transition to health and wellness UX Writing."
                            }
                        ]
                    }
                ]
            }
        ],
        "thread_ts": "1643309319.229800",
        "reply_count": 5,
        "reply_users_count": 4,
        "latest_reply": "1643330527.635879",
        "reply_users": [
            "U02SU2BECCA",
            "U02B60S6FBM",
            "U02LGA1DB9N",
            "U01AHL8AGBB"
        ],
        "replies": [
            {
                "user": "U02SU2BECCA",
                "ts": "1643309540.230100"
            },
            {
                "user": "U02B60S6FBM",
                "ts": "1643309876.230300"
            },
            {
                "user": "U02LGA1DB9N",
                "ts": "1643311983.231100"
            },
            {
                "user": "U01AHL8AGBB",
                "ts": "1643315990.231400"
            },
            {
                "user": "U02LGA1DB9N",
                "ts": "1643330527.635879"
            }
        ],
        "is_locked": false,
        "subscribed": false
    },
    {
        "client_msg_id": "3f9d0280-879e-4d9d-a6fd-4251e3f18fd9",
        "type": "message",
        "text": "I'd suggest writing a few pieces on spec, then using those for some cold outreach to health and wellness orgs you'd love to write for.",
        "user": "U02SU2BECCA",
        "ts": "1643309540.230100",
        "team": "TJE58GTJL",
        "user_team": "TJE58GTJL",
        "source_team": "TJE58GTJL",
        "user_profile": {
            "avatar_hash": "ee48b1106795",
            "image_72": "https:\/\/avatars.slack-edge.com\/2022-01-05\/2912317446291_ee48b110679501fff7ef_72.jpg",
            "first_name": "Lawrence",
            "real_name": "Lawrence Barker",
            "display_name": "Lawrence",
            "team": "TJE58GTJL",
            "name": "lawrence",
            "is_restricted": false,
            "is_ultra_restricted": false
        },
        "blocks": [
            {
                "type": "rich_text",
                "block_id": "npPQ",
                "elements": [
                    {
                        "type": "rich_text_section",
                        "elements": [
                            {
                                "type": "text",
                                "text": "I'd suggest writing a few pieces on spec, then using those for some cold outreach to health and wellness orgs you'd love to write for."
                            }
                        ]
                    }
                ]
            }
        ],
        "thread_ts": "1643309319.229800",
        "parent_user_id": "U02LGA1DB9N",
        "reactions": [
            {
                "name": "heart",
                "users": [
                    "U02LGA1DB9N",
                    "U01T30ZCN82"
                ],
                "count": 2
            }
        ]
    },
    {
        "client_msg_id": "b8a4f598-2b6c-4c09-8f45-79138cb4542f",
        "type": "message",
        "text": "When I switched to HR Marketing last year, all I did was to create some samples and post them on Medium. I cold pitches potential clients in that niche with those samples and landed some clients. I even landed two awesome clients from Superpath... With those samples. :sweat_smile:\n\nSummarily, create writing samples for health and wellness UX writing. Like they say, preparation meets opportunity. :blush:",
        "user": "U02B60S6FBM",
        "ts": "1643309876.230300",
        "team": "TJE58GTJL",
        "user_team": "TJE58GTJL",
        "source_team": "TJE58GTJL",
        "user_profile": {
            "avatar_hash": "2f1e23ef404a",
            "image_72": "https:\/\/avatars.slack-edge.com\/2021-08-13\/2376884926485_2f1e23ef404a0d536b39_72.jpg",
            "first_name": "Wuraola",
            "real_name": "Wuraola",
            "display_name": "Wuraola",
            "team": "TJE58GTJL",
            "name": "omobolanleshanu",
            "is_restricted": false,
            "is_ultra_restricted": false
        },
        "edited": {
            "user": "U02B60S6FBM",
            "ts": "1643309895.000000"
        },
        "blocks": [
            {
                "type": "rich_text",
                "block_id": "DGcx",
                "elements": [
                    {
                        "type": "rich_text_section",
                        "elements": [
                            {
                                "type": "text",
                                "text": "When I switched to HR Marketing last year, all I did was to create some samples and post them on Medium. I cold pitches potential clients in that niche with those samples and landed some clients. I even landed two awesome clients from Superpath... With those samples. "
                            },
                            {
                                "type": "emoji",
                                "name": "sweat_smile"
                            },
                            {
                                "type": "text",
                                "text": "\n\nSummarily, create writing samples for health and wellness UX writing. Like they say, preparation meets opportunity. "
                            },
                            {
                                "type": "emoji",
                                "name": "blush"
                            }
                        ]
                    }
                ]
            }
        ],
        "thread_ts": "1643309319.229800",
        "parent_user_id": "U02LGA1DB9N",
        "reactions": [
            {
                "name": "heart",
                "users": [
                    "U02LGA1DB9N",
                    "U02PRMEAP0V"
                ],
                "count": 2
            },
            {
                "name": "+1",
                "users": [
                    "U02UXMQBQ3C"
                ],
                "count": 1
            }
        ]
    },
    {
        "client_msg_id": "64c9e6e8-9ba5-48c9-9e60-c32281682df1",
        "type": "message",
        "text": "<@U02LGA1DB9N> I just started a spreadsheet where I tracked a bunch of different aspects of each project. Client name, type of project, revenue, time spent, blah blah. After doing that for 18 months, it was p easy to whip up some graphs that drew from the info in the spready. The key is having the info in the first place - would have been a nightmare to do retrospectively.",
        "user": "U02UNK9DJSZ",
        "ts": "1643310903.230600",
        "team": "TJE58GTJL",
        "user_team": "TJE58GTJL",
        "source_team": "TJE58GTJL",
        "user_profile": {
            "avatar_hash": "b052c618f3df",
            "image_72": "https:\/\/avatars.slack-edge.com\/2022-01-20\/2977622180722_b052c618f3df14215512_72.jpg",
            "first_name": "Sam",
            "real_name": "Sam Grover",
            "display_name": "Sam Grover",
            "team": "TJE58GTJL",
            "name": "sam641",
            "is_restricted": false,
            "is_ultra_restricted": false
        },
        "blocks": [
            {
                "type": "rich_text",
                "block_id": "fpR",
                "elements": [
                    {
                        "type": "rich_text_section",
                        "elements": [
                            {
                                "type": "user",
                                "user_id": "U02LGA1DB9N"
                            },
                            {
                                "type": "text",
                                "text": " I just started a spreadsheet where I tracked a bunch of different aspects of each project. Client name, type of project, revenue, time spent, blah blah. After doing that for 18 months, it was p easy to whip up some graphs that drew from the info in the spready. The key is having the info in the first place - would have been a nightmare to do retrospectively."
                            }
                        ]
                    }
                ]
            }
        ],
        "thread_ts": "1643235844.224100",
        "parent_user_id": "U02AR2XSN1M"
    },
    {
        "client_msg_id": "be23fdb1-bf81-4865-b699-88a777de9f01",
        "type": "message",
        "text": "Great tips, thanks so much <@U02SU2BECCA> and <@U02B60S6FBM>!",
        "user": "U02LGA1DB9N",
        "ts": "1643311983.231100",
        "team": "TJE58GTJL",
        "user_team": "TJE58GTJL",
        "source_team": "TJE58GTJL",
        "user_profile": {
            "avatar_hash": "g155e4fbdeca",
            "image_72": "https:\/\/secure.gravatar.com\/avatar\/155e4fbdecae853708a128414a53d994.jpg?s=72&d=https%3A%2F%2Fa.slack-edge.com%2Fdf10d%2Fimg%2Favatars%2Fava_0025-72.png",
            "first_name": "Jenn",
            "real_name": "Jenn Palandro",
            "display_name": "jenn",
            "team": "TJE58GTJL",
            "name": "jenny075",
            "is_restricted": false,
            "is_ultra_restricted": false
        },
        "blocks": [
            {
                "type": "rich_text",
                "block_id": "XZ67Q",
                "elements": [
                    {
                        "type": "rich_text_section",
                        "elements": [
                            {
                                "type": "text",
                                "text": "Great tips, thanks so much "
                            },
                            {
                                "type": "user",
                                "user_id": "U02SU2BECCA"
                            },
                            {
                                "type": "text",
                                "text": " and "
                            },
                            {
                                "type": "user",
                                "user_id": "U02B60S6FBM"
                            },
                            {
                                "type": "text",
                                "text": "!"
                            }
                        ]
                    }
                ]
            }
        ],
        "thread_ts": "1643309319.229800",
        "parent_user_id": "U02LGA1DB9N"
    },
    {
        "client_msg_id": "a65357bd-7c22-4f2e-b856-a2c4e0eab5c6",
        "type": "message",
        "text": "Also, lots of reading in your target space. Get a feel for the tone, the hot topics, the gaps, the places where you might be able to lend a unique perspective. When searching for these pieces, search consciously: you are literally doing what your future-readers may be doing, so try and be mindful of how you're finding the content too.",
        "user": "U01AHL8AGBB",
        "ts": "1643315990.231400",
        "team": "TJE58GTJL",
        "user_team": "TJE58GTJL",
        "source_team": "TJE58GTJL",
        "user_profile": {
            "avatar_hash": "09eb34255d46",
            "image_72": "https:\/\/avatars.slack-edge.com\/2020-09-07\/1347887170866_09eb34255d4678a00ddc_72.png",
            "first_name": "Jordy",
            "real_name": "Jordy Fujiwara",
            "display_name": "Jordy",
            "team": "TJE58GTJL",
            "name": "jordy.fujiwara",
            "is_restricted": false,
            "is_ultra_restricted": false
        },
        "blocks": [
            {
                "type": "rich_text",
                "block_id": "kyM",
                "elements": [
                    {
                        "type": "rich_text_section",
                        "elements": [
                            {
                                "type": "text",
                                "text": "Also, lots of reading in your target space. Get a feel for the tone, the hot topics, the gaps, the places where you might be able to lend a unique perspective. When searching for these pieces, search consciously: you are literally doing what your future-readers may be doing, so try and be mindful of how you're finding the content too."
                            }
                        ]
                    }
                ]
            }
        ],
        "thread_ts": "1643309319.229800",
        "parent_user_id": "U02LGA1DB9N",
        "reactions": [
            {
                "name": "100",
                "users": [
                    "U02SU2BECCA",
                    "U02F1GK6U6B"
                ],
                "count": 2
            },
            {
                "name": "heart",
                "users": [
                    "U02LGA1DB9N",
                    "U02PRMEAP0V",
                    "U02FBJMJ47R"
                ],
                "count": 3
            },
            {
                "name": "+1",
                "users": [
                    "U02UXMQBQ3C"
                ],
                "count": 1
            }
        ]
    },
    {
        "client_msg_id": "8ab4e725-865e-43ec-b1c7-8a034a9ce83a",
        "type": "message",
        "text": "How my life typically is as a freelancer = \"Ohh crap I should probably have turned on my timer\"",
        "user": "U02CVNB3X1T",
        "ts": "1643319398.231700",
        "team": "TJE58GTJL",
        "user_team": "TJE58GTJL",
        "source_team": "TJE58GTJL",
        "user_profile": {
            "avatar_hash": "a98cd79fc67b",
            "image_72": "https:\/\/avatars.slack-edge.com\/2021-12-28\/2891088304196_a98cd79fc67b29986082_72.png",
            "first_name": "Julie",
            "real_name": "Julie Simpson",
            "display_name": "Julie Simpson",
            "team": "TJE58GTJL",
            "name": "jujuklu",
            "is_restricted": false,
            "is_ultra_restricted": false
        },
        "blocks": [
            {
                "type": "rich_text",
                "block_id": "Bgpl",
                "elements": [
                    {
                        "type": "rich_text_section",
                        "elements": [
                            {
                                "type": "text",
                                "text": "How my life typically is as a freelancer = \"Ohh crap I should probably have turned on my timer\""
                            }
                        ]
                    }
                ]
            }
        ],
        "thread_ts": "1643235844.224100",
        "parent_user_id": "U02AR2XSN1M"
    },
    {
        "client_msg_id": "d43d9361-43c5-4876-b650-9e84297da782",
        "type": "message",
        "text": "Which is why I always do projects, and NOT hourly!",
        "user": "U02CVNB3X1T",
        "ts": "1643319410.231900",
        "team": "TJE58GTJL",
        "user_team": "TJE58GTJL",
        "source_team": "TJE58GTJL",
        "user_profile": {
            "avatar_hash": "a98cd79fc67b",
            "image_72": "https:\/\/avatars.slack-edge.com\/2021-12-28\/2891088304196_a98cd79fc67b29986082_72.png",
            "first_name": "Julie",
            "real_name": "Julie Simpson",
            "display_name": "Julie Simpson",
            "team": "TJE58GTJL",
            "name": "jujuklu",
            "is_restricted": false,
            "is_ultra_restricted": false
        },
        "blocks": [
            {
                "type": "rich_text",
                "block_id": "s2y",
                "elements": [
                    {
                        "type": "rich_text_section",
                        "elements": [
                            {
                                "type": "text",
                                "text": "Which is why I always do projects, and NOT hourly!"
                            }
                        ]
                    }
                ]
            }
        ],
        "thread_ts": "1643235844.224100",
        "parent_user_id": "U02AR2XSN1M"
    },
    {
        "client_msg_id": "ac8f0e92-55ac-4559-bbc2-e6ccd39dad1f",
        "type": "message",
        "text": "Yah i'm pretty disciplined about it these days. More often forget to turn it off than turn it on, which is also annoying but less so.",
        "user": "U02UNK9DJSZ",
        "ts": "1643323913.797089",
        "team": "TJE58GTJL",
        "user_team": "TJE58GTJL",
        "source_team": "TJE58GTJL",
        "user_profile": {
            "avatar_hash": "b052c618f3df",
            "image_72": "https:\/\/avatars.slack-edge.com\/2022-01-20\/2977622180722_b052c618f3df14215512_72.jpg",
            "first_name": "Sam",
            "real_name": "Sam Grover",
            "display_name": "Sam Grover",
            "team": "TJE58GTJL",
            "name": "sam641",
            "is_restricted": false,
            "is_ultra_restricted": false
        },
        "blocks": [
            {
                "type": "rich_text",
                "block_id": "Lwd",
                "elements": [
                    {
                        "type": "rich_text_section",
                        "elements": [
                            {
                                "type": "text",
                                "text": "Yah i'm pretty disciplined about it these days. More often forget to turn it off than turn it on, which is also annoying but less so."
                            }
                        ]
                    }
                ]
            }
        ],
        "thread_ts": "1643235844.224100",
        "parent_user_id": "U02AR2XSN1M"
    },
    {
        "client_msg_id": "2faa2c95-3e00-4690-a984-74416587221d",
        "type": "message",
        "text": ":sweat_smile: so true Julie. Or a notification at midnight: 'your timer has been running for 12 hours'. oops.\nThanks for the info Sam, your graph is awesome. I haven't done this by client or by category, but I just look at it overall each month. It sits at about 94% if I look at revenue - expenses, but after my own wages\/drawings and tax and yada yada, its about 60%. I think it's this number I need to keep an eye on.",
        "user": "U02AR2XSN1M",
        "ts": "1643327073.977989",
        "team": "TJE58GTJL",
        "user_team": "TJE58GTJL",
        "source_team": "TJE58GTJL",
        "user_profile": {
            "avatar_hash": "b0fa34c3f8f5",
            "image_72": "https:\/\/avatars.slack-edge.com\/2021-08-16\/2368450553975_b0fa34c3f8f5e02f6b43_72.jpg",
            "first_name": "Leonie",
            "real_name": "Leonie Waldron",
            "display_name": "Leonie Waldron",
            "team": "TJE58GTJL",
            "name": "leonie",
            "is_restricted": false,
            "is_ultra_restricted": false
        },
        "blocks": [
            {
                "type": "rich_text",
                "block_id": "rOmUY",
                "elements": [
                    {
                        "type": "rich_text_section",
                        "elements": [
                            {
                                "type": "emoji",
                                "name": "sweat_smile"
                            },
                            {
                                "type": "text",
                                "text": " so true Julie. Or a notification at midnight: 'your timer has been running for 12 hours'. oops.\nThanks for the info Sam, your graph is awesome. I haven't done this by client or by category, but I just look at it overall each month. It sits at about 94% if I look at revenue - expenses, but after my own wages\/drawings and tax and yada yada, its about 60%. I think it's this number I need to keep an eye on."
                            }
                        ]
                    }
                ]
            }
        ],
        "thread_ts": "1643235844.224100",
        "parent_user_id": "U02AR2XSN1M"
    },
    {
        "client_msg_id": "de28902c-9294-40ad-8e26-72b1ecaea06c",
        "type": "message",
        "text": "Yes, I sometimes try to assess each project on a profitability basis by eyeballing how much it would cost for me to hire someone to do the work. IE, paying myself a wage. But you get into some weird judgement calls really quick. Is my wage a full time wage? Is it hiring a cheaper contractor? Etc and soforth",
        "user": "U02UNK9DJSZ",
        "ts": "1643327135.506269",
        "team": "TJE58GTJL",
        "user_team": "TJE58GTJL",
        "source_team": "TJE58GTJL",
        "user_profile": {
            "avatar_hash": "b052c618f3df",
            "image_72": "https:\/\/avatars.slack-edge.com\/2022-01-20\/2977622180722_b052c618f3df14215512_72.jpg",
            "first_name": "Sam",
            "real_name": "Sam Grover",
            "display_name": "Sam Grover",
            "team": "TJE58GTJL",
            "name": "sam641",
            "is_restricted": false,
            "is_ultra_restricted": false
        },
        "blocks": [
            {
                "type": "rich_text",
                "block_id": "Sbp",
                "elements": [
                    {
                        "type": "rich_text_section",
                        "elements": [
                            {
                                "type": "text",
                                "text": "Yes, I sometimes try to assess each project on a profitability basis by eyeballing how much it would cost for me to hire someone to do the work. IE, paying myself a wage. But you get into some weird judgement calls really quick. Is my wage a full time wage? Is it hiring a cheaper contractor? Etc and soforth"
                            }
                        ]
                    }
                ]
            }
        ],
        "thread_ts": "1643235844.224100",
        "parent_user_id": "U02AR2XSN1M"
    },
    {
        "client_msg_id": "3bd9414b-b961-44bd-841f-7ede415917e3",
        "type": "message",
        "text": "Yep. That's why this group is so great, I can bounce things off other overthinkers :sweat_smile:",
        "user": "U02AR2XSN1M",
        "ts": "1643329793.963949",
        "team": "TJE58GTJL",
        "user_team": "TJE58GTJL",
        "source_team": "TJE58GTJL",
        "user_profile": {
            "avatar_hash": "b0fa34c3f8f5",
            "image_72": "https:\/\/avatars.slack-edge.com\/2021-08-16\/2368450553975_b0fa34c3f8f5e02f6b43_72.jpg",
            "first_name": "Leonie",
            "real_name": "Leonie Waldron",
            "display_name": "Leonie Waldron",
            "team": "TJE58GTJL",
            "name": "leonie",
            "is_restricted": false,
            "is_ultra_restricted": false
        },
        "blocks": [
            {
                "type": "rich_text",
                "block_id": "pLexv",
                "elements": [
                    {
                        "type": "rich_text_section",
                        "elements": [
                            {
                                "type": "text",
                                "text": "Yep. That's why this group is so great, I can bounce things off other overthinkers "
                            },
                            {
                                "type": "emoji",
                                "name": "sweat_smile"
                            }
                        ]
                    }
                ]
            }
        ],
        "thread_ts": "1643235844.224100",
        "parent_user_id": "U02AR2XSN1M"
    },
    {
        "client_msg_id": "d3b9d4e8-959f-4228-ac4d-6a4990cc2342",
        "type": "message",
        "text": "Thank you so much, <@U01AHL8AGBB>!",
        "user": "U02LGA1DB9N",
        "ts": "1643330527.635879",
        "team": "TJE58GTJL",
        "user_team": "TJE58GTJL",
        "source_team": "TJE58GTJL",
        "user_profile": {
            "avatar_hash": "g155e4fbdeca",
            "image_72": "https:\/\/secure.gravatar.com\/avatar\/155e4fbdecae853708a128414a53d994.jpg?s=72&d=https%3A%2F%2Fa.slack-edge.com%2Fdf10d%2Fimg%2Favatars%2Fava_0025-72.png",
            "first_name": "Jenn",
            "real_name": "Jenn Palandro",
            "display_name": "jenn",
            "team": "TJE58GTJL",
            "name": "jenny075",
            "is_restricted": false,
            "is_ultra_restricted": false
        },
        "blocks": [
            {
                "type": "rich_text",
                "block_id": "y5m",
                "elements": [
                    {
                        "type": "rich_text_section",
                        "elements": [
                            {
                                "type": "text",
                                "text": "Thank you so much, "
                            },
                            {
                                "type": "user",
                                "user_id": "U01AHL8AGBB"
                            },
                            {
                                "type": "text",
                                "text": "!"
                            }
                        ]
                    }
                ]
            }
        ],
        "thread_ts": "1643309319.229800",
        "parent_user_id": "U02LGA1DB9N"
    },
    {
        "client_msg_id": "f8b8c8d4-2db4-4778-83a5-bb0b22487b35",
        "type": "message",
        "text": "A friend is looking for freelance UX\/UI designer to help build an LMS - any takers or recommendations?\n\n\"I have the backend dev handled but do you know anyone good in your circles for UX\/UI design? Looking for someone who can both design and give us the graphics\/CSS\"",
        "user": "UJJFDTN8G",
        "ts": "1643356163.220679",
        "team": "TJE58GTJL",
        "user_team": "TJE58GTJL",
        "source_team": "TJE58GTJL",
        "user_profile": {
            "avatar_hash": "gd91d89ae152",
            "image_72": "https:\/\/secure.gravatar.com\/avatar\/86d91d89ae1528e747f4a586668d5d87.jpg?s=72&d=https%3A%2F%2Fa.slack-edge.com%2Fdf10d%2Fimg%2Favatars%2Fava_0013-72.png",
            "first_name": "Dominic",
            "real_name": "Dominic Kent",
            "display_name": "Dom Kent",
            "team": "TJE58GTJL",
            "name": "dominic",
            "is_restricted": false,
            "is_ultra_restricted": false
        },
        "blocks": [
            {
                "type": "rich_text",
                "block_id": "=oAh",
                "elements": [
                    {
                        "type": "rich_text_section",
                        "elements": [
                            {
                                "type": "text",
                                "text": "A friend is looking for freelance UX\/UI designer to help build an LMS - any takers or recommendations?\n\n\"I have the backend dev handled but do you know anyone good in your circles for UX\/UI design? Looking for someone who can both design and give us the graphics\/CSS\""
                            }
                        ]
                    }
                ]
            }
        ]
    }
]