[
    {
        "client_msg_id": "1b2c05ff-04ba-4e6f-a04d-97d60072029b",
        "type": "message",
        "text": "I know this might be a long shot, but does anyone here know a good Google PPC freelancer?",
        "user": "U02HQGXGN31",
        "ts": "1645177351.833809",
        "team": "TJE58GTJL",
        "user_team": "TJE58GTJL",
        "source_team": "TJE58GTJL",
        "user_profile": {
            "avatar_hash": "c6ab501ff59b",
            "image_72": "https:\/\/avatars.slack-edge.com\/2021-10-21\/2636726252708_c6ab501ff59b79149079_72.png",
            "first_name": "Raquel",
            "real_name": "Raquel Soares",
            "display_name": "Raquel Soares",
            "team": "TJE58GTJL",
            "name": "raquel.soares",
            "is_restricted": false,
            "is_ultra_restricted": false
        },
        "blocks": [
            {
                "type": "rich_text",
                "block_id": "3JMi",
                "elements": [
                    {
                        "type": "rich_text_section",
                        "elements": [
                            {
                                "type": "text",
                                "text": "I know this might be a long shot, but does anyone here know a good Google PPC freelancer?"
                            }
                        ]
                    }
                ]
            }
        ],
        "thread_ts": "1645177351.833809",
        "reply_count": 1,
        "reply_users_count": 1,
        "latest_reply": "1645182548.177979",
        "reply_users": [
            "U02B60S6FBM"
        ],
        "replies": [
            {
                "user": "U02B60S6FBM",
                "ts": "1645182548.177979"
            }
        ],
        "is_locked": false,
        "subscribed": false
    },
    {
        "client_msg_id": "5bfe8dee-888d-4f6d-98af-9af5bae8e06b",
        "type": "message",
        "text": "Check your DM.",
        "user": "UN87U2NEQ",
        "ts": "1645177828.745049",
        "team": "TJE58GTJL",
        "user_team": "TJE58GTJL",
        "source_team": "TJE58GTJL",
        "user_profile": {
            "avatar_hash": "e894bd2cd66e",
            "image_72": "https:\/\/avatars.slack-edge.com\/2022-01-18\/2964536300101_e894bd2cd66e18ce32f9_72.jpg",
            "first_name": "Kruti",
            "real_name": "Kruti Shah",
            "display_name": "Kruti Shah",
            "team": "TJE58GTJL",
            "name": "kukashah21",
            "is_restricted": false,
            "is_ultra_restricted": false
        },
        "blocks": [
            {
                "type": "rich_text",
                "block_id": "Twda9",
                "elements": [
                    {
                        "type": "rich_text_section",
                        "elements": [
                            {
                                "type": "text",
                                "text": "Check your DM."
                            }
                        ]
                    }
                ]
            }
        ],
        "thread_ts": "1645128796.566759",
        "parent_user_id": "U0166H7KUAZ"
    },
    {
        "client_msg_id": "41961642-2f19-4d04-9167-21821f793338",
        "type": "message",
        "text": "Hi <@U02NXETNKUJ> I sent a DM",
        "user": "U02CUM2LDAN",
        "ts": "1645179389.672899",
        "team": "TJE58GTJL",
        "user_team": "TJE58GTJL",
        "source_team": "TJE58GTJL",
        "user_profile": {
            "avatar_hash": "458609281ce7",
            "image_72": "https:\/\/avatars.slack-edge.com\/2021-09-17\/2505725073522_458609281ce79c30fb91_72.jpg",
            "first_name": "Faith",
            "real_name": "Faith Ekanem",
            "display_name": "Faith Ekanem",
            "team": "TJE58GTJL",
            "name": "faithbibok",
            "is_restricted": false,
            "is_ultra_restricted": false
        },
        "blocks": [
            {
                "type": "rich_text",
                "block_id": "y3UsV",
                "elements": [
                    {
                        "type": "rich_text_section",
                        "elements": [
                            {
                                "type": "text",
                                "text": "Hi "
                            },
                            {
                                "type": "user",
                                "user_id": "U02NXETNKUJ"
                            },
                            {
                                "type": "text",
                                "text": " I sent a DM"
                            }
                        ]
                    }
                ]
            }
        ],
        "thread_ts": "1644969534.729579",
        "parent_user_id": "U02NXETNKUJ"
    },
    {
        "client_msg_id": "34c03fad-727b-4f48-a576-c9002b8cbd26",
        "type": "message",
        "text": "Hi <@U02Q2HNNY57> I sent a DM",
        "user": "U02CUM2LDAN",
        "ts": "1645179657.349969",
        "team": "TJE58GTJL",
        "user_team": "TJE58GTJL",
        "source_team": "TJE58GTJL",
        "user_profile": {
            "avatar_hash": "458609281ce7",
            "image_72": "https:\/\/avatars.slack-edge.com\/2021-09-17\/2505725073522_458609281ce79c30fb91_72.jpg",
            "first_name": "Faith",
            "real_name": "Faith Ekanem",
            "display_name": "Faith Ekanem",
            "team": "TJE58GTJL",
            "name": "faithbibok",
            "is_restricted": false,
            "is_ultra_restricted": false
        },
        "blocks": [
            {
                "type": "rich_text",
                "block_id": "ITO",
                "elements": [
                    {
                        "type": "rich_text_section",
                        "elements": [
                            {
                                "type": "text",
                                "text": "Hi "
                            },
                            {
                                "type": "user",
                                "user_id": "U02Q2HNNY57"
                            },
                            {
                                "type": "text",
                                "text": " I sent a DM"
                            }
                        ]
                    }
                ]
            }
        ],
        "thread_ts": "1644945080.816979",
        "parent_user_id": "U02Q2HNNY57"
    },
    {
        "client_msg_id": "37fd646c-0460-487f-b126-59024966ff8f",
        "type": "message",
        "text": "I sent you a DM, Philip!",
        "user": "U028D815JA0",
        "ts": "1645179952.039249",
        "team": "TJE58GTJL",
        "user_team": "TJE58GTJL",
        "source_team": "TJE58GTJL",
        "user_profile": {
            "avatar_hash": "7e2cf488ec83",
            "image_72": "https:\/\/avatars.slack-edge.com\/2021-11-09\/2701205349650_7e2cf488ec8355d9ecca_72.jpg",
            "first_name": "althea",
            "real_name": "althea storm",
            "display_name": "althea storm",
            "team": "TJE58GTJL",
            "name": "altheanymphcstorm",
            "is_restricted": false,
            "is_ultra_restricted": false
        },
        "blocks": [
            {
                "type": "rich_text",
                "block_id": "XSTu7",
                "elements": [
                    {
                        "type": "rich_text_section",
                        "elements": [
                            {
                                "type": "text",
                                "text": "I sent you a DM, Philip!"
                            }
                        ]
                    }
                ]
            }
        ],
        "thread_ts": "1645128796.566759",
        "parent_user_id": "U0166H7KUAZ"
    },
    {
        "client_msg_id": "0c4fc661-6673-4a1f-9e6c-3f41b635bc9d",
        "type": "message",
        "text": "<@U02SQ5SAQBU> Know anyone?",
        "user": "U02B60S6FBM",
        "ts": "1645182548.177979",
        "team": "TJE58GTJL",
        "user_team": "TJE58GTJL",
        "source_team": "TJE58GTJL",
        "user_profile": {
            "avatar_hash": "2f1e23ef404a",
            "image_72": "https:\/\/avatars.slack-edge.com\/2021-08-13\/2376884926485_2f1e23ef404a0d536b39_72.jpg",
            "first_name": "Wuraola",
            "real_name": "Wuraola",
            "display_name": "Wuraola",
            "team": "TJE58GTJL",
            "name": "omobolanleshanu",
            "is_restricted": false,
            "is_ultra_restricted": false
        },
        "blocks": [
            {
                "type": "rich_text",
                "block_id": "vpZ",
                "elements": [
                    {
                        "type": "rich_text_section",
                        "elements": [
                            {
                                "type": "user",
                                "user_id": "U02SQ5SAQBU"
                            },
                            {
                                "type": "text",
                                "text": " Know anyone?"
                            }
                        ]
                    }
                ]
            }
        ],
        "thread_ts": "1645177351.833809",
        "parent_user_id": "U02HQGXGN31"
    },
    {
        "client_msg_id": "3966854a-e653-4f12-b0f7-808a2544f5f4",
        "type": "message",
        "text": "DM sent",
        "user": "U02MX01BC4C",
        "ts": "1645187907.188409",
        "team": "TJE58GTJL",
        "user_team": "TJE58GTJL",
        "source_team": "TJE58GTJL",
        "user_profile": {
            "avatar_hash": "9d69840472c1",
            "image_72": "https:\/\/avatars.slack-edge.com\/2021-11-18\/2755515326465_9d69840472c1ba20691d_72.jpg",
            "first_name": "Charlie",
            "real_name": "Charlie Braithwaite",
            "display_name": "Charlie Braithwaite",
            "team": "TJE58GTJL",
            "name": "cjgbraithwaite",
            "is_restricted": false,
            "is_ultra_restricted": false
        },
        "blocks": [
            {
                "type": "rich_text",
                "block_id": "1xm5Y",
                "elements": [
                    {
                        "type": "rich_text_section",
                        "elements": [
                            {
                                "type": "text",
                                "text": "DM sent"
                            }
                        ]
                    }
                ]
            }
        ],
        "thread_ts": "1645128796.566759",
        "parent_user_id": "U0166H7KUAZ"
    },
    {
        "client_msg_id": "1c1e82f9-1642-44ea-956f-4bb230a52d13",
        "type": "message",
        "text": "There’s basically ZERO up-to-date public data on how companies hire freelance writers. So we’re making it.\n\nWe’re looking for *companies (all niches\/sizes) that hire freelance writers* to complete <https:\/\/forms.gle\/NV7YAfWhnXxoByaW9|this anonymous survey>. All questions are multiple choice. It’ll take less than 5 mins to complete.\n\nOptional: Enter your email address at the end and be in the draw to win an Amazon $100 gift card :money_with_wings:",
        "user": "UJHMVAE3G",
        "ts": "1645206976.912649",
        "team": "TJE58GTJL",
        "user_team": "TJE58GTJL",
        "source_team": "TJE58GTJL",
        "user_profile": {
            "avatar_hash": "g1b669baf54d",
            "image_72": "https:\/\/secure.gravatar.com\/avatar\/cb1b669baf54d184a6138c7f4607efc3.jpg?s=72&d=https%3A%2F%2Fa.slack-edge.com%2Fdf10d%2Fimg%2Favatars%2Fava_0013-72.png",
            "first_name": "Elise",
            "real_name": "Elise Dopson",
            "display_name": "",
            "team": "TJE58GTJL",
            "name": "elise",
            "is_restricted": false,
            "is_ultra_restricted": false
        },
        "attachments": [
            {
                "from_url": "https:\/\/forms.gle\/NV7YAfWhnXxoByaW9",
                "image_url": "https:\/\/lh4.googleusercontent.com\/AxgDzt5NtjpTSli1Tz1uuy1NPmr7ZjT7UzZ2iYwJpPBSrpr_moaBopl4YDM_lfWQX7C2g2IQL-0",
                "image_width": 333,
                "image_height": 250,
                "image_bytes": 51479,
                "service_icon": "http:\/\/ssl.gstatic.com\/docs\/forms\/device_home\/ios_120.png",
                "id": 1,
                "original_url": "https:\/\/forms.gle\/NV7YAfWhnXxoByaW9",
                "fallback": "Google Docs: Hiring Freelance Writers",
                "text": "Ever tried to search for up-to-date, accurate data on how other companies hire freelance writers? It's non-existent. Your own process has been (or still is) trial and error. We want to change that. If you're a company that actively hires freelance writers, we've got some questions for you. There are 19 questions to answer -- all of which are multiple choice. It'll take around 5 minutes to complete. Answers remain completely anonymous and will be aggregated to publish on <http:\/\/peakfreelance.com\/blog|peakfreelance.com\/blog>. Optional: Enter your email address at the end and be in the draw to win an Amazon $100 gift card :money_with_wings:",
                "title": "Hiring Freelance Writers",
                "title_link": "https:\/\/forms.gle\/NV7YAfWhnXxoByaW9",
                "service_name": "Google Docs"
            }
        ],
        "blocks": [
            {
                "type": "rich_text",
                "block_id": "Ppu",
                "elements": [
                    {
                        "type": "rich_text_section",
                        "elements": [
                            {
                                "type": "text",
                                "text": "There’s basically ZERO up-to-date public data on how companies hire freelance writers. So we’re making it.\n\nWe’re looking for "
                            },
                            {
                                "type": "text",
                                "text": "companies (all niches\/sizes) that hire freelance writers",
                                "style": {
                                    "bold": true
                                }
                            },
                            {
                                "type": "text",
                                "text": " to complete "
                            },
                            {
                                "type": "link",
                                "url": "https:\/\/forms.gle\/NV7YAfWhnXxoByaW9",
                                "text": "this anonymous survey"
                            },
                            {
                                "type": "text",
                                "text": ". All questions are multiple choice. It’ll take less than 5 mins to complete.\n\nOptional: Enter your email address at the end and be in the draw to win an Amazon $100 gift card "
                            },
                            {
                                "type": "emoji",
                                "name": "money_with_wings"
                            }
                        ]
                    }
                ]
            }
        ],
        "reactions": [
            {
                "name": "yellow_heart",
                "users": [
                    "UR1BHUY6Q",
                    "U03330MFEN4",
                    "U03164PL57T",
                    "U02GMMQ281W",
                    "UJG9WTEKG",
                    "U032D7YLJ2W"
                ],
                "count": 6
            },
            {
                "name": "tada",
                "users": [
                    "U02Q2HNNY57",
                    "U02H3K9BEMA",
                    "U01PXN2LGAK",
                    "UJG9WTEKG",
                    "U0344825724"
                ],
                "count": 5
            },
            {
                "name": "heart",
                "users": [
                    "U033RCB53B2",
                    "U02DYMPDNS0",
                    "U032YNASV45"
                ],
                "count": 3
            }
        ]
    },
    {
        "client_msg_id": "4bea9e50-5b18-4965-b3af-0fd56900198b",
        "type": "message",
        "text": "Sent you a DM <@U0166H7KUAZ> :blush:",
        "user": "U02PRMEAP0V",
        "ts": "1645252787.142939",
        "team": "TJE58GTJL",
        "user_team": "TJE58GTJL",
        "source_team": "TJE58GTJL",
        "user_profile": {
            "avatar_hash": "3655374527f9",
            "image_72": "https:\/\/avatars.slack-edge.com\/2022-03-23\/3282575021317_3655374527f96f1c0934_72.png",
            "first_name": "Elsier",
            "real_name": "Elsier Otachi",
            "display_name": "Elsier Otachi",
            "team": "TJE58GTJL",
            "name": "biagelo",
            "is_restricted": false,
            "is_ultra_restricted": false
        },
        "blocks": [
            {
                "type": "rich_text",
                "block_id": "yz+",
                "elements": [
                    {
                        "type": "rich_text_section",
                        "elements": [
                            {
                                "type": "text",
                                "text": "Sent you a DM "
                            },
                            {
                                "type": "user",
                                "user_id": "U0166H7KUAZ"
                            },
                            {
                                "type": "text",
                                "text": " "
                            },
                            {
                                "type": "emoji",
                                "name": "blush"
                            }
                        ]
                    }
                ]
            }
        ],
        "thread_ts": "1645128796.566759",
        "parent_user_id": "U0166H7KUAZ"
    }
]