[
    {
        "client_msg_id": "5b403109-467b-48db-b3fb-353cc67dd35d",
        "type": "message",
        "text": "My pleasure <@U0340N4DU6P>! I can't take full credit as I read about the \"Book of Abundance\" idea elsewhere and then adapted it a bit to fit what works for me :)",
        "user": "U02J7DM81AQ",
        "ts": "1646652640.184119",
        "team": "TJE58GTJL",
        "user_team": "TJE58GTJL",
        "source_team": "TJE58GTJL",
        "user_profile": {
            "avatar_hash": "gb47e412d680",
            "image_72": "https:\/\/secure.gravatar.com\/avatar\/b47e412d680490c17c4ca22271a9e55b.jpg?s=72&d=https%3A%2F%2Fa.slack-edge.com%2Fdf10d%2Fimg%2Favatars%2Fava_0016-72.png",
            "first_name": "Sofie",
            "real_name": "Sofie Couwenbergh",
            "display_name": "Sofie Couwenbergh",
            "team": "TJE58GTJL",
            "name": "sofie",
            "is_restricted": false,
            "is_ultra_restricted": false
        },
        "blocks": [
            {
                "type": "rich_text",
                "block_id": "AxY",
                "elements": [
                    {
                        "type": "rich_text_section",
                        "elements": [
                            {
                                "type": "text",
                                "text": "My pleasure "
                            },
                            {
                                "type": "user",
                                "user_id": "U0340N4DU6P"
                            },
                            {
                                "type": "text",
                                "text": "! I can't take full credit as I read about the \"Book of Abundance\" idea elsewhere and then adapted it a bit to fit what works for me :)"
                            }
                        ]
                    }
                ]
            }
        ],
        "thread_ts": "1646312462.212229",
        "parent_user_id": "U0340N4DU6P"
    },
    {
        "client_msg_id": "797745ff-e699-43f5-a4d6-351ab4c37a2e",
        "type": "message",
        "text": "Hi all :wave: I’m working for a SaaS company that’s looking for technical content - lots of it. We’re targeting engineers\/developers in all domains using all technologies. We have a lot of very busy engineers who will act as the SMEs and provide code, but we need technical ghost writers to develop the stories and write the dev-centric blogs. Feel free to ping me directly if you’re interested. Remote is fine.\n\n[EDIT] We’re really looking for *content with code, not documentation, blog content* that the writer can comfortably write about from a first-hand experience. We’ll supply the code and the SME, but we need the writer to be able to write about the code credibly from a first hand point of view.",
        "user": "U035H6JUEKG",
        "ts": "1646661158.400109",
        "team": "TJE58GTJL",
        "user_team": "TJE58GTJL",
        "source_team": "TJE58GTJL",
        "user_profile": {
            "avatar_hash": "g59b06649efe",
            "image_72": "https:\/\/secure.gravatar.com\/avatar\/59b06649efe9189cf8d67b05962b85a3.jpg?s=72&d=https%3A%2F%2Fa.slack-edge.com%2Fdf10d%2Fimg%2Favatars%2Fava_0008-72.png",
            "first_name": "Peter",
            "real_name": "Peter Villani",
            "display_name": "",
            "team": "TJE58GTJL",
            "name": "codeharmonics",
            "is_restricted": false,
            "is_ultra_restricted": false
        },
        "edited": {
            "user": "U035H6JUEKG",
            "ts": "1646676006.000000"
        },
        "blocks": [
            {
                "type": "rich_text",
                "block_id": "ngfA",
                "elements": [
                    {
                        "type": "rich_text_section",
                        "elements": [
                            {
                                "type": "text",
                                "text": "Hi all "
                            },
                            {
                                "type": "emoji",
                                "name": "wave"
                            },
                            {
                                "type": "text",
                                "text": " I’m working for a SaaS company that’s looking for technical content - lots of it. We’re targeting engineers\/developers in all domains using all technologies. We have a lot of very busy engineers who will act as the SMEs and provide code, but we need technical ghost writers to develop the stories and write the dev-centric blogs. Feel free to ping me directly if you’re interested. Remote is fine.\n\n[EDIT] We’re really looking for "
                            },
                            {
                                "type": "text",
                                "text": "content with code, not documentation, blog content ",
                                "style": {
                                    "bold": true
                                }
                            },
                            {
                                "type": "text",
                                "text": "that the writer can comfortably write about from a first-hand experience. We’ll supply the code and the SME, but we need the writer to be able to write about the code credibly from a first hand point of view."
                            }
                        ]
                    }
                ]
            }
        ],
        "thread_ts": "1646661158.400109",
        "reply_count": 1,
        "reply_users_count": 1,
        "latest_reply": "1646666557.318059",
        "reply_users": [
            "U02PUQ6CQRX"
        ],
        "replies": [
            {
                "user": "U02PUQ6CQRX",
                "ts": "1646666557.318059"
            }
        ],
        "is_locked": false,
        "subscribed": false,
        "reactions": [
            {
                "name": "+1",
                "users": [
                    "U01TB1SDD61",
                    "U02PUQ6CQRX",
                    "U03330MFEN4",
                    "U02CTCZEL3E",
                    "UJHT5CHUY"
                ],
                "count": 5
            }
        ]
    },
    {
        "client_msg_id": "3d9ad08c-ba25-44eb-827f-d451f66ff78e",
        "type": "message",
        "text": "Hi, everyone! Happy Monday. I'm looking for an accomplished, confident paid social specialist for some contract work. Ideally, this is someone who has built audiences and campaigns in LinkedIn, Facebook and Twitter - with bonus points for dabbling in TikTok. Happy to provide more details in DM for whoever may be interested.",
        "user": "U01T8TVMUSD",
        "ts": "1646663386.844369",
        "team": "TJE58GTJL",
        "user_team": "TJE58GTJL",
        "source_team": "TJE58GTJL",
        "user_profile": {
            "avatar_hash": "7b09e875e787",
            "image_72": "https:\/\/avatars.slack-edge.com\/2021-05-27\/2103555721350_7b09e875e7877fb99c8f_72.jpg",
            "first_name": "",
            "real_name": "Will Sullivan",
            "display_name": "",
            "team": "TJE58GTJL",
            "name": "will131",
            "is_restricted": false,
            "is_ultra_restricted": false
        },
        "blocks": [
            {
                "type": "rich_text",
                "block_id": "y6WL",
                "elements": [
                    {
                        "type": "rich_text_section",
                        "elements": [
                            {
                                "type": "text",
                                "text": "Hi, everyone! Happy Monday. I'm looking for an accomplished, confident paid social specialist for some contract work. Ideally, this is someone who has built audiences and campaigns in LinkedIn, Facebook and Twitter - with bonus points for dabbling in TikTok. Happy to provide more details in DM for whoever may be interested."
                            }
                        ]
                    }
                ]
            }
        ],
        "thread_ts": "1646663386.844369",
        "reply_count": 1,
        "reply_users_count": 1,
        "latest_reply": "1646895421.366829",
        "reply_users": [
            "U02P8ASS4CQ"
        ],
        "replies": [
            {
                "user": "U02P8ASS4CQ",
                "ts": "1646895421.366829"
            }
        ],
        "is_locked": false,
        "subscribed": false,
        "reactions": [
            {
                "name": "+1",
                "users": [
                    "U01TB1SDD61"
                ],
                "count": 1
            }
        ]
    },
    {
        "client_msg_id": "0c97b8d6-dcaf-4eed-abfe-8536120b4582",
        "type": "message",
        "text": "Hey <@U035H6JUEKG>.\n\nI'm a technical writer and quality assurance engineer so this is within my domain and it's what I do on a daily basis: <https:\/\/www.linkedin.com\/in\/serah-nderi-228a91124\/>\n\nSending you a message!",
        "user": "U02PUQ6CQRX",
        "ts": "1646666557.318059",
        "team": "TJE58GTJL",
        "user_team": "TJE58GTJL",
        "source_team": "TJE58GTJL",
        "user_profile": {
            "avatar_hash": "g6ad1273c8c4",
            "image_72": "https:\/\/secure.gravatar.com\/avatar\/6ad1273c8c4437be1c8fe8c6db97dcc2.jpg?s=72&d=https%3A%2F%2Fa.slack-edge.com%2Fdf10d%2Fimg%2Favatars%2Fava_0017-72.png",
            "first_name": "Serah",
            "real_name": "Serah Nderi",
            "display_name": "Sarah Nderi",
            "team": "TJE58GTJL",
            "name": "sarah177",
            "is_restricted": false,
            "is_ultra_restricted": false
        },
        "blocks": [
            {
                "type": "rich_text",
                "block_id": "G9J",
                "elements": [
                    {
                        "type": "rich_text_section",
                        "elements": [
                            {
                                "type": "text",
                                "text": "Hey "
                            },
                            {
                                "type": "user",
                                "user_id": "U035H6JUEKG"
                            },
                            {
                                "type": "text",
                                "text": ".\n\nI'm a technical writer and quality assurance engineer so this is within my domain and it's what I do on a daily basis: "
                            },
                            {
                                "type": "link",
                                "url": "https:\/\/www.linkedin.com\/in\/serah-nderi-228a91124\/"
                            },
                            {
                                "type": "text",
                                "text": "\n\nSending you a message!"
                            }
                        ]
                    }
                ]
            }
        ],
        "thread_ts": "1646661158.400109",
        "parent_user_id": "U035H6JUEKG"
    },
    {
        "client_msg_id": "f503581c-74d2-47a2-b799-4847fe8d93ed",
        "type": "message",
        "text": "Hey all! I'm looking for a freelancer to help our team create PDF whitepapers\/ebooks. This means there is more of an emphasis on asset design than writing, as this project will be mostly based around pulling existing content into a template, and using discretion when potentially needing to tweak individual page design. We will be using Google Slides or Canva for creating the assets. If you have a portfolio you could share \/ or are interested, please DM me!",
        "user": "U031A2YEHMM",
        "ts": "1646683733.554999",
        "team": "TJE58GTJL",
        "user_team": "TJE58GTJL",
        "source_team": "TJE58GTJL",
        "user_profile": {
            "avatar_hash": "fe41480c2ab7",
            "image_72": "https:\/\/avatars.slack-edge.com\/2022-02-07\/3053707120919_fe41480c2ab734d91642_72.jpg",
            "first_name": "Levi",
            "real_name": "Levi Olmstead",
            "display_name": "Levi Olmstead",
            "team": "TJE58GTJL",
            "name": "levi.olmstead",
            "is_restricted": false,
            "is_ultra_restricted": false
        },
        "blocks": [
            {
                "type": "rich_text",
                "block_id": "P7H",
                "elements": [
                    {
                        "type": "rich_text_section",
                        "elements": [
                            {
                                "type": "text",
                                "text": "Hey all! I'm looking for a freelancer to help our team create PDF whitepapers\/ebooks. This means there is more of an emphasis on asset design than writing, as this project will be mostly based around pulling existing content into a template, and using discretion when potentially needing to tweak individual page design. We will be using Google Slides or Canva for creating the assets. If you have a portfolio you could share \/ or are interested, please DM me!"
                            }
                        ]
                    }
                ]
            }
        ],
        "thread_ts": "1646683733.554999",
        "reply_count": 2,
        "reply_users_count": 2,
        "latest_reply": "1646774658.983059",
        "reply_users": [
            "U02HD0L8HAP",
            "U0368Q2V352"
        ],
        "replies": [
            {
                "user": "U02HD0L8HAP",
                "ts": "1646690722.232499"
            },
            {
                "user": "U0368Q2V352",
                "ts": "1646774658.983059"
            }
        ],
        "is_locked": false,
        "subscribed": false,
        "reactions": [
            {
                "name": "eyes",
                "users": [
                    "U02SMBRHL6A",
                    "U03330MFEN4",
                    "U0368Q2V352"
                ],
                "count": 3
            }
        ]
    },
    {
        "client_msg_id": "2b51a2b3-76b0-40f5-8e6d-d16865c9011a",
        "type": "message",
        "text": "Hi everyone! Passing on an opp that I had to say no to due to my current niche priorities, but could be a great fit for someone looking to work with a budding business. <https:\/\/www.airops.com\/|AirOps> is looking for a writer to help them with content on no-code tech and product operations. You can email <mailto:alex@airops.com|alex@airops.com> for more info!",
        "user": "U01J3FQA3ML",
        "ts": "1646685559.929289",
        "team": "TJE58GTJL",
        "user_team": "TJE58GTJL",
        "source_team": "TJE58GTJL",
        "user_profile": {
            "avatar_hash": "348b0b0e6549",
            "image_72": "https:\/\/avatars.slack-edge.com\/2021-01-08\/1634944836353_348b0b0e6549d54e997e_72.jpg",
            "first_name": "Melissa",
            "real_name": "Melissa King",
            "display_name": "Melissa King",
            "team": "TJE58GTJL",
            "name": "melissakingfreelance",
            "is_restricted": false,
            "is_ultra_restricted": false
        },
        "blocks": [
            {
                "type": "rich_text",
                "block_id": "1vXo",
                "elements": [
                    {
                        "type": "rich_text_section",
                        "elements": [
                            {
                                "type": "text",
                                "text": "Hi everyone! Passing on an opp that I had to say no to due to my current niche priorities, but could be a great fit for someone looking to work with a budding business. "
                            },
                            {
                                "type": "link",
                                "url": "https:\/\/www.airops.com\/",
                                "text": "AirOps"
                            },
                            {
                                "type": "text",
                                "text": " is looking for a writer to help them with content on no-code tech and product operations. You can email "
                            },
                            {
                                "type": "link",
                                "url": "mailto:alex@airops.com",
                                "text": "alex@airops.com"
                            },
                            {
                                "type": "text",
                                "text": " for more info!"
                            }
                        ]
                    }
                ]
            }
        ],
        "thread_ts": "1646685559.929289",
        "reply_count": 1,
        "reply_users_count": 1,
        "latest_reply": "1646735578.237579",
        "reply_users": [
            "U02Q8U5T7TP"
        ],
        "replies": [
            {
                "user": "U02Q8U5T7TP",
                "ts": "1646735578.237579"
            }
        ],
        "is_locked": false,
        "subscribed": false,
        "reactions": [
            {
                "name": "+1",
                "users": [
                    "U030TFJMQ74",
                    "U01PXN2LGAK",
                    "U035PRM7UR1",
                    "U02F1GK6U6B"
                ],
                "count": 4
            }
        ]
    },
    {
        "client_msg_id": "57c8a66c-9bff-428a-8af4-17101c9e6679",
        "type": "message",
        "text": "Hey Levi, I've the right person for this but she is not in this community. Can you share your email id?",
        "user": "U02HD0L8HAP",
        "ts": "1646690722.232499",
        "team": "TJE58GTJL",
        "user_team": "TJE58GTJL",
        "source_team": "TJE58GTJL",
        "user_profile": {
            "avatar_hash": "675c42a91f65",
            "image_72": "https:\/\/avatars.slack-edge.com\/2022-01-10\/2928364816754_675c42a91f6571f4ac6b_72.jpg",
            "first_name": "Aanchal",
            "real_name": "Aanchal Parmar",
            "display_name": "Aanchal Parmar",
            "team": "TJE58GTJL",
            "name": "aanywrites",
            "is_restricted": false,
            "is_ultra_restricted": false
        },
        "blocks": [
            {
                "type": "rich_text",
                "block_id": "AmKi",
                "elements": [
                    {
                        "type": "rich_text_section",
                        "elements": [
                            {
                                "type": "text",
                                "text": "Hey Levi, I've the right person for this but she is not in this community. Can you share your email id?"
                            }
                        ]
                    }
                ]
            }
        ],
        "thread_ts": "1646683733.554999",
        "parent_user_id": "U031A2YEHMM"
    },
    {
        "client_msg_id": "99a7ddb4-96bb-476c-a4de-5e2c5eb9873b",
        "type": "message",
        "text": "I’ve been wanting to do this for a while! :slightly_smiling_face: Might just start today haha thanks for the inspo, <@U0340N4DU6P>!",
        "user": "U033T3XET3K",
        "ts": "1646701902.338549",
        "team": "TJE58GTJL",
        "user_team": "TJE58GTJL",
        "source_team": "TJE58GTJL",
        "user_profile": {
            "avatar_hash": "47acf4220a26",
            "image_72": "https:\/\/avatars.slack-edge.com\/2022-02-17\/3121281737557_47acf4220a261234191d_72.jpg",
            "first_name": "kristiana",
            "real_name": "kristiana rule",
            "display_name": "kristiana rule",
            "team": "TJE58GTJL",
            "name": "kristiana.rule",
            "is_restricted": false,
            "is_ultra_restricted": false
        },
        "blocks": [
            {
                "type": "rich_text",
                "block_id": "9Qh",
                "elements": [
                    {
                        "type": "rich_text_section",
                        "elements": [
                            {
                                "type": "text",
                                "text": "I’ve been wanting to do this for a while! "
                            },
                            {
                                "type": "emoji",
                                "name": "slightly_smiling_face"
                            },
                            {
                                "type": "text",
                                "text": " Might just start today haha thanks for the inspo, "
                            },
                            {
                                "type": "user",
                                "user_id": "U0340N4DU6P"
                            },
                            {
                                "type": "text",
                                "text": "!"
                            }
                        ]
                    }
                ]
            }
        ],
        "thread_ts": "1646312462.212229",
        "parent_user_id": "U0340N4DU6P"
    }
]