[
    {
        "client_msg_id": "10AA7854-8C8A-45AF-B324-1788D8886425",
        "type": "message",
        "text": "Hey! Looking for a recommendation for a freelancer who specializes in SEM\/Google ads? ",
        "user": "U031DQX4UJU",
        "ts": "1646901556.924349",
        "team": "TJE58GTJL",
        "user_team": "TJE58GTJL",
        "source_team": "TJE58GTJL",
        "user_profile": {
            "avatar_hash": "fe22283948c4",
            "image_72": "https:\/\/avatars.slack-edge.com\/2022-01-28\/3017633712006_fe22283948c4a3c82fe9_72.png",
            "first_name": "Jessica",
            "real_name": "Jessica Walker",
            "display_name": "Jessica Walker",
            "team": "TJE58GTJL",
            "name": "jessica960",
            "is_restricted": false,
            "is_ultra_restricted": false
        },
        "blocks": [
            {
                "type": "rich_text",
                "block_id": "EcwsJ",
                "elements": [
                    {
                        "type": "rich_text_section",
                        "elements": [
                            {
                                "type": "text",
                                "text": "Hey! Looking for a recommendation for a freelancer who specializes in SEM\/Google ads? "
                            }
                        ]
                    }
                ]
            }
        ],
        "thread_ts": "1646901556.924349",
        "reply_count": 5,
        "reply_users_count": 3,
        "latest_reply": "1647012314.399819",
        "reply_users": [
            "U0359RCHAGY",
            "UUH2ESL66",
            "U031DQX4UJU"
        ],
        "replies": [
            {
                "user": "U0359RCHAGY",
                "ts": "1646930084.276449"
            },
            {
                "user": "UUH2ESL66",
                "ts": "1646952133.471249"
            },
            {
                "user": "U031DQX4UJU",
                "ts": "1646996572.112289"
            },
            {
                "user": "U0359RCHAGY",
                "ts": "1647011296.335379"
            },
            {
                "user": "U0359RCHAGY",
                "ts": "1647012314.399819"
            }
        ],
        "is_locked": false,
        "subscribed": false
    },
    {
        "client_msg_id": "8E29FFC3-8E51-4EE8-9888-869E6281B910",
        "type": "message",
        "text": "We are looking for a freelance graphic designer at <http:\/\/Foodcircle.com|Foodcircle.com> for 6-8 hours per month ",
        "user": "U0333UU1KSQ",
        "ts": "1646902390.050039",
        "team": "TJE58GTJL",
        "user_team": "TJE58GTJL",
        "source_team": "TJE58GTJL",
        "user_profile": {
            "avatar_hash": "6adcde864a26",
            "image_72": "https:\/\/avatars.slack-edge.com\/2022-02-15\/3105295849941_6adcde864a268d064ced_72.png",
            "first_name": "Tooba",
            "real_name": "Tooba Maqsood",
            "display_name": "Tooba Maqsood",
            "team": "TJE58GTJL",
            "name": "tooba",
            "is_restricted": false,
            "is_ultra_restricted": false
        },
        "blocks": [
            {
                "type": "rich_text",
                "block_id": "HmhE5",
                "elements": [
                    {
                        "type": "rich_text_section",
                        "elements": [
                            {
                                "type": "text",
                                "text": "We are looking for a freelance graphic designer at "
                            },
                            {
                                "type": "link",
                                "url": "http:\/\/Foodcircle.com",
                                "text": "Foodcircle.com"
                            },
                            {
                                "type": "text",
                                "text": " for 6-8 hours per month "
                            }
                        ]
                    }
                ]
            }
        ],
        "thread_ts": "1646902390.050039",
        "reply_count": 5,
        "reply_users_count": 5,
        "latest_reply": "1647233619.206049",
        "reply_users": [
            "U02DYMPDNS0",
            "UJJFDTN8G",
            "U02PRMEAP0V",
            "U02CUM2LDAN",
            "U0364CHPXNK"
        ],
        "replies": [
            {
                "user": "U02DYMPDNS0",
                "ts": "1646914475.685149"
            },
            {
                "user": "UJJFDTN8G",
                "ts": "1646916768.973779"
            },
            {
                "user": "U02PRMEAP0V",
                "ts": "1646930959.386189"
            },
            {
                "user": "U02CUM2LDAN",
                "ts": "1646945435.114949"
            },
            {
                "user": "U0364CHPXNK",
                "ts": "1647233619.206049"
            }
        ],
        "is_locked": false,
        "subscribed": false
    },
    {
        "client_msg_id": "DF23334E-C255-48A0-AE28-6577909D0A01",
        "type": "message",
        "text": "Anyone interested please feel free to reach out to me! ",
        "user": "U0333UU1KSQ",
        "ts": "1646902403.368509",
        "team": "TJE58GTJL",
        "user_team": "TJE58GTJL",
        "source_team": "TJE58GTJL",
        "user_profile": {
            "avatar_hash": "6adcde864a26",
            "image_72": "https:\/\/avatars.slack-edge.com\/2022-02-15\/3105295849941_6adcde864a268d064ced_72.png",
            "first_name": "Tooba",
            "real_name": "Tooba Maqsood",
            "display_name": "Tooba Maqsood",
            "team": "TJE58GTJL",
            "name": "tooba",
            "is_restricted": false,
            "is_ultra_restricted": false
        },
        "blocks": [
            {
                "type": "rich_text",
                "block_id": "UKhD3",
                "elements": [
                    {
                        "type": "rich_text_section",
                        "elements": [
                            {
                                "type": "text",
                                "text": "Anyone interested please feel free to reach out to me! "
                            }
                        ]
                    }
                ]
            }
        ],
        "reactions": [
            {
                "name": "white_check_mark",
                "users": [
                    "U036K0U2CUB"
                ],
                "count": 1
            }
        ]
    },
    {
        "client_msg_id": "27140307-8C05-448A-AEAC-385D8FC19B66",
        "type": "message",
        "text": "<@U01JY1S0DUY> ",
        "user": "U020EL92NBZ",
        "ts": "1646904186.922589",
        "team": "TJE58GTJL",
        "user_team": "TJE58GTJL",
        "source_team": "TJE58GTJL",
        "user_profile": {
            "avatar_hash": "0420a4d8b5e7",
            "image_72": "https:\/\/avatars.slack-edge.com\/2021-09-08\/2481151676433_0420a4d8b5e7cbb94d3f_72.png",
            "first_name": "Faith",
            "real_name": "Faith",
            "display_name": "Faith",
            "team": "TJE58GTJL",
            "name": "uzuegbufaith",
            "is_restricted": false,
            "is_ultra_restricted": false
        },
        "blocks": [
            {
                "type": "rich_text",
                "block_id": "89P0",
                "elements": [
                    {
                        "type": "rich_text_section",
                        "elements": [
                            {
                                "type": "user",
                                "user_id": "U01JY1S0DUY"
                            },
                            {
                                "type": "text",
                                "text": " "
                            }
                        ]
                    }
                ]
            }
        ],
        "thread_ts": "1646885096.851719",
        "parent_user_id": "U01RHT8800N"
    },
    {
        "client_msg_id": "FB1E53F7-D713-4D12-B91B-A1C3236567A7",
        "type": "message",
        "text": "Thank you so much Faith !",
        "user": "U01JY1S0DUY",
        "ts": "1646904226.094039",
        "team": "TJE58GTJL",
        "user_team": "TJE58GTJL",
        "source_team": "TJE58GTJL",
        "user_profile": {
            "avatar_hash": "3927387842a3",
            "image_72": "https:\/\/avatars.slack-edge.com\/2021-07-05\/2239501150661_3927387842a3ac51be08_72.jpg",
            "first_name": "Vera",
            "real_name": "Vera Agiang",
            "display_name": "Vera",
            "team": "TJE58GTJL",
            "name": "veraagiang",
            "is_restricted": false,
            "is_ultra_restricted": false
        },
        "blocks": [
            {
                "type": "rich_text",
                "block_id": "=MG",
                "elements": [
                    {
                        "type": "rich_text_section",
                        "elements": [
                            {
                                "type": "text",
                                "text": "Thank you so much Faith !"
                            }
                        ]
                    }
                ]
            }
        ],
        "thread_ts": "1646885096.851719",
        "parent_user_id": "U01RHT8800N",
        "reactions": [
            {
                "name": "raised_hands",
                "users": [
                    "U020EL92NBZ"
                ],
                "count": 1
            }
        ]
    },
    {
        "client_msg_id": "897744DD-0D64-4BE5-977B-1F230C48CF76",
        "type": "message",
        "text": "Hey <@U01RHT8800N> , I’m an eCommerce writer with a focus on SEO. ",
        "user": "U01JY1S0DUY",
        "ts": "1646904270.005229",
        "team": "TJE58GTJL",
        "user_team": "TJE58GTJL",
        "source_team": "TJE58GTJL",
        "user_profile": {
            "avatar_hash": "3927387842a3",
            "image_72": "https:\/\/avatars.slack-edge.com\/2021-07-05\/2239501150661_3927387842a3ac51be08_72.jpg",
            "first_name": "Vera",
            "real_name": "Vera Agiang",
            "display_name": "Vera",
            "team": "TJE58GTJL",
            "name": "veraagiang",
            "is_restricted": false,
            "is_ultra_restricted": false
        },
        "blocks": [
            {
                "type": "rich_text",
                "block_id": "WjsP",
                "elements": [
                    {
                        "type": "rich_text_section",
                        "elements": [
                            {
                                "type": "text",
                                "text": "Hey "
                            },
                            {
                                "type": "user",
                                "user_id": "U01RHT8800N"
                            },
                            {
                                "type": "text",
                                "text": " , I’m an eCommerce writer with a focus on SEO. "
                            }
                        ]
                    }
                ]
            }
        ],
        "thread_ts": "1646885096.851719",
        "parent_user_id": "U01RHT8800N"
    },
    {
        "client_msg_id": "ffc6ccdb-76a8-4031-87c9-1a203c5eef13",
        "type": "message",
        "text": "<@U01JY1S0DUY> has experience in e-commerce SEO content.",
        "user": "U01GWU4JWE4",
        "ts": "1646906292.168519",
        "team": "TJE58GTJL",
        "user_team": "TJE58GTJL",
        "source_team": "TJE58GTJL",
        "user_profile": {
            "avatar_hash": "7be117499ef4",
            "image_72": "https:\/\/avatars.slack-edge.com\/2021-01-03\/1615103505012_7be117499ef4a8ee7673_72.jpg",
            "first_name": "Ernest",
            "real_name": "Ernest Bio Bogore",
            "display_name": "Ernest Bio Bogore",
            "team": "TJE58GTJL",
            "name": "bioernest80",
            "is_restricted": false,
            "is_ultra_restricted": false
        },
        "blocks": [
            {
                "type": "rich_text",
                "block_id": "6jM",
                "elements": [
                    {
                        "type": "rich_text_section",
                        "elements": [
                            {
                                "type": "user",
                                "user_id": "U01JY1S0DUY"
                            },
                            {
                                "type": "text",
                                "text": " has experience in e-commerce SEO content."
                            }
                        ]
                    }
                ]
            }
        ],
        "thread_ts": "1646885096.851719",
        "parent_user_id": "U01RHT8800N",
        "reactions": [
            {
                "name": "heart",
                "users": [
                    "U01JY1S0DUY"
                ],
                "count": 1
            }
        ]
    },
    {
        "client_msg_id": "2421cec4-aa9b-40c1-88b4-8273a5f7af0d",
        "type": "message",
        "text": "Hey Mekkie, would your client be interested in trying Narrato Marketplace? It's a content marketplace that hosts a large pool of freelance writers.",
        "user": "U02QZELD0P9",
        "ts": "1646912846.201809",
        "team": "TJE58GTJL",
        "user_team": "TJE58GTJL",
        "source_team": "TJE58GTJL",
        "user_profile": {
            "avatar_hash": "55cf859b571a",
            "image_72": "https:\/\/avatars.slack-edge.com\/2022-01-21\/2988159289220_55cf859b571aac995268_72.jpg",
            "first_name": "Pooja",
            "real_name": "Pooja Seshadri",
            "display_name": "Pooja",
            "team": "TJE58GTJL",
            "name": "pooja.seshadri",
            "is_restricted": false,
            "is_ultra_restricted": false
        },
        "blocks": [
            {
                "type": "rich_text",
                "block_id": "Onm",
                "elements": [
                    {
                        "type": "rich_text_section",
                        "elements": [
                            {
                                "type": "text",
                                "text": "Hey Mekkie, would your client be interested in trying Narrato Marketplace? It's a content marketplace that hosts a large pool of freelance writers."
                            }
                        ]
                    }
                ]
            }
        ],
        "thread_ts": "1646885096.851719",
        "parent_user_id": "U01RHT8800N"
    },
    {
        "client_msg_id": "46d121d2-f6d1-4baa-a322-a3695743ac14",
        "type": "message",
        "text": "<@U033EFUN5MH> would be a great fit",
        "user": "U02DYMPDNS0",
        "ts": "1646914475.685149",
        "team": "TJE58GTJL",
        "user_team": "TJE58GTJL",
        "source_team": "TJE58GTJL",
        "user_profile": {
            "avatar_hash": "a9966a823181",
            "image_72": "https:\/\/avatars.slack-edge.com\/2021-09-08\/2493084355616_a9966a8231812bc7dc38_72.jpg",
            "first_name": "Komal",
            "real_name": "Komal Ahuja",
            "display_name": "Komal Ahuja",
            "team": "TJE58GTJL",
            "name": "komal.ahuja7372",
            "is_restricted": false,
            "is_ultra_restricted": false
        },
        "blocks": [
            {
                "type": "rich_text",
                "block_id": "tIpQ",
                "elements": [
                    {
                        "type": "rich_text_section",
                        "elements": [
                            {
                                "type": "user",
                                "user_id": "U033EFUN5MH"
                            },
                            {
                                "type": "text",
                                "text": " would be a great fit"
                            }
                        ]
                    }
                ]
            }
        ],
        "thread_ts": "1646902390.050039",
        "parent_user_id": "U0333UU1KSQ"
    },
    {
        "client_msg_id": "53a7c0c8-7888-4e70-a908-f6bb5d5d457a",
        "type": "message",
        "text": "Hey Tooba, my graphic designer, Harriet, would be awesome for this and has space open.\n\nHer website is <https:\/\/www.harrietruscoedesign.co.uk\/> where you can see her print design work.\n\nShe also does all the featured images on the Mio blog: <http:\/\/dispatch.m.io|dispatch.m.io>\n\nEmail is <mailto:harrietruscoe@gmail.com|harrietruscoe@gmail.com> if you want to reach her, or let me know if you'd like me to introduce you.",
        "user": "UJJFDTN8G",
        "ts": "1646916768.973779",
        "team": "TJE58GTJL",
        "user_team": "TJE58GTJL",
        "source_team": "TJE58GTJL",
        "user_profile": {
            "avatar_hash": "gd91d89ae152",
            "image_72": "https:\/\/secure.gravatar.com\/avatar\/86d91d89ae1528e747f4a586668d5d87.jpg?s=72&d=https%3A%2F%2Fa.slack-edge.com%2Fdf10d%2Fimg%2Favatars%2Fava_0013-72.png",
            "first_name": "Dominic",
            "real_name": "Dominic Kent",
            "display_name": "Dom Kent",
            "team": "TJE58GTJL",
            "name": "dominic",
            "is_restricted": false,
            "is_ultra_restricted": false
        },
        "attachments": [
            {
                "from_url": "https:\/\/www.harrietruscoedesign.co.uk\/",
                "service_icon": "https:\/\/static.wixstatic.com\/media\/ce9e62_cb7fc8967671466a930d688135a6440f%7Emv2.png\/v1\/fill\/w_16%2Ch_16%2Clg_1%2Cusm_0.66_1.00_0.01\/ce9e62_cb7fc8967671466a930d688135a6440f%7Emv2.png",
                "id": 1,
                "original_url": "https:\/\/www.harrietruscoedesign.co.uk\/",
                "fallback": "harrietruscoedesign: Freelance Print Designer | Harriet Ruscoe Design",
                "text": "Harriet is a freelance print &amp; graphic designer and illustrator. Creating original artwork and designs for fashion, home and stationery. Designs can be commissioned, bought directly or licensed for use on a range of products.",
                "title": "Freelance Print Designer | Harriet Ruscoe Design",
                "title_link": "https:\/\/www.harrietruscoedesign.co.uk\/",
                "service_name": "harrietruscoedesign"
            }
        ],
        "blocks": [
            {
                "type": "rich_text",
                "block_id": "m1d3D",
                "elements": [
                    {
                        "type": "rich_text_section",
                        "elements": [
                            {
                                "type": "text",
                                "text": "Hey Tooba, my graphic designer, Harriet, would be awesome for this and has space open.\n\nHer website is "
                            },
                            {
                                "type": "link",
                                "url": "https:\/\/www.harrietruscoedesign.co.uk\/"
                            },
                            {
                                "type": "text",
                                "text": " where you can see her print design work.\n\nShe also does all the featured images on the Mio blog: "
                            },
                            {
                                "type": "link",
                                "url": "http:\/\/dispatch.m.io",
                                "text": "dispatch.m.io"
                            },
                            {
                                "type": "text",
                                "text": "\n\nEmail is "
                            },
                            {
                                "type": "link",
                                "url": "mailto:harrietruscoe@gmail.com",
                                "text": "harrietruscoe@gmail.com"
                            },
                            {
                                "type": "text",
                                "text": " if you want to reach her, or let me know if you'd like me to introduce you."
                            }
                        ]
                    }
                ]
            }
        ],
        "thread_ts": "1646902390.050039",
        "parent_user_id": "U0333UU1KSQ"
    },
    {
        "client_msg_id": "6F664E39-3B3B-41C7-A1D2-822D2C100091",
        "type": "message",
        "text": "Thanks for all the responses! I'll dm y'all for portfolios and stuff",
        "user": "U01RHT8800N",
        "ts": "1646927564.088589",
        "team": "TJE58GTJL",
        "user_team": "TJE58GTJL",
        "source_team": "TJE58GTJL",
        "user_profile": {
            "avatar_hash": "351f898be38f",
            "image_72": "https:\/\/avatars.slack-edge.com\/2021-03-18\/1874720693426_351f898be38f3e5a6753_72.png",
            "first_name": "mekkie",
            "real_name": "mekkie",
            "display_name": "mekkie",
            "team": "TJE58GTJL",
            "name": "mehakbansil",
            "is_restricted": false,
            "is_ultra_restricted": false
        },
        "blocks": [
            {
                "type": "rich_text",
                "block_id": "KnrZ",
                "elements": [
                    {
                        "type": "rich_text_section",
                        "elements": [
                            {
                                "type": "text",
                                "text": "Thanks for all the responses! I'll dm y'all for portfolios and stuff"
                            }
                        ]
                    }
                ]
            }
        ],
        "thread_ts": "1646885096.851719",
        "parent_user_id": "U01RHT8800N"
    },
    {
        "client_msg_id": "a6d7fab2-1380-4aa2-a40c-555834529109",
        "type": "message",
        "text": "I’m not a freelancer, but our agency writes articles (aka me, since I’m the lone content creator right now) in the SEM\/Google Ads space. We might be able to help you out. We can take your topics, create keywords strategies, and write SEO-friendly blogs. Let me know if you wanna chat more.",
        "user": "U0359RCHAGY",
        "ts": "1646930084.276449",
        "team": "TJE58GTJL",
        "user_team": "TJE58GTJL",
        "source_team": "TJE58GTJL",
        "user_profile": {
            "avatar_hash": "b7dd2989bd4d",
            "image_72": "https:\/\/avatars.slack-edge.com\/2022-02-24\/3141563210823_b7dd2989bd4d9bfa430d_72.jpg",
            "first_name": "Joel",
            "real_name": "Joel Reynolds",
            "display_name": "Joel Reynolds",
            "team": "TJE58GTJL",
            "name": "joel824",
            "is_restricted": false,
            "is_ultra_restricted": false
        },
        "blocks": [
            {
                "type": "rich_text",
                "block_id": "x2B4z",
                "elements": [
                    {
                        "type": "rich_text_section",
                        "elements": [
                            {
                                "type": "text",
                                "text": "I’m not a freelancer, but our agency writes articles (aka me, since I’m the lone content creator right now) in the SEM\/Google Ads space. We might be able to help you out. We can take your topics, create keywords strategies, and write SEO-friendly blogs. Let me know if you wanna chat more."
                            }
                        ]
                    }
                ]
            }
        ],
        "thread_ts": "1646901556.924349",
        "parent_user_id": "U031DQX4UJU"
    },
    {
        "client_msg_id": "3cc0d3b9-d293-42e3-a44f-e3f9e1889aed",
        "type": "message",
        "text": "Hey <@U01RHT8800N> I'm a freelance B2B writer for SaaS companies in the e-commerce space. Let me know what you need :slightly_smiling_face: Thanks.",
        "user": "U02PRMEAP0V",
        "ts": "1646930928.185189",
        "team": "TJE58GTJL",
        "user_team": "TJE58GTJL",
        "source_team": "TJE58GTJL",
        "user_profile": {
            "avatar_hash": "3655374527f9",
            "image_72": "https:\/\/avatars.slack-edge.com\/2022-03-23\/3282575021317_3655374527f96f1c0934_72.png",
            "first_name": "Elsier",
            "real_name": "Elsier Otachi",
            "display_name": "Elsier Otachi",
            "team": "TJE58GTJL",
            "name": "biagelo",
            "is_restricted": false,
            "is_ultra_restricted": false
        },
        "blocks": [
            {
                "type": "rich_text",
                "block_id": "+E219",
                "elements": [
                    {
                        "type": "rich_text_section",
                        "elements": [
                            {
                                "type": "text",
                                "text": "Hey "
                            },
                            {
                                "type": "user",
                                "user_id": "U01RHT8800N"
                            },
                            {
                                "type": "text",
                                "text": " I'm a freelance B2B writer for SaaS companies in the e-commerce space. Let me know what you need "
                            },
                            {
                                "type": "emoji",
                                "name": "slightly_smiling_face"
                            },
                            {
                                "type": "text",
                                "text": " Thanks."
                            }
                        ]
                    }
                ]
            }
        ],
        "thread_ts": "1646885096.851719",
        "parent_user_id": "U01RHT8800N"
    },
    {
        "client_msg_id": "38eefb61-209f-4350-a36a-47681c4d1ccf",
        "type": "message",
        "text": "Talk to <@U02QVPG4DGT>",
        "user": "U02PRMEAP0V",
        "ts": "1646930959.386189",
        "team": "TJE58GTJL",
        "user_team": "TJE58GTJL",
        "source_team": "TJE58GTJL",
        "user_profile": {
            "avatar_hash": "3655374527f9",
            "image_72": "https:\/\/avatars.slack-edge.com\/2022-03-23\/3282575021317_3655374527f96f1c0934_72.png",
            "first_name": "Elsier",
            "real_name": "Elsier Otachi",
            "display_name": "Elsier Otachi",
            "team": "TJE58GTJL",
            "name": "biagelo",
            "is_restricted": false,
            "is_ultra_restricted": false
        },
        "edited": {
            "user": "U02PRMEAP0V",
            "ts": "1646930971.000000"
        },
        "blocks": [
            {
                "type": "rich_text",
                "block_id": "NKE",
                "elements": [
                    {
                        "type": "rich_text_section",
                        "elements": [
                            {
                                "type": "text",
                                "text": "Talk to "
                            },
                            {
                                "type": "user",
                                "user_id": "U02QVPG4DGT"
                            }
                        ]
                    }
                ]
            }
        ],
        "thread_ts": "1646902390.050039",
        "parent_user_id": "U0333UU1KSQ"
    },
    {
        "client_msg_id": "3a96875d-54be-4604-814c-8721e5c02262",
        "type": "message",
        "text": "Hi <@U0333UU1KSQ> I sent a DM",
        "user": "U02CUM2LDAN",
        "ts": "1646945435.114949",
        "team": "TJE58GTJL",
        "user_team": "TJE58GTJL",
        "source_team": "TJE58GTJL",
        "user_profile": {
            "avatar_hash": "458609281ce7",
            "image_72": "https:\/\/avatars.slack-edge.com\/2021-09-17\/2505725073522_458609281ce79c30fb91_72.jpg",
            "first_name": "Faith",
            "real_name": "Faith Ekanem",
            "display_name": "Faith Ekanem",
            "team": "TJE58GTJL",
            "name": "faithbibok",
            "is_restricted": false,
            "is_ultra_restricted": false
        },
        "blocks": [
            {
                "type": "rich_text",
                "block_id": "4jaV",
                "elements": [
                    {
                        "type": "rich_text_section",
                        "elements": [
                            {
                                "type": "text",
                                "text": "Hi "
                            },
                            {
                                "type": "user",
                                "user_id": "U0333UU1KSQ"
                            },
                            {
                                "type": "text",
                                "text": " I sent a DM"
                            }
                        ]
                    }
                ]
            }
        ],
        "thread_ts": "1646902390.050039",
        "parent_user_id": "U0333UU1KSQ"
    },
    {
        "client_msg_id": "b3afed1d-0acf-46bc-84b0-ba4268d0a741",
        "type": "message",
        "text": "<@U031DQX4UJU> Do you mean content about SEM or an SEM specialist :slightly_smiling_face:",
        "user": "UUH2ESL66",
        "ts": "1646952133.471249",
        "team": "TJE58GTJL",
        "user_team": "TJE58GTJL",
        "source_team": "TJE58GTJL",
        "user_profile": {
            "avatar_hash": "258edf4c5252",
            "image_72": "https:\/\/avatars.slack-edge.com\/2020-03-05\/984845117296_258edf4c525224d42bff_72.jpg",
            "first_name": "Eric",
            "real_name": "Eric Doty",
            "display_name": "",
            "team": "TJE58GTJL",
            "name": "eric.doty3",
            "is_restricted": false,
            "is_ultra_restricted": false
        },
        "blocks": [
            {
                "type": "rich_text",
                "block_id": "tzy21",
                "elements": [
                    {
                        "type": "rich_text_section",
                        "elements": [
                            {
                                "type": "user",
                                "user_id": "U031DQX4UJU"
                            },
                            {
                                "type": "text",
                                "text": " Do you mean content about SEM or an SEM specialist "
                            },
                            {
                                "type": "emoji",
                                "name": "slightly_smiling_face"
                            }
                        ]
                    }
                ]
            }
        ],
        "thread_ts": "1646901556.924349",
        "parent_user_id": "U031DQX4UJU"
    }
]