[
    {
        "client_msg_id": "0627f60e-26b5-4e8b-bae3-6b8bc9d526b7",
        "type": "message",
        "text": "Yes when it comes to SaaS guest posting helps but even SaaS is a macro niche and there are various sub niches to consider. So I would suggest you to take a closer look and see which industries in SaaS excite you enough. <@U031H7YAB7S>",
        "user": "U02HD0L8HAP",
        "ts": "1644310279.489489",
        "team": "TJE58GTJL",
        "user_team": "TJE58GTJL",
        "source_team": "TJE58GTJL",
        "user_profile": {
            "avatar_hash": "675c42a91f65",
            "image_72": "https:\/\/avatars.slack-edge.com\/2022-01-10\/2928364816754_675c42a91f6571f4ac6b_72.jpg",
            "first_name": "Aanchal",
            "real_name": "Aanchal Parmar",
            "display_name": "Aanchal Parmar",
            "team": "TJE58GTJL",
            "name": "aanywrites",
            "is_restricted": false,
            "is_ultra_restricted": false
        },
        "blocks": [
            {
                "type": "rich_text",
                "block_id": "msQw",
                "elements": [
                    {
                        "type": "rich_text_section",
                        "elements": [
                            {
                                "type": "text",
                                "text": "Yes when it comes to SaaS guest posting helps but even SaaS is a macro niche and there are various sub niches to consider. So I would suggest you to take a closer look and see which industries in SaaS excite you enough. "
                            },
                            {
                                "type": "user",
                                "user_id": "U031H7YAB7S"
                            }
                        ]
                    }
                ]
            }
        ],
        "thread_ts": "1644292984.528909",
        "parent_user_id": "U031H7YAB7S",
        "reactions": [
            {
                "name": "+1",
                "users": [
                    "U031ULX8GLQ"
                ],
                "count": 1
            },
            {
                "name": "eyes",
                "users": [
                    "U031H7YAB7S"
                ],
                "count": 1
            }
        ]
    },
    {
        "client_msg_id": "d4d697ed-1f9f-4811-92b3-40653137f7a0",
        "type": "message",
        "text": "Quick question for freelance writers: which tool do you use for bulk word counting? I've been using a simple software for some time but it seems a little slow for my liking. Any recommendations?",
        "user": "U031ULX8GLQ",
        "ts": "1644322460.120029",
        "team": "TJE58GTJL",
        "user_team": "TJE58GTJL",
        "source_team": "TJE58GTJL",
        "user_profile": {
            "avatar_hash": "ddc2537b7469",
            "image_72": "https:\/\/avatars.slack-edge.com\/2022-02-22\/3141794176274_ddc2537b7469916c2394_72.jpg",
            "first_name": "Shubham",
            "real_name": "Shubham Singh",
            "display_name": "Shubham Singh",
            "team": "TJE58GTJL",
            "name": "shubhamsinghwrites",
            "is_restricted": false,
            "is_ultra_restricted": false
        },
        "blocks": [
            {
                "type": "rich_text",
                "block_id": "KShjN",
                "elements": [
                    {
                        "type": "rich_text_section",
                        "elements": [
                            {
                                "type": "text",
                                "text": "Quick question for freelance writers: which tool do you use for bulk word counting? I've been using a simple software for some time but it seems a little slow for my liking. Any recommendations?"
                            }
                        ]
                    }
                ]
            }
        ],
        "thread_ts": "1644322460.120029",
        "reply_count": 4,
        "reply_users_count": 3,
        "latest_reply": "1644331398.118739",
        "reply_users": [
            "UJJFDTN8G",
            "U031ULX8GLQ",
            "U01AHL8AGBB"
        ],
        "replies": [
            {
                "user": "UJJFDTN8G",
                "ts": "1644327372.213209"
            },
            {
                "user": "U031ULX8GLQ",
                "ts": "1644327458.676449"
            },
            {
                "user": "U01AHL8AGBB",
                "ts": "1644330148.472939"
            },
            {
                "user": "U031ULX8GLQ",
                "ts": "1644331398.118739"
            }
        ],
        "is_locked": false,
        "subscribed": false
    },
    {
        "client_msg_id": "cf2da180-5514-4d21-8fd2-3a93c4120d36",
        "type": "message",
        "text": "What size are we talking? I can't think of any reason I'd ever not use the native word count in Google Docs or Word.",
        "user": "UJJFDTN8G",
        "ts": "1644327372.213209",
        "team": "TJE58GTJL",
        "user_team": "TJE58GTJL",
        "source_team": "TJE58GTJL",
        "user_profile": {
            "avatar_hash": "gd91d89ae152",
            "image_72": "https:\/\/secure.gravatar.com\/avatar\/86d91d89ae1528e747f4a586668d5d87.jpg?s=72&d=https%3A%2F%2Fa.slack-edge.com%2Fdf10d%2Fimg%2Favatars%2Fava_0013-72.png",
            "first_name": "Dominic",
            "real_name": "Dominic Kent",
            "display_name": "Dom Kent",
            "team": "TJE58GTJL",
            "name": "dominic",
            "is_restricted": false,
            "is_ultra_restricted": false
        },
        "blocks": [
            {
                "type": "rich_text",
                "block_id": "o\/p",
                "elements": [
                    {
                        "type": "rich_text_section",
                        "elements": [
                            {
                                "type": "text",
                                "text": "What size are we talking? I can't think of any reason I'd ever not use the native word count in Google Docs or Word."
                            }
                        ]
                    }
                ]
            }
        ],
        "thread_ts": "1644322460.120029",
        "parent_user_id": "U031ULX8GLQ"
    },
    {
        "client_msg_id": "46a6e37b-ec0a-4267-9db1-ebc949729391",
        "type": "message",
        "text": "<@UJJFDTN8G> like over 25k words. Say 20+ doc files",
        "user": "U031ULX8GLQ",
        "ts": "1644327458.676449",
        "team": "TJE58GTJL",
        "user_team": "TJE58GTJL",
        "source_team": "TJE58GTJL",
        "user_profile": {
            "avatar_hash": "ddc2537b7469",
            "image_72": "https:\/\/avatars.slack-edge.com\/2022-02-22\/3141794176274_ddc2537b7469916c2394_72.jpg",
            "first_name": "Shubham",
            "real_name": "Shubham Singh",
            "display_name": "Shubham Singh",
            "team": "TJE58GTJL",
            "name": "shubhamsinghwrites",
            "is_restricted": false,
            "is_ultra_restricted": false
        },
        "blocks": [
            {
                "type": "rich_text",
                "block_id": "G89N",
                "elements": [
                    {
                        "type": "rich_text_section",
                        "elements": [
                            {
                                "type": "user",
                                "user_id": "UJJFDTN8G"
                            },
                            {
                                "type": "text",
                                "text": " like over 25k words. Say 20+ doc files"
                            }
                        ]
                    }
                ]
            }
        ],
        "thread_ts": "1644322460.120029",
        "parent_user_id": "U031ULX8GLQ"
    },
    {
        "client_msg_id": "b47fba14-943a-4773-bb54-d6ef86f4630a",
        "type": "message",
        "text": "If you're using Windows: <https:\/\/www.trainingfortranslators.com\/2014\/09\/03\/word-counts-for-all-files-in-a-folder\/>\n\nCouldn't find a solution for mac with a quick google, though maybe you'll have better luck",
        "user": "U01AHL8AGBB",
        "ts": "1644330148.472939",
        "team": "TJE58GTJL",
        "user_team": "TJE58GTJL",
        "source_team": "TJE58GTJL",
        "user_profile": {
            "avatar_hash": "09eb34255d46",
            "image_72": "https:\/\/avatars.slack-edge.com\/2020-09-07\/1347887170866_09eb34255d4678a00ddc_72.png",
            "first_name": "Jordy",
            "real_name": "Jordy Fujiwara",
            "display_name": "Jordy",
            "team": "TJE58GTJL",
            "name": "jordy.fujiwara",
            "is_restricted": false,
            "is_ultra_restricted": false
        },
        "attachments": [
            {
                "from_url": "https:\/\/www.trainingfortranslators.com\/2014\/09\/03\/word-counts-for-all-files-in-a-folder\/",
                "ts": 1409771735,
                "thumb_url": "http:\/\/corinnemckay.files.wordpress.com\/2014\/09\/wordcount.png?w=238",
                "thumb_width": 238,
                "thumb_height": 298,
                "service_icon": "https:\/\/www.trainingfortranslators.com\/wp-content\/uploads\/2019\/06\/cropped-Favicon-1-180x180.jpg",
                "id": 1,
                "original_url": "https:\/\/www.trainingfortranslators.com\/2014\/09\/03\/word-counts-for-all-files-in-a-folder\/",
                "fallback": "Training for Translators: Word counts for all files in a folder - Training for Translators",
                "text": "This is a small tip, but so exciting that I couldn’t resist sharing (nerd alert…). You probably have a feature-rich word-counting tool, or a TM tool that does complicated word counts. But let’s say that you want to do a quick-and-dirty word count of a bunch of files without opening them one by one. Like […]",
                "title": "Word counts for all files in a folder - Training for Translators",
                "title_link": "https:\/\/www.trainingfortranslators.com\/2014\/09\/03\/word-counts-for-all-files-in-a-folder\/",
                "service_name": "Training for Translators",
                "fields": [
                    {
                        "value": "Corinne McKay",
                        "title": "Written by",
                        "short": true
                    },
                    {
                        "value": "1 minute",
                        "title": "Est. reading time",
                        "short": true
                    }
                ]
            }
        ],
        "blocks": [
            {
                "type": "rich_text",
                "block_id": "8Xu",
                "elements": [
                    {
                        "type": "rich_text_section",
                        "elements": [
                            {
                                "type": "text",
                                "text": "If you're using Windows: "
                            },
                            {
                                "type": "link",
                                "url": "https:\/\/www.trainingfortranslators.com\/2014\/09\/03\/word-counts-for-all-files-in-a-folder\/"
                            },
                            {
                                "type": "text",
                                "text": "\n\nCouldn't find a solution for mac with a quick google, though maybe you'll have better luck"
                            }
                        ]
                    }
                ]
            }
        ],
        "thread_ts": "1644322460.120029",
        "parent_user_id": "U031ULX8GLQ"
    },
    {
        "client_msg_id": "edd75b32-bfd8-4034-aec2-edb7dbe5bc12",
        "type": "message",
        "text": "Agree wholeheartedly with Aanchal -- you will see after an initial look that each niche has its own ways of working",
        "user": "U030YK82C3C",
        "ts": "1644330425.310629",
        "team": "TJE58GTJL",
        "user_team": "TJE58GTJL",
        "source_team": "TJE58GTJL",
        "user_profile": {
            "avatar_hash": "509164036138",
            "image_72": "https:\/\/avatars.slack-edge.com\/2022-01-31\/3032931412482_509164036138beb6f988_72.png",
            "first_name": "Marc",
            "real_name": "Marc S",
            "display_name": "Marc S",
            "team": "TJE58GTJL",
            "name": "msteatham",
            "is_restricted": false,
            "is_ultra_restricted": false
        },
        "blocks": [
            {
                "type": "rich_text",
                "block_id": "2uTp",
                "elements": [
                    {
                        "type": "rich_text_section",
                        "elements": [
                            {
                                "type": "text",
                                "text": "Agree wholeheartedly with Aanchal -- you will see after an initial look that each niche has its own ways of working"
                            }
                        ]
                    }
                ]
            }
        ],
        "thread_ts": "1644292984.528909",
        "parent_user_id": "U031H7YAB7S"
    },
    {
        "client_msg_id": "b5621ebf-7bda-41b6-b16b-bd58ecd2a472",
        "type": "message",
        "text": "Thanks a ton. <@U02HD0L8HAP> <@U02NK9YFWRE> I'll have a closer look :slightly_smiling_face:",
        "user": "U031H7YAB7S",
        "ts": "1644330508.800979",
        "team": "TJE58GTJL",
        "user_team": "TJE58GTJL",
        "source_team": "TJE58GTJL",
        "user_profile": {
            "avatar_hash": "f7f07b8ce12e",
            "image_72": "https:\/\/avatars.slack-edge.com\/2022-01-30\/3030117064340_f7f07b8ce12e8489b33c_72.jpg",
            "first_name": "Sanjana",
            "real_name": "Sanjana Sankhyan",
            "display_name": "Sanjana Sankhyan",
            "team": "TJE58GTJL",
            "name": "sanjanasankhyan",
            "is_restricted": false,
            "is_ultra_restricted": false
        },
        "blocks": [
            {
                "type": "rich_text",
                "block_id": "OtooW",
                "elements": [
                    {
                        "type": "rich_text_section",
                        "elements": [
                            {
                                "type": "text",
                                "text": "Thanks a ton. "
                            },
                            {
                                "type": "user",
                                "user_id": "U02HD0L8HAP"
                            },
                            {
                                "type": "text",
                                "text": " "
                            },
                            {
                                "type": "user",
                                "user_id": "U02NK9YFWRE"
                            },
                            {
                                "type": "text",
                                "text": " I'll have a closer look "
                            },
                            {
                                "type": "emoji",
                                "name": "slightly_smiling_face"
                            }
                        ]
                    }
                ]
            }
        ],
        "thread_ts": "1644292984.528909",
        "parent_user_id": "U031H7YAB7S"
    },
    {
        "client_msg_id": "6a3c3161-2206-49c5-96fa-2f9410b21719",
        "type": "message",
        "text": "I'll check this out <@U01AHL8AGBB>! Thanks a lot! :)",
        "user": "U031ULX8GLQ",
        "ts": "1644331398.118739",
        "team": "TJE58GTJL",
        "user_team": "TJE58GTJL",
        "source_team": "TJE58GTJL",
        "user_profile": {
            "avatar_hash": "ddc2537b7469",
            "image_72": "https:\/\/avatars.slack-edge.com\/2022-02-22\/3141794176274_ddc2537b7469916c2394_72.jpg",
            "first_name": "Shubham",
            "real_name": "Shubham Singh",
            "display_name": "Shubham Singh",
            "team": "TJE58GTJL",
            "name": "shubhamsinghwrites",
            "is_restricted": false,
            "is_ultra_restricted": false
        },
        "blocks": [
            {
                "type": "rich_text",
                "block_id": "\/jzr",
                "elements": [
                    {
                        "type": "rich_text_section",
                        "elements": [
                            {
                                "type": "text",
                                "text": "I'll check this out "
                            },
                            {
                                "type": "user",
                                "user_id": "U01AHL8AGBB"
                            },
                            {
                                "type": "text",
                                "text": "! Thanks a lot! :)"
                            }
                        ]
                    }
                ]
            }
        ],
        "thread_ts": "1644322460.120029",
        "parent_user_id": "U031ULX8GLQ",
        "reactions": [
            {
                "name": "partyparrot",
                "users": [
                    "U01AHL8AGBB"
                ],
                "count": 1
            }
        ]
    },
    {
        "client_msg_id": "a31376ab-a0fa-4686-93bf-772611fc2427",
        "type": "message",
        "text": "any freelancers who have worked from Seoul or Singapore? looking to talk to people for a paid project :eyes:",
        "user": "U0320BS53RQ",
        "ts": "1644347479.221809",
        "team": "TJE58GTJL",
        "user_team": "TJE58GTJL",
        "source_team": "TJE58GTJL",
        "user_profile": {
            "avatar_hash": "ea48880e8c8e",
            "image_72": "https:\/\/avatars.slack-edge.com\/2022-02-08\/3068289596918_ea48880e8c8efa609f6f_72.png",
            "first_name": "madi",
            "real_name": "madi",
            "display_name": "madi",
            "team": "TJE58GTJL",
            "name": "madi.pignetti",
            "is_restricted": false,
            "is_ultra_restricted": false
        },
        "blocks": [
            {
                "type": "rich_text",
                "block_id": "OmW",
                "elements": [
                    {
                        "type": "rich_text_section",
                        "elements": [
                            {
                                "type": "text",
                                "text": "any freelancers who have worked from Seoul or Singapore? looking to talk to people for a paid project "
                            },
                            {
                                "type": "emoji",
                                "name": "eyes"
                            }
                        ]
                    }
                ]
            }
        ]
    },
    {
        "client_msg_id": "9ce0ce9d-d978-4acf-9c8a-8fb12f69ee22",
        "type": "message",
        "text": "Anyone here able to design a logo for me? DM me!",
        "user": "U02NK9ZJSGY",
        "ts": "1644348599.327369",
        "team": "TJE58GTJL",
        "user_team": "TJE58GTJL",
        "source_team": "TJE58GTJL",
        "user_profile": {
            "avatar_hash": "29c1c81737c7",
            "image_72": "https:\/\/avatars.slack-edge.com\/2021-11-18\/2746449769972_29c1c81737c779d70d7b_72.jpg",
            "first_name": "Eden",
            "real_name": "Eden Hansing",
            "display_name": "Eden Hansing",
            "team": "TJE58GTJL",
            "name": "edenhansing",
            "is_restricted": false,
            "is_ultra_restricted": false
        },
        "blocks": [
            {
                "type": "rich_text",
                "block_id": "D90",
                "elements": [
                    {
                        "type": "rich_text_section",
                        "elements": [
                            {
                                "type": "text",
                                "text": "Anyone here able to design a logo for me? DM me!"
                            }
                        ]
                    }
                ]
            }
        ],
        "thread_ts": "1644348599.327369",
        "reply_count": 3,
        "reply_users_count": 3,
        "latest_reply": "1644473789.416879",
        "reply_users": [
            "U027KKWUY12",
            "U02PRMEAP0V",
            "U031H7YNAPJ"
        ],
        "replies": [
            {
                "user": "U027KKWUY12",
                "ts": "1644349758.934179"
            },
            {
                "user": "U02PRMEAP0V",
                "ts": "1644471046.434559"
            },
            {
                "user": "U031H7YNAPJ",
                "ts": "1644473789.416879"
            }
        ],
        "is_locked": false,
        "subscribed": false
    },
    {
        "client_msg_id": "90c69e98-e7a7-4b94-94cc-3343dc29fba5",
        "type": "message",
        "text": "what i dont understand here is how someone can afford to write a whole article for 1000 and feed themselves. It takes some time to write something unless its something that requires zero research and an outline is provided but this would be let’s say 500 a day and then figuring looking for clients, this just doesn’t add up to a living wage.",
        "user": "U032D0T39QR",
        "ts": "1644349364.679219",
        "team": "TJE58GTJL",
        "user_team": "TJE58GTJL",
        "source_team": "TJE58GTJL",
        "user_profile": {
            "avatar_hash": "5e43324317aa",
            "image_72": "https:\/\/avatars.slack-edge.com\/2022-02-08\/3067799456070_5e43324317aab3a79c72_72.jpg",
            "first_name": "Chauncey",
            "real_name": "Chauncey Zalkin",
            "display_name": "Chauncey Zalkin",
            "team": "TJE58GTJL",
            "name": "chaunceyzalkin",
            "is_restricted": false,
            "is_ultra_restricted": false
        },
        "blocks": [
            {
                "type": "rich_text",
                "block_id": "rPa54",
                "elements": [
                    {
                        "type": "rich_text_section",
                        "elements": [
                            {
                                "type": "text",
                                "text": "what i dont understand here is how someone can afford to write a whole article for 1000 and feed themselves. It takes some time to write something unless its something that requires zero research and an outline is provided but this would be let’s say 500 a day and then figuring looking for clients, this just doesn’t add up to a living wage."
                            }
                        ]
                    }
                ]
            }
        ],
        "thread_ts": "1644165242.207629",
        "parent_user_id": "U02L6AMG3GV"
    },
    {
        "client_msg_id": "64DA239F-A2D9-4680-96C9-E82403533018",
        "type": "message",
        "text": "Dm sent! ",
        "user": "U027KKWUY12",
        "ts": "1644349758.934179",
        "team": "TJE58GTJL",
        "user_team": "TJE58GTJL",
        "source_team": "TJE58GTJL",
        "user_profile": {
            "avatar_hash": "f2176ca29ce5",
            "image_72": "https:\/\/avatars.slack-edge.com\/2021-07-14\/2268394227302_f2176ca29ce5a159a5bb_72.png",
            "first_name": "Lapite",
            "real_name": "Lapite Olamide",
            "display_name": "Olamide",
            "team": "TJE58GTJL",
            "name": "lapite3",
            "is_restricted": false,
            "is_ultra_restricted": false
        },
        "blocks": [
            {
                "type": "rich_text",
                "block_id": "oxnx",
                "elements": [
                    {
                        "type": "rich_text_section",
                        "elements": [
                            {
                                "type": "text",
                                "text": "Dm sent! "
                            }
                        ]
                    }
                ]
            }
        ],
        "thread_ts": "1644348599.327369",
        "parent_user_id": "U02NK9ZJSGY"
    },
    {
        "client_msg_id": "9b490a0c-d048-474a-ba05-ed4f3ff4868c",
        "type": "message",
        "text": "The prices listed aren't set in stone. It's only meant to give you an idea of what you can and should be charging for different projects. A lot of my rates are well above what they suggest in the pricing guide because I adjust them based on my industry experience.",
        "user": "U02L6AMG3GV",
        "ts": "1644349931.423859",
        "team": "TJE58GTJL",
        "user_team": "TJE58GTJL",
        "source_team": "TJE58GTJL",
        "user_profile": {
            "avatar_hash": "4e7600fa1b64",
            "image_72": "https:\/\/avatars.slack-edge.com\/2021-11-04\/2674701504215_4e7600fa1b64a1e11882_72.jpg",
            "first_name": "Charlene",
            "real_name": "Charlene Anderson",
            "display_name": "",
            "team": "TJE58GTJL",
            "name": "charlene047",
            "is_restricted": false,
            "is_ultra_restricted": false
        },
        "blocks": [
            {
                "type": "rich_text",
                "block_id": "Yqlr",
                "elements": [
                    {
                        "type": "rich_text_section",
                        "elements": [
                            {
                                "type": "text",
                                "text": "The prices listed aren't set in stone. It's only meant to give you an idea of what you can and should be charging for different projects. A lot of my rates are well above what they suggest in the pricing guide because I adjust them based on my industry experience."
                            }
                        ]
                    }
                ]
            }
        ],
        "thread_ts": "1644165242.207629",
        "parent_user_id": "U02L6AMG3GV"
    }
]