[
    {
        "client_msg_id": "F93B6C5C-2AC3-4CED-A8EF-BAA56819BD8B",
        "type": "message",
        "text": "Hey, \nI do have experience in this area. I just dropped a DM. Let’s connect to discuss things further. ",
        "user": "U02MYNWUY07",
        "ts": "1647501483.412399",
        "team": "TJE58GTJL",
        "user_team": "TJE58GTJL",
        "source_team": "TJE58GTJL",
        "user_profile": {
            "avatar_hash": "97d060ffa1e3",
            "image_72": "https:\/\/avatars.slack-edge.com\/2021-11-24\/2760700896917_97d060ffa1e3300aafe2_72.png",
            "first_name": "Purvi",
            "real_name": "Purvi Kalra",
            "display_name": "Purvi Kalra",
            "team": "TJE58GTJL",
            "name": "purkalra41",
            "is_restricted": false,
            "is_ultra_restricted": false
        },
        "blocks": [
            {
                "type": "rich_text",
                "block_id": "ZoM1",
                "elements": [
                    {
                        "type": "rich_text_section",
                        "elements": [
                            {
                                "type": "text",
                                "text": "Hey, \nI do have experience in this area. I just dropped a DM. Let’s connect to discuss things further. "
                            }
                        ]
                    }
                ]
            }
        ],
        "thread_ts": "1647462539.176139",
        "parent_user_id": "UN227ML2H"
    },
    {
        "client_msg_id": "D72E8041-A9A2-4115-A314-2E933450633D",
        "type": "message",
        "text": "Subscribed! Thanks! ",
        "user": "U02MYNWUY07",
        "ts": "1647501984.828079",
        "team": "TJE58GTJL",
        "user_team": "TJE58GTJL",
        "source_team": "TJE58GTJL",
        "user_profile": {
            "avatar_hash": "97d060ffa1e3",
            "image_72": "https:\/\/avatars.slack-edge.com\/2021-11-24\/2760700896917_97d060ffa1e3300aafe2_72.png",
            "first_name": "Purvi",
            "real_name": "Purvi Kalra",
            "display_name": "Purvi Kalra",
            "team": "TJE58GTJL",
            "name": "purkalra41",
            "is_restricted": false,
            "is_ultra_restricted": false
        },
        "blocks": [
            {
                "type": "rich_text",
                "block_id": "yEl",
                "elements": [
                    {
                        "type": "rich_text_section",
                        "elements": [
                            {
                                "type": "text",
                                "text": "Subscribed! Thanks! "
                            }
                        ]
                    }
                ]
            }
        ],
        "thread_ts": "1647368631.055579",
        "parent_user_id": "U0236PYP3SR",
        "reactions": [
            {
                "name": "heart",
                "users": [
                    "U0236PYP3SR"
                ],
                "count": 1
            }
        ]
    },
    {
        "client_msg_id": "5a70612c-87ac-42ae-8732-7b02fe617f01",
        "type": "message",
        "text": "Hey <@U02EX4W0JJD> DM sent!",
        "user": "U013JCCN8JE",
        "ts": "1647518523.447399",
        "team": "TJE58GTJL",
        "user_team": "TJE58GTJL",
        "source_team": "TJE58GTJL",
        "user_profile": {
            "avatar_hash": "6682d662b905",
            "image_72": "https:\/\/avatars.slack-edge.com\/2020-10-24\/1444184646742_6682d662b90594d702c6_72.jpg",
            "first_name": "Timan",
            "real_name": "Timan Nickson",
            "display_name": "Timan Nickson",
            "team": "TJE58GTJL",
            "name": "timanwai",
            "is_restricted": false,
            "is_ultra_restricted": false
        },
        "blocks": [
            {
                "type": "rich_text",
                "block_id": "UZq",
                "elements": [
                    {
                        "type": "rich_text_section",
                        "elements": [
                            {
                                "type": "text",
                                "text": "Hey "
                            },
                            {
                                "type": "user",
                                "user_id": "U02EX4W0JJD"
                            },
                            {
                                "type": "text",
                                "text": " DM sent!"
                            }
                        ]
                    }
                ]
            }
        ],
        "thread_ts": "1647459440.834339",
        "parent_user_id": "U02EX4W0JJD"
    },
    {
        "client_msg_id": "0aae33ca-2765-434a-b3c4-ec6b0d549ff4",
        "type": "message",
        "text": "Hi Kimberly, I’ve just sent you a DM :)",
        "user": "U02SHF57GQN",
        "ts": "1647521625.807759",
        "team": "TJE58GTJL",
        "user_team": "TJE58GTJL",
        "source_team": "TJE58GTJL",
        "user_profile": {
            "avatar_hash": "da83dd260457",
            "image_72": "https:\/\/avatars.slack-edge.com\/2022-02-11\/3114871451312_da83dd26045777839a1e_72.jpg",
            "first_name": "Anna",
            "real_name": "Anna Rubkiewicz",
            "display_name": "Anna Rubkiewicz",
            "team": "TJE58GTJL",
            "name": "anna.rubkiewicz",
            "is_restricted": false,
            "is_ultra_restricted": false
        },
        "blocks": [
            {
                "type": "rich_text",
                "block_id": "67\/Cw",
                "elements": [
                    {
                        "type": "rich_text_section",
                        "elements": [
                            {
                                "type": "text",
                                "text": "Hi Kimberly, I’ve just sent you a DM :)"
                            }
                        ]
                    }
                ]
            }
        ],
        "thread_ts": "1647459440.834339",
        "parent_user_id": "U02EX4W0JJD"
    },
    {
        "client_msg_id": "71ac53a5-f66c-43e2-abbb-983eab8db779",
        "type": "message",
        "text": "Hi Surendran, I’ve just sent you an email :slightly_smiling_face: Congratulations on the funding!",
        "user": "U02SHF57GQN",
        "ts": "1647523362.960539",
        "team": "TJE58GTJL",
        "user_team": "TJE58GTJL",
        "source_team": "TJE58GTJL",
        "user_profile": {
            "avatar_hash": "da83dd260457",
            "image_72": "https:\/\/avatars.slack-edge.com\/2022-02-11\/3114871451312_da83dd26045777839a1e_72.jpg",
            "first_name": "Anna",
            "real_name": "Anna Rubkiewicz",
            "display_name": "Anna Rubkiewicz",
            "team": "TJE58GTJL",
            "name": "anna.rubkiewicz",
            "is_restricted": false,
            "is_ultra_restricted": false
        },
        "blocks": [
            {
                "type": "rich_text",
                "block_id": "b0Le",
                "elements": [
                    {
                        "type": "rich_text_section",
                        "elements": [
                            {
                                "type": "text",
                                "text": "Hi Surendran, I’ve just sent you an email "
                            },
                            {
                                "type": "emoji",
                                "name": "slightly_smiling_face"
                            },
                            {
                                "type": "text",
                                "text": " Congratulations on the funding!"
                            }
                        ]
                    }
                ]
            }
        ],
        "thread_ts": "1647409062.862109",
        "parent_user_id": "U0241BH1XJS",
        "reactions": [
            {
                "name": "white_check_mark",
                "users": [
                    "U0241BH1XJS"
                ],
                "count": 1
            }
        ]
    },
    {
        "client_msg_id": "dc2833b7-ef04-4499-a877-d91dd177e09c",
        "type": "message",
        "text": "Thanks <@U02SHF57GQN> for the wishes. Just responded as well :slightly_smiling_face:",
        "user": "U0241BH1XJS",
        "ts": "1647525401.641089",
        "team": "TJE58GTJL",
        "user_team": "TJE58GTJL",
        "source_team": "TJE58GTJL",
        "user_profile": {
            "avatar_hash": "9274ff609eda",
            "image_72": "https:\/\/avatars.slack-edge.com\/2022-03-16\/3247820360050_9274ff609edaf956aa99_72.jpg",
            "first_name": "Surendran",
            "real_name": "Surendran Balachandran",
            "display_name": "Surendran Balachandran",
            "team": "TJE58GTJL",
            "name": "surendran",
            "is_restricted": false,
            "is_ultra_restricted": false
        },
        "blocks": [
            {
                "type": "rich_text",
                "block_id": "WP2",
                "elements": [
                    {
                        "type": "rich_text_section",
                        "elements": [
                            {
                                "type": "text",
                                "text": "Thanks "
                            },
                            {
                                "type": "user",
                                "user_id": "U02SHF57GQN"
                            },
                            {
                                "type": "text",
                                "text": " for the wishes. Just responded as well "
                            },
                            {
                                "type": "emoji",
                                "name": "slightly_smiling_face"
                            }
                        ]
                    }
                ]
            }
        ],
        "thread_ts": "1647409062.862109",
        "parent_user_id": "U0241BH1XJS"
    },
    {
        "client_msg_id": "AF1A0C77-2068-42BE-B22B-27775392594F",
        "type": "message",
        "text": "I sent you a mail to ask some questions <@U0241BH1XJS> please reply. :pray::skin-tone-6:",
        "user": "U027KKWUY12",
        "ts": "1647539064.664049",
        "team": "TJE58GTJL",
        "user_team": "TJE58GTJL",
        "source_team": "TJE58GTJL",
        "user_profile": {
            "avatar_hash": "f2176ca29ce5",
            "image_72": "https:\/\/avatars.slack-edge.com\/2021-07-14\/2268394227302_f2176ca29ce5a159a5bb_72.png",
            "first_name": "Lapite",
            "real_name": "Lapite Olamide",
            "display_name": "Olamide",
            "team": "TJE58GTJL",
            "name": "lapite3",
            "is_restricted": false,
            "is_ultra_restricted": false
        },
        "blocks": [
            {
                "type": "rich_text",
                "block_id": "b=kMe",
                "elements": [
                    {
                        "type": "rich_text_section",
                        "elements": [
                            {
                                "type": "text",
                                "text": "I sent you a mail to ask some questions "
                            },
                            {
                                "type": "user",
                                "user_id": "U0241BH1XJS"
                            },
                            {
                                "type": "text",
                                "text": " please reply. "
                            },
                            {
                                "type": "emoji",
                                "name": "pray",
                                "skin_tone": 6
                            }
                        ]
                    }
                ]
            }
        ],
        "thread_ts": "1647409062.862109",
        "parent_user_id": "U0241BH1XJS"
    },
    {
        "client_msg_id": "95b1a9c8-2f77-4767-8532-85b7420c0c8c",
        "type": "message",
        "text": "Hello everyone!\n\nI am looking for experienced Product Designers and Growth Hackers (at least 7 years of experience) to feature on our micro consulting platform <https:\/\/wizly.app\/> .\n\nWe already have over 120 high profile experts (many have fortune 500 experience, including Facebook, Google, Apple, etc.) onboard to answer micro consulting questions.\n\nThere are 3 ways to monetize on Wizly as an expert:\n\n• By answering micro consulting question;\n• When users schedule a micro consulting session with you (you can charge up to 250$\/micro consulting session);\n• When you produce content or hold a webinar for us.\n• \nIf you believe you are a good fit, please DM me your LinkedIn profile URL.",
        "user": "U034Q9PAU90",
        "ts": "1647541045.268619",
        "team": "TJE58GTJL",
        "user_team": "TJE58GTJL",
        "source_team": "TJE58GTJL",
        "user_profile": {
            "avatar_hash": "0d8d8f72a478",
            "image_72": "https:\/\/avatars.slack-edge.com\/2022-02-25\/3145844917799_0d8d8f72a4787e44926d_72.jpg",
            "first_name": "Stef",
            "real_name": "Stef Curcio",
            "display_name": "Stef Curcio",
            "team": "TJE58GTJL",
            "name": "curciostef",
            "is_restricted": false,
            "is_ultra_restricted": false
        },
        "blocks": [
            {
                "type": "rich_text",
                "block_id": "HnJVr",
                "elements": [
                    {
                        "type": "rich_text_section",
                        "elements": [
                            {
                                "type": "text",
                                "text": "Hello everyone!\n\nI am looking for experienced Product Designers and Growth Hackers (at least 7 years of experience) to feature on our micro consulting platform "
                            },
                            {
                                "type": "link",
                                "url": "https:\/\/wizly.app\/"
                            },
                            {
                                "type": "text",
                                "text": " .\n\nWe already have over 120 high profile experts (many have fortune 500 experience, including Facebook, Google, Apple, etc.) onboard to answer micro consulting questions.\n\nThere are 3 ways to monetize on Wizly as an expert:\n\n"
                            }
                        ]
                    },
                    {
                        "type": "rich_text_list",
                        "elements": [
                            {
                                "type": "rich_text_section",
                                "elements": [
                                    {
                                        "type": "text",
                                        "text": "By answering micro consulting question;"
                                    }
                                ]
                            },
                            {
                                "type": "rich_text_section",
                                "elements": [
                                    {
                                        "type": "text",
                                        "text": "When users schedule a micro consulting session with you (you can charge up to 250$\/micro consulting session);"
                                    }
                                ]
                            },
                            {
                                "type": "rich_text_section",
                                "elements": [
                                    {
                                        "type": "text",
                                        "text": "When you produce content or hold a webinar for us."
                                    }
                                ]
                            },
                            {
                                "type": "rich_text_section",
                                "elements": []
                            }
                        ],
                        "style": "bullet",
                        "indent": 0,
                        "border": 0
                    },
                    {
                        "type": "rich_text_section",
                        "elements": [
                            {
                                "type": "text",
                                "text": "If you believe you are a good fit, please DM me your LinkedIn profile URL."
                            }
                        ]
                    }
                ]
            }
        ]
    },
    {
        "client_msg_id": "C19488C0-276C-4159-88E3-A08800638CFD",
        "type": "message",
        "text": "Hey, I've been working with mental health practitioners for over 30 years and I've done a whole heap of mental health training courses from suicide prevention to behaviour change to trauma related support. DM me if you want to chat more. I've got some space in my schedule atm too :+1::skin-tone-2:",
        "user": "U037F8TMQTF",
        "ts": "1647541406.027399",
        "team": "TJE58GTJL",
        "user_team": "TJE58GTJL",
        "source_team": "TJE58GTJL",
        "user_profile": {
            "avatar_hash": "37ab94b612cf",
            "image_72": "https:\/\/avatars.slack-edge.com\/2022-03-17\/3241707992503_37ab94b612cffdc3ed84_72.png",
            "first_name": "Tracy",
            "real_name": "Tracy Rawlinson",
            "display_name": "Tracy Rawlinson - parenting",
            "team": "TJE58GTJL",
            "name": "tracy",
            "is_restricted": false,
            "is_ultra_restricted": false
        },
        "blocks": [
            {
                "type": "rich_text",
                "block_id": "sq67x",
                "elements": [
                    {
                        "type": "rich_text_section",
                        "elements": [
                            {
                                "type": "text",
                                "text": "Hey, I've been working with mental health practitioners for over 30 years and I've done a whole heap of mental health training courses from suicide prevention to behaviour change to trauma related support. DM me if you want to chat more. I've got some space in my schedule atm too "
                            },
                            {
                                "type": "emoji",
                                "name": "+1",
                                "skin_tone": 2
                            }
                        ]
                    }
                ]
            }
        ],
        "thread_ts": "1647462539.176139",
        "parent_user_id": "UN227ML2H"
    },
    {
        "client_msg_id": "7C95C1DB-91A7-4585-A3E9-CC13BE2F26FF",
        "type": "message",
        "text": "Can you please share the rates for this opportunity?",
        "user": "U034WF55SDT",
        "ts": "1647542191.174299",
        "team": "TJE58GTJL",
        "user_team": "TJE58GTJL",
        "source_team": "TJE58GTJL",
        "user_profile": {
            "avatar_hash": "g93bfd807b65",
            "image_72": "https:\/\/secure.gravatar.com\/avatar\/93bfd807b65a85226292a62d4f2acb58.jpg?s=72&d=https%3A%2F%2Fa.slack-edge.com%2Fdf10d%2Fimg%2Favatars%2Fava_0017-72.png",
            "first_name": "Bani",
            "real_name": "Bani Kaur",
            "display_name": "",
            "team": "TJE58GTJL",
            "name": "banikaur1997",
            "is_restricted": false,
            "is_ultra_restricted": false
        },
        "blocks": [
            {
                "type": "rich_text",
                "block_id": "lZNi",
                "elements": [
                    {
                        "type": "rich_text_section",
                        "elements": [
                            {
                                "type": "text",
                                "text": "Can you please share the rates for this opportunity?"
                            }
                        ]
                    }
                ]
            }
        ],
        "thread_ts": "1647409062.862109",
        "parent_user_id": "U0241BH1XJS",
        "reactions": [
            {
                "name": "+1",
                "users": [
                    "U035PRM7UR1"
                ],
                "count": 1
            }
        ]
    },
    {
        "client_msg_id": "10d20683-6d3b-4f17-9951-bd6eb3bee70f",
        "type": "message",
        "text": "Looking for a HubSpot developer to work on our HS instance, any recommendations?",
        "user": "U02JCAN6EN4",
        "ts": "1647560485.425499",
        "team": "TJE58GTJL",
        "user_team": "TJE58GTJL",
        "source_team": "TJE58GTJL",
        "user_profile": {
            "avatar_hash": "d76e415ffd9e",
            "image_72": "https:\/\/avatars.slack-edge.com\/2021-10-13\/2593995601558_d76e415ffd9e80d37862_72.jpg",
            "first_name": "Laura",
            "real_name": "Laura Taylor",
            "display_name": "Laura Taylor",
            "team": "TJE58GTJL",
            "name": "laura115",
            "is_restricted": false,
            "is_ultra_restricted": false
        },
        "blocks": [
            {
                "type": "rich_text",
                "block_id": "2Dg=z",
                "elements": [
                    {
                        "type": "rich_text_section",
                        "elements": [
                            {
                                "type": "text",
                                "text": "Looking for a HubSpot developer to work on our HS instance, any recommendations?"
                            }
                        ]
                    }
                ]
            }
        ]
    },
    {
        "client_msg_id": "596b47d2-6374-408b-998a-45fb5f871746",
        "type": "message",
        "text": "Hi <@U034WF55SDT> - Thanks for asking. We pay top of the market compensation for our writers and depends on the quality of the work. Happy to discuss separately.",
        "user": "U0241BH1XJS",
        "ts": "1647574404.923239",
        "team": "TJE58GTJL",
        "user_team": "TJE58GTJL",
        "source_team": "TJE58GTJL",
        "user_profile": {
            "avatar_hash": "9274ff609eda",
            "image_72": "https:\/\/avatars.slack-edge.com\/2022-03-16\/3247820360050_9274ff609edaf956aa99_72.jpg",
            "first_name": "Surendran",
            "real_name": "Surendran Balachandran",
            "display_name": "Surendran Balachandran",
            "team": "TJE58GTJL",
            "name": "surendran",
            "is_restricted": false,
            "is_ultra_restricted": false
        },
        "blocks": [
            {
                "type": "rich_text",
                "block_id": "EYY",
                "elements": [
                    {
                        "type": "rich_text_section",
                        "elements": [
                            {
                                "type": "text",
                                "text": "Hi "
                            },
                            {
                                "type": "user",
                                "user_id": "U034WF55SDT"
                            },
                            {
                                "type": "text",
                                "text": " - Thanks for asking. We pay top of the market compensation for our writers and depends on the quality of the work. Happy to discuss separately."
                            }
                        ]
                    }
                ]
            }
        ],
        "thread_ts": "1647409062.862109",
        "parent_user_id": "U0241BH1XJS"
    }
]