[
    {
        "client_msg_id": "CD0B0707-9653-427B-BE2A-D5CE23747785",
        "type": "message",
        "text": "I'm looking for freelance copy editors with amazing attention to detail who also understand a bit of SEO. It's to edit UK secondary school maths content written by maths teachers whose maths is great but their English needs a bit of reworking! Please get in touch if interested. Thanks ",
        "user": "U01UYA5NHD2",
        "ts": "1648796756.234299",
        "team": "TJE58GTJL",
        "user_team": "TJE58GTJL",
        "source_team": "TJE58GTJL",
        "user_profile": {
            "avatar_hash": "a8fd7ff1fa58",
            "image_72": "https:\/\/avatars.slack-edge.com\/2021-04-19\/1978724948290_a8fd7ff1fa581d9fc499_72.jpg",
            "first_name": "",
            "real_name": "Sophie Bessemer",
            "display_name": "Sophie Bessemer",
            "team": "TJE58GTJL",
            "name": "sophie.bessemer",
            "is_restricted": false,
            "is_ultra_restricted": false
        },
        "blocks": [
            {
                "type": "rich_text",
                "block_id": "btHT7",
                "elements": [
                    {
                        "type": "rich_text_section",
                        "elements": [
                            {
                                "type": "text",
                                "text": "I'm looking for freelance copy editors with amazing attention to detail who also understand a bit of SEO. It's to edit UK secondary school maths content written by maths teachers whose maths is great but their English needs a bit of reworking! Please get in touch if interested. Thanks "
                            }
                        ]
                    }
                ]
            }
        ],
        "thread_ts": "1648796756.234299",
        "reply_count": 4,
        "reply_users_count": 4,
        "latest_reply": "1648847987.940469",
        "reply_users": [
            "U03018Z4NTA",
            "U035PRM7UR1",
            "U03330MFEN4",
            "U01UYA5NHD2"
        ],
        "replies": [
            {
                "user": "U03018Z4NTA",
                "ts": "1648800342.410369"
            },
            {
                "user": "U035PRM7UR1",
                "ts": "1648818965.898459"
            },
            {
                "user": "U03330MFEN4",
                "ts": "1648837250.604419"
            },
            {
                "user": "U01UYA5NHD2",
                "ts": "1648847987.940469"
            }
        ],
        "is_locked": false,
        "subscribed": false
    },
    {
        "client_msg_id": "88a16495-ce5f-489f-8a02-a580e128e61b",
        "type": "message",
        "text": "Hey all,\n\nWe at Writesonic are looking for a PR consultant who can work with us on a monthly basis to publish a couple of articles in the top international media publications every month.\n\nWe would be looking at thought leadership, product feature launches, and other forms of content.\n\nIf you’re interested, please reach out via DM :pray:\n\nThank you!",
        "user": "U039LHK5YHG",
        "ts": "1648797185.632119",
        "team": "TJE58GTJL",
        "user_team": "TJE58GTJL",
        "source_team": "TJE58GTJL",
        "user_profile": {
            "avatar_hash": "86efa075cdf1",
            "image_72": "https:\/\/avatars.slack-edge.com\/2022-03-31\/3340870540785_86efa075cdf16f21622d_72.jpg",
            "first_name": "Samanyou",
            "real_name": "Samanyou Garg",
            "display_name": "Samanyou Garg",
            "team": "TJE58GTJL",
            "name": "sam872",
            "is_restricted": false,
            "is_ultra_restricted": false
        },
        "edited": {
            "user": "U039LHK5YHG",
            "ts": "1648797205.000000"
        },
        "blocks": [
            {
                "type": "rich_text",
                "block_id": "EYC7",
                "elements": [
                    {
                        "type": "rich_text_section",
                        "elements": [
                            {
                                "type": "text",
                                "text": "Hey all,\n\nWe at Writesonic are looking for a PR consultant who can work with us on a monthly basis to publish a couple of articles in the top international media publications every month.\n\nWe would be looking at thought leadership, product feature launches, and other forms of content.\n\nIf you’re interested, please reach out via DM "
                            },
                            {
                                "type": "emoji",
                                "name": "pray"
                            },
                            {
                                "type": "text",
                                "text": "\n\nThank you!"
                            }
                        ]
                    }
                ]
            }
        ],
        "thread_ts": "1648797185.632119",
        "reply_count": 2,
        "reply_users_count": 2,
        "latest_reply": "1649412691.509719",
        "reply_users": [
            "U039JUGNGPK",
            "U039LHK5YHG"
        ],
        "replies": [
            {
                "user": "U039JUGNGPK",
                "ts": "1649336155.583639"
            },
            {
                "user": "U039LHK5YHG",
                "ts": "1649412691.509719"
            }
        ],
        "is_locked": false,
        "subscribed": false
    },
    {
        "client_msg_id": "99c5d5a5-51dd-4faa-b284-e3b3826b5c6c",
        "type": "message",
        "text": "Since site copy can be so different (some people want bare bones, no SEO, and others might want super robust pages, tons of pages in their menu, etc.), I think it’s hard to price it by site, personally. Just speaking generally, without knowing any particulars, I’d probably say to go hourly.",
        "user": "U032AAX829K",
        "ts": "1648798213.947549",
        "team": "TJE58GTJL",
        "user_team": "TJE58GTJL",
        "source_team": "TJE58GTJL",
        "user_profile": {
            "avatar_hash": "8ba787921771",
            "image_72": "https:\/\/avatars.slack-edge.com\/2022-02-09\/3086421497716_8ba787921771e8940bfb_72.jpg",
            "first_name": "Marilyn",
            "real_name": "Marilyn Starkenberg",
            "display_name": "Marilyn Starkenberg",
            "team": "TJE58GTJL",
            "name": "marilyn.starkenberg",
            "is_restricted": false,
            "is_ultra_restricted": false
        },
        "blocks": [
            {
                "type": "rich_text",
                "block_id": "bvma",
                "elements": [
                    {
                        "type": "rich_text_section",
                        "elements": [
                            {
                                "type": "text",
                                "text": "Since site copy can be so different (some people want bare bones, no SEO, and others might want super robust pages, tons of pages in their menu, etc.), I think it’s hard to price it by site, personally. Just speaking generally, without knowing any particulars, I’d probably say to go hourly."
                            }
                        ]
                    }
                ]
            }
        ],
        "thread_ts": "1648773004.785709",
        "parent_user_id": "U02QDLB9ASU"
    },
    {
        "client_msg_id": "61b7779e-e5b0-4a64-9b82-7065334baa16",
        "type": "message",
        "text": "I have sent an invite Viola",
        "user": "U03164Q045P",
        "ts": "1648800232.867229",
        "team": "TJE58GTJL",
        "user_team": "TJE58GTJL",
        "source_team": "TJE58GTJL",
        "user_profile": {
            "avatar_hash": "b4d86a2d5663",
            "image_72": "https:\/\/avatars.slack-edge.com\/2022-01-30\/3030310940020_b4d86a2d566305ad3f57_72.jpg",
            "first_name": "Abdulrahman",
            "real_name": "Abdulrahman Ibrahim",
            "display_name": "Gentlestormwrites",
            "team": "TJE58GTJL",
            "name": "ibrahimabdulrahman94",
            "is_restricted": false,
            "is_ultra_restricted": false
        },
        "blocks": [
            {
                "type": "rich_text",
                "block_id": "2GroR",
                "elements": [
                    {
                        "type": "rich_text_section",
                        "elements": [
                            {
                                "type": "text",
                                "text": "I have sent an invite Viola"
                            }
                        ]
                    }
                ]
            }
        ],
        "thread_ts": "1648776022.203449",
        "parent_user_id": "U02J27W7K1B"
    },
    {
        "client_msg_id": "4b20dfbb-1eb9-42b0-8171-b1ea7d6992f6",
        "type": "message",
        "text": "Hey Sophie,\nWould love to get more details on the kind of content it is and your budget.\nMy portfolio is at <http:\/\/mominaasif.carrd.co|mominaasif.carrd.co>",
        "user": "U03018Z4NTA",
        "ts": "1648800342.410369",
        "team": "TJE58GTJL",
        "user_team": "TJE58GTJL",
        "source_team": "TJE58GTJL",
        "user_profile": {
            "avatar_hash": "3a0ef0e75f97",
            "image_72": "https:\/\/avatars.slack-edge.com\/2022-01-31\/3033413541571_3a0ef0e75f97ede9217b_72.jpg",
            "first_name": "Momina",
            "real_name": "Momina Asif",
            "display_name": "Momina",
            "team": "TJE58GTJL",
            "name": "momnaasif",
            "is_restricted": false,
            "is_ultra_restricted": false
        },
        "blocks": [
            {
                "type": "rich_text",
                "block_id": "CWFQw",
                "elements": [
                    {
                        "type": "rich_text_section",
                        "elements": [
                            {
                                "type": "text",
                                "text": "Hey Sophie,\nWould love to get more details on the kind of content it is and your budget.\nMy portfolio is at "
                            },
                            {
                                "type": "link",
                                "url": "http:\/\/mominaasif.carrd.co",
                                "text": "mominaasif.carrd.co"
                            }
                        ]
                    }
                ]
            }
        ],
        "thread_ts": "1648796756.234299",
        "parent_user_id": "U01UYA5NHD2"
    },
    {
        "client_msg_id": "dc9e7232-bf9e-44ff-885b-2ba4ff5f188c",
        "type": "message",
        "text": "<@U02SQ5Q4SCS> Would you be open to exploring Narrato Marketplace? It's a content platform that hosts a large pool of freelance writers.",
        "user": "U02QZELD0P9",
        "ts": "1648803470.832759",
        "team": "TJE58GTJL",
        "user_team": "TJE58GTJL",
        "source_team": "TJE58GTJL",
        "user_profile": {
            "avatar_hash": "55cf859b571a",
            "image_72": "https:\/\/avatars.slack-edge.com\/2022-01-21\/2988159289220_55cf859b571aac995268_72.jpg",
            "first_name": "Pooja",
            "real_name": "Pooja Seshadri",
            "display_name": "Pooja",
            "team": "TJE58GTJL",
            "name": "pooja.seshadri",
            "is_restricted": false,
            "is_ultra_restricted": false
        },
        "blocks": [
            {
                "type": "rich_text",
                "block_id": "vlWYp",
                "elements": [
                    {
                        "type": "rich_text_section",
                        "elements": [
                            {
                                "type": "user",
                                "user_id": "U02SQ5Q4SCS"
                            },
                            {
                                "type": "text",
                                "text": " Would you be open to exploring Narrato Marketplace? It's a content platform that hosts a large pool of freelance writers."
                            }
                        ]
                    }
                ]
            }
        ],
        "thread_ts": "1648590591.873259",
        "parent_user_id": "U02SQ5Q4SCS"
    },
    {
        "client_msg_id": "1efa2f97-9f0a-42fd-898f-e40ad6984349",
        "type": "message",
        "text": "Hi Sophie - can you share your email add? :-)",
        "user": "U035PRM7UR1",
        "ts": "1648818965.898459",
        "team": "TJE58GTJL",
        "user_team": "TJE58GTJL",
        "source_team": "TJE58GTJL",
        "user_profile": {
            "avatar_hash": "7c48f0494041",
            "image_72": "https:\/\/avatars.slack-edge.com\/2022-03-04\/3180127949831_7c48f0494041889cf38e_72.png",
            "first_name": "Neha",
            "real_name": "Neha",
            "display_name": "Neha",
            "team": "TJE58GTJL",
            "name": "neha",
            "is_restricted": false,
            "is_ultra_restricted": false
        },
        "blocks": [
            {
                "type": "rich_text",
                "block_id": "xgs3M",
                "elements": [
                    {
                        "type": "rich_text_section",
                        "elements": [
                            {
                                "type": "text",
                                "text": "Hi Sophie - can you share your email add? :-)"
                            }
                        ]
                    }
                ]
            }
        ],
        "thread_ts": "1648796756.234299",
        "parent_user_id": "U01UYA5NHD2"
    },
    {
        "client_msg_id": "1b49546d-11f3-460c-9197-7d538be5c79f",
        "type": "message",
        "text": "Hi <@U02SQ5Q4SCS> :slightly_smiling_face: I've been writing for SaaS companies for almost 4 years now. I work with SuperOffice, Sendinblue, Whatfix, and many more B2B &amp; SaaS brands. DM if interested!",
        "user": "U015XHF0RE0",
        "ts": "1648831486.501199",
        "team": "TJE58GTJL",
        "user_team": "TJE58GTJL",
        "source_team": "TJE58GTJL",
        "user_profile": {
            "avatar_hash": "3b994352b8aa",
            "image_72": "https:\/\/avatars.slack-edge.com\/2020-06-22\/1197226784578_3b994352b8aac48ece1e_72.jpg",
            "first_name": "",
            "real_name": "Adelina",
            "display_name": "Adelina",
            "team": "TJE58GTJL",
            "name": "karpenkova.adel",
            "is_restricted": false,
            "is_ultra_restricted": false
        },
        "blocks": [
            {
                "type": "rich_text",
                "block_id": "lAY4",
                "elements": [
                    {
                        "type": "rich_text_section",
                        "elements": [
                            {
                                "type": "text",
                                "text": "Hi "
                            },
                            {
                                "type": "user",
                                "user_id": "U02SQ5Q4SCS"
                            },
                            {
                                "type": "text",
                                "text": " "
                            },
                            {
                                "type": "emoji",
                                "name": "slightly_smiling_face"
                            },
                            {
                                "type": "text",
                                "text": " I've been writing for SaaS companies for almost 4 years now. I work with SuperOffice, Sendinblue, Whatfix, and many more B2B & SaaS brands. DM if interested!"
                            }
                        ]
                    }
                ]
            }
        ],
        "thread_ts": "1648590591.873259",
        "parent_user_id": "U02SQ5Q4SCS"
    },
    {
        "client_msg_id": "c77b9895-5786-4b3d-a679-745f853d9d47",
        "type": "message",
        "text": "... and do you need writers? :smile:",
        "user": "U015XHF0RE0",
        "ts": "1648831551.491969",
        "team": "TJE58GTJL",
        "user_team": "TJE58GTJL",
        "source_team": "TJE58GTJL",
        "user_profile": {
            "avatar_hash": "3b994352b8aa",
            "image_72": "https:\/\/avatars.slack-edge.com\/2020-06-22\/1197226784578_3b994352b8aac48ece1e_72.jpg",
            "first_name": "",
            "real_name": "Adelina",
            "display_name": "Adelina",
            "team": "TJE58GTJL",
            "name": "karpenkova.adel",
            "is_restricted": false,
            "is_ultra_restricted": false
        },
        "blocks": [
            {
                "type": "rich_text",
                "block_id": "BOFo+",
                "elements": [
                    {
                        "type": "rich_text_section",
                        "elements": [
                            {
                                "type": "text",
                                "text": "... and do you need writers? "
                            },
                            {
                                "type": "emoji",
                                "name": "smile"
                            }
                        ]
                    }
                ]
            }
        ],
        "thread_ts": "1648638460.011569",
        "parent_user_id": "U02K94VK43G"
    },
    {
        "client_msg_id": "5ab773aa-d4fb-49c8-9bc8-a3292ac7bf20",
        "type": "message",
        "text": "DMed!",
        "user": "U015XHF0RE0",
        "ts": "1648832103.628609",
        "team": "TJE58GTJL",
        "user_team": "TJE58GTJL",
        "source_team": "TJE58GTJL",
        "user_profile": {
            "avatar_hash": "3b994352b8aa",
            "image_72": "https:\/\/avatars.slack-edge.com\/2020-06-22\/1197226784578_3b994352b8aac48ece1e_72.jpg",
            "first_name": "",
            "real_name": "Adelina",
            "display_name": "Adelina",
            "team": "TJE58GTJL",
            "name": "karpenkova.adel",
            "is_restricted": false,
            "is_ultra_restricted": false
        },
        "blocks": [
            {
                "type": "rich_text",
                "block_id": "sXxf",
                "elements": [
                    {
                        "type": "rich_text_section",
                        "elements": [
                            {
                                "type": "text",
                                "text": "DMed!"
                            }
                        ]
                    }
                ]
            }
        ],
        "thread_ts": "1648738210.725059",
        "parent_user_id": "U0391JK0P5W"
    },
    {
        "type": "message",
        "subtype": "slackbot_response",
        "text": "hold on there! we don't allow link swaps in this group and will delete any posts offering them. please take a look at our community guidelines: <https:\/\/docs.google.com\/document\/d\/15GMUom_zSQZboJE149U9hH6AJeHGQVPMAGibI4DLKeM\/edit?usp=sharing>",
        "user": "USLACKBOT",
        "ts": "1648834604.585779"
    },
    {
        "client_msg_id": "55ee98e7-2844-47ad-9b5b-2c5d2f43d448",
        "type": "message",
        "text": "hey folks!\n\nlooking for a freelance editor over at sacra. posted a job listing here: <https:\/\/jobs.superpath.co\/job\/295283-freelance-editor-sacra>.\n\nif you're interested or have any questions, ask away. thank you!!",
        "user": "U011UJX75PE",
        "ts": "1648835842.633049",
        "team": "TJE58GTJL",
        "user_team": "TJE58GTJL",
        "source_team": "TJE58GTJL",
        "user_profile": {
            "avatar_hash": "35b4e7bec8e7",
            "image_72": "https:\/\/avatars.slack-edge.com\/2020-04-10\/1065450049489_35b4e7bec8e7151a1927_72.jpg",
            "first_name": "Walter",
            "real_name": "Walter",
            "display_name": "Walter",
            "team": "TJE58GTJL",
            "name": "walter.chen",
            "is_restricted": false,
            "is_ultra_restricted": false
        },
        "blocks": [
            {
                "type": "rich_text",
                "block_id": "ZpF",
                "elements": [
                    {
                        "type": "rich_text_section",
                        "elements": [
                            {
                                "type": "text",
                                "text": "hey folks!\n\nlooking for a freelance editor over at sacra. posted a job listing here: "
                            },
                            {
                                "type": "link",
                                "url": "https:\/\/jobs.superpath.co\/job\/295283-freelance-editor-sacra"
                            },
                            {
                                "type": "text",
                                "text": ".\n\nif you're interested or have any questions, ask away. thank you!!"
                            }
                        ]
                    }
                ]
            }
        ],
        "thread_ts": "1648835842.633049",
        "reply_count": 1,
        "reply_users_count": 1,
        "latest_reply": "1648839947.171119",
        "reply_users": [
            "U034ZC5RY3U"
        ],
        "replies": [
            {
                "user": "U034ZC5RY3U",
                "ts": "1648839947.171119"
            }
        ],
        "is_locked": false,
        "subscribed": false,
        "reactions": [
            {
                "name": "+1",
                "users": [
                    "UN227ML2H",
                    "U032XMG6Q8Z"
                ],
                "count": 2
            }
        ]
    },
    {
        "client_msg_id": "333c8d6b-94d4-40db-9702-10dd464c6d2d",
        "type": "message",
        "text": "Are you only hiring in the UK? And can you share the rates for this opportunity?",
        "user": "U03330MFEN4",
        "ts": "1648837250.604419",
        "team": "TJE58GTJL",
        "user_team": "TJE58GTJL",
        "source_team": "TJE58GTJL",
        "user_profile": {
            "avatar_hash": "eee78796f291",
            "image_72": "https:\/\/avatars.slack-edge.com\/2022-02-09\/3105175916912_eee78796f2919ff55228_72.png",
            "first_name": "Kaitlyn",
            "real_name": "Kaitlyn Arford",
            "display_name": "Kaitlyn Arford",
            "team": "TJE58GTJL",
            "name": "kaitlyn.arford",
            "is_restricted": false,
            "is_ultra_restricted": false
        },
        "blocks": [
            {
                "type": "rich_text",
                "block_id": "hzU",
                "elements": [
                    {
                        "type": "rich_text_section",
                        "elements": [
                            {
                                "type": "text",
                                "text": "Are you only hiring in the UK? And can you share the rates for this opportunity?"
                            }
                        ]
                    }
                ]
            }
        ],
        "thread_ts": "1648796756.234299",
        "parent_user_id": "U01UYA5NHD2"
    },
    {
        "client_msg_id": "fda7ad57-a4b0-4d89-a6cd-f26347eb3f63",
        "type": "message",
        "text": "Most web copywriters I know (if that's what you mean by site specific) charge $300+ per page and long pages or high-value pages can start at $1,000 to $1,500 per page.",
        "user": "U034NCQDL4C",
        "ts": "1648839137.553619",
        "team": "TJE58GTJL",
        "user_team": "TJE58GTJL",
        "source_team": "TJE58GTJL",
        "user_profile": {
            "avatar_hash": "33ba8413e7bd",
            "image_72": "https:\/\/avatars.slack-edge.com\/2022-02-25\/3155972088566_33ba8413e7bd92c59673_72.jpg",
            "first_name": "Becky",
            "real_name": "Becky Lawlor",
            "display_name": "Becky",
            "team": "TJE58GTJL",
            "name": "becky",
            "is_restricted": false,
            "is_ultra_restricted": false
        },
        "blocks": [
            {
                "type": "rich_text",
                "block_id": "A2VuJ",
                "elements": [
                    {
                        "type": "rich_text_section",
                        "elements": [
                            {
                                "type": "text",
                                "text": "Most web copywriters I know (if that's what you mean by site specific) charge $300+ per page and long pages or high-value pages can start at $1,000 to $1,500 per page."
                            }
                        ]
                    }
                ]
            }
        ],
        "thread_ts": "1648773004.785709",
        "parent_user_id": "U02QDLB9ASU",
        "reactions": [
            {
                "name": "100",
                "users": [
                    "U01QYGNA1JN",
                    "U02CMV0AHAS",
                    "U02QDLB9ASU"
                ],
                "count": 3
            },
            {
                "name": "+1",
                "users": [
                    "U03AVHF6PGE"
                ],
                "count": 1
            }
        ]
    },
    {
        "client_msg_id": "536320BF-9D61-468E-83E2-6D0E63C65079",
        "type": "message",
        "text": "<@U030HE4UH50> ",
        "user": "U034ZC5RY3U",
        "ts": "1648839947.171119",
        "team": "TJE58GTJL",
        "user_team": "TJE58GTJL",
        "source_team": "TJE58GTJL",
        "user_profile": {
            "avatar_hash": "dbd0e771a518",
            "image_72": "https:\/\/avatars.slack-edge.com\/2022-03-16\/3273505098592_dbd0e771a518d3a263a7_72.png",
            "first_name": "Folasade",
            "real_name": "Folasade",
            "display_name": "Folasade",
            "team": "TJE58GTJL",
            "name": "folasadesobayo",
            "is_restricted": false,
            "is_ultra_restricted": false
        },
        "blocks": [
            {
                "type": "rich_text",
                "block_id": "JGy",
                "elements": [
                    {
                        "type": "rich_text_section",
                        "elements": [
                            {
                                "type": "user",
                                "user_id": "U030HE4UH50"
                            },
                            {
                                "type": "text",
                                "text": " "
                            }
                        ]
                    }
                ]
            }
        ],
        "thread_ts": "1648835842.633049",
        "parent_user_id": "U011UJX75PE"
    },
    {
        "client_msg_id": "d06b92bb-b792-42b4-8ee7-241214690ad4",
        "type": "message",
        "text": "Hi <@U02SQ5Q4SCS> - I still do some writing (mostly case studies) but I am a customer researcher that helps B2B folx figure out what topics\/themes come up along a buying journey.\n\nIn other words - I help them figure out what's happing in a buyers biz, and the catalysts to find a solution - we then use those insights to shape content marketing strategies.",
        "user": "U02CZJT4FDG",
        "ts": "1648842037.814899",
        "team": "TJE58GTJL",
        "user_team": "TJE58GTJL",
        "source_team": "TJE58GTJL",
        "user_profile": {
            "avatar_hash": "a135302ef51a",
            "image_72": "https:\/\/avatars.slack-edge.com\/2021-08-31\/2439146771077_a135302ef51af6681b26_72.jpg",
            "first_name": "Ryan",
            "real_name": "Ryan Paul Gibson",
            "display_name": "Ryan Paul Gibson",
            "team": "TJE58GTJL",
            "name": "ryanpaulgibson",
            "is_restricted": false,
            "is_ultra_restricted": false
        },
        "edited": {
            "user": "U02CZJT4FDG",
            "ts": "1648842091.000000"
        },
        "blocks": [
            {
                "type": "rich_text",
                "block_id": "KGu",
                "elements": [
                    {
                        "type": "rich_text_section",
                        "elements": [
                            {
                                "type": "text",
                                "text": "Hi "
                            },
                            {
                                "type": "user",
                                "user_id": "U02SQ5Q4SCS"
                            },
                            {
                                "type": "text",
                                "text": " - I still do some writing (mostly case studies) but I am a customer researcher that helps B2B folx figure out what topics\/themes come up along a buying journey.\n\nIn other words - I help them figure out what's happing in a buyers biz, and the catalysts to find a solution - we then use those insights to shape content marketing strategies."
                            }
                        ]
                    }
                ]
            }
        ],
        "thread_ts": "1648590591.873259",
        "parent_user_id": "U02SQ5Q4SCS"
    },
    {
        "client_msg_id": "5d84fd73-c820-4382-ac10-2ba2564f5bea",
        "type": "message",
        "text": "hola \/ happy Friday! i just started consulting with a <http:\/\/Swayable.com|Swayable.com> - progressive-backed \/ B-corp in the advertising measurement space.  i’m there to accelerate  our content marketing process and looking for some freelance writers to work on case studies + help our founder (ex NYT Digital) with op-eds. DM me if you want to learn more :smiley:",
        "user": "U03A3SQ6L0Z",
        "ts": "1648845369.578309",
        "team": "TJE58GTJL",
        "user_team": "TJE58GTJL",
        "source_team": "TJE58GTJL",
        "user_profile": {
            "avatar_hash": "gb4a8d564298",
            "image_72": "https:\/\/secure.gravatar.com\/avatar\/b4a8d564298dc1c9884414d6fd8f65c1.jpg?s=72&d=https%3A%2F%2Fa.slack-edge.com%2Fdf10d%2Fimg%2Favatars%2Fava_0014-72.png",
            "first_name": "Raman",
            "real_name": "Raman",
            "display_name": "Raman",
            "team": "TJE58GTJL",
            "name": "ramanx",
            "is_restricted": false,
            "is_ultra_restricted": false
        },
        "blocks": [
            {
                "type": "rich_text",
                "block_id": "Xw1",
                "elements": [
                    {
                        "type": "rich_text_section",
                        "elements": [
                            {
                                "type": "text",
                                "text": "hola \/ happy Friday! i just started consulting with a "
                            },
                            {
                                "type": "link",
                                "url": "http:\/\/Swayable.com",
                                "text": "Swayable.com"
                            },
                            {
                                "type": "text",
                                "text": " - progressive-backed \/ B-corp in the advertising measurement space.  i’m there to accelerate  our content marketing process and looking for some freelance writers to work on case studies + help our founder (ex NYT Digital) with op-eds. DM me if you want to learn more "
                            },
                            {
                                "type": "emoji",
                                "name": "smiley"
                            }
                        ]
                    }
                ]
            }
        ],
        "thread_ts": "1648845369.578309",
        "reply_count": 3,
        "reply_users_count": 3,
        "latest_reply": "1649089613.435209",
        "reply_users": [
            "U01K3VD3154",
            "U0375JYEMD5",
            "U03A3SQ6L0Z"
        ],
        "replies": [
            {
                "user": "U01K3VD3154",
                "ts": "1648847481.733759"
            },
            {
                "user": "U0375JYEMD5",
                "ts": "1649087797.352039"
            },
            {
                "user": "U03A3SQ6L0Z",
                "ts": "1649089613.435209"
            }
        ],
        "is_locked": false,
        "subscribed": false,
        "reactions": [
            {
                "name": "heart",
                "users": [
                    "U01K3VD3154",
                    "U01TPV4F9GT"
                ],
                "count": 2
            },
            {
                "name": "bulb",
                "users": [
                    "U01QYGNA1JN"
                ],
                "count": 1
            }
        ]
    },
    {
        "client_msg_id": "df6258c6-ed05-4451-98fe-cbce7daac6e6",
        "type": "message",
        "text": "<@U03A3SQ6L0Z> just write you DM)",
        "user": "U01K3VD3154",
        "ts": "1648847481.733759",
        "team": "TJE58GTJL",
        "user_team": "TJE58GTJL",
        "source_team": "TJE58GTJL",
        "user_profile": {
            "avatar_hash": "344b2bdfd4e4",
            "image_72": "https:\/\/avatars.slack-edge.com\/2021-12-24\/2880772375011_344b2bdfd4e4a027d9a5_72.png",
            "first_name": "Liana",
            "real_name": "Liana",
            "display_name": "Liana",
            "team": "TJE58GTJL",
            "name": "lianasimonyan98",
            "is_restricted": false,
            "is_ultra_restricted": false
        },
        "blocks": [
            {
                "type": "rich_text",
                "block_id": "OmH",
                "elements": [
                    {
                        "type": "rich_text_section",
                        "elements": [
                            {
                                "type": "user",
                                "user_id": "U03A3SQ6L0Z"
                            },
                            {
                                "type": "text",
                                "text": " just write you DM)"
                            }
                        ]
                    }
                ]
            }
        ],
        "thread_ts": "1648845369.578309",
        "parent_user_id": "U03A3SQ6L0Z"
    },
    {
        "client_msg_id": "43996bfc-fbac-45cf-8fd7-22d10a3a86bf",
        "type": "message",
        "text": "Just to respond generally to this, at the moment I think we really need someone with UK editing experience - native speaker and speller if that makes sense! Just because there are so many nuances with incorporating some fairly intense algebra into copy that reads properly too!",
        "user": "U01UYA5NHD2",
        "ts": "1648847987.940469",
        "team": "TJE58GTJL",
        "user_team": "TJE58GTJL",
        "source_team": "TJE58GTJL",
        "user_profile": {
            "avatar_hash": "a8fd7ff1fa58",
            "image_72": "https:\/\/avatars.slack-edge.com\/2021-04-19\/1978724948290_a8fd7ff1fa581d9fc499_72.jpg",
            "first_name": "",
            "real_name": "Sophie Bessemer",
            "display_name": "Sophie Bessemer",
            "team": "TJE58GTJL",
            "name": "sophie.bessemer",
            "is_restricted": false,
            "is_ultra_restricted": false
        },
        "blocks": [
            {
                "type": "rich_text",
                "block_id": "LVMZ",
                "elements": [
                    {
                        "type": "rich_text_section",
                        "elements": [
                            {
                                "type": "text",
                                "text": "Just to respond generally to this, at the moment I think we really need someone with UK editing experience - native speaker and speller if that makes sense! Just because there are so many nuances with incorporating some fairly intense algebra into copy that reads properly too!"
                            }
                        ]
                    }
                ]
            }
        ],
        "thread_ts": "1648796756.234299",
        "parent_user_id": "U01UYA5NHD2"
    },
    {
        "client_msg_id": "87381599-392d-4bad-be59-5eb8984f60f8",
        "type": "message",
        "text": "this is really helpful, thank you!",
        "user": "U02QDLB9ASU",
        "ts": "1648852639.337159",
        "team": "TJE58GTJL",
        "user_team": "TJE58GTJL",
        "source_team": "TJE58GTJL",
        "user_profile": {
            "avatar_hash": "e5ced2747fd1",
            "image_72": "https:\/\/avatars.slack-edge.com\/2022-03-26\/3292956830326_e5ced2747fd11466f3ff_72.png",
            "first_name": "Randy",
            "real_name": "Randy Ginsburg",
            "display_name": "Randy Ginsburg",
            "team": "TJE58GTJL",
            "name": "randy",
            "is_restricted": false,
            "is_ultra_restricted": false
        },
        "blocks": [
            {
                "type": "rich_text",
                "block_id": "He2",
                "elements": [
                    {
                        "type": "rich_text_section",
                        "elements": [
                            {
                                "type": "text",
                                "text": "this is really helpful, thank you!"
                            }
                        ]
                    }
                ]
            }
        ],
        "thread_ts": "1648773004.785709",
        "parent_user_id": "U02QDLB9ASU"
    },
    {
        "client_msg_id": "87BFED54-8546-409B-A30B-C834B6346A31",
        "type": "message",
        "text": "Question for you folks :)\n\n<https:\/\/www.linkedin.com\/posts\/nabeelk_business-entrepreneurs-freelancers-activity-6915817504405667840-NYa-|https:\/\/www.linkedin.com\/posts\/nabeelk_business-entrepreneurs-freelancers-activity-6915817504405667840-NYa->",
        "user": "U03286FJU1W",
        "ts": "1648859584.827769",
        "team": "TJE58GTJL",
        "user_team": "TJE58GTJL",
        "source_team": "TJE58GTJL",
        "user_profile": {
            "avatar_hash": "84b20638444c",
            "image_72": "https:\/\/avatars.slack-edge.com\/2022-02-04\/3058325424356_84b20638444c1cd16091_72.jpg",
            "first_name": "Nabeel",
            "real_name": "Nabeel Keblawi",
            "display_name": "Nabeel Keblawi",
            "team": "TJE58GTJL",
            "name": "nabeel",
            "is_restricted": false,
            "is_ultra_restricted": false
        },
        "edited": {
            "user": "U03286FJU1W",
            "ts": "1648859596.000000"
        },
        "attachments": [
            {
                "from_url": "https:\/\/www.linkedin.com\/posts\/nabeelk_business-entrepreneurs-freelancers-activity-6915817504405667840-NYa-",
                "image_url": "https:\/\/static-exp1.licdn.com\/sc\/h\/c45fy346jw096z9pbphyyhdz7",
                "image_width": 438,
                "image_height": 250,
                "image_bytes": 34857,
                "service_icon": "https:\/\/static-exp1.licdn.com\/sc\/h\/al2o9zrvru7aqj8e1x2rzsrca",
                "id": 1,
                "original_url": "https:\/\/www.linkedin.com\/posts\/nabeelk_business-entrepreneurs-freelancers-activity-6915817504405667840-NYa-",
                "fallback": "Nabeel Keblawi on LinkedIn: #business #entrepreneurs #freelancers",
                "text": "Agency owners and freelancers: With rising costs and inflation across the board, are you raising your rates within the next 3-6 months? #business #...",
                "title": "Nabeel Keblawi on LinkedIn: #business #entrepreneurs #freelancers",
                "title_link": "https:\/\/www.linkedin.com\/posts\/nabeelk_business-entrepreneurs-freelancers-activity-6915817504405667840-NYa-",
                "service_name": "linkedin.com"
            }
        ],
        "blocks": [
            {
                "type": "rich_text",
                "block_id": "C7e",
                "elements": [
                    {
                        "type": "rich_text_section",
                        "elements": [
                            {
                                "type": "text",
                                "text": "Question for you folks :)\n"
                            },
                            {
                                "type": "text",
                                "text": "\n"
                            },
                            {
                                "type": "link",
                                "url": "https:\/\/www.linkedin.com\/posts\/nabeelk_business-entrepreneurs-freelancers-activity-6915817504405667840-NYa-",
                                "text": "https:\/\/www.linkedin.com\/posts\/nabeelk_business-entrepreneurs-freelancers-activity-6915817504405667840-NYa-"
                            }
                        ]
                    }
                ]
            }
        ],
        "thread_ts": "1648859584.827769",
        "reply_count": 1,
        "reply_users_count": 1,
        "latest_reply": "1649028964.909099",
        "reply_users": [
            "U020NR8J2SG"
        ],
        "replies": [
            {
                "user": "U020NR8J2SG",
                "ts": "1649028964.909099"
            }
        ],
        "is_locked": false,
        "subscribed": false
    },
    {
        "type": "message",
        "subtype": "slackbot_response",
        "text": "Hello! Not all of our members are guys. In an effort to be more conscious of the language we use to address each other, why not try “Hey, folks,” or “Hey everyone” instead?",
        "user": "USLACKBOT",
        "ts": "1648859585.968009"
    }
]