[
    {
        "client_msg_id": "3c19e37a-dc95-4c72-ae0b-376e82757382",
        "type": "message",
        "text": "Hey, <@U0241BH1XJS>! Are you still looking for writers to contribute? If so, happy to send over my samples! :slightly_smiling_face:",
        "user": "U02RXFYA3T4",
        "ts": "1648563086.439979",
        "team": "TJE58GTJL",
        "user_team": "TJE58GTJL",
        "source_team": "TJE58GTJL",
        "user_profile": {
            "avatar_hash": "g1c8d7ab6827",
            "image_72": "https:\/\/secure.gravatar.com\/avatar\/1c8d7ab6827af15a6b7411de3fec6aa0.jpg?s=72&d=https%3A%2F%2Fa.slack-edge.com%2Fdf10d%2Fimg%2Favatars%2Fava_0023-72.png",
            "first_name": "Tanaaz",
            "real_name": "Tanaaz Khan",
            "display_name": "Tanaaz Khan",
            "team": "TJE58GTJL",
            "name": "tanaazkhan7",
            "is_restricted": false,
            "is_ultra_restricted": false
        },
        "blocks": [
            {
                "type": "rich_text",
                "block_id": "4Pb3J",
                "elements": [
                    {
                        "type": "rich_text_section",
                        "elements": [
                            {
                                "type": "text",
                                "text": "Hey, "
                            },
                            {
                                "type": "user",
                                "user_id": "U0241BH1XJS"
                            },
                            {
                                "type": "text",
                                "text": "! Are you still looking for writers to contribute? If so, happy to send over my samples! "
                            },
                            {
                                "type": "emoji",
                                "name": "slightly_smiling_face"
                            }
                        ]
                    }
                ]
            }
        ],
        "thread_ts": "1647409062.862109",
        "parent_user_id": "U0241BH1XJS",
        "reactions": [
            {
                "name": "white_check_mark",
                "users": [
                    "U0241BH1XJS"
                ],
                "count": 1
            }
        ]
    },
    {
        "client_msg_id": "b51facf5-aefa-429e-9d52-9a430f839683",
        "type": "message",
        "text": "<@U0340N9HSLT> would love to hear more about your background! Our agency is always looking to add talented writers to our roster. We can mostly offer blog\/case study\/white paper opportunities in the B2B tech space. We are entirely customer reference\/customer marketing focused. Let me know if that's of interest to you!",
        "user": "U02SQ5Q4SCS",
        "ts": "1648571718.624159",
        "team": "TJE58GTJL",
        "user_team": "TJE58GTJL",
        "source_team": "TJE58GTJL",
        "user_profile": {
            "avatar_hash": "42e0eea0df40",
            "image_72": "https:\/\/avatars.slack-edge.com\/2022-01-04\/2905316787717_42e0eea0df4095217315_72.jpg",
            "first_name": "Alexie",
            "real_name": "Alexie Glover",
            "display_name": "Alexie Glover",
            "team": "TJE58GTJL",
            "name": "alexieg",
            "is_restricted": false,
            "is_ultra_restricted": false
        },
        "blocks": [
            {
                "type": "rich_text",
                "block_id": "OSI",
                "elements": [
                    {
                        "type": "rich_text_section",
                        "elements": [
                            {
                                "type": "user",
                                "user_id": "U0340N9HSLT"
                            },
                            {
                                "type": "text",
                                "text": " would love to hear more about your background! Our agency is always looking to add talented writers to our roster. We can mostly offer blog\/case study\/white paper opportunities in the B2B tech space. We are entirely customer reference\/customer marketing focused. Let me know if that's of interest to you!"
                            }
                        ]
                    }
                ]
            }
        ],
        "thread_ts": "1648154020.766469",
        "parent_user_id": "U0340N9HSLT",
        "reactions": [
            {
                "name": "raised_hands",
                "users": [
                    "U037X7XJ85D"
                ],
                "count": 1
            }
        ]
    },
    {
        "client_msg_id": "e33b399e-f1e2-4c0f-83d5-06d1cb87df65",
        "type": "message",
        "text": "Hi, <@U02SQ5Q4SCS>! I'm a long-time journalist looking to potentially pivot to content marketing full-time. I have three clients right now, one of whom I work with regularly. The other two are just occasional gigs. Thus far, I've written a few blog posts and a couple of profiles - none over 1,000 words. Topic is ed tech. However, I have more than two decades of writing experience in a variety of subjects, including a few in the B2B space. Some writing samples of mine (not including the latest content marketing work) can be found here: <http:\/\/jacismith.journoportfolio.com|jacismith.journoportfolio.com>.  Let me know if you want me to shoot you a resume!",
        "user": "U0340N9HSLT",
        "ts": "1648573491.056089",
        "team": "TJE58GTJL",
        "user_team": "TJE58GTJL",
        "source_team": "TJE58GTJL",
        "user_profile": {
            "avatar_hash": "95406d6531e5",
            "image_72": "https:\/\/avatars.slack-edge.com\/2022-02-21\/3130198661222_95406d6531e5b0cb389c_72.jpg",
            "first_name": "Jaci",
            "real_name": "Jaci Smith",
            "display_name": "Jaci Smith",
            "team": "TJE58GTJL",
            "name": "jaci.smith",
            "is_restricted": false,
            "is_ultra_restricted": false
        },
        "edited": {
            "user": "U0340N9HSLT",
            "ts": "1648573634.000000"
        },
        "blocks": [
            {
                "type": "rich_text",
                "block_id": "i7e",
                "elements": [
                    {
                        "type": "rich_text_section",
                        "elements": [
                            {
                                "type": "text",
                                "text": "Hi, "
                            },
                            {
                                "type": "user",
                                "user_id": "U02SQ5Q4SCS"
                            },
                            {
                                "type": "text",
                                "text": "! I'm a long-time journalist looking to potentially pivot to content marketing full-time. I have three clients right now, one of whom I work with regularly. The other two are just occasional gigs. Thus far, I've written a few blog posts and a couple of profiles - none over 1,000 words. Topic is ed tech. However, I have more than two decades of writing experience in a variety of subjects, including a few in the B2B space. Some writing samples of mine (not including the latest content marketing work) can be found here: "
                            },
                            {
                                "type": "link",
                                "url": "http:\/\/jacismith.journoportfolio.com",
                                "text": "jacismith.journoportfolio.com"
                            },
                            {
                                "type": "text",
                                "text": ".  Let me know if you want me to shoot you a resume!"
                            }
                        ]
                    }
                ]
            }
        ],
        "thread_ts": "1648154020.766469",
        "parent_user_id": "U0340N9HSLT",
        "reactions": [
            {
                "name": "eyes",
                "users": [
                    "U02SQ5Q4SCS"
                ],
                "count": 1
            }
        ]
    },
    {
        "client_msg_id": "a0f752f1-bcb1-4ce6-be48-392e00026057",
        "type": "message",
        "text": "Hey folks! I'm always looking to connect with great writers who are interested in producing customer marketing content for clients in tech. We mostly produce long form content like case studies and blog posts. We're a team of freelancers who work together across multiple clients (read: lots of diversity in work). Would love to learn more about where all the awesome marketing writers are hiding\/hanging out these days!",
        "user": "U02SQ5Q4SCS",
        "ts": "1648590591.873259",
        "team": "TJE58GTJL",
        "user_team": "TJE58GTJL",
        "source_team": "TJE58GTJL",
        "user_profile": {
            "avatar_hash": "42e0eea0df40",
            "image_72": "https:\/\/avatars.slack-edge.com\/2022-01-04\/2905316787717_42e0eea0df4095217315_72.jpg",
            "first_name": "Alexie",
            "real_name": "Alexie Glover",
            "display_name": "Alexie Glover",
            "team": "TJE58GTJL",
            "name": "alexieg",
            "is_restricted": false,
            "is_ultra_restricted": false
        },
        "blocks": [
            {
                "type": "rich_text",
                "block_id": "86pci",
                "elements": [
                    {
                        "type": "rich_text_section",
                        "elements": [
                            {
                                "type": "text",
                                "text": "Hey folks! I'm always looking to connect with great writers who are interested in producing customer marketing content for clients in tech. We mostly produce long form content like case studies and blog posts. We're a team of freelancers who work together across multiple clients (read: lots of diversity in work). Would love to learn more about where all the awesome marketing writers are hiding\/hanging out these days!"
                            }
                        ]
                    }
                ]
            }
        ],
        "thread_ts": "1648590591.873259",
        "reply_count": 13,
        "reply_users_count": 13,
        "latest_reply": "1648842037.814899",
        "reply_users": [
            "U039NLYBNHE",
            "U02GMMQ281W",
            "U02U525GVQT",
            "U03964SQG4B",
            "U030TFJMQ74",
            "UL9SA4C3T",
            "U013JCCN8JE",
            "U034WF55SDT",
            "U0337RK532A",
            "U024A8928AW",
            "U02QZELD0P9",
            "U015XHF0RE0",
            "U02CZJT4FDG"
        ],
        "replies": [
            {
                "user": "U039NLYBNHE",
                "ts": "1648593456.994299"
            },
            {
                "user": "U02GMMQ281W",
                "ts": "1648594086.615349"
            },
            {
                "user": "U02U525GVQT",
                "ts": "1648595887.191909"
            },
            {
                "user": "U03964SQG4B",
                "ts": "1648599297.617279"
            },
            {
                "user": "U030TFJMQ74",
                "ts": "1648599821.818289"
            },
            {
                "user": "UL9SA4C3T",
                "ts": "1648603947.635439"
            },
            {
                "user": "U013JCCN8JE",
                "ts": "1648617743.214189"
            },
            {
                "user": "U034WF55SDT",
                "ts": "1648618440.727349"
            },
            {
                "user": "U0337RK532A",
                "ts": "1648623616.552529"
            },
            {
                "user": "U024A8928AW",
                "ts": "1648655894.729019"
            },
            {
                "user": "U02QZELD0P9",
                "ts": "1648803470.832759"
            },
            {
                "user": "U015XHF0RE0",
                "ts": "1648831486.501199"
            },
            {
                "user": "U02CZJT4FDG",
                "ts": "1648842037.814899"
            }
        ],
        "is_locked": false,
        "subscribed": false,
        "reactions": [
            {
                "name": "raised_hands",
                "users": [
                    "U020EL92NBZ",
                    "U02HWBZS9QC",
                    "U039NLYBNHE",
                    "U030Y8U92UW",
                    "U03964SQG4B",
                    "U038YTV37K4",
                    "U03330MFEN4",
                    "U02PUQ6CQRX"
                ],
                "count": 8
            },
            {
                "name": "heart",
                "users": [
                    "U01K3VD3154",
                    "U03330MFEN4"
                ],
                "count": 2
            },
            {
                "name": "+1",
                "users": [
                    "U013JCCN8JE",
                    "U02S478FWF2",
                    "U024BJMQGD6",
                    "UUVS5HWMB",
                    "U023G1P70KE",
                    "U03330MFEN4"
                ],
                "count": 6
            }
        ]
    },
    {
        "client_msg_id": "539858c6-d4c3-442a-9ae5-0bfa4c455660",
        "type": "message",
        "text": "Hey Alexie, is it ok if I DM you about this?",
        "user": "U039NLYBNHE",
        "ts": "1648593456.994299",
        "team": "TJE58GTJL",
        "user_team": "TJE58GTJL",
        "source_team": "TJE58GTJL",
        "user_profile": {
            "avatar_hash": "g09ff67c91cf",
            "image_72": "https:\/\/secure.gravatar.com\/avatar\/09ff67c91cf9f4e8ed93fd062917a87a.jpg?s=72&d=https%3A%2F%2Fa.slack-edge.com%2Fdf10d%2Fimg%2Favatars%2Fava_0016-72.png",
            "first_name": "Maurice",
            "real_name": "Maurice Fawcett",
            "display_name": "Maurice Fawcett",
            "team": "TJE58GTJL",
            "name": "maurice",
            "is_restricted": false,
            "is_ultra_restricted": false
        },
        "blocks": [
            {
                "type": "rich_text",
                "block_id": "je\/A",
                "elements": [
                    {
                        "type": "rich_text_section",
                        "elements": [
                            {
                                "type": "text",
                                "text": "Hey Alexie, is it ok if I DM you about this?"
                            }
                        ]
                    }
                ]
            }
        ],
        "thread_ts": "1648590591.873259",
        "parent_user_id": "U02SQ5Q4SCS",
        "reactions": [
            {
                "name": "+1",
                "users": [
                    "U02SQ5Q4SCS"
                ],
                "count": 1
            }
        ]
    },
    {
        "client_msg_id": "d46287b9-f86b-48f3-822e-a2a823d892f7",
        "type": "message",
        "text": "Hey <@U02SQ5Q4SCS>! I am a former cyber-intelligence pro and technical writer that transitioned into content marketing for small businesses and tech. Would love to connect!",
        "user": "U02GMMQ281W",
        "ts": "1648594086.615349",
        "team": "TJE58GTJL",
        "user_team": "TJE58GTJL",
        "source_team": "TJE58GTJL",
        "user_profile": {
            "avatar_hash": "e1131d2dfd73",
            "image_72": "https:\/\/avatars.slack-edge.com\/2021-10-12\/2589760574406_e1131d2dfd73f2e7db3e_72.png",
            "first_name": "Amanda",
            "real_name": "Amanda S.",
            "display_name": "Amanda",
            "team": "TJE58GTJL",
            "name": "theglamtechie",
            "is_restricted": false,
            "is_ultra_restricted": false
        },
        "blocks": [
            {
                "type": "rich_text",
                "block_id": "gWt3V",
                "elements": [
                    {
                        "type": "rich_text_section",
                        "elements": [
                            {
                                "type": "text",
                                "text": "Hey "
                            },
                            {
                                "type": "user",
                                "user_id": "U02SQ5Q4SCS"
                            },
                            {
                                "type": "text",
                                "text": "! I am a former cyber-intelligence pro and technical writer that transitioned into content marketing for small businesses and tech. Would love to connect!"
                            }
                        ]
                    }
                ]
            }
        ],
        "thread_ts": "1648590591.873259",
        "parent_user_id": "U02SQ5Q4SCS",
        "reactions": [
            {
                "name": "wave",
                "users": [
                    "U02SQ5Q4SCS"
                ],
                "count": 1
            }
        ]
    },
    {
        "client_msg_id": "bdda4c92-efec-445b-a94b-ba1c2e5d6fc8",
        "type": "message",
        "text": "Hi <@U02SQ5Q4SCS> I am a freelance copywriter and my niche is long form content for B2B companies, I am happy to provide samples if you would like!",
        "user": "U02U525GVQT",
        "ts": "1648595887.191909",
        "team": "TJE58GTJL",
        "user_team": "TJE58GTJL",
        "source_team": "TJE58GTJL",
        "user_profile": {
            "avatar_hash": "9dc59e4431ea",
            "image_72": "https:\/\/avatars.slack-edge.com\/2022-03-29\/3307407801126_9dc59e4431eac279a342_72.jpg",
            "first_name": "Pam",
            "real_name": "Pam G",
            "display_name": "Pam G",
            "team": "TJE58GTJL",
            "name": "phgeorgiana",
            "is_restricted": false,
            "is_ultra_restricted": false
        },
        "blocks": [
            {
                "type": "rich_text",
                "block_id": "vMLpA",
                "elements": [
                    {
                        "type": "rich_text_section",
                        "elements": [
                            {
                                "type": "text",
                                "text": "Hi "
                            },
                            {
                                "type": "user",
                                "user_id": "U02SQ5Q4SCS"
                            },
                            {
                                "type": "text",
                                "text": " I am a freelance copywriter and my niche is long form content for B2B companies, I am happy to provide samples if you would like!"
                            }
                        ]
                    }
                ]
            }
        ],
        "thread_ts": "1648590591.873259",
        "parent_user_id": "U02SQ5Q4SCS",
        "reactions": [
            {
                "name": "+1",
                "users": [
                    "U02SQ5Q4SCS"
                ],
                "count": 1
            }
        ]
    },
    {
        "client_msg_id": "044a25d4-5a90-40c8-b838-928c816d908f",
        "type": "message",
        "text": "I am a freelancer copywriter and specialize in content in the online marketing space.",
        "user": "U03964SQG4B",
        "ts": "1648599297.617279",
        "team": "TJE58GTJL",
        "user_team": "TJE58GTJL",
        "source_team": "TJE58GTJL",
        "user_profile": {
            "avatar_hash": "e85b9739fc5f",
            "image_72": "https:\/\/avatars.slack-edge.com\/2022-03-29\/3324900232769_e85b9739fc5f0028116a_72.jpg",
            "first_name": "Jessica",
            "real_name": "Jessica Lauren Vine",
            "display_name": "Jessica Lauren Vine",
            "team": "TJE58GTJL",
            "name": "jessicalvine",
            "is_restricted": false,
            "is_ultra_restricted": false
        },
        "blocks": [
            {
                "type": "rich_text",
                "block_id": "cLYSV",
                "elements": [
                    {
                        "type": "rich_text_section",
                        "elements": [
                            {
                                "type": "text",
                                "text": "I am a freelancer copywriter and specialize in content in the online marketing space."
                            }
                        ]
                    }
                ]
            }
        ],
        "thread_ts": "1648590591.873259",
        "parent_user_id": "U02SQ5Q4SCS",
        "reactions": [
            {
                "name": "wave",
                "users": [
                    "U02SQ5Q4SCS"
                ],
                "count": 1
            }
        ]
    },
    {
        "client_msg_id": "761a9c2e-642b-47f8-8ffe-048012d4e370",
        "type": "message",
        "text": "I write a lot in the AI\/Deep &amp; Machine Learning space! Let me know if you ever need help on projects!",
        "user": "U030TFJMQ74",
        "ts": "1648599821.818289",
        "team": "TJE58GTJL",
        "user_team": "TJE58GTJL",
        "source_team": "TJE58GTJL",
        "user_profile": {
            "avatar_hash": "57abab855383",
            "image_72": "https:\/\/avatars.slack-edge.com\/2022-01-29\/3024742267221_57abab855383708e9560_72.jpg",
            "first_name": "Dylan",
            "real_name": "Dylan Miller",
            "display_name": "Dylan Miller",
            "team": "TJE58GTJL",
            "name": "dylan031",
            "is_restricted": false,
            "is_ultra_restricted": false
        },
        "blocks": [
            {
                "type": "rich_text",
                "block_id": "iTv",
                "elements": [
                    {
                        "type": "rich_text_section",
                        "elements": [
                            {
                                "type": "text",
                                "text": "I write a lot in the AI\/Deep & Machine Learning space! Let me know if you ever need help on projects!"
                            }
                        ]
                    }
                ]
            }
        ],
        "thread_ts": "1648590591.873259",
        "parent_user_id": "U02SQ5Q4SCS",
        "reactions": [
            {
                "name": "+1",
                "users": [
                    "U02SQ5Q4SCS"
                ],
                "count": 1
            }
        ]
    },
    {
        "client_msg_id": "251a772e-6431-4c68-afc1-64fb9aa4b9be",
        "type": "message",
        "text": ":wave: Hi Alexie! I'm like you and continually collaborate with fellow freelancers. These days, I'm mostly in fintech, finance, health tech, and sustainability. <http:\/\/www.ritikamonster.com|www.ritikamonster.com> is where I hang these days.",
        "user": "UL9SA4C3T",
        "ts": "1648603947.635439",
        "team": "TJE58GTJL",
        "user_team": "TJE58GTJL",
        "source_team": "TJE58GTJL",
        "user_profile": {
            "avatar_hash": "4365ff0f7a40",
            "image_72": "https:\/\/avatars.slack-edge.com\/2019-12-18\/879874350469_4365ff0f7a40c9bd9bf4_72.jpg",
            "first_name": "Ritika",
            "real_name": "Ritika Puri",
            "display_name": "Ritika",
            "team": "TJE58GTJL",
            "name": "ritika",
            "is_restricted": false,
            "is_ultra_restricted": false
        },
        "blocks": [
            {
                "type": "rich_text",
                "block_id": "dGP",
                "elements": [
                    {
                        "type": "rich_text_section",
                        "elements": [
                            {
                                "type": "emoji",
                                "name": "wave"
                            },
                            {
                                "type": "text",
                                "text": " Hi Alexie! I'm like you and continually collaborate with fellow freelancers. These days, I'm mostly in fintech, finance, health tech, and sustainability. "
                            },
                            {
                                "type": "link",
                                "url": "http:\/\/www.ritikamonster.com",
                                "text": "www.ritikamonster.com"
                            },
                            {
                                "type": "text",
                                "text": " is where I hang these days."
                            }
                        ]
                    }
                ]
            }
        ],
        "thread_ts": "1648590591.873259",
        "parent_user_id": "U02SQ5Q4SCS",
        "reactions": [
            {
                "name": "wave",
                "users": [
                    "U02SQ5Q4SCS"
                ],
                "count": 1
            }
        ]
    },
    {
        "client_msg_id": "4191fd5f-ce72-4909-97dc-99f3e62da1ec",
        "type": "message",
        "text": "<@U02RXFYA3T4>, yes indeed. Please send them over?",
        "user": "U0241BH1XJS",
        "ts": "1648604294.233729",
        "team": "TJE58GTJL",
        "user_team": "TJE58GTJL",
        "source_team": "TJE58GTJL",
        "user_profile": {
            "avatar_hash": "9274ff609eda",
            "image_72": "https:\/\/avatars.slack-edge.com\/2022-03-16\/3247820360050_9274ff609edaf956aa99_72.jpg",
            "first_name": "Surendran",
            "real_name": "Surendran Balachandran",
            "display_name": "Surendran Balachandran",
            "team": "TJE58GTJL",
            "name": "surendran",
            "is_restricted": false,
            "is_ultra_restricted": false
        },
        "blocks": [
            {
                "type": "rich_text",
                "block_id": "81d",
                "elements": [
                    {
                        "type": "rich_text_section",
                        "elements": [
                            {
                                "type": "user",
                                "user_id": "U02RXFYA3T4"
                            },
                            {
                                "type": "text",
                                "text": ", yes indeed. Please send them over?"
                            }
                        ]
                    }
                ]
            }
        ],
        "thread_ts": "1647409062.862109",
        "parent_user_id": "U0241BH1XJS"
    },
    {
        "client_msg_id": "487095e6-da57-46bf-8108-208bf0478ce9",
        "type": "message",
        "text": "Hey <@U02SQ5Q4SCS> I'm a content creator for Fintech, B2B, B2C, &amp; SaaS businesses. I would love to connect.",
        "user": "U013JCCN8JE",
        "ts": "1648617743.214189",
        "team": "TJE58GTJL",
        "user_team": "TJE58GTJL",
        "source_team": "TJE58GTJL",
        "user_profile": {
            "avatar_hash": "6682d662b905",
            "image_72": "https:\/\/avatars.slack-edge.com\/2020-10-24\/1444184646742_6682d662b90594d702c6_72.jpg",
            "first_name": "Timan",
            "real_name": "Timan Nickson",
            "display_name": "Timan Nickson",
            "team": "TJE58GTJL",
            "name": "timanwai",
            "is_restricted": false,
            "is_ultra_restricted": false
        },
        "blocks": [
            {
                "type": "rich_text",
                "block_id": "Cw7P",
                "elements": [
                    {
                        "type": "rich_text_section",
                        "elements": [
                            {
                                "type": "text",
                                "text": "Hey "
                            },
                            {
                                "type": "user",
                                "user_id": "U02SQ5Q4SCS"
                            },
                            {
                                "type": "text",
                                "text": " I'm a content creator for Fintech, B2B, B2C, & SaaS businesses. I would love to connect."
                            }
                        ]
                    }
                ]
            }
        ],
        "thread_ts": "1648590591.873259",
        "parent_user_id": "U02SQ5Q4SCS",
        "reactions": [
            {
                "name": "wave",
                "users": [
                    "U02SQ5Q4SCS"
                ],
                "count": 1
            }
        ]
    },
    {
        "client_msg_id": "BCCC65E6-2EEA-44D0-9510-BEE96AAE1823",
        "type": "message",
        "text": "Hey <@U02SQ5Q4SCS>!\nB2B tech writer here :wave: \n\nClients include Dooly and Insider and I also write for a SaaS CEO mastermind (130+ CEOs). I have great inside perspective into CEO and Executive pain points. \n\nI specialise in case studies and long form blogs — would be perfect for this! \n\nOkay to DM with samples? ",
        "user": "U034WF55SDT",
        "ts": "1648618440.727349",
        "team": "TJE58GTJL",
        "user_team": "TJE58GTJL",
        "source_team": "TJE58GTJL",
        "user_profile": {
            "avatar_hash": "g93bfd807b65",
            "image_72": "https:\/\/secure.gravatar.com\/avatar\/93bfd807b65a85226292a62d4f2acb58.jpg?s=72&d=https%3A%2F%2Fa.slack-edge.com%2Fdf10d%2Fimg%2Favatars%2Fava_0017-72.png",
            "first_name": "Bani",
            "real_name": "Bani Kaur",
            "display_name": "",
            "team": "TJE58GTJL",
            "name": "banikaur1997",
            "is_restricted": false,
            "is_ultra_restricted": false
        },
        "edited": {
            "user": "U034WF55SDT",
            "ts": "1648618470.000000"
        },
        "blocks": [
            {
                "type": "rich_text",
                "block_id": "mSRY7",
                "elements": [
                    {
                        "type": "rich_text_section",
                        "elements": [
                            {
                                "type": "text",
                                "text": "Hey "
                            },
                            {
                                "type": "user",
                                "user_id": "U02SQ5Q4SCS"
                            },
                            {
                                "type": "text",
                                "text": "!\nB2B tech writer here "
                            },
                            {
                                "type": "emoji",
                                "name": "wave"
                            },
                            {
                                "type": "text",
                                "text": " \n\nClients include Dooly and Insider and I also write for a SaaS CEO mastermind (130+ CEOs). I have great inside perspective into CEO and Executive pain points. \n\nI specialise in case studies and long form blogs — would be perfect for this! \n\nOkay to DM with samples? "
                            }
                        ]
                    }
                ]
            }
        ],
        "thread_ts": "1648590591.873259",
        "parent_user_id": "U02SQ5Q4SCS",
        "reactions": [
            {
                "name": "+1",
                "users": [
                    "U02SQ5Q4SCS"
                ],
                "count": 1
            }
        ]
    },
    {
        "client_msg_id": "6590e9d2-0a68-40e8-bca0-cede418e86ab",
        "type": "message",
        "text": "<@U0241BH1XJS> Awesome! I've sent you relevant samples by email (please check your spam too). Looking forward!",
        "user": "U02RXFYA3T4",
        "ts": "1648618599.766239",
        "team": "TJE58GTJL",
        "user_team": "TJE58GTJL",
        "source_team": "TJE58GTJL",
        "user_profile": {
            "avatar_hash": "g1c8d7ab6827",
            "image_72": "https:\/\/secure.gravatar.com\/avatar\/1c8d7ab6827af15a6b7411de3fec6aa0.jpg?s=72&d=https%3A%2F%2Fa.slack-edge.com%2Fdf10d%2Fimg%2Favatars%2Fava_0023-72.png",
            "first_name": "Tanaaz",
            "real_name": "Tanaaz Khan",
            "display_name": "Tanaaz Khan",
            "team": "TJE58GTJL",
            "name": "tanaazkhan7",
            "is_restricted": false,
            "is_ultra_restricted": false
        },
        "blocks": [
            {
                "type": "rich_text",
                "block_id": "PzycT",
                "elements": [
                    {
                        "type": "rich_text_section",
                        "elements": [
                            {
                                "type": "user",
                                "user_id": "U0241BH1XJS"
                            },
                            {
                                "type": "text",
                                "text": " Awesome! I've sent you relevant samples by email (please check your spam too). Looking forward!"
                            }
                        ]
                    }
                ]
            }
        ],
        "thread_ts": "1647409062.862109",
        "parent_user_id": "U0241BH1XJS"
    }
]