[
    {
        "client_msg_id": "a3806401-8e69-49a2-ad8e-e6a053a88cc3",
        "type": "message",
        "text": "Hey Carmela! I do two things when this happens.\n\nIf the form does not have space for inserting portfolio, I add my portfolio link in the resume section.\n\nIf the form has space for both resume and portfolio, I add my LinkedIn resume in the resume section.\n\nThere's an option to download LinkedIn as resume. I simply do it and attach it as a pdf.",
        "user": "U02RBH2FY6R",
        "ts": "1644161427.638519",
        "team": "TJE58GTJL",
        "user_team": "TJE58GTJL",
        "source_team": "TJE58GTJL",
        "user_profile": {
            "avatar_hash": "062a53a412a9",
            "image_72": "https:\/\/avatars.slack-edge.com\/2021-12-24\/2883308914388_062a53a412a99ed3f8b7_72.jpg",
            "first_name": "Nidhi",
            "real_name": "Nidhi Kala",
            "display_name": "Nidhi Kala",
            "team": "TJE58GTJL",
            "name": "nidhikala04",
            "is_restricted": false,
            "is_ultra_restricted": false
        },
        "blocks": [
            {
                "type": "rich_text",
                "block_id": "cdwL",
                "elements": [
                    {
                        "type": "rich_text_section",
                        "elements": [
                            {
                                "type": "text",
                                "text": "Hey Carmela! I do two things when this happens.\n\nIf the form does not have space for inserting portfolio, I add my portfolio link in the resume section.\n\nIf the form has space for both resume and portfolio, I add my LinkedIn resume in the resume section.\n\nThere's an option to download LinkedIn as resume. I simply do it and attach it as a pdf."
                            }
                        ]
                    }
                ]
            }
        ],
        "thread_ts": "1644078617.362269",
        "parent_user_id": "U01PXN2LGAK",
        "reactions": [
            {
                "name": "eyes",
                "users": [
                    "U01PXN2LGAK"
                ],
                "count": 1
            }
        ]
    },
    {
        "client_msg_id": "199334ce-e4a9-44ed-9039-dbc79edf2c3a",
        "type": "message",
        "text": "Hello! Could you please share any materials about pricing for your services? How to define whether I ask enough for my expertise? How to make it reasonable for a client? I mean, he can pay and understand the results will match the costs, his business economy doesn't break. Recently I started thinking that it should be not only satisfactory for me but also reasonable for a client :eyes:\n\ndidn't find the info through the search.",
        "user": "U02NS1BQ6GZ",
        "ts": "1644163494.072249",
        "team": "TJE58GTJL",
        "user_team": "TJE58GTJL",
        "source_team": "TJE58GTJL",
        "user_profile": {
            "avatar_hash": "d8946bc31ddd",
            "image_72": "https:\/\/avatars.slack-edge.com\/2021-11-24\/2768077855139_d8946bc31ddd8c940b7e_72.png",
            "first_name": "Vlada",
            "real_name": "Vlada Korzun",
            "display_name": "",
            "team": "TJE58GTJL",
            "name": "vl.korzun0",
            "is_restricted": false,
            "is_ultra_restricted": false
        },
        "blocks": [
            {
                "type": "rich_text",
                "block_id": "6xdQu",
                "elements": [
                    {
                        "type": "rich_text_section",
                        "elements": [
                            {
                                "type": "text",
                                "text": "Hello! Could you please share any materials about pricing for your services? How to define whether I ask enough for my expertise? How to make it reasonable for a client? I mean, he can pay and understand the results will match the costs, his business economy doesn't break. Recently I started thinking that it should be not only satisfactory for me but also reasonable for a client "
                            },
                            {
                                "type": "emoji",
                                "name": "eyes"
                            },
                            {
                                "type": "text",
                                "text": "\n\ndidn't find the info through the search."
                            }
                        ]
                    }
                ]
            }
        ]
    },
    {
        "type": "message",
        "text": "Here's a good resource: \n\nIt's the AWAI pricing guide. I'm not sure what industry you're in, but the prices listed are a great starting point.",
        "files": [
            {
                "id": "F031EE9TP8X",
                "created": 1644165146,
                "timestamp": 1644165146,
                "name": "rep_AWAI_Copywriting_Pricing_Guide-2.pdf",
                "title": "rep_AWAI_Copywriting_Pricing_Guide-2.pdf",
                "mimetype": "application\/pdf",
                "filetype": "pdf",
                "pretty_type": "PDF",
                "user": "U02L6AMG3GV",
                "editable": false,
                "size": 1293171,
                "mode": "hosted",
                "is_external": false,
                "external_type": "",
                "is_public": true,
                "public_url_shared": false,
                "display_as_bot": false,
                "username": "",
                "url_private": "https:\/\/files.slack.com\/files-pri\/TJE58GTJL-F031EE9TP8X\/rep_awai_copywriting_pricing_guide-2.pdf?t=xoxe-626178571632-3467451922035-3469800396036-b45365c7edcd0220272aa8a422c2b82f",
                "url_private_download": "https:\/\/files.slack.com\/files-pri\/TJE58GTJL-F031EE9TP8X\/download\/rep_awai_copywriting_pricing_guide-2.pdf?t=xoxe-626178571632-3467451922035-3469800396036-b45365c7edcd0220272aa8a422c2b82f",
                "media_display_type": "unknown",
                "thumb_pdf": "https:\/\/files.slack.com\/files-tmb\/TJE58GTJL-F031EE9TP8X-35b5a0f441\/rep_awai_copywriting_pricing_guide-2_thumb_pdf.png?t=xoxe-626178571632-3467451922035-3469800396036-b45365c7edcd0220272aa8a422c2b82f",
                "thumb_pdf_w": 935,
                "thumb_pdf_h": 1210,
                "permalink": "https:\/\/content-career-growth.slack.com\/files\/U02L6AMG3GV\/F031EE9TP8X\/rep_awai_copywriting_pricing_guide-2.pdf",
                "permalink_public": "https:\/\/slack-files.com\/TJE58GTJL-F031EE9TP8X-2131797b76",
                "is_starred": false,
                "has_rich_preview": false
            }
        ],
        "upload": false,
        "user": "U02L6AMG3GV",
        "display_as_bot": false,
        "ts": "1644165242.207629",
        "blocks": [
            {
                "type": "rich_text",
                "block_id": "zhh",
                "elements": [
                    {
                        "type": "rich_text_section",
                        "elements": [
                            {
                                "type": "text",
                                "text": "Here's a good resource: \n\nIt's the AWAI pricing guide. I'm not sure what industry you're in, but the prices listed are a great starting point."
                            }
                        ]
                    }
                ]
            }
        ],
        "client_msg_id": "8ad385cf-7e08-48d9-a60e-4db0d2f0d802",
        "thread_ts": "1644165242.207629",
        "reply_count": 3,
        "reply_users_count": 3,
        "latest_reply": "1644349931.423859",
        "reply_users": [
            "U02NS1BQ6GZ",
            "U032D0T39QR",
            "U02L6AMG3GV"
        ],
        "replies": [
            {
                "user": "U02NS1BQ6GZ",
                "ts": "1644220981.536329"
            },
            {
                "user": "U032D0T39QR",
                "ts": "1644349364.679219"
            },
            {
                "user": "U02L6AMG3GV",
                "ts": "1644349931.423859"
            }
        ],
        "is_locked": false,
        "subscribed": false,
        "reactions": [
            {
                "name": "+1::skin-tone-2",
                "users": [
                    "U031BTQNH1R"
                ],
                "count": 1
            },
            {
                "name": "+1",
                "users": [
                    "U03164P7EP3",
                    "U012GHRAHDK",
                    "U02R3S1RBUL",
                    "U033BJXTHAT"
                ],
                "count": 4
            },
            {
                "name": "+1::skin-tone-5",
                "users": [
                    "U02B60S6FBM"
                ],
                "count": 1
            },
            {
                "name": "raised_hands",
                "users": [
                    "U033BJXTHAT"
                ],
                "count": 1
            }
        ]
    },
    {
        "client_msg_id": "fbf8bae1-cf82-4bd4-b948-e2e681cdc30e",
        "type": "message",
        "text": "Hey everyone, AS Marketing is a marketing agency that specializes in SEO for B2B tech and we're searching for a native English SEO writer for a client in the mobility and logistics industry. If you're interested, please email your per word rate, 3 relevant portfolio samples, and your time zone to <mailto:info@asmarketingagency.com|info@asmarketingagency.com> Please consider for your rate that you'll always receive a brief from us with the layout and keywords. Thanks!",
        "user": "U023HGMVC0P",
        "ts": "1644218713.861539",
        "team": "TJE58GTJL",
        "user_team": "TJE58GTJL",
        "source_team": "TJE58GTJL",
        "user_profile": {
            "avatar_hash": "62739cc5c557",
            "image_72": "https:\/\/avatars.slack-edge.com\/2021-06-04\/2149147721041_62739cc5c557263030d9_72.png",
            "first_name": "",
            "real_name": "Adriana Stein",
            "display_name": "Adriana Stein",
            "team": "TJE58GTJL",
            "name": "info035",
            "is_restricted": false,
            "is_ultra_restricted": false
        },
        "blocks": [
            {
                "type": "rich_text",
                "block_id": "v5w",
                "elements": [
                    {
                        "type": "rich_text_section",
                        "elements": [
                            {
                                "type": "text",
                                "text": "Hey everyone, AS Marketing is a marketing agency that specializes in SEO for B2B tech and we're searching for a native English SEO writer for a client in the mobility and logistics industry. If you're interested, please email your per word rate, 3 relevant portfolio samples, and your time zone to "
                            },
                            {
                                "type": "link",
                                "url": "mailto:info@asmarketingagency.com",
                                "text": "info@asmarketingagency.com"
                            },
                            {
                                "type": "text",
                                "text": " Please consider for your rate that you'll always receive a brief from us with the layout and keywords. Thanks!"
                            }
                        ]
                    }
                ]
            }
        ],
        "thread_ts": "1644218713.861539",
        "reply_count": 2,
        "reply_users_count": 2,
        "latest_reply": "1644504720.409289",
        "reply_users": [
            "U02U3RDQKHP",
            "U01FUP6AMEZ"
        ],
        "replies": [
            {
                "user": "U02U3RDQKHP",
                "ts": "1644245235.362599"
            },
            {
                "user": "U01FUP6AMEZ",
                "ts": "1644504720.409289"
            }
        ],
        "is_locked": false,
        "subscribed": false,
        "reactions": [
            {
                "name": "raised_hands",
                "users": [
                    "U02U3RDQKHP",
                    "U01J84U3SQ6"
                ],
                "count": 2
            }
        ]
    }
]