[
    {
        "client_msg_id": "1ba11b72-33e3-4954-8c93-2bdeb28594c5",
        "type": "message",
        "text": "Yes, by 10-15%",
        "user": "U020NR8J2SG",
        "ts": "1649028964.909099",
        "team": "TJE58GTJL",
        "user_team": "TJE58GTJL",
        "source_team": "TJE58GTJL",
        "user_profile": {
            "avatar_hash": "fa01cd03e55d",
            "image_72": "https:\/\/avatars.slack-edge.com\/2021-11-24\/2769373106900_fa01cd03e55d36359ba2_72.jpg",
            "first_name": "",
            "real_name": "Lauren Caggiano",
            "display_name": "Lauren Caggiano",
            "team": "TJE58GTJL",
            "name": "lauren551",
            "is_restricted": false,
            "is_ultra_restricted": false
        },
        "blocks": [
            {
                "type": "rich_text",
                "block_id": "cVM",
                "elements": [
                    {
                        "type": "rich_text_section",
                        "elements": [
                            {
                                "type": "text",
                                "text": "Yes, by 10-15%"
                            }
                        ]
                    }
                ]
            }
        ],
        "thread_ts": "1648859584.827769",
        "parent_user_id": "U03286FJU1W",
        "reactions": [
            {
                "name": "+1",
                "users": [
                    "U03286FJU1W"
                ],
                "count": 1
            }
        ]
    }
]