[
    {
        "client_msg_id": "3586a03c-9f2a-44b4-9e45-c6b108eec0e7",
        "type": "message",
        "text": "Hey Cody, you can take a look at mine, right at the bottom of my website <https:\/\/chameleoncopywriting.com.au\/|https:\/\/chameleoncopywriting.com.au\/>",
        "user": "U02AR2XSN1M",
        "ts": "1643444633.773309",
        "team": "TJE58GTJL",
        "user_team": "TJE58GTJL",
        "source_team": "TJE58GTJL",
        "user_profile": {
            "avatar_hash": "b0fa34c3f8f5",
            "image_72": "https:\/\/avatars.slack-edge.com\/2021-08-16\/2368450553975_b0fa34c3f8f5e02f6b43_72.jpg",
            "first_name": "Leonie",
            "real_name": "Leonie Waldron",
            "display_name": "Leonie Waldron",
            "team": "TJE58GTJL",
            "name": "leonie",
            "is_restricted": false,
            "is_ultra_restricted": false
        },
        "attachments": [
            {
                "from_url": "https:\/\/chameleoncopywriting.com.au\/",
                "thumb_url": "https:\/\/chameleoncopywriting.com.au\/wp-content\/uploads\/2020\/11\/machine-mill-industry-steam-633850.jpeg",
                "thumb_width": 1880,
                "thumb_height": 1255,
                "id": 1,
                "original_url": "https:\/\/chameleoncopywriting.com.au\/",
                "fallback": "Chameleon Copywriting &amp; Marketing: Construction Industry Copywriter | Chameleon Copywriting",
                "text": "Content marketing tailored to your industrial, manufacturing or construction business. Ditch the content headaches and work with me instead!",
                "title": "Construction Industry Copywriter | Chameleon Copywriting",
                "title_link": "https:\/\/chameleoncopywriting.com.au\/",
                "service_name": "Chameleon Copywriting &amp; Marketing"
            }
        ],
        "blocks": [
            {
                "type": "rich_text",
                "block_id": "8wZ",
                "elements": [
                    {
                        "type": "rich_text_section",
                        "elements": [
                            {
                                "type": "text",
                                "text": "Hey Cody, you can take a look at mine, right at the bottom of my website "
                            },
                            {
                                "type": "link",
                                "url": "https:\/\/chameleoncopywriting.com.au\/",
                                "text": "https:\/\/chameleoncopywriting.com.au\/"
                            }
                        ]
                    }
                ]
            }
        ],
        "thread_ts": "1643401822.028559",
        "parent_user_id": "U02JE99AKRC"
    },
    {
        "client_msg_id": "ee3bb795-fa5c-43eb-958b-16d5d9b9d5d2",
        "type": "message",
        "text": "<@U021E6F32EB> I'm in a well-paid salaried job so I'm the one covering that side! What we really are at the moment is time poor, so the idea is that he can have a bit more time. Thanks though both, he actually got offered a 3 day a week freelance role at a previous job being paid WAY more than he was on before, so it's all worked out! Appreciate your feedback :heart:",
        "user": "U022KM2GZ9T",
        "ts": "1643448402.092459",
        "team": "TJE58GTJL",
        "user_team": "TJE58GTJL",
        "source_team": "TJE58GTJL",
        "user_profile": {
            "avatar_hash": "f1be08c0be61",
            "image_72": "https:\/\/avatars.slack-edge.com\/2021-05-21\/2091025477459_f1be08c0be618e9660cb_72.png",
            "first_name": "",
            "real_name": "Caitlin Rozario",
            "display_name": "Caitlin Rozario",
            "team": "TJE58GTJL",
            "name": "caitlin",
            "is_restricted": false,
            "is_ultra_restricted": false
        },
        "blocks": [
            {
                "type": "rich_text",
                "block_id": "adIO",
                "elements": [
                    {
                        "type": "rich_text_section",
                        "elements": [
                            {
                                "type": "user",
                                "user_id": "U021E6F32EB"
                            },
                            {
                                "type": "text",
                                "text": " I'm in a well-paid salaried job so I'm the one covering that side! What we really are at the moment is time poor, so the idea is that he can have a bit more time. Thanks though both, he actually got offered a 3 day a week freelance role at a previous job being paid WAY more than he was on before, so it's all worked out! Appreciate your feedback "
                            },
                            {
                                "type": "emoji",
                                "name": "heart"
                            }
                        ]
                    }
                ]
            }
        ],
        "thread_ts": "1643023802.191400",
        "parent_user_id": "U022KM2GZ9T"
    },
    {
        "client_msg_id": "ebc53fa2-ac88-4e1b-86a1-911696e9cba8",
        "type": "message",
        "text": "<@U02JE99AKRC> Hey Cody, check out LoganIx's free SEO contract template they have on their website <https:\/\/loganix.com\/seo-templates\/>",
        "user": "U030RT5DTRR",
        "ts": "1643482516.490989",
        "team": "TJE58GTJL",
        "user_team": "TJE58GTJL",
        "source_team": "TJE58GTJL",
        "user_profile": {
            "avatar_hash": "c19252bd600a",
            "image_72": "https:\/\/avatars.slack-edge.com\/2022-01-29\/3029541120724_c19252bd600ac27a0199_72.jpg",
            "first_name": "Tyler",
            "real_name": "Tyler O'Shea",
            "display_name": "Tyler O'Shea",
            "team": "TJE58GTJL",
            "name": "tyler380",
            "is_restricted": false,
            "is_ultra_restricted": false
        },
        "attachments": [
            {
                "from_url": "https:\/\/loganix.com\/seo-templates\/",
                "id": 1,
                "original_url": "https:\/\/loganix.com\/seo-templates\/",
                "fallback": "Loganix: Useful SEO Templates and Guides for Free",
                "text": "Save time doing SEO with the same SEO templates and guides (SOPs) we use to run our agency. It's an agency in a box - for free!",
                "title": "Useful SEO Templates and Guides for Free",
                "title_link": "https:\/\/loganix.com\/seo-templates\/",
                "service_name": "Loganix"
            }
        ],
        "blocks": [
            {
                "type": "rich_text",
                "block_id": "67X",
                "elements": [
                    {
                        "type": "rich_text_section",
                        "elements": [
                            {
                                "type": "user",
                                "user_id": "U02JE99AKRC"
                            },
                            {
                                "type": "text",
                                "text": " Hey Cody, check out LoganIx's free SEO contract template they have on their website "
                            },
                            {
                                "type": "link",
                                "url": "https:\/\/loganix.com\/seo-templates\/"
                            }
                        ]
                    }
                ]
            }
        ],
        "thread_ts": "1643401822.028559",
        "parent_user_id": "U02JE99AKRC"
    }
]