[
    {
        "client_msg_id": "70a4dd49-d74b-4457-adaf-cde6fcf30865",
        "type": "message",
        "text": "Okay Jennifer. Happy new year. I am from Ondo state actually.\n\nI wish you exciting adventures in your career in this new year.",
        "user": "U02Q8U5T7TP",
        "ts": "1641158948.069600",
        "team": "TJE58GTJL",
        "user_team": "TJE58GTJL",
        "source_team": "TJE58GTJL",
        "user_profile": {
            "avatar_hash": "6ac00fe7f7de",
            "image_72": "https:\/\/avatars.slack-edge.com\/2022-04-15\/3395185200147_6ac00fe7f7de679b0f41_72.jpg",
            "first_name": "Johelski",
            "real_name": "Johelski",
            "display_name": "johelski",
            "team": "TJE58GTJL",
            "name": "ajayijohel",
            "is_restricted": false,
            "is_ultra_restricted": false
        },
        "blocks": [
            {
                "type": "rich_text",
                "block_id": "+8X",
                "elements": [
                    {
                        "type": "rich_text_section",
                        "elements": [
                            {
                                "type": "text",
                                "text": "Okay Jennifer. Happy new year. I am from Ondo state actually.\n\nI wish you exciting adventures in your career in this new year."
                            }
                        ]
                    }
                ]
            }
        ],
        "thread_ts": "1639410526.448900",
        "parent_user_id": "UN3RHBFBK"
    },
    {
        "client_msg_id": "dc355d71-f985-41c9-a515-d51293ace08e",
        "type": "message",
        "text": "HI Anita,\n\nI have sent you an email from <mailto:johelski@gmail.com|johelski@gmail.com>. I am interested and would love to hop on the project",
        "user": "U02Q8U5T7TP",
        "ts": "1641160070.069900",
        "team": "TJE58GTJL",
        "user_team": "TJE58GTJL",
        "source_team": "TJE58GTJL",
        "user_profile": {
            "avatar_hash": "6ac00fe7f7de",
            "image_72": "https:\/\/avatars.slack-edge.com\/2022-04-15\/3395185200147_6ac00fe7f7de679b0f41_72.jpg",
            "first_name": "Johelski",
            "real_name": "Johelski",
            "display_name": "johelski",
            "team": "TJE58GTJL",
            "name": "ajayijohel",
            "is_restricted": false,
            "is_ultra_restricted": false
        },
        "edited": {
            "user": "U02Q8U5T7TP",
            "ts": "1641160108.000000"
        },
        "blocks": [
            {
                "type": "rich_text",
                "block_id": "2=\/t",
                "elements": [
                    {
                        "type": "rich_text_section",
                        "elements": [
                            {
                                "type": "text",
                                "text": "HI Anita,\n\nI have sent you an email from "
                            },
                            {
                                "type": "link",
                                "url": "mailto:johelski@gmail.com",
                                "text": "johelski@gmail.com"
                            },
                            {
                                "type": "text",
                                "text": ". I am interested and would love to hop on the project"
                            }
                        ]
                    }
                ]
            }
        ],
        "thread_ts": "1640806400.064900",
        "parent_user_id": "U0195U3C7QC"
    }
]