[
    {
        "client_msg_id": "7DECBAA5-C483-4925-8EC6-2E3918D131F8",
        "type": "message",
        "text": "Such a great resource!",
        "user": "U02NS1CT0GH",
        "ts": "1647163834.104059",
        "team": "TJE58GTJL",
        "user_team": "TJE58GTJL",
        "source_team": "TJE58GTJL",
        "user_profile": {
            "avatar_hash": "0ed9f90a7bb2",
            "image_72": "https:\/\/avatars.slack-edge.com\/2021-11-24\/2764268125508_0ed9f90a7bb2e08973b5_72.jpg",
            "first_name": "Annesha",
            "real_name": "Annesha",
            "display_name": "Annesha",
            "team": "TJE58GTJL",
            "name": "anneshabasu17",
            "is_restricted": false,
            "is_ultra_restricted": false
        },
        "blocks": [
            {
                "type": "rich_text",
                "block_id": "YRM",
                "elements": [
                    {
                        "type": "rich_text_section",
                        "elements": [
                            {
                                "type": "text",
                                "text": "Such a great resource!"
                            }
                        ]
                    }
                ]
            }
        ],
        "thread_ts": "1647126058.574099",
        "parent_user_id": "U03330MFEN4",
        "reactions": [
            {
                "name": "heart",
                "users": [
                    "U03330MFEN4"
                ],
                "count": 1
            }
        ]
    },
    {
        "client_msg_id": "62c10ad3-e3ca-4196-93ff-8b651d8c950f",
        "type": "message",
        "text": "I have a friend",
        "user": "U02Q8U5T7TP",
        "ts": "1647178751.262539",
        "team": "TJE58GTJL",
        "user_team": "TJE58GTJL",
        "source_team": "TJE58GTJL",
        "user_profile": {
            "avatar_hash": "6ac00fe7f7de",
            "image_72": "https:\/\/avatars.slack-edge.com\/2022-04-15\/3395185200147_6ac00fe7f7de679b0f41_72.jpg",
            "first_name": "Johelski",
            "real_name": "Johelski",
            "display_name": "johelski",
            "team": "TJE58GTJL",
            "name": "ajayijohel",
            "is_restricted": false,
            "is_ultra_restricted": false
        },
        "blocks": [
            {
                "type": "rich_text",
                "block_id": "Spo",
                "elements": [
                    {
                        "type": "rich_text_section",
                        "elements": [
                            {
                                "type": "text",
                                "text": "I have a friend"
                            }
                        ]
                    }
                ]
            }
        ],
        "thread_ts": "1647026072.817829",
        "parent_user_id": "U033A5LUX6G"
    },
    {
        "client_msg_id": "a3dc586b-f17c-4a49-ad46-28e44153b746",
        "type": "message",
        "text": "Sent you a DM <@U0333UU1KSQ> :)",
        "user": "U0364CHPXNK",
        "ts": "1647233619.206049",
        "team": "TJE58GTJL",
        "user_team": "TJE58GTJL",
        "source_team": "TJE58GTJL",
        "user_profile": {
            "avatar_hash": "8dc3c1444609",
            "image_72": "https:\/\/avatars.slack-edge.com\/2022-03-14\/3230830277445_8dc3c144460912782d1e_72.jpg",
            "first_name": "Ryah",
            "real_name": "Ryah Bulahan",
            "display_name": "Ryah Bulahan",
            "team": "TJE58GTJL",
            "name": "ryah",
            "is_restricted": false,
            "is_ultra_restricted": false
        },
        "blocks": [
            {
                "type": "rich_text",
                "block_id": "AEkm",
                "elements": [
                    {
                        "type": "rich_text_section",
                        "elements": [
                            {
                                "type": "text",
                                "text": "Sent you a DM "
                            },
                            {
                                "type": "user",
                                "user_id": "U0333UU1KSQ"
                            },
                            {
                                "type": "text",
                                "text": " :)"
                            }
                        ]
                    }
                ]
            }
        ],
        "thread_ts": "1646902390.050039",
        "parent_user_id": "U0333UU1KSQ"
    }
]