[
    {
        "client_msg_id": "6d06003d-bc70-45c5-a312-348aedfb7c14",
        "type": "message",
        "text": "I work well with both detailed briefs and ones I have to do from scratch. But a few things that do help are:\n• interviews with SMEs\n• main and secondary keywords\n• article overview or narrative angle",
        "user": "U02KR8EC0TY",
        "ts": "1644058203.631929",
        "team": "TJE58GTJL",
        "user_team": "TJE58GTJL",
        "source_team": "TJE58GTJL",
        "user_profile": {
            "avatar_hash": "g305d15f355c",
            "image_72": "https:\/\/secure.gravatar.com\/avatar\/305d15f355cab1995c5644dbcde1d8ed.jpg?s=72&d=https%3A%2F%2Fa.slack-edge.com%2Fdf10d%2Fimg%2Favatars%2Fava_0008-72.png",
            "first_name": "Michelle",
            "real_name": "Michelle Grace Maiellaro",
            "display_name": "Michelle",
            "team": "TJE58GTJL",
            "name": "michelle.maiellaro",
            "is_restricted": false,
            "is_ultra_restricted": false
        },
        "blocks": [
            {
                "type": "rich_text",
                "block_id": "1LE",
                "elements": [
                    {
                        "type": "rich_text_section",
                        "elements": [
                            {
                                "type": "text",
                                "text": "I work well with both detailed briefs and ones I have to do from scratch. But a few things that do help are:\n"
                            }
                        ]
                    },
                    {
                        "type": "rich_text_list",
                        "elements": [
                            {
                                "type": "rich_text_section",
                                "elements": [
                                    {
                                        "type": "text",
                                        "text": "interviews with SMEs"
                                    }
                                ]
                            },
                            {
                                "type": "rich_text_section",
                                "elements": [
                                    {
                                        "type": "text",
                                        "text": "main and secondary keywords"
                                    }
                                ]
                            },
                            {
                                "type": "rich_text_section",
                                "elements": [
                                    {
                                        "type": "text",
                                        "text": "article overview or narrative angle"
                                    }
                                ]
                            }
                        ],
                        "style": "bullet",
                        "indent": 0,
                        "border": 0
                    }
                ]
            }
        ],
        "thread_ts": "1644000753.278659",
        "parent_user_id": "U019P0ADPCH"
    },
    {
        "client_msg_id": "E4F48656-C7F1-4194-8A9B-C57C10C3BDC0",
        "type": "message",
        "text": "Freelancers, when a job posting asks for a CV or resume, what do you put in there?",
        "user": "U01PXN2LGAK",
        "ts": "1644078617.362269",
        "team": "TJE58GTJL",
        "user_team": "TJE58GTJL",
        "source_team": "TJE58GTJL",
        "user_profile": {
            "avatar_hash": "d8f5ac3cc9e1",
            "image_72": "https:\/\/avatars.slack-edge.com\/2022-04-15\/3395402924837_d8f5ac3cc9e1fe635001_72.png",
            "first_name": "Carmela",
            "real_name": "Carmela Montenegro",
            "display_name": "Carmela Montenegro",
            "team": "TJE58GTJL",
            "name": "carmela",
            "is_restricted": false,
            "is_ultra_restricted": false
        },
        "blocks": [
            {
                "type": "rich_text",
                "block_id": "YZC",
                "elements": [
                    {
                        "type": "rich_text_section",
                        "elements": [
                            {
                                "type": "text",
                                "text": "Freelancers, when a job posting asks for a CV or resume, what do you put in there?"
                            }
                        ]
                    }
                ]
            }
        ],
        "thread_ts": "1644078617.362269",
        "reply_count": 2,
        "reply_users_count": 2,
        "latest_reply": "1644243538.979999",
        "reply_users": [
            "U02RBH2FY6R",
            "U02LGA1DB9N"
        ],
        "replies": [
            {
                "user": "U02RBH2FY6R",
                "ts": "1644161427.638519"
            },
            {
                "user": "U02LGA1DB9N",
                "ts": "1644243538.979999"
            }
        ],
        "is_locked": false,
        "subscribed": false
    }
]