[
    {
        "client_msg_id": "07e59451-aa34-4760-9081-0ebf7314236d",
        "type": "message",
        "text": "We are looking for a content strategist. that will help implement voice\/tone guides, develop digital marketing strategies for our female online magazine\n<https:\/\/content-career-growth.slack.com\/archives\/CJ7QQKJ73\/p1650711433485149>",
        "user": "U032V067G2J",
        "ts": "1650712956.318899",
        "team": "TJE58GTJL",
        "user_team": "TJE58GTJL",
        "source_team": "TJE58GTJL",
        "user_profile": {
            "avatar_hash": "0563670a1062",
            "image_72": "https:\/\/avatars.slack-edge.com\/2022-02-14\/3097122250886_0563670a106292bdbe50_72.jpg",
            "first_name": "Parker",
            "real_name": "Parker Ituk",
            "display_name": "Parker I.",
            "team": "TJE58GTJL",
            "name": "parkerproject",
            "is_restricted": false,
            "is_ultra_restricted": false
        },
        "attachments": [
            {
                "from_url": "https:\/\/content-career-growth.slack.com\/archives\/CJ7QQKJ73\/p1650711433485149",
                "ts": "1650711433.485149",
                "author_id": "U032V067G2J",
                "channel_team": "TJE58GTJL",
                "channel_id": "CJ7QQKJ73",
                "channel_name": "-content-strategy-questions",
                "is_msg_unfurl": true,
                "is_thread_root_unfurl": true,
                "message_blocks": [
                    {
                        "team": "TJE58GTJL",
                        "channel": "CJ7QQKJ73",
                        "ts": "1650711433.485149",
                        "message": {
                            "blocks": [
                                {
                                    "type": "rich_text",
                                    "block_id": "CWqcQ",
                                    "elements": [
                                        {
                                            "type": "rich_text_section",
                                            "elements": [
                                                {
                                                    "type": "text",
                                                    "text": "Where do I hire a content strategist? I am looking for someone can re-shape the content, the voice and build the audience for "
                                                },
                                                {
                                                    "type": "link",
                                                    "url": "http:\/\/nygal.com",
                                                    "text": "nygal.com"
                                                },
                                                {
                                                    "type": "text",
                                                    "text": ", a female lifestyle magazine"
                                                }
                                            ]
                                        }
                                    ]
                                }
                            ]
                        }
                    }
                ],
                "id": 1,
                "original_url": "https:\/\/content-career-growth.slack.com\/archives\/CJ7QQKJ73\/p1650711433485149",
                "fallback": "[April 23rd, 2022 3:57 AM] parkerproject: Where do I hire a content strategist? I am looking for someone can re-shape the content, the voice and build the audience for <http:\/\/nygal.com|nygal.com>, a female lifestyle magazine",
                "text": "Where do I hire a content strategist? I am looking for someone can re-shape the content, the voice and build the audience for <http:\/\/nygal.com|nygal.com>, a female lifestyle magazine",
                "author_name": "Parker Ituk",
                "author_link": "https:\/\/content-career-growth.slack.com\/team\/U032V067G2J",
                "author_icon": "https:\/\/avatars.slack-edge.com\/2022-02-14\/3097122250886_0563670a106292bdbe50_48.jpg",
                "author_subname": "Parker Ituk",
                "mrkdwn_in": [
                    "text"
                ],
                "footer": "Thread in #-content-strategy-questions"
            }
        ],
        "blocks": [
            {
                "type": "rich_text",
                "block_id": "U5iI",
                "elements": [
                    {
                        "type": "rich_text_section",
                        "elements": [
                            {
                                "type": "text",
                                "text": "We are looking for a content strategist. that will help implement voice\/tone guides, develop digital marketing strategies for our female online magazine\n"
                            },
                            {
                                "type": "link",
                                "url": "https:\/\/content-career-growth.slack.com\/archives\/CJ7QQKJ73\/p1650711433485149"
                            }
                        ]
                    }
                ]
            }
        ]
    },
    {
        "client_msg_id": "6DB8AC5F-86BE-4715-A823-D641FBB020AD",
        "type": "message",
        "text": "<@UUVRK10QG> ",
        "user": "U030HE4UH50",
        "ts": "1650713547.898359",
        "team": "TJE58GTJL",
        "user_team": "TJE58GTJL",
        "source_team": "TJE58GTJL",
        "user_profile": {
            "avatar_hash": "b046a0357caf",
            "image_72": "https:\/\/avatars.slack-edge.com\/2022-01-27\/3014838228213_b046a0357caff0c37675_72.jpg",
            "first_name": "Afoma",
            "real_name": "Afoma Umesi",
            "display_name": "Afoma Umesi",
            "team": "TJE58GTJL",
            "name": "afomaumesi",
            "is_restricted": false,
            "is_ultra_restricted": false
        },
        "blocks": [
            {
                "type": "rich_text",
                "block_id": "rFN",
                "elements": [
                    {
                        "type": "rich_text_section",
                        "elements": [
                            {
                                "type": "user",
                                "user_id": "UUVRK10QG"
                            },
                            {
                                "type": "text",
                                "text": " "
                            }
                        ]
                    }
                ]
            }
        ],
        "thread_ts": "1650551025.130339",
        "parent_user_id": "U01TPUG6YE5"
    },
    {
        "client_msg_id": "c32685f3-a4d1-461a-9f01-a88317601a2c",
        "type": "message",
        "text": "<@U01TPUG6YE5> I dmed you. Please check, surprise is there.",
        "user": "U03AMJZB4MV",
        "ts": "1650716110.977759",
        "team": "TJE58GTJL",
        "user_team": "TJE58GTJL",
        "source_team": "TJE58GTJL",
        "user_profile": {
            "avatar_hash": "d497078b8bb4",
            "image_72": "https:\/\/avatars.slack-edge.com\/2022-04-13\/3377107627494_d497078b8bb47d5b92bc_72.jpg",
            "first_name": "Manoj",
            "real_name": "Manoj Satavara",
            "display_name": "Manoj Satavara",
            "team": "TJE58GTJL",
            "name": "manojthecontentwriter",
            "is_restricted": false,
            "is_ultra_restricted": false
        },
        "blocks": [
            {
                "type": "rich_text",
                "block_id": "QgL",
                "elements": [
                    {
                        "type": "rich_text_section",
                        "elements": [
                            {
                                "type": "user",
                                "user_id": "U01TPUG6YE5"
                            },
                            {
                                "type": "text",
                                "text": " I dmed you. Please check, surprise is there."
                            }
                        ]
                    }
                ]
            }
        ],
        "thread_ts": "1650551025.130339",
        "parent_user_id": "U01TPUG6YE5"
    },
    {
        "client_msg_id": "35289b3e-b17c-4b92-b9c0-490a07b66c61",
        "type": "message",
        "text": "Every week, I share a thread of 40+ freelance opportunities found on LinkedIn. Enjoy! <https:\/\/twitter.com\/kaitarford\/status\/1517990011836194818>",
        "user": "U03330MFEN4",
        "ts": "1650772117.974389",
        "team": "TJE58GTJL",
        "user_team": "TJE58GTJL",
        "source_team": "TJE58GTJL",
        "user_profile": {
            "avatar_hash": "eee78796f291",
            "image_72": "https:\/\/avatars.slack-edge.com\/2022-02-09\/3105175916912_eee78796f2919ff55228_72.png",
            "first_name": "Kaitlyn",
            "real_name": "Kaitlyn Arford",
            "display_name": "Kaitlyn Arford",
            "team": "TJE58GTJL",
            "name": "kaitlyn.arford",
            "is_restricted": false,
            "is_ultra_restricted": false
        },
        "attachments": [
            {
                "from_url": "https:\/\/twitter.com\/kaitarford\/status\/1517990011836194818",
                "ts": 1650751996,
                "id": 1,
                "original_url": "https:\/\/twitter.com\/kaitarford\/status\/1517990011836194818",
                "fallback": "<https:\/\/twitter.com\/kaitarford|@kaitarford>: Yet another week where we’ve seen journalists laid off. \n\nHere’s my usual weekly list of 40+ freelance opportunities for writers, editors, social media marketers, podcast producers, and graphic and web designers! As always, I appreciate every coffee sent my way! :coffee:",
                "text": "Yet another week where we’ve seen journalists laid off. \n\nHere’s my usual weekly list of 40+ freelance opportunities for writers, editors, social media marketers, podcast producers, and graphic and web designers! As always, I appreciate every coffee sent my way! :coffee:",
                "author_name": "Kaitlyn Arford — Freelance Writer",
                "author_link": "https:\/\/twitter.com\/kaitarford\/status\/1517990011836194818",
                "author_icon": "https:\/\/pbs.twimg.com\/profile_images\/1431348103416885252\/r4VlFNXk_normal.jpg",
                "author_subname": "@kaitarford",
                "service_name": "twitter",
                "service_url": "https:\/\/twitter.com\/",
                "footer": "Twitter",
                "footer_icon": "https:\/\/a.slack-edge.com\/80588\/img\/services\/twitter_pixel_snapped_32.png"
            }
        ],
        "blocks": [
            {
                "type": "rich_text",
                "block_id": "EUUUn",
                "elements": [
                    {
                        "type": "rich_text_section",
                        "elements": [
                            {
                                "type": "text",
                                "text": "Every week, I share a thread of 40+ freelance opportunities found on LinkedIn. Enjoy! "
                            },
                            {
                                "type": "link",
                                "url": "https:\/\/twitter.com\/kaitarford\/status\/1517990011836194818"
                            }
                        ]
                    }
                ]
            }
        ],
        "reactions": [
            {
                "name": "raised_hands",
                "users": [
                    "U02HD0L8HAP",
                    "UJJELJPNH",
                    "U0320BS53RQ",
                    "U01J3FQA3ML"
                ],
                "count": 4
            },
            {
                "name": "heart",
                "users": [
                    "U03AVHF6PGE",
                    "U02B60S6FBM",
                    "U03B27GRSSF",
                    "U03BERBJXPB",
                    "U03018Z4NTA",
                    "U03BGN2T0GP",
                    "U0162CX5SH1",
                    "U01J84U3SQ6",
                    "U039SG2UQHX",
                    "UJJELJPNH",
                    "U03AD261X2A",
                    "U019CM82CE9",
                    "U02JTT1T6CU",
                    "U02L5GTFSGG",
                    "U01J3FQA3ML",
                    "U02C37J4X5K",
                    "UPH4SCGTH",
                    "U02GFCQM6GL"
                ],
                "count": 18
            },
            {
                "name": "raised_hands::skin-tone-3",
                "users": [
                    "U0306LHA2MQ"
                ],
                "count": 1
            }
        ]
    }
]