[
    {
        "client_msg_id": "d6d7731c-a823-4521-a2f0-916b2244e74a",
        "type": "message",
        "text": "Hey everyone, we are searching for a B2B SEO writer for our agency <https:\/\/asmarketingagency.com\/>. If you're interested, please email <mailto:info@asmarketingagency.com|info@asmarketingagency.com> with your time zone, per word rate, and 3 portfolio samples.",
        "user": "U023HGMVC0P",
        "ts": "1641314668.072800",
        "team": "TJE58GTJL",
        "user_team": "TJE58GTJL",
        "source_team": "TJE58GTJL",
        "user_profile": {
            "avatar_hash": "62739cc5c557",
            "image_72": "https:\/\/avatars.slack-edge.com\/2021-06-04\/2149147721041_62739cc5c557263030d9_72.png",
            "first_name": "",
            "real_name": "Adriana Stein",
            "display_name": "Adriana Stein",
            "team": "TJE58GTJL",
            "name": "info035",
            "is_restricted": false,
            "is_ultra_restricted": false
        },
        "blocks": [
            {
                "type": "rich_text",
                "block_id": "Y\/x",
                "elements": [
                    {
                        "type": "rich_text_section",
                        "elements": [
                            {
                                "type": "text",
                                "text": "Hey everyone, we are searching for a B2B SEO writer for our agency "
                            },
                            {
                                "type": "link",
                                "url": "https:\/\/asmarketingagency.com\/"
                            },
                            {
                                "type": "text",
                                "text": ". If you're interested, please email "
                            },
                            {
                                "type": "link",
                                "url": "mailto:info@asmarketingagency.com",
                                "text": "info@asmarketingagency.com"
                            },
                            {
                                "type": "text",
                                "text": " with your time zone, per word rate, and 3 portfolio samples."
                            }
                        ]
                    }
                ]
            }
        ],
        "reactions": [
            {
                "name": "eyes",
                "users": [
                    "U02F1GK6U6B"
                ],
                "count": 1
            },
            {
                "name": "heart",
                "users": [
                    "U01K3VD3154",
                    "U02RBH2FY6R",
                    "U02KY0R6YGK",
                    "U02BPC785T3"
                ],
                "count": 4
            },
            {
                "name": "heavy_check_mark",
                "users": [
                    "U013JCCN8JE"
                ],
                "count": 1
            },
            {
                "name": "white_check_mark",
                "users": [
                    "U02DQ4MB30E"
                ],
                "count": 1
            }
        ]
    },
    {
        "client_msg_id": "674803eb-df3b-46d5-9ce1-4cc393eb3cb4",
        "type": "message",
        "text": "I think I've maybe asked this before so if someone knows of a thread that already exists please point me that way!\n\nDoes anyone (either an org hiring freelancers or a freelance writer themselves) have an example of a new writer packet or style guide they've used\/received to successfully onboard a new freelancer?",
        "user": "U01ANAZTZTK",
        "ts": "1641318614.074400",
        "team": "TJE58GTJL",
        "user_team": "TJE58GTJL",
        "source_team": "TJE58GTJL",
        "user_profile": {
            "avatar_hash": "ef5727669c45",
            "image_72": "https:\/\/avatars.slack-edge.com\/2020-09-08\/1349771386962_ef5727669c45c9f60612_72.jpg",
            "first_name": "Theresa",
            "real_name": "Theresa Hebert",
            "display_name": "Theresa Hebert",
            "team": "TJE58GTJL",
            "name": "theresa",
            "is_restricted": false,
            "is_ultra_restricted": false
        },
        "blocks": [
            {
                "type": "rich_text",
                "block_id": "txB",
                "elements": [
                    {
                        "type": "rich_text_section",
                        "elements": [
                            {
                                "type": "text",
                                "text": "I think I've maybe asked this before so if someone knows of a thread that already exists please point me that way!\n\nDoes anyone (either an org hiring freelancers or a freelance writer themselves) have an example of a new writer packet or style guide they've used\/received to successfully onboard a new freelancer?"
                            }
                        ]
                    }
                ]
            }
        ],
        "thread_ts": "1641318614.074400",
        "reply_count": 1,
        "reply_users_count": 1,
        "latest_reply": "1641342545.081000",
        "reply_users": [
            "U02GYR8TM96"
        ],
        "replies": [
            {
                "user": "U02GYR8TM96",
                "ts": "1641342545.081000"
            }
        ],
        "is_locked": false,
        "subscribed": false
    },
    {
        "client_msg_id": "63146cce-b23f-4b2b-b106-bcef773137ae",
        "type": "message",
        "text": "To all my freelancers, how do you handle an evaluation period? Do you increase or decrease your rates when you’re being asked to do a “trial period” before being signed on for longer term",
        "user": "U02NK9ZJSGY",
        "ts": "1641337154.080800",
        "team": "TJE58GTJL",
        "user_team": "TJE58GTJL",
        "source_team": "TJE58GTJL",
        "user_profile": {
            "avatar_hash": "29c1c81737c7",
            "image_72": "https:\/\/avatars.slack-edge.com\/2021-11-18\/2746449769972_29c1c81737c779d70d7b_72.jpg",
            "first_name": "Eden",
            "real_name": "Eden Hansing",
            "display_name": "Eden Hansing",
            "team": "TJE58GTJL",
            "name": "edenhansing",
            "is_restricted": false,
            "is_ultra_restricted": false
        },
        "blocks": [
            {
                "type": "rich_text",
                "block_id": "TFM",
                "elements": [
                    {
                        "type": "rich_text_section",
                        "elements": [
                            {
                                "type": "text",
                                "text": "To all my freelancers, how do you handle an evaluation period? Do you increase or decrease your rates when you’re being asked to do a “trial period” before being signed on for longer term"
                            }
                        ]
                    }
                ]
            }
        ],
        "thread_ts": "1641337154.080800",
        "reply_count": 4,
        "reply_users_count": 4,
        "latest_reply": "1641488195.003900",
        "reply_users": [
            "U01L7S9CVNG",
            "U02RGUD9C6S",
            "U02R458ARDJ",
            "UN3RHBFBK"
        ],
        "replies": [
            {
                "user": "U01L7S9CVNG",
                "ts": "1641355890.084500"
            },
            {
                "user": "U02RGUD9C6S",
                "ts": "1641362618.084800"
            },
            {
                "user": "U02R458ARDJ",
                "ts": "1641398856.085500"
            },
            {
                "user": "UN3RHBFBK",
                "ts": "1641488195.003900"
            }
        ],
        "is_locked": false,
        "subscribed": false
    },
    {
        "client_msg_id": "8b1d23c1-d3b0-4acb-8dad-69a7b7e040a5",
        "type": "message",
        "text": "Following because this would be a great resource to have on hand.",
        "user": "U02GYR8TM96",
        "ts": "1641342545.081000",
        "team": "TJE58GTJL",
        "user_team": "TJE58GTJL",
        "source_team": "TJE58GTJL",
        "user_profile": {
            "avatar_hash": "f1f652ee1a88",
            "image_72": "https:\/\/avatars.slack-edge.com\/2021-10-01\/2556223130962_f1f652ee1a88d648e327_72.png",
            "first_name": "David",
            "real_name": "David Ramos",
            "display_name": "David Ramos",
            "team": "TJE58GTJL",
            "name": "david.ramos",
            "is_restricted": false,
            "is_ultra_restricted": false
        },
        "blocks": [
            {
                "type": "rich_text",
                "block_id": "mw59c",
                "elements": [
                    {
                        "type": "rich_text_section",
                        "elements": [
                            {
                                "type": "text",
                                "text": "Following because this would be a great resource to have on hand."
                            }
                        ]
                    }
                ]
            }
        ],
        "thread_ts": "1641318614.074400",
        "parent_user_id": "U01ANAZTZTK"
    },
    {
        "client_msg_id": "7F2FA525-3035-43DB-B353-FD1BBFA96DBD",
        "type": "message",
        "text": "I haven’t done a full out evaluation “period” before for a freelance gig, but I have done trial pieces, like a trial blog. \n\nI charge the same for the trial piece as I do for all subsequent pieces (assuming I’m hired post-trial). I don’t discount because it’s still the same amount of time and effort that goes into the final deliverable, trial or not.",
        "user": "U01L7S9CVNG",
        "ts": "1641355890.084500",
        "team": "TJE58GTJL",
        "user_team": "TJE58GTJL",
        "source_team": "TJE58GTJL",
        "user_profile": {
            "avatar_hash": "492ba848106f",
            "image_72": "https:\/\/avatars.slack-edge.com\/2021-03-28\/1912881546324_492ba848106ffaa669af_72.jpg",
            "first_name": "Noelina",
            "real_name": "Noelina Rissman",
            "display_name": "",
            "team": "TJE58GTJL",
            "name": "noelina.rissman",
            "is_restricted": false,
            "is_ultra_restricted": false
        },
        "blocks": [
            {
                "type": "rich_text",
                "block_id": "HkrE\/",
                "elements": [
                    {
                        "type": "rich_text_section",
                        "elements": [
                            {
                                "type": "text",
                                "text": "I haven’t done a full out evaluation “period” before for a freelance gig, but I have done trial pieces, like a trial blog. \n"
                            },
                            {
                                "type": "text",
                                "text": "\n"
                            },
                            {
                                "type": "text",
                                "text": "I charge the same for the trial piece as I do for all subsequent pieces (assuming I’m hired post-trial). I don’t discount because it’s still the same amount of time and effort that goes into the final deliverable, trial or not."
                            }
                        ]
                    }
                ]
            }
        ],
        "thread_ts": "1641337154.080800",
        "parent_user_id": "U02NK9ZJSGY",
        "reactions": [
            {
                "name": "heart",
                "users": [
                    "U02B60S6FBM",
                    "U02CMV0AHAS",
                    "U01AHL8AGBB",
                    "U024A8928AW"
                ],
                "count": 4
            },
            {
                "name": "100",
                "users": [
                    "U02NK9ZJSGY",
                    "UUVC0LK2Q"
                ],
                "count": 2
            }
        ]
    },
    {
        "client_msg_id": "ace81a83-f463-4cd0-8568-2b6824ce3942",
        "type": "message",
        "text": "I don't see why there should be an decrease or increase in rates as it's basically the same amount of work you'll do before and after trial period.",
        "user": "U02RGUD9C6S",
        "ts": "1641362618.084800",
        "team": "TJE58GTJL",
        "user_team": "TJE58GTJL",
        "source_team": "TJE58GTJL",
        "user_profile": {
            "avatar_hash": "gce42dbf2649",
            "image_72": "https:\/\/secure.gravatar.com\/avatar\/ce42dbf2649c019016dedf196b255264.jpg?s=72&d=https%3A%2F%2Fa.slack-edge.com%2Fdf10d%2Fimg%2Favatars%2Fava_0008-72.png",
            "first_name": "Deborah",
            "real_name": "Deborah Sabinus",
            "display_name": "Deborah Sabinus",
            "team": "TJE58GTJL",
            "name": "deborah.sabinus",
            "is_restricted": false,
            "is_ultra_restricted": false
        },
        "blocks": [
            {
                "type": "rich_text",
                "block_id": "g86",
                "elements": [
                    {
                        "type": "rich_text_section",
                        "elements": [
                            {
                                "type": "text",
                                "text": "I don't see why there should be an decrease or increase in rates as it's basically the same amount of work you'll do before and after trial period."
                            }
                        ]
                    }
                ]
            }
        ],
        "thread_ts": "1641337154.080800",
        "parent_user_id": "U02NK9ZJSGY",
        "reactions": [
            {
                "name": "clap",
                "users": [
                    "U02NK9ZJSGY"
                ],
                "count": 1
            }
        ]
    }
]