[
    {
        "client_msg_id": "6c8ac3fc-f593-4ce2-bbaf-80fb117ee707",
        "type": "message",
        "text": "Howdy everyone!\n\nJust wanted to share some insights and network from our experience at *OnTop (YCW21)*, a soonicorn that has been growing along with its partners that use freelance as the new traditional working experience.\n\nWe have helped C-Level personas that are seeking to grow with their startups by working together and sharing our experience of growth that started with 3 employees by 8\/2020 to now count with over a globalized 800 people staff.\n\nI'm here to do some networking, and would love to get to know all the exciting ideas that are being cooked out there worldwide! Let's talk!",
        "user": "U036K03RW1L",
        "ts": "1647272582.778999",
        "team": "TJE58GTJL",
        "user_team": "TJE58GTJL",
        "source_team": "TJE58GTJL",
        "user_profile": {
            "avatar_hash": "e4f213b751ef",
            "image_72": "https:\/\/avatars.slack-edge.com\/2022-03-14\/3248476743921_e4f213b751ef0ace7e0c_72.png",
            "first_name": "Sergio",
            "real_name": "Sergio Diaz",
            "display_name": "Sergio Diaz",
            "team": "TJE58GTJL",
            "name": "sdiaz",
            "is_restricted": false,
            "is_ultra_restricted": false
        },
        "blocks": [
            {
                "type": "rich_text",
                "block_id": "yjh=P",
                "elements": [
                    {
                        "type": "rich_text_section",
                        "elements": [
                            {
                                "type": "text",
                                "text": "Howdy everyone!\n\nJust wanted to share some insights and network from our experience at "
                            },
                            {
                                "type": "text",
                                "text": "OnTop (YCW21)",
                                "style": {
                                    "bold": true
                                }
                            },
                            {
                                "type": "text",
                                "text": ", a soonicorn that has been growing along with its partners that use freelance as the new traditional working experience.\n\nWe have helped C-Level personas that are seeking to grow with their startups by working together and sharing our experience of growth that started with 3 employees by 8\/2020 to now count with over a globalized 800 people staff.\n\nI'm here to do some networking, and would love to get to know all the exciting ideas that are being cooked out there worldwide! Let's talk!"
                            }
                        ]
                    }
                ]
            }
        ]
    },
    {
        "client_msg_id": "a72e5dcc-a4af-41bf-b628-ce9354c2259c",
        "type": "message",
        "text": "Thank you!! :heart:",
        "user": "U01UDU0NHEV",
        "ts": "1647286989.614569",
        "team": "TJE58GTJL",
        "user_team": "TJE58GTJL",
        "source_team": "TJE58GTJL",
        "user_profile": {
            "avatar_hash": "5077cc0796a1",
            "image_72": "https:\/\/avatars.slack-edge.com\/2021-04-13\/1958028157571_5077cc0796a185e1f0ff_72.jpg",
            "first_name": "Rachel",
            "real_name": "Rachel Mindell",
            "display_name": "Rachel Mindell",
            "team": "TJE58GTJL",
            "name": "rachel568",
            "is_restricted": false,
            "is_ultra_restricted": false
        },
        "blocks": [
            {
                "type": "rich_text",
                "block_id": "EcLir",
                "elements": [
                    {
                        "type": "rich_text_section",
                        "elements": [
                            {
                                "type": "text",
                                "text": "Thank you!! "
                            },
                            {
                                "type": "emoji",
                                "name": "heart"
                            }
                        ]
                    }
                ]
            }
        ],
        "thread_ts": "1647126058.574099",
        "parent_user_id": "U03330MFEN4",
        "reactions": [
            {
                "name": "heart",
                "users": [
                    "U03330MFEN4"
                ],
                "count": 1
            }
        ]
    },
    {
        "client_msg_id": "e56b4dc2-e40c-4e02-854b-97f1b7d3a288",
        "type": "message",
        "text": "Hello! Has anyone tried BizCounsel out? And if so, what was your experience like?\n\nI've seen some mixed reviews on the company's services, but I'm on my first month with them to see for myself. Would love your input though! :grin:",
        "user": "U0366EA9X5Z",
        "ts": "1647307183.075769",
        "team": "TJE58GTJL",
        "user_team": "TJE58GTJL",
        "source_team": "TJE58GTJL",
        "user_profile": {
            "avatar_hash": "b437d524bf75",
            "image_72": "https:\/\/avatars.slack-edge.com\/2022-03-10\/3224134434434_b437d524bf7552a1b399_72.jpg",
            "first_name": "Feli",
            "real_name": "Feli Oliveros",
            "display_name": "Feli Oliveros",
            "team": "TJE58GTJL",
            "name": "hello743",
            "is_restricted": false,
            "is_ultra_restricted": false
        },
        "blocks": [
            {
                "type": "rich_text",
                "block_id": "1PF",
                "elements": [
                    {
                        "type": "rich_text_section",
                        "elements": [
                            {
                                "type": "text",
                                "text": "Hello! Has anyone tried BizCounsel out? And if so, what was your experience like?\n\nI've seen some mixed reviews on the company's services, but I'm on my first month with them to see for myself. Would love your input though! "
                            },
                            {
                                "type": "emoji",
                                "name": "grin"
                            }
                        ]
                    }
                ]
            }
        ]
    }
]