[
    {
        "client_msg_id": "b315e0e2-a764-465c-88a4-dd70856d4925",
        "type": "message",
        "text": "I believe this post should be in <#C02RGHQ4HK7|hire-me> tagging you <@UJG9WTEKG>",
        "user": "U02HD0L8HAP",
        "ts": "1645606414.815999",
        "team": "TJE58GTJL",
        "user_team": "TJE58GTJL",
        "source_team": "TJE58GTJL",
        "user_profile": {
            "avatar_hash": "675c42a91f65",
            "image_72": "https:\/\/avatars.slack-edge.com\/2022-01-10\/2928364816754_675c42a91f6571f4ac6b_72.jpg",
            "first_name": "Aanchal",
            "real_name": "Aanchal Parmar",
            "display_name": "Aanchal Parmar",
            "team": "TJE58GTJL",
            "name": "aanywrites",
            "is_restricted": false,
            "is_ultra_restricted": false
        },
        "blocks": [
            {
                "type": "rich_text",
                "block_id": "Tl8z",
                "elements": [
                    {
                        "type": "rich_text_section",
                        "elements": [
                            {
                                "type": "text",
                                "text": "I believe this post should be in "
                            },
                            {
                                "type": "channel",
                                "channel_id": "C02RGHQ4HK7"
                            },
                            {
                                "type": "text",
                                "text": " tagging you "
                            },
                            {
                                "type": "user",
                                "user_id": "UJG9WTEKG"
                            }
                        ]
                    }
                ]
            }
        ],
        "thread_ts": "1645597375.757099",
        "parent_user_id": "USLACKBOT",
        "reactions": [
            {
                "name": "point_up",
                "users": [
                    "U02R3S1RBUL"
                ],
                "count": 1
            }
        ]
    },
    {
        "client_msg_id": "47d36ba7-6ffc-4e22-b2bc-131aedcb2869",
        "type": "message",
        "text": "Depending on the scope and if it makes sense for your service, you can offer a discount for upfront payment. Have found it to work well.\n\nIf the scope of the work is a week or under, I’d ask for 100% payment with money-back guarantee.\n\nProjects lasting 2-4 weeks best work as a 30-70 or 40-60 or 50-50 split.\n\nAnything more than that can be done into retainers, and have worked on advance, as well as t+15, t+30 day payment cycle with t=0 as the start of the month.",
        "user": "U029WCJ1ZAL",
        "ts": "1645625268.228219",
        "team": "TJE58GTJL",
        "user_team": "TJE58GTJL",
        "source_team": "TJE58GTJL",
        "user_profile": {
            "avatar_hash": "g5d29f982efc",
            "image_72": "https:\/\/secure.gravatar.com\/avatar\/5d29f982efcf7429e5ab1403e7f9529d.jpg?s=72&d=https%3A%2F%2Fa.slack-edge.com%2Fdf10d%2Fimg%2Favatars%2Fava_0022-72.png",
            "first_name": "",
            "real_name": "Aishwarya Chaturvedi",
            "display_name": "Aishwarya Chaturvedi",
            "team": "TJE58GTJL",
            "name": "ash667",
            "is_restricted": false,
            "is_ultra_restricted": false
        },
        "blocks": [
            {
                "type": "rich_text",
                "block_id": "MIgNm",
                "elements": [
                    {
                        "type": "rich_text_section",
                        "elements": [
                            {
                                "type": "text",
                                "text": "Depending on the scope and if it makes sense for your service, you can offer a discount for upfront payment. Have found it to work well.\n\nIf the scope of the work is a week or under, I’d ask for 100% payment with money-back guarantee.\n\nProjects lasting 2-4 weeks best work as a 30-70 or 40-60 or 50-50 split.\n\nAnything more than that can be done into retainers, and have worked on advance, as well as t+15, t+30 day payment cycle with t=0 as the start of the month."
                            }
                        ]
                    }
                ]
            }
        ],
        "thread_ts": "1644960891.936459",
        "parent_user_id": "UUVRK10QG"
    },
    {
        "client_msg_id": "283cf7d2-5add-47da-800c-85de60ac0217",
        "type": "message",
        "text": "I am very interested in this. Look out for my application.",
        "user": "U02CNJTK7TN",
        "ts": "1645630809.003379",
        "team": "TJE58GTJL",
        "user_team": "TJE58GTJL",
        "source_team": "TJE58GTJL",
        "user_profile": {
            "avatar_hash": "23419d3e3dc2",
            "image_72": "https:\/\/avatars.slack-edge.com\/2021-08-27\/2420483248710_23419d3e3dc28330bb93_72.png",
            "first_name": "Ashley",
            "real_name": "Ashley Howe",
            "display_name": "Ashley Howe",
            "team": "TJE58GTJL",
            "name": "a.howe",
            "is_restricted": false,
            "is_ultra_restricted": false
        },
        "blocks": [
            {
                "type": "rich_text",
                "block_id": "A5j",
                "elements": [
                    {
                        "type": "rich_text_section",
                        "elements": [
                            {
                                "type": "text",
                                "text": "I am very interested in this. Look out for my application."
                            }
                        ]
                    }
                ]
            }
        ],
        "thread_ts": "1645589921.728129",
        "parent_user_id": "U02LZ0P3VLY",
        "reactions": [
            {
                "name": "raised_hands",
                "users": [
                    "U02LZ0P3VLY"
                ],
                "count": 1
            }
        ]
    },
    {
        "client_msg_id": "32a65a7f-8bf6-4abd-9c80-0d3370d3ef00",
        "type": "message",
        "text": "I was just going to say - there should be a place where people can post about themselves if they are looking for work. I didn't know there was a <#C02RGHQ4HK7|hire-me>!",
        "user": "U02CVNB3X1T",
        "ts": "1645634545.618519",
        "team": "TJE58GTJL",
        "user_team": "TJE58GTJL",
        "source_team": "TJE58GTJL",
        "user_profile": {
            "avatar_hash": "a98cd79fc67b",
            "image_72": "https:\/\/avatars.slack-edge.com\/2021-12-28\/2891088304196_a98cd79fc67b29986082_72.png",
            "first_name": "Julie",
            "real_name": "Julie Simpson",
            "display_name": "Julie Simpson",
            "team": "TJE58GTJL",
            "name": "jujuklu",
            "is_restricted": false,
            "is_ultra_restricted": false
        },
        "blocks": [
            {
                "type": "rich_text",
                "block_id": "WmJ",
                "elements": [
                    {
                        "type": "rich_text_section",
                        "elements": [
                            {
                                "type": "text",
                                "text": "I was just going to say - there should be a place where people can post about themselves if they are looking for work. I didn't know there was a "
                            },
                            {
                                "type": "channel",
                                "channel_id": "C02RGHQ4HK7"
                            },
                            {
                                "type": "text",
                                "text": "!"
                            }
                        ]
                    }
                ]
            }
        ],
        "thread_ts": "1645597375.757099",
        "parent_user_id": "USLACKBOT"
    },
    {
        "client_msg_id": "72f37bff-756c-4a8d-a941-e3af3eb63cc4",
        "type": "message",
        "text": "<@U02NS18QTQ9> do you mind posting this in <#C02RGHQ4HK7|hire-me>? i'll remove from this channel",
        "user": "UJG9WTEKG",
        "ts": "1645636894.219419",
        "team": "TJE58GTJL",
        "user_team": "TJE58GTJL",
        "source_team": "TJE58GTJL",
        "user_profile": {
            "avatar_hash": "gc25b94e6ebf",
            "image_72": "https:\/\/secure.gravatar.com\/avatar\/eec25b94e6ebf55f0b7933372344cd09.jpg?s=72&d=https%3A%2F%2Fa.slack-edge.com%2Fdf10d%2Fimg%2Favatars%2Fava_0001-72.png",
            "first_name": "Jimmy",
            "real_name": "Jimmy Daly",
            "display_name": "",
            "team": "TJE58GTJL",
            "name": "runjimdaly",
            "is_restricted": false,
            "is_ultra_restricted": false
        },
        "blocks": [
            {
                "type": "rich_text",
                "block_id": "71SEC",
                "elements": [
                    {
                        "type": "rich_text_section",
                        "elements": [
                            {
                                "type": "user",
                                "user_id": "U02NS18QTQ9"
                            },
                            {
                                "type": "text",
                                "text": " do you mind posting this in "
                            },
                            {
                                "type": "channel",
                                "channel_id": "C02RGHQ4HK7"
                            },
                            {
                                "type": "text",
                                "text": "? i'll remove from this channel"
                            }
                        ]
                    }
                ]
            }
        ],
        "thread_ts": "1645597375.757099",
        "parent_user_id": "USLACKBOT"
    },
    {
        "type": "message",
        "subtype": "tombstone",
        "text": "This message was deleted.",
        "user": "USLACKBOT",
        "hidden": true,
        "ts": "1645639905.673039",
        "thread_ts": "1645639905.673039",
        "parent_user_id": "USLACKBOT",
        "reply_count": 5,
        "reply_users_count": 4,
        "latest_reply": "1645713464.488339",
        "reply_users": [
            "U0320CENNGK",
            "U02MYNWUY07",
            "UUVRK10QG",
            "U01KGTNFLVA"
        ],
        "replies": [
            {
                "user": "U0320CENNGK",
                "ts": "1645646002.588189"
            },
            {
                "user": "U02MYNWUY07",
                "ts": "1645672773.389109"
            },
            {
                "user": "UUVRK10QG",
                "ts": "1645709598.633959"
            },
            {
                "user": "U01KGTNFLVA",
                "ts": "1645713399.834439"
            },
            {
                "user": "U02MYNWUY07",
                "ts": "1645713464.488339"
            }
        ],
        "is_locked": false,
        "subscribed": false,
        "reactions": [
            {
                "name": "eyes",
                "users": [
                    "U01FUP6AMEZ",
                    "U0188DZQPB8"
                ],
                "count": 2
            }
        ]
    },
    {
        "client_msg_id": "74ca6030-669c-437c-b18e-226f564ff171",
        "type": "message",
        "text": "Done! Thanks for flagging, guys",
        "user": "U02NS18QTQ9",
        "ts": "1645641980.897819",
        "team": "TJE58GTJL",
        "user_team": "TJE58GTJL",
        "source_team": "TJE58GTJL",
        "user_profile": {
            "avatar_hash": "842b77bd74b8",
            "image_72": "https:\/\/avatars.slack-edge.com\/2021-11-23\/2785448990160_842b77bd74b811c39a7d_72.png",
            "first_name": "Genevieve",
            "real_name": "Genevieve Michaels",
            "display_name": "Genevieve Michaels",
            "team": "TJE58GTJL",
            "name": "genevieve",
            "is_restricted": false,
            "is_ultra_restricted": false
        },
        "blocks": [
            {
                "type": "rich_text",
                "block_id": "XANvy",
                "elements": [
                    {
                        "type": "rich_text_section",
                        "elements": [
                            {
                                "type": "text",
                                "text": "Done! Thanks for flagging, guys"
                            }
                        ]
                    }
                ]
            }
        ],
        "thread_ts": "1645597375.757099",
        "parent_user_id": "USLACKBOT"
    },
    {
        "type": "message",
        "subtype": "slackbot_response",
        "text": "Hello! Not all of our members are guys. In an effort to be more conscious of the language we use to address each other, why not try “Hey, folks,” or “Hey everyone” instead?",
        "user": "USLACKBOT",
        "ts": "1645641981.814759",
        "thread_ts": "1645597375.757099",
        "parent_user_id": "USLACKBOT"
    },
    {
        "client_msg_id": "7752f185-d001-418f-85b3-6ca0187df6dd",
        "type": "message",
        "text": "Will send a DM your way soon! Thanks for sharing.",
        "user": "U0320CENNGK",
        "ts": "1645646002.588189",
        "team": "TJE58GTJL",
        "user_team": "TJE58GTJL",
        "source_team": "TJE58GTJL",
        "user_profile": {
            "avatar_hash": "5bece02b7e44",
            "image_72": "https:\/\/avatars.slack-edge.com\/2022-02-08\/3085044228433_5bece02b7e44f02efd5e_72.jpg",
            "first_name": "Odelia",
            "real_name": "Odelia",
            "display_name": "Odelia",
            "team": "TJE58GTJL",
            "name": "girlsetfree",
            "is_restricted": false,
            "is_ultra_restricted": false
        },
        "blocks": [
            {
                "type": "rich_text",
                "block_id": "ZCFK9",
                "elements": [
                    {
                        "type": "rich_text_section",
                        "elements": [
                            {
                                "type": "text",
                                "text": "Will send a DM your way soon! Thanks for sharing."
                            }
                        ]
                    }
                ]
            }
        ],
        "thread_ts": "1645639905.673039",
        "parent_user_id": "USLACKBOT"
    },
    {
        "client_msg_id": "6EF6A292-C6DA-4523-AB2E-E691C955691A",
        "type": "message",
        "text": "Hey <@U01KGTNFLVA> \nJust sent you a DM. ",
        "user": "U02MYNWUY07",
        "ts": "1645672773.389109",
        "team": "TJE58GTJL",
        "user_team": "TJE58GTJL",
        "source_team": "TJE58GTJL",
        "user_profile": {
            "avatar_hash": "97d060ffa1e3",
            "image_72": "https:\/\/avatars.slack-edge.com\/2021-11-24\/2760700896917_97d060ffa1e3300aafe2_72.png",
            "first_name": "Purvi",
            "real_name": "Purvi Kalra",
            "display_name": "Purvi Kalra",
            "team": "TJE58GTJL",
            "name": "purkalra41",
            "is_restricted": false,
            "is_ultra_restricted": false
        },
        "blocks": [
            {
                "type": "rich_text",
                "block_id": "9I7",
                "elements": [
                    {
                        "type": "rich_text_section",
                        "elements": [
                            {
                                "type": "text",
                                "text": "Hey "
                            },
                            {
                                "type": "user",
                                "user_id": "U01KGTNFLVA"
                            },
                            {
                                "type": "text",
                                "text": " \nJust sent you a DM. "
                            }
                        ]
                    }
                ]
            }
        ],
        "thread_ts": "1645639905.673039",
        "parent_user_id": "USLACKBOT",
        "reactions": [
            {
                "name": "white_check_mark",
                "users": [
                    "U01KGTNFLVA"
                ],
                "count": 1
            }
        ]
    }
]