[
    {
        "client_msg_id": "e0f7e728-1eac-4d19-817e-242a0760380d",
        "type": "message",
        "text": "Hi everyone! I'm taking on a side opportunity helping a company with some sales ops work for a few hours a week. How much would you charge per hour?",
        "user": "U027ESP05FX",
        "ts": "1650899722.212719",
        "team": "TJE58GTJL",
        "user_team": "TJE58GTJL",
        "source_team": "TJE58GTJL",
        "user_profile": {
            "avatar_hash": "783af8eb898d",
            "image_72": "https:\/\/avatars.slack-edge.com\/2021-07-08\/2262138930900_783af8eb898d076d03cb_72.jpg",
            "first_name": "",
            "real_name": "Marissa Bialick",
            "display_name": "Marissa Bialick",
            "team": "TJE58GTJL",
            "name": "mbialick",
            "is_restricted": false,
            "is_ultra_restricted": false
        },
        "blocks": [
            {
                "type": "rich_text",
                "block_id": "BE=o0",
                "elements": [
                    {
                        "type": "rich_text_section",
                        "elements": [
                            {
                                "type": "text",
                                "text": "Hi everyone! I'm taking on a side opportunity helping a company with some sales ops work for a few hours a week. How much would you charge per hour?"
                            }
                        ]
                    }
                ]
            }
        ],
        "thread_ts": "1650899722.212719",
        "reply_count": 1,
        "reply_users_count": 1,
        "latest_reply": "1650981620.238559",
        "reply_users": [
            "U032AAX829K"
        ],
        "replies": [
            {
                "user": "U032AAX829K",
                "ts": "1650981620.238559"
            }
        ],
        "is_locked": false,
        "subscribed": false,
        "reactions": [
            {
                "name": "+1",
                "users": [
                    "U03AVHF6PGE",
                    "U01J84U3SQ6"
                ],
                "count": 2
            }
        ]
    },
    {
        "client_msg_id": "6b24a9cb-1a1e-44a8-8f23-bae9d8351793",
        "type": "message",
        "text": "What do you mean Euphemia?",
        "user": "U036K03RW1L",
        "ts": "1650903271.857479",
        "team": "TJE58GTJL",
        "user_team": "TJE58GTJL",
        "source_team": "TJE58GTJL",
        "user_profile": {
            "avatar_hash": "e4f213b751ef",
            "image_72": "https:\/\/avatars.slack-edge.com\/2022-03-14\/3248476743921_e4f213b751ef0ace7e0c_72.png",
            "first_name": "Sergio",
            "real_name": "Sergio Diaz",
            "display_name": "Sergio Diaz",
            "team": "TJE58GTJL",
            "name": "sdiaz",
            "is_restricted": false,
            "is_ultra_restricted": false
        },
        "blocks": [
            {
                "type": "rich_text",
                "block_id": "ySr",
                "elements": [
                    {
                        "type": "rich_text_section",
                        "elements": [
                            {
                                "type": "text",
                                "text": "What do you mean Euphemia?"
                            }
                        ]
                    }
                ]
            }
        ],
        "thread_ts": "1650505675.971019",
        "parent_user_id": "U036K03RW1L"
    },
    {
        "client_msg_id": "9dccf254-4d7f-4837-a2e6-efb7363eafdd",
        "type": "message",
        "text": "Thanks everyone! I've received a lot of messages and I'm trying to get back to everyone as soon as I can :slightly_smiling_face:",
        "user": "UJH5BJQG0",
        "ts": "1650906313.936299",
        "team": "TJE58GTJL",
        "user_team": "TJE58GTJL",
        "source_team": "TJE58GTJL",
        "user_profile": {
            "avatar_hash": "01e403dbd6b4",
            "image_72": "https:\/\/avatars.slack-edge.com\/2022-02-21\/3148648187201_01e403dbd6b46f0a9972_72.png",
            "first_name": "Alexis",
            "real_name": "Alexis Croswell",
            "display_name": "Lexi",
            "team": "TJE58GTJL",
            "name": "croswela",
            "is_restricted": false,
            "is_ultra_restricted": false
        },
        "blocks": [
            {
                "type": "rich_text",
                "block_id": "c0Xjs",
                "elements": [
                    {
                        "type": "rich_text_section",
                        "elements": [
                            {
                                "type": "text",
                                "text": "Thanks everyone! I've received a lot of messages and I'm trying to get back to everyone as soon as I can "
                            },
                            {
                                "type": "emoji",
                                "name": "slightly_smiling_face"
                            }
                        ]
                    }
                ]
            }
        ],
        "thread_ts": "1649873652.826839",
        "parent_user_id": "UJH5BJQG0"
    },
    {
        "client_msg_id": "a0a85f23-8aba-4937-a37c-df0adb1356b7",
        "type": "message",
        "text": "Hey folks. A client of mine in the real estate niche is looking for someone with experience writing press releases\/PR stuff. It's not my cup of tea.\n\nIf you're experienced in those areas and have some free time in the next month, feel free to DM me your email, rates, and a few sample and I'll pass them along.",
        "user": "U02SU2BECCA",
        "ts": "1650920698.236519",
        "team": "TJE58GTJL",
        "user_team": "TJE58GTJL",
        "source_team": "TJE58GTJL",
        "user_profile": {
            "avatar_hash": "ee48b1106795",
            "image_72": "https:\/\/avatars.slack-edge.com\/2022-01-05\/2912317446291_ee48b110679501fff7ef_72.jpg",
            "first_name": "Lawrence",
            "real_name": "Lawrence Barker",
            "display_name": "Lawrence",
            "team": "TJE58GTJL",
            "name": "lawrence",
            "is_restricted": false,
            "is_ultra_restricted": false
        },
        "edited": {
            "user": "U02SU2BECCA",
            "ts": "1650921044.000000"
        },
        "blocks": [
            {
                "type": "rich_text",
                "block_id": "0J+",
                "elements": [
                    {
                        "type": "rich_text_section",
                        "elements": [
                            {
                                "type": "text",
                                "text": "Hey folks. A client of mine in the real estate niche is looking for someone with experience writing press releases\/PR stuff. It's not my cup of tea.\n\nIf you're experienced in those areas and have some free time in the next month, feel free to DM me your email, rates, and a few sample and I'll pass them along."
                            }
                        ]
                    }
                ]
            }
        ],
        "thread_ts": "1650920698.236519",
        "reply_count": 2,
        "reply_users_count": 2,
        "latest_reply": "1650982456.848939",
        "reply_users": [
            "U02QZELD0P9",
            "U02SU2BECCA"
        ],
        "replies": [
            {
                "user": "U02QZELD0P9",
                "ts": "1650981857.374769"
            },
            {
                "user": "U02SU2BECCA",
                "ts": "1650982456.848939"
            }
        ],
        "is_locked": false,
        "subscribed": false,
        "reactions": [
            {
                "name": "heart",
                "users": [
                    "U03AVHF6PGE"
                ],
                "count": 1
            }
        ]
    },
    {
        "client_msg_id": "236ad655-74a8-4918-bb04-b3ab2ded27d6",
        "type": "message",
        "text": "Shared this with a writer I know who might be into it",
        "user": "U011QQDDSJV",
        "ts": "1650920899.784019",
        "team": "TJE58GTJL",
        "user_team": "TJE58GTJL",
        "source_team": "TJE58GTJL",
        "user_profile": {
            "avatar_hash": "26f290c29155",
            "image_72": "https:\/\/avatars.slack-edge.com\/2020-04-08\/1046081228023_26f290c2915541368412_72.png",
            "first_name": "Nikolas",
            "real_name": "Nikolas Wright",
            "display_name": "Nik",
            "team": "TJE58GTJL",
            "name": "wright.nikolas",
            "is_restricted": false,
            "is_ultra_restricted": false
        },
        "blocks": [
            {
                "type": "rich_text",
                "block_id": "uCC7y",
                "elements": [
                    {
                        "type": "rich_text_section",
                        "elements": [
                            {
                                "type": "text",
                                "text": "Shared this with a writer I know who might be into it"
                            }
                        ]
                    }
                ]
            }
        ],
        "thread_ts": "1650631143.833629",
        "parent_user_id": "U03CFDVM63V"
    },
    {
        "client_msg_id": "f6c72fd2-4b52-4a1b-a526-b7cecb748264",
        "type": "message",
        "text": "Hi Josh, I would be happy to take up this role",
        "user": "U03CVG3UJF5",
        "ts": "1650923392.527879",
        "team": "TJE58GTJL",
        "user_team": "TJE58GTJL",
        "source_team": "TJE58GTJL",
        "user_profile": {
            "avatar_hash": "522b9d850a1f",
            "image_72": "https:\/\/avatars.slack-edge.com\/2022-04-25\/3431298016886_522b9d850a1fece3a260_72.jpg",
            "first_name": "Funmi",
            "real_name": "Funmi",
            "display_name": "Funmi",
            "team": "TJE58GTJL",
            "name": "funmmiuju",
            "is_restricted": false,
            "is_ultra_restricted": false
        },
        "blocks": [
            {
                "type": "rich_text",
                "block_id": "apk9P",
                "elements": [
                    {
                        "type": "rich_text_section",
                        "elements": [
                            {
                                "type": "text",
                                "text": "Hi Josh, I would be happy to take up this role"
                            }
                        ]
                    }
                ]
            }
        ],
        "thread_ts": "1649878709.102089",
        "parent_user_id": "UJG24P8P6"
    },
    {
        "client_msg_id": "66aadaa4-bfc7-4cfc-aed4-6549b5c4e47a",
        "type": "message",
        "text": "Hi guys , I think my content writing resume is a bit poor and I was hoping anyone here can share tips or even templates with me.\nI have the experience as I have done great work , but I think when placed in front of employers my resume tends to go silent on my greatness. Please help...",
        "user": "U03CVG3UJF5",
        "ts": "1650924145.201599",
        "team": "TJE58GTJL",
        "user_team": "TJE58GTJL",
        "source_team": "TJE58GTJL",
        "user_profile": {
            "avatar_hash": "522b9d850a1f",
            "image_72": "https:\/\/avatars.slack-edge.com\/2022-04-25\/3431298016886_522b9d850a1fece3a260_72.jpg",
            "first_name": "Funmi",
            "real_name": "Funmi",
            "display_name": "Funmi",
            "team": "TJE58GTJL",
            "name": "funmmiuju",
            "is_restricted": false,
            "is_ultra_restricted": false
        },
        "edited": {
            "user": "U03CVG3UJF5",
            "ts": "1650960379.000000"
        },
        "blocks": [
            {
                "type": "rich_text",
                "block_id": "rG9Uu",
                "elements": [
                    {
                        "type": "rich_text_section",
                        "elements": [
                            {
                                "type": "text",
                                "text": "Hi guys , I think my content writing resume is a bit poor and I was hoping anyone here can share tips or even templates with me.\nI have the experience as I have done great work , but I think when placed in front of employers my resume tends to go silent on my greatness. Please help..."
                            }
                        ]
                    }
                ]
            }
        ],
        "thread_ts": "1650924145.201599",
        "reply_count": 4,
        "reply_users_count": 3,
        "latest_reply": "1650964043.514209",
        "reply_users": [
            "U02Q8U5T7TP",
            "U03CVG3UJF5",
            "U02CUMQBP9R"
        ],
        "replies": [
            {
                "user": "U02Q8U5T7TP",
                "ts": "1650954130.651989"
            },
            {
                "user": "U03CVG3UJF5",
                "ts": "1650960233.625219"
            },
            {
                "user": "U03CVG3UJF5",
                "ts": "1650960317.510309"
            },
            {
                "user": "U02CUMQBP9R",
                "ts": "1650964043.514209"
            }
        ],
        "is_locked": false,
        "subscribed": false
    },
    {
        "type": "message",
        "subtype": "slackbot_response",
        "text": "Hello! Not all of our members are guys. In an effort to be more conscious of the language we use to address each other, why not try “Hey, folks,” or “Hey everyone” instead?",
        "user": "USLACKBOT",
        "ts": "1650924146.323549"
    },
    {
        "client_msg_id": "050e7857-287e-42d4-9b9c-f7c71e9522f3",
        "type": "message",
        "text": "Hey <@U02PM12M15K>, Would you be interested in freelancers who ghost-wrote a couple of academic papers\/essays on HR?",
        "user": "U03CVG3E3TM",
        "ts": "1650953562.198979",
        "team": "TJE58GTJL",
        "user_team": "TJE58GTJL",
        "source_team": "TJE58GTJL",
        "user_profile": {
            "avatar_hash": "e4dac649882d",
            "image_72": "https:\/\/avatars.slack-edge.com\/2022-04-25\/3461328612080_e4dac649882d473297e5_72.jpg",
            "first_name": "Peace",
            "real_name": "Peace Akinwale",
            "display_name": "Peace Akinwale",
            "team": "TJE58GTJL",
            "name": "akindayopeaceakinwale",
            "is_restricted": false,
            "is_ultra_restricted": false
        },
        "blocks": [
            {
                "type": "rich_text",
                "block_id": "YV8GW",
                "elements": [
                    {
                        "type": "rich_text_section",
                        "elements": [
                            {
                                "type": "text",
                                "text": "Hey "
                            },
                            {
                                "type": "user",
                                "user_id": "U02PM12M15K"
                            },
                            {
                                "type": "text",
                                "text": ", Would you be interested in freelancers who ghost-wrote a couple of academic papers\/essays on HR?"
                            }
                        ]
                    }
                ]
            }
        ],
        "thread_ts": "1650575470.171889",
        "parent_user_id": "U02PM12M15K"
    },
    {
        "client_msg_id": "3d0e974d-289b-4efc-a055-2c67dbd010ae",
        "type": "message",
        "text": "<@U03CVG3UJF5> \n\nYou can shoot me a Dm",
        "user": "U02Q8U5T7TP",
        "ts": "1650954130.651989",
        "team": "TJE58GTJL",
        "user_team": "TJE58GTJL",
        "source_team": "TJE58GTJL",
        "user_profile": {
            "avatar_hash": "6ac00fe7f7de",
            "image_72": "https:\/\/avatars.slack-edge.com\/2022-04-15\/3395185200147_6ac00fe7f7de679b0f41_72.jpg",
            "first_name": "Johelski",
            "real_name": "Johelski",
            "display_name": "johelski",
            "team": "TJE58GTJL",
            "name": "ajayijohel",
            "is_restricted": false,
            "is_ultra_restricted": false
        },
        "blocks": [
            {
                "type": "rich_text",
                "block_id": "NAIDC",
                "elements": [
                    {
                        "type": "rich_text_section",
                        "elements": [
                            {
                                "type": "user",
                                "user_id": "U03CVG3UJF5"
                            },
                            {
                                "type": "text",
                                "text": " \n\nYou can shoot me a Dm"
                            }
                        ]
                    }
                ]
            }
        ],
        "thread_ts": "1650924145.201599",
        "parent_user_id": "U03CVG3UJF5"
    }
]