[
    {
        "client_msg_id": "988297aa-cb74-4e41-98e3-6a8511c2686b",
        "type": "message",
        "text": "Tagging <@U01NCVDUT0R>",
        "user": "UUVRK10QG",
        "ts": "1645709598.633959",
        "team": "TJE58GTJL",
        "user_team": "TJE58GTJL",
        "source_team": "TJE58GTJL",
        "user_profile": {
            "avatar_hash": "4ffef16a9259",
            "image_72": "https:\/\/avatars.slack-edge.com\/2022-02-18\/3109627660935_4ffef16a925938854d49_72.png",
            "first_name": "Femi",
            "real_name": "Femi Oyelola",
            "display_name": "",
            "team": "TJE58GTJL",
            "name": "oluwafemiwrites",
            "is_restricted": false,
            "is_ultra_restricted": false
        },
        "blocks": [
            {
                "type": "rich_text",
                "block_id": "zen",
                "elements": [
                    {
                        "type": "rich_text_section",
                        "elements": [
                            {
                                "type": "text",
                                "text": "Tagging "
                            },
                            {
                                "type": "user",
                                "user_id": "U01NCVDUT0R"
                            }
                        ]
                    }
                ]
            }
        ],
        "thread_ts": "1645639905.673039",
        "parent_user_id": "USLACKBOT",
        "reactions": [
            {
                "name": "white_check_mark",
                "users": [
                    "U01KGTNFLVA"
                ],
                "count": 1
            }
        ]
    },
    {
        "client_msg_id": "aa86d120-2fc0-45f0-8764-2640636a818e",
        "type": "message",
        "text": "Didn't mean to delete the comment. Closing this request out as I received over 15 portfolios, thank you for being an AMAZING group!",
        "user": "U01KGTNFLVA",
        "ts": "1645713399.834439",
        "team": "TJE58GTJL",
        "user_team": "TJE58GTJL",
        "source_team": "TJE58GTJL",
        "user_profile": {
            "avatar_hash": "c360477f74af",
            "image_72": "https:\/\/avatars.slack-edge.com\/2021-01-21\/1646875379015_c360477f74af7429a086_72.jpg",
            "first_name": "Phoebe",
            "real_name": "Phoebe",
            "display_name": "Phoebe",
            "team": "TJE58GTJL",
            "name": "itsmsphoebe",
            "is_restricted": false,
            "is_ultra_restricted": false
        },
        "blocks": [
            {
                "type": "rich_text",
                "block_id": "LV+CS",
                "elements": [
                    {
                        "type": "rich_text_section",
                        "elements": [
                            {
                                "type": "text",
                                "text": "Didn't mean to delete the comment. Closing this request out as I received over 15 portfolios, thank you for being an AMAZING group!"
                            }
                        ]
                    }
                ]
            }
        ],
        "thread_ts": "1645639905.673039",
        "parent_user_id": "USLACKBOT",
        "reactions": [
            {
                "name": "100",
                "users": [
                    "UJG9WTEKG"
                ],
                "count": 1
            }
        ]
    },
    {
        "client_msg_id": "B38804C3-3B81-4AB9-A2C9-4BCDF039CDA9",
        "type": "message",
        "text": "Hi <@U01KGTNFLVA> \nI get it. In case you need help, feel free to reach out. I’d be happy to collaborate. ",
        "user": "U02MYNWUY07",
        "ts": "1645713464.488339",
        "team": "TJE58GTJL",
        "user_team": "TJE58GTJL",
        "source_team": "TJE58GTJL",
        "user_profile": {
            "avatar_hash": "97d060ffa1e3",
            "image_72": "https:\/\/avatars.slack-edge.com\/2021-11-24\/2760700896917_97d060ffa1e3300aafe2_72.png",
            "first_name": "Purvi",
            "real_name": "Purvi Kalra",
            "display_name": "Purvi Kalra",
            "team": "TJE58GTJL",
            "name": "purkalra41",
            "is_restricted": false,
            "is_ultra_restricted": false
        },
        "blocks": [
            {
                "type": "rich_text",
                "block_id": "2io",
                "elements": [
                    {
                        "type": "rich_text_section",
                        "elements": [
                            {
                                "type": "text",
                                "text": "Hi "
                            },
                            {
                                "type": "user",
                                "user_id": "U01KGTNFLVA"
                            },
                            {
                                "type": "text",
                                "text": " \nI get it. In case you need help, feel free to reach out. I’d be happy to collaborate. "
                            }
                        ]
                    }
                ]
            }
        ],
        "thread_ts": "1645639905.673039",
        "parent_user_id": "USLACKBOT"
    },
    {
        "client_msg_id": "E0EA8A18-9F75-4C97-9969-B979E602DBE5",
        "type": "message",
        "text": "Hey everyone, how has your experience been with HARO? \n\nI used it recently to source quotes, examples, and input from industry experts - and it turns out every third example\/quote was lifted from other top-ranking articles (almost verbatim). \n\nWhile it's been exceedingly helpful, you have to be wary of repurposed quotes and opinions. Or maybe it was a one-time thing? Curious to know if anyone else had the same experience! ",
        "user": "U031FGHH00M",
        "ts": "1645717177.371539",
        "team": "TJE58GTJL",
        "user_team": "TJE58GTJL",
        "source_team": "TJE58GTJL",
        "user_profile": {
            "avatar_hash": "ad3f1421a1e5",
            "image_72": "https:\/\/avatars.slack-edge.com\/2022-02-03\/3052804378946_ad3f1421a1e57c7a997e_72.png",
            "first_name": "Deepti",
            "real_name": "Deepti Jain",
            "display_name": "",
            "team": "TJE58GTJL",
            "name": "deeptijain445",
            "is_restricted": false,
            "is_ultra_restricted": false
        },
        "edited": {
            "user": "U031FGHH00M",
            "ts": "1645717329.000000"
        },
        "blocks": [
            {
                "type": "rich_text",
                "block_id": "dciW",
                "elements": [
                    {
                        "type": "rich_text_section",
                        "elements": [
                            {
                                "type": "text",
                                "text": "Hey everyone, how has your experience been with HARO? \n\nI used it recently to source quotes, examples, and input from industry experts - and it turns out every third example\/quote was lifted from other top-ranking articles (almost verbatim). \n\nWhile it's been exceedingly helpful, you have to be wary of repurposed quotes and opinions. Or maybe it was a one-time thing? Curious to know if anyone else had the same experience! "
                            }
                        ]
                    }
                ]
            }
        ],
        "thread_ts": "1645717177.371539",
        "reply_count": 13,
        "reply_users_count": 11,
        "latest_reply": "1646322544.652589",
        "reply_users": [
            "UJJFDTN8G",
            "U031FGHH00M",
            "U02F1GK6U6B",
            "U02DYMPDNS0",
            "U02CUMQBP9R",
            "UJG9WTEKG",
            "U0340N4DU6P",
            "U033MEHFJ2J",
            "U02PRMEAP0V",
            "U02CNJTK7TN",
            "U030TFJS6QJ"
        ],
        "replies": [
            {
                "user": "UJJFDTN8G",
                "ts": "1645717351.771579"
            },
            {
                "user": "U031FGHH00M",
                "ts": "1645717565.388219"
            },
            {
                "user": "U02F1GK6U6B",
                "ts": "1645719058.940409"
            },
            {
                "user": "UJJFDTN8G",
                "ts": "1645719372.666709"
            },
            {
                "user": "U02F1GK6U6B",
                "ts": "1645719444.090359"
            },
            {
                "user": "U02DYMPDNS0",
                "ts": "1645724296.357569"
            },
            {
                "user": "U02CUMQBP9R",
                "ts": "1645725290.706479"
            },
            {
                "user": "UJG9WTEKG",
                "ts": "1645730257.633449"
            },
            {
                "user": "U0340N4DU6P",
                "ts": "1645809064.189829"
            },
            {
                "user": "U033MEHFJ2J",
                "ts": "1645819276.097989"
            },
            {
                "user": "U02PRMEAP0V",
                "ts": "1645959792.870269"
            },
            {
                "user": "U02CNJTK7TN",
                "ts": "1646064471.145809"
            },
            {
                "user": "U030TFJS6QJ",
                "ts": "1646322544.652589"
            }
        ],
        "is_locked": false,
        "subscribed": true,
        "last_read": "1646322544.652589"
    },
    {
        "client_msg_id": "2993e7c5-0817-4575-9ad3-a1cb4e855327",
        "type": "message",
        "text": "I get some terrible answers because people outsource their answering, or are playing the volume game.\n\nMore answers = higher chance of getting a link.\n\nI'm very specific with my requests. I always include *what I'm not looking for* and I often get exactly that.\n\nHARO is great if you're looking for answers from sources you don't already have but you are signing up to weed through tons of terrible answers.\n\nIn my experience, better quality sources come from people you know or in your secondary network.\n\nBonus thought: don't ever ask about SEO or digital marketing because you will get thousands (literally) of replies!",
        "user": "UJJFDTN8G",
        "ts": "1645717351.771579",
        "team": "TJE58GTJL",
        "user_team": "TJE58GTJL",
        "source_team": "TJE58GTJL",
        "user_profile": {
            "avatar_hash": "gd91d89ae152",
            "image_72": "https:\/\/secure.gravatar.com\/avatar\/86d91d89ae1528e747f4a586668d5d87.jpg?s=72&d=https%3A%2F%2Fa.slack-edge.com%2Fdf10d%2Fimg%2Favatars%2Fava_0013-72.png",
            "first_name": "Dominic",
            "real_name": "Dominic Kent",
            "display_name": "Dom Kent",
            "team": "TJE58GTJL",
            "name": "dominic",
            "is_restricted": false,
            "is_ultra_restricted": false
        },
        "blocks": [
            {
                "type": "rich_text",
                "block_id": "\/Szn",
                "elements": [
                    {
                        "type": "rich_text_section",
                        "elements": [
                            {
                                "type": "text",
                                "text": "I get some terrible answers because people outsource their answering, or are playing the volume game.\n\nMore answers = higher chance of getting a link.\n\nI'm very specific with my requests. I always include "
                            },
                            {
                                "type": "text",
                                "text": "what I'm not looking for ",
                                "style": {
                                    "bold": true
                                }
                            },
                            {
                                "type": "text",
                                "text": "and I often get exactly that.\n\nHARO is great if you're looking for answers from sources you don't already have but you are signing up to weed through tons of terrible answers.\n\nIn my experience, better quality sources come from people you know or in your secondary network.\n\nBonus thought: don't ever ask about SEO or digital marketing because you will get thousands (literally) of replies!"
                            }
                        ]
                    }
                ]
            }
        ],
        "thread_ts": "1645717177.371539",
        "parent_user_id": "U031FGHH00M",
        "reactions": [
            {
                "name": "raised_hands",
                "users": [
                    "U031FGHH00M",
                    "U02F1GK6U6B",
                    "U02L5GTFSGG",
                    "U032D7YLJ2W",
                    "U01FUP6AMEZ"
                ],
                "count": 5
            },
            {
                "name": "point_up_2::skin-tone-5",
                "users": [
                    "U02Q2HNNY57"
                ],
                "count": 1
            },
            {
                "name": "point_up_2",
                "users": [
                    "U01FUP6AMEZ"
                ],
                "count": 1
            }
        ]
    },
    {
        "client_msg_id": "0AEC2220-4CE5-487C-AD6E-DAC127DAC381",
        "type": "message",
        "text": "Oh yes! I got three (irrelevant at that) quotes from the same company, lol. ",
        "user": "U031FGHH00M",
        "ts": "1645717565.388219",
        "team": "TJE58GTJL",
        "user_team": "TJE58GTJL",
        "source_team": "TJE58GTJL",
        "user_profile": {
            "avatar_hash": "ad3f1421a1e5",
            "image_72": "https:\/\/avatars.slack-edge.com\/2022-02-03\/3052804378946_ad3f1421a1e57c7a997e_72.png",
            "first_name": "Deepti",
            "real_name": "Deepti Jain",
            "display_name": "",
            "team": "TJE58GTJL",
            "name": "deeptijain445",
            "is_restricted": false,
            "is_ultra_restricted": false
        },
        "blocks": [
            {
                "type": "rich_text",
                "block_id": "6voO",
                "elements": [
                    {
                        "type": "rich_text_section",
                        "elements": [
                            {
                                "type": "text",
                                "text": "Oh yes! I got three (irrelevant at that) quotes from the same company, lol. "
                            }
                        ]
                    }
                ]
            }
        ],
        "thread_ts": "1645717177.371539",
        "parent_user_id": "U031FGHH00M",
        "reactions": [
            {
                "name": "laughing",
                "users": [
                    "UJJFDTN8G"
                ],
                "count": 1
            },
            {
                "name": "joy",
                "users": [
                    "U032V06GP38"
                ],
                "count": 1
            }
        ]
    },
    {
        "client_msg_id": "7cff485f-5fcc-4d14-aea5-4c252684b1aa",
        "type": "message",
        "text": "Hi <@U019P0ADPCH>, \nWith scale, a self-service model is the most sustainable one. You’ll need content to drive this. \n\nI work at Content Beta, a video production company. We’ve helped ManyChat, Dynamic Yield and 60 other B2B Tech with their onboarding video needs. \n\nFeel free to check out examples of our work: <https:\/\/www.contentbeta.com\/video-examples\/>",
        "user": "U0331KC4D0S",
        "ts": "1645718569.033509",
        "team": "TJE58GTJL",
        "user_team": "TJE58GTJL",
        "source_team": "TJE58GTJL",
        "user_profile": {
            "avatar_hash": "087679ccffc0",
            "image_72": "https:\/\/avatars.slack-edge.com\/2022-03-14\/3229409890982_087679ccffc043c20b1c_72.jpg",
            "first_name": "Khyati",
            "real_name": "Khyati",
            "display_name": "Khyati - Content Beta",
            "team": "TJE58GTJL",
            "name": "khyati",
            "is_restricted": false,
            "is_ultra_restricted": false
        },
        "attachments": [
            {
                "from_url": "https:\/\/www.contentbeta.com\/video-examples\/",
                "image_url": "https:\/\/www.contentbeta.com\/wp-content\/uploads\/2022\/01\/Content-Beta-Video-Examples.jpg",
                "image_width": 444,
                "image_height": 250,
                "image_bytes": 116487,
                "service_icon": "https:\/\/cdn-cbilj.nitrocdn.com\/BrahZQShNyZFOKvjnIfQwvKTIWUBGRjt\/assets\/static\/optimized\/rev-566519a\/wp-content\/uploads\/2020\/05\/cropped-contentbeta_logo-1-180x180.png",
                "id": 1,
                "original_url": "https:\/\/www.contentbeta.com\/video-examples\/",
                "fallback": "Content Beta: Video Examples | Video Production Service for SaaS &amp; Software Business",
                "text": "Frictionless Product Marketing and Customer Training Video to get more demo requests and faster onboarding.",
                "title": "Video Examples | Video Production Service for SaaS &amp; Software Business",
                "title_link": "https:\/\/www.contentbeta.com\/video-examples\/",
                "service_name": "Content Beta",
                "fields": [
                    {
                        "value": "1 minute",
                        "title": "Est. reading time",
                        "short": true
                    }
                ]
            }
        ],
        "blocks": [
            {
                "type": "rich_text",
                "block_id": "YNJcP",
                "elements": [
                    {
                        "type": "rich_text_section",
                        "elements": [
                            {
                                "type": "text",
                                "text": "Hi "
                            },
                            {
                                "type": "user",
                                "user_id": "U019P0ADPCH"
                            },
                            {
                                "type": "text",
                                "text": ", \nWith scale, a self-service model is the most sustainable one. You’ll need content to drive this. \n\nI work at Content Beta, a video production company. We’ve helped ManyChat, Dynamic Yield and 60 other B2B Tech with their onboarding video needs. \n\nFeel free to check out examples of our work: "
                            },
                            {
                                "type": "link",
                                "url": "https:\/\/www.contentbeta.com\/video-examples\/"
                            }
                        ]
                    }
                ]
            }
        ],
        "thread_ts": "1644494967.544929",
        "parent_user_id": "U019P0ADPCH"
    },
    {
        "client_msg_id": "3664ae60-6e06-45b7-b40c-e117cccf62f8",
        "type": "message",
        "text": "I'd say skip Haro and just go straight to LinkedIn and reach out to people there. Stopped using Haro because even when I'm super specific about what I'm looking for, the replies are so generalized.\nExample, I used Haro because I was looking for ecommerce agencies that work with Wix sites and I asked specific questions about their experience A\/b testing on Wix. What I got were people telling me the pros and cons of building your ecommerce site on Wix.\nHad better results with asking someone to introduce me to an ecommerce agency that works with Wix on LinkedIn",
        "user": "U02F1GK6U6B",
        "ts": "1645719058.940409",
        "team": "TJE58GTJL",
        "user_team": "TJE58GTJL",
        "source_team": "TJE58GTJL",
        "user_profile": {
            "avatar_hash": "b77d6f7d6c82",
            "image_72": "https:\/\/avatars.slack-edge.com\/2022-01-22\/3004677185921_b77d6f7d6c82fd929faa_72.jpg",
            "first_name": "Nneka",
            "real_name": "Nneka Otika",
            "display_name": "Nneka Otika",
            "team": "TJE58GTJL",
            "name": "nnekaotika",
            "is_restricted": false,
            "is_ultra_restricted": false
        },
        "edited": {
            "user": "U02F1GK6U6B",
            "ts": "1645719087.000000"
        },
        "blocks": [
            {
                "type": "rich_text",
                "block_id": "O4Lf",
                "elements": [
                    {
                        "type": "rich_text_section",
                        "elements": [
                            {
                                "type": "text",
                                "text": "I'd say skip Haro and just go straight to LinkedIn and reach out to people there. Stopped using Haro because even when I'm super specific about what I'm looking for, the replies are so generalized.\nExample, I used Haro because I was looking for ecommerce agencies that work with Wix sites and I asked specific questions about their experience A\/b testing on Wix. What I got were people telling me the pros and cons of building your ecommerce site on Wix.\nHad better results with asking someone to introduce me to an ecommerce agency that works with Wix on LinkedIn"
                            }
                        ]
                    }
                ]
            }
        ],
        "thread_ts": "1645717177.371539",
        "parent_user_id": "U031FGHH00M",
        "reactions": [
            {
                "name": "heavy_plus_sign",
                "users": [
                    "UJJFDTN8G",
                    "U031FGHH00M",
                    "U032D7YLJ2W"
                ],
                "count": 3
            }
        ]
    },
    {
        "client_msg_id": "0C8EE24C-1D89-49F4-9408-CDDBB90A1D93",
        "type": "message",
        "text": "Twitter is great too as there are companies helping amplify your request. Try tagging #journorequest and you'll get free help!",
        "user": "UJJFDTN8G",
        "ts": "1645719372.666709",
        "team": "TJE58GTJL",
        "user_team": "TJE58GTJL",
        "source_team": "TJE58GTJL",
        "user_profile": {
            "avatar_hash": "gd91d89ae152",
            "image_72": "https:\/\/secure.gravatar.com\/avatar\/86d91d89ae1528e747f4a586668d5d87.jpg?s=72&d=https%3A%2F%2Fa.slack-edge.com%2Fdf10d%2Fimg%2Favatars%2Fava_0013-72.png",
            "first_name": "Dominic",
            "real_name": "Dominic Kent",
            "display_name": "Dom Kent",
            "team": "TJE58GTJL",
            "name": "dominic",
            "is_restricted": false,
            "is_ultra_restricted": false
        },
        "blocks": [
            {
                "type": "rich_text",
                "block_id": "Db6v",
                "elements": [
                    {
                        "type": "rich_text_section",
                        "elements": [
                            {
                                "type": "text",
                                "text": "Twitter is great too as there are companies helping amplify your request. Try tagging #journorequest and you'll get free help!"
                            }
                        ]
                    }
                ]
            }
        ],
        "thread_ts": "1645717177.371539",
        "parent_user_id": "U031FGHH00M",
        "reactions": [
            {
                "name": "raised_hands",
                "users": [
                    "U031FGHH00M",
                    "U034480S17A",
                    "U032D7YLJ2W"
                ],
                "count": 3
            },
            {
                "name": "+1",
                "users": [
                    "U02F1GK6U6B",
                    "U032V06GP38",
                    "U034480S17A",
                    "U03164P7EP3",
                    "U02KFSN2QDR"
                ],
                "count": 5
            }
        ]
    },
    {
        "client_msg_id": "0fa1fe2f-d5ae-4572-b443-1a19f8d6731b",
        "type": "message",
        "text": "Thank you, <@UJJFDTN8G>. I'll try this next time I need quotes.",
        "user": "U02F1GK6U6B",
        "ts": "1645719444.090359",
        "team": "TJE58GTJL",
        "user_team": "TJE58GTJL",
        "source_team": "TJE58GTJL",
        "user_profile": {
            "avatar_hash": "b77d6f7d6c82",
            "image_72": "https:\/\/avatars.slack-edge.com\/2022-01-22\/3004677185921_b77d6f7d6c82fd929faa_72.jpg",
            "first_name": "Nneka",
            "real_name": "Nneka Otika",
            "display_name": "Nneka Otika",
            "team": "TJE58GTJL",
            "name": "nnekaotika",
            "is_restricted": false,
            "is_ultra_restricted": false
        },
        "blocks": [
            {
                "type": "rich_text",
                "block_id": "0DK",
                "elements": [
                    {
                        "type": "rich_text_section",
                        "elements": [
                            {
                                "type": "text",
                                "text": "Thank you, "
                            },
                            {
                                "type": "user",
                                "user_id": "UJJFDTN8G"
                            },
                            {
                                "type": "text",
                                "text": ". I'll try this next time I need quotes."
                            }
                        ]
                    }
                ]
            }
        ],
        "thread_ts": "1645717177.371539",
        "parent_user_id": "U031FGHH00M",
        "reactions": [
            {
                "name": "+1",
                "users": [
                    "UJJFDTN8G"
                ],
                "count": 1
            }
        ]
    },
    {
        "client_msg_id": "4555B9CA-8A35-410C-87DE-AF76FE9C843A",
        "type": "message",
        "text": "I recently used HARO for an opinionated piece that rarely had any info online and got some stellar answers. I've also used it for generic requests, where I wasn't very specific on what I was looking for, that was definitely a mistake and filled my inbox with irrelevant answers.\n\nBut I’ve found that when you frame it in a way that asks for their opinion, better if it's situation-based, you get better responses. \n\nBut I definitely recommend personally reaching out to experts on LinkedIn and Twitter, I've started building lists of experts in my niches so I generally reach out to them directly.",
        "user": "U02DYMPDNS0",
        "ts": "1645724296.357569",
        "team": "TJE58GTJL",
        "user_team": "TJE58GTJL",
        "source_team": "TJE58GTJL",
        "user_profile": {
            "avatar_hash": "a9966a823181",
            "image_72": "https:\/\/avatars.slack-edge.com\/2021-09-08\/2493084355616_a9966a8231812bc7dc38_72.jpg",
            "first_name": "Komal",
            "real_name": "Komal Ahuja",
            "display_name": "Komal Ahuja",
            "team": "TJE58GTJL",
            "name": "komal.ahuja7372",
            "is_restricted": false,
            "is_ultra_restricted": false
        },
        "blocks": [
            {
                "type": "rich_text",
                "block_id": "ggP",
                "elements": [
                    {
                        "type": "rich_text_section",
                        "elements": [
                            {
                                "type": "text",
                                "text": "I recently used HARO for an opinionated piece that rarely had any info online and got some stellar answers. I've also used it for generic requests, where I wasn't very specific on what I was looking for, that was definitely a mistake and filled my inbox with irrelevant answers.\n\nBut I’ve found that when you frame it in a way that asks for their opinion, better if it's situation-based, you get better responses. \n\nBut I definitely recommend personally reaching out to experts on LinkedIn and Twitter, I've started building lists of experts in my niches so I generally reach out to them directly."
                            }
                        ]
                    }
                ]
            }
        ],
        "thread_ts": "1645717177.371539",
        "parent_user_id": "U031FGHH00M",
        "reactions": [
            {
                "name": "+1",
                "users": [
                    "U032V06GP38"
                ],
                "count": 1
            },
            {
                "name": "raised_hands",
                "users": [
                    "U031FGHH00M"
                ],
                "count": 1
            }
        ]
    },
    {
        "client_msg_id": "d203d703-6740-4d55-94d0-958f8da86df4",
        "type": "message",
        "text": "Try helpaB2Bwriter website - it's been great for me",
        "user": "U02CUMQBP9R",
        "ts": "1645725290.706479",
        "team": "TJE58GTJL",
        "user_team": "TJE58GTJL",
        "source_team": "TJE58GTJL",
        "user_profile": {
            "avatar_hash": "37d9a8538dda",
            "image_72": "https:\/\/avatars.slack-edge.com\/2021-08-30\/2422037442023_37d9a8538dda6c598cc7_72.jpg",
            "first_name": "Harshala",
            "real_name": "Harshala Chavan",
            "display_name": "Harshala Chavan",
            "team": "TJE58GTJL",
            "name": "harshalachavan7",
            "is_restricted": false,
            "is_ultra_restricted": false
        },
        "blocks": [
            {
                "type": "rich_text",
                "block_id": "Sj6yO",
                "elements": [
                    {
                        "type": "rich_text_section",
                        "elements": [
                            {
                                "type": "text",
                                "text": "Try helpaB2Bwriter website - it's been great for me"
                            }
                        ]
                    }
                ]
            }
        ],
        "thread_ts": "1645717177.371539",
        "parent_user_id": "U031FGHH00M",
        "reactions": [
            {
                "name": "+1",
                "users": [
                    "U032V06GP38",
                    "U02L5GTFSGG",
                    "U034480S17A",
                    "U01FUP6AMEZ"
                ],
                "count": 4
            },
            {
                "name": "raised_hands",
                "users": [
                    "U031FGHH00M"
                ],
                "count": 1
            }
        ]
    },
    {
        "client_msg_id": "d26b7554-a529-4cd4-9bad-6fcd7bb11574",
        "type": "message",
        "text": "<@U033MEHFJ2J> is working on a better version of HARO",
        "user": "UJG9WTEKG",
        "ts": "1645730257.633449",
        "team": "TJE58GTJL",
        "user_team": "TJE58GTJL",
        "source_team": "TJE58GTJL",
        "user_profile": {
            "avatar_hash": "gc25b94e6ebf",
            "image_72": "https:\/\/secure.gravatar.com\/avatar\/eec25b94e6ebf55f0b7933372344cd09.jpg?s=72&d=https%3A%2F%2Fa.slack-edge.com%2Fdf10d%2Fimg%2Favatars%2Fava_0001-72.png",
            "first_name": "Jimmy",
            "real_name": "Jimmy Daly",
            "display_name": "",
            "team": "TJE58GTJL",
            "name": "runjimdaly",
            "is_restricted": false,
            "is_ultra_restricted": false
        },
        "blocks": [
            {
                "type": "rich_text",
                "block_id": "Y1vcj",
                "elements": [
                    {
                        "type": "rich_text_section",
                        "elements": [
                            {
                                "type": "user",
                                "user_id": "U033MEHFJ2J"
                            },
                            {
                                "type": "text",
                                "text": " is working on a better version of HARO"
                            }
                        ]
                    }
                ]
            }
        ],
        "thread_ts": "1645717177.371539",
        "parent_user_id": "U031FGHH00M",
        "reactions": [
            {
                "name": "raised_hands",
                "users": [
                    "U02L5GTFSGG",
                    "U031FGHH00M",
                    "U033MEHFJ2J",
                    "U02F1GK6U6B",
                    "U02PRMEAP0V",
                    "U032D7YLJ2W"
                ],
                "count": 6
            },
            {
                "name": "eyes",
                "users": [
                    "U0166H7KUAZ",
                    "U02NGRLBMV5",
                    "U02Q2HNNY57",
                    "U01FUP6AMEZ"
                ],
                "count": 4
            }
        ]
    },
    {
        "client_msg_id": "295466d4-4b34-40e4-9dd9-fbd4efdeba57",
        "type": "message",
        "text": "calling out this role from <http:\/\/Tokenist.com|Tokenist.com> → <https:\/\/jobs.superpath.co\/job\/240479-content-marketing-lead-tokenist> it's a contract role but 40 hours\/week and globally remote. you'd technically be freelance, but you'd run a team. highlighting in case this is a good middle ground for some freelance folks!",
        "user": "UJG9WTEKG",
        "ts": "1645759564.555419",
        "team": "TJE58GTJL",
        "user_team": "TJE58GTJL",
        "source_team": "TJE58GTJL",
        "user_profile": {
            "avatar_hash": "gc25b94e6ebf",
            "image_72": "https:\/\/secure.gravatar.com\/avatar\/eec25b94e6ebf55f0b7933372344cd09.jpg?s=72&d=https%3A%2F%2Fa.slack-edge.com%2Fdf10d%2Fimg%2Favatars%2Fava_0001-72.png",
            "first_name": "Jimmy",
            "real_name": "Jimmy Daly",
            "display_name": "",
            "team": "TJE58GTJL",
            "name": "runjimdaly",
            "is_restricted": false,
            "is_ultra_restricted": false
        },
        "blocks": [
            {
                "type": "rich_text",
                "block_id": "xDLh",
                "elements": [
                    {
                        "type": "rich_text_section",
                        "elements": [
                            {
                                "type": "text",
                                "text": "calling out this role from "
                            },
                            {
                                "type": "link",
                                "url": "http:\/\/Tokenist.com",
                                "text": "Tokenist.com"
                            },
                            {
                                "type": "text",
                                "text": " → "
                            },
                            {
                                "type": "link",
                                "url": "https:\/\/jobs.superpath.co\/job\/240479-content-marketing-lead-tokenist"
                            },
                            {
                                "type": "text",
                                "text": " it's a contract role but 40 hours\/week and globally remote. you'd technically be freelance, but you'd run a team. highlighting in case this is a good middle ground for some freelance folks!"
                            }
                        ]
                    }
                ]
            }
        ]
    },
    {
        "client_msg_id": "532A292C-3BA6-4299-B582-6AB58A22CCE9",
        "type": "message",
        "text": "Technical writer here- but mostly UI docs and development docs. I don't know if I can be of help?",
        "user": "U02PUQ6CQRX",
        "ts": "1645768877.833439",
        "team": "TJE58GTJL",
        "user_team": "TJE58GTJL",
        "source_team": "TJE58GTJL",
        "user_profile": {
            "avatar_hash": "g6ad1273c8c4",
            "image_72": "https:\/\/secure.gravatar.com\/avatar\/6ad1273c8c4437be1c8fe8c6db97dcc2.jpg?s=72&d=https%3A%2F%2Fa.slack-edge.com%2Fdf10d%2Fimg%2Favatars%2Fava_0017-72.png",
            "first_name": "Serah",
            "real_name": "Serah Nderi",
            "display_name": "Sarah Nderi",
            "team": "TJE58GTJL",
            "name": "sarah177",
            "is_restricted": false,
            "is_ultra_restricted": false
        },
        "blocks": [
            {
                "type": "rich_text",
                "block_id": "Ymq",
                "elements": [
                    {
                        "type": "rich_text_section",
                        "elements": [
                            {
                                "type": "text",
                                "text": "Technical writer here- but mostly UI docs and development docs. I don't know if I can be of help?"
                            }
                        ]
                    }
                ]
            }
        ],
        "thread_ts": "1645598859.940419",
        "parent_user_id": "U02CUMQBP9R"
    },
    {
        "client_msg_id": "546f3428-c79f-41b3-8c64-2c2588eda69a",
        "type": "message",
        "text": "Are you aware of the software testing domain? Then yes.",
        "user": "U02CUMQBP9R",
        "ts": "1645771099.523019",
        "team": "TJE58GTJL",
        "user_team": "TJE58GTJL",
        "source_team": "TJE58GTJL",
        "user_profile": {
            "avatar_hash": "37d9a8538dda",
            "image_72": "https:\/\/avatars.slack-edge.com\/2021-08-30\/2422037442023_37d9a8538dda6c598cc7_72.jpg",
            "first_name": "Harshala",
            "real_name": "Harshala Chavan",
            "display_name": "Harshala Chavan",
            "team": "TJE58GTJL",
            "name": "harshalachavan7",
            "is_restricted": false,
            "is_ultra_restricted": false
        },
        "blocks": [
            {
                "type": "rich_text",
                "block_id": "43q",
                "elements": [
                    {
                        "type": "rich_text_section",
                        "elements": [
                            {
                                "type": "text",
                                "text": "Are you aware of the software testing domain? Then yes."
                            }
                        ]
                    }
                ]
            }
        ],
        "thread_ts": "1645598859.940419",
        "parent_user_id": "U02CUMQBP9R"
    },
    {
        "client_msg_id": "0b569ebd-47e4-4da4-8837-831d34b0f67c",
        "type": "message",
        "text": "Okay, shooting you a message!",
        "user": "U02PUQ6CQRX",
        "ts": "1645771672.999969",
        "team": "TJE58GTJL",
        "user_team": "TJE58GTJL",
        "source_team": "TJE58GTJL",
        "user_profile": {
            "avatar_hash": "g6ad1273c8c4",
            "image_72": "https:\/\/secure.gravatar.com\/avatar\/6ad1273c8c4437be1c8fe8c6db97dcc2.jpg?s=72&d=https%3A%2F%2Fa.slack-edge.com%2Fdf10d%2Fimg%2Favatars%2Fava_0017-72.png",
            "first_name": "Serah",
            "real_name": "Serah Nderi",
            "display_name": "Sarah Nderi",
            "team": "TJE58GTJL",
            "name": "sarah177",
            "is_restricted": false,
            "is_ultra_restricted": false
        },
        "blocks": [
            {
                "type": "rich_text",
                "block_id": "LyHi",
                "elements": [
                    {
                        "type": "rich_text_section",
                        "elements": [
                            {
                                "type": "text",
                                "text": "Okay, shooting you a message!"
                            }
                        ]
                    }
                ]
            }
        ],
        "thread_ts": "1645598859.940419",
        "parent_user_id": "U02CUMQBP9R"
    }
]