[
    {
        "client_msg_id": "9dc84ead-a588-4d53-a4bf-fb2b5056c251",
        "type": "message",
        "text": "Thank you for sharing your idea <@U03330MFEN4>, I see I'm not the only one.",
        "user": "U0340N4DU6P",
        "ts": "1646486213.661279",
        "team": "TJE58GTJL",
        "user_team": "TJE58GTJL",
        "source_team": "TJE58GTJL",
        "user_profile": {
            "avatar_hash": "3d031c760a94",
            "image_72": "https:\/\/avatars.slack-edge.com\/2022-02-21\/3137164430674_3d031c760a941598cf80_72.jpg",
            "first_name": "Harrison",
            "real_name": "Harrison Mbuvi",
            "display_name": "Harrison Mbuvi",
            "team": "TJE58GTJL",
            "name": "harrison303",
            "is_restricted": false,
            "is_ultra_restricted": false
        },
        "blocks": [
            {
                "type": "rich_text",
                "block_id": "PsJ",
                "elements": [
                    {
                        "type": "rich_text_section",
                        "elements": [
                            {
                                "type": "text",
                                "text": "Thank you for sharing your idea "
                            },
                            {
                                "type": "user",
                                "user_id": "U03330MFEN4"
                            },
                            {
                                "type": "text",
                                "text": ", I see I'm not the only one."
                            }
                        ]
                    }
                ]
            }
        ],
        "thread_ts": "1646312462.212229",
        "parent_user_id": "U0340N4DU6P",
        "reactions": [
            {
                "name": "tada",
                "users": [
                    "U03330MFEN4"
                ],
                "count": 1
            },
            {
                "name": "heart",
                "users": [
                    "U03330MFEN4"
                ],
                "count": 1
            }
        ]
    },
    {
        "client_msg_id": "697fa03c-7c4c-4a02-b73c-0f1f43458af8",
        "type": "message",
        "text": "Hi all :wave:\nI want everyone in this community to benefit from our latest service. While working remotely or freelance base, it's hard to keep a job for a long-term contract. Here you can set your own rates and available working hours for long-term commitments. You can work for multiple companies like 70 hours\/monthly for one of them and 50 hours\/monthly for the other. And keep the remaining time for yourself :slightly_smiling_face:\nHope it works for you.\n<http:\/\/www.splitzing.com\/?utm_source=slack&amp;utm_medium=superpath&amp;utm_campaign=all_freelance|http:\/\/www.splitzing.com\/>",
        "user": "U034L35GKQA",
        "ts": "1646490279.939089",
        "team": "TJE58GTJL",
        "user_team": "TJE58GTJL",
        "source_team": "TJE58GTJL",
        "user_profile": {
            "avatar_hash": "8e569c960dcc",
            "image_72": "https:\/\/avatars.slack-edge.com\/2022-02-28\/3191879081520_8e569c960dcc2be857a9_72.png",
            "first_name": "Dilay",
            "real_name": "Dilay Coban Oruc",
            "display_name": "Dilay Coban Oruc",
            "team": "TJE58GTJL",
            "name": "dilay",
            "is_restricted": false,
            "is_ultra_restricted": false
        },
        "blocks": [
            {
                "type": "rich_text",
                "block_id": "1Wad",
                "elements": [
                    {
                        "type": "rich_text_section",
                        "elements": [
                            {
                                "type": "text",
                                "text": "Hi all "
                            },
                            {
                                "type": "emoji",
                                "name": "wave"
                            },
                            {
                                "type": "text",
                                "text": "\nI want everyone in this community to benefit from our latest service. While working remotely or freelance base, it's hard to keep a job for a long-term contract. Here you can set your own rates and available working hours for long-term commitments. You can work for multiple companies like 70 hours\/monthly for one of them and 50 hours\/monthly for the other. And keep the remaining time for yourself "
                            },
                            {
                                "type": "emoji",
                                "name": "slightly_smiling_face"
                            },
                            {
                                "type": "text",
                                "text": "\nHope it works for you.\n"
                            },
                            {
                                "type": "link",
                                "url": "http:\/\/www.splitzing.com\/?utm_source=slack&utm_medium=superpath&utm_campaign=all_freelance",
                                "text": "http:\/\/www.splitzing.com\/"
                            }
                        ]
                    }
                ]
            }
        ]
    }
]