[
    {
        "client_msg_id": "9D21E95D-5478-4310-B5EA-7BBC84248778",
        "type": "message",
        "text": "Hello <@U030W3GU649>! I’m an educational writer and researcher, so I would love to help you with this. I sent you a message!",
        "user": "U02S478FWF2",
        "ts": "1643801463.455159",
        "team": "TJE58GTJL",
        "user_team": "TJE58GTJL",
        "source_team": "TJE58GTJL",
        "user_profile": {
            "avatar_hash": "287d4b9ed1f9",
            "image_72": "https:\/\/avatars.slack-edge.com\/2021-12-20\/2888299387728_287d4b9ed1f9cafd4926_72.png",
            "first_name": "Antonella",
            "real_name": "Antonella Fleitas",
            "display_name": "Antonella Fleitas",
            "team": "TJE58GTJL",
            "name": "writing",
            "is_restricted": false,
            "is_ultra_restricted": false
        },
        "blocks": [
            {
                "type": "rich_text",
                "block_id": "wLNSS",
                "elements": [
                    {
                        "type": "rich_text_section",
                        "elements": [
                            {
                                "type": "text",
                                "text": "Hello "
                            },
                            {
                                "type": "user",
                                "user_id": "U030W3GU649"
                            },
                            {
                                "type": "text",
                                "text": "! I’m an educational writer and researcher, so I would love to help you with this. I sent you a message!"
                            }
                        ]
                    }
                ]
            }
        ],
        "thread_ts": "1643747218.760979",
        "parent_user_id": "U030W3GU649"
    },
    {
        "client_msg_id": "156547d5-b39e-471f-b0b1-0f072a14ddc3",
        "type": "message",
        "text": "Hey <@U030W3GU649>! Shooting you a DM :slightly_smiling_face:",
        "user": "U024A8928AW",
        "ts": "1643806319.909069",
        "team": "TJE58GTJL",
        "user_team": "TJE58GTJL",
        "source_team": "TJE58GTJL",
        "user_profile": {
            "avatar_hash": "gfce53b938f8",
            "image_72": "https:\/\/secure.gravatar.com\/avatar\/fce53b938f89c81afc27098fb567bc9d.jpg?s=72&d=https%3A%2F%2Fa.slack-edge.com%2Fdf10d%2Fimg%2Favatars%2Fava_0014-72.png",
            "first_name": "Kenza",
            "real_name": "Kenza Moller",
            "display_name": "Kenza Moller",
            "team": "TJE58GTJL",
            "name": "kenzamoller",
            "is_restricted": false,
            "is_ultra_restricted": false
        },
        "blocks": [
            {
                "type": "rich_text",
                "block_id": "p1zOh",
                "elements": [
                    {
                        "type": "rich_text_section",
                        "elements": [
                            {
                                "type": "text",
                                "text": "Hey "
                            },
                            {
                                "type": "user",
                                "user_id": "U030W3GU649"
                            },
                            {
                                "type": "text",
                                "text": "! Shooting you a DM "
                            },
                            {
                                "type": "emoji",
                                "name": "slightly_smiling_face"
                            }
                        ]
                    }
                ]
            }
        ],
        "thread_ts": "1643747218.760979",
        "parent_user_id": "U030W3GU649",
        "reactions": [
            {
                "name": "wave",
                "users": [
                    "U030W3GU649"
                ],
                "count": 1
            }
        ]
    },
    {
        "type": "message",
        "subtype": "thread_broadcast",
        "text": "Hi everyone, so sorry for the delay in responding here. We want to start our content writing project next week and I’m very keen to speak with writers that have experience writing thought leadership content for HR or Tech. Some of you reached out to me with SEO content, which is helpful, but not the aim of the project. SEO will be a separate project that we will start next month. If anyone here is interested, please DM me with specific writing examples and what your role was in writing projects. Also please tell me where you are based so I can have idea about time-zones compatibility. (We are based in the UK). Many thanks!",
        "user": "U02HQGXGN31",
        "ts": "1643816772.040339",
        "thread_ts": "1637853774.268700",
        "root": {
            "client_msg_id": "1cc681b0-cde2-487d-8ddc-72279a57c4a1",
            "type": "message",
            "text": "Hello everyone! Are there any freelance writers here that feel passionate or just simply have experience writing about recruiting, candidate experience, interviewing, feedback etc. The target audience are (in-house) recruiters, talent folks and head of people.",
            "user": "U02HQGXGN31",
            "ts": "1637853774.268700",
            "team": "TJE58GTJL",
            "blocks": [
                {
                    "type": "rich_text",
                    "block_id": "wgpXd",
                    "elements": [
                        {
                            "type": "rich_text_section",
                            "elements": [
                                {
                                    "type": "text",
                                    "text": "Hello everyone! Are there any freelance writers here that feel passionate or just simply have experience writing about recruiting, candidate experience, interviewing, feedback etc. The target audience are (in-house) recruiters, talent folks and head of people."
                                }
                            ]
                        }
                    ]
                }
            ],
            "thread_ts": "1637853774.268700",
            "reply_count": 9,
            "reply_users_count": 8,
            "latest_reply": "1643962165.395399",
            "reply_users": [
                "U0231C2LYNM",
                "U02L6AMG3GV",
                "U02M83NQ10U",
                "U020HS8D4TX",
                "U02NNBNAQTH",
                "USLACKBOT",
                "U02HQGXGN31",
                "U02Q8U5T7TP"
            ],
            "replies": [
                {
                    "user": "U0231C2LYNM",
                    "ts": "1637869067.269100"
                },
                {
                    "user": "U02L6AMG3GV",
                    "ts": "1637891348.273000"
                },
                {
                    "user": "U02M83NQ10U",
                    "ts": "1637906892.273200"
                },
                {
                    "user": "U020HS8D4TX",
                    "ts": "1638188655.290700"
                },
                {
                    "user": "U02NNBNAQTH",
                    "ts": "1638339731.314300"
                },
                {
                    "user": "USLACKBOT",
                    "ts": "1638339732.314500"
                },
                {
                    "user": "U02HQGXGN31",
                    "ts": "1638349339.315800"
                },
                {
                    "user": "U02HQGXGN31",
                    "ts": "1643816772.040339"
                },
                {
                    "user": "U02Q8U5T7TP",
                    "ts": "1643962165.395399"
                }
            ],
            "is_locked": false,
            "subscribed": false
        },
        "blocks": [
            {
                "type": "rich_text",
                "block_id": "=g11",
                "elements": [
                    {
                        "type": "rich_text_section",
                        "elements": [
                            {
                                "type": "text",
                                "text": "Hi everyone, so sorry for the delay in responding here. We want to start our content writing project next week and I’m very keen to speak with writers that have experience writing thought leadership content for HR or Tech. Some of you reached out to me with SEO content, which is helpful, but not the aim of the project. SEO will be a separate project that we will start next month. If anyone here is interested, please DM me with specific writing examples and what your role was in writing projects. Also please tell me where you are based so I can have idea about time-zones compatibility. (We are based in the UK). Many thanks!"
                            }
                        ]
                    }
                ]
            }
        ],
        "client_msg_id": "b6703761-8674-490b-b97a-241574dcbc27"
    },
    {
        "client_msg_id": "fc4df595-64f4-4b3f-944b-c7636e8ce870",
        "type": "message",
        "text": "Hey Superpath peeps :wave:, question for my content creators who scale via freelance contributors: Is there a tool you use for receiving and paying invoices? We use email + AP right now and it's inevitable that my AP team \"misses\" paying invoice (a whole other set of issues there). I'm a strong believer in \"if you identify the problem, suggest a solution.\" Can anyone chime in with a cool tool that makes this easier?",
        "user": "U01QV2VLNMQ",
        "ts": "1643826562.039499",
        "team": "TJE58GTJL",
        "user_team": "TJE58GTJL",
        "source_team": "TJE58GTJL",
        "user_profile": {
            "avatar_hash": "976f82b97727",
            "image_72": "https:\/\/avatars.slack-edge.com\/2021-03-11\/1871926361296_976f82b9772778d8200d_72.jpg",
            "first_name": "Josh",
            "real_name": "Josh Palmer",
            "display_name": "Josh Palmer",
            "team": "TJE58GTJL",
            "name": "joshuaepalmer",
            "is_restricted": false,
            "is_ultra_restricted": false
        },
        "edited": {
            "user": "U01QV2VLNMQ",
            "ts": "1643826639.000000"
        },
        "blocks": [
            {
                "type": "rich_text",
                "block_id": "gPQU",
                "elements": [
                    {
                        "type": "rich_text_section",
                        "elements": [
                            {
                                "type": "text",
                                "text": "Hey Superpath peeps "
                            },
                            {
                                "type": "emoji",
                                "name": "wave"
                            },
                            {
                                "type": "text",
                                "text": ", question for my content creators who scale via freelance contributors: Is there a tool you use for receiving and paying invoices? We use email + AP right now and it's inevitable that my AP team \"misses\" paying invoice (a whole other set of issues there). I'm a strong believer in \"if you identify the problem, suggest a solution.\" Can anyone chime in with a cool tool that makes this easier?"
                            }
                        ]
                    }
                ]
            }
        ],
        "thread_ts": "1643826562.039499",
        "reply_count": 5,
        "reply_users_count": 5,
        "latest_reply": "1643844288.859859",
        "reply_users": [
            "U01GWU4JWE4",
            "U02F1GK6U6B",
            "U02B60S6FBM",
            "U01QV2VLNMQ",
            "U0211K6LSM9"
        ],
        "replies": [
            {
                "user": "U01GWU4JWE4",
                "ts": "1643826759.236449"
            },
            {
                "user": "U02F1GK6U6B",
                "ts": "1643828429.333469"
            },
            {
                "user": "U02B60S6FBM",
                "ts": "1643829242.647879"
            },
            {
                "user": "U01QV2VLNMQ",
                "ts": "1643829265.814539"
            },
            {
                "user": "U0211K6LSM9",
                "ts": "1643844288.859859"
            }
        ],
        "is_locked": false,
        "subscribed": false
    },
    {
        "client_msg_id": "0ccb8eee-4671-4349-b95f-d0e314518b27",
        "type": "message",
        "text": "<http:\/\/www.tipalti.com|www.tipalti.com>\n\nI work with tons of SaaS companies that use this.\n\nYou can check <http:\/\/letsdeel.com|letsdeel.com> as well.",
        "user": "U01GWU4JWE4",
        "ts": "1643826759.236449",
        "team": "TJE58GTJL",
        "user_team": "TJE58GTJL",
        "source_team": "TJE58GTJL",
        "user_profile": {
            "avatar_hash": "7be117499ef4",
            "image_72": "https:\/\/avatars.slack-edge.com\/2021-01-03\/1615103505012_7be117499ef4a8ee7673_72.jpg",
            "first_name": "Ernest",
            "real_name": "Ernest Bio Bogore",
            "display_name": "Ernest Bio Bogore",
            "team": "TJE58GTJL",
            "name": "bioernest80",
            "is_restricted": false,
            "is_ultra_restricted": false
        },
        "blocks": [
            {
                "type": "rich_text",
                "block_id": "ooAet",
                "elements": [
                    {
                        "type": "rich_text_section",
                        "elements": [
                            {
                                "type": "link",
                                "url": "http:\/\/www.tipalti.com",
                                "text": "www.tipalti.com"
                            },
                            {
                                "type": "text",
                                "text": "\n\nI work with tons of SaaS companies that use this.\n\nYou can check "
                            },
                            {
                                "type": "link",
                                "url": "http:\/\/letsdeel.com",
                                "text": "letsdeel.com"
                            },
                            {
                                "type": "text",
                                "text": " as well."
                            }
                        ]
                    }
                ]
            }
        ],
        "thread_ts": "1643826562.039499",
        "parent_user_id": "U01QV2VLNMQ"
    },
    {
        "client_msg_id": "73fce019-137e-4266-a239-2eda94672ad9",
        "type": "message",
        "text": "You can also use Payoneer. Freelancers who use Payoneer can send you invoice directly on the platform.",
        "user": "U02F1GK6U6B",
        "ts": "1643828429.333469",
        "team": "TJE58GTJL",
        "user_team": "TJE58GTJL",
        "source_team": "TJE58GTJL",
        "user_profile": {
            "avatar_hash": "b77d6f7d6c82",
            "image_72": "https:\/\/avatars.slack-edge.com\/2022-01-22\/3004677185921_b77d6f7d6c82fd929faa_72.jpg",
            "first_name": "Nneka",
            "real_name": "Nneka Otika",
            "display_name": "Nneka Otika",
            "team": "TJE58GTJL",
            "name": "nnekaotika",
            "is_restricted": false,
            "is_ultra_restricted": false
        },
        "blocks": [
            {
                "type": "rich_text",
                "block_id": "Bli",
                "elements": [
                    {
                        "type": "rich_text_section",
                        "elements": [
                            {
                                "type": "text",
                                "text": "You can also use Payoneer. Freelancers who use Payoneer can send you invoice directly on the platform."
                            }
                        ]
                    }
                ]
            }
        ],
        "thread_ts": "1643826562.039499",
        "parent_user_id": "U01QV2VLNMQ"
    },
    {
        "client_msg_id": "66c48a45-3416-480c-9b6b-04095d692c63",
        "type": "message",
        "text": "Hey everyone! One of Shopify’s partners, <https:\/\/prismfly.com\/|Prismfly>, is looking for a copywriter that can help them with web copy and blogs on topics like conversion rate optimization and OS 2.0. Anyone here written about those before that might be interested? If so, I can send your website\/contact info directly to them :slightly_smiling_face: **Must be based on North America",
        "user": "U028JED91QQ",
        "ts": "1643829070.140679",
        "team": "TJE58GTJL",
        "user_team": "TJE58GTJL",
        "source_team": "TJE58GTJL",
        "user_profile": {
            "avatar_hash": "de504d3949f1",
            "image_72": "https:\/\/avatars.slack-edge.com\/2021-07-13\/2276370616996_de504d3949f18de9cbe6_72.png",
            "first_name": "Taylor",
            "real_name": "Taylor Graham",
            "display_name": "Taylor Graham",
            "team": "TJE58GTJL",
            "name": "taylor.graham",
            "is_restricted": false,
            "is_ultra_restricted": false
        },
        "edited": {
            "user": "U028JED91QQ",
            "ts": "1643831418.000000"
        },
        "blocks": [
            {
                "type": "rich_text",
                "block_id": "CFuW",
                "elements": [
                    {
                        "type": "rich_text_section",
                        "elements": [
                            {
                                "type": "text",
                                "text": "Hey everyone! One of Shopify’s partners, "
                            },
                            {
                                "type": "link",
                                "url": "https:\/\/prismfly.com\/",
                                "text": "Prismfly"
                            },
                            {
                                "type": "text",
                                "text": ", is looking for a copywriter that can help them with web copy and blogs on topics like conversion rate optimization and OS 2.0. Anyone here written about those before that might be interested? If so, I can send your website\/contact info directly to them "
                            },
                            {
                                "type": "emoji",
                                "name": "slightly_smiling_face"
                            },
                            {
                                "type": "text",
                                "text": " **Must be based on North America"
                            }
                        ]
                    }
                ]
            }
        ],
        "thread_ts": "1643829070.140679",
        "reply_count": 1,
        "reply_users_count": 1,
        "latest_reply": "1643831631.437299",
        "reply_users": [
            "U02HWBZS9QC"
        ],
        "replies": [
            {
                "user": "U02HWBZS9QC",
                "ts": "1643831631.437299"
            }
        ],
        "is_locked": false,
        "subscribed": false
    },
    {
        "client_msg_id": "f52754d4-9262-4a22-9ab0-83691a3c8f36",
        "type": "message",
        "text": "I use <http:\/\/letsdeel.com|letsdeel.com>",
        "user": "U02B60S6FBM",
        "ts": "1643829242.647879",
        "team": "TJE58GTJL",
        "user_team": "TJE58GTJL",
        "source_team": "TJE58GTJL",
        "user_profile": {
            "avatar_hash": "2f1e23ef404a",
            "image_72": "https:\/\/avatars.slack-edge.com\/2021-08-13\/2376884926485_2f1e23ef404a0d536b39_72.jpg",
            "first_name": "Wuraola",
            "real_name": "Wuraola",
            "display_name": "Wuraola",
            "team": "TJE58GTJL",
            "name": "omobolanleshanu",
            "is_restricted": false,
            "is_ultra_restricted": false
        },
        "blocks": [
            {
                "type": "rich_text",
                "block_id": "nx\/",
                "elements": [
                    {
                        "type": "rich_text_section",
                        "elements": [
                            {
                                "type": "text",
                                "text": "I use "
                            },
                            {
                                "type": "link",
                                "url": "http:\/\/letsdeel.com",
                                "text": "letsdeel.com"
                            }
                        ]
                    }
                ]
            }
        ],
        "thread_ts": "1643826562.039499",
        "parent_user_id": "U01QV2VLNMQ"
    },
    {
        "client_msg_id": "bb41ce60-f6b9-4557-81db-69cd97ed2b8c",
        "type": "message",
        "text": "This is great, y'all - thank you!",
        "user": "U01QV2VLNMQ",
        "ts": "1643829265.814539",
        "team": "TJE58GTJL",
        "user_team": "TJE58GTJL",
        "source_team": "TJE58GTJL",
        "user_profile": {
            "avatar_hash": "976f82b97727",
            "image_72": "https:\/\/avatars.slack-edge.com\/2021-03-11\/1871926361296_976f82b9772778d8200d_72.jpg",
            "first_name": "Josh",
            "real_name": "Josh Palmer",
            "display_name": "Josh Palmer",
            "team": "TJE58GTJL",
            "name": "joshuaepalmer",
            "is_restricted": false,
            "is_ultra_restricted": false
        },
        "blocks": [
            {
                "type": "rich_text",
                "block_id": "Mxwav",
                "elements": [
                    {
                        "type": "rich_text_section",
                        "elements": [
                            {
                                "type": "text",
                                "text": "This is great, y'all - thank you!"
                            }
                        ]
                    }
                ]
            }
        ],
        "thread_ts": "1643826562.039499",
        "parent_user_id": "U01QV2VLNMQ"
    },
    {
        "client_msg_id": "bdecbbe9-1957-4e98-b534-4ed139b010dd",
        "type": "message",
        "text": "Rolled out a DM already - but seems the candidate must be based out of North America - so I'm out :man-facepalming:",
        "user": "U02HWBZS9QC",
        "ts": "1643831631.437299",
        "team": "TJE58GTJL",
        "user_team": "TJE58GTJL",
        "source_team": "TJE58GTJL",
        "user_profile": {
            "avatar_hash": "cea3c2adb719",
            "image_72": "https:\/\/avatars.slack-edge.com\/2021-12-23\/2879299611220_cea3c2adb71995b8fd88_72.jpg",
            "first_name": "Ankit",
            "real_name": "Ankit Vora",
            "display_name": "",
            "team": "TJE58GTJL",
            "name": "ankitplaynody",
            "is_restricted": false,
            "is_ultra_restricted": false
        },
        "edited": {
            "user": "U02HWBZS9QC",
            "ts": "1643831650.000000"
        },
        "blocks": [
            {
                "type": "rich_text",
                "block_id": "6Ar",
                "elements": [
                    {
                        "type": "rich_text_section",
                        "elements": [
                            {
                                "type": "text",
                                "text": "Rolled out a DM already - but seems the candidate must be based out of North America - so I'm out "
                            },
                            {
                                "type": "emoji",
                                "name": "man-facepalming"
                            }
                        ]
                    }
                ]
            }
        ],
        "thread_ts": "1643829070.140679",
        "parent_user_id": "U028JED91QQ",
        "reactions": [
            {
                "name": "heart",
                "users": [
                    "U028JED91QQ"
                ],
                "count": 1
            }
        ]
    },
    {
        "client_msg_id": "2e45a97f-c619-4e8d-bde3-557755af0e8d",
        "type": "message",
        "text": "As a freelancer, I have one client who uses Gusto (my personal favorite) and several who use <http:\/\/Bill.com|Bill.com>.  I still send my invoices to the AP team, but both of those tools let me see when my invoice gets added to either platform and know that a check is on the way.",
        "user": "U0211K6LSM9",
        "ts": "1643844288.859859",
        "team": "TJE58GTJL",
        "user_team": "TJE58GTJL",
        "source_team": "TJE58GTJL",
        "user_profile": {
            "avatar_hash": "17a67a2d4c3f",
            "image_72": "https:\/\/avatars.slack-edge.com\/2021-05-11\/2047708214598_17a67a2d4c3f41527a1b_72.jpg",
            "first_name": "Sara",
            "real_name": "Sara Gates",
            "display_name": "Sara Gates",
            "team": "TJE58GTJL",
            "name": "sara858",
            "is_restricted": false,
            "is_ultra_restricted": false
        },
        "blocks": [
            {
                "type": "rich_text",
                "block_id": "czs5",
                "elements": [
                    {
                        "type": "rich_text_section",
                        "elements": [
                            {
                                "type": "text",
                                "text": "As a freelancer, I have one client who uses Gusto (my personal favorite) and several who use "
                            },
                            {
                                "type": "link",
                                "url": "http:\/\/Bill.com",
                                "text": "Bill.com"
                            },
                            {
                                "type": "text",
                                "text": ".  I still send my invoices to the AP team, but both of those tools let me see when my invoice gets added to either platform and know that a check is on the way."
                            }
                        ]
                    }
                ]
            }
        ],
        "thread_ts": "1643826562.039499",
        "parent_user_id": "U01QV2VLNMQ"
    },
    {
        "client_msg_id": "749e4153-8018-4105-8bf6-f4d38e2d7640",
        "type": "message",
        "text": "Seeking native French and German speakers\/writers to help build content briefs and do some writing in those languages. We’re a US-based SEO agency, and our client is a Brussels-based fintech company.\n\nTopic areas: SEPA, online\/electronic payments, ecommerce payment processing\n\nDM me or email <mailto:nick@localseoguide.com|nick@localseoguide.com> - looking to start ASAP",
        "user": "U011QQDDSJV",
        "ts": "1643847572.176219",
        "team": "TJE58GTJL",
        "user_team": "TJE58GTJL",
        "source_team": "TJE58GTJL",
        "user_profile": {
            "avatar_hash": "26f290c29155",
            "image_72": "https:\/\/avatars.slack-edge.com\/2020-04-08\/1046081228023_26f290c2915541368412_72.png",
            "first_name": "Nikolas",
            "real_name": "Nikolas Wright",
            "display_name": "Nik",
            "team": "TJE58GTJL",
            "name": "wright.nikolas",
            "is_restricted": false,
            "is_ultra_restricted": false
        },
        "blocks": [
            {
                "type": "rich_text",
                "block_id": "oFQ",
                "elements": [
                    {
                        "type": "rich_text_section",
                        "elements": [
                            {
                                "type": "text",
                                "text": "Seeking native French and German speakers\/writers to help build content briefs and do some writing in those languages. We’re a US-based SEO agency, and our client is a Brussels-based fintech company.\n\nTopic areas: SEPA, online\/electronic payments, ecommerce payment processing\n\nDM me or email "
                            },
                            {
                                "type": "link",
                                "url": "mailto:nick@localseoguide.com",
                                "text": "nick@localseoguide.com"
                            },
                            {
                                "type": "text",
                                "text": " - looking to start ASAP"
                            }
                        ]
                    }
                ]
            }
        ]
    },
    {
        "client_msg_id": "dffad51f-d245-4d9b-820e-021c74bbcb13",
        "type": "message",
        "text": "Howdy! I'm looking for an SEO researcher and strategist to work with for F&amp;B and food tech clients who have a strong SEO function in their content marketing.\n\nIdeally this person can do three things:\n\n+ Identify broad SEO opportunities that help guide what we create\n+ Create SEO goals \/keywords for specific articles\n+ Find ways to improve search performance of existing articles\n\nFrankly I've never hired someone for this kind of work and am not sure what to expect in terms of pricing, work structure, process, etc. :)",
        "user": "U019UEW7AQ2",
        "ts": "1643854048.074859",
        "team": "TJE58GTJL",
        "user_team": "TJE58GTJL",
        "source_team": "TJE58GTJL",
        "user_profile": {
            "avatar_hash": "g30badcb245c",
            "image_72": "https:\/\/secure.gravatar.com\/avatar\/30badcb245c82ae168c1c8b62022a13c.jpg?s=72&d=https%3A%2F%2Fa.slack-edge.com%2Fdf10d%2Fimg%2Favatars%2Fava_0013-72.png",
            "first_name": "Garrett",
            "real_name": "Garrett Oden",
            "display_name": "",
            "team": "TJE58GTJL",
            "name": "garrett.l.oden",
            "is_restricted": false,
            "is_ultra_restricted": false
        },
        "blocks": [
            {
                "type": "rich_text",
                "block_id": "zQE=N",
                "elements": [
                    {
                        "type": "rich_text_section",
                        "elements": [
                            {
                                "type": "text",
                                "text": "Howdy! I'm looking for an SEO researcher and strategist to work with for F&B and food tech clients who have a strong SEO function in their content marketing.\n\nIdeally this person can do three things:\n\n+ Identify broad SEO opportunities that help guide what we create\n+ Create SEO goals \/keywords for specific articles\n+ Find ways to improve search performance of existing articles\n\nFrankly I've never hired someone for this kind of work and am not sure what to expect in terms of pricing, work structure, process, etc. :)"
                            }
                        ]
                    }
                ]
            }
        ],
        "thread_ts": "1643854048.074859",
        "reply_count": 1,
        "reply_users_count": 1,
        "latest_reply": "1643865892.147909",
        "reply_users": [
            "U02U3RDQKHP"
        ],
        "replies": [
            {
                "user": "U02U3RDQKHP",
                "ts": "1643865892.147909"
            }
        ],
        "is_locked": false,
        "subscribed": false
    },
    {
        "client_msg_id": "6095cf0c-d474-4691-9b48-36b88cf6b894",
        "type": "message",
        "text": "Hey <@U019UEW7AQ2> I could definitely help you with that. We've catered to clients across niches for SEO and content. Would love to connect with you to understand your goals, and ICPs and timelines for the same",
        "user": "U02U3RDQKHP",
        "ts": "1643865892.147909",
        "team": "TJE58GTJL",
        "user_team": "TJE58GTJL",
        "source_team": "TJE58GTJL",
        "user_profile": {
            "avatar_hash": "c4b54647fa38",
            "image_72": "https:\/\/avatars.slack-edge.com\/2022-01-31\/3029579600245_c4b54647fa384f5f7419_72.jpg",
            "first_name": "Sharan",
            "real_name": "Sharan Phillora",
            "display_name": "Sharan Phillora",
            "team": "TJE58GTJL",
            "name": "sharanphillora",
            "is_restricted": false,
            "is_ultra_restricted": false
        },
        "blocks": [
            {
                "type": "rich_text",
                "block_id": "hv3g",
                "elements": [
                    {
                        "type": "rich_text_section",
                        "elements": [
                            {
                                "type": "text",
                                "text": "Hey "
                            },
                            {
                                "type": "user",
                                "user_id": "U019UEW7AQ2"
                            },
                            {
                                "type": "text",
                                "text": " I could definitely help you with that. We've catered to clients across niches for SEO and content. Would love to connect with you to understand your goals, and ICPs and timelines for the same"
                            }
                        ]
                    }
                ]
            }
        ],
        "thread_ts": "1643854048.074859",
        "parent_user_id": "U019UEW7AQ2"
    }
]