[
    {
        "client_msg_id": "1425e266-c9be-4773-86b1-c3126ac10234",
        "type": "message",
        "text": "Hi <@U02SQ5Q4SCS>,\nI work at Content Beta, a SaaS-focused video production agency and we’ve helped ManyChat, Leadfeeder and 70 other B2B SaaS create engaging product marketing videos and successfully generate more MQLs and signups.\n\nAdvantages of working with us:\n- we really understand B2B SaaS\n- full service from script to storyboard to video editing to the final video\n- fixed and transparent pricing\n- low touch: no spending hours on zoom calls explaining your product\n- deliver fast (max 8-10 business days)\n\nDisadvantages of working with us:\n- we work mostly with b2B SaaS\n- we don’t do 3D character animations that all look alike\n\nYou can check out examples of our work  to see if you are a good fit for you: <https:\/\/www.contentbeta.com\/video-examples\/>",
        "user": "U0331KC4D0S",
        "ts": "1649673542.697039",
        "team": "TJE58GTJL",
        "user_team": "TJE58GTJL",
        "source_team": "TJE58GTJL",
        "user_profile": {
            "avatar_hash": "087679ccffc0",
            "image_72": "https:\/\/avatars.slack-edge.com\/2022-03-14\/3229409890982_087679ccffc043c20b1c_72.jpg",
            "first_name": "Khyati",
            "real_name": "Khyati",
            "display_name": "Khyati - Content Beta",
            "team": "TJE58GTJL",
            "name": "khyati",
            "is_restricted": false,
            "is_ultra_restricted": false
        },
        "attachments": [
            {
                "from_url": "https:\/\/www.contentbeta.com\/video-examples\/",
                "id": 1,
                "original_url": "https:\/\/www.contentbeta.com\/video-examples\/",
                "fallback": "Content Beta: Video Examples | Video Production Service for SaaS &amp; Software Business",
                "text": "Frictionless Product Marketing and Customer Training Video to get more demo requests and faster onboarding.",
                "title": "Video Examples | Video Production Service for SaaS &amp; Software Business",
                "title_link": "https:\/\/www.contentbeta.com\/video-examples\/",
                "service_name": "Content Beta",
                "fields": [
                    {
                        "value": "16 minutes",
                        "title": "Est. reading time",
                        "short": true
                    }
                ]
            }
        ],
        "blocks": [
            {
                "type": "rich_text",
                "block_id": "zPKMh",
                "elements": [
                    {
                        "type": "rich_text_section",
                        "elements": [
                            {
                                "type": "text",
                                "text": "Hi "
                            },
                            {
                                "type": "user",
                                "user_id": "U02SQ5Q4SCS"
                            },
                            {
                                "type": "text",
                                "text": ",\nI work at Content Beta, a SaaS-focused video production agency and we’ve helped ManyChat, Leadfeeder and 70 other B2B SaaS create engaging product marketing videos and successfully generate more MQLs and signups.\n\nAdvantages of working with us:\n- we really understand B2B SaaS\n- full service from script to storyboard to video editing to the final video\n- fixed and transparent pricing\n- low touch: no spending hours on zoom calls explaining your product\n- deliver fast (max 8-10 business days)\n\nDisadvantages of working with us:\n- we work mostly with b2B SaaS\n- we don’t do 3D character animations that all look alike\n\nYou can check out examples of our work  to see if you are a good fit for you: "
                            },
                            {
                                "type": "link",
                                "url": "https:\/\/www.contentbeta.com\/video-examples\/"
                            }
                        ]
                    }
                ]
            }
        ],
        "thread_ts": "1649109656.802059",
        "parent_user_id": "U02SQ5Q4SCS"
    },
    {
        "client_msg_id": "d6e655be-4e7a-4746-8feb-d8d933d9b728",
        "type": "message",
        "text": "I think Belinda would be a great fit for that Deenah!",
        "user": "U01K0BWEQD6",
        "ts": "1649685653.819549",
        "team": "TJE58GTJL",
        "user_team": "TJE58GTJL",
        "source_team": "TJE58GTJL",
        "user_profile": {
            "avatar_hash": "1d4a27b0b808",
            "image_72": "https:\/\/avatars.slack-edge.com\/2021-01-12\/1637132909412_1d4a27b0b8085cc784f5_72.jpg",
            "first_name": "Sarah",
            "real_name": "Sarah Greesonbach",
            "display_name": "Sarah Greesonbach",
            "team": "TJE58GTJL",
            "name": "hello317",
            "is_restricted": false,
            "is_ultra_restricted": false
        },
        "blocks": [
            {
                "type": "rich_text",
                "block_id": "vT6",
                "elements": [
                    {
                        "type": "rich_text_section",
                        "elements": [
                            {
                                "type": "text",
                                "text": "I think Belinda would be a great fit for that Deenah!"
                            }
                        ]
                    }
                ]
            }
        ],
        "thread_ts": "1648919377.013649",
        "parent_user_id": "U0391JJMCNL"
    },
    {
        "client_msg_id": "f31249fc-86d4-4d13-889b-c28b1c21f653",
        "type": "message",
        "text": "<@U02PRMEAP0V>  and <@U020DJ63Y3F>, thanks for putting me on to Primo Stats and Content Harmony... definitely checking them out...",
        "user": "U03B9E57TR6",
        "ts": "1649686968.139489",
        "team": "TJE58GTJL",
        "user_team": "TJE58GTJL",
        "source_team": "TJE58GTJL",
        "user_profile": {
            "avatar_hash": "g2d250dcf232",
            "image_72": "https:\/\/secure.gravatar.com\/avatar\/2d250dcf2325fd73715928d6090498eb.jpg?s=72&d=https%3A%2F%2Fa.slack-edge.com%2Fdf10d%2Fimg%2Favatars%2Fava_0014-72.png",
            "first_name": "Gabriel",
            "real_name": "Gabriel Onyango",
            "display_name": "",
            "team": "TJE58GTJL",
            "name": "gabriel",
            "is_restricted": false,
            "is_ultra_restricted": false
        },
        "blocks": [
            {
                "type": "rich_text",
                "block_id": "Rvxd",
                "elements": [
                    {
                        "type": "rich_text_section",
                        "elements": [
                            {
                                "type": "user",
                                "user_id": "U02PRMEAP0V"
                            },
                            {
                                "type": "text",
                                "text": "  and "
                            },
                            {
                                "type": "user",
                                "user_id": "U020DJ63Y3F"
                            },
                            {
                                "type": "text",
                                "text": ", thanks for putting me on to Primo Stats and Content Harmony... definitely checking them out..."
                            }
                        ]
                    }
                ]
            }
        ],
        "thread_ts": "1649579856.658389",
        "parent_user_id": "U03B9E57TR6",
        "reactions": [
            {
                "name": "sparkles",
                "users": [
                    "U020DJ63Y3F",
                    "U02PRMEAP0V"
                ],
                "count": 2
            }
        ]
    },
    {
        "client_msg_id": "cccb6c69-66b6-48c5-af5c-8e4ec3809586",
        "type": "message",
        "text": "Hello, I am looking for a FinTech writer who can specifically write about KYC, AML, digital onboarding for white papers, and a thought leadership blog. Our client is an identity verification SaaS. Preferably based in India and are aware of Indian regulations in the FinTech space. Please DM!",
        "user": "U02CUMQBP9R",
        "ts": "1649687041.123169",
        "team": "TJE58GTJL",
        "user_team": "TJE58GTJL",
        "source_team": "TJE58GTJL",
        "user_profile": {
            "avatar_hash": "37d9a8538dda",
            "image_72": "https:\/\/avatars.slack-edge.com\/2021-08-30\/2422037442023_37d9a8538dda6c598cc7_72.jpg",
            "first_name": "Harshala",
            "real_name": "Harshala Chavan",
            "display_name": "Harshala Chavan",
            "team": "TJE58GTJL",
            "name": "harshalachavan7",
            "is_restricted": false,
            "is_ultra_restricted": false
        },
        "blocks": [
            {
                "type": "rich_text",
                "block_id": "6Wc",
                "elements": [
                    {
                        "type": "rich_text_section",
                        "elements": [
                            {
                                "type": "text",
                                "text": "Hello, I am looking for a FinTech writer who can specifically write about KYC, AML, digital onboarding for white papers, and a thought leadership blog. Our client is an identity verification SaaS. Preferably based in India and are aware of Indian regulations in the FinTech space. Please DM!"
                            }
                        ]
                    }
                ]
            }
        ],
        "thread_ts": "1649687041.123169",
        "reply_count": 2,
        "reply_users_count": 2,
        "latest_reply": "1650047005.176619",
        "reply_users": [
            "U01J84U3SQ6",
            "U034WF55SDT"
        ],
        "replies": [
            {
                "user": "U01J84U3SQ6",
                "ts": "1649816338.760359"
            },
            {
                "user": "U034WF55SDT",
                "ts": "1650047005.176619"
            }
        ],
        "is_locked": false,
        "subscribed": false,
        "reactions": [
            {
                "name": "+1",
                "users": [
                    "UL9SA4C3T",
                    "U01J84U3SQ6"
                ],
                "count": 2
            }
        ]
    },
    {
        "client_msg_id": "5CC1591C-A90F-46E1-BE1B-78721656AB6C",
        "type": "message",
        "text": "Some people think they're very distinct but I think they've got a lot to learn from each other.",
        "user": "U033EF4909G",
        "ts": "1649687065.878799",
        "team": "TJE58GTJL",
        "user_team": "TJE58GTJL",
        "source_team": "TJE58GTJL",
        "user_profile": {
            "avatar_hash": "7183bb54e898",
            "image_72": "https:\/\/avatars.slack-edge.com\/2022-02-18\/3124406962643_7183bb54e898dec6a3f1_72.jpg",
            "first_name": "Natasha",
            "real_name": "Natasha Abramson",
            "display_name": "Natasha",
            "team": "TJE58GTJL",
            "name": "natasha006",
            "is_restricted": false,
            "is_ultra_restricted": false
        },
        "blocks": [
            {
                "type": "rich_text",
                "block_id": "Wqjp",
                "elements": [
                    {
                        "type": "rich_text_section",
                        "elements": [
                            {
                                "type": "text",
                                "text": "Some people think they're very distinct but I think they've got a lot to learn from each other."
                            }
                        ]
                    }
                ]
            }
        ],
        "thread_ts": "1649606796.593229",
        "parent_user_id": "U02NUGJ6BUM"
    },
    {
        "client_msg_id": "48e17e21-c205-46ea-8f08-aa981ca10ff9",
        "type": "message",
        "text": "I had a staff job for less than one year after graduating college in 2017 before transitioning to freelance. If that interests you let me know :+1:",
        "user": "U018DTFJKK2",
        "ts": "1649687837.233379",
        "team": "TJE58GTJL",
        "user_team": "TJE58GTJL",
        "source_team": "TJE58GTJL",
        "user_profile": {
            "avatar_hash": "b6400cf231f9",
            "image_72": "https:\/\/avatars.slack-edge.com\/2020-07-24\/1262300102722_b6400cf231f9b7160fa8_72.jpg",
            "first_name": "Rachel",
            "real_name": "Rachel Curry",
            "display_name": "Rachel Curry",
            "team": "TJE58GTJL",
            "name": "rlcurry95",
            "is_restricted": false,
            "is_ultra_restricted": false
        },
        "blocks": [
            {
                "type": "rich_text",
                "block_id": "jbIvh",
                "elements": [
                    {
                        "type": "rich_text_section",
                        "elements": [
                            {
                                "type": "text",
                                "text": "I had a staff job for less than one year after graduating college in 2017 before transitioning to freelance. If that interests you let me know "
                            },
                            {
                                "type": "emoji",
                                "name": "+1"
                            }
                        ]
                    }
                ]
            }
        ],
        "thread_ts": "1649444333.910579",
        "parent_user_id": "U02NUGJ6BUM"
    },
    {
        "client_msg_id": "cbc2563e-2eae-4515-8d2f-91753364c8f0",
        "type": "message",
        "text": "Hi all! I need to let go of a (short-term) regular client because of some health issues cropping up. Anyone with relevant experience interested in stepping in?\n\nThe details: I took on this client temporarily--he is the long-term client of a friend who is currently on maternity leave (for another month or two--she's not certain yet about her exact return date, but it'll be sometime in mid-late May or June). The client runs a small executive coaching business, and he needs someone to write his weekly blog, along with a few bylines (for Forbes, etc). It has been about 2-4 hours per week, plus one editorial meeting per month. I've found him to be friendly and easy to work with. I charge $75\/hr, so it has worked out to between $600 and roughly $850 per month.\n\nIf you're interested, please DM me with a few details about your relevant work that I could pass along to him. And I'm happy to answer any questions!",
        "user": "U025X4V6WQ6",
        "ts": "1649693838.299499",
        "team": "TJE58GTJL",
        "user_team": "TJE58GTJL",
        "source_team": "TJE58GTJL",
        "user_profile": {
            "avatar_hash": "d9bbb4c006f4",
            "image_72": "https:\/\/avatars.slack-edge.com\/2021-06-24\/2208717429459_d9bbb4c006f4926a4972_72.jpg",
            "first_name": "",
            "real_name": "Katie Gilbert",
            "display_name": "Katie Gilbert",
            "team": "TJE58GTJL",
            "name": "katie.elizabeth.gilbe",
            "is_restricted": false,
            "is_ultra_restricted": false
        },
        "blocks": [
            {
                "type": "rich_text",
                "block_id": "Af\/",
                "elements": [
                    {
                        "type": "rich_text_section",
                        "elements": [
                            {
                                "type": "text",
                                "text": "Hi all! I need to let go of a (short-term) regular client because of some health issues cropping up. Anyone with relevant experience interested in stepping in?\n\nThe details: I took on this client temporarily--he is the long-term client of a friend who is currently on maternity leave (for another month or two--she's not certain yet about her exact return date, but it'll be sometime in mid-late May or June). The client runs a small executive coaching business, and he needs someone to write his weekly blog, along with a few bylines (for Forbes, etc). It has been about 2-4 hours per week, plus one editorial meeting per month. I've found him to be friendly and easy to work with. I charge $75\/hr, so it has worked out to between $600 and roughly $850 per month.\n\nIf you're interested, please DM me with a few details about your relevant work that I could pass along to him. And I'm happy to answer any questions!"
                            }
                        ]
                    }
                ]
            }
        ],
        "thread_ts": "1649693838.299499",
        "reply_count": 7,
        "reply_users_count": 7,
        "latest_reply": "1649717934.000629",
        "reply_users": [
            "U035PRM7UR1",
            "U03AKM782EN",
            "UUH2ESL66",
            "U025X4V6WQ6",
            "U03AYA1242V",
            "U03AD261X2A",
            "U03B27C3283"
        ],
        "replies": [
            {
                "user": "U035PRM7UR1",
                "ts": "1649694059.662849"
            },
            {
                "user": "U03AKM782EN",
                "ts": "1649694825.857109"
            },
            {
                "user": "UUH2ESL66",
                "ts": "1649697189.729579"
            },
            {
                "user": "U025X4V6WQ6",
                "ts": "1649697255.920009"
            },
            {
                "user": "U03AYA1242V",
                "ts": "1649699684.593799"
            },
            {
                "user": "U03AD261X2A",
                "ts": "1649714983.462689"
            },
            {
                "user": "U03B27C3283",
                "ts": "1649717934.000629"
            }
        ],
        "is_locked": false,
        "subscribed": false,
        "reactions": [
            {
                "name": "wave",
                "users": [
                    "U03AZARL0CV",
                    "U033T43M3S5"
                ],
                "count": 2
            }
        ]
    },
    {
        "client_msg_id": "02CBF5CF-1E7F-491E-81B3-52B5B18D33AA",
        "type": "message",
        "text": "Hi Katie :) sorry to hear about your health. Are you okay? \n\nIn which industry your client is?",
        "user": "U035PRM7UR1",
        "ts": "1649694059.662849",
        "team": "TJE58GTJL",
        "user_team": "TJE58GTJL",
        "source_team": "TJE58GTJL",
        "user_profile": {
            "avatar_hash": "7c48f0494041",
            "image_72": "https:\/\/avatars.slack-edge.com\/2022-03-04\/3180127949831_7c48f0494041889cf38e_72.png",
            "first_name": "Neha",
            "real_name": "Neha",
            "display_name": "Neha",
            "team": "TJE58GTJL",
            "name": "neha",
            "is_restricted": false,
            "is_ultra_restricted": false
        },
        "blocks": [
            {
                "type": "rich_text",
                "block_id": "+t4DD",
                "elements": [
                    {
                        "type": "rich_text_section",
                        "elements": [
                            {
                                "type": "text",
                                "text": "Hi Katie :) sorry to hear about your health. Are you okay? \n"
                            },
                            {
                                "type": "text",
                                "text": "\n"
                            },
                            {
                                "type": "text",
                                "text": "In which industry your client is?"
                            }
                        ]
                    }
                ]
            }
        ],
        "thread_ts": "1649693838.299499",
        "parent_user_id": "U025X4V6WQ6"
    },
    {
        "client_msg_id": "8b2e019d-e9f3-4acd-b300-854b12ccf198",
        "type": "message",
        "text": "Hey everyone, I'm looking to hire some freelance writers\/content creators for a long term relationship in the data privacy field (B2B SaaS). We will heavily focus on creating pieces that are unique and require research and data analysis.\n\nIf you have experience writing about data privacy or just writing in the legal space, that would be highly beneficial.\n\nFeel free to reach out to me for more info :)",
        "user": "U037JU3APKK",
        "ts": "1649694491.029759",
        "team": "TJE58GTJL",
        "user_team": "TJE58GTJL",
        "source_team": "TJE58GTJL",
        "user_profile": {
            "avatar_hash": "2e052c54f6f6",
            "image_72": "https:\/\/avatars.slack-edge.com\/2022-03-15\/3247168337796_2e052c54f6f67635fee8_72.png",
            "first_name": "Miljo",
            "real_name": "Miljo Dragutinovic",
            "display_name": "Miljo Dragutinovic",
            "team": "TJE58GTJL",
            "name": "milo",
            "is_restricted": false,
            "is_ultra_restricted": false
        },
        "blocks": [
            {
                "type": "rich_text",
                "block_id": "MWHVJ",
                "elements": [
                    {
                        "type": "rich_text_section",
                        "elements": [
                            {
                                "type": "text",
                                "text": "Hey everyone, I'm looking to hire some freelance writers\/content creators for a long term relationship in the data privacy field (B2B SaaS). We will heavily focus on creating pieces that are unique and require research and data analysis.\n\nIf you have experience writing about data privacy or just writing in the legal space, that would be highly beneficial.\n\nFeel free to reach out to me for more info :)"
                            }
                        ]
                    }
                ]
            }
        ],
        "thread_ts": "1649694491.029759",
        "reply_count": 3,
        "reply_users_count": 3,
        "latest_reply": "1649796326.358439",
        "reply_users": [
            "U02HWBZS9QC",
            "U0344825724",
            "U02EDRUJN58"
        ],
        "replies": [
            {
                "user": "U02HWBZS9QC",
                "ts": "1649694681.609439"
            },
            {
                "user": "U0344825724",
                "ts": "1649774144.197419"
            },
            {
                "user": "U02EDRUJN58",
                "ts": "1649796326.358439"
            }
        ],
        "is_locked": false,
        "subscribed": false,
        "reactions": [
            {
                "name": "+1",
                "users": [
                    "U013JCCN8JE",
                    "U01TB1SDD61",
                    "U02GMMQ281W",
                    "U03ATNFM326",
                    "U033T43M3S5"
                ],
                "count": 5
            }
        ]
    },
    {
        "client_msg_id": "7e71ca98-7e82-42a3-9fa7-e3b0f8cf8f6f",
        "type": "message",
        "text": "Hey <@U037JU3APKK>\n\nDropped a message :slightly_smiling_face:",
        "user": "U02HWBZS9QC",
        "ts": "1649694681.609439",
        "team": "TJE58GTJL",
        "user_team": "TJE58GTJL",
        "source_team": "TJE58GTJL",
        "user_profile": {
            "avatar_hash": "cea3c2adb719",
            "image_72": "https:\/\/avatars.slack-edge.com\/2021-12-23\/2879299611220_cea3c2adb71995b8fd88_72.jpg",
            "first_name": "Ankit",
            "real_name": "Ankit Vora",
            "display_name": "",
            "team": "TJE58GTJL",
            "name": "ankitplaynody",
            "is_restricted": false,
            "is_ultra_restricted": false
        },
        "blocks": [
            {
                "type": "rich_text",
                "block_id": "xICBH",
                "elements": [
                    {
                        "type": "rich_text_section",
                        "elements": [
                            {
                                "type": "text",
                                "text": "Hey "
                            },
                            {
                                "type": "user",
                                "user_id": "U037JU3APKK"
                            },
                            {
                                "type": "text",
                                "text": "\n\nDropped a message "
                            },
                            {
                                "type": "emoji",
                                "name": "slightly_smiling_face"
                            }
                        ]
                    }
                ]
            }
        ],
        "thread_ts": "1649694491.029759",
        "parent_user_id": "U037JU3APKK"
    },
    {
        "client_msg_id": "268BFA13-C382-4EEB-907C-D54F1985FD64",
        "type": "message",
        "text": "Hi Katie! Would you be able to share some examples of the work you’ve done for him, or give me an idea of the general topics? ",
        "user": "U03AKM782EN",
        "ts": "1649694825.857109",
        "team": "TJE58GTJL",
        "user_team": "TJE58GTJL",
        "source_team": "TJE58GTJL",
        "user_profile": {
            "avatar_hash": "g6cb44dd413b",
            "image_72": "https:\/\/secure.gravatar.com\/avatar\/6cb44dd413b78ca745b1455717ad3424.jpg?s=72&d=https%3A%2F%2Fa.slack-edge.com%2Fdf10d%2Fimg%2Favatars%2Fava_0016-72.png",
            "first_name": "Hailey",
            "real_name": "Hailey Hudson",
            "display_name": "",
            "team": "TJE58GTJL",
            "name": "hhudson412",
            "is_restricted": false,
            "is_ultra_restricted": false
        },
        "blocks": [
            {
                "type": "rich_text",
                "block_id": "==3hN",
                "elements": [
                    {
                        "type": "rich_text_section",
                        "elements": [
                            {
                                "type": "text",
                                "text": "Hi Katie! Would you be able to share some examples of the work you’ve done for him, or give me an idea of the general topics? "
                            }
                        ]
                    }
                ]
            }
        ],
        "thread_ts": "1649693838.299499",
        "parent_user_id": "U025X4V6WQ6"
    },
    {
        "client_msg_id": "062a0f2c-080e-40d4-a51a-1d47379435d7",
        "type": "message",
        "text": "Get well soon, Katie :pray:",
        "user": "UUH2ESL66",
        "ts": "1649697189.729579",
        "team": "TJE58GTJL",
        "user_team": "TJE58GTJL",
        "source_team": "TJE58GTJL",
        "user_profile": {
            "avatar_hash": "258edf4c5252",
            "image_72": "https:\/\/avatars.slack-edge.com\/2020-03-05\/984845117296_258edf4c525224d42bff_72.jpg",
            "first_name": "Eric",
            "real_name": "Eric Doty",
            "display_name": "",
            "team": "TJE58GTJL",
            "name": "eric.doty3",
            "is_restricted": false,
            "is_ultra_restricted": false
        },
        "blocks": [
            {
                "type": "rich_text",
                "block_id": "W62",
                "elements": [
                    {
                        "type": "rich_text_section",
                        "elements": [
                            {
                                "type": "text",
                                "text": "Get well soon, Katie "
                            },
                            {
                                "type": "emoji",
                                "name": "pray"
                            }
                        ]
                    }
                ]
            }
        ],
        "thread_ts": "1649693838.299499",
        "parent_user_id": "U025X4V6WQ6",
        "reactions": [
            {
                "name": "heart",
                "users": [
                    "U025X4V6WQ6"
                ],
                "count": 1
            }
        ]
    },
    {
        "client_msg_id": "11011e9d-4f8b-459e-8aaa-94e44d44c639",
        "type": "message",
        "text": "The client is a coach who works with individuals, teams, and organizations to develop accountable leadership. Happy to DM examples to anyone interested.",
        "user": "U025X4V6WQ6",
        "ts": "1649697255.920009",
        "team": "TJE58GTJL",
        "user_team": "TJE58GTJL",
        "source_team": "TJE58GTJL",
        "user_profile": {
            "avatar_hash": "d9bbb4c006f4",
            "image_72": "https:\/\/avatars.slack-edge.com\/2021-06-24\/2208717429459_d9bbb4c006f4926a4972_72.jpg",
            "first_name": "",
            "real_name": "Katie Gilbert",
            "display_name": "Katie Gilbert",
            "team": "TJE58GTJL",
            "name": "katie.elizabeth.gilbe",
            "is_restricted": false,
            "is_ultra_restricted": false
        },
        "blocks": [
            {
                "type": "rich_text",
                "block_id": "2i=F",
                "elements": [
                    {
                        "type": "rich_text_section",
                        "elements": [
                            {
                                "type": "text",
                                "text": "The client is a coach who works with individuals, teams, and organizations to develop accountable leadership. Happy to DM examples to anyone interested."
                            }
                        ]
                    }
                ]
            }
        ],
        "thread_ts": "1649693838.299499",
        "parent_user_id": "U025X4V6WQ6"
    },
    {
        "client_msg_id": "78F95EBC-C421-47B7-BD6B-A0D8B20AE66D",
        "type": "message",
        "text": "Hi Katie, I’d love to hear more about this opportunity It sounds like similar work I do for a business consultant. Definitely interested!",
        "user": "U03AYA1242V",
        "ts": "1649699684.593799",
        "team": "TJE58GTJL",
        "user_team": "TJE58GTJL",
        "source_team": "TJE58GTJL",
        "user_profile": {
            "avatar_hash": "83090e1ceb81",
            "image_72": "https:\/\/avatars.slack-edge.com\/2022-04-11\/3367407323766_83090e1ceb8134517b4b_72.jpg",
            "first_name": "Lizzy",
            "real_name": "Lizzy Young",
            "display_name": "Lizzy Young",
            "team": "TJE58GTJL",
            "name": "hello672",
            "is_restricted": false,
            "is_ultra_restricted": false
        },
        "blocks": [
            {
                "type": "rich_text",
                "block_id": "6=N",
                "elements": [
                    {
                        "type": "rich_text_section",
                        "elements": [
                            {
                                "type": "text",
                                "text": "Hi Katie, I’d love to hear more about this opportunity It sounds like similar work I do for a business consultant. Definitely interested!"
                            }
                        ]
                    }
                ]
            }
        ],
        "thread_ts": "1649693838.299499",
        "parent_user_id": "U025X4V6WQ6"
    },
    {
        "client_msg_id": "a20d8ba8-33b0-48e9-a166-72497e848e14",
        "type": "message",
        "text": "B2B purchases are usually much larger, buying decisions involve multiple stakeholders, and B2B marketing generally involves a lot more depth about the strategic benefits of products or services than just features of functions. B2C marketing is very transactional, sales cycles are shorter, and more focused on emotions than logic and reason. As one of the \"some people\" that thinks they are very distinct despite the fact that humans make both decisions, I would recommend that those who think they are the same should read articles like this one:\n<https:\/\/www.wordstream.com\/blog\/ws\/2019\/05\/20\/b2b-vs-b2c|https:\/\/www.wordstream.com\/blog\/ws\/2019\/05\/20\/b2b-vs-b2c>",
        "user": "U01SP0Z5D33",
        "ts": "1649709769.786459",
        "team": "TJE58GTJL",
        "user_team": "TJE58GTJL",
        "source_team": "TJE58GTJL",
        "user_profile": {
            "avatar_hash": "828b75c9a94f",
            "image_72": "https:\/\/avatars.slack-edge.com\/2021-12-13\/2836757982275_828b75c9a94f85c85f9a_72.jpg",
            "first_name": "Mark",
            "real_name": "Mark Burdon",
            "display_name": "Mark Burdon",
            "team": "TJE58GTJL",
            "name": "mburdon",
            "is_restricted": false,
            "is_ultra_restricted": false
        },
        "attachments": [
            {
                "from_url": "https:\/\/www.wordstream.com\/blog\/ws\/2019\/05\/20\/b2b-vs-b2c",
                "image_url": "https:\/\/www.wordstream.com\/wp-content\/uploads\/2019\/05\/b2b-vs-b2c-feature.jpg",
                "image_width": 345,
                "image_height": 250,
                "image_bytes": 34779,
                "service_icon": "https:\/\/www.wordstream.com\/wp-content\/uploads\/2021\/12\/cropped-WS-Favicon-2-180x180.png",
                "id": 1,
                "original_url": "https:\/\/www.wordstream.com\/blog\/ws\/2019\/05\/20\/b2b-vs-b2c",
                "fallback": "WordStream: B2B vs B2C Marketing: 5 Differences Every Marketer Needs to Know",
                "text": "Most marketers would know that B2B and B2C marketing is different. Here, we cover the top five difference you need to know, including customer relationships, ad copy, and more!",
                "title": "B2B vs B2C Marketing: 5 Differences Every Marketer Needs to Know",
                "title_link": "https:\/\/www.wordstream.com\/blog\/ws\/2019\/05\/20\/b2b-vs-b2c",
                "service_name": "WordStream",
                "fields": [
                    {
                        "value": "Guest Author",
                        "title": "Written by",
                        "short": true
                    },
                    {
                        "value": "14 minutes",
                        "title": "Est. reading time",
                        "short": true
                    }
                ]
            }
        ],
        "blocks": [
            {
                "type": "rich_text",
                "block_id": "FlU",
                "elements": [
                    {
                        "type": "rich_text_section",
                        "elements": [
                            {
                                "type": "text",
                                "text": "B2B purchases are usually much larger, buying decisions involve multiple stakeholders, and B2B marketing generally involves a lot more depth about the strategic benefits of products or services than just features of functions. B2C marketing is very transactional, sales cycles are shorter, and more focused on emotions than logic and reason. As one of the \"some people\" that thinks they are very distinct despite the fact that humans make both decisions, I would recommend that those who think they are the same should read articles like this one:\n"
                            },
                            {
                                "type": "link",
                                "url": "https:\/\/www.wordstream.com\/blog\/ws\/2019\/05\/20\/b2b-vs-b2c",
                                "text": "https:\/\/www.wordstream.com\/blog\/ws\/2019\/05\/20\/b2b-vs-b2c"
                            }
                        ]
                    }
                ]
            }
        ],
        "thread_ts": "1649606796.593229",
        "parent_user_id": "U02NUGJ6BUM"
    },
    {
        "client_msg_id": "ac218424-b643-4fa9-a0e3-17f78b2915b3",
        "type": "message",
        "text": "Hi Katie, I’m interested – could you share some examples of the work please? Highly appreciate it",
        "user": "U03AD261X2A",
        "ts": "1649714983.462689",
        "team": "TJE58GTJL",
        "user_team": "TJE58GTJL",
        "source_team": "TJE58GTJL",
        "user_profile": {
            "avatar_hash": "ca3f13fe4c5b",
            "image_72": "https:\/\/avatars.slack-edge.com\/2022-04-07\/3362548952756_ca3f13fe4c5bc4337200_72.jpg",
            "first_name": "Reem",
            "real_name": "Reem S. Abouemera",
            "display_name": "Reem S. Abouemera",
            "team": "TJE58GTJL",
            "name": "reem.abouemera",
            "is_restricted": false,
            "is_ultra_restricted": false
        },
        "blocks": [
            {
                "type": "rich_text",
                "block_id": "vOwf",
                "elements": [
                    {
                        "type": "rich_text_section",
                        "elements": [
                            {
                                "type": "text",
                                "text": "Hi Katie, I’m interested – could you share some examples of the work please? Highly appreciate it"
                            }
                        ]
                    }
                ]
            }
        ],
        "thread_ts": "1649693838.299499",
        "parent_user_id": "U025X4V6WQ6"
    },
    {
        "client_msg_id": "3722e971-6e12-4312-be29-beca22da76de",
        "type": "message",
        "text": "Hi Katie! I'm sorry to hear you aren't feeling well :disappointed:.   I have experience with Image Consulting clients and a variety of coaches\/trainers. Please let me know how I can learn more. Here's my website <https:\/\/www.simpledesksolutions.ca\/>",
        "user": "U03B27C3283",
        "ts": "1649717934.000629",
        "team": "TJE58GTJL",
        "user_team": "TJE58GTJL",
        "source_team": "TJE58GTJL",
        "user_profile": {
            "avatar_hash": "1e5d7a799c16",
            "image_72": "https:\/\/avatars.slack-edge.com\/2022-04-11\/3362161596727_1e5d7a799c168f36ac0f_72.png",
            "first_name": "Lisa",
            "real_name": "Lisa Marie Einarson",
            "display_name": "Lisa Marie Einarson",
            "team": "TJE58GTJL",
            "name": "info285",
            "is_restricted": false,
            "is_ultra_restricted": false
        },
        "attachments": [
            {
                "from_url": "https:\/\/www.simpledesksolutions.ca\/",
                "image_url": "https:\/\/static.wixstatic.com\/media\/638c63_5026128d4bc745a78f90b2006db5e8fd~mv2.jpg\/v1\/fill\/w_2500,h_1666,al_c\/638c63_5026128d4bc745a78f90b2006db5e8fd~mv2.jpg",
                "image_width": 375,
                "image_height": 250,
                "image_bytes": 503607,
                "service_icon": "https:\/\/static.wixstatic.com\/media\/638c63_941c47869a38492489fce67b888f5506%7Emv2.png\/v1\/fill\/w_16%2Ch_16%2Clg_1%2Cusm_0.66_1.00_0.01\/638c63_941c47869a38492489fce67b888f5506%7Emv2.png",
                "id": 1,
                "original_url": "https:\/\/www.simpledesksolutions.ca\/",
                "fallback": "Simple Desk Solution: Virtual Assistant | Simple Desk Solutions | Ontario",
                "text": "Simple Desk Solutions is your tool to save time, scale your business, and get the expertise you need, today. We are your local virtual assistant. Proudly serving the Port Hope Area.",
                "title": "Virtual Assistant | Simple Desk Solutions | Ontario",
                "title_link": "https:\/\/www.simpledesksolutions.ca\/",
                "service_name": "Simple Desk Solution"
            }
        ],
        "blocks": [
            {
                "type": "rich_text",
                "block_id": "uXS",
                "elements": [
                    {
                        "type": "rich_text_section",
                        "elements": [
                            {
                                "type": "text",
                                "text": "Hi Katie! I'm sorry to hear you aren't feeling well "
                            },
                            {
                                "type": "emoji",
                                "name": "disappointed"
                            },
                            {
                                "type": "text",
                                "text": ".   I have experience with Image Consulting clients and a variety of coaches\/trainers. Please let me know how I can learn more. Here's my website "
                            },
                            {
                                "type": "link",
                                "url": "https:\/\/www.simpledesksolutions.ca\/"
                            }
                        ]
                    }
                ]
            }
        ],
        "thread_ts": "1649693838.299499",
        "parent_user_id": "U025X4V6WQ6"
    },
    {
        "client_msg_id": "477c5d79-0320-4160-8b55-c59dd0773c89",
        "type": "message",
        "text": "Hey, David! Was this spot filled? I'd love to put my name forward if not. Thanks.",
        "user": "U025LU739QD",
        "ts": "1649722004.387529",
        "team": "TJE58GTJL",
        "user_team": "TJE58GTJL",
        "source_team": "TJE58GTJL",
        "user_profile": {
            "avatar_hash": "g37e56554895",
            "image_72": "https:\/\/secure.gravatar.com\/avatar\/37e56554895fc85f7f2abdf79529d70c.jpg?s=72&d=https%3A%2F%2Fa.slack-edge.com%2Fdf10d%2Fimg%2Favatars%2Fava_0022-72.png",
            "first_name": "Duncan",
            "real_name": "Duncan Elder",
            "display_name": "",
            "team": "TJE58GTJL",
            "name": "duncan.c.elder",
            "is_restricted": false,
            "is_ultra_restricted": false
        },
        "blocks": [
            {
                "type": "rich_text",
                "block_id": "yMBQ3",
                "elements": [
                    {
                        "type": "rich_text_section",
                        "elements": [
                            {
                                "type": "text",
                                "text": "Hey, David! Was this spot filled? I'd love to put my name forward if not. Thanks."
                            }
                        ]
                    }
                ]
            }
        ],
        "thread_ts": "1649450225.169679",
        "parent_user_id": "U02SR4J4XSR"
    }
]