[
    {
        "client_msg_id": "2de58b2c-45b8-437d-96c9-5141afd354e6",
        "type": "message",
        "text": "Anyone know any solid *German freelance writers*? Turns out they’re tricky to find over here :eyes:  DM me!",
        "user": "U02GFCTS89J",
        "ts": "1643618521.122069",
        "team": "TJE58GTJL",
        "user_team": "TJE58GTJL",
        "source_team": "TJE58GTJL",
        "user_profile": {
            "avatar_hash": "1911a59ab4a8",
            "image_72": "https:\/\/avatars.slack-edge.com\/2021-10-01\/2570431495553_1911a59ab4a804da14e5_72.png",
            "first_name": "Julian",
            "real_name": "Julian Schaaf",
            "display_name": "Julian Schaaf",
            "team": "TJE58GTJL",
            "name": "julian",
            "is_restricted": false,
            "is_ultra_restricted": false
        },
        "blocks": [
            {
                "type": "rich_text",
                "block_id": "SZ6",
                "elements": [
                    {
                        "type": "rich_text_section",
                        "elements": [
                            {
                                "type": "text",
                                "text": "Anyone know any solid "
                            },
                            {
                                "type": "text",
                                "text": "German freelance writers",
                                "style": {
                                    "bold": true
                                }
                            },
                            {
                                "type": "text",
                                "text": "? Turns out they’re tricky to find over here "
                            },
                            {
                                "type": "emoji",
                                "name": "eyes"
                            },
                            {
                                "type": "text",
                                "text": "  DM me!"
                            }
                        ]
                    }
                ]
            }
        ],
        "thread_ts": "1643618521.122069",
        "reply_count": 2,
        "reply_users_count": 2,
        "latest_reply": "1643620216.162749",
        "reply_users": [
            "UL9SA4C3T",
            "U02GFCTS89J"
        ],
        "replies": [
            {
                "user": "UL9SA4C3T",
                "ts": "1643619888.486669"
            },
            {
                "user": "U02GFCTS89J",
                "ts": "1643620216.162749"
            }
        ],
        "is_locked": false,
        "subscribed": false
    },
    {
        "client_msg_id": "3e7bf88f-555d-4442-9fbc-b28dcab5ae96",
        "type": "message",
        "text": "try <http:\/\/www.advisable.com|www.advisable.com>. They are based in Berlin, as well.",
        "user": "UL9SA4C3T",
        "ts": "1643619888.486669",
        "team": "TJE58GTJL",
        "user_team": "TJE58GTJL",
        "source_team": "TJE58GTJL",
        "user_profile": {
            "avatar_hash": "4365ff0f7a40",
            "image_72": "https:\/\/avatars.slack-edge.com\/2019-12-18\/879874350469_4365ff0f7a40c9bd9bf4_72.jpg",
            "first_name": "Ritika",
            "real_name": "Ritika Puri",
            "display_name": "Ritika",
            "team": "TJE58GTJL",
            "name": "ritika",
            "is_restricted": false,
            "is_ultra_restricted": false
        },
        "blocks": [
            {
                "type": "rich_text",
                "block_id": "YKI1",
                "elements": [
                    {
                        "type": "rich_text_section",
                        "elements": [
                            {
                                "type": "text",
                                "text": "try "
                            },
                            {
                                "type": "link",
                                "url": "http:\/\/www.advisable.com",
                                "text": "www.advisable.com"
                            },
                            {
                                "type": "text",
                                "text": ". They are based in Berlin, as well."
                            }
                        ]
                    }
                ]
            }
        ],
        "thread_ts": "1643618521.122069",
        "parent_user_id": "U02GFCTS89J"
    },
    {
        "client_msg_id": "2fd8d949-3f9d-41b5-8cf5-70ed64513c55",
        "type": "message",
        "text": "<@UL9SA4C3T> that looks dope, thanks for the recommendation :slightly_smiling_face:",
        "user": "U02GFCTS89J",
        "ts": "1643620216.162749",
        "team": "TJE58GTJL",
        "user_team": "TJE58GTJL",
        "source_team": "TJE58GTJL",
        "user_profile": {
            "avatar_hash": "1911a59ab4a8",
            "image_72": "https:\/\/avatars.slack-edge.com\/2021-10-01\/2570431495553_1911a59ab4a804da14e5_72.png",
            "first_name": "Julian",
            "real_name": "Julian Schaaf",
            "display_name": "Julian Schaaf",
            "team": "TJE58GTJL",
            "name": "julian",
            "is_restricted": false,
            "is_ultra_restricted": false
        },
        "blocks": [
            {
                "type": "rich_text",
                "block_id": "llPy",
                "elements": [
                    {
                        "type": "rich_text_section",
                        "elements": [
                            {
                                "type": "user",
                                "user_id": "UL9SA4C3T"
                            },
                            {
                                "type": "text",
                                "text": " that looks dope, thanks for the recommendation "
                            },
                            {
                                "type": "emoji",
                                "name": "slightly_smiling_face"
                            }
                        ]
                    }
                ]
            }
        ],
        "thread_ts": "1643618521.122069",
        "parent_user_id": "U02GFCTS89J"
    },
    {
        "client_msg_id": "98ed9c40-9b85-4641-93f0-0564266f7c4d",
        "type": "message",
        "text": "Hey, does anyone know of any really good illustrators\/animators\/video editors?",
        "user": "U031DQX4UJU",
        "ts": "1643632211.910569",
        "team": "TJE58GTJL",
        "user_team": "TJE58GTJL",
        "source_team": "TJE58GTJL",
        "user_profile": {
            "avatar_hash": "fe22283948c4",
            "image_72": "https:\/\/avatars.slack-edge.com\/2022-01-28\/3017633712006_fe22283948c4a3c82fe9_72.png",
            "first_name": "Jessica",
            "real_name": "Jessica Walker",
            "display_name": "Jessica Walker",
            "team": "TJE58GTJL",
            "name": "jessica960",
            "is_restricted": false,
            "is_ultra_restricted": false
        },
        "blocks": [
            {
                "type": "rich_text",
                "block_id": "91Y",
                "elements": [
                    {
                        "type": "rich_text_section",
                        "elements": [
                            {
                                "type": "text",
                                "text": "Hey, does anyone know of any really good illustrators\/animators\/video editors?"
                            }
                        ]
                    }
                ]
            }
        ],
        "thread_ts": "1643632211.910569",
        "reply_count": 11,
        "reply_users_count": 8,
        "latest_reply": "1643738697.844329",
        "reply_users": [
            "U031H7YAB7S",
            "U031DQX4UJU",
            "U02HD0L8HAP",
            "U02LGA1DB9N",
            "U02H3K9BEMA",
            "UPH4SCGTH",
            "U02DQ4MB30E",
            "U01T30ZCN82"
        ],
        "replies": [
            {
                "user": "U031H7YAB7S",
                "ts": "1643632266.410979"
            },
            {
                "user": "U031DQX4UJU",
                "ts": "1643632339.730519"
            },
            {
                "user": "U031H7YAB7S",
                "ts": "1643632447.608839"
            },
            {
                "user": "U02HD0L8HAP",
                "ts": "1643637742.237149"
            },
            {
                "user": "U031DQX4UJU",
                "ts": "1643638551.469059"
            },
            {
                "user": "U02LGA1DB9N",
                "ts": "1643642778.629209"
            },
            {
                "user": "U02H3K9BEMA",
                "ts": "1643644720.308029"
            },
            {
                "user": "UPH4SCGTH",
                "ts": "1643651632.875469"
            },
            {
                "user": "U02HD0L8HAP",
                "ts": "1643718638.275929"
            },
            {
                "user": "U02DQ4MB30E",
                "ts": "1643728572.718479"
            },
            {
                "user": "U01T30ZCN82",
                "ts": "1643738697.844329"
            }
        ],
        "is_locked": false,
        "subscribed": false
    },
    {
        "client_msg_id": "8c82de57-18e8-4d9b-99ae-2aa2be9f86b7",
        "type": "message",
        "text": "Hi, yes I know a video editor.",
        "user": "U031H7YAB7S",
        "ts": "1643632266.410979",
        "team": "TJE58GTJL",
        "user_team": "TJE58GTJL",
        "source_team": "TJE58GTJL",
        "user_profile": {
            "avatar_hash": "f7f07b8ce12e",
            "image_72": "https:\/\/avatars.slack-edge.com\/2022-01-30\/3030117064340_f7f07b8ce12e8489b33c_72.jpg",
            "first_name": "Sanjana",
            "real_name": "Sanjana Sankhyan",
            "display_name": "Sanjana Sankhyan",
            "team": "TJE58GTJL",
            "name": "sanjanasankhyan",
            "is_restricted": false,
            "is_ultra_restricted": false
        },
        "blocks": [
            {
                "type": "rich_text",
                "block_id": "pb\/i",
                "elements": [
                    {
                        "type": "rich_text_section",
                        "elements": [
                            {
                                "type": "text",
                                "text": "Hi, yes I know a video editor."
                            }
                        ]
                    }
                ]
            }
        ],
        "thread_ts": "1643632211.910569",
        "parent_user_id": "U031DQX4UJU"
    },
    {
        "client_msg_id": "11486ed8-9fcb-4441-897e-e323cc65b96a",
        "type": "message",
        "text": "Do you have any details of their current work? I'm looking to hire someone to make an animation for me.",
        "user": "U031DQX4UJU",
        "ts": "1643632339.730519",
        "team": "TJE58GTJL",
        "user_team": "TJE58GTJL",
        "source_team": "TJE58GTJL",
        "user_profile": {
            "avatar_hash": "fe22283948c4",
            "image_72": "https:\/\/avatars.slack-edge.com\/2022-01-28\/3017633712006_fe22283948c4a3c82fe9_72.png",
            "first_name": "Jessica",
            "real_name": "Jessica Walker",
            "display_name": "Jessica Walker",
            "team": "TJE58GTJL",
            "name": "jessica960",
            "is_restricted": false,
            "is_ultra_restricted": false
        },
        "blocks": [
            {
                "type": "rich_text",
                "block_id": "C2\/t",
                "elements": [
                    {
                        "type": "rich_text_section",
                        "elements": [
                            {
                                "type": "text",
                                "text": "Do you have any details of their current work? I'm looking to hire someone to make an animation for me."
                            }
                        ]
                    }
                ]
            }
        ],
        "thread_ts": "1643632211.910569",
        "parent_user_id": "U031DQX4UJU"
    },
    {
        "client_msg_id": "a391675a-0c9b-4655-b728-d25647471b9e",
        "type": "message",
        "text": "Uhh no, I do not think he does animations",
        "user": "U031H7YAB7S",
        "ts": "1643632447.608839",
        "team": "TJE58GTJL",
        "user_team": "TJE58GTJL",
        "source_team": "TJE58GTJL",
        "user_profile": {
            "avatar_hash": "f7f07b8ce12e",
            "image_72": "https:\/\/avatars.slack-edge.com\/2022-01-30\/3030117064340_f7f07b8ce12e8489b33c_72.jpg",
            "first_name": "Sanjana",
            "real_name": "Sanjana Sankhyan",
            "display_name": "Sanjana Sankhyan",
            "team": "TJE58GTJL",
            "name": "sanjanasankhyan",
            "is_restricted": false,
            "is_ultra_restricted": false
        },
        "blocks": [
            {
                "type": "rich_text",
                "block_id": "runb",
                "elements": [
                    {
                        "type": "rich_text_section",
                        "elements": [
                            {
                                "type": "text",
                                "text": "Uhh no, I do not think he does animations"
                            }
                        ]
                    }
                ]
            }
        ],
        "thread_ts": "1643632211.910569",
        "parent_user_id": "U031DQX4UJU"
    },
    {
        "client_msg_id": "98ac8c14-eee1-41a8-b15d-eaedd028ac33",
        "type": "message",
        "text": "Hello <@U031DQX4UJU> let me send you the details of the person.",
        "user": "U02HD0L8HAP",
        "ts": "1643637742.237149",
        "team": "TJE58GTJL",
        "user_team": "TJE58GTJL",
        "source_team": "TJE58GTJL",
        "user_profile": {
            "avatar_hash": "675c42a91f65",
            "image_72": "https:\/\/avatars.slack-edge.com\/2022-01-10\/2928364816754_675c42a91f6571f4ac6b_72.jpg",
            "first_name": "Aanchal",
            "real_name": "Aanchal Parmar",
            "display_name": "Aanchal Parmar",
            "team": "TJE58GTJL",
            "name": "aanywrites",
            "is_restricted": false,
            "is_ultra_restricted": false
        },
        "blocks": [
            {
                "type": "rich_text",
                "block_id": "BlyQX",
                "elements": [
                    {
                        "type": "rich_text_section",
                        "elements": [
                            {
                                "type": "text",
                                "text": "Hello "
                            },
                            {
                                "type": "user",
                                "user_id": "U031DQX4UJU"
                            },
                            {
                                "type": "text",
                                "text": " let me send you the details of the person."
                            }
                        ]
                    }
                ]
            }
        ],
        "thread_ts": "1643632211.910569",
        "parent_user_id": "U031DQX4UJU"
    },
    {
        "client_msg_id": "739694ed-4ee7-46d3-a03e-e085f44eb116",
        "type": "message",
        "text": "Thanks <@U02HD0L8HAP>",
        "user": "U031DQX4UJU",
        "ts": "1643638551.469059",
        "team": "TJE58GTJL",
        "user_team": "TJE58GTJL",
        "source_team": "TJE58GTJL",
        "user_profile": {
            "avatar_hash": "fe22283948c4",
            "image_72": "https:\/\/avatars.slack-edge.com\/2022-01-28\/3017633712006_fe22283948c4a3c82fe9_72.png",
            "first_name": "Jessica",
            "real_name": "Jessica Walker",
            "display_name": "Jessica Walker",
            "team": "TJE58GTJL",
            "name": "jessica960",
            "is_restricted": false,
            "is_ultra_restricted": false
        },
        "blocks": [
            {
                "type": "rich_text",
                "block_id": "u0rEt",
                "elements": [
                    {
                        "type": "rich_text_section",
                        "elements": [
                            {
                                "type": "text",
                                "text": "Thanks "
                            },
                            {
                                "type": "user",
                                "user_id": "U02HD0L8HAP"
                            }
                        ]
                    }
                ]
            }
        ],
        "thread_ts": "1643632211.910569",
        "parent_user_id": "U031DQX4UJU"
    },
    {
        "client_msg_id": "38e60ce2-f93d-4075-8c7f-faabca3cdb03",
        "type": "message",
        "text": "Hi all! I’m looking for a freelancer to write a few blog posts\/month *~mid-March–early July* while I’m out on maternity leave. I’ll have most of the topics outlined before then so I mostly need a strong writer.\n\nThe content is mainly geared toward marketers and compliance officers at smaller banks and credit unions. Bonus if you have any experience in that space, but definitely not a prerequisite. If you’re interested, please DM me!",
        "user": "U023339GRF0",
        "ts": "1643639627.580429",
        "team": "TJE58GTJL",
        "user_team": "TJE58GTJL",
        "source_team": "TJE58GTJL",
        "user_profile": {
            "avatar_hash": "a7efaebaca87",
            "image_72": "https:\/\/avatars.slack-edge.com\/2021-05-27\/2135776736896_a7efaebaca871aee27ff_72.jpg",
            "first_name": "Natalie",
            "real_name": "Natalie Taylor",
            "display_name": "nat",
            "team": "TJE58GTJL",
            "name": "nataliecstaylor",
            "is_restricted": false,
            "is_ultra_restricted": false
        },
        "blocks": [
            {
                "type": "rich_text",
                "block_id": "wQb",
                "elements": [
                    {
                        "type": "rich_text_section",
                        "elements": [
                            {
                                "type": "text",
                                "text": "Hi all! I’m looking for a freelancer to write a few blog posts\/month "
                            },
                            {
                                "type": "text",
                                "text": "~mid-March–early July",
                                "style": {
                                    "bold": true
                                }
                            },
                            {
                                "type": "text",
                                "text": " while I’m out on maternity leave. I’ll have most of the topics outlined before then so I mostly need a strong writer.\n\nThe content is mainly geared toward marketers and compliance officers at smaller banks and credit unions. Bonus if you have any experience in that space, but definitely not a prerequisite. If you’re interested, please DM me!"
                            }
                        ]
                    }
                ]
            }
        ],
        "thread_ts": "1643639627.580429",
        "reply_count": 4,
        "reply_users_count": 4,
        "latest_reply": "1644504614.778709",
        "reply_users": [
            "U02PA451C3B",
            "U030AQ2HNA2",
            "U023339GRF0",
            "U01FUP6AMEZ"
        ],
        "replies": [
            {
                "user": "U02PA451C3B",
                "ts": "1643755825.698609"
            },
            {
                "user": "U030AQ2HNA2",
                "ts": "1643926803.633709"
            },
            {
                "user": "U023339GRF0",
                "ts": "1644007223.662259"
            },
            {
                "user": "U01FUP6AMEZ",
                "ts": "1644504614.778709"
            }
        ],
        "is_locked": false,
        "subscribed": false,
        "reactions": [
            {
                "name": "partyparrot",
                "users": [
                    "U02MX01BC4C",
                    "UN227ML2H",
                    "U0301QW3FR7",
                    "U02RBH2FY6R",
                    "U02U3RDQKHP",
                    "U02GMMQ281W",
                    "U02GYR8TM96",
                    "U03164Q045P",
                    "U01PXN2LGAK",
                    "U02NADUBXSR",
                    "U030AQ2HNA2"
                ],
                "count": 11
            },
            {
                "name": "+1",
                "users": [
                    "U030AQ2HNA2"
                ],
                "count": 1
            }
        ]
    },
    {
        "client_msg_id": "c82b2a8d-769e-4094-a0af-8e8ad3efc948",
        "type": "message",
        "text": "Hey all, looking for someone that has technical proven experience with Wordpress! We need a website review and a few technical things addressed to aid our SEO :slightly_smiling_face:",
        "user": "U031DQX4UJU",
        "ts": "1643640611.496739",
        "team": "TJE58GTJL",
        "user_team": "TJE58GTJL",
        "source_team": "TJE58GTJL",
        "user_profile": {
            "avatar_hash": "fe22283948c4",
            "image_72": "https:\/\/avatars.slack-edge.com\/2022-01-28\/3017633712006_fe22283948c4a3c82fe9_72.png",
            "first_name": "Jessica",
            "real_name": "Jessica Walker",
            "display_name": "Jessica Walker",
            "team": "TJE58GTJL",
            "name": "jessica960",
            "is_restricted": false,
            "is_ultra_restricted": false
        },
        "blocks": [
            {
                "type": "rich_text",
                "block_id": "egEK",
                "elements": [
                    {
                        "type": "rich_text_section",
                        "elements": [
                            {
                                "type": "text",
                                "text": "Hey all, looking for someone that has technical proven experience with Wordpress! We need a website review and a few technical things addressed to aid our SEO "
                            },
                            {
                                "type": "emoji",
                                "name": "slightly_smiling_face"
                            }
                        ]
                    }
                ]
            }
        ],
        "thread_ts": "1643640611.496739",
        "reply_count": 1,
        "reply_users_count": 1,
        "latest_reply": "1643876612.047969",
        "reply_users": [
            "U02CUM2LDAN"
        ],
        "replies": [
            {
                "user": "U02CUM2LDAN",
                "ts": "1643876612.047969"
            }
        ],
        "is_locked": false,
        "subscribed": false
    },
    {
        "client_msg_id": "532c6443-bd74-485b-ba3b-c9995398403d",
        "type": "message",
        "text": "<@U031DQX4UJU> <https:\/\/www.austinsaylor.com\/|Austin Saylor> is fantastic. Tell him I sent you",
        "user": "U02LGA1DB9N",
        "ts": "1643642778.629209",
        "team": "TJE58GTJL",
        "user_team": "TJE58GTJL",
        "source_team": "TJE58GTJL",
        "user_profile": {
            "avatar_hash": "g155e4fbdeca",
            "image_72": "https:\/\/secure.gravatar.com\/avatar\/155e4fbdecae853708a128414a53d994.jpg?s=72&d=https%3A%2F%2Fa.slack-edge.com%2Fdf10d%2Fimg%2Favatars%2Fava_0025-72.png",
            "first_name": "Jenn",
            "real_name": "Jenn Palandro",
            "display_name": "jenn",
            "team": "TJE58GTJL",
            "name": "jenny075",
            "is_restricted": false,
            "is_ultra_restricted": false
        },
        "edited": {
            "user": "U02LGA1DB9N",
            "ts": "1643642788.000000"
        },
        "attachments": [
            {
                "from_url": "https:\/\/www.austinsaylor.com\/",
                "thumb_url": "http:\/\/static1.squarespace.com\/static\/5463cbaee4b05c41e0cd7c14\/t\/57b5233a893fc0995a326f87\/1471488827290\/Austin_Saylor_animation_web2.gif?format=1500w",
                "thumb_width": 300,
                "thumb_height": 200,
                "service_icon": "https:\/\/images.squarespace-cdn.com\/content\/v1\/5463cbaee4b05c41e0cd7c14\/1427771617173-BXP81B69GQZSDKP9PMEV\/favicon.ico?format=100w",
                "id": 1,
                "original_url": "https:\/\/www.austinsaylor.com\/",
                "fallback": "Austin Saylor",
                "text": "I'm on a mission to discover the depths of lettering animation. If you love hand lettering and animation, this is the place for you.",
                "title": "Austin Saylor",
                "title_link": "https:\/\/www.austinsaylor.com\/",
                "service_name": "austinsaylor.com"
            }
        ],
        "blocks": [
            {
                "type": "rich_text",
                "block_id": "VgZoG",
                "elements": [
                    {
                        "type": "rich_text_section",
                        "elements": [
                            {
                                "type": "user",
                                "user_id": "U031DQX4UJU"
                            },
                            {
                                "type": "text",
                                "text": " "
                            },
                            {
                                "type": "link",
                                "url": "https:\/\/www.austinsaylor.com\/",
                                "text": "Austin Saylor"
                            },
                            {
                                "type": "text",
                                "text": " is fantastic. Tell him I sent you"
                            }
                        ]
                    }
                ]
            }
        ],
        "thread_ts": "1643632211.910569",
        "parent_user_id": "U031DQX4UJU"
    },
    {
        "client_msg_id": "157351d7-0b90-4e78-bd0d-877e65a118cc",
        "type": "message",
        "text": "Yup! Get in contact with Louise Pomeroy. <https:\/\/www.louisezpomeroy.com\/> She's worked with everyone including Google, New York Times, Vogue, Apple etc. Very well connected too so will have recommendations for video editors, animators etc.",
        "user": "U02H3K9BEMA",
        "ts": "1643644720.308029",
        "team": "TJE58GTJL",
        "user_team": "TJE58GTJL",
        "source_team": "TJE58GTJL",
        "user_profile": {
            "avatar_hash": "09a184af1fd8",
            "image_72": "https:\/\/avatars.slack-edge.com\/2021-10-07\/2592228292273_09a184af1fd866e135e1_72.jpg",
            "first_name": "Claire",
            "real_name": "Claire Beveridge",
            "display_name": "Claire Beveridge",
            "team": "TJE58GTJL",
            "name": "claire919",
            "is_restricted": false,
            "is_ultra_restricted": false
        },
        "attachments": [
            {
                "from_url": "https:\/\/www.louisezpomeroy.com\/",
                "image_url": "https:\/\/media.cargocollective.com\/1\/3\/125759\/headerimg\/head_header_new.jpg",
                "image_width": 230,
                "image_height": 250,
                "image_bytes": 59458,
                "service_icon": "https:\/\/www.louisezpomeroy.com\/favicon.ico",
                "id": 1,
                "original_url": "https:\/\/www.louisezpomeroy.com\/",
                "fallback": "Louise Zergaeng Pomeroy: Illustration",
                "text": "Illustration work by Louise Zergaeng Pomeroy",
                "title": "Louise Zergaeng Pomeroy: Illustration",
                "title_link": "https:\/\/www.louisezpomeroy.com\/",
                "service_name": "louisezpomeroy.com"
            }
        ],
        "blocks": [
            {
                "type": "rich_text",
                "block_id": "R74G",
                "elements": [
                    {
                        "type": "rich_text_section",
                        "elements": [
                            {
                                "type": "text",
                                "text": "Yup! Get in contact with Louise Pomeroy. "
                            },
                            {
                                "type": "link",
                                "url": "https:\/\/www.louisezpomeroy.com\/"
                            },
                            {
                                "type": "text",
                                "text": " She's worked with everyone including Google, New York Times, Vogue, Apple etc. Very well connected too so will have recommendations for video editors, animators etc."
                            }
                        ]
                    }
                ]
            }
        ],
        "thread_ts": "1643632211.910569",
        "parent_user_id": "U031DQX4UJU"
    },
    {
        "client_msg_id": "2e42ad55-5f21-4421-b7b1-682fba7eba86",
        "type": "message",
        "text": "I cant help with a contract - but Congrats! Ill celebrate your win!!! :wink:",
        "user": "U02CVNB3X1T",
        "ts": "1643647719.289589",
        "team": "TJE58GTJL",
        "user_team": "TJE58GTJL",
        "source_team": "TJE58GTJL",
        "user_profile": {
            "avatar_hash": "a98cd79fc67b",
            "image_72": "https:\/\/avatars.slack-edge.com\/2021-12-28\/2891088304196_a98cd79fc67b29986082_72.png",
            "first_name": "Julie",
            "real_name": "Julie Simpson",
            "display_name": "Julie Simpson",
            "team": "TJE58GTJL",
            "name": "jujuklu",
            "is_restricted": false,
            "is_ultra_restricted": false
        },
        "blocks": [
            {
                "type": "rich_text",
                "block_id": "OWg2j",
                "elements": [
                    {
                        "type": "rich_text_section",
                        "elements": [
                            {
                                "type": "text",
                                "text": "I cant help with a contract - but Congrats! Ill celebrate your win!!! "
                            },
                            {
                                "type": "emoji",
                                "name": "wink"
                            }
                        ]
                    }
                ]
            }
        ],
        "thread_ts": "1643401822.028559",
        "parent_user_id": "U02JE99AKRC"
    },
    {
        "client_msg_id": "bfd2d898-b448-4ec5-b697-12fe00151759",
        "type": "message",
        "text": "Hi, Jessica. I have worked with two illustrators\/animators and they are both excellent. Here are their links. The first one is this: <https:\/\/katcatstudio.com\/info> and the second one is this: <https:\/\/vimeo.com\/motionspets?embedded=true&amp;source=owner_name&amp;owner=16258347>",
        "user": "UPH4SCGTH",
        "ts": "1643651632.875469",
        "team": "TJE58GTJL",
        "user_team": "TJE58GTJL",
        "source_team": "TJE58GTJL",
        "user_profile": {
            "avatar_hash": "bcc2ca1b4a83",
            "image_72": "https:\/\/avatars.slack-edge.com\/2019-10-16\/784760822802_bcc2ca1b4a8301b321ae_72.jpg",
            "first_name": "",
            "real_name": "Nikoletta Triantafyllopoulou",
            "display_name": "Nikoletta Triantafyllopoulou",
            "team": "TJE58GTJL",
            "name": "letria",
            "is_restricted": false,
            "is_ultra_restricted": false
        },
        "attachments": [
            {
                "from_url": "https:\/\/katcatstudio.com\/info",
                "image_url": "https:\/\/pro2-bar-s3-cdn-cf4.myportfolio.com\/5a0d245730aafe008db393cf154da84f\/5f8fce69-987f-4e4c-8f4d-91e875af877b_rwc_0x0x600x600x600.png?h=cb75615befe4859e7cd19bd24e01696f",
                "image_width": 250,
                "image_height": 250,
                "image_bytes": 16929,
                "service_icon": "https:\/\/pro2-bar-s3-cdn-cf1.myportfolio.com\/5a0d245730aafe008db393cf154da84f\/c94a4e7a-c169-4d3b-8992-41331b73c14a_carw_1x1x180.png?h=28e681fc7b02c184062513c116c26ea8",
                "id": 1,
                "original_url": "https:\/\/katcatstudio.com\/info",
                "fallback": "katcatstudio-freelance motion design - INFO",
                "text": "Freelance Motion Designer, London,UK.",
                "title": "katcatstudio-freelance motion design - INFO",
                "title_link": "https:\/\/katcatstudio.com\/info",
                "service_name": "katcatstudio.com"
            },
            {
                "from_url": "https:\/\/vimeo.com\/motionspets?embedded=true&source=owner_name&owner=16258347",
                "thumb_url": "https:\/\/i.vimeocdn.com\/portrait\/20195235_640x640",
                "thumb_width": 640,
                "thumb_height": 640,
                "service_icon": "https:\/\/f.vimeocdn.com\/images_v6\/favicon.ico?a2394933e8cd4a363563eff7ee02a16db0664b04",
                "id": 2,
                "original_url": "https:\/\/vimeo.com\/motionspets?embedded=true&amp;source=owner_name&amp;owner=16258347",
                "fallback": "Vimeo: MotionSpets",
                "text": "Spetsiotis Constantinos Graduated from CulturalTech at Aegean University(Πολιτισμική Τεχνολογία…",
                "title": "MotionSpets",
                "title_link": "https:\/\/vimeo.com\/motionspets?embedded=true&source=owner_name&owner=16258347",
                "service_name": "Vimeo"
            }
        ],
        "blocks": [
            {
                "type": "rich_text",
                "block_id": "TUZVf",
                "elements": [
                    {
                        "type": "rich_text_section",
                        "elements": [
                            {
                                "type": "text",
                                "text": "Hi, Jessica. I have worked with two illustrators\/animators and they are both excellent. Here are their links. The first one is this: "
                            },
                            {
                                "type": "link",
                                "url": "https:\/\/katcatstudio.com\/info"
                            },
                            {
                                "type": "text",
                                "text": " and the second one is this: "
                            },
                            {
                                "type": "link",
                                "url": "https:\/\/vimeo.com\/motionspets?embedded=true&source=owner_name&owner=16258347"
                            }
                        ]
                    }
                ]
            }
        ],
        "thread_ts": "1643632211.910569",
        "parent_user_id": "U031DQX4UJU"
    },
    {
        "client_msg_id": "020fd616-be04-45a7-b445-551ab0bb4991",
        "type": "message",
        "text": "nice job",
        "user": "U030YK82C3C",
        "ts": "1643655186.070939",
        "team": "TJE58GTJL",
        "user_team": "TJE58GTJL",
        "source_team": "TJE58GTJL",
        "user_profile": {
            "avatar_hash": "509164036138",
            "image_72": "https:\/\/avatars.slack-edge.com\/2022-01-31\/3032931412482_509164036138beb6f988_72.png",
            "first_name": "Marc",
            "real_name": "Marc S",
            "display_name": "Marc S",
            "team": "TJE58GTJL",
            "name": "msteatham",
            "is_restricted": false,
            "is_ultra_restricted": false
        },
        "blocks": [
            {
                "type": "rich_text",
                "block_id": "sGea6",
                "elements": [
                    {
                        "type": "rich_text_section",
                        "elements": [
                            {
                                "type": "text",
                                "text": "nice job"
                            }
                        ]
                    }
                ]
            }
        ],
        "thread_ts": "1643147178.213200",
        "parent_user_id": "U02UNK9DJSZ",
        "reactions": [
            {
                "name": "raised_hands",
                "users": [
                    "U02UNK9DJSZ"
                ],
                "count": 1
            }
        ]
    }
]