[
    {
        "client_msg_id": "4b3c8f9e-1f2e-4f34-8c35-a2005a88411c",
        "type": "message",
        "text": "<@UJG9WTEKG>\n\nHello, I sent you a DM on LinkedIn Jimmy",
        "user": "U02Q8U5T7TP",
        "ts": "1642762206.164800",
        "team": "TJE58GTJL",
        "user_team": "TJE58GTJL",
        "source_team": "TJE58GTJL",
        "user_profile": {
            "avatar_hash": "6ac00fe7f7de",
            "image_72": "https:\/\/avatars.slack-edge.com\/2022-04-15\/3395185200147_6ac00fe7f7de679b0f41_72.jpg",
            "first_name": "Johelski",
            "real_name": "Johelski",
            "display_name": "johelski",
            "team": "TJE58GTJL",
            "name": "ajayijohel",
            "is_restricted": false,
            "is_ultra_restricted": false
        },
        "blocks": [
            {
                "type": "rich_text",
                "block_id": "diN",
                "elements": [
                    {
                        "type": "rich_text_section",
                        "elements": [
                            {
                                "type": "user",
                                "user_id": "UJG9WTEKG"
                            },
                            {
                                "type": "text",
                                "text": "\n\nHello, I sent you a DM on LinkedIn Jimmy"
                            }
                        ]
                    }
                ]
            }
        ],
        "thread_ts": "1642716384.164100",
        "parent_user_id": "UJG9WTEKG"
    },
    {
        "client_msg_id": "f1458f8b-81c7-471c-a43d-98184e33d3f4",
        "type": "message",
        "text": "A friend\/former coworker of mine is looking for a copywriter with strong SaaS chops to write her website in Feb\/March. If interested, send samples of your work to <mailto:sallen-short@chain.io|sallen-short@chain.io>",
        "user": "U02Q5J6H7NC",
        "ts": "1642777760.165900",
        "team": "TJE58GTJL",
        "user_team": "TJE58GTJL",
        "source_team": "TJE58GTJL",
        "user_profile": {
            "avatar_hash": "1d2c37c5e9ba",
            "image_72": "https:\/\/avatars.slack-edge.com\/2021-12-03\/2811849370961_1d2c37c5e9ba1f5f4119_72.jpg",
            "first_name": "Ellen",
            "real_name": "Ellen Schwartze",
            "display_name": "Ellen Schwartze",
            "team": "TJE58GTJL",
            "name": "ellen926",
            "is_restricted": false,
            "is_ultra_restricted": false
        },
        "blocks": [
            {
                "type": "rich_text",
                "block_id": "s62H0",
                "elements": [
                    {
                        "type": "rich_text_section",
                        "elements": [
                            {
                                "type": "text",
                                "text": "A friend\/former coworker of mine is looking for a copywriter with strong SaaS chops to write her website in Feb\/March. If interested, send samples of your work to "
                            },
                            {
                                "type": "link",
                                "url": "mailto:sallen-short@chain.io",
                                "text": "sallen-short@chain.io"
                            }
                        ]
                    }
                ]
            }
        ],
        "reactions": [
            {
                "name": "eyes",
                "users": [
                    "UN227ML2H",
                    "U01J84U3SQ6",
                    "UL9SA4C3T"
                ],
                "count": 3
            }
        ]
    },
    {
        "client_msg_id": "da956a90-d0d8-4d99-96d0-92ff00a35c78",
        "type": "message",
        "text": "Yes, still looking! Should we connect on linkedin and we can exchange info?",
        "user": "U02CJS8JM09",
        "ts": "1642780192.166100",
        "team": "TJE58GTJL",
        "user_team": "TJE58GTJL",
        "source_team": "TJE58GTJL",
        "user_profile": {
            "avatar_hash": "37b69f5e3a25",
            "image_72": "https:\/\/avatars.slack-edge.com\/2021-08-24\/2409416769238_37b69f5e3a2555d8f238_72.png",
            "first_name": "Halli",
            "real_name": "Halli Melnitsky",
            "display_name": "Halli Melnitsky",
            "team": "TJE58GTJL",
            "name": "hmelnitsky",
            "is_restricted": false,
            "is_ultra_restricted": false
        },
        "blocks": [
            {
                "type": "rich_text",
                "block_id": "pxp\/",
                "elements": [
                    {
                        "type": "rich_text_section",
                        "elements": [
                            {
                                "type": "text",
                                "text": "Yes, still looking! Should we connect on linkedin and we can exchange info?"
                            }
                        ]
                    }
                ]
            }
        ],
        "thread_ts": "1642606663.133600",
        "parent_user_id": "U02CJS8JM09"
    },
    {
        "client_msg_id": "31c15eba-8b31-4f50-a9c5-087ecc28f7b6",
        "type": "message",
        "text": "Yes, please!",
        "user": "U02S2UZU3D3",
        "ts": "1642782057.166800",
        "team": "TJE58GTJL",
        "user_team": "TJE58GTJL",
        "source_team": "TJE58GTJL",
        "user_profile": {
            "avatar_hash": "a8ea5d586528",
            "image_72": "https:\/\/avatars.slack-edge.com\/2021-12-28\/2914047553904_a8ea5d5865287bb07a74_72.jpg",
            "first_name": "Amanda",
            "real_name": "Amanda Hoyer",
            "display_name": "Amanda Hoyer",
            "team": "TJE58GTJL",
            "name": "amandahoyer2",
            "is_restricted": false,
            "is_ultra_restricted": false
        },
        "blocks": [
            {
                "type": "rich_text",
                "block_id": "bwlLY",
                "elements": [
                    {
                        "type": "rich_text_section",
                        "elements": [
                            {
                                "type": "text",
                                "text": "Yes, please!"
                            }
                        ]
                    }
                ]
            }
        ],
        "thread_ts": "1642606663.133600",
        "parent_user_id": "U02CJS8JM09"
    }
]