[
    {
        "client_msg_id": "75bed5e6-2a82-4791-976c-688f69729d28",
        "type": "message",
        "text": ":fire: *HEY FREELANCERS, I URGENTLY NEED YOUR HELP* :warning:\n\n(Bit dramatic, I know—sorry about that. I’m a tad over-caffeinated right now.)\n\nAnyway, I’ll cut to the chase…\n\nSome parts of being a freelancer are *AMAZING*—but other parts make me want to *sit in a cold shower and cry while listening to objectively-awful-but-surprisingly-catchy 90s power ballads.* \n\nSo I figured why not do something about it?\n\nWithout giving away too many details, I’m thinking of creating a product that will make freelancers’ lives easier, help them grow their business, and take care of all the boring\/low-value shizz that we have to deal with on a daily basis.\n\nIf you’d be so kind as to give me 5 of your best minutes (actually you know what, I’ll even take 5 subpar minutes) and answer the survey below, I’d be eternally grateful.\n\n*<https:\/\/docs.google.com\/forms\/d\/1Uw2fN1Vcy0K8nGAtZF3o6SeDTpKaZbsA70PKzZEC2QM\/edit|How can we make freelancing better?>*\n\nThank you thank you you’re the best we’re all the best woohooooooo go freelancers etc. etc. etc.\n\nSeriously though—you folks are the real MVPs.",
        "user": "U02MX01BC4C",
        "ts": "1641993992.082700",
        "team": "TJE58GTJL",
        "user_team": "TJE58GTJL",
        "source_team": "TJE58GTJL",
        "user_profile": {
            "avatar_hash": "9d69840472c1",
            "image_72": "https:\/\/avatars.slack-edge.com\/2021-11-18\/2755515326465_9d69840472c1ba20691d_72.jpg",
            "first_name": "Charlie",
            "real_name": "Charlie Braithwaite",
            "display_name": "Charlie Braithwaite",
            "team": "TJE58GTJL",
            "name": "cjgbraithwaite",
            "is_restricted": false,
            "is_ultra_restricted": false
        },
        "edited": {
            "user": "U02MX01BC4C",
            "ts": "1641994016.000000"
        },
        "blocks": [
            {
                "type": "rich_text",
                "block_id": "pyHz",
                "elements": [
                    {
                        "type": "rich_text_section",
                        "elements": [
                            {
                                "type": "emoji",
                                "name": "fire",
                                "style": {
                                    "bold": true
                                }
                            },
                            {
                                "type": "text",
                                "text": " HEY FREELANCERS, I URGENTLY NEED YOUR HELP ",
                                "style": {
                                    "bold": true
                                }
                            },
                            {
                                "type": "emoji",
                                "name": "warning",
                                "style": {
                                    "bold": true
                                }
                            },
                            {
                                "type": "text",
                                "text": "\n\n(Bit dramatic, I know—sorry about that. I’m a tad over-caffeinated right now.)\n\nAnyway, I’ll cut to the chase…\n\nSome parts of being a freelancer are "
                            },
                            {
                                "type": "text",
                                "text": "AMAZING",
                                "style": {
                                    "bold": true
                                }
                            },
                            {
                                "type": "text",
                                "text": "—but other parts make me want to "
                            },
                            {
                                "type": "text",
                                "text": "sit in a cold shower and cry while listening to objectively-awful-but-surprisingly-catchy 90s power ballads. ",
                                "style": {
                                    "bold": true
                                }
                            },
                            {
                                "type": "text",
                                "text": "\n\nSo I figured why not do something about it?\n\nWithout giving away too many details, I’m thinking of creating a product that will make freelancers’ lives easier, help them grow their business, and take care of all the boring\/low-value shizz that we have to deal with on a daily basis.\n\nIf you’d be so kind as to give me 5 of your best minutes (actually you know what, I’ll even take 5 subpar minutes) and answer the survey below, I’d be eternally grateful.\n\n"
                            },
                            {
                                "type": "link",
                                "url": "https:\/\/docs.google.com\/forms\/d\/1Uw2fN1Vcy0K8nGAtZF3o6SeDTpKaZbsA70PKzZEC2QM\/edit",
                                "text": "How can we make freelancing better?",
                                "style": {
                                    "bold": true
                                }
                            },
                            {
                                "type": "text",
                                "text": "\n\nThank you thank you you’re the best we’re all the best woohooooooo go freelancers etc. etc. etc.\n\nSeriously though—you folks are the real MVPs."
                            }
                        ]
                    }
                ]
            }
        ],
        "reactions": [
            {
                "name": "partyparrot",
                "users": [
                    "U02NADUBXSR",
                    "U02R3S1RBUL",
                    "U02S2UZU3D3",
                    "U02KY0R6YGK"
                ],
                "count": 4
            }
        ]
    },
    {
        "type": "message",
        "subtype": "slackbot_response",
        "text": "Hello! Not all of our members are guys. In an effort to be more conscious of the language we use to address each other, why not try “Hey, folks,” or “Hey everyone” instead?",
        "user": "USLACKBOT",
        "ts": "1641993993.082800",
        "reactions": [
            {
                "name": "raised_hands",
                "users": [
                    "U02BVDHA5TJ"
                ],
                "count": 1
            }
        ]
    },
    {
        "client_msg_id": "c923bb86-fbc8-4ebe-838d-46551f32e549",
        "type": "message",
        "text": "<@U02U90EQW00>\n\nI will DM you right away",
        "user": "U02Q8U5T7TP",
        "ts": "1641998051.083200",
        "team": "TJE58GTJL",
        "user_team": "TJE58GTJL",
        "source_team": "TJE58GTJL",
        "user_profile": {
            "avatar_hash": "6ac00fe7f7de",
            "image_72": "https:\/\/avatars.slack-edge.com\/2022-04-15\/3395185200147_6ac00fe7f7de679b0f41_72.jpg",
            "first_name": "Johelski",
            "real_name": "Johelski",
            "display_name": "johelski",
            "team": "TJE58GTJL",
            "name": "ajayijohel",
            "is_restricted": false,
            "is_ultra_restricted": false
        },
        "blocks": [
            {
                "type": "rich_text",
                "block_id": "yKe",
                "elements": [
                    {
                        "type": "rich_text_section",
                        "elements": [
                            {
                                "type": "user",
                                "user_id": "U02U90EQW00"
                            },
                            {
                                "type": "text",
                                "text": "\n\nI will DM you right away"
                            }
                        ]
                    }
                ]
            }
        ],
        "thread_ts": "1641937113.081100",
        "parent_user_id": "U02U90EQW00"
    },
    {
        "client_msg_id": "540dee30-4625-4e6a-b8ce-ca70dbc02640",
        "type": "message",
        "text": "<@U02U90EQW00> DMing you.",
        "user": "U02S2UZU3D3",
        "ts": "1642023152.089200",
        "team": "TJE58GTJL",
        "user_team": "TJE58GTJL",
        "source_team": "TJE58GTJL",
        "user_profile": {
            "avatar_hash": "a8ea5d586528",
            "image_72": "https:\/\/avatars.slack-edge.com\/2021-12-28\/2914047553904_a8ea5d5865287bb07a74_72.jpg",
            "first_name": "Amanda",
            "real_name": "Amanda Hoyer",
            "display_name": "Amanda Hoyer",
            "team": "TJE58GTJL",
            "name": "amandahoyer2",
            "is_restricted": false,
            "is_ultra_restricted": false
        },
        "blocks": [
            {
                "type": "rich_text",
                "block_id": "RscA",
                "elements": [
                    {
                        "type": "rich_text_section",
                        "elements": [
                            {
                                "type": "user",
                                "user_id": "U02U90EQW00"
                            },
                            {
                                "type": "text",
                                "text": " DMing you."
                            }
                        ]
                    }
                ]
            }
        ],
        "thread_ts": "1641937113.081100",
        "parent_user_id": "U02U90EQW00"
    }
]