[
    {
        "client_msg_id": "0398DA65-B6FE-482B-811C-97A1EF0B771D",
        "type": "message",
        "text": "Regular pricing. One of the things they’re “trying out” is the value they receive\/perceive for what they pay. ",
        "user": "UN3RHBFBK",
        "ts": "1641488195.003900",
        "team": "TJE58GTJL",
        "user_team": "TJE58GTJL",
        "source_team": "TJE58GTJL",
        "user_profile": {
            "avatar_hash": "7699d1ebbced",
            "image_72": "https:\/\/avatars.slack-edge.com\/2019-09-13\/762155947638_7699d1ebbcede1be9642_72.jpg",
            "first_name": "Jennifer",
            "real_name": "Jennifer Oladipo",
            "display_name": "Jennifer Oladipo",
            "team": "TJE58GTJL",
            "name": "jennifer",
            "is_restricted": false,
            "is_ultra_restricted": false
        },
        "blocks": [
            {
                "type": "rich_text",
                "block_id": "yx6xy",
                "elements": [
                    {
                        "type": "rich_text_section",
                        "elements": [
                            {
                                "type": "text",
                                "text": "Regular pricing. One of the things they’re “trying out” is the value they receive\/perceive for what they pay. "
                            }
                        ]
                    }
                ]
            }
        ],
        "thread_ts": "1641337154.080800",
        "parent_user_id": "U02NK9ZJSGY",
        "reactions": [
            {
                "name": "heart",
                "users": [
                    "U02NK9ZJSGY"
                ],
                "count": 1
            }
        ]
    }
]