[
    {
        "client_msg_id": "63601749-8603-405D-B1FA-6C570F1D67AD",
        "type": "message",
        "text": "Hi <@U02EA5937MM> is this open to international writers?",
        "user": "U02UNK76X0V",
        "ts": "1643190277.218500",
        "team": "TJE58GTJL",
        "user_team": "TJE58GTJL",
        "source_team": "TJE58GTJL",
        "user_profile": {
            "avatar_hash": "4ed16709620b",
            "image_72": "https:\/\/avatars.slack-edge.com\/2022-01-26\/3005368980837_4ed16709620b196c6bf6_72.png",
            "first_name": "Oyinkansola",
            "real_name": "Oyinkansola",
            "display_name": "",
            "team": "TJE58GTJL",
            "name": "oyinkansolafatoki",
            "is_restricted": false,
            "is_ultra_restricted": false
        },
        "blocks": [
            {
                "type": "rich_text",
                "block_id": "9=y",
                "elements": [
                    {
                        "type": "rich_text_section",
                        "elements": [
                            {
                                "type": "text",
                                "text": "Hi "
                            },
                            {
                                "type": "user",
                                "user_id": "U02EA5937MM"
                            },
                            {
                                "type": "text",
                                "text": " is this open to international writers?"
                            }
                        ]
                    }
                ]
            }
        ],
        "thread_ts": "1643126083.210000",
        "parent_user_id": "U02EA5937MM"
    },
    {
        "client_msg_id": "65c9bae6-cb2f-4de5-8f27-4c8a796d0110",
        "type": "message",
        "text": "<@U02UNK76X0V> Thanks for asking. We are looking for US-based writers for now. We are considering the possibility of working with international writers.",
        "user": "U02EA5937MM",
        "ts": "1643208147.219000",
        "team": "TJE58GTJL",
        "user_team": "TJE58GTJL",
        "source_team": "TJE58GTJL",
        "user_profile": {
            "avatar_hash": "6d7691804435",
            "image_72": "https:\/\/avatars.slack-edge.com\/2021-09-16\/2498080127413_6d7691804435af842eab_72.jpg",
            "first_name": "Lauren",
            "real_name": "Lauren Dietlin (she\/her)",
            "display_name": "Lauren Dietlin",
            "team": "TJE58GTJL",
            "name": "lauren780",
            "is_restricted": false,
            "is_ultra_restricted": false
        },
        "edited": {
            "user": "U02EA5937MM",
            "ts": "1643209934.000000"
        },
        "blocks": [
            {
                "type": "rich_text",
                "block_id": "8JPE",
                "elements": [
                    {
                        "type": "rich_text_section",
                        "elements": [
                            {
                                "type": "user",
                                "user_id": "U02UNK76X0V"
                            },
                            {
                                "type": "text",
                                "text": " Thanks for asking. We are looking for US-based writers for now. We are considering the possibility of working with international writers."
                            }
                        ]
                    }
                ]
            }
        ],
        "thread_ts": "1643126083.210000",
        "parent_user_id": "U02EA5937MM"
    },
    {
        "client_msg_id": "2AE25B78-F6C6-4D2A-A933-239F7772ECB9",
        "type": "message",
        "text": "Hey <@U01MW6DPU72> check out <http:\/\/mayple.com|mayple.com> - worlds top performance marketers. ",
        "user": "U02V08HJB8D",
        "ts": "1643233645.221000",
        "team": "TJE58GTJL",
        "user_team": "TJE58GTJL",
        "source_team": "TJE58GTJL",
        "user_profile": {
            "avatar_hash": "g88dcc84c74c",
            "image_72": "https:\/\/secure.gravatar.com\/avatar\/88dcc84c74c357cffae890c85c3ce507.jpg?s=72&d=https%3A%2F%2Fa.slack-edge.com%2Fdf10d%2Fimg%2Favatars%2Fava_0017-72.png",
            "first_name": "Ben",
            "real_name": "Ben Kazinik",
            "display_name": "",
            "team": "TJE58GTJL",
            "name": "benkpresents",
            "is_restricted": false,
            "is_ultra_restricted": false
        },
        "blocks": [
            {
                "type": "rich_text",
                "block_id": "YAJCx",
                "elements": [
                    {
                        "type": "rich_text_section",
                        "elements": [
                            {
                                "type": "text",
                                "text": "Hey "
                            },
                            {
                                "type": "user",
                                "user_id": "U01MW6DPU72"
                            },
                            {
                                "type": "text",
                                "text": " check out "
                            },
                            {
                                "type": "link",
                                "url": "http:\/\/mayple.com",
                                "text": "mayple.com"
                            },
                            {
                                "type": "text",
                                "text": " - worlds top performance marketers. "
                            }
                        ]
                    }
                ]
            }
        ],
        "thread_ts": "1643115598.209000",
        "parent_user_id": "U01MW6DPU72"
    },
    {
        "client_msg_id": "e2cf6d1a-2220-4cb2-9771-355d07914435",
        "type": "message",
        "text": "Hey awesome freelancers - does anyone else track their overall GP% &amp; net profit %, and are you comfortable sharing? I'm finding as my business grows my revenue is going up but so are my expenses, so just wondering what a good target is for a content writer. My whole career has been client side in manufacturing where 30% margins are pretty standard however obviously it is vastly different for a content shop with very small overheads. Cheers",
        "user": "U02AR2XSN1M",
        "ts": "1643235844.224100",
        "team": "TJE58GTJL",
        "user_team": "TJE58GTJL",
        "source_team": "TJE58GTJL",
        "user_profile": {
            "avatar_hash": "b0fa34c3f8f5",
            "image_72": "https:\/\/avatars.slack-edge.com\/2021-08-16\/2368450553975_b0fa34c3f8f5e02f6b43_72.jpg",
            "first_name": "Leonie",
            "real_name": "Leonie Waldron",
            "display_name": "Leonie Waldron",
            "team": "TJE58GTJL",
            "name": "leonie",
            "is_restricted": false,
            "is_ultra_restricted": false
        },
        "blocks": [
            {
                "type": "rich_text",
                "block_id": "VhtTw",
                "elements": [
                    {
                        "type": "rich_text_section",
                        "elements": [
                            {
                                "type": "text",
                                "text": "Hey awesome freelancers - does anyone else track their overall GP% & net profit %, and are you comfortable sharing? I'm finding as my business grows my revenue is going up but so are my expenses, so just wondering what a good target is for a content writer. My whole career has been client side in manufacturing where 30% margins are pretty standard however obviously it is vastly different for a content shop with very small overheads. Cheers"
                            }
                        ]
                    }
                ]
            }
        ],
        "thread_ts": "1643235844.224100",
        "reply_count": 11,
        "reply_users_count": 6,
        "latest_reply": "1643329793.963949",
        "reply_users": [
            "U02UNK9DJSZ",
            "UJJFDTN8G",
            "U02LGA1DB9N",
            "U02J7DM81AQ",
            "U02CVNB3X1T",
            "U02AR2XSN1M"
        ],
        "replies": [
            {
                "user": "U02UNK9DJSZ",
                "ts": "1643239956.224400"
            },
            {
                "user": "UJJFDTN8G",
                "ts": "1643268097.224800"
            },
            {
                "user": "U02LGA1DB9N",
                "ts": "1643283746.225100"
            },
            {
                "user": "U02J7DM81AQ",
                "ts": "1643296234.225700"
            },
            {
                "user": "U02UNK9DJSZ",
                "ts": "1643310903.230600"
            },
            {
                "user": "U02CVNB3X1T",
                "ts": "1643319398.231700"
            },
            {
                "user": "U02CVNB3X1T",
                "ts": "1643319410.231900"
            },
            {
                "user": "U02UNK9DJSZ",
                "ts": "1643323913.797089"
            },
            {
                "user": "U02AR2XSN1M",
                "ts": "1643327073.977989"
            },
            {
                "user": "U02UNK9DJSZ",
                "ts": "1643327135.506269"
            },
            {
                "user": "U02AR2XSN1M",
                "ts": "1643329793.963949"
            }
        ],
        "is_locked": false,
        "subscribed": false,
        "reactions": [
            {
                "name": "eyes",
                "users": [
                    "U02H3K9BEMA"
                ],
                "count": 1
            }
        ]
    },
    {
        "client_msg_id": "2edf2a0d-cbd4-4e6e-b530-ee9e4bb1d585",
        "type": "message",
        "text": "Thank you!",
        "user": "U01MW6DPU72",
        "ts": "1643237651.224200",
        "team": "TJE58GTJL",
        "user_team": "TJE58GTJL",
        "source_team": "TJE58GTJL",
        "user_profile": {
            "avatar_hash": "g2ab21f412c3",
            "image_72": "https:\/\/secure.gravatar.com\/avatar\/2ab21f412c3215ee2b3c2994772c589e.jpg?s=72&d=https%3A%2F%2Fa.slack-edge.com%2Fdf10d%2Fimg%2Favatars%2Fava_0024-72.png",
            "first_name": "Araminta",
            "real_name": "Araminta Robertson",
            "display_name": "Araminta Robertson",
            "team": "TJE58GTJL",
            "name": "robertsona98",
            "is_restricted": false,
            "is_ultra_restricted": false
        },
        "blocks": [
            {
                "type": "rich_text",
                "block_id": "LQSbk",
                "elements": [
                    {
                        "type": "rich_text_section",
                        "elements": [
                            {
                                "type": "text",
                                "text": "Thank you!"
                            }
                        ]
                    }
                ]
            }
        ],
        "thread_ts": "1643115598.209000",
        "parent_user_id": "U01MW6DPU72"
    },
    {
        "type": "message",
        "text": "Sort of. I have tried tracking margin, but because I don't outsource, it's not very helpful for me.\n\nWhat I have found helpful is to track total revenue, and internal hourly rate. I recently did this on a per-type-of-project basis, which was quite eye opening:",
        "files": [
            {
                "id": "F0312MXNXL0",
                "created": 1643239948,
                "timestamp": 1643239948,
                "name": "image.png",
                "title": "image.png",
                "mimetype": "image\/png",
                "filetype": "png",
                "pretty_type": "PNG",
                "user": "U02UNK9DJSZ",
                "editable": false,
                "size": 195016,
                "mode": "hosted",
                "is_external": false,
                "external_type": "",
                "is_public": true,
                "public_url_shared": false,
                "display_as_bot": false,
                "username": "",
                "url_private": "https:\/\/files.slack.com\/files-pri\/TJE58GTJL-F0312MXNXL0\/image.png?t=xoxe-626178571632-3467451922035-3469800396036-b45365c7edcd0220272aa8a422c2b82f",
                "url_private_download": "https:\/\/files.slack.com\/files-pri\/TJE58GTJL-F0312MXNXL0\/download\/image.png?t=xoxe-626178571632-3467451922035-3469800396036-b45365c7edcd0220272aa8a422c2b82f",
                "media_display_type": "unknown",
                "thumb_64": "https:\/\/files.slack.com\/files-tmb\/TJE58GTJL-F0312MXNXL0-397b587a2b\/image_64.png?t=xoxe-626178571632-3467451922035-3469800396036-b45365c7edcd0220272aa8a422c2b82f",
                "thumb_80": "https:\/\/files.slack.com\/files-tmb\/TJE58GTJL-F0312MXNXL0-397b587a2b\/image_80.png?t=xoxe-626178571632-3467451922035-3469800396036-b45365c7edcd0220272aa8a422c2b82f",
                "thumb_360": "https:\/\/files.slack.com\/files-tmb\/TJE58GTJL-F0312MXNXL0-397b587a2b\/image_360.png?t=xoxe-626178571632-3467451922035-3469800396036-b45365c7edcd0220272aa8a422c2b82f",
                "thumb_360_w": 360,
                "thumb_360_h": 225,
                "thumb_480": "https:\/\/files.slack.com\/files-tmb\/TJE58GTJL-F0312MXNXL0-397b587a2b\/image_480.png?t=xoxe-626178571632-3467451922035-3469800396036-b45365c7edcd0220272aa8a422c2b82f",
                "thumb_480_w": 480,
                "thumb_480_h": 300,
                "thumb_160": "https:\/\/files.slack.com\/files-tmb\/TJE58GTJL-F0312MXNXL0-397b587a2b\/image_160.png?t=xoxe-626178571632-3467451922035-3469800396036-b45365c7edcd0220272aa8a422c2b82f",
                "thumb_720": "https:\/\/files.slack.com\/files-tmb\/TJE58GTJL-F0312MXNXL0-397b587a2b\/image_720.png?t=xoxe-626178571632-3467451922035-3469800396036-b45365c7edcd0220272aa8a422c2b82f",
                "thumb_720_w": 720,
                "thumb_720_h": 450,
                "thumb_800": "https:\/\/files.slack.com\/files-tmb\/TJE58GTJL-F0312MXNXL0-397b587a2b\/image_800.png?t=xoxe-626178571632-3467451922035-3469800396036-b45365c7edcd0220272aa8a422c2b82f",
                "thumb_800_w": 800,
                "thumb_800_h": 500,
                "thumb_960": "https:\/\/files.slack.com\/files-tmb\/TJE58GTJL-F0312MXNXL0-397b587a2b\/image_960.png?t=xoxe-626178571632-3467451922035-3469800396036-b45365c7edcd0220272aa8a422c2b82f",
                "thumb_960_w": 960,
                "thumb_960_h": 600,
                "thumb_1024": "https:\/\/files.slack.com\/files-tmb\/TJE58GTJL-F0312MXNXL0-397b587a2b\/image_1024.png?t=xoxe-626178571632-3467451922035-3469800396036-b45365c7edcd0220272aa8a422c2b82f",
                "thumb_1024_w": 1024,
                "thumb_1024_h": 640,
                "original_w": 1201,
                "original_h": 751,
                "thumb_tiny": "AwAeADDSx70EHHBpH+7SCQceuaAHc0mDTsj1pMjGaAAD3paM0i\/doASQZQiojGT3H+c\/41PSYHpQBFsOfvUbWH8QqXHpQB6gUAMG7AyRxTx92jA9KWgD\/9k=",
                "permalink": "https:\/\/content-career-growth.slack.com\/files\/U02UNK9DJSZ\/F0312MXNXL0\/image.png",
                "permalink_public": "https:\/\/slack-files.com\/TJE58GTJL-F0312MXNXL0-68c5b0b56c",
                "is_starred": false,
                "has_rich_preview": false
            }
        ],
        "upload": false,
        "user": "U02UNK9DJSZ",
        "display_as_bot": false,
        "ts": "1643239956.224400",
        "blocks": [
            {
                "type": "rich_text",
                "block_id": "z=t",
                "elements": [
                    {
                        "type": "rich_text_section",
                        "elements": [
                            {
                                "type": "text",
                                "text": "Sort of. I have tried tracking margin, but because I don't outsource, it's not very helpful for me.\n\nWhat I have found helpful is to track total revenue, and internal hourly rate. I recently did this on a per-type-of-project basis, which was quite eye opening:"
                            }
                        ]
                    }
                ]
            }
        ],
        "client_msg_id": "9cde9b9c-49a7-4dd2-8d3a-7b1442216a91",
        "thread_ts": "1643235844.224100",
        "parent_user_id": "U02AR2XSN1M",
        "reactions": [
            {
                "name": "heart_eyes",
                "users": [
                    "U02LGA1DB9N"
                ],
                "count": 1
            },
            {
                "name": "i_love_you_hand_sign",
                "users": [
                    "U02CMV0AHAS"
                ],
                "count": 1
            }
        ]
    },
    {
        "client_msg_id": "c9e2b7c9-992d-422c-a706-c9054c21b2a2",
        "type": "message",
        "text": "I don't have any graphs but happy to talk around it if you have any specific questions.\n\nAs my income has gone up, my expenses have only gone up slightly where I have needed to outsource. But never to the point where the margin is impacted.\n\nIf I ended up making less profit by outsourcing, I'd either change how I bill, my rates, or think twice about taking on more work.\n\nThe same applies for additional tools. For example, if I needed to pay £100 for an SEO tool each month, that would need to be split across my clients so I wasn't taking the hit.",
        "user": "UJJFDTN8G",
        "ts": "1643268097.224800",
        "team": "TJE58GTJL",
        "user_team": "TJE58GTJL",
        "source_team": "TJE58GTJL",
        "user_profile": {
            "avatar_hash": "gd91d89ae152",
            "image_72": "https:\/\/secure.gravatar.com\/avatar\/86d91d89ae1528e747f4a586668d5d87.jpg?s=72&d=https%3A%2F%2Fa.slack-edge.com%2Fdf10d%2Fimg%2Favatars%2Fava_0013-72.png",
            "first_name": "Dominic",
            "real_name": "Dominic Kent",
            "display_name": "Dom Kent",
            "team": "TJE58GTJL",
            "name": "dominic",
            "is_restricted": false,
            "is_ultra_restricted": false
        },
        "blocks": [
            {
                "type": "rich_text",
                "block_id": "yga",
                "elements": [
                    {
                        "type": "rich_text_section",
                        "elements": [
                            {
                                "type": "text",
                                "text": "I don't have any graphs but happy to talk around it if you have any specific questions.\n\nAs my income has gone up, my expenses have only gone up slightly where I have needed to outsource. But never to the point where the margin is impacted.\n\nIf I ended up making less profit by outsourcing, I'd either change how I bill, my rates, or think twice about taking on more work.\n\nThe same applies for additional tools. For example, if I needed to pay £100 for an SEO tool each month, that would need to be split across my clients so I wasn't taking the hit."
                            }
                        ]
                    }
                ]
            }
        ],
        "thread_ts": "1643235844.224100",
        "parent_user_id": "U02AR2XSN1M"
    }
]