[
    {
        "client_msg_id": "ad214830-8819-4950-9120-868905e0c5e5",
        "type": "message",
        "text": "Depends on what the client asks for, but I ALWAYS write my draft in a separate doc then copy\/paste it into the one I submit to the client. They don’t need to see how the sausage is made (or how long it takes me :wink: ).",
        "user": "U0211K6LSM9",
        "ts": "1644433470.410829",
        "team": "TJE58GTJL",
        "user_team": "TJE58GTJL",
        "source_team": "TJE58GTJL",
        "user_profile": {
            "avatar_hash": "17a67a2d4c3f",
            "image_72": "https:\/\/avatars.slack-edge.com\/2021-05-11\/2047708214598_17a67a2d4c3f41527a1b_72.jpg",
            "first_name": "Sara",
            "real_name": "Sara Gates",
            "display_name": "Sara Gates",
            "team": "TJE58GTJL",
            "name": "sara858",
            "is_restricted": false,
            "is_ultra_restricted": false
        },
        "blocks": [
            {
                "type": "rich_text",
                "block_id": "jkUWi",
                "elements": [
                    {
                        "type": "rich_text_section",
                        "elements": [
                            {
                                "type": "text",
                                "text": "Depends on what the client asks for, but I ALWAYS write my draft in a separate doc then copy\/paste it into the one I submit to the client. They don’t need to see how the sausage is made (or how long it takes me "
                            },
                            {
                                "type": "emoji",
                                "name": "wink"
                            },
                            {
                                "type": "text",
                                "text": " )."
                            }
                        ]
                    }
                ]
            }
        ],
        "thread_ts": "1644273833.754999",
        "parent_user_id": "U02SU2BECCA"
    },
    {
        "client_msg_id": "dc8e10e6-a518-45a5-b0d8-ebf3df69d034",
        "type": "message",
        "text": "Hi friends, I lead the content team at <https:\/\/www.ada.cx\/|Ada> and we're looking for some freelance copywriting help with email, ad, and social copy (not long-form content). You'll have robust briefs and resources to work off so subject matter expertise not critical, but strong, *conversion-centered* *copywriting* skills are. Our brand voice is fresh, bold, and conversational. If all goes well, this could be a full-time position down the line. DM me if you're interested!",
        "user": "UJGHNJT7F",
        "ts": "1644444091.696499",
        "team": "TJE58GTJL",
        "user_team": "TJE58GTJL",
        "source_team": "TJE58GTJL",
        "user_profile": {
            "avatar_hash": "5cc90e00c79f",
            "image_72": "https:\/\/avatars.slack-edge.com\/2019-05-13\/622929306338_5cc90e00c79f616ff1ac_72.png",
            "first_name": "Dan",
            "real_name": "Dan Levy",
            "display_name": "Dan Levy",
            "team": "TJE58GTJL",
            "name": "danjlevy",
            "is_restricted": false,
            "is_ultra_restricted": false
        },
        "blocks": [
            {
                "type": "rich_text",
                "block_id": "bcrr9",
                "elements": [
                    {
                        "type": "rich_text_section",
                        "elements": [
                            {
                                "type": "text",
                                "text": "Hi friends, I lead the content team at "
                            },
                            {
                                "type": "link",
                                "url": "https:\/\/www.ada.cx\/",
                                "text": "Ada"
                            },
                            {
                                "type": "text",
                                "text": " and we're looking for some freelance copywriting help with email, ad, and social copy (not long-form content). You'll have robust briefs and resources to work off so subject matter expertise not critical, but strong, "
                            },
                            {
                                "type": "text",
                                "text": "conversion-centered",
                                "style": {
                                    "bold": true
                                }
                            },
                            {
                                "type": "text",
                                "text": " "
                            },
                            {
                                "type": "text",
                                "text": "copywriting",
                                "style": {
                                    "bold": true
                                }
                            },
                            {
                                "type": "text",
                                "text": " skills are. Our brand voice is fresh, bold, and conversational. If all goes well, this could be a full-time position down the line. DM me if you're interested!"
                            }
                        ]
                    }
                ]
            }
        ],
        "thread_ts": "1644444091.696499",
        "reply_count": 3,
        "reply_users_count": 3,
        "latest_reply": "1650811820.847279",
        "reply_users": [
            "U0188DZQPB8",
            "U01FUP6AMEZ",
            "U03AVHF6PGE"
        ],
        "replies": [
            {
                "user": "U0188DZQPB8",
                "ts": "1644448693.021469"
            },
            {
                "user": "U01FUP6AMEZ",
                "ts": "1644504797.746569"
            },
            {
                "user": "U03AVHF6PGE",
                "ts": "1650811820.847279"
            }
        ],
        "is_locked": false,
        "subscribed": false
    },
    {
        "client_msg_id": "fc8eccb0-425d-4665-9626-2aa4fde27052",
        "type": "message",
        "text": "DM'd you <@UJGHNJT7F>",
        "user": "U0188DZQPB8",
        "ts": "1644448693.021469",
        "team": "TJE58GTJL",
        "user_team": "TJE58GTJL",
        "source_team": "TJE58GTJL",
        "user_profile": {
            "avatar_hash": "a212eadb87bc",
            "image_72": "https:\/\/avatars.slack-edge.com\/2020-08-11\/1295590126722_a212eadb87bcaf2d6d8d_72.png",
            "first_name": "Melissa",
            "real_name": "Melissa Yap",
            "display_name": "Mel",
            "team": "TJE58GTJL",
            "name": "mellie.yap",
            "is_restricted": false,
            "is_ultra_restricted": false
        },
        "blocks": [
            {
                "type": "rich_text",
                "block_id": "BPB6Q",
                "elements": [
                    {
                        "type": "rich_text_section",
                        "elements": [
                            {
                                "type": "text",
                                "text": "DM'd you "
                            },
                            {
                                "type": "user",
                                "user_id": "UJGHNJT7F"
                            }
                        ]
                    }
                ]
            }
        ],
        "thread_ts": "1644444091.696499",
        "parent_user_id": "UJGHNJT7F"
    },
    {
        "client_msg_id": "82805d07-79ac-4522-87b1-9dc7b3b157e6",
        "type": "message",
        "text": ":hugging_face:\nHey all! UX Research and Strategy is on the hunt for a volunteer content strategist.\n:writing_hand::skin-tone-3:\n• Do you like our social media content?\n• Do you want to make it better?\n• Do you want literally tens of thousands of people to see your work?\n• Do you want to beef up you portfolio with excellent clips?\n• Do you want your work to be seen by people all over the world?\n:earth_africa:\nThen we have a position for you! Check out this role description and fill out the application to start the process.\n<https:\/\/docs.google.com\/forms\/u\/0\/d\/e\/1FAIpQLScha4KeUky72tC1HQDq8HopZMtH2XNtCC2uZuiS0IPRoZ-mQA\/viewform?usp=send_form&amp;pli=1>\nThank you for considering working with us to make some of the best UX content on the planet.\n\n<https:\/\/www.linkedin.com\/company\/ux-research-and-strategy-group\/>\n<https:\/\/www.uxresearchandstrategy.com\/>",
        "user": "U03330N1VS4",
        "ts": "1644461647.336569",
        "team": "TJE58GTJL",
        "user_team": "TJE58GTJL",
        "source_team": "TJE58GTJL",
        "user_profile": {
            "avatar_hash": "d0b90108d78e",
            "image_72": "https:\/\/avatars.slack-edge.com\/2022-02-09\/3105558088128_d0b90108d78e57a98c67_72.png",
            "first_name": "Jen",
            "real_name": "Jen Blatz",
            "display_name": "Jen Blatz",
            "team": "TJE58GTJL",
            "name": "jnblatz",
            "is_restricted": false,
            "is_ultra_restricted": false
        },
        "attachments": [
            {
                "from_url": "https:\/\/www.uxresearchandstrategy.com\/",
                "image_url": "https:\/\/www.uxresearchandstrategy.com\/uploads\/1\/2\/6\/7\/126713167\/published\/adam-sketch.png?1628643060",
                "image_width": 153,
                "image_height": 250,
                "image_bytes": 307045,
                "service_icon": "https:\/\/www.uxresearchandstrategy.com\/favicon.ico",
                "id": 1,
                "original_url": "https:\/\/www.uxresearchandstrategy.com\/",
                "fallback": "UX Research and Strategy",
                "text": "UX Research and Strategy meetup. Starting in Dallas, Texas, taking over the world. Founded by Jen Jennifer Blatz, Lorie Whitaker, and Lauren Singer",
                "title": "UX Research and Strategy",
                "title_link": "https:\/\/www.uxresearchandstrategy.com\/",
                "service_name": "uxresearchandstrategy.com"
            }
        ],
        "blocks": [
            {
                "type": "rich_text",
                "block_id": "f=H",
                "elements": [
                    {
                        "type": "rich_text_section",
                        "elements": [
                            {
                                "type": "emoji",
                                "name": "hugging_face"
                            },
                            {
                                "type": "text",
                                "text": "\nHey all! UX Research and Strategy is on the hunt for a volunteer content strategist.\n"
                            },
                            {
                                "type": "emoji",
                                "name": "writing_hand",
                                "skin_tone": 3
                            },
                            {
                                "type": "text",
                                "text": "\n"
                            }
                        ]
                    },
                    {
                        "type": "rich_text_list",
                        "elements": [
                            {
                                "type": "rich_text_section",
                                "elements": [
                                    {
                                        "type": "text",
                                        "text": "Do you like our social media content?"
                                    }
                                ]
                            },
                            {
                                "type": "rich_text_section",
                                "elements": [
                                    {
                                        "type": "text",
                                        "text": "Do you want to make it better?"
                                    }
                                ]
                            },
                            {
                                "type": "rich_text_section",
                                "elements": [
                                    {
                                        "type": "text",
                                        "text": "Do you want literally tens of thousands of people to see your work?"
                                    }
                                ]
                            },
                            {
                                "type": "rich_text_section",
                                "elements": [
                                    {
                                        "type": "text",
                                        "text": "Do you want to beef up you portfolio with excellent clips?"
                                    }
                                ]
                            },
                            {
                                "type": "rich_text_section",
                                "elements": [
                                    {
                                        "type": "text",
                                        "text": "Do you want your work to be seen by people all over the world?"
                                    }
                                ]
                            }
                        ],
                        "style": "bullet",
                        "indent": 0,
                        "border": 0
                    },
                    {
                        "type": "rich_text_section",
                        "elements": [
                            {
                                "type": "emoji",
                                "name": "earth_africa"
                            },
                            {
                                "type": "text",
                                "text": "\nThen we have a position for you! Check out this role description and fill out the application to start the process.\n"
                            },
                            {
                                "type": "link",
                                "url": "https:\/\/docs.google.com\/forms\/u\/0\/d\/e\/1FAIpQLScha4KeUky72tC1HQDq8HopZMtH2XNtCC2uZuiS0IPRoZ-mQA\/viewform?usp=send_form&pli=1"
                            },
                            {
                                "type": "text",
                                "text": "\nThank you for considering working with us to make some of the best UX content on the planet.\n\n"
                            },
                            {
                                "type": "link",
                                "url": "https:\/\/www.linkedin.com\/company\/ux-research-and-strategy-group\/"
                            },
                            {
                                "type": "text",
                                "text": "\n"
                            },
                            {
                                "type": "link",
                                "url": "https:\/\/www.uxresearchandstrategy.com\/"
                            }
                        ]
                    }
                ]
            }
        ]
    },
    {
        "client_msg_id": "aa45ace2-38df-4db1-ad27-c1b324fc2ecc",
        "type": "message",
        "text": "<@U02QVPG4DGT> does an excellent job.",
        "user": "U02PRMEAP0V",
        "ts": "1644471046.434559",
        "team": "TJE58GTJL",
        "user_team": "TJE58GTJL",
        "source_team": "TJE58GTJL",
        "user_profile": {
            "avatar_hash": "3655374527f9",
            "image_72": "https:\/\/avatars.slack-edge.com\/2022-03-23\/3282575021317_3655374527f96f1c0934_72.png",
            "first_name": "Elsier",
            "real_name": "Elsier Otachi",
            "display_name": "Elsier Otachi",
            "team": "TJE58GTJL",
            "name": "biagelo",
            "is_restricted": false,
            "is_ultra_restricted": false
        },
        "blocks": [
            {
                "type": "rich_text",
                "block_id": "d9uP",
                "elements": [
                    {
                        "type": "rich_text_section",
                        "elements": [
                            {
                                "type": "user",
                                "user_id": "U02QVPG4DGT"
                            },
                            {
                                "type": "text",
                                "text": " does an excellent job."
                            }
                        ]
                    }
                ]
            }
        ],
        "thread_ts": "1644348599.327369",
        "parent_user_id": "U02NK9ZJSGY"
    },
    {
        "client_msg_id": "ffce177d-e130-40f6-a093-2f987b61e1d1",
        "type": "message",
        "text": "Just sent a DM!",
        "user": "U031H7YNAPJ",
        "ts": "1644473789.416879",
        "team": "TJE58GTJL",
        "user_team": "TJE58GTJL",
        "source_team": "TJE58GTJL",
        "user_profile": {
            "avatar_hash": "971687224ae2",
            "image_72": "https:\/\/avatars.slack-edge.com\/2022-01-31\/3031923953333_971687224ae23494ecbb_72.jpg",
            "first_name": "Ajay",
            "real_name": "Ajay Dani",
            "display_name": "Ajay",
            "team": "TJE58GTJL",
            "name": "info017",
            "is_restricted": false,
            "is_ultra_restricted": false
        },
        "blocks": [
            {
                "type": "rich_text",
                "block_id": "6F1B",
                "elements": [
                    {
                        "type": "rich_text_section",
                        "elements": [
                            {
                                "type": "text",
                                "text": "Just sent a DM!"
                            }
                        ]
                    }
                ]
            }
        ],
        "thread_ts": "1644348599.327369",
        "parent_user_id": "U02NK9ZJSGY"
    },
    {
        "client_msg_id": "68c00163-dd15-4c05-b038-f4c0bbbc1c22",
        "type": "message",
        "text": "Separate",
        "user": "U011QQDDSJV",
        "ts": "1644474126.275979",
        "team": "TJE58GTJL",
        "user_team": "TJE58GTJL",
        "source_team": "TJE58GTJL",
        "user_profile": {
            "avatar_hash": "26f290c29155",
            "image_72": "https:\/\/avatars.slack-edge.com\/2020-04-08\/1046081228023_26f290c2915541368412_72.png",
            "first_name": "Nikolas",
            "real_name": "Nikolas Wright",
            "display_name": "Nik",
            "team": "TJE58GTJL",
            "name": "wright.nikolas",
            "is_restricted": false,
            "is_ultra_restricted": false
        },
        "blocks": [
            {
                "type": "rich_text",
                "block_id": "JE9q",
                "elements": [
                    {
                        "type": "rich_text_section",
                        "elements": [
                            {
                                "type": "text",
                                "text": "Separate"
                            }
                        ]
                    }
                ]
            }
        ],
        "thread_ts": "1644273833.754999",
        "parent_user_id": "U02SU2BECCA"
    }
]