[
    {
        "client_msg_id": "a78b1f49-990e-4eba-88a1-30cab5cb3674",
        "type": "message",
        "text": "Hi I am looking for experienced Product Designers and Marketers (at least 7 years of experience) to feature on our micro consulting platform <https:\/\/wizly.app\/> . We already have over 120 high profile experts (many have fortune 500 experience, including Facebook, Google, Apple, etc.) to answer micro consulting questions.\n\nThere are 3 ways to monetize on Wizly as an expert:\n\n1. By answering micro consulting question;\n2. When users schedule a micro consulting session with you;\n3. When you produce content or hold a webinar for us. \nIf you believe you are a good fit, please DM me your LinkedIn profile URL.",
        "user": "U034Q9PAU90",
        "ts": "1645866652.956909",
        "team": "TJE58GTJL",
        "user_team": "TJE58GTJL",
        "source_team": "TJE58GTJL",
        "user_profile": {
            "avatar_hash": "0d8d8f72a478",
            "image_72": "https:\/\/avatars.slack-edge.com\/2022-02-25\/3145844917799_0d8d8f72a4787e44926d_72.jpg",
            "first_name": "Stef",
            "real_name": "Stef Curcio",
            "display_name": "Stef Curcio",
            "team": "TJE58GTJL",
            "name": "curciostef",
            "is_restricted": false,
            "is_ultra_restricted": false
        },
        "blocks": [
            {
                "type": "rich_text",
                "block_id": "IZLvo",
                "elements": [
                    {
                        "type": "rich_text_section",
                        "elements": [
                            {
                                "type": "text",
                                "text": "Hi I am looking for experienced Product Designers and Marketers (at least 7 years of experience) to feature on our micro consulting platform "
                            },
                            {
                                "type": "link",
                                "url": "https:\/\/wizly.app\/"
                            },
                            {
                                "type": "text",
                                "text": " . We already have over 120 high profile experts (many have fortune 500 experience, including Facebook, Google, Apple, etc.) to answer micro consulting questions.\n\nThere are 3 ways to monetize on Wizly as an expert:\n\n"
                            }
                        ]
                    },
                    {
                        "type": "rich_text_list",
                        "elements": [
                            {
                                "type": "rich_text_section",
                                "elements": [
                                    {
                                        "type": "text",
                                        "text": "By answering micro consulting question;"
                                    }
                                ]
                            },
                            {
                                "type": "rich_text_section",
                                "elements": [
                                    {
                                        "type": "text",
                                        "text": "When users schedule a micro consulting session with you;"
                                    }
                                ]
                            },
                            {
                                "type": "rich_text_section",
                                "elements": [
                                    {
                                        "type": "text",
                                        "text": "When you produce content or hold a webinar for us. "
                                    }
                                ]
                            }
                        ],
                        "style": "ordered",
                        "indent": 0,
                        "border": 0
                    },
                    {
                        "type": "rich_text_section",
                        "elements": [
                            {
                                "type": "text",
                                "text": "\nIf you believe you are a good fit, please DM me your LinkedIn profile URL."
                            }
                        ]
                    }
                ]
            }
        ],
        "reactions": [
            {
                "name": "+1",
                "users": [
                    "U029WCJDVU0",
                    "UJJELJPNH"
                ],
                "count": 2
            }
        ]
    },
    {
        "client_msg_id": "7bfd4a59-c261-422f-920c-419a288a6efb",
        "type": "message",
        "text": "Hello, Everyone!\n\nNimbleEdge is looking for two (technical) content writer Interns. \n\nNimbleEdge is leading the movement towards true edge computing, building a new era of technology that alters the status quo between the cloud and the users' devices. NimbleEdge provides hyper-personalized AI without any data leaving the device. A technology that is inherently privacy-preserving. Our core mission is to educate and raise awareness of edge computing and the benefits of the edge in terms of privacy, security, and app performance.\n\nThis might be a fantastic opportunity for someone who enjoys writing and has familiarity with data science or edge computing. Knowledge of SEO and keyword research is a bonus, but not needed. You don't need to be an expert, but you should have a strong desire to write and learn. \n\nAs an intern, you will have the opportunity to demonstrate your abilities, make substantial contributions, network, earn swag, and, most importantly, be considered for full-time employment. \n\nFill out this form if interested : <https:\/\/forms.gle\/UamdCXji9j21Bwbh8|https:\/\/forms.gle\/UamdCXji9j21Bwbh8>\n\nFor any questions, feel free to DM me or join the Discord channel (<https:\/\/discord.gg\/ZbdE4Gvm|https:\/\/discord.gg\/ZbdE4Gvm>) and ask in the community.",
        "user": "U0344R829SM",
        "ts": "1645872887.394969",
        "team": "TJE58GTJL",
        "user_team": "TJE58GTJL",
        "source_team": "TJE58GTJL",
        "user_profile": {
            "avatar_hash": "0699660d1932",
            "image_72": "https:\/\/avatars.slack-edge.com\/2022-03-17\/3251722532291_0699660d1932f7a1a96b_72.jpg",
            "first_name": "Shaistha",
            "real_name": "Shaistha",
            "display_name": "Shaistha",
            "team": "TJE58GTJL",
            "name": "shaistha24",
            "is_restricted": false,
            "is_ultra_restricted": false
        },
        "blocks": [
            {
                "type": "rich_text",
                "block_id": "ImH",
                "elements": [
                    {
                        "type": "rich_text_section",
                        "elements": [
                            {
                                "type": "text",
                                "text": "Hello, Everyone!\n\nNimbleEdge is looking for two (technical) content writer Interns. \n\nNimbleEdge is leading the movement towards true edge computing, building a new era of technology that alters the status quo between the cloud and the users' devices. NimbleEdge provides hyper-personalized AI without any data leaving the device. A technology that is inherently privacy-preserving. Our core mission is to educate and raise awareness of edge computing and the benefits of the edge in terms of privacy, security, and app performance.\n\nThis might be a fantastic opportunity for someone who enjoys writing and has familiarity with data science or edge computing. Knowledge of SEO and keyword research is a bonus, but not needed. You don't need to be an expert, but you should have a strong desire to write and learn. \n\nAs an intern, you will have the opportunity to demonstrate your abilities, make substantial contributions, network, earn swag, and, most importantly, be considered for full-time employment. \n\nFill out this form if interested : "
                            },
                            {
                                "type": "link",
                                "url": "https:\/\/forms.gle\/UamdCXji9j21Bwbh8",
                                "text": "https:\/\/forms.gle\/UamdCXji9j21Bwbh8"
                            },
                            {
                                "type": "text",
                                "text": "\n\nFor any questions, feel free to DM me or join the Discord channel ("
                            },
                            {
                                "type": "link",
                                "url": "https:\/\/discord.gg\/ZbdE4Gvm",
                                "text": "https:\/\/discord.gg\/ZbdE4Gvm"
                            },
                            {
                                "type": "text",
                                "text": ") and ask in the community."
                            }
                        ]
                    }
                ]
            }
        ]
    },
    {
        "client_msg_id": "70295085-d360-4057-ba28-d49637139973",
        "type": "message",
        "text": "I've been successfully freelancing for about 10 years. Niching down on the type of content (I focus on long form such as white papers and ebooks) and niching down on who you serve (certain industry) are keys to standing out and getting clients. LI has also been great  place to both connect with my ideal clients and have prospects reach out to me, as well as just meet a lot of great people to have in my network.",
        "user": "U034NCQDL4C",
        "ts": "1645894090.529629",
        "team": "TJE58GTJL",
        "user_team": "TJE58GTJL",
        "source_team": "TJE58GTJL",
        "user_profile": {
            "avatar_hash": "33ba8413e7bd",
            "image_72": "https:\/\/avatars.slack-edge.com\/2022-02-25\/3155972088566_33ba8413e7bd92c59673_72.jpg",
            "first_name": "Becky",
            "real_name": "Becky Lawlor",
            "display_name": "Becky",
            "team": "TJE58GTJL",
            "name": "becky",
            "is_restricted": false,
            "is_ultra_restricted": false
        },
        "blocks": [
            {
                "type": "rich_text",
                "block_id": "rYz",
                "elements": [
                    {
                        "type": "rich_text_section",
                        "elements": [
                            {
                                "type": "text",
                                "text": "I've been successfully freelancing for about 10 years. Niching down on the type of content (I focus on long form such as white papers and ebooks) and niching down on who you serve (certain industry) are keys to standing out and getting clients. LI has also been great  place to both connect with my ideal clients and have prospects reach out to me, as well as just meet a lot of great people to have in my network."
                            }
                        ]
                    }
                ]
            }
        ],
        "thread_ts": "1644543348.425669",
        "parent_user_id": "U031B8HB5FB"
    },
    {
        "client_msg_id": "20656e4b-28be-4740-92b3-3993c99a628d",
        "type": "message",
        "text": "Thanks, <@U034NCQDL4C>!",
        "user": "U031B8HB5FB",
        "ts": "1645895446.665229",
        "team": "TJE58GTJL",
        "user_team": "TJE58GTJL",
        "source_team": "TJE58GTJL",
        "user_profile": {
            "avatar_hash": "00d87ccfb42a",
            "image_72": "https:\/\/avatars.slack-edge.com\/2022-02-02\/3033846562567_00d87ccfb42a0696543e_72.jpg",
            "first_name": "Jill",
            "real_name": "Jill Golden",
            "display_name": "Jill Golden",
            "team": "TJE58GTJL",
            "name": "jillkgolden",
            "is_restricted": false,
            "is_ultra_restricted": false
        },
        "blocks": [
            {
                "type": "rich_text",
                "block_id": "uJfuA",
                "elements": [
                    {
                        "type": "rich_text_section",
                        "elements": [
                            {
                                "type": "text",
                                "text": "Thanks, "
                            },
                            {
                                "type": "user",
                                "user_id": "U034NCQDL4C"
                            },
                            {
                                "type": "text",
                                "text": "!"
                            }
                        ]
                    }
                ]
            }
        ],
        "thread_ts": "1644543348.425669",
        "parent_user_id": "U031B8HB5FB"
    }
]