[
    {
        "client_msg_id": "d758cc45-aed3-4c44-acb1-87c19d6047f6",
        "type": "message",
        "text": "I'm a Campaign Monitor super fan! I loved it when I was managing a lot of different client email marketing accounts. Beautiful reporting. Easy templates. Seriously love it.",
        "user": "U01DEA6F7CH",
        "ts": "1636554704.080000",
        "team": "TJE58GTJL",
        "user_team": "TJE58GTJL",
        "source_team": "TJE58GTJL",
        "user_profile": {
            "avatar_hash": "70a1b3d3ea49",
            "image_72": "https:\/\/avatars.slack-edge.com\/2020-10-22\/1443614799301_70a1b3d3ea49adc43894_72.jpg",
            "first_name": "Lee",
            "real_name": "Lee Price",
            "display_name": "Lee Price",
            "team": "TJE58GTJL",
            "name": "lee792",
            "is_restricted": false,
            "is_ultra_restricted": false
        },
        "blocks": [
            {
                "type": "rich_text",
                "block_id": "yol+",
                "elements": [
                    {
                        "type": "rich_text_section",
                        "elements": [
                            {
                                "type": "text",
                                "text": "I'm a Campaign Monitor super fan! I loved it when I was managing a lot of different client email marketing accounts. Beautiful reporting. Easy templates. Seriously love it."
                            }
                        ]
                    }
                ]
            }
        ],
        "thread_ts": "1636210800.075400",
        "parent_user_id": "UJG9WTEKG",
        "reactions": [
            {
                "name": "partyparrot",
                "users": [
                    "UJG9WTEKG"
                ],
                "count": 1
            },
            {
                "name": "fire",
                "users": [
                    "UJG9WTEKG"
                ],
                "count": 1
            },
            {
                "name": "first_place_medal",
                "users": [
                    "U02BRGBQZ8F"
                ],
                "count": 1
            }
        ]
    }
]