[
    {
        "client_msg_id": "80807c5e-beeb-4613-b9f3-4ee1649155fe",
        "type": "message",
        "text": "thanks for the info!",
        "user": "U02F43CAK5X",
        "ts": "1634560306.259400",
        "team": "TJE58GTJL",
        "user_team": "TJE58GTJL",
        "source_team": "TJE58GTJL",
        "user_profile": {
            "avatar_hash": "96937be5af03",
            "image_72": "https:\/\/avatars.slack-edge.com\/2021-09-21\/2500350284535_96937be5af03a50d7004_72.jpg",
            "first_name": "Amanda",
            "real_name": "Amanda Milligan",
            "display_name": "Amanda Milligan",
            "team": "TJE58GTJL",
            "name": "amilligan",
            "is_restricted": false,
            "is_ultra_restricted": false
        },
        "blocks": [
            {
                "type": "rich_text",
                "block_id": "KV5sj",
                "elements": [
                    {
                        "type": "rich_text_section",
                        "elements": [
                            {
                                "type": "text",
                                "text": "thanks for the info!"
                            }
                        ]
                    }
                ]
            }
        ],
        "thread_ts": "1634233686.257300",
        "parent_user_id": "U02F43CAK5X"
    },
    {
        "client_msg_id": "8aa7a3a5-e18b-4d48-89f4-b26d1275ad36",
        "type": "message",
        "text": "Yesm <@U01N4EQQTL6>! This is exactly what my agency is going through now...sign me up",
        "user": "U02AJEY8ACW",
        "ts": "1634570867.259600",
        "team": "TJE58GTJL",
        "user_team": "TJE58GTJL",
        "source_team": "TJE58GTJL",
        "user_profile": {
            "avatar_hash": "a3fa1c4342fb",
            "image_72": "https:\/\/avatars.slack-edge.com\/2021-08-11\/2393938925632_a3fa1c4342fb8d904897_72.jpg",
            "first_name": "Maeva",
            "real_name": "Maeva Cifuentes",
            "display_name": "Maeva",
            "team": "TJE58GTJL",
            "name": "maeva",
            "is_restricted": false,
            "is_ultra_restricted": false
        },
        "blocks": [
            {
                "type": "rich_text",
                "block_id": "b\/A8Q",
                "elements": [
                    {
                        "type": "rich_text_section",
                        "elements": [
                            {
                                "type": "text",
                                "text": "Yesm "
                            },
                            {
                                "type": "user",
                                "user_id": "U01N4EQQTL6"
                            },
                            {
                                "type": "text",
                                "text": "! This is exactly what my agency is going through now...sign me up"
                            }
                        ]
                    }
                ]
            }
        ],
        "thread_ts": "1633553107.223400",
        "parent_user_id": "U01N4EQQTL6"
    },
    {
        "client_msg_id": "9536e89e-dd42-4a6b-a220-f204ab94d9e7",
        "type": "message",
        "text": "Hey all, happy Monday!! Does anyone have any tips or places that they look for freelance writers? As an agency we seem to be coming up against the same problem time after time of not being able to find good enough writers for specific client projects....we don't want to put test writers on new clients but we also don't have a bank of verified writers to use",
        "user": "U02AJEYF538",
        "ts": "1634570983.260400",
        "team": "TJE58GTJL",
        "user_team": "TJE58GTJL",
        "source_team": "TJE58GTJL",
        "user_profile": {
            "avatar_hash": "92699558b588",
            "image_72": "https:\/\/avatars.slack-edge.com\/2021-08-18\/2392903416787_92699558b58866c772c4_72.png",
            "first_name": "Katie",
            "real_name": "Katie Bray",
            "display_name": "Katie Bray",
            "team": "TJE58GTJL",
            "name": "katie171",
            "is_restricted": false,
            "is_ultra_restricted": false
        },
        "edited": {
            "user": "U02AJEYF538",
            "ts": "1634571038.000000"
        },
        "blocks": [
            {
                "type": "rich_text",
                "block_id": "gQSDW",
                "elements": [
                    {
                        "type": "rich_text_section",
                        "elements": [
                            {
                                "type": "text",
                                "text": "Hey all, happy Monday!! Does anyone have any tips or places that they look for freelance writers? As an agency we seem to be coming up against the same problem time after time of not being able to find good enough writers for specific client projects....we don't want to put test writers on new clients but we also don't have a bank of verified writers to use"
                            }
                        ]
                    }
                ]
            }
        ],
        "thread_ts": "1634570983.260400",
        "reply_count": 17,
        "reply_users_count": 9,
        "latest_reply": "1634917115.014700",
        "reply_users": [
            "U022WPACV4L",
            "U02AJEYF538",
            "U024K88ECFN",
            "UJ934FU3B",
            "U02EA5937MM",
            "U01NM31CTFU",
            "USLACKBOT",
            "U02JJ9PJ4SG",
            "U02D0R17068"
        ],
        "replies": [
            {
                "user": "U022WPACV4L",
                "ts": "1634571105.260600"
            },
            {
                "user": "U02AJEYF538",
                "ts": "1634571138.260800"
            },
            {
                "user": "U024K88ECFN",
                "ts": "1634571578.261000"
            },
            {
                "user": "U02AJEYF538",
                "ts": "1634571843.261200"
            },
            {
                "user": "U024K88ECFN",
                "ts": "1634572375.261400"
            },
            {
                "user": "U02AJEYF538",
                "ts": "1634574101.267800"
            },
            {
                "user": "UJ934FU3B",
                "ts": "1634576252.268100"
            },
            {
                "user": "U02AJEYF538",
                "ts": "1634629999.268400"
            },
            {
                "user": "UJ934FU3B",
                "ts": "1634650371.270100"
            },
            {
                "user": "U02EA5937MM",
                "ts": "1634664853.271800"
            },
            {
                "user": "U01NM31CTFU",
                "ts": "1634784158.000100"
            },
            {
                "user": "U02AJEYF538",
                "ts": "1634803561.000800"
            },
            {
                "user": "USLACKBOT",
                "ts": "1634803563.001000"
            },
            {
                "user": "U02JJ9PJ4SG",
                "ts": "1634813451.002700"
            },
            {
                "user": "U02EA5937MM",
                "ts": "1634823483.002900"
            },
            {
                "user": "U01NM31CTFU",
                "ts": "1634842009.004400"
            },
            {
                "user": "U02D0R17068",
                "ts": "1634917115.014700"
            }
        ],
        "is_locked": false,
        "subscribed": false
    },
    {
        "client_msg_id": "22096fb7-860a-4a45-ba57-42aa44411b85",
        "type": "message",
        "text": "Check out the <#C021RFDHEMD|all-things-freelance> channel here. It's led to us hiring some pretty good writers.\n\nI also recommend Verblio. I've been using it for about a month now and I was legit surprised at the quality of writers we've been able to find",
        "user": "U022WPACV4L",
        "ts": "1634571105.260600",
        "team": "TJE58GTJL",
        "user_team": "TJE58GTJL",
        "source_team": "TJE58GTJL",
        "user_profile": {
            "avatar_hash": "bc588db919e3",
            "image_72": "https:\/\/avatars.slack-edge.com\/2021-05-21\/2092645159746_bc588db919e300f6dc48_72.jpg",
            "first_name": "Taran",
            "real_name": "Taran Soodan",
            "display_name": "Taran Soodan",
            "team": "TJE58GTJL",
            "name": "taran",
            "is_restricted": false,
            "is_ultra_restricted": false
        },
        "blocks": [
            {
                "type": "rich_text",
                "block_id": "42s",
                "elements": [
                    {
                        "type": "rich_text_section",
                        "elements": [
                            {
                                "type": "text",
                                "text": "Check out the "
                            },
                            {
                                "type": "channel",
                                "channel_id": "C021RFDHEMD"
                            },
                            {
                                "type": "text",
                                "text": " channel here. It's led to us hiring some pretty good writers.\n\nI also recommend Verblio. I've been using it for about a month now and I was legit surprised at the quality of writers we've been able to find"
                            }
                        ]
                    }
                ]
            }
        ],
        "thread_ts": "1634570983.260400",
        "parent_user_id": "U02AJEYF538"
    },
    {
        "client_msg_id": "21dd709c-474e-42d7-bc35-1f56e02fe0d5",
        "type": "message",
        "text": "Thank you <@U022WPACV4L>!!",
        "user": "U02AJEYF538",
        "ts": "1634571138.260800",
        "team": "TJE58GTJL",
        "user_team": "TJE58GTJL",
        "source_team": "TJE58GTJL",
        "user_profile": {
            "avatar_hash": "92699558b588",
            "image_72": "https:\/\/avatars.slack-edge.com\/2021-08-18\/2392903416787_92699558b58866c772c4_72.png",
            "first_name": "Katie",
            "real_name": "Katie Bray",
            "display_name": "Katie Bray",
            "team": "TJE58GTJL",
            "name": "katie171",
            "is_restricted": false,
            "is_ultra_restricted": false
        },
        "blocks": [
            {
                "type": "rich_text",
                "block_id": "RAp",
                "elements": [
                    {
                        "type": "rich_text_section",
                        "elements": [
                            {
                                "type": "text",
                                "text": "Thank you "
                            },
                            {
                                "type": "user",
                                "user_id": "U022WPACV4L"
                            },
                            {
                                "type": "text",
                                "text": "!!"
                            }
                        ]
                    }
                ]
            }
        ],
        "thread_ts": "1634570983.260400",
        "parent_user_id": "U02AJEYF538"
    },
    {
        "client_msg_id": "f935f0a9-fb3f-4af0-bfbb-c4ae31c4bb83",
        "type": "message",
        "text": "I know it's not fancy, but I got a TON of leads from posting on Twitter. We ended up hiring 2 absolutely phenomenal freelancers from that one post (which was the number of slots I had). It takes some qualifying, for sure, but it was great.\n\nAlso, we've found that asking for one test piece before confirming ongoing freelance work has made a pretty massive difference in the quality we end up with. A lot of freelancers have sent us pieces that seem great, but when we get work from them, the quality is completely different. It's hard to tell what you're going to get for sure until you see an unedited, raw piece from them.",
        "user": "U024K88ECFN",
        "ts": "1634571578.261000",
        "team": "TJE58GTJL",
        "user_team": "TJE58GTJL",
        "source_team": "TJE58GTJL",
        "user_profile": {
            "avatar_hash": "00c4a04080e3",
            "image_72": "https:\/\/avatars.slack-edge.com\/2022-03-23\/3286590119379_00c4a04080e367a58cfc_72.png",
            "first_name": "Rebekah",
            "real_name": "Rebekah Edwards",
            "display_name": "Rebekah Edwards",
            "team": "TJE58GTJL",
            "name": "rebekah473",
            "is_restricted": false,
            "is_ultra_restricted": false
        },
        "blocks": [
            {
                "type": "rich_text",
                "block_id": "RfSbI",
                "elements": [
                    {
                        "type": "rich_text_section",
                        "elements": [
                            {
                                "type": "text",
                                "text": "I know it's not fancy, but I got a TON of leads from posting on Twitter. We ended up hiring 2 absolutely phenomenal freelancers from that one post (which was the number of slots I had). It takes some qualifying, for sure, but it was great.\n\nAlso, we've found that asking for one test piece before confirming ongoing freelance work has made a pretty massive difference in the quality we end up with. A lot of freelancers have sent us pieces that seem great, but when we get work from them, the quality is completely different. It's hard to tell what you're going to get for sure until you see an unedited, raw piece from them."
                            }
                        ]
                    }
                ]
            }
        ],
        "thread_ts": "1634570983.260400",
        "parent_user_id": "U02AJEYF538"
    },
    {
        "client_msg_id": "a89dcda8-a459-4492-a1c4-f5edc66613d5",
        "type": "message",
        "text": "<@U024K88ECFN> thank you! This is one of the problems that we keep facing, the samples seem more than OK but the actual piece that they end up writing for us is no where near that level. How do you use the test pieces?\n\nWhat's your process for qualifying the writers initially?",
        "user": "U02AJEYF538",
        "ts": "1634571843.261200",
        "team": "TJE58GTJL",
        "user_team": "TJE58GTJL",
        "source_team": "TJE58GTJL",
        "user_profile": {
            "avatar_hash": "92699558b588",
            "image_72": "https:\/\/avatars.slack-edge.com\/2021-08-18\/2392903416787_92699558b58866c772c4_72.png",
            "first_name": "Katie",
            "real_name": "Katie Bray",
            "display_name": "Katie Bray",
            "team": "TJE58GTJL",
            "name": "katie171",
            "is_restricted": false,
            "is_ultra_restricted": false
        },
        "blocks": [
            {
                "type": "rich_text",
                "block_id": "XvvP",
                "elements": [
                    {
                        "type": "rich_text_section",
                        "elements": [
                            {
                                "type": "user",
                                "user_id": "U024K88ECFN"
                            },
                            {
                                "type": "text",
                                "text": " thank you! This is one of the problems that we keep facing, the samples seem more than OK but the actual piece that they end up writing for us is no where near that level. How do you use the test pieces?\n\nWhat's your process for qualifying the writers initially?"
                            }
                        ]
                    }
                ]
            }
        ],
        "thread_ts": "1634570983.260400",
        "parent_user_id": "U02AJEYF538"
    },
    {
        "client_msg_id": "e848a28e-013a-4949-8f9c-98fd696f3539",
        "type": "message",
        "text": "<@U02AJEYF538> We generally start by asking for a resume and at least 3 examples of their work, as well as their rate. I can usually disqualify most folks based on those things alone — we have a short list of things we look for in their examples, and if those are missing, we just let them know it's not a fit. It's not a perfect system, though.\n\nWe're still honing our process for the test pieces, but what we've found works best is to assign something that we don't owe a client for 4-6 weeks. That way, if they send us something remarkably bad, we have time to assign it from scratch to an existing writer if needed.\n\nWe also have a pretty robust content brief and writing checklist all our writers get. That's improved the initial work we get from them a LOT!",
        "user": "U024K88ECFN",
        "ts": "1634572375.261400",
        "team": "TJE58GTJL",
        "user_team": "TJE58GTJL",
        "source_team": "TJE58GTJL",
        "user_profile": {
            "avatar_hash": "00c4a04080e3",
            "image_72": "https:\/\/avatars.slack-edge.com\/2022-03-23\/3286590119379_00c4a04080e367a58cfc_72.png",
            "first_name": "Rebekah",
            "real_name": "Rebekah Edwards",
            "display_name": "Rebekah Edwards",
            "team": "TJE58GTJL",
            "name": "rebekah473",
            "is_restricted": false,
            "is_ultra_restricted": false
        },
        "blocks": [
            {
                "type": "rich_text",
                "block_id": "FMeB",
                "elements": [
                    {
                        "type": "rich_text_section",
                        "elements": [
                            {
                                "type": "user",
                                "user_id": "U02AJEYF538"
                            },
                            {
                                "type": "text",
                                "text": " We generally start by asking for a resume and at least 3 examples of their work, as well as their rate. I can usually disqualify most folks based on those things alone — we have a short list of things we look for in their examples, and if those are missing, we just let them know it's not a fit. It's not a perfect system, though.\n\nWe're still honing our process for the test pieces, but what we've found works best is to assign something that we don't owe a client for 4-6 weeks. That way, if they send us something remarkably bad, we have time to assign it from scratch to an existing writer if needed.\n\nWe also have a pretty robust content brief and writing checklist all our writers get. That's improved the initial work we get from them a LOT!"
                            }
                        ]
                    }
                ]
            }
        ],
        "thread_ts": "1634570983.260400",
        "parent_user_id": "U02AJEYF538",
        "reactions": [
            {
                "name": "white_check_mark",
                "users": [
                    "U02AJEYF538",
                    "U01NM31CTFU"
                ],
                "count": 2
            }
        ]
    },
    {
        "client_msg_id": "13aad4b5-c44d-45b3-baf9-f7540fb78c7b",
        "type": "message",
        "text": "Great to know, thanks so much!",
        "user": "U02AJEYF538",
        "ts": "1634574101.267800",
        "team": "TJE58GTJL",
        "user_team": "TJE58GTJL",
        "source_team": "TJE58GTJL",
        "user_profile": {
            "avatar_hash": "92699558b588",
            "image_72": "https:\/\/avatars.slack-edge.com\/2021-08-18\/2392903416787_92699558b58866c772c4_72.png",
            "first_name": "Katie",
            "real_name": "Katie Bray",
            "display_name": "Katie Bray",
            "team": "TJE58GTJL",
            "name": "katie171",
            "is_restricted": false,
            "is_ultra_restricted": false
        },
        "blocks": [
            {
                "type": "rich_text",
                "block_id": "vMTIw",
                "elements": [
                    {
                        "type": "rich_text_section",
                        "elements": [
                            {
                                "type": "text",
                                "text": "Great to know, thanks so much!"
                            }
                        ]
                    }
                ]
            }
        ],
        "thread_ts": "1634570983.260400",
        "parent_user_id": "U02AJEYF538"
    },
    {
        "client_msg_id": "86658f2c-087d-48ac-bc63-64963aeae10c",
        "type": "message",
        "text": "We've found success on <https:\/\/www.writeraccess.com\/>\n\nThey have the ability to do casting calls, which I've found helps narrow people down.",
        "user": "UJ934FU3B",
        "ts": "1634576252.268100",
        "team": "TJE58GTJL",
        "user_team": "TJE58GTJL",
        "source_team": "TJE58GTJL",
        "user_profile": {
            "avatar_hash": "gc685e3dd12c",
            "image_72": "https:\/\/secure.gravatar.com\/avatar\/e9c685e3dd12cba4d8011ab209dabd3d.jpg?s=72&d=https%3A%2F%2Fa.slack-edge.com%2Fdf10d%2Fimg%2Favatars%2Fava_0003-72.png",
            "first_name": "Adam",
            "real_name": "Adam Bockler",
            "display_name": "Adam Bockler",
            "team": "TJE58GTJL",
            "name": "adam",
            "is_restricted": false,
            "is_ultra_restricted": false
        },
        "attachments": [
            {
                "service_name": "WriterAccess",
                "title": "Hire Freelance Writers, Content Strategists, Translators, &amp; More - WriterAccess",
                "title_link": "https:\/\/www.writeraccess.com\/",
                "text": "Join the 26,000+ members who trust WriterAccess to hire quality freelance writers, editors, strategists, and translators to help with your company or agency's content marketing needs. Learn more.",
                "fallback": "WriterAccess: Hire Freelance Writers, Content Strategists, Translators, &amp; More - WriterAccess",
                "from_url": "https:\/\/www.writeraccess.com\/",
                "service_icon": "https:\/\/www-cdn.writeraccess.com\/images\/favicon\/apple-touch-icon.png",
                "id": 1,
                "original_url": "https:\/\/www.writeraccess.com\/"
            }
        ],
        "blocks": [
            {
                "type": "rich_text",
                "block_id": "HWB",
                "elements": [
                    {
                        "type": "rich_text_section",
                        "elements": [
                            {
                                "type": "text",
                                "text": "We've found success on "
                            },
                            {
                                "type": "link",
                                "url": "https:\/\/www.writeraccess.com\/"
                            },
                            {
                                "type": "text",
                                "text": "\n\nThey have the ability to do casting calls, which I've found helps narrow people down."
                            }
                        ]
                    }
                ]
            }
        ],
        "thread_ts": "1634570983.260400",
        "parent_user_id": "U02AJEYF538"
    }
]