[
    {
        "client_msg_id": "af60ebc3-11ad-4216-ac8a-050b8ce441fd",
        "type": "message",
        "text": "I am pulling together a freelance part-time position opening and am wondering what the position might be called? I'm looking for someone to create detailed blog briefs based on keyword targeting (they would be given the general topic), manage the blog timelines with the person publishing and 3 different copywriters across 3 brands, pull relevant images (SEO them), request artwork from graphic designer as applicable and do minor page updates (sometimes copy tweaks or additional images need added to a gallery).\n\nI was thinking maybe this is along the lines of a Content Marketing Associate? Would love your advice.",
        "user": "U01U4QYEXBJ",
        "ts": "1632168878.131700",
        "team": "TJE58GTJL",
        "user_team": "TJE58GTJL",
        "source_team": "TJE58GTJL",
        "user_profile": {
            "avatar_hash": "663eb11e79f3",
            "image_72": "https:\/\/avatars.slack-edge.com\/2021-09-25\/2556102616672_663eb11e79f303963afd_72.jpg",
            "first_name": "Barb",
            "real_name": "Barb Davids",
            "display_name": "Barb Davids",
            "team": "TJE58GTJL",
            "name": "barb",
            "is_restricted": false,
            "is_ultra_restricted": false
        },
        "blocks": [
            {
                "type": "rich_text",
                "block_id": "+mU3",
                "elements": [
                    {
                        "type": "rich_text_section",
                        "elements": [
                            {
                                "type": "text",
                                "text": "I am pulling together a freelance part-time position opening and am wondering what the position might be called? I'm looking for someone to create detailed blog briefs based on keyword targeting (they would be given the general topic), manage the blog timelines with the person publishing and 3 different copywriters across 3 brands, pull relevant images (SEO them), request artwork from graphic designer as applicable and do minor page updates (sometimes copy tweaks or additional images need added to a gallery).\n\nI was thinking maybe this is along the lines of a Content Marketing Associate? Would love your advice."
                            }
                        ]
                    }
                ]
            }
        ],
        "thread_ts": "1632168878.131700",
        "reply_count": 6,
        "reply_users_count": 5,
        "latest_reply": "1632609870.166600",
        "reply_users": [
            "U011QQDDSJV",
            "U02D0R17068",
            "U01U4QYEXBJ",
            "U02AJEY8ACW",
            "U02CZJT4FDG"
        ],
        "replies": [
            {
                "user": "U011QQDDSJV",
                "ts": "1632177025.131900"
            },
            {
                "user": "U02D0R17068",
                "ts": "1632180695.132200"
            },
            {
                "user": "U01U4QYEXBJ",
                "ts": "1632185484.132600"
            },
            {
                "user": "U02AJEY8ACW",
                "ts": "1632232064.132800"
            },
            {
                "user": "U02CZJT4FDG",
                "ts": "1632244068.138300"
            },
            {
                "user": "U01U4QYEXBJ",
                "ts": "1632609870.166600"
            }
        ],
        "is_locked": false,
        "subscribed": false
    },
    {
        "client_msg_id": "2c0c2783-3186-4e34-a749-f3a5bd966622",
        "type": "message",
        "text": "Before I finished reading your post, I was thinking “Content Associate” or “Content Specialist”",
        "user": "U011QQDDSJV",
        "ts": "1632177025.131900",
        "team": "TJE58GTJL",
        "user_team": "TJE58GTJL",
        "source_team": "TJE58GTJL",
        "user_profile": {
            "avatar_hash": "26f290c29155",
            "image_72": "https:\/\/avatars.slack-edge.com\/2020-04-08\/1046081228023_26f290c2915541368412_72.png",
            "first_name": "Nikolas",
            "real_name": "Nikolas Wright",
            "display_name": "Nik",
            "team": "TJE58GTJL",
            "name": "wright.nikolas",
            "is_restricted": false,
            "is_ultra_restricted": false
        },
        "blocks": [
            {
                "type": "rich_text",
                "block_id": "kmHy6",
                "elements": [
                    {
                        "type": "rich_text_section",
                        "elements": [
                            {
                                "type": "text",
                                "text": "Before I finished reading your post, I was thinking “Content Associate” or “Content Specialist”"
                            }
                        ]
                    }
                ]
            }
        ],
        "thread_ts": "1632168878.131700",
        "parent_user_id": "U01U4QYEXBJ"
    },
    {
        "client_msg_id": "a78dd7dd-b166-41be-a1c3-22bd1f573635",
        "type": "message",
        "text": "We just hired for this (took far too long) and ended up calling it a Content Marketing Manager (even though it was admin based). We had specific requirements and experience but that title ended up working out better for us. :slightly_smiling_face:",
        "user": "U02D0R17068",
        "ts": "1632180695.132200",
        "team": "TJE58GTJL",
        "user_team": "TJE58GTJL",
        "source_team": "TJE58GTJL",
        "user_profile": {
            "avatar_hash": "e1f403cc33c0",
            "image_72": "https:\/\/avatars.slack-edge.com\/2021-08-30\/2433898477269_e1f403cc33c0f15fadff_72.jpg",
            "first_name": "Meghan",
            "real_name": "Meghan McKenzie",
            "display_name": "Meghan McKenzie",
            "team": "TJE58GTJL",
            "name": "meghan.mckenzie",
            "is_restricted": false,
            "is_ultra_restricted": false
        },
        "blocks": [
            {
                "type": "rich_text",
                "block_id": "98dQX",
                "elements": [
                    {
                        "type": "rich_text_section",
                        "elements": [
                            {
                                "type": "text",
                                "text": "We just hired for this (took far too long) and ended up calling it a Content Marketing Manager (even though it was admin based). We had specific requirements and experience but that title ended up working out better for us. "
                            },
                            {
                                "type": "emoji",
                                "name": "slightly_smiling_face"
                            }
                        ]
                    }
                ]
            }
        ],
        "thread_ts": "1632168878.131700",
        "parent_user_id": "U01U4QYEXBJ"
    },
    {
        "client_msg_id": "5ce78754-8be6-44cf-9db0-0c66e78e52df",
        "type": "message",
        "text": "Thanks for sharing your insights <@U011QQDDSJV>! Lots to think about",
        "user": "U01NM31CTFU",
        "ts": "1632180958.132400",
        "team": "TJE58GTJL",
        "user_team": "TJE58GTJL",
        "source_team": "TJE58GTJL",
        "user_profile": {
            "avatar_hash": "788aae3c46d1",
            "image_72": "https:\/\/avatars.slack-edge.com\/2021-05-28\/2122915523844_788aae3c46d19c1058da_72.jpg",
            "first_name": "Maddy",
            "real_name": "Maddy Osman",
            "display_name": "Maddy Osman",
            "team": "TJE58GTJL",
            "name": "maddy527",
            "is_restricted": false,
            "is_ultra_restricted": false
        },
        "blocks": [
            {
                "type": "rich_text",
                "block_id": "cUnqJ",
                "elements": [
                    {
                        "type": "rich_text_section",
                        "elements": [
                            {
                                "type": "text",
                                "text": "Thanks for sharing your insights "
                            },
                            {
                                "type": "user",
                                "user_id": "U011QQDDSJV"
                            },
                            {
                                "type": "text",
                                "text": "! Lots to think about"
                            }
                        ]
                    }
                ]
            }
        ],
        "thread_ts": "1628876642.030500",
        "parent_user_id": "U01NM31CTFU"
    },
    {
        "client_msg_id": "b5156122-1cac-4a29-8e24-1987f51c259d",
        "type": "message",
        "text": "Thanks for the feedback Nik and Meghan. I'm kinda liking the \"Content Specialist\".",
        "user": "U01U4QYEXBJ",
        "ts": "1632185484.132600",
        "team": "TJE58GTJL",
        "user_team": "TJE58GTJL",
        "source_team": "TJE58GTJL",
        "user_profile": {
            "avatar_hash": "663eb11e79f3",
            "image_72": "https:\/\/avatars.slack-edge.com\/2021-09-25\/2556102616672_663eb11e79f303963afd_72.jpg",
            "first_name": "Barb",
            "real_name": "Barb Davids",
            "display_name": "Barb Davids",
            "team": "TJE58GTJL",
            "name": "barb",
            "is_restricted": false,
            "is_ultra_restricted": false
        },
        "blocks": [
            {
                "type": "rich_text",
                "block_id": "bXm",
                "elements": [
                    {
                        "type": "rich_text_section",
                        "elements": [
                            {
                                "type": "text",
                                "text": "Thanks for the feedback Nik and Meghan. I'm kinda liking the \"Content Specialist\"."
                            }
                        ]
                    }
                ]
            }
        ],
        "thread_ts": "1632168878.131700",
        "parent_user_id": "U01U4QYEXBJ"
    }
]