[
    {
        "client_msg_id": "e99e9def-4a56-49dc-a980-335300680dc0",
        "type": "message",
        "text": "That's weird. I've never had anyone ask for that.\n\nIf you and your employees don't mind, you could let them do it, but I'd definitely make them pay for it and manage it.",
        "user": "U029CTQ5X6Y",
        "ts": "1634120213.241800",
        "team": "TJE58GTJL",
        "user_team": "TJE58GTJL",
        "source_team": "TJE58GTJL",
        "user_profile": {
            "avatar_hash": "4d1afd4712b9",
            "image_72": "https:\/\/avatars.slack-edge.com\/2021-07-26\/2312909469026_4d1afd4712b9f77f1af8_72.jpg",
            "first_name": "Karl",
            "real_name": "Karl Hughes",
            "display_name": "Karl (Draft.dev)",
            "team": "TJE58GTJL",
            "name": "khughes.me",
            "is_restricted": false,
            "is_ultra_restricted": false
        },
        "blocks": [
            {
                "type": "rich_text",
                "block_id": "zp\/",
                "elements": [
                    {
                        "type": "rich_text_section",
                        "elements": [
                            {
                                "type": "text",
                                "text": "That's weird. I've never had anyone ask for that.\n\nIf you and your employees don't mind, you could let them do it, but I'd definitely make them pay for it and manage it."
                            }
                        ]
                    }
                ]
            }
        ],
        "thread_ts": "1633562226.228200",
        "parent_user_id": "U02D7AVKCGZ"
    },
    {
        "type": "message",
        "subtype": "channel_join",
        "ts": "1634139448.242100",
        "user": "U020GK97R1T",
        "text": "<@U020GK97R1T> has joined the channel",
        "inviter": "UJG9WTEKG"
    },
    {
        "client_msg_id": "dc93e009-fd3f-4574-94e3-734eeee40451",
        "type": "message",
        "text": "Anybody know anybody at Airtable? I need to upgrade my account to enterprise to handle storage and I’ve submitted multiple lead forms via the website as well as messaged them on various social platforms and cannot get a response from a single person to help. And going online it directs you to “contact sales” to make this upgrade. Thanks in advance!",
        "user": "U02DR25115J",
        "ts": "1634157722.250400",
        "team": "TJE58GTJL",
        "user_team": "TJE58GTJL",
        "source_team": "TJE58GTJL",
        "user_profile": {
            "avatar_hash": "6e8b16d015f7",
            "image_72": "https:\/\/avatars.slack-edge.com\/2021-09-10\/2502045859968_6e8b16d015f7c0d6a462_72.jpg",
            "first_name": "Jeremy",
            "real_name": "Jeremy Francese",
            "display_name": "Jeremy Francese",
            "team": "TJE58GTJL",
            "name": "jeremy360",
            "is_restricted": false,
            "is_ultra_restricted": false
        },
        "blocks": [
            {
                "type": "rich_text",
                "block_id": "CpVK6",
                "elements": [
                    {
                        "type": "rich_text_section",
                        "elements": [
                            {
                                "type": "text",
                                "text": "Anybody know anybody at Airtable? I need to upgrade my account to enterprise to handle storage and I’ve submitted multiple lead forms via the website as well as messaged them on various social platforms and cannot get a response from a single person to help. And going online it directs you to “contact sales” to make this upgrade. Thanks in advance!"
                            }
                        ]
                    }
                ]
            }
        ],
        "thread_ts": "1634157722.250400",
        "reply_count": 5,
        "reply_users_count": 3,
        "latest_reply": "1634437483.259000",
        "reply_users": [
            "UJG9WTEKG",
            "U02DR25115J",
            "U01P13NTGG6"
        ],
        "replies": [
            {
                "user": "UJG9WTEKG",
                "ts": "1634166092.251400"
            },
            {
                "user": "UJG9WTEKG",
                "ts": "1634171978.252100"
            },
            {
                "user": "U02DR25115J",
                "ts": "1634172700.252600"
            },
            {
                "user": "U01P13NTGG6",
                "ts": "1634360331.258800"
            },
            {
                "user": "UJG9WTEKG",
                "ts": "1634437483.259000"
            }
        ],
        "is_locked": false,
        "subscribed": true,
        "last_read": "1634437483.259000"
    },
    {
        "client_msg_id": "b5a05452-337c-4230-bd3c-e27c0395975b",
        "type": "message",
        "text": "We have a \"Client Rundown\" that covers the same basic info for every client (target market, what they do\/sell, tone, etc.) and then includes resources to any content resources possible. We get this info from a form that we ask all new clients to fill out.\n\nA lot of our clients are in the health\/wellness space, so those folks also have a list of cornerstone studies that will be used a lot in their content.\n\nLike everything else, we keep that rundown in Google Docs and update it a LOT during the beginning of a client's engagement. Generally, we find that they have many requests or little idiosyncrasies they didn't think to mention upfront. As far as writers are concerned, our primary editor assigned to each client works with them to tweak content over the first 4-6 weeks, and then that editor communicates anything major to the writers and\/or lets them know when the rundown has been updated.",
        "user": "U024K88ECFN",
        "ts": "1634160458.250600",
        "team": "TJE58GTJL",
        "user_team": "TJE58GTJL",
        "source_team": "TJE58GTJL",
        "user_profile": {
            "avatar_hash": "00c4a04080e3",
            "image_72": "https:\/\/avatars.slack-edge.com\/2022-03-23\/3286590119379_00c4a04080e367a58cfc_72.png",
            "first_name": "Rebekah",
            "real_name": "Rebekah Edwards",
            "display_name": "Rebekah Edwards",
            "team": "TJE58GTJL",
            "name": "rebekah473",
            "is_restricted": false,
            "is_ultra_restricted": false
        },
        "blocks": [
            {
                "type": "rich_text",
                "block_id": "fMzp",
                "elements": [
                    {
                        "type": "rich_text_section",
                        "elements": [
                            {
                                "type": "text",
                                "text": "We have a \"Client Rundown\" that covers the same basic info for every client (target market, what they do\/sell, tone, etc.) and then includes resources to any content resources possible. We get this info from a form that we ask all new clients to fill out.\n\nA lot of our clients are in the health\/wellness space, so those folks also have a list of cornerstone studies that will be used a lot in their content.\n\nLike everything else, we keep that rundown in Google Docs and update it a LOT during the beginning of a client's engagement. Generally, we find that they have many requests or little idiosyncrasies they didn't think to mention upfront. As far as writers are concerned, our primary editor assigned to each client works with them to tweak content over the first 4-6 weeks, and then that editor communicates anything major to the writers and\/or lets them know when the rundown has been updated."
                            }
                        ]
                    }
                ]
            }
        ],
        "thread_ts": "1632503887.162800",
        "parent_user_id": "U01NM31CTFU"
    },
    {
        "client_msg_id": "cd559b56-715a-4c25-93b2-531cdc1329a8",
        "type": "message",
        "text": "OMG I would SO love this. I've been seriously struggling with optimizing this for us!",
        "user": "U024K88ECFN",
        "ts": "1634160482.250800",
        "team": "TJE58GTJL",
        "user_team": "TJE58GTJL",
        "source_team": "TJE58GTJL",
        "user_profile": {
            "avatar_hash": "00c4a04080e3",
            "image_72": "https:\/\/avatars.slack-edge.com\/2022-03-23\/3286590119379_00c4a04080e367a58cfc_72.png",
            "first_name": "Rebekah",
            "real_name": "Rebekah Edwards",
            "display_name": "Rebekah Edwards",
            "team": "TJE58GTJL",
            "name": "rebekah473",
            "is_restricted": false,
            "is_ultra_restricted": false
        },
        "blocks": [
            {
                "type": "rich_text",
                "block_id": "tRIRP",
                "elements": [
                    {
                        "type": "rich_text_section",
                        "elements": [
                            {
                                "type": "text",
                                "text": "OMG I would SO love this. I've been seriously struggling with optimizing this for us!"
                            }
                        ]
                    }
                ]
            }
        ],
        "thread_ts": "1633553107.223400",
        "parent_user_id": "U01N4EQQTL6"
    },
    {
        "client_msg_id": "4dc6aace-054f-4b93-8904-8f822e9af134",
        "type": "message",
        "text": "on it",
        "user": "UJG9WTEKG",
        "ts": "1634166092.251400",
        "team": "TJE58GTJL",
        "user_team": "TJE58GTJL",
        "source_team": "TJE58GTJL",
        "user_profile": {
            "avatar_hash": "gc25b94e6ebf",
            "image_72": "https:\/\/secure.gravatar.com\/avatar\/eec25b94e6ebf55f0b7933372344cd09.jpg?s=72&d=https%3A%2F%2Fa.slack-edge.com%2Fdf10d%2Fimg%2Favatars%2Fava_0001-72.png",
            "first_name": "Jimmy",
            "real_name": "Jimmy Daly",
            "display_name": "",
            "team": "TJE58GTJL",
            "name": "runjimdaly",
            "is_restricted": false,
            "is_ultra_restricted": false
        },
        "blocks": [
            {
                "type": "rich_text",
                "block_id": "kV3",
                "elements": [
                    {
                        "type": "rich_text_section",
                        "elements": [
                            {
                                "type": "text",
                                "text": "on it"
                            }
                        ]
                    }
                ]
            }
        ],
        "thread_ts": "1634157722.250400",
        "parent_user_id": "U02DR25115J"
    },
    {
        "client_msg_id": "4A3C4C7D-4903-4911-83CE-38BCC5D06B36",
        "type": "message",
        "text": "<@U02DR25115J> shoot me a dm with the email associated with your account ",
        "user": "UJG9WTEKG",
        "ts": "1634171978.252100",
        "team": "TJE58GTJL",
        "user_team": "TJE58GTJL",
        "source_team": "TJE58GTJL",
        "user_profile": {
            "avatar_hash": "gc25b94e6ebf",
            "image_72": "https:\/\/secure.gravatar.com\/avatar\/eec25b94e6ebf55f0b7933372344cd09.jpg?s=72&d=https%3A%2F%2Fa.slack-edge.com%2Fdf10d%2Fimg%2Favatars%2Fava_0001-72.png",
            "first_name": "Jimmy",
            "real_name": "Jimmy Daly",
            "display_name": "",
            "team": "TJE58GTJL",
            "name": "runjimdaly",
            "is_restricted": false,
            "is_ultra_restricted": false
        },
        "blocks": [
            {
                "type": "rich_text",
                "block_id": "exJh",
                "elements": [
                    {
                        "type": "rich_text_section",
                        "elements": [
                            {
                                "type": "user",
                                "user_id": "U02DR25115J"
                            },
                            {
                                "type": "text",
                                "text": " shoot me a dm with the email associated with your account "
                            }
                        ]
                    }
                ]
            }
        ],
        "thread_ts": "1634157722.250400",
        "parent_user_id": "U02DR25115J"
    },
    {
        "client_msg_id": "950DD09B-5B88-4794-B550-EB99484953E7",
        "type": "message",
        "text": "<@UJG9WTEKG> Thanks so much. Messaging now. ",
        "user": "U02DR25115J",
        "ts": "1634172700.252600",
        "team": "TJE58GTJL",
        "user_team": "TJE58GTJL",
        "source_team": "TJE58GTJL",
        "user_profile": {
            "avatar_hash": "6e8b16d015f7",
            "image_72": "https:\/\/avatars.slack-edge.com\/2021-09-10\/2502045859968_6e8b16d015f7c0d6a462_72.jpg",
            "first_name": "Jeremy",
            "real_name": "Jeremy Francese",
            "display_name": "Jeremy Francese",
            "team": "TJE58GTJL",
            "name": "jeremy360",
            "is_restricted": false,
            "is_ultra_restricted": false
        },
        "blocks": [
            {
                "type": "rich_text",
                "block_id": "1rCr",
                "elements": [
                    {
                        "type": "rich_text_section",
                        "elements": [
                            {
                                "type": "user",
                                "user_id": "UJG9WTEKG"
                            },
                            {
                                "type": "text",
                                "text": " Thanks so much. Messaging now. "
                            }
                        ]
                    }
                ]
            }
        ],
        "thread_ts": "1634157722.250400",
        "parent_user_id": "U02DR25115J"
    }
]