[
    {
        "client_msg_id": "5b902c74-1f25-47e3-a2d1-946add2616af",
        "type": "message",
        "text": "It´s a tough one. I have a \"Products\" tab at the top of my page. Not super happy with it but looking for an alternative without running seperate domains. What did you come up with <@ULKUFTFPW>?",
        "user": "U0227HT9YRF",
        "ts": "1624429555.080000",
        "team": "TJE58GTJL",
        "user_team": "TJE58GTJL",
        "source_team": "TJE58GTJL",
        "user_profile": {
            "avatar_hash": "2718c7484a5e",
            "image_72": "https:\/\/avatars.slack-edge.com\/2021-05-13\/2048969125879_2718c7484a5e30b53f00_72.jpg",
            "first_name": "",
            "real_name": "Daniel Kupka",
            "display_name": "Daniel Kupka",
            "team": "TJE58GTJL",
            "name": "daniel.kupka",
            "is_restricted": false,
            "is_ultra_restricted": false
        },
        "blocks": [
            {
                "type": "rich_text",
                "block_id": "mUK7",
                "elements": [
                    {
                        "type": "rich_text_section",
                        "elements": [
                            {
                                "type": "text",
                                "text": "It´s a tough one. I have a \"Products\" tab at the top of my page. Not super happy with it but looking for an alternative without running seperate domains. What did you come up with "
                            },
                            {
                                "type": "user",
                                "user_id": "ULKUFTFPW"
                            },
                            {
                                "type": "text",
                                "text": "?"
                            }
                        ]
                    }
                ]
            }
        ],
        "thread_ts": "1623873010.070700",
        "parent_user_id": "ULKUFTFPW"
    }
]