[
    {
        "client_msg_id": "c7032644-17d4-4814-9f7f-dca6d07abe37",
        "type": "message",
        "text": "mm not sure",
        "user": "UJG9WTEKG",
        "ts": "1634437483.259000",
        "team": "TJE58GTJL",
        "user_team": "TJE58GTJL",
        "source_team": "TJE58GTJL",
        "user_profile": {
            "avatar_hash": "gc25b94e6ebf",
            "image_72": "https:\/\/secure.gravatar.com\/avatar\/eec25b94e6ebf55f0b7933372344cd09.jpg?s=72&d=https%3A%2F%2Fa.slack-edge.com%2Fdf10d%2Fimg%2Favatars%2Fava_0001-72.png",
            "first_name": "Jimmy",
            "real_name": "Jimmy Daly",
            "display_name": "",
            "team": "TJE58GTJL",
            "name": "runjimdaly",
            "is_restricted": false,
            "is_ultra_restricted": false
        },
        "blocks": [
            {
                "type": "rich_text",
                "block_id": "bPnnT",
                "elements": [
                    {
                        "type": "rich_text_section",
                        "elements": [
                            {
                                "type": "text",
                                "text": "mm not sure"
                            }
                        ]
                    }
                ]
            }
        ],
        "thread_ts": "1634157722.250400",
        "parent_user_id": "U02DR25115J"
    }
]