[
    {
        "client_msg_id": "d2df6721-22a8-4c27-b318-d0d34ef05fd1",
        "type": "message",
        "text": "Hi all - what is Workers' Compensation Insurance?\n\nAny idea if I'll need it in India? I'm like tooo close to my first full-time hire.",
        "user": "U02Q3JRH2P9",
        "ts": "1639922187.224700",
        "team": "TJE58GTJL",
        "user_team": "TJE58GTJL",
        "source_team": "TJE58GTJL",
        "user_profile": {
            "avatar_hash": "g9b10186b409",
            "image_72": "https:\/\/secure.gravatar.com\/avatar\/9b10186b4095f5f19853cf1f57a0081d.jpg?s=72&d=https%3A%2F%2Fa.slack-edge.com%2Fdf10d%2Fimg%2Favatars%2Fava_0021-72.png",
            "first_name": "Karandeep",
            "real_name": "Karandeep Arora",
            "display_name": "KD",
            "team": "TJE58GTJL",
            "name": "karanarora1892",
            "is_restricted": false,
            "is_ultra_restricted": false
        },
        "edited": {
            "user": "U02Q3JRH2P9",
            "ts": "1639922202.000000"
        },
        "blocks": [
            {
                "type": "rich_text",
                "block_id": "4N\/d",
                "elements": [
                    {
                        "type": "rich_text_section",
                        "elements": [
                            {
                                "type": "text",
                                "text": "Hi all - what is Workers' Compensation Insurance?\n\nAny idea if I'll need it in India? I'm like tooo close to my first full-time hire."
                            }
                        ]
                    }
                ]
            }
        ],
        "thread_ts": "1638995077.192100",
        "parent_user_id": "U01NM31CTFU"
    }
]