[
    {
        "client_msg_id": "C7883628-7A0C-4F17-834A-6DD5DEBDD75D",
        "type": "message",
        "text": "Yea we also have them confirm every deadline (outline, first draft, final draft) at the start of each month. We do not continue working with chronically late deliverers. It’s part of our writer assessments and we look for more than writing quality ",
        "user": "U02AJEY8ACW",
        "ts": "1628926642.037000",
        "team": "TJE58GTJL",
        "user_team": "TJE58GTJL",
        "source_team": "TJE58GTJL",
        "user_profile": {
            "avatar_hash": "a3fa1c4342fb",
            "image_72": "https:\/\/avatars.slack-edge.com\/2021-08-11\/2393938925632_a3fa1c4342fb8d904897_72.jpg",
            "first_name": "Maeva",
            "real_name": "Maeva Cifuentes",
            "display_name": "Maeva",
            "team": "TJE58GTJL",
            "name": "maeva",
            "is_restricted": false,
            "is_ultra_restricted": false
        },
        "blocks": [
            {
                "type": "rich_text",
                "block_id": "0Xm",
                "elements": [
                    {
                        "type": "rich_text_section",
                        "elements": [
                            {
                                "type": "text",
                                "text": "Yea we also have them confirm every deadline (outline, first draft, final draft) at the start of each month. We do not continue working with chronically late deliverers. It’s part of our writer assessments and we look for more than writing quality "
                            }
                        ]
                    }
                ]
            }
        ],
        "thread_ts": "1628876642.030500",
        "parent_user_id": "U01NM31CTFU"
    }
]