[
    {
        "client_msg_id": "33bf9328-7af9-4004-a5f5-e2f502241362",
        "type": "message",
        "text": "Hi everyone ,I am planning to pitch a proposal for a content marketing partnership (e.g blogs, editorial calendar)with a few health insurance companies over here in Australia. Am still new to this and want to know what details should I include in the proposal?",
        "user": "U02J2KF7GHE",
        "ts": "1635762419.033000",
        "team": "TJE58GTJL",
        "user_team": "TJE58GTJL",
        "source_team": "TJE58GTJL",
        "user_profile": {
            "avatar_hash": "a9b9d3cceda6",
            "image_72": "https:\/\/avatars.slack-edge.com\/2021-10-24\/2640847784099_a9b9d3cceda6e01e6b7f_72.jpg",
            "first_name": "Collen",
            "real_name": "Collen Hanyani",
            "display_name": "Collen",
            "team": "TJE58GTJL",
            "name": "takudzwa.hanyani87",
            "is_restricted": false,
            "is_ultra_restricted": false
        },
        "blocks": [
            {
                "type": "rich_text",
                "block_id": "\/RoQ",
                "elements": [
                    {
                        "type": "rich_text_section",
                        "elements": [
                            {
                                "type": "text",
                                "text": "Hi everyone ,I am planning to pitch a proposal for a content marketing partnership (e.g blogs, editorial calendar)with a few health insurance companies over here in Australia. Am still new to this and want to know what details should I include in the proposal?"
                            }
                        ]
                    }
                ]
            }
        ],
        "thread_ts": "1635762419.033000",
        "reply_count": 2,
        "reply_users_count": 2,
        "latest_reply": "1635777556.033400",
        "reply_users": [
            "U02F43CAK5X",
            "U024K88ECFN"
        ],
        "replies": [
            {
                "user": "U02F43CAK5X",
                "ts": "1635773837.033100"
            },
            {
                "user": "U024K88ECFN",
                "ts": "1635777556.033400"
            }
        ],
        "is_locked": false,
        "subscribed": false
    },
    {
        "client_msg_id": "ad5dffaf-71d7-4826-918c-d8e3e7fa48fd",
        "type": "message",
        "text": "Hi Collen! Have you had a conversation with them about their specific goals? You should build a proposal around that and how you plan to achieve those goals. Explain your process and what makes it different from other options. Show case studies of how this has worked in the past for any other clients so they can visualize what success will look like and get proof you know what you're doing.",
        "user": "U02F43CAK5X",
        "ts": "1635773837.033100",
        "team": "TJE58GTJL",
        "user_team": "TJE58GTJL",
        "source_team": "TJE58GTJL",
        "user_profile": {
            "avatar_hash": "96937be5af03",
            "image_72": "https:\/\/avatars.slack-edge.com\/2021-09-21\/2500350284535_96937be5af03a50d7004_72.jpg",
            "first_name": "Amanda",
            "real_name": "Amanda Milligan",
            "display_name": "Amanda Milligan",
            "team": "TJE58GTJL",
            "name": "amilligan",
            "is_restricted": false,
            "is_ultra_restricted": false
        },
        "blocks": [
            {
                "type": "rich_text",
                "block_id": "lydZ",
                "elements": [
                    {
                        "type": "rich_text_section",
                        "elements": [
                            {
                                "type": "text",
                                "text": "Hi Collen! Have you had a conversation with them about their specific goals? You should build a proposal around that and how you plan to achieve those goals. Explain your process and what makes it different from other options. Show case studies of how this has worked in the past for any other clients so they can visualize what success will look like and get proof you know what you're doing."
                            }
                        ]
                    }
                ]
            }
        ],
        "thread_ts": "1635762419.033000",
        "parent_user_id": "U02J2KF7GHE",
        "reactions": [
            {
                "name": "heavy_plus_sign",
                "users": [
                    "U024K88ECFN",
                    "U02J2KF7GHE"
                ],
                "count": 2
            },
            {
                "name": "heart",
                "users": [
                    "U02J2KF7GHE"
                ],
                "count": 1
            }
        ]
    },
    {
        "client_msg_id": "bc64d274-83af-4629-ac2d-837f5d7e84aa",
        "type": "message",
        "text": "It's easy to write TOO MUCH. Your proposal should be detailed, but everything should be from a perspective of \"Will the company I'm pitching understand what I'm saying here?\" Leave out details that would be unnecessary or confusing to a non-content marketer.\n\nAnother pro tip I learned the hard way: Don't give away all the answers in your proposal. If possible, write it in such a way where they understand the deliverables you're recommending BUT don't just take your proposal and take the free work and do it in-house.",
        "user": "U024K88ECFN",
        "ts": "1635777556.033400",
        "team": "TJE58GTJL",
        "user_team": "TJE58GTJL",
        "source_team": "TJE58GTJL",
        "user_profile": {
            "avatar_hash": "00c4a04080e3",
            "image_72": "https:\/\/avatars.slack-edge.com\/2022-03-23\/3286590119379_00c4a04080e367a58cfc_72.png",
            "first_name": "Rebekah",
            "real_name": "Rebekah Edwards",
            "display_name": "Rebekah Edwards",
            "team": "TJE58GTJL",
            "name": "rebekah473",
            "is_restricted": false,
            "is_ultra_restricted": false
        },
        "edited": {
            "user": "U024K88ECFN",
            "ts": "1635777564.000000"
        },
        "blocks": [
            {
                "type": "rich_text",
                "block_id": "ayn",
                "elements": [
                    {
                        "type": "rich_text_section",
                        "elements": [
                            {
                                "type": "text",
                                "text": "It's easy to write TOO MUCH. Your proposal should be detailed, but everything should be from a perspective of \"Will the company I'm pitching understand what I'm saying here?\" Leave out details that would be unnecessary or confusing to a non-content marketer.\n\nAnother pro tip I learned the hard way: Don't give away all the answers in your proposal. If possible, write it in such a way where they understand the deliverables you're recommending BUT don't just take your proposal and take the free work and do it in-house."
                            }
                        ]
                    }
                ]
            }
        ],
        "thread_ts": "1635762419.033000",
        "parent_user_id": "U02J2KF7GHE",
        "reactions": [
            {
                "name": "heart",
                "users": [
                    "U02J2KF7GHE",
                    "U02CMV0AHAS",
                    "UUJBMNRNF"
                ],
                "count": 3
            }
        ]
    }
]