[
    {
        "client_msg_id": "add3e2e1-03c1-4f98-904a-1319cf790b5a",
        "type": "message",
        "text": "Can you recommend an agency specialised in technical marketing (API, api documentation, cases, interviews.... all technical)?\nUltimate goal will be helping us build a dev community",
        "user": "U02ANC48U7N",
        "ts": "1628501304.018900",
        "team": "TJE58GTJL",
        "user_team": "TJE58GTJL",
        "source_team": "TJE58GTJL",
        "user_profile": {
            "avatar_hash": "g8484363760f",
            "image_72": "https:\/\/secure.gravatar.com\/avatar\/8484363760f85279dadd8394e34a86e3.jpg?s=72&d=https%3A%2F%2Fa.slack-edge.com%2Fdf10d%2Fimg%2Favatars%2Fava_0020-72.png",
            "first_name": "Mariano",
            "real_name": "Mariano Martene",
            "display_name": "Mariano Martene",
            "team": "TJE58GTJL",
            "name": "mariano",
            "is_restricted": false,
            "is_ultra_restricted": false
        },
        "edited": {
            "user": "U02ANC48U7N",
            "ts": "1628501424.000000"
        },
        "blocks": [
            {
                "type": "rich_text",
                "block_id": "LRf4i",
                "elements": [
                    {
                        "type": "rich_text_section",
                        "elements": [
                            {
                                "type": "text",
                                "text": "Can you recommend an agency specialised in technical marketing (API, api documentation, cases, interviews.... all technical)?\nUltimate goal will be helping us build a dev community"
                            }
                        ]
                    }
                ]
            }
        ],
        "thread_ts": "1628501304.018900",
        "reply_count": 3,
        "reply_users_count": 3,
        "latest_reply": "1628520510.022000",
        "reply_users": [
            "U02625MJG3W",
            "U029CTQ5X6Y",
            "U02ANC48U7N"
        ],
        "replies": [
            {
                "user": "U02625MJG3W",
                "ts": "1628518948.021400"
            },
            {
                "user": "U029CTQ5X6Y",
                "ts": "1628519713.021600"
            },
            {
                "user": "U02ANC48U7N",
                "ts": "1628520510.022000"
            }
        ],
        "is_locked": false,
        "subscribed": false
    },
    {
        "type": "message",
        "subtype": "tombstone",
        "text": "This message was deleted.",
        "user": "USLACKBOT",
        "hidden": true,
        "ts": "1628509324.020700",
        "thread_ts": "1628509324.020700",
        "parent_user_id": "USLACKBOT",
        "reply_count": 1,
        "reply_users_count": 1,
        "latest_reply": "1628551411.024000",
        "reply_users": [
            "UJG9WTEKG"
        ],
        "replies": [
            {
                "user": "UJG9WTEKG",
                "ts": "1628551411.024000"
            }
        ],
        "is_locked": false,
        "subscribed": true,
        "last_read": "1628551411.024000"
    },
    {
        "client_msg_id": "bafaa978-432a-40b1-8d49-ca04ade8a524",
        "type": "message",
        "text": "<@U02539G82R5> If your request is still relevant, we specialize in writing for technical blogs: <https:\/\/content-kit.com\/en\/>",
        "user": "U029G4HMVFH",
        "ts": "1628509463.021000",
        "team": "TJE58GTJL",
        "user_team": "TJE58GTJL",
        "source_team": "TJE58GTJL",
        "user_profile": {
            "avatar_hash": "g3658f2e77d2",
            "image_72": "https:\/\/secure.gravatar.com\/avatar\/3658f2e77d2ef686075e311dd42efe41.jpg?s=72&d=https%3A%2F%2Fa.slack-edge.com%2Fdf10d%2Fimg%2Favatars%2Fava_0001-72.png",
            "first_name": "",
            "real_name": "Anastasia Kryzhanovska",
            "display_name": "",
            "team": "TJE58GTJL",
            "name": "missanastasiakr",
            "is_restricted": false,
            "is_ultra_restricted": false
        },
        "blocks": [
            {
                "type": "rich_text",
                "block_id": "xvKx",
                "elements": [
                    {
                        "type": "rich_text_section",
                        "elements": [
                            {
                                "type": "user",
                                "user_id": "U02539G82R5"
                            },
                            {
                                "type": "text",
                                "text": " If your request is still relevant, we specialize in writing for technical blogs: "
                            },
                            {
                                "type": "link",
                                "url": "https:\/\/content-kit.com\/en\/"
                            }
                        ]
                    }
                ]
            }
        ],
        "thread_ts": "1624912976.087300",
        "parent_user_id": "U02539G82R5"
    },
    {
        "client_msg_id": "7df14551-f2a6-4520-8c5a-919c3fddc001",
        "type": "message",
        "text": "Hey <@U02ANC48U7N>! The folks over at draft.dev <@U029CTQ5X6Y> may be able to help?",
        "user": "U02625MJG3W",
        "ts": "1628518948.021400",
        "team": "TJE58GTJL",
        "user_team": "TJE58GTJL",
        "source_team": "TJE58GTJL",
        "user_profile": {
            "avatar_hash": "eb63dbb8c37a",
            "image_72": "https:\/\/avatars.slack-edge.com\/2021-06-23\/2197164176230_eb63dbb8c37a7c141608_72.png",
            "first_name": "Allie",
            "real_name": "Allie Dyer Bluemel",
            "display_name": "Allie",
            "team": "TJE58GTJL",
            "name": "allie202",
            "is_restricted": false,
            "is_ultra_restricted": false
        },
        "blocks": [
            {
                "type": "rich_text",
                "block_id": "XRV",
                "elements": [
                    {
                        "type": "rich_text_section",
                        "elements": [
                            {
                                "type": "text",
                                "text": "Hey "
                            },
                            {
                                "type": "user",
                                "user_id": "U02ANC48U7N"
                            },
                            {
                                "type": "text",
                                "text": "! The folks over at draft.dev "
                            },
                            {
                                "type": "user",
                                "user_id": "U029CTQ5X6Y"
                            },
                            {
                                "type": "text",
                                "text": " may be able to help?"
                            }
                        ]
                    }
                ]
            }
        ],
        "thread_ts": "1628501304.018900",
        "parent_user_id": "U02ANC48U7N",
        "reactions": [
            {
                "name": "heart",
                "users": [
                    "U02ANC48U7N"
                ],
                "count": 1
            }
        ]
    },
    {
        "client_msg_id": "1641ab1a-86fd-4dcf-9e84-8ebef2aa472f",
        "type": "message",
        "text": "Thanks for the mention <@U02625MJG3W>!\n\nWe mostly do blog posts, tutorials, and ebooks\/whitepapers, but only work with technical clients in the software dev space.\n\nFor case studies, you could check out OSP who does case studies: <https:\/\/openstrategypartners.com\/osp-case-study-package>\n\nAnd for docs I recommend Mark at <https:\/\/words-tw.com\/>\n\nFeel free to let me know if you have other questions.",
        "user": "U029CTQ5X6Y",
        "ts": "1628519713.021600",
        "team": "TJE58GTJL",
        "user_team": "TJE58GTJL",
        "source_team": "TJE58GTJL",
        "user_profile": {
            "avatar_hash": "4d1afd4712b9",
            "image_72": "https:\/\/avatars.slack-edge.com\/2021-07-26\/2312909469026_4d1afd4712b9f77f1af8_72.jpg",
            "first_name": "Karl",
            "real_name": "Karl Hughes",
            "display_name": "Karl (Draft.dev)",
            "team": "TJE58GTJL",
            "name": "khughes.me",
            "is_restricted": false,
            "is_ultra_restricted": false
        },
        "attachments": [
            {
                "title": "Case study writing to support your sales and growth",
                "title_link": "https:\/\/openstrategypartners.com\/osp-case-study-package",
                "text": "OSP are experts in writing technically accurate, compelling case studies that integrate the facts with your clients’ transformation and success with you.",
                "fallback": "Case study writing to support your sales and growth",
                "image_url": "https:\/\/openstrategypartners.com\/fileadmin\/_processed_\/2\/c\/csm_how_it_started_99b8c4c3df.png",
                "image_width": 478,
                "image_height": 250,
                "from_url": "https:\/\/openstrategypartners.com\/osp-case-study-package",
                "image_bytes": 3222225,
                "service_icon": "https:\/\/openstrategypartners.com\/typo3conf\/ext\/site_osp\/Resources\/Public\/Favicons\/apple-touch-icon.png",
                "service_name": "openstrategypartners.com",
                "id": 1,
                "original_url": "https:\/\/openstrategypartners.com\/osp-case-study-package"
            },
            {
                "service_name": "Words That Work",
                "service_url": "http:\/\/words-tw.com",
                "title": "Your On-demand Documentation Team",
                "title_link": "https:\/\/words-tw.com\/",
                "author_name": "Words That Work",
                "author_link": "https:\/\/words-tw.com\/author\/wordstw\/",
                "thumb_url": "https:\/\/wordstw.files.wordpress.com\/2017\/11\/homefeature1230x500.jpg?w=1200&fit=200%2C150",
                "thumb_width": 200,
                "thumb_height": 81,
                "text": "We develop content that helps your&nbsp;customersunderstand and use your software.\nOver the last 23 years, we&rsquo;ve worked with more than 255 software companies with products ranging from medical software to banking applications. We&rsquo;re here to help, whether you need to develop a user guide for a new product, document your latest API, redesign your knowledge base, or create an instructional video.",
                "fallback": "Words That Work Link: Your On-demand Documentation&nbsp;Team",
                "from_url": "https:\/\/words-tw.com\/",
                "service_icon": "https:\/\/s2.wp.com\/i\/webclip.png",
                "id": 2,
                "original_url": "https:\/\/words-tw.com\/"
            }
        ],
        "blocks": [
            {
                "type": "rich_text",
                "block_id": "AG2",
                "elements": [
                    {
                        "type": "rich_text_section",
                        "elements": [
                            {
                                "type": "text",
                                "text": "Thanks for the mention "
                            },
                            {
                                "type": "user",
                                "user_id": "U02625MJG3W"
                            },
                            {
                                "type": "text",
                                "text": "!\n\nWe mostly do blog posts, tutorials, and ebooks\/whitepapers, but only work with technical clients in the software dev space.\n\nFor case studies, you could check out OSP who does case studies: "
                            },
                            {
                                "type": "link",
                                "url": "https:\/\/openstrategypartners.com\/osp-case-study-package"
                            },
                            {
                                "type": "text",
                                "text": "\n\nAnd for docs I recommend Mark at "
                            },
                            {
                                "type": "link",
                                "url": "https:\/\/words-tw.com\/"
                            },
                            {
                                "type": "text",
                                "text": "\n\nFeel free to let me know if you have other questions."
                            }
                        ]
                    }
                ]
            }
        ],
        "thread_ts": "1628501304.018900",
        "parent_user_id": "U02ANC48U7N"
    },
    {
        "client_msg_id": "9504ee5c-3f6d-4ed3-9891-56311dd84892",
        "type": "message",
        "text": "<@U029CTQ5X6Y> Thanks for your reply, sent you a DM",
        "user": "U02ANC48U7N",
        "ts": "1628520510.022000",
        "team": "TJE58GTJL",
        "user_team": "TJE58GTJL",
        "source_team": "TJE58GTJL",
        "user_profile": {
            "avatar_hash": "g8484363760f",
            "image_72": "https:\/\/secure.gravatar.com\/avatar\/8484363760f85279dadd8394e34a86e3.jpg?s=72&d=https%3A%2F%2Fa.slack-edge.com%2Fdf10d%2Fimg%2Favatars%2Fava_0020-72.png",
            "first_name": "Mariano",
            "real_name": "Mariano Martene",
            "display_name": "Mariano Martene",
            "team": "TJE58GTJL",
            "name": "mariano",
            "is_restricted": false,
            "is_ultra_restricted": false
        },
        "blocks": [
            {
                "type": "rich_text",
                "block_id": "gYJg",
                "elements": [
                    {
                        "type": "rich_text_section",
                        "elements": [
                            {
                                "type": "user",
                                "user_id": "U029CTQ5X6Y"
                            },
                            {
                                "type": "text",
                                "text": " Thanks for your reply, sent you a DM"
                            }
                        ]
                    }
                ]
            }
        ],
        "thread_ts": "1628501304.018900",
        "parent_user_id": "U02ANC48U7N"
    },
    {
        "client_msg_id": "6c0164f0-3ea3-48cb-a741-f15309fcb5ae",
        "type": "message",
        "text": "We *just* started with our new website launch, but we haven't gotten any leads yet because the site is less than 4 weeks old. So I should say, we're attempting to do that but don't know enough to know it works yet.",
        "user": "U024K88ECFN",
        "ts": "1628520601.022200",
        "team": "TJE58GTJL",
        "user_team": "TJE58GTJL",
        "source_team": "TJE58GTJL",
        "user_profile": {
            "avatar_hash": "00c4a04080e3",
            "image_72": "https:\/\/avatars.slack-edge.com\/2022-03-23\/3286590119379_00c4a04080e367a58cfc_72.png",
            "first_name": "Rebekah",
            "real_name": "Rebekah Edwards",
            "display_name": "Rebekah Edwards",
            "team": "TJE58GTJL",
            "name": "rebekah473",
            "is_restricted": false,
            "is_ultra_restricted": false
        },
        "blocks": [
            {
                "type": "rich_text",
                "block_id": "HOkIT",
                "elements": [
                    {
                        "type": "rich_text_section",
                        "elements": [
                            {
                                "type": "text",
                                "text": "We "
                            },
                            {
                                "type": "text",
                                "text": "just",
                                "style": {
                                    "bold": true
                                }
                            },
                            {
                                "type": "text",
                                "text": " started with our new website launch, but we haven't gotten any leads yet because the site is less than 4 weeks old. So I should say, we're attempting to do that but don't know enough to know it works yet."
                            }
                        ]
                    }
                ]
            }
        ],
        "thread_ts": "1628284095.018000",
        "parent_user_id": "ULKUFTFPW"
    },
    {
        "client_msg_id": "8ef7880e-0c1f-4f00-ac3a-85790d52e603",
        "type": "message",
        "text": "We do. Spent about a year producing 1 blog post per week intentionally and building backlinks, and we’re just now starting to get sales calls from inbound content marketing.\n\nHappy to share other insights.",
        "user": "U029CTQ5X6Y",
        "ts": "1628520925.022400",
        "team": "TJE58GTJL",
        "user_team": "TJE58GTJL",
        "source_team": "TJE58GTJL",
        "user_profile": {
            "avatar_hash": "4d1afd4712b9",
            "image_72": "https:\/\/avatars.slack-edge.com\/2021-07-26\/2312909469026_4d1afd4712b9f77f1af8_72.jpg",
            "first_name": "Karl",
            "real_name": "Karl Hughes",
            "display_name": "Karl (Draft.dev)",
            "team": "TJE58GTJL",
            "name": "khughes.me",
            "is_restricted": false,
            "is_ultra_restricted": false
        },
        "blocks": [
            {
                "type": "rich_text",
                "block_id": "7BLg",
                "elements": [
                    {
                        "type": "rich_text_section",
                        "elements": [
                            {
                                "type": "text",
                                "text": "We do. Spent about a year producing 1 blog post per week intentionally and building backlinks, and we’re just now starting to get sales calls from inbound content marketing.\n\nHappy to share other insights."
                            }
                        ]
                    }
                ]
            }
        ],
        "thread_ts": "1628284095.018000",
        "parent_user_id": "ULKUFTFPW"
    },
    {
        "client_msg_id": "998e5913-774f-4653-a38e-29e4dc586b2b",
        "type": "message",
        "text": "<@U029G4HMVFH> do you mind moving this to <#C012AUSC85C|promotion>?",
        "user": "UJG9WTEKG",
        "ts": "1628551411.024000",
        "team": "TJE58GTJL",
        "user_team": "TJE58GTJL",
        "source_team": "TJE58GTJL",
        "user_profile": {
            "avatar_hash": "gc25b94e6ebf",
            "image_72": "https:\/\/secure.gravatar.com\/avatar\/eec25b94e6ebf55f0b7933372344cd09.jpg?s=72&d=https%3A%2F%2Fa.slack-edge.com%2Fdf10d%2Fimg%2Favatars%2Fava_0001-72.png",
            "first_name": "Jimmy",
            "real_name": "Jimmy Daly",
            "display_name": "",
            "team": "TJE58GTJL",
            "name": "runjimdaly",
            "is_restricted": false,
            "is_ultra_restricted": false
        },
        "blocks": [
            {
                "type": "rich_text",
                "block_id": "r36",
                "elements": [
                    {
                        "type": "rich_text_section",
                        "elements": [
                            {
                                "type": "user",
                                "user_id": "U029G4HMVFH"
                            },
                            {
                                "type": "text",
                                "text": " do you mind moving this to "
                            },
                            {
                                "type": "channel",
                                "channel_id": "C012AUSC85C"
                            },
                            {
                                "type": "text",
                                "text": "?"
                            }
                        ]
                    }
                ]
            }
        ],
        "thread_ts": "1628509324.020700",
        "parent_user_id": "USLACKBOT"
    }
]