[
    {
        "client_msg_id": "e60818b1-f9e6-4154-b581-549f9747b3df",
        "type": "message",
        "text": "Folks who work at agencies managing large clients \/ organizations - I work for a large financial services firm and I wanted to know the market practice on the following:\n\n1) Should one trademark their social media handle names? \n2) When one is creating a social media login - one needs to provide a number and email address. Are there any best practices on how the really large companies go about doing this? Eg. How would companies of the size of Adobe, Ford, P&amp;G do this? I understand they would not leave it to one single person using their credentials \n\nWould appreciate any perspective here",
        "user": "U02D80LKXK9",
        "ts": "1631092557.062800",
        "team": "TJE58GTJL",
        "user_team": "TJE58GTJL",
        "source_team": "TJE58GTJL",
        "user_profile": {
            "avatar_hash": "g359a89faf58",
            "image_72": "https:\/\/secure.gravatar.com\/avatar\/359a89faf589574e0c56980769d6bb79.jpg?s=72&d=https%3A%2F%2Fa.slack-edge.com%2Fdf10d%2Fimg%2Favatars%2Fava_0009-72.png",
            "first_name": "Akshay",
            "real_name": "Akshay s",
            "display_name": "",
            "team": "TJE58GTJL",
            "name": "asiroya1992",
            "is_restricted": false,
            "is_ultra_restricted": false
        },
        "blocks": [
            {
                "type": "rich_text",
                "block_id": "iqE",
                "elements": [
                    {
                        "type": "rich_text_section",
                        "elements": [
                            {
                                "type": "text",
                                "text": "Folks who work at agencies managing large clients \/ organizations - I work for a large financial services firm and I wanted to know the market practice on the following:\n\n1) Should one trademark their social media handle names? \n2) When one is creating a social media login - one needs to provide a number and email address. Are there any best practices on how the really large companies go about doing this? Eg. How would companies of the size of Adobe, Ford, P&G do this? I understand they would not leave it to one single person using their credentials \n\nWould appreciate any perspective here"
                            }
                        ]
                    }
                ]
            }
        ]
    },
    {
        "client_msg_id": "23ee017b-eb97-41fe-8d22-80d134578496",
        "type": "message",
        "text": "This is more of a broader agency question, but has anyone here run ads for their agency and seen good results from it? My gut says it's a better play for SaaS and ecom, but less effective with professional services. Any thoughts?",
        "user": "ULKUFTFPW",
        "ts": "1631129792.067300",
        "team": "TJE58GTJL",
        "user_team": "TJE58GTJL",
        "source_team": "TJE58GTJL",
        "user_profile": {
            "avatar_hash": "05a6aa1af83c",
            "image_72": "https:\/\/avatars.slack-edge.com\/2021-03-10\/1851102748596_05a6aa1af83c15a830e7_72.jpg",
            "first_name": "David",
            "real_name": "David C Hoos",
            "display_name": "David Hoos",
            "team": "TJE58GTJL",
            "name": "david.c.hoos",
            "is_restricted": false,
            "is_ultra_restricted": false
        },
        "blocks": [
            {
                "type": "rich_text",
                "block_id": "bAn8S",
                "elements": [
                    {
                        "type": "rich_text_section",
                        "elements": [
                            {
                                "type": "text",
                                "text": "This is more of a broader agency question, but has anyone here run ads for their agency and seen good results from it? My gut says it's a better play for SaaS and ecom, but less effective with professional services. Any thoughts?"
                            }
                        ]
                    }
                ]
            }
        ],
        "thread_ts": "1631129792.067300",
        "reply_count": 6,
        "reply_users_count": 5,
        "latest_reply": "1631184742.068600",
        "reply_users": [
            "U02BTBBH887",
            "ULJBEFSJJ",
            "ULKUFTFPW",
            "U01P13NTGG6",
            "U029CTQ5X6Y"
        ],
        "replies": [
            {
                "user": "U02BTBBH887",
                "ts": "1631130118.067400"
            },
            {
                "user": "ULJBEFSJJ",
                "ts": "1631130179.067600"
            },
            {
                "user": "ULKUFTFPW",
                "ts": "1631130461.067800"
            },
            {
                "user": "ULJBEFSJJ",
                "ts": "1631131632.068000"
            },
            {
                "user": "U01P13NTGG6",
                "ts": "1631145885.068400"
            },
            {
                "user": "U029CTQ5X6Y",
                "ts": "1631184742.068600"
            }
        ],
        "is_locked": false,
        "subscribed": false,
        "reactions": [
            {
                "name": "+1",
                "users": [
                    "U02CJS84J1X"
                ],
                "count": 1
            }
        ]
    },
    {
        "client_msg_id": "facd4e68-4661-4144-8863-b352c32ee1d2",
        "type": "message",
        "text": "I haven't done this myself so feel free to ignore.\n\nBut IMO, Deloitte wouldn't sponsor the CMO podcast if it didn't work. More specifically, the call to action is to download a research report. I've also seen smaller consultancies run the same gambit. So, could be worth a shot :man-shrugging:",
        "user": "U02BTBBH887",
        "ts": "1631130118.067400",
        "team": "TJE58GTJL",
        "user_team": "TJE58GTJL",
        "source_team": "TJE58GTJL",
        "user_profile": {
            "avatar_hash": "b12a95701c8d",
            "image_72": "https:\/\/avatars.slack-edge.com\/2021-08-25\/2417682161141_b12a95701c8dc9a34e69_72.jpg",
            "first_name": "John",
            "real_name": "John Blust",
            "display_name": "",
            "team": "TJE58GTJL",
            "name": "johnblust",
            "is_restricted": false,
            "is_ultra_restricted": false
        },
        "edited": {
            "user": "U02BTBBH887",
            "ts": "1631200561.000000"
        },
        "blocks": [
            {
                "type": "rich_text",
                "block_id": "j0meA",
                "elements": [
                    {
                        "type": "rich_text_section",
                        "elements": [
                            {
                                "type": "text",
                                "text": "I haven't done this myself so feel free to ignore.\n\nBut IMO, Deloitte wouldn't sponsor the CMO podcast if it didn't work. More specifically, the call to action is to download a research report. I've also seen smaller consultancies run the same gambit. So, could be worth a shot "
                            },
                            {
                                "type": "emoji",
                                "name": "man-shrugging"
                            }
                        ]
                    }
                ]
            }
        ],
        "thread_ts": "1631129792.067300",
        "parent_user_id": "ULKUFTFPW"
    },
    {
        "client_msg_id": "ec60ab05-eaac-488f-b9ea-9b8afb316e2c",
        "type": "message",
        "text": "we've had good success with targeted linkedin ads!",
        "user": "ULJBEFSJJ",
        "ts": "1631130179.067600",
        "team": "TJE58GTJL",
        "user_team": "TJE58GTJL",
        "source_team": "TJE58GTJL",
        "user_profile": {
            "avatar_hash": "c749875321a5",
            "image_72": "https:\/\/avatars.slack-edge.com\/2021-05-18\/2090537681729_c749875321a56a4f4dc4_72.jpg",
            "first_name": "Tatiana",
            "real_name": "Tatiana Morand (she\/her)",
            "display_name": "Tatiana",
            "team": "TJE58GTJL",
            "name": "tmorand",
            "is_restricted": false,
            "is_ultra_restricted": false
        },
        "blocks": [
            {
                "type": "rich_text",
                "block_id": "mim",
                "elements": [
                    {
                        "type": "rich_text_section",
                        "elements": [
                            {
                                "type": "text",
                                "text": "we've had good success with targeted linkedin ads!"
                            }
                        ]
                    }
                ]
            }
        ],
        "thread_ts": "1631129792.067300",
        "parent_user_id": "ULKUFTFPW"
    },
    {
        "client_msg_id": "5f0cc490-7881-4649-a106-73b2f212e498",
        "type": "message",
        "text": "Thanks John and Tatiana. <@ULJBEFSJJ> can you share a little bit more about your strategy? (targeting, creative, etc)",
        "user": "ULKUFTFPW",
        "ts": "1631130461.067800",
        "team": "TJE58GTJL",
        "user_team": "TJE58GTJL",
        "source_team": "TJE58GTJL",
        "user_profile": {
            "avatar_hash": "05a6aa1af83c",
            "image_72": "https:\/\/avatars.slack-edge.com\/2021-03-10\/1851102748596_05a6aa1af83c15a830e7_72.jpg",
            "first_name": "David",
            "real_name": "David C Hoos",
            "display_name": "David Hoos",
            "team": "TJE58GTJL",
            "name": "david.c.hoos",
            "is_restricted": false,
            "is_ultra_restricted": false
        },
        "blocks": [
            {
                "type": "rich_text",
                "block_id": "Pnk",
                "elements": [
                    {
                        "type": "rich_text_section",
                        "elements": [
                            {
                                "type": "text",
                                "text": "Thanks John and Tatiana. "
                            },
                            {
                                "type": "user",
                                "user_id": "ULJBEFSJJ"
                            },
                            {
                                "type": "text",
                                "text": " can you share a little bit more about your strategy? (targeting, creative, etc)"
                            }
                        ]
                    }
                ]
            }
        ],
        "thread_ts": "1631129792.067300",
        "parent_user_id": "ULKUFTFPW"
    },
    {
        "client_msg_id": "bea55056-1ad6-4433-9c22-561376feb90c",
        "type": "message",
        "text": "Not 100% sure since I'm not involved in that side of things, sorry :disappointed: all I know is that we target on decision-makers by job title in the space we're going after",
        "user": "ULJBEFSJJ",
        "ts": "1631131632.068000",
        "team": "TJE58GTJL",
        "user_team": "TJE58GTJL",
        "source_team": "TJE58GTJL",
        "user_profile": {
            "avatar_hash": "c749875321a5",
            "image_72": "https:\/\/avatars.slack-edge.com\/2021-05-18\/2090537681729_c749875321a56a4f4dc4_72.jpg",
            "first_name": "Tatiana",
            "real_name": "Tatiana Morand (she\/her)",
            "display_name": "Tatiana",
            "team": "TJE58GTJL",
            "name": "tmorand",
            "is_restricted": false,
            "is_ultra_restricted": false
        },
        "blocks": [
            {
                "type": "rich_text",
                "block_id": "\/OrzA",
                "elements": [
                    {
                        "type": "rich_text_section",
                        "elements": [
                            {
                                "type": "text",
                                "text": "Not 100% sure since I'm not involved in that side of things, sorry "
                            },
                            {
                                "type": "emoji",
                                "name": "disappointed"
                            },
                            {
                                "type": "text",
                                "text": " all I know is that we target on decision-makers by job title in the space we're going after"
                            }
                        ]
                    }
                ]
            }
        ],
        "thread_ts": "1631129792.067300",
        "parent_user_id": "ULKUFTFPW"
    },
    {
        "client_msg_id": "5b98509b-bc00-4982-af52-6b30348fa849",
        "type": "message",
        "text": "<@UUXMCJQ15> can shed some insight on this from his time at Directive.",
        "user": "U01P13NTGG6",
        "ts": "1631145885.068400",
        "team": "TJE58GTJL",
        "user_team": "TJE58GTJL",
        "source_team": "TJE58GTJL",
        "user_profile": {
            "avatar_hash": "1625b1f12011",
            "image_72": "https:\/\/avatars.slack-edge.com\/2021-02-24\/1775273585607_1625b1f12011f553efc5_72.png",
            "first_name": "Skyler",
            "real_name": "Skyler Reeves",
            "display_name": "Skyler Reeves",
            "team": "TJE58GTJL",
            "name": "skyler",
            "is_restricted": false,
            "is_ultra_restricted": false
        },
        "blocks": [
            {
                "type": "rich_text",
                "block_id": "h6sNv",
                "elements": [
                    {
                        "type": "rich_text_section",
                        "elements": [
                            {
                                "type": "user",
                                "user_id": "UUXMCJQ15"
                            },
                            {
                                "type": "text",
                                "text": " can shed some insight on this from his time at Directive."
                            }
                        ]
                    }
                ]
            }
        ],
        "thread_ts": "1631129792.067300",
        "parent_user_id": "ULKUFTFPW"
    }
]