[
    {
        "client_msg_id": "795a6546-c03e-4c1a-85ab-26b641ffe4c6",
        "type": "message",
        "text": "One of my clients does workers' comp. I'm not sure they would take this on but give <http:\/\/aiamga.com|aiamga.com> a look!",
        "user": "UJ934FU3B",
        "ts": "1639072665.202600",
        "team": "TJE58GTJL",
        "user_team": "TJE58GTJL",
        "source_team": "TJE58GTJL",
        "user_profile": {
            "avatar_hash": "gc685e3dd12c",
            "image_72": "https:\/\/secure.gravatar.com\/avatar\/e9c685e3dd12cba4d8011ab209dabd3d.jpg?s=72&d=https%3A%2F%2Fa.slack-edge.com%2Fdf10d%2Fimg%2Favatars%2Fava_0003-72.png",
            "first_name": "Adam",
            "real_name": "Adam Bockler",
            "display_name": "Adam Bockler",
            "team": "TJE58GTJL",
            "name": "adam",
            "is_restricted": false,
            "is_ultra_restricted": false
        },
        "blocks": [
            {
                "type": "rich_text",
                "block_id": "OEV",
                "elements": [
                    {
                        "type": "rich_text_section",
                        "elements": [
                            {
                                "type": "text",
                                "text": "One of my clients does workers' comp. I'm not sure they would take this on but give "
                            },
                            {
                                "type": "link",
                                "url": "http:\/\/aiamga.com",
                                "text": "aiamga.com"
                            },
                            {
                                "type": "text",
                                "text": " a look!"
                            }
                        ]
                    }
                ]
            }
        ],
        "thread_ts": "1638995077.192100",
        "parent_user_id": "U01NM31CTFU"
    },
    {
        "client_msg_id": "8906e062-34c3-488a-a76c-83ed6e8b622a",
        "type": "message",
        "text": "Oh jeez <@U01P13NTGG6>. Definitely not going to mess around after hearing that!!",
        "user": "U01NM31CTFU",
        "ts": "1639073633.203300",
        "team": "TJE58GTJL",
        "user_team": "TJE58GTJL",
        "source_team": "TJE58GTJL",
        "user_profile": {
            "avatar_hash": "788aae3c46d1",
            "image_72": "https:\/\/avatars.slack-edge.com\/2021-05-28\/2122915523844_788aae3c46d19c1058da_72.jpg",
            "first_name": "Maddy",
            "real_name": "Maddy Osman",
            "display_name": "Maddy Osman",
            "team": "TJE58GTJL",
            "name": "maddy527",
            "is_restricted": false,
            "is_ultra_restricted": false
        },
        "blocks": [
            {
                "type": "rich_text",
                "block_id": "E\/vlx",
                "elements": [
                    {
                        "type": "rich_text_section",
                        "elements": [
                            {
                                "type": "text",
                                "text": "Oh jeez "
                            },
                            {
                                "type": "user",
                                "user_id": "U01P13NTGG6"
                            },
                            {
                                "type": "text",
                                "text": ". Definitely not going to mess around after hearing that!!"
                            }
                        ]
                    }
                ]
            }
        ],
        "thread_ts": "1638995077.192100",
        "parent_user_id": "U01NM31CTFU"
    },
    {
        "client_msg_id": "dec32600-75fb-4006-98e3-eac5cda6e772",
        "type": "message",
        "text": "Thanks <@UJ934FU3B>, I’ll check them out!",
        "user": "U01NM31CTFU",
        "ts": "1639073642.203500",
        "team": "TJE58GTJL",
        "user_team": "TJE58GTJL",
        "source_team": "TJE58GTJL",
        "user_profile": {
            "avatar_hash": "788aae3c46d1",
            "image_72": "https:\/\/avatars.slack-edge.com\/2021-05-28\/2122915523844_788aae3c46d19c1058da_72.jpg",
            "first_name": "Maddy",
            "real_name": "Maddy Osman",
            "display_name": "Maddy Osman",
            "team": "TJE58GTJL",
            "name": "maddy527",
            "is_restricted": false,
            "is_ultra_restricted": false
        },
        "blocks": [
            {
                "type": "rich_text",
                "block_id": "LHtMY",
                "elements": [
                    {
                        "type": "rich_text_section",
                        "elements": [
                            {
                                "type": "text",
                                "text": "Thanks "
                            },
                            {
                                "type": "user",
                                "user_id": "UJ934FU3B"
                            },
                            {
                                "type": "text",
                                "text": ", I’ll check them out!"
                            }
                        ]
                    }
                ]
            }
        ],
        "thread_ts": "1638995077.192100",
        "parent_user_id": "U01NM31CTFU",
        "reactions": [
            {
                "name": "+1",
                "users": [
                    "UJ934FU3B"
                ],
                "count": 1
            }
        ]
    }
]