[
    {
        "client_msg_id": "132863bc-7de2-47a9-b5a2-9e25dfd4cf57",
        "type": "message",
        "text": "I tracked my time and once a task got to ~20 hours\/week, I started looking to hire.\n\nI wrote a lot more about it here as I just went through it last year: <https:\/\/www.karllhughes.com\/posts\/scaling-services>",
        "user": "U029CTQ5X6Y",
        "ts": "1632772387.173500",
        "team": "TJE58GTJL",
        "user_team": "TJE58GTJL",
        "source_team": "TJE58GTJL",
        "user_profile": {
            "avatar_hash": "4d1afd4712b9",
            "image_72": "https:\/\/avatars.slack-edge.com\/2021-07-26\/2312909469026_4d1afd4712b9f77f1af8_72.jpg",
            "first_name": "Karl",
            "real_name": "Karl Hughes",
            "display_name": "Karl (Draft.dev)",
            "team": "TJE58GTJL",
            "name": "khughes.me",
            "is_restricted": false,
            "is_ultra_restricted": false
        },
        "blocks": [
            {
                "type": "rich_text",
                "block_id": "PBkik",
                "elements": [
                    {
                        "type": "rich_text_section",
                        "elements": [
                            {
                                "type": "text",
                                "text": "I tracked my time and once a task got to ~20 hours\/week, I started looking to hire.\n\nI wrote a lot more about it here as I just went through it last year: "
                            },
                            {
                                "type": "link",
                                "url": "https:\/\/www.karllhughes.com\/posts\/scaling-services"
                            }
                        ]
                    }
                ]
            }
        ],
        "thread_ts": "1632673796.168200",
        "parent_user_id": "U02FV1XHS2C",
        "reactions": [
            {
                "name": "white_check_mark",
                "users": [
                    "U02FV1XHS2C"
                ],
                "count": 1
            }
        ]
    },
    {
        "client_msg_id": "5cb516bd-352f-4558-91ec-4bb41fd60e17",
        "type": "message",
        "text": "I send this client onboarding blog post to all prospects after our first call: <https:\/\/draft.dev\/learn\/client-onboarding>\n\nThen we reference it repeatedly during each step of onboarding.\n\nAlmost every client tells me how helpful it is.",
        "user": "U029CTQ5X6Y",
        "ts": "1632772454.173900",
        "team": "TJE58GTJL",
        "user_team": "TJE58GTJL",
        "source_team": "TJE58GTJL",
        "user_profile": {
            "avatar_hash": "4d1afd4712b9",
            "image_72": "https:\/\/avatars.slack-edge.com\/2021-07-26\/2312909469026_4d1afd4712b9f77f1af8_72.jpg",
            "first_name": "Karl",
            "real_name": "Karl Hughes",
            "display_name": "Karl (Draft.dev)",
            "team": "TJE58GTJL",
            "name": "khughes.me",
            "is_restricted": false,
            "is_ultra_restricted": false
        },
        "attachments": [
            {
                "service_name": "Draft.dev",
                "title": "How Draft.dev Works with Clients",
                "title_link": "https:\/\/draft.dev\/learn\/client-onboarding",
                "text": "Transparency is the key when working with clients. This article is about how Draft.dev mastered it.",
                "fallback": "Draft.dev: How Draft.dev Works with Clients",
                "image_url": "https:\/\/draft.dev\/learn\/assets\/posts\/8rgfmmj.jpg",
                "ts": 1621549413,
                "from_url": "https:\/\/draft.dev\/learn\/client-onboarding",
                "image_width": 375,
                "image_height": 250,
                "image_bytes": 867686,
                "service_icon": "https:\/\/draft.dev\/learn\/assets\/favicon.ico",
                "id": 1,
                "original_url": "https:\/\/draft.dev\/learn\/client-onboarding"
            }
        ],
        "blocks": [
            {
                "type": "rich_text",
                "block_id": "1vx72",
                "elements": [
                    {
                        "type": "rich_text_section",
                        "elements": [
                            {
                                "type": "text",
                                "text": "I send this client onboarding blog post to all prospects after our first call: "
                            },
                            {
                                "type": "link",
                                "url": "https:\/\/draft.dev\/learn\/client-onboarding"
                            },
                            {
                                "type": "text",
                                "text": "\n\nThen we reference it repeatedly during each step of onboarding.\n\nAlmost every client tells me how helpful it is."
                            }
                        ]
                    }
                ]
            }
        ],
        "thread_ts": "1632503887.162800",
        "parent_user_id": "U01NM31CTFU",
        "reactions": [
            {
                "name": "100",
                "users": [
                    "U02EL2KVB9S"
                ],
                "count": 1
            }
        ]
    },
    {
        "client_msg_id": "7ccc1f17-3364-493d-b0a2-89b3b04aa455",
        "type": "message",
        "text": "Thank you to both of you!\n\nThese are both great ways to think about it.\n\nI would ask a further question:\n\nIf you were one of my clients, would you be upset to know that I was employing someone else to help me to get your work done? They're all assuming that I'm the one making it happen. If you would suggest telling them straight up, how would I go about doing that in a way that will ensure they feel comfortable?\n\nThere's also the trust factor. How do you give people things to do and have them do it well. I have historically found it hard to give tasks to people in a simple way. It often requires that people are able to problem solve on their own. This is part of what makes me the 'go to' person for my job and what gets me referrals. If the quality dips, that'll stop happening.\n\nFor my clients, I'd need to give access to social media accounts and have my employees respect that trust as deeply as I do.",
        "user": "U02FV1XHS2C",
        "ts": "1632777199.174300",
        "team": "TJE58GTJL",
        "user_team": "TJE58GTJL",
        "source_team": "TJE58GTJL",
        "user_profile": {
            "avatar_hash": "c9247c6ca97b",
            "image_72": "https:\/\/avatars.slack-edge.com\/2021-09-21\/2515852092227_c9247c6ca97b6b64f3f1_72.jpg",
            "first_name": "Kieran",
            "real_name": "Kieran Giles",
            "display_name": "Kieran Giles",
            "team": "TJE58GTJL",
            "name": "kgiles.marketing",
            "is_restricted": false,
            "is_ultra_restricted": false
        },
        "edited": {
            "user": "U02FV1XHS2C",
            "ts": "1632777234.000000"
        },
        "blocks": [
            {
                "type": "rich_text",
                "block_id": "st7",
                "elements": [
                    {
                        "type": "rich_text_section",
                        "elements": [
                            {
                                "type": "text",
                                "text": "Thank you to both of you!\n\nThese are both great ways to think about it.\n\nI would ask a further question:\n\nIf you were one of my clients, would you be upset to know that I was employing someone else to help me to get your work done? They're all assuming that I'm the one making it happen. If you would suggest telling them straight up, how would I go about doing that in a way that will ensure they feel comfortable?\n\nThere's also the trust factor. How do you give people things to do and have them do it well. I have historically found it hard to give tasks to people in a simple way. It often requires that people are able to problem solve on their own. This is part of what makes me the 'go to' person for my job and what gets me referrals. If the quality dips, that'll stop happening.\n\nFor my clients, I'd need to give access to social media accounts and have my employees respect that trust as deeply as I do."
                            }
                        ]
                    }
                ]
            }
        ],
        "thread_ts": "1632673796.168200",
        "parent_user_id": "U02FV1XHS2C"
    },
    {
        "client_msg_id": "e3f94f16-4b9a-446a-8ddc-2a625651f6f4",
        "type": "message",
        "text": "<@U029CTQ5X6Y> this blog is fuego by the way.",
        "user": "U02FV1XHS2C",
        "ts": "1632777374.174600",
        "team": "TJE58GTJL",
        "user_team": "TJE58GTJL",
        "source_team": "TJE58GTJL",
        "user_profile": {
            "avatar_hash": "c9247c6ca97b",
            "image_72": "https:\/\/avatars.slack-edge.com\/2021-09-21\/2515852092227_c9247c6ca97b6b64f3f1_72.jpg",
            "first_name": "Kieran",
            "real_name": "Kieran Giles",
            "display_name": "Kieran Giles",
            "team": "TJE58GTJL",
            "name": "kgiles.marketing",
            "is_restricted": false,
            "is_ultra_restricted": false
        },
        "blocks": [
            {
                "type": "rich_text",
                "block_id": "hi9L",
                "elements": [
                    {
                        "type": "rich_text_section",
                        "elements": [
                            {
                                "type": "user",
                                "user_id": "U029CTQ5X6Y"
                            },
                            {
                                "type": "text",
                                "text": " this blog is fuego by the way."
                            }
                        ]
                    }
                ]
            }
        ],
        "thread_ts": "1632673796.168200",
        "parent_user_id": "U02FV1XHS2C"
    },
    {
        "client_msg_id": "244886c7-0113-495b-875a-e1ed22933f50",
        "type": "message",
        "text": "It’s super hard. This is the big barrier to moving from freelance to agency.\n\nHonestly, I completely churned all my freelance clients within 6 months, haha. Many were hiring me for me, so they didn’t really want other writers (no matter how good they were).\n\nI’d be happy to share more about it if you wanna hop on a call next week: <https:\/\/calendly.com\/karlhughes\/zoom?month=2021-10>\n\nIt’s a bit more than I can type out in a thread I think.",
        "user": "U029CTQ5X6Y",
        "ts": "1632777614.174800",
        "team": "TJE58GTJL",
        "user_team": "TJE58GTJL",
        "source_team": "TJE58GTJL",
        "user_profile": {
            "avatar_hash": "4d1afd4712b9",
            "image_72": "https:\/\/avatars.slack-edge.com\/2021-07-26\/2312909469026_4d1afd4712b9f77f1af8_72.jpg",
            "first_name": "Karl",
            "real_name": "Karl Hughes",
            "display_name": "Karl (Draft.dev)",
            "team": "TJE58GTJL",
            "name": "khughes.me",
            "is_restricted": false,
            "is_ultra_restricted": false
        },
        "blocks": [
            {
                "type": "rich_text",
                "block_id": "\/ZnyG",
                "elements": [
                    {
                        "type": "rich_text_section",
                        "elements": [
                            {
                                "type": "text",
                                "text": "It’s super hard. This is the big barrier to moving from freelance to agency.\n\nHonestly, I completely churned all my freelance clients within 6 months, haha. Many were hiring me for me, so they didn’t really want other writers (no matter how good they were).\n\nI’d be happy to share more about it if you wanna hop on a call next week: "
                            },
                            {
                                "type": "link",
                                "url": "https:\/\/calendly.com\/karlhughes\/zoom?month=2021-10"
                            },
                            {
                                "type": "text",
                                "text": "\n\nIt’s a bit more than I can type out in a thread I think."
                            }
                        ]
                    }
                ]
            }
        ],
        "thread_ts": "1632673796.168200",
        "parent_user_id": "U02FV1XHS2C",
        "reactions": [
            {
                "name": "eyes",
                "users": [
                    "U02FV1XHS2C"
                ],
                "count": 1
            }
        ]
    },
    {
        "client_msg_id": "5eb63e0a-8cac-4cc0-8bc2-500c0745b6fb",
        "type": "message",
        "text": "edit: (I booked monday)\n\nI would love to chat about it - I appreciate you lending your advice too. This is invaluable. Which day works best on your link? If you're anything like me your calendar availability also has 'premium slots' haha",
        "user": "U02FV1XHS2C",
        "ts": "1632777974.175100",
        "team": "TJE58GTJL",
        "user_team": "TJE58GTJL",
        "source_team": "TJE58GTJL",
        "user_profile": {
            "avatar_hash": "c9247c6ca97b",
            "image_72": "https:\/\/avatars.slack-edge.com\/2021-09-21\/2515852092227_c9247c6ca97b6b64f3f1_72.jpg",
            "first_name": "Kieran",
            "real_name": "Kieran Giles",
            "display_name": "Kieran Giles",
            "team": "TJE58GTJL",
            "name": "kgiles.marketing",
            "is_restricted": false,
            "is_ultra_restricted": false
        },
        "edited": {
            "user": "U02FV1XHS2C",
            "ts": "1632778334.000000"
        },
        "blocks": [
            {
                "type": "rich_text",
                "block_id": "zKV",
                "elements": [
                    {
                        "type": "rich_text_section",
                        "elements": [
                            {
                                "type": "text",
                                "text": "edit: (I booked monday)\n\nI would love to chat about it - I appreciate you lending your advice too. This is invaluable. Which day works best on your link? If you're anything like me your calendar availability also has 'premium slots' haha"
                            }
                        ]
                    }
                ]
            }
        ],
        "thread_ts": "1632673796.168200",
        "parent_user_id": "U02FV1XHS2C"
    },
    {
        "client_msg_id": "05232198-82af-4c77-9826-6f39402e52a0",
        "type": "message",
        "text": "And yes, I have precisely the same issue, my clients love what I do because of my passion for this niche.",
        "user": "U02FV1XHS2C",
        "ts": "1632778022.175300",
        "team": "TJE58GTJL",
        "user_team": "TJE58GTJL",
        "source_team": "TJE58GTJL",
        "user_profile": {
            "avatar_hash": "c9247c6ca97b",
            "image_72": "https:\/\/avatars.slack-edge.com\/2021-09-21\/2515852092227_c9247c6ca97b6b64f3f1_72.jpg",
            "first_name": "Kieran",
            "real_name": "Kieran Giles",
            "display_name": "Kieran Giles",
            "team": "TJE58GTJL",
            "name": "kgiles.marketing",
            "is_restricted": false,
            "is_ultra_restricted": false
        },
        "blocks": [
            {
                "type": "rich_text",
                "block_id": "afF",
                "elements": [
                    {
                        "type": "rich_text_section",
                        "elements": [
                            {
                                "type": "text",
                                "text": "And yes, I have precisely the same issue, my clients love what I do because of my passion for this niche."
                            }
                        ]
                    }
                ]
            }
        ],
        "thread_ts": "1632673796.168200",
        "parent_user_id": "U02FV1XHS2C"
    },
    {
        "client_msg_id": "3bc4bc2e-0328-4b3c-84fc-7e75354c1573",
        "type": "message",
        "text": "Yeah anytime you wanna book is fine. I got a lot of help from others who came before me, so I try to pay it forward when I can.\n\nPlus, it never hurts to have more contacts in the space, right?\n\nTalk soon!",
        "user": "U029CTQ5X6Y",
        "ts": "1632780607.175600",
        "team": "TJE58GTJL",
        "user_team": "TJE58GTJL",
        "source_team": "TJE58GTJL",
        "user_profile": {
            "avatar_hash": "4d1afd4712b9",
            "image_72": "https:\/\/avatars.slack-edge.com\/2021-07-26\/2312909469026_4d1afd4712b9f77f1af8_72.jpg",
            "first_name": "Karl",
            "real_name": "Karl Hughes",
            "display_name": "Karl (Draft.dev)",
            "team": "TJE58GTJL",
            "name": "khughes.me",
            "is_restricted": false,
            "is_ultra_restricted": false
        },
        "blocks": [
            {
                "type": "rich_text",
                "block_id": "vCwb",
                "elements": [
                    {
                        "type": "rich_text_section",
                        "elements": [
                            {
                                "type": "text",
                                "text": "Yeah anytime you wanna book is fine. I got a lot of help from others who came before me, so I try to pay it forward when I can.\n\nPlus, it never hurts to have more contacts in the space, right?\n\nTalk soon!"
                            }
                        ]
                    }
                ]
            }
        ],
        "thread_ts": "1632673796.168200",
        "parent_user_id": "U02FV1XHS2C",
        "reactions": [
            {
                "name": "raised_hands",
                "users": [
                    "U02FV1XHS2C"
                ],
                "count": 1
            }
        ]
    },
    {
        "client_msg_id": "9D781176-59C6-4DFD-9EB4-45DBA9C187B7",
        "type": "message",
        "text": "I’d have the conversation with the client and let them know you're still going to be vetting everything before it goes out the door. Most clients know that one person can't do everything and have to get help at some point. If they don’t get that…I’d go for different clients. \n\nAs far as quality, this is where tools like <http:\/\/Process.st|Process.st> are perfect. If you're not already documenting your processes, you should start ASAP. ",
        "user": "U01P13NTGG6",
        "ts": "1632795100.178700",
        "team": "TJE58GTJL",
        "user_team": "TJE58GTJL",
        "source_team": "TJE58GTJL",
        "user_profile": {
            "avatar_hash": "1625b1f12011",
            "image_72": "https:\/\/avatars.slack-edge.com\/2021-02-24\/1775273585607_1625b1f12011f553efc5_72.png",
            "first_name": "Skyler",
            "real_name": "Skyler Reeves",
            "display_name": "Skyler Reeves",
            "team": "TJE58GTJL",
            "name": "skyler",
            "is_restricted": false,
            "is_ultra_restricted": false
        },
        "blocks": [
            {
                "type": "rich_text",
                "block_id": "MwBRL",
                "elements": [
                    {
                        "type": "rich_text_section",
                        "elements": [
                            {
                                "type": "text",
                                "text": "I’d have the conversation with the client and let them know you're still going to be vetting everything before it goes out the door. Most clients know that one person can't do everything and have to get help at some point. If they don’t get that…I’d go for different clients. \n"
                            },
                            {
                                "type": "text",
                                "text": "\nAs far as quality, this is where tools like "
                            },
                            {
                                "type": "link",
                                "url": "http:\/\/Process.st",
                                "text": "Process.st"
                            },
                            {
                                "type": "text",
                                "text": " are perfect. If you're not already documenting your processes, you should start ASAP. "
                            }
                        ]
                    }
                ]
            }
        ],
        "thread_ts": "1632673796.168200",
        "parent_user_id": "U02FV1XHS2C",
        "reactions": [
            {
                "name": "raised_hands",
                "users": [
                    "U02FV1XHS2C",
                    "U021TAHP6TB"
                ],
                "count": 2
            }
        ]
    },
    {
        "client_msg_id": "6bad334f-ba54-48cd-b269-eb53cbb489e2",
        "type": "message",
        "text": "You're both lifesavers, thank you so much :heart:",
        "user": "U02FV1XHS2C",
        "ts": "1632796112.179100",
        "team": "TJE58GTJL",
        "user_team": "TJE58GTJL",
        "source_team": "TJE58GTJL",
        "user_profile": {
            "avatar_hash": "c9247c6ca97b",
            "image_72": "https:\/\/avatars.slack-edge.com\/2021-09-21\/2515852092227_c9247c6ca97b6b64f3f1_72.jpg",
            "first_name": "Kieran",
            "real_name": "Kieran Giles",
            "display_name": "Kieran Giles",
            "team": "TJE58GTJL",
            "name": "kgiles.marketing",
            "is_restricted": false,
            "is_ultra_restricted": false
        },
        "blocks": [
            {
                "type": "rich_text",
                "block_id": "L8WI",
                "elements": [
                    {
                        "type": "rich_text_section",
                        "elements": [
                            {
                                "type": "text",
                                "text": "You're both lifesavers, thank you so much "
                            },
                            {
                                "type": "emoji",
                                "name": "heart"
                            }
                        ]
                    }
                ]
            }
        ],
        "thread_ts": "1632673796.168200",
        "parent_user_id": "U02FV1XHS2C"
    }
]