[
    {
        "client_msg_id": "c56a3f81-4359-48b1-8704-8939a50103fb",
        "type": "message",
        "text": "Hi all,\nfor those of you that run an agency, what made you take the plunge from a freelancer or another agency position? I've been in both camps, and in ramping up my freelance train (choo choo) again over the past few months, I find myself back to that \"big decision\" I have always avoided in the past.\nCan those of you who are owners enlighten me a little bit about your process and how that transition went for you? I am daunted. I am a content person. Not a payroll\/HR\/taxes\/sales person.",
        "user": "U01T30ZCN82",
        "ts": "1631839381.106600",
        "team": "TJE58GTJL",
        "user_team": "TJE58GTJL",
        "source_team": "TJE58GTJL",
        "user_profile": {
            "avatar_hash": "21b5c9e10088",
            "image_72": "https:\/\/avatars.slack-edge.com\/2021-10-30\/2665466859317_21b5c9e1008896e945c1_72.png",
            "first_name": "Jessica",
            "real_name": "Jessica Share",
            "display_name": "Jessica Share",
            "team": "TJE58GTJL",
            "name": "jessicamikell",
            "is_restricted": false,
            "is_ultra_restricted": false
        },
        "blocks": [
            {
                "type": "rich_text",
                "block_id": "Ix=m6",
                "elements": [
                    {
                        "type": "rich_text_section",
                        "elements": [
                            {
                                "type": "text",
                                "text": "Hi all,\nfor those of you that run an agency, what made you take the plunge from a freelancer or another agency position? I've been in both camps, and in ramping up my freelance train (choo choo) again over the past few months, I find myself back to that \"big decision\" I have always avoided in the past.\nCan those of you who are owners enlighten me a little bit about your process and how that transition went for you? I am daunted. I am a content person. Not a payroll\/HR\/taxes\/sales person."
                            }
                        ]
                    }
                ]
            }
        ],
        "thread_ts": "1631839381.106600",
        "reply_count": 5,
        "reply_users_count": 4,
        "latest_reply": "1631917549.127300",
        "reply_users": [
            "U02681WABA7",
            "U024K88ECFN",
            "U029CTQ5X6Y",
            "U01T30ZCN82"
        ],
        "replies": [
            {
                "user": "U02681WABA7",
                "ts": "1631859796.106900"
            },
            {
                "user": "U024K88ECFN",
                "ts": "1631884259.112900"
            },
            {
                "user": "U029CTQ5X6Y",
                "ts": "1631890284.113200"
            },
            {
                "user": "U01T30ZCN82",
                "ts": "1631917485.127100"
            },
            {
                "user": "U029CTQ5X6Y",
                "ts": "1631917549.127300"
            }
        ],
        "is_locked": false,
        "subscribed": false
    },
    {
        "client_msg_id": "0914c8f1-43f8-4ecc-bac3-bd3bbcb94542",
        "type": "message",
        "text": "Pay to outsource payroll and taxes (if you can't do the latter yourself). If you start your own business and contract employees, you'll have to be the HR department in the first phase of the business. And if you've worked freelance, you've been doing sales already :wink:",
        "user": "U02681WABA7",
        "ts": "1631859796.106900",
        "team": "TJE58GTJL",
        "user_team": "TJE58GTJL",
        "source_team": "TJE58GTJL",
        "user_profile": {
            "avatar_hash": "e00edcfaaddd",
            "image_72": "https:\/\/avatars.slack-edge.com\/2021-09-29\/2531730201543_e00edcfaaddd70703667_72.jpg",
            "first_name": "Jonas",
            "real_name": "Jonas van de Poel",
            "display_name": "Jonas van de Poel",
            "team": "TJE58GTJL",
            "name": "jonas792",
            "is_restricted": false,
            "is_ultra_restricted": false
        },
        "blocks": [
            {
                "type": "rich_text",
                "block_id": "CZFIB",
                "elements": [
                    {
                        "type": "rich_text_section",
                        "elements": [
                            {
                                "type": "text",
                                "text": "Pay to outsource payroll and taxes (if you can't do the latter yourself). If you start your own business and contract employees, you'll have to be the HR department in the first phase of the business. And if you've worked freelance, you've been doing sales already "
                            },
                            {
                                "type": "emoji",
                                "name": "wink"
                            }
                        ]
                    }
                ]
            }
        ],
        "thread_ts": "1631839381.106600",
        "parent_user_id": "U01T30ZCN82",
        "reactions": [
            {
                "name": "raised_hands",
                "users": [
                    "U01T30ZCN82",
                    "U02CMV0AHAS"
                ],
                "count": 2
            }
        ]
    }
]