[
    {
        "client_msg_id": "df71ff6a-d507-41fa-84a6-b4aea61aaf5a",
        "type": "message",
        "text": "are you the real Neil Patel :joy:",
        "user": "U02GPLA0WA1",
        "ts": "1635507162.028200",
        "team": "TJE58GTJL",
        "user_team": "TJE58GTJL",
        "source_team": "TJE58GTJL",
        "user_profile": {
            "avatar_hash": "c282da8e65cd",
            "image_72": "https:\/\/avatars.slack-edge.com\/2021-10-06\/2564934517142_c282da8e65cde551e4ac_72.jpg",
            "first_name": "Aleksandar",
            "real_name": "Aleksandar Micev",
            "display_name": "Aleksandar Micev",
            "team": "TJE58GTJL",
            "name": "aleksandar.micev",
            "is_restricted": false,
            "is_ultra_restricted": false
        },
        "blocks": [
            {
                "type": "rich_text",
                "block_id": "Hix",
                "elements": [
                    {
                        "type": "rich_text_section",
                        "elements": [
                            {
                                "type": "text",
                                "text": "are you the real Neil Patel "
                            },
                            {
                                "type": "emoji",
                                "name": "joy"
                            }
                        ]
                    }
                ]
            }
        ],
        "thread_ts": "1634811481.002500",
        "parent_user_id": "U02AW2P1N5N",
        "reactions": [
            {
                "name": "joy",
                "users": [
                    "U02AW2P1N5N"
                ],
                "count": 1
            }
        ]
    }
]