[
    {
        "client_msg_id": "ab302569-9dd2-4ddf-8502-20c1b7d0d287",
        "type": "message",
        "text": "<@U024K88ECFN> have gone through the same situation. Recently, I have removed all my connection that belong to marketing industry. It's true that most of the marketers engage on marketers posts. It is the reason we see they have good organic reach and engagement.\n\nSecond thing is that there are CEO's are service seekers active there. But only thing is that how do you put them to engage with your content. Don't post marketing content. Instead go for informative content that looks problem solving try putting stats and sound like a problem solver. This type of content is least engaged but it will generate clients for you.\n\nSo remove all marketing connections and go for your prospects. It's proven after doing that I am getting messages from my prospects that I have connected with recently.",
        "user": "U02CMUWPRFY",
        "ts": "1636147060.075000",
        "team": "TJE58GTJL",
        "user_team": "TJE58GTJL",
        "source_team": "TJE58GTJL",
        "user_profile": {
            "avatar_hash": "70f15ae1d8ed",
            "image_72": "https:\/\/avatars.slack-edge.com\/2021-08-31\/2460988288496_70f15ae1d8ed762fad57_72.jpg",
            "first_name": "Noman",
            "real_name": "Noman Suleman",
            "display_name": "Noman Suleman",
            "team": "TJE58GTJL",
            "name": "noman.sulieman",
            "is_restricted": false,
            "is_ultra_restricted": false
        },
        "blocks": [
            {
                "type": "rich_text",
                "block_id": "5QShj",
                "elements": [
                    {
                        "type": "rich_text_section",
                        "elements": [
                            {
                                "type": "user",
                                "user_id": "U024K88ECFN"
                            },
                            {
                                "type": "text",
                                "text": " have gone through the same situation. Recently, I have removed all my connection that belong to marketing industry. It's true that most of the marketers engage on marketers posts. It is the reason we see they have good organic reach and engagement.\n\nSecond thing is that there are CEO's are service seekers active there. But only thing is that how do you put them to engage with your content. Don't post marketing content. Instead go for informative content that looks problem solving try putting stats and sound like a problem solver. This type of content is least engaged but it will generate clients for you.\n\nSo remove all marketing connections and go for your prospects. It's proven after doing that I am getting messages from my prospects that I have connected with recently."
                            }
                        ]
                    }
                ]
            }
        ],
        "thread_ts": "1635895303.048100",
        "parent_user_id": "U024K88ECFN",
        "reactions": [
            {
                "name": "fire",
                "users": [
                    "U01TBAF98H0",
                    "U024K88ECFN",
                    "U02ERS3PWBT"
                ],
                "count": 3
            }
        ]
    }
]