[
    {
        "bot_id": "B023BC3A2UV",
        "type": "message",
        "text": "_[sponsored]_ Many thanks to <https:\/\/www.campaignmonitor.com\/agencies\/?utm_source=superpath&amp;utm_medium=sponsoredcontent|Campaign Monitor> for supporting our community by sponsoring this channel! :partygritty::pray: Campaign Monitor was founded by two agency owners looking for a better email solution. It features a dashboard to track multiple clients and white-label branding so you can use whatever logos, colors and fonts you'd like. <https:\/\/www.campaignmonitor.com\/agencies\/?utm_source=superpath&amp;utm_medium=sponsoredcontent|You can learn more about its agency features here.> Thanks again CM team!",
        "user": "UJG9WTEKG",
        "ts": "1638806411.172300",
        "team": "TJE58GTJL",
        "bot_profile": {
            "id": "B023BC3A2UV",
            "app_id": "AL3SX1B6J",
            "name": "Send It Later",
            "icons": {
                "image_36": "https:\/\/avatars.slack-edge.com\/2019-07-02\/671777182994_a14924be81a633327b73_36.png",
                "image_48": "https:\/\/avatars.slack-edge.com\/2019-07-02\/671777182994_a14924be81a633327b73_48.png",
                "image_72": "https:\/\/avatars.slack-edge.com\/2019-07-02\/671777182994_a14924be81a633327b73_72.png"
            },
            "deleted": false,
            "updated": 1622231340,
            "team_id": "TJE58GTJL"
        },
        "edited": {
            "user": "B023BC3A2UV",
            "ts": "1638806412.000000"
        },
        "attachments": [
            {
                "from_url": "https:\/\/www.campaignmonitor.com\/agencies\/?utm_source=superpath&utm_medium=sponsoredcontent",
                "service_name": "Campaign Monitor",
                "title": "Agency Resources Archive | Campaign Monitor",
                "title_link": "https:\/\/www.campaignmonitor.com\/agencies\/?utm_source=superpath&utm_medium=sponsoredcontent",
                "text": "Drive recurring revenue for your agency with our private label email marketing software. See why agencies prefer Campaign Monitor. Ask about our discount!",
                "image_url": "https:\/\/www.campaignmonitor.com\/wp-content\/themes\/cm-theme\/assets\/brand\/campaignmonitor.jpg",
                "image_width": 476,
                "image_height": 250,
                "image_bytes": 56944,
                "fallback": "Campaign Monitor: Agency Resources Archive | Campaign Monitor",
                "id": 1,
                "original_url": "https:\/\/www.campaignmonitor.com\/agencies\/?utm_source=superpath&amp;utm_medium=sponsoredcontent"
            }
        ],
        "reactions": [
            {
                "name": "clap::skin-tone-3",
                "users": [
                    "U02BRGBQZ8F"
                ],
                "count": 1
            },
            {
                "name": "clap",
                "users": [
                    "U022NPEBM18"
                ],
                "count": 1
            }
        ]
    }
]