[
    {
        "client_msg_id": "ea6c03ee-cbbe-4b7d-92d3-20ed5a0b8e37",
        "type": "message",
        "text": "Hi <@U02280S1Q8P>! We're a woman-led SEO agency  work with lots of European SaaS companies: <http:\/\/www.flyingcatmarketing.com|www.flyingcatmarketing.com>\n\nI'd DM you but it's against Superpath guidelines unless I ask you if it's okay first :slightly_smiling_face:",
        "user": "U02AJEY8ACW",
        "ts": "1628702167.025200",
        "team": "TJE58GTJL",
        "user_team": "TJE58GTJL",
        "source_team": "TJE58GTJL",
        "user_profile": {
            "avatar_hash": "a3fa1c4342fb",
            "image_72": "https:\/\/avatars.slack-edge.com\/2021-08-11\/2393938925632_a3fa1c4342fb8d904897_72.jpg",
            "first_name": "Maeva",
            "real_name": "Maeva Cifuentes",
            "display_name": "Maeva",
            "team": "TJE58GTJL",
            "name": "maeva",
            "is_restricted": false,
            "is_ultra_restricted": false
        },
        "blocks": [
            {
                "type": "rich_text",
                "block_id": "3+N",
                "elements": [
                    {
                        "type": "rich_text_section",
                        "elements": [
                            {
                                "type": "text",
                                "text": "Hi "
                            },
                            {
                                "type": "user",
                                "user_id": "U02280S1Q8P"
                            },
                            {
                                "type": "text",
                                "text": "! We're a woman-led SEO agency  work with lots of European SaaS companies: "
                            },
                            {
                                "type": "link",
                                "url": "http:\/\/www.flyingcatmarketing.com",
                                "text": "www.flyingcatmarketing.com"
                            },
                            {
                                "type": "text",
                                "text": "\n\nI'd DM you but it's against Superpath guidelines unless I ask you if it's okay first "
                            },
                            {
                                "type": "emoji",
                                "name": "slightly_smiling_face"
                            }
                        ]
                    }
                ]
            }
        ],
        "thread_ts": "1628234144.015800",
        "parent_user_id": "U02280S1Q8P"
    },
    {
        "client_msg_id": "90627586-8a7c-47c0-a83d-12d74ad060f3",
        "type": "message",
        "text": "Refine Labs are killing it!",
        "user": "U02AJEY8ACW",
        "ts": "1628702191.025400",
        "team": "TJE58GTJL",
        "user_team": "TJE58GTJL",
        "source_team": "TJE58GTJL",
        "user_profile": {
            "avatar_hash": "a3fa1c4342fb",
            "image_72": "https:\/\/avatars.slack-edge.com\/2021-08-11\/2393938925632_a3fa1c4342fb8d904897_72.jpg",
            "first_name": "Maeva",
            "real_name": "Maeva Cifuentes",
            "display_name": "Maeva",
            "team": "TJE58GTJL",
            "name": "maeva",
            "is_restricted": false,
            "is_ultra_restricted": false
        },
        "blocks": [
            {
                "type": "rich_text",
                "block_id": "sXa9q",
                "elements": [
                    {
                        "type": "rich_text_section",
                        "elements": [
                            {
                                "type": "text",
                                "text": "Refine Labs are killing it!"
                            }
                        ]
                    }
                ]
            }
        ],
        "thread_ts": "1628173696.012600",
        "parent_user_id": "U024K88ECFN"
    },
    {
        "client_msg_id": "279bcccd-711e-4c7e-8024-45d008d2ab68",
        "type": "message",
        "text": "Nice! Checking them out now!",
        "user": "U024K88ECFN",
        "ts": "1628702501.025600",
        "team": "TJE58GTJL",
        "user_team": "TJE58GTJL",
        "source_team": "TJE58GTJL",
        "user_profile": {
            "avatar_hash": "00c4a04080e3",
            "image_72": "https:\/\/avatars.slack-edge.com\/2022-03-23\/3286590119379_00c4a04080e367a58cfc_72.png",
            "first_name": "Rebekah",
            "real_name": "Rebekah Edwards",
            "display_name": "Rebekah Edwards",
            "team": "TJE58GTJL",
            "name": "rebekah473",
            "is_restricted": false,
            "is_ultra_restricted": false
        },
        "blocks": [
            {
                "type": "rich_text",
                "block_id": "FXSgd",
                "elements": [
                    {
                        "type": "rich_text_section",
                        "elements": [
                            {
                                "type": "text",
                                "text": "Nice! Checking them out now!"
                            }
                        ]
                    }
                ]
            }
        ],
        "thread_ts": "1628173696.012600",
        "parent_user_id": "U024K88ECFN"
    }
]