[
    {
        "client_msg_id": "d90ae236-64c9-487a-9f41-3ee94d3dc53c",
        "type": "message",
        "text": "I've had more success on <http:\/\/bark.com|bark.com>, going for the bigger budget requests. Credo works though if your niche is tight",
        "user": "U02G414SPC7",
        "ts": "1634487775.259200",
        "team": "TJE58GTJL",
        "user_team": "TJE58GTJL",
        "source_team": "TJE58GTJL",
        "user_profile": {
            "avatar_hash": "a07af2dc8b99",
            "image_72": "https:\/\/avatars.slack-edge.com\/2021-10-17\/2599147143255_a07af2dc8b998aadbea6_72.jpg",
            "first_name": "Blake",
            "real_name": "Blake Mitchell",
            "display_name": "Blake Mitchell",
            "team": "TJE58GTJL",
            "name": "seo",
            "is_restricted": false,
            "is_ultra_restricted": false
        },
        "blocks": [
            {
                "type": "rich_text",
                "block_id": "hH0UC",
                "elements": [
                    {
                        "type": "rich_text_section",
                        "elements": [
                            {
                                "type": "text",
                                "text": "I've had more success on "
                            },
                            {
                                "type": "link",
                                "url": "http:\/\/bark.com",
                                "text": "bark.com"
                            },
                            {
                                "type": "text",
                                "text": ", going for the bigger budget requests. Credo works though if your niche is tight"
                            }
                        ]
                    }
                ]
            }
        ],
        "thread_ts": "1634233686.257300",
        "parent_user_id": "U02F43CAK5X"
    }
]