[
    {
        "client_msg_id": "AA6C9876-8338-4C69-BAB1-FAF7AF57BC27",
        "type": "message",
        "text": "<@UJ2N9A3GT> thanks for the shoutout!\n\nLet me know if we can help <@U02539G82R5>. All we do at Draft.dev is technical content - mostly software.",
        "user": "U029CTQ5X6Y",
        "ts": "1627866098.001600",
        "team": "TJE58GTJL",
        "user_team": "TJE58GTJL",
        "source_team": "TJE58GTJL",
        "user_profile": {
            "avatar_hash": "4d1afd4712b9",
            "image_72": "https:\/\/avatars.slack-edge.com\/2021-07-26\/2312909469026_4d1afd4712b9f77f1af8_72.jpg",
            "first_name": "Karl",
            "real_name": "Karl Hughes",
            "display_name": "Karl (Draft.dev)",
            "team": "TJE58GTJL",
            "name": "khughes.me",
            "is_restricted": false,
            "is_ultra_restricted": false
        },
        "blocks": [
            {
                "type": "rich_text",
                "block_id": "yK+fR",
                "elements": [
                    {
                        "type": "rich_text_section",
                        "elements": [
                            {
                                "type": "user",
                                "user_id": "UJ2N9A3GT"
                            },
                            {
                                "type": "text",
                                "text": " thanks for the shoutout!\n\nLet me know if we can help "
                            },
                            {
                                "type": "user",
                                "user_id": "U02539G82R5"
                            },
                            {
                                "type": "text",
                                "text": ". All we do at Draft.dev is technical content - mostly software."
                            }
                        ]
                    }
                ]
            }
        ],
        "thread_ts": "1624912976.087300",
        "parent_user_id": "U02539G82R5"
    }
]