[
    {
        "client_msg_id": "b455bfe2-8a6f-4420-bb64-0ad2c447f2f2",
        "type": "message",
        "text": "Please let me know, Anybody looking to hire contractual media buyer for fb ads. I am open t work.",
        "user": "U02CMUWPRFY",
        "ts": "1639865622.224600",
        "team": "TJE58GTJL",
        "user_team": "TJE58GTJL",
        "source_team": "TJE58GTJL",
        "user_profile": {
            "avatar_hash": "70f15ae1d8ed",
            "image_72": "https:\/\/avatars.slack-edge.com\/2021-08-31\/2460988288496_70f15ae1d8ed762fad57_72.jpg",
            "first_name": "Noman",
            "real_name": "Noman Suleman",
            "display_name": "Noman Suleman",
            "team": "TJE58GTJL",
            "name": "noman.sulieman",
            "is_restricted": false,
            "is_ultra_restricted": false
        },
        "blocks": [
            {
                "type": "rich_text",
                "block_id": "z78l",
                "elements": [
                    {
                        "type": "rich_text_section",
                        "elements": [
                            {
                                "type": "text",
                                "text": "Please let me know, Anybody looking to hire contractual media buyer for fb ads. I am open t work."
                            }
                        ]
                    }
                ]
            }
        ]
    }
]