[
    {
        "client_msg_id": "8fe15c6a-e7db-4cbb-8161-7c43236f27ab",
        "type": "message",
        "text": "What tool\/service does your agency use for creating the design materials for your clients? Or maybe you have in-house people responsible for this?\nWe at GetFast, an unlimited graphic design service, can take all the design tasks over and help you expand the services you offer.\n\nWhat do you think?",
        "user": "U02U3RA2257",
        "ts": "1642426768.014600",
        "team": "TJE58GTJL",
        "user_team": "TJE58GTJL",
        "source_team": "TJE58GTJL",
        "user_profile": {
            "avatar_hash": "8b6c995bcc6c",
            "image_72": "https:\/\/avatars.slack-edge.com\/2022-01-14\/2966374876833_8b6c995bcc6c3a32f2dc_72.jpg",
            "first_name": "Valia",
            "real_name": "Valia Klym",
            "display_name": "Valia Klym",
            "team": "TJE58GTJL",
            "name": "valia",
            "is_restricted": false,
            "is_ultra_restricted": false
        },
        "blocks": [
            {
                "type": "rich_text",
                "block_id": "gFB",
                "elements": [
                    {
                        "type": "rich_text_section",
                        "elements": [
                            {
                                "type": "text",
                                "text": "What tool\/service does your agency use for creating the design materials for your clients? Or maybe you have in-house people responsible for this?\nWe at GetFast, an unlimited graphic design service, can take all the design tasks over and help you expand the services you offer.\n\nWhat do you think?"
                            }
                        ]
                    }
                ]
            }
        ],
        "thread_ts": "1642426768.014600",
        "reply_count": 7,
        "reply_users_count": 3,
        "latest_reply": "1642569996.024800",
        "reply_users": [
            "UJG9WTEKG",
            "U02U3RA2257",
            "U02CD08B7CP"
        ],
        "replies": [
            {
                "user": "UJG9WTEKG",
                "ts": "1642439472.014900"
            },
            {
                "user": "UJG9WTEKG",
                "ts": "1642439480.015100"
            },
            {
                "user": "U02U3RA2257",
                "ts": "1642445792.016300"
            },
            {
                "user": "U02U3RA2257",
                "ts": "1642445907.016500"
            },
            {
                "user": "UJG9WTEKG",
                "ts": "1642446897.017000"
            },
            {
                "user": "U02CD08B7CP",
                "ts": "1642448354.017200"
            },
            {
                "user": "U02U3RA2257",
                "ts": "1642569996.024800"
            }
        ],
        "is_locked": false,
        "subscribed": true,
        "last_read": "1642569996.024800"
    },
    {
        "client_msg_id": "18bac7aa-0140-441a-be9b-b3ead09783a0",
        "type": "message",
        "text": "i'm curious about these \"unlimited\" designs services. have you had a good experience?",
        "user": "UJG9WTEKG",
        "ts": "1642439472.014900",
        "team": "TJE58GTJL",
        "user_team": "TJE58GTJL",
        "source_team": "TJE58GTJL",
        "user_profile": {
            "avatar_hash": "gc25b94e6ebf",
            "image_72": "https:\/\/secure.gravatar.com\/avatar\/eec25b94e6ebf55f0b7933372344cd09.jpg?s=72&d=https%3A%2F%2Fa.slack-edge.com%2Fdf10d%2Fimg%2Favatars%2Fava_0001-72.png",
            "first_name": "Jimmy",
            "real_name": "Jimmy Daly",
            "display_name": "",
            "team": "TJE58GTJL",
            "name": "runjimdaly",
            "is_restricted": false,
            "is_ultra_restricted": false
        },
        "blocks": [
            {
                "type": "rich_text",
                "block_id": "ELBON",
                "elements": [
                    {
                        "type": "rich_text_section",
                        "elements": [
                            {
                                "type": "text",
                                "text": "i'm curious about these \"unlimited\" designs services. have you had a good experience?"
                            }
                        ]
                    }
                ]
            }
        ],
        "thread_ts": "1642426768.014600",
        "parent_user_id": "U02U3RA2257"
    },
    {
        "client_msg_id": "7deb0f5e-fea7-44f9-ba22-f494b646696f",
        "type": "message",
        "text": "(sorry i know that's not an answer to your question)",
        "user": "UJG9WTEKG",
        "ts": "1642439480.015100",
        "team": "TJE58GTJL",
        "user_team": "TJE58GTJL",
        "source_team": "TJE58GTJL",
        "user_profile": {
            "avatar_hash": "gc25b94e6ebf",
            "image_72": "https:\/\/secure.gravatar.com\/avatar\/eec25b94e6ebf55f0b7933372344cd09.jpg?s=72&d=https%3A%2F%2Fa.slack-edge.com%2Fdf10d%2Fimg%2Favatars%2Fava_0001-72.png",
            "first_name": "Jimmy",
            "real_name": "Jimmy Daly",
            "display_name": "",
            "team": "TJE58GTJL",
            "name": "runjimdaly",
            "is_restricted": false,
            "is_ultra_restricted": false
        },
        "blocks": [
            {
                "type": "rich_text",
                "block_id": "4gbzZ",
                "elements": [
                    {
                        "type": "rich_text_section",
                        "elements": [
                            {
                                "type": "text",
                                "text": "(sorry i know that's not an answer to your question)"
                            }
                        ]
                    }
                ]
            }
        ],
        "thread_ts": "1642426768.014600",
        "parent_user_id": "U02U3RA2257"
    },
    {
        "client_msg_id": "fe8b08e6-81f8-47b8-88b9-9d4231d4612a",
        "type": "message",
        "text": "<@U024K88ECFN> I'm late to this, so if you've made up your mind, please disregard.\n\nI've not been in an agency where we've pitched this (though we've talked about it), so this is my gut feeling here. I would only do it if you had a retainer in place for services. So maybe you charge for your services, and then revenue share if your teams hit (insert goal here). But I agree with <@U02A8UR3Z60> that this feels risky without some type of downside to go off of. There's doesn't seem to me like a reliable, predictable way to forecast revenue &amp; costs on your end",
        "user": "UJ934FU3B",
        "ts": "1642442430.015300",
        "team": "TJE58GTJL",
        "user_team": "TJE58GTJL",
        "source_team": "TJE58GTJL",
        "user_profile": {
            "avatar_hash": "gc685e3dd12c",
            "image_72": "https:\/\/secure.gravatar.com\/avatar\/e9c685e3dd12cba4d8011ab209dabd3d.jpg?s=72&d=https%3A%2F%2Fa.slack-edge.com%2Fdf10d%2Fimg%2Favatars%2Fava_0003-72.png",
            "first_name": "Adam",
            "real_name": "Adam Bockler",
            "display_name": "Adam Bockler",
            "team": "TJE58GTJL",
            "name": "adam",
            "is_restricted": false,
            "is_ultra_restricted": false
        },
        "blocks": [
            {
                "type": "rich_text",
                "block_id": "xm5ZN",
                "elements": [
                    {
                        "type": "rich_text_section",
                        "elements": [
                            {
                                "type": "user",
                                "user_id": "U024K88ECFN"
                            },
                            {
                                "type": "text",
                                "text": " I'm late to this, so if you've made up your mind, please disregard.\n\nI've not been in an agency where we've pitched this (though we've talked about it), so this is my gut feeling here. I would only do it if you had a retainer in place for services. So maybe you charge for your services, and then revenue share if your teams hit (insert goal here). But I agree with "
                            },
                            {
                                "type": "user",
                                "user_id": "U02A8UR3Z60"
                            },
                            {
                                "type": "text",
                                "text": " that this feels risky without some type of downside to go off of. There's doesn't seem to me like a reliable, predictable way to forecast revenue & costs on your end"
                            }
                        ]
                    }
                ]
            }
        ],
        "thread_ts": "1641825963.016100",
        "parent_user_id": "U024K88ECFN"
    },
    {
        "client_msg_id": "8a989f00-9655-43dc-948d-9ddc175928cf",
        "type": "message",
        "text": "<@UJ934FU3B> That definitely makes a lot of sense! We haven't settled on what to do yet, so I'm still debating the right approach. I like your suggestion of keeping a retainer in place if possible. One upside with this client is that they currently pay us a very old rate that's no longer super profitable for us, so we essentially view them as a financial loss\/break-even at the moment. At the very least, we don't stand to lose much — but if we start investing a lot MORE time (and payroll) into their project, then it has to be at least somewhat predictable.",
        "user": "U024K88ECFN",
        "ts": "1642442556.015500",
        "team": "TJE58GTJL",
        "user_team": "TJE58GTJL",
        "source_team": "TJE58GTJL",
        "user_profile": {
            "avatar_hash": "00c4a04080e3",
            "image_72": "https:\/\/avatars.slack-edge.com\/2022-03-23\/3286590119379_00c4a04080e367a58cfc_72.png",
            "first_name": "Rebekah",
            "real_name": "Rebekah Edwards",
            "display_name": "Rebekah Edwards",
            "team": "TJE58GTJL",
            "name": "rebekah473",
            "is_restricted": false,
            "is_ultra_restricted": false
        },
        "blocks": [
            {
                "type": "rich_text",
                "block_id": "oIe",
                "elements": [
                    {
                        "type": "rich_text_section",
                        "elements": [
                            {
                                "type": "user",
                                "user_id": "UJ934FU3B"
                            },
                            {
                                "type": "text",
                                "text": " That definitely makes a lot of sense! We haven't settled on what to do yet, so I'm still debating the right approach. I like your suggestion of keeping a retainer in place if possible. One upside with this client is that they currently pay us a very old rate that's no longer super profitable for us, so we essentially view them as a financial loss\/break-even at the moment. At the very least, we don't stand to lose much — but if we start investing a lot MORE time (and payroll) into their project, then it has to be at least somewhat predictable."
                            }
                        ]
                    }
                ]
            }
        ],
        "thread_ts": "1641825963.016100",
        "parent_user_id": "U024K88ECFN"
    },
    {
        "client_msg_id": "679ce9f6-e2d6-4f15-93fc-883086dd2f8b",
        "type": "message",
        "text": "<@U024K88ECFN> maybe it's a good time to both increase your rate and suggest this new model! :slightly_smiling_face: We have done a few rate increases over the past year with clients at old\/barely profitable rates and they've all been agreeable.",
        "user": "UJ934FU3B",
        "ts": "1642442696.015700",
        "team": "TJE58GTJL",
        "user_team": "TJE58GTJL",
        "source_team": "TJE58GTJL",
        "user_profile": {
            "avatar_hash": "gc685e3dd12c",
            "image_72": "https:\/\/secure.gravatar.com\/avatar\/e9c685e3dd12cba4d8011ab209dabd3d.jpg?s=72&d=https%3A%2F%2Fa.slack-edge.com%2Fdf10d%2Fimg%2Favatars%2Fava_0003-72.png",
            "first_name": "Adam",
            "real_name": "Adam Bockler",
            "display_name": "Adam Bockler",
            "team": "TJE58GTJL",
            "name": "adam",
            "is_restricted": false,
            "is_ultra_restricted": false
        },
        "blocks": [
            {
                "type": "rich_text",
                "block_id": "irj5",
                "elements": [
                    {
                        "type": "rich_text_section",
                        "elements": [
                            {
                                "type": "user",
                                "user_id": "U024K88ECFN"
                            },
                            {
                                "type": "text",
                                "text": " maybe it's a good time to both increase your rate and suggest this new model! "
                            },
                            {
                                "type": "emoji",
                                "name": "slightly_smiling_face"
                            },
                            {
                                "type": "text",
                                "text": " We have done a few rate increases over the past year with clients at old\/barely profitable rates and they've all been agreeable."
                            }
                        ]
                    }
                ]
            }
        ],
        "thread_ts": "1641825963.016100",
        "parent_user_id": "U024K88ECFN"
    },
    {
        "client_msg_id": "7a9c7b6a-ad60-4855-a988-cbd0dcc08622",
        "type": "message",
        "text": "For sure! This is our last \"legacy\" client with bad rates like this... we were already going to be putting them on our new rates this year, but their content has performed so well that the owner is just trying to figure out some additional directions we could go with it. The rev share was actually his idea, not mine! :heart_eyes:",
        "user": "U024K88ECFN",
        "ts": "1642442792.015900",
        "team": "TJE58GTJL",
        "user_team": "TJE58GTJL",
        "source_team": "TJE58GTJL",
        "user_profile": {
            "avatar_hash": "00c4a04080e3",
            "image_72": "https:\/\/avatars.slack-edge.com\/2022-03-23\/3286590119379_00c4a04080e367a58cfc_72.png",
            "first_name": "Rebekah",
            "real_name": "Rebekah Edwards",
            "display_name": "Rebekah Edwards",
            "team": "TJE58GTJL",
            "name": "rebekah473",
            "is_restricted": false,
            "is_ultra_restricted": false
        },
        "edited": {
            "user": "U024K88ECFN",
            "ts": "1642442798.000000"
        },
        "blocks": [
            {
                "type": "rich_text",
                "block_id": "R=PD",
                "elements": [
                    {
                        "type": "rich_text_section",
                        "elements": [
                            {
                                "type": "text",
                                "text": "For sure! This is our last \"legacy\" client with bad rates like this... we were already going to be putting them on our new rates this year, but their content has performed so well that the owner is just trying to figure out some additional directions we could go with it. The rev share was actually his idea, not mine! "
                            },
                            {
                                "type": "emoji",
                                "name": "heart_eyes"
                            }
                        ]
                    }
                ]
            }
        ],
        "thread_ts": "1641825963.016100",
        "parent_user_id": "U024K88ECFN",
        "reactions": [
            {
                "name": "100",
                "users": [
                    "UJ934FU3B"
                ],
                "count": 1
            }
        ]
    },
    {
        "client_msg_id": "5c5fc47e-3b6c-457a-9f65-3f069d8751e0",
        "type": "message",
        "text": "<@UJG9WTEKG> what worries you the most? Of course, you can't get an endless number of designs per month, and some restrictions actually exist, as we still have one important limit  – time. But unlimited in this case means that you can request as many orders as you need, they will be just delivered with some sequence and create as many brands as you need.",
        "user": "U02U3RA2257",
        "ts": "1642445792.016300",
        "team": "TJE58GTJL",
        "user_team": "TJE58GTJL",
        "source_team": "TJE58GTJL",
        "user_profile": {
            "avatar_hash": "8b6c995bcc6c",
            "image_72": "https:\/\/avatars.slack-edge.com\/2022-01-14\/2966374876833_8b6c995bcc6c3a32f2dc_72.jpg",
            "first_name": "Valia",
            "real_name": "Valia Klym",
            "display_name": "Valia Klym",
            "team": "TJE58GTJL",
            "name": "valia",
            "is_restricted": false,
            "is_ultra_restricted": false
        },
        "blocks": [
            {
                "type": "rich_text",
                "block_id": "0NKf",
                "elements": [
                    {
                        "type": "rich_text_section",
                        "elements": [
                            {
                                "type": "user",
                                "user_id": "UJG9WTEKG"
                            },
                            {
                                "type": "text",
                                "text": " what worries you the most? Of course, you can't get an endless number of designs per month, and some restrictions actually exist, as we still have one important limit  – time. But unlimited in this case means that you can request as many orders as you need, they will be just delivered with some sequence and create as many brands as you need."
                            }
                        ]
                    }
                ]
            }
        ],
        "thread_ts": "1642426768.014600",
        "parent_user_id": "U02U3RA2257"
    },
    {
        "client_msg_id": "8555639a-bd78-4c65-b084-9845b81b5c0e",
        "type": "message",
        "text": "I didn't use unlimited graphic design services for my personal needs, but together with my team we've created <https:\/\/getfast.com\/|one>, so you're welcome to try it.",
        "user": "U02U3RA2257",
        "ts": "1642445907.016500",
        "team": "TJE58GTJL",
        "user_team": "TJE58GTJL",
        "source_team": "TJE58GTJL",
        "user_profile": {
            "avatar_hash": "8b6c995bcc6c",
            "image_72": "https:\/\/avatars.slack-edge.com\/2022-01-14\/2966374876833_8b6c995bcc6c3a32f2dc_72.jpg",
            "first_name": "Valia",
            "real_name": "Valia Klym",
            "display_name": "Valia Klym",
            "team": "TJE58GTJL",
            "name": "valia",
            "is_restricted": false,
            "is_ultra_restricted": false
        },
        "blocks": [
            {
                "type": "rich_text",
                "block_id": "wTd",
                "elements": [
                    {
                        "type": "rich_text_section",
                        "elements": [
                            {
                                "type": "text",
                                "text": "I didn't use unlimited graphic design services for my personal needs, but together with my team we've created "
                            },
                            {
                                "type": "link",
                                "url": "https:\/\/getfast.com\/",
                                "text": "one"
                            },
                            {
                                "type": "text",
                                "text": ", so you're welcome to try it."
                            }
                        ]
                    }
                ]
            }
        ],
        "thread_ts": "1642426768.014600",
        "parent_user_id": "U02U3RA2257"
    },
    {
        "client_msg_id": "316e2a54-9058-4ec4-932b-acdc1313a48d",
        "type": "message",
        "text": "ah gotcha",
        "user": "UJG9WTEKG",
        "ts": "1642446897.017000",
        "team": "TJE58GTJL",
        "user_team": "TJE58GTJL",
        "source_team": "TJE58GTJL",
        "user_profile": {
            "avatar_hash": "gc25b94e6ebf",
            "image_72": "https:\/\/secure.gravatar.com\/avatar\/eec25b94e6ebf55f0b7933372344cd09.jpg?s=72&d=https%3A%2F%2Fa.slack-edge.com%2Fdf10d%2Fimg%2Favatars%2Fava_0001-72.png",
            "first_name": "Jimmy",
            "real_name": "Jimmy Daly",
            "display_name": "",
            "team": "TJE58GTJL",
            "name": "runjimdaly",
            "is_restricted": false,
            "is_ultra_restricted": false
        },
        "blocks": [
            {
                "type": "rich_text",
                "block_id": "ri7Yc",
                "elements": [
                    {
                        "type": "rich_text_section",
                        "elements": [
                            {
                                "type": "text",
                                "text": "ah gotcha"
                            }
                        ]
                    }
                ]
            }
        ],
        "thread_ts": "1642426768.014600",
        "parent_user_id": "U02U3RA2257"
    },
    {
        "type": "message",
        "text": "",
        "files": [
            {
                "id": "F02UCM3AYPL",
                "created": 1642448350,
                "timestamp": 1642448350,
                "name": "image.png",
                "title": "image.png",
                "mimetype": "image\/png",
                "filetype": "png",
                "pretty_type": "PNG",
                "user": "U02CD08B7CP",
                "editable": false,
                "size": 99563,
                "mode": "hosted",
                "is_external": false,
                "external_type": "",
                "is_public": true,
                "public_url_shared": false,
                "display_as_bot": false,
                "username": "",
                "url_private": "https:\/\/files.slack.com\/files-pri\/TJE58GTJL-F02UCM3AYPL\/image.png?t=xoxe-626178571632-3467451922035-3469800396036-b45365c7edcd0220272aa8a422c2b82f",
                "url_private_download": "https:\/\/files.slack.com\/files-pri\/TJE58GTJL-F02UCM3AYPL\/download\/image.png?t=xoxe-626178571632-3467451922035-3469800396036-b45365c7edcd0220272aa8a422c2b82f",
                "media_display_type": "unknown",
                "thumb_64": "https:\/\/files.slack.com\/files-tmb\/TJE58GTJL-F02UCM3AYPL-bd13e29166\/image_64.png?t=xoxe-626178571632-3467451922035-3469800396036-b45365c7edcd0220272aa8a422c2b82f",
                "thumb_80": "https:\/\/files.slack.com\/files-tmb\/TJE58GTJL-F02UCM3AYPL-bd13e29166\/image_80.png?t=xoxe-626178571632-3467451922035-3469800396036-b45365c7edcd0220272aa8a422c2b82f",
                "thumb_360": "https:\/\/files.slack.com\/files-tmb\/TJE58GTJL-F02UCM3AYPL-bd13e29166\/image_360.png?t=xoxe-626178571632-3467451922035-3469800396036-b45365c7edcd0220272aa8a422c2b82f",
                "thumb_360_w": 360,
                "thumb_360_h": 127,
                "thumb_480": "https:\/\/files.slack.com\/files-tmb\/TJE58GTJL-F02UCM3AYPL-bd13e29166\/image_480.png?t=xoxe-626178571632-3467451922035-3469800396036-b45365c7edcd0220272aa8a422c2b82f",
                "thumb_480_w": 480,
                "thumb_480_h": 169,
                "thumb_160": "https:\/\/files.slack.com\/files-tmb\/TJE58GTJL-F02UCM3AYPL-bd13e29166\/image_160.png?t=xoxe-626178571632-3467451922035-3469800396036-b45365c7edcd0220272aa8a422c2b82f",
                "thumb_720": "https:\/\/files.slack.com\/files-tmb\/TJE58GTJL-F02UCM3AYPL-bd13e29166\/image_720.png?t=xoxe-626178571632-3467451922035-3469800396036-b45365c7edcd0220272aa8a422c2b82f",
                "thumb_720_w": 720,
                "thumb_720_h": 253,
                "thumb_800": "https:\/\/files.slack.com\/files-tmb\/TJE58GTJL-F02UCM3AYPL-bd13e29166\/image_800.png?t=xoxe-626178571632-3467451922035-3469800396036-b45365c7edcd0220272aa8a422c2b82f",
                "thumb_800_w": 800,
                "thumb_800_h": 281,
                "thumb_960": "https:\/\/files.slack.com\/files-tmb\/TJE58GTJL-F02UCM3AYPL-bd13e29166\/image_960.png?t=xoxe-626178571632-3467451922035-3469800396036-b45365c7edcd0220272aa8a422c2b82f",
                "thumb_960_w": 960,
                "thumb_960_h": 338,
                "thumb_1024": "https:\/\/files.slack.com\/files-tmb\/TJE58GTJL-F02UCM3AYPL-bd13e29166\/image_1024.png?t=xoxe-626178571632-3467451922035-3469800396036-b45365c7edcd0220272aa8a422c2b82f",
                "thumb_1024_w": 1024,
                "thumb_1024_h": 360,
                "original_w": 1734,
                "original_h": 610,
                "thumb_tiny": "AwAQADCb+z4\/77Uf2bH\/AHm\/SrdKMCgCl\/Zsf95v0pf7OT++36VczRmgCn\/Z6D+N\/wBKX+z1\/wCej\/pVvNGaAP\/Z",
                "permalink": "https:\/\/content-career-growth.slack.com\/files\/U02CD08B7CP\/F02UCM3AYPL\/image.png",
                "permalink_public": "https:\/\/slack-files.com\/TJE58GTJL-F02UCM3AYPL-2305c666dc",
                "is_starred": false,
                "has_rich_preview": false
            }
        ],
        "upload": false,
        "user": "U02CD08B7CP",
        "display_as_bot": false,
        "ts": "1642448354.017200",
        "client_msg_id": "1ee997a5-527b-4d72-bbda-aa2dc84fcba5",
        "thread_ts": "1642426768.014600",
        "parent_user_id": "U02U3RA2257",
        "reactions": [
            {
                "name": "eyes",
                "users": [
                    "U02U3RA2257"
                ],
                "count": 1
            }
        ]
    }
]