[
    {
        "client_msg_id": "7d144af2-2ce7-4e4e-aadc-a24fd7554266",
        "type": "message",
        "text": "I work regularly with 3 other specialised individuals\/mini-agencies, and we all reference each other on our website as preferred partners. I might pitch for a project under my own name, but introduce the other partners depending on the needs, and no I don’t ask them to pretend they are part of my company!",
        "user": "U03431W7MD2",
        "ts": "1645624165.775169",
        "team": "TJE58GTJL",
        "user_team": "TJE58GTJL",
        "source_team": "TJE58GTJL",
        "user_profile": {
            "avatar_hash": "b01f86cbfe20",
            "image_72": "https:\/\/avatars.slack-edge.com\/2022-02-21\/3137315248131_b01f86cbfe20b0b0a780_72.jpg",
            "first_name": "Jenny",
            "real_name": "Jenny Cahill-Jones",
            "display_name": "Jenny Cahill-Jones",
            "team": "TJE58GTJL",
            "name": "jenny122",
            "is_restricted": false,
            "is_ultra_restricted": false
        },
        "blocks": [
            {
                "type": "rich_text",
                "block_id": "rLBe",
                "elements": [
                    {
                        "type": "rich_text_section",
                        "elements": [
                            {
                                "type": "text",
                                "text": "I work regularly with 3 other specialised individuals\/mini-agencies, and we all reference each other on our website as preferred partners. I might pitch for a project under my own name, but introduce the other partners depending on the needs, and no I don’t ask them to pretend they are part of my company!"
                            }
                        ]
                    }
                ]
            }
        ],
        "thread_ts": "1645557912.006469",
        "parent_user_id": "U024K88ECFN",
        "reactions": [
            {
                "name": "raised_hands::skin-tone-2",
                "users": [
                    "U024K88ECFN"
                ],
                "count": 1
            }
        ]
    },
    {
        "client_msg_id": "4399af6a-e97a-4647-a164-0d41bb8749e3",
        "type": "message",
        "text": "Hi all! I'm thinking of hiring a community manager for our agency, it's a brand new role and I'd be keen to hear from anyone that has experience in this field or the hiring of the role. I have a job spec and would love someone to tell me what they think!",
        "user": "U02AJEYF538",
        "ts": "1645624820.852029",
        "team": "TJE58GTJL",
        "user_team": "TJE58GTJL",
        "source_team": "TJE58GTJL",
        "user_profile": {
            "avatar_hash": "92699558b588",
            "image_72": "https:\/\/avatars.slack-edge.com\/2021-08-18\/2392903416787_92699558b58866c772c4_72.png",
            "first_name": "Katie",
            "real_name": "Katie Bray",
            "display_name": "Katie Bray",
            "team": "TJE58GTJL",
            "name": "katie171",
            "is_restricted": false,
            "is_ultra_restricted": false
        },
        "blocks": [
            {
                "type": "rich_text",
                "block_id": "h12e",
                "elements": [
                    {
                        "type": "rich_text_section",
                        "elements": [
                            {
                                "type": "text",
                                "text": "Hi all! I'm thinking of hiring a community manager for our agency, it's a brand new role and I'd be keen to hear from anyone that has experience in this field or the hiring of the role. I have a job spec and would love someone to tell me what they think!"
                            }
                        ]
                    }
                ]
            }
        ]
    },
    {
        "client_msg_id": "ec8dcbf5-e2c2-4750-99fc-6f02bf0ccb97",
        "type": "message",
        "text": "<@U03431W7MD2> Yeah that TOTALLY makes sense to me! I don't mind having partner agencies or even white labeling a portion of a project that I hire another partner agency for, but getting into the pretending to work for someone else is just SUPER messy.\n\nAlso, it feels a little weird that I'm so far removed that if we do an AMAZING job, someone else will get 100% of the credit and literally never share my name. I hope that's not too vain, but reputation matters.",
        "user": "U024K88ECFN",
        "ts": "1645625202.791779",
        "team": "TJE58GTJL",
        "user_team": "TJE58GTJL",
        "source_team": "TJE58GTJL",
        "user_profile": {
            "avatar_hash": "00c4a04080e3",
            "image_72": "https:\/\/avatars.slack-edge.com\/2022-03-23\/3286590119379_00c4a04080e367a58cfc_72.png",
            "first_name": "Rebekah",
            "real_name": "Rebekah Edwards",
            "display_name": "Rebekah Edwards",
            "team": "TJE58GTJL",
            "name": "rebekah473",
            "is_restricted": false,
            "is_ultra_restricted": false
        },
        "blocks": [
            {
                "type": "rich_text",
                "block_id": "myPGh",
                "elements": [
                    {
                        "type": "rich_text_section",
                        "elements": [
                            {
                                "type": "user",
                                "user_id": "U03431W7MD2"
                            },
                            {
                                "type": "text",
                                "text": " Yeah that TOTALLY makes sense to me! I don't mind having partner agencies or even white labeling a portion of a project that I hire another partner agency for, but getting into the pretending to work for someone else is just SUPER messy.\n\nAlso, it feels a little weird that I'm so far removed that if we do an AMAZING job, someone else will get 100% of the credit and literally never share my name. I hope that's not too vain, but reputation matters."
                            }
                        ]
                    }
                ]
            }
        ],
        "thread_ts": "1645557912.006469",
        "parent_user_id": "U024K88ECFN"
    },
    {
        "client_msg_id": "7be72d6b-a878-4064-ad5e-706531955ffc",
        "type": "message",
        "text": "I understand where you’re coming from. When I was just starting out I worked a couple of times with other people who then took all the credit for the work, and it didn’t feel good as I had no client contact and they basically didn’t know I existed. I still got paid, but as soon as I was able I moved out of that scenario!",
        "user": "U03431W7MD2",
        "ts": "1645625364.899779",
        "team": "TJE58GTJL",
        "user_team": "TJE58GTJL",
        "source_team": "TJE58GTJL",
        "user_profile": {
            "avatar_hash": "b01f86cbfe20",
            "image_72": "https:\/\/avatars.slack-edge.com\/2022-02-21\/3137315248131_b01f86cbfe20b0b0a780_72.jpg",
            "first_name": "Jenny",
            "real_name": "Jenny Cahill-Jones",
            "display_name": "Jenny Cahill-Jones",
            "team": "TJE58GTJL",
            "name": "jenny122",
            "is_restricted": false,
            "is_ultra_restricted": false
        },
        "blocks": [
            {
                "type": "rich_text",
                "block_id": "KRA",
                "elements": [
                    {
                        "type": "rich_text_section",
                        "elements": [
                            {
                                "type": "text",
                                "text": "I understand where you’re coming from. When I was just starting out I worked a couple of times with other people who then took all the credit for the work, and it didn’t feel good as I had no client contact and they basically didn’t know I existed. I still got paid, but as soon as I was able I moved out of that scenario!"
                            }
                        ]
                    }
                ]
            }
        ],
        "thread_ts": "1645557912.006469",
        "parent_user_id": "U024K88ECFN",
        "reactions": [
            {
                "name": "hearts",
                "users": [
                    "U024K88ECFN"
                ],
                "count": 1
            }
        ]
    },
    {
        "client_msg_id": "3d14a4d2-de20-4951-b2d5-8e1ec3270337",
        "type": "message",
        "text": "Hey everyone, have any agency owners experimenting with capping the number of clients they work with? I.e. only working with 4 clients and only accepting more once they have the right systems in place?",
        "user": "U01MW6DPU72",
        "ts": "1645628202.576369",
        "team": "TJE58GTJL",
        "user_team": "TJE58GTJL",
        "source_team": "TJE58GTJL",
        "user_profile": {
            "avatar_hash": "g2ab21f412c3",
            "image_72": "https:\/\/secure.gravatar.com\/avatar\/2ab21f412c3215ee2b3c2994772c589e.jpg?s=72&d=https%3A%2F%2Fa.slack-edge.com%2Fdf10d%2Fimg%2Favatars%2Fava_0024-72.png",
            "first_name": "Araminta",
            "real_name": "Araminta Robertson",
            "display_name": "Araminta Robertson",
            "team": "TJE58GTJL",
            "name": "robertsona98",
            "is_restricted": false,
            "is_ultra_restricted": false
        },
        "blocks": [
            {
                "type": "rich_text",
                "block_id": "JxS",
                "elements": [
                    {
                        "type": "rich_text_section",
                        "elements": [
                            {
                                "type": "text",
                                "text": "Hey everyone, have any agency owners experimenting with capping the number of clients they work with? I.e. only working with 4 clients and only accepting more once they have the right systems in place?"
                            }
                        ]
                    }
                ]
            }
        ],
        "thread_ts": "1645628202.576369",
        "reply_count": 9,
        "reply_users_count": 3,
        "latest_reply": "1645717459.371379",
        "reply_users": [
            "U032CDBUQ0N",
            "ULJBEFSJJ",
            "U01MW6DPU72"
        ],
        "replies": [
            {
                "user": "U032CDBUQ0N",
                "ts": "1645708354.568699"
            },
            {
                "user": "ULJBEFSJJ",
                "ts": "1645713095.799419"
            },
            {
                "user": "ULJBEFSJJ",
                "ts": "1645713132.898769"
            },
            {
                "user": "U01MW6DPU72",
                "ts": "1645716301.806529"
            },
            {
                "user": "ULJBEFSJJ",
                "ts": "1645716765.520369"
            },
            {
                "user": "ULJBEFSJJ",
                "ts": "1645716808.119119"
            },
            {
                "user": "ULJBEFSJJ",
                "ts": "1645716868.402949"
            },
            {
                "user": "U01MW6DPU72",
                "ts": "1645717102.813779"
            },
            {
                "user": "ULJBEFSJJ",
                "ts": "1645717459.371379"
            }
        ],
        "is_locked": false,
        "subscribed": false
    },
    {
        "client_msg_id": "EDCDBC54-7965-4333-8F24-8366977D8FA4",
        "type": "message",
        "text": "Blend localization ",
        "user": "U02GJN3BYCB",
        "ts": "1645645574.907699",
        "team": "TJE58GTJL",
        "user_team": "TJE58GTJL",
        "source_team": "TJE58GTJL",
        "user_profile": {
            "avatar_hash": "7a2eee0119df",
            "image_72": "https:\/\/avatars.slack-edge.com\/2021-10-04\/2562944972291_7a2eee0119df3cd0c7a1_72.jpg",
            "first_name": "Roy",
            "real_name": "Roy Naar",
            "display_name": "Roy Naar",
            "team": "TJE58GTJL",
            "name": "roy290",
            "is_restricted": false,
            "is_ultra_restricted": false
        },
        "blocks": [
            {
                "type": "rich_text",
                "block_id": "5p8n",
                "elements": [
                    {
                        "type": "rich_text_section",
                        "elements": [
                            {
                                "type": "text",
                                "text": "Blend localization "
                            }
                        ]
                    }
                ]
            }
        ],
        "thread_ts": "1644419664.563589",
        "parent_user_id": "U011QQDDSJV",
        "reactions": [
            {
                "name": "eyes",
                "users": [
                    "U011QQDDSJV"
                ],
                "count": 1
            }
        ]
    },
    {
        "client_msg_id": "abf52411-8317-437d-b9b6-418fecade325",
        "type": "message",
        "text": "We do this kind of thing a lot, as the subcontractee. My favorite setup is where I introduce myself as \"on the Agency A team\" but use my own actual email address. It feels the most honest - yes, Agency A brought me in to help, and also I'm not their employee. We have been asked to use other agencies' email addresses sometimes, but really we try to avoid it.",
        "user": "U01NJ39M36K",
        "ts": "1645649889.432509",
        "team": "TJE58GTJL",
        "user_team": "TJE58GTJL",
        "source_team": "TJE58GTJL",
        "user_profile": {
            "avatar_hash": "4f5786a722ae",
            "image_72": "https:\/\/avatars.slack-edge.com\/2021-02-23\/1798556587425_4f5786a722aed9751baf_72.jpg",
            "first_name": "Michaela",
            "real_name": "Michaela Cavallaro",
            "display_name": "Michaela Cavallaro",
            "team": "TJE58GTJL",
            "name": "michaela",
            "is_restricted": false,
            "is_ultra_restricted": false
        },
        "blocks": [
            {
                "type": "rich_text",
                "block_id": "pnDTw",
                "elements": [
                    {
                        "type": "rich_text_section",
                        "elements": [
                            {
                                "type": "text",
                                "text": "We do this kind of thing a lot, as the subcontractee. My favorite setup is where I introduce myself as \"on the Agency A team\" but use my own actual email address. It feels the most honest - yes, Agency A brought me in to help, and also I'm not their employee. We have been asked to use other agencies' email addresses sometimes, but really we try to avoid it."
                            }
                        ]
                    }
                ]
            }
        ],
        "thread_ts": "1645557912.006469",
        "parent_user_id": "U024K88ECFN"
    },
    {
        "client_msg_id": "9FC8CC68-B23E-4705-AC48-F03A28359988",
        "type": "message",
        "text": "<@U01NJ39M36K> Okay, so that’s really interesting! I like that idea and would greatly prefer that immensely to the whole “pretend you work for Agency A” deal. ",
        "user": "U024K88ECFN",
        "ts": "1645651252.707719",
        "team": "TJE58GTJL",
        "user_team": "TJE58GTJL",
        "source_team": "TJE58GTJL",
        "user_profile": {
            "avatar_hash": "00c4a04080e3",
            "image_72": "https:\/\/avatars.slack-edge.com\/2022-03-23\/3286590119379_00c4a04080e367a58cfc_72.png",
            "first_name": "Rebekah",
            "real_name": "Rebekah Edwards",
            "display_name": "Rebekah Edwards",
            "team": "TJE58GTJL",
            "name": "rebekah473",
            "is_restricted": false,
            "is_ultra_restricted": false
        },
        "blocks": [
            {
                "type": "rich_text",
                "block_id": "SZI",
                "elements": [
                    {
                        "type": "rich_text_section",
                        "elements": [
                            {
                                "type": "user",
                                "user_id": "U01NJ39M36K"
                            },
                            {
                                "type": "text",
                                "text": " Okay, so that’s really interesting! I like that idea and would greatly prefer that immensely to the whole “pretend you work for Agency A” deal. "
                            }
                        ]
                    }
                ]
            }
        ],
        "thread_ts": "1645557912.006469",
        "parent_user_id": "U024K88ECFN"
    },
    {
        "client_msg_id": "f684bde7-2591-4e7e-9f4d-63d8fc30efa1",
        "type": "message",
        "text": "Yeah, we have run into some trouble w\/ the latter approach -- as when  you end up working for the same end client, on different projects, through multiple agencies. #awkward",
        "user": "U01NJ39M36K",
        "ts": "1645651325.535899",
        "team": "TJE58GTJL",
        "user_team": "TJE58GTJL",
        "source_team": "TJE58GTJL",
        "user_profile": {
            "avatar_hash": "4f5786a722ae",
            "image_72": "https:\/\/avatars.slack-edge.com\/2021-02-23\/1798556587425_4f5786a722aed9751baf_72.jpg",
            "first_name": "Michaela",
            "real_name": "Michaela Cavallaro",
            "display_name": "Michaela Cavallaro",
            "team": "TJE58GTJL",
            "name": "michaela",
            "is_restricted": false,
            "is_ultra_restricted": false
        },
        "blocks": [
            {
                "type": "rich_text",
                "block_id": "Xwoj9",
                "elements": [
                    {
                        "type": "rich_text_section",
                        "elements": [
                            {
                                "type": "text",
                                "text": "Yeah, we have run into some trouble w\/ the latter approach -- as when  you end up working for the same end client, on different projects, through multiple agencies. #awkward"
                            }
                        ]
                    }
                ]
            }
        ],
        "thread_ts": "1645557912.006469",
        "parent_user_id": "U024K88ECFN",
        "reactions": [
            {
                "name": "bangbang",
                "users": [
                    "U024K88ECFN"
                ],
                "count": 1
            }
        ]
    },
    {
        "client_msg_id": "6dfecce3-ffb7-4d92-9ed2-58dd4568357a",
        "type": "message",
        "text": "Hah, I tried that <@UUXMCJQ15> XD They countered asking me to attach everything! I said I can’t. We’ll see what happens",
        "user": "U01NM31CTFU",
        "ts": "1645652418.141879",
        "team": "TJE58GTJL",
        "user_team": "TJE58GTJL",
        "source_team": "TJE58GTJL",
        "user_profile": {
            "avatar_hash": "788aae3c46d1",
            "image_72": "https:\/\/avatars.slack-edge.com\/2021-05-28\/2122915523844_788aae3c46d19c1058da_72.jpg",
            "first_name": "Maddy",
            "real_name": "Maddy Osman",
            "display_name": "Maddy Osman",
            "team": "TJE58GTJL",
            "name": "maddy527",
            "is_restricted": false,
            "is_ultra_restricted": false
        },
        "blocks": [
            {
                "type": "rich_text",
                "block_id": "6IK",
                "elements": [
                    {
                        "type": "rich_text_section",
                        "elements": [
                            {
                                "type": "text",
                                "text": "Hah, I tried that "
                            },
                            {
                                "type": "user",
                                "user_id": "UUXMCJQ15"
                            },
                            {
                                "type": "text",
                                "text": " XD They countered asking me to attach everything! I said I can’t. We’ll see what happens"
                            }
                        ]
                    }
                ]
            }
        ],
        "thread_ts": "1645555736.187179",
        "parent_user_id": "U01NM31CTFU"
    }
]