[
    {
        "type": "message",
        "text": "How do you deal with these types of contract clauses?",
        "files": [
            {
                "id": "F034W7NEBDE",
                "created": 1645555730,
                "timestamp": 1645555730,
                "name": "Screen Shot 2022-02-22 at 11.47.49 AM.png",
                "title": "Screen Shot 2022-02-22 at 11.47.49 AM.png",
                "mimetype": "image\/png",
                "filetype": "png",
                "pretty_type": "PNG",
                "user": "U01NM31CTFU",
                "editable": false,
                "size": 212689,
                "mode": "hosted",
                "is_external": false,
                "external_type": "",
                "is_public": true,
                "public_url_shared": false,
                "display_as_bot": false,
                "username": "",
                "url_private": "https:\/\/files.slack.com\/files-pri\/TJE58GTJL-F034W7NEBDE\/screen_shot_2022-02-22_at_11.47.49_am.png?t=xoxe-626178571632-3467451922035-3469800396036-b45365c7edcd0220272aa8a422c2b82f",
                "url_private_download": "https:\/\/files.slack.com\/files-pri\/TJE58GTJL-F034W7NEBDE\/download\/screen_shot_2022-02-22_at_11.47.49_am.png?t=xoxe-626178571632-3467451922035-3469800396036-b45365c7edcd0220272aa8a422c2b82f",
                "media_display_type": "unknown",
                "thumb_64": "https:\/\/files.slack.com\/files-tmb\/TJE58GTJL-F034W7NEBDE-ac95737b25\/screen_shot_2022-02-22_at_11.47.49_am_64.png?t=xoxe-626178571632-3467451922035-3469800396036-b45365c7edcd0220272aa8a422c2b82f",
                "thumb_80": "https:\/\/files.slack.com\/files-tmb\/TJE58GTJL-F034W7NEBDE-ac95737b25\/screen_shot_2022-02-22_at_11.47.49_am_80.png?t=xoxe-626178571632-3467451922035-3469800396036-b45365c7edcd0220272aa8a422c2b82f",
                "thumb_360": "https:\/\/files.slack.com\/files-tmb\/TJE58GTJL-F034W7NEBDE-ac95737b25\/screen_shot_2022-02-22_at_11.47.49_am_360.png?t=xoxe-626178571632-3467451922035-3469800396036-b45365c7edcd0220272aa8a422c2b82f",
                "thumb_360_w": 360,
                "thumb_360_h": 323,
                "thumb_480": "https:\/\/files.slack.com\/files-tmb\/TJE58GTJL-F034W7NEBDE-ac95737b25\/screen_shot_2022-02-22_at_11.47.49_am_480.png?t=xoxe-626178571632-3467451922035-3469800396036-b45365c7edcd0220272aa8a422c2b82f",
                "thumb_480_w": 480,
                "thumb_480_h": 430,
                "thumb_160": "https:\/\/files.slack.com\/files-tmb\/TJE58GTJL-F034W7NEBDE-ac95737b25\/screen_shot_2022-02-22_at_11.47.49_am_160.png?t=xoxe-626178571632-3467451922035-3469800396036-b45365c7edcd0220272aa8a422c2b82f",
                "thumb_720": "https:\/\/files.slack.com\/files-tmb\/TJE58GTJL-F034W7NEBDE-ac95737b25\/screen_shot_2022-02-22_at_11.47.49_am_720.png?t=xoxe-626178571632-3467451922035-3469800396036-b45365c7edcd0220272aa8a422c2b82f",
                "thumb_720_w": 720,
                "thumb_720_h": 645,
                "thumb_800": "https:\/\/files.slack.com\/files-tmb\/TJE58GTJL-F034W7NEBDE-ac95737b25\/screen_shot_2022-02-22_at_11.47.49_am_800.png?t=xoxe-626178571632-3467451922035-3469800396036-b45365c7edcd0220272aa8a422c2b82f",
                "thumb_800_w": 800,
                "thumb_800_h": 717,
                "thumb_960": "https:\/\/files.slack.com\/files-tmb\/TJE58GTJL-F034W7NEBDE-ac95737b25\/screen_shot_2022-02-22_at_11.47.49_am_960.png?t=xoxe-626178571632-3467451922035-3469800396036-b45365c7edcd0220272aa8a422c2b82f",
                "thumb_960_w": 960,
                "thumb_960_h": 860,
                "thumb_1024": "https:\/\/files.slack.com\/files-tmb\/TJE58GTJL-F034W7NEBDE-ac95737b25\/screen_shot_2022-02-22_at_11.47.49_am_1024.png?t=xoxe-626178571632-3467451922035-3469800396036-b45365c7edcd0220272aa8a422c2b82f",
                "thumb_1024_w": 1024,
                "thumb_1024_h": 918,
                "original_w": 1174,
                "original_h": 1052,
                "thumb_tiny": "AwArADDQLHJpvfv+dKfvGkoAOfU\/nRn3P50UYoAMnPelBOe\/Wk5pQOR9aAHHntSAnpzS5PbNLz6GgBNxA6E0bvanUUAR+af7jflTg2exp1BoABRSUUALRSUUALQaSigD\/9k=",
                "permalink": "https:\/\/content-career-growth.slack.com\/files\/U01NM31CTFU\/F034W7NEBDE\/screen_shot_2022-02-22_at_11.47.49_am.png",
                "permalink_public": "https:\/\/slack-files.com\/TJE58GTJL-F034W7NEBDE-b4a6b9944e",
                "is_starred": false,
                "has_rich_preview": false
            }
        ],
        "upload": false,
        "user": "U01NM31CTFU",
        "display_as_bot": false,
        "ts": "1645555736.187179",
        "blocks": [
            {
                "type": "rich_text",
                "block_id": "qs5",
                "elements": [
                    {
                        "type": "rich_text_section",
                        "elements": [
                            {
                                "type": "text",
                                "text": "How do you deal with these types of contract clauses?"
                            }
                        ]
                    }
                ]
            }
        ],
        "client_msg_id": "dc6ecce5-8032-4ef2-999f-81795d78edc1",
        "thread_ts": "1645555736.187179",
        "reply_count": 4,
        "reply_users_count": 2,
        "latest_reply": "1645652418.141879",
        "reply_users": [
            "UUXMCJQ15",
            "U01NM31CTFU"
        ],
        "replies": [
            {
                "user": "UUXMCJQ15",
                "ts": "1645579224.262209"
            },
            {
                "user": "UUXMCJQ15",
                "ts": "1645579252.633629"
            },
            {
                "user": "UUXMCJQ15",
                "ts": "1645579286.306489"
            },
            {
                "user": "U01NM31CTFU",
                "ts": "1645652418.141879"
            }
        ],
        "is_locked": false,
        "subscribed": false
    },
    {
        "client_msg_id": "91d1d8e2-9834-4447-bfa3-60283c458d67",
        "type": "message",
        "text": "I'm curious if anyone here has thoughts\/experience dealing with agency white label... cascades? I have no idea what the term would truly be, but I'm referring to the experience of:\n\nAgency A :handshake: Client\nAgency A contracts Agency B to do 64% of the project\nAgency B contracts Agency C to do 50% of their portion of the project\n\nMeanwhile, agencies B&amp;C all have to operate AS IF they are part of Agency A, even though they are not.\n\nI have no problem with some straightforward white-labeling, although I try to limit who we work with like this to agencies I _really_ trust.\n\nBut when you start to get 2+ steps removed from the original agency, it just doesn't seem right somehow. I can't put my finger on it but it feels... dishonest? But again, it's _just_ a feeling and I'm not sure if it's totally normal and expected.\n\nIs this normal? acceptable? Is there a right way to approach these relationships?",
        "user": "U024K88ECFN",
        "ts": "1645557912.006469",
        "team": "TJE58GTJL",
        "user_team": "TJE58GTJL",
        "source_team": "TJE58GTJL",
        "user_profile": {
            "avatar_hash": "00c4a04080e3",
            "image_72": "https:\/\/avatars.slack-edge.com\/2022-03-23\/3286590119379_00c4a04080e367a58cfc_72.png",
            "first_name": "Rebekah",
            "real_name": "Rebekah Edwards",
            "display_name": "Rebekah Edwards",
            "team": "TJE58GTJL",
            "name": "rebekah473",
            "is_restricted": false,
            "is_ultra_restricted": false
        },
        "blocks": [
            {
                "type": "rich_text",
                "block_id": "2ZEh9",
                "elements": [
                    {
                        "type": "rich_text_section",
                        "elements": [
                            {
                                "type": "text",
                                "text": "I'm curious if anyone here has thoughts\/experience dealing with agency white label... cascades? I have no idea what the term would truly be, but I'm referring to the experience of:\n\nAgency A "
                            },
                            {
                                "type": "emoji",
                                "name": "handshake"
                            },
                            {
                                "type": "text",
                                "text": " Client\nAgency A contracts Agency B to do 64% of the project\nAgency B contracts Agency C to do 50% of their portion of the project\n\nMeanwhile, agencies B&C all have to operate AS IF they are part of Agency A, even though they are not.\n\nI have no problem with some straightforward white-labeling, although I try to limit who we work with like this to agencies I "
                            },
                            {
                                "type": "text",
                                "text": "really",
                                "style": {
                                    "italic": true
                                }
                            },
                            {
                                "type": "text",
                                "text": " trust.\n\nBut when you start to get 2+ steps removed from the original agency, it just doesn't seem right somehow. I can't put my finger on it but it feels... dishonest? But again, it's "
                            },
                            {
                                "type": "text",
                                "text": "just",
                                "style": {
                                    "italic": true
                                }
                            },
                            {
                                "type": "text",
                                "text": " a feeling and I'm not sure if it's totally normal and expected.\n\nIs this normal? acceptable? Is there a right way to approach these relationships?"
                            }
                        ]
                    }
                ]
            }
        ],
        "thread_ts": "1645557912.006469",
        "reply_count": 12,
        "reply_users_count": 5,
        "latest_reply": "1645651325.535899",
        "reply_users": [
            "U01AHL8AGBB",
            "U024K88ECFN",
            "UUXMCJQ15",
            "U03431W7MD2",
            "U01NJ39M36K"
        ],
        "replies": [
            {
                "user": "U01AHL8AGBB",
                "ts": "1645563652.939479"
            },
            {
                "user": "U01AHL8AGBB",
                "ts": "1645564138.579939"
            },
            {
                "user": "U024K88ECFN",
                "ts": "1645574541.234829"
            },
            {
                "user": "UUXMCJQ15",
                "ts": "1645579436.875169"
            },
            {
                "user": "UUXMCJQ15",
                "ts": "1645579454.849769"
            },
            {
                "user": "U024K88ECFN",
                "ts": "1645579731.012979"
            },
            {
                "user": "U03431W7MD2",
                "ts": "1645624165.775169"
            },
            {
                "user": "U024K88ECFN",
                "ts": "1645625202.791779"
            },
            {
                "user": "U03431W7MD2",
                "ts": "1645625364.899779"
            },
            {
                "user": "U01NJ39M36K",
                "ts": "1645649889.432509"
            },
            {
                "user": "U024K88ECFN",
                "ts": "1645651252.707719"
            },
            {
                "user": "U01NJ39M36K",
                "ts": "1645651325.535899"
            }
        ],
        "is_locked": false,
        "subscribed": false
    },
    {
        "client_msg_id": "d24dc386-51dd-4125-a89f-e4e5a59bfe5b",
        "type": "message",
        "text": "Ah, the ol' subsubsub-contracting issue.\n\nThe main issue for me is in account mgmt efficiency. Every new layer introduces more intermediaries, and therefore wastage.\n\nIssue 2: The game of telephone also gets longer, possibly chipping away at the actual work itself.\n\nIn most multi-agency situations I've been in, the Client has a direct connection to all players. If a situation is complex enough to warrant 5 different shops, then they should all be collaborating vs passing the bucket back and forth down a chain.\n\nThat leads to issue 3: single points of failure. In a sub-sub-sub contracting chain, if something goes wrong along the chain, the whole project can grind to a halt (not to mention the number of blameable parties increases).\n\nIMO, any subcontracting should either go to actual contractors or highly specialized shops. At least, if I were the Client I'd create these restrictions in the contract to avoid the issues mentioned.\n\nThere may be some areas where you can be a little more loose with this. Content could be one... where the output is fairly standardized and flows through a good process:\n\nClient hires Agency A to do \"marketing\"\nA hires B to do \"digital\"\nB hires C to do \"written content\"\nC farms out content across X firms and contractors\n\nIf C has a smooth editorial process, then B is shielded from any drama in the subsubsubsub contracting hooplah. The WHOLE process needs to minimize decision makers though. If every exec in Client, A, B and C has an opinion and editorial input, nothing (good) will get done.",
        "user": "U01AHL8AGBB",
        "ts": "1645563652.939479",
        "team": "TJE58GTJL",
        "user_team": "TJE58GTJL",
        "source_team": "TJE58GTJL",
        "user_profile": {
            "avatar_hash": "09eb34255d46",
            "image_72": "https:\/\/avatars.slack-edge.com\/2020-09-07\/1347887170866_09eb34255d4678a00ddc_72.png",
            "first_name": "Jordy",
            "real_name": "Jordy Fujiwara",
            "display_name": "Jordy",
            "team": "TJE58GTJL",
            "name": "jordy.fujiwara",
            "is_restricted": false,
            "is_ultra_restricted": false
        },
        "edited": {
            "user": "U01AHL8AGBB",
            "ts": "1645563726.000000"
        },
        "blocks": [
            {
                "type": "rich_text",
                "block_id": "nwDAz",
                "elements": [
                    {
                        "type": "rich_text_section",
                        "elements": [
                            {
                                "type": "text",
                                "text": "Ah, the ol' subsubsub-contracting issue.\n\nThe main issue for me is in account mgmt efficiency. Every new layer introduces more intermediaries, and therefore wastage.\n\nIssue 2: The game of telephone also gets longer, possibly chipping away at the actual work itself.\n\nIn most multi-agency situations I've been in, the Client has a direct connection to all players. If a situation is complex enough to warrant 5 different shops, then they should all be collaborating vs passing the bucket back and forth down a chain.\n\nThat leads to issue 3: single points of failure. In a sub-sub-sub contracting chain, if something goes wrong along the chain, the whole project can grind to a halt (not to mention the number of blameable parties increases).\n\nIMO, any subcontracting should either go to actual contractors or highly specialized shops. At least, if I were the Client I'd create these restrictions in the contract to avoid the issues mentioned.\n\nThere may be some areas where you can be a little more loose with this. Content could be one... where the output is fairly standardized and flows through a good process:\n\nClient hires Agency A to do \"marketing\"\nA hires B to do \"digital\"\nB hires C to do \"written content\"\nC farms out content across X firms and contractors\n\nIf C has a smooth editorial process, then B is shielded from any drama in the subsubsubsub contracting hooplah. The WHOLE process needs to minimize decision makers though. If every exec in Client, A, B and C has an opinion and editorial input, nothing (good) will get done."
                            }
                        ]
                    }
                ]
            }
        ],
        "thread_ts": "1645557912.006469",
        "parent_user_id": "U024K88ECFN"
    },
    {
        "client_msg_id": "7b86e0d0-fefe-47a1-ba71-28a564c7b39d",
        "type": "message",
        "text": "More on the white label side of things:\n\nWhen Agency A starts insisting that everyone down the chain uses a <mailto:MyName@agencyA.io|MyName@agencyA.io> email address I agree that you start to sail in a morally sketchy area.\n\nI also don't often see the point, besides trying to sound\/look bigger than you maybe actually are. I've definitely come across attempts by a one-person \"agency\" trying to give the impression that they're some kind of global powerhouse (reality: one sales-minded founder and gaggle of poorly incentivized freelancers).\n\nThere's a case for \"fake it til you make it.\" But also a limit.\n\nGenerally, I prefer situations where results and quality product or service speak for themselves. Where clients aren't concerned about the proverbial making of the sausage and won't judge you based on the size of your team.",
        "user": "U01AHL8AGBB",
        "ts": "1645564138.579939",
        "team": "TJE58GTJL",
        "user_team": "TJE58GTJL",
        "source_team": "TJE58GTJL",
        "user_profile": {
            "avatar_hash": "09eb34255d46",
            "image_72": "https:\/\/avatars.slack-edge.com\/2020-09-07\/1347887170866_09eb34255d4678a00ddc_72.png",
            "first_name": "Jordy",
            "real_name": "Jordy Fujiwara",
            "display_name": "Jordy",
            "team": "TJE58GTJL",
            "name": "jordy.fujiwara",
            "is_restricted": false,
            "is_ultra_restricted": false
        },
        "blocks": [
            {
                "type": "rich_text",
                "block_id": "a7B",
                "elements": [
                    {
                        "type": "rich_text_section",
                        "elements": [
                            {
                                "type": "text",
                                "text": "More on the white label side of things:\n\nWhen Agency A starts insisting that everyone down the chain uses a "
                            },
                            {
                                "type": "link",
                                "url": "mailto:MyName@agencyA.io",
                                "text": "MyName@agencyA.io"
                            },
                            {
                                "type": "text",
                                "text": " email address I agree that you start to sail in a morally sketchy area.\n\nI also don't often see the point, besides trying to sound\/look bigger than you maybe actually are. I've definitely come across attempts by a one-person \"agency\" trying to give the impression that they're some kind of global powerhouse (reality: one sales-minded founder and gaggle of poorly incentivized freelancers).\n\nThere's a case for \"fake it til you make it.\" But also a limit.\n\nGenerally, I prefer situations where results and quality product or service speak for themselves. Where clients aren't concerned about the proverbial making of the sausage and won't judge you based on the size of your team."
                            }
                        ]
                    }
                ]
            }
        ],
        "thread_ts": "1645557912.006469",
        "parent_user_id": "U024K88ECFN",
        "reactions": [
            {
                "name": "muscle",
                "users": [
                    "U02GFMRFL77"
                ],
                "count": 1
            }
        ]
    },
    {
        "client_msg_id": "83A76D0F-E032-4F9C-BD4F-76F9D40B33E4",
        "type": "message",
        "text": "I honestly think I agree with 100% of what you said. The agreement I'm considering right now essentially states up front that we act as if we are at that company with an email address, etc. and that we will have NO direct contact with the client. That felt like a :triangular_flag_on_post:to me",
        "user": "U024K88ECFN",
        "ts": "1645574541.234829",
        "team": "TJE58GTJL",
        "user_team": "TJE58GTJL",
        "source_team": "TJE58GTJL",
        "user_profile": {
            "avatar_hash": "00c4a04080e3",
            "image_72": "https:\/\/avatars.slack-edge.com\/2022-03-23\/3286590119379_00c4a04080e367a58cfc_72.png",
            "first_name": "Rebekah",
            "real_name": "Rebekah Edwards",
            "display_name": "Rebekah Edwards",
            "team": "TJE58GTJL",
            "name": "rebekah473",
            "is_restricted": false,
            "is_ultra_restricted": false
        },
        "blocks": [
            {
                "type": "rich_text",
                "block_id": "cG07",
                "elements": [
                    {
                        "type": "rich_text_section",
                        "elements": [
                            {
                                "type": "text",
                                "text": "I honestly think I agree with 100% of what you said. The agreement I'm considering right now essentially states up front that we act as if we are at that company with an email address, etc. and that we will have NO direct contact with the client. That felt like a "
                            },
                            {
                                "type": "emoji",
                                "name": "triangular_flag_on_post"
                            },
                            {
                                "type": "text",
                                "text": "to me"
                            }
                        ]
                    }
                ]
            }
        ],
        "thread_ts": "1645557912.006469",
        "parent_user_id": "U024K88ECFN"
    },
    {
        "client_msg_id": "83B7B7EC-51E5-4D0B-8383-68A88C5E4F57",
        "type": "message",
        "text": "I don’t specifically list out my own intellectual property in any type of contract. I do specify that I will be using my own intellectual property in my work and that I retain all rights to that",
        "user": "UUXMCJQ15",
        "ts": "1645579224.262209",
        "team": "TJE58GTJL",
        "user_team": "TJE58GTJL",
        "source_team": "TJE58GTJL",
        "user_profile": {
            "avatar_hash": "g6e525101d39",
            "image_72": "https:\/\/secure.gravatar.com\/avatar\/6e525101d39a0ff9ea2ac1c51a176ba8.jpg?s=72&d=https%3A%2F%2Fa.slack-edge.com%2Fdf10d%2Fimg%2Favatars%2Fava_0000-72.png",
            "first_name": "Brendan",
            "real_name": "Brendan Hufford",
            "display_name": "Brendan Hufford",
            "team": "TJE58GTJL",
            "name": "brendanhufford",
            "is_restricted": false,
            "is_ultra_restricted": false
        },
        "blocks": [
            {
                "type": "rich_text",
                "block_id": "5h4",
                "elements": [
                    {
                        "type": "rich_text_section",
                        "elements": [
                            {
                                "type": "text",
                                "text": "I don’t specifically list out my own intellectual property in any type of contract. I do specify that I will be using my own intellectual property in my work and that I retain all rights to that"
                            }
                        ]
                    }
                ]
            }
        ],
        "thread_ts": "1645555736.187179",
        "parent_user_id": "U01NM31CTFU"
    },
    {
        "client_msg_id": "8A196117-1FA8-433E-9B1D-37881EA0358C",
        "type": "message",
        "text": "Essentially, that’s why they’re hiring you. They want your processes, systems, and frameworks that you created prior to working with them to do work for them.",
        "user": "UUXMCJQ15",
        "ts": "1645579252.633629",
        "team": "TJE58GTJL",
        "user_team": "TJE58GTJL",
        "source_team": "TJE58GTJL",
        "user_profile": {
            "avatar_hash": "g6e525101d39",
            "image_72": "https:\/\/secure.gravatar.com\/avatar\/6e525101d39a0ff9ea2ac1c51a176ba8.jpg?s=72&d=https%3A%2F%2Fa.slack-edge.com%2Fdf10d%2Fimg%2Favatars%2Fava_0000-72.png",
            "first_name": "Brendan",
            "real_name": "Brendan Hufford",
            "display_name": "Brendan Hufford",
            "team": "TJE58GTJL",
            "name": "brendanhufford",
            "is_restricted": false,
            "is_ultra_restricted": false
        },
        "blocks": [
            {
                "type": "rich_text",
                "block_id": "3k7",
                "elements": [
                    {
                        "type": "rich_text_section",
                        "elements": [
                            {
                                "type": "text",
                                "text": "Essentially, that’s why they’re hiring you. They want your processes, systems, and frameworks that you created prior to working with them to do work for them."
                            }
                        ]
                    }
                ]
            }
        ],
        "thread_ts": "1645555736.187179",
        "parent_user_id": "U01NM31CTFU"
    },
    {
        "client_msg_id": "DA265E40-F740-460D-82EF-5FA50B640D57",
        "type": "message",
        "text": "If you do have to list something there, list your brand name and “all associative properties, frameworks, and systems.”",
        "user": "UUXMCJQ15",
        "ts": "1645579286.306489",
        "team": "TJE58GTJL",
        "user_team": "TJE58GTJL",
        "source_team": "TJE58GTJL",
        "user_profile": {
            "avatar_hash": "g6e525101d39",
            "image_72": "https:\/\/secure.gravatar.com\/avatar\/6e525101d39a0ff9ea2ac1c51a176ba8.jpg?s=72&d=https%3A%2F%2Fa.slack-edge.com%2Fdf10d%2Fimg%2Favatars%2Fava_0000-72.png",
            "first_name": "Brendan",
            "real_name": "Brendan Hufford",
            "display_name": "Brendan Hufford",
            "team": "TJE58GTJL",
            "name": "brendanhufford",
            "is_restricted": false,
            "is_ultra_restricted": false
        },
        "blocks": [
            {
                "type": "rich_text",
                "block_id": "geRv",
                "elements": [
                    {
                        "type": "rich_text_section",
                        "elements": [
                            {
                                "type": "text",
                                "text": "If you do have to list something there, list your brand name and “all associative properties, frameworks, and systems.”"
                            }
                        ]
                    }
                ]
            }
        ],
        "thread_ts": "1645555736.187179",
        "parent_user_id": "U01NM31CTFU"
    },
    {
        "client_msg_id": "0F5595C1-9B6C-4517-9677-3FC6D7BADA9A",
        "type": "message",
        "text": "I’ve done tons of work for private equity and VC firms on behalf of them and have no direct contact with anybody they’re working with outside of my work.  ",
        "user": "UUXMCJQ15",
        "ts": "1645579436.875169",
        "team": "TJE58GTJL",
        "user_team": "TJE58GTJL",
        "source_team": "TJE58GTJL",
        "user_profile": {
            "avatar_hash": "g6e525101d39",
            "image_72": "https:\/\/secure.gravatar.com\/avatar\/6e525101d39a0ff9ea2ac1c51a176ba8.jpg?s=72&d=https%3A%2F%2Fa.slack-edge.com%2Fdf10d%2Fimg%2Favatars%2Fava_0000-72.png",
            "first_name": "Brendan",
            "real_name": "Brendan Hufford",
            "display_name": "Brendan Hufford",
            "team": "TJE58GTJL",
            "name": "brendanhufford",
            "is_restricted": false,
            "is_ultra_restricted": false
        },
        "blocks": [
            {
                "type": "rich_text",
                "block_id": "qYrY",
                "elements": [
                    {
                        "type": "rich_text_section",
                        "elements": [
                            {
                                "type": "text",
                                "text": "I’ve done tons of work for private equity and VC firms on behalf of them and have no direct contact with anybody they’re working with outside of my work.  "
                            }
                        ]
                    }
                ]
            }
        ],
        "thread_ts": "1645557912.006469",
        "parent_user_id": "U024K88ECFN",
        "reactions": [
            {
                "name": "bangbang",
                "users": [
                    "U024K88ECFN"
                ],
                "count": 1
            }
        ]
    },
    {
        "client_msg_id": "A05D60A9-4497-43F7-9A9B-3EF122DE50B7",
        "type": "message",
        "text": "But I agree that when they start trying to pretend you work there, that is a red flag:triangular_flag_on_post: ",
        "user": "UUXMCJQ15",
        "ts": "1645579454.849769",
        "team": "TJE58GTJL",
        "user_team": "TJE58GTJL",
        "source_team": "TJE58GTJL",
        "user_profile": {
            "avatar_hash": "g6e525101d39",
            "image_72": "https:\/\/secure.gravatar.com\/avatar\/6e525101d39a0ff9ea2ac1c51a176ba8.jpg?s=72&d=https%3A%2F%2Fa.slack-edge.com%2Fdf10d%2Fimg%2Favatars%2Fava_0000-72.png",
            "first_name": "Brendan",
            "real_name": "Brendan Hufford",
            "display_name": "Brendan Hufford",
            "team": "TJE58GTJL",
            "name": "brendanhufford",
            "is_restricted": false,
            "is_ultra_restricted": false
        },
        "blocks": [
            {
                "type": "rich_text",
                "block_id": "JNWCt",
                "elements": [
                    {
                        "type": "rich_text_section",
                        "elements": [
                            {
                                "type": "text",
                                "text": "But I agree that when they start trying to pretend you work there, that is a red flag"
                            },
                            {
                                "type": "emoji",
                                "name": "triangular_flag_on_post"
                            },
                            {
                                "type": "text",
                                "text": " "
                            }
                        ]
                    }
                ]
            }
        ],
        "thread_ts": "1645557912.006469",
        "parent_user_id": "U024K88ECFN"
    },
    {
        "client_msg_id": "1C671260-4247-4CDA-947A-AA795A408869",
        "type": "message",
        "text": "<@UUXMCJQ15> Okay, that's so good to know! I wondered if I was being crazy but it rubbed me SO wrong. ",
        "user": "U024K88ECFN",
        "ts": "1645579731.012979",
        "team": "TJE58GTJL",
        "user_team": "TJE58GTJL",
        "source_team": "TJE58GTJL",
        "user_profile": {
            "avatar_hash": "00c4a04080e3",
            "image_72": "https:\/\/avatars.slack-edge.com\/2022-03-23\/3286590119379_00c4a04080e367a58cfc_72.png",
            "first_name": "Rebekah",
            "real_name": "Rebekah Edwards",
            "display_name": "Rebekah Edwards",
            "team": "TJE58GTJL",
            "name": "rebekah473",
            "is_restricted": false,
            "is_ultra_restricted": false
        },
        "blocks": [
            {
                "type": "rich_text",
                "block_id": "68\/",
                "elements": [
                    {
                        "type": "rich_text_section",
                        "elements": [
                            {
                                "type": "user",
                                "user_id": "UUXMCJQ15"
                            },
                            {
                                "type": "text",
                                "text": " Okay, that's so good to know! I wondered if I was being crazy but it rubbed me SO wrong. "
                            }
                        ]
                    }
                ]
            }
        ],
        "thread_ts": "1645557912.006469",
        "parent_user_id": "U024K88ECFN"
    }
]