[
    {
        "client_msg_id": "b8da7e7d-1730-4de0-b2ce-25f829409183",
        "type": "message",
        "text": "Hi all! I just got presented with the opportunity to buy an agency I've worked for over the past 4 years (owner is moving on to something else). I'm intrigued, but want to give it my due diligence.\n\nIs there anyone here who runs a small agency who would be willing to let me pick their brain? If you've bought\/taken over an agency from someone else, that would be even more awesome.\n\nI'll gladly buy you lunch! :taco:",
        "user": "U02SU2BECCA",
        "ts": "1643120059.057300",
        "team": "TJE58GTJL",
        "user_team": "TJE58GTJL",
        "source_team": "TJE58GTJL",
        "user_profile": {
            "avatar_hash": "ee48b1106795",
            "image_72": "https:\/\/avatars.slack-edge.com\/2022-01-05\/2912317446291_ee48b110679501fff7ef_72.jpg",
            "first_name": "Lawrence",
            "real_name": "Lawrence Barker",
            "display_name": "Lawrence",
            "team": "TJE58GTJL",
            "name": "lawrence",
            "is_restricted": false,
            "is_ultra_restricted": false
        },
        "edited": {
            "user": "U02SU2BECCA",
            "ts": "1643120073.000000"
        },
        "blocks": [
            {
                "type": "rich_text",
                "block_id": "6uuYA",
                "elements": [
                    {
                        "type": "rich_text_section",
                        "elements": [
                            {
                                "type": "text",
                                "text": "Hi all! I just got presented with the opportunity to buy an agency I've worked for over the past 4 years (owner is moving on to something else). I'm intrigued, but want to give it my due diligence.\n\nIs there anyone here who runs a small agency who would be willing to let me pick their brain? If you've bought\/taken over an agency from someone else, that would be even more awesome.\n\nI'll gladly buy you lunch! "
                            },
                            {
                                "type": "emoji",
                                "name": "taco"
                            }
                        ]
                    }
                ]
            }
        ],
        "thread_ts": "1643120059.057300",
        "reply_count": 6,
        "reply_users_count": 5,
        "latest_reply": "1643993849.873729",
        "reply_users": [
            "UJG9WTEKG",
            "U02SU2BECCA",
            "U02FNEQF3SQ",
            "U031ULX8GLQ",
            "U02J27U2X37"
        ],
        "replies": [
            {
                "user": "UJG9WTEKG",
                "ts": "1643128715.059600"
            },
            {
                "user": "U02SU2BECCA",
                "ts": "1643128964.062100"
            },
            {
                "user": "U02FNEQF3SQ",
                "ts": "1643742597.558839"
            },
            {
                "user": "U02SU2BECCA",
                "ts": "1643743313.015549"
            },
            {
                "user": "U031ULX8GLQ",
                "ts": "1643781024.968289"
            },
            {
                "user": "U02J27U2X37",
                "ts": "1643993849.873729"
            }
        ],
        "is_locked": false,
        "subscribed": true,
        "last_read": "1643993849.873729"
    },
    {
        "client_msg_id": "3f508d1a-6cbb-4947-8f4c-4e801c6a7b02",
        "type": "message",
        "text": "i have never bought an agency but i have lots of agency experience. would happy to talk through it with you.",
        "user": "UJG9WTEKG",
        "ts": "1643128715.059600",
        "team": "TJE58GTJL",
        "user_team": "TJE58GTJL",
        "source_team": "TJE58GTJL",
        "user_profile": {
            "avatar_hash": "gc25b94e6ebf",
            "image_72": "https:\/\/secure.gravatar.com\/avatar\/eec25b94e6ebf55f0b7933372344cd09.jpg?s=72&d=https%3A%2F%2Fa.slack-edge.com%2Fdf10d%2Fimg%2Favatars%2Fava_0001-72.png",
            "first_name": "Jimmy",
            "real_name": "Jimmy Daly",
            "display_name": "",
            "team": "TJE58GTJL",
            "name": "runjimdaly",
            "is_restricted": false,
            "is_ultra_restricted": false
        },
        "blocks": [
            {
                "type": "rich_text",
                "block_id": "WXKB",
                "elements": [
                    {
                        "type": "rich_text_section",
                        "elements": [
                            {
                                "type": "text",
                                "text": "i have never bought an agency but i have lots of agency experience. would happy to talk through it with you."
                            }
                        ]
                    }
                ]
            }
        ],
        "thread_ts": "1643120059.057300",
        "parent_user_id": "U02SU2BECCA"
    },
    {
        "client_msg_id": "372ee87c-2f4f-410f-8afe-e8142bb4b06e",
        "type": "message",
        "text": "Thanks <@UJG9WTEKG>! I'll DM you to find a good time",
        "user": "U02SU2BECCA",
        "ts": "1643128964.062100",
        "team": "TJE58GTJL",
        "user_team": "TJE58GTJL",
        "source_team": "TJE58GTJL",
        "user_profile": {
            "avatar_hash": "ee48b1106795",
            "image_72": "https:\/\/avatars.slack-edge.com\/2022-01-05\/2912317446291_ee48b110679501fff7ef_72.jpg",
            "first_name": "Lawrence",
            "real_name": "Lawrence Barker",
            "display_name": "Lawrence",
            "team": "TJE58GTJL",
            "name": "lawrence",
            "is_restricted": false,
            "is_ultra_restricted": false
        },
        "blocks": [
            {
                "type": "rich_text",
                "block_id": "Hfc",
                "elements": [
                    {
                        "type": "rich_text_section",
                        "elements": [
                            {
                                "type": "text",
                                "text": "Thanks "
                            },
                            {
                                "type": "user",
                                "user_id": "UJG9WTEKG"
                            },
                            {
                                "type": "text",
                                "text": "! I'll DM you to find a good time"
                            }
                        ]
                    }
                ]
            }
        ],
        "thread_ts": "1643120059.057300",
        "parent_user_id": "U02SU2BECCA",
        "reactions": [
            {
                "name": "partyparrot",
                "users": [
                    "UJG9WTEKG"
                ],
                "count": 1
            }
        ]
    },
    {
        "client_msg_id": "10c42005-c274-4f21-9b9c-24a74f53d881",
        "type": "message",
        "text": "Hi everyone! Not sure if this is the right channel to post to (and I’m also cross-posting it to <#C014P2BJLER|ask-me-anything>), but here goes nothing…\n\nOur early-stage startup is *looking for an SEO agency OR Digital Marketing Agency* with the following specs:\n\n• (Must Have) exceptional technical SEO capabilities and analytics\n• (Nice to have) social, paid advertising, marketing ops (HubSpot), content capabilities (i.e. consulting re: quarterly editorial calendar, possible outsourcing of content creation–mainly blogs)\n*Any and all recommendations are greatly appreciated! TIA*\n\nP.S. They also must have a startup-friendly budget :slightly_smiling_face:",
        "user": "U01L7S9CVNG",
        "ts": "1643130833.063800",
        "team": "TJE58GTJL",
        "user_team": "TJE58GTJL",
        "source_team": "TJE58GTJL",
        "user_profile": {
            "avatar_hash": "492ba848106f",
            "image_72": "https:\/\/avatars.slack-edge.com\/2021-03-28\/1912881546324_492ba848106ffaa669af_72.jpg",
            "first_name": "Noelina",
            "real_name": "Noelina Rissman",
            "display_name": "",
            "team": "TJE58GTJL",
            "name": "noelina.rissman",
            "is_restricted": false,
            "is_ultra_restricted": false
        },
        "blocks": [
            {
                "type": "rich_text",
                "block_id": "Q2L",
                "elements": [
                    {
                        "type": "rich_text_section",
                        "elements": [
                            {
                                "type": "text",
                                "text": "Hi everyone! Not sure if this is the right channel to post to (and I’m also cross-posting it to "
                            },
                            {
                                "type": "channel",
                                "channel_id": "C014P2BJLER"
                            },
                            {
                                "type": "text",
                                "text": "), but here goes nothing…\n\nOur early-stage startup is "
                            },
                            {
                                "type": "text",
                                "text": "looking for an SEO agency OR Digital Marketing Agency",
                                "style": {
                                    "bold": true
                                }
                            },
                            {
                                "type": "text",
                                "text": " with the following specs:\n\n"
                            }
                        ]
                    },
                    {
                        "type": "rich_text_list",
                        "elements": [
                            {
                                "type": "rich_text_section",
                                "elements": [
                                    {
                                        "type": "text",
                                        "text": "(Must Have) exceptional technical SEO capabilities and analytics"
                                    }
                                ]
                            },
                            {
                                "type": "rich_text_section",
                                "elements": [
                                    {
                                        "type": "text",
                                        "text": "(Nice to have) social, paid advertising, marketing ops (HubSpot), content capabilities (i.e. consulting re: quarterly editorial calendar, possible outsourcing of content creation–mainly blogs)"
                                    }
                                ]
                            }
                        ],
                        "style": "bullet",
                        "indent": 0,
                        "border": 0
                    },
                    {
                        "type": "rich_text_section",
                        "elements": [
                            {
                                "type": "text",
                                "text": "\n"
                            },
                            {
                                "type": "text",
                                "text": "Any and all recommendations are greatly appreciated! TIA",
                                "style": {
                                    "bold": true
                                }
                            },
                            {
                                "type": "text",
                                "text": "\n\nP.S. They also must have a startup-friendly budget "
                            },
                            {
                                "type": "emoji",
                                "name": "slightly_smiling_face"
                            }
                        ]
                    }
                ]
            }
        ],
        "thread_ts": "1643130833.063800",
        "reply_count": 7,
        "reply_users_count": 7,
        "latest_reply": "1643972030.654989",
        "reply_users": [
            "U024K88ECFN",
            "U02H3K9BEMA",
            "UUXMCJQ15",
            "U01L7S9CVNG",
            "U01PQFQBGHJ",
            "U02L9A0397C",
            "U030W3J5CBT"
        ],
        "replies": [
            {
                "user": "U024K88ECFN",
                "ts": "1643131155.064000"
            },
            {
                "user": "U02H3K9BEMA",
                "ts": "1643131167.064500"
            },
            {
                "user": "UUXMCJQ15",
                "ts": "1643131452.065100"
            },
            {
                "user": "U01L7S9CVNG",
                "ts": "1643141880.065600"
            },
            {
                "user": "U01PQFQBGHJ",
                "ts": "1643142684.066000"
            },
            {
                "user": "U02L9A0397C",
                "ts": "1643402182.046589"
            },
            {
                "user": "U030W3J5CBT",
                "ts": "1643972030.654989"
            }
        ],
        "is_locked": false,
        "subscribed": false,
        "reactions": [
            {
                "name": "raised_hands::skin-tone-2",
                "users": [
                    "U024K88ECFN"
                ],
                "count": 1
            }
        ]
    },
    {
        "client_msg_id": "0f6b6e7a-8fa6-4761-98cf-a0e888d08cdc",
        "type": "message",
        "text": "My agency doesn't do B2B much, so I won't pitch me, but I know <@U01PQFQBGHJ> has connections to a lot of great agencies that could be a great fit!",
        "user": "U024K88ECFN",
        "ts": "1643131155.064000",
        "team": "TJE58GTJL",
        "user_team": "TJE58GTJL",
        "source_team": "TJE58GTJL",
        "user_profile": {
            "avatar_hash": "00c4a04080e3",
            "image_72": "https:\/\/avatars.slack-edge.com\/2022-03-23\/3286590119379_00c4a04080e367a58cfc_72.png",
            "first_name": "Rebekah",
            "real_name": "Rebekah Edwards",
            "display_name": "Rebekah Edwards",
            "team": "TJE58GTJL",
            "name": "rebekah473",
            "is_restricted": false,
            "is_ultra_restricted": false
        },
        "blocks": [
            {
                "type": "rich_text",
                "block_id": "lQTrB",
                "elements": [
                    {
                        "type": "rich_text_section",
                        "elements": [
                            {
                                "type": "text",
                                "text": "My agency doesn't do B2B much, so I won't pitch me, but I know "
                            },
                            {
                                "type": "user",
                                "user_id": "U01PQFQBGHJ"
                            },
                            {
                                "type": "text",
                                "text": " has connections to a lot of great agencies that could be a great fit!"
                            }
                        ]
                    }
                ]
            }
        ],
        "thread_ts": "1643130833.063800",
        "parent_user_id": "U01L7S9CVNG",
        "reactions": [
            {
                "name": "+1::skin-tone-4",
                "users": [
                    "U01L7S9CVNG"
                ],
                "count": 1
            }
        ]
    },
    {
        "type": "message",
        "subtype": "channel_join",
        "ts": "1643131159.064300",
        "user": "U01PQFQBGHJ",
        "text": "<@U01PQFQBGHJ> has joined the channel",
        "inviter": "U024K88ECFN"
    },
    {
        "client_msg_id": "1d1d7924-caf7-4922-adac-c6c5d74a9004",
        "type": "message",
        "text": "Hey! Speak to Jesse at <https:\/\/methodandmetric.com\/|Method and Metric>, an SEO agency based out of Vancouver, BC.",
        "user": "U02H3K9BEMA",
        "ts": "1643131167.064500",
        "team": "TJE58GTJL",
        "user_team": "TJE58GTJL",
        "source_team": "TJE58GTJL",
        "user_profile": {
            "avatar_hash": "09a184af1fd8",
            "image_72": "https:\/\/avatars.slack-edge.com\/2021-10-07\/2592228292273_09a184af1fd866e135e1_72.jpg",
            "first_name": "Claire",
            "real_name": "Claire Beveridge",
            "display_name": "Claire Beveridge",
            "team": "TJE58GTJL",
            "name": "claire919",
            "is_restricted": false,
            "is_ultra_restricted": false
        },
        "blocks": [
            {
                "type": "rich_text",
                "block_id": "g+f",
                "elements": [
                    {
                        "type": "rich_text_section",
                        "elements": [
                            {
                                "type": "text",
                                "text": "Hey! Speak to Jesse at "
                            },
                            {
                                "type": "link",
                                "url": "https:\/\/methodandmetric.com\/",
                                "text": "Method and Metric"
                            },
                            {
                                "type": "text",
                                "text": ", an SEO agency based out of Vancouver, BC."
                            }
                        ]
                    }
                ]
            }
        ],
        "thread_ts": "1643130833.063800",
        "parent_user_id": "U01L7S9CVNG",
        "reactions": [
            {
                "name": "+1::skin-tone-4",
                "users": [
                    "U01L7S9CVNG"
                ],
                "count": 1
            }
        ]
    },
    {
        "client_msg_id": "e53d0148-dbef-4cab-b340-a8c0aa5a6695",
        "type": "message",
        "text": "_X-posting from the other channel:_\n\nFirst thought, what you're describing is an agency that is going to be at least $10k per month.\n\nI'd wager that, during the sales process, it'll become a forcing function to really narrow down what you're looking for because whenever I hear \"startup friendly\" or \"bootstrapped,\" I hear \"we don't have a lot to invest in this.\" Which may or may not be the case here.\n\nIf you want to focus on the must-have (which is what I would do in your situation), you want to talk to <@U01P13NTGG6> and <http:\/\/ardentgrowth.com|ardentgrowth.com>",
        "user": "UUXMCJQ15",
        "ts": "1643131452.065100",
        "team": "TJE58GTJL",
        "user_team": "TJE58GTJL",
        "source_team": "TJE58GTJL",
        "user_profile": {
            "avatar_hash": "g6e525101d39",
            "image_72": "https:\/\/secure.gravatar.com\/avatar\/6e525101d39a0ff9ea2ac1c51a176ba8.jpg?s=72&d=https%3A%2F%2Fa.slack-edge.com%2Fdf10d%2Fimg%2Favatars%2Fava_0000-72.png",
            "first_name": "Brendan",
            "real_name": "Brendan Hufford",
            "display_name": "Brendan Hufford",
            "team": "TJE58GTJL",
            "name": "brendanhufford",
            "is_restricted": false,
            "is_ultra_restricted": false
        },
        "blocks": [
            {
                "type": "rich_text",
                "block_id": "8PMj",
                "elements": [
                    {
                        "type": "rich_text_section",
                        "elements": [
                            {
                                "type": "text",
                                "text": "X-posting from the other channel:",
                                "style": {
                                    "italic": true
                                }
                            },
                            {
                                "type": "text",
                                "text": "\n\nFirst thought, what you're describing is an agency that is going to be at least $10k per month.\n\nI'd wager that, during the sales process, it'll become a forcing function to really narrow down what you're looking for because whenever I hear \"startup friendly\" or \"bootstrapped,\" I hear \"we don't have a lot to invest in this.\" Which may or may not be the case here.\n\nIf you want to focus on the must-have (which is what I would do in your situation), you want to talk to "
                            },
                            {
                                "type": "user",
                                "user_id": "U01P13NTGG6"
                            },
                            {
                                "type": "text",
                                "text": " and "
                            },
                            {
                                "type": "link",
                                "url": "http:\/\/ardentgrowth.com",
                                "text": "ardentgrowth.com"
                            }
                        ]
                    }
                ]
            }
        ],
        "thread_ts": "1643130833.063800",
        "parent_user_id": "U01L7S9CVNG",
        "reactions": [
            {
                "name": "+1::skin-tone-4",
                "users": [
                    "U01L7S9CVNG"
                ],
                "count": 1
            }
        ]
    },
    {
        "client_msg_id": "95b104d2-9bd2-424f-bfdb-a4fbfaf95ceb",
        "type": "message",
        "text": "<@U024K88ECFN>, appreciate the honesty :slightly_smiling_face: Thanks for the reco. I’ll reach out to Bernard later!\n\n<@U02H3K9BEMA>, thanks as well!\n\n<@UUXMCJQ15> _(response cross posted from the other channel)_ Thanks for your insights on the pricing\/ sales process and the recommendation! Yes, definitely knowing their way around technical SEO &amp; analytics are top priorities (hence the “must have”) and what we’re most interested in picking up a retainer for. (For the other services, it’d be reassuring to know that the agency is capable of doing them if ever requested.)",
        "user": "U01L7S9CVNG",
        "ts": "1643141880.065600",
        "team": "TJE58GTJL",
        "user_team": "TJE58GTJL",
        "source_team": "TJE58GTJL",
        "user_profile": {
            "avatar_hash": "492ba848106f",
            "image_72": "https:\/\/avatars.slack-edge.com\/2021-03-28\/1912881546324_492ba848106ffaa669af_72.jpg",
            "first_name": "Noelina",
            "real_name": "Noelina Rissman",
            "display_name": "",
            "team": "TJE58GTJL",
            "name": "noelina.rissman",
            "is_restricted": false,
            "is_ultra_restricted": false
        },
        "blocks": [
            {
                "type": "rich_text",
                "block_id": "z2LR",
                "elements": [
                    {
                        "type": "rich_text_section",
                        "elements": [
                            {
                                "type": "user",
                                "user_id": "U024K88ECFN"
                            },
                            {
                                "type": "text",
                                "text": ", appreciate the honesty "
                            },
                            {
                                "type": "emoji",
                                "name": "slightly_smiling_face"
                            },
                            {
                                "type": "text",
                                "text": " Thanks for the reco. I’ll reach out to Bernard later!\n\n"
                            },
                            {
                                "type": "user",
                                "user_id": "U02H3K9BEMA"
                            },
                            {
                                "type": "text",
                                "text": ", thanks as well!\n\n"
                            },
                            {
                                "type": "user",
                                "user_id": "UUXMCJQ15"
                            },
                            {
                                "type": "text",
                                "text": " "
                            },
                            {
                                "type": "text",
                                "text": "(response cross posted from the other channel) ",
                                "style": {
                                    "italic": true
                                }
                            },
                            {
                                "type": "text",
                                "text": "Thanks for your insights on the pricing\/ sales process and the recommendation! Yes, definitely knowing their way around technical SEO & analytics are top priorities (hence the “must have”) and what we’re most interested in picking up a retainer for. (For the other services, it’d be reassuring to know that the agency is capable of doing them if ever requested.)"
                            }
                        ]
                    }
                ]
            }
        ],
        "thread_ts": "1643130833.063800",
        "parent_user_id": "U01L7S9CVNG",
        "reactions": [
            {
                "name": "raised_hands::skin-tone-2",
                "users": [
                    "U024K88ECFN"
                ],
                "count": 1
            }
        ]
    },
    {
        "client_msg_id": "cd676b04-74ea-41eb-bb52-adb74fb1b672",
        "type": "message",
        "text": "Happy to provide a list of agency recs over email! (<mailto:bernard@clearscope.io|bernard@clearscope.io>)",
        "user": "U01PQFQBGHJ",
        "ts": "1643142684.066000",
        "team": "TJE58GTJL",
        "user_team": "TJE58GTJL",
        "source_team": "TJE58GTJL",
        "user_profile": {
            "avatar_hash": "5c69bcfddf9f",
            "image_72": "https:\/\/avatars.slack-edge.com\/2021-02-26\/1800445940594_5c69bcfddf9f8cc23bf5_72.jpg",
            "first_name": "Bernard",
            "real_name": "Bernard Huang",
            "display_name": "Bernard Huang",
            "team": "TJE58GTJL",
            "name": "bernard",
            "is_restricted": false,
            "is_ultra_restricted": false
        },
        "blocks": [
            {
                "type": "rich_text",
                "block_id": "F9v",
                "elements": [
                    {
                        "type": "rich_text_section",
                        "elements": [
                            {
                                "type": "text",
                                "text": "Happy to provide a list of agency recs over email! ("
                            },
                            {
                                "type": "link",
                                "url": "mailto:bernard@clearscope.io",
                                "text": "bernard@clearscope.io"
                            },
                            {
                                "type": "text",
                                "text": ")"
                            }
                        ]
                    }
                ]
            }
        ],
        "thread_ts": "1643130833.063800",
        "parent_user_id": "U01L7S9CVNG",
        "reactions": [
            {
                "name": "blush",
                "users": [
                    "U01L7S9CVNG",
                    "U024K88ECFN",
                    "U01PQFQBGHJ"
                ],
                "count": 3
            },
            {
                "name": "+1::skin-tone-4",
                "users": [
                    "U01L7S9CVNG"
                ],
                "count": 1
            },
            {
                "name": "+1",
                "users": [
                    "U01PQFQBGHJ"
                ],
                "count": 1
            }
        ]
    },
    {
        "client_msg_id": "8f9b6581-7be9-4881-bdb6-3694cc2c184f",
        "type": "message",
        "text": "Hi Joel, if you haven't already, I'd recommend looking up Chima Mmeje",
        "user": "U028781SL6P",
        "ts": "1643160578.067800",
        "team": "TJE58GTJL",
        "user_team": "TJE58GTJL",
        "source_team": "TJE58GTJL",
        "user_profile": {
            "avatar_hash": "g41ac1ffd120",
            "image_72": "https:\/\/secure.gravatar.com\/avatar\/41ac1ffd1207aded3151077fb8f4f11e.jpg?s=72&d=https%3A%2F%2Fa.slack-edge.com%2Fdf10d%2Fimg%2Favatars%2Fava_0024-72.png",
            "first_name": "Zachary",
            "real_name": "Zachary Totah",
            "display_name": "Zachary Totah",
            "team": "TJE58GTJL",
            "name": "zachary",
            "is_restricted": false,
            "is_ultra_restricted": false
        },
        "blocks": [
            {
                "type": "rich_text",
                "block_id": "jwRI",
                "elements": [
                    {
                        "type": "rich_text_section",
                        "elements": [
                            {
                                "type": "text",
                                "text": "Hi Joel, if you haven't already, I'd recommend looking up Chima Mmeje"
                            }
                        ]
                    }
                ]
            }
        ],
        "thread_ts": "1642712491.042500",
        "parent_user_id": "U02Q8U5T7TP"
    }
]