[
    {
        "client_msg_id": "b624db65-3ae6-4984-bc49-762c8ea9aed2",
        "type": "message",
        "text": "Thank you <@U011QQDDSJV> and <@U01P13NTGG6>. Very helpful!",
        "user": "U02EA5937MM",
        "ts": "1642687863.037900",
        "team": "TJE58GTJL",
        "user_team": "TJE58GTJL",
        "source_team": "TJE58GTJL",
        "user_profile": {
            "avatar_hash": "6d7691804435",
            "image_72": "https:\/\/avatars.slack-edge.com\/2021-09-16\/2498080127413_6d7691804435af842eab_72.jpg",
            "first_name": "Lauren",
            "real_name": "Lauren Dietlin (she\/her)",
            "display_name": "Lauren Dietlin",
            "team": "TJE58GTJL",
            "name": "lauren780",
            "is_restricted": false,
            "is_ultra_restricted": false
        },
        "blocks": [
            {
                "type": "rich_text",
                "block_id": "YIE4",
                "elements": [
                    {
                        "type": "rich_text_section",
                        "elements": [
                            {
                                "type": "text",
                                "text": "Thank you "
                            },
                            {
                                "type": "user",
                                "user_id": "U011QQDDSJV"
                            },
                            {
                                "type": "text",
                                "text": " and "
                            },
                            {
                                "type": "user",
                                "user_id": "U01P13NTGG6"
                            },
                            {
                                "type": "text",
                                "text": ". Very helpful!"
                            }
                        ]
                    }
                ]
            }
        ],
        "thread_ts": "1642543404.022700",
        "parent_user_id": "U02EA5937MM"
    },
    {
        "client_msg_id": "5e540c82-329c-437d-b33c-08eb005193ed",
        "type": "message",
        "text": "Hello everyone,\n\nMy name is Joel. Founder of Climbr, an Edtech and Media company based in Nigeria helping Gen Zs and Millennials succeed in the tech and creative industries.\n\nOur goal this year is to help hundreds of writers and content marketers based in Nigeria get exposure on how they can level up to be world talent in their profession.\n\nI’d love to have live sessions with about 3 - 5 content marketers and writers together for our community here just to share value with them. (If you're a Gen Z or Millennial, would be perfect)\n\nIf you’re a content marketer or content writer and you’d love me to host you on a live session, please drop a comment and I’d Dm you to fix a date that works with your schedule.\n\nThank you.",
        "user": "U02Q8U5T7TP",
        "ts": "1642712491.042500",
        "team": "TJE58GTJL",
        "user_team": "TJE58GTJL",
        "source_team": "TJE58GTJL",
        "user_profile": {
            "avatar_hash": "6ac00fe7f7de",
            "image_72": "https:\/\/avatars.slack-edge.com\/2022-04-15\/3395185200147_6ac00fe7f7de679b0f41_72.jpg",
            "first_name": "Johelski",
            "real_name": "Johelski",
            "display_name": "johelski",
            "team": "TJE58GTJL",
            "name": "ajayijohel",
            "is_restricted": false,
            "is_ultra_restricted": false
        },
        "blocks": [
            {
                "type": "rich_text",
                "block_id": "f2w2B",
                "elements": [
                    {
                        "type": "rich_text_section",
                        "elements": [
                            {
                                "type": "text",
                                "text": "Hello everyone,\n\nMy name is Joel. Founder of Climbr, an Edtech and Media company based in Nigeria helping Gen Zs and Millennials succeed in the tech and creative industries.\n\nOur goal this year is to help hundreds of writers and content marketers based in Nigeria get exposure on how they can level up to be world talent in their profession.\n\nI’d love to have live sessions with about 3 - 5 content marketers and writers together for our community here just to share value with them. (If you're a Gen Z or Millennial, would be perfect)\n\nIf you’re a content marketer or content writer and you’d love me to host you on a live session, please drop a comment and I’d Dm you to fix a date that works with your schedule.\n\nThank you."
                            }
                        ]
                    }
                ]
            }
        ],
        "thread_ts": "1642712491.042500",
        "reply_count": 9,
        "reply_users_count": 8,
        "latest_reply": "1643981531.454279",
        "reply_users": [
            "U024K88ECFN",
            "U01GWU4JWE4",
            "U02TN8URZBP",
            "U016LHA1BHP",
            "U02Q8U5T7TP",
            "U02RGUD9C6S",
            "U028781SL6P",
            "U02UXNJDU9Z"
        ],
        "replies": [
            {
                "user": "U024K88ECFN",
                "ts": "1642713210.042800"
            },
            {
                "user": "U01GWU4JWE4",
                "ts": "1642715775.043300"
            },
            {
                "user": "U02TN8URZBP",
                "ts": "1642793466.047000"
            },
            {
                "user": "U016LHA1BHP",
                "ts": "1642804804.047300"
            },
            {
                "user": "U02Q8U5T7TP",
                "ts": "1642818789.047600"
            },
            {
                "user": "U02Q8U5T7TP",
                "ts": "1642819116.047800"
            },
            {
                "user": "U02RGUD9C6S",
                "ts": "1643051739.054800"
            },
            {
                "user": "U028781SL6P",
                "ts": "1643160578.067800"
            },
            {
                "user": "U02UXNJDU9Z",
                "ts": "1643981531.454279"
            }
        ],
        "is_locked": false,
        "subscribed": false,
        "reactions": [
            {
                "name": "wave",
                "users": [
                    "U02F43CAK5X",
                    "U02UNK5748M",
                    "U02TN8URZBP",
                    "U01T30ZCN82",
                    "URLKJLWKS"
                ],
                "count": 5
            },
            {
                "name": "heart",
                "users": [
                    "U02UNH5M7QX",
                    "U031H7Y9A64",
                    "U03121PFJ7P",
                    "U01DEA6F7CH"
                ],
                "count": 4
            }
        ]
    },
    {
        "client_msg_id": "ee2462b3-9689-4bcc-8bca-04a576ef97c3",
        "type": "message",
        "text": "I use Xoom, which is a Paypal company, and we've all really liked them! Minimal fees, fast deposit times for the most part, most countries have been compatible so far. :)",
        "user": "U02UXNLQKPD",
        "ts": "1642712624.042600",
        "team": "TJE58GTJL",
        "user_team": "TJE58GTJL",
        "source_team": "TJE58GTJL",
        "user_profile": {
            "avatar_hash": "07cd91c4c86d",
            "image_72": "https:\/\/avatars.slack-edge.com\/2022-01-20\/2969485887111_07cd91c4c86d776f69a0_72.jpg",
            "first_name": "Karli",
            "real_name": "Karli Jaenike",
            "display_name": "Karli Jaenike",
            "team": "TJE58GTJL",
            "name": "karli",
            "is_restricted": false,
            "is_ultra_restricted": false
        },
        "blocks": [
            {
                "type": "rich_text",
                "block_id": "SuZ9",
                "elements": [
                    {
                        "type": "rich_text_section",
                        "elements": [
                            {
                                "type": "text",
                                "text": "I use Xoom, which is a Paypal company, and we've all really liked them! Minimal fees, fast deposit times for the most part, most countries have been compatible so far. :)"
                            }
                        ]
                    }
                ]
            }
        ],
        "thread_ts": "1642543404.022700",
        "parent_user_id": "U02EA5937MM"
    },
    {
        "client_msg_id": "6c49a59e-1d0a-411d-8f53-5124da072580",
        "type": "message",
        "text": "I think this sounds really great! I'd love to help, if I can.",
        "user": "U024K88ECFN",
        "ts": "1642713210.042800",
        "team": "TJE58GTJL",
        "user_team": "TJE58GTJL",
        "source_team": "TJE58GTJL",
        "user_profile": {
            "avatar_hash": "00c4a04080e3",
            "image_72": "https:\/\/avatars.slack-edge.com\/2022-03-23\/3286590119379_00c4a04080e367a58cfc_72.png",
            "first_name": "Rebekah",
            "real_name": "Rebekah Edwards",
            "display_name": "Rebekah Edwards",
            "team": "TJE58GTJL",
            "name": "rebekah473",
            "is_restricted": false,
            "is_ultra_restricted": false
        },
        "blocks": [
            {
                "type": "rich_text",
                "block_id": "5oR75",
                "elements": [
                    {
                        "type": "rich_text_section",
                        "elements": [
                            {
                                "type": "text",
                                "text": "I think this sounds really great! I'd love to help, if I can."
                            }
                        ]
                    }
                ]
            }
        ],
        "thread_ts": "1642712491.042500",
        "parent_user_id": "U02Q8U5T7TP",
        "reactions": [
            {
                "name": "heart",
                "users": [
                    "U02Q8U5T7TP"
                ],
                "count": 1
            }
        ]
    },
    {
        "client_msg_id": "fcf29934-3dd7-4af1-9dc3-5a7f321bec77",
        "type": "message",
        "text": "Thanks <@U02UXNLQKPD>!",
        "user": "U02EA5937MM",
        "ts": "1642714382.043000",
        "team": "TJE58GTJL",
        "user_team": "TJE58GTJL",
        "source_team": "TJE58GTJL",
        "user_profile": {
            "avatar_hash": "6d7691804435",
            "image_72": "https:\/\/avatars.slack-edge.com\/2021-09-16\/2498080127413_6d7691804435af842eab_72.jpg",
            "first_name": "Lauren",
            "real_name": "Lauren Dietlin (she\/her)",
            "display_name": "Lauren Dietlin",
            "team": "TJE58GTJL",
            "name": "lauren780",
            "is_restricted": false,
            "is_ultra_restricted": false
        },
        "blocks": [
            {
                "type": "rich_text",
                "block_id": "7Q=Dq",
                "elements": [
                    {
                        "type": "rich_text_section",
                        "elements": [
                            {
                                "type": "text",
                                "text": "Thanks "
                            },
                            {
                                "type": "user",
                                "user_id": "U02UXNLQKPD"
                            },
                            {
                                "type": "text",
                                "text": "!"
                            }
                        ]
                    }
                ]
            }
        ],
        "thread_ts": "1642543404.022700",
        "parent_user_id": "U02EA5937MM",
        "reactions": [
            {
                "name": "black_heart",
                "users": [
                    "U02UXNLQKPD"
                ],
                "count": 1
            }
        ]
    },
    {
        "client_msg_id": "5867548f-3a8d-469f-b0ed-57f5583c1d05",
        "type": "message",
        "text": "I’d be glad to help as well.",
        "user": "U01GWU4JWE4",
        "ts": "1642715775.043300",
        "team": "TJE58GTJL",
        "user_team": "TJE58GTJL",
        "source_team": "TJE58GTJL",
        "user_profile": {
            "avatar_hash": "7be117499ef4",
            "image_72": "https:\/\/avatars.slack-edge.com\/2021-01-03\/1615103505012_7be117499ef4a8ee7673_72.jpg",
            "first_name": "Ernest",
            "real_name": "Ernest Bio Bogore",
            "display_name": "Ernest Bio Bogore",
            "team": "TJE58GTJL",
            "name": "bioernest80",
            "is_restricted": false,
            "is_ultra_restricted": false
        },
        "blocks": [
            {
                "type": "rich_text",
                "block_id": "p88B",
                "elements": [
                    {
                        "type": "rich_text_section",
                        "elements": [
                            {
                                "type": "text",
                                "text": "I’d be glad to help as well."
                            }
                        ]
                    }
                ]
            }
        ],
        "thread_ts": "1642712491.042500",
        "parent_user_id": "U02Q8U5T7TP"
    }
]