[
    {
        "client_msg_id": "0a23e870-1943-4c49-be56-23ae2410fb47",
        "type": "message",
        "text": "Customer Support Automation is all the rage currently!\n\nBut with so many customer support automation tools in the market, it can be overwhelming to select the best.:thinking_face:\n\nSo, we've grouped the top 5 tools that can help you make your decision.\n\nCheck them out!:point_down:\n<https:\/\/bit.ly\/3n1aWib>",
        "user": "U02NGRJE9U7",
        "ts": "1641383685.257000",
        "team": "TJE58GTJL",
        "user_team": "TJE58GTJL",
        "source_team": "TJE58GTJL",
        "user_profile": {
            "avatar_hash": "63d62b92f936",
            "image_72": "https:\/\/avatars.slack-edge.com\/2021-11-29\/2793698375841_63d62b92f9364c8bd2b4_72.jpg",
            "first_name": "Mihir",
            "real_name": "Mihir Contractor",
            "display_name": "Mihir Contractor",
            "team": "TJE58GTJL",
            "name": "mihir.contractor",
            "is_restricted": false,
            "is_ultra_restricted": false
        },
        "attachments": [
            {
                "from_url": "https:\/\/bit.ly\/3n1aWib",
                "image_url": "https:\/\/images.ctfassets.net\/foc8yxpzaiuk\/4GQdpSsDkdZoGWI9LCfbrO\/7d20b0794607992380c1c0afb7345245\/Cover_image-01__1_.png",
                "image_width": 250,
                "image_height": 250,
                "image_bytes": 123855,
                "service_icon": "https:\/\/wotnot.io\/icons\/icon-48x48.png?v=afddcead010182bb31a275d0050d59d5",
                "id": 1,
                "original_url": "https:\/\/bit.ly\/3n1aWib",
                "fallback": "Top 5 Tools to Automate Customer Service in 2022",
                "text": "Customer service automation platforms help save support costs and improve customer experience by automating customer queries using AI chatbots.",
                "title": "Top 5 Tools to Automate Customer Service in 2022",
                "title_link": "https:\/\/bit.ly\/3n1aWib",
                "service_name": "wotnot.io"
            }
        ],
        "blocks": [
            {
                "type": "rich_text",
                "block_id": "8=+IU",
                "elements": [
                    {
                        "type": "rich_text_section",
                        "elements": [
                            {
                                "type": "text",
                                "text": "Customer Support Automation is all the rage currently!\n\nBut with so many customer support automation tools in the market, it can be overwhelming to select the best."
                            },
                            {
                                "type": "emoji",
                                "name": "thinking_face"
                            },
                            {
                                "type": "text",
                                "text": "\n\nSo, we've grouped the top 5 tools that can help you make your decision.\n\nCheck them out!"
                            },
                            {
                                "type": "emoji",
                                "name": "point_down"
                            },
                            {
                                "type": "text",
                                "text": "\n"
                            },
                            {
                                "type": "link",
                                "url": "https:\/\/bit.ly\/3n1aWib"
                            }
                        ]
                    }
                ]
            }
        ],
        "thread_ts": "1641383685.257000",
        "reply_count": 2,
        "reply_users_count": 2,
        "latest_reply": "1641518941.012900",
        "reply_users": [
            "U02JG3UEPQT",
            "U01P13NTGG6"
        ],
        "replies": [
            {
                "user": "U02JG3UEPQT",
                "ts": "1641384891.257200"
            },
            {
                "user": "U01P13NTGG6",
                "ts": "1641518941.012900"
            }
        ],
        "is_locked": false,
        "subscribed": false
    },
    {
        "client_msg_id": "2bac3c38-4aa2-477e-bdc5-bf7c702ce4eb",
        "type": "message",
        "text": "Not to rain on a parade, but I don't think automating customer support in an Agency is a good idea in the slightest. Clients want to speak to a human, to have a relationship, not get frustrated at gatekeepers in the form of chatbots.\n\nTo be fair, I do think it has it's place in a market like SAAS (especially at scale - think Slack).",
        "user": "U02JG3UEPQT",
        "ts": "1641384891.257200",
        "team": "TJE58GTJL",
        "user_team": "TJE58GTJL",
        "source_team": "TJE58GTJL",
        "user_profile": {
            "avatar_hash": "d5f482620ac5",
            "image_72": "https:\/\/avatars.slack-edge.com\/2021-10-26\/2673588420016_d5f482620ac5fc9486d2_72.jpg",
            "first_name": "Daniel",
            "real_name": "Daniel Cooper",
            "display_name": "Daniel Cooper",
            "team": "TJE58GTJL",
            "name": "daniel.cooper",
            "is_restricted": false,
            "is_ultra_restricted": false
        },
        "blocks": [
            {
                "type": "rich_text",
                "block_id": "EvhjM",
                "elements": [
                    {
                        "type": "rich_text_section",
                        "elements": [
                            {
                                "type": "text",
                                "text": "Not to rain on a parade, but I don't think automating customer support in an Agency is a good idea in the slightest. Clients want to speak to a human, to have a relationship, not get frustrated at gatekeepers in the form of chatbots.\n\nTo be fair, I do think it has it's place in a market like SAAS (especially at scale - think Slack)."
                            }
                        ]
                    }
                ]
            }
        ],
        "thread_ts": "1641383685.257000",
        "parent_user_id": "U02NGRJE9U7",
        "reactions": [
            {
                "name": "+1",
                "users": [
                    "U02NGRJE9U7",
                    "U024K88ECFN"
                ],
                "count": 2
            },
            {
                "name": "point_up_2",
                "users": [
                    "U01P13NTGG6"
                ],
                "count": 1
            }
        ]
    }
]