[
    {
        "type": "message",
        "subtype": "tombstone",
        "text": "This message was deleted.",
        "user": "USLACKBOT",
        "hidden": true,
        "ts": "1646058506.058939",
        "thread_ts": "1646058506.058939",
        "parent_user_id": "USLACKBOT",
        "reply_count": 1,
        "reply_users_count": 1,
        "latest_reply": "1646071094.581699",
        "reply_users": [
            "UJG9WTEKG"
        ],
        "replies": [
            {
                "user": "UJG9WTEKG",
                "ts": "1646071094.581699"
            }
        ],
        "is_locked": false,
        "subscribed": true,
        "last_read": "1646071094.581699"
    },
    {
        "client_msg_id": "30a69008-e5f8-4f2b-abbe-003c2d109cb5",
        "type": "message",
        "text": "<@U02LZH7MCRM> pls move to <#C012AUSC85C|promotion>",
        "user": "UJG9WTEKG",
        "ts": "1646071094.581699",
        "team": "TJE58GTJL",
        "user_team": "TJE58GTJL",
        "source_team": "TJE58GTJL",
        "user_profile": {
            "avatar_hash": "gc25b94e6ebf",
            "image_72": "https:\/\/secure.gravatar.com\/avatar\/eec25b94e6ebf55f0b7933372344cd09.jpg?s=72&d=https%3A%2F%2Fa.slack-edge.com%2Fdf10d%2Fimg%2Favatars%2Fava_0001-72.png",
            "first_name": "Jimmy",
            "real_name": "Jimmy Daly",
            "display_name": "",
            "team": "TJE58GTJL",
            "name": "runjimdaly",
            "is_restricted": false,
            "is_ultra_restricted": false
        },
        "blocks": [
            {
                "type": "rich_text",
                "block_id": "1p8yR",
                "elements": [
                    {
                        "type": "rich_text_section",
                        "elements": [
                            {
                                "type": "user",
                                "user_id": "U02LZH7MCRM"
                            },
                            {
                                "type": "text",
                                "text": " pls move to "
                            },
                            {
                                "type": "channel",
                                "channel_id": "C012AUSC85C"
                            }
                        ]
                    }
                ]
            }
        ],
        "thread_ts": "1646058506.058939",
        "parent_user_id": "USLACKBOT"
    },
    {
        "client_msg_id": "888a0378-0c36-440d-96fc-77d1216623cf",
        "type": "message",
        "text": "Hey all—just received an email with this list of Agency conferences this year in case anyone is interested, some seem pretty good: <https:\/\/sakasandcompany.com\/agency-conferences-2022\/>",
        "user": "U02AJEY8ACW",
        "ts": "1646088030.103619",
        "team": "TJE58GTJL",
        "user_team": "TJE58GTJL",
        "source_team": "TJE58GTJL",
        "user_profile": {
            "avatar_hash": "a3fa1c4342fb",
            "image_72": "https:\/\/avatars.slack-edge.com\/2021-08-11\/2393938925632_a3fa1c4342fb8d904897_72.jpg",
            "first_name": "Maeva",
            "real_name": "Maeva Cifuentes",
            "display_name": "Maeva",
            "team": "TJE58GTJL",
            "name": "maeva",
            "is_restricted": false,
            "is_ultra_restricted": false
        },
        "attachments": [
            {
                "from_url": "https:\/\/sakasandcompany.com\/agency-conferences-2022\/",
                "ts": 1635307319,
                "image_url": "https:\/\/sakasandcompany.com\/wp-content\/uploads\/top-agency-conferences-roundup-audience-sound-board.jpg",
                "image_width": 445,
                "image_height": 250,
                "image_bytes": 123646,
                "service_icon": "https:\/\/sakasandcompany.com\/wp-content\/uploads\/2017\/03\/favicon.ico",
                "id": 1,
                "original_url": "https:\/\/sakasandcompany.com\/agency-conferences-2022\/",
                "fallback": "Sakas &amp; Company .: Agency conferences in 2022: Top 15+ events for digital agencies",
                "text": "Trying to decide what to attend as an agency leader? Here are 15+ digital agency conferences to consider in 2022. (Updated: February 2022)",
                "title": "Agency conferences in 2022: Top 15+ events for digital agencies",
                "title_link": "https:\/\/sakasandcompany.com\/agency-conferences-2022\/",
                "service_name": "Sakas &amp; Company .",
                "fields": [
                    {
                        "value": "Karl Sakas",
                        "title": "Written by",
                        "short": true
                    },
                    {
                        "value": "10 minutes",
                        "title": "Est. reading time",
                        "short": true
                    }
                ]
            }
        ],
        "blocks": [
            {
                "type": "rich_text",
                "block_id": "V+C07",
                "elements": [
                    {
                        "type": "rich_text_section",
                        "elements": [
                            {
                                "type": "text",
                                "text": "Hey all—just received an email with this list of Agency conferences this year in case anyone is interested, some seem pretty good: "
                            },
                            {
                                "type": "link",
                                "url": "https:\/\/sakasandcompany.com\/agency-conferences-2022\/"
                            }
                        ]
                    }
                ]
            }
        ],
        "reactions": [
            {
                "name": "raised_hands",
                "users": [
                    "U02UXNLQKPD",
                    "U022NPE6USW"
                ],
                "count": 2
            }
        ]
    }
]