[
    {
        "client_msg_id": "d6a7b810-3238-4087-be41-ff5273363216",
        "type": "message",
        "text": "Would appreciate any insight into issues related to a US-based agency hiring freelancers from other countries. Specifically:\n• Are there legal or other reporting issues I need to be concerned with? \n• How do you pay? \nThanks!",
        "user": "U02EA5937MM",
        "ts": "1642543404.022700",
        "team": "TJE58GTJL",
        "user_team": "TJE58GTJL",
        "source_team": "TJE58GTJL",
        "user_profile": {
            "avatar_hash": "6d7691804435",
            "image_72": "https:\/\/avatars.slack-edge.com\/2021-09-16\/2498080127413_6d7691804435af842eab_72.jpg",
            "first_name": "Lauren",
            "real_name": "Lauren Dietlin (she\/her)",
            "display_name": "Lauren Dietlin",
            "team": "TJE58GTJL",
            "name": "lauren780",
            "is_restricted": false,
            "is_ultra_restricted": false
        },
        "edited": {
            "user": "U02EA5937MM",
            "ts": "1642543967.000000"
        },
        "blocks": [
            {
                "type": "rich_text",
                "block_id": "AAAUt",
                "elements": [
                    {
                        "type": "rich_text_section",
                        "elements": [
                            {
                                "type": "text",
                                "text": "Would appreciate any insight into issues related to a US-based agency hiring freelancers from other countries. Specifically:\n"
                            }
                        ]
                    },
                    {
                        "type": "rich_text_list",
                        "elements": [
                            {
                                "type": "rich_text_section",
                                "elements": [
                                    {
                                        "type": "text",
                                        "text": "Are there legal or other reporting issues I need to be concerned with? "
                                    }
                                ]
                            },
                            {
                                "type": "rich_text_section",
                                "elements": [
                                    {
                                        "type": "text",
                                        "text": "How do you pay? "
                                    }
                                ]
                            }
                        ],
                        "style": "bullet",
                        "indent": 0,
                        "border": 0
                    },
                    {
                        "type": "rich_text_section",
                        "elements": [
                            {
                                "type": "text",
                                "text": "Thanks!"
                            }
                        ]
                    }
                ]
            }
        ],
        "thread_ts": "1642543404.022700",
        "reply_count": 6,
        "reply_users_count": 5,
        "latest_reply": "1642792239.046600",
        "reply_users": [
            "U01P13NTGG6",
            "U011QQDDSJV",
            "U02EA5937MM",
            "U02UXNLQKPD",
            "U02CD08B7CP"
        ],
        "replies": [
            {
                "user": "U01P13NTGG6",
                "ts": "1642556606.024500"
            },
            {
                "user": "U011QQDDSJV",
                "ts": "1642615997.025100"
            },
            {
                "user": "U02EA5937MM",
                "ts": "1642687863.037900"
            },
            {
                "user": "U02UXNLQKPD",
                "ts": "1642712624.042600"
            },
            {
                "user": "U02EA5937MM",
                "ts": "1642714382.043000"
            },
            {
                "user": "U02CD08B7CP",
                "ts": "1642792239.046600"
            }
        ],
        "is_locked": false,
        "subscribed": false
    },
    {
        "client_msg_id": "610F1A38-66B7-4C33-B2DF-CCFF8CC9F31B",
        "type": "message",
        "text": "No legal issues generally so long as they’re 1099.\n\nStill working on a good payment solution outside of Upwork. Wise is hit or miss with certain countries so half the time we just handle wiring via our bank directly. ",
        "user": "U01P13NTGG6",
        "ts": "1642556606.024500",
        "team": "TJE58GTJL",
        "user_team": "TJE58GTJL",
        "source_team": "TJE58GTJL",
        "user_profile": {
            "avatar_hash": "1625b1f12011",
            "image_72": "https:\/\/avatars.slack-edge.com\/2021-02-24\/1775273585607_1625b1f12011f553efc5_72.png",
            "first_name": "Skyler",
            "real_name": "Skyler Reeves",
            "display_name": "Skyler Reeves",
            "team": "TJE58GTJL",
            "name": "skyler",
            "is_restricted": false,
            "is_ultra_restricted": false
        },
        "blocks": [
            {
                "type": "rich_text",
                "block_id": "\/GgV",
                "elements": [
                    {
                        "type": "rich_text_section",
                        "elements": [
                            {
                                "type": "text",
                                "text": "No legal issues generally so long as they’re 1099.\n\nStill working on a good payment solution outside of Upwork. Wise is hit or miss with certain countries so half the time we just handle wiring via our bank directly. "
                            }
                        ]
                    }
                ]
            }
        ],
        "thread_ts": "1642543404.022700",
        "parent_user_id": "U02EA5937MM"
    },
    {
        "client_msg_id": "5426dd13-d2fa-428f-b70f-9df928e466dc",
        "type": "message",
        "text": "omg... will have a look, thanks <@U02CD08B7CP>",
        "user": "U02U3RA2257",
        "ts": "1642569996.024800",
        "team": "TJE58GTJL",
        "user_team": "TJE58GTJL",
        "source_team": "TJE58GTJL",
        "user_profile": {
            "avatar_hash": "8b6c995bcc6c",
            "image_72": "https:\/\/avatars.slack-edge.com\/2022-01-14\/2966374876833_8b6c995bcc6c3a32f2dc_72.jpg",
            "first_name": "Valia",
            "real_name": "Valia Klym",
            "display_name": "Valia Klym",
            "team": "TJE58GTJL",
            "name": "valia",
            "is_restricted": false,
            "is_ultra_restricted": false
        },
        "blocks": [
            {
                "type": "rich_text",
                "block_id": "8snIK",
                "elements": [
                    {
                        "type": "rich_text_section",
                        "elements": [
                            {
                                "type": "text",
                                "text": "omg... will have a look, thanks "
                            },
                            {
                                "type": "user",
                                "user_id": "U02CD08B7CP"
                            }
                        ]
                    }
                ]
            }
        ],
        "thread_ts": "1642426768.014600",
        "parent_user_id": "U02U3RA2257",
        "reactions": [
            {
                "name": "+1",
                "users": [
                    "U02CD08B7CP"
                ],
                "count": 1
            }
        ]
    }
]