[
    {
        "client_msg_id": "e0327fde-e5de-4be4-954c-989174e9ec27",
        "type": "message",
        "text": "Hi Rasa, thanks for this! I’m sharing this on Facebook, is that ok? My circles are in this area and I thought there might be some syncs. If there’s any problem with this let me know and I’ll remove the post",
        "user": "U01K04GSZ5E",
        "ts": "1646814138.787459",
        "team": "TJE58GTJL",
        "user_team": "TJE58GTJL",
        "source_team": "TJE58GTJL",
        "user_profile": {
            "avatar_hash": "744a3fd4cb7f",
            "image_72": "https:\/\/avatars.slack-edge.com\/2021-01-08\/1615577929606_744a3fd4cb7f9f9c6963_72.jpg",
            "first_name": "",
            "real_name": "Anca",
            "display_name": "Anca",
            "team": "TJE58GTJL",
            "name": "anca",
            "is_restricted": false,
            "is_ultra_restricted": false
        },
        "blocks": [
            {
                "type": "rich_text",
                "block_id": "TPqL",
                "elements": [
                    {
                        "type": "rich_text_section",
                        "elements": [
                            {
                                "type": "text",
                                "text": "Hi Rasa, thanks for this! I’m sharing this on Facebook, is that ok? My circles are in this area and I thought there might be some syncs. If there’s any problem with this let me know and I’ll remove the post"
                            }
                        ]
                    }
                ]
            }
        ],
        "thread_ts": "1646639361.525159",
        "parent_user_id": "U02FYFXCMPZ"
    },
    {
        "client_msg_id": "b68615a6-0d78-40d6-9c87-d43b574ebd75",
        "type": "message",
        "text": "Good morning! Do you have an employee in New York, with your business based in another state? I am hoping someone might help me with a specific question related to New York’s disability\/PFL law. I am getting three different answers from my insurance broker, the NY Workers Comp Board and my payroll company. If you think you might have any knowledge on this front, please let me know!",
        "user": "U02EA5937MM",
        "ts": "1646836999.587629",
        "team": "TJE58GTJL",
        "user_team": "TJE58GTJL",
        "source_team": "TJE58GTJL",
        "user_profile": {
            "avatar_hash": "6d7691804435",
            "image_72": "https:\/\/avatars.slack-edge.com\/2021-09-16\/2498080127413_6d7691804435af842eab_72.jpg",
            "first_name": "Lauren",
            "real_name": "Lauren Dietlin (she\/her)",
            "display_name": "Lauren Dietlin",
            "team": "TJE58GTJL",
            "name": "lauren780",
            "is_restricted": false,
            "is_ultra_restricted": false
        },
        "blocks": [
            {
                "type": "rich_text",
                "block_id": "Q1of\/",
                "elements": [
                    {
                        "type": "rich_text_section",
                        "elements": [
                            {
                                "type": "text",
                                "text": "Good morning! Do you have an employee in New York, with your business based in another state? I am hoping someone might help me with a specific question related to New York’s disability\/PFL law. I am getting three different answers from my insurance broker, the NY Workers Comp Board and my payroll company. If you think you might have any knowledge on this front, please let me know!"
                            }
                        ]
                    }
                ]
            }
        ],
        "reactions": [
            {
                "name": "+1",
                "users": [
                    "U01NJ39M36K"
                ],
                "count": 1
            }
        ]
    }
]