[
    {
        "client_msg_id": "28948e3d-7043-495e-b387-29a30eaa4954",
        "type": "message",
        "text": "Anyone interested in joining a Slack community oriented around exchanging referrals and\/ or driving referrals for commission? It's literally called marketing agency network so the range of services and models is pretty broad ranging from SEO, SEM, paid social, CRO and the list goes. DM me if you want to check it out :slightly_smiling_face:",
        "user": "U0322M1980L",
        "ts": "1646925214.597839",
        "team": "TJE58GTJL",
        "user_team": "TJE58GTJL",
        "source_team": "TJE58GTJL",
        "user_profile": {
            "avatar_hash": "7faded76ce8b",
            "image_72": "https:\/\/avatars.slack-edge.com\/2022-03-10\/3223209235556_7faded76ce8bb2eb66b0_72.jpg",
            "first_name": "brett",
            "real_name": "brett greenbaum",
            "display_name": "brett greenbaum",
            "team": "TJE58GTJL",
            "name": "brettgreenbaum",
            "is_restricted": false,
            "is_ultra_restricted": false
        },
        "blocks": [
            {
                "type": "rich_text",
                "block_id": "czrf",
                "elements": [
                    {
                        "type": "rich_text_section",
                        "elements": [
                            {
                                "type": "text",
                                "text": "Anyone interested in joining a Slack community oriented around exchanging referrals and\/ or driving referrals for commission? It's literally called marketing agency network so the range of services and models is pretty broad ranging from SEO, SEM, paid social, CRO and the list goes. DM me if you want to check it out "
                            },
                            {
                                "type": "emoji",
                                "name": "slightly_smiling_face"
                            }
                        ]
                    }
                ]
            }
        ],
        "thread_ts": "1646925214.597839",
        "reply_count": 5,
        "reply_users_count": 5,
        "latest_reply": "1647020304.090719",
        "reply_users": [
            "U02U3RDQKHP",
            "U0320CENNGK",
            "U02HVLKQMRA",
            "U031XEEJS3X",
            "U01L6NE17PA"
        ],
        "replies": [
            {
                "user": "U02U3RDQKHP",
                "ts": "1646925306.848659"
            },
            {
                "user": "U0320CENNGK",
                "ts": "1646929634.791159"
            },
            {
                "user": "U02HVLKQMRA",
                "ts": "1646989791.520729"
            },
            {
                "user": "U031XEEJS3X",
                "ts": "1646992310.837429"
            },
            {
                "user": "U01L6NE17PA",
                "ts": "1647020304.090719"
            }
        ],
        "is_locked": false,
        "subscribed": false,
        "reactions": [
            {
                "name": "eyes",
                "users": [
                    "U02U3RDQKHP"
                ],
                "count": 1
            },
            {
                "name": "raised_hands",
                "users": [
                    "U036MAP75BN",
                    "U02GA7499BP"
                ],
                "count": 2
            },
            {
                "name": "raised_hands::skin-tone-3",
                "users": [
                    "U02HVLKQMRA"
                ],
                "count": 1
            }
        ]
    },
    {
        "client_msg_id": "25037741-859e-4997-90f3-df94d59feba0",
        "type": "message",
        "text": "Hey <@U0322M1980L> I would love to be a part of the community",
        "user": "U02U3RDQKHP",
        "ts": "1646925306.848659",
        "team": "TJE58GTJL",
        "user_team": "TJE58GTJL",
        "source_team": "TJE58GTJL",
        "user_profile": {
            "avatar_hash": "c4b54647fa38",
            "image_72": "https:\/\/avatars.slack-edge.com\/2022-01-31\/3029579600245_c4b54647fa384f5f7419_72.jpg",
            "first_name": "Sharan",
            "real_name": "Sharan Phillora",
            "display_name": "Sharan Phillora",
            "team": "TJE58GTJL",
            "name": "sharanphillora",
            "is_restricted": false,
            "is_ultra_restricted": false
        },
        "blocks": [
            {
                "type": "rich_text",
                "block_id": "FqRB",
                "elements": [
                    {
                        "type": "rich_text_section",
                        "elements": [
                            {
                                "type": "text",
                                "text": "Hey "
                            },
                            {
                                "type": "user",
                                "user_id": "U0322M1980L"
                            },
                            {
                                "type": "text",
                                "text": " I would love to be a part of the community"
                            }
                        ]
                    }
                ]
            }
        ],
        "thread_ts": "1646925214.597839",
        "parent_user_id": "U0322M1980L"
    },
    {
        "client_msg_id": "c8a1ab50-fe25-4a27-8976-7eeb4840b78d",
        "type": "message",
        "text": "<@U0322M1980L>, would love to learn more. Thanks for sharing",
        "user": "U0320CENNGK",
        "ts": "1646929634.791159",
        "team": "TJE58GTJL",
        "user_team": "TJE58GTJL",
        "source_team": "TJE58GTJL",
        "user_profile": {
            "avatar_hash": "5bece02b7e44",
            "image_72": "https:\/\/avatars.slack-edge.com\/2022-02-08\/3085044228433_5bece02b7e44f02efd5e_72.jpg",
            "first_name": "Odelia",
            "real_name": "Odelia",
            "display_name": "Odelia",
            "team": "TJE58GTJL",
            "name": "girlsetfree",
            "is_restricted": false,
            "is_ultra_restricted": false
        },
        "blocks": [
            {
                "type": "rich_text",
                "block_id": "Dyd",
                "elements": [
                    {
                        "type": "rich_text_section",
                        "elements": [
                            {
                                "type": "user",
                                "user_id": "U0322M1980L"
                            },
                            {
                                "type": "text",
                                "text": ", would love to learn more. Thanks for sharing"
                            }
                        ]
                    }
                ]
            }
        ],
        "thread_ts": "1646925214.597839",
        "parent_user_id": "U0322M1980L"
    },
    {
        "client_msg_id": "FD08A069-4089-4C71-9A26-FF92B9D9C9E5",
        "type": "message",
        "text": "Hi <@U029Q3MDE6A>, there are a variety of database tools in the market as per regions you are targeting just to name a few Lusha, Lead411, <http:\/\/seamless.ai|seamless.ai>, slintel, cognism, Apollo, salesintel etc. \n\nBut there are _*NO perfect tools*_ that have 100% data accuracy as far as I know. I've tested and worked with many tools. They'll provide you with a maximum of 68-75% accuracy. \n\nFor getting 90-95% accuracy what you can do is create an Inhouse Data team that can manually scrap all the Data of your target audience from these tools &amp; then verify the data by the human validation team where they'll remove, update Bad leads like dead contacts, wrong phone numbers, wrong emails. Hope that helps! ",
        "user": "U036MAP75BN",
        "ts": "1646981772.604549",
        "team": "TJE58GTJL",
        "user_team": "TJE58GTJL",
        "source_team": "TJE58GTJL",
        "user_profile": {
            "avatar_hash": "acad6c096845",
            "image_72": "https:\/\/avatars.slack-edge.com\/2022-03-11\/3225033986659_acad6c096845b99d94aa_72.png",
            "first_name": "Santosh",
            "real_name": "Santosh Patil",
            "display_name": "Santosh",
            "team": "TJE58GTJL",
            "name": "ssantoshpatil94",
            "is_restricted": false,
            "is_ultra_restricted": false
        },
        "blocks": [
            {
                "type": "rich_text",
                "block_id": "5LAO",
                "elements": [
                    {
                        "type": "rich_text_section",
                        "elements": [
                            {
                                "type": "text",
                                "text": "Hi "
                            },
                            {
                                "type": "user",
                                "user_id": "U029Q3MDE6A"
                            },
                            {
                                "type": "text",
                                "text": ", there are a variety of database tools in the market as per regions you are targeting just to name a few Lusha, Lead411, seamless.ai, slintel, cognism, Apollo, salesintel etc. \n"
                            },
                            {
                                "type": "text",
                                "text": "\n"
                            },
                            {
                                "type": "text",
                                "text": "But there are "
                            },
                            {
                                "type": "text",
                                "text": "NO perfect tools",
                                "style": {
                                    "bold": true,
                                    "italic": true
                                }
                            },
                            {
                                "type": "text",
                                "text": " that have 100% data accuracy as far as I know. I've tested and worked with many tools. They'll provide you with a maximum of 68-75% accuracy. \n"
                            },
                            {
                                "type": "text",
                                "text": "\n"
                            },
                            {
                                "type": "text",
                                "text": "For getting 90-95% accuracy what you can do is create an Inhouse Data team that can manually scrap all the Data of your target audience from these tools & then verify the data by the human validation team where they'll remove, update Bad leads like dead contacts, wrong phone numbers, wrong emails. Hope that helps! "
                            }
                        ]
                    }
                ]
            }
        ],
        "thread_ts": "1645787019.913329",
        "parent_user_id": "U029Q3MDE6A"
    },
    {
        "client_msg_id": "6D1AD43B-8B01-4F8C-B666-D7CB08727D03",
        "type": "message",
        "text": "And, if you‘re not looking for costly tools and looking for a human data verification vendor who can manually check each contact to make sure you're getting accurate data. I know someone who can help check your DM. ",
        "user": "U036MAP75BN",
        "ts": "1646981822.161459",
        "team": "TJE58GTJL",
        "user_team": "TJE58GTJL",
        "source_team": "TJE58GTJL",
        "user_profile": {
            "avatar_hash": "acad6c096845",
            "image_72": "https:\/\/avatars.slack-edge.com\/2022-03-11\/3225033986659_acad6c096845b99d94aa_72.png",
            "first_name": "Santosh",
            "real_name": "Santosh Patil",
            "display_name": "Santosh",
            "team": "TJE58GTJL",
            "name": "ssantoshpatil94",
            "is_restricted": false,
            "is_ultra_restricted": false
        },
        "blocks": [
            {
                "type": "rich_text",
                "block_id": "L\/w",
                "elements": [
                    {
                        "type": "rich_text_section",
                        "elements": [
                            {
                                "type": "text",
                                "text": "And, if you‘re not looking for costly tools and looking for a human data verification vendor who can manually check each contact to make sure you're getting accurate data. I know someone who can help check your DM. "
                            }
                        ]
                    }
                ]
            }
        ],
        "thread_ts": "1645787019.913329",
        "parent_user_id": "U029Q3MDE6A"
    }
]