[
    {
        "client_msg_id": "8054ef4d-29b0-4e0b-a1e2-c19baf967fc1",
        "type": "message",
        "text": "Hello everyone, does anyone have here work at Business Insider or knows anyone who does (freelance writer or editor).\n\nI'd appreciate it if anyone helps out with this",
        "user": "U02Q8U5T7TP",
        "ts": "1645096183.261469",
        "team": "TJE58GTJL",
        "user_team": "TJE58GTJL",
        "source_team": "TJE58GTJL",
        "user_profile": {
            "avatar_hash": "6ac00fe7f7de",
            "image_72": "https:\/\/avatars.slack-edge.com\/2022-04-15\/3395185200147_6ac00fe7f7de679b0f41_72.jpg",
            "first_name": "Johelski",
            "real_name": "Johelski",
            "display_name": "johelski",
            "team": "TJE58GTJL",
            "name": "ajayijohel",
            "is_restricted": false,
            "is_ultra_restricted": false
        },
        "blocks": [
            {
                "type": "rich_text",
                "block_id": "zGomG",
                "elements": [
                    {
                        "type": "rich_text_section",
                        "elements": [
                            {
                                "type": "text",
                                "text": "Hello everyone, does anyone have here work at Business Insider or knows anyone who does (freelance writer or editor).\n\nI'd appreciate it if anyone helps out with this"
                            }
                        ]
                    }
                ]
            }
        ]
    },
    {
        "client_msg_id": "3a120971-71cd-4b90-aacb-bd62a5a324c3",
        "type": "message",
        "text": "<@U01DEA6F7CH> Yes! We do these as well a few times a year. They are so much fun!",
        "user": "U026E1TJ06S",
        "ts": "1645120923.796879",
        "team": "TJE58GTJL",
        "user_team": "TJE58GTJL",
        "source_team": "TJE58GTJL",
        "user_profile": {
            "avatar_hash": "c5776d25e2d8",
            "image_72": "https:\/\/avatars.slack-edge.com\/2021-06-30\/2233729002644_c5776d25e2d8664b03d0_72.jpg",
            "first_name": "Cherise",
            "real_name": "Cherise Letson",
            "display_name": "Cherise",
            "team": "TJE58GTJL",
            "name": "cheriseletson",
            "is_restricted": false,
            "is_ultra_restricted": false
        },
        "blocks": [
            {
                "type": "rich_text",
                "block_id": "CnF",
                "elements": [
                    {
                        "type": "rich_text_section",
                        "elements": [
                            {
                                "type": "user",
                                "user_id": "U01DEA6F7CH"
                            },
                            {
                                "type": "text",
                                "text": " Yes! We do these as well a few times a year. They are so much fun!"
                            }
                        ]
                    }
                ]
            }
        ],
        "thread_ts": "1641921441.023900",
        "parent_user_id": "U026E1TJ06S"
    },
    {
        "client_msg_id": "1540883c-fba5-4d93-a97f-78b6529f3a2a",
        "type": "message",
        "text": "We don't charge a setup fee - like others have mentioned, we typically sell a strategy project (like marketing software implementation) and then determine from there if we have monthly deliverables that come out of that (blog posts, social media posts, website support, etc)",
        "user": "UJ934FU3B",
        "ts": "1645120940.379059",
        "team": "TJE58GTJL",
        "user_team": "TJE58GTJL",
        "source_team": "TJE58GTJL",
        "user_profile": {
            "avatar_hash": "gc685e3dd12c",
            "image_72": "https:\/\/secure.gravatar.com\/avatar\/e9c685e3dd12cba4d8011ab209dabd3d.jpg?s=72&d=https%3A%2F%2Fa.slack-edge.com%2Fdf10d%2Fimg%2Favatars%2Fava_0003-72.png",
            "first_name": "Adam",
            "real_name": "Adam Bockler",
            "display_name": "Adam Bockler",
            "team": "TJE58GTJL",
            "name": "adam",
            "is_restricted": false,
            "is_ultra_restricted": false
        },
        "blocks": [
            {
                "type": "rich_text",
                "block_id": "=\/faT",
                "elements": [
                    {
                        "type": "rich_text_section",
                        "elements": [
                            {
                                "type": "text",
                                "text": "We don't charge a setup fee - like others have mentioned, we typically sell a strategy project (like marketing software implementation) and then determine from there if we have monthly deliverables that come out of that (blog posts, social media posts, website support, etc)"
                            }
                        ]
                    }
                ]
            }
        ],
        "thread_ts": "1644707201.166269",
        "parent_user_id": "U01NM31CTFU",
        "reactions": [
            {
                "name": "raised_hands::skin-tone-2",
                "users": [
                    "U024K88ECFN"
                ],
                "count": 1
            }
        ]
    },
    {
        "client_msg_id": "73C5C8E3-722E-4805-BBC2-A5E18E2FE07E",
        "type": "message",
        "text": " Makes total sense <@UJ934FU3B> - I’m starting to see the light :joy:",
        "user": "U01NM31CTFU",
        "ts": "1645132422.595719",
        "team": "TJE58GTJL",
        "user_team": "TJE58GTJL",
        "source_team": "TJE58GTJL",
        "user_profile": {
            "avatar_hash": "788aae3c46d1",
            "image_72": "https:\/\/avatars.slack-edge.com\/2021-05-28\/2122915523844_788aae3c46d19c1058da_72.jpg",
            "first_name": "Maddy",
            "real_name": "Maddy Osman",
            "display_name": "Maddy Osman",
            "team": "TJE58GTJL",
            "name": "maddy527",
            "is_restricted": false,
            "is_ultra_restricted": false
        },
        "blocks": [
            {
                "type": "rich_text",
                "block_id": "bNAP",
                "elements": [
                    {
                        "type": "rich_text_section",
                        "elements": [
                            {
                                "type": "text",
                                "text": " Makes total sense "
                            },
                            {
                                "type": "user",
                                "user_id": "UJ934FU3B"
                            },
                            {
                                "type": "text",
                                "text": " - I’m starting to see the light "
                            },
                            {
                                "type": "emoji",
                                "name": "joy"
                            }
                        ]
                    }
                ]
            }
        ],
        "thread_ts": "1644707201.166269",
        "parent_user_id": "U01NM31CTFU",
        "reactions": [
            {
                "name": "bulb",
                "users": [
                    "UJ934FU3B"
                ],
                "count": 1
            }
        ]
    },
    {
        "client_msg_id": "29A3184F-2D01-46B8-812D-5A0281D2B1E1",
        "type": "message",
        "text": "Has anyone had success building an agency by outsourcing production\/ops? I've been a “thought leader”\/writer in my niche and brands now want to hire me and my agency to produce credible content for them. But we've had a really hard time delivering well unless I'm doing every bit of it, and that's a bad idea. I'm terrible at project management and writing is a total grind for me. Takes me forever. Any recommendations for agencies or services that take over production elements? I have a message in to Verblio but don't know of alternatives. Thanks in advance.",
        "user": "U02PFKMM6SV",
        "ts": "1645137279.095549",
        "team": "TJE58GTJL",
        "user_team": "TJE58GTJL",
        "source_team": "TJE58GTJL",
        "user_profile": {
            "avatar_hash": "9337ca7d81e5",
            "image_72": "https:\/\/avatars.slack-edge.com\/2021-11-30\/2785065148722_9337ca7d81e511ae6d53_72.png",
            "first_name": "Mike",
            "real_name": "Mike Whelan",
            "display_name": "MikeWhelanJr",
            "team": "TJE58GTJL",
            "name": "mike918",
            "is_restricted": false,
            "is_ultra_restricted": false
        },
        "blocks": [
            {
                "type": "rich_text",
                "block_id": "0\/7g",
                "elements": [
                    {
                        "type": "rich_text_section",
                        "elements": [
                            {
                                "type": "text",
                                "text": "Has anyone had success building an agency by outsourcing production\/ops? I've been a “thought leader”\/writer in my niche and brands now want to hire me and my agency to produce credible content for them. But we've had a really hard time delivering well unless I'm doing every bit of it, and that's a bad idea. I'm terrible at project management and writing is a total grind for me. Takes me forever. Any recommendations for agencies or services that take over production elements? I have a message in to Verblio but don't know of alternatives. Thanks in advance."
                            }
                        ]
                    }
                ]
            }
        ],
        "thread_ts": "1645137279.095549",
        "reply_count": 3,
        "reply_users_count": 3,
        "latest_reply": "1645303509.589669",
        "reply_users": [
            "U024K88ECFN",
            "U02PFKMM6SV",
            "U032ZSUCR71"
        ],
        "replies": [
            {
                "user": "U024K88ECFN",
                "ts": "1645138567.195709"
            },
            {
                "user": "U02PFKMM6SV",
                "ts": "1645139310.058989"
            },
            {
                "user": "U032ZSUCR71",
                "ts": "1645303509.589669"
            }
        ],
        "is_locked": false,
        "subscribed": false
    },
    {
        "client_msg_id": "D5D70FCE-7B46-4B4C-91C0-8911AA8229D2",
        "type": "message",
        "text": "That's our jam, depending on the topic area. Would love to chat!",
        "user": "U024K88ECFN",
        "ts": "1645138567.195709",
        "team": "TJE58GTJL",
        "user_team": "TJE58GTJL",
        "source_team": "TJE58GTJL",
        "user_profile": {
            "avatar_hash": "00c4a04080e3",
            "image_72": "https:\/\/avatars.slack-edge.com\/2022-03-23\/3286590119379_00c4a04080e367a58cfc_72.png",
            "first_name": "Rebekah",
            "real_name": "Rebekah Edwards",
            "display_name": "Rebekah Edwards",
            "team": "TJE58GTJL",
            "name": "rebekah473",
            "is_restricted": false,
            "is_ultra_restricted": false
        },
        "blocks": [
            {
                "type": "rich_text",
                "block_id": "=frZ2",
                "elements": [
                    {
                        "type": "rich_text_section",
                        "elements": [
                            {
                                "type": "text",
                                "text": "That's our jam, depending on the topic area. Would love to chat!"
                            }
                        ]
                    }
                ]
            }
        ],
        "thread_ts": "1645137279.095549",
        "parent_user_id": "U02PFKMM6SV"
    },
    {
        "client_msg_id": "71EA74BB-AE37-41F5-908F-64D5705317F9",
        "type": "message",
        "text": "Happy to. I'll shoot you a message.",
        "user": "U02PFKMM6SV",
        "ts": "1645139310.058989",
        "team": "TJE58GTJL",
        "user_team": "TJE58GTJL",
        "source_team": "TJE58GTJL",
        "user_profile": {
            "avatar_hash": "9337ca7d81e5",
            "image_72": "https:\/\/avatars.slack-edge.com\/2021-11-30\/2785065148722_9337ca7d81e511ae6d53_72.png",
            "first_name": "Mike",
            "real_name": "Mike Whelan",
            "display_name": "MikeWhelanJr",
            "team": "TJE58GTJL",
            "name": "mike918",
            "is_restricted": false,
            "is_ultra_restricted": false
        },
        "blocks": [
            {
                "type": "rich_text",
                "block_id": "xRYQ",
                "elements": [
                    {
                        "type": "rich_text_section",
                        "elements": [
                            {
                                "type": "text",
                                "text": "Happy to. I'll shoot you a message."
                            }
                        ]
                    }
                ]
            }
        ],
        "thread_ts": "1645137279.095549",
        "parent_user_id": "U02PFKMM6SV"
    }
]