[
    {
        "client_msg_id": "46f5fb45-8c43-432e-a1ad-b47dbbf80a16",
        "type": "message",
        "text": "We have non-US freelancers fill out a W-8BEN, which is the equivalent of a W-9 for foreign contractors. (Google the list of countries the US has a tax agreement with.)\n\n<https:\/\/www.irs.gov\/pub\/irs-pdf\/fw8ben.pdf>\n\nAs Skyler says, figuring out payment\/wiring is a tricky part. At least it can be a pain for our accounting folks. We use <http:\/\/Bill.com|Bill.com> but there’s some tweaks our accountant has to do when paying international.",
        "user": "U011QQDDSJV",
        "ts": "1642615997.025100",
        "team": "TJE58GTJL",
        "user_team": "TJE58GTJL",
        "source_team": "TJE58GTJL",
        "user_profile": {
            "avatar_hash": "26f290c29155",
            "image_72": "https:\/\/avatars.slack-edge.com\/2020-04-08\/1046081228023_26f290c2915541368412_72.png",
            "first_name": "Nikolas",
            "real_name": "Nikolas Wright",
            "display_name": "Nik",
            "team": "TJE58GTJL",
            "name": "wright.nikolas",
            "is_restricted": false,
            "is_ultra_restricted": false
        },
        "edited": {
            "user": "U011QQDDSJV",
            "ts": "1642616117.000000"
        },
        "blocks": [
            {
                "type": "rich_text",
                "block_id": "wPUIJ",
                "elements": [
                    {
                        "type": "rich_text_section",
                        "elements": [
                            {
                                "type": "text",
                                "text": "We have non-US freelancers fill out a W-8BEN, which is the equivalent of a W-9 for foreign contractors. (Google the list of countries the US has a tax agreement with.)\n\n"
                            },
                            {
                                "type": "link",
                                "url": "https:\/\/www.irs.gov\/pub\/irs-pdf\/fw8ben.pdf"
                            },
                            {
                                "type": "text",
                                "text": "\n\nAs Skyler says, figuring out payment\/wiring is a tricky part. At least it can be a pain for our accounting folks. We use "
                            },
                            {
                                "type": "link",
                                "url": "http:\/\/Bill.com",
                                "text": "Bill.com"
                            },
                            {
                                "type": "text",
                                "text": " but there’s some tweaks our accountant has to do when paying international."
                            }
                        ]
                    }
                ]
            }
        ],
        "thread_ts": "1642543404.022700",
        "parent_user_id": "U02EA5937MM"
    }
]