[
    {
        "client_msg_id": "44ba069e-ee57-4224-ae00-605a24a41765",
        "type": "message",
        "text": "Hi there, I’m a Content Marketing Strategist and Content &amp; Brand Competence Lead at <http:\/\/www.advanceb2b.com|www.advanceb2b.com>, a growth marketing agency based in Helsinki.\n\nWe focus on providing growth marketing services for B2B SaaS companies and work with companies like Drift, Supermetrics, Wibbitz, and Salesforce.\n\nI’m here because we just developed a new competence lead role so I’m looking to learn how other agencies define different competencies (Content Specialists vs Strategists) and how you develop career paths at agencies (where to go after Strategist).\n\nAdditionally, we sometimes hire freelance writers\/content marketers who have experience w\/ B2B SaaS companies.",
        "user": "U02280S1Q8P",
        "ts": "1621839323.029800",
        "team": "TJE58GTJL",
        "user_team": "TJE58GTJL",
        "source_team": "TJE58GTJL",
        "user_profile": {
            "avatar_hash": "3f05acff412b",
            "image_72": "https:\/\/avatars.slack-edge.com\/2021-05-21\/2114610753520_3f05acff412bb3199fea_72.jpg",
            "first_name": "Audrey",
            "real_name": "Audrey Agahan",
            "display_name": "Audrey Agahan",
            "team": "TJE58GTJL",
            "name": "audrey",
            "is_restricted": false,
            "is_ultra_restricted": false
        },
        "edited": {
            "user": "U02280S1Q8P",
            "ts": "1621839350.000000"
        },
        "blocks": [
            {
                "type": "rich_text",
                "block_id": "Bmp",
                "elements": [
                    {
                        "type": "rich_text_section",
                        "elements": [
                            {
                                "type": "text",
                                "text": "Hi there, I’m a Content Marketing Strategist and Content & Brand Competence Lead at "
                            },
                            {
                                "type": "link",
                                "url": "http:\/\/www.advanceb2b.com",
                                "text": "www.advanceb2b.com"
                            },
                            {
                                "type": "text",
                                "text": ", a growth marketing agency based in Helsinki.\n\nWe focus on providing growth marketing services for B2B SaaS companies and work with companies like Drift, Supermetrics, Wibbitz, and Salesforce.\n\nI’m here because we just developed a new competence lead role so I’m looking to learn how other agencies define different competencies (Content Specialists vs Strategists) and how you develop career paths at agencies (where to go after Strategist).\n\nAdditionally, we sometimes hire freelance writers\/content marketers who have experience w\/ B2B SaaS companies."
                            }
                        ]
                    }
                ]
            }
        ],
        "thread_ts": "1621358466.003000",
        "parent_user_id": "U01T06G8NAC",
        "reactions": [
            {
                "name": "hearts",
                "users": [
                    "U024K88ECFN"
                ],
                "count": 1
            }
        ]
    }
]