[
    {
        "client_msg_id": "ae199d4b-4210-45ea-848a-c4e7347d5b82",
        "type": "message",
        "text": "Hey there! I'm Rebekah, and I co-founded <https:\/\/clara.agency|Clara>, an organic SEO agency, in early 2019.\n\nOur agency started out purely to create super high-quality content (particularly in the healthcare\/wellness spaces) and has more recently branched out into content strategy, technical SEO site audits, and some backlink building work.\n\nThe :bread: + :butter:  of our business is still content creation, and it's my favorite part! We've been growing rapidly this year and have become a team of 5 in-house folks plus 7 freelancers.\n\nLove connecting with other agency folks! I'm happy to be of help if ever you run into tricky SEO problems or just want to chat. :slightly_smiling_face:",
        "user": "U024K88ECFN",
        "ts": "1623422933.060500",
        "team": "TJE58GTJL",
        "user_team": "TJE58GTJL",
        "source_team": "TJE58GTJL",
        "user_profile": {
            "avatar_hash": "00c4a04080e3",
            "image_72": "https:\/\/avatars.slack-edge.com\/2022-03-23\/3286590119379_00c4a04080e367a58cfc_72.png",
            "first_name": "Rebekah",
            "real_name": "Rebekah Edwards",
            "display_name": "Rebekah Edwards",
            "team": "TJE58GTJL",
            "name": "rebekah473",
            "is_restricted": false,
            "is_ultra_restricted": false
        },
        "attachments": [
            {
                "text": "Clara is an organic SEO agency providing content creation and SEO management services to small- to medium-sized businesses.",
                "fallback": "Clara is an organic SEO agency providing content creation and SEO management services to small- to medium-sized businesses.",
                "thumb_url": "https:\/\/clara.agency\/wp-content\/uploads\/2021\/04\/clara-logo-new-tagline-medium.png",
                "from_url": "https:\/\/clara.agency\/",
                "thumb_width": 480,
                "thumb_height": 252,
                "service_name": "clara.agency",
                "id": 1,
                "original_url": "https:\/\/clara.agency"
            }
        ],
        "blocks": [
            {
                "type": "rich_text",
                "block_id": "oCW4",
                "elements": [
                    {
                        "type": "rich_text_section",
                        "elements": [
                            {
                                "type": "text",
                                "text": "Hey there! I'm Rebekah, and I co-founded "
                            },
                            {
                                "type": "link",
                                "url": "https:\/\/clara.agency",
                                "text": "Clara"
                            },
                            {
                                "type": "text",
                                "text": ", an organic SEO agency, in early 2019.\n\nOur agency started out purely to create super high-quality content (particularly in the healthcare\/wellness spaces) and has more recently branched out into content strategy, technical SEO site audits, and some backlink building work.\n\nThe "
                            },
                            {
                                "type": "emoji",
                                "name": "bread"
                            },
                            {
                                "type": "text",
                                "text": " + "
                            },
                            {
                                "type": "emoji",
                                "name": "butter"
                            },
                            {
                                "type": "text",
                                "text": "  of our business is still content creation, and it's my favorite part! We've been growing rapidly this year and have become a team of 5 in-house folks plus 7 freelancers.\n\nLove connecting with other agency folks! I'm happy to be of help if ever you run into tricky SEO problems or just want to chat. "
                            },
                            {
                                "type": "emoji",
                                "name": "slightly_smiling_face"
                            }
                        ]
                    }
                ]
            }
        ],
        "thread_ts": "1621358466.003000",
        "parent_user_id": "U01T06G8NAC"
    },
    {
        "client_msg_id": "f3fb89f0-8c4b-46f7-b95b-dc7ca69a21c8",
        "type": "message",
        "text": "<@U01P13NTGG6> Mind if I DM you re: content projects, per your message above?",
        "user": "U024K88ECFN",
        "ts": "1623422962.060800",
        "team": "TJE58GTJL",
        "user_team": "TJE58GTJL",
        "source_team": "TJE58GTJL",
        "user_profile": {
            "avatar_hash": "00c4a04080e3",
            "image_72": "https:\/\/avatars.slack-edge.com\/2022-03-23\/3286590119379_00c4a04080e367a58cfc_72.png",
            "first_name": "Rebekah",
            "real_name": "Rebekah Edwards",
            "display_name": "Rebekah Edwards",
            "team": "TJE58GTJL",
            "name": "rebekah473",
            "is_restricted": false,
            "is_ultra_restricted": false
        },
        "blocks": [
            {
                "type": "rich_text",
                "block_id": "SFN",
                "elements": [
                    {
                        "type": "rich_text_section",
                        "elements": [
                            {
                                "type": "user",
                                "user_id": "U01P13NTGG6"
                            },
                            {
                                "type": "text",
                                "text": " Mind if I DM you re: content projects, per your message above?"
                            }
                        ]
                    }
                ]
            }
        ],
        "thread_ts": "1621358466.003000",
        "parent_user_id": "U01T06G8NAC",
        "reactions": [
            {
                "name": "100",
                "users": [
                    "U01P13NTGG6"
                ],
                "count": 1
            }
        ]
    },
    {
        "client_msg_id": "d0871b8e-6aed-46d0-817c-eb59e18a2a33",
        "type": "message",
        "text": "Agency friends! I have an interesting question about the *mission* of an agency owner. My in-house senior editor\/head of people ops has tasked me with articulating my \"why\" for our agency. Honestly, it's a tough question because my original 2 \"whys\" were that I wanted to be my own boss and wanted to grow an agency to offer people an amazing job with actual work\/life balance and a ton of fun.\n\nObviously, that's not all that compelling.\n\nOver time, the other \"why\" that's helped me get pumped about my job in the morning is that SEO agencies have gotten a bad rep for being so untrustworthy... and I like being able to change that.\n\nSo, my question is (depending on your position):\nIf you're in charge, *what's your \"why\" for running an agency?* \nIf you work for, but don't run, an agency, *what is the \"why\" that makes your hard work worth it?*",
        "user": "U024K88ECFN",
        "ts": "1623423652.066100",
        "team": "TJE58GTJL",
        "user_team": "TJE58GTJL",
        "source_team": "TJE58GTJL",
        "user_profile": {
            "avatar_hash": "00c4a04080e3",
            "image_72": "https:\/\/avatars.slack-edge.com\/2022-03-23\/3286590119379_00c4a04080e367a58cfc_72.png",
            "first_name": "Rebekah",
            "real_name": "Rebekah Edwards",
            "display_name": "Rebekah Edwards",
            "team": "TJE58GTJL",
            "name": "rebekah473",
            "is_restricted": false,
            "is_ultra_restricted": false
        },
        "blocks": [
            {
                "type": "rich_text",
                "block_id": "cVgC",
                "elements": [
                    {
                        "type": "rich_text_section",
                        "elements": [
                            {
                                "type": "text",
                                "text": "Agency friends! I have an interesting question about the "
                            },
                            {
                                "type": "text",
                                "text": "mission ",
                                "style": {
                                    "bold": true
                                }
                            },
                            {
                                "type": "text",
                                "text": "of an agency owner. My in-house senior editor\/head of people ops has tasked me with articulating my \"why\" for our agency. Honestly, it's a tough question because my original 2 \"whys\" were that I wanted to be my own boss and wanted to grow an agency to offer people an amazing job with actual work\/life balance and a ton of fun.\n\nObviously, that's not all that compelling.\n\nOver time, the other \"why\" that's helped me get pumped about my job in the morning is that SEO agencies have gotten a bad rep for being so untrustworthy... and I like being able to change that.\n\nSo, my question is (depending on your position):\nIf you're in charge, "
                            },
                            {
                                "type": "text",
                                "text": "what's your \"why\" for running an agency? ",
                                "style": {
                                    "bold": true
                                }
                            },
                            {
                                "type": "text",
                                "text": "\nIf you work for, but don't run, an agency, "
                            },
                            {
                                "type": "text",
                                "text": "what is the \"why\" that makes your hard work worth it?",
                                "style": {
                                    "bold": true
                                }
                            }
                        ]
                    }
                ]
            }
        ],
        "thread_ts": "1623423652.066100",
        "reply_count": 2,
        "reply_users_count": 2,
        "latest_reply": "1624988467.088100",
        "reply_users": [
            "U01P13NTGG6",
            "U01NJ39M36K"
        ],
        "replies": [
            {
                "user": "U01P13NTGG6",
                "ts": "1623427913.066400"
            },
            {
                "user": "U01NJ39M36K",
                "ts": "1624988467.088100"
            }
        ],
        "is_locked": false,
        "subscribed": false
    },
    {
        "client_msg_id": "72f5896a-9640-44b1-90de-37e9170c3c08",
        "type": "message",
        "text": "Here’s ours. :blush:\n\n*Make the web a better place.*\nWe believe every time you publish a piece of content it should either be the best piece of content on the web for that topic or contribute something meaningful, new, insightful, or helpful to the conversation.\nIf it’s not, you need to rethink publishing it.\n\n*Develop a passion for learning and growth in everyone.*\nThe constant pursuit of growth is something we encourage. Whether in your profession, knowledge, health, relationships, or anything else—we believe you should strive to grow ardently.",
        "user": "U01P13NTGG6",
        "ts": "1623427913.066400",
        "team": "TJE58GTJL",
        "user_team": "TJE58GTJL",
        "source_team": "TJE58GTJL",
        "user_profile": {
            "avatar_hash": "1625b1f12011",
            "image_72": "https:\/\/avatars.slack-edge.com\/2021-02-24\/1775273585607_1625b1f12011f553efc5_72.png",
            "first_name": "Skyler",
            "real_name": "Skyler Reeves",
            "display_name": "Skyler Reeves",
            "team": "TJE58GTJL",
            "name": "skyler",
            "is_restricted": false,
            "is_ultra_restricted": false
        },
        "blocks": [
            {
                "type": "rich_text",
                "block_id": "8CEoO",
                "elements": [
                    {
                        "type": "rich_text_section",
                        "elements": [
                            {
                                "type": "text",
                                "text": "Here’s ours. "
                            },
                            {
                                "type": "emoji",
                                "name": "blush"
                            },
                            {
                                "type": "text",
                                "text": "\n\n"
                            },
                            {
                                "type": "text",
                                "text": "Make the web a better place.",
                                "style": {
                                    "bold": true
                                }
                            },
                            {
                                "type": "text",
                                "text": "\nWe believe every time you publish a piece of content it should either be the best piece of content on the web for that topic or contribute something meaningful, new, insightful, or helpful to the conversation.\nIf it’s not, you need to rethink publishing it.\n\n"
                            },
                            {
                                "type": "text",
                                "text": "Develop a passion for learning and growth in everyone.",
                                "style": {
                                    "bold": true
                                }
                            },
                            {
                                "type": "text",
                                "text": "\nThe constant pursuit of growth is something we encourage. Whether in your profession, knowledge, health, relationships, or anything else—we believe you should strive to grow ardently."
                            }
                        ]
                    }
                ]
            }
        ],
        "thread_ts": "1623423652.066100",
        "parent_user_id": "U024K88ECFN",
        "reactions": [
            {
                "name": "hearts",
                "users": [
                    "U024K88ECFN",
                    "U0232LQV0E8"
                ],
                "count": 2
            }
        ]
    }
]