[
    {
        "client_msg_id": "f8715820-d0f1-4cce-bfc8-424287cfe43e",
        "type": "message",
        "text": "Plz check out our technical content on software and hardware related tools\/platforms at <https:\/\/radiostud.io\/blog>",
        "user": "U025VFYU4AC",
        "ts": "1625150225.092700",
        "team": "TJE58GTJL",
        "user_team": "TJE58GTJL",
        "source_team": "TJE58GTJL",
        "user_profile": {
            "avatar_hash": "ce7297218859",
            "image_72": "https:\/\/avatars.slack-edge.com\/2021-06-15\/2188973467905_ce7297218859cc467129_72.jpg",
            "first_name": "",
            "real_name": "Shyam Purkayastha",
            "display_name": "Shyam Purkayastha",
            "team": "TJE58GTJL",
            "name": "shyam",
            "is_restricted": false,
            "is_ultra_restricted": false
        },
        "blocks": [
            {
                "type": "rich_text",
                "block_id": "lJQe",
                "elements": [
                    {
                        "type": "rich_text_section",
                        "elements": [
                            {
                                "type": "text",
                                "text": "Plz check out our technical content on software and hardware related tools\/platforms at "
                            },
                            {
                                "type": "link",
                                "url": "https:\/\/radiostud.io\/blog"
                            }
                        ]
                    }
                ]
            }
        ],
        "thread_ts": "1624912976.087300",
        "parent_user_id": "U02539G82R5",
        "reactions": [
            {
                "name": "+1",
                "users": [
                    "U02539G82R5"
                ],
                "count": 1
            }
        ]
    }
]