[
    {
        "client_msg_id": "50b3c02a-2300-4d0d-94b5-a0e66ea17969",
        "type": "message",
        "text": "Anyone here have any examples of agency websites targeting two or more distinct customer types and how they solved for that on their site?",
        "user": "ULKUFTFPW",
        "ts": "1623873010.070700",
        "team": "TJE58GTJL",
        "user_team": "TJE58GTJL",
        "source_team": "TJE58GTJL",
        "user_profile": {
            "avatar_hash": "05a6aa1af83c",
            "image_72": "https:\/\/avatars.slack-edge.com\/2021-03-10\/1851102748596_05a6aa1af83c15a830e7_72.jpg",
            "first_name": "David",
            "real_name": "David C Hoos",
            "display_name": "David Hoos",
            "team": "TJE58GTJL",
            "name": "david.c.hoos",
            "is_restricted": false,
            "is_ultra_restricted": false
        },
        "blocks": [
            {
                "type": "rich_text",
                "block_id": "5GUd",
                "elements": [
                    {
                        "type": "rich_text_section",
                        "elements": [
                            {
                                "type": "text",
                                "text": "Anyone here have any examples of agency websites targeting two or more distinct customer types and how they solved for that on their site?"
                            }
                        ]
                    }
                ]
            }
        ],
        "thread_ts": "1623873010.070700",
        "reply_count": 2,
        "reply_users_count": 2,
        "latest_reply": "1624459407.080200",
        "reply_users": [
            "U0227HT9YRF",
            "ULKUFTFPW"
        ],
        "replies": [
            {
                "user": "U0227HT9YRF",
                "ts": "1624429555.080000"
            },
            {
                "user": "ULKUFTFPW",
                "ts": "1624459407.080200"
            }
        ],
        "is_locked": false,
        "subscribed": false,
        "reactions": [
            {
                "name": "+1",
                "users": [
                    "U02333AMCUW"
                ],
                "count": 1
            }
        ]
    }
]