[
    {
        "client_msg_id": "91db55a5-b357-4f37-8ec6-afa55c03ea32",
        "type": "message",
        "text": "<https:\/\/www.jobportraits.com\/> does employer branding",
        "user": "UJG9WTEKG",
        "ts": "1625597724.096700",
        "team": "TJE58GTJL",
        "user_team": "TJE58GTJL",
        "source_team": "TJE58GTJL",
        "user_profile": {
            "avatar_hash": "gc25b94e6ebf",
            "image_72": "https:\/\/secure.gravatar.com\/avatar\/eec25b94e6ebf55f0b7933372344cd09.jpg?s=72&d=https%3A%2F%2Fa.slack-edge.com%2Fdf10d%2Fimg%2Favatars%2Fava_0001-72.png",
            "first_name": "Jimmy",
            "real_name": "Jimmy Daly",
            "display_name": "",
            "team": "TJE58GTJL",
            "name": "runjimdaly",
            "is_restricted": false,
            "is_ultra_restricted": false
        },
        "attachments": [
            {
                "title": "Home – Job Portraits",
                "title_link": "https:\/\/www.jobportraits.com\/",
                "text": "Hi! We're a growing collective of startup people, corporate expats, and former journalists. We help companies big and small tackle creative challenges, mostly related to storytelling and company culture. We've partnered with fine folks at 90+ companies including Google, Eventbrite, and Instacart.",
                "fallback": "Home – Job Portraits",
                "image_url": "https:\/\/i.imgur.com\/FUqJGPe.jpg",
                "from_url": "https:\/\/www.jobportraits.com\/",
                "image_width": 478,
                "image_height": 250,
                "image_bytes": 199727,
                "service_name": "jobportraits.com",
                "id": 1,
                "original_url": "https:\/\/www.jobportraits.com\/"
            }
        ],
        "blocks": [
            {
                "type": "rich_text",
                "block_id": "0B4DJ",
                "elements": [
                    {
                        "type": "rich_text_section",
                        "elements": [
                            {
                                "type": "link",
                                "url": "https:\/\/www.jobportraits.com\/"
                            },
                            {
                                "type": "text",
                                "text": " does employer branding"
                            }
                        ]
                    }
                ]
            }
        ],
        "thread_ts": "1624912976.087300",
        "parent_user_id": "U02539G82R5",
        "reactions": [
            {
                "name": "thankyou",
                "users": [
                    "U02539G82R5"
                ],
                "count": 1
            }
        ]
    }
]