[
    {
        "client_msg_id": "cebac45d-d492-4491-bb7c-76b4f13bb1fb",
        "type": "message",
        "text": "Does anyone know of any agencies that specifically focus on *employer branding* or *technical content* (such as software or hardware technical blog posts)?",
        "user": "U02539G82R5",
        "ts": "1624912976.087300",
        "team": "TJE58GTJL",
        "user_team": "TJE58GTJL",
        "source_team": "TJE58GTJL",
        "user_profile": {
            "avatar_hash": "e0109f37fedc",
            "image_72": "https:\/\/avatars.slack-edge.com\/2021-06-18\/2181800693654_e0109f37fedc258950b3_72.jpg",
            "first_name": "",
            "real_name": "Satshabad Khalsa",
            "display_name": "Satshabad Khalsa",
            "team": "TJE58GTJL",
            "name": "satshabad",
            "is_restricted": false,
            "is_ultra_restricted": false
        },
        "blocks": [
            {
                "type": "rich_text",
                "block_id": "ZFmOx",
                "elements": [
                    {
                        "type": "rich_text_section",
                        "elements": [
                            {
                                "type": "text",
                                "text": "Does anyone know of any agencies that specifically focus on "
                            },
                            {
                                "type": "text",
                                "text": "employer branding ",
                                "style": {
                                    "bold": true
                                }
                            },
                            {
                                "type": "text",
                                "text": "or "
                            },
                            {
                                "type": "text",
                                "text": "technical content",
                                "style": {
                                    "bold": true
                                }
                            },
                            {
                                "type": "text",
                                "text": " (such as software or hardware technical blog posts)?"
                            }
                        ]
                    }
                ]
            }
        ],
        "thread_ts": "1624912976.087300",
        "reply_count": 5,
        "reply_users_count": 5,
        "latest_reply": "1628509463.021000",
        "reply_users": [
            "UJ2N9A3GT",
            "U025VFYU4AC",
            "UJG9WTEKG",
            "U029CTQ5X6Y",
            "U029G4HMVFH"
        ],
        "replies": [
            {
                "user": "UJ2N9A3GT",
                "ts": "1624917336.087800"
            },
            {
                "user": "U025VFYU4AC",
                "ts": "1625150225.092700"
            },
            {
                "user": "UJG9WTEKG",
                "ts": "1625597724.096700"
            },
            {
                "user": "U029CTQ5X6Y",
                "ts": "1627866098.001600"
            },
            {
                "user": "U029G4HMVFH",
                "ts": "1628509463.021000"
            }
        ],
        "is_locked": false,
        "subscribed": true,
        "last_read": "1628509463.021000"
    },
    {
        "client_msg_id": "7411ACCA-5F9E-4FF2-864E-49DF3AB3733E",
        "type": "message",
        "text": "Draft.dev is focused on technical content ",
        "user": "UJ2N9A3GT",
        "ts": "1624917336.087800",
        "team": "TJE58GTJL",
        "user_team": "TJE58GTJL",
        "source_team": "TJE58GTJL",
        "user_profile": {
            "avatar_hash": "f423630ff063",
            "image_72": "https:\/\/avatars.slack-edge.com\/2019-05-03\/619878402753_f423630ff0633ae9253d_72.png",
            "first_name": "Nick",
            "real_name": "Nick Moore",
            "display_name": "Nick Moore",
            "team": "TJE58GTJL",
            "name": "nickm.yyz",
            "is_restricted": false,
            "is_ultra_restricted": false
        },
        "blocks": [
            {
                "type": "rich_text",
                "block_id": "DVX",
                "elements": [
                    {
                        "type": "rich_text_section",
                        "elements": [
                            {
                                "type": "text",
                                "text": "Draft.dev is focused on technical content "
                            }
                        ]
                    }
                ]
            }
        ],
        "thread_ts": "1624912976.087300",
        "parent_user_id": "U02539G82R5",
        "reactions": [
            {
                "name": "thankyou",
                "users": [
                    "U02539G82R5",
                    "U025VFYU4AC",
                    "U02625MJG3W"
                ],
                "count": 3
            }
        ]
    }
]