[
    {
        "client_msg_id": "7cc31fbc-da46-48f3-a285-fc353be65171",
        "type": "message",
        "text": "I do some commission-based appointment setting\/sales for an agency-ish company. An active personal LinkedIn profile + a BombBomb account for video introductions have been my biggest tools for success. :)",
        "user": "U0241GTJEDC",
        "ts": "1629908525.064800",
        "team": "TJE58GTJL",
        "user_team": "TJE58GTJL",
        "source_team": "TJE58GTJL",
        "user_profile": {
            "avatar_hash": "536d8eb0424e",
            "image_72": "https:\/\/avatars.slack-edge.com\/2021-06-07\/2130419106119_536d8eb0424e890966a3_72.jpg",
            "first_name": "Kaleigh",
            "real_name": "Kaleigh Cox",
            "display_name": "Kaleigh Cox",
            "team": "TJE58GTJL",
            "name": "kaleighcoxwriter",
            "is_restricted": false,
            "is_ultra_restricted": false
        },
        "blocks": [
            {
                "type": "rich_text",
                "block_id": "vHwm",
                "elements": [
                    {
                        "type": "rich_text_section",
                        "elements": [
                            {
                                "type": "text",
                                "text": "I do some commission-based appointment setting\/sales for an agency-ish company. An active personal LinkedIn profile + a BombBomb account for video introductions have been my biggest tools for success. :)"
                            }
                        ]
                    }
                ]
            }
        ],
        "thread_ts": "1629830907.051800",
        "parent_user_id": "U024K88ECFN",
        "reactions": [
            {
                "name": "raised_hands::skin-tone-2",
                "users": [
                    "U024K88ECFN"
                ],
                "count": 1
            }
        ]
    },
    {
        "client_msg_id": "bcc4b1d9-3b76-4ee0-ad24-0076fc6ba6a4",
        "type": "message",
        "text": "Nice!! Thank you <@U0241GTJEDC>!",
        "user": "U024K88ECFN",
        "ts": "1629909251.065100",
        "team": "TJE58GTJL",
        "user_team": "TJE58GTJL",
        "source_team": "TJE58GTJL",
        "user_profile": {
            "avatar_hash": "00c4a04080e3",
            "image_72": "https:\/\/avatars.slack-edge.com\/2022-03-23\/3286590119379_00c4a04080e367a58cfc_72.png",
            "first_name": "Rebekah",
            "real_name": "Rebekah Edwards",
            "display_name": "Rebekah Edwards",
            "team": "TJE58GTJL",
            "name": "rebekah473",
            "is_restricted": false,
            "is_ultra_restricted": false
        },
        "blocks": [
            {
                "type": "rich_text",
                "block_id": "1Y2L",
                "elements": [
                    {
                        "type": "rich_text_section",
                        "elements": [
                            {
                                "type": "text",
                                "text": "Nice!! Thank you "
                            },
                            {
                                "type": "user",
                                "user_id": "U0241GTJEDC"
                            },
                            {
                                "type": "text",
                                "text": "!"
                            }
                        ]
                    }
                ]
            }
        ],
        "thread_ts": "1629830907.051800",
        "parent_user_id": "U024K88ECFN"
    },
    {
        "client_msg_id": "94eff28c-48cf-4619-80a5-6d742cf50c0d",
        "type": "message",
        "text": "we didn't offer commission when i was at animalz (i'm not sure how they do it now) for a few reasons:\n• we had a strong pipeline so sales didn't do much\/any outreach\n• we didn't want to incentivize sales to close deals too quickly. there are so many other people involved in making a customer happy\/successful. part of the sales process was vetting customers and making sure we could match with the right people internally\n• sales also did marketing (at least that's what i did. this has evolved since)\n• sales was well paid. i never felt like i was missing out on commission",
        "user": "UJG9WTEKG",
        "ts": "1629910173.065300",
        "team": "TJE58GTJL",
        "user_team": "TJE58GTJL",
        "source_team": "TJE58GTJL",
        "user_profile": {
            "avatar_hash": "gc25b94e6ebf",
            "image_72": "https:\/\/secure.gravatar.com\/avatar\/eec25b94e6ebf55f0b7933372344cd09.jpg?s=72&d=https%3A%2F%2Fa.slack-edge.com%2Fdf10d%2Fimg%2Favatars%2Fava_0001-72.png",
            "first_name": "Jimmy",
            "real_name": "Jimmy Daly",
            "display_name": "",
            "team": "TJE58GTJL",
            "name": "runjimdaly",
            "is_restricted": false,
            "is_ultra_restricted": false
        },
        "blocks": [
            {
                "type": "rich_text",
                "block_id": "BVq0O",
                "elements": [
                    {
                        "type": "rich_text_section",
                        "elements": [
                            {
                                "type": "text",
                                "text": "we didn't offer commission when i was at animalz (i'm not sure how they do it now) for a few reasons:\n"
                            }
                        ]
                    },
                    {
                        "type": "rich_text_list",
                        "elements": [
                            {
                                "type": "rich_text_section",
                                "elements": [
                                    {
                                        "type": "text",
                                        "text": "we had a strong pipeline so sales didn't do much\/any outreach"
                                    }
                                ]
                            },
                            {
                                "type": "rich_text_section",
                                "elements": [
                                    {
                                        "type": "text",
                                        "text": "we didn't want to incentivize sales to close deals too quickly. there are so many other people involved in making a customer happy\/successful. part of the sales process was vetting customers and making sure we could match with the right people internally"
                                    }
                                ]
                            },
                            {
                                "type": "rich_text_section",
                                "elements": [
                                    {
                                        "type": "text",
                                        "text": "sales also did marketing (at least that's what i did. this has evolved since)"
                                    }
                                ]
                            },
                            {
                                "type": "rich_text_section",
                                "elements": [
                                    {
                                        "type": "text",
                                        "text": "sales was well paid. i never felt like i was missing out on commission"
                                    }
                                ]
                            }
                        ],
                        "style": "bullet",
                        "indent": 0,
                        "border": 0
                    }
                ]
            }
        ],
        "thread_ts": "1629830907.051800",
        "parent_user_id": "U024K88ECFN"
    },
    {
        "client_msg_id": "3e8770eb-12a7-4eb9-9de4-69723a615be0",
        "type": "message",
        "text": "I should probably clarify. I was commission-based at first. Now I have a rev share agreement instead, because I do a lot to contribute to big-picture marketing\/sales strategy with prospects I won't personally meet or close.",
        "user": "U0241GTJEDC",
        "ts": "1629910289.065500",
        "team": "TJE58GTJL",
        "user_team": "TJE58GTJL",
        "source_team": "TJE58GTJL",
        "user_profile": {
            "avatar_hash": "536d8eb0424e",
            "image_72": "https:\/\/avatars.slack-edge.com\/2021-06-07\/2130419106119_536d8eb0424e890966a3_72.jpg",
            "first_name": "Kaleigh",
            "real_name": "Kaleigh Cox",
            "display_name": "Kaleigh Cox",
            "team": "TJE58GTJL",
            "name": "kaleighcoxwriter",
            "is_restricted": false,
            "is_ultra_restricted": false
        },
        "blocks": [
            {
                "type": "rich_text",
                "block_id": "iQZ",
                "elements": [
                    {
                        "type": "rich_text_section",
                        "elements": [
                            {
                                "type": "text",
                                "text": "I should probably clarify. I was commission-based at first. Now I have a rev share agreement instead, because I do a lot to contribute to big-picture marketing\/sales strategy with prospects I won't personally meet or close."
                            }
                        ]
                    }
                ]
            }
        ],
        "thread_ts": "1629830907.051800",
        "parent_user_id": "U024K88ECFN"
    },
    {
        "client_msg_id": "29609703-a56d-40a7-b656-453977ac634f",
        "type": "message",
        "text": "<@UJG9WTEKG> That's definitely super helpful. We're still working on honing how to create a sales pipeline that works for us, which I know is a major part of our problem. I also see a lot of value in not over-incentivizing closing quick deals over closing GOOD deals.",
        "user": "U024K88ECFN",
        "ts": "1629910990.065700",
        "team": "TJE58GTJL",
        "user_team": "TJE58GTJL",
        "source_team": "TJE58GTJL",
        "user_profile": {
            "avatar_hash": "00c4a04080e3",
            "image_72": "https:\/\/avatars.slack-edge.com\/2022-03-23\/3286590119379_00c4a04080e367a58cfc_72.png",
            "first_name": "Rebekah",
            "real_name": "Rebekah Edwards",
            "display_name": "Rebekah Edwards",
            "team": "TJE58GTJL",
            "name": "rebekah473",
            "is_restricted": false,
            "is_ultra_restricted": false
        },
        "blocks": [
            {
                "type": "rich_text",
                "block_id": "OdM",
                "elements": [
                    {
                        "type": "rich_text_section",
                        "elements": [
                            {
                                "type": "user",
                                "user_id": "UJG9WTEKG"
                            },
                            {
                                "type": "text",
                                "text": " That's definitely super helpful. We're still working on honing how to create a sales pipeline that works for us, which I know is a major part of our problem. I also see a lot of value in not over-incentivizing closing quick deals over closing GOOD deals."
                            }
                        ]
                    }
                ]
            }
        ],
        "thread_ts": "1629830907.051800",
        "parent_user_id": "U024K88ECFN"
    },
    {
        "client_msg_id": "737dea1a-edbf-47ab-9359-4ddd248d9cd6",
        "type": "message",
        "text": "<@U0241GTJEDC> Yeah, I love that concept!",
        "user": "U024K88ECFN",
        "ts": "1629911003.065900",
        "team": "TJE58GTJL",
        "user_team": "TJE58GTJL",
        "source_team": "TJE58GTJL",
        "user_profile": {
            "avatar_hash": "00c4a04080e3",
            "image_72": "https:\/\/avatars.slack-edge.com\/2022-03-23\/3286590119379_00c4a04080e367a58cfc_72.png",
            "first_name": "Rebekah",
            "real_name": "Rebekah Edwards",
            "display_name": "Rebekah Edwards",
            "team": "TJE58GTJL",
            "name": "rebekah473",
            "is_restricted": false,
            "is_ultra_restricted": false
        },
        "blocks": [
            {
                "type": "rich_text",
                "block_id": "db\/C",
                "elements": [
                    {
                        "type": "rich_text_section",
                        "elements": [
                            {
                                "type": "user",
                                "user_id": "U0241GTJEDC"
                            },
                            {
                                "type": "text",
                                "text": " Yeah, I love that concept!"
                            }
                        ]
                    }
                ]
            }
        ],
        "thread_ts": "1629830907.051800",
        "parent_user_id": "U024K88ECFN"
    },
    {
        "client_msg_id": "2806ad63-a844-4b1d-9a5b-3213c927c09d",
        "type": "message",
        "text": "Similar question to <@U024K88ECFN> above actually: I’m looking to bring on a salesperson to take calls and close leads for my productized service\/agency.\n\nI’m becoming the bottleneck; more people want to work with us than I can get on the phone with, so I need someone to take the calls and do follow ups to close them.\n\nInitially, I’ve been looking for a commission-based salesperson, but had little to no luck finding anyone qualified. Are account executives for agencies hard to find?",
        "user": "U029CTQ5X6Y",
        "ts": "1629935349.069500",
        "team": "TJE58GTJL",
        "user_team": "TJE58GTJL",
        "source_team": "TJE58GTJL",
        "user_profile": {
            "avatar_hash": "4d1afd4712b9",
            "image_72": "https:\/\/avatars.slack-edge.com\/2021-07-26\/2312909469026_4d1afd4712b9f77f1af8_72.jpg",
            "first_name": "Karl",
            "real_name": "Karl Hughes",
            "display_name": "Karl (Draft.dev)",
            "team": "TJE58GTJL",
            "name": "khughes.me",
            "is_restricted": false,
            "is_ultra_restricted": false
        },
        "blocks": [
            {
                "type": "rich_text",
                "block_id": "19Dl",
                "elements": [
                    {
                        "type": "rich_text_section",
                        "elements": [
                            {
                                "type": "text",
                                "text": "Similar question to "
                            },
                            {
                                "type": "user",
                                "user_id": "U024K88ECFN"
                            },
                            {
                                "type": "text",
                                "text": " above actually: I’m looking to bring on a salesperson to take calls and close leads for my productized service\/agency.\n\nI’m becoming the bottleneck; more people want to work with us than I can get on the phone with, so I need someone to take the calls and do follow ups to close them.\n\nInitially, I’ve been looking for a commission-based salesperson, but had little to no luck finding anyone qualified. Are account executives for agencies hard to find?"
                            }
                        ]
                    }
                ]
            }
        ]
    }
]