[
    {
        "client_msg_id": "a03b1775-c0ea-41a8-b210-2f7894ea5f5c",
        "type": "message",
        "text": "Hey <@U01NM31CTFU>! I'm the person who communicates all of this for Rebekah. Just wanted to say that I would also recommend keeping a stock template version in Gmail of the feedback emails, follow-up emails for late work, and dismissal emails. Happy to shoot you what I have if you'd like.",
        "user": "U029CJ26CR0",
        "ts": "1629131227.039000",
        "team": "TJE58GTJL",
        "user_team": "TJE58GTJL",
        "source_team": "TJE58GTJL",
        "user_profile": {
            "avatar_hash": "ge9c54f1d682",
            "image_72": "https:\/\/secure.gravatar.com\/avatar\/e9c54f1d682f6b5702d7187baca0304c.jpg?s=72&d=https%3A%2F%2Fa.slack-edge.com%2Fdf10d%2Fimg%2Favatars%2Fava_0013-72.png",
            "first_name": "Amanda",
            "real_name": "Amanda Lutz",
            "display_name": "Amanda Lutz",
            "team": "TJE58GTJL",
            "name": "amanda414",
            "is_restricted": false,
            "is_ultra_restricted": false
        },
        "blocks": [
            {
                "type": "rich_text",
                "block_id": "MKF",
                "elements": [
                    {
                        "type": "rich_text_section",
                        "elements": [
                            {
                                "type": "text",
                                "text": "Hey "
                            },
                            {
                                "type": "user",
                                "user_id": "U01NM31CTFU"
                            },
                            {
                                "type": "text",
                                "text": "! I'm the person who communicates all of this for Rebekah. Just wanted to say that I would also recommend keeping a stock template version in Gmail of the feedback emails, follow-up emails for late work, and dismissal emails. Happy to shoot you what I have if you'd like."
                            }
                        ]
                    }
                ]
            }
        ],
        "thread_ts": "1628876642.030500",
        "parent_user_id": "U01NM31CTFU"
    }
]