[
    {
        "client_msg_id": "0cc10d88-bd54-4900-b730-2a24b7f80f0b",
        "type": "message",
        "text": "Anyone headed to the T&amp;C Summit in San Diego next week? Would love to meet up with other Content and SEO folks!! :heart::raised_hands:",
        "user": "U02D0R17068",
        "ts": "1631040895.060000",
        "team": "TJE58GTJL",
        "user_team": "TJE58GTJL",
        "source_team": "TJE58GTJL",
        "user_profile": {
            "avatar_hash": "e1f403cc33c0",
            "image_72": "https:\/\/avatars.slack-edge.com\/2021-08-30\/2433898477269_e1f403cc33c0f15fadff_72.jpg",
            "first_name": "Meghan",
            "real_name": "Meghan McKenzie",
            "display_name": "Meghan McKenzie",
            "team": "TJE58GTJL",
            "name": "meghan.mckenzie",
            "is_restricted": false,
            "is_ultra_restricted": false
        },
        "blocks": [
            {
                "type": "rich_text",
                "block_id": "WF1XN",
                "elements": [
                    {
                        "type": "rich_text_section",
                        "elements": [
                            {
                                "type": "text",
                                "text": "Anyone headed to the T&C Summit in San Diego next week? Would love to meet up with other Content and SEO folks!! "
                            },
                            {
                                "type": "emoji",
                                "name": "heart"
                            },
                            {
                                "type": "emoji",
                                "name": "raised_hands"
                            }
                        ]
                    }
                ]
            }
        ]
    }
]