[
    {
        "client_msg_id": "5ADC2F35-16D0-4C8E-B159-538A0B913750",
        "type": "message",
        "text": "Most contractors will be flexible to work with what you need. If not, I'd find a different one. As an agency, you already have enough moving parts going on to add one more if it can be avoided.\n\nI used to be a contractor before I started my business as well and one thing I learned made my life easier back then was to always make it as easy as possible for them to pay me and invoice them in whatever way was easiest for them. ",
        "user": "U01P13NTGG6",
        "ts": "1638069814.137200",
        "team": "TJE58GTJL",
        "user_team": "TJE58GTJL",
        "source_team": "TJE58GTJL",
        "user_profile": {
            "avatar_hash": "1625b1f12011",
            "image_72": "https:\/\/avatars.slack-edge.com\/2021-02-24\/1775273585607_1625b1f12011f553efc5_72.png",
            "first_name": "Skyler",
            "real_name": "Skyler Reeves",
            "display_name": "Skyler Reeves",
            "team": "TJE58GTJL",
            "name": "skyler",
            "is_restricted": false,
            "is_ultra_restricted": false
        },
        "blocks": [
            {
                "type": "rich_text",
                "block_id": "sUk",
                "elements": [
                    {
                        "type": "rich_text_section",
                        "elements": [
                            {
                                "type": "text",
                                "text": "Most contractors will be flexible to work with what you need. If not, I'd find a different one. As an agency, you already have enough moving parts going on to add one more if it can be avoided.\n"
                            },
                            {
                                "type": "text",
                                "text": "\nI used to be a contractor before I started my business as well and one thing I learned made my life easier back then was to always make it as easy as possible for them to pay me and invoice them in whatever way was easiest for them. "
                            }
                        ]
                    }
                ]
            }
        ],
        "thread_ts": "1637782855.119000",
        "parent_user_id": "U02CJS84J1X",
        "reactions": [
            {
                "name": "+1",
                "users": [
                    "U02CJS84J1X",
                    "U02NADUBXSR"
                ],
                "count": 2
            }
        ]
    }
]