[
    {
        "client_msg_id": "3fac81dd-0ce2-4eb4-a2c4-34b57cf9c227",
        "type": "message",
        "text": "Looking for a good agency to refer a company to, a B2B financial brand is looking for help developing their brand voice, story, messaging, and persona research. Anyone have a good referral?",
        "user": "U0166H7KUAZ",
        "ts": "1628092732.010300",
        "team": "TJE58GTJL",
        "user_team": "TJE58GTJL",
        "source_team": "TJE58GTJL",
        "user_profile": {
            "avatar_hash": "f58be1456496",
            "image_72": "https:\/\/avatars.slack-edge.com\/2020-06-29\/1197308509671_f58be1456496f374b7ea_72.jpg",
            "first_name": "",
            "real_name": "Phillip Paquette",
            "display_name": "Phillip Paquette",
            "team": "TJE58GTJL",
            "name": "phillippaquette",
            "is_restricted": false,
            "is_ultra_restricted": false
        },
        "blocks": [
            {
                "type": "rich_text",
                "block_id": "X=bj6",
                "elements": [
                    {
                        "type": "rich_text_section",
                        "elements": [
                            {
                                "type": "text",
                                "text": "Looking for a good agency to refer a company to, a B2B financial brand is looking for help developing their brand voice, story, messaging, and persona research. Anyone have a good referral?"
                            }
                        ]
                    }
                ]
            }
        ],
        "thread_ts": "1628092732.010300",
        "reply_count": 6,
        "reply_users_count": 5,
        "latest_reply": "1628261445.015900",
        "reply_users": [
            "U024K88ECFN",
            "UJG9WTEKG",
            "U029G4FKDK9",
            "U0166H7KUAZ",
            "U0113AV4895"
        ],
        "replies": [
            {
                "user": "U024K88ECFN",
                "ts": "1628094043.010400"
            },
            {
                "user": "UJG9WTEKG",
                "ts": "1628103857.010600"
            },
            {
                "user": "U029G4FKDK9",
                "ts": "1628105124.010800"
            },
            {
                "user": "U0166H7KUAZ",
                "ts": "1628112069.011200"
            },
            {
                "user": "U029G4FKDK9",
                "ts": "1628112563.011400"
            },
            {
                "user": "U0113AV4895",
                "ts": "1628261445.015900"
            }
        ],
        "is_locked": false,
        "subscribed": true,
        "last_read": "1628261445.015900"
    },
    {
        "client_msg_id": "8e8a90dd-59ba-4fd4-98a5-c8a7ea5e57b1",
        "type": "message",
        "text": "I've worked with <https:\/\/elizabeth-hays.com\/|Elizabeth Hays> a lot and she is an excellent person for this kind of work! She's a pretty small agency but has worked for some fairly large brands and I'd trust her for sure.",
        "user": "U024K88ECFN",
        "ts": "1628094043.010400",
        "team": "TJE58GTJL",
        "user_team": "TJE58GTJL",
        "source_team": "TJE58GTJL",
        "user_profile": {
            "avatar_hash": "00c4a04080e3",
            "image_72": "https:\/\/avatars.slack-edge.com\/2022-03-23\/3286590119379_00c4a04080e367a58cfc_72.png",
            "first_name": "Rebekah",
            "real_name": "Rebekah Edwards",
            "display_name": "Rebekah Edwards",
            "team": "TJE58GTJL",
            "name": "rebekah473",
            "is_restricted": false,
            "is_ultra_restricted": false
        },
        "blocks": [
            {
                "type": "rich_text",
                "block_id": "Uyr",
                "elements": [
                    {
                        "type": "rich_text_section",
                        "elements": [
                            {
                                "type": "text",
                                "text": "I've worked with "
                            },
                            {
                                "type": "link",
                                "url": "https:\/\/elizabeth-hays.com\/",
                                "text": "Elizabeth Hays"
                            },
                            {
                                "type": "text",
                                "text": " a lot and she is an excellent person for this kind of work! She's a pretty small agency but has worked for some fairly large brands and I'd trust her for sure."
                            }
                        ]
                    }
                ]
            }
        ],
        "thread_ts": "1628092732.010300",
        "parent_user_id": "U0166H7KUAZ",
        "reactions": [
            {
                "name": "+1",
                "users": [
                    "U0166H7KUAZ"
                ],
                "count": 1
            }
        ]
    },
    {
        "client_msg_id": "f8837bbe-f909-4089-be0f-55371fbeab57",
        "type": "message",
        "text": "check out scribewise cc <@U01CF4F0A6T>",
        "user": "UJG9WTEKG",
        "ts": "1628103857.010600",
        "team": "TJE58GTJL",
        "user_team": "TJE58GTJL",
        "source_team": "TJE58GTJL",
        "user_profile": {
            "avatar_hash": "gc25b94e6ebf",
            "image_72": "https:\/\/secure.gravatar.com\/avatar\/eec25b94e6ebf55f0b7933372344cd09.jpg?s=72&d=https%3A%2F%2Fa.slack-edge.com%2Fdf10d%2Fimg%2Favatars%2Fava_0001-72.png",
            "first_name": "Jimmy",
            "real_name": "Jimmy Daly",
            "display_name": "",
            "team": "TJE58GTJL",
            "name": "runjimdaly",
            "is_restricted": false,
            "is_ultra_restricted": false
        },
        "blocks": [
            {
                "type": "rich_text",
                "block_id": "J=KSP",
                "elements": [
                    {
                        "type": "rich_text_section",
                        "elements": [
                            {
                                "type": "text",
                                "text": "check out scribewise cc "
                            },
                            {
                                "type": "user",
                                "user_id": "U01CF4F0A6T"
                            }
                        ]
                    }
                ]
            }
        ],
        "thread_ts": "1628092732.010300",
        "parent_user_id": "U0166H7KUAZ",
        "reactions": [
            {
                "name": "pray",
                "users": [
                    "U0166H7KUAZ"
                ],
                "count": 1
            }
        ]
    },
    {
        "client_msg_id": "bcf6b0d8-badc-40e1-a597-eaca19ba408b",
        "type": "message",
        "text": "<@U0166H7KUAZ> we (<http:\/\/www.walkonholdings.com|www.walkonholdings.com>) work with clients like JPM and SoFi. We focus more on content creation (blogs, newsletters, podcasts, and alexa skills) so not specifically branding and story telling. At the same time we do work through those two things with our clients to make sure our content is on point if that makes sense. Happy to speak to them if you think there may be some overlap. My email is <mailto:brooks@walkonholdings.com|brooks@walkonholdings.com>, feel free to use however you see fit.",
        "user": "U029G4FKDK9",
        "ts": "1628105124.010800",
        "team": "TJE58GTJL",
        "user_team": "TJE58GTJL",
        "source_team": "TJE58GTJL",
        "user_profile": {
            "avatar_hash": "e89f065667ec",
            "image_72": "https:\/\/avatars.slack-edge.com\/2021-08-02\/2337366574163_e89f065667ec061fb2e5_72.jpg",
            "first_name": "",
            "real_name": "Brooks Dyroff",
            "display_name": "Brooks Dyroff",
            "team": "TJE58GTJL",
            "name": "brooks",
            "is_restricted": false,
            "is_ultra_restricted": false
        },
        "blocks": [
            {
                "type": "rich_text",
                "block_id": "pMJqQ",
                "elements": [
                    {
                        "type": "rich_text_section",
                        "elements": [
                            {
                                "type": "user",
                                "user_id": "U0166H7KUAZ"
                            },
                            {
                                "type": "text",
                                "text": " we ("
                            },
                            {
                                "type": "link",
                                "url": "http:\/\/www.walkonholdings.com",
                                "text": "www.walkonholdings.com"
                            },
                            {
                                "type": "text",
                                "text": ") work with clients like JPM and SoFi. We focus more on content creation (blogs, newsletters, podcasts, and alexa skills) so not specifically branding and story telling. At the same time we do work through those two things with our clients to make sure our content is on point if that makes sense. Happy to speak to them if you think there may be some overlap. My email is "
                            },
                            {
                                "type": "link",
                                "url": "mailto:brooks@walkonholdings.com",
                                "text": "brooks@walkonholdings.com"
                            },
                            {
                                "type": "text",
                                "text": ", feel free to use however you see fit."
                            }
                        ]
                    }
                ]
            }
        ],
        "thread_ts": "1628092732.010300",
        "parent_user_id": "U0166H7KUAZ"
    },
    {
        "client_msg_id": "e30e2d46-982a-4001-bafc-ba0bea6b2233",
        "type": "message",
        "text": "Thanks <@U029G4FKDK9> their focus right now is branding, but I'll let you know if that comes up.",
        "user": "U0166H7KUAZ",
        "ts": "1628112069.011200",
        "team": "TJE58GTJL",
        "user_team": "TJE58GTJL",
        "source_team": "TJE58GTJL",
        "user_profile": {
            "avatar_hash": "f58be1456496",
            "image_72": "https:\/\/avatars.slack-edge.com\/2020-06-29\/1197308509671_f58be1456496f374b7ea_72.jpg",
            "first_name": "",
            "real_name": "Phillip Paquette",
            "display_name": "Phillip Paquette",
            "team": "TJE58GTJL",
            "name": "phillippaquette",
            "is_restricted": false,
            "is_ultra_restricted": false
        },
        "blocks": [
            {
                "type": "rich_text",
                "block_id": "=63F",
                "elements": [
                    {
                        "type": "rich_text_section",
                        "elements": [
                            {
                                "type": "text",
                                "text": "Thanks "
                            },
                            {
                                "type": "user",
                                "user_id": "U029G4FKDK9"
                            },
                            {
                                "type": "text",
                                "text": " their focus right now is branding, but I'll let you know if that comes up."
                            }
                        ]
                    }
                ]
            }
        ],
        "thread_ts": "1628092732.010300",
        "parent_user_id": "U0166H7KUAZ"
    },
    {
        "client_msg_id": "632d5500-9cd2-492b-bd50-aa89801440a5",
        "type": "message",
        "text": "Sounds good <@U0166H7KUAZ> no worries at all that's what I figured, that works!",
        "user": "U029G4FKDK9",
        "ts": "1628112563.011400",
        "team": "TJE58GTJL",
        "user_team": "TJE58GTJL",
        "source_team": "TJE58GTJL",
        "user_profile": {
            "avatar_hash": "e89f065667ec",
            "image_72": "https:\/\/avatars.slack-edge.com\/2021-08-02\/2337366574163_e89f065667ec061fb2e5_72.jpg",
            "first_name": "",
            "real_name": "Brooks Dyroff",
            "display_name": "Brooks Dyroff",
            "team": "TJE58GTJL",
            "name": "brooks",
            "is_restricted": false,
            "is_ultra_restricted": false
        },
        "blocks": [
            {
                "type": "rich_text",
                "block_id": "twiPg",
                "elements": [
                    {
                        "type": "rich_text_section",
                        "elements": [
                            {
                                "type": "text",
                                "text": "Sounds good "
                            },
                            {
                                "type": "user",
                                "user_id": "U0166H7KUAZ"
                            },
                            {
                                "type": "text",
                                "text": " no worries at all that's what I figured, that works!"
                            }
                        ]
                    }
                ]
            }
        ],
        "thread_ts": "1628092732.010300",
        "parent_user_id": "U0166H7KUAZ"
    }
]