[
    {
        "type": "message",
        "text": "Project management software question for y'all:\nWhat's the best affordable timeline platform available? I'm looking to be able to put in duration of tasks and it calculates the total timeline (i.e. has built in logic for dependencies in a waterfall methodology). Think Workfront but more affordable and user friendly.",
        "user": "U02CJS84J1X",
        "ts": "1632321002.138700",
        "team": "TJE58GTJL",
        "user_team": "TJE58GTJL",
        "source_team": "TJE58GTJL",
        "user_profile": {
            "avatar_hash": "6aa51266aac7",
            "image_72": "https:\/\/avatars.slack-edge.com\/2021-08-24\/2414606272035_6aa51266aac70cd9a438_72.jpg",
            "first_name": "Matthew",
            "real_name": "Matthew Vermillion",
            "display_name": "Matthew Vermillion",
            "team": "TJE58GTJL",
            "name": "matthew982",
            "is_restricted": false,
            "is_ultra_restricted": false
        },
        "blocks": [
            {
                "type": "rich_text",
                "block_id": "PJyY",
                "elements": [
                    {
                        "type": "rich_text_section",
                        "elements": [
                            {
                                "type": "text",
                                "text": "Project management software question for y'all:\nWhat's the best affordable timeline platform available? I'm looking to be able to put in duration of tasks and it calculates the total timeline (i.e. has built in logic for dependencies in a waterfall methodology). Think Workfront but more affordable and user friendly."
                            }
                        ]
                    }
                ]
            }
        ],
        "thread_ts": "1632321002.138700",
        "reply_count": 8,
        "reply_users_count": 4,
        "latest_reply": "1632332930.140800",
        "reply_users": [
            "U02681WABA7",
            "U02CJS84J1X",
            "U02FV1XHS2C",
            "U011QQDDSJV"
        ],
        "replies": [
            {
                "user": "U02681WABA7",
                "ts": "1632321187.138900"
            },
            {
                "user": "U02CJS84J1X",
                "ts": "1632322652.139200"
            },
            {
                "user": "U02681WABA7",
                "ts": "1632323228.139600"
            },
            {
                "user": "U02CJS84J1X",
                "ts": "1632323333.139800"
            },
            {
                "user": "U02FV1XHS2C",
                "ts": "1632325694.140000"
            },
            {
                "user": "U02FV1XHS2C",
                "ts": "1632325736.140300"
            },
            {
                "user": "U011QQDDSJV",
                "ts": "1632332727.140600"
            },
            {
                "user": "U02CJS84J1X",
                "ts": "1632332930.140800"
            }
        ],
        "is_locked": false,
        "subscribed": false
    },
    {
        "client_msg_id": "aadcb458-9aa6-4903-961b-560e1b2e02d3",
        "type": "message",
        "text": "Should be possible in <https:\/\/asana.com\/|Asana> if I'm not mistaken",
        "user": "U02681WABA7",
        "ts": "1632321187.138900",
        "team": "TJE58GTJL",
        "user_team": "TJE58GTJL",
        "source_team": "TJE58GTJL",
        "user_profile": {
            "avatar_hash": "e00edcfaaddd",
            "image_72": "https:\/\/avatars.slack-edge.com\/2021-09-29\/2531730201543_e00edcfaaddd70703667_72.jpg",
            "first_name": "Jonas",
            "real_name": "Jonas van de Poel",
            "display_name": "Jonas van de Poel",
            "team": "TJE58GTJL",
            "name": "jonas792",
            "is_restricted": false,
            "is_ultra_restricted": false
        },
        "blocks": [
            {
                "type": "rich_text",
                "block_id": "bZR",
                "elements": [
                    {
                        "type": "rich_text_section",
                        "elements": [
                            {
                                "type": "text",
                                "text": "Should be possible in "
                            },
                            {
                                "type": "link",
                                "url": "https:\/\/asana.com\/",
                                "text": "Asana"
                            },
                            {
                                "type": "text",
                                "text": " if I'm not mistaken"
                            }
                        ]
                    }
                ]
            }
        ],
        "thread_ts": "1632321002.138700",
        "parent_user_id": "U02CJS84J1X"
    },
    {
        "client_msg_id": "7d96517c-b17d-4e94-a5c3-b30b761530e8",
        "type": "message",
        "text": "<@U02681WABA7> Looks like Asana won't lock dependencies where it automatically bumps back subsequent tasks if duration or date on a prior task changes. Who knows, I may be asking for too much with that. :man-shrugging:",
        "user": "U02CJS84J1X",
        "ts": "1632322652.139200",
        "team": "TJE58GTJL",
        "user_team": "TJE58GTJL",
        "source_team": "TJE58GTJL",
        "user_profile": {
            "avatar_hash": "6aa51266aac7",
            "image_72": "https:\/\/avatars.slack-edge.com\/2021-08-24\/2414606272035_6aa51266aac70cd9a438_72.jpg",
            "first_name": "Matthew",
            "real_name": "Matthew Vermillion",
            "display_name": "Matthew Vermillion",
            "team": "TJE58GTJL",
            "name": "matthew982",
            "is_restricted": false,
            "is_ultra_restricted": false
        },
        "edited": {
            "user": "U02CJS84J1X",
            "ts": "1632322679.000000"
        },
        "blocks": [
            {
                "type": "rich_text",
                "block_id": "po5hz",
                "elements": [
                    {
                        "type": "rich_text_section",
                        "elements": [
                            {
                                "type": "user",
                                "user_id": "U02681WABA7"
                            },
                            {
                                "type": "text",
                                "text": " Looks like Asana won't lock dependencies where it automatically bumps back subsequent tasks if duration or date on a prior task changes. Who knows, I may be asking for too much with that. "
                            },
                            {
                                "type": "emoji",
                                "name": "man-shrugging"
                            }
                        ]
                    }
                ]
            }
        ],
        "thread_ts": "1632321002.138700",
        "parent_user_id": "U02CJS84J1X",
        "reactions": [
            {
                "name": "+1",
                "users": [
                    "U02681WABA7"
                ],
                "count": 1
            }
        ]
    },
    {
        "client_msg_id": "c2c0f561-e5df-4ec0-b33f-f1365a9d6325",
        "type": "message",
        "text": "I don't like Asana UI, personally, so I'm not taking any offence. Hope you find what you're looking for!",
        "user": "U02681WABA7",
        "ts": "1632323228.139600",
        "team": "TJE58GTJL",
        "user_team": "TJE58GTJL",
        "source_team": "TJE58GTJL",
        "user_profile": {
            "avatar_hash": "e00edcfaaddd",
            "image_72": "https:\/\/avatars.slack-edge.com\/2021-09-29\/2531730201543_e00edcfaaddd70703667_72.jpg",
            "first_name": "Jonas",
            "real_name": "Jonas van de Poel",
            "display_name": "Jonas van de Poel",
            "team": "TJE58GTJL",
            "name": "jonas792",
            "is_restricted": false,
            "is_ultra_restricted": false
        },
        "blocks": [
            {
                "type": "rich_text",
                "block_id": "mLuA",
                "elements": [
                    {
                        "type": "rich_text_section",
                        "elements": [
                            {
                                "type": "text",
                                "text": "I don't like Asana UI, personally, so I'm not taking any offence. Hope you find what you're looking for!"
                            }
                        ]
                    }
                ]
            }
        ],
        "thread_ts": "1632321002.138700",
        "parent_user_id": "U02CJS84J1X"
    },
    {
        "client_msg_id": "5b9b2389-418f-4ce3-99e3-622f05246ed3",
        "type": "message",
        "text": "<@U02681WABA7> Yeah, hopefully there's something out there that does the trick. Thank you!",
        "user": "U02CJS84J1X",
        "ts": "1632323333.139800",
        "team": "TJE58GTJL",
        "user_team": "TJE58GTJL",
        "source_team": "TJE58GTJL",
        "user_profile": {
            "avatar_hash": "6aa51266aac7",
            "image_72": "https:\/\/avatars.slack-edge.com\/2021-08-24\/2414606272035_6aa51266aac70cd9a438_72.jpg",
            "first_name": "Matthew",
            "real_name": "Matthew Vermillion",
            "display_name": "Matthew Vermillion",
            "team": "TJE58GTJL",
            "name": "matthew982",
            "is_restricted": false,
            "is_ultra_restricted": false
        },
        "blocks": [
            {
                "type": "rich_text",
                "block_id": "PSa",
                "elements": [
                    {
                        "type": "rich_text_section",
                        "elements": [
                            {
                                "type": "user",
                                "user_id": "U02681WABA7"
                            },
                            {
                                "type": "text",
                                "text": " Yeah, hopefully there's something out there that does the trick. Thank you!"
                            }
                        ]
                    }
                ]
            }
        ],
        "thread_ts": "1632321002.138700",
        "parent_user_id": "U02CJS84J1X"
    },
    {
        "client_msg_id": "aa705459-6b1b-45f1-8881-33d3cf0c8bfc",
        "type": "message",
        "text": "Sounds like a fairly advanced feature. Notion is also free to try.",
        "user": "U02FV1XHS2C",
        "ts": "1632325694.140000",
        "team": "TJE58GTJL",
        "user_team": "TJE58GTJL",
        "source_team": "TJE58GTJL",
        "user_profile": {
            "avatar_hash": "c9247c6ca97b",
            "image_72": "https:\/\/avatars.slack-edge.com\/2021-09-21\/2515852092227_c9247c6ca97b6b64f3f1_72.jpg",
            "first_name": "Kieran",
            "real_name": "Kieran Giles",
            "display_name": "Kieran Giles",
            "team": "TJE58GTJL",
            "name": "kgiles.marketing",
            "is_restricted": false,
            "is_ultra_restricted": false
        },
        "blocks": [
            {
                "type": "rich_text",
                "block_id": "6gvG",
                "elements": [
                    {
                        "type": "rich_text_section",
                        "elements": [
                            {
                                "type": "text",
                                "text": "Sounds like a fairly advanced feature. Notion is also free to try."
                            }
                        ]
                    }
                ]
            }
        ],
        "thread_ts": "1632321002.138700",
        "parent_user_id": "U02CJS84J1X",
        "reactions": [
            {
                "name": "raised_hands",
                "users": [
                    "U02681WABA7"
                ],
                "count": 1
            },
            {
                "name": "+1",
                "users": [
                    "U02CJS84J1X"
                ],
                "count": 1
            }
        ]
    },
    {
        "client_msg_id": "5c7f92ce-fd6e-42f9-bf2d-c6e427e73cbd",
        "type": "message",
        "text": "I also dislike Asana, they don't do recurring tasks properly",
        "user": "U02FV1XHS2C",
        "ts": "1632325736.140300",
        "team": "TJE58GTJL",
        "user_team": "TJE58GTJL",
        "source_team": "TJE58GTJL",
        "user_profile": {
            "avatar_hash": "c9247c6ca97b",
            "image_72": "https:\/\/avatars.slack-edge.com\/2021-09-21\/2515852092227_c9247c6ca97b6b64f3f1_72.jpg",
            "first_name": "Kieran",
            "real_name": "Kieran Giles",
            "display_name": "Kieran Giles",
            "team": "TJE58GTJL",
            "name": "kgiles.marketing",
            "is_restricted": false,
            "is_ultra_restricted": false
        },
        "blocks": [
            {
                "type": "rich_text",
                "block_id": "2Ji",
                "elements": [
                    {
                        "type": "rich_text_section",
                        "elements": [
                            {
                                "type": "text",
                                "text": "I also dislike Asana, they don't do recurring tasks properly"
                            }
                        ]
                    }
                ]
            }
        ],
        "thread_ts": "1632321002.138700",
        "parent_user_id": "U02CJS84J1X"
    },
    {
        "client_msg_id": "03f7951b-3516-4e8c-9900-84eb6f7fab75",
        "type": "message",
        "text": "ClickUp might be a good use case for this. Very customizable with recurring tasks (under which you can add sub-tasks that roll up to the Main Task with time estimates, story points, other fields.)\n\nDownside: ClickUp can be slow and clunky. I don’t have any insight into pricing.",
        "user": "U011QQDDSJV",
        "ts": "1632332727.140600",
        "team": "TJE58GTJL",
        "user_team": "TJE58GTJL",
        "source_team": "TJE58GTJL",
        "user_profile": {
            "avatar_hash": "26f290c29155",
            "image_72": "https:\/\/avatars.slack-edge.com\/2020-04-08\/1046081228023_26f290c2915541368412_72.png",
            "first_name": "Nikolas",
            "real_name": "Nikolas Wright",
            "display_name": "Nik",
            "team": "TJE58GTJL",
            "name": "wright.nikolas",
            "is_restricted": false,
            "is_ultra_restricted": false
        },
        "blocks": [
            {
                "type": "rich_text",
                "block_id": "zya",
                "elements": [
                    {
                        "type": "rich_text_section",
                        "elements": [
                            {
                                "type": "text",
                                "text": "ClickUp might be a good use case for this. Very customizable with recurring tasks (under which you can add sub-tasks that roll up to the Main Task with time estimates, story points, other fields.)\n\nDownside: ClickUp can be slow and clunky. I don’t have any insight into pricing."
                            }
                        ]
                    }
                ]
            }
        ],
        "thread_ts": "1632321002.138700",
        "parent_user_id": "U02CJS84J1X"
    },
    {
        "client_msg_id": "4c4caadc-1d2b-456c-845c-17ad2e0b6506",
        "type": "message",
        "text": "<@U011QQDDSJV> I've not run across that one yet. I'll check it out, thanks!",
        "user": "U02CJS84J1X",
        "ts": "1632332930.140800",
        "team": "TJE58GTJL",
        "user_team": "TJE58GTJL",
        "source_team": "TJE58GTJL",
        "user_profile": {
            "avatar_hash": "6aa51266aac7",
            "image_72": "https:\/\/avatars.slack-edge.com\/2021-08-24\/2414606272035_6aa51266aac70cd9a438_72.jpg",
            "first_name": "Matthew",
            "real_name": "Matthew Vermillion",
            "display_name": "Matthew Vermillion",
            "team": "TJE58GTJL",
            "name": "matthew982",
            "is_restricted": false,
            "is_ultra_restricted": false
        },
        "blocks": [
            {
                "type": "rich_text",
                "block_id": "Fpwwn",
                "elements": [
                    {
                        "type": "rich_text_section",
                        "elements": [
                            {
                                "type": "user",
                                "user_id": "U011QQDDSJV"
                            },
                            {
                                "type": "text",
                                "text": " I've not run across that one yet. I'll check it out, thanks!"
                            }
                        ]
                    }
                ]
            }
        ],
        "thread_ts": "1632321002.138700",
        "parent_user_id": "U02CJS84J1X"
    },
    {
        "client_msg_id": "999100d5-7145-4df7-9282-3c517c67171a",
        "type": "message",
        "text": "Hello everyone - I’m  a one person content team at a primarily PR agency. I have what I call 5 “proactive” content clients — meaning they pay specifically for content and we do ongoing work with them like their editorial calendar, blogs, podcasts at times, etc. (I also have “reactive” clients but that’s for another post). My question is for other content teams of one at an agency handling multiple clients. Where do your services begin and end? For example, right now we do basically no measurement. We don’t have the resources\/capacity but also our clients don’t seem to care much. It’s obviously something I want to build to but I’m wondering if I’m the only one out there in this position.",
        "user": "U02DGSHG0SU",
        "ts": "1632347126.145500",
        "team": "TJE58GTJL",
        "user_team": "TJE58GTJL",
        "source_team": "TJE58GTJL",
        "user_profile": {
            "avatar_hash": "2dd59ccfdd24",
            "image_72": "https:\/\/avatars.slack-edge.com\/2021-08-30\/2435288461090_2dd59ccfdd24df3c0680_72.jpg",
            "first_name": "Mariela",
            "real_name": "Mariela Azcuy",
            "display_name": "Mariela Azcuy",
            "team": "TJE58GTJL",
            "name": "mariela",
            "is_restricted": false,
            "is_ultra_restricted": false
        },
        "blocks": [
            {
                "type": "rich_text",
                "block_id": "cEX",
                "elements": [
                    {
                        "type": "rich_text_section",
                        "elements": [
                            {
                                "type": "text",
                                "text": "Hello everyone - I’m  a one person content team at a primarily PR agency. I have what I call 5 “proactive” content clients — meaning they pay specifically for content and we do ongoing work with them like their editorial calendar, blogs, podcasts at times, etc. (I also have “reactive” clients but that’s for another post). My question is for other content teams of one at an agency handling multiple clients. Where do your services begin and end? For example, right now we do basically no measurement. We don’t have the resources\/capacity but also our clients don’t seem to care much. It’s obviously something I want to build to but I’m wondering if I’m the only one out there in this position."
                            }
                        ]
                    }
                ]
            }
        ]
    },
    {
        "client_msg_id": "fe79cac6-95d5-4221-b6a7-99d8c67d7f2c",
        "type": "message",
        "text": "Also if there are any other content people within PR agencies here, would love to connect. As background, the first 12 years in my career were in PR (agencies and in house)!",
        "user": "U02DGSHG0SU",
        "ts": "1632347216.146400",
        "team": "TJE58GTJL",
        "user_team": "TJE58GTJL",
        "source_team": "TJE58GTJL",
        "user_profile": {
            "avatar_hash": "2dd59ccfdd24",
            "image_72": "https:\/\/avatars.slack-edge.com\/2021-08-30\/2435288461090_2dd59ccfdd24df3c0680_72.jpg",
            "first_name": "Mariela",
            "real_name": "Mariela Azcuy",
            "display_name": "Mariela Azcuy",
            "team": "TJE58GTJL",
            "name": "mariela",
            "is_restricted": false,
            "is_ultra_restricted": false
        },
        "blocks": [
            {
                "type": "rich_text",
                "block_id": "erGy",
                "elements": [
                    {
                        "type": "rich_text_section",
                        "elements": [
                            {
                                "type": "text",
                                "text": "Also if there are any other content people within PR agencies here, would love to connect. As background, the first 12 years in my career were in PR (agencies and in house)!"
                            }
                        ]
                    }
                ]
            }
        ]
    }
]