[
    {
        "client_msg_id": "6ada57c1-6b53-480a-9e2b-57adedd700b7",
        "type": "message",
        "text": "Hey all.\n\nI run <http:\/\/yourcontentmart.co|yourcontentmart.co>, a content marketing agency for SaaS companies.\n\nWe help our clients generate high-quality traffic and increase user signups through content marketing.\n\nA pleasure to be here and happy to connect with you all.",
        "user": "U016LHA1BHP",
        "ts": "1621985606.034400",
        "team": "TJE58GTJL",
        "user_team": "TJE58GTJL",
        "source_team": "TJE58GTJL",
        "user_profile": {
            "avatar_hash": "gfb59b3218c9",
            "image_72": "https:\/\/secure.gravatar.com\/avatar\/fb59b3218c924e1327d5b033f0098ce0.jpg?s=72&d=https%3A%2F%2Fa.slack-edge.com%2Fdf10d%2Fimg%2Favatars%2Fava_0025-72.png",
            "first_name": "AbdulGaniy",
            "real_name": "AbdulGaniy Shehu",
            "display_name": "AbdulGaniy Shehu",
            "team": "TJE58GTJL",
            "name": "abdulganiyshehu",
            "is_restricted": false,
            "is_ultra_restricted": false
        },
        "blocks": [
            {
                "type": "rich_text",
                "block_id": "eIM",
                "elements": [
                    {
                        "type": "rich_text_section",
                        "elements": [
                            {
                                "type": "text",
                                "text": "Hey all.\n\nI run "
                            },
                            {
                                "type": "link",
                                "url": "http:\/\/yourcontentmart.co",
                                "text": "yourcontentmart.co"
                            },
                            {
                                "type": "text",
                                "text": ", a content marketing agency for SaaS companies.\n\nWe help our clients generate high-quality traffic and increase user signups through content marketing.\n\nA pleasure to be here and happy to connect with you all."
                            }
                        ]
                    }
                ]
            }
        ],
        "thread_ts": "1621358466.003000",
        "parent_user_id": "U01T06G8NAC",
        "reactions": [
            {
                "name": "hearts",
                "users": [
                    "U024K88ECFN"
                ],
                "count": 1
            }
        ]
    }
]