[
    {
        "bot_id": "B023BC3A2UV",
        "type": "message",
        "text": "_[sponsored]_ Many thanks to <https:\/\/www.campaignmonitor.com\/agencies\/?utm_source=superpath&amp;utm_medium=sponsoredcontent|Campaign Monitor> for supporting our community by sponsoring this channel! :partygritty::pray: Campaign Monitor was founded by two agency owners looking for a better email solution. It features a dashboard to track multiple clients and white-label branding so you can use whatever logos, colors and fonts you'd like. <https:\/\/www.campaignmonitor.com\/agencies\/?utm_source=superpath&amp;utm_medium=sponsoredcontent|You can learn more about its agency features here.> Thanks again CM team!",
        "user": "UJG9WTEKG",
        "ts": "1633532400.216400",
        "team": "TJE58GTJL",
        "bot_profile": {
            "id": "B023BC3A2UV",
            "app_id": "AL3SX1B6J",
            "name": "Send It Later",
            "icons": {
                "image_36": "https:\/\/avatars.slack-edge.com\/2019-07-02\/671777182994_a14924be81a633327b73_36.png",
                "image_48": "https:\/\/avatars.slack-edge.com\/2019-07-02\/671777182994_a14924be81a633327b73_48.png",
                "image_72": "https:\/\/avatars.slack-edge.com\/2019-07-02\/671777182994_a14924be81a633327b73_72.png"
            },
            "deleted": false,
            "updated": 1622231340,
            "team_id": "TJE58GTJL"
        },
        "edited": {
            "user": "B023BC3A2UV",
            "ts": "1633532401.000000"
        },
        "attachments": [
            {
                "title": "Email Marketing Software for Agencies | Campaign Monitor",
                "title_link": "https:\/\/www.campaignmonitor.com\/agencies\/?utm_source=superpath&utm_medium=sponsoredcontent",
                "text": "Drive recurring revenue for your agency with our private label email marketing software. See why agencies prefer Campaign Monitor. Ask about our discount!",
                "fallback": "Email Marketing Software for Agencies | Campaign Monitor",
                "image_url": "https:\/\/www.campaignmonitor.com\/wp-content\/themes\/cm-theme\/assets\/brand\/campaignmonitor.jpg",
                "from_url": "https:\/\/www.campaignmonitor.com\/agencies\/?utm_source=superpath&utm_medium=sponsoredcontent",
                "image_width": 476,
                "image_height": 250,
                "image_bytes": 56944,
                "service_name": "campaignmonitor.com",
                "id": 1,
                "original_url": "https:\/\/www.campaignmonitor.com\/agencies\/?utm_source=superpath&amp;utm_medium=sponsoredcontent"
            }
        ],
        "reactions": [
            {
                "name": "first_place_medal",
                "users": [
                    "U02BRGBQZ8F"
                ],
                "count": 1
            },
            {
                "name": "fire",
                "users": [
                    "UJG9WTEKG",
                    "U02B60S6FBM"
                ],
                "count": 2
            },
            {
                "name": "eyes",
                "users": [
                    "U02CCU35W0L"
                ],
                "count": 1
            }
        ]
    },
    {
        "client_msg_id": "7c5d50ce-42e0-4410-8b4b-f0e5393d6cee",
        "type": "message",
        "text": "Any fellow agency owners\/CEOs interested in a conversation (1:1 or group) on client account structure \/ roles \/ how to optimize teams within a content agency? PM me or reply here if so!",
        "user": "U01N4EQQTL6",
        "ts": "1633553107.223400",
        "team": "TJE58GTJL",
        "user_team": "TJE58GTJL",
        "source_team": "TJE58GTJL",
        "user_profile": {
            "avatar_hash": "c1a8242648ec",
            "image_72": "https:\/\/avatars.slack-edge.com\/2021-02-22\/1779468503170_c1a8242648ece4a8cb11_72.png",
            "first_name": "Meg",
            "real_name": "Meg Scarborough",
            "display_name": "Meg Scarborough",
            "team": "TJE58GTJL",
            "name": "meg851",
            "is_restricted": false,
            "is_ultra_restricted": false
        },
        "blocks": [
            {
                "type": "rich_text",
                "block_id": "AddSk",
                "elements": [
                    {
                        "type": "rich_text_section",
                        "elements": [
                            {
                                "type": "text",
                                "text": "Any fellow agency owners\/CEOs interested in a conversation (1:1 or group) on client account structure \/ roles \/ how to optimize teams within a content agency? PM me or reply here if so!"
                            }
                        ]
                    }
                ]
            }
        ],
        "thread_ts": "1633553107.223400",
        "reply_count": 8,
        "reply_users_count": 4,
        "latest_reply": "1634676621.272900",
        "reply_users": [
            "U0241GTJEDC",
            "U024K88ECFN",
            "U02AJEY8ACW",
            "U01N4EQQTL6"
        ],
        "replies": [
            {
                "user": "U0241GTJEDC",
                "ts": "1633615444.228300"
            },
            {
                "user": "U024K88ECFN",
                "ts": "1634160482.250800"
            },
            {
                "user": "U02AJEY8ACW",
                "ts": "1634570867.259600"
            },
            {
                "user": "U01N4EQQTL6",
                "ts": "1634667589.272000"
            },
            {
                "user": "U024K88ECFN",
                "ts": "1634673898.272200"
            },
            {
                "user": "U0241GTJEDC",
                "ts": "1634676594.272400"
            },
            {
                "user": "U01N4EQQTL6",
                "ts": "1634676613.272600"
            },
            {
                "user": "U01N4EQQTL6",
                "ts": "1634676621.272900"
            }
        ],
        "is_locked": false,
        "subscribed": false,
        "reactions": [
            {
                "name": "rocket",
                "users": [
                    "UJG9WTEKG"
                ],
                "count": 1
            }
        ]
    },
    {
        "client_msg_id": "AD28730C-26DB-47D5-9ADB-BB9CC2DB8B4D",
        "type": "message",
        "text": "Hey everyone! I’m Marisol, founder &amp; lead strategist of a ad growth agency. I have a question in terms of a upcoming client… They want to hire us on a 6 month contract basis to run some ads for them for however the client is in the digital health space they’re asking for a background check. How would I go about navigating this? Are they allowed to background check me and my employees or will they simply do a company check. Thanks in advance for any advice :slightly_smiling_face: ",
        "user": "U02D7AVKCGZ",
        "ts": "1633562226.228200",
        "team": "TJE58GTJL",
        "user_team": "TJE58GTJL",
        "source_team": "TJE58GTJL",
        "user_profile": {
            "avatar_hash": "806dc075f7a3",
            "image_72": "https:\/\/avatars.slack-edge.com\/2021-10-06\/2599736547120_806dc075f7a37ee8ff7c_72.png",
            "first_name": "Marisol",
            "real_name": "Marisol S",
            "display_name": "",
            "team": "TJE58GTJL",
            "name": "sandersmarisol",
            "is_restricted": false,
            "is_ultra_restricted": false
        },
        "blocks": [
            {
                "type": "rich_text",
                "block_id": "t1r2u",
                "elements": [
                    {
                        "type": "rich_text_section",
                        "elements": [
                            {
                                "type": "text",
                                "text": "Hey everyone! I’m Marisol, founder & lead strategist of a ad growth agency. I have a question in terms of a upcoming client… They want to hire us on a 6 month contract basis to run some ads for them for however the client is in the digital health space they’re asking for a background check. How would I go about navigating this? Are they allowed to background check me and my employees or will they simply do a company check. Thanks in advance for any advice "
                            },
                            {
                                "type": "emoji",
                                "name": "slightly_smiling_face"
                            },
                            {
                                "type": "text",
                                "text": " "
                            }
                        ]
                    }
                ]
            }
        ],
        "thread_ts": "1633562226.228200",
        "reply_count": 2,
        "reply_users_count": 2,
        "latest_reply": "1635364191.021700",
        "reply_users": [
            "U029CTQ5X6Y",
            "U02D7AVKCGZ"
        ],
        "replies": [
            {
                "user": "U029CTQ5X6Y",
                "ts": "1634120213.241800"
            },
            {
                "user": "U02D7AVKCGZ",
                "ts": "1635364191.021700"
            }
        ],
        "is_locked": false,
        "subscribed": false
    }
]