[
    {
        "client_msg_id": "cf4ebca3-c022-49fb-a7a8-a0b4412377e9",
        "type": "message",
        "text": "Content marketing manager",
        "user": "U02AJEY8ACW",
        "ts": "1632232064.132800",
        "team": "TJE58GTJL",
        "user_team": "TJE58GTJL",
        "source_team": "TJE58GTJL",
        "user_profile": {
            "avatar_hash": "a3fa1c4342fb",
            "image_72": "https:\/\/avatars.slack-edge.com\/2021-08-11\/2393938925632_a3fa1c4342fb8d904897_72.jpg",
            "first_name": "Maeva",
            "real_name": "Maeva Cifuentes",
            "display_name": "Maeva",
            "team": "TJE58GTJL",
            "name": "maeva",
            "is_restricted": false,
            "is_ultra_restricted": false
        },
        "blocks": [
            {
                "type": "rich_text",
                "block_id": "P3dm0",
                "elements": [
                    {
                        "type": "rich_text_section",
                        "elements": [
                            {
                                "type": "text",
                                "text": "Content marketing manager"
                            }
                        ]
                    }
                ]
            }
        ],
        "thread_ts": "1632168878.131700",
        "parent_user_id": "U01U4QYEXBJ"
    },
    {
        "client_msg_id": "c5fc2562-7a93-4577-b0df-4e634651582d",
        "type": "message",
        "text": "<@U01U4QYEXBJ> I am on the \"specialist\" bandwagon. I work P\/T and my role is \"Senior Marketing Specialist\"",
        "user": "U02CZJT4FDG",
        "ts": "1632244068.138300",
        "team": "TJE58GTJL",
        "user_team": "TJE58GTJL",
        "source_team": "TJE58GTJL",
        "user_profile": {
            "avatar_hash": "a135302ef51a",
            "image_72": "https:\/\/avatars.slack-edge.com\/2021-08-31\/2439146771077_a135302ef51af6681b26_72.jpg",
            "first_name": "Ryan",
            "real_name": "Ryan Paul Gibson",
            "display_name": "Ryan Paul Gibson",
            "team": "TJE58GTJL",
            "name": "ryanpaulgibson",
            "is_restricted": false,
            "is_ultra_restricted": false
        },
        "blocks": [
            {
                "type": "rich_text",
                "block_id": "8HUX",
                "elements": [
                    {
                        "type": "rich_text_section",
                        "elements": [
                            {
                                "type": "user",
                                "user_id": "U01U4QYEXBJ"
                            },
                            {
                                "type": "text",
                                "text": " I am on the \"specialist\" bandwagon. I work P\/T and my role is \"Senior Marketing Specialist\""
                            }
                        ]
                    }
                ]
            }
        ],
        "thread_ts": "1632168878.131700",
        "parent_user_id": "U01U4QYEXBJ"
    }
]