[
    {
        "client_msg_id": "9C6C1A40-6945-44EC-9253-8CB6C8A0A826",
        "type": "message",
        "text": "<@UJG9WTEKG> - Does the enterprise version allow for more than 50K rows of data? ",
        "user": "U01P13NTGG6",
        "ts": "1634360331.258800",
        "team": "TJE58GTJL",
        "user_team": "TJE58GTJL",
        "source_team": "TJE58GTJL",
        "user_profile": {
            "avatar_hash": "1625b1f12011",
            "image_72": "https:\/\/avatars.slack-edge.com\/2021-02-24\/1775273585607_1625b1f12011f553efc5_72.png",
            "first_name": "Skyler",
            "real_name": "Skyler Reeves",
            "display_name": "Skyler Reeves",
            "team": "TJE58GTJL",
            "name": "skyler",
            "is_restricted": false,
            "is_ultra_restricted": false
        },
        "blocks": [
            {
                "type": "rich_text",
                "block_id": "auV",
                "elements": [
                    {
                        "type": "rich_text_section",
                        "elements": [
                            {
                                "type": "user",
                                "user_id": "UJG9WTEKG"
                            },
                            {
                                "type": "text",
                                "text": " - Does the enterprise version allow for more than 50K rows of data? "
                            }
                        ]
                    }
                ]
            }
        ],
        "thread_ts": "1634157722.250400",
        "parent_user_id": "U02DR25115J"
    }
]