[
    {
        "client_msg_id": "b52bf12c-c524-4100-91ed-3761e0db7f1d",
        "type": "message",
        "text": "Try reading Scale Up and Good to Great. Send me a PM, I will happily send the pdfs your way",
        "user": "U02RT4N4L8H",
        "ts": "1640051820.232400",
        "team": "TJE58GTJL",
        "user_team": "TJE58GTJL",
        "source_team": "TJE58GTJL",
        "user_profile": {
            "avatar_hash": "g1f64915713a",
            "image_72": "https:\/\/secure.gravatar.com\/avatar\/1f64915713ace7514ab4f9eb246616bc.jpg?s=72&d=https%3A%2F%2Fa.slack-edge.com%2Fdf10d%2Fimg%2Favatars%2Fava_0013-72.png",
            "first_name": "Sourav",
            "real_name": "Sourav Ratul",
            "display_name": "",
            "team": "TJE58GTJL",
            "name": "ratul",
            "is_restricted": false,
            "is_ultra_restricted": false
        },
        "blocks": [
            {
                "type": "rich_text",
                "block_id": "+XJ",
                "elements": [
                    {
                        "type": "rich_text_section",
                        "elements": [
                            {
                                "type": "text",
                                "text": "Try reading Scale Up and Good to Great. Send me a PM, I will happily send the pdfs your way"
                            }
                        ]
                    }
                ]
            }
        ],
        "thread_ts": "1638979544.186800",
        "parent_user_id": "U02PFKMM6SV"
    }
]