[
    {
        "type": "message",
        "subtype": "tombstone",
        "text": "This message was deleted.",
        "user": "USLACKBOT",
        "hidden": true,
        "ts": "1637949972.133400",
        "thread_ts": "1637949972.133400",
        "parent_user_id": "USLACKBOT",
        "reply_count": 1,
        "reply_users_count": 1,
        "latest_reply": "1638228858.147400",
        "reply_users": [
            "UJG9WTEKG"
        ],
        "replies": [
            {
                "user": "UJG9WTEKG",
                "ts": "1638228858.147400"
            }
        ],
        "is_locked": false,
        "subscribed": true,
        "last_read": "1638228858.147400"
    }
]