[
    {
        "client_msg_id": "75B37314-86FF-4892-ADFB-D02CD92E4661",
        "type": "message",
        "text": "Agency owners: Have any of you seen success using commission-based salespeople or appointment setting tools to grow your client base? We're in an uncomfortable point where we've grown beyond referral-based clients but haven't mastered the art of getting consistent new leads. \n\nOpen to any and all suggestions!",
        "user": "U024K88ECFN",
        "ts": "1629830907.051800",
        "team": "TJE58GTJL",
        "user_team": "TJE58GTJL",
        "source_team": "TJE58GTJL",
        "user_profile": {
            "avatar_hash": "00c4a04080e3",
            "image_72": "https:\/\/avatars.slack-edge.com\/2022-03-23\/3286590119379_00c4a04080e367a58cfc_72.png",
            "first_name": "Rebekah",
            "real_name": "Rebekah Edwards",
            "display_name": "Rebekah Edwards",
            "team": "TJE58GTJL",
            "name": "rebekah473",
            "is_restricted": false,
            "is_ultra_restricted": false
        },
        "blocks": [
            {
                "type": "rich_text",
                "block_id": "9SH",
                "elements": [
                    {
                        "type": "rich_text_section",
                        "elements": [
                            {
                                "type": "text",
                                "text": "Agency owners: Have any of you seen success using commission-based salespeople or appointment setting tools to grow your client base? We're in an uncomfortable point where we've grown beyond referral-based clients but haven't mastered the art of getting consistent new leads. \n"
                            },
                            {
                                "type": "text",
                                "text": "\nOpen to any and all suggestions!"
                            }
                        ]
                    }
                ]
            }
        ],
        "thread_ts": "1629830907.051800",
        "reply_count": 12,
        "reply_users_count": 5,
        "latest_reply": "1629911003.065900",
        "reply_users": [
            "ULKUFTFPW",
            "U024K88ECFN",
            "U01P13NTGG6",
            "U0241GTJEDC",
            "UJG9WTEKG"
        ],
        "replies": [
            {
                "user": "ULKUFTFPW",
                "ts": "1629831806.051900"
            },
            {
                "user": "U024K88ECFN",
                "ts": "1629833292.052200"
            },
            {
                "user": "ULKUFTFPW",
                "ts": "1629840171.055500"
            },
            {
                "user": "U01P13NTGG6",
                "ts": "1629850563.058200"
            },
            {
                "user": "U024K88ECFN",
                "ts": "1629851913.058600"
            },
            {
                "user": "U01P13NTGG6",
                "ts": "1629855887.063900"
            },
            {
                "user": "U0241GTJEDC",
                "ts": "1629908525.064800"
            },
            {
                "user": "U024K88ECFN",
                "ts": "1629909251.065100"
            },
            {
                "user": "UJG9WTEKG",
                "ts": "1629910173.065300"
            },
            {
                "user": "U0241GTJEDC",
                "ts": "1629910289.065500"
            },
            {
                "user": "U024K88ECFN",
                "ts": "1629910990.065700"
            },
            {
                "user": "U024K88ECFN",
                "ts": "1629911003.065900"
            }
        ],
        "is_locked": false,
        "subscribed": true,
        "last_read": "1629911003.065900"
    },
    {
        "client_msg_id": "2fdba2d1-d663-44b9-8b14-d1018c8de1ab",
        "type": "message",
        "text": "Honestly, I've found that a strong thought leadership marketing program is key before bringing on salespeople.",
        "user": "ULKUFTFPW",
        "ts": "1629831806.051900",
        "team": "TJE58GTJL",
        "user_team": "TJE58GTJL",
        "source_team": "TJE58GTJL",
        "user_profile": {
            "avatar_hash": "05a6aa1af83c",
            "image_72": "https:\/\/avatars.slack-edge.com\/2021-03-10\/1851102748596_05a6aa1af83c15a830e7_72.jpg",
            "first_name": "David",
            "real_name": "David C Hoos",
            "display_name": "David Hoos",
            "team": "TJE58GTJL",
            "name": "david.c.hoos",
            "is_restricted": false,
            "is_ultra_restricted": false
        },
        "blocks": [
            {
                "type": "rich_text",
                "block_id": "VuW6d",
                "elements": [
                    {
                        "type": "rich_text_section",
                        "elements": [
                            {
                                "type": "text",
                                "text": "Honestly, I've found that a strong thought leadership marketing program is key before bringing on salespeople."
                            }
                        ]
                    }
                ]
            }
        ],
        "thread_ts": "1629830907.051800",
        "parent_user_id": "U024K88ECFN",
        "reactions": [
            {
                "name": "raised_hands::skin-tone-2",
                "users": [
                    "U024K88ECFN"
                ],
                "count": 1
            },
            {
                "name": "+1",
                "users": [
                    "U02CJS84J1X"
                ],
                "count": 1
            }
        ]
    },
    {
        "client_msg_id": "d4f47722-47e1-4983-a50e-4ce5bbb6b9df",
        "type": "message",
        "text": "Can you break that down for me a bit?",
        "user": "U024K88ECFN",
        "ts": "1629833292.052200",
        "team": "TJE58GTJL",
        "user_team": "TJE58GTJL",
        "source_team": "TJE58GTJL",
        "user_profile": {
            "avatar_hash": "00c4a04080e3",
            "image_72": "https:\/\/avatars.slack-edge.com\/2022-03-23\/3286590119379_00c4a04080e367a58cfc_72.png",
            "first_name": "Rebekah",
            "real_name": "Rebekah Edwards",
            "display_name": "Rebekah Edwards",
            "team": "TJE58GTJL",
            "name": "rebekah473",
            "is_restricted": false,
            "is_ultra_restricted": false
        },
        "blocks": [
            {
                "type": "rich_text",
                "block_id": "dU2q",
                "elements": [
                    {
                        "type": "rich_text_section",
                        "elements": [
                            {
                                "type": "text",
                                "text": "Can you break that down for me a bit?"
                            }
                        ]
                    }
                ]
            }
        ],
        "thread_ts": "1629830907.051800",
        "parent_user_id": "U024K88ECFN"
    },
    {
        "client_msg_id": "AD45E847-8EDC-4CF4-BB91-F17A9386923B",
        "type": "message",
        "text": "Basically, reflecting on the type of unique thinking that informs your business and packaging that into conference presentations, social posts, blog content, etc. <http:\/\/Animalz.com|Animalz.com> is a great example of what that looks like",
        "user": "ULKUFTFPW",
        "ts": "1629840171.055500",
        "team": "TJE58GTJL",
        "user_team": "TJE58GTJL",
        "source_team": "TJE58GTJL",
        "user_profile": {
            "avatar_hash": "05a6aa1af83c",
            "image_72": "https:\/\/avatars.slack-edge.com\/2021-03-10\/1851102748596_05a6aa1af83c15a830e7_72.jpg",
            "first_name": "David",
            "real_name": "David C Hoos",
            "display_name": "David Hoos",
            "team": "TJE58GTJL",
            "name": "david.c.hoos",
            "is_restricted": false,
            "is_ultra_restricted": false
        },
        "blocks": [
            {
                "type": "rich_text",
                "block_id": "xR8S",
                "elements": [
                    {
                        "type": "rich_text_section",
                        "elements": [
                            {
                                "type": "text",
                                "text": "Basically, reflecting on the type of unique thinking that informs your business and packaging that into conference presentations, social posts, blog content, etc. "
                            },
                            {
                                "type": "link",
                                "url": "http:\/\/Animalz.com",
                                "text": "Animalz.com"
                            },
                            {
                                "type": "text",
                                "text": " is a great example of what that looks like"
                            }
                        ]
                    }
                ]
            }
        ],
        "thread_ts": "1629830907.051800",
        "parent_user_id": "U024K88ECFN",
        "reactions": [
            {
                "name": "hearts",
                "users": [
                    "U024K88ECFN"
                ],
                "count": 1
            }
        ]
    },
    {
        "client_msg_id": "E09D861A-623E-4D8F-AC52-7DC5785D0EAA",
        "type": "message",
        "text": "Short answer. Yes. Thought leadership is the long-term goal, but commission-based sales with the right offer can fill the gap in the meantime. ",
        "user": "U01P13NTGG6",
        "ts": "1629850563.058200",
        "team": "TJE58GTJL",
        "user_team": "TJE58GTJL",
        "source_team": "TJE58GTJL",
        "user_profile": {
            "avatar_hash": "1625b1f12011",
            "image_72": "https:\/\/avatars.slack-edge.com\/2021-02-24\/1775273585607_1625b1f12011f553efc5_72.png",
            "first_name": "Skyler",
            "real_name": "Skyler Reeves",
            "display_name": "Skyler Reeves",
            "team": "TJE58GTJL",
            "name": "skyler",
            "is_restricted": false,
            "is_ultra_restricted": false
        },
        "blocks": [
            {
                "type": "rich_text",
                "block_id": "2IU",
                "elements": [
                    {
                        "type": "rich_text_section",
                        "elements": [
                            {
                                "type": "text",
                                "text": "Short answer. Yes. Thought leadership is the long-term goal, but commission-based sales with the right offer can fill the gap in the meantime. "
                            }
                        ]
                    }
                ]
            }
        ],
        "thread_ts": "1629830907.051800",
        "parent_user_id": "U024K88ECFN",
        "reactions": [
            {
                "name": "raised_hands::skin-tone-2",
                "users": [
                    "U024K88ECFN"
                ],
                "count": 1
            }
        ]
    },
    {
        "client_msg_id": "c89ddc37-e86c-425a-94ab-ce0669fb77ff",
        "type": "message",
        "text": "<@ULKUFTFPW> Thank you for the clarity there! I definitely agree, but I also think <@U01P13NTGG6> is speaking my language as well. Skyler, do you have any recommendations of tools you've used (like appointment-setting services, etc.) that work well, or where you've found commission-based salespeople that have worked out well?",
        "user": "U024K88ECFN",
        "ts": "1629851913.058600",
        "team": "TJE58GTJL",
        "user_team": "TJE58GTJL",
        "source_team": "TJE58GTJL",
        "user_profile": {
            "avatar_hash": "00c4a04080e3",
            "image_72": "https:\/\/avatars.slack-edge.com\/2022-03-23\/3286590119379_00c4a04080e367a58cfc_72.png",
            "first_name": "Rebekah",
            "real_name": "Rebekah Edwards",
            "display_name": "Rebekah Edwards",
            "team": "TJE58GTJL",
            "name": "rebekah473",
            "is_restricted": false,
            "is_ultra_restricted": false
        },
        "blocks": [
            {
                "type": "rich_text",
                "block_id": "JGXKy",
                "elements": [
                    {
                        "type": "rich_text_section",
                        "elements": [
                            {
                                "type": "user",
                                "user_id": "ULKUFTFPW"
                            },
                            {
                                "type": "text",
                                "text": " Thank you for the clarity there! I definitely agree, but I also think "
                            },
                            {
                                "type": "user",
                                "user_id": "U01P13NTGG6"
                            },
                            {
                                "type": "text",
                                "text": " is speaking my language as well. Skyler, do you have any recommendations of tools you've used (like appointment-setting services, etc.) that work well, or where you've found commission-based salespeople that have worked out well?"
                            }
                        ]
                    }
                ]
            }
        ],
        "thread_ts": "1629830907.051800",
        "parent_user_id": "U024K88ECFN"
    },
    {
        "client_msg_id": "3FBC89EA-958A-4CEC-A1F1-A9BF40B21AC5",
        "type": "message",
        "text": "I like Growbots for outreach. The key, as always, is to have a damn good offer. We work with a former copywriter who does lead gen for us. The commission-based sales route works well too. We just had a hard time finding someone who could really grasp what we do since it's so technical and we're just engineers and haven't figure out how to properly explain it beyond pointing at results and math. :sweat_smile:\n\n<@UJG9WTEKG> might have some insight here from a sales standpoint since he used to rock that for Animalz. ",
        "user": "U01P13NTGG6",
        "ts": "1629855887.063900",
        "team": "TJE58GTJL",
        "user_team": "TJE58GTJL",
        "source_team": "TJE58GTJL",
        "user_profile": {
            "avatar_hash": "1625b1f12011",
            "image_72": "https:\/\/avatars.slack-edge.com\/2021-02-24\/1775273585607_1625b1f12011f553efc5_72.png",
            "first_name": "Skyler",
            "real_name": "Skyler Reeves",
            "display_name": "Skyler Reeves",
            "team": "TJE58GTJL",
            "name": "skyler",
            "is_restricted": false,
            "is_ultra_restricted": false
        },
        "edited": {
            "user": "U01P13NTGG6",
            "ts": "1629893099.000000"
        },
        "blocks": [
            {
                "type": "rich_text",
                "block_id": "fyWwZ",
                "elements": [
                    {
                        "type": "rich_text_section",
                        "elements": [
                            {
                                "type": "text",
                                "text": "I like Growbots for outreach. The key, as always, is to have a damn good offer. We work with a former copywriter who does lead gen for us. The commission-based sales route works well too. We just had a hard time finding someone who could really grasp what we do since it's so technical and we're just engineers and haven't figure out how to properly explain it beyond pointing at results and math. "
                            },
                            {
                                "type": "emoji",
                                "name": "sweat_smile"
                            },
                            {
                                "type": "text",
                                "text": "\n\n"
                            },
                            {
                                "type": "user",
                                "user_id": "UJG9WTEKG"
                            },
                            {
                                "type": "text",
                                "text": " might have some insight here from a sales standpoint since he used to rock that for Animalz. "
                            }
                        ]
                    }
                ]
            }
        ],
        "thread_ts": "1629830907.051800",
        "parent_user_id": "U024K88ECFN",
        "reactions": [
            {
                "name": "hearts",
                "users": [
                    "U024K88ECFN",
                    "U016LHA1BHP"
                ],
                "count": 2
            }
        ]
    }
]