[
    {
        "client_msg_id": "0e652dcf-77b0-4243-9cf5-4f038853294f",
        "type": "message",
        "text": "Late to the thread, but our agency’s CEO has taken to linkedin videos to discuss various aspects of what we do, industry trends, discussions, polls, New Things We Noticed, etc. It’s turned into many warm leads for our agency, from what I gather.\n\nSometimes people will comment on the videos, which evolves into a discussion, pitch, and contract.",
        "user": "U011QQDDSJV",
        "ts": "1637009976.099200",
        "team": "TJE58GTJL",
        "user_team": "TJE58GTJL",
        "source_team": "TJE58GTJL",
        "user_profile": {
            "avatar_hash": "26f290c29155",
            "image_72": "https:\/\/avatars.slack-edge.com\/2020-04-08\/1046081228023_26f290c2915541368412_72.png",
            "first_name": "Nikolas",
            "real_name": "Nikolas Wright",
            "display_name": "Nik",
            "team": "TJE58GTJL",
            "name": "wright.nikolas",
            "is_restricted": false,
            "is_ultra_restricted": false
        },
        "blocks": [
            {
                "type": "rich_text",
                "block_id": "cl+Zo",
                "elements": [
                    {
                        "type": "rich_text_section",
                        "elements": [
                            {
                                "type": "text",
                                "text": "Late to the thread, but our agency’s CEO has taken to linkedin videos to discuss various aspects of what we do, industry trends, discussions, polls, New Things We Noticed, etc. It’s turned into many warm leads for our agency, from what I gather.\n\nSometimes people will comment on the videos, which evolves into a discussion, pitch, and contract."
                            }
                        ]
                    }
                ]
            }
        ],
        "thread_ts": "1635895303.048100",
        "parent_user_id": "U024K88ECFN",
        "reactions": [
            {
                "name": "hearts",
                "users": [
                    "U024K88ECFN"
                ],
                "count": 1
            }
        ]
    },
    {
        "client_msg_id": "db9c5bf9-0343-44b8-a015-d9950ef03a68",
        "type": "message",
        "text": "<@U011QQDDSJV> I love that idea!",
        "user": "U024K88ECFN",
        "ts": "1637011157.099600",
        "team": "TJE58GTJL",
        "user_team": "TJE58GTJL",
        "source_team": "TJE58GTJL",
        "user_profile": {
            "avatar_hash": "00c4a04080e3",
            "image_72": "https:\/\/avatars.slack-edge.com\/2022-03-23\/3286590119379_00c4a04080e367a58cfc_72.png",
            "first_name": "Rebekah",
            "real_name": "Rebekah Edwards",
            "display_name": "Rebekah Edwards",
            "team": "TJE58GTJL",
            "name": "rebekah473",
            "is_restricted": false,
            "is_ultra_restricted": false
        },
        "blocks": [
            {
                "type": "rich_text",
                "block_id": "NrQZ",
                "elements": [
                    {
                        "type": "rich_text_section",
                        "elements": [
                            {
                                "type": "user",
                                "user_id": "U011QQDDSJV"
                            },
                            {
                                "type": "text",
                                "text": " I love that idea!"
                            }
                        ]
                    }
                ]
            }
        ],
        "thread_ts": "1635895303.048100",
        "parent_user_id": "U024K88ECFN"
    }
]