[
    {
        "client_msg_id": "c729f7f2-26e8-4ec7-9d56-b9db79c28ae6",
        "type": "message",
        "text": "Hi friends!\nPlease, tell me where to get the industry's best website award in the US?",
        "user": "U02H67U0F1C",
        "ts": "1634068147.241500",
        "team": "TJE58GTJL",
        "user_team": "TJE58GTJL",
        "source_team": "TJE58GTJL",
        "user_profile": {
            "avatar_hash": "20c2f20ddb8c",
            "image_72": "https:\/\/avatars.slack-edge.com\/2021-10-11\/2591526192930_20c2f20ddb8cf446d457_72.jpg",
            "first_name": "Vitalii",
            "real_name": "Vitalii Zhukovsky",
            "display_name": "Vitalii Zhukovsky",
            "team": "TJE58GTJL",
            "name": "vitaliizhukovsky",
            "is_restricted": false,
            "is_ultra_restricted": false
        },
        "blocks": [
            {
                "type": "rich_text",
                "block_id": "s7qe",
                "elements": [
                    {
                        "type": "rich_text_section",
                        "elements": [
                            {
                                "type": "text",
                                "text": "Hi friends!\nPlease, tell me where to get the industry's best website award in the US?"
                            }
                        ]
                    }
                ]
            }
        ]
    }
]