[
    {
        "client_msg_id": "8aa52069-3bb6-4e5b-b53c-eeafabe630d7",
        "type": "message",
        "text": "Does anyone have an IT services company or consultant you would recommend? My company is looking to get a cybersecurity assessment. Thank you.",
        "user": "U02EA5937MM",
        "ts": "1635871082.040400",
        "team": "TJE58GTJL",
        "user_team": "TJE58GTJL",
        "source_team": "TJE58GTJL",
        "user_profile": {
            "avatar_hash": "6d7691804435",
            "image_72": "https:\/\/avatars.slack-edge.com\/2021-09-16\/2498080127413_6d7691804435af842eab_72.jpg",
            "first_name": "Lauren",
            "real_name": "Lauren Dietlin (she\/her)",
            "display_name": "Lauren Dietlin",
            "team": "TJE58GTJL",
            "name": "lauren780",
            "is_restricted": false,
            "is_ultra_restricted": false
        },
        "blocks": [
            {
                "type": "rich_text",
                "block_id": "Q8iR",
                "elements": [
                    {
                        "type": "rich_text_section",
                        "elements": [
                            {
                                "type": "text",
                                "text": "Does anyone have an IT services company or consultant you would recommend? My company is looking to get a cybersecurity assessment. Thank you."
                            }
                        ]
                    }
                ]
            }
        ],
        "thread_ts": "1635871082.040400",
        "reply_count": 2,
        "reply_users_count": 2,
        "latest_reply": "1636505102.079500",
        "reply_users": [
            "UJ934FU3B",
            "U02EA5937MM"
        ],
        "replies": [
            {
                "user": "UJ934FU3B",
                "ts": "1636473264.076400"
            },
            {
                "user": "U02EA5937MM",
                "ts": "1636505102.079500"
            }
        ],
        "is_locked": false,
        "subscribed": false
    },
    {
        "client_msg_id": "d79d1d0f-a876-4e31-bbdb-4c8c31564ac0",
        "type": "message",
        "text": "Honest question for agency owners\/salesfolk: Am I the only person who feels like building a brand on LinkedIn only works to connect with other content marketing pros? I try to publish content targeted to offer value to decision-makers that would hire us, but it seems like I'm just interacting with other people in my industry rather than potential clients.\n\nFWIW, I have been connecting (for a few months now) with people at companies I'd love to work with. I've had many successful connection requests, but tbh none of them seem to be very active on the platform. I'm just wondering if all this is actually worth the effort.",
        "user": "U024K88ECFN",
        "ts": "1635895303.048100",
        "team": "TJE58GTJL",
        "user_team": "TJE58GTJL",
        "source_team": "TJE58GTJL",
        "user_profile": {
            "avatar_hash": "00c4a04080e3",
            "image_72": "https:\/\/avatars.slack-edge.com\/2022-03-23\/3286590119379_00c4a04080e367a58cfc_72.png",
            "first_name": "Rebekah",
            "real_name": "Rebekah Edwards",
            "display_name": "Rebekah Edwards",
            "team": "TJE58GTJL",
            "name": "rebekah473",
            "is_restricted": false,
            "is_ultra_restricted": false
        },
        "blocks": [
            {
                "type": "rich_text",
                "block_id": "2c=",
                "elements": [
                    {
                        "type": "rich_text_section",
                        "elements": [
                            {
                                "type": "text",
                                "text": "Honest question for agency owners\/salesfolk: Am I the only person who feels like building a brand on LinkedIn only works to connect with other content marketing pros? I try to publish content targeted to offer value to decision-makers that would hire us, but it seems like I'm just interacting with other people in my industry rather than potential clients.\n\nFWIW, I have been connecting (for a few months now) with people at companies I'd love to work with. I've had many successful connection requests, but tbh none of them seem to be very active on the platform. I'm just wondering if all this is actually worth the effort."
                            }
                        ]
                    }
                ]
            }
        ],
        "thread_ts": "1635895303.048100",
        "reply_count": 22,
        "reply_users_count": 12,
        "latest_reply": "1637011157.099600",
        "reply_users": [
            "U01P13NTGG6",
            "U024K88ECFN",
            "U02L06T4MM2",
            "UUJBMNRNF",
            "U0241GTJEDC",
            "U02E02NL6GM",
            "U01TBAF98H0",
            "U02CMUWPRFY",
            "U02J27W7K1B",
            "U01HEQWRG0G",
            "USLACKBOT",
            "U011QQDDSJV"
        ],
        "replies": [
            {
                "user": "U01P13NTGG6",
                "ts": "1635895999.048700"
            },
            {
                "user": "U024K88ECFN",
                "ts": "1635898194.049400"
            },
            {
                "user": "U02L06T4MM2",
                "ts": "1635900658.049600"
            },
            {
                "user": "U02L06T4MM2",
                "ts": "1635900694.049800"
            },
            {
                "user": "UUJBMNRNF",
                "ts": "1635911047.050000"
            },
            {
                "user": "UUJBMNRNF",
                "ts": "1635911141.050200"
            },
            {
                "user": "U024K88ECFN",
                "ts": "1635940719.051900"
            },
            {
                "user": "U024K88ECFN",
                "ts": "1635940915.056000"
            },
            {
                "user": "U0241GTJEDC",
                "ts": "1635953074.056400"
            },
            {
                "user": "U024K88ECFN",
                "ts": "1635956548.056700"
            },
            {
                "user": "U02E02NL6GM",
                "ts": "1635959484.056900"
            },
            {
                "user": "U024K88ECFN",
                "ts": "1635960129.057200"
            },
            {
                "user": "U01TBAF98H0",
                "ts": "1635980619.057800"
            },
            {
                "user": "U02E02NL6GM",
                "ts": "1635983076.058000"
            },
            {
                "user": "UUJBMNRNF",
                "ts": "1635994863.066800"
            },
            {
                "user": "U02CMUWPRFY",
                "ts": "1636147060.075000"
            },
            {
                "user": "U02J27W7K1B",
                "ts": "1636480797.076900"
            },
            {
                "user": "U01HEQWRG0G",
                "ts": "1636481129.077400"
            },
            {
                "user": "U024K88ECFN",
                "ts": "1636488644.078200"
            },
            {
                "user": "USLACKBOT",
                "ts": "1636488644.078400"
            },
            {
                "user": "U011QQDDSJV",
                "ts": "1637009976.099200"
            },
            {
                "user": "U024K88ECFN",
                "ts": "1637011157.099600"
            }
        ],
        "is_locked": false,
        "subscribed": false
    },
    {
        "client_msg_id": "E6A363BE-89DD-4D24-8676-B5E914C7305E",
        "type": "message",
        "text": "It's definitely a whole lot of marketers marketing marketing to marketers. ",
        "user": "U01P13NTGG6",
        "ts": "1635895999.048700",
        "team": "TJE58GTJL",
        "user_team": "TJE58GTJL",
        "source_team": "TJE58GTJL",
        "user_profile": {
            "avatar_hash": "1625b1f12011",
            "image_72": "https:\/\/avatars.slack-edge.com\/2021-02-24\/1775273585607_1625b1f12011f553efc5_72.png",
            "first_name": "Skyler",
            "real_name": "Skyler Reeves",
            "display_name": "Skyler Reeves",
            "team": "TJE58GTJL",
            "name": "skyler",
            "is_restricted": false,
            "is_ultra_restricted": false
        },
        "blocks": [
            {
                "type": "rich_text",
                "block_id": "u=q",
                "elements": [
                    {
                        "type": "rich_text_section",
                        "elements": [
                            {
                                "type": "text",
                                "text": "It's definitely a whole lot of marketers marketing marketing to marketers. "
                            }
                        ]
                    }
                ]
            }
        ],
        "thread_ts": "1635895303.048100",
        "parent_user_id": "U024K88ECFN",
        "reactions": [
            {
                "name": "rolling_on_the_floor_laughing",
                "users": [
                    "UUJBMNRNF",
                    "U02A8UR3Z60",
                    "U02FSAADN2E",
                    "U02GLJM8MST"
                ],
                "count": 4
            },
            {
                "name": "100",
                "users": [
                    "U01DEA6F7CH"
                ],
                "count": 1
            }
        ]
    },
    {
        "client_msg_id": "F632D4A0-6AE3-4A31-B129-60F62B687B90",
        "type": "message",
        "text": "FOR REAL! I’m wondering if I'm wasting all my time. :joy:",
        "user": "U024K88ECFN",
        "ts": "1635898194.049400",
        "team": "TJE58GTJL",
        "user_team": "TJE58GTJL",
        "source_team": "TJE58GTJL",
        "user_profile": {
            "avatar_hash": "00c4a04080e3",
            "image_72": "https:\/\/avatars.slack-edge.com\/2022-03-23\/3286590119379_00c4a04080e367a58cfc_72.png",
            "first_name": "Rebekah",
            "real_name": "Rebekah Edwards",
            "display_name": "Rebekah Edwards",
            "team": "TJE58GTJL",
            "name": "rebekah473",
            "is_restricted": false,
            "is_ultra_restricted": false
        },
        "blocks": [
            {
                "type": "rich_text",
                "block_id": "KNZ5P",
                "elements": [
                    {
                        "type": "rich_text_section",
                        "elements": [
                            {
                                "type": "text",
                                "text": "FOR REAL! I’m wondering if I'm wasting all my time. "
                            },
                            {
                                "type": "emoji",
                                "name": "joy"
                            }
                        ]
                    }
                ]
            }
        ],
        "thread_ts": "1635895303.048100",
        "parent_user_id": "U024K88ECFN"
    },
    {
        "client_msg_id": "8e201e6e-2dac-4a30-a5a1-60da401147c0",
        "type": "message",
        "text": "It might help to stop interacting with fellow content people and only like comment and share with your target audience.. eventually the algorithm will catch on to your new engagement pattern + the new people you're connecting with and start showing your posts to them",
        "user": "U02L06T4MM2",
        "ts": "1635900658.049600",
        "team": "TJE58GTJL",
        "user_team": "TJE58GTJL",
        "source_team": "TJE58GTJL",
        "user_profile": {
            "avatar_hash": "e5debb82b8da",
            "image_72": "https:\/\/avatars.slack-edge.com\/2021-11-02\/2690827921297_e5debb82b8da85ea1ff8_72.jpg",
            "first_name": "Christine",
            "real_name": "Christine Gomolka",
            "display_name": "Christine Gomolka",
            "team": "TJE58GTJL",
            "name": "christine",
            "is_restricted": false,
            "is_ultra_restricted": false
        },
        "blocks": [
            {
                "type": "rich_text",
                "block_id": "ShKX",
                "elements": [
                    {
                        "type": "rich_text_section",
                        "elements": [
                            {
                                "type": "text",
                                "text": "It might help to stop interacting with fellow content people and only like comment and share with your target audience.. eventually the algorithm will catch on to your new engagement pattern + the new people you're connecting with and start showing your posts to them"
                            }
                        ]
                    }
                ]
            }
        ],
        "thread_ts": "1635895303.048100",
        "parent_user_id": "U024K88ECFN",
        "reactions": [
            {
                "name": "+1",
                "users": [
                    "U01HEQWRG0G",
                    "U016QB6LQ9J",
                    "U01PZ9CMZ4Z"
                ],
                "count": 3
            }
        ]
    },
    {
        "client_msg_id": "5cd373ee-674a-4934-b172-b832c9261298",
        "type": "message",
        "text": "It can be tempting to keep engaging with other content people bc we relate to so much of what they post :joy:",
        "user": "U02L06T4MM2",
        "ts": "1635900694.049800",
        "team": "TJE58GTJL",
        "user_team": "TJE58GTJL",
        "source_team": "TJE58GTJL",
        "user_profile": {
            "avatar_hash": "e5debb82b8da",
            "image_72": "https:\/\/avatars.slack-edge.com\/2021-11-02\/2690827921297_e5debb82b8da85ea1ff8_72.jpg",
            "first_name": "Christine",
            "real_name": "Christine Gomolka",
            "display_name": "Christine Gomolka",
            "team": "TJE58GTJL",
            "name": "christine",
            "is_restricted": false,
            "is_ultra_restricted": false
        },
        "blocks": [
            {
                "type": "rich_text",
                "block_id": "7bi",
                "elements": [
                    {
                        "type": "rich_text_section",
                        "elements": [
                            {
                                "type": "text",
                                "text": "It can be tempting to keep engaging with other content people bc we relate to so much of what they post "
                            },
                            {
                                "type": "emoji",
                                "name": "joy"
                            }
                        ]
                    }
                ]
            }
        ],
        "thread_ts": "1635895303.048100",
        "parent_user_id": "U024K88ECFN"
    },
    {
        "client_msg_id": "118905d8-56f8-409b-b292-bc9f96c5695b",
        "type": "message",
        "text": "I feel like you probably have more lurkers who are in the decision-making role than you realize. We marketers just ABM - always be marketing. LOL. We can't help it.\n\nI do think it helps to remember that those who 'create' is a significantly lower number than those who passively engage or don't engage at all. It's much easier to keep scrolling than engage. We all know how much work it takes to create something and then put it out in the world to share.\n\nI work with a Founder who does not actively post or engage on social media. Yet, anytime we have a video call and do screen shares, they always have LinkedIn and Twitter open in other tabs! They're there...",
        "user": "UUJBMNRNF",
        "ts": "1635911047.050000",
        "team": "TJE58GTJL",
        "user_team": "TJE58GTJL",
        "source_team": "TJE58GTJL",
        "user_profile": {
            "avatar_hash": "g60cda1030c0",
            "image_72": "https:\/\/secure.gravatar.com\/avatar\/60cda1030c03869961d38a096c73158e.jpg?s=72&d=https%3A%2F%2Fa.slack-edge.com%2Fdf10d%2Fimg%2Favatars%2Fava_0024-72.png",
            "first_name": "Hannah",
            "real_name": "Hannah Wiginton",
            "display_name": "Hannah Wiginton",
            "team": "TJE58GTJL",
            "name": "hwiginton00",
            "is_restricted": false,
            "is_ultra_restricted": false
        },
        "blocks": [
            {
                "type": "rich_text",
                "block_id": "qFDo",
                "elements": [
                    {
                        "type": "rich_text_section",
                        "elements": [
                            {
                                "type": "text",
                                "text": "I feel like you probably have more lurkers who are in the decision-making role than you realize. We marketers just ABM - always be marketing. LOL. We can't help it.\n\nI do think it helps to remember that those who 'create' is a significantly lower number than those who passively engage or don't engage at all. It's much easier to keep scrolling than engage. We all know how much work it takes to create something and then put it out in the world to share.\n\nI work with a Founder who does not actively post or engage on social media. Yet, anytime we have a video call and do screen shares, they always have LinkedIn and Twitter open in other tabs! They're there..."
                            }
                        ]
                    }
                ]
            }
        ],
        "thread_ts": "1635895303.048100",
        "parent_user_id": "U024K88ECFN",
        "reactions": [
            {
                "name": "point_up_2",
                "users": [
                    "URLKJLWKS"
                ],
                "count": 1
            }
        ]
    },
    {
        "client_msg_id": "e5285f28-7d9f-429c-a615-06edc9d7cd44",
        "type": "message",
        "text": "The fact that your name\/image\/brand is most likely popping up in their feed on a regular basis is branding.",
        "user": "UUJBMNRNF",
        "ts": "1635911141.050200",
        "team": "TJE58GTJL",
        "user_team": "TJE58GTJL",
        "source_team": "TJE58GTJL",
        "user_profile": {
            "avatar_hash": "g60cda1030c0",
            "image_72": "https:\/\/secure.gravatar.com\/avatar\/60cda1030c03869961d38a096c73158e.jpg?s=72&d=https%3A%2F%2Fa.slack-edge.com%2Fdf10d%2Fimg%2Favatars%2Fava_0024-72.png",
            "first_name": "Hannah",
            "real_name": "Hannah Wiginton",
            "display_name": "Hannah Wiginton",
            "team": "TJE58GTJL",
            "name": "hwiginton00",
            "is_restricted": false,
            "is_ultra_restricted": false
        },
        "blocks": [
            {
                "type": "rich_text",
                "block_id": "nbo+",
                "elements": [
                    {
                        "type": "rich_text_section",
                        "elements": [
                            {
                                "type": "text",
                                "text": "The fact that your name\/image\/brand is most likely popping up in their feed on a regular basis is branding."
                            }
                        ]
                    }
                ]
            }
        ],
        "thread_ts": "1635895303.048100",
        "parent_user_id": "U024K88ECFN",
        "reactions": [
            {
                "name": "100",
                "users": [
                    "U01PZ9CMZ4Z"
                ],
                "count": 1
            }
        ]
    }
]