[
    {
        "bot_id": "B023BC3A2UV",
        "type": "message",
        "text": "_[sponsored]_ Many thanks to <https:\/\/www.campaignmonitor.com\/agencies\/?utm_source=superpath&amp;utm_medium=sponsoredcontent|Campaign Monitor> for supporting our community by sponsoring this channel! :partygritty::pray: Campaign Monitor was founded by two agency owners looking for a better email solution. It features a dashboard to track multiple clients and white-label branding so you can use whatever logos, colors and fonts you'd like. <https:\/\/www.campaignmonitor.com\/agencies\/?utm_source=superpath&amp;utm_medium=sponsoredcontent|You can learn more about its agency features here.> Thanks again CM team!",
        "user": "UJG9WTEKG",
        "ts": "1636210800.075400",
        "team": "TJE58GTJL",
        "bot_profile": {
            "id": "B023BC3A2UV",
            "app_id": "AL3SX1B6J",
            "name": "Send It Later",
            "icons": {
                "image_36": "https:\/\/avatars.slack-edge.com\/2019-07-02\/671777182994_a14924be81a633327b73_36.png",
                "image_48": "https:\/\/avatars.slack-edge.com\/2019-07-02\/671777182994_a14924be81a633327b73_48.png",
                "image_72": "https:\/\/avatars.slack-edge.com\/2019-07-02\/671777182994_a14924be81a633327b73_72.png"
            },
            "deleted": false,
            "updated": 1622231340,
            "team_id": "TJE58GTJL"
        },
        "edited": {
            "user": "B023BC3A2UV",
            "ts": "1636210803.000000"
        },
        "attachments": [
            {
                "from_url": "https:\/\/www.campaignmonitor.com\/agencies\/?utm_source=superpath&utm_medium=sponsoredcontent",
                "title": "Email Marketing Software for Agencies | Campaign Monitor",
                "title_link": "https:\/\/www.campaignmonitor.com\/agencies\/?utm_source=superpath&utm_medium=sponsoredcontent",
                "text": "Drive recurring revenue for your agency with our private label email marketing software. See why agencies prefer Campaign Monitor. Ask about our discount!",
                "image_url": "https:\/\/www.campaignmonitor.com\/wp-content\/themes\/cm-theme\/assets\/brand\/campaignmonitor.jpg",
                "image_width": 476,
                "image_height": 250,
                "image_bytes": 56944,
                "fallback": "Email Marketing Software for Agencies | Campaign Monitor",
                "service_name": "campaignmonitor.com",
                "id": 1,
                "original_url": "https:\/\/www.campaignmonitor.com\/agencies\/?utm_source=superpath&amp;utm_medium=sponsoredcontent"
            }
        ],
        "thread_ts": "1636210800.075400",
        "reply_count": 4,
        "reply_users_count": 3,
        "latest_reply": "1637695183.116100",
        "reply_users": [
            "U01DEA6F7CH",
            "U024761FLQ5",
            "UJG9WTEKG"
        ],
        "replies": [
            {
                "user": "U01DEA6F7CH",
                "ts": "1636554704.080000"
            },
            {
                "user": "U024761FLQ5",
                "ts": "1636625481.088200"
            },
            {
                "user": "UJG9WTEKG",
                "ts": "1637695135.115900"
            },
            {
                "user": "U024761FLQ5",
                "ts": "1637695183.116100"
            }
        ],
        "is_locked": false,
        "subscribed": true,
        "last_read": "1637695183.116100"
    }
]