[
    {
        "client_msg_id": "91887d06-95b8-457e-a89f-bbcfc842281d",
        "type": "message",
        "text": "What kind of services do you offer? What's your in-house headcount? 10% seems not half bad if content marketing is your main offering.",
        "user": "U019UEW7AQ2",
        "ts": "1642305348.011300",
        "team": "TJE58GTJL",
        "user_team": "TJE58GTJL",
        "source_team": "TJE58GTJL",
        "user_profile": {
            "avatar_hash": "g30badcb245c",
            "image_72": "https:\/\/secure.gravatar.com\/avatar\/30badcb245c82ae168c1c8b62022a13c.jpg?s=72&d=https%3A%2F%2Fa.slack-edge.com%2Fdf10d%2Fimg%2Favatars%2Fava_0013-72.png",
            "first_name": "Garrett",
            "real_name": "Garrett Oden",
            "display_name": "",
            "team": "TJE58GTJL",
            "name": "garrett.l.oden",
            "is_restricted": false,
            "is_ultra_restricted": false
        },
        "blocks": [
            {
                "type": "rich_text",
                "block_id": "wYvq",
                "elements": [
                    {
                        "type": "rich_text_section",
                        "elements": [
                            {
                                "type": "text",
                                "text": "What kind of services do you offer? What's your in-house headcount? 10% seems not half bad if content marketing is your main offering."
                            }
                        ]
                    }
                ]
            }
        ],
        "thread_ts": "1642204977.010900",
        "parent_user_id": "U011QQDDSJV"
    }
]