[
    {
        "client_msg_id": "D92F8DEF-665D-4F3E-9326-A432C1DA7605",
        "type": "message",
        "text": "Ask yourself, “How many times have I been stoked to talk to a bot rather than a human?” I don’t care if it’s a chatbot or a phone system. I can't think of a single time that I’d rather talk to a bot. If I wanted a bot to answer things for me I’d use Google or the site’s search box if they one.\n\nThe key problem here is that companies do this because it’s easier for them but don’t consider whether or not it makes things easier for their customers.\n\nCan they? Maybe. Do they most of the time? No. \n\nIf companies would take the time to carefully configure them to make sure they quickly and efficiently routed people to the right human, then it’d be great. But most companies don’t do this.\n\nChatbots, by and large improve company experience, not user experience.\n\nEspecially when they are available 24\/7 but then a human isn't available 24\/7. That’d be like going through a long touchstone dial sequence on the phone only to get hung up on by an automated system because it couldn't handle the request. :face_with_symbols_on_mouth:",
        "user": "U01P13NTGG6",
        "ts": "1641518941.012900",
        "team": "TJE58GTJL",
        "user_team": "TJE58GTJL",
        "source_team": "TJE58GTJL",
        "user_profile": {
            "avatar_hash": "1625b1f12011",
            "image_72": "https:\/\/avatars.slack-edge.com\/2021-02-24\/1775273585607_1625b1f12011f553efc5_72.png",
            "first_name": "Skyler",
            "real_name": "Skyler Reeves",
            "display_name": "Skyler Reeves",
            "team": "TJE58GTJL",
            "name": "skyler",
            "is_restricted": false,
            "is_ultra_restricted": false
        },
        "blocks": [
            {
                "type": "rich_text",
                "block_id": "S2M",
                "elements": [
                    {
                        "type": "rich_text_section",
                        "elements": [
                            {
                                "type": "text",
                                "text": "Ask yourself, “How many times have I been stoked to talk to a bot rather than a human?” I don’t care if it’s a chatbot or a phone system. I can't think of a single time that I’d rather talk to a bot. If I wanted a bot to answer things for me I’d use Google or the site’s search box if they one.\n\nThe key problem here is that companies do this because it’s easier for them but don’t consider whether or not it makes things easier for their customers.\n\nCan they? Maybe. Do they most of the time? No. \n\nIf companies would take the time to carefully configure them to make sure they quickly and efficiently routed people to the right human, then it’d be great. But most companies don’t do this.\n\nChatbots, by and large improve company experience, not user experience.\n\nEspecially when they are available 24\/7 but then a human isn't available 24\/7. That’d be like going through a long touchstone dial sequence on the phone only to get hung up on by an automated system because it couldn't handle the request. "
                            },
                            {
                                "type": "emoji",
                                "name": "face_with_symbols_on_mouth"
                            }
                        ]
                    }
                ]
            }
        ],
        "thread_ts": "1641383685.257000",
        "parent_user_id": "U02NGRJE9U7",
        "reactions": [
            {
                "name": "raised_hands",
                "users": [
                    "U02JG3UEPQT"
                ],
                "count": 1
            }
        ]
    }
]