[
    {
        "client_msg_id": "ac63ce1e-0ab8-431b-b266-1920bfbd47fb",
        "type": "message",
        "text": "Agency setup fees: do you require them? Why or why not? I've worked at a few agencies in the past that do and am considering finally implementing one in my agency but am not sure if that's still a \"thing.\" I'd love some insights from people on both sides!",
        "user": "U01NM31CTFU",
        "ts": "1644707201.166269",
        "team": "TJE58GTJL",
        "user_team": "TJE58GTJL",
        "source_team": "TJE58GTJL",
        "user_profile": {
            "avatar_hash": "788aae3c46d1",
            "image_72": "https:\/\/avatars.slack-edge.com\/2021-05-28\/2122915523844_788aae3c46d19c1058da_72.jpg",
            "first_name": "Maddy",
            "real_name": "Maddy Osman",
            "display_name": "Maddy Osman",
            "team": "TJE58GTJL",
            "name": "maddy527",
            "is_restricted": false,
            "is_ultra_restricted": false
        },
        "blocks": [
            {
                "type": "rich_text",
                "block_id": "rSHy3",
                "elements": [
                    {
                        "type": "rich_text_section",
                        "elements": [
                            {
                                "type": "text",
                                "text": "Agency setup fees: do you require them? Why or why not? I've worked at a few agencies in the past that do and am considering finally implementing one in my agency but am not sure if that's still a \"thing.\" I'd love some insights from people on both sides!"
                            }
                        ]
                    }
                ]
            }
        ],
        "thread_ts": "1644707201.166269",
        "reply_count": 9,
        "reply_users_count": 6,
        "latest_reply": "1645132422.595719",
        "reply_users": [
            "UUXMCJQ15",
            "U01NM31CTFU",
            "U024K88ECFN",
            "U0113AV4895",
            "U026RJJ46UW",
            "UJ934FU3B"
        ],
        "replies": [
            {
                "user": "UUXMCJQ15",
                "ts": "1644708757.508079"
            },
            {
                "user": "U01NM31CTFU",
                "ts": "1644708892.895969"
            },
            {
                "user": "U024K88ECFN",
                "ts": "1644709158.268799"
            },
            {
                "user": "UUXMCJQ15",
                "ts": "1644729819.669879"
            },
            {
                "user": "U0113AV4895",
                "ts": "1644856243.853929"
            },
            {
                "user": "U026RJJ46UW",
                "ts": "1644857732.200179"
            },
            {
                "user": "U01NM31CTFU",
                "ts": "1644956393.819879"
            },
            {
                "user": "UJ934FU3B",
                "ts": "1645120940.379059"
            },
            {
                "user": "U01NM31CTFU",
                "ts": "1645132422.595719"
            }
        ],
        "is_locked": false,
        "subscribed": false,
        "reactions": [
            {
                "name": "100",
                "users": [
                    "U031BTQNH1R"
                ],
                "count": 1
            }
        ]
    },
    {
        "client_msg_id": "705CDE17-0DE4-47A1-8326-CC48AA3C6853",
        "type": "message",
        "text": "How does the setup fee benefit the client?",
        "user": "UUXMCJQ15",
        "ts": "1644708757.508079",
        "team": "TJE58GTJL",
        "user_team": "TJE58GTJL",
        "source_team": "TJE58GTJL",
        "user_profile": {
            "avatar_hash": "g6e525101d39",
            "image_72": "https:\/\/secure.gravatar.com\/avatar\/6e525101d39a0ff9ea2ac1c51a176ba8.jpg?s=72&d=https%3A%2F%2Fa.slack-edge.com%2Fdf10d%2Fimg%2Favatars%2Fava_0000-72.png",
            "first_name": "Brendan",
            "real_name": "Brendan Hufford",
            "display_name": "Brendan Hufford",
            "team": "TJE58GTJL",
            "name": "brendanhufford",
            "is_restricted": false,
            "is_ultra_restricted": false
        },
        "blocks": [
            {
                "type": "rich_text",
                "block_id": "oy2dU",
                "elements": [
                    {
                        "type": "rich_text_section",
                        "elements": [
                            {
                                "type": "text",
                                "text": "How does the setup fee benefit the client?"
                            }
                        ]
                    }
                ]
            }
        ],
        "thread_ts": "1644707201.166269",
        "parent_user_id": "U01NM31CTFU"
    },
    {
        "client_msg_id": "3C3A173A-1476-407D-A13C-DBFBBDD16668",
        "type": "message",
        "text": "It helps pay for the time our team puts into onboarding and gaining a deeper understanding of the client to be able to do good work on their behalf. I mapped out our onboarding process recently and it’s 50+ steps long!  My thought is that we’d charge it on the front end of an initial 3 month engagement but I’ll credit it back with the third month’s payment. Basically, I want to cover costs if a client leaves early on but am willing to give it back if they stay ",
        "user": "U01NM31CTFU",
        "ts": "1644708892.895969",
        "team": "TJE58GTJL",
        "user_team": "TJE58GTJL",
        "source_team": "TJE58GTJL",
        "user_profile": {
            "avatar_hash": "788aae3c46d1",
            "image_72": "https:\/\/avatars.slack-edge.com\/2021-05-28\/2122915523844_788aae3c46d19c1058da_72.jpg",
            "first_name": "Maddy",
            "real_name": "Maddy Osman",
            "display_name": "Maddy Osman",
            "team": "TJE58GTJL",
            "name": "maddy527",
            "is_restricted": false,
            "is_ultra_restricted": false
        },
        "edited": {
            "user": "U01NM31CTFU",
            "ts": "1644708915.000000"
        },
        "blocks": [
            {
                "type": "rich_text",
                "block_id": "8dtJv",
                "elements": [
                    {
                        "type": "rich_text_section",
                        "elements": [
                            {
                                "type": "text",
                                "text": "It helps pay for the time our team puts into onboarding and gaining a deeper understanding of the client to be able to do good work on their behalf. I mapped out our onboarding process recently and it’s 50+ steps long!  My thought is that we’d charge it on the front end of an initial 3 month engagement but I’ll credit it back with the third month’s payment. Basically, I want to cover costs if a client leaves early on but am willing to give it back if they stay "
                            }
                        ]
                    }
                ]
            }
        ],
        "thread_ts": "1644707201.166269",
        "parent_user_id": "U01NM31CTFU"
    },
    {
        "client_msg_id": "CFD7D7F7-8887-4F6A-9CF4-6E480608F6F3",
        "type": "message",
        "text": "We don't use them, personally. We structure pricing in a way that essentially allows us to utilize that time up front without it really being a loss in the long run. However, we don't do contracts for fewer than 6 months for content creation (more often 12 months), so I can see why having shorter engagements might necessitate that. ",
        "user": "U024K88ECFN",
        "ts": "1644709158.268799",
        "team": "TJE58GTJL",
        "user_team": "TJE58GTJL",
        "source_team": "TJE58GTJL",
        "user_profile": {
            "avatar_hash": "00c4a04080e3",
            "image_72": "https:\/\/avatars.slack-edge.com\/2022-03-23\/3286590119379_00c4a04080e367a58cfc_72.png",
            "first_name": "Rebekah",
            "real_name": "Rebekah Edwards",
            "display_name": "Rebekah Edwards",
            "team": "TJE58GTJL",
            "name": "rebekah473",
            "is_restricted": false,
            "is_ultra_restricted": false
        },
        "blocks": [
            {
                "type": "rich_text",
                "block_id": "qrD\/F",
                "elements": [
                    {
                        "type": "rich_text_section",
                        "elements": [
                            {
                                "type": "text",
                                "text": "We don't use them, personally. We structure pricing in a way that essentially allows us to utilize that time up front without it really being a loss in the long run. However, we don't do contracts for fewer than 6 months for content creation (more often 12 months), so I can see why having shorter engagements might necessitate that. "
                            }
                        ]
                    }
                ]
            }
        ],
        "thread_ts": "1644707201.166269",
        "parent_user_id": "U01NM31CTFU",
        "reactions": [
            {
                "name": "point_up_2",
                "users": [
                    "U01NJ39M36K",
                    "U01P13NTGG6"
                ],
                "count": 2
            }
        ]
    },
    {
        "client_msg_id": "D7061D57-4067-41BE-A3B5-183685D4103D",
        "type": "message",
        "text": "I'm now realizing that it sounds patronizing and I should have been more direct.\n\nMy thinking is that it serves you, not them.\n\nMake your onboarding and speed to results so good you don't need to guarantee that setup fee.\n\nOr, just get paid up front before you start work.",
        "user": "UUXMCJQ15",
        "ts": "1644729819.669879",
        "team": "TJE58GTJL",
        "user_team": "TJE58GTJL",
        "source_team": "TJE58GTJL",
        "user_profile": {
            "avatar_hash": "g6e525101d39",
            "image_72": "https:\/\/secure.gravatar.com\/avatar\/6e525101d39a0ff9ea2ac1c51a176ba8.jpg?s=72&d=https%3A%2F%2Fa.slack-edge.com%2Fdf10d%2Fimg%2Favatars%2Fava_0000-72.png",
            "first_name": "Brendan",
            "real_name": "Brendan Hufford",
            "display_name": "Brendan Hufford",
            "team": "TJE58GTJL",
            "name": "brendanhufford",
            "is_restricted": false,
            "is_ultra_restricted": false
        },
        "blocks": [
            {
                "type": "rich_text",
                "block_id": "EdqI5",
                "elements": [
                    {
                        "type": "rich_text_section",
                        "elements": [
                            {
                                "type": "text",
                                "text": "I'm now realizing that it sounds patronizing and I should have been more direct.\n\nMy thinking is that it serves you, not them.\n\nMake your onboarding and speed to results so good you don't need to guarantee that setup fee.\n\nOr, just get paid up front before you start work."
                            }
                        ]
                    }
                ]
            }
        ],
        "thread_ts": "1644707201.166269",
        "parent_user_id": "U01NM31CTFU"
    }
]