[
    {
        "client_msg_id": "b0fb9809-adf8-4a0a-b5e6-28061aff7577",
        "type": "message",
        "text": "interesting question…curious to hear from others…but here are my thoughts:\n\nfrom my limited understanding, most DAOs are formed primarily to raise money to achieve an intended goal. Folks who contributed money (ETH\/SOL\/etc) get *governing* tokens. I’ve been part of a few so far and all of them function more or less this way. So, i’m not sure why any existing service agency would want to distribute governing token as it sounds inefficient…\n\nPerhaps, a new agency starting from scratch (web3 native) can leverage DAO model to put together a collective that can serve a group of clients.\n\nBut in this case, new members should be added based on their contribution (proof of work), rather than money. For instance, to become a member of the Agency X DAO, you need to do Y (work). Mods can review the work and promote the person to a “member”. Eventually, this type of DAO will have a collective of talented folks who can get the job done. So, Mods can attract the clients (supply). I’ve seen this type of DAOs getting formed recently and I think it can be replicated in service industry as well.\n\nNFTs are relatively less complex. So, i think there are a handful of ways to leverage them…",
        "user": "U02AG6CLTV0",
        "ts": "1641224814.247800",
        "team": "TJE58GTJL",
        "user_team": "TJE58GTJL",
        "source_team": "TJE58GTJL",
        "user_profile": {
            "avatar_hash": "ga516a458323",
            "image_72": "https:\/\/secure.gravatar.com\/avatar\/a516a45832363813435b8af2faed24e1.jpg?s=72&d=https%3A%2F%2Fa.slack-edge.com%2Fdf10d%2Fimg%2Favatars%2Fava_0019-72.png",
            "first_name": "Rasheed",
            "real_name": "Rasheed",
            "display_name": "Rasheed",
            "team": "TJE58GTJL",
            "name": "rasheed",
            "is_restricted": false,
            "is_ultra_restricted": false
        },
        "blocks": [
            {
                "type": "rich_text",
                "block_id": "LX2D",
                "elements": [
                    {
                        "type": "rich_text_section",
                        "elements": [
                            {
                                "type": "text",
                                "text": "interesting question…curious to hear from others…but here are my thoughts:\n\nfrom my limited understanding, most DAOs are formed primarily to raise money to achieve an intended goal. Folks who contributed money (ETH\/SOL\/etc) get "
                            },
                            {
                                "type": "text",
                                "text": "governing",
                                "style": {
                                    "bold": true
                                }
                            },
                            {
                                "type": "text",
                                "text": " tokens. I’ve been part of a few so far and all of them function more or less this way. So, i’m not sure why any existing service agency would want to distribute governing token as it sounds inefficient…\n\nPerhaps, a new agency starting from scratch (web3 native) can leverage DAO model to put together a collective that can serve a group of clients.\n\nBut in this case, new members should be added based on their contribution (proof of work), rather than money. For instance, to become a member of the Agency X DAO, you need to do Y (work). Mods can review the work and promote the person to a “member”. Eventually, this type of DAO will have a collective of talented folks who can get the job done. So, Mods can attract the clients (supply). I’ve seen this type of DAOs getting formed recently and I think it can be replicated in service industry as well.\n\nNFTs are relatively less complex. So, i think there are a handful of ways to leverage them…"
                            }
                        ]
                    }
                ]
            }
        ],
        "thread_ts": "1641180147.247300",
        "parent_user_id": "U02546A8D2B",
        "reactions": [
            {
                "name": "point_up_2",
                "users": [
                    "U01P13NTGG6"
                ],
                "count": 1
            }
        ]
    },
    {
        "client_msg_id": "0e2ad800-d437-4df6-bced-a48dc3a4f204",
        "type": "message",
        "text": "Great take <@U02AG6CLTV0> :raised_hands: I think DAOs are an interesting structure for governance. Imagine if you could create an agency with a bunch of people who have skin in the game and vote on which clients you should or shouldn't take... Who you should or shouldn't hire... Etc..\n\nI'd be curious to hear your thoughts on the NFT functionalities that are less complex but could be used for agencies.",
        "user": "U02546A8D2B",
        "ts": "1641266599.248300",
        "team": "TJE58GTJL",
        "user_team": "TJE58GTJL",
        "source_team": "TJE58GTJL",
        "user_profile": {
            "avatar_hash": "gc21a9b9dd8b",
            "image_72": "https:\/\/secure.gravatar.com\/avatar\/c21a9b9dd8b7030a3e41d1cba4b7f72c.jpg?s=72&d=https%3A%2F%2Fa.slack-edge.com%2Fdf10d%2Fimg%2Favatars%2Fava_0013-72.png",
            "first_name": "",
            "real_name": "Ross Simmonds",
            "display_name": "Ross Simmonds",
            "team": "TJE58GTJL",
            "name": "ross299",
            "is_restricted": false,
            "is_ultra_restricted": false
        },
        "blocks": [
            {
                "type": "rich_text",
                "block_id": "lPI",
                "elements": [
                    {
                        "type": "rich_text_section",
                        "elements": [
                            {
                                "type": "text",
                                "text": "Great take "
                            },
                            {
                                "type": "user",
                                "user_id": "U02AG6CLTV0"
                            },
                            {
                                "type": "text",
                                "text": " "
                            },
                            {
                                "type": "emoji",
                                "name": "raised_hands"
                            },
                            {
                                "type": "text",
                                "text": " I think DAOs are an interesting structure for governance. Imagine if you could create an agency with a bunch of people who have skin in the game and vote on which clients you should or shouldn't take... Who you should or shouldn't hire... Etc..\n\nI'd be curious to hear your thoughts on the NFT functionalities that are less complex but could be used for agencies."
                            }
                        ]
                    }
                ]
            }
        ],
        "thread_ts": "1641180147.247300",
        "parent_user_id": "U02546A8D2B",
        "reactions": [
            {
                "name": "raised_hands",
                "users": [
                    "U02AG6CLTV0"
                ],
                "count": 1
            }
        ]
    }
]