[
    {
        "client_msg_id": "afd6378d-4a83-481b-97eb-5a3f1e8c28e4",
        "type": "message",
        "text": "Would love to help",
        "user": "U02RGUD9C6S",
        "ts": "1643051739.054800",
        "team": "TJE58GTJL",
        "user_team": "TJE58GTJL",
        "source_team": "TJE58GTJL",
        "user_profile": {
            "avatar_hash": "gce42dbf2649",
            "image_72": "https:\/\/secure.gravatar.com\/avatar\/ce42dbf2649c019016dedf196b255264.jpg?s=72&d=https%3A%2F%2Fa.slack-edge.com%2Fdf10d%2Fimg%2Favatars%2Fava_0008-72.png",
            "first_name": "Deborah",
            "real_name": "Deborah Sabinus",
            "display_name": "Deborah Sabinus",
            "team": "TJE58GTJL",
            "name": "deborah.sabinus",
            "is_restricted": false,
            "is_ultra_restricted": false
        },
        "blocks": [
            {
                "type": "rich_text",
                "block_id": "d2nk",
                "elements": [
                    {
                        "type": "rich_text_section",
                        "elements": [
                            {
                                "type": "text",
                                "text": "Would love to help"
                            }
                        ]
                    }
                ]
            }
        ],
        "thread_ts": "1642712491.042500",
        "parent_user_id": "U02Q8U5T7TP"
    }
]