[
    {
        "client_msg_id": "f2cbd12c-a100-41b3-9818-5ad3f927c330",
        "type": "message",
        "text": "What <@U024K88ECFN> said. We actively seek writers who are comfortable across several industries - most of whom come from journalism backgrounds, so they're quick studies. But we also have a few folks who just really excel in a particular area - they're essentially our secret weapons. :wink:",
        "user": "U01NJ39M36K",
        "ts": "1644510512.733639",
        "team": "TJE58GTJL",
        "user_team": "TJE58GTJL",
        "source_team": "TJE58GTJL",
        "user_profile": {
            "avatar_hash": "4f5786a722ae",
            "image_72": "https:\/\/avatars.slack-edge.com\/2021-02-23\/1798556587425_4f5786a722aed9751baf_72.jpg",
            "first_name": "Michaela",
            "real_name": "Michaela Cavallaro",
            "display_name": "Michaela Cavallaro",
            "team": "TJE58GTJL",
            "name": "michaela",
            "is_restricted": false,
            "is_ultra_restricted": false
        },
        "blocks": [
            {
                "type": "rich_text",
                "block_id": "lNJ",
                "elements": [
                    {
                        "type": "rich_text_section",
                        "elements": [
                            {
                                "type": "text",
                                "text": "What "
                            },
                            {
                                "type": "user",
                                "user_id": "U024K88ECFN"
                            },
                            {
                                "type": "text",
                                "text": " said. We actively seek writers who are comfortable across several industries - most of whom come from journalism backgrounds, so they're quick studies. But we also have a few folks who just really excel in a particular area - they're essentially our secret weapons. "
                            },
                            {
                                "type": "emoji",
                                "name": "wink"
                            }
                        ]
                    }
                ]
            }
        ],
        "thread_ts": "1644357022.931539",
        "parent_user_id": "U02RT4NUGPK",
        "reactions": [
            {
                "name": "hearts",
                "users": [
                    "U024K88ECFN"
                ],
                "count": 1
            }
        ]
    },
    {
        "client_msg_id": "c78063d7-518d-4216-8117-89b563c7990d",
        "type": "message",
        "text": "I’d DM someone at Verblio and ask them for some advice. One of our clients is cranking out an insane amount of content every month and they’re knocking out of the park with them…it’s wild.",
        "user": "U01P13NTGG6",
        "ts": "1644544772.390369",
        "team": "TJE58GTJL",
        "user_team": "TJE58GTJL",
        "source_team": "TJE58GTJL",
        "user_profile": {
            "avatar_hash": "1625b1f12011",
            "image_72": "https:\/\/avatars.slack-edge.com\/2021-02-24\/1775273585607_1625b1f12011f553efc5_72.png",
            "first_name": "Skyler",
            "real_name": "Skyler Reeves",
            "display_name": "Skyler Reeves",
            "team": "TJE58GTJL",
            "name": "skyler",
            "is_restricted": false,
            "is_ultra_restricted": false
        },
        "blocks": [
            {
                "type": "rich_text",
                "block_id": "mFi",
                "elements": [
                    {
                        "type": "rich_text_section",
                        "elements": [
                            {
                                "type": "text",
                                "text": "I’d DM someone at Verblio and ask them for some advice. One of our clients is cranking out an insane amount of content every month and they’re knocking out of the park with them…it’s wild."
                            }
                        ]
                    }
                ]
            }
        ],
        "thread_ts": "1644419664.563589",
        "parent_user_id": "U011QQDDSJV",
        "reactions": [
            {
                "name": "gratitude-thank-you",
                "users": [
                    "U011QQDDSJV"
                ],
                "count": 1
            }
        ]
    }
]