[
    {
        "client_msg_id": "9b002d9f-9673-427e-82e7-dbff9f0ea7e4",
        "type": "message",
        "text": "Has anyone had a positive or negative experience with doing rev-share with a client? I've got a long-term client who is considering launching new products\/services based on the traffic we've helped them build, and they asked if we'd be open to a revenue sharing model. On the surface, I don't hate the idea — we have long-term buy-in from the client, and we trust them. But I'm curious what it's actually like in practice to share revenue rather than follow a standard pay-for-services model. Any and all input is welcome!",
        "user": "U024K88ECFN",
        "ts": "1641825963.016100",
        "team": "TJE58GTJL",
        "user_team": "TJE58GTJL",
        "source_team": "TJE58GTJL",
        "user_profile": {
            "avatar_hash": "00c4a04080e3",
            "image_72": "https:\/\/avatars.slack-edge.com\/2022-03-23\/3286590119379_00c4a04080e367a58cfc_72.png",
            "first_name": "Rebekah",
            "real_name": "Rebekah Edwards",
            "display_name": "Rebekah Edwards",
            "team": "TJE58GTJL",
            "name": "rebekah473",
            "is_restricted": false,
            "is_ultra_restricted": false
        },
        "blocks": [
            {
                "type": "rich_text",
                "block_id": "NVm",
                "elements": [
                    {
                        "type": "rich_text_section",
                        "elements": [
                            {
                                "type": "text",
                                "text": "Has anyone had a positive or negative experience with doing rev-share with a client? I've got a long-term client who is considering launching new products\/services based on the traffic we've helped them build, and they asked if we'd be open to a revenue sharing model. On the surface, I don't hate the idea — we have long-term buy-in from the client, and we trust them. But I'm curious what it's actually like in practice to share revenue rather than follow a standard pay-for-services model. Any and all input is welcome!"
                            }
                        ]
                    }
                ]
            }
        ],
        "thread_ts": "1641825963.016100",
        "reply_count": 6,
        "reply_users_count": 3,
        "latest_reply": "1642442792.015900",
        "reply_users": [
            "U02A8UR3Z60",
            "U024K88ECFN",
            "UJ934FU3B"
        ],
        "replies": [
            {
                "user": "U02A8UR3Z60",
                "ts": "1641831600.022100"
            },
            {
                "user": "U024K88ECFN",
                "ts": "1641831711.022300"
            },
            {
                "user": "UJ934FU3B",
                "ts": "1642442430.015300"
            },
            {
                "user": "U024K88ECFN",
                "ts": "1642442556.015500"
            },
            {
                "user": "UJ934FU3B",
                "ts": "1642442696.015700"
            },
            {
                "user": "U024K88ECFN",
                "ts": "1642442792.015900"
            }
        ],
        "is_locked": false,
        "subscribed": false
    },
    {
        "client_msg_id": "8096f50b-c310-4d5a-8cd4-6bd937096f91",
        "type": "message",
        "text": "Hi all! I'm not sure if this is the right forum for this, but what the heck :shrug::skin-tone-2:\n\nI work in CX by day and do freelance content writing by night (for ~4 years now). I recently had a CX company I've written for ask if I'm interested in going in-house and working with them full-time on content creation and evangelization.\n\nIt's an intriguing idea, but since I don't have a marketing background it's honestly hard for me to imagine what that would look like.\n\nCan anyone share resources or their experience around what day-to-day or week-to-week looks like in a role like that?\n\nThanks in advance!",
        "user": "U02SU2BECCA",
        "ts": "1641828857.018800",
        "team": "TJE58GTJL",
        "user_team": "TJE58GTJL",
        "source_team": "TJE58GTJL",
        "user_profile": {
            "avatar_hash": "ee48b1106795",
            "image_72": "https:\/\/avatars.slack-edge.com\/2022-01-05\/2912317446291_ee48b110679501fff7ef_72.jpg",
            "first_name": "Lawrence",
            "real_name": "Lawrence Barker",
            "display_name": "Lawrence",
            "team": "TJE58GTJL",
            "name": "lawrence",
            "is_restricted": false,
            "is_ultra_restricted": false
        },
        "blocks": [
            {
                "type": "rich_text",
                "block_id": "ac8",
                "elements": [
                    {
                        "type": "rich_text_section",
                        "elements": [
                            {
                                "type": "text",
                                "text": "Hi all! I'm not sure if this is the right forum for this, but what the heck "
                            },
                            {
                                "type": "emoji",
                                "name": "shrug",
                                "skin_tone": 2
                            },
                            {
                                "type": "text",
                                "text": "\n\nI work in CX by day and do freelance content writing by night (for ~4 years now). I recently had a CX company I've written for ask if I'm interested in going in-house and working with them full-time on content creation and evangelization.\n\nIt's an intriguing idea, but since I don't have a marketing background it's honestly hard for me to imagine what that would look like.\n\nCan anyone share resources or their experience around what day-to-day or week-to-week looks like in a role like that?\n\nThanks in advance!"
                            }
                        ]
                    }
                ]
            }
        ]
    },
    {
        "client_msg_id": "D2A5C430-B0D4-4DD7-902E-BF2B79885F9E",
        "type": "message",
        "text": "Hi hi! Would you be doing revenue sharing or profit sharing?\n\nI once debated profit sharing with a client but ended up turning it down due to lack of reliability. It was too risky for me due to my fixed costs (tools, subcontractors, etc) potentially outweighing the payout I received after my client paid out their expenses. Just my experience though! ",
        "user": "U02A8UR3Z60",
        "ts": "1641831600.022100",
        "team": "TJE58GTJL",
        "user_team": "TJE58GTJL",
        "source_team": "TJE58GTJL",
        "user_profile": {
            "avatar_hash": "dd781b486769",
            "image_72": "https:\/\/avatars.slack-edge.com\/2021-08-03\/2336037289142_dd781b486769fb2915dd_72.jpg",
            "first_name": "Callahan",
            "real_name": "Callahan Peel",
            "display_name": "Callahan Peel",
            "team": "TJE58GTJL",
            "name": "callahanpeel",
            "is_restricted": false,
            "is_ultra_restricted": false
        },
        "blocks": [
            {
                "type": "rich_text",
                "block_id": "vJzv",
                "elements": [
                    {
                        "type": "rich_text_section",
                        "elements": [
                            {
                                "type": "text",
                                "text": "Hi hi! Would you be doing revenue sharing or profit sharing?\n\nI once debated profit sharing with a client but ended up turning it down due to lack of reliability. It was too risky for me due to my fixed costs (tools, subcontractors, etc) potentially outweighing the payout I received after my client paid out their expenses. Just my experience though! "
                            }
                        ]
                    }
                ]
            }
        ],
        "thread_ts": "1641825963.016100",
        "parent_user_id": "U024K88ECFN"
    },
    {
        "client_msg_id": "6c9f8a68-1f4a-4dc5-9e44-007e264eeb9f",
        "type": "message",
        "text": "Totally makes sense! To answer the question, he posed it as revenue sharing rather than profit sharing. I'm a novice here, so I don't know much about the difference between the two (although they seem somewhat self-explanatory).",
        "user": "U024K88ECFN",
        "ts": "1641831711.022300",
        "team": "TJE58GTJL",
        "user_team": "TJE58GTJL",
        "source_team": "TJE58GTJL",
        "user_profile": {
            "avatar_hash": "00c4a04080e3",
            "image_72": "https:\/\/avatars.slack-edge.com\/2022-03-23\/3286590119379_00c4a04080e367a58cfc_72.png",
            "first_name": "Rebekah",
            "real_name": "Rebekah Edwards",
            "display_name": "Rebekah Edwards",
            "team": "TJE58GTJL",
            "name": "rebekah473",
            "is_restricted": false,
            "is_ultra_restricted": false
        },
        "blocks": [
            {
                "type": "rich_text",
                "block_id": "fUM",
                "elements": [
                    {
                        "type": "rich_text_section",
                        "elements": [
                            {
                                "type": "text",
                                "text": "Totally makes sense! To answer the question, he posed it as revenue sharing rather than profit sharing. I'm a novice here, so I don't know much about the difference between the two (although they seem somewhat self-explanatory)."
                            }
                        ]
                    }
                ]
            }
        ],
        "thread_ts": "1641825963.016100",
        "parent_user_id": "U024K88ECFN"
    }
]