[
    {
        "client_msg_id": "9E79F86E-554D-4FAB-A8EE-496D48A1A9EB",
        "type": "message",
        "text": "• Gong + Zoom for customer research\n• Ahrefs for KWR\n• A custom tool we built for GSC to stitch data together in our warehouse (returns about 24x data Ahrefs has).\n• A custom tool we built to handle topic clustering, traffic projections, value projections, and priority.\n• Notion for briefs\n• GDocs for writing\n• Grammarly and all that for editing\n• Clearscope for optimization\n• Canva\/Figma\/Illustrator\/Photoshop\/Descript for design\/media.\n• Asana for PM",
        "user": "U01P13NTGG6",
        "ts": "1645940077.883659",
        "team": "TJE58GTJL",
        "user_team": "TJE58GTJL",
        "source_team": "TJE58GTJL",
        "user_profile": {
            "avatar_hash": "1625b1f12011",
            "image_72": "https:\/\/avatars.slack-edge.com\/2021-02-24\/1775273585607_1625b1f12011f553efc5_72.png",
            "first_name": "Skyler",
            "real_name": "Skyler Reeves",
            "display_name": "Skyler Reeves",
            "team": "TJE58GTJL",
            "name": "skyler",
            "is_restricted": false,
            "is_ultra_restricted": false
        },
        "edited": {
            "user": "U01P13NTGG6",
            "ts": "1646131996.000000"
        },
        "blocks": [
            {
                "type": "rich_text",
                "block_id": "TXZ",
                "elements": [
                    {
                        "type": "rich_text_list",
                        "elements": [
                            {
                                "type": "rich_text_section",
                                "elements": [
                                    {
                                        "type": "text",
                                        "text": "Gong + Zoom for customer research"
                                    }
                                ]
                            },
                            {
                                "type": "rich_text_section",
                                "elements": [
                                    {
                                        "type": "text",
                                        "text": "Ahrefs for KWR"
                                    }
                                ]
                            },
                            {
                                "type": "rich_text_section",
                                "elements": [
                                    {
                                        "type": "text",
                                        "text": "A custom tool we built for GSC to stitch data together in our warehouse (returns about 24x data Ahrefs has)."
                                    }
                                ]
                            },
                            {
                                "type": "rich_text_section",
                                "elements": [
                                    {
                                        "type": "text",
                                        "text": "A custom tool we built to handle topic clustering, traffic projections, value projections, and priority."
                                    }
                                ]
                            },
                            {
                                "type": "rich_text_section",
                                "elements": [
                                    {
                                        "type": "text",
                                        "text": "Notion for briefs"
                                    }
                                ]
                            },
                            {
                                "type": "rich_text_section",
                                "elements": [
                                    {
                                        "type": "text",
                                        "text": "GDocs for writing"
                                    }
                                ]
                            },
                            {
                                "type": "rich_text_section",
                                "elements": [
                                    {
                                        "type": "text",
                                        "text": "Grammarly and all that for editing"
                                    }
                                ]
                            },
                            {
                                "type": "rich_text_section",
                                "elements": [
                                    {
                                        "type": "text",
                                        "text": "Clearscope for optimization"
                                    }
                                ]
                            },
                            {
                                "type": "rich_text_section",
                                "elements": [
                                    {
                                        "type": "text",
                                        "text": "Canva\/Figma\/Illustrator\/Photoshop\/"
                                    },
                                    {
                                        "type": "text",
                                        "text": "Descript "
                                    },
                                    {
                                        "type": "text",
                                        "text": "for design\/media."
                                    }
                                ]
                            },
                            {
                                "type": "rich_text_section",
                                "elements": [
                                    {
                                        "type": "text",
                                        "text": "Asana for PM"
                                    }
                                ]
                            }
                        ],
                        "style": "bullet",
                        "indent": 0,
                        "offset": 0,
                        "border": 0
                    }
                ]
            }
        ],
        "thread_ts": "1645824702.342259",
        "parent_user_id": "U030U5Y08TW",
        "reactions": [
            {
                "name": "open_mouth",
                "users": [
                    "U034H601T7X",
                    "U030U5Y08TW",
                    "U0216EN5J80"
                ],
                "count": 3
            }
        ]
    }
]