[
    {
        "client_msg_id": "159dd4ba-0d32-48e6-9658-96df9d6056e1",
        "type": "message",
        "text": "Thanks!",
        "user": "U014ZK7Q1TP",
        "ts": "1645027294.567959",
        "team": "TJE58GTJL",
        "user_team": "TJE58GTJL",
        "source_team": "TJE58GTJL",
        "user_profile": {
            "avatar_hash": "f53be485df46",
            "image_72": "https:\/\/avatars.slack-edge.com\/2020-06-08\/1170803522325_f53be485df4624992b14_72.png",
            "first_name": "dejan",
            "real_name": "dejan",
            "display_name": "dejan",
            "team": "TJE58GTJL",
            "name": "dgajsek",
            "is_restricted": false,
            "is_ultra_restricted": false
        },
        "blocks": [
            {
                "type": "rich_text",
                "block_id": "WJk2",
                "elements": [
                    {
                        "type": "rich_text_section",
                        "elements": [
                            {
                                "type": "text",
                                "text": "Thanks!"
                            }
                        ]
                    }
                ]
            }
        ],
        "thread_ts": "1644340461.890869",
        "parent_user_id": "U014ZK7Q1TP"
    }
]