[
    {
        "client_msg_id": "c126a069-9976-4ed1-8cb2-7497a961a324",
        "type": "message",
        "text": "Hey everyone, yes it's me again. So I am also writing an article on KPI vs Metrics for my client Whatagraph and I'm looking for some insights on the topic.\nI would be delighted to quote you and the ideal person should be a digital marketer or agency owner for the same.\nAnd my questions are:\n• How would you define and differentiate both?\n• How would you use KPIs in your business?\n",
        "user": "U02HD0L8HAP",
        "ts": "1646324206.614049",
        "team": "TJE58GTJL",
        "user_team": "TJE58GTJL",
        "source_team": "TJE58GTJL",
        "user_profile": {
            "avatar_hash": "675c42a91f65",
            "image_72": "https:\/\/avatars.slack-edge.com\/2022-01-10\/2928364816754_675c42a91f6571f4ac6b_72.jpg",
            "first_name": "Aanchal",
            "real_name": "Aanchal Parmar",
            "display_name": "Aanchal Parmar",
            "team": "TJE58GTJL",
            "name": "aanywrites",
            "is_restricted": false,
            "is_ultra_restricted": false
        },
        "blocks": [
            {
                "type": "rich_text",
                "block_id": "gIl",
                "elements": [
                    {
                        "type": "rich_text_section",
                        "elements": [
                            {
                                "type": "text",
                                "text": "Hey everyone, yes it's me again. So I am also writing an article on KPI vs Metrics for my client Whatagraph and I'm looking for some insights on the topic.\nI would be delighted to quote you and the ideal person should be a digital marketer or agency owner for the same.\nAnd my questions are:\n"
                            }
                        ]
                    },
                    {
                        "type": "rich_text_list",
                        "elements": [
                            {
                                "type": "rich_text_section",
                                "elements": [
                                    {
                                        "type": "text",
                                        "text": "How would you define and differentiate both?"
                                    }
                                ]
                            },
                            {
                                "type": "rich_text_section",
                                "elements": [
                                    {
                                        "type": "text",
                                        "text": "How would you use KPIs in your business?"
                                    }
                                ]
                            }
                        ],
                        "style": "bullet",
                        "indent": 0,
                        "border": 0
                    },
                    {
                        "type": "rich_text_section",
                        "elements": []
                    }
                ]
            }
        ],
        "thread_ts": "1646324206.614049",
        "reply_count": 3,
        "reply_users_count": 2,
        "latest_reply": "1646413583.290749",
        "reply_users": [
            "U01P13NTGG6",
            "U02HD0L8HAP"
        ],
        "replies": [
            {
                "user": "U01P13NTGG6",
                "ts": "1646352352.537039"
            },
            {
                "user": "U02HD0L8HAP",
                "ts": "1646394250.691879"
            },
            {
                "user": "U01P13NTGG6",
                "ts": "1646413583.290749"
            }
        ],
        "is_locked": false,
        "subscribed": false
    },
    {
        "client_msg_id": "e49b65b1-3c13-4c32-adb0-b84b4e391b6d",
        "type": "message",
        "text": "A metric is anything that’s measurable. There are a lot of things that can be measured that shouldn’t be. KPIs are specific things you want to measure that align with an outcome you’re aiming for.\n\nWe often choose KPIs based on their ability to be leading or lagging indicators of progress toward a goal. KPIs are a primary driver behind behavior as well and because of that, setting the wrong KPIs can cause you to do things that aren’t in your best interest.\n\nFor example, let’s say a marketing department sets a goal based on MQLs. In order to hit their MQL target under budget, what do marketers (and most people in general) they set KPIs around things like cost-per-lead.\n\nThe problem with this is that most people will take the path of least resistance, resulting in marketers  running campaigns that generate a ton of leads with a low CPL without ever following things through to see how many turn out to be legitimate qualified pipeline opportunities. And when that happens, marketing may hit their goals, but sales won’t and neither with the company as a whole.\n\nTo avoid this, we set KPIs that align with business objectives around revenue and growth. Instead of CPL, we focus on CAC. Instead of MQLs, we focus on pipeline velocity.\n\nHope that makes sense. :partyparrot:",
        "user": "U01P13NTGG6",
        "ts": "1646352352.537039",
        "team": "TJE58GTJL",
        "user_team": "TJE58GTJL",
        "source_team": "TJE58GTJL",
        "user_profile": {
            "avatar_hash": "1625b1f12011",
            "image_72": "https:\/\/avatars.slack-edge.com\/2021-02-24\/1775273585607_1625b1f12011f553efc5_72.png",
            "first_name": "Skyler",
            "real_name": "Skyler Reeves",
            "display_name": "Skyler Reeves",
            "team": "TJE58GTJL",
            "name": "skyler",
            "is_restricted": false,
            "is_ultra_restricted": false
        },
        "blocks": [
            {
                "type": "rich_text",
                "block_id": "GGu",
                "elements": [
                    {
                        "type": "rich_text_section",
                        "elements": [
                            {
                                "type": "text",
                                "text": "A metric is anything that’s measurable. There are a lot of things that can be measured that shouldn’t be. KPIs are specific things you want to measure that align with an outcome you’re aiming for.\n\nWe often choose KPIs based on their ability to be leading or lagging indicators of progress toward a goal. KPIs are a primary driver behind behavior as well and because of that, setting the wrong KPIs can cause you to do things that aren’t in your best interest.\n\nFor example, let’s say a marketing department sets a goal based on MQLs. In order to hit their MQL target under budget, what do marketers (and most people in general) they set KPIs around things like cost-per-lead.\n\nThe problem with this is that most people will take the path of least resistance, resulting in marketers  running campaigns that generate a ton of leads with a low CPL without ever following things through to see how many turn out to be legitimate qualified pipeline opportunities. And when that happens, marketing may hit their goals, but sales won’t and neither with the company as a whole.\n\nTo avoid this, we set KPIs that align with business objectives around revenue and growth. Instead of CPL, we focus on CAC. Instead of MQLs, we focus on pipeline velocity.\n\nHope that makes sense. "
                            },
                            {
                                "type": "emoji",
                                "name": "partyparrot"
                            }
                        ]
                    }
                ]
            }
        ],
        "thread_ts": "1646324206.614049",
        "parent_user_id": "U02HD0L8HAP",
        "reactions": [
            {
                "name": "raised_hands",
                "users": [
                    "U02HD0L8HAP"
                ],
                "count": 1
            }
        ]
    }
]