[
    {
        "client_msg_id": "35C5757E-B323-4552-BA92-137B0DD6FED7",
        "type": "message",
        "text": "I wish more agencies would do this, but the almighty dollar usually takes control.",
        "user": "U032CDBUQ0N",
        "ts": "1645708354.568699",
        "team": "TJE58GTJL",
        "user_team": "TJE58GTJL",
        "source_team": "TJE58GTJL",
        "user_profile": {
            "avatar_hash": "b5d5b92ddd66",
            "image_72": "https:\/\/avatars.slack-edge.com\/2022-02-16\/3112747018949_b5d5b92ddd6640d9ebd8_72.jpg",
            "first_name": "Marcie",
            "real_name": "Marcie",
            "display_name": "Marcie",
            "team": "TJE58GTJL",
            "name": "info052",
            "is_restricted": false,
            "is_ultra_restricted": false
        },
        "blocks": [
            {
                "type": "rich_text",
                "block_id": "Ju0u",
                "elements": [
                    {
                        "type": "rich_text_section",
                        "elements": [
                            {
                                "type": "text",
                                "text": "I wish more agencies would do this, but the almighty dollar usually takes control."
                            }
                        ]
                    }
                ]
            }
        ],
        "thread_ts": "1645628202.576369",
        "parent_user_id": "U01MW6DPU72",
        "reactions": [
            {
                "name": "bulb",
                "users": [
                    "U01MW6DPU72"
                ],
                "count": 1
            }
        ]
    },
    {
        "client_msg_id": "a9eba6a8-72a4-4a57-891f-f4ff7f55b8a4",
        "type": "message",
        "text": "I work at a consulting firm so slightly different but we've done this in the past (our engagements are 3-4 months long rather than ongoing for the most part so that's why it's a little different) — we've pressed pause on sales in times that we know the team is going to be slammed",
        "user": "ULJBEFSJJ",
        "ts": "1645713095.799419",
        "team": "TJE58GTJL",
        "user_team": "TJE58GTJL",
        "source_team": "TJE58GTJL",
        "user_profile": {
            "avatar_hash": "c749875321a5",
            "image_72": "https:\/\/avatars.slack-edge.com\/2021-05-18\/2090537681729_c749875321a56a4f4dc4_72.jpg",
            "first_name": "Tatiana",
            "real_name": "Tatiana Morand (she\/her)",
            "display_name": "Tatiana",
            "team": "TJE58GTJL",
            "name": "tmorand",
            "is_restricted": false,
            "is_ultra_restricted": false
        },
        "blocks": [
            {
                "type": "rich_text",
                "block_id": "4k7",
                "elements": [
                    {
                        "type": "rich_text_section",
                        "elements": [
                            {
                                "type": "text",
                                "text": "I work at a consulting firm so slightly different but we've done this in the past (our engagements are 3-4 months long rather than ongoing for the most part so that's why it's a little different) — we've pressed pause on sales in times that we know the team is going to be slammed"
                            }
                        ]
                    }
                ]
            }
        ],
        "thread_ts": "1645628202.576369",
        "parent_user_id": "U01MW6DPU72"
    },
    {
        "client_msg_id": "c70044cd-c2dd-47c5-be2c-e539531a3b20",
        "type": "message",
        "text": "we're a very small team and most of us have worked together in the past so there's a lot of trust, which is I think why it's possible",
        "user": "ULJBEFSJJ",
        "ts": "1645713132.898769",
        "team": "TJE58GTJL",
        "user_team": "TJE58GTJL",
        "source_team": "TJE58GTJL",
        "user_profile": {
            "avatar_hash": "c749875321a5",
            "image_72": "https:\/\/avatars.slack-edge.com\/2021-05-18\/2090537681729_c749875321a56a4f4dc4_72.jpg",
            "first_name": "Tatiana",
            "real_name": "Tatiana Morand (she\/her)",
            "display_name": "Tatiana",
            "team": "TJE58GTJL",
            "name": "tmorand",
            "is_restricted": false,
            "is_ultra_restricted": false
        },
        "blocks": [
            {
                "type": "rich_text",
                "block_id": "zr5K",
                "elements": [
                    {
                        "type": "rich_text_section",
                        "elements": [
                            {
                                "type": "text",
                                "text": "we're a very small team and most of us have worked together in the past so there's a lot of trust, which is I think why it's possible"
                            }
                        ]
                    }
                ]
            }
        ],
        "thread_ts": "1645628202.576369",
        "parent_user_id": "U01MW6DPU72"
    },
    {
        "client_msg_id": "7512e2fb-ff9b-448e-a451-b31846a86ea7",
        "type": "message",
        "text": "Awesome. Honestly I want to do this just so we don't stress out and everything is doing slowly and steadily. Did you struggle to get leads\/clients once you were ready to accept clients?",
        "user": "U01MW6DPU72",
        "ts": "1645716301.806529",
        "team": "TJE58GTJL",
        "user_team": "TJE58GTJL",
        "source_team": "TJE58GTJL",
        "user_profile": {
            "avatar_hash": "g2ab21f412c3",
            "image_72": "https:\/\/secure.gravatar.com\/avatar\/2ab21f412c3215ee2b3c2994772c589e.jpg?s=72&d=https%3A%2F%2Fa.slack-edge.com%2Fdf10d%2Fimg%2Favatars%2Fava_0024-72.png",
            "first_name": "Araminta",
            "real_name": "Araminta Robertson",
            "display_name": "Araminta Robertson",
            "team": "TJE58GTJL",
            "name": "robertsona98",
            "is_restricted": false,
            "is_ultra_restricted": false
        },
        "blocks": [
            {
                "type": "rich_text",
                "block_id": "TEd",
                "elements": [
                    {
                        "type": "rich_text_section",
                        "elements": [
                            {
                                "type": "text",
                                "text": "Awesome. Honestly I want to do this just so we don't stress out and everything is doing slowly and steadily. Did you struggle to get leads\/clients once you were ready to accept clients?"
                            }
                        ]
                    }
                ]
            }
        ],
        "thread_ts": "1645628202.576369",
        "parent_user_id": "U01MW6DPU72"
    },
    {
        "client_msg_id": "9868eef0-eb79-4f3c-9f0c-b060653542a9",
        "type": "message",
        "text": "Nope. We just didn't do as much sales outreach + paused spend on LinkedIn and Google, then ramped it back up again once we were ready to take on more clients. I honestly think it was good because we were able to establish better processes in that time and people were able to work a reasonable amount rather than being overwhelmed like we had been in the past",
        "user": "ULJBEFSJJ",
        "ts": "1645716765.520369",
        "team": "TJE58GTJL",
        "user_team": "TJE58GTJL",
        "source_team": "TJE58GTJL",
        "user_profile": {
            "avatar_hash": "c749875321a5",
            "image_72": "https:\/\/avatars.slack-edge.com\/2021-05-18\/2090537681729_c749875321a56a4f4dc4_72.jpg",
            "first_name": "Tatiana",
            "real_name": "Tatiana Morand (she\/her)",
            "display_name": "Tatiana",
            "team": "TJE58GTJL",
            "name": "tmorand",
            "is_restricted": false,
            "is_ultra_restricted": false
        },
        "blocks": [
            {
                "type": "rich_text",
                "block_id": "v019",
                "elements": [
                    {
                        "type": "rich_text_section",
                        "elements": [
                            {
                                "type": "text",
                                "text": "Nope. We just didn't do as much sales outreach + paused spend on LinkedIn and Google, then ramped it back up again once we were ready to take on more clients. I honestly think it was good because we were able to establish better processes in that time and people were able to work a reasonable amount rather than being overwhelmed like we had been in the past"
                            }
                        ]
                    }
                ]
            }
        ],
        "thread_ts": "1645628202.576369",
        "parent_user_id": "U01MW6DPU72",
        "reactions": [
            {
                "name": "+1",
                "users": [
                    "U031B8HB5FB",
                    "U032CDBUQ0N"
                ],
                "count": 2
            }
        ]
    },
    {
        "client_msg_id": "9eaa000b-8198-4fbc-b588-9d820a10e6c7",
        "type": "message",
        "text": "It slows down profit in the short term, but I think it makes a much better working environment in the long term to know that you're able to raise your hand as a team and say hey, we need to slow this down a little",
        "user": "ULJBEFSJJ",
        "ts": "1645716808.119119",
        "team": "TJE58GTJL",
        "user_team": "TJE58GTJL",
        "source_team": "TJE58GTJL",
        "user_profile": {
            "avatar_hash": "c749875321a5",
            "image_72": "https:\/\/avatars.slack-edge.com\/2021-05-18\/2090537681729_c749875321a56a4f4dc4_72.jpg",
            "first_name": "Tatiana",
            "real_name": "Tatiana Morand (she\/her)",
            "display_name": "Tatiana",
            "team": "TJE58GTJL",
            "name": "tmorand",
            "is_restricted": false,
            "is_ultra_restricted": false
        },
        "blocks": [
            {
                "type": "rich_text",
                "block_id": "TvWo",
                "elements": [
                    {
                        "type": "rich_text_section",
                        "elements": [
                            {
                                "type": "text",
                                "text": "It slows down profit in the short term, but I think it makes a much better working environment in the long term to know that you're able to raise your hand as a team and say hey, we need to slow this down a little"
                            }
                        ]
                    }
                ]
            }
        ],
        "thread_ts": "1645628202.576369",
        "parent_user_id": "U01MW6DPU72",
        "reactions": [
            {
                "name": "+1",
                "users": [
                    "U02UH3D0FN3"
                ],
                "count": 1
            }
        ]
    },
    {
        "client_msg_id": "589ca05a-978d-43d4-a50b-a523ec8a772a",
        "type": "message",
        "text": "Obviously that isn't always possible (there are always busier and slower times for us overall, which I think is just due to the business model and the way our contracts work) but it's good that we were able to talk about it and do it at that point",
        "user": "ULJBEFSJJ",
        "ts": "1645716868.402949",
        "team": "TJE58GTJL",
        "user_team": "TJE58GTJL",
        "source_team": "TJE58GTJL",
        "user_profile": {
            "avatar_hash": "c749875321a5",
            "image_72": "https:\/\/avatars.slack-edge.com\/2021-05-18\/2090537681729_c749875321a56a4f4dc4_72.jpg",
            "first_name": "Tatiana",
            "real_name": "Tatiana Morand (she\/her)",
            "display_name": "Tatiana",
            "team": "TJE58GTJL",
            "name": "tmorand",
            "is_restricted": false,
            "is_ultra_restricted": false
        },
        "blocks": [
            {
                "type": "rich_text",
                "block_id": "58nT",
                "elements": [
                    {
                        "type": "rich_text_section",
                        "elements": [
                            {
                                "type": "text",
                                "text": "Obviously that isn't always possible (there are always busier and slower times for us overall, which I think is just due to the business model and the way our contracts work) but it's good that we were able to talk about it and do it at that point"
                            }
                        ]
                    }
                ]
            }
        ],
        "thread_ts": "1645628202.576369",
        "parent_user_id": "U01MW6DPU72"
    },
    {
        "client_msg_id": "0ad9135b-c62e-4cfc-83fa-08d9487b9e7a",
        "type": "message",
        "text": "Nice. That's what we'll do I think. We're not in a rush and don't need to make massive profits, so might as well take things slowly",
        "user": "U01MW6DPU72",
        "ts": "1645717102.813779",
        "team": "TJE58GTJL",
        "user_team": "TJE58GTJL",
        "source_team": "TJE58GTJL",
        "user_profile": {
            "avatar_hash": "g2ab21f412c3",
            "image_72": "https:\/\/secure.gravatar.com\/avatar\/2ab21f412c3215ee2b3c2994772c589e.jpg?s=72&d=https%3A%2F%2Fa.slack-edge.com%2Fdf10d%2Fimg%2Favatars%2Fava_0024-72.png",
            "first_name": "Araminta",
            "real_name": "Araminta Robertson",
            "display_name": "Araminta Robertson",
            "team": "TJE58GTJL",
            "name": "robertsona98",
            "is_restricted": false,
            "is_ultra_restricted": false
        },
        "blocks": [
            {
                "type": "rich_text",
                "block_id": "Y1ZFL",
                "elements": [
                    {
                        "type": "rich_text_section",
                        "elements": [
                            {
                                "type": "text",
                                "text": "Nice. That's what we'll do I think. We're not in a rush and don't need to make massive profits, so might as well take things slowly"
                            }
                        ]
                    }
                ]
            }
        ],
        "thread_ts": "1645628202.576369",
        "parent_user_id": "U01MW6DPU72",
        "reactions": [
            {
                "name": "heart",
                "users": [
                    "ULJBEFSJJ"
                ],
                "count": 1
            }
        ]
    },
    {
        "client_msg_id": "c99e5584-eda5-4ba5-bd30-94c1cac66e46",
        "type": "message",
        "text": "Exactly! Honestly I totally support this as an employee, and I think it's a great idea on your part for the support of your team.",
        "user": "ULJBEFSJJ",
        "ts": "1645717459.371379",
        "team": "TJE58GTJL",
        "user_team": "TJE58GTJL",
        "source_team": "TJE58GTJL",
        "user_profile": {
            "avatar_hash": "c749875321a5",
            "image_72": "https:\/\/avatars.slack-edge.com\/2021-05-18\/2090537681729_c749875321a56a4f4dc4_72.jpg",
            "first_name": "Tatiana",
            "real_name": "Tatiana Morand (she\/her)",
            "display_name": "Tatiana",
            "team": "TJE58GTJL",
            "name": "tmorand",
            "is_restricted": false,
            "is_ultra_restricted": false
        },
        "blocks": [
            {
                "type": "rich_text",
                "block_id": "l6A",
                "elements": [
                    {
                        "type": "rich_text_section",
                        "elements": [
                            {
                                "type": "text",
                                "text": "Exactly! Honestly I totally support this as an employee, and I think it's a great idea on your part for the support of your team."
                            }
                        ]
                    }
                ]
            }
        ],
        "thread_ts": "1645628202.576369",
        "parent_user_id": "U01MW6DPU72",
        "reactions": [
            {
                "name": "fire",
                "users": [
                    "U01MW6DPU72"
                ],
                "count": 1
            }
        ]
    }
]