[
    {
        "client_msg_id": "e63c0934-bc17-4b1c-a7ed-29d65bd52030",
        "type": "message",
        "text": "Hi Lawrence, I lead an agency and have experience w\/ M&amp;A convos and agency valuations if you want to chat.",
        "user": "U02FNEQF3SQ",
        "ts": "1643742597.558839",
        "team": "TJE58GTJL",
        "user_team": "TJE58GTJL",
        "source_team": "TJE58GTJL",
        "user_profile": {
            "avatar_hash": "a901f461119a",
            "image_72": "https:\/\/avatars.slack-edge.com\/2022-01-31\/3035635715763_a901f461119a5df5b3da_72.jpg",
            "first_name": "Brett",
            "real_name": "Brett Weiner",
            "display_name": "Brett Weiner",
            "team": "TJE58GTJL",
            "name": "brett985",
            "is_restricted": false,
            "is_ultra_restricted": false
        },
        "blocks": [
            {
                "type": "rich_text",
                "block_id": "+d5",
                "elements": [
                    {
                        "type": "rich_text_section",
                        "elements": [
                            {
                                "type": "text",
                                "text": "Hi Lawrence, I lead an agency and have experience w\/ M&A convos and agency valuations if you want to chat."
                            }
                        ]
                    }
                ]
            }
        ],
        "thread_ts": "1643120059.057300",
        "parent_user_id": "U02SU2BECCA"
    },
    {
        "client_msg_id": "0a1a64cd-7193-46a9-8785-4bc7abab8377",
        "type": "message",
        "text": "Thanks Brett! I'll shoot you a DM",
        "user": "U02SU2BECCA",
        "ts": "1643743313.015549",
        "team": "TJE58GTJL",
        "user_team": "TJE58GTJL",
        "source_team": "TJE58GTJL",
        "user_profile": {
            "avatar_hash": "ee48b1106795",
            "image_72": "https:\/\/avatars.slack-edge.com\/2022-01-05\/2912317446291_ee48b110679501fff7ef_72.jpg",
            "first_name": "Lawrence",
            "real_name": "Lawrence Barker",
            "display_name": "Lawrence",
            "team": "TJE58GTJL",
            "name": "lawrence",
            "is_restricted": false,
            "is_ultra_restricted": false
        },
        "blocks": [
            {
                "type": "rich_text",
                "block_id": "s4r",
                "elements": [
                    {
                        "type": "rich_text_section",
                        "elements": [
                            {
                                "type": "text",
                                "text": "Thanks Brett! I'll shoot you a DM"
                            }
                        ]
                    }
                ]
            }
        ],
        "thread_ts": "1643120059.057300",
        "parent_user_id": "U02SU2BECCA"
    },
    {
        "client_msg_id": "5ce57797-805f-4df9-b572-ec05a8ddb960",
        "type": "message",
        "text": "Hey <@U02SU2BECCA>, I'm also running a small writing agency. Feel free to connect if you like. :)",
        "user": "U031ULX8GLQ",
        "ts": "1643781024.968289",
        "team": "TJE58GTJL",
        "user_team": "TJE58GTJL",
        "source_team": "TJE58GTJL",
        "user_profile": {
            "avatar_hash": "ddc2537b7469",
            "image_72": "https:\/\/avatars.slack-edge.com\/2022-02-22\/3141794176274_ddc2537b7469916c2394_72.jpg",
            "first_name": "Shubham",
            "real_name": "Shubham Singh",
            "display_name": "Shubham Singh",
            "team": "TJE58GTJL",
            "name": "shubhamsinghwrites",
            "is_restricted": false,
            "is_ultra_restricted": false
        },
        "blocks": [
            {
                "type": "rich_text",
                "block_id": "=8A",
                "elements": [
                    {
                        "type": "rich_text_section",
                        "elements": [
                            {
                                "type": "text",
                                "text": "Hey "
                            },
                            {
                                "type": "user",
                                "user_id": "U02SU2BECCA"
                            },
                            {
                                "type": "text",
                                "text": ", I'm also running a small writing agency. Feel free to connect if you like. :)"
                            }
                        ]
                    }
                ]
            }
        ],
        "thread_ts": "1643120059.057300",
        "parent_user_id": "U02SU2BECCA"
    }
]