[
    {
        "client_msg_id": "f67c7faa-7d37-4429-b3bc-4ff109889151",
        "type": "message",
        "text": "*Random question:* Has anyone put any thought into how DAOs or NFTs could be leveraged in an Agency or what the implications could be of Web3 entering the service industry at large?",
        "user": "U02546A8D2B",
        "ts": "1641180147.247300",
        "team": "TJE58GTJL",
        "user_team": "TJE58GTJL",
        "source_team": "TJE58GTJL",
        "user_profile": {
            "avatar_hash": "gc21a9b9dd8b",
            "image_72": "https:\/\/secure.gravatar.com\/avatar\/c21a9b9dd8b7030a3e41d1cba4b7f72c.jpg?s=72&d=https%3A%2F%2Fa.slack-edge.com%2Fdf10d%2Fimg%2Favatars%2Fava_0013-72.png",
            "first_name": "",
            "real_name": "Ross Simmonds",
            "display_name": "Ross Simmonds",
            "team": "TJE58GTJL",
            "name": "ross299",
            "is_restricted": false,
            "is_ultra_restricted": false
        },
        "blocks": [
            {
                "type": "rich_text",
                "block_id": "tMHD",
                "elements": [
                    {
                        "type": "rich_text_section",
                        "elements": [
                            {
                                "type": "text",
                                "text": "Random question: ",
                                "style": {
                                    "bold": true
                                }
                            },
                            {
                                "type": "text",
                                "text": "Has anyone put any thought into how DAOs or NFTs could be leveraged in an Agency or what the implications could be of Web3 entering the service industry at large?"
                            }
                        ]
                    }
                ]
            }
        ],
        "thread_ts": "1641180147.247300",
        "reply_count": 3,
        "reply_users_count": 3,
        "latest_reply": "1641358877.256400",
        "reply_users": [
            "U02AG6CLTV0",
            "U02546A8D2B",
            "U02H8J1671P"
        ],
        "replies": [
            {
                "user": "U02AG6CLTV0",
                "ts": "1641224814.247800"
            },
            {
                "user": "U02546A8D2B",
                "ts": "1641266599.248300"
            },
            {
                "user": "U02H8J1671P",
                "ts": "1641358877.256400"
            }
        ],
        "is_locked": false,
        "subscribed": false,
        "reactions": [
            {
                "name": "eyes",
                "users": [
                    "UJG9WTEKG",
                    "U02AG6CLTV0",
                    "U02NADUBXSR"
                ],
                "count": 3
            },
            {
                "name": "nerd_face",
                "users": [
                    "U02H8J1671P"
                ],
                "count": 1
            }
        ]
    }
]