[
    {
        "client_msg_id": "84F18074-E893-4692-9A46-542B1FABD347",
        "type": "message",
        "text": "Callbox, Cience and Martal Group. We have just started working with Martal. ",
        "user": "U030E27CBB3",
        "ts": "1650298773.571289",
        "team": "T02PFK13YLC",
        "user_team": "T02PFK13YLC",
        "source_team": "T02PFK13YLC",
        "user_profile": {
            "avatar_hash": "ec5003a1e337",
            "image_72": "https:\/\/avatars.slack-edge.com\/2022-01-24\/3003735647700_ec5003a1e337e1285f09_72.jpg",
            "first_name": "Sooraj",
            "real_name": "Sooraj Divakaran",
            "display_name": "Sooraj",
            "team": "T02PFK13YLC",
            "name": "soorajdivakaran",
            "is_restricted": false,
            "is_ultra_restricted": false
        },
        "blocks": [
            {
                "type": "rich_text",
                "block_id": "AM6",
                "elements": [
                    {
                        "type": "rich_text_section",
                        "elements": [
                            {
                                "type": "text",
                                "text": "Callbox, Cience and Martal Group. We have just started working with Martal. "
                            }
                        ]
                    }
                ]
            }
        ],
        "thread_ts": "1649911291.939689",
        "parent_user_id": "U03B6AGE0HE"
    },
    {
        "client_msg_id": "45434424-fc32-4d38-8caa-49b72c69e83f",
        "type": "message",
        "text": "<@U030E27CBB3>: thanks. are these for specific regions?",
        "user": "U03B6AGE0HE",
        "ts": "1650304981.601999",
        "team": "T02PFK13YLC",
        "user_team": "T02PFK13YLC",
        "source_team": "T02PFK13YLC",
        "user_profile": {
            "avatar_hash": "306c7bd13fbe",
            "image_72": "https:\/\/avatars.slack-edge.com\/2022-04-14\/3375621829495_306c7bd13fbe2fbf40e2_72.png",
            "first_name": "Pritesh",
            "real_name": "Pritesh Vora",
            "display_name": "Pritesh Vora",
            "team": "T02PFK13YLC",
            "name": "pritesh",
            "is_restricted": false,
            "is_ultra_restricted": false
        },
        "blocks": [
            {
                "type": "rich_text",
                "block_id": "v6P",
                "elements": [
                    {
                        "type": "rich_text_section",
                        "elements": [
                            {
                                "type": "user",
                                "user_id": "U030E27CBB3"
                            },
                            {
                                "type": "text",
                                "text": ": thanks. are these for specific regions?"
                            }
                        ]
                    }
                ]
            }
        ],
        "thread_ts": "1649911291.939689",
        "parent_user_id": "U03B6AGE0HE"
    },
    {
        "client_msg_id": "447AB9A6-EC11-42A6-9C1A-124C89A18D82",
        "type": "message",
        "text": "They serve all these geographies. They have office in  multiple locations. ",
        "user": "U030E27CBB3",
        "ts": "1650336262.029419",
        "team": "T02PFK13YLC",
        "user_team": "T02PFK13YLC",
        "source_team": "T02PFK13YLC",
        "user_profile": {
            "avatar_hash": "ec5003a1e337",
            "image_72": "https:\/\/avatars.slack-edge.com\/2022-01-24\/3003735647700_ec5003a1e337e1285f09_72.jpg",
            "first_name": "Sooraj",
            "real_name": "Sooraj Divakaran",
            "display_name": "Sooraj",
            "team": "T02PFK13YLC",
            "name": "soorajdivakaran",
            "is_restricted": false,
            "is_ultra_restricted": false
        },
        "blocks": [
            {
                "type": "rich_text",
                "block_id": "Ertu",
                "elements": [
                    {
                        "type": "rich_text_section",
                        "elements": [
                            {
                                "type": "text",
                                "text": "They serve all these geographies. They have office in  multiple locations. "
                            }
                        ]
                    }
                ]
            }
        ],
        "thread_ts": "1649911291.939689",
        "parent_user_id": "U03B6AGE0HE"
    }
]