[
    {
        "client_msg_id": "8d0914d2-0cc6-4d61-9339-8b05ea2c85c2",
        "type": "message",
        "text": "TOFU - SEO KW optimzed broad topics that is intended for volume while staying contextual\nMOFU - narrower subjects with more domain expertise and less leaning on the SEO and more on pain points\nBOFU - Case Studies, Data Studies, Success Cases, Comparison Guides etc…",
        "user": "U014ZK7Q1TP",
        "ts": "1595979056.056900",
        "team": "TJE58GTJL",
        "user_team": "TJE58GTJL",
        "source_team": "TJE58GTJL",
        "user_profile": {
            "avatar_hash": "f53be485df46",
            "image_72": "https:\/\/avatars.slack-edge.com\/2020-06-08\/1170803522325_f53be485df4624992b14_72.png",
            "first_name": "dejan",
            "real_name": "dejan",
            "display_name": "dejan",
            "team": "TJE58GTJL",
            "name": "dgajsek",
            "is_restricted": false,
            "is_ultra_restricted": false
        },
        "blocks": [
            {
                "type": "rich_text",
                "block_id": "l9j8",
                "elements": [
                    {
                        "type": "rich_text_section",
                        "elements": [
                            {
                                "type": "text",
                                "text": "TOFU - SEO KW optimzed broad topics that is intended for volume while staying contextual\nMOFU - narrower subjects with more domain expertise and less leaning on the SEO and more on pain points\nBOFU - Case Studies, Data Studies, Success Cases, Comparison Guides etc…"
                            }
                        ]
                    }
                ]
            }
        ],
        "thread_ts": "1595350634.051500",
        "parent_user_id": "UUH2EB134",
        "reactions": [
            {
                "name": "+1",
                "users": [
                    "UUJBMNRNF"
                ],
                "count": 1
            }
        ]
    }
]