[
    {
        "client_msg_id": "ba01cf59-b7f8-45bf-80ae-9e377e96a978",
        "type": "message",
        "text": "Hey <@U017WRJTKF1>,\n\nFor years at SalesHandy, we have been written content with keyword research, match the intents, assuming the ideal customers pain point and problems we solve. \n\nNonetheless, in this quarter I've planned the content based on interviewing customers. It helped me get great insights and things we can't imagine within our team.\n\nYour questionnaire are going to be useful. Thanks for sharing.",
        "user": "U016G65CCUS",
        "ts": "1603447365.071500",
        "team": "TJE58GTJL",
        "user_team": "TJE58GTJL",
        "source_team": "TJE58GTJL",
        "user_profile": {
            "avatar_hash": "9a98775a8c73",
            "image_72": "https:\/\/avatars.slack-edge.com\/2020-07-13\/1238380640803_9a98775a8c73787f8b6c_72.jpg",
            "first_name": "Mehdi",
            "real_name": "Mehdi Hussen",
            "display_name": "Mehdi Hussen",
            "team": "TJE58GTJL",
            "name": "mehdi",
            "is_restricted": false,
            "is_ultra_restricted": false
        },
        "blocks": [
            {
                "type": "rich_text",
                "block_id": "NN\/",
                "elements": [
                    {
                        "type": "rich_text_section",
                        "elements": [
                            {
                                "type": "text",
                                "text": "Hey "
                            },
                            {
                                "type": "user",
                                "user_id": "U017WRJTKF1"
                            },
                            {
                                "type": "text",
                                "text": ",\n\nFor years at SalesHandy, we have been written content with keyword research, match the intents, assuming the ideal customers pain point and problems we solve. \n\nNonetheless, in this quarter I've planned the content based on interviewing customers. It helped me get great insights and things we can't imagine within our team.\n\nYour questionnaire are going to be useful. Thanks for sharing."
                            }
                        ]
                    }
                ]
            }
        ],
        "thread_ts": "1602764665.058300",
        "parent_user_id": "U017WRJTKF1"
    },
    {
        "client_msg_id": "6e4bff87-7adb-4919-b530-c97811e6f670",
        "type": "message",
        "text": "excellent! keep me posted :wink:",
        "user": "U017WRJTKF1",
        "ts": "1603447507.071700",
        "team": "TJE58GTJL",
        "user_team": "TJE58GTJL",
        "source_team": "TJE58GTJL",
        "user_profile": {
            "avatar_hash": "5becbba1453b",
            "image_72": "https:\/\/avatars.slack-edge.com\/2021-08-19\/2398013799555_5becbba1453b45394896_72.jpg",
            "first_name": "fio",
            "real_name": "fio",
            "display_name": "fio",
            "team": "TJE58GTJL",
            "name": "fio",
            "is_restricted": false,
            "is_ultra_restricted": false
        },
        "blocks": [
            {
                "type": "rich_text",
                "block_id": "R6EiF",
                "elements": [
                    {
                        "type": "rich_text_section",
                        "elements": [
                            {
                                "type": "text",
                                "text": "excellent! keep me posted "
                            },
                            {
                                "type": "emoji",
                                "name": "wink"
                            }
                        ]
                    }
                ]
            }
        ],
        "thread_ts": "1602764665.058300",
        "parent_user_id": "U017WRJTKF1"
    },
    {
        "client_msg_id": "39866dc9-74d6-4623-8558-796d5555f178",
        "type": "message",
        "text": "cc <@U017XD7H4P7> because we were just talking about it yesterday :point_up:",
        "user": "U017WRJTKF1",
        "ts": "1603447596.071900",
        "team": "TJE58GTJL",
        "user_team": "TJE58GTJL",
        "source_team": "TJE58GTJL",
        "user_profile": {
            "avatar_hash": "5becbba1453b",
            "image_72": "https:\/\/avatars.slack-edge.com\/2021-08-19\/2398013799555_5becbba1453b45394896_72.jpg",
            "first_name": "fio",
            "real_name": "fio",
            "display_name": "fio",
            "team": "TJE58GTJL",
            "name": "fio",
            "is_restricted": false,
            "is_ultra_restricted": false
        },
        "blocks": [
            {
                "type": "rich_text",
                "block_id": "xTK",
                "elements": [
                    {
                        "type": "rich_text_section",
                        "elements": [
                            {
                                "type": "text",
                                "text": "cc "
                            },
                            {
                                "type": "user",
                                "user_id": "U017XD7H4P7"
                            },
                            {
                                "type": "text",
                                "text": " because we were just talking about it yesterday "
                            },
                            {
                                "type": "emoji",
                                "name": "point_up"
                            }
                        ]
                    }
                ]
            }
        ],
        "thread_ts": "1602764665.058300",
        "parent_user_id": "U017WRJTKF1",
        "reactions": [
            {
                "name": "beers",
                "users": [
                    "U017XD7H4P7"
                ],
                "count": 1
            }
        ]
    },
    {
        "client_msg_id": "c4b171d2-1ead-419f-92c8-3ae44ca1aecd",
        "type": "message",
        "text": "Sure thing :smiley:",
        "user": "U016G65CCUS",
        "ts": "1603450394.072200",
        "team": "TJE58GTJL",
        "user_team": "TJE58GTJL",
        "source_team": "TJE58GTJL",
        "user_profile": {
            "avatar_hash": "9a98775a8c73",
            "image_72": "https:\/\/avatars.slack-edge.com\/2020-07-13\/1238380640803_9a98775a8c73787f8b6c_72.jpg",
            "first_name": "Mehdi",
            "real_name": "Mehdi Hussen",
            "display_name": "Mehdi Hussen",
            "team": "TJE58GTJL",
            "name": "mehdi",
            "is_restricted": false,
            "is_ultra_restricted": false
        },
        "blocks": [
            {
                "type": "rich_text",
                "block_id": "73D",
                "elements": [
                    {
                        "type": "rich_text_section",
                        "elements": [
                            {
                                "type": "text",
                                "text": "Sure thing "
                            },
                            {
                                "type": "emoji",
                                "name": "smiley"
                            }
                        ]
                    }
                ]
            }
        ],
        "thread_ts": "1602764665.058300",
        "parent_user_id": "U017WRJTKF1"
    }
]