[
    {
        "client_msg_id": "8801dc27-6d83-493a-a961-def12b77498c",
        "type": "message",
        "text": "Are you wasting your time with email capture forms?\n\n<https:\/\/www.nateliason.com\/blog\/email-capture>",
        "user": "U01EBT43ERH",
        "ts": "1608746459.112100",
        "team": "TJE58GTJL",
        "user_team": "TJE58GTJL",
        "source_team": "TJE58GTJL",
        "user_profile": {
            "avatar_hash": "c86ee164dab3",
            "image_72": "https:\/\/avatars.slack-edge.com\/2022-04-22\/3419843323814_c86ee164dab3602cb658_72.jpg",
            "first_name": "Mo",
            "real_name": "Mo",
            "display_name": "",
            "team": "TJE58GTJL",
            "name": "mib.shehu.subs",
            "is_restricted": false,
            "is_ultra_restricted": false
        },
        "attachments": [
            {
                "service_name": "Nat Eliason",
                "title": "I'm killing most of my email capture. Here's why. - Nat Eliason",
                "title_link": "https:\/\/www.nateliason.com\/blog\/email-capture",
                "text": "The best writers don't need to constantly demand your attention, you'll happily give it to them. It's the mediocre writers and products that bombard you.",
                "fallback": "Nat Eliason: I'm killing most of my email capture. Here's why. - Nat Eliason",
                "image_url": "https:\/\/uploads-ssl.webflow.com\/5ad143610f7efd77b6f188f3\/5e4c14ee67b15c5a34d2169b_Effect_Window-2.png",
                "ts": 1465542000,
                "from_url": "https:\/\/www.nateliason.com\/blog\/email-capture",
                "image_width": 460,
                "image_height": 250,
                "image_bytes": 413507,
                "id": 1,
                "original_url": "https:\/\/www.nateliason.com\/blog\/email-capture"
            }
        ],
        "blocks": [
            {
                "type": "rich_text",
                "block_id": "3\/iL",
                "elements": [
                    {
                        "type": "rich_text_section",
                        "elements": [
                            {
                                "type": "text",
                                "text": "Are you wasting your time with email capture forms?\n\n"
                            },
                            {
                                "type": "link",
                                "url": "https:\/\/www.nateliason.com\/blog\/email-capture"
                            }
                        ]
                    }
                ]
            }
        ],
        "thread_ts": "1608746459.112100",
        "reply_count": 10,
        "reply_users_count": 4,
        "latest_reply": "1609338484.129300",
        "reply_users": [
            "U01EJ7VE9FD",
            "U01EBT43ERH",
            "U01HM6P28CD",
            "UUXMCJQ15"
        ],
        "replies": [
            {
                "user": "U01EJ7VE9FD",
                "ts": "1608747580.112300"
            },
            {
                "user": "U01EBT43ERH",
                "ts": "1608753376.112500"
            },
            {
                "user": "U01EJ7VE9FD",
                "ts": "1608761971.112700"
            },
            {
                "user": "U01HM6P28CD",
                "ts": "1609275405.121500"
            },
            {
                "user": "U01HM6P28CD",
                "ts": "1609275800.127700"
            },
            {
                "user": "UUXMCJQ15",
                "ts": "1609337931.128300"
            },
            {
                "user": "UUXMCJQ15",
                "ts": "1609337957.128500"
            },
            {
                "user": "UUXMCJQ15",
                "ts": "1609337983.128700"
            },
            {
                "user": "UUXMCJQ15",
                "ts": "1609338107.128900"
            },
            {
                "user": "UUXMCJQ15",
                "ts": "1609338484.129300"
            }
        ],
        "is_locked": false,
        "subscribed": false
    },
    {
        "client_msg_id": "ed5efe7e-b6fc-478f-8243-3f699917d3fe",
        "type": "message",
        "text": "this anti-marketing marketing stuff bothers me... it seems very fluffy and feel-good. but marketing isn't all about storytelling and connections - we're not novelists. marketing needs to support sales and have an impact on the business.\n\ni feel like if your lead magnets aren't working, maybe you just haven't figured it out, or maybe that's not the right strategy for your business, but that doesn't mean it's wrong or evil.",
        "user": "U01EJ7VE9FD",
        "ts": "1608747580.112300",
        "team": "TJE58GTJL",
        "user_team": "TJE58GTJL",
        "source_team": "TJE58GTJL",
        "user_profile": {
            "avatar_hash": "df637672d758",
            "image_72": "https:\/\/avatars.slack-edge.com\/2020-11-11\/1487436721750_df637672d7582de2f180_72.jpg",
            "first_name": "Keri",
            "real_name": "Keri Lynn Engel",
            "display_name": "Keri Lynn Engel",
            "team": "TJE58GTJL",
            "name": "keri",
            "is_restricted": false,
            "is_ultra_restricted": false
        },
        "blocks": [
            {
                "type": "rich_text",
                "block_id": "GM06",
                "elements": [
                    {
                        "type": "rich_text_section",
                        "elements": [
                            {
                                "type": "text",
                                "text": "this anti-marketing marketing stuff bothers me... it seems very fluffy and feel-good. but marketing isn't all about storytelling and connections - we're not novelists. marketing needs to support sales and have an impact on the business.\n\ni feel like if your lead magnets aren't working, maybe you just haven't figured it out, or maybe that's not the right strategy for your business, but that doesn't mean it's wrong or evil."
                            }
                        ]
                    }
                ]
            }
        ],
        "thread_ts": "1608746459.112100",
        "parent_user_id": "U01EBT43ERH"
    },
    {
        "client_msg_id": "bfef480a-aee5-4310-95bb-7fa3e8f20242",
        "type": "message",
        "text": "Sure, but he makes a valid point about the visitor's POV. What's the point of high conversions if the user immediately unsubscribes after getting your PDF — or worse, never responds to your carefully crafted email sequences?",
        "user": "U01EBT43ERH",
        "ts": "1608753376.112500",
        "team": "TJE58GTJL",
        "user_team": "TJE58GTJL",
        "source_team": "TJE58GTJL",
        "user_profile": {
            "avatar_hash": "c86ee164dab3",
            "image_72": "https:\/\/avatars.slack-edge.com\/2022-04-22\/3419843323814_c86ee164dab3602cb658_72.jpg",
            "first_name": "Mo",
            "real_name": "Mo",
            "display_name": "",
            "team": "TJE58GTJL",
            "name": "mib.shehu.subs",
            "is_restricted": false,
            "is_ultra_restricted": false
        },
        "blocks": [
            {
                "type": "rich_text",
                "block_id": "OFh",
                "elements": [
                    {
                        "type": "rich_text_section",
                        "elements": [
                            {
                                "type": "text",
                                "text": "Sure, but he makes a valid point about the visitor's POV. What's the point of high conversions if the user immediately unsubscribes after getting your PDF — or worse, never responds to your carefully crafted email sequences?"
                            }
                        ]
                    }
                ]
            }
        ],
        "thread_ts": "1608746459.112100",
        "parent_user_id": "U01EBT43ERH",
        "reactions": [
            {
                "name": "+1",
                "users": [
                    "U01G5ED8K0V"
                ],
                "count": 1
            }
        ]
    },
    {
        "client_msg_id": "b5c09458-8f0a-4729-ba6f-503214a0f255",
        "type": "message",
        "text": "yep, probably that means your lead magnet isn't as targeted as you thought or your emails aren't as good as you thought, so that's where i'd start instead of throwing my hands up and saying lead magnets are terrible :slightly_smiling_face:",
        "user": "U01EJ7VE9FD",
        "ts": "1608761971.112700",
        "team": "TJE58GTJL",
        "user_team": "TJE58GTJL",
        "source_team": "TJE58GTJL",
        "user_profile": {
            "avatar_hash": "df637672d758",
            "image_72": "https:\/\/avatars.slack-edge.com\/2020-11-11\/1487436721750_df637672d7582de2f180_72.jpg",
            "first_name": "Keri",
            "real_name": "Keri Lynn Engel",
            "display_name": "Keri Lynn Engel",
            "team": "TJE58GTJL",
            "name": "keri",
            "is_restricted": false,
            "is_ultra_restricted": false
        },
        "edited": {
            "user": "U01EJ7VE9FD",
            "ts": "1608761981.000000"
        },
        "blocks": [
            {
                "type": "rich_text",
                "block_id": "WxvAb",
                "elements": [
                    {
                        "type": "rich_text_section",
                        "elements": [
                            {
                                "type": "text",
                                "text": "yep, probably that means your lead magnet isn't as targeted as you thought or your emails aren't as good as you thought, so that's where i'd start instead of throwing my hands up and saying lead magnets are terrible "
                            },
                            {
                                "type": "emoji",
                                "name": "slightly_smiling_face"
                            }
                        ]
                    }
                ]
            }
        ],
        "thread_ts": "1608746459.112100",
        "parent_user_id": "U01EBT43ERH",
        "reactions": [
            {
                "name": "+1",
                "users": [
                    "UUVRDJH3J",
                    "UUXMCJQ15",
                    "U01G7PRL3HQ"
                ],
                "count": 3
            }
        ]
    }
]