[
    {
        "client_msg_id": "5c949d5a-5fdb-452d-aa4a-b306e40b18c3",
        "type": "message",
        "text": "@CaraHogan27",
        "user": "U016BKK7VC3",
        "ts": "1596464073.068200",
        "team": "TJE58GTJL",
        "user_team": "TJE58GTJL",
        "source_team": "TJE58GTJL",
        "user_profile": {
            "avatar_hash": "6ba912198111",
            "image_72": "https:\/\/avatars.slack-edge.com\/2020-06-30\/1214286021077_6ba9121981114cfbfa03_72.jpg",
            "first_name": "Cara",
            "real_name": "Cara Hogan",
            "display_name": "Cara Hogan",
            "team": "TJE58GTJL",
            "name": "cara",
            "is_restricted": false,
            "is_ultra_restricted": false
        },
        "blocks": [
            {
                "type": "rich_text",
                "block_id": "o2W",
                "elements": [
                    {
                        "type": "rich_text_section",
                        "elements": [
                            {
                                "type": "text",
                                "text": "@CaraHogan27"
                            }
                        ]
                    }
                ]
            }
        ],
        "thread_ts": "1596161174.059500",
        "parent_user_id": "U016HJRC77E",
        "reactions": [
            {
                "name": "+1",
                "users": [
                    "U016HJRC77E"
                ],
                "count": 1
            }
        ]
    }
]