[
    {
        "type": "message",
        "subtype": "thread_broadcast",
        "text": "I have a love\/hate relationship with emails generally and more specifically email marketing! I fully understand what Nat is trying to get at but I don’t think it is a one-size-fits-all approach. Different products and services are there for different markets and audiences and as such, require different marketing channels. These channels, like email &amp; newsletter, require flexibility and adaption to fit the content consumers needs. Audiences are also in different stages of the ‘relationship’, they might need different prompts or none at all.",
        "user": "U01HM6P28CD",
        "ts": "1609275405.121500",
        "thread_ts": "1608746459.112100",
        "root": {
            "client_msg_id": "8801dc27-6d83-493a-a961-def12b77498c",
            "type": "message",
            "text": "Are you wasting your time with email capture forms?\n\n<https:\/\/www.nateliason.com\/blog\/email-capture>",
            "user": "U01EBT43ERH",
            "ts": "1608746459.112100",
            "team": "TJE58GTJL",
            "attachments": [
                {
                    "service_name": "Nat Eliason",
                    "title": "I'm killing most of my email capture. Here's why. - Nat Eliason",
                    "title_link": "https:\/\/www.nateliason.com\/blog\/email-capture",
                    "text": "The best writers don't need to constantly demand your attention, you'll happily give it to them. It's the mediocre writers and products that bombard you.",
                    "fallback": "Nat Eliason: I'm killing most of my email capture. Here's why. - Nat Eliason",
                    "image_url": "https:\/\/uploads-ssl.webflow.com\/5ad143610f7efd77b6f188f3\/5e4c14ee67b15c5a34d2169b_Effect_Window-2.png",
                    "ts": 1465542000,
                    "from_url": "https:\/\/www.nateliason.com\/blog\/email-capture",
                    "image_width": 460,
                    "image_height": 250,
                    "image_bytes": 413507,
                    "id": 1,
                    "original_url": "https:\/\/www.nateliason.com\/blog\/email-capture"
                }
            ],
            "blocks": [
                {
                    "type": "rich_text",
                    "block_id": "3\/iL",
                    "elements": [
                        {
                            "type": "rich_text_section",
                            "elements": [
                                {
                                    "type": "text",
                                    "text": "Are you wasting your time with email capture forms?\n\n"
                                },
                                {
                                    "type": "link",
                                    "url": "https:\/\/www.nateliason.com\/blog\/email-capture"
                                }
                            ]
                        }
                    ]
                }
            ],
            "thread_ts": "1608746459.112100",
            "reply_count": 10,
            "reply_users_count": 4,
            "latest_reply": "1609338484.129300",
            "reply_users": [
                "U01EJ7VE9FD",
                "U01EBT43ERH",
                "U01HM6P28CD",
                "UUXMCJQ15"
            ],
            "replies": [
                {
                    "user": "U01EJ7VE9FD",
                    "ts": "1608747580.112300"
                },
                {
                    "user": "U01EBT43ERH",
                    "ts": "1608753376.112500"
                },
                {
                    "user": "U01EJ7VE9FD",
                    "ts": "1608761971.112700"
                },
                {
                    "user": "U01HM6P28CD",
                    "ts": "1609275405.121500"
                },
                {
                    "user": "U01HM6P28CD",
                    "ts": "1609275800.127700"
                },
                {
                    "user": "UUXMCJQ15",
                    "ts": "1609337931.128300"
                },
                {
                    "user": "UUXMCJQ15",
                    "ts": "1609337957.128500"
                },
                {
                    "user": "UUXMCJQ15",
                    "ts": "1609337983.128700"
                },
                {
                    "user": "UUXMCJQ15",
                    "ts": "1609338107.128900"
                },
                {
                    "user": "UUXMCJQ15",
                    "ts": "1609338484.129300"
                }
            ],
            "is_locked": false,
            "subscribed": false
        },
        "blocks": [
            {
                "type": "rich_text",
                "block_id": "MCI",
                "elements": [
                    {
                        "type": "rich_text_section",
                        "elements": [
                            {
                                "type": "text",
                                "text": "I have a love\/hate relationship with emails generally and more specifically email marketing! I fully understand what Nat is trying to get at but I don’t think it is a one-size-fits-all approach. Different products and services are there for different markets and audiences and as such, require different marketing channels. These channels, like email & newsletter, require flexibility and adaption to fit the content consumers needs. Audiences are also in different stages of the ‘relationship’, they might need different prompts or none at all."
                            }
                        ]
                    }
                ]
            }
        ],
        "client_msg_id": "EA2492DB-64B2-448C-9FB3-E1E2AF1D452C",
        "reactions": [
            {
                "name": "100",
                "users": [
                    "U01EJ7VE9FD",
                    "U01EBT43ERH",
                    "UJG9WTEKG"
                ],
                "count": 3
            }
        ]
    },
    {
        "type": "message",
        "subtype": "thread_broadcast",
        "text": "YouTube’s Subscribe button or Bell icon are much like capture forms. Sure there are some channels I don’t need to be asked to subscribe to nor do I need to click the bell, because I’ll search for them if I don’t see them in my feed (they are that good)... but for other viewers they might be new to the same channel and they might need a little prompting. What is annoying is if you get asked 3 or 4 times during a 5min video to subscribe!",
        "user": "U01HM6P28CD",
        "ts": "1609275800.127700",
        "thread_ts": "1608746459.112100",
        "root": {
            "client_msg_id": "8801dc27-6d83-493a-a961-def12b77498c",
            "type": "message",
            "text": "Are you wasting your time with email capture forms?\n\n<https:\/\/www.nateliason.com\/blog\/email-capture>",
            "user": "U01EBT43ERH",
            "ts": "1608746459.112100",
            "team": "TJE58GTJL",
            "attachments": [
                {
                    "service_name": "Nat Eliason",
                    "title": "I'm killing most of my email capture. Here's why. - Nat Eliason",
                    "title_link": "https:\/\/www.nateliason.com\/blog\/email-capture",
                    "text": "The best writers don't need to constantly demand your attention, you'll happily give it to them. It's the mediocre writers and products that bombard you.",
                    "fallback": "Nat Eliason: I'm killing most of my email capture. Here's why. - Nat Eliason",
                    "image_url": "https:\/\/uploads-ssl.webflow.com\/5ad143610f7efd77b6f188f3\/5e4c14ee67b15c5a34d2169b_Effect_Window-2.png",
                    "ts": 1465542000,
                    "from_url": "https:\/\/www.nateliason.com\/blog\/email-capture",
                    "image_width": 460,
                    "image_height": 250,
                    "image_bytes": 413507,
                    "id": 1,
                    "original_url": "https:\/\/www.nateliason.com\/blog\/email-capture"
                }
            ],
            "blocks": [
                {
                    "type": "rich_text",
                    "block_id": "3\/iL",
                    "elements": [
                        {
                            "type": "rich_text_section",
                            "elements": [
                                {
                                    "type": "text",
                                    "text": "Are you wasting your time with email capture forms?\n\n"
                                },
                                {
                                    "type": "link",
                                    "url": "https:\/\/www.nateliason.com\/blog\/email-capture"
                                }
                            ]
                        }
                    ]
                }
            ],
            "thread_ts": "1608746459.112100",
            "reply_count": 10,
            "reply_users_count": 4,
            "latest_reply": "1609338484.129300",
            "reply_users": [
                "U01EJ7VE9FD",
                "U01EBT43ERH",
                "U01HM6P28CD",
                "UUXMCJQ15"
            ],
            "replies": [
                {
                    "user": "U01EJ7VE9FD",
                    "ts": "1608747580.112300"
                },
                {
                    "user": "U01EBT43ERH",
                    "ts": "1608753376.112500"
                },
                {
                    "user": "U01EJ7VE9FD",
                    "ts": "1608761971.112700"
                },
                {
                    "user": "U01HM6P28CD",
                    "ts": "1609275405.121500"
                },
                {
                    "user": "U01HM6P28CD",
                    "ts": "1609275800.127700"
                },
                {
                    "user": "UUXMCJQ15",
                    "ts": "1609337931.128300"
                },
                {
                    "user": "UUXMCJQ15",
                    "ts": "1609337957.128500"
                },
                {
                    "user": "UUXMCJQ15",
                    "ts": "1609337983.128700"
                },
                {
                    "user": "UUXMCJQ15",
                    "ts": "1609338107.128900"
                },
                {
                    "user": "UUXMCJQ15",
                    "ts": "1609338484.129300"
                }
            ],
            "is_locked": false,
            "subscribed": false
        },
        "blocks": [
            {
                "type": "rich_text",
                "block_id": "ecHv",
                "elements": [
                    {
                        "type": "rich_text_section",
                        "elements": [
                            {
                                "type": "text",
                                "text": "YouTube’s Subscribe button or Bell icon are much like capture forms. Sure there are some channels I don’t need to be asked to subscribe to nor do I need to click the bell, because I’ll search for them if I don’t see them in my feed (they are that good)... but for other viewers they might be new to the same channel and they might need a little prompting. What is annoying is if you get asked 3 or 4 times during a 5min video to subscribe!"
                            }
                        ]
                    }
                ]
            }
        ],
        "client_msg_id": "47BF19E0-C9C2-4DFD-9F21-0376D367C9B6",
        "reactions": [
            {
                "name": "+1",
                "users": [
                    "U01G5ED8K0V",
                    "U01EBT43ERH"
                ],
                "count": 2
            }
        ]
    }
]