[
    {
        "client_msg_id": "d7b21baa-20bb-4f24-8d62-7441dda25b87",
        "type": "message",
        "text": "yeah Chris Walker is awesome!",
        "user": "U015B888266",
        "ts": "1592345468.040900",
        "team": "TJE58GTJL",
        "user_team": "TJE58GTJL",
        "source_team": "TJE58GTJL",
        "user_profile": {
            "avatar_hash": "ecf711ec483e",
            "image_72": "https:\/\/avatars.slack-edge.com\/2020-06-16\/1210180122720_ecf711ec483e342dca54_72.jpg",
            "first_name": "Renga",
            "real_name": "Renga Padmanabhan",
            "display_name": "Renga",
            "team": "TJE58GTJL",
            "name": "radhe.varun",
            "is_restricted": false,
            "is_ultra_restricted": false
        },
        "blocks": [
            {
                "type": "rich_text",
                "block_id": "6Iig",
                "elements": [
                    {
                        "type": "rich_text_section",
                        "elements": [
                            {
                                "type": "text",
                                "text": "yeah Chris Walker is awesome!"
                            }
                        ]
                    }
                ]
            }
        ],
        "thread_ts": "1590599986.035000",
        "parent_user_id": "UUXMC3ZFH"
    },
    {
        "client_msg_id": "c6fdb7aa-5f5b-4028-b304-d8586a506611",
        "type": "message",
        "text": "I started listening and IMO it’s average content. Maybe I haven’t come across the contrarian stuff yet.",
        "user": "U012R27LRJ8",
        "ts": "1592347484.041100",
        "team": "TJE58GTJL",
        "user_team": "TJE58GTJL",
        "source_team": "TJE58GTJL",
        "user_profile": {
            "avatar_hash": "gc7e97cc49db",
            "image_72": "https:\/\/secure.gravatar.com\/avatar\/c7e97cc49db3bc3a0bae60f1201822c7.jpg?s=72&d=https%3A%2F%2Fa.slack-edge.com%2Fdf10d%2Fimg%2Favatars%2Fava_0002-72.png",
            "first_name": "Al",
            "real_name": "Al Chen",
            "display_name": "Al Chen",
            "team": "TJE58GTJL",
            "name": "al",
            "is_restricted": false,
            "is_ultra_restricted": false
        },
        "blocks": [
            {
                "type": "rich_text",
                "block_id": "L5wBG",
                "elements": [
                    {
                        "type": "rich_text_section",
                        "elements": [
                            {
                                "type": "text",
                                "text": "I started listening and IMO it’s average content. Maybe I haven’t come across the contrarian stuff yet."
                            }
                        ]
                    }
                ]
            }
        ],
        "thread_ts": "1590599986.035000",
        "parent_user_id": "UUXMC3ZFH"
    }
]