[
    {
        "client_msg_id": "e754c398-ee57-4fad-885b-04dfb3c07bb6",
        "type": "message",
        "text": "A relevant report with typos already called out?? I love this Slack group.",
        "user": "U013L0U4YSU",
        "ts": "1589222496.002700",
        "team": "TJE58GTJL",
        "user_team": "TJE58GTJL",
        "source_team": "TJE58GTJL",
        "user_profile": {
            "avatar_hash": "355d456c66a4",
            "image_72": "https:\/\/avatars.slack-edge.com\/2020-05-01\/1091463299222_355d456c66a4f5748282_72.png",
            "first_name": "Dania",
            "real_name": "Dania M.",
            "display_name": "Dania M.",
            "team": "TJE58GTJL",
            "name": "dsm339",
            "is_restricted": false,
            "is_ultra_restricted": false
        },
        "blocks": [
            {
                "type": "rich_text",
                "block_id": "8WiRT",
                "elements": [
                    {
                        "type": "rich_text_section",
                        "elements": [
                            {
                                "type": "text",
                                "text": "A relevant report with typos already called out?? I love this Slack group."
                            }
                        ]
                    }
                ]
            }
        ],
        "thread_ts": "1586373608.002800",
        "parent_user_id": "UUXMC3ZFH",
        "reactions": [
            {
                "name": "rocket",
                "users": [
                    "UUKNRAD4Z"
                ],
                "count": 1
            }
        ]
    }
]