[
    {
        "client_msg_id": "48b7d05c-5b9f-46d1-a052-e3de6abd2587",
        "type": "message",
        "text": "We don't see reps go rogue too frequently - that I'm aware of, at least. For time-sensitive requests, we're happy to rush production,  but we also provide the brand resources\/tools they need to create their own content if the window is too short to fulfill a more comprehensive request (e.g., Google Slides or Keynote templates). We have company-wide social policies &amp; rarely see anyone go \"off message.\"",
        "user": "UJS103D7S",
        "ts": "1584104930.020700",
        "team": "TJE58GTJL",
        "user_team": "TJE58GTJL",
        "source_team": "TJE58GTJL",
        "user_profile": {
            "avatar_hash": "be0204d95db9",
            "image_72": "https:\/\/avatars.slack-edge.com\/2020-01-21\/902951134050_be0204d95db90b66f738_72.jpg",
            "first_name": "Josh",
            "real_name": "Josh Palmer",
            "display_name": "Josh Palmer",
            "team": "TJE58GTJL",
            "name": "josh",
            "is_restricted": false,
            "is_ultra_restricted": false
        },
        "edited": {
            "user": "UJS103D7S",
            "ts": "1584104949.000000"
        },
        "blocks": [
            {
                "type": "rich_text",
                "block_id": "V1\/7",
                "elements": [
                    {
                        "type": "rich_text_section",
                        "elements": [
                            {
                                "type": "text",
                                "text": "We don't see reps go rogue too frequently - that I'm aware of, at least. For time-sensitive requests, we're happy to rush production,  but we also provide the brand resources\/tools they need to create their own content if the window is too short to fulfill a more comprehensive request (e.g., Google Slides or Keynote templates). We have company-wide social policies & rarely see anyone go \"off message.\""
                            }
                        ]
                    }
                ]
            }
        ],
        "thread_ts": "1584042170.004600",
        "parent_user_id": "UUXMC3ZFH"
    },
    {
        "client_msg_id": "eb83880d-258a-4c26-b72a-1a88fa6797f5",
        "type": "message",
        "text": "Happy Friday everyone! Since a major theme of content marketing is usefulness and education, given the current situation, does anyone have any good examples of companies creating helpful\/useful content to help their clients navigate the business\/economic landscape?\n\nOpen to any industry - more curious about ways people are thinking outside the box. For example, Tableau used their resources to create data visualizations to help people stay informed (<https:\/\/www.tableau.com\/covid-19-coronavirus-data-resources>) - and Facebook put a guide together to help businesses navigate a challenging times: <https:\/\/www.facebook.com\/business\/boost\/resource>.",
        "user": "UV5GVN7M2",
        "ts": "1584111543.023300",
        "team": "TJE58GTJL",
        "user_team": "TJE58GTJL",
        "source_team": "TJE58GTJL",
        "user_profile": {
            "avatar_hash": "8878aef67926",
            "image_72": "https:\/\/avatars.slack-edge.com\/2020-03-11\/981129670690_8878aef679261fd77022_72.jpg",
            "first_name": "Megan",
            "real_name": "Megan Z",
            "display_name": "Megan Z",
            "team": "TJE58GTJL",
            "name": "mzink",
            "is_restricted": false,
            "is_ultra_restricted": false
        },
        "attachments": [
            {
                "service_name": "Facebook for Business",
                "title": "Business Resource Hub: Build Resilience During Challenging Times",
                "title_link": "https:\/\/www.facebook.com\/business\/boost\/resource",
                "text": "Help your business manage through and build resilience during challenging times. Read our latest resources.",
                "fallback": "Facebook for Business: Business Resource Hub: Build Resilience During Challenging Times",
                "image_url": "https:\/\/scontent-iad3-1.xx.fbcdn.net\/v\/t39.8562-6\/84297988_2647292478702075_280500646199689216_n.jpg?_nc_cat=106&_nc_sid=6825c5&_nc_oc=AQmtqqY8OufTRj7RfgsNL9W1npB1S4GfEES0vtGzsqLYmKA4HVGTvoIm4a-d0LpA9iI&_nc_ht=scontent-iad3-1.xx&oh=53c741b88d7f590371811ed81dc53b99&oe=5E91AEEE",
                "from_url": "https:\/\/www.facebook.com\/business\/boost\/resource",
                "image_width": 476,
                "image_height": 250,
                "image_bytes": 51666,
                "service_icon": "https:\/\/static.xx.fbcdn.net\/rsrc.php\/v3\/yI\/r\/Cl4T0NgoE_u.png",
                "id": 1,
                "original_url": "https:\/\/www.facebook.com\/business\/boost\/resource"
            }
        ],
        "blocks": [
            {
                "type": "rich_text",
                "block_id": "4c9V",
                "elements": [
                    {
                        "type": "rich_text_section",
                        "elements": [
                            {
                                "type": "text",
                                "text": "Happy Friday everyone! Since a major theme of content marketing is usefulness and education, given the current situation, does anyone have any good examples of companies creating helpful\/useful content to help their clients navigate the business\/economic landscape?\n\nOpen to any industry - more curious about ways people are thinking outside the box. For example, Tableau used their resources to create data visualizations to help people stay informed ("
                            },
                            {
                                "type": "link",
                                "url": "https:\/\/www.tableau.com\/covid-19-coronavirus-data-resources"
                            },
                            {
                                "type": "text",
                                "text": ") - and Facebook put a guide together to help businesses navigate a challenging times: "
                            },
                            {
                                "type": "link",
                                "url": "https:\/\/www.facebook.com\/business\/boost\/resource"
                            },
                            {
                                "type": "text",
                                "text": "."
                            }
                        ]
                    }
                ]
            }
        ],
        "thread_ts": "1584111543.023300",
        "reply_count": 2,
        "reply_users_count": 2,
        "latest_reply": "1591049613.037700",
        "reply_users": [
            "U014SFB7MLY",
            "UV5GVN7M2"
        ],
        "replies": [
            {
                "user": "U014SFB7MLY",
                "ts": "1590601764.035900"
            },
            {
                "user": "UV5GVN7M2",
                "ts": "1591049613.037700"
            }
        ],
        "is_locked": false,
        "subscribed": false
    }
]