[
    {
        "client_msg_id": "29743d9f-c38b-4d36-abd1-37013d30123a",
        "type": "message",
        "text": "<@URB31QKM4> I'd love to see this also! :woman-raising-hand:",
        "user": "U016CGRMRAR",
        "ts": "1596430239.068000",
        "team": "TJE58GTJL",
        "user_team": "TJE58GTJL",
        "source_team": "TJE58GTJL",
        "user_profile": {
            "avatar_hash": "a30df0f060df",
            "image_72": "https:\/\/avatars.slack-edge.com\/2020-07-02\/1218126269474_a30df0f060df6aa5e64f_72.jpg",
            "first_name": "Olivia",
            "real_name": "Olivia Blazevic",
            "display_name": "Olivia Blazevic",
            "team": "TJE58GTJL",
            "name": "olivia544",
            "is_restricted": false,
            "is_ultra_restricted": false
        },
        "blocks": [
            {
                "type": "rich_text",
                "block_id": "MskBQ",
                "elements": [
                    {
                        "type": "rich_text_section",
                        "elements": [
                            {
                                "type": "user",
                                "user_id": "URB31QKM4"
                            },
                            {
                                "type": "text",
                                "text": " I'd love to see this also! "
                            },
                            {
                                "type": "emoji",
                                "name": "woman-raising-hand"
                            }
                        ]
                    }
                ]
            }
        ],
        "thread_ts": "1595350634.051500",
        "parent_user_id": "UUH2EB134",
        "reactions": [
            {
                "name": "+1",
                "users": [
                    "URB31QKM4"
                ],
                "count": 1
            }
        ]
    }
]