[
    {
        "client_msg_id": "98fc92e1-76d7-432f-ae98-1839c739a421",
        "type": "message",
        "text": "our slack AMAs have been really successful so far (but that obv requires having a slack group)",
        "user": "UJG9WTEKG",
        "ts": "1601655555.022100",
        "team": "TJE58GTJL",
        "user_team": "TJE58GTJL",
        "source_team": "TJE58GTJL",
        "user_profile": {
            "avatar_hash": "gc25b94e6ebf",
            "image_72": "https:\/\/secure.gravatar.com\/avatar\/eec25b94e6ebf55f0b7933372344cd09.jpg?s=72&d=https%3A%2F%2Fa.slack-edge.com%2Fdf10d%2Fimg%2Favatars%2Fava_0001-72.png",
            "first_name": "Jimmy",
            "real_name": "Jimmy Daly",
            "display_name": "",
            "team": "TJE58GTJL",
            "name": "runjimdaly",
            "is_restricted": false,
            "is_ultra_restricted": false
        },
        "blocks": [
            {
                "type": "rich_text",
                "block_id": "qlh+",
                "elements": [
                    {
                        "type": "rich_text_section",
                        "elements": [
                            {
                                "type": "text",
                                "text": "our slack AMAs have been really successful so far (but that obv requires having a slack group)"
                            }
                        ]
                    }
                ]
            }
        ],
        "thread_ts": "1601576926.021300",
        "parent_user_id": "U019SM5LH6D"
    },
    {
        "client_msg_id": "e9c71f34-ba7b-43b5-b857-c40c1b51fc98",
        "type": "message",
        "text": "if i were to do them on another platform, i’ld probably do a video livestream.",
        "user": "UJG9WTEKG",
        "ts": "1601655568.022300",
        "team": "TJE58GTJL",
        "user_team": "TJE58GTJL",
        "source_team": "TJE58GTJL",
        "user_profile": {
            "avatar_hash": "gc25b94e6ebf",
            "image_72": "https:\/\/secure.gravatar.com\/avatar\/eec25b94e6ebf55f0b7933372344cd09.jpg?s=72&d=https%3A%2F%2Fa.slack-edge.com%2Fdf10d%2Fimg%2Favatars%2Fava_0001-72.png",
            "first_name": "Jimmy",
            "real_name": "Jimmy Daly",
            "display_name": "",
            "team": "TJE58GTJL",
            "name": "runjimdaly",
            "is_restricted": false,
            "is_ultra_restricted": false
        },
        "blocks": [
            {
                "type": "rich_text",
                "block_id": "mgC",
                "elements": [
                    {
                        "type": "rich_text_section",
                        "elements": [
                            {
                                "type": "text",
                                "text": "if i were to do them on another platform, i’ld probably do a video livestream."
                            }
                        ]
                    }
                ]
            }
        ],
        "thread_ts": "1601576926.021300",
        "parent_user_id": "U019SM5LH6D"
    },
    {
        "client_msg_id": "23673301-b52f-4371-8c03-f2e9967a3f57",
        "type": "message",
        "text": "interesting. thank you!",
        "user": "U019SM5LH6D",
        "ts": "1601658524.022500",
        "team": "TJE58GTJL",
        "user_team": "TJE58GTJL",
        "source_team": "TJE58GTJL",
        "user_profile": {
            "avatar_hash": "f0bc5f929171",
            "image_72": "https:\/\/avatars.slack-edge.com\/2020-08-25\/1315176107894_f0bc5f929171fb026543_72.jpg",
            "first_name": "Hillary",
            "real_name": "Hillary Nussbaum",
            "display_name": "Hillary Nussbaum",
            "team": "TJE58GTJL",
            "name": "hillary",
            "is_restricted": false,
            "is_ultra_restricted": false
        },
        "blocks": [
            {
                "type": "rich_text",
                "block_id": "O=GXq",
                "elements": [
                    {
                        "type": "rich_text_section",
                        "elements": [
                            {
                                "type": "text",
                                "text": "interesting. thank you!"
                            }
                        ]
                    }
                ]
            }
        ],
        "thread_ts": "1601576926.021300",
        "parent_user_id": "U019SM5LH6D"
    },
    {
        "client_msg_id": "a4358158-c008-4cdd-84f8-7aab4ebe1352",
        "type": "message",
        "text": "I like the way Sharebird does its AMAs, so I would like to take a leaf out of it. Being an ex-engg leader myself, Twitter\/Slack still works well, but Sharebird is great for a continuing conversation. <https:\/\/sharebird.com> <@U019SM5LH6D>",
        "user": "U015B888266",
        "ts": "1601665752.022700",
        "team": "TJE58GTJL",
        "user_team": "TJE58GTJL",
        "source_team": "TJE58GTJL",
        "user_profile": {
            "avatar_hash": "ecf711ec483e",
            "image_72": "https:\/\/avatars.slack-edge.com\/2020-06-16\/1210180122720_ecf711ec483e342dca54_72.jpg",
            "first_name": "Renga",
            "real_name": "Renga Padmanabhan",
            "display_name": "Renga",
            "team": "TJE58GTJL",
            "name": "radhe.varun",
            "is_restricted": false,
            "is_ultra_restricted": false
        },
        "attachments": [
            {
                "title": "Sharebird",
                "title_link": "https:\/\/sharebird.com\/",
                "text": "Sharebird is a place to find content and insights from professionals at top companies.",
                "fallback": "Sharebird",
                "from_url": "https:\/\/sharebird.com\/",
                "service_icon": "https:\/\/sharebird.com\/icon.png",
                "service_name": "sharebird.com",
                "id": 1,
                "original_url": "https:\/\/sharebird.com"
            }
        ],
        "blocks": [
            {
                "type": "rich_text",
                "block_id": "Hn0j",
                "elements": [
                    {
                        "type": "rich_text_section",
                        "elements": [
                            {
                                "type": "text",
                                "text": "I like the way Sharebird does its AMAs, so I would like to take a leaf out of it. Being an ex-engg leader myself, Twitter\/Slack still works well, but Sharebird is great for a continuing conversation. "
                            },
                            {
                                "type": "link",
                                "url": "https:\/\/sharebird.com"
                            },
                            {
                                "type": "text",
                                "text": " "
                            },
                            {
                                "type": "user",
                                "user_id": "U019SM5LH6D"
                            }
                        ]
                    }
                ]
            }
        ],
        "thread_ts": "1601576926.021300",
        "parent_user_id": "U019SM5LH6D",
        "reactions": [
            {
                "name": "thankyou",
                "users": [
                    "U019SM5LH6D"
                ],
                "count": 1
            }
        ]
    },
    {
        "client_msg_id": "bf881d7c-945a-46a2-8286-d1290d5aaa9a",
        "type": "message",
        "text": "I'm curious about what signals make it clear that  content syndication worth it, and what things should I look for to indicate \"nah don't worry about it\".\n\nLike, should I be encouraging _all_ my clients to publish their content on Medium and LinkedIn too?",
        "user": "U019UEW7AQ2",
        "ts": "1601673101.023100",
        "team": "TJE58GTJL",
        "user_team": "TJE58GTJL",
        "source_team": "TJE58GTJL",
        "user_profile": {
            "avatar_hash": "g30badcb245c",
            "image_72": "https:\/\/secure.gravatar.com\/avatar\/30badcb245c82ae168c1c8b62022a13c.jpg?s=72&d=https%3A%2F%2Fa.slack-edge.com%2Fdf10d%2Fimg%2Favatars%2Fava_0013-72.png",
            "first_name": "Garrett",
            "real_name": "Garrett Oden",
            "display_name": "",
            "team": "TJE58GTJL",
            "name": "garrett.l.oden",
            "is_restricted": false,
            "is_ultra_restricted": false
        },
        "blocks": [
            {
                "type": "rich_text",
                "block_id": "qh=o9",
                "elements": [
                    {
                        "type": "rich_text_section",
                        "elements": [
                            {
                                "type": "text",
                                "text": "I'm curious about what signals make it clear that  content syndication worth it, and what things should I look for to indicate \"nah don't worry about it\".\n\nLike, should I be encouraging "
                            },
                            {
                                "type": "text",
                                "text": "all ",
                                "style": {
                                    "italic": true
                                }
                            },
                            {
                                "type": "text",
                                "text": "my clients to publish their content on Medium and LinkedIn too?"
                            }
                        ]
                    }
                ]
            }
        ],
        "thread_ts": "1601484688.013000",
        "parent_user_id": "U0125MKEXFS"
    }
]