[
    {
        "client_msg_id": "352a3145-07d9-4efd-9122-e010c6f79a4f",
        "type": "message",
        "text": "Listening to more of Chris Walker these days, definitely becoming a convert.",
        "user": "U012R27LRJ8",
        "ts": "1595870930.056600",
        "team": "TJE58GTJL",
        "user_team": "TJE58GTJL",
        "source_team": "TJE58GTJL",
        "user_profile": {
            "avatar_hash": "gc7e97cc49db",
            "image_72": "https:\/\/secure.gravatar.com\/avatar\/c7e97cc49db3bc3a0bae60f1201822c7.jpg?s=72&d=https%3A%2F%2Fa.slack-edge.com%2Fdf10d%2Fimg%2Favatars%2Fava_0002-72.png",
            "first_name": "Al",
            "real_name": "Al Chen",
            "display_name": "Al Chen",
            "team": "TJE58GTJL",
            "name": "al",
            "is_restricted": false,
            "is_ultra_restricted": false
        },
        "blocks": [
            {
                "type": "rich_text",
                "block_id": "NLd",
                "elements": [
                    {
                        "type": "rich_text_section",
                        "elements": [
                            {
                                "type": "text",
                                "text": "Listening to more of Chris Walker these days, definitely becoming a convert."
                            }
                        ]
                    }
                ]
            }
        ],
        "thread_ts": "1590599986.035000",
        "parent_user_id": "UUXMC3ZFH"
    }
]