[
    {
        "client_msg_id": "F0C08B02-5184-4FD2-9020-6E61EB95208C",
        "type": "message",
        "text": "@hashtaggrammar\n\nMy Twitter community is all writing and editing, and we do get a bit political, but not lately",
        "user": "U016VHZ0ZD5",
        "ts": "1596194734.065100",
        "team": "TJE58GTJL",
        "user_team": "TJE58GTJL",
        "source_team": "TJE58GTJL",
        "user_profile": {
            "avatar_hash": "c3a4d3793f34",
            "image_72": "https:\/\/avatars.slack-edge.com\/2020-08-06\/1292262618052_c3a4d3793f345f065330_72.jpg",
            "first_name": "Samantha",
            "real_name": "Samantha Finken",
            "display_name": "Samantha Finken",
            "team": "TJE58GTJL",
            "name": "samantha.finken",
            "is_restricted": false,
            "is_ultra_restricted": false
        },
        "blocks": [
            {
                "type": "rich_text",
                "block_id": "c60E3",
                "elements": [
                    {
                        "type": "rich_text_section",
                        "elements": [
                            {
                                "type": "text",
                                "text": "@hashtaggrammar\n"
                            },
                            {
                                "type": "text",
                                "text": "\n"
                            },
                            {
                                "type": "text",
                                "text": "My Twitter community is all writing and editing, and we do get a bit political, but not lately"
                            }
                        ]
                    }
                ]
            }
        ],
        "thread_ts": "1596161174.059500",
        "parent_user_id": "U016HJRC77E"
    },
    {
        "client_msg_id": "aefb8b7a-df3b-407a-8c4e-6c0c7ec5e775",
        "type": "message",
        "text": "@mbrammer18",
        "user": "U0109NWK58A",
        "ts": "1596199678.065300",
        "team": "TJE58GTJL",
        "user_team": "TJE58GTJL",
        "source_team": "TJE58GTJL",
        "user_profile": {
            "avatar_hash": "d222a5a91274",
            "image_72": "https:\/\/avatars.slack-edge.com\/2020-03-24\/1025305376582_d222a5a912743346de3d_72.png",
            "first_name": "Michelle",
            "real_name": "Michelle Brammer",
            "display_name": "Michelle Brammer",
            "team": "TJE58GTJL",
            "name": "mbrammer",
            "is_restricted": false,
            "is_ultra_restricted": false
        },
        "blocks": [
            {
                "type": "rich_text",
                "block_id": "RWAAh",
                "elements": [
                    {
                        "type": "rich_text_section",
                        "elements": [
                            {
                                "type": "text",
                                "text": "@mbrammer18"
                            }
                        ]
                    }
                ]
            }
        ],
        "thread_ts": "1596161174.059500",
        "parent_user_id": "U016HJRC77E"
    },
    {
        "client_msg_id": "9c73e3c8-c865-4e8c-ac59-6faf4bcd3fdd",
        "type": "message",
        "text": "@ajulloa",
        "user": "UJ2QESJ66",
        "ts": "1596203115.065500",
        "team": "TJE58GTJL",
        "user_team": "TJE58GTJL",
        "source_team": "TJE58GTJL",
        "user_profile": {
            "avatar_hash": "6f45bd7b7f97",
            "image_72": "https:\/\/avatars.slack-edge.com\/2020-07-24\/1268680536836_6f45bd7b7f97c52740e0_72.png",
            "first_name": "Juan",
            "real_name": "Juan Ortega",
            "display_name": "Juan",
            "team": "TJE58GTJL",
            "name": "juan",
            "is_restricted": false,
            "is_ultra_restricted": false
        },
        "blocks": [
            {
                "type": "rich_text",
                "block_id": "O0jPi",
                "elements": [
                    {
                        "type": "rich_text_section",
                        "elements": [
                            {
                                "type": "text",
                                "text": "@ajulloa"
                            }
                        ]
                    }
                ]
            }
        ],
        "thread_ts": "1596161174.059500",
        "parent_user_id": "U016HJRC77E"
    },
    {
        "client_msg_id": "c2011d3e-7626-43eb-b049-7acc54a71323",
        "type": "message",
        "text": "@h5amin !",
        "user": "U010JU2GTND",
        "ts": "1596203502.065700",
        "team": "TJE58GTJL",
        "user_team": "TJE58GTJL",
        "source_team": "TJE58GTJL",
        "user_profile": {
            "avatar_hash": "470bba81271c",
            "image_72": "https:\/\/avatars.slack-edge.com\/2020-03-26\/1029299482741_470bba81271c13b2eb40_72.png",
            "first_name": "Hiba",
            "real_name": "Hiba",
            "display_name": "Hiba",
            "team": "TJE58GTJL",
            "name": "hiba",
            "is_restricted": false,
            "is_ultra_restricted": false
        },
        "blocks": [
            {
                "type": "rich_text",
                "block_id": "iX1UE",
                "elements": [
                    {
                        "type": "rich_text_section",
                        "elements": [
                            {
                                "type": "text",
                                "text": "@h5amin !"
                            }
                        ]
                    }
                ]
            }
        ],
        "thread_ts": "1596161174.059500",
        "parent_user_id": "U016HJRC77E"
    }
]