[
    {
        "client_msg_id": "c77b831a-fb9b-4310-90f1-317219ec468d",
        "type": "message",
        "text": "If I had a SaaS or something and were in this position, I'd just do the demo and gauge competitor's reaction\/behavior\/questions.  If they're serious about gathering intel on your offering, they could always just buy it and you probably have doco\/activation collateral anyway  Plus, if the only thing keep your competitive advantage intact is competitors not knowing how your product works, then you've got bigger problems than whether or not to do a demo for a competitor.  My 2 cents, anyway.",
        "user": "U017XD7H4P7",
        "ts": "1608389629.110600",
        "team": "TJE58GTJL",
        "user_team": "TJE58GTJL",
        "source_team": "TJE58GTJL",
        "user_profile": {
            "avatar_hash": "f9ab77023918",
            "image_72": "https:\/\/avatars.slack-edge.com\/2020-07-29\/1256516765207_f9ab77023918e4c2b919_72.png",
            "first_name": "Erik",
            "real_name": "Erik Dietrich",
            "display_name": "Erik Dietrich",
            "team": "TJE58GTJL",
            "name": "erik",
            "is_restricted": false,
            "is_ultra_restricted": false
        },
        "edited": {
            "user": "U017XD7H4P7",
            "ts": "1608389652.000000"
        },
        "blocks": [
            {
                "type": "rich_text",
                "block_id": "sJc=8",
                "elements": [
                    {
                        "type": "rich_text_section",
                        "elements": [
                            {
                                "type": "text",
                                "text": "If I had a SaaS or something and were in this position, I'd just do the demo and gauge competitor's reaction\/behavior\/questions.  If they're serious about gathering intel on your offering, they could always just buy it and you probably have doco\/activation collateral anyway  Plus, if the only thing keep your competitive advantage intact is competitors not knowing how your product works, then you've got bigger problems than whether or not to do a demo for a competitor.  My 2 cents, anyway."
                            }
                        ]
                    }
                ]
            }
        ],
        "thread_ts": "1608115180.106700",
        "parent_user_id": "U0125MKEXFS",
        "reactions": [
            {
                "name": "+1",
                "users": [
                    "U01FUP6AMEZ",
                    "U01EBT43ERH",
                    "U01A4KX71HR"
                ],
                "count": 3
            },
            {
                "name": "heavy_plus_sign",
                "users": [
                    "U01M153K5FU"
                ],
                "count": 1
            }
        ]
    },
    {
        "client_msg_id": "efef38f5-2955-4468-abbb-671622a594ab",
        "type": "message",
        "text": "Also, you could record the demo, and build some collateral of your own, saying \"we're so good, even our competitors use our offering\" :smile:",
        "user": "U017XD7H4P7",
        "ts": "1608389759.110900",
        "team": "TJE58GTJL",
        "user_team": "TJE58GTJL",
        "source_team": "TJE58GTJL",
        "user_profile": {
            "avatar_hash": "f9ab77023918",
            "image_72": "https:\/\/avatars.slack-edge.com\/2020-07-29\/1256516765207_f9ab77023918e4c2b919_72.png",
            "first_name": "Erik",
            "real_name": "Erik Dietrich",
            "display_name": "Erik Dietrich",
            "team": "TJE58GTJL",
            "name": "erik",
            "is_restricted": false,
            "is_ultra_restricted": false
        },
        "blocks": [
            {
                "type": "rich_text",
                "block_id": "\/tj",
                "elements": [
                    {
                        "type": "rich_text_section",
                        "elements": [
                            {
                                "type": "text",
                                "text": "Also, you could record the demo, and build some collateral of your own, saying \"we're so good, even our competitors use our offering\" "
                            },
                            {
                                "type": "emoji",
                                "name": "smile"
                            }
                        ]
                    }
                ]
            }
        ],
        "thread_ts": "1608115180.106700",
        "parent_user_id": "U0125MKEXFS"
    }
]