[
    {
        "client_msg_id": "a00409bf-3a83-4ee7-b545-902bcae5e01a",
        "type": "message",
        "text": "Hi everyone :face_with_cowboy_hat:\nDo you have any examples of killer b2b blogs in the *professional development \/ workforce training \/ learning &amp; development* space?\nI’m curious to see what others are doing well. Bonus if they’re in Australia or NZ, but really, anything super swish will do!\nTIA :star2:",
        "user": "U0169509JG5",
        "ts": "1600241902.008600",
        "team": "TJE58GTJL",
        "user_team": "TJE58GTJL",
        "source_team": "TJE58GTJL",
        "user_profile": {
            "avatar_hash": "gab6edc71f75",
            "image_72": "https:\/\/secure.gravatar.com\/avatar\/ab6edc71f75966ffe45a1131a9e230c8.jpg?s=72&d=https%3A%2F%2Fa.slack-edge.com%2Fdf10d%2Fimg%2Favatars%2Fava_0009-72.png",
            "first_name": "",
            "real_name": "Adele Cochrane",
            "display_name": "Adele Cochrane",
            "team": "TJE58GTJL",
            "name": "adele",
            "is_restricted": false,
            "is_ultra_restricted": false
        },
        "blocks": [
            {
                "type": "rich_text",
                "block_id": "9jl3",
                "elements": [
                    {
                        "type": "rich_text_section",
                        "elements": [
                            {
                                "type": "text",
                                "text": "Hi everyone "
                            },
                            {
                                "type": "emoji",
                                "name": "face_with_cowboy_hat"
                            },
                            {
                                "type": "text",
                                "text": "\nDo you have any examples of killer b2b blogs in the "
                            },
                            {
                                "type": "text",
                                "text": "professional development \/ workforce training \/ learning & development ",
                                "style": {
                                    "bold": true
                                }
                            },
                            {
                                "type": "text",
                                "text": "space?\nI’m curious to see what others are doing well. Bonus if they’re in Australia or NZ, but really, anything super swish will do!\nTIA "
                            },
                            {
                                "type": "emoji",
                                "name": "star2"
                            }
                        ]
                    }
                ]
            }
        ],
        "reactions": [
            {
                "name": "star",
                "users": [
                    "U016CGRMRAR"
                ],
                "count": 1
            }
        ]
    }
]