[
    {
        "client_msg_id": "AE738598-B793-40CE-92A9-BEDFE526F6AB",
        "type": "message",
        "text": "How do you feel about salespeople creating (or curating) their own content? What policies or guidelines does your company have in place to encourage, limit, or exercise quality control over such content?",
        "user": "UUXMC3ZFH",
        "ts": "1584042170.004600",
        "team": "TJE58GTJL",
        "user_team": "TJE58GTJL",
        "source_team": "TJE58GTJL",
        "user_profile": {
            "avatar_hash": "g32741d44912",
            "image_72": "https:\/\/secure.gravatar.com\/avatar\/32741d44912ef78f542f28f30f1abf21.jpg?s=72&d=https%3A%2F%2Fa.slack-edge.com%2Fdf10d%2Fimg%2Favatars%2Fava_0014-72.png",
            "first_name": "Dave",
            "real_name": "Dave Vranicar",
            "display_name": "Dave Vranicar",
            "team": "TJE58GTJL",
            "name": "dave.vranicar950",
            "is_restricted": false,
            "is_ultra_restricted": false
        },
        "blocks": [
            {
                "type": "rich_text",
                "block_id": "lI6ME",
                "elements": [
                    {
                        "type": "rich_text_section",
                        "elements": [
                            {
                                "type": "text",
                                "text": "How do you feel about salespeople creating (or curating) their own content? What policies or guidelines does your company have in place to encourage, limit, or exercise quality control over such content?"
                            }
                        ]
                    }
                ]
            }
        ],
        "thread_ts": "1584042170.004600",
        "reply_count": 5,
        "reply_users_count": 2,
        "latest_reply": "1584104930.020700",
        "reply_users": [
            "UJS103D7S",
            "UUXMC3ZFH"
        ],
        "replies": [
            {
                "user": "UJS103D7S",
                "ts": "1584044814.004900"
            },
            {
                "user": "UUXMC3ZFH",
                "ts": "1584057578.010300"
            },
            {
                "user": "UJS103D7S",
                "ts": "1584058657.010500"
            },
            {
                "user": "UUXMC3ZFH",
                "ts": "1584061336.020400"
            },
            {
                "user": "UJS103D7S",
                "ts": "1584104930.020700"
            }
        ],
        "is_locked": false,
        "subscribed": false
    },
    {
        "client_msg_id": "cb556a90-5ac6-4eb3-bf14-9f4eabf4e868",
        "type": "message",
        "text": "IMO, a successful sales pro is your best opportunity for iterative A\/B testing on messaging and content. They're selling the same product or services multiple times to multiple personas. If they tell me a piece of messaging or collateral works better than others, it's worth noting. We try to limit available approved materials to a specific shared drive so we can remove or refresh pieces as needed with updated branding, messaging, or data.",
        "user": "UJS103D7S",
        "ts": "1584044814.004900",
        "team": "TJE58GTJL",
        "user_team": "TJE58GTJL",
        "source_team": "TJE58GTJL",
        "user_profile": {
            "avatar_hash": "be0204d95db9",
            "image_72": "https:\/\/avatars.slack-edge.com\/2020-01-21\/902951134050_be0204d95db90b66f738_72.jpg",
            "first_name": "Josh",
            "real_name": "Josh Palmer",
            "display_name": "Josh Palmer",
            "team": "TJE58GTJL",
            "name": "josh",
            "is_restricted": false,
            "is_ultra_restricted": false
        },
        "blocks": [
            {
                "type": "rich_text",
                "block_id": "OnF",
                "elements": [
                    {
                        "type": "rich_text_section",
                        "elements": [
                            {
                                "type": "text",
                                "text": "IMO, a successful sales pro is your best opportunity for iterative A\/B testing on messaging and content. They're selling the same product or services multiple times to multiple personas. If they tell me a piece of messaging or collateral works better than others, it's worth noting. We try to limit available approved materials to a specific shared drive so we can remove or refresh pieces as needed with updated branding, messaging, or data."
                            }
                        ]
                    }
                ]
            }
        ],
        "thread_ts": "1584042170.004600",
        "parent_user_id": "UUXMC3ZFH"
    },
    {
        "client_msg_id": "56EE16DF-205C-4786-A0B3-67B7F5D2C646",
        "type": "message",
        "text": "<@UJS103D7S> Thanks for your response and your insight. I hadn’t thought about the opportunity for testing messaging and content. It  ‘s not clear to me from your answer whether your company encourages or discourages reps with respect to creating their own content. If you encourage it, what guidelines or quality-control standards do you offer them?",
        "user": "UUXMC3ZFH",
        "ts": "1584057578.010300",
        "team": "TJE58GTJL",
        "user_team": "TJE58GTJL",
        "source_team": "TJE58GTJL",
        "user_profile": {
            "avatar_hash": "g32741d44912",
            "image_72": "https:\/\/secure.gravatar.com\/avatar\/32741d44912ef78f542f28f30f1abf21.jpg?s=72&d=https%3A%2F%2Fa.slack-edge.com%2Fdf10d%2Fimg%2Favatars%2Fava_0014-72.png",
            "first_name": "Dave",
            "real_name": "Dave Vranicar",
            "display_name": "Dave Vranicar",
            "team": "TJE58GTJL",
            "name": "dave.vranicar950",
            "is_restricted": false,
            "is_ultra_restricted": false
        },
        "blocks": [
            {
                "type": "rich_text",
                "block_id": "BO8",
                "elements": [
                    {
                        "type": "rich_text_section",
                        "elements": [
                            {
                                "type": "user",
                                "user_id": "UJS103D7S"
                            },
                            {
                                "type": "text",
                                "text": " Thanks for your response and your insight. I hadn’t thought about the opportunity for testing messaging and content. It  ‘s not clear to me from your answer whether your company encourages or discourages reps with respect to creating their own content. If you encourage it, what guidelines or quality-control standards do you offer them?"
                            }
                        ]
                    }
                ]
            }
        ],
        "thread_ts": "1584042170.004600",
        "parent_user_id": "UUXMC3ZFH"
    },
    {
        "client_msg_id": "8d94edf7-a215-41f2-8b7d-cee9cccb1da2",
        "type": "message",
        "text": "I would say we encourage reps to suggest and guide content creation, including working with Marketing to build branded decks, ebooks &amp; 1-sheeters, but we don't really condone them making it themselves",
        "user": "UJS103D7S",
        "ts": "1584058657.010500",
        "team": "TJE58GTJL",
        "user_team": "TJE58GTJL",
        "source_team": "TJE58GTJL",
        "user_profile": {
            "avatar_hash": "be0204d95db9",
            "image_72": "https:\/\/avatars.slack-edge.com\/2020-01-21\/902951134050_be0204d95db90b66f738_72.jpg",
            "first_name": "Josh",
            "real_name": "Josh Palmer",
            "display_name": "Josh Palmer",
            "team": "TJE58GTJL",
            "name": "josh",
            "is_restricted": false,
            "is_ultra_restricted": false
        },
        "edited": {
            "user": "UJS103D7S",
            "ts": "1584058690.000000"
        },
        "blocks": [
            {
                "type": "rich_text",
                "block_id": "oI2j",
                "elements": [
                    {
                        "type": "rich_text_section",
                        "elements": [
                            {
                                "type": "text",
                                "text": "I would say we encourage reps to suggest and guide content creation, including working with Marketing to build branded decks, ebooks & 1-sheeters, but we don't really condone them making it themselves"
                            }
                        ]
                    }
                ]
            }
        ],
        "thread_ts": "1584042170.004600",
        "parent_user_id": "UUXMC3ZFH"
    },
    {
        "client_msg_id": "7B58852D-1037-4B28-B8D9-0375013EAFE5",
        "type": "message",
        "text": "<@UJS103D7S> Thanks again for your fast reply! Hope I’m not being a pest. I’d really like to understand how various companies handle a common issue. Looks like Zylo sells fairly high-ticket SaaS to fairly big companies. Unless your company is an exception, you must get comments from sales reps who say they aren’t getting enough good leads from your content. If I were an enterprising and impatient rep, I wouldn’t wait for weeks for Marketing to produce the content I need. I’d do it myself, rather than risk getting fired for missing my quota. So how would you (or do you) handle it when this situation arises? Also, do you have social media guidelines or policies for your reps?",
        "user": "UUXMC3ZFH",
        "ts": "1584061336.020400",
        "team": "TJE58GTJL",
        "user_team": "TJE58GTJL",
        "source_team": "TJE58GTJL",
        "user_profile": {
            "avatar_hash": "g32741d44912",
            "image_72": "https:\/\/secure.gravatar.com\/avatar\/32741d44912ef78f542f28f30f1abf21.jpg?s=72&d=https%3A%2F%2Fa.slack-edge.com%2Fdf10d%2Fimg%2Favatars%2Fava_0014-72.png",
            "first_name": "Dave",
            "real_name": "Dave Vranicar",
            "display_name": "Dave Vranicar",
            "team": "TJE58GTJL",
            "name": "dave.vranicar950",
            "is_restricted": false,
            "is_ultra_restricted": false
        },
        "blocks": [
            {
                "type": "rich_text",
                "block_id": "Ri5",
                "elements": [
                    {
                        "type": "rich_text_section",
                        "elements": [
                            {
                                "type": "user",
                                "user_id": "UJS103D7S"
                            },
                            {
                                "type": "text",
                                "text": " Thanks again for your fast reply! Hope I’m not being a pest. I’d really like to understand how various companies handle a common issue. Looks like Zylo sells fairly high-ticket SaaS to fairly big companies. Unless your company is an exception, you must get comments from sales reps who say they aren’t getting enough good leads from your content. If I were an enterprising and impatient rep, I wouldn’t wait for weeks for Marketing to produce the content I need. I’d do it myself, rather than risk getting fired for missing my quota. So how would you (or do you) handle it when this situation arises? Also, do you have social media guidelines or policies for your reps?"
                            }
                        ]
                    }
                ]
            }
        ],
        "thread_ts": "1584042170.004600",
        "parent_user_id": "UUXMC3ZFH"
    }
]