[
    {
        "client_msg_id": "ef0c4a4f-3ea3-43a1-bb8a-a2c0afc944f3",
        "type": "message",
        "text": "Hey B2B pals :wave:\n\nHere's another thing I'd like your take on→ t*he B2B world doesn’t need more content. It needs more strategic editors*.\n\nIn my experience, a lot of B2B companies push out content that:\n• Doesn’t rank, because it’s not been optimised Doesn’t help, because it’s not addressing real customer needs\n• Doesn’t help, because it’s not addressing real customer needs\n• Doesn’t educate, because it’s written from the PoV of a product person, not an end user\n• Doesn’t convert, because it’s not spelling out tangible value\n• Doesn’t stand out, because it’s just the same ol’ stuff everybody else is doing\nThe industry doesn't need more of the above—but it can do with training strategic editors whose main job is not to fix typos but to ask \"who is this for and why should they care?\" about every. single. piece. you. ship.\n\nHaving someone in that role, for us at Hotjar, was the difference between a bunch of well-intentioned but disconnected and underperforming content AND a strong content machine that created awareness, built brand, and drove growth.\n\nWhat's your take? Do you have strategic editors on staff—and if not: who is your go-to on the team for that kind of work?",
        "user": "U017WRJTKF1",
        "ts": "1602002654.026100",
        "team": "TJE58GTJL",
        "user_team": "TJE58GTJL",
        "source_team": "TJE58GTJL",
        "user_profile": {
            "avatar_hash": "5becbba1453b",
            "image_72": "https:\/\/avatars.slack-edge.com\/2021-08-19\/2398013799555_5becbba1453b45394896_72.jpg",
            "first_name": "fio",
            "real_name": "fio",
            "display_name": "fio",
            "team": "TJE58GTJL",
            "name": "fio",
            "is_restricted": false,
            "is_ultra_restricted": false
        },
        "edited": {
            "user": "U017WRJTKF1",
            "ts": "1602002728.000000"
        },
        "blocks": [
            {
                "type": "rich_text",
                "block_id": "IKZ",
                "elements": [
                    {
                        "type": "rich_text_section",
                        "elements": [
                            {
                                "type": "text",
                                "text": "Hey B2B pals "
                            },
                            {
                                "type": "emoji",
                                "name": "wave"
                            },
                            {
                                "type": "text",
                                "text": "\n\nHere's another thing I'd like your take on→ t"
                            },
                            {
                                "type": "text",
                                "text": "he B2B world doesn’t need more content. It needs more strategic editors",
                                "style": {
                                    "bold": true
                                }
                            },
                            {
                                "type": "text",
                                "text": ".\n\nIn my experience, a lot of B2B companies push out content that:\n"
                            }
                        ]
                    },
                    {
                        "type": "rich_text_list",
                        "elements": [
                            {
                                "type": "rich_text_section",
                                "elements": [
                                    {
                                        "type": "text",
                                        "text": "Doesn’t rank, because it’s not been optimised Doesn’t help, because it’s not addressing real customer needs"
                                    }
                                ]
                            },
                            {
                                "type": "rich_text_section",
                                "elements": [
                                    {
                                        "type": "text",
                                        "text": "Doesn’t help, because it’s not addressing real customer needs"
                                    }
                                ]
                            },
                            {
                                "type": "rich_text_section",
                                "elements": [
                                    {
                                        "type": "text",
                                        "text": "Doesn’t educate, because it’s written from the PoV of a product person, not an end user"
                                    }
                                ]
                            },
                            {
                                "type": "rich_text_section",
                                "elements": [
                                    {
                                        "type": "text",
                                        "text": "Doesn’t convert, because it’s not spelling out tangible value"
                                    }
                                ]
                            },
                            {
                                "type": "rich_text_section",
                                "elements": [
                                    {
                                        "type": "text",
                                        "text": "Doesn’t stand out, because it’s just the same ol’ stuff everybody else is doing"
                                    }
                                ]
                            }
                        ],
                        "style": "bullet",
                        "indent": 0
                    },
                    {
                        "type": "rich_text_section",
                        "elements": [
                            {
                                "type": "text",
                                "text": "\nThe industry doesn't need more of the above—but it can do with training strategic editors whose main job is not to fix typos but to ask \"who is this for and why should they care?\" about every. single. piece. you. ship.\n\nHaving someone in that role, for us at Hotjar, was the difference between a bunch of well-intentioned but disconnected and underperforming content AND a strong content machine that created awareness, built brand, and drove growth.\n\nWhat's your take? Do you have strategic editors on staff—and if not: who is your go-to on the team for that kind of work?"
                            }
                        ]
                    }
                ]
            }
        ],
        "thread_ts": "1602002654.026100",
        "reply_count": 13,
        "reply_users_count": 6,
        "latest_reply": "1603160399.065100",
        "reply_users": [
            "URB31QKM4",
            "U017WRJTKF1",
            "URAV154AV",
            "UUQ0C0ZUH",
            "U018T15N7GW",
            "U01CVQ02E5S"
        ],
        "replies": [
            {
                "user": "URB31QKM4",
                "ts": "1602002848.026400"
            },
            {
                "user": "U017WRJTKF1",
                "ts": "1602002907.026700"
            },
            {
                "user": "URAV154AV",
                "ts": "1602003016.028100"
            },
            {
                "user": "UUQ0C0ZUH",
                "ts": "1602003020.028400"
            },
            {
                "user": "UUQ0C0ZUH",
                "ts": "1602003080.029800"
            },
            {
                "user": "U017WRJTKF1",
                "ts": "1602003082.030000"
            },
            {
                "user": "U018T15N7GW",
                "ts": "1602019014.050300"
            },
            {
                "user": "U01CVQ02E5S",
                "ts": "1603082829.063200"
            },
            {
                "user": "URB31QKM4",
                "ts": "1603111834.063500"
            },
            {
                "user": "U017WRJTKF1",
                "ts": "1603116277.063700"
            },
            {
                "user": "URB31QKM4",
                "ts": "1603116418.064100"
            },
            {
                "user": "U017WRJTKF1",
                "ts": "1603119265.064300"
            },
            {
                "user": "URB31QKM4",
                "ts": "1603160399.065100"
            }
        ],
        "is_locked": false,
        "subscribed": false,
        "reactions": [
            {
                "name": "raised_hands::skin-tone-2",
                "users": [
                    "U01AU94TABA",
                    "UJDPMTREY",
                    "U015HDJ8V9A",
                    "U018BPBF9M1",
                    "U0169509JG5",
                    "UUVC0LK2Q",
                    "U01340H0VD5",
                    "U013L0U4YSU"
                ],
                "count": 8
            },
            {
                "name": "fire",
                "users": [
                    "U015Z60PDKR"
                ],
                "count": 1
            }
        ]
    },
    {
        "client_msg_id": "40bad2db-4344-4ff2-839e-d6cfa6a9750d",
        "type": "message",
        "text": "My whole take is, “YES!” Volume without close, constantly assessed strategic alignment and optimization is a wasted effort. There is so much worthless content out there and as content increasingly becomes a revenue driver and sometimes a product in its own right, the approach you describe is what will actually differentiate your brand.",
        "user": "URB31QKM4",
        "ts": "1602002848.026400",
        "team": "TJE58GTJL",
        "user_team": "TJE58GTJL",
        "source_team": "TJE58GTJL",
        "user_profile": {
            "avatar_hash": "099d380d742a",
            "image_72": "https:\/\/avatars.slack-edge.com\/2020-02-04\/936714280756_099d380d742afea0dc9f_72.png",
            "first_name": "Alicia",
            "real_name": "Alicia Johnston",
            "display_name": "",
            "team": "TJE58GTJL",
            "name": "aliciabjohnston",
            "is_restricted": false,
            "is_ultra_restricted": false
        },
        "blocks": [
            {
                "type": "rich_text",
                "block_id": "gjT",
                "elements": [
                    {
                        "type": "rich_text_section",
                        "elements": [
                            {
                                "type": "text",
                                "text": "My whole take is, “YES!” Volume without close, constantly assessed strategic alignment and optimization is a wasted effort. There is so much worthless content out there and as content increasingly becomes a revenue driver and sometimes a product in its own right, the approach you describe is what will actually differentiate your brand."
                            }
                        ]
                    }
                ]
            }
        ],
        "thread_ts": "1602002654.026100",
        "parent_user_id": "U017WRJTKF1",
        "reactions": [
            {
                "name": "heart",
                "users": [
                    "U017WRJTKF1",
                    "U019UEW7AQ2",
                    "U0169509JG5"
                ],
                "count": 3
            }
        ]
    },
    {
        "client_msg_id": "beda6b55-00c7-445a-a165-48c05e87f9fd",
        "type": "message",
        "text": "This gives me hope ^ — I spent a couple of hours today researching a bunch of B2B things and I wanted to cry :joy:",
        "user": "U017WRJTKF1",
        "ts": "1602002907.026700",
        "team": "TJE58GTJL",
        "user_team": "TJE58GTJL",
        "source_team": "TJE58GTJL",
        "user_profile": {
            "avatar_hash": "5becbba1453b",
            "image_72": "https:\/\/avatars.slack-edge.com\/2021-08-19\/2398013799555_5becbba1453b45394896_72.jpg",
            "first_name": "fio",
            "real_name": "fio",
            "display_name": "fio",
            "team": "TJE58GTJL",
            "name": "fio",
            "is_restricted": false,
            "is_ultra_restricted": false
        },
        "edited": {
            "user": "U017WRJTKF1",
            "ts": "1602002968.000000"
        },
        "blocks": [
            {
                "type": "rich_text",
                "block_id": "YX1",
                "elements": [
                    {
                        "type": "rich_text_section",
                        "elements": [
                            {
                                "type": "text",
                                "text": "This gives me hope ^ — I spent a couple of hours today researching a bunch of B2B things and I wanted to cry "
                            },
                            {
                                "type": "emoji",
                                "name": "joy"
                            }
                        ]
                    }
                ]
            }
        ],
        "thread_ts": "1602002654.026100",
        "parent_user_id": "U017WRJTKF1",
        "reactions": [
            {
                "name": "sob",
                "users": [
                    "UMX8MPHA6",
                    "URB31QKM4"
                ],
                "count": 2
            }
        ]
    },
    {
        "client_msg_id": "dce83574-dbea-40cb-8746-6f05caae4f0f",
        "type": "message",
        "text": "Yes, I think a lot of companies hire content producers while overlooking the importance of content strategists. So many executives think they can play the role of content strategist by just assigning every idea that pops into their brain and then they wonder why it doesn’t work.",
        "user": "URAV154AV",
        "ts": "1602003016.028100",
        "team": "TJE58GTJL",
        "user_team": "TJE58GTJL",
        "source_team": "TJE58GTJL",
        "user_profile": {
            "avatar_hash": "82eece4f99ca",
            "image_72": "https:\/\/avatars.slack-edge.com\/2019-12-12\/871274952613_82eece4f99caf7981b42_72.jpg",
            "first_name": "Cassandra",
            "real_name": "Cassandra Jowett",
            "display_name": "Cassandra Jowett",
            "team": "TJE58GTJL",
            "name": "cassandrajowett",
            "is_restricted": false,
            "is_ultra_restricted": false
        },
        "blocks": [
            {
                "type": "rich_text",
                "block_id": "Z49",
                "elements": [
                    {
                        "type": "rich_text_section",
                        "elements": [
                            {
                                "type": "text",
                                "text": "Yes, I think a lot of companies hire content producers while overlooking the importance of content strategists. So many executives think they can play the role of content strategist by just assigning every idea that pops into their brain and then they wonder why it doesn’t work."
                            }
                        ]
                    }
                ]
            }
        ],
        "thread_ts": "1602002654.026100",
        "parent_user_id": "U017WRJTKF1"
    },
    {
        "client_msg_id": "0CCFB355-6F67-493F-BF72-223E8D407C7D",
        "type": "message",
        "text": "This is exactly how we’ve been approaching briefing and strategy! Unfortunately because our core team is small I’ve been the one asking those questions, but i agree that they’re absolutely necessary for a content driven company ",
        "user": "UUQ0C0ZUH",
        "ts": "1602003020.028400",
        "team": "TJE58GTJL",
        "user_team": "TJE58GTJL",
        "source_team": "TJE58GTJL",
        "user_profile": {
            "avatar_hash": "056c84bf3cdf",
            "image_72": "https:\/\/avatars.slack-edge.com\/2020-03-14\/1003015844486_056c84bf3cdf82cb5e5f_72.png",
            "first_name": "Grace",
            "real_name": "Grace [Midland, Ontario]",
            "display_name": "",
            "team": "TJE58GTJL",
            "name": "laugrace",
            "is_restricted": false,
            "is_ultra_restricted": false
        },
        "blocks": [
            {
                "type": "rich_text",
                "block_id": "F82",
                "elements": [
                    {
                        "type": "rich_text_section",
                        "elements": [
                            {
                                "type": "text",
                                "text": "This is exactly how we’ve been approaching briefing and strategy! Unfortunately because our core team is small I’ve been the one asking those questions, but i agree that they’re absolutely necessary for a content driven company "
                            }
                        ]
                    }
                ]
            }
        ],
        "thread_ts": "1602002654.026100",
        "parent_user_id": "U017WRJTKF1"
    },
    {
        "client_msg_id": "77286473-DA98-46C5-8338-D33D2933208B",
        "type": "message",
        "text": "I think the standing out part is probably the most time consuming step—requires the most care and thought (compared to say.. optimizing for SEO)",
        "user": "UUQ0C0ZUH",
        "ts": "1602003080.029800",
        "team": "TJE58GTJL",
        "user_team": "TJE58GTJL",
        "source_team": "TJE58GTJL",
        "user_profile": {
            "avatar_hash": "056c84bf3cdf",
            "image_72": "https:\/\/avatars.slack-edge.com\/2020-03-14\/1003015844486_056c84bf3cdf82cb5e5f_72.png",
            "first_name": "Grace",
            "real_name": "Grace [Midland, Ontario]",
            "display_name": "",
            "team": "TJE58GTJL",
            "name": "laugrace",
            "is_restricted": false,
            "is_ultra_restricted": false
        },
        "edited": {
            "user": "UUQ0C0ZUH",
            "ts": "1602003087.000000"
        },
        "blocks": [
            {
                "type": "rich_text",
                "block_id": "\/cyC",
                "elements": [
                    {
                        "type": "rich_text_section",
                        "elements": [
                            {
                                "type": "text",
                                "text": "I think the standing out part is probably the most time consuming step—requires the most care and thought (compared to say.. optimizing for SEO)"
                            }
                        ]
                    }
                ]
            }
        ],
        "thread_ts": "1602002654.026100",
        "parent_user_id": "U017WRJTKF1"
    },
    {
        "client_msg_id": "7e056917-929e-4847-bfa4-1b3ab64a4c45",
        "type": "message",
        "text": "<@URAV154AV> perfect assessment of the situation. Hi <@UUQ0C0ZUH> , as long as someone is asking them... :slightly_smiling_face:",
        "user": "U017WRJTKF1",
        "ts": "1602003082.030000",
        "team": "TJE58GTJL",
        "user_team": "TJE58GTJL",
        "source_team": "TJE58GTJL",
        "user_profile": {
            "avatar_hash": "5becbba1453b",
            "image_72": "https:\/\/avatars.slack-edge.com\/2021-08-19\/2398013799555_5becbba1453b45394896_72.jpg",
            "first_name": "fio",
            "real_name": "fio",
            "display_name": "fio",
            "team": "TJE58GTJL",
            "name": "fio",
            "is_restricted": false,
            "is_ultra_restricted": false
        },
        "blocks": [
            {
                "type": "rich_text",
                "block_id": "B5Jz0",
                "elements": [
                    {
                        "type": "rich_text_section",
                        "elements": [
                            {
                                "type": "user",
                                "user_id": "URAV154AV"
                            },
                            {
                                "type": "text",
                                "text": " perfect assessment of the situation. Hi "
                            },
                            {
                                "type": "user",
                                "user_id": "UUQ0C0ZUH"
                            },
                            {
                                "type": "text",
                                "text": " , as long as someone is asking them... "
                            },
                            {
                                "type": "emoji",
                                "name": "slightly_smiling_face"
                            }
                        ]
                    }
                ]
            }
        ],
        "thread_ts": "1602002654.026100",
        "parent_user_id": "U017WRJTKF1"
    },
    {
        "client_msg_id": "80a81e7e-a043-4ee8-9cdf-0ba2b801a6d0",
        "type": "message",
        "text": ":wave:  Following up question to an awesome question <@U017WRJTKF1>!\n\nMy team is organized in such a way where content ownership is scattered across the map - blog, social, webinars, podcast, video, newsletter are all owned by different people. Our CMO is driving the strategy, but their attention is not 100% focused on content (rightly so).\n\nMy colleague that owns the blog is driven by shipping content (volume = traffic) but some of the content that goes out is barely edited and some downright bad. I ducked into our blog metrics and yes, traffic is there but bounce rate is unacceptably high.\n\nMy Q: *On a lean team where ownership is horizontal across roles, how do you position yourself \/ advocate to _become_ the strategic editor?* How do you offer critique to help align on quality without coming off as judgemental or overstepping into someone else’s domain? Anyone who has done this on your team?\n\nI’m coming from a place where I _really_ care about our brand messaging but want to offer criticism that will incite change and improvement. I don’t like complaining without solutions. Thanks for any advice!",
        "user": "UMX8MPHA6",
        "ts": "1602013522.046300",
        "team": "TJE58GTJL",
        "user_team": "TJE58GTJL",
        "source_team": "TJE58GTJL",
        "user_profile": {
            "avatar_hash": "a26de188dd86",
            "image_72": "https:\/\/avatars.slack-edge.com\/2021-05-21\/2086330845429_a26de188dd86514ca04b_72.png",
            "first_name": "Carmen",
            "real_name": "Carmen Choi",
            "display_name": "Carmen",
            "team": "TJE58GTJL",
            "name": "carmenchoi.km",
            "is_restricted": false,
            "is_ultra_restricted": false
        },
        "edited": {
            "user": "UMX8MPHA6",
            "ts": "1602013542.000000"
        },
        "blocks": [
            {
                "type": "rich_text",
                "block_id": "v1S",
                "elements": [
                    {
                        "type": "rich_text_section",
                        "elements": [
                            {
                                "type": "emoji",
                                "name": "wave"
                            },
                            {
                                "type": "text",
                                "text": "  Following up question to an awesome question "
                            },
                            {
                                "type": "user",
                                "user_id": "U017WRJTKF1"
                            },
                            {
                                "type": "text",
                                "text": "!\n\nMy team is organized in such a way where content ownership is scattered across the map - blog, social, webinars, podcast, video, newsletter are all owned by different people. Our CMO is driving the strategy, but their attention is not 100% focused on content (rightly so).\n\nMy colleague that owns the blog is driven by shipping content (volume = traffic) but some of the content that goes out is barely edited and some downright bad. I ducked into our blog metrics and yes, traffic is there but bounce rate is unacceptably high.\n\nMy Q: "
                            },
                            {
                                "type": "text",
                                "text": "On a lean team where ownership is horizontal across roles, how do you position yourself \/ advocate to ",
                                "style": {
                                    "bold": true
                                }
                            },
                            {
                                "type": "text",
                                "text": "become ",
                                "style": {
                                    "bold": true,
                                    "italic": true
                                }
                            },
                            {
                                "type": "text",
                                "text": "the strategic editor? ",
                                "style": {
                                    "bold": true
                                }
                            },
                            {
                                "type": "text",
                                "text": "How do you offer critique to help align on quality without coming off as judgemental or overstepping into someone else’s domain? Anyone who has done this on your team?\n\nI’m coming from a place where I "
                            },
                            {
                                "type": "text",
                                "text": "really",
                                "style": {
                                    "italic": true
                                }
                            },
                            {
                                "type": "text",
                                "text": " care about our brand messaging but want to offer criticism that will incite change and improvement. I don’t like complaining without solutions. Thanks for any advice!"
                            }
                        ]
                    }
                ]
            }
        ],
        "thread_ts": "1602013522.046300",
        "reply_count": 15,
        "reply_users_count": 5,
        "latest_reply": "1604952627.079300",
        "reply_users": [
            "URAV154AV",
            "U017WRJTKF1",
            "UMX8MPHA6",
            "U018T15N7GW",
            "U013L0U4YSU"
        ],
        "replies": [
            {
                "user": "URAV154AV",
                "ts": "1602013724.046700"
            },
            {
                "user": "URAV154AV",
                "ts": "1602013735.046900"
            },
            {
                "user": "URAV154AV",
                "ts": "1602013765.047100"
            },
            {
                "user": "U017WRJTKF1",
                "ts": "1602013787.047300"
            },
            {
                "user": "URAV154AV",
                "ts": "1602013835.047700"
            },
            {
                "user": "URAV154AV",
                "ts": "1602013924.047900"
            },
            {
                "user": "U017WRJTKF1",
                "ts": "1602013960.048100"
            },
            {
                "user": "URAV154AV",
                "ts": "1602013995.048300"
            },
            {
                "user": "UMX8MPHA6",
                "ts": "1602014382.048700"
            },
            {
                "user": "UMX8MPHA6",
                "ts": "1602014491.048900"
            },
            {
                "user": "U018T15N7GW",
                "ts": "1602018635.050100"
            },
            {
                "user": "UMX8MPHA6",
                "ts": "1602019860.050500"
            },
            {
                "user": "UMX8MPHA6",
                "ts": "1602019873.050700"
            },
            {
                "user": "U013L0U4YSU",
                "ts": "1604931520.078400"
            },
            {
                "user": "UMX8MPHA6",
                "ts": "1604952627.079300"
            }
        ],
        "is_locked": false,
        "subscribed": false,
        "reactions": [
            {
                "name": "clap",
                "users": [
                    "U013L0U4YSU",
                    "U015Z60PDKR"
                ],
                "count": 2
            }
        ]
    },
    {
        "client_msg_id": "c73d0329-5c4c-4209-bdbd-07802784ff77",
        "type": "message",
        "text": "Wow, all different owners?! That’s wild and definitely sounds like you’re overdue for some consolidated strategy.",
        "user": "URAV154AV",
        "ts": "1602013724.046700",
        "team": "TJE58GTJL",
        "user_team": "TJE58GTJL",
        "source_team": "TJE58GTJL",
        "user_profile": {
            "avatar_hash": "82eece4f99ca",
            "image_72": "https:\/\/avatars.slack-edge.com\/2019-12-12\/871274952613_82eece4f99caf7981b42_72.jpg",
            "first_name": "Cassandra",
            "real_name": "Cassandra Jowett",
            "display_name": "Cassandra Jowett",
            "team": "TJE58GTJL",
            "name": "cassandrajowett",
            "is_restricted": false,
            "is_ultra_restricted": false
        },
        "blocks": [
            {
                "type": "rich_text",
                "block_id": "4vf6l",
                "elements": [
                    {
                        "type": "rich_text_section",
                        "elements": [
                            {
                                "type": "text",
                                "text": "Wow, all different owners?! That’s wild and definitely sounds like you’re overdue for some consolidated strategy."
                            }
                        ]
                    }
                ]
            }
        ],
        "thread_ts": "1602013522.046300",
        "parent_user_id": "UMX8MPHA6"
    },
    {
        "client_msg_id": "cbc1a31a-adc8-4011-b21e-1afc5b046aa7",
        "type": "message",
        "text": "Do you report to the CMO?",
        "user": "URAV154AV",
        "ts": "1602013735.046900",
        "team": "TJE58GTJL",
        "user_team": "TJE58GTJL",
        "source_team": "TJE58GTJL",
        "user_profile": {
            "avatar_hash": "82eece4f99ca",
            "image_72": "https:\/\/avatars.slack-edge.com\/2019-12-12\/871274952613_82eece4f99caf7981b42_72.jpg",
            "first_name": "Cassandra",
            "real_name": "Cassandra Jowett",
            "display_name": "Cassandra Jowett",
            "team": "TJE58GTJL",
            "name": "cassandrajowett",
            "is_restricted": false,
            "is_ultra_restricted": false
        },
        "blocks": [
            {
                "type": "rich_text",
                "block_id": "vGZ",
                "elements": [
                    {
                        "type": "rich_text_section",
                        "elements": [
                            {
                                "type": "text",
                                "text": "Do you report to the CMO?"
                            }
                        ]
                    }
                ]
            }
        ],
        "thread_ts": "1602013522.046300",
        "parent_user_id": "UMX8MPHA6"
    },
    {
        "client_msg_id": "7e035515-c95e-489d-ad40-8579a8734f20",
        "type": "message",
        "text": "If so, it might be a good idea to bring a rough outline for an overarching strategy, and then get their permission to move ahead with building out a more robust plan.",
        "user": "URAV154AV",
        "ts": "1602013765.047100",
        "team": "TJE58GTJL",
        "user_team": "TJE58GTJL",
        "source_team": "TJE58GTJL",
        "user_profile": {
            "avatar_hash": "82eece4f99ca",
            "image_72": "https:\/\/avatars.slack-edge.com\/2019-12-12\/871274952613_82eece4f99caf7981b42_72.jpg",
            "first_name": "Cassandra",
            "real_name": "Cassandra Jowett",
            "display_name": "Cassandra Jowett",
            "team": "TJE58GTJL",
            "name": "cassandrajowett",
            "is_restricted": false,
            "is_ultra_restricted": false
        },
        "blocks": [
            {
                "type": "rich_text",
                "block_id": "PpTb",
                "elements": [
                    {
                        "type": "rich_text_section",
                        "elements": [
                            {
                                "type": "text",
                                "text": "If so, it might be a good idea to bring a rough outline for an overarching strategy, and then get their permission to move ahead with building out a more robust plan."
                            }
                        ]
                    }
                ]
            }
        ],
        "thread_ts": "1602013522.046300",
        "parent_user_id": "UMX8MPHA6",
        "reactions": [
            {
                "name": "heavy_check_mark",
                "users": [
                    "UMX8MPHA6"
                ],
                "count": 1
            }
        ]
    },
    {
        "client_msg_id": "b6ba829f-b0dc-4dbf-bdfc-b6d766a39ef9",
        "type": "message",
        "text": "\"_My team is organized in such a way where content ownership is scattered across the map - blog, social, webinars, podcast, video, newsletter are all owned by different people\"_ → i was just about to write: \"woah, that's wild\" when Cassandra said the exact same thing :slightly_smiling_face:",
        "user": "U017WRJTKF1",
        "ts": "1602013787.047300",
        "team": "TJE58GTJL",
        "user_team": "TJE58GTJL",
        "source_team": "TJE58GTJL",
        "user_profile": {
            "avatar_hash": "5becbba1453b",
            "image_72": "https:\/\/avatars.slack-edge.com\/2021-08-19\/2398013799555_5becbba1453b45394896_72.jpg",
            "first_name": "fio",
            "real_name": "fio",
            "display_name": "fio",
            "team": "TJE58GTJL",
            "name": "fio",
            "is_restricted": false,
            "is_ultra_restricted": false
        },
        "edited": {
            "user": "U017WRJTKF1",
            "ts": "1602013802.000000"
        },
        "blocks": [
            {
                "type": "rich_text",
                "block_id": "i618",
                "elements": [
                    {
                        "type": "rich_text_section",
                        "elements": [
                            {
                                "type": "text",
                                "text": "\""
                            },
                            {
                                "type": "text",
                                "text": "My team is organized in such a way where content ownership is scattered across the map - blog, social, webinars, podcast, video, newsletter are all owned by different people\"",
                                "style": {
                                    "italic": true
                                }
                            },
                            {
                                "type": "text",
                                "text": " → i was just about to write: \"woah, that's wild\" when Cassandra said the exact same thing "
                            },
                            {
                                "type": "emoji",
                                "name": "slightly_smiling_face"
                            }
                        ]
                    }
                ]
            }
        ],
        "thread_ts": "1602013522.046300",
        "parent_user_id": "UMX8MPHA6",
        "reactions": [
            {
                "name": "joy",
                "users": [
                    "URAV154AV",
                    "UMX8MPHA6",
                    "U015B888266",
                    "URB31QKM4"
                ],
                "count": 4
            }
        ]
    },
    {
        "client_msg_id": "261dd61d-5377-48e1-9658-46d6721d55ca",
        "type": "message",
        "text": "I would think bigger than, “Let me edit the blog posts for brand voice before they’re published.”",
        "user": "URAV154AV",
        "ts": "1602013835.047700",
        "team": "TJE58GTJL",
        "user_team": "TJE58GTJL",
        "source_team": "TJE58GTJL",
        "user_profile": {
            "avatar_hash": "82eece4f99ca",
            "image_72": "https:\/\/avatars.slack-edge.com\/2019-12-12\/871274952613_82eece4f99caf7981b42_72.jpg",
            "first_name": "Cassandra",
            "real_name": "Cassandra Jowett",
            "display_name": "Cassandra Jowett",
            "team": "TJE58GTJL",
            "name": "cassandrajowett",
            "is_restricted": false,
            "is_ultra_restricted": false
        },
        "blocks": [
            {
                "type": "rich_text",
                "block_id": "S9U",
                "elements": [
                    {
                        "type": "rich_text_section",
                        "elements": [
                            {
                                "type": "text",
                                "text": "I would think bigger than, “Let me edit the blog posts for brand voice before they’re published.”"
                            }
                        ]
                    }
                ]
            }
        ],
        "thread_ts": "1602013522.046300",
        "parent_user_id": "UMX8MPHA6",
        "reactions": [
            {
                "name": "100",
                "users": [
                    "URB31QKM4"
                ],
                "count": 1
            }
        ]
    },
    {
        "client_msg_id": "c2ad3330-c4cb-47af-8adf-39a204fcff50",
        "type": "message",
        "text": "Part of the strategy might be analyzing all the different messages being put out by these various channels (do they align with the company’s priorities? are they consistent with those goals? are your buyers getting mixed messages if they interact with you on those different channels?) and then ensuring they’re aligned with the key pillars.",
        "user": "URAV154AV",
        "ts": "1602013924.047900",
        "team": "TJE58GTJL",
        "user_team": "TJE58GTJL",
        "source_team": "TJE58GTJL",
        "user_profile": {
            "avatar_hash": "82eece4f99ca",
            "image_72": "https:\/\/avatars.slack-edge.com\/2019-12-12\/871274952613_82eece4f99caf7981b42_72.jpg",
            "first_name": "Cassandra",
            "real_name": "Cassandra Jowett",
            "display_name": "Cassandra Jowett",
            "team": "TJE58GTJL",
            "name": "cassandrajowett",
            "is_restricted": false,
            "is_ultra_restricted": false
        },
        "blocks": [
            {
                "type": "rich_text",
                "block_id": "QWU",
                "elements": [
                    {
                        "type": "rich_text_section",
                        "elements": [
                            {
                                "type": "text",
                                "text": "Part of the strategy might be analyzing all the different messages being put out by these various channels (do they align with the company’s priorities? are they consistent with those goals? are your buyers getting mixed messages if they interact with you on those different channels?) and then ensuring they’re aligned with the key pillars."
                            }
                        ]
                    }
                ]
            }
        ],
        "thread_ts": "1602013522.046300",
        "parent_user_id": "UMX8MPHA6"
    },
    {
        "client_msg_id": "1f88d75b-10bf-433e-a0ab-07ee7c10ca2a",
        "type": "message",
        "text": "yes, +1. I would make an argument about the importance of a consistent tone of voice + strategic consolidation across multiple formats, so that your audiences know it's you regardless of what they're reading\/consuming from the brand _and_ so that you're all jointly driving in the same direction and maximising your chances of success instead of owning smaller pieces of the large puzzle that might conflict with one another",
        "user": "U017WRJTKF1",
        "ts": "1602013960.048100",
        "team": "TJE58GTJL",
        "user_team": "TJE58GTJL",
        "source_team": "TJE58GTJL",
        "user_profile": {
            "avatar_hash": "5becbba1453b",
            "image_72": "https:\/\/avatars.slack-edge.com\/2021-08-19\/2398013799555_5becbba1453b45394896_72.jpg",
            "first_name": "fio",
            "real_name": "fio",
            "display_name": "fio",
            "team": "TJE58GTJL",
            "name": "fio",
            "is_restricted": false,
            "is_ultra_restricted": false
        },
        "blocks": [
            {
                "type": "rich_text",
                "block_id": "5Ny",
                "elements": [
                    {
                        "type": "rich_text_section",
                        "elements": [
                            {
                                "type": "text",
                                "text": "yes, +1. I would make an argument about the importance of a consistent tone of voice + strategic consolidation across multiple formats, so that your audiences know it's you regardless of what they're reading\/consuming from the brand "
                            },
                            {
                                "type": "text",
                                "text": "and ",
                                "style": {
                                    "italic": true
                                }
                            },
                            {
                                "type": "text",
                                "text": "so that you're all jointly driving in the same direction and maximising your chances of success instead of owning smaller pieces of the large puzzle that might conflict with one another"
                            }
                        ]
                    }
                ]
            }
        ],
        "thread_ts": "1602013522.046300",
        "parent_user_id": "UMX8MPHA6",
        "reactions": [
            {
                "name": "pray",
                "users": [
                    "UMX8MPHA6"
                ],
                "count": 1
            }
        ]
    },
    {
        "client_msg_id": "c7c45aa0-69b0-4098-9b95-fe637886081b",
        "type": "message",
        "text": "P.S. Say hi to Matthew McLaren for me!",
        "user": "URAV154AV",
        "ts": "1602013995.048300",
        "team": "TJE58GTJL",
        "user_team": "TJE58GTJL",
        "source_team": "TJE58GTJL",
        "user_profile": {
            "avatar_hash": "82eece4f99ca",
            "image_72": "https:\/\/avatars.slack-edge.com\/2019-12-12\/871274952613_82eece4f99caf7981b42_72.jpg",
            "first_name": "Cassandra",
            "real_name": "Cassandra Jowett",
            "display_name": "Cassandra Jowett",
            "team": "TJE58GTJL",
            "name": "cassandrajowett",
            "is_restricted": false,
            "is_ultra_restricted": false
        },
        "blocks": [
            {
                "type": "rich_text",
                "block_id": "4W1=Q",
                "elements": [
                    {
                        "type": "rich_text_section",
                        "elements": [
                            {
                                "type": "text",
                                "text": "P.S. Say hi to Matthew McLaren for me!"
                            }
                        ]
                    }
                ]
            }
        ],
        "thread_ts": "1602013522.046300",
        "parent_user_id": "UMX8MPHA6"
    },
    {
        "client_msg_id": "f87e0af7-b7a7-4f73-99b7-d1f1eb02cd10",
        "type": "message",
        "text": "<@URAV154AV> <@U017WRJTKF1> Thanks for validating that I’m not crazy :joy:\n\nYa I report to the CMO and I’ve brought these issues \/ my frustrations up and expressed that I want to be more involved on the overarching strategy piece. I think an audit of all the content channels and goals might be a good place to start. Also bringing more visibility into the quality of what we’re shipping.",
        "user": "UMX8MPHA6",
        "ts": "1602014382.048700",
        "team": "TJE58GTJL",
        "user_team": "TJE58GTJL",
        "source_team": "TJE58GTJL",
        "user_profile": {
            "avatar_hash": "a26de188dd86",
            "image_72": "https:\/\/avatars.slack-edge.com\/2021-05-21\/2086330845429_a26de188dd86514ca04b_72.png",
            "first_name": "Carmen",
            "real_name": "Carmen Choi",
            "display_name": "Carmen",
            "team": "TJE58GTJL",
            "name": "carmenchoi.km",
            "is_restricted": false,
            "is_ultra_restricted": false
        },
        "edited": {
            "user": "UMX8MPHA6",
            "ts": "1602014733.000000"
        },
        "blocks": [
            {
                "type": "rich_text",
                "block_id": "RsJ",
                "elements": [
                    {
                        "type": "rich_text_section",
                        "elements": [
                            {
                                "type": "user",
                                "user_id": "URAV154AV"
                            },
                            {
                                "type": "text",
                                "text": " "
                            },
                            {
                                "type": "user",
                                "user_id": "U017WRJTKF1"
                            },
                            {
                                "type": "text",
                                "text": " Thanks for validating that I’m not crazy "
                            },
                            {
                                "type": "emoji",
                                "name": "joy"
                            },
                            {
                                "type": "text",
                                "text": "\n\nYa I report to the CMO and I’ve brought these issues \/ my frustrations up and expressed that I want to be more involved on the overarching strategy piece. I think an audit of all the content channels and goals might be a good place to start. Also bringing more visibility into the quality of what we’re shipping."
                            }
                        ]
                    }
                ]
            }
        ],
        "thread_ts": "1602013522.046300",
        "parent_user_id": "UMX8MPHA6"
    },
    {
        "client_msg_id": "99676773-9c53-4077-81cc-7f405b33bbe1",
        "type": "message",
        "text": "<@URAV154AV> will say hi to Matthew for ya!",
        "user": "UMX8MPHA6",
        "ts": "1602014491.048900",
        "team": "TJE58GTJL",
        "user_team": "TJE58GTJL",
        "source_team": "TJE58GTJL",
        "user_profile": {
            "avatar_hash": "a26de188dd86",
            "image_72": "https:\/\/avatars.slack-edge.com\/2021-05-21\/2086330845429_a26de188dd86514ca04b_72.png",
            "first_name": "Carmen",
            "real_name": "Carmen Choi",
            "display_name": "Carmen",
            "team": "TJE58GTJL",
            "name": "carmenchoi.km",
            "is_restricted": false,
            "is_ultra_restricted": false
        },
        "blocks": [
            {
                "type": "rich_text",
                "block_id": "gSvv",
                "elements": [
                    {
                        "type": "rich_text_section",
                        "elements": [
                            {
                                "type": "user",
                                "user_id": "URAV154AV"
                            },
                            {
                                "type": "text",
                                "text": " will say hi to Matthew for ya!"
                            }
                        ]
                    }
                ]
            }
        ],
        "thread_ts": "1602013522.046300",
        "parent_user_id": "UMX8MPHA6",
        "reactions": [
            {
                "name": "heart",
                "users": [
                    "URAV154AV"
                ],
                "count": 1
            }
        ]
    },
    {
        "client_msg_id": "f040d40e-93af-4f83-b0f9-c0e527a90288",
        "type": "message",
        "text": "<@UMX8MPHA6> I enjoyed reading down the thread wondering if there would be an opportunity to chime in. You gave yourself the suggestion that I had - way easier said than done, but can you audit the channels around\n1. audience for each channel, \n2. content pillars\/messages emphasized in each channel\n3. Within a channel, relative volume of content supporting a core pillar vs. widely dispersed topics\n4. Relative performance of channels vs. benchmarks for the channel\n?",
        "user": "U018T15N7GW",
        "ts": "1602018635.050100",
        "team": "TJE58GTJL",
        "user_team": "TJE58GTJL",
        "source_team": "TJE58GTJL",
        "user_profile": {
            "avatar_hash": "c384fb707720",
            "image_72": "https:\/\/avatars.slack-edge.com\/2020-08-18\/1331592947200_c384fb70772064c682b0_72.jpg",
            "first_name": "Bart",
            "real_name": "Bart Frischknecht",
            "display_name": "Bart",
            "team": "TJE58GTJL",
            "name": "bart",
            "is_restricted": false,
            "is_ultra_restricted": false
        },
        "blocks": [
            {
                "type": "rich_text",
                "block_id": "uUJ",
                "elements": [
                    {
                        "type": "rich_text_section",
                        "elements": [
                            {
                                "type": "user",
                                "user_id": "UMX8MPHA6"
                            },
                            {
                                "type": "text",
                                "text": " I enjoyed reading down the thread wondering if there would be an opportunity to chime in. You gave yourself the suggestion that I had - way easier said than done, but can you audit the channels around\n"
                            }
                        ]
                    },
                    {
                        "type": "rich_text_list",
                        "elements": [
                            {
                                "type": "rich_text_section",
                                "elements": [
                                    {
                                        "type": "text",
                                        "text": "audience for each channel, "
                                    }
                                ]
                            },
                            {
                                "type": "rich_text_section",
                                "elements": [
                                    {
                                        "type": "text",
                                        "text": "content pillars\/messages emphasized in each channel"
                                    }
                                ]
                            },
                            {
                                "type": "rich_text_section",
                                "elements": [
                                    {
                                        "type": "text",
                                        "text": "Within a channel, relative volume of content supporting a core pillar vs. widely dispersed topics"
                                    }
                                ]
                            },
                            {
                                "type": "rich_text_section",
                                "elements": [
                                    {
                                        "type": "text",
                                        "text": "Relative performance of channels vs. benchmarks for the channel"
                                    }
                                ]
                            }
                        ],
                        "style": "ordered",
                        "indent": 0
                    },
                    {
                        "type": "rich_text_section",
                        "elements": [
                            {
                                "type": "text",
                                "text": "?"
                            }
                        ]
                    }
                ]
            }
        ],
        "thread_ts": "1602013522.046300",
        "parent_user_id": "UMX8MPHA6"
    },
    {
        "client_msg_id": "eb512a40-5b1f-4972-8bf2-11512c6c817a",
        "type": "message",
        "text": "<@URAV154AV> do you have any tips or tricks for raising visibility of the role and benefit of content strategy when execs believe they are doing fine managing it part time and by “thinking out loud”?",
        "user": "U018T15N7GW",
        "ts": "1602019014.050300",
        "team": "TJE58GTJL",
        "user_team": "TJE58GTJL",
        "source_team": "TJE58GTJL",
        "user_profile": {
            "avatar_hash": "c384fb707720",
            "image_72": "https:\/\/avatars.slack-edge.com\/2020-08-18\/1331592947200_c384fb70772064c682b0_72.jpg",
            "first_name": "Bart",
            "real_name": "Bart Frischknecht",
            "display_name": "Bart",
            "team": "TJE58GTJL",
            "name": "bart",
            "is_restricted": false,
            "is_ultra_restricted": false
        },
        "blocks": [
            {
                "type": "rich_text",
                "block_id": "TorkE",
                "elements": [
                    {
                        "type": "rich_text_section",
                        "elements": [
                            {
                                "type": "user",
                                "user_id": "URAV154AV"
                            },
                            {
                                "type": "text",
                                "text": " do you have any tips or tricks for raising visibility of the role and benefit of content strategy when execs believe they are doing fine managing it part time and by “thinking out loud”?"
                            }
                        ]
                    }
                ]
            }
        ],
        "thread_ts": "1602002654.026100",
        "parent_user_id": "U017WRJTKF1"
    },
    {
        "client_msg_id": "da2ed93f-1e8a-44e6-abba-fae68b66617d",
        "type": "message",
        "text": "Thanks for chiming in <@U018T15N7GW>!\n\n#1 really resonates - I think going back to basics and consolidating our content across channels and asking “who does this serve?” and “how does building this relationship support the business?”\n\nThen using this to better articulate #2 with the outcome of defining what our pillars are and using that as a foundation to consolidate.",
        "user": "UMX8MPHA6",
        "ts": "1602019860.050500",
        "team": "TJE58GTJL",
        "user_team": "TJE58GTJL",
        "source_team": "TJE58GTJL",
        "user_profile": {
            "avatar_hash": "a26de188dd86",
            "image_72": "https:\/\/avatars.slack-edge.com\/2021-05-21\/2086330845429_a26de188dd86514ca04b_72.png",
            "first_name": "Carmen",
            "real_name": "Carmen Choi",
            "display_name": "Carmen",
            "team": "TJE58GTJL",
            "name": "carmenchoi.km",
            "is_restricted": false,
            "is_ultra_restricted": false
        },
        "blocks": [
            {
                "type": "rich_text",
                "block_id": "Qur5J",
                "elements": [
                    {
                        "type": "rich_text_section",
                        "elements": [
                            {
                                "type": "text",
                                "text": "Thanks for chiming in "
                            },
                            {
                                "type": "user",
                                "user_id": "U018T15N7GW"
                            },
                            {
                                "type": "text",
                                "text": "!\n\n#1 really resonates - I think going back to basics and consolidating our content across channels and asking “who does this serve?” and “how does building this relationship support the business?”\n\nThen using this to better articulate #2 with the outcome of defining what our pillars are and using that as a foundation to consolidate."
                            }
                        ]
                    }
                ]
            }
        ],
        "thread_ts": "1602013522.046300",
        "parent_user_id": "UMX8MPHA6"
    },
    {
        "client_msg_id": "0b93b0b1-f5b0-4ca8-b663-e6ddc7871ba0",
        "type": "message",
        "text": "Thanks for your input gang :raised_hands:",
        "user": "UMX8MPHA6",
        "ts": "1602019873.050700",
        "team": "TJE58GTJL",
        "user_team": "TJE58GTJL",
        "source_team": "TJE58GTJL",
        "user_profile": {
            "avatar_hash": "a26de188dd86",
            "image_72": "https:\/\/avatars.slack-edge.com\/2021-05-21\/2086330845429_a26de188dd86514ca04b_72.png",
            "first_name": "Carmen",
            "real_name": "Carmen Choi",
            "display_name": "Carmen",
            "team": "TJE58GTJL",
            "name": "carmenchoi.km",
            "is_restricted": false,
            "is_ultra_restricted": false
        },
        "edited": {
            "user": "UMX8MPHA6",
            "ts": "1602019948.000000"
        },
        "blocks": [
            {
                "type": "rich_text",
                "block_id": "i6Npn",
                "elements": [
                    {
                        "type": "rich_text_section",
                        "elements": [
                            {
                                "type": "text",
                                "text": "Thanks for your input gang "
                            },
                            {
                                "type": "emoji",
                                "name": "raised_hands"
                            }
                        ]
                    }
                ]
            }
        ],
        "thread_ts": "1602013522.046300",
        "parent_user_id": "UMX8MPHA6",
        "reactions": [
            {
                "name": "+1::skin-tone-2",
                "users": [
                    "URAV154AV"
                ],
                "count": 1
            }
        ]
    }
]