[
    {
        "client_msg_id": "94906CB2-06A7-41ED-B57F-61D5D1268114",
        "type": "message",
        "text": "Wow, this is highly relatable!",
        "user": "U013L0U4YSU",
        "ts": "1604931520.078400",
        "team": "TJE58GTJL",
        "user_team": "TJE58GTJL",
        "source_team": "TJE58GTJL",
        "user_profile": {
            "avatar_hash": "355d456c66a4",
            "image_72": "https:\/\/avatars.slack-edge.com\/2020-05-01\/1091463299222_355d456c66a4f5748282_72.png",
            "first_name": "Dania",
            "real_name": "Dania M.",
            "display_name": "Dania M.",
            "team": "TJE58GTJL",
            "name": "dsm339",
            "is_restricted": false,
            "is_ultra_restricted": false
        },
        "blocks": [
            {
                "type": "rich_text",
                "block_id": "s51v",
                "elements": [
                    {
                        "type": "rich_text_section",
                        "elements": [
                            {
                                "type": "text",
                                "text": "Wow, this is highly relatable!"
                            }
                        ]
                    }
                ]
            }
        ],
        "thread_ts": "1602013522.046300",
        "parent_user_id": "UMX8MPHA6"
    },
    {
        "client_msg_id": "94bb4bbe-88d1-4024-a07f-85b604df03b8",
        "type": "message",
        "text": "<@U013L0U4YSU> what’s been helpful for me since posting this is having an open conversation with my boss - we are re now running our workflows in 2 week sprints with a sprint champion that drives towards a goal that involves the whole team pitching in with their different channels. This has been massively helpful in bringing more visibility to everyone’s work and creating a more candid feedback loop on how things can be improved! hope that helps :slightly_smiling_face:",
        "user": "UMX8MPHA6",
        "ts": "1604952627.079300",
        "team": "TJE58GTJL",
        "user_team": "TJE58GTJL",
        "source_team": "TJE58GTJL",
        "user_profile": {
            "avatar_hash": "a26de188dd86",
            "image_72": "https:\/\/avatars.slack-edge.com\/2021-05-21\/2086330845429_a26de188dd86514ca04b_72.png",
            "first_name": "Carmen",
            "real_name": "Carmen Choi",
            "display_name": "Carmen",
            "team": "TJE58GTJL",
            "name": "carmenchoi.km",
            "is_restricted": false,
            "is_ultra_restricted": false
        },
        "blocks": [
            {
                "type": "rich_text",
                "block_id": "NzwoY",
                "elements": [
                    {
                        "type": "rich_text_section",
                        "elements": [
                            {
                                "type": "user",
                                "user_id": "U013L0U4YSU"
                            },
                            {
                                "type": "text",
                                "text": " what’s been helpful for me since posting this is having an open conversation with my boss - we are re now running our workflows in 2 week sprints with a sprint champion that drives towards a goal that involves the whole team pitching in with their different channels. This has been massively helpful in bringing more visibility to everyone’s work and creating a more candid feedback loop on how things can be improved! hope that helps "
                            },
                            {
                                "type": "emoji",
                                "name": "slightly_smiling_face"
                            }
                        ]
                    }
                ]
            }
        ],
        "thread_ts": "1602013522.046300",
        "parent_user_id": "UMX8MPHA6",
        "reactions": [
            {
                "name": "clap",
                "users": [
                    "U017WRJTKF1",
                    "U013L0U4YSU"
                ],
                "count": 2
            }
        ]
    }
]