[
    {
        "type": "message",
        "subtype": "thread_broadcast",
        "text": "Its amazing :star-struck:",
        "user": "U014S1BE6NT",
        "ts": "1597685911.008300",
        "thread_ts": "1597329169.003500",
        "root": {
            "client_msg_id": "728c1086-f18d-4a2e-9f2f-f70df3610d15",
            "type": "message",
            "text": "So <@UUXPJ96EQ> just posted in another channel about a \"MasterSaaS\" class they are doing. Funny!\n\nThen, I clicked a video trailer on the 360 Training website _(I have no affiliation)_ featuring Joei in her first 90 days on the job as the Content Director.\n\n\"Let's not pretend there's a content team. Just say my name.\" :joy:\n\nY'all, this trailer is hilarious. If you want a laugh today, check it out!\n\n<https:\/\/360learning.com\/onboarding-joei?wchannelid=z874k93n2o&amp;wvideoid=ntkz2hrab1>",
            "user": "UUJBMNRNF",
            "ts": "1597329169.003500",
            "team": "TJE58GTJL",
            "attachments": [
                {
                    "service_name": "360Learning",
                    "title": "Onboarding Joei - our content director | 360Learning",
                    "title_link": "https:\/\/360learning.com\/onboarding-joei?wchannelid=z874k93n2o&wvideoid=ntkz2hrab1",
                    "text": "What really happens when you join a hyper-growth tech startup? Follow our new content director Joei through her first 90 days of onboarding with our original 13 episodes of unscripted docu-series.",
                    "fallback": "360Learning: Onboarding Joei - our content director | 360Learning",
                    "thumb_url": "https:\/\/360learning.com\/static\/img\/socialNetworks\/onboardingJoei.acdfffc03b.png",
                    "from_url": "https:\/\/360learning.com\/onboarding-joei?wchannelid=z874k93n2o&wvideoid=ntkz2hrab1",
                    "thumb_width": 1270,
                    "thumb_height": 640,
                    "service_icon": "https:\/\/360learning.com\/static\/img\/icons\/favicon.feb389ec2d.png",
                    "id": 1,
                    "original_url": "https:\/\/360learning.com\/onboarding-joei?wchannelid=z874k93n2o&amp;wvideoid=ntkz2hrab1"
                }
            ],
            "blocks": [
                {
                    "type": "rich_text",
                    "block_id": "3Kr2E",
                    "elements": [
                        {
                            "type": "rich_text_section",
                            "elements": [
                                {
                                    "type": "text",
                                    "text": "So "
                                },
                                {
                                    "type": "user",
                                    "user_id": "UUXPJ96EQ"
                                },
                                {
                                    "type": "text",
                                    "text": " just posted in another channel about a \"MasterSaaS\" class they are doing. Funny!\n\nThen, I clicked a video trailer on the 360 Training website "
                                },
                                {
                                    "type": "text",
                                    "text": "(I have no affiliation)",
                                    "style": {
                                        "italic": true
                                    }
                                },
                                {
                                    "type": "text",
                                    "text": " featuring Joei in her first 90 days on the job as the Content Director.\n\n\"Let's not pretend there's a content team. Just say my name.\" "
                                },
                                {
                                    "type": "emoji",
                                    "name": "joy"
                                },
                                {
                                    "type": "text",
                                    "text": "\n\nY'all, this trailer is hilarious. If you want a laugh today, check it out!\n\n"
                                },
                                {
                                    "type": "link",
                                    "url": "https:\/\/360learning.com\/onboarding-joei?wchannelid=z874k93n2o&wvideoid=ntkz2hrab1"
                                }
                            ]
                        }
                    ]
                }
            ],
            "thread_ts": "1597329169.003500",
            "reply_count": 8,
            "reply_users_count": 7,
            "latest_reply": "1597685911.008300",
            "reply_users": [
                "U014PRHQUQ2",
                "UJ2QESJ66",
                "UUJBMNRNF",
                "UUXPJ96EQ",
                "U017WRJTKF1",
                "U017Y8SEE0H",
                "U014S1BE6NT"
            ],
            "replies": [
                {
                    "user": "U014PRHQUQ2",
                    "ts": "1597329478.003900"
                },
                {
                    "user": "UJ2QESJ66",
                    "ts": "1597330941.004300"
                },
                {
                    "user": "UUJBMNRNF",
                    "ts": "1597331332.004500"
                },
                {
                    "user": "UUXPJ96EQ",
                    "ts": "1597338067.005100"
                },
                {
                    "user": "UUJBMNRNF",
                    "ts": "1597338420.005300"
                },
                {
                    "user": "U017WRJTKF1",
                    "ts": "1597400572.005700"
                },
                {
                    "user": "U017Y8SEE0H",
                    "ts": "1597419366.006100"
                },
                {
                    "user": "U014S1BE6NT",
                    "ts": "1597685911.008300"
                }
            ],
            "is_locked": false,
            "subscribed": false
        },
        "blocks": [
            {
                "type": "rich_text",
                "block_id": "eCp",
                "elements": [
                    {
                        "type": "rich_text_section",
                        "elements": [
                            {
                                "type": "text",
                                "text": "Its amazing "
                            },
                            {
                                "type": "emoji",
                                "name": "star-struck"
                            }
                        ]
                    }
                ]
            }
        ],
        "client_msg_id": "3219FA01-FD81-49A5-B7A1-F8D8788704F6",
        "reactions": [
            {
                "name": "blue_heart",
                "users": [
                    "UUXPJ96EQ"
                ],
                "count": 1
            }
        ]
    }
]