[
    {
        "client_msg_id": "4b389eb6-5ed1-4837-b7a2-39d6a1859c0b",
        "type": "message",
        "text": "Hey B2B contentfolks :slightly_smiling_face:\n\nA few weeks back, <@UL4QTFQCT> told me the story of how he created *one of his most successful blog posts of all time…* :shocked_face_with_exploding_head: \n\nIt was a good story, and one we can probably all identify with (writing for the underdog new\/small site with little to no authority and huge competition, and winning BIG anyway). We turned it into this quick write-up. Hope it’s useful to you all! → <https:\/\/contentfolks.substack.com\/p\/create-content-using-data>",
        "user": "U017WRJTKF1",
        "ts": "1607528924.095300",
        "team": "TJE58GTJL",
        "user_team": "TJE58GTJL",
        "source_team": "TJE58GTJL",
        "user_profile": {
            "avatar_hash": "5becbba1453b",
            "image_72": "https:\/\/avatars.slack-edge.com\/2021-08-19\/2398013799555_5becbba1453b45394896_72.jpg",
            "first_name": "fio",
            "real_name": "fio",
            "display_name": "fio",
            "team": "TJE58GTJL",
            "name": "fio",
            "is_restricted": false,
            "is_ultra_restricted": false
        },
        "edited": {
            "user": "U017WRJTKF1",
            "ts": "1607529046.000000"
        },
        "blocks": [
            {
                "type": "rich_text",
                "block_id": "OPV",
                "elements": [
                    {
                        "type": "rich_text_section",
                        "elements": [
                            {
                                "type": "text",
                                "text": "Hey B2B contentfolks "
                            },
                            {
                                "type": "emoji",
                                "name": "slightly_smiling_face"
                            },
                            {
                                "type": "text",
                                "text": "\n\nA few weeks back, "
                            },
                            {
                                "type": "user",
                                "user_id": "UL4QTFQCT"
                            },
                            {
                                "type": "text",
                                "text": " told me the story of how he created "
                            },
                            {
                                "type": "text",
                                "text": "one of his most successful blog posts of all time… ",
                                "style": {
                                    "bold": true
                                }
                            },
                            {
                                "type": "emoji",
                                "name": "shocked_face_with_exploding_head",
                                "style": {
                                    "bold": true
                                }
                            },
                            {
                                "type": "text",
                                "text": " ",
                                "style": {
                                    "bold": true
                                }
                            },
                            {
                                "type": "text",
                                "text": "\n\nIt was a good story, and one we can probably all identify with (writing for the underdog new\/small site with little to no authority and huge competition, and winning BIG anyway). We turned it into this quick write-up. Hope it’s useful to you all! → "
                            },
                            {
                                "type": "link",
                                "url": "https:\/\/contentfolks.substack.com\/p\/create-content-using-data"
                            }
                        ]
                    }
                ]
            }
        ],
        "thread_ts": "1607528924.095300",
        "reply_count": 15,
        "reply_users_count": 7,
        "latest_reply": "1609373104.132000",
        "reply_users": [
            "U012R27LRJ8",
            "U011UJX75PE",
            "UJ2QESJ66",
            "U017WRJTKF1",
            "U01FUP6AMEZ",
            "UJ2MPBP7V",
            "UJG9WTEKG"
        ],
        "replies": [
            {
                "user": "U012R27LRJ8",
                "ts": "1607530777.096800"
            },
            {
                "user": "U011UJX75PE",
                "ts": "1607536332.097100"
            },
            {
                "user": "UJ2QESJ66",
                "ts": "1607546656.097700"
            },
            {
                "user": "U017WRJTKF1",
                "ts": "1607547190.097900"
            },
            {
                "user": "U01FUP6AMEZ",
                "ts": "1607627172.098700"
            },
            {
                "user": "UJ2MPBP7V",
                "ts": "1607714383.099300"
            },
            {
                "user": "U017WRJTKF1",
                "ts": "1607720442.099700"
            },
            {
                "user": "UJG9WTEKG",
                "ts": "1609371599.130300"
            },
            {
                "user": "UJG9WTEKG",
                "ts": "1609371614.130500"
            },
            {
                "user": "U01FUP6AMEZ",
                "ts": "1609371646.131000"
            },
            {
                "user": "UJG9WTEKG",
                "ts": "1609372206.131200"
            },
            {
                "user": "UJG9WTEKG",
                "ts": "1609372211.131400"
            },
            {
                "user": "U01FUP6AMEZ",
                "ts": "1609372358.131600"
            },
            {
                "user": "UJG9WTEKG",
                "ts": "1609373096.131800"
            },
            {
                "user": "UJG9WTEKG",
                "ts": "1609373104.132000"
            }
        ],
        "is_locked": false,
        "subscribed": true,
        "last_read": "1609373104.132000",
        "reactions": [
            {
                "name": "clap",
                "users": [
                    "U010JU2GTND",
                    "U01FUP6AMEZ",
                    "UJ2MPBP7V",
                    "U019MUQ6QKV",
                    "U015HDJKZM2",
                    "U013WR69RDE"
                ],
                "count": 6
            },
            {
                "name": "tada",
                "users": [
                    "U01GCR094D9",
                    "U01CGUT2HH6"
                ],
                "count": 2
            },
            {
                "name": "heart",
                "users": [
                    "UUJBMNRNF",
                    "UJG9WTEKG"
                ],
                "count": 2
            }
        ]
    },
    {
        "client_msg_id": "cddd931b-df23-4cc3-a56b-47ae56b840f7",
        "type": "message",
        "text": "The long-story-short is here anyway:\n• Even if you have a small website that doesn’t have a lot of traction, you can still get good traffic, visibility, and backlinks naturally if you offer a unique solution to a problem.\n• One way to do it is to collect publicly available data from trustworthy sources and compile the go-to page for people who need stats about [_your topic of choice_] :bar_chart: :chart_with_upwards_trend:\n• People will always be looking for trustworthy data points to cite in their own content: if you commit to having the most comprehensive collection of data on a specific topic, it will likely be you they link to.",
        "user": "U017WRJTKF1",
        "ts": "1607529033.096300",
        "team": "TJE58GTJL",
        "user_team": "TJE58GTJL",
        "source_team": "TJE58GTJL",
        "user_profile": {
            "avatar_hash": "5becbba1453b",
            "image_72": "https:\/\/avatars.slack-edge.com\/2021-08-19\/2398013799555_5becbba1453b45394896_72.jpg",
            "first_name": "fio",
            "real_name": "fio",
            "display_name": "fio",
            "team": "TJE58GTJL",
            "name": "fio",
            "is_restricted": false,
            "is_ultra_restricted": false
        },
        "edited": {
            "user": "U017WRJTKF1",
            "ts": "1607529112.000000"
        },
        "blocks": [
            {
                "type": "rich_text",
                "block_id": "Ist8H",
                "elements": [
                    {
                        "type": "rich_text_section",
                        "elements": [
                            {
                                "type": "text",
                                "text": "The long-story-short is here anyway:\n"
                            }
                        ]
                    },
                    {
                        "type": "rich_text_list",
                        "elements": [
                            {
                                "type": "rich_text_section",
                                "elements": [
                                    {
                                        "type": "text",
                                        "text": "Even if you have a small website that doesn’t have a lot of traction, you can still get good traffic, visibility, and backlinks naturally if you offer a unique solution to a problem."
                                    }
                                ]
                            },
                            {
                                "type": "rich_text_section",
                                "elements": [
                                    {
                                        "type": "text",
                                        "text": "One way to do it is to collect publicly available data from trustworthy sources and compile the go-to page for people who need stats about ["
                                    },
                                    {
                                        "type": "text",
                                        "text": "your topic of choice",
                                        "style": {
                                            "italic": true
                                        }
                                    },
                                    {
                                        "type": "text",
                                        "text": "] "
                                    },
                                    {
                                        "type": "emoji",
                                        "name": "bar_chart"
                                    },
                                    {
                                        "type": "text",
                                        "text": " "
                                    },
                                    {
                                        "type": "emoji",
                                        "name": "chart_with_upwards_trend"
                                    }
                                ]
                            },
                            {
                                "type": "rich_text_section",
                                "elements": [
                                    {
                                        "type": "text",
                                        "text": "People will always be looking for trustworthy data points to cite in their own content: if you commit to having the most comprehensive collection of data on a specific topic, it will likely be you they link to."
                                    }
                                ]
                            }
                        ],
                        "style": "bullet",
                        "indent": 0
                    }
                ]
            }
        ],
        "reactions": [
            {
                "name": "heart",
                "users": [
                    "UUJBMNRNF",
                    "U012R27LRJ8",
                    "U01AHL8AGBB",
                    "UL4TUV38B",
                    "U010JU2GTND",
                    "UJ2QESJ66",
                    "UJ2MPBP7V",
                    "U0108B9JJ3C",
                    "U015HDJKZM2",
                    "U01G5ED8K0V",
                    "U016LHA1BHP",
                    "U01EY30FH2R",
                    "U01CVQ02E5S"
                ],
                "count": 13
            }
        ]
    },
    {
        "client_msg_id": "b665b14c-f07b-4daa-86c6-effef42aba0f",
        "type": "message",
        "text": "amazing!",
        "user": "U012R27LRJ8",
        "ts": "1607530777.096800",
        "team": "TJE58GTJL",
        "user_team": "TJE58GTJL",
        "source_team": "TJE58GTJL",
        "user_profile": {
            "avatar_hash": "gc7e97cc49db",
            "image_72": "https:\/\/secure.gravatar.com\/avatar\/c7e97cc49db3bc3a0bae60f1201822c7.jpg?s=72&d=https%3A%2F%2Fa.slack-edge.com%2Fdf10d%2Fimg%2Favatars%2Fava_0002-72.png",
            "first_name": "Al",
            "real_name": "Al Chen",
            "display_name": "Al Chen",
            "team": "TJE58GTJL",
            "name": "al",
            "is_restricted": false,
            "is_ultra_restricted": false
        },
        "blocks": [
            {
                "type": "rich_text",
                "block_id": "Cbwg",
                "elements": [
                    {
                        "type": "rich_text_section",
                        "elements": [
                            {
                                "type": "text",
                                "text": "amazing!"
                            }
                        ]
                    }
                ]
            }
        ],
        "thread_ts": "1607528924.095300",
        "parent_user_id": "U017WRJTKF1"
    },
    {
        "client_msg_id": "5c543e86-e1ad-4ca7-8c67-ab74bbbf4813",
        "type": "message",
        "text": "nice <@U017WRJTKF1>!",
        "user": "U011UJX75PE",
        "ts": "1607536332.097100",
        "team": "TJE58GTJL",
        "user_team": "TJE58GTJL",
        "source_team": "TJE58GTJL",
        "user_profile": {
            "avatar_hash": "35b4e7bec8e7",
            "image_72": "https:\/\/avatars.slack-edge.com\/2020-04-10\/1065450049489_35b4e7bec8e7151a1927_72.jpg",
            "first_name": "Walter",
            "real_name": "Walter",
            "display_name": "Walter",
            "team": "TJE58GTJL",
            "name": "walter.chen",
            "is_restricted": false,
            "is_ultra_restricted": false
        },
        "blocks": [
            {
                "type": "rich_text",
                "block_id": "uD5",
                "elements": [
                    {
                        "type": "rich_text_section",
                        "elements": [
                            {
                                "type": "text",
                                "text": "nice "
                            },
                            {
                                "type": "user",
                                "user_id": "U017WRJTKF1"
                            },
                            {
                                "type": "text",
                                "text": "!"
                            }
                        ]
                    }
                ]
            }
        ],
        "thread_ts": "1607528924.095300",
        "parent_user_id": "U017WRJTKF1"
    },
    {
        "client_msg_id": "ce48bfc3-f33c-4922-82bd-9af7b2629f16",
        "type": "message",
        "text": "Love contentfolks <@U017WRJTKF1>. fantastic job!",
        "user": "UJ2QESJ66",
        "ts": "1607546656.097700",
        "team": "TJE58GTJL",
        "user_team": "TJE58GTJL",
        "source_team": "TJE58GTJL",
        "user_profile": {
            "avatar_hash": "6f45bd7b7f97",
            "image_72": "https:\/\/avatars.slack-edge.com\/2020-07-24\/1268680536836_6f45bd7b7f97c52740e0_72.png",
            "first_name": "Juan",
            "real_name": "Juan Ortega",
            "display_name": "Juan",
            "team": "TJE58GTJL",
            "name": "juan",
            "is_restricted": false,
            "is_ultra_restricted": false
        },
        "blocks": [
            {
                "type": "rich_text",
                "block_id": "eHb",
                "elements": [
                    {
                        "type": "rich_text_section",
                        "elements": [
                            {
                                "type": "text",
                                "text": "Love contentfolks "
                            },
                            {
                                "type": "user",
                                "user_id": "U017WRJTKF1"
                            },
                            {
                                "type": "text",
                                "text": ". fantastic job!"
                            }
                        ]
                    }
                ]
            }
        ],
        "thread_ts": "1607528924.095300",
        "parent_user_id": "U017WRJTKF1"
    },
    {
        "client_msg_id": "177a62d4-a407-4e1a-8463-2ee6cb42ff6c",
        "type": "message",
        "text": "Thanks folks! <@U012R27LRJ8> <@U011UJX75PE> <@UJ2QESJ66> — if you feel like sharing it with someone who might need it… I’m not going to stop you :innocent:",
        "user": "U017WRJTKF1",
        "ts": "1607547190.097900",
        "team": "TJE58GTJL",
        "user_team": "TJE58GTJL",
        "source_team": "TJE58GTJL",
        "user_profile": {
            "avatar_hash": "5becbba1453b",
            "image_72": "https:\/\/avatars.slack-edge.com\/2021-08-19\/2398013799555_5becbba1453b45394896_72.jpg",
            "first_name": "fio",
            "real_name": "fio",
            "display_name": "fio",
            "team": "TJE58GTJL",
            "name": "fio",
            "is_restricted": false,
            "is_ultra_restricted": false
        },
        "edited": {
            "user": "U017WRJTKF1",
            "ts": "1607547208.000000"
        },
        "blocks": [
            {
                "type": "rich_text",
                "block_id": "QqP=8",
                "elements": [
                    {
                        "type": "rich_text_section",
                        "elements": [
                            {
                                "type": "text",
                                "text": "Thanks folks! "
                            },
                            {
                                "type": "user",
                                "user_id": "U012R27LRJ8"
                            },
                            {
                                "type": "text",
                                "text": " "
                            },
                            {
                                "type": "user",
                                "user_id": "U011UJX75PE"
                            },
                            {
                                "type": "text",
                                "text": " "
                            },
                            {
                                "type": "user",
                                "user_id": "UJ2QESJ66"
                            },
                            {
                                "type": "text",
                                "text": " — if you feel like sharing it with someone who might need it… I’m not going to stop you "
                            },
                            {
                                "type": "emoji",
                                "name": "innocent"
                            }
                        ]
                    }
                ]
            }
        ],
        "thread_ts": "1607528924.095300",
        "parent_user_id": "U017WRJTKF1",
        "reactions": [
            {
                "name": "ok_hand",
                "users": [
                    "UJ2QESJ66"
                ],
                "count": 1
            }
        ]
    }
]