[
    {
        "client_msg_id": "d26c1b99-d368-4447-b2c1-634d1484f6c1",
        "type": "message",
        "text": "subscribed!",
        "user": "U01FUP6AMEZ",
        "ts": "1607627172.098700",
        "team": "TJE58GTJL",
        "user_team": "TJE58GTJL",
        "source_team": "TJE58GTJL",
        "user_profile": {
            "avatar_hash": "128762c3ea3f",
            "image_72": "https:\/\/avatars.slack-edge.com\/2020-12-01\/1527137254583_128762c3ea3f3d65d19b_72.jpg",
            "first_name": "Joanna",
            "real_name": "Joanna Rutter",
            "display_name": "Joanna Rutter",
            "team": "TJE58GTJL",
            "name": "rutterjoanna",
            "is_restricted": false,
            "is_ultra_restricted": false
        },
        "blocks": [
            {
                "type": "rich_text",
                "block_id": "qpjU",
                "elements": [
                    {
                        "type": "rich_text_section",
                        "elements": [
                            {
                                "type": "text",
                                "text": "subscribed!"
                            }
                        ]
                    }
                ]
            }
        ],
        "thread_ts": "1607528924.095300",
        "parent_user_id": "U017WRJTKF1"
    }
]