[
    {
        "client_msg_id": "315d1a8f-32f1-45b2-928f-dda064672a61",
        "type": "message",
        "text": "*Need help regarding a content-analysis tool I’m developing*\n\nHi all,\nI’m in the process of scoping a new tool for analyzing how people engage with content and the CAUSATION behind them later converting. I’m looking for content marketing professional to consult with and would love if you could take 2 minutes to fill this survey out - <https:\/\/forms.gle\/Qrkw2AqPiNtgGmLZA>\n\nIf you find this interesting, I would be thrilled to add you as a beta tester to the product once it goes live.\n\nThanks! Steve",
        "user": "U017EE4FAQN",
        "ts": "1596125686.058200",
        "team": "TJE58GTJL",
        "user_team": "TJE58GTJL",
        "source_team": "TJE58GTJL",
        "user_profile": {
            "avatar_hash": "9de22e10fee6",
            "image_72": "https:\/\/avatars.slack-edge.com\/2020-10-05\/1408795861474_9de22e10fee629f5a440_72.png",
            "first_name": "",
            "real_name": "Steve Seg",
            "display_name": "Steve Seg",
            "team": "TJE58GTJL",
            "name": "sevyatar",
            "is_restricted": false,
            "is_ultra_restricted": false
        },
        "attachments": [
            {
                "service_name": "Google Docs",
                "title": "Your content is awesome, but are people getting value from it?",
                "title_link": "https:\/\/forms.gle\/Qrkw2AqPiNtgGmLZA",
                "text": "We're building a product to help you measure exactly how people consume your content! we just want to ask a few quick question to make sure we're on the right track. We would love to add you as a (free!) beta user once we launch! The Underlie team",
                "fallback": "Google Docs: Your content is awesome, but are people getting value from it?",
                "image_url": "https:\/\/lh5.googleusercontent.com\/KTrCBmEGqrxdey3x4g3FgvXczkhfj4_CDPKpVNiE7lCJBO6-FKpgqnxgQbuzuN-j2WbsKcE",
                "image_width": 333,
                "image_height": 250,
                "from_url": "https:\/\/forms.gle\/Qrkw2AqPiNtgGmLZA",
                "image_bytes": 148542,
                "service_icon": "http:\/\/ssl.gstatic.com\/docs\/forms\/device_home\/ios_120.png",
                "id": 1,
                "original_url": "https:\/\/forms.gle\/Qrkw2AqPiNtgGmLZA"
            }
        ],
        "blocks": [
            {
                "type": "rich_text",
                "block_id": "0gQ",
                "elements": [
                    {
                        "type": "rich_text_section",
                        "elements": [
                            {
                                "type": "text",
                                "text": "Need help regarding a content-analysis tool I’m developing",
                                "style": {
                                    "bold": true
                                }
                            },
                            {
                                "type": "text",
                                "text": "\n\nHi all,\nI’m in the process of scoping a new tool for analyzing how people engage with content and the CAUSATION behind them later converting. I’m looking for content marketing professional to consult with and would love if you could take 2 minutes to fill this survey out - "
                            },
                            {
                                "type": "link",
                                "url": "https:\/\/forms.gle\/Qrkw2AqPiNtgGmLZA"
                            },
                            {
                                "type": "text",
                                "text": "\n\nIf you find this interesting, I would be thrilled to add you as a beta tester to the product once it goes live.\n\nThanks! Steve"
                            }
                        ]
                    }
                ]
            }
        ]
    },
    {
        "client_msg_id": "6f4f10ec-d14f-408c-8266-0e7c0ec0a0f6",
        "type": "message",
        "text": "My Twitter feed is WAY too political lately. Please drop your handle so I can follow you B2B marketers and take back my feed with relevanceeeeee :muscle:",
        "user": "U016HJRC77E",
        "ts": "1596161174.059500",
        "team": "TJE58GTJL",
        "user_team": "TJE58GTJL",
        "source_team": "TJE58GTJL",
        "user_profile": {
            "avatar_hash": "35b8905b725a",
            "image_72": "https:\/\/avatars.slack-edge.com\/2020-08-15\/1303265107922_35b8905b725a88386069_72.jpg",
            "first_name": "Margaret",
            "real_name": "Margaret Banasik",
            "display_name": "Margaret",
            "team": "TJE58GTJL",
            "name": "mbanasik",
            "is_restricted": false,
            "is_ultra_restricted": false
        },
        "blocks": [
            {
                "type": "rich_text",
                "block_id": "9Dz",
                "elements": [
                    {
                        "type": "rich_text_section",
                        "elements": [
                            {
                                "type": "text",
                                "text": "My Twitter feed is WAY too political lately. Please drop your handle so I can follow you B2B marketers and take back my feed with relevanceeeeee "
                            },
                            {
                                "type": "emoji",
                                "name": "muscle"
                            }
                        ]
                    }
                ]
            }
        ],
        "thread_ts": "1596161174.059500",
        "reply_count": 20,
        "reply_users_count": 12,
        "latest_reply": "1597516063.006700",
        "reply_users": [
            "U016AG4A2G2",
            "U016BDEQ40J",
            "U012GHRAHDK",
            "UUJBMNRNF",
            "U014PRHQUQ2",
            "U016VHZ0ZD5",
            "U0109NWK58A",
            "UJ2QESJ66",
            "U010JU2GTND",
            "U016HJRC77E",
            "U016BKK7VC3",
            "U014UBPTJ0N"
        ],
        "replies": [
            {
                "user": "U016AG4A2G2",
                "ts": "1596161351.059600"
            },
            {
                "user": "U016BDEQ40J",
                "ts": "1596162251.059800"
            },
            {
                "user": "U012GHRAHDK",
                "ts": "1596164667.060000"
            },
            {
                "user": "UUJBMNRNF",
                "ts": "1596169464.060500"
            },
            {
                "user": "UUJBMNRNF",
                "ts": "1596169568.062600"
            },
            {
                "user": "U014PRHQUQ2",
                "ts": "1596177323.062900"
            },
            {
                "user": "U014PRHQUQ2",
                "ts": "1596177329.063200"
            },
            {
                "user": "U016VHZ0ZD5",
                "ts": "1596194734.065100"
            },
            {
                "user": "U0109NWK58A",
                "ts": "1596199678.065300"
            },
            {
                "user": "UJ2QESJ66",
                "ts": "1596203115.065500"
            },
            {
                "user": "U010JU2GTND",
                "ts": "1596203502.065700"
            },
            {
                "user": "U016HJRC77E",
                "ts": "1596304365.065900"
            },
            {
                "user": "U016HJRC77E",
                "ts": "1596304378.066100"
            },
            {
                "user": "U014PRHQUQ2",
                "ts": "1596304413.066500"
            },
            {
                "user": "U014PRHQUQ2",
                "ts": "1596304441.067000"
            },
            {
                "user": "U014PRHQUQ2",
                "ts": "1596304444.067300"
            },
            {
                "user": "U016HJRC77E",
                "ts": "1596304453.067500"
            },
            {
                "user": "U016BKK7VC3",
                "ts": "1596464073.068200"
            },
            {
                "user": "U014UBPTJ0N",
                "ts": "1596591913.068600"
            },
            {
                "user": "U016HJRC77E",
                "ts": "1597516063.006700"
            }
        ],
        "is_locked": false,
        "subscribed": false
    },
    {
        "client_msg_id": "8abc92c8-02cb-486e-88ce-dc3d00bc221d",
        "type": "message",
        "text": "@vcfryer !",
        "user": "U016AG4A2G2",
        "ts": "1596161351.059600",
        "team": "TJE58GTJL",
        "user_team": "TJE58GTJL",
        "source_team": "TJE58GTJL",
        "user_profile": {
            "avatar_hash": "11a48b9b2620",
            "image_72": "https:\/\/avatars.slack-edge.com\/2020-09-22\/1403402335920_11a48b9b26202d48f6a5_72.png",
            "first_name": "Victoria",
            "real_name": "Victoria Fryer",
            "display_name": "Victoria Fryer",
            "team": "TJE58GTJL",
            "name": "vcfryer",
            "is_restricted": false,
            "is_ultra_restricted": false
        },
        "blocks": [
            {
                "type": "rich_text",
                "block_id": "EA8",
                "elements": [
                    {
                        "type": "rich_text_section",
                        "elements": [
                            {
                                "type": "text",
                                "text": "@vcfryer !"
                            }
                        ]
                    }
                ]
            }
        ],
        "thread_ts": "1596161174.059500",
        "parent_user_id": "U016HJRC77E"
    },
    {
        "client_msg_id": "93e6578d-2d76-4b81-81b7-455a3968733e",
        "type": "message",
        "text": "@patrickicasas !",
        "user": "U016BDEQ40J",
        "ts": "1596162251.059800",
        "team": "TJE58GTJL",
        "user_team": "TJE58GTJL",
        "source_team": "TJE58GTJL",
        "user_profile": {
            "avatar_hash": "12ed6474ef63",
            "image_72": "https:\/\/avatars.slack-edge.com\/2020-06-30\/1200725592375_12ed6474ef63dff47a58_72.png",
            "first_name": "Patrick",
            "real_name": "Patrick Icasas",
            "display_name": "Patrick Icasas",
            "team": "TJE58GTJL",
            "name": "patrick631",
            "is_restricted": false,
            "is_ultra_restricted": false
        },
        "blocks": [
            {
                "type": "rich_text",
                "block_id": "3eU",
                "elements": [
                    {
                        "type": "rich_text_section",
                        "elements": [
                            {
                                "type": "text",
                                "text": "@patrickicasas !"
                            }
                        ]
                    }
                ]
            }
        ],
        "thread_ts": "1596161174.059500",
        "parent_user_id": "U016HJRC77E"
    },
    {
        "client_msg_id": "19fd9eb3-816d-472d-91d8-d95c19fdb51a",
        "type": "message",
        "text": "@debgotwired",
        "user": "U012GHRAHDK",
        "ts": "1596164667.060000",
        "team": "TJE58GTJL",
        "user_team": "TJE58GTJL",
        "source_team": "TJE58GTJL",
        "user_profile": {
            "avatar_hash": "8ba0c4534568",
            "image_72": "https:\/\/avatars.slack-edge.com\/2022-04-12\/3401585222352_8ba0c45345680ce088ab_72.jpg",
            "first_name": "Deb",
            "real_name": "Deb Mukherjee",
            "display_name": "Deb Mukherjee",
            "team": "TJE58GTJL",
            "name": "debdut94",
            "is_restricted": false,
            "is_ultra_restricted": false
        },
        "blocks": [
            {
                "type": "rich_text",
                "block_id": "XSwCH",
                "elements": [
                    {
                        "type": "rich_text_section",
                        "elements": [
                            {
                                "type": "text",
                                "text": "@debgotwired"
                            }
                        ]
                    }
                ]
            }
        ],
        "thread_ts": "1596161174.059500",
        "parent_user_id": "U016HJRC77E"
    },
    {
        "client_msg_id": "5A8F2326-E392-4163-882B-D57B8C7359CB",
        "type": "message",
        "text": "@hannahwiginton \n",
        "user": "UUJBMNRNF",
        "ts": "1596169464.060500",
        "team": "TJE58GTJL",
        "user_team": "TJE58GTJL",
        "source_team": "TJE58GTJL",
        "user_profile": {
            "avatar_hash": "g60cda1030c0",
            "image_72": "https:\/\/secure.gravatar.com\/avatar\/60cda1030c03869961d38a096c73158e.jpg?s=72&d=https%3A%2F%2Fa.slack-edge.com%2Fdf10d%2Fimg%2Favatars%2Fava_0024-72.png",
            "first_name": "Hannah",
            "real_name": "Hannah Wiginton",
            "display_name": "Hannah Wiginton",
            "team": "TJE58GTJL",
            "name": "hwiginton00",
            "is_restricted": false,
            "is_ultra_restricted": false
        },
        "blocks": [
            {
                "type": "rich_text",
                "block_id": "L+1J",
                "elements": [
                    {
                        "type": "rich_text_section",
                        "elements": [
                            {
                                "type": "text",
                                "text": "@hannahwiginton \n"
                            }
                        ]
                    }
                ]
            }
        ],
        "thread_ts": "1596161174.059500",
        "parent_user_id": "U016HJRC77E"
    },
    {
        "client_msg_id": "D90DC280-8314-4DC1-B805-054C30089F08",
        "type": "message",
        "text": "I've filtered mine down to mostly Content \/ Technical Writers and some JavaScript folks. And maybe some other random ones.",
        "user": "UUJBMNRNF",
        "ts": "1596169568.062600",
        "team": "TJE58GTJL",
        "user_team": "TJE58GTJL",
        "source_team": "TJE58GTJL",
        "user_profile": {
            "avatar_hash": "g60cda1030c0",
            "image_72": "https:\/\/secure.gravatar.com\/avatar\/60cda1030c03869961d38a096c73158e.jpg?s=72&d=https%3A%2F%2Fa.slack-edge.com%2Fdf10d%2Fimg%2Favatars%2Fava_0024-72.png",
            "first_name": "Hannah",
            "real_name": "Hannah Wiginton",
            "display_name": "Hannah Wiginton",
            "team": "TJE58GTJL",
            "name": "hwiginton00",
            "is_restricted": false,
            "is_ultra_restricted": false
        },
        "blocks": [
            {
                "type": "rich_text",
                "block_id": "xIARI",
                "elements": [
                    {
                        "type": "rich_text_section",
                        "elements": [
                            {
                                "type": "text",
                                "text": "I've filtered mine down to mostly Content \/ Technical Writers and some JavaScript folks. And maybe some other random ones."
                            }
                        ]
                    }
                ]
            }
        ],
        "thread_ts": "1596161174.059500",
        "parent_user_id": "U016HJRC77E"
    },
    {
        "client_msg_id": "4d2c367c-cc2b-4e7e-9feb-72a62d3d43ea",
        "type": "message",
        "text": "@stevenvanvessum\n\nI can also highly recommend mute words — <https:\/\/help.twitter.com\/en\/using-twitter\/advanced-twitter-mute-options>",
        "user": "U014PRHQUQ2",
        "ts": "1596177323.062900",
        "team": "TJE58GTJL",
        "user_team": "TJE58GTJL",
        "source_team": "TJE58GTJL",
        "user_profile": {
            "avatar_hash": "5eaf71ac08a3",
            "image_72": "https:\/\/avatars.slack-edge.com\/2020-06-03\/1161541404066_5eaf71ac08a31003112c_72.png",
            "first_name": "Steven",
            "real_name": "Steven van Vessum",
            "display_name": "Steven van Vessum",
            "team": "TJE58GTJL",
            "name": "steven",
            "is_restricted": false,
            "is_ultra_restricted": false
        },
        "attachments": [
            {
                "title": "How to use advanced muting options",
                "title_link": "https:\/\/help.twitter.com\/en\/using-twitter\/advanced-twitter-mute-options",
                "text": "You can mute specific words, hashtags, usernames, and emojis from your Home timeline, replies, and notifications. Learn how.",
                "fallback": "How to use advanced muting options",
                "thumb_url": "https:\/\/help.twitter.com\/content\/dam\/help-twitter\/twitter-logo.png",
                "from_url": "https:\/\/help.twitter.com\/en\/using-twitter\/advanced-twitter-mute-options",
                "thumb_width": 400,
                "thumb_height": 400,
                "service_icon": "https:\/\/help.twitter.com\/favicon.ico",
                "service_name": "help.twitter.com",
                "id": 1,
                "original_url": "https:\/\/help.twitter.com\/en\/using-twitter\/advanced-twitter-mute-options"
            }
        ],
        "blocks": [
            {
                "type": "rich_text",
                "block_id": "qntH",
                "elements": [
                    {
                        "type": "rich_text_section",
                        "elements": [
                            {
                                "type": "text",
                                "text": "@stevenvanvessum\n\nI can also highly recommend mute words — "
                            },
                            {
                                "type": "link",
                                "url": "https:\/\/help.twitter.com\/en\/using-twitter\/advanced-twitter-mute-options"
                            }
                        ]
                    }
                ]
            }
        ],
        "thread_ts": "1596161174.059500",
        "parent_user_id": "U016HJRC77E"
    },
    {
        "client_msg_id": "17dab211-e78c-4651-b599-80eef69b3185",
        "type": "message",
        "text": "made twitter more useful for me",
        "user": "U014PRHQUQ2",
        "ts": "1596177329.063200",
        "team": "TJE58GTJL",
        "user_team": "TJE58GTJL",
        "source_team": "TJE58GTJL",
        "user_profile": {
            "avatar_hash": "5eaf71ac08a3",
            "image_72": "https:\/\/avatars.slack-edge.com\/2020-06-03\/1161541404066_5eaf71ac08a31003112c_72.png",
            "first_name": "Steven",
            "real_name": "Steven van Vessum",
            "display_name": "Steven van Vessum",
            "team": "TJE58GTJL",
            "name": "steven",
            "is_restricted": false,
            "is_ultra_restricted": false
        },
        "blocks": [
            {
                "type": "rich_text",
                "block_id": "ONXP",
                "elements": [
                    {
                        "type": "rich_text_section",
                        "elements": [
                            {
                                "type": "text",
                                "text": "made twitter more useful for me"
                            }
                        ]
                    }
                ]
            }
        ],
        "thread_ts": "1596161174.059500",
        "parent_user_id": "U016HJRC77E"
    }
]