[
    {
        "client_msg_id": "171c3f6f-662a-4833-8ae8-c2da0780a161",
        "type": "message",
        "text": "be prepared to break down the \"third wall\" in your marketing.\n\nour weekly newsletter—which we send to potential buyers of CXL Institute—features a few paragraphs of thoughts from Peep that often cover challenges or experiments about marketing...CXL Institute.\n\nhonestly, that's easier than trying to pretend that we're _not_ marketing to marketers, and i think people appreciate the transparency.\n\none of the big benefits: we are our own target audience, which makes us good beta testers of ideas and features, and makes it easier to write VOC-type copy in-house without having to do a ton of added research.",
        "user": "UJDPMTREY",
        "ts": "1600779371.002300",
        "team": "TJE58GTJL",
        "user_team": "TJE58GTJL",
        "source_team": "TJE58GTJL",
        "user_profile": {
            "avatar_hash": "g0f2b9c6857c",
            "image_72": "https:\/\/secure.gravatar.com\/avatar\/cd0f2b9c6857c50b5da6c8ef2d80103b.jpg?s=72&d=https%3A%2F%2Fa.slack-edge.com%2Fdf10d%2Fimg%2Favatars%2Fava_0020-72.png",
            "first_name": "Derek",
            "real_name": "Derek Gleason",
            "display_name": "Derek Gleason",
            "team": "TJE58GTJL",
            "name": "derek.gleason",
            "is_restricted": false,
            "is_ultra_restricted": false
        },
        "edited": {
            "user": "UJDPMTREY",
            "ts": "1600779388.000000"
        },
        "blocks": [
            {
                "type": "rich_text",
                "block_id": "\/Urk",
                "elements": [
                    {
                        "type": "rich_text_section",
                        "elements": [
                            {
                                "type": "text",
                                "text": "be prepared to break down the \"third wall\" in your marketing.\n\nour weekly newsletter—which we send to potential buyers of CXL Institute—features a few paragraphs of thoughts from Peep that often cover challenges or experiments about marketing...CXL Institute.\n\nhonestly, that's easier than trying to pretend that we're "
                            },
                            {
                                "type": "text",
                                "text": "not",
                                "style": {
                                    "italic": true
                                }
                            },
                            {
                                "type": "text",
                                "text": " marketing to marketers, and i think people appreciate the transparency.\n\none of the big benefits: we are our own target audience, which makes us good beta testers of ideas and features, and makes it easier to write VOC-type copy in-house without having to do a ton of added research."
                            }
                        ]
                    }
                ]
            }
        ],
        "thread_ts": "1600697227.000800",
        "parent_user_id": "URB31QKM4"
    },
    {
        "client_msg_id": "57407d25-9c92-40e9-87bc-a4dab3b82ac1",
        "type": "message",
        "text": "I’ve been marketing to marketers since 2013 (first at Influitive and now at PathFactory) and it’s a fun job! While I agree that marketers can be tougher to please than some other personas, they also appreciate great marketing more than other personas. And, as a marketer, you have something to teach them yourself as you “drink your own champagne” so to speak. This is the key as <@UJDPMTREY> says above. Addressing your audience directly, like friends, and sharing your learnings is really the way to get their attention. That can be tough to do in other industries because as a marketer I would have to rely much more heavily on SMEs to communicate similar learnings.\n\nIn terms of empowerment to buy, some marketing personas definitely have more buying power and budget than others. Marketing to demand gen marketers at PathFactory is much easier than marketing to customer marketers at Influitive was, for example, because DG actually has budget and autonomous buying power.",
        "user": "URAV154AV",
        "ts": "1600779868.002600",
        "team": "TJE58GTJL",
        "user_team": "TJE58GTJL",
        "source_team": "TJE58GTJL",
        "user_profile": {
            "avatar_hash": "82eece4f99ca",
            "image_72": "https:\/\/avatars.slack-edge.com\/2019-12-12\/871274952613_82eece4f99caf7981b42_72.jpg",
            "first_name": "Cassandra",
            "real_name": "Cassandra Jowett",
            "display_name": "Cassandra Jowett",
            "team": "TJE58GTJL",
            "name": "cassandrajowett",
            "is_restricted": false,
            "is_ultra_restricted": false
        },
        "blocks": [
            {
                "type": "rich_text",
                "block_id": "8Cn",
                "elements": [
                    {
                        "type": "rich_text_section",
                        "elements": [
                            {
                                "type": "text",
                                "text": "I’ve been marketing to marketers since 2013 (first at Influitive and now at PathFactory) and it’s a fun job! While I agree that marketers can be tougher to please than some other personas, they also appreciate great marketing more than other personas. And, as a marketer, you have something to teach them yourself as you “drink your own champagne” so to speak. This is the key as "
                            },
                            {
                                "type": "user",
                                "user_id": "UJDPMTREY"
                            },
                            {
                                "type": "text",
                                "text": " says above. Addressing your audience directly, like friends, and sharing your learnings is really the way to get their attention. That can be tough to do in other industries because as a marketer I would have to rely much more heavily on SMEs to communicate similar learnings.\n\nIn terms of empowerment to buy, some marketing personas definitely have more buying power and budget than others. Marketing to demand gen marketers at PathFactory is much easier than marketing to customer marketers at Influitive was, for example, because DG actually has budget and autonomous buying power."
                            }
                        ]
                    }
                ]
            }
        ],
        "thread_ts": "1600697227.000800",
        "parent_user_id": "URB31QKM4",
        "reactions": [
            {
                "name": "heavy_plus_sign",
                "users": [
                    "UJDPMTREY",
                    "U017WRJTKF1",
                    "URB31QKM4"
                ],
                "count": 3
            }
        ]
    },
    {
        "client_msg_id": "68783c4b-9e66-406e-b0c9-cd0276135c1f",
        "type": "message",
        "text": "If there’s one thing I see leaders get wrong at martech companies, it’s that they try to do these big sweeping visionary pieces telling marketers all the things they’re doing wrong and all the things they should be doing to win. And it just never works. Ever. Now that I’m more grizzled and confident, I can swat away most exec attempts at this kind of thing, but earlier in my career I wasn’t quite as confident. Marketers love to learn how to do their jobs better. They don’t love reading a novel about why everything they do sucks and how there’s a better way.",
        "user": "URAV154AV",
        "ts": "1600780228.003000",
        "team": "TJE58GTJL",
        "user_team": "TJE58GTJL",
        "source_team": "TJE58GTJL",
        "user_profile": {
            "avatar_hash": "82eece4f99ca",
            "image_72": "https:\/\/avatars.slack-edge.com\/2019-12-12\/871274952613_82eece4f99caf7981b42_72.jpg",
            "first_name": "Cassandra",
            "real_name": "Cassandra Jowett",
            "display_name": "Cassandra Jowett",
            "team": "TJE58GTJL",
            "name": "cassandrajowett",
            "is_restricted": false,
            "is_ultra_restricted": false
        },
        "blocks": [
            {
                "type": "rich_text",
                "block_id": "cEa3",
                "elements": [
                    {
                        "type": "rich_text_section",
                        "elements": [
                            {
                                "type": "text",
                                "text": "If there’s one thing I see leaders get wrong at martech companies, it’s that they try to do these big sweeping visionary pieces telling marketers all the things they’re doing wrong and all the things they should be doing to win. And it just never works. Ever. Now that I’m more grizzled and confident, I can swat away most exec attempts at this kind of thing, but earlier in my career I wasn’t quite as confident. Marketers love to learn how to do their jobs better. They don’t love reading a novel about why everything they do sucks and how there’s a better way."
                            }
                        ]
                    }
                ]
            }
        ],
        "thread_ts": "1600697227.000800",
        "parent_user_id": "URB31QKM4"
    },
    {
        "client_msg_id": "34fa53ca-af21-449d-a338-270be5ad70f2",
        "type": "message",
        "text": "<@UJDPMTREY> touched on this above, but marketers love seeing behind the scenes. Open up the curtain and show them what you're doing to market to them, what's working and what isn't. I've felt Ahrefs starting to do this really well, too.",
        "user": "UUXMCJQ15",
        "ts": "1600787746.003200",
        "team": "TJE58GTJL",
        "user_team": "TJE58GTJL",
        "source_team": "TJE58GTJL",
        "user_profile": {
            "avatar_hash": "g6e525101d39",
            "image_72": "https:\/\/secure.gravatar.com\/avatar\/6e525101d39a0ff9ea2ac1c51a176ba8.jpg?s=72&d=https%3A%2F%2Fa.slack-edge.com%2Fdf10d%2Fimg%2Favatars%2Fava_0000-72.png",
            "first_name": "Brendan",
            "real_name": "Brendan Hufford",
            "display_name": "Brendan Hufford",
            "team": "TJE58GTJL",
            "name": "brendanhufford",
            "is_restricted": false,
            "is_ultra_restricted": false
        },
        "blocks": [
            {
                "type": "rich_text",
                "block_id": "9Vf\/i",
                "elements": [
                    {
                        "type": "rich_text_section",
                        "elements": [
                            {
                                "type": "user",
                                "user_id": "UJDPMTREY"
                            },
                            {
                                "type": "text",
                                "text": " touched on this above, but marketers love seeing behind the scenes. Open up the curtain and show them what you're doing to market to them, what's working and what isn't. I've felt Ahrefs starting to do this really well, too."
                            }
                        ]
                    }
                ]
            }
        ],
        "thread_ts": "1600697227.000800",
        "parent_user_id": "URB31QKM4",
        "reactions": [
            {
                "name": "heavy_plus_sign",
                "users": [
                    "UJDPMTREY",
                    "U017WRJTKF1",
                    "URB31QKM4"
                ],
                "count": 3
            }
        ]
    }
]