[
    {
        "client_msg_id": "DAD566E8-56ED-4658-BECF-837AD686D4D3",
        "type": "message",
        "text": "Not sure if this is the right channel to post this, but my friend James from CovergeToday is prepping up a new year gift for the content community. It’s going to be a report on content amplification. But to help him execute things, can you please spare a few mins to fill this form up: <https:\/\/forms.gle\/oYaZnAfrwxDMrf9P6|https:\/\/forms.gle\/oYaZnAfrwxDMrf9P6> it’s fairly simple and doesn’t take long. Trust me, I’ve filled it up myself! TIA :slightly_smiling_face:",
        "user": "U0105JEFJ1F",
        "ts": "1608062012.105000",
        "team": "TJE58GTJL",
        "user_team": "TJE58GTJL",
        "source_team": "TJE58GTJL",
        "user_profile": {
            "avatar_hash": "g29d59714b66",
            "image_72": "https:\/\/secure.gravatar.com\/avatar\/29d59714b66ad72852d980d95f2e3b5e.jpg?s=72&d=https%3A%2F%2Fa.slack-edge.com%2Fdf10d%2Fimg%2Favatars%2Fava_0010-72.png",
            "first_name": "Masooma",
            "real_name": "Masooma Memon",
            "display_name": "Masooma",
            "team": "TJE58GTJL",
            "name": "masoomame2",
            "is_restricted": false,
            "is_ultra_restricted": false
        },
        "attachments": [
            {
                "service_name": "Google Docs",
                "title": "B2B Content Amplification Survey (for 2021)",
                "title_link": "https:\/\/forms.gle\/oYaZnAfrwxDMrf9P6",
                "text": "We're putting some research together. Your answers will help us understand where the B2B industry is today when it comes to content amplification. And by content amplification, we're talking about the process of promoting, distributing or syndicating your content.",
                "fallback": "Google Docs: B2B Content Amplification Survey (for 2021)",
                "image_url": "https:\/\/lh5.googleusercontent.com\/IDk5Xx1FP_DlVaQhdH3jGtqFxeapIc9PUdCt2qX8P51_oK_yBX66IMjm1PTAPBIX0ag0qGg",
                "image_width": 333,
                "image_height": 250,
                "from_url": "https:\/\/forms.gle\/oYaZnAfrwxDMrf9P6",
                "image_bytes": 34893,
                "service_icon": "http:\/\/ssl.gstatic.com\/docs\/forms\/device_home\/ios_120.png",
                "id": 1,
                "original_url": "https:\/\/forms.gle\/oYaZnAfrwxDMrf9P6"
            }
        ],
        "blocks": [
            {
                "type": "rich_text",
                "block_id": "gaGn",
                "elements": [
                    {
                        "type": "rich_text_section",
                        "elements": [
                            {
                                "type": "text",
                                "text": "Not sure if this is the right channel to post this, but my friend James from CovergeToday is prepping up a new year gift for the content community. It’s going to be a report on content amplification. But to help him execute things, can you please spare a few mins to fill this form up: "
                            },
                            {
                                "type": "link",
                                "url": "https:\/\/forms.gle\/oYaZnAfrwxDMrf9P6",
                                "text": "https:\/\/forms.gle\/oYaZnAfrwxDMrf9P6"
                            },
                            {
                                "type": "text",
                                "text": " it’s fairly simple and doesn’t take long. Trust me, I’ve filled it up myself! TIA "
                            },
                            {
                                "type": "emoji",
                                "name": "slightly_smiling_face"
                            }
                        ]
                    }
                ]
            }
        ],
        "thread_ts": "1608062012.105000",
        "reply_count": 1,
        "reply_users_count": 1,
        "latest_reply": "1608103698.105500",
        "reply_users": [
            "U014QJ54630"
        ],
        "replies": [
            {
                "user": "U014QJ54630",
                "ts": "1608103698.105500"
            }
        ],
        "is_locked": false,
        "subscribed": false,
        "reactions": [
            {
                "name": "mustache-parrot",
                "users": [
                    "U014QJ54630"
                ],
                "count": 1
            }
        ]
    },
    {
        "client_msg_id": "702C33A4-C875-46E0-8F2A-6450537605E9",
        "type": "message",
        "text": "Done :) ",
        "user": "U014QJ54630",
        "ts": "1608103698.105500",
        "team": "TJE58GTJL",
        "user_team": "TJE58GTJL",
        "source_team": "TJE58GTJL",
        "user_profile": {
            "avatar_hash": "437191e0be15",
            "image_72": "https:\/\/avatars.slack-edge.com\/2020-06-08\/1155112740679_437191e0be15c2e7f8cb_72.jpg",
            "first_name": "",
            "real_name": "pritha",
            "display_name": "pritha",
            "team": "TJE58GTJL",
            "name": "pritha",
            "is_restricted": false,
            "is_ultra_restricted": false
        },
        "blocks": [
            {
                "type": "rich_text",
                "block_id": "6DDV",
                "elements": [
                    {
                        "type": "rich_text_section",
                        "elements": [
                            {
                                "type": "text",
                                "text": "Done :) "
                            }
                        ]
                    }
                ]
            }
        ],
        "thread_ts": "1608062012.105000",
        "parent_user_id": "U0105JEFJ1F",
        "reactions": [
            {
                "name": "raised_hands",
                "users": [
                    "U0105JEFJ1F"
                ],
                "count": 1
            }
        ]
    }
]