[
    {
        "client_msg_id": "6b69f90b-1165-4251-a248-238f0cb71409",
        "type": "message",
        "text": "Hey CMCG, this isn’t a content specific question but I’m hoping some of you might have insights to share nonetheless. How does your company handle it when competitors request a demo or sign up for a trial of your product?",
        "user": "U0125MKEXFS",
        "ts": "1608115180.106700",
        "team": "TJE58GTJL",
        "user_team": "TJE58GTJL",
        "source_team": "TJE58GTJL",
        "user_profile": {
            "avatar_hash": "g0058a70ee16",
            "image_72": "https:\/\/secure.gravatar.com\/avatar\/0058a70ee16931f3b9a73a4a4a959082.jpg?s=72&d=https%3A%2F%2Fa.slack-edge.com%2Fdf10d%2Fimg%2Favatars%2Fava_0017-72.png",
            "first_name": "Andy",
            "real_name": "Andy Parker",
            "display_name": "Andy Parker",
            "team": "TJE58GTJL",
            "name": "andy610",
            "is_restricted": false,
            "is_ultra_restricted": false
        },
        "blocks": [
            {
                "type": "rich_text",
                "block_id": "7Ob",
                "elements": [
                    {
                        "type": "rich_text_section",
                        "elements": [
                            {
                                "type": "text",
                                "text": "Hey CMCG, this isn’t a content specific question but I’m hoping some of you might have insights to share nonetheless. How does your company handle it when competitors request a demo or sign up for a trial of your product?"
                            }
                        ]
                    }
                ]
            }
        ],
        "thread_ts": "1608115180.106700",
        "reply_count": 12,
        "reply_users_count": 6,
        "latest_reply": "1608389759.110900",
        "reply_users": [
            "U01EBT43ERH",
            "U01EJ7VE9FD",
            "U012GHRAHDK",
            "U01FUP6AMEZ",
            "U0125MKEXFS",
            "U017XD7H4P7"
        ],
        "replies": [
            {
                "user": "U01EBT43ERH",
                "ts": "1608122064.106800"
            },
            {
                "user": "U01EJ7VE9FD",
                "ts": "1608122237.107200"
            },
            {
                "user": "U012GHRAHDK",
                "ts": "1608122724.107400"
            },
            {
                "user": "U01FUP6AMEZ",
                "ts": "1608127450.107800"
            },
            {
                "user": "U0125MKEXFS",
                "ts": "1608127771.108000"
            },
            {
                "user": "U012GHRAHDK",
                "ts": "1608127885.108200"
            },
            {
                "user": "U0125MKEXFS",
                "ts": "1608128009.108500"
            },
            {
                "user": "U01FUP6AMEZ",
                "ts": "1608128070.108700"
            },
            {
                "user": "U01FUP6AMEZ",
                "ts": "1608128100.108900"
            },
            {
                "user": "U0125MKEXFS",
                "ts": "1608128116.109100"
            },
            {
                "user": "U017XD7H4P7",
                "ts": "1608389629.110600"
            },
            {
                "user": "U017XD7H4P7",
                "ts": "1608389759.110900"
            }
        ],
        "is_locked": false,
        "subscribed": false
    },
    {
        "client_msg_id": "13e0bb50-c9cb-489d-908d-ae3f75461447",
        "type": "message",
        "text": "I'm more surprised that a competitor would so transparently sign up for a demo using an identifiable email address...",
        "user": "U01EBT43ERH",
        "ts": "1608122064.106800",
        "team": "TJE58GTJL",
        "user_team": "TJE58GTJL",
        "source_team": "TJE58GTJL",
        "user_profile": {
            "avatar_hash": "c86ee164dab3",
            "image_72": "https:\/\/avatars.slack-edge.com\/2022-04-22\/3419843323814_c86ee164dab3602cb658_72.jpg",
            "first_name": "Mo",
            "real_name": "Mo",
            "display_name": "",
            "team": "TJE58GTJL",
            "name": "mib.shehu.subs",
            "is_restricted": false,
            "is_ultra_restricted": false
        },
        "edited": {
            "user": "U01EBT43ERH",
            "ts": "1608122082.000000"
        },
        "blocks": [
            {
                "type": "rich_text",
                "block_id": "jtuZr",
                "elements": [
                    {
                        "type": "rich_text_section",
                        "elements": [
                            {
                                "type": "text",
                                "text": "I'm more surprised that a competitor would so transparently sign up for a demo using an identifiable email address..."
                            }
                        ]
                    }
                ]
            }
        ],
        "thread_ts": "1608115180.106700",
        "parent_user_id": "U0125MKEXFS",
        "reactions": [
            {
                "name": "point_up",
                "users": [
                    "U01EJ7VE9FD",
                    "U01FUP6AMEZ",
                    "UJE5LQ2JC",
                    "U012R27LRJ8",
                    "U019PC1B3TQ",
                    "UUH28N3U2",
                    "UJ2MPBP7V"
                ],
                "count": 7
            }
        ]
    },
    {
        "client_msg_id": "2486b190-7199-4c68-b10f-1ae07faa2ee2",
        "type": "message",
        "text": "i've seen trial signups, and just ignore those.\n\ndemo is weird, wouldn't that be awkward :joy:",
        "user": "U01EJ7VE9FD",
        "ts": "1608122237.107200",
        "team": "TJE58GTJL",
        "user_team": "TJE58GTJL",
        "source_team": "TJE58GTJL",
        "user_profile": {
            "avatar_hash": "df637672d758",
            "image_72": "https:\/\/avatars.slack-edge.com\/2020-11-11\/1487436721750_df637672d7582de2f180_72.jpg",
            "first_name": "Keri",
            "real_name": "Keri Lynn Engel",
            "display_name": "Keri Lynn Engel",
            "team": "TJE58GTJL",
            "name": "keri",
            "is_restricted": false,
            "is_ultra_restricted": false
        },
        "blocks": [
            {
                "type": "rich_text",
                "block_id": "MZ5b2",
                "elements": [
                    {
                        "type": "rich_text_section",
                        "elements": [
                            {
                                "type": "text",
                                "text": "i've seen trial signups, and just ignore those.\n\ndemo is weird, wouldn't that be awkward "
                            },
                            {
                                "type": "emoji",
                                "name": "joy"
                            }
                        ]
                    }
                ]
            }
        ],
        "thread_ts": "1608115180.106700",
        "parent_user_id": "U0125MKEXFS"
    },
    {
        "client_msg_id": "6343e25c-b2bd-4577-a375-600fb8837e40",
        "type": "message",
        "text": "We deny it. :grin::man-shrugging:",
        "user": "U012GHRAHDK",
        "ts": "1608122724.107400",
        "team": "TJE58GTJL",
        "user_team": "TJE58GTJL",
        "source_team": "TJE58GTJL",
        "user_profile": {
            "avatar_hash": "8ba0c4534568",
            "image_72": "https:\/\/avatars.slack-edge.com\/2022-04-12\/3401585222352_8ba0c45345680ce088ab_72.jpg",
            "first_name": "Deb",
            "real_name": "Deb Mukherjee",
            "display_name": "Deb Mukherjee",
            "team": "TJE58GTJL",
            "name": "debdut94",
            "is_restricted": false,
            "is_ultra_restricted": false
        },
        "blocks": [
            {
                "type": "rich_text",
                "block_id": "SSr",
                "elements": [
                    {
                        "type": "rich_text_section",
                        "elements": [
                            {
                                "type": "text",
                                "text": "We deny it. "
                            },
                            {
                                "type": "emoji",
                                "name": "grin"
                            },
                            {
                                "type": "emoji",
                                "name": "man-shrugging"
                            }
                        ]
                    }
                ]
            }
        ],
        "thread_ts": "1608115180.106700",
        "parent_user_id": "U0125MKEXFS",
        "reactions": [
            {
                "name": "+1",
                "users": [
                    "U01EJ7VE9FD",
                    "UUVC0LK2Q"
                ],
                "count": 2
            }
        ]
    },
    {
        "client_msg_id": "d1f81353-3b0e-4a0a-be9a-897d43d121da",
        "type": "message",
        "text": "To me, that says a junior salesperson is getting a little too trigger happy in their research and nothing more",
        "user": "U01FUP6AMEZ",
        "ts": "1608127450.107800",
        "team": "TJE58GTJL",
        "user_team": "TJE58GTJL",
        "source_team": "TJE58GTJL",
        "user_profile": {
            "avatar_hash": "128762c3ea3f",
            "image_72": "https:\/\/avatars.slack-edge.com\/2020-12-01\/1527137254583_128762c3ea3f3d65d19b_72.jpg",
            "first_name": "Joanna",
            "real_name": "Joanna Rutter",
            "display_name": "Joanna Rutter",
            "team": "TJE58GTJL",
            "name": "rutterjoanna",
            "is_restricted": false,
            "is_ultra_restricted": false
        },
        "blocks": [
            {
                "type": "rich_text",
                "block_id": "SKLG6",
                "elements": [
                    {
                        "type": "rich_text_section",
                        "elements": [
                            {
                                "type": "text",
                                "text": "To me, that says a junior salesperson is getting a little too trigger happy in their research and nothing more"
                            }
                        ]
                    }
                ]
            }
        ],
        "thread_ts": "1608115180.106700",
        "parent_user_id": "U0125MKEXFS"
    },
    {
        "client_msg_id": "c1eb1f9e-e0e5-4081-aab8-776f9d852bc6",
        "type": "message",
        "text": "<@U01EBT43ERH> yes, so are we! haha\n<@U012GHRAHDK> Do you just outright ignore or do you have an email template where you politely decline?",
        "user": "U0125MKEXFS",
        "ts": "1608127771.108000",
        "team": "TJE58GTJL",
        "user_team": "TJE58GTJL",
        "source_team": "TJE58GTJL",
        "user_profile": {
            "avatar_hash": "g0058a70ee16",
            "image_72": "https:\/\/secure.gravatar.com\/avatar\/0058a70ee16931f3b9a73a4a4a959082.jpg?s=72&d=https%3A%2F%2Fa.slack-edge.com%2Fdf10d%2Fimg%2Favatars%2Fava_0017-72.png",
            "first_name": "Andy",
            "real_name": "Andy Parker",
            "display_name": "Andy Parker",
            "team": "TJE58GTJL",
            "name": "andy610",
            "is_restricted": false,
            "is_ultra_restricted": false
        },
        "blocks": [
            {
                "type": "rich_text",
                "block_id": "iPY",
                "elements": [
                    {
                        "type": "rich_text_section",
                        "elements": [
                            {
                                "type": "user",
                                "user_id": "U01EBT43ERH"
                            },
                            {
                                "type": "text",
                                "text": " yes, so are we! haha\n"
                            },
                            {
                                "type": "user",
                                "user_id": "U012GHRAHDK"
                            },
                            {
                                "type": "text",
                                "text": " Do you just outright ignore or do you have an email template where you politely decline?"
                            }
                        ]
                    }
                ]
            }
        ],
        "thread_ts": "1608115180.106700",
        "parent_user_id": "U0125MKEXFS"
    },
    {
        "client_msg_id": "5bcd45ce-16cf-49e0-8b84-b2f41bcf4b89",
        "type": "message",
        "text": "So, here's the thing. We don't give demos unless they've live stores (we're an ecom SaaS). \n\nIf we see a competitor domain or a known competitor executive, we simply say that it's unethical to give you a demo since we're in competition.",
        "user": "U012GHRAHDK",
        "ts": "1608127885.108200",
        "team": "TJE58GTJL",
        "user_team": "TJE58GTJL",
        "source_team": "TJE58GTJL",
        "user_profile": {
            "avatar_hash": "8ba0c4534568",
            "image_72": "https:\/\/avatars.slack-edge.com\/2022-04-12\/3401585222352_8ba0c45345680ce088ab_72.jpg",
            "first_name": "Deb",
            "real_name": "Deb Mukherjee",
            "display_name": "Deb Mukherjee",
            "team": "TJE58GTJL",
            "name": "debdut94",
            "is_restricted": false,
            "is_ultra_restricted": false
        },
        "blocks": [
            {
                "type": "rich_text",
                "block_id": "p77",
                "elements": [
                    {
                        "type": "rich_text_section",
                        "elements": [
                            {
                                "type": "text",
                                "text": "So, here's the thing. We don't give demos unless they've live stores (we're an ecom SaaS). \n\nIf we see a competitor domain or a known competitor executive, we simply say that it's unethical to give you a demo since we're in competition."
                            }
                        ]
                    }
                ]
            }
        ],
        "thread_ts": "1608115180.106700",
        "parent_user_id": "U0125MKEXFS",
        "reactions": [
            {
                "name": "+1",
                "users": [
                    "U01FUP6AMEZ",
                    "U01A4KX71HR"
                ],
                "count": 2
            }
        ]
    },
    {
        "client_msg_id": "ac5eb281-8a09-48a3-a9a4-02917480fea0",
        "type": "message",
        "text": "Got it :thumbsup:. Thank you all for your replies! :raised_hands:",
        "user": "U0125MKEXFS",
        "ts": "1608128009.108500",
        "team": "TJE58GTJL",
        "user_team": "TJE58GTJL",
        "source_team": "TJE58GTJL",
        "user_profile": {
            "avatar_hash": "g0058a70ee16",
            "image_72": "https:\/\/secure.gravatar.com\/avatar\/0058a70ee16931f3b9a73a4a4a959082.jpg?s=72&d=https%3A%2F%2Fa.slack-edge.com%2Fdf10d%2Fimg%2Favatars%2Fava_0017-72.png",
            "first_name": "Andy",
            "real_name": "Andy Parker",
            "display_name": "Andy Parker",
            "team": "TJE58GTJL",
            "name": "andy610",
            "is_restricted": false,
            "is_ultra_restricted": false
        },
        "blocks": [
            {
                "type": "rich_text",
                "block_id": "Veah",
                "elements": [
                    {
                        "type": "rich_text_section",
                        "elements": [
                            {
                                "type": "text",
                                "text": "Got it "
                            },
                            {
                                "type": "emoji",
                                "name": "thumbsup"
                            },
                            {
                                "type": "text",
                                "text": ". Thank you all for your replies! "
                            },
                            {
                                "type": "emoji",
                                "name": "raised_hands"
                            }
                        ]
                    }
                ]
            }
        ],
        "thread_ts": "1608115180.106700",
        "parent_user_id": "U0125MKEXFS"
    },
    {
        "client_msg_id": "1286e2f5-b173-42e2-985b-2af4d300987b",
        "type": "message",
        "text": "Counterpoint: I've worked somewhere we knew our competitors had a worse product, so we let them watch and let them get scared! Probably not the best strategy but it always gave us a laugh to see their emails come through.",
        "user": "U01FUP6AMEZ",
        "ts": "1608128070.108700",
        "team": "TJE58GTJL",
        "user_team": "TJE58GTJL",
        "source_team": "TJE58GTJL",
        "user_profile": {
            "avatar_hash": "128762c3ea3f",
            "image_72": "https:\/\/avatars.slack-edge.com\/2020-12-01\/1527137254583_128762c3ea3f3d65d19b_72.jpg",
            "first_name": "Joanna",
            "real_name": "Joanna Rutter",
            "display_name": "Joanna Rutter",
            "team": "TJE58GTJL",
            "name": "rutterjoanna",
            "is_restricted": false,
            "is_ultra_restricted": false
        },
        "blocks": [
            {
                "type": "rich_text",
                "block_id": "eLu",
                "elements": [
                    {
                        "type": "rich_text_section",
                        "elements": [
                            {
                                "type": "text",
                                "text": "Counterpoint: I've worked somewhere we knew our competitors had a worse product, so we let them watch and let them get scared! Probably not the best strategy but it always gave us a laugh to see their emails come through."
                            }
                        ]
                    }
                ]
            }
        ],
        "thread_ts": "1608115180.106700",
        "parent_user_id": "U0125MKEXFS",
        "reactions": [
            {
                "name": "sunglasses",
                "users": [
                    "U01EJ7VE9FD",
                    "U016AG4A2G2",
                    "U016LHA1BHP"
                ],
                "count": 3
            },
            {
                "name": "100",
                "users": [
                    "U017XD7H4P7",
                    "UUH28N3U2"
                ],
                "count": 2
            }
        ]
    },
    {
        "client_msg_id": "e520bc62-4780-4939-ac6f-6427ad0021f9",
        "type": "message",
        "text": "(that was for a hardware product, though)",
        "user": "U01FUP6AMEZ",
        "ts": "1608128100.108900",
        "team": "TJE58GTJL",
        "user_team": "TJE58GTJL",
        "source_team": "TJE58GTJL",
        "user_profile": {
            "avatar_hash": "128762c3ea3f",
            "image_72": "https:\/\/avatars.slack-edge.com\/2020-12-01\/1527137254583_128762c3ea3f3d65d19b_72.jpg",
            "first_name": "Joanna",
            "real_name": "Joanna Rutter",
            "display_name": "Joanna Rutter",
            "team": "TJE58GTJL",
            "name": "rutterjoanna",
            "is_restricted": false,
            "is_ultra_restricted": false
        },
        "blocks": [
            {
                "type": "rich_text",
                "block_id": "=AAb",
                "elements": [
                    {
                        "type": "rich_text_section",
                        "elements": [
                            {
                                "type": "text",
                                "text": "(that was for a hardware product, though)"
                            }
                        ]
                    }
                ]
            }
        ],
        "thread_ts": "1608115180.106700",
        "parent_user_id": "U0125MKEXFS"
    },
    {
        "client_msg_id": "137c3c19-76b7-4d7b-ae82-95457c9b06b0",
        "type": "message",
        "text": "Haha cool. Such a power move",
        "user": "U0125MKEXFS",
        "ts": "1608128116.109100",
        "team": "TJE58GTJL",
        "user_team": "TJE58GTJL",
        "source_team": "TJE58GTJL",
        "user_profile": {
            "avatar_hash": "g0058a70ee16",
            "image_72": "https:\/\/secure.gravatar.com\/avatar\/0058a70ee16931f3b9a73a4a4a959082.jpg?s=72&d=https%3A%2F%2Fa.slack-edge.com%2Fdf10d%2Fimg%2Favatars%2Fava_0017-72.png",
            "first_name": "Andy",
            "real_name": "Andy Parker",
            "display_name": "Andy Parker",
            "team": "TJE58GTJL",
            "name": "andy610",
            "is_restricted": false,
            "is_ultra_restricted": false
        },
        "blocks": [
            {
                "type": "rich_text",
                "block_id": "1=FGi",
                "elements": [
                    {
                        "type": "rich_text_section",
                        "elements": [
                            {
                                "type": "text",
                                "text": "Haha cool. Such a power move"
                            }
                        ]
                    }
                ]
            }
        ],
        "thread_ts": "1608115180.106700",
        "parent_user_id": "U0125MKEXFS"
    }
]