[
    {
        "client_msg_id": "728c1086-f18d-4a2e-9f2f-f70df3610d15",
        "type": "message",
        "text": "So <@UUXPJ96EQ> just posted in another channel about a \"MasterSaaS\" class they are doing. Funny!\n\nThen, I clicked a video trailer on the 360 Training website _(I have no affiliation)_ featuring Joei in her first 90 days on the job as the Content Director.\n\n\"Let's not pretend there's a content team. Just say my name.\" :joy:\n\nY'all, this trailer is hilarious. If you want a laugh today, check it out!\n\n<https:\/\/360learning.com\/onboarding-joei?wchannelid=z874k93n2o&amp;wvideoid=ntkz2hrab1>",
        "user": "UUJBMNRNF",
        "ts": "1597329169.003500",
        "team": "TJE58GTJL",
        "user_team": "TJE58GTJL",
        "source_team": "TJE58GTJL",
        "user_profile": {
            "avatar_hash": "g60cda1030c0",
            "image_72": "https:\/\/secure.gravatar.com\/avatar\/60cda1030c03869961d38a096c73158e.jpg?s=72&d=https%3A%2F%2Fa.slack-edge.com%2Fdf10d%2Fimg%2Favatars%2Fava_0024-72.png",
            "first_name": "Hannah",
            "real_name": "Hannah Wiginton",
            "display_name": "Hannah Wiginton",
            "team": "TJE58GTJL",
            "name": "hwiginton00",
            "is_restricted": false,
            "is_ultra_restricted": false
        },
        "attachments": [
            {
                "service_name": "360Learning",
                "title": "Onboarding Joei - our content director | 360Learning",
                "title_link": "https:\/\/360learning.com\/onboarding-joei?wchannelid=z874k93n2o&wvideoid=ntkz2hrab1",
                "text": "What really happens when you join a hyper-growth tech startup? Follow our new content director Joei through her first 90 days of onboarding with our original 13 episodes of unscripted docu-series.",
                "fallback": "360Learning: Onboarding Joei - our content director | 360Learning",
                "thumb_url": "https:\/\/360learning.com\/static\/img\/socialNetworks\/onboardingJoei.acdfffc03b.png",
                "from_url": "https:\/\/360learning.com\/onboarding-joei?wchannelid=z874k93n2o&wvideoid=ntkz2hrab1",
                "thumb_width": 1270,
                "thumb_height": 640,
                "service_icon": "https:\/\/360learning.com\/static\/img\/icons\/favicon.feb389ec2d.png",
                "id": 1,
                "original_url": "https:\/\/360learning.com\/onboarding-joei?wchannelid=z874k93n2o&amp;wvideoid=ntkz2hrab1"
            }
        ],
        "blocks": [
            {
                "type": "rich_text",
                "block_id": "3Kr2E",
                "elements": [
                    {
                        "type": "rich_text_section",
                        "elements": [
                            {
                                "type": "text",
                                "text": "So "
                            },
                            {
                                "type": "user",
                                "user_id": "UUXPJ96EQ"
                            },
                            {
                                "type": "text",
                                "text": " just posted in another channel about a \"MasterSaaS\" class they are doing. Funny!\n\nThen, I clicked a video trailer on the 360 Training website "
                            },
                            {
                                "type": "text",
                                "text": "(I have no affiliation)",
                                "style": {
                                    "italic": true
                                }
                            },
                            {
                                "type": "text",
                                "text": " featuring Joei in her first 90 days on the job as the Content Director.\n\n\"Let's not pretend there's a content team. Just say my name.\" "
                            },
                            {
                                "type": "emoji",
                                "name": "joy"
                            },
                            {
                                "type": "text",
                                "text": "\n\nY'all, this trailer is hilarious. If you want a laugh today, check it out!\n\n"
                            },
                            {
                                "type": "link",
                                "url": "https:\/\/360learning.com\/onboarding-joei?wchannelid=z874k93n2o&wvideoid=ntkz2hrab1"
                            }
                        ]
                    }
                ]
            }
        ],
        "thread_ts": "1597329169.003500",
        "reply_count": 8,
        "reply_users_count": 7,
        "latest_reply": "1597685911.008300",
        "reply_users": [
            "U014PRHQUQ2",
            "UJ2QESJ66",
            "UUJBMNRNF",
            "UUXPJ96EQ",
            "U017WRJTKF1",
            "U017Y8SEE0H",
            "U014S1BE6NT"
        ],
        "replies": [
            {
                "user": "U014PRHQUQ2",
                "ts": "1597329478.003900"
            },
            {
                "user": "UJ2QESJ66",
                "ts": "1597330941.004300"
            },
            {
                "user": "UUJBMNRNF",
                "ts": "1597331332.004500"
            },
            {
                "user": "UUXPJ96EQ",
                "ts": "1597338067.005100"
            },
            {
                "user": "UUJBMNRNF",
                "ts": "1597338420.005300"
            },
            {
                "user": "U017WRJTKF1",
                "ts": "1597400572.005700"
            },
            {
                "user": "U017Y8SEE0H",
                "ts": "1597419366.006100"
            },
            {
                "user": "U014S1BE6NT",
                "ts": "1597685911.008300"
            }
        ],
        "is_locked": false,
        "subscribed": false,
        "reactions": [
            {
                "name": "joy",
                "users": [
                    "U011UJX75PE",
                    "U014PRHQUQ2",
                    "U016ZUJNNRY",
                    "UJ2QESJ66",
                    "UUXPJ96EQ",
                    "U015WN80X97",
                    "U0108B9JJ3C",
                    "UJ2MPBP7V"
                ],
                "count": 8
            }
        ]
    },
    {
        "client_msg_id": "bf8a467f-ff6f-416b-8d7f-8d6786ec4075",
        "type": "message",
        "text": "That’s very well done, high quality production :muscle:",
        "user": "U014PRHQUQ2",
        "ts": "1597329478.003900",
        "team": "TJE58GTJL",
        "user_team": "TJE58GTJL",
        "source_team": "TJE58GTJL",
        "user_profile": {
            "avatar_hash": "5eaf71ac08a3",
            "image_72": "https:\/\/avatars.slack-edge.com\/2020-06-03\/1161541404066_5eaf71ac08a31003112c_72.png",
            "first_name": "Steven",
            "real_name": "Steven van Vessum",
            "display_name": "Steven van Vessum",
            "team": "TJE58GTJL",
            "name": "steven",
            "is_restricted": false,
            "is_ultra_restricted": false
        },
        "blocks": [
            {
                "type": "rich_text",
                "block_id": "Ofij",
                "elements": [
                    {
                        "type": "rich_text_section",
                        "elements": [
                            {
                                "type": "text",
                                "text": "That’s very well done, high quality production "
                            },
                            {
                                "type": "emoji",
                                "name": "muscle"
                            }
                        ]
                    }
                ]
            }
        ],
        "thread_ts": "1597329169.003500",
        "parent_user_id": "UUJBMNRNF",
        "reactions": [
            {
                "name": "heart",
                "users": [
                    "UUJBMNRNF"
                ],
                "count": 1
            }
        ]
    },
    {
        "client_msg_id": "015168ff-d05c-4767-a2f4-fc636cdb38e0",
        "type": "message",
        "text": "Onboarding Joei was one the best docuseries that I religiously followed",
        "user": "UJ2QESJ66",
        "ts": "1597330941.004300",
        "team": "TJE58GTJL",
        "user_team": "TJE58GTJL",
        "source_team": "TJE58GTJL",
        "user_profile": {
            "avatar_hash": "6f45bd7b7f97",
            "image_72": "https:\/\/avatars.slack-edge.com\/2020-07-24\/1268680536836_6f45bd7b7f97c52740e0_72.png",
            "first_name": "Juan",
            "real_name": "Juan Ortega",
            "display_name": "Juan",
            "team": "TJE58GTJL",
            "name": "juan",
            "is_restricted": false,
            "is_ultra_restricted": false
        },
        "blocks": [
            {
                "type": "rich_text",
                "block_id": "eYXxg",
                "elements": [
                    {
                        "type": "rich_text_section",
                        "elements": [
                            {
                                "type": "text",
                                "text": "Onboarding Joei was one the best docuseries that I religiously followed"
                            }
                        ]
                    }
                ]
            }
        ],
        "thread_ts": "1597329169.003500",
        "parent_user_id": "UUJBMNRNF",
        "reactions": [
            {
                "name": "star-struck",
                "users": [
                    "UUXPJ96EQ"
                ],
                "count": 1
            }
        ]
    },
    {
        "client_msg_id": "afb09460-4d70-4194-ac80-adefb3de04ff",
        "type": "message",
        "text": "<@UJ2QESJ66>, I'm going to have to watch it now!",
        "user": "UUJBMNRNF",
        "ts": "1597331332.004500",
        "team": "TJE58GTJL",
        "user_team": "TJE58GTJL",
        "source_team": "TJE58GTJL",
        "user_profile": {
            "avatar_hash": "g60cda1030c0",
            "image_72": "https:\/\/secure.gravatar.com\/avatar\/60cda1030c03869961d38a096c73158e.jpg?s=72&d=https%3A%2F%2Fa.slack-edge.com%2Fdf10d%2Fimg%2Favatars%2Fava_0024-72.png",
            "first_name": "Hannah",
            "real_name": "Hannah Wiginton",
            "display_name": "Hannah Wiginton",
            "team": "TJE58GTJL",
            "name": "hwiginton00",
            "is_restricted": false,
            "is_ultra_restricted": false
        },
        "blocks": [
            {
                "type": "rich_text",
                "block_id": "kjC",
                "elements": [
                    {
                        "type": "rich_text_section",
                        "elements": [
                            {
                                "type": "user",
                                "user_id": "UJ2QESJ66"
                            },
                            {
                                "type": "text",
                                "text": ", I'm going to have to watch it now!"
                            }
                        ]
                    }
                ]
            }
        ],
        "thread_ts": "1597329169.003500",
        "parent_user_id": "UUJBMNRNF"
    },
    {
        "client_msg_id": "568780db-b028-4e7d-87fe-ec64a7b468e1",
        "type": "message",
        "text": "omg <@UUJBMNRNF> this made my day hahaha - come sign up for the one-person-content team club",
        "user": "UUXPJ96EQ",
        "ts": "1597338067.005100",
        "team": "TJE58GTJL",
        "user_team": "TJE58GTJL",
        "source_team": "TJE58GTJL",
        "user_profile": {
            "avatar_hash": "02f9c60ded77",
            "image_72": "https:\/\/avatars.slack-edge.com\/2020-03-05\/983808543236_02f9c60ded77b4df1160_72.png",
            "first_name": "Joei",
            "real_name": "Joei Chan",
            "display_name": "Joei Chan",
            "team": "TJE58GTJL",
            "name": "joei.chan",
            "is_restricted": false,
            "is_ultra_restricted": false
        },
        "blocks": [
            {
                "type": "rich_text",
                "block_id": "c0Tv",
                "elements": [
                    {
                        "type": "rich_text_section",
                        "elements": [
                            {
                                "type": "text",
                                "text": "omg "
                            },
                            {
                                "type": "user",
                                "user_id": "UUJBMNRNF"
                            },
                            {
                                "type": "text",
                                "text": " this made my day hahaha - come sign up for the one-person-content team club"
                            }
                        ]
                    }
                ]
            }
        ],
        "thread_ts": "1597329169.003500",
        "parent_user_id": "UUJBMNRNF",
        "reactions": [
            {
                "name": "fire",
                "users": [
                    "UJ2QESJ66",
                    "U0108B9JJ3C",
                    "U0169509JG5"
                ],
                "count": 3
            },
            {
                "name": "joy",
                "users": [
                    "UUJBMNRNF"
                ],
                "count": 1
            }
        ]
    },
    {
        "client_msg_id": "e5d65955-d232-4e7e-8e0d-362ce86f8e7f",
        "type": "message",
        "text": "I'm so glad, <@UUXPJ96EQ>! It made me chuckle!",
        "user": "UUJBMNRNF",
        "ts": "1597338420.005300",
        "team": "TJE58GTJL",
        "user_team": "TJE58GTJL",
        "source_team": "TJE58GTJL",
        "user_profile": {
            "avatar_hash": "g60cda1030c0",
            "image_72": "https:\/\/secure.gravatar.com\/avatar\/60cda1030c03869961d38a096c73158e.jpg?s=72&d=https%3A%2F%2Fa.slack-edge.com%2Fdf10d%2Fimg%2Favatars%2Fava_0024-72.png",
            "first_name": "Hannah",
            "real_name": "Hannah Wiginton",
            "display_name": "Hannah Wiginton",
            "team": "TJE58GTJL",
            "name": "hwiginton00",
            "is_restricted": false,
            "is_ultra_restricted": false
        },
        "blocks": [
            {
                "type": "rich_text",
                "block_id": "Gxj\/",
                "elements": [
                    {
                        "type": "rich_text_section",
                        "elements": [
                            {
                                "type": "text",
                                "text": "I'm so glad, "
                            },
                            {
                                "type": "user",
                                "user_id": "UUXPJ96EQ"
                            },
                            {
                                "type": "text",
                                "text": "! It made me chuckle!"
                            }
                        ]
                    }
                ]
            }
        ],
        "thread_ts": "1597329169.003500",
        "parent_user_id": "UUJBMNRNF"
    }
]