[
    {
        "client_msg_id": "cbe738db-c24d-4d48-bc47-e869c29bb3ee",
        "type": "message",
        "text": "My tips:\n• Ask for permission\n• LinkedIn posts are probably the best format\n• Tag the people involved, not just the company\n• Include as much detail as the customer feels comfortable with - IMHO it should serve to make the customer feel smart for buying you AND educate your audience about why people value your product\/service",
        "user": "URAV154AV",
        "ts": "1598275740.005000",
        "team": "TJE58GTJL",
        "user_team": "TJE58GTJL",
        "source_team": "TJE58GTJL",
        "user_profile": {
            "avatar_hash": "82eece4f99ca",
            "image_72": "https:\/\/avatars.slack-edge.com\/2019-12-12\/871274952613_82eece4f99caf7981b42_72.jpg",
            "first_name": "Cassandra",
            "real_name": "Cassandra Jowett",
            "display_name": "Cassandra Jowett",
            "team": "TJE58GTJL",
            "name": "cassandrajowett",
            "is_restricted": false,
            "is_ultra_restricted": false
        },
        "blocks": [
            {
                "type": "rich_text",
                "block_id": "kJYI",
                "elements": [
                    {
                        "type": "rich_text_section",
                        "elements": [
                            {
                                "type": "text",
                                "text": "My tips:\n"
                            }
                        ]
                    },
                    {
                        "type": "rich_text_list",
                        "elements": [
                            {
                                "type": "rich_text_section",
                                "elements": [
                                    {
                                        "type": "text",
                                        "text": "Ask for permission"
                                    }
                                ]
                            },
                            {
                                "type": "rich_text_section",
                                "elements": [
                                    {
                                        "type": "text",
                                        "text": "LinkedIn posts are probably the best format"
                                    }
                                ]
                            },
                            {
                                "type": "rich_text_section",
                                "elements": [
                                    {
                                        "type": "text",
                                        "text": "Tag the people involved, not just the company"
                                    }
                                ]
                            },
                            {
                                "type": "rich_text_section",
                                "elements": [
                                    {
                                        "type": "text",
                                        "text": "Include as much detail as the customer feels comfortable with - IMHO it should serve to make the customer feel smart for buying you AND educate your audience about why people value your product\/service"
                                    }
                                ]
                            }
                        ],
                        "style": "bullet",
                        "indent": 0
                    }
                ]
            }
        ],
        "thread_ts": "1598026801.002600",
        "parent_user_id": "U0125MKEXFS"
    },
    {
        "client_msg_id": "7f2b8422-6e92-40a9-8466-5c8154e9e51a",
        "type": "message",
        "text": "This is great input and food for thought. Thank you all!",
        "user": "U0125MKEXFS",
        "ts": "1598275846.005200",
        "team": "TJE58GTJL",
        "user_team": "TJE58GTJL",
        "source_team": "TJE58GTJL",
        "user_profile": {
            "avatar_hash": "g0058a70ee16",
            "image_72": "https:\/\/secure.gravatar.com\/avatar\/0058a70ee16931f3b9a73a4a4a959082.jpg?s=72&d=https%3A%2F%2Fa.slack-edge.com%2Fdf10d%2Fimg%2Favatars%2Fava_0017-72.png",
            "first_name": "Andy",
            "real_name": "Andy Parker",
            "display_name": "Andy Parker",
            "team": "TJE58GTJL",
            "name": "andy610",
            "is_restricted": false,
            "is_ultra_restricted": false
        },
        "blocks": [
            {
                "type": "rich_text",
                "block_id": "i+B",
                "elements": [
                    {
                        "type": "rich_text_section",
                        "elements": [
                            {
                                "type": "text",
                                "text": "This is great input and food for thought. Thank you all!"
                            }
                        ]
                    }
                ]
            }
        ],
        "thread_ts": "1598026801.002600",
        "parent_user_id": "U0125MKEXFS"
    }
]