[
    {
        "client_msg_id": "6e5213ba-c849-4b30-bb5e-535d10d9e3ea",
        "type": "message",
        "text": "interested over here as well :man-raising-hand:",
        "user": "UJ2QESJ66",
        "ts": "1595649455.055900",
        "team": "TJE58GTJL",
        "user_team": "TJE58GTJL",
        "source_team": "TJE58GTJL",
        "user_profile": {
            "avatar_hash": "6f45bd7b7f97",
            "image_72": "https:\/\/avatars.slack-edge.com\/2020-07-24\/1268680536836_6f45bd7b7f97c52740e0_72.png",
            "first_name": "Juan",
            "real_name": "Juan Ortega",
            "display_name": "Juan",
            "team": "TJE58GTJL",
            "name": "juan",
            "is_restricted": false,
            "is_ultra_restricted": false
        },
        "blocks": [
            {
                "type": "rich_text",
                "block_id": "hqS\/O",
                "elements": [
                    {
                        "type": "rich_text_section",
                        "elements": [
                            {
                                "type": "text",
                                "text": "interested over here as well "
                            },
                            {
                                "type": "emoji",
                                "name": "man-raising-hand"
                            }
                        ]
                    }
                ]
            }
        ],
        "thread_ts": "1595350634.051500",
        "parent_user_id": "UUH2EB134",
        "reactions": [
            {
                "name": "+1",
                "users": [
                    "URB31QKM4"
                ],
                "count": 1
            }
        ]
    }
]