[
    {
        "client_msg_id": "4a409eb8-4760-49fe-850d-a755b57c1d5d",
        "type": "message",
        "text": "Kind of an interesting resource to mention Drift when they’re the most over-the-top pushy organization I’ve ever encountered. Lead magnets and forms aren’t pushy. Humans crushing you under the weight of a bajillion emails, texts, LinkedIn DMs, etc. is pushy. It’s just a tool.",
        "user": "UUXMCJQ15",
        "ts": "1609337931.128300",
        "team": "TJE58GTJL",
        "user_team": "TJE58GTJL",
        "source_team": "TJE58GTJL",
        "user_profile": {
            "avatar_hash": "g6e525101d39",
            "image_72": "https:\/\/secure.gravatar.com\/avatar\/6e525101d39a0ff9ea2ac1c51a176ba8.jpg?s=72&d=https%3A%2F%2Fa.slack-edge.com%2Fdf10d%2Fimg%2Favatars%2Fava_0000-72.png",
            "first_name": "Brendan",
            "real_name": "Brendan Hufford",
            "display_name": "Brendan Hufford",
            "team": "TJE58GTJL",
            "name": "brendanhufford",
            "is_restricted": false,
            "is_ultra_restricted": false
        },
        "blocks": [
            {
                "type": "rich_text",
                "block_id": "HZC",
                "elements": [
                    {
                        "type": "rich_text_section",
                        "elements": [
                            {
                                "type": "text",
                                "text": "Kind of an interesting resource to mention Drift when they’re the most over-the-top pushy organization I’ve ever encountered. Lead magnets and forms aren’t pushy. Humans crushing you under the weight of a bajillion emails, texts, LinkedIn DMs, etc. is pushy. It’s just a tool."
                            }
                        ]
                    }
                ]
            }
        ],
        "thread_ts": "1608746459.112100",
        "parent_user_id": "U01EBT43ERH"
    },
    {
        "client_msg_id": "1ea5d4ec-412d-4949-b9ac-08d11793a0f8",
        "type": "message",
        "text": "I also fully disagree with this premise.",
        "user": "UUXMCJQ15",
        "ts": "1609337957.128500",
        "team": "TJE58GTJL",
        "user_team": "TJE58GTJL",
        "source_team": "TJE58GTJL",
        "user_profile": {
            "avatar_hash": "g6e525101d39",
            "image_72": "https:\/\/secure.gravatar.com\/avatar\/6e525101d39a0ff9ea2ac1c51a176ba8.jpg?s=72&d=https%3A%2F%2Fa.slack-edge.com%2Fdf10d%2Fimg%2Favatars%2Fava_0000-72.png",
            "first_name": "Brendan",
            "real_name": "Brendan Hufford",
            "display_name": "Brendan Hufford",
            "team": "TJE58GTJL",
            "name": "brendanhufford",
            "is_restricted": false,
            "is_ultra_restricted": false
        },
        "blocks": [
            {
                "type": "rich_text",
                "block_id": "5uJFC",
                "elements": [
                    {
                        "type": "rich_text_section",
                        "elements": [
                            {
                                "type": "text",
                                "text": "I also fully disagree with this premise."
                            }
                        ]
                    }
                ]
            }
        ],
        "thread_ts": "1608746459.112100",
        "parent_user_id": "U01EBT43ERH"
    },
    {
        "client_msg_id": "7a62d444-f584-4191-8b8b-c8878515218c",
        "type": "message",
        "text": "It’s just that very few marketers are great writers and very few great writers are great marketers. Find somebody like Ryan Holiday (who I’d argue is both) and you see where the difference is.",
        "user": "UUXMCJQ15",
        "ts": "1609337983.128700",
        "team": "TJE58GTJL",
        "user_team": "TJE58GTJL",
        "source_team": "TJE58GTJL",
        "user_profile": {
            "avatar_hash": "g6e525101d39",
            "image_72": "https:\/\/secure.gravatar.com\/avatar\/6e525101d39a0ff9ea2ac1c51a176ba8.jpg?s=72&d=https%3A%2F%2Fa.slack-edge.com%2Fdf10d%2Fimg%2Favatars%2Fava_0000-72.png",
            "first_name": "Brendan",
            "real_name": "Brendan Hufford",
            "display_name": "Brendan Hufford",
            "team": "TJE58GTJL",
            "name": "brendanhufford",
            "is_restricted": false,
            "is_ultra_restricted": false
        },
        "blocks": [
            {
                "type": "rich_text",
                "block_id": "hVzvX",
                "elements": [
                    {
                        "type": "rich_text_section",
                        "elements": [
                            {
                                "type": "text",
                                "text": "It’s just that very few marketers are great writers and very few great writers are great marketers. Find somebody like Ryan Holiday (who I’d argue is both) and you see where the difference is."
                            }
                        ]
                    }
                ]
            }
        ],
        "thread_ts": "1608746459.112100",
        "parent_user_id": "U01EBT43ERH"
    },
    {
        "client_msg_id": "ac33d0cc-bb60-4d26-a03c-e93933da247b",
        "type": "message",
        "text": "Nat is very successful and I (personally) enjoy his writing and how he thinks about things. I also love what <@U01EJ7VE9FD> writes above. If it’s not working, it isn’t broken. It just needs to be better.",
        "user": "UUXMCJQ15",
        "ts": "1609338107.128900",
        "team": "TJE58GTJL",
        "user_team": "TJE58GTJL",
        "source_team": "TJE58GTJL",
        "user_profile": {
            "avatar_hash": "g6e525101d39",
            "image_72": "https:\/\/secure.gravatar.com\/avatar\/6e525101d39a0ff9ea2ac1c51a176ba8.jpg?s=72&d=https%3A%2F%2Fa.slack-edge.com%2Fdf10d%2Fimg%2Favatars%2Fava_0000-72.png",
            "first_name": "Brendan",
            "real_name": "Brendan Hufford",
            "display_name": "Brendan Hufford",
            "team": "TJE58GTJL",
            "name": "brendanhufford",
            "is_restricted": false,
            "is_ultra_restricted": false
        },
        "edited": {
            "user": "UUXMCJQ15",
            "ts": "1609338850.000000"
        },
        "blocks": [
            {
                "type": "rich_text",
                "block_id": "yTG",
                "elements": [
                    {
                        "type": "rich_text_section",
                        "elements": [
                            {
                                "type": "text",
                                "text": "Nat is very successful and I (personally) enjoy his writing and how he thinks about things. I also love what "
                            },
                            {
                                "type": "user",
                                "user_id": "U01EJ7VE9FD"
                            },
                            {
                                "type": "text",
                                "text": " writes above. If it’s not working, it isn’t broken. It just needs to be better."
                            }
                        ]
                    }
                ]
            }
        ],
        "thread_ts": "1608746459.112100",
        "parent_user_id": "U01EBT43ERH"
    },
    {
        "client_msg_id": "8d2fa359-9445-4c55-acd6-0b3e9f5d0d0f",
        "type": "message",
        "text": "Also getting a strong sense of “Hello beginner, follow the advice of what I do now, versus what I did when I was where you are now.” Like this: <https:\/\/twitter.com\/profgalloway\/status\/1208131295513067520>",
        "user": "UUXMCJQ15",
        "ts": "1609338484.129300",
        "team": "TJE58GTJL",
        "user_team": "TJE58GTJL",
        "source_team": "TJE58GTJL",
        "user_profile": {
            "avatar_hash": "g6e525101d39",
            "image_72": "https:\/\/secure.gravatar.com\/avatar\/6e525101d39a0ff9ea2ac1c51a176ba8.jpg?s=72&d=https%3A%2F%2Fa.slack-edge.com%2Fdf10d%2Fimg%2Favatars%2Fava_0000-72.png",
            "first_name": "Brendan",
            "real_name": "Brendan Hufford",
            "display_name": "Brendan Hufford",
            "team": "TJE58GTJL",
            "name": "brendanhufford",
            "is_restricted": false,
            "is_ultra_restricted": false
        },
        "edited": {
            "user": "UUXMCJQ15",
            "ts": "1609338784.000000"
        },
        "blocks": [
            {
                "type": "rich_text",
                "block_id": "Bvp4",
                "elements": [
                    {
                        "type": "rich_text_section",
                        "elements": [
                            {
                                "type": "text",
                                "text": "Also getting a strong sense of “Hello beginner, follow the advice of what I do now, versus what I did when I was where you are now.” Like this: "
                            },
                            {
                                "type": "link",
                                "url": "https:\/\/twitter.com\/profgalloway\/status\/1208131295513067520"
                            }
                        ]
                    }
                ]
            }
        ],
        "thread_ts": "1608746459.112100",
        "parent_user_id": "U01EBT43ERH"
    },
    {
        "client_msg_id": "8f2b7f28-1a23-47bb-8d9c-123c7118b252",
        "type": "message",
        "text": "oh wow just seeing this (i am late!!) but saving to read",
        "user": "UJG9WTEKG",
        "ts": "1609371599.130300",
        "team": "TJE58GTJL",
        "user_team": "TJE58GTJL",
        "source_team": "TJE58GTJL",
        "user_profile": {
            "avatar_hash": "gc25b94e6ebf",
            "image_72": "https:\/\/secure.gravatar.com\/avatar\/eec25b94e6ebf55f0b7933372344cd09.jpg?s=72&d=https%3A%2F%2Fa.slack-edge.com%2Fdf10d%2Fimg%2Favatars%2Fava_0001-72.png",
            "first_name": "Jimmy",
            "real_name": "Jimmy Daly",
            "display_name": "",
            "team": "TJE58GTJL",
            "name": "runjimdaly",
            "is_restricted": false,
            "is_ultra_restricted": false
        },
        "blocks": [
            {
                "type": "rich_text",
                "block_id": "QGC",
                "elements": [
                    {
                        "type": "rich_text_section",
                        "elements": [
                            {
                                "type": "text",
                                "text": "oh wow just seeing this (i am late!!) but saving to read"
                            }
                        ]
                    }
                ]
            }
        ],
        "thread_ts": "1607528924.095300",
        "parent_user_id": "U017WRJTKF1"
    },
    {
        "client_msg_id": "b065a5b9-b44f-46d6-8318-d8eee05c636e",
        "type": "message",
        "text": "i didn't realize how active this community is until i got covid and spent a few days away",
        "user": "UJG9WTEKG",
        "ts": "1609371614.130500",
        "team": "TJE58GTJL",
        "user_team": "TJE58GTJL",
        "source_team": "TJE58GTJL",
        "user_profile": {
            "avatar_hash": "gc25b94e6ebf",
            "image_72": "https:\/\/secure.gravatar.com\/avatar\/eec25b94e6ebf55f0b7933372344cd09.jpg?s=72&d=https%3A%2F%2Fa.slack-edge.com%2Fdf10d%2Fimg%2Favatars%2Fava_0001-72.png",
            "first_name": "Jimmy",
            "real_name": "Jimmy Daly",
            "display_name": "",
            "team": "TJE58GTJL",
            "name": "runjimdaly",
            "is_restricted": false,
            "is_ultra_restricted": false
        },
        "blocks": [
            {
                "type": "rich_text",
                "block_id": "lgTJ",
                "elements": [
                    {
                        "type": "rich_text_section",
                        "elements": [
                            {
                                "type": "text",
                                "text": "i didn't realize how active this community is until i got covid and spent a few days away"
                            }
                        ]
                    }
                ]
            }
        ],
        "thread_ts": "1607528924.095300",
        "parent_user_id": "U017WRJTKF1",
        "reactions": [
            {
                "name": "heart",
                "users": [
                    "U017WRJTKF1"
                ],
                "count": 1
            }
        ]
    },
    {
        "client_msg_id": "523f5314-a643-466d-b39e-41b74b4f86e3",
        "type": "message",
        "text": "<@U010AKESAPL> the intercom ebooks are great",
        "user": "UJG9WTEKG",
        "ts": "1609371644.130800",
        "team": "TJE58GTJL",
        "user_team": "TJE58GTJL",
        "source_team": "TJE58GTJL",
        "user_profile": {
            "avatar_hash": "gc25b94e6ebf",
            "image_72": "https:\/\/secure.gravatar.com\/avatar\/eec25b94e6ebf55f0b7933372344cd09.jpg?s=72&d=https%3A%2F%2Fa.slack-edge.com%2Fdf10d%2Fimg%2Favatars%2Fava_0001-72.png",
            "first_name": "Jimmy",
            "real_name": "Jimmy Daly",
            "display_name": "",
            "team": "TJE58GTJL",
            "name": "runjimdaly",
            "is_restricted": false,
            "is_ultra_restricted": false
        },
        "blocks": [
            {
                "type": "rich_text",
                "block_id": "XC3N",
                "elements": [
                    {
                        "type": "rich_text_section",
                        "elements": [
                            {
                                "type": "user",
                                "user_id": "U010AKESAPL"
                            },
                            {
                                "type": "text",
                                "text": " the intercom ebooks are great"
                            }
                        ]
                    }
                ]
            }
        ],
        "thread_ts": "1604518261.075400",
        "parent_user_id": "U010AKESAPL"
    },
    {
        "client_msg_id": "e70bb461-1f92-4979-ae92-b4cc757a033e",
        "type": "message",
        "text": "Oh no! Are you feeling better <@UJG9WTEKG>? I'm quarantining and waiting for test results at home now..",
        "user": "U01FUP6AMEZ",
        "ts": "1609371646.131000",
        "team": "TJE58GTJL",
        "user_team": "TJE58GTJL",
        "source_team": "TJE58GTJL",
        "user_profile": {
            "avatar_hash": "128762c3ea3f",
            "image_72": "https:\/\/avatars.slack-edge.com\/2020-12-01\/1527137254583_128762c3ea3f3d65d19b_72.jpg",
            "first_name": "Joanna",
            "real_name": "Joanna Rutter",
            "display_name": "Joanna Rutter",
            "team": "TJE58GTJL",
            "name": "rutterjoanna",
            "is_restricted": false,
            "is_ultra_restricted": false
        },
        "blocks": [
            {
                "type": "rich_text",
                "block_id": "XvQ",
                "elements": [
                    {
                        "type": "rich_text_section",
                        "elements": [
                            {
                                "type": "text",
                                "text": "Oh no! Are you feeling better "
                            },
                            {
                                "type": "user",
                                "user_id": "UJG9WTEKG"
                            },
                            {
                                "type": "text",
                                "text": "? I'm quarantining and waiting for test results at home now.."
                            }
                        ]
                    }
                ]
            }
        ],
        "thread_ts": "1607528924.095300",
        "parent_user_id": "U017WRJTKF1"
    },
    {
        "client_msg_id": "646c6a10-d0be-438a-a74e-c68ca8e37c6a",
        "type": "message",
        "text": "<@U01FUP6AMEZ> i am feeling better but that was a real kick in the *ss!",
        "user": "UJG9WTEKG",
        "ts": "1609372206.131200",
        "team": "TJE58GTJL",
        "user_team": "TJE58GTJL",
        "source_team": "TJE58GTJL",
        "user_profile": {
            "avatar_hash": "gc25b94e6ebf",
            "image_72": "https:\/\/secure.gravatar.com\/avatar\/eec25b94e6ebf55f0b7933372344cd09.jpg?s=72&d=https%3A%2F%2Fa.slack-edge.com%2Fdf10d%2Fimg%2Favatars%2Fava_0001-72.png",
            "first_name": "Jimmy",
            "real_name": "Jimmy Daly",
            "display_name": "",
            "team": "TJE58GTJL",
            "name": "runjimdaly",
            "is_restricted": false,
            "is_ultra_restricted": false
        },
        "blocks": [
            {
                "type": "rich_text",
                "block_id": "E81W",
                "elements": [
                    {
                        "type": "rich_text_section",
                        "elements": [
                            {
                                "type": "user",
                                "user_id": "U01FUP6AMEZ"
                            },
                            {
                                "type": "text",
                                "text": " i am feeling better but that was a real kick in the *ss!"
                            }
                        ]
                    }
                ]
            }
        ],
        "thread_ts": "1607528924.095300",
        "parent_user_id": "U017WRJTKF1"
    },
    {
        "client_msg_id": "0b8f0541-c7aa-4e7a-a09c-e82c8ba32863",
        "type": "message",
        "text": "i hope you get a negative",
        "user": "UJG9WTEKG",
        "ts": "1609372211.131400",
        "team": "TJE58GTJL",
        "user_team": "TJE58GTJL",
        "source_team": "TJE58GTJL",
        "user_profile": {
            "avatar_hash": "gc25b94e6ebf",
            "image_72": "https:\/\/secure.gravatar.com\/avatar\/eec25b94e6ebf55f0b7933372344cd09.jpg?s=72&d=https%3A%2F%2Fa.slack-edge.com%2Fdf10d%2Fimg%2Favatars%2Fava_0001-72.png",
            "first_name": "Jimmy",
            "real_name": "Jimmy Daly",
            "display_name": "",
            "team": "TJE58GTJL",
            "name": "runjimdaly",
            "is_restricted": false,
            "is_ultra_restricted": false
        },
        "blocks": [
            {
                "type": "rich_text",
                "block_id": "BRG",
                "elements": [
                    {
                        "type": "rich_text_section",
                        "elements": [
                            {
                                "type": "text",
                                "text": "i hope you get a negative"
                            }
                        ]
                    }
                ]
            }
        ],
        "thread_ts": "1607528924.095300",
        "parent_user_id": "U017WRJTKF1"
    },
    {
        "client_msg_id": "00554a36-c715-4f4e-b6a0-39d435cbda50",
        "type": "message",
        "text": "Thanks man! <@UJG9WTEKG> gotta rest up before my first day at Animalz in a few weeks :sweat_smile:",
        "user": "U01FUP6AMEZ",
        "ts": "1609372358.131600",
        "team": "TJE58GTJL",
        "user_team": "TJE58GTJL",
        "source_team": "TJE58GTJL",
        "user_profile": {
            "avatar_hash": "128762c3ea3f",
            "image_72": "https:\/\/avatars.slack-edge.com\/2020-12-01\/1527137254583_128762c3ea3f3d65d19b_72.jpg",
            "first_name": "Joanna",
            "real_name": "Joanna Rutter",
            "display_name": "Joanna Rutter",
            "team": "TJE58GTJL",
            "name": "rutterjoanna",
            "is_restricted": false,
            "is_ultra_restricted": false
        },
        "blocks": [
            {
                "type": "rich_text",
                "block_id": "BoD",
                "elements": [
                    {
                        "type": "rich_text_section",
                        "elements": [
                            {
                                "type": "text",
                                "text": "Thanks man! "
                            },
                            {
                                "type": "user",
                                "user_id": "UJG9WTEKG"
                            },
                            {
                                "type": "text",
                                "text": " gotta rest up before my first day at Animalz in a few weeks "
                            },
                            {
                                "type": "emoji",
                                "name": "sweat_smile"
                            }
                        ]
                    }
                ]
            }
        ],
        "thread_ts": "1607528924.095300",
        "parent_user_id": "U017WRJTKF1"
    },
    {
        "client_msg_id": "db5b07ab-2610-4319-964a-15d34c5e1b55",
        "type": "message",
        "text": "woooooo!!!!",
        "user": "UJG9WTEKG",
        "ts": "1609373096.131800",
        "team": "TJE58GTJL",
        "user_team": "TJE58GTJL",
        "source_team": "TJE58GTJL",
        "user_profile": {
            "avatar_hash": "gc25b94e6ebf",
            "image_72": "https:\/\/secure.gravatar.com\/avatar\/eec25b94e6ebf55f0b7933372344cd09.jpg?s=72&d=https%3A%2F%2Fa.slack-edge.com%2Fdf10d%2Fimg%2Favatars%2Fava_0001-72.png",
            "first_name": "Jimmy",
            "real_name": "Jimmy Daly",
            "display_name": "",
            "team": "TJE58GTJL",
            "name": "runjimdaly",
            "is_restricted": false,
            "is_ultra_restricted": false
        },
        "blocks": [
            {
                "type": "rich_text",
                "block_id": "VdP",
                "elements": [
                    {
                        "type": "rich_text_section",
                        "elements": [
                            {
                                "type": "text",
                                "text": "woooooo!!!!"
                            }
                        ]
                    }
                ]
            }
        ],
        "thread_ts": "1607528924.095300",
        "parent_user_id": "U017WRJTKF1"
    },
    {
        "client_msg_id": "a0b88c68-8f68-417f-b793-75de3304b6e8",
        "type": "message",
        "text": "that's super exciting",
        "user": "UJG9WTEKG",
        "ts": "1609373104.132000",
        "team": "TJE58GTJL",
        "user_team": "TJE58GTJL",
        "source_team": "TJE58GTJL",
        "user_profile": {
            "avatar_hash": "gc25b94e6ebf",
            "image_72": "https:\/\/secure.gravatar.com\/avatar\/eec25b94e6ebf55f0b7933372344cd09.jpg?s=72&d=https%3A%2F%2Fa.slack-edge.com%2Fdf10d%2Fimg%2Favatars%2Fava_0001-72.png",
            "first_name": "Jimmy",
            "real_name": "Jimmy Daly",
            "display_name": "",
            "team": "TJE58GTJL",
            "name": "runjimdaly",
            "is_restricted": false,
            "is_ultra_restricted": false
        },
        "blocks": [
            {
                "type": "rich_text",
                "block_id": "fFKdN",
                "elements": [
                    {
                        "type": "rich_text_section",
                        "elements": [
                            {
                                "type": "text",
                                "text": "that's super exciting"
                            }
                        ]
                    }
                ]
            }
        ],
        "thread_ts": "1607528924.095300",
        "parent_user_id": "U017WRJTKF1",
        "reactions": [
            {
                "name": "heart",
                "users": [
                    "U01FUP6AMEZ"
                ],
                "count": 1
            }
        ]
    }
]