[
    {
        "client_msg_id": "2148d690-e1f7-4ba3-978c-fb85437adef3",
        "type": "message",
        "text": "Does anyone have recommendations for good B2B Content Strategy templates? I have the ones from Contently and Kapost.",
        "user": "U01CVQ02E5S",
        "ts": "1603343200.066700",
        "team": "TJE58GTJL",
        "user_team": "TJE58GTJL",
        "source_team": "TJE58GTJL",
        "user_profile": {
            "avatar_hash": "91fb1bea2fa4",
            "image_72": "https:\/\/avatars.slack-edge.com\/2020-10-16\/1438887916964_91fb1bea2fa42a24028d_72.jpg",
            "first_name": "David",
            "real_name": "David Harrington",
            "display_name": "Dave H",
            "team": "TJE58GTJL",
            "name": "harrington.dw",
            "is_restricted": false,
            "is_ultra_restricted": false
        },
        "blocks": [
            {
                "type": "rich_text",
                "block_id": "z\/I5G",
                "elements": [
                    {
                        "type": "rich_text_section",
                        "elements": [
                            {
                                "type": "text",
                                "text": "Does anyone have recommendations for good B2B Content Strategy templates? I have the ones from Contently and Kapost."
                            }
                        ]
                    }
                ]
            }
        ],
        "thread_ts": "1603343200.066700",
        "reply_count": 15,
        "reply_users_count": 4,
        "latest_reply": "1603385884.071100",
        "reply_users": [
            "UL4TUV38B",
            "U019LRFAC7Q",
            "U01CVQ02E5S",
            "U01DLEFAN3A"
        ],
        "replies": [
            {
                "user": "UL4TUV38B",
                "ts": "1603380959.067100"
            },
            {
                "user": "U019LRFAC7Q",
                "ts": "1603381021.067400"
            },
            {
                "user": "UL4TUV38B",
                "ts": "1603381156.067700"
            },
            {
                "user": "U01CVQ02E5S",
                "ts": "1603384663.068100"
            },
            {
                "user": "U01CVQ02E5S",
                "ts": "1603384724.068400"
            },
            {
                "user": "U01CVQ02E5S",
                "ts": "1603384779.068700"
            },
            {
                "user": "U01CVQ02E5S",
                "ts": "1603384822.068900"
            },
            {
                "user": "UL4TUV38B",
                "ts": "1603384865.069300"
            },
            {
                "user": "U01CVQ02E5S",
                "ts": "1603384980.069500"
            },
            {
                "user": "UL4TUV38B",
                "ts": "1603385111.069700"
            },
            {
                "user": "U01CVQ02E5S",
                "ts": "1603385273.069900"
            },
            {
                "user": "U01CVQ02E5S",
                "ts": "1603385629.070100"
            },
            {
                "user": "U019LRFAC7Q",
                "ts": "1603385725.070300"
            },
            {
                "user": "U01CVQ02E5S",
                "ts": "1603385780.070500"
            },
            {
                "user": "U01DLEFAN3A",
                "ts": "1603385884.071100"
            }
        ],
        "is_locked": false,
        "subscribed": false,
        "reactions": [
            {
                "name": "heart",
                "users": [
                    "U013L0U4YSU"
                ],
                "count": 1
            }
        ]
    }
]