[
    {
        "client_msg_id": "36b39f8d-d87b-4ca7-861a-527ebd7701f7",
        "type": "message",
        "text": "Amazing, thanks Jim!",
        "user": "U010AKESAPL",
        "ts": "1610131246.133100",
        "team": "TJE58GTJL",
        "user_team": "TJE58GTJL",
        "source_team": "TJE58GTJL",
        "user_profile": {
            "avatar_hash": "g147df6ba4a3",
            "image_72": "https:\/\/secure.gravatar.com\/avatar\/147df6ba4a3a298e85f19e6785bdfd82.jpg?s=72&d=https%3A%2F%2Fa.slack-edge.com%2Fdf10d%2Fimg%2Favatars%2Fava_0022-72.png",
            "first_name": "",
            "real_name": "spencer grover",
            "display_name": "spencer grover",
            "team": "TJE58GTJL",
            "name": "spencergrover.freelan",
            "is_restricted": false,
            "is_ultra_restricted": false
        },
        "blocks": [
            {
                "type": "rich_text",
                "block_id": "vwp",
                "elements": [
                    {
                        "type": "rich_text_section",
                        "elements": [
                            {
                                "type": "text",
                                "text": "Amazing, thanks Jim!"
                            }
                        ]
                    }
                ]
            }
        ],
        "thread_ts": "1604518261.075400",
        "parent_user_id": "U010AKESAPL"
    }
]