[
    {
        "client_msg_id": "5eca4478-282a-4ef6-a94d-3276af4b8220",
        "type": "message",
        "text": "Great write up, feels very cohesive. Very interested in this topic at the moment so here's a bit of my take if it helps.\n\nRe: Jordy's point about interruptions - personally I think it's okay to 'interrupt' if the interruption adds value — if product-led content is done well, it won't feel like an interruption! As long as your product is a natural part of the 'story' it's actually a better experience for the reader because it will answer the main questions they have.\n\nI think the Jobs To Be Done framework is a great way to approach it. If you're talking about your readers' JTBD but don't mention how they can actually do those JTBD (with your product), it's actually leaving a knowledge gap for the person reading.\n\nI think it often helps to think in non-SaaS terms. E.g. if you have a post on \"_how to maintain your bicycle_\" but don't show someone the tools to actually keep the bike running well (i.e. with your product!), they'll leave and need to look up something like \"_best puncture repair kits_\" after reading because you've left holes in their knowledge. But, if you had showed your product and how useful it was in that mid\/top of funnel article originally, going to your product would have been the natural next step - no need for them to go back to Google to fill the knowledge gap they still have.\n\nIf your product placements improve the education process, it'll help them solve their problem faster — which is a benefit for the reader.\n\nShared a few rough thoughts on the same concept a while back if you want to see my take:  <https:\/\/georgespetrequin.com\/blog\/saasify-blog-content>\n\nAlso mentioned a few bits about Hotjar's approach here and how integrating your product into traditionally TOFU content is a great way to build awareness for product and doesn't have to be done in a salesy way: <https:\/\/www.contentbulb.com\/blog\/hotjar-content-marketing-teardown>",
        "user": "UUJBMDVGB",
        "ts": "1613642007.013300",
        "team": "TJE58GTJL",
        "user_team": "TJE58GTJL",
        "source_team": "TJE58GTJL",
        "user_profile": {
            "avatar_hash": "b6e24eb54b4b",
            "image_72": "https:\/\/avatars.slack-edge.com\/2020-12-15\/1588694389873_b6e24eb54b4b69597910_72.jpg",
            "first_name": "Georges",
            "real_name": "Georges Petrequin",
            "display_name": "Georges",
            "team": "TJE58GTJL",
            "name": "georgespetrequin",
            "is_restricted": false,
            "is_ultra_restricted": false
        },
        "edited": {
            "user": "UUJBMDVGB",
            "ts": "1613646704.000000"
        },
        "blocks": [
            {
                "type": "rich_text",
                "block_id": "s=qW",
                "elements": [
                    {
                        "type": "rich_text_section",
                        "elements": [
                            {
                                "type": "text",
                                "text": "Great write up, feels very cohesive. Very interested in this topic at the moment so here's a bit of my take if it helps.\n\nRe: Jordy's point about interruptions - personally I think it's okay to 'interrupt' if the interruption adds value — if product-led content is done well, it won't feel like an interruption! As long as your product is a natural part of the 'story' it's actually a better experience for the reader because it will answer the main questions they have.\n\nI think the Jobs To Be Done framework is a great way to approach it. If you're talking about your readers' JTBD but don't mention how they can actually do those JTBD (with your product), it's actually leaving a knowledge gap for the person reading.\n\nI think it often helps to think in non-SaaS terms. E.g. if you have a post on \""
                            },
                            {
                                "type": "text",
                                "text": "how to maintain your bicycle",
                                "style": {
                                    "italic": true
                                }
                            },
                            {
                                "type": "text",
                                "text": "\" but don't show someone the tools to actually keep the bike running well (i.e. with your product!), they'll leave and need to look up something like \""
                            },
                            {
                                "type": "text",
                                "text": "best puncture repair kits",
                                "style": {
                                    "italic": true
                                }
                            },
                            {
                                "type": "text",
                                "text": "\" after reading because you've left holes in their knowledge. But, if you had showed your product and how useful it was in that mid\/top of funnel article originally, going to your product would have been the natural next step - no need for them to go back to Google to fill the knowledge gap they still have.\n\nIf your product placements improve the education process, it'll help them solve their problem faster — which is a benefit for the reader.\n\nShared a few rough thoughts on the same concept a while back if you want to see my take:  "
                            },
                            {
                                "type": "link",
                                "url": "https:\/\/georgespetrequin.com\/blog\/saasify-blog-content"
                            },
                            {
                                "type": "text",
                                "text": "\n\nAlso mentioned a few bits about Hotjar's approach here and how integrating your product into traditionally TOFU content is a great way to build awareness for product and doesn't have to be done in a salesy way: "
                            },
                            {
                                "type": "link",
                                "url": "https:\/\/www.contentbulb.com\/blog\/hotjar-content-marketing-teardown"
                            }
                        ]
                    }
                ]
            }
        ],
        "thread_ts": "1613573663.012400",
        "parent_user_id": "U017WRJTKF1"
    },
    {
        "client_msg_id": "13eecbd3-57f7-4fb4-b74f-0b5546859114",
        "type": "message",
        "text": "<@U017WRJTKF1> No problem! Let me know what the thinking hat has to say :slightly_smiling_face:\n<@UUJBMDVGB> I agree in spirit, but would quibble on semantics: if it \"doesn't feel like an interruption\" then I'd not define it as one! If it adds value in alignment with the story (or better yet, is a natural part of the story) then it is by definition not an interruption—I think we're all on the same page here haha",
        "user": "U01AHL8AGBB",
        "ts": "1613660773.014100",
        "team": "TJE58GTJL",
        "user_team": "TJE58GTJL",
        "source_team": "TJE58GTJL",
        "user_profile": {
            "avatar_hash": "09eb34255d46",
            "image_72": "https:\/\/avatars.slack-edge.com\/2020-09-07\/1347887170866_09eb34255d4678a00ddc_72.png",
            "first_name": "Jordy",
            "real_name": "Jordy Fujiwara",
            "display_name": "Jordy",
            "team": "TJE58GTJL",
            "name": "jordy.fujiwara",
            "is_restricted": false,
            "is_ultra_restricted": false
        },
        "blocks": [
            {
                "type": "rich_text",
                "block_id": "leYX=",
                "elements": [
                    {
                        "type": "rich_text_section",
                        "elements": [
                            {
                                "type": "user",
                                "user_id": "U017WRJTKF1"
                            },
                            {
                                "type": "text",
                                "text": " No problem! Let me know what the thinking hat has to say "
                            },
                            {
                                "type": "emoji",
                                "name": "slightly_smiling_face"
                            },
                            {
                                "type": "text",
                                "text": "\n"
                            },
                            {
                                "type": "user",
                                "user_id": "UUJBMDVGB"
                            },
                            {
                                "type": "text",
                                "text": " I agree in spirit, but would quibble on semantics: if it \"doesn't feel like an interruption\" then I'd not define it as one! If it adds value in alignment with the story (or better yet, is a natural part of the story) then it is by definition not an interruption—I think we're all on the same page here haha"
                            }
                        ]
                    }
                ]
            }
        ],
        "thread_ts": "1613573663.012400",
        "parent_user_id": "U017WRJTKF1"
    },
    {
        "client_msg_id": "7a60ffef-8054-48ff-b0a1-313464007c3b",
        "type": "message",
        "text": "The trick is \"how do you do that\" — <@U017WRJTKF1>'s rating system is a good, simple way to start thinking about it.\n\nIf you start to unpack storytelling science, things can start to get more complex (read: interesting). I'm a big advocate of trying to find a way to integrate whatever you're selling into the core conflict of the story. Too many brands make their product\/service a cheap plot device to a lazy story (this person wants to save money... WELL GUESS WHAT!)",
        "user": "U01AHL8AGBB",
        "ts": "1613660952.014300",
        "team": "TJE58GTJL",
        "user_team": "TJE58GTJL",
        "source_team": "TJE58GTJL",
        "user_profile": {
            "avatar_hash": "09eb34255d46",
            "image_72": "https:\/\/avatars.slack-edge.com\/2020-09-07\/1347887170866_09eb34255d4678a00ddc_72.png",
            "first_name": "Jordy",
            "real_name": "Jordy Fujiwara",
            "display_name": "Jordy",
            "team": "TJE58GTJL",
            "name": "jordy.fujiwara",
            "is_restricted": false,
            "is_ultra_restricted": false
        },
        "blocks": [
            {
                "type": "rich_text",
                "block_id": "uGw4d",
                "elements": [
                    {
                        "type": "rich_text_section",
                        "elements": [
                            {
                                "type": "text",
                                "text": "The trick is \"how do you do that\" — "
                            },
                            {
                                "type": "user",
                                "user_id": "U017WRJTKF1"
                            },
                            {
                                "type": "text",
                                "text": "'s rating system is a good, simple way to start thinking about it.\n\nIf you start to unpack storytelling science, things can start to get more complex (read: interesting). I'm a big advocate of trying to find a way to integrate whatever you're selling into the core conflict of the story. Too many brands make their product\/service a cheap plot device to a lazy story (this person wants to save money... WELL GUESS WHAT!)"
                            }
                        ]
                    }
                ]
            }
        ],
        "thread_ts": "1613573663.012400",
        "parent_user_id": "U017WRJTKF1"
    },
    {
        "client_msg_id": "25a2e302-eff1-415c-9284-ff4bc50d276b",
        "type": "message",
        "text": "Definitely think we're on the same page! Really like the way you think about it with a story framework and 100% with you on the importance of integrating it naturally. As a reader, if a product plug feels out of place it and breaks the flow of the article, it can be hard to keep reading.",
        "user": "UUJBMDVGB",
        "ts": "1613671999.014600",
        "team": "TJE58GTJL",
        "user_team": "TJE58GTJL",
        "source_team": "TJE58GTJL",
        "user_profile": {
            "avatar_hash": "b6e24eb54b4b",
            "image_72": "https:\/\/avatars.slack-edge.com\/2020-12-15\/1588694389873_b6e24eb54b4b69597910_72.jpg",
            "first_name": "Georges",
            "real_name": "Georges Petrequin",
            "display_name": "Georges",
            "team": "TJE58GTJL",
            "name": "georgespetrequin",
            "is_restricted": false,
            "is_ultra_restricted": false
        },
        "edited": {
            "user": "UUJBMDVGB",
            "ts": "1613672059.000000"
        },
        "blocks": [
            {
                "type": "rich_text",
                "block_id": "ishQR",
                "elements": [
                    {
                        "type": "rich_text_section",
                        "elements": [
                            {
                                "type": "text",
                                "text": "Definitely think we're on the same page! Really like the way you think about it with a story framework and 100% with you on the importance of integrating it naturally. As a reader, if a product plug feels out of place it and breaks the flow of the article, it can be hard to keep reading."
                            }
                        ]
                    }
                ]
            }
        ],
        "thread_ts": "1613573663.012400",
        "parent_user_id": "U017WRJTKF1"
    },
    {
        "client_msg_id": "485530b1-4bce-4bf6-8e70-13d2d0b67488",
        "type": "message",
        "text": "I love this convo you two are having. It’s giving me so many ideas!\n<@UUJBMDVGB> thanks for sharing your links—your write-up on contentbulb particularly is really spot on. You spotted all our tricks :wink:",
        "user": "U017WRJTKF1",
        "ts": "1613675141.014900",
        "team": "TJE58GTJL",
        "user_team": "TJE58GTJL",
        "source_team": "TJE58GTJL",
        "user_profile": {
            "avatar_hash": "5becbba1453b",
            "image_72": "https:\/\/avatars.slack-edge.com\/2021-08-19\/2398013799555_5becbba1453b45394896_72.jpg",
            "first_name": "fio",
            "real_name": "fio",
            "display_name": "fio",
            "team": "TJE58GTJL",
            "name": "fio",
            "is_restricted": false,
            "is_ultra_restricted": false
        },
        "blocks": [
            {
                "type": "rich_text",
                "block_id": "h5B",
                "elements": [
                    {
                        "type": "rich_text_section",
                        "elements": [
                            {
                                "type": "text",
                                "text": "I love this convo you two are having. It’s giving me so many ideas!\n"
                            },
                            {
                                "type": "user",
                                "user_id": "UUJBMDVGB"
                            },
                            {
                                "type": "text",
                                "text": " thanks for sharing your links—your write-up on contentbulb particularly is really spot on. You spotted all our tricks "
                            },
                            {
                                "type": "emoji",
                                "name": "wink"
                            }
                        ]
                    }
                ]
            }
        ],
        "thread_ts": "1613573663.012400",
        "parent_user_id": "U017WRJTKF1",
        "reactions": [
            {
                "name": "partyparrot",
                "users": [
                    "U01AHL8AGBB"
                ],
                "count": 1
            }
        ]
    }
]