[
    {
        "client_msg_id": "cff24743-d1d5-4d4a-ac0a-b7568719567a",
        "type": "message",
        "text": "Hi everyone: Beyond the basics (leads\/opps\/pipeline\/revenue), how do you measure content marketing success? Would love to hear how everyone dives into analytics and especially how you get to know your audience better!",
        "user": "UUKNSNJBT",
        "ts": "1611677079.001900",
        "team": "TJE58GTJL",
        "user_team": "TJE58GTJL",
        "source_team": "TJE58GTJL",
        "user_profile": {
            "avatar_hash": "05f04dfe94a6",
            "image_72": "https:\/\/avatars.slack-edge.com\/2021-06-23\/2203773449154_05f04dfe94a6f7b2a56f_72.jpg",
            "first_name": "Brittany",
            "real_name": "Brittany F",
            "display_name": "Brittany F",
            "team": "TJE58GTJL",
            "name": "bafleit",
            "is_restricted": false,
            "is_ultra_restricted": false
        },
        "blocks": [
            {
                "type": "rich_text",
                "block_id": "k83D",
                "elements": [
                    {
                        "type": "rich_text_section",
                        "elements": [
                            {
                                "type": "text",
                                "text": "Hi everyone: Beyond the basics (leads\/opps\/pipeline\/revenue), how do you measure content marketing success? Would love to hear how everyone dives into analytics and especially how you get to know your audience better!"
                            }
                        ]
                    }
                ]
            }
        ],
        "thread_ts": "1611677079.001900",
        "reply_count": 8,
        "reply_users_count": 6,
        "latest_reply": "1611856340.004700",
        "reply_users": [
            "UJG9WTEKG",
            "U01EJ7VE9FD",
            "UUKNSNJBT",
            "U013WCZ5GSV",
            "U01HY3C4Q6Q",
            "U0109FC8H7Y"
        ],
        "replies": [
            {
                "user": "UJG9WTEKG",
                "ts": "1611680760.002000"
            },
            {
                "user": "UJG9WTEKG",
                "ts": "1611680767.002200"
            },
            {
                "user": "UJG9WTEKG",
                "ts": "1611680780.002400"
            },
            {
                "user": "U01EJ7VE9FD",
                "ts": "1611682624.002600"
            },
            {
                "user": "UUKNSNJBT",
                "ts": "1611688100.003400"
            },
            {
                "user": "U013WCZ5GSV",
                "ts": "1611769686.004100"
            },
            {
                "user": "U01HY3C4Q6Q",
                "ts": "1611781670.004400"
            },
            {
                "user": "U0109FC8H7Y",
                "ts": "1611856340.004700"
            }
        ],
        "is_locked": false,
        "subscribed": true,
        "last_read": "1611856340.004700",
        "reactions": [
            {
                "name": "eyes",
                "users": [
                    "U01P9AQNE77"
                ],
                "count": 1
            }
        ]
    },
    {
        "client_msg_id": "cd8f5574-65bb-4687-aa1b-4c03de0ea561",
        "type": "message",
        "text": "i just recorded a reporting \"show and tell\" with <@UUXPJ96EQ>",
        "user": "UJG9WTEKG",
        "ts": "1611680760.002000",
        "team": "TJE58GTJL",
        "user_team": "TJE58GTJL",
        "source_team": "TJE58GTJL",
        "user_profile": {
            "avatar_hash": "gc25b94e6ebf",
            "image_72": "https:\/\/secure.gravatar.com\/avatar\/eec25b94e6ebf55f0b7933372344cd09.jpg?s=72&d=https%3A%2F%2Fa.slack-edge.com%2Fdf10d%2Fimg%2Favatars%2Fava_0001-72.png",
            "first_name": "Jimmy",
            "real_name": "Jimmy Daly",
            "display_name": "",
            "team": "TJE58GTJL",
            "name": "runjimdaly",
            "is_restricted": false,
            "is_ultra_restricted": false
        },
        "blocks": [
            {
                "type": "rich_text",
                "block_id": "MJ+T",
                "elements": [
                    {
                        "type": "rich_text_section",
                        "elements": [
                            {
                                "type": "text",
                                "text": "i just recorded a reporting \"show and tell\" with "
                            },
                            {
                                "type": "user",
                                "user_id": "UUXPJ96EQ"
                            }
                        ]
                    }
                ]
            }
        ],
        "thread_ts": "1611677079.001900",
        "parent_user_id": "UUKNSNJBT",
        "reactions": [
            {
                "name": "partygritty",
                "users": [
                    "UUXPJ96EQ",
                    "UUKNSNJBT"
                ],
                "count": 2
            },
            {
                "name": "clap",
                "users": [
                    "UJ2MPBP7V"
                ],
                "count": 1
            }
        ]
    },
    {
        "client_msg_id": "26777e70-c0f7-4151-b22c-f50a94a9808d",
        "type": "message",
        "text": "will publish a little preview of that soon",
        "user": "UJG9WTEKG",
        "ts": "1611680767.002200",
        "team": "TJE58GTJL",
        "user_team": "TJE58GTJL",
        "source_team": "TJE58GTJL",
        "user_profile": {
            "avatar_hash": "gc25b94e6ebf",
            "image_72": "https:\/\/secure.gravatar.com\/avatar\/eec25b94e6ebf55f0b7933372344cd09.jpg?s=72&d=https%3A%2F%2Fa.slack-edge.com%2Fdf10d%2Fimg%2Favatars%2Fava_0001-72.png",
            "first_name": "Jimmy",
            "real_name": "Jimmy Daly",
            "display_name": "",
            "team": "TJE58GTJL",
            "name": "runjimdaly",
            "is_restricted": false,
            "is_ultra_restricted": false
        },
        "blocks": [
            {
                "type": "rich_text",
                "block_id": "xs49R",
                "elements": [
                    {
                        "type": "rich_text_section",
                        "elements": [
                            {
                                "type": "text",
                                "text": "will publish a little preview of that soon"
                            }
                        ]
                    }
                ]
            }
        ],
        "thread_ts": "1611677079.001900",
        "parent_user_id": "UUKNSNJBT"
    },
    {
        "client_msg_id": "247f79ee-753e-47a2-bdce-48555321eecb",
        "type": "message",
        "text": "and it'll be in our reporting course in superpath pro",
        "user": "UJG9WTEKG",
        "ts": "1611680780.002400",
        "team": "TJE58GTJL",
        "user_team": "TJE58GTJL",
        "source_team": "TJE58GTJL",
        "user_profile": {
            "avatar_hash": "gc25b94e6ebf",
            "image_72": "https:\/\/secure.gravatar.com\/avatar\/eec25b94e6ebf55f0b7933372344cd09.jpg?s=72&d=https%3A%2F%2Fa.slack-edge.com%2Fdf10d%2Fimg%2Favatars%2Fava_0001-72.png",
            "first_name": "Jimmy",
            "real_name": "Jimmy Daly",
            "display_name": "",
            "team": "TJE58GTJL",
            "name": "runjimdaly",
            "is_restricted": false,
            "is_ultra_restricted": false
        },
        "blocks": [
            {
                "type": "rich_text",
                "block_id": "WuArP",
                "elements": [
                    {
                        "type": "rich_text_section",
                        "elements": [
                            {
                                "type": "text",
                                "text": "and it'll be in our reporting course in superpath pro"
                            }
                        ]
                    }
                ]
            }
        ],
        "thread_ts": "1611677079.001900",
        "parent_user_id": "UUKNSNJBT",
        "reactions": [
            {
                "name": "fire",
                "users": [
                    "U016AG4A2G2",
                    "UUXPJ96EQ",
                    "UUKNSNJBT"
                ],
                "count": 3
            },
            {
                "name": "raised_hands",
                "users": [
                    "UNGMG4005"
                ],
                "count": 1
            }
        ]
    },
    {
        "client_msg_id": "a1e018b2-1c11-4822-a6e0-77990d0ebed6",
        "type": "message",
        "text": "<@UUKNSNJBT> besides what you mentioned i also like to look at first-touch attribution revenue.\n\nit really depends on your goals &amp; strategy. there's a TON of data in GA but it doesn't help to try to consume it all",
        "user": "U01EJ7VE9FD",
        "ts": "1611682624.002600",
        "team": "TJE58GTJL",
        "user_team": "TJE58GTJL",
        "source_team": "TJE58GTJL",
        "user_profile": {
            "avatar_hash": "df637672d758",
            "image_72": "https:\/\/avatars.slack-edge.com\/2020-11-11\/1487436721750_df637672d7582de2f180_72.jpg",
            "first_name": "Keri",
            "real_name": "Keri Lynn Engel",
            "display_name": "Keri Lynn Engel",
            "team": "TJE58GTJL",
            "name": "keri",
            "is_restricted": false,
            "is_ultra_restricted": false
        },
        "blocks": [
            {
                "type": "rich_text",
                "block_id": "OuSAo",
                "elements": [
                    {
                        "type": "rich_text_section",
                        "elements": [
                            {
                                "type": "user",
                                "user_id": "UUKNSNJBT"
                            },
                            {
                                "type": "text",
                                "text": " besides what you mentioned i also like to look at first-touch attribution revenue.\n\nit really depends on your goals & strategy. there's a TON of data in GA but it doesn't help to try to consume it all"
                            }
                        ]
                    }
                ]
            }
        ],
        "thread_ts": "1611677079.001900",
        "parent_user_id": "UUKNSNJBT"
    },
    {
        "client_msg_id": "9a743112-3246-4bea-a44a-d7b695f0f80c",
        "type": "message",
        "text": "<@U01EJ7VE9FD> agreed - there's so much! <@UJG9WTEKG> can't wait to watch! thanks, all :slightly_smiling_face:",
        "user": "UUKNSNJBT",
        "ts": "1611688100.003400",
        "team": "TJE58GTJL",
        "user_team": "TJE58GTJL",
        "source_team": "TJE58GTJL",
        "user_profile": {
            "avatar_hash": "05f04dfe94a6",
            "image_72": "https:\/\/avatars.slack-edge.com\/2021-06-23\/2203773449154_05f04dfe94a6f7b2a56f_72.jpg",
            "first_name": "Brittany",
            "real_name": "Brittany F",
            "display_name": "Brittany F",
            "team": "TJE58GTJL",
            "name": "bafleit",
            "is_restricted": false,
            "is_ultra_restricted": false
        },
        "blocks": [
            {
                "type": "rich_text",
                "block_id": "JAPK\/",
                "elements": [
                    {
                        "type": "rich_text_section",
                        "elements": [
                            {
                                "type": "user",
                                "user_id": "U01EJ7VE9FD"
                            },
                            {
                                "type": "text",
                                "text": " agreed - there's so much! "
                            },
                            {
                                "type": "user",
                                "user_id": "UJG9WTEKG"
                            },
                            {
                                "type": "text",
                                "text": " can't wait to watch! thanks, all "
                            },
                            {
                                "type": "emoji",
                                "name": "slightly_smiling_face"
                            }
                        ]
                    }
                ]
            }
        ],
        "thread_ts": "1611677079.001900",
        "parent_user_id": "UUKNSNJBT"
    }
]