[
    {
        "client_msg_id": "bf6e6f61-88f8-45f1-92b5-ce7b0f7584db",
        "type": "message",
        "text": "Hey folks :wave:\nI’m giving a talk next week on the topic of *product-led content* marketing*** and I wonder if you can give me any feedback on what you think\/what’s missing\/what’s unclear either here or in private?\n\n***_content marketing pieces where the product is woven into the narrative and actively used to illustrate a point, solve a problem, or help accomplish a goal. The idea is to answer the reader’s initial question and inform them at the same time that your product can help—without breaking the flow or inserting a hard pitch._ \n\n<https:\/\/contentfolks.substack.com\/p\/product-led-content|The structure of my talk is pretty much the same as this piece> → if you can spare a few minutes to check it out, I’ll be super grateful :fire:",
        "user": "U017WRJTKF1",
        "ts": "1613573663.012400",
        "team": "TJE58GTJL",
        "user_team": "TJE58GTJL",
        "source_team": "TJE58GTJL",
        "user_profile": {
            "avatar_hash": "5becbba1453b",
            "image_72": "https:\/\/avatars.slack-edge.com\/2021-08-19\/2398013799555_5becbba1453b45394896_72.jpg",
            "first_name": "fio",
            "real_name": "fio",
            "display_name": "fio",
            "team": "TJE58GTJL",
            "name": "fio",
            "is_restricted": false,
            "is_ultra_restricted": false
        },
        "edited": {
            "user": "U017WRJTKF1",
            "ts": "1613574248.000000"
        },
        "blocks": [
            {
                "type": "rich_text",
                "block_id": "VAV0v",
                "elements": [
                    {
                        "type": "rich_text_section",
                        "elements": [
                            {
                                "type": "text",
                                "text": "Hey folks "
                            },
                            {
                                "type": "emoji",
                                "name": "wave"
                            },
                            {
                                "type": "text",
                                "text": "\nI’m giving a talk next week on the topic of "
                            },
                            {
                                "type": "text",
                                "text": "product-led content",
                                "style": {
                                    "bold": true
                                }
                            },
                            {
                                "type": "text",
                                "text": " marketing*** and I wonder if you can give me any feedback on what you think\/what’s missing\/what’s unclear either here or in private?\n\n***"
                            },
                            {
                                "type": "text",
                                "text": "content marketing pieces where the product is woven into the narrative and actively used to illustrate a point, solve a problem, or help accomplish a goal. The idea is to answer the reader’s initial question and inform them at the same time that your product can help—without breaking the flow or inserting a hard pitch. ",
                                "style": {
                                    "italic": true
                                }
                            },
                            {
                                "type": "text",
                                "text": "\n\n"
                            },
                            {
                                "type": "link",
                                "url": "https:\/\/contentfolks.substack.com\/p\/product-led-content",
                                "text": "The structure of my talk is pretty much the same as this piece"
                            },
                            {
                                "type": "text",
                                "text": " → if you can spare a few minutes to check it out, I’ll be super grateful "
                            },
                            {
                                "type": "emoji",
                                "name": "fire"
                            }
                        ]
                    }
                ]
            }
        ],
        "thread_ts": "1613573663.012400",
        "reply_count": 8,
        "reply_users_count": 4,
        "latest_reply": "1613738462.015100",
        "reply_users": [
            "U01AHL8AGBB",
            "U017WRJTKF1",
            "UUJBMDVGB",
            "UUW4MCUSD"
        ],
        "replies": [
            {
                "user": "U01AHL8AGBB",
                "ts": "1613591866.012800"
            },
            {
                "user": "U017WRJTKF1",
                "ts": "1613595522.013000"
            },
            {
                "user": "UUJBMDVGB",
                "ts": "1613642007.013300"
            },
            {
                "user": "U01AHL8AGBB",
                "ts": "1613660773.014100"
            },
            {
                "user": "U01AHL8AGBB",
                "ts": "1613660952.014300"
            },
            {
                "user": "UUJBMDVGB",
                "ts": "1613671999.014600"
            },
            {
                "user": "U017WRJTKF1",
                "ts": "1613675141.014900"
            },
            {
                "user": "UUW4MCUSD",
                "ts": "1613738462.015100"
            }
        ],
        "is_locked": false,
        "subscribed": false
    },
    {
        "client_msg_id": "14d59a70-e3c3-4585-8e60-4f36be7ccdb5",
        "type": "message",
        "text": "I think the write-up is solid! Lots of good examples to illustrate, and the points on why it's hard to do make sense without overwhelming.\n\nI don't think what I'm about to suggest is _missing_ per se, but rather a potential opportunity depending on the audience(s)—the idea of storytelling doesn't explicitly come up. The word story is there a few times, and 'narrative' appears too, but there's no explicit connection to the science behind how people tend to pay more attention to\/remember\/have emotional reactions to stories.\n\nPart of the mistake content producers make when their rating is 0 or 1 is overriding the principles of good storytelling for the urge to sell sell sell—and since people are sensitive to stories, they can certainly tell when a commercial has interrupted it.\n\nThis is another angle for \"weaving into the narrative\" and a possible rabbit hole to explore if your audience values the whole storytelling idea. I've found it's being taken much more seriously these days and while certainly flirting with buzzwordiness, nonetheless has a lot of psychologically verified weight behind it :slightly_smiling_face:",
        "user": "U01AHL8AGBB",
        "ts": "1613591866.012800",
        "team": "TJE58GTJL",
        "user_team": "TJE58GTJL",
        "source_team": "TJE58GTJL",
        "user_profile": {
            "avatar_hash": "09eb34255d46",
            "image_72": "https:\/\/avatars.slack-edge.com\/2020-09-07\/1347887170866_09eb34255d4678a00ddc_72.png",
            "first_name": "Jordy",
            "real_name": "Jordy Fujiwara",
            "display_name": "Jordy",
            "team": "TJE58GTJL",
            "name": "jordy.fujiwara",
            "is_restricted": false,
            "is_ultra_restricted": false
        },
        "blocks": [
            {
                "type": "rich_text",
                "block_id": "jug",
                "elements": [
                    {
                        "type": "rich_text_section",
                        "elements": [
                            {
                                "type": "text",
                                "text": "I think the write-up is solid! Lots of good examples to illustrate, and the points on why it's hard to do make sense without overwhelming.\n\nI don't think what I'm about to suggest is "
                            },
                            {
                                "type": "text",
                                "text": "missing",
                                "style": {
                                    "italic": true
                                }
                            },
                            {
                                "type": "text",
                                "text": " per se, but rather a potential opportunity depending on the audience(s)—the idea of storytelling doesn't explicitly come up. The word story is there a few times, and 'narrative' appears too, but there's no explicit connection to the science behind how people tend to pay more attention to\/remember\/have emotional reactions to stories.\n\nPart of the mistake content producers make when their rating is 0 or 1 is overriding the principles of good storytelling for the urge to sell sell sell—and since people are sensitive to stories, they can certainly tell when a commercial has interrupted it.\n\nThis is another angle for \"weaving into the narrative\" and a possible rabbit hole to explore if your audience values the whole storytelling idea. I've found it's being taken much more seriously these days and while certainly flirting with buzzwordiness, nonetheless has a lot of psychologically verified weight behind it "
                            },
                            {
                                "type": "emoji",
                                "name": "slightly_smiling_face"
                            }
                        ]
                    }
                ]
            }
        ],
        "thread_ts": "1613573663.012400",
        "parent_user_id": "U017WRJTKF1"
    },
    {
        "client_msg_id": "5eccb867-8e5b-4753-acb0-2dd19af6f3e9",
        "type": "message",
        "text": "Thank you <@U01AHL8AGBB> for taking the time to do this. It’s funny—I stayed away from explicitly mentioning ‘storytelling’ because I have the feeling people hear the S-word it and imagine… fluffy stuff :smile: I need to think about how to introduce it somehow, because your image of the commercial interrupting the story is really powerful. I’ll put my thinking hat back on tomorrow!",
        "user": "U017WRJTKF1",
        "ts": "1613595522.013000",
        "team": "TJE58GTJL",
        "user_team": "TJE58GTJL",
        "source_team": "TJE58GTJL",
        "user_profile": {
            "avatar_hash": "5becbba1453b",
            "image_72": "https:\/\/avatars.slack-edge.com\/2021-08-19\/2398013799555_5becbba1453b45394896_72.jpg",
            "first_name": "fio",
            "real_name": "fio",
            "display_name": "fio",
            "team": "TJE58GTJL",
            "name": "fio",
            "is_restricted": false,
            "is_ultra_restricted": false
        },
        "edited": {
            "user": "U017WRJTKF1",
            "ts": "1613595540.000000"
        },
        "blocks": [
            {
                "type": "rich_text",
                "block_id": "XWY",
                "elements": [
                    {
                        "type": "rich_text_section",
                        "elements": [
                            {
                                "type": "text",
                                "text": "Thank you "
                            },
                            {
                                "type": "user",
                                "user_id": "U01AHL8AGBB"
                            },
                            {
                                "type": "text",
                                "text": " for taking the time to do this. It’s funny—I stayed away from explicitly mentioning ‘storytelling’ because I have the feeling people hear the S-word it and imagine… fluffy stuff "
                            },
                            {
                                "type": "emoji",
                                "name": "smile"
                            },
                            {
                                "type": "text",
                                "text": " I need to think about how to introduce it somehow, because your image of the commercial interrupting the story is really powerful. I’ll put my thinking hat back on tomorrow!"
                            }
                        ]
                    }
                ]
            }
        ],
        "thread_ts": "1613573663.012400",
        "parent_user_id": "U017WRJTKF1"
    }
]