[
    {
        "client_msg_id": "3c3f0521-e9ca-4500-bec2-bd63809200a7",
        "type": "message",
        "text": ":wave: I’m working through Q2\/Q3 plans and realize we’re going to have several projects that require specialization \/ freelance support. Where are you having success finding writing talent these days? Also, for niche B2B how many projects do you find writers need to get a feel for brand voice, product category, audience, etc? Any feedback is welcome.",
        "user": "U01EB7M4REJ",
        "ts": "1614720499.006800",
        "team": "TJE58GTJL",
        "user_team": "TJE58GTJL",
        "source_team": "TJE58GTJL",
        "user_profile": {
            "avatar_hash": "639d5c928d95",
            "image_72": "https:\/\/avatars.slack-edge.com\/2020-11-13\/1493705625270_639d5c928d95d809a048_72.jpg",
            "first_name": "John",
            "real_name": "John Yarbrough",
            "display_name": "John Yarbrough",
            "team": "TJE58GTJL",
            "name": "yarbrough.johnrichard",
            "is_restricted": false,
            "is_ultra_restricted": false
        },
        "blocks": [
            {
                "type": "rich_text",
                "block_id": "0pIG",
                "elements": [
                    {
                        "type": "rich_text_section",
                        "elements": [
                            {
                                "type": "emoji",
                                "name": "wave"
                            },
                            {
                                "type": "text",
                                "text": " I’m working through Q2\/Q3 plans and realize we’re going to have several projects that require specialization \/ freelance support. Where are you having success finding writing talent these days? Also, for niche B2B how many projects do you find writers need to get a feel for brand voice, product category, audience, etc? Any feedback is welcome."
                            }
                        ]
                    }
                ]
            }
        ],
        "thread_ts": "1614720499.006800",
        "reply_count": 15,
        "reply_users_count": 5,
        "latest_reply": "1615217734.014800",
        "reply_users": [
            "U01EJ7VE9FD",
            "U01EB7M4REJ",
            "U017XD7H4P7",
            "U01N4EQQTL6",
            "U01MKHM96BZ"
        ],
        "replies": [
            {
                "user": "U01EJ7VE9FD",
                "ts": "1614771995.008100"
            },
            {
                "user": "U01EB7M4REJ",
                "ts": "1614782566.008300"
            },
            {
                "user": "U017XD7H4P7",
                "ts": "1614799854.009700"
            },
            {
                "user": "U017XD7H4P7",
                "ts": "1614799981.009900"
            },
            {
                "user": "U017XD7H4P7",
                "ts": "1614800010.010100"
            },
            {
                "user": "U017XD7H4P7",
                "ts": "1614800065.010300"
            },
            {
                "user": "U017XD7H4P7",
                "ts": "1614800091.010500"
            },
            {
                "user": "U017XD7H4P7",
                "ts": "1614800096.010700"
            },
            {
                "user": "U017XD7H4P7",
                "ts": "1614800245.010900"
            },
            {
                "user": "U01N4EQQTL6",
                "ts": "1614805544.011400"
            },
            {
                "user": "U01N4EQQTL6",
                "ts": "1614805581.011600"
            },
            {
                "user": "U01EJ7VE9FD",
                "ts": "1614857188.012200"
            },
            {
                "user": "U017XD7H4P7",
                "ts": "1614886091.013000"
            },
            {
                "user": "U01MKHM96BZ",
                "ts": "1615024531.014300"
            },
            {
                "user": "U01EB7M4REJ",
                "ts": "1615217734.014800"
            }
        ],
        "is_locked": false,
        "subscribed": false
    },
    {
        "client_msg_id": "67d0f634-d2d6-4690-ad75-1c01625d4224",
        "type": "message",
        "text": "Hi, all. <@UJG9WTEKG> and I are hosting a meet-and-greet among B2B SaaS in-house marketers. This meeting via Zoom on March 12 at 1:00 pm EST will be a chance for us to connect. And if there's interest, we can do recurring meetups. If you'd like to join this kick-off networking call, you can add the event to your calendar here: <https:\/\/evt.to\/oaaduoow|https:\/\/evt.to\/oaaduoow>",
        "user": "UNGMG4005",
        "ts": "1614725935.007200",
        "team": "TJE58GTJL",
        "user_team": "TJE58GTJL",
        "source_team": "TJE58GTJL",
        "user_profile": {
            "avatar_hash": "314714115aef",
            "image_72": "https:\/\/avatars.slack-edge.com\/2019-12-20\/881855828276_314714115aefdf03320c_72.jpg",
            "first_name": "Alfredo",
            "real_name": "Alfredo Deambrosi",
            "display_name": "Alfredo Deambrosi",
            "team": "TJE58GTJL",
            "name": "alfredo.deambrosi",
            "is_restricted": false,
            "is_ultra_restricted": false
        },
        "edited": {
            "user": "UNGMG4005",
            "ts": "1614725970.000000"
        },
        "attachments": [
            {
                "title": "B2B SaaS in-house marketers - Superpath",
                "title_link": "https:\/\/evt.to\/oaaduoow",
                "text": "Networking among B2B SaaS in-house marketers who are in the Superpath Slack",
                "fallback": "B2B SaaS in-house marketers - Superpath",
                "image_url": "https:\/\/addevent.com\/gfx\/logofs.png",
                "from_url": "https:\/\/evt.to\/oaaduoow",
                "image_width": 476,
                "image_height": 250,
                "image_bytes": 5124,
                "service_icon": "https:\/\/www.addevent.com\/favicon.ico",
                "service_name": "addevent.com",
                "id": 1,
                "original_url": "https:\/\/evt.to\/oaaduoow"
            }
        ],
        "blocks": [
            {
                "type": "rich_text",
                "block_id": "kif",
                "elements": [
                    {
                        "type": "rich_text_section",
                        "elements": [
                            {
                                "type": "text",
                                "text": "Hi, all. "
                            },
                            {
                                "type": "user",
                                "user_id": "UJG9WTEKG"
                            },
                            {
                                "type": "text",
                                "text": " and I are hosting a meet-and-greet among B2B SaaS in-house marketers. This meeting via Zoom on March 12 at 1:00 pm EST will be a chance for us to connect. And if there's interest, we can do recurring meetups. If you'd like to join this kick-off networking call, you can add the event to your calendar here: "
                            },
                            {
                                "type": "link",
                                "url": "https:\/\/evt.to\/oaaduoow",
                                "text": "https:\/\/evt.to\/oaaduoow"
                            }
                        ]
                    }
                ]
            }
        ],
        "thread_ts": "1614725935.007200",
        "reply_count": 10,
        "reply_users_count": 5,
        "latest_reply": "1615577654.027400",
        "reply_users": [
            "UJG9WTEKG",
            "U016HJRC77E",
            "UNGMG4005",
            "U01CYNC1ZAN",
            "U012GHRAHDK"
        ],
        "replies": [
            {
                "user": "UJG9WTEKG",
                "ts": "1614790636.008800"
            },
            {
                "user": "U016HJRC77E",
                "ts": "1614798850.009500"
            },
            {
                "user": "UNGMG4005",
                "ts": "1614974636.013400"
            },
            {
                "user": "UJG9WTEKG",
                "ts": "1614979088.013700"
            },
            {
                "user": "UNGMG4005",
                "ts": "1615392186.020400"
            },
            {
                "user": "U01CYNC1ZAN",
                "ts": "1615434547.021300"
            },
            {
                "user": "UNGMG4005",
                "ts": "1615572111.025700"
            },
            {
                "user": "UNGMG4005",
                "ts": "1615573985.025900"
            },
            {
                "user": "U016HJRC77E",
                "ts": "1615574483.026200"
            },
            {
                "user": "U012GHRAHDK",
                "ts": "1615577654.027400"
            }
        ],
        "is_locked": false,
        "subscribed": true,
        "last_read": "1615577654.027400",
        "reactions": [
            {
                "name": "+1",
                "users": [
                    "UJE5LQ2JC",
                    "URB31QKM4",
                    "U016HJRC77E",
                    "UJG9WTEKG",
                    "UJ2MPBP7V",
                    "U01DBK8NUCR",
                    "U0188DZQPB8",
                    "U01CYNC1ZAN",
                    "UV5V2P0VB"
                ],
                "count": 9
            }
        ]
    }
]