[
    {
        "client_msg_id": "48d4666f-3da7-463b-902b-3c8bedd7ef0b",
        "type": "message",
        "text": "<@UUKNSNJBT> in addition to the things mentioned above, I think something that’s really overlooked is whether sales is using your content. Do they know about it? Are they using it in prospecting conversations? There are _so_ many ways that content can influence revenue and straight-up conversions is just part of the story.\n\nHonestly, I’d take credit for some paid performance as well since a lot of paid campaigns don’t function without content :slightly_smiling_face:",
        "user": "U013WCZ5GSV",
        "ts": "1611769686.004100",
        "team": "TJE58GTJL",
        "user_team": "TJE58GTJL",
        "source_team": "TJE58GTJL",
        "user_profile": {
            "avatar_hash": "b7ccd0d56b0a",
            "image_72": "https:\/\/avatars.slack-edge.com\/2020-09-01\/1361149389360_b7ccd0d56b0aa7e01022_72.png",
            "first_name": "Justin",
            "real_name": "Justin Dunham",
            "display_name": "Justin Dunham",
            "team": "TJE58GTJL",
            "name": "justin",
            "is_restricted": false,
            "is_ultra_restricted": false
        },
        "blocks": [
            {
                "type": "rich_text",
                "block_id": "p1m2D",
                "elements": [
                    {
                        "type": "rich_text_section",
                        "elements": [
                            {
                                "type": "user",
                                "user_id": "UUKNSNJBT"
                            },
                            {
                                "type": "text",
                                "text": " in addition to the things mentioned above, I think something that’s really overlooked is whether sales is using your content. Do they know about it? Are they using it in prospecting conversations? There are "
                            },
                            {
                                "type": "text",
                                "text": "so",
                                "style": {
                                    "italic": true
                                }
                            },
                            {
                                "type": "text",
                                "text": " many ways that content can influence revenue and straight-up conversions is just part of the story.\n\nHonestly, I’d take credit for some paid performance as well since a lot of paid campaigns don’t function without content "
                            },
                            {
                                "type": "emoji",
                                "name": "slightly_smiling_face"
                            }
                        ]
                    }
                ]
            }
        ],
        "thread_ts": "1611677079.001900",
        "parent_user_id": "UUKNSNJBT",
        "reactions": [
            {
                "name": "fire",
                "users": [
                    "UUKNSNJBT",
                    "UL1D307FB",
                    "U0108B9JJ3C",
                    "U01NPSL1DLH"
                ],
                "count": 4
            }
        ]
    },
    {
        "client_msg_id": "c781dda5-27cb-4528-b7e6-f6e4a7760d1c",
        "type": "message",
        "text": "Depending on the size\/scope of your org, I think you could look at contributions to PR\/corporate comms as well",
        "user": "U01HY3C4Q6Q",
        "ts": "1611781670.004400",
        "team": "TJE58GTJL",
        "user_team": "TJE58GTJL",
        "source_team": "TJE58GTJL",
        "user_profile": {
            "avatar_hash": "cdb3296f5985",
            "image_72": "https:\/\/avatars.slack-edge.com\/2020-12-29\/1610119824516_cdb3296f5985b32615b4_72.jpg",
            "first_name": "Stephen",
            "real_name": "Stephen Spiewak",
            "display_name": "Stephen Spiewak",
            "team": "TJE58GTJL",
            "name": "stephen.spiewak",
            "is_restricted": false,
            "is_ultra_restricted": false
        },
        "blocks": [
            {
                "type": "rich_text",
                "block_id": "b8FLS",
                "elements": [
                    {
                        "type": "rich_text_section",
                        "elements": [
                            {
                                "type": "text",
                                "text": "Depending on the size\/scope of your org, I think you could look at contributions to PR\/corporate comms as well"
                            }
                        ]
                    }
                ]
            }
        ],
        "thread_ts": "1611677079.001900",
        "parent_user_id": "UUKNSNJBT"
    }
]