[
    {
        "client_msg_id": "a1c68b7c-1571-4653-b050-477184899f24",
        "type": "message",
        "text": "<@U017WRJTKF1> still need more ideas?",
        "user": "UUW4MCUSD",
        "ts": "1613738462.015100",
        "team": "TJE58GTJL",
        "user_team": "TJE58GTJL",
        "source_team": "TJE58GTJL",
        "user_profile": {
            "avatar_hash": "g05ebd91e8c1",
            "image_72": "https:\/\/secure.gravatar.com\/avatar\/05ebd91e8c19a7050cc6cd0b9483f18b.jpg?s=72&d=https%3A%2F%2Fa.slack-edge.com%2Fdf10d%2Fimg%2Favatars%2Fava_0010-72.png",
            "first_name": "",
            "real_name": "Aazar",
            "display_name": "Aazar",
            "team": "TJE58GTJL",
            "name": "aazar.shad",
            "is_restricted": false,
            "is_ultra_restricted": false
        },
        "blocks": [
            {
                "type": "rich_text",
                "block_id": "Q8UY0",
                "elements": [
                    {
                        "type": "rich_text_section",
                        "elements": [
                            {
                                "type": "user",
                                "user_id": "U017WRJTKF1"
                            },
                            {
                                "type": "text",
                                "text": " still need more ideas?"
                            }
                        ]
                    }
                ]
            }
        ],
        "thread_ts": "1613573663.012400",
        "parent_user_id": "U017WRJTKF1",
        "reactions": [
            {
                "name": "white_check_mark",
                "users": [
                    "U017WRJTKF1"
                ],
                "count": 1
            }
        ]
    }
]