[
    {
        "client_msg_id": "0dae9a50-9186-4d6f-8f8f-d30d5ac859d3",
        "type": "message",
        "text": "When I respond to someone looking for a writer, regardless of whether they've reached out to me or if I've approached them, I tend to ask if they already have an in-house SEO team\/are already working with an SEO agency to figure out which topics they should be creating content around and which keywords they should target.\n\nThis question also helps me estimate where they are at when it comes to content strategy, which plays a role in whether I'd want to work with them or not.",
        "user": "U02J7DM81AQ",
        "ts": "1639144804.433100",
        "team": "TJE58GTJL",
        "user_team": "TJE58GTJL",
        "source_team": "TJE58GTJL",
        "user_profile": {
            "avatar_hash": "gb47e412d680",
            "image_72": "https:\/\/secure.gravatar.com\/avatar\/b47e412d680490c17c4ca22271a9e55b.jpg?s=72&d=https%3A%2F%2Fa.slack-edge.com%2Fdf10d%2Fimg%2Favatars%2Fava_0016-72.png",
            "first_name": "Sofie",
            "real_name": "Sofie Couwenbergh",
            "display_name": "Sofie Couwenbergh",
            "team": "TJE58GTJL",
            "name": "sofie",
            "is_restricted": false,
            "is_ultra_restricted": false
        },
        "blocks": [
            {
                "type": "rich_text",
                "block_id": "2PU",
                "elements": [
                    {
                        "type": "rich_text_section",
                        "elements": [
                            {
                                "type": "text",
                                "text": "When I respond to someone looking for a writer, regardless of whether they've reached out to me or if I've approached them, I tend to ask if they already have an in-house SEO team\/are already working with an SEO agency to figure out which topics they should be creating content around and which keywords they should target.\n\nThis question also helps me estimate where they are at when it comes to content strategy, which plays a role in whether I'd want to work with them or not."
                            }
                        ]
                    }
                ]
            }
        ],
        "thread_ts": "1639086157.430900",
        "parent_user_id": "U01N2ARBLA1"
    },
    {
        "client_msg_id": "0f0e132b-bfe3-4559-bef6-e67b73558dce",
        "type": "message",
        "text": "Freelancers! How much working time would you say you spend on unbilled work (admin, taxes, emails, pitching, etc)? I’m looking back through my tracked time this year and I spent 33% of my total time on this stuff. That feels high! *Any tips to streamline your unbilled time appreciated* :slightly_smiling_face: ",
        "user": "U02Q67WK4LS",
        "ts": "1639174209.436700",
        "team": "TJE58GTJL",
        "user_team": "TJE58GTJL",
        "source_team": "TJE58GTJL",
        "user_profile": {
            "avatar_hash": "b8dfb16f41fe",
            "image_72": "https:\/\/avatars.slack-edge.com\/2021-12-10\/2850618967824_b8dfb16f41fefef6a517_72.jpg",
            "first_name": "Adrienne",
            "real_name": "Adrienne Smith",
            "display_name": "Adrienne Smith",
            "team": "TJE58GTJL",
            "name": "adrienneksmith9",
            "is_restricted": false,
            "is_ultra_restricted": false
        },
        "blocks": [
            {
                "type": "rich_text",
                "block_id": "2vC9",
                "elements": [
                    {
                        "type": "rich_text_section",
                        "elements": [
                            {
                                "type": "text",
                                "text": "Freelancers! How much working time would you say you spend on unbilled work (admin, taxes, emails, pitching, etc)? I’m looking back through my tracked time this year and I spent 33% of my total time on this stuff. That feels high! "
                            },
                            {
                                "type": "text",
                                "text": "Any tips to streamline your unbilled time appreciated ",
                                "style": {
                                    "bold": true
                                }
                            },
                            {
                                "type": "emoji",
                                "name": "slightly_smiling_face",
                                "style": {
                                    "bold": true
                                }
                            },
                            {
                                "type": "text",
                                "text": " ",
                                "style": {
                                    "bold": true
                                }
                            }
                        ]
                    }
                ]
            }
        ],
        "thread_ts": "1639174209.436700",
        "reply_count": 15,
        "reply_users_count": 7,
        "latest_reply": "1640337789.047600",
        "reply_users": [
            "UJJFDTN8G",
            "U02M83NQ10U",
            "U02AR2XSN1M",
            "U01P833NGUT",
            "U02Q67WK4LS",
            "U02CVNB3X1T",
            "U02Q3JRH2P9"
        ],
        "replies": [
            {
                "user": "UJJFDTN8G",
                "ts": "1639219740.441400"
            },
            {
                "user": "U02M83NQ10U",
                "ts": "1639244793.441700"
            },
            {
                "user": "UJJFDTN8G",
                "ts": "1639247613.442600"
            },
            {
                "user": "U02AR2XSN1M",
                "ts": "1639344617.442900"
            },
            {
                "user": "U01P833NGUT",
                "ts": "1639407805.443400"
            },
            {
                "user": "U02Q67WK4LS",
                "ts": "1639415911.454800"
            },
            {
                "user": "U02CVNB3X1T",
                "ts": "1639419034.456100"
            },
            {
                "user": "U02Q3JRH2P9",
                "ts": "1639498091.475200"
            },
            {
                "user": "U02Q3JRH2P9",
                "ts": "1639498128.475400"
            },
            {
                "user": "U02Q67WK4LS",
                "ts": "1639507319.477600"
            },
            {
                "user": "U02Q3JRH2P9",
                "ts": "1639520914.477900"
            },
            {
                "user": "U02AR2XSN1M",
                "ts": "1639530835.480000"
            },
            {
                "user": "U02Q3JRH2P9",
                "ts": "1640273898.043300"
            },
            {
                "user": "U02AR2XSN1M",
                "ts": "1640307383.043500"
            },
            {
                "user": "U02Q3JRH2P9",
                "ts": "1640337789.047600"
            }
        ],
        "is_locked": false,
        "subscribed": false,
        "reactions": [
            {
                "name": "eyes",
                "users": [
                    "U0231C2LYNM",
                    "U02J7DM81AQ"
                ],
                "count": 2
            }
        ]
    }
]