[
    {
        "client_msg_id": "517F3C3F-E8A8-4BCC-A448-613B0FA13D64",
        "type": "message",
        "text": "<@UUKNLHZ4H> can do repurposing with\n<https:\/\/trycastaway.com\/|https:\/\/trycastaway.com\/>\n",
        "user": "UUJBMNRNF",
        "ts": "1636123607.090400",
        "team": "TJE58GTJL",
        "user_team": "TJE58GTJL",
        "source_team": "TJE58GTJL",
        "user_profile": {
            "avatar_hash": "g60cda1030c0",
            "image_72": "https:\/\/secure.gravatar.com\/avatar\/60cda1030c03869961d38a096c73158e.jpg?s=72&d=https%3A%2F%2Fa.slack-edge.com%2Fdf10d%2Fimg%2Favatars%2Fava_0024-72.png",
            "first_name": "Hannah",
            "real_name": "Hannah Wiginton",
            "display_name": "Hannah Wiginton",
            "team": "TJE58GTJL",
            "name": "hwiginton00",
            "is_restricted": false,
            "is_ultra_restricted": false
        },
        "attachments": [
            {
                "from_url": "https:\/\/trycastaway.com\/",
                "service_name": "Castaway",
                "title": "Castaway: A done-for-you podcast promotion and repurposing service.",
                "title_link": "https:\/\/trycastaway.com\/",
                "text": "Do you publish a B2B podcast? We help you expand your reach and attract more leads\/customers from every episode you publish.",
                "fields": [
                    {
                        "title": "Est. reading time",
                        "value": "6 minutes",
                        "short": true
                    }
                ],
                "image_url": "https:\/\/trycastaway.com\/wp-content\/uploads\/2021\/04\/facebook-meta.jpg",
                "image_width": 476,
                "image_height": 250,
                "image_bytes": 207673,
                "fallback": "Castaway: Castaway: A done-for-you podcast promotion and repurposing service.",
                "id": 1,
                "original_url": "https:\/\/trycastaway.com\/"
            }
        ],
        "blocks": [
            {
                "type": "rich_text",
                "block_id": "kyT6",
                "elements": [
                    {
                        "type": "rich_text_section",
                        "elements": [
                            {
                                "type": "user",
                                "user_id": "UUKNLHZ4H"
                            },
                            {
                                "type": "text",
                                "text": " can do repurposing with\n"
                            },
                            {
                                "type": "link",
                                "url": "https:\/\/trycastaway.com\/",
                                "text": "https:\/\/trycastaway.com\/"
                            },
                            {
                                "type": "text",
                                "text": "\n"
                            }
                        ]
                    }
                ]
            }
        ],
        "thread_ts": "1636041312.081800",
        "parent_user_id": "U02KFSPJQAF"
    },
    {
        "type": "message",
        "subtype": "channel_join",
        "ts": "1636123615.090800",
        "user": "UUKNLHZ4H",
        "text": "<@UUKNLHZ4H> has joined the channel",
        "inviter": "UUJBMNRNF",
        "reactions": [
            {
                "name": "wave",
                "users": [
                    "UNA88V285",
                    "U02HWBZS9QC"
                ],
                "count": 2
            }
        ]
    },
    {
        "client_msg_id": "c93bf3dd-cc36-4718-a6ed-791ddd533300",
        "type": "message",
        "text": "Yep! New website is under construction, but repurposing podcasts\/webinars\/conference talks into social media marketing assets is all we do. :slightly_smiling_face:",
        "user": "UUKNLHZ4H",
        "ts": "1636124694.091500",
        "team": "TJE58GTJL",
        "user_team": "TJE58GTJL",
        "source_team": "TJE58GTJL",
        "user_profile": {
            "avatar_hash": "g89372393756",
            "image_72": "https:\/\/secure.gravatar.com\/avatar\/893723937564334db84de4fcf5171d86.jpg?s=72&d=https%3A%2F%2Fa.slack-edge.com%2Fdf10d%2Fimg%2Favatars%2Fava_0008-72.png",
            "first_name": "",
            "real_name": "James Sowers",
            "display_name": "James Sowers",
            "team": "TJE58GTJL",
            "name": "jamesrsowers",
            "is_restricted": false,
            "is_ultra_restricted": false
        },
        "blocks": [
            {
                "type": "rich_text",
                "block_id": "zDPa",
                "elements": [
                    {
                        "type": "rich_text_section",
                        "elements": [
                            {
                                "type": "text",
                                "text": "Yep! New website is under construction, but repurposing podcasts\/webinars\/conference talks into social media marketing assets is all we do. "
                            },
                            {
                                "type": "emoji",
                                "name": "slightly_smiling_face"
                            }
                        ]
                    }
                ]
            }
        ],
        "thread_ts": "1636041312.081800",
        "parent_user_id": "U02KFSPJQAF",
        "reactions": [
            {
                "name": "fire",
                "users": [
                    "UUJBMNRNF"
                ],
                "count": 1
            }
        ]
    },
    {
        "client_msg_id": "10e88e35-0233-4a1b-b08e-10f975e318da",
        "type": "message",
        "text": "Thanks for the tag, <@UUJBMNRNF>!",
        "user": "UUKNLHZ4H",
        "ts": "1636124698.091700",
        "team": "TJE58GTJL",
        "user_team": "TJE58GTJL",
        "source_team": "TJE58GTJL",
        "user_profile": {
            "avatar_hash": "g89372393756",
            "image_72": "https:\/\/secure.gravatar.com\/avatar\/893723937564334db84de4fcf5171d86.jpg?s=72&d=https%3A%2F%2Fa.slack-edge.com%2Fdf10d%2Fimg%2Favatars%2Fava_0008-72.png",
            "first_name": "",
            "real_name": "James Sowers",
            "display_name": "James Sowers",
            "team": "TJE58GTJL",
            "name": "jamesrsowers",
            "is_restricted": false,
            "is_ultra_restricted": false
        },
        "blocks": [
            {
                "type": "rich_text",
                "block_id": "LYY",
                "elements": [
                    {
                        "type": "rich_text_section",
                        "elements": [
                            {
                                "type": "text",
                                "text": "Thanks for the tag, "
                            },
                            {
                                "type": "user",
                                "user_id": "UUJBMNRNF"
                            },
                            {
                                "type": "text",
                                "text": "!"
                            }
                        ]
                    }
                ]
            }
        ],
        "thread_ts": "1636041312.081800",
        "parent_user_id": "U02KFSPJQAF",
        "reactions": [
            {
                "name": "raised_hands",
                "users": [
                    "UUJBMNRNF"
                ],
                "count": 1
            }
        ]
    }
]