[
    {
        "client_msg_id": "237d1d10-55a9-45f7-ba10-668e6bd64f09",
        "type": "message",
        "text": "+1 for Wise :slightly_smiling_face: I use it to pay people in multiple countries and get paid from multiple countries and it works great",
        "user": "U02DCPWRPL1",
        "ts": "1631876092.215500",
        "team": "TJE58GTJL",
        "user_team": "TJE58GTJL",
        "source_team": "TJE58GTJL",
        "user_profile": {
            "avatar_hash": "2913440fcc92",
            "image_72": "https:\/\/avatars.slack-edge.com\/2021-09-01\/2455673818081_2913440fcc9224be0e7f_72.jpg",
            "first_name": "Gareth",
            "real_name": "Gareth Dwyer",
            "display_name": "Gareth Dwyer",
            "team": "TJE58GTJL",
            "name": "gareth951",
            "is_restricted": false,
            "is_ultra_restricted": false
        },
        "blocks": [
            {
                "type": "rich_text",
                "block_id": "AlZn",
                "elements": [
                    {
                        "type": "rich_text_section",
                        "elements": [
                            {
                                "type": "text",
                                "text": "+1 for Wise "
                            },
                            {
                                "type": "emoji",
                                "name": "slightly_smiling_face"
                            },
                            {
                                "type": "text",
                                "text": " I use it to pay people in multiple countries and get paid from multiple countries and it works great"
                            }
                        ]
                    }
                ]
            }
        ],
        "thread_ts": "1631745432.200500",
        "parent_user_id": "U02AR2XSN1M"
    }
]