[
    {
        "client_msg_id": "cfb02ade-9aca-408c-9724-361ba598e94a",
        "type": "message",
        "text": "Heya Allie, I work mostly in the data science space.",
        "user": "U02CMV0AHAS",
        "ts": "1634910655.002500",
        "team": "TJE58GTJL",
        "user_team": "TJE58GTJL",
        "source_team": "TJE58GTJL",
        "user_profile": {
            "avatar_hash": "7364c0b1e6ee",
            "image_72": "https:\/\/avatars.slack-edge.com\/2021-09-20\/2533849231440_7364c0b1e6eef3b87c38_72.jpg",
            "first_name": "Charles",
            "real_name": "Charles Comenos",
            "display_name": "Charles Comenos",
            "team": "TJE58GTJL",
            "name": "charles197",
            "is_restricted": false,
            "is_ultra_restricted": false
        },
        "blocks": [
            {
                "type": "rich_text",
                "block_id": "moT",
                "elements": [
                    {
                        "type": "rich_text_section",
                        "elements": [
                            {
                                "type": "text",
                                "text": "Heya Allie, I work mostly in the data science space."
                            }
                        ]
                    }
                ]
            }
        ],
        "thread_ts": "1634756304.424500",
        "parent_user_id": "U02625MJG3W"
    },
    {
        "client_msg_id": "8cde7113-c97f-40ef-9594-c53b5073fdc2",
        "type": "message",
        "text": "is there any agency looking to hire intern or a digital marketing coordinator? Please let me know, I am open to work.:slightly_smiling_face:\n\nThank You\n\nNoman",
        "user": "U02CMUWPRFY",
        "ts": "1634935638.004600",
        "team": "TJE58GTJL",
        "user_team": "TJE58GTJL",
        "source_team": "TJE58GTJL",
        "user_profile": {
            "avatar_hash": "70f15ae1d8ed",
            "image_72": "https:\/\/avatars.slack-edge.com\/2021-08-31\/2460988288496_70f15ae1d8ed762fad57_72.jpg",
            "first_name": "Noman",
            "real_name": "Noman Suleman",
            "display_name": "Noman Suleman",
            "team": "TJE58GTJL",
            "name": "noman.sulieman",
            "is_restricted": false,
            "is_ultra_restricted": false
        },
        "blocks": [
            {
                "type": "rich_text",
                "block_id": "8jD",
                "elements": [
                    {
                        "type": "rich_text_section",
                        "elements": [
                            {
                                "type": "text",
                                "text": "is there any agency looking to hire intern or a digital marketing coordinator? Please let me know, I am open to work."
                            },
                            {
                                "type": "emoji",
                                "name": "slightly_smiling_face"
                            },
                            {
                                "type": "text",
                                "text": "\n\nThank You\n\nNoman"
                            }
                        ]
                    }
                ]
            }
        ]
    }
]