[
    {
        "client_msg_id": "dc81dc87-9e8e-4e27-b444-2c252871a50c",
        "type": "message",
        "text": "thanks all for responding and the private pm's! I've been busy traveling lately and will get back to you all once I'm back next week!",
        "user": "U02HQGXGN31",
        "ts": "1638349339.315800",
        "team": "TJE58GTJL",
        "user_team": "TJE58GTJL",
        "source_team": "TJE58GTJL",
        "user_profile": {
            "avatar_hash": "c6ab501ff59b",
            "image_72": "https:\/\/avatars.slack-edge.com\/2021-10-21\/2636726252708_c6ab501ff59b79149079_72.png",
            "first_name": "Raquel",
            "real_name": "Raquel Soares",
            "display_name": "Raquel Soares",
            "team": "TJE58GTJL",
            "name": "raquel.soares",
            "is_restricted": false,
            "is_ultra_restricted": false
        },
        "blocks": [
            {
                "type": "rich_text",
                "block_id": "lil\/M",
                "elements": [
                    {
                        "type": "rich_text_section",
                        "elements": [
                            {
                                "type": "text",
                                "text": "thanks all for responding and the private pm's! I've been busy traveling lately and will get back to you all once I'm back next week!"
                            }
                        ]
                    }
                ]
            }
        ],
        "thread_ts": "1637853774.268700",
        "parent_user_id": "U02HQGXGN31",
        "reactions": [
            {
                "name": "white_check_mark",
                "users": [
                    "U020HS8D4TX"
                ],
                "count": 1
            }
        ]
    },
    {
        "client_msg_id": "166dbb38-1195-4aa2-ac9c-a394b23ce6df",
        "type": "message",
        "text": "I definitely wouldn't mind: <https:\/\/baseline.is>",
        "user": "U02NDCA1TBL",
        "ts": "1638361989.316200",
        "team": "TJE58GTJL",
        "user_team": "TJE58GTJL",
        "source_team": "TJE58GTJL",
        "user_profile": {
            "avatar_hash": "g828a4efede0",
            "image_72": "https:\/\/secure.gravatar.com\/avatar\/828a4efede00a77224276463c6da8ab5.jpg?s=72&d=https%3A%2F%2Fa.slack-edge.com%2Fdf10d%2Fimg%2Favatars%2Fava_0023-72.png",
            "first_name": "gilli",
            "real_name": "gilli",
            "display_name": "gilli",
            "team": "TJE58GTJL",
            "name": "gilli",
            "is_restricted": false,
            "is_ultra_restricted": false
        },
        "attachments": [
            {
                "from_url": "https:\/\/baseline.is\/",
                "title": "Automatically on-brand designs | Baseline",
                "title_link": "https:\/\/baseline.is\/",
                "text": "Create on-brand designs with 1-click. Our powerful suite of tools will make your brand stand out like never before.",
                "image_url": "https:\/\/baseline.is\/hero-screenshot.jpg",
                "image_width": 442,
                "image_height": 250,
                "image_bytes": 169323,
                "fallback": "Automatically on-brand designs | Baseline",
                "service_name": "baseline.is",
                "id": 1,
                "original_url": "https:\/\/baseline.is"
            }
        ],
        "blocks": [
            {
                "type": "rich_text",
                "block_id": "zDaYR",
                "elements": [
                    {
                        "type": "rich_text_section",
                        "elements": [
                            {
                                "type": "text",
                                "text": "I definitely wouldn't mind: "
                            },
                            {
                                "type": "link",
                                "url": "https:\/\/baseline.is"
                            }
                        ]
                    }
                ]
            }
        ],
        "thread_ts": "1638253002.306200",
        "parent_user_id": "U02FBJRCX71"
    },
    {
        "client_msg_id": "cd229e9a-9668-4046-9b48-05342777241b",
        "type": "message",
        "text": "Hey, folks. I'm currently building out my career in SEO and paid advertising, and I'm looking for some new freelancing projects or job opportunities where I can explore more, learn, and gain real-world experience. If you've got any kind of opportunity to offer or any project to work on, I've got the bandwidth for it. Feel free to inbox me. Thanks in advance.",
        "user": "U02LW0LK0R0",
        "ts": "1638368229.317000",
        "team": "TJE58GTJL",
        "user_team": "TJE58GTJL",
        "source_team": "TJE58GTJL",
        "user_profile": {
            "avatar_hash": "gde21420f014",
            "image_72": "https:\/\/secure.gravatar.com\/avatar\/de21420f014d169d3b3fe0bab3e69594.jpg?s=72&d=https%3A%2F%2Fa.slack-edge.com%2Fdf10d%2Fimg%2Favatars%2Fava_0011-72.png",
            "first_name": "Akash",
            "real_name": "Akash",
            "display_name": "Akash",
            "team": "TJE58GTJL",
            "name": "mittalakash177",
            "is_restricted": false,
            "is_ultra_restricted": false
        },
        "blocks": [
            {
                "type": "rich_text",
                "block_id": "L1Xg",
                "elements": [
                    {
                        "type": "rich_text_section",
                        "elements": [
                            {
                                "type": "text",
                                "text": "Hey, folks. I'm currently building out my career in SEO and paid advertising, and I'm looking for some new freelancing projects or job opportunities where I can explore more, learn, and gain real-world experience. If you've got any kind of opportunity to offer or any project to work on, I've got the bandwidth for it. Feel free to inbox me. Thanks in advance."
                            }
                        ]
                    }
                ]
            }
        ]
    },
    {
        "client_msg_id": "21777688-0449-4ca9-ac86-6d9ea976be05",
        "type": "message",
        "text": "Sent you over an email",
        "user": "U02A25BJ4T1",
        "ts": "1638374422.317700",
        "team": "TJE58GTJL",
        "user_team": "TJE58GTJL",
        "source_team": "TJE58GTJL",
        "user_profile": {
            "avatar_hash": "1bd7f30ec338",
            "image_72": "https:\/\/avatars.slack-edge.com\/2021-08-09\/2353992660294_1bd7f30ec3386760cb5b_72.jpg",
            "first_name": "Alicia",
            "real_name": "Alicia Raeburn",
            "display_name": "Alicia Raeburn",
            "team": "TJE58GTJL",
            "name": "aliciaraeburn",
            "is_restricted": false,
            "is_ultra_restricted": false
        },
        "blocks": [
            {
                "type": "rich_text",
                "block_id": "a6\/P",
                "elements": [
                    {
                        "type": "rich_text_section",
                        "elements": [
                            {
                                "type": "text",
                                "text": "Sent you over an email"
                            }
                        ]
                    }
                ]
            }
        ],
        "thread_ts": "1638335283.313900",
        "parent_user_id": "U028XTZTGAV",
        "reactions": [
            {
                "name": "white_check_mark",
                "users": [
                    "U028XTZTGAV"
                ],
                "count": 1
            }
        ]
    },
    {
        "client_msg_id": "c02e5ef8-4b19-4e82-8485-6ce2194925bf",
        "type": "message",
        "text": "Looking for a freelance video editor with motion graphic skills who can put together a short (12ish seconds) video clip we can share on social to highlight a new product release. Does anyone have any recommendations?",
        "user": "U0166H7KUAZ",
        "ts": "1638374671.319200",
        "team": "TJE58GTJL",
        "user_team": "TJE58GTJL",
        "source_team": "TJE58GTJL",
        "user_profile": {
            "avatar_hash": "f58be1456496",
            "image_72": "https:\/\/avatars.slack-edge.com\/2020-06-29\/1197308509671_f58be1456496f374b7ea_72.jpg",
            "first_name": "",
            "real_name": "Phillip Paquette",
            "display_name": "Phillip Paquette",
            "team": "TJE58GTJL",
            "name": "phillippaquette",
            "is_restricted": false,
            "is_ultra_restricted": false
        },
        "blocks": [
            {
                "type": "rich_text",
                "block_id": "0BA",
                "elements": [
                    {
                        "type": "rich_text_section",
                        "elements": [
                            {
                                "type": "text",
                                "text": "Looking for a freelance video editor with motion graphic skills who can put together a short (12ish seconds) video clip we can share on social to highlight a new product release. Does anyone have any recommendations?"
                            }
                        ]
                    }
                ]
            }
        ],
        "thread_ts": "1638374671.319200",
        "reply_count": 1,
        "reply_users_count": 1,
        "latest_reply": "1638374869.319300",
        "reply_users": [
            "U01QYGNA1JN"
        ],
        "replies": [
            {
                "user": "U01QYGNA1JN",
                "ts": "1638374869.319300"
            }
        ],
        "is_locked": false,
        "subscribed": false,
        "reactions": [
            {
                "name": "wave",
                "users": [
                    "U028D815JA0"
                ],
                "count": 1
            }
        ]
    },
    {
        "client_msg_id": "8de7dda0-ef4a-4a4d-a466-149ab0136b53",
        "type": "message",
        "text": "Hi Phillip! Sent you a DM",
        "user": "U01QYGNA1JN",
        "ts": "1638374869.319300",
        "team": "TJE58GTJL",
        "user_team": "TJE58GTJL",
        "source_team": "TJE58GTJL",
        "user_profile": {
            "avatar_hash": "1857429dbbe6",
            "image_72": "https:\/\/avatars.slack-edge.com\/2021-05-20\/2112511227344_1857429dbbe6dc5f0522_72.png",
            "first_name": "Chaitanya",
            "real_name": "Chaitanya Deshpande",
            "display_name": "CD",
            "team": "TJE58GTJL",
            "name": "chaitanyacd",
            "is_restricted": false,
            "is_ultra_restricted": false
        },
        "blocks": [
            {
                "type": "rich_text",
                "block_id": "0s4",
                "elements": [
                    {
                        "type": "rich_text_section",
                        "elements": [
                            {
                                "type": "text",
                                "text": "Hi Phillip! Sent you a DM"
                            }
                        ]
                    }
                ]
            }
        ],
        "thread_ts": "1638374671.319200",
        "parent_user_id": "U0166H7KUAZ"
    },
    {
        "client_msg_id": "68bbded4-9dd7-4c93-8ec2-c5c2c9ea6bd0",
        "type": "message",
        "text": "Looking for a website designer for a revamp of a restaurant website. It’s a very specific vibe so I’d love to see your portfolio or any prior work that you’ve done if you’re interested! Thanks",
        "user": "U02NK9ZJSGY",
        "ts": "1638380034.321300",
        "team": "TJE58GTJL",
        "user_team": "TJE58GTJL",
        "source_team": "TJE58GTJL",
        "user_profile": {
            "avatar_hash": "29c1c81737c7",
            "image_72": "https:\/\/avatars.slack-edge.com\/2021-11-18\/2746449769972_29c1c81737c779d70d7b_72.jpg",
            "first_name": "Eden",
            "real_name": "Eden Hansing",
            "display_name": "Eden Hansing",
            "team": "TJE58GTJL",
            "name": "edenhansing",
            "is_restricted": false,
            "is_ultra_restricted": false
        },
        "blocks": [
            {
                "type": "rich_text",
                "block_id": "e8E",
                "elements": [
                    {
                        "type": "rich_text_section",
                        "elements": [
                            {
                                "type": "text",
                                "text": "Looking for a website designer for a revamp of a restaurant website. It’s a very specific vibe so I’d love to see your portfolio or any prior work that you’ve done if you’re interested! Thanks"
                            }
                        ]
                    }
                ]
            }
        ],
        "thread_ts": "1638380034.321300",
        "reply_count": 2,
        "reply_users_count": 2,
        "latest_reply": "1638430258.322600",
        "reply_users": [
            "U019H85CKFY",
            "U02GW0SE8SX"
        ],
        "replies": [
            {
                "user": "U019H85CKFY",
                "ts": "1638428644.322300"
            },
            {
                "user": "U02GW0SE8SX",
                "ts": "1638430258.322600"
            }
        ],
        "is_locked": false,
        "subscribed": false,
        "reactions": [
            {
                "name": "+1",
                "users": [
                    "U01TB1SDD61"
                ],
                "count": 1
            }
        ]
    },
    {
        "client_msg_id": "111fcca2-e952-4702-97bc-18ab15226419",
        "type": "message",
        "text": "<@U0166H7KUAZ> I shared my case study framework on Superpath's 5 minutes on Content series. Check it out here <https:\/\/superpath.co\/blog\/anfernee-chansamooth-on-the-7ps-of-crafting-a-compelling-case-study|https:\/\/superpath.co\/blog\/anfernee-chansamooth-on-the-7ps-of-crafting-a-compelling-case-study>\n\nIf you're still wanting help let me know.",
        "user": "U01RSA9E9D4",
        "ts": "1638402200.321600",
        "team": "TJE58GTJL",
        "user_team": "TJE58GTJL",
        "source_team": "TJE58GTJL",
        "user_profile": {
            "avatar_hash": "gfbc217f6e1b",
            "image_72": "https:\/\/secure.gravatar.com\/avatar\/fbc217f6e1b233bf10c4247333c118e2.jpg?s=72&d=https%3A%2F%2Fa.slack-edge.com%2Fdf10d%2Fimg%2Favatars%2Fava_0013-72.png",
            "first_name": "Anfernee",
            "real_name": "Anfernee Chansamooth",
            "display_name": "Anf Chansamooth",
            "team": "TJE58GTJL",
            "name": "anf",
            "is_restricted": false,
            "is_ultra_restricted": false
        },
        "attachments": [
            {
                "from_url": "https:\/\/superpath.co\/blog\/anfernee-chansamooth-on-the-7ps-of-crafting-a-compelling-case-study",
                "service_name": "Your Content Career Headquarters",
                "title": "5 Minutes on Content: Anfernee Chansamooth on the 7P's of Crafting a Compelling Case Study — Your Content Career Headquarters",
                "title_link": "https:\/\/superpath.co\/blog\/anfernee-chansamooth-on-the-7ps-of-crafting-a-compelling-case-study",
                "text": "Welcome to the latest edition of a new series we’re doing called 5 Minutes on Content . These will be quick presentations on a single idea. They’ll be presented sort of like webinars, but less formal, no gated content and no follow-up sales emails. :sunglasses:",
                "thumb_url": "http:\/\/static1.squarespace.com\/static\/609d9c530fe0402cfde14a9c\/60a6e5b3a7222352ac1626b3\/61a52bfa6da1cf046384cb2e\/1638215183951\/Screen+Shot+2021-11-29+at+12.45.21+PM.png?format=1500w",
                "thumb_width": 1208,
                "thumb_height": 679,
                "fallback": "Your Content Career Headquarters: 5 Minutes on Content: Anfernee Chansamooth on the 7P's of Crafting a Compelling Case Study — Your Content Career Headquarters",
                "service_icon": "https:\/\/images.squarespace-cdn.com\/content\/v1\/609d9c530fe0402cfde14a9c\/e34ef9bd-2724-4781-88fd-e8cba90125ef\/favicon.ico?format=100w",
                "id": 1,
                "original_url": "https:\/\/superpath.co\/blog\/anfernee-chansamooth-on-the-7ps-of-crafting-a-compelling-case-study"
            }
        ],
        "blocks": [
            {
                "type": "rich_text",
                "block_id": "10Q",
                "elements": [
                    {
                        "type": "rich_text_section",
                        "elements": [
                            {
                                "type": "user",
                                "user_id": "U0166H7KUAZ"
                            },
                            {
                                "type": "text",
                                "text": " I shared my case study framework on Superpath's 5 minutes on Content series. Check it out here "
                            },
                            {
                                "type": "link",
                                "url": "https:\/\/superpath.co\/blog\/anfernee-chansamooth-on-the-7ps-of-crafting-a-compelling-case-study",
                                "text": "https:\/\/superpath.co\/blog\/anfernee-chansamooth-on-the-7ps-of-crafting-a-compelling-case-study"
                            },
                            {
                                "type": "text",
                                "text": "\n\nIf you're still wanting help let me know."
                            }
                        ]
                    }
                ]
            }
        ],
        "thread_ts": "1637773080.246700",
        "parent_user_id": "U0166H7KUAZ"
    },
    {
        "client_msg_id": "7eec4bd9-6860-40d9-b12d-5c8fa16b37a9",
        "type": "message",
        "text": "<@U01RSA9E9D4> I watched this yesterday - love your framework!",
        "user": "U02AR2XSN1M",
        "ts": "1638409634.322000",
        "team": "TJE58GTJL",
        "user_team": "TJE58GTJL",
        "source_team": "TJE58GTJL",
        "user_profile": {
            "avatar_hash": "b0fa34c3f8f5",
            "image_72": "https:\/\/avatars.slack-edge.com\/2021-08-16\/2368450553975_b0fa34c3f8f5e02f6b43_72.jpg",
            "first_name": "Leonie",
            "real_name": "Leonie Waldron",
            "display_name": "Leonie Waldron",
            "team": "TJE58GTJL",
            "name": "leonie",
            "is_restricted": false,
            "is_ultra_restricted": false
        },
        "blocks": [
            {
                "type": "rich_text",
                "block_id": "QmeS",
                "elements": [
                    {
                        "type": "rich_text_section",
                        "elements": [
                            {
                                "type": "user",
                                "user_id": "U01RSA9E9D4"
                            },
                            {
                                "type": "text",
                                "text": " I watched this yesterday - love your framework!"
                            }
                        ]
                    }
                ]
            }
        ],
        "thread_ts": "1637773080.246700",
        "parent_user_id": "U0166H7KUAZ",
        "reactions": [
            {
                "name": "raised_hands",
                "users": [
                    "U01RSA9E9D4"
                ],
                "count": 1
            }
        ]
    },
    {
        "client_msg_id": "3e61e276-2a37-4124-9de3-63b371fa5a19",
        "type": "message",
        "text": "Hi Eden, I’ve worked a lot with the team at <https:\/\/www.bokaap.design\/|Bokaap Design> for website projects over the years. Happy to introduce you if you like their work.",
        "user": "U019H85CKFY",
        "ts": "1638428644.322300",
        "team": "TJE58GTJL",
        "user_team": "TJE58GTJL",
        "source_team": "TJE58GTJL",
        "user_profile": {
            "avatar_hash": "dfbc47abc91d",
            "image_72": "https:\/\/avatars.slack-edge.com\/2020-08-29\/1316263870631_dfbc47abc91d969c5101_72.jpg",
            "first_name": "Shivani",
            "real_name": "Shivani Shah",
            "display_name": "",
            "team": "TJE58GTJL",
            "name": "shivani.shah.05",
            "is_restricted": false,
            "is_ultra_restricted": false
        },
        "attachments": [
            {
                "from_url": "https:\/\/www.bokaap.design\/",
                "service_name": "Bokaap Design",
                "title": "Global Strategy and Design Firm | Branding, Packaging, UX\/UI, and Digital Marketing | Bokaap Design",
                "title_link": "https:\/\/www.bokaap.design\/",
                "text": "A multi-disciplinary studio that connects the dots between strategy, design, and digital experiences. We cover Branding, Tech Platforms with UX\/UI &amp; Marketing.",
                "fallback": "Bokaap Design: Global Strategy and Design Firm | Branding, Packaging, UX\/UI, and Digital Marketing | Bokaap Design",
                "service_icon": "https:\/\/www.bokaap.design\/wp-content\/themes\/designaren\/images\/favicon.ico",
                "id": 1,
                "original_url": "https:\/\/www.bokaap.design\/"
            }
        ],
        "blocks": [
            {
                "type": "rich_text",
                "block_id": "WKRYZ",
                "elements": [
                    {
                        "type": "rich_text_section",
                        "elements": [
                            {
                                "type": "text",
                                "text": "Hi Eden, I’ve worked a lot with the team at "
                            },
                            {
                                "type": "link",
                                "url": "https:\/\/www.bokaap.design\/",
                                "text": "Bokaap Design"
                            },
                            {
                                "type": "text",
                                "text": " for website projects over the years. Happy to introduce you if you like their work."
                            }
                        ]
                    }
                ]
            }
        ],
        "thread_ts": "1638380034.321300",
        "parent_user_id": "U02NK9ZJSGY"
    },
    {
        "client_msg_id": "0e654916-63ac-445c-a299-76fc82e173e0",
        "type": "message",
        "text": "Sounds great! Here's my portfolio: <http:\/\/oatdata.com|oatdata.com>. Feel free to reach out to <mailto:andriwalk@gmail.com|andriwalk@gmail.com> if you think it'd be a good fit.",
        "user": "U02GW0SE8SX",
        "ts": "1638430258.322600",
        "team": "TJE58GTJL",
        "user_team": "TJE58GTJL",
        "source_team": "TJE58GTJL",
        "user_profile": {
            "avatar_hash": "4bfd3e7d846b",
            "image_72": "https:\/\/avatars.slack-edge.com\/2021-10-06\/2586684242241_4bfd3e7d846b6e61455d_72.png",
            "first_name": "Andrianna",
            "real_name": "Andrianna A",
            "display_name": "",
            "team": "TJE58GTJL",
            "name": "andriwalk",
            "is_restricted": false,
            "is_ultra_restricted": false
        },
        "blocks": [
            {
                "type": "rich_text",
                "block_id": "6IC",
                "elements": [
                    {
                        "type": "rich_text_section",
                        "elements": [
                            {
                                "type": "text",
                                "text": "Sounds great! Here's my portfolio: "
                            },
                            {
                                "type": "link",
                                "url": "http:\/\/oatdata.com",
                                "text": "oatdata.com"
                            },
                            {
                                "type": "text",
                                "text": ". Feel free to reach out to "
                            },
                            {
                                "type": "link",
                                "url": "mailto:andriwalk@gmail.com",
                                "text": "andriwalk@gmail.com"
                            },
                            {
                                "type": "text",
                                "text": " if you think it'd be a good fit."
                            }
                        ]
                    }
                ]
            }
        ],
        "thread_ts": "1638380034.321300",
        "parent_user_id": "U02NK9ZJSGY"
    }
]