[
    {
        "type": "message",
        "subtype": "channel_join",
        "ts": "1621347485.000400",
        "user": "U01P833NGUT",
        "text": "<@U01P833NGUT> has joined the channel"
    },
    {
        "type": "message",
        "subtype": "channel_join",
        "ts": "1621347534.000600",
        "user": "U01UFJN6URZ",
        "text": "<@U01UFJN6URZ> has joined the channel"
    },
    {
        "type": "message",
        "subtype": "channel_join",
        "ts": "1621347538.000800",
        "user": "U01QNH5QUG7",
        "text": "<@U01QNH5QUG7> has joined the channel"
    },
    {
        "type": "message",
        "subtype": "channel_join",
        "ts": "1621347578.001000",
        "user": "U01J85VRKF1",
        "text": "<@U01J85VRKF1> has joined the channel"
    },
    {
        "type": "message",
        "subtype": "channel_join",
        "ts": "1621347658.001200",
        "user": "U012GHRAHDK",
        "text": "<@U012GHRAHDK> has joined the channel"
    },
    {
        "type": "message",
        "subtype": "channel_join",
        "ts": "1621347665.001400",
        "user": "U0211K6LSM9",
        "text": "<@U0211K6LSM9> has joined the channel"
    },
    {
        "type": "message",
        "subtype": "channel_join",
        "ts": "1621347760.001600",
        "user": "U01K0BWEQD6",
        "text": "<@U01K0BWEQD6> has joined the channel"
    },
    {
        "type": "message",
        "subtype": "channel_join",
        "ts": "1621348107.001800",
        "user": "UUKNLUX5X",
        "text": "<@UUKNLUX5X> has joined the channel"
    },
    {
        "type": "message",
        "subtype": "channel_join",
        "ts": "1621348172.002000",
        "user": "UJHMVAE3G",
        "text": "<@UJHMVAE3G> has joined the channel"
    },
    {
        "type": "message",
        "subtype": "channel_join",
        "ts": "1621348280.002200",
        "user": "U01PZ9CMZ4Z",
        "text": "<@U01PZ9CMZ4Z> has joined the channel"
    },
    {
        "type": "message",
        "subtype": "channel_join",
        "ts": "1621348631.002400",
        "user": "UUJBMDVGB",
        "text": "<@UUJBMDVGB> has joined the channel"
    },
    {
        "type": "message",
        "subtype": "channel_join",
        "ts": "1621348869.002600",
        "user": "U01NJ39M36K",
        "text": "<@U01NJ39M36K> has joined the channel"
    },
    {
        "type": "message",
        "subtype": "channel_join",
        "ts": "1621348920.002800",
        "user": "URY0PS7HC",
        "text": "<@URY0PS7HC> has joined the channel"
    },
    {
        "type": "message",
        "subtype": "channel_join",
        "ts": "1621349187.003000",
        "user": "U01FUP6AMEZ",
        "text": "<@U01FUP6AMEZ> has joined the channel"
    },
    {
        "type": "message",
        "subtype": "channel_join",
        "ts": "1621349289.003300",
        "user": "U011UKSA6AY",
        "text": "<@U011UKSA6AY> has joined the channel"
    },
    {
        "type": "message",
        "subtype": "channel_join",
        "ts": "1621349824.003500",
        "user": "U015TGFQD3Q",
        "text": "<@U015TGFQD3Q> has joined the channel"
    },
    {
        "type": "message",
        "subtype": "channel_join",
        "ts": "1621349975.003700",
        "user": "UQP2SP2BX",
        "text": "<@UQP2SP2BX> has joined the channel"
    },
    {
        "type": "message",
        "subtype": "channel_join",
        "ts": "1621351080.003900",
        "user": "U021V5YDQEP",
        "text": "<@U021V5YDQEP> has joined the channel"
    },
    {
        "client_msg_id": "ff21dc1f-1f69-41d3-91c5-a7f88b76d466",
        "type": "message",
        "text": "How do you price your work?\n\n• By the project?\n• Hourly? \n• Flat-rate? \n• A productized service? \n• Or something else?",
        "user": "U01KH3P18RZ",
        "ts": "1621352256.004700",
        "team": "TJE58GTJL",
        "user_team": "TJE58GTJL",
        "source_team": "TJE58GTJL",
        "user_profile": {
            "avatar_hash": "fab0c6d48595",
            "image_72": "https:\/\/avatars.slack-edge.com\/2021-05-28\/2110157153414_fab0c6d48595c62a6594_72.jpg",
            "first_name": "Kai",
            "real_name": "Kai Davis",
            "display_name": "Kai (Your Shopify SEO Guy)",
            "team": "TJE58GTJL",
            "name": "kai",
            "is_restricted": false,
            "is_ultra_restricted": false
        },
        "blocks": [
            {
                "type": "rich_text",
                "block_id": "jfV5",
                "elements": [
                    {
                        "type": "rich_text_section",
                        "elements": [
                            {
                                "type": "text",
                                "text": "How do you price your work?\n\n"
                            }
                        ]
                    },
                    {
                        "type": "rich_text_list",
                        "elements": [
                            {
                                "type": "rich_text_section",
                                "elements": [
                                    {
                                        "type": "text",
                                        "text": "By the project?"
                                    }
                                ]
                            },
                            {
                                "type": "rich_text_section",
                                "elements": [
                                    {
                                        "type": "text",
                                        "text": "Hourly? "
                                    }
                                ]
                            },
                            {
                                "type": "rich_text_section",
                                "elements": [
                                    {
                                        "type": "text",
                                        "text": "Flat-rate? "
                                    }
                                ]
                            },
                            {
                                "type": "rich_text_section",
                                "elements": [
                                    {
                                        "type": "text",
                                        "text": "A productized service? "
                                    }
                                ]
                            },
                            {
                                "type": "rich_text_section",
                                "elements": [
                                    {
                                        "type": "text",
                                        "text": "Or something else?"
                                    }
                                ]
                            }
                        ],
                        "style": "bullet",
                        "indent": 0
                    }
                ]
            }
        ],
        "thread_ts": "1621352256.004700",
        "reply_count": 10,
        "reply_users_count": 10,
        "latest_reply": "1622865562.087100",
        "reply_users": [
            "U0166H7KUAZ",
            "U01J85VRKF1",
            "UUJBM2PJ7",
            "U012GHRAHDK",
            "U01D0FSPDV4",
            "U022P474MC1",
            "URL9Z88MR",
            "U01SFTTQ483",
            "U0211K6LSM9",
            "U023XF9GFQB"
        ],
        "replies": [
            {
                "user": "U0166H7KUAZ",
                "ts": "1621353266.005200"
            },
            {
                "user": "U01J85VRKF1",
                "ts": "1621356579.007000"
            },
            {
                "user": "UUJBM2PJ7",
                "ts": "1621357040.007300"
            },
            {
                "user": "U012GHRAHDK",
                "ts": "1621357203.007500"
            },
            {
                "user": "U01D0FSPDV4",
                "ts": "1621425509.012000"
            },
            {
                "user": "U022P474MC1",
                "ts": "1621432560.012600"
            },
            {
                "user": "URL9Z88MR",
                "ts": "1621434410.013000"
            },
            {
                "user": "U01SFTTQ483",
                "ts": "1621437782.013200"
            },
            {
                "user": "U0211K6LSM9",
                "ts": "1621451823.015900"
            },
            {
                "user": "U023XF9GFQB",
                "ts": "1622865562.087100"
            }
        ],
        "is_locked": false,
        "subscribed": false
    },
    {
        "client_msg_id": "eb1c06bc-ae30-4521-ab35-e0d13f4310df",
        "type": "message",
        "text": "By the project and flat rates",
        "user": "U0166H7KUAZ",
        "ts": "1621353266.005200",
        "team": "TJE58GTJL",
        "user_team": "TJE58GTJL",
        "source_team": "TJE58GTJL",
        "user_profile": {
            "avatar_hash": "f58be1456496",
            "image_72": "https:\/\/avatars.slack-edge.com\/2020-06-29\/1197308509671_f58be1456496f374b7ea_72.jpg",
            "first_name": "",
            "real_name": "Phillip Paquette",
            "display_name": "Phillip Paquette",
            "team": "TJE58GTJL",
            "name": "phillippaquette",
            "is_restricted": false,
            "is_ultra_restricted": false
        },
        "blocks": [
            {
                "type": "rich_text",
                "block_id": "8Qs",
                "elements": [
                    {
                        "type": "rich_text_section",
                        "elements": [
                            {
                                "type": "text",
                                "text": "By the project and flat rates"
                            }
                        ]
                    }
                ]
            }
        ],
        "thread_ts": "1621352256.004700",
        "parent_user_id": "U01KH3P18RZ",
        "reactions": [
            {
                "name": "white_check_mark",
                "users": [
                    "U01FUP6AMEZ",
                    "U022P474MC1"
                ],
                "count": 2
            }
        ]
    },
    {
        "client_msg_id": "0E714EB2-A29F-4B67-B863-36533CF75E95",
        "type": "message",
        "text": "Typically project and flat rate. I internally base things hourly because I want to make sure my time is valued, but I share flat rates with my clients.",
        "user": "U01J85VRKF1",
        "ts": "1621356579.007000",
        "team": "TJE58GTJL",
        "user_team": "TJE58GTJL",
        "source_team": "TJE58GTJL",
        "user_profile": {
            "avatar_hash": "6014791c8384",
            "image_72": "https:\/\/avatars.slack-edge.com\/2021-06-11\/2168802380004_6014791c8384d642d727_72.png",
            "first_name": "Amanda",
            "real_name": "Amanda Cross",
            "display_name": "Amanda Cross",
            "team": "TJE58GTJL",
            "name": "amanda867",
            "is_restricted": false,
            "is_ultra_restricted": false
        },
        "blocks": [
            {
                "type": "rich_text",
                "block_id": "Ptlf",
                "elements": [
                    {
                        "type": "rich_text_section",
                        "elements": [
                            {
                                "type": "text",
                                "text": "Typically project and flat rate. I internally base things hourly because I want to make sure my time is valued, but I share flat rates with my clients."
                            }
                        ]
                    }
                ]
            }
        ],
        "thread_ts": "1621352256.004700",
        "parent_user_id": "U01KH3P18RZ",
        "reactions": [
            {
                "name": "white_check_mark",
                "users": [
                    "U01FUP6AMEZ",
                    "U022P474MC1",
                    "U0211K6NTPV",
                    "UUKNLUX5X"
                ],
                "count": 4
            }
        ]
    },
    {
        "client_msg_id": "5493f583-7627-41af-836a-1e72cd547374",
        "type": "message",
        "text": "All of the above. Really depends on the client\/need.",
        "user": "UUJBM2PJ7",
        "ts": "1621357040.007300",
        "team": "TJE58GTJL",
        "user_team": "TJE58GTJL",
        "source_team": "TJE58GTJL",
        "user_profile": {
            "avatar_hash": "f77cbe4c3060",
            "image_72": "https:\/\/avatars.slack-edge.com\/2020-07-29\/1270061579587_f77cbe4c3060d94c9e20_72.jpg",
            "first_name": "Jane",
            "real_name": "Jane Flanagan",
            "display_name": "Jane Flanagan",
            "team": "TJE58GTJL",
            "name": "jane",
            "is_restricted": false,
            "is_ultra_restricted": false
        },
        "blocks": [
            {
                "type": "rich_text",
                "block_id": "Jwj",
                "elements": [
                    {
                        "type": "rich_text_section",
                        "elements": [
                            {
                                "type": "text",
                                "text": "All of the above. Really depends on the client\/need."
                            }
                        ]
                    }
                ]
            }
        ],
        "thread_ts": "1621352256.004700",
        "parent_user_id": "U01KH3P18RZ"
    },
    {
        "client_msg_id": "9d698eeb-a064-402b-909e-bf67df0d7a91",
        "type": "message",
        "text": "If it's a blog post, I still do per word (tough to compete).\n\nIf it's copywriting, flat rate.",
        "user": "U012GHRAHDK",
        "ts": "1621357203.007500",
        "team": "TJE58GTJL",
        "user_team": "TJE58GTJL",
        "source_team": "TJE58GTJL",
        "user_profile": {
            "avatar_hash": "8ba0c4534568",
            "image_72": "https:\/\/avatars.slack-edge.com\/2022-04-12\/3401585222352_8ba0c45345680ce088ab_72.jpg",
            "first_name": "Deb",
            "real_name": "Deb Mukherjee",
            "display_name": "Deb Mukherjee",
            "team": "TJE58GTJL",
            "name": "debdut94",
            "is_restricted": false,
            "is_ultra_restricted": false
        },
        "blocks": [
            {
                "type": "rich_text",
                "block_id": "xG5",
                "elements": [
                    {
                        "type": "rich_text_section",
                        "elements": [
                            {
                                "type": "text",
                                "text": "If it's a blog post, I still do per word (tough to compete).\n\nIf it's copywriting, flat rate."
                            }
                        ]
                    }
                ]
            }
        ],
        "thread_ts": "1621352256.004700",
        "parent_user_id": "U01KH3P18RZ"
    },
    {
        "client_msg_id": "E3475EEA-7C53-4D9C-89CC-3BB6B65F7291",
        "type": "message",
        "text": "Yes! The channel I've been waiting for...",
        "user": "UUJBMNRNF",
        "ts": "1621393001.010300",
        "team": "TJE58GTJL",
        "user_team": "TJE58GTJL",
        "source_team": "TJE58GTJL",
        "user_profile": {
            "avatar_hash": "g60cda1030c0",
            "image_72": "https:\/\/secure.gravatar.com\/avatar\/60cda1030c03869961d38a096c73158e.jpg?s=72&d=https%3A%2F%2Fa.slack-edge.com%2Fdf10d%2Fimg%2Favatars%2Fava_0024-72.png",
            "first_name": "Hannah",
            "real_name": "Hannah Wiginton",
            "display_name": "Hannah Wiginton",
            "team": "TJE58GTJL",
            "name": "hwiginton00",
            "is_restricted": false,
            "is_ultra_restricted": false
        },
        "blocks": [
            {
                "type": "rich_text",
                "block_id": "Exiti",
                "elements": [
                    {
                        "type": "rich_text_section",
                        "elements": [
                            {
                                "type": "text",
                                "text": "Yes! The channel I've been waiting for..."
                            }
                        ]
                    }
                ]
            }
        ],
        "reactions": [
            {
                "name": "raised_hands",
                "users": [
                    "U012GHRAHDK",
                    "U0211K6LSM9",
                    "UR41NSSLW",
                    "U01KH3P18RZ",
                    "U0232LQV0E8",
                    "UUKNLUX5X",
                    "U020EL92NBZ"
                ],
                "count": 7
            }
        ]
    }
]