[
    {
        "client_msg_id": "28c3d829-e180-4183-be9c-3cd8a21688d1",
        "type": "message",
        "text": "Contract for X months. Ask them for a 30-50% advance of the total contract value. Divide the rest into end-of-month payments.",
        "user": "U012GHRAHDK",
        "ts": "1635492259.045300",
        "team": "TJE58GTJL",
        "user_team": "TJE58GTJL",
        "source_team": "TJE58GTJL",
        "user_profile": {
            "avatar_hash": "8ba0c4534568",
            "image_72": "https:\/\/avatars.slack-edge.com\/2022-04-12\/3401585222352_8ba0c45345680ce088ab_72.jpg",
            "first_name": "Deb",
            "real_name": "Deb Mukherjee",
            "display_name": "Deb Mukherjee",
            "team": "TJE58GTJL",
            "name": "debdut94",
            "is_restricted": false,
            "is_ultra_restricted": false
        },
        "blocks": [
            {
                "type": "rich_text",
                "block_id": "Oqzo8",
                "elements": [
                    {
                        "type": "rich_text_section",
                        "elements": [
                            {
                                "type": "text",
                                "text": "Contract for X months. Ask them for a 30-50% advance of the total contract value. Divide the rest into end-of-month payments."
                            }
                        ]
                    }
                ]
            }
        ],
        "thread_ts": "1635489914.045200",
        "parent_user_id": "U01MW6DPU72"
    },
    {
        "client_msg_id": "e12d8f08-aecc-4bd8-90b0-a06c99a2b65f",
        "type": "message",
        "text": "Hmm in my case the agreement is that they can leave whenever they want. It's on a month to month basis. I prefer to bill upfront since this is retainer work, but they say they only pay after 30 days",
        "user": "U01MW6DPU72",
        "ts": "1635492342.045500",
        "team": "TJE58GTJL",
        "user_team": "TJE58GTJL",
        "source_team": "TJE58GTJL",
        "user_profile": {
            "avatar_hash": "g2ab21f412c3",
            "image_72": "https:\/\/secure.gravatar.com\/avatar\/2ab21f412c3215ee2b3c2994772c589e.jpg?s=72&d=https%3A%2F%2Fa.slack-edge.com%2Fdf10d%2Fimg%2Favatars%2Fava_0024-72.png",
            "first_name": "Araminta",
            "real_name": "Araminta Robertson",
            "display_name": "Araminta Robertson",
            "team": "TJE58GTJL",
            "name": "robertsona98",
            "is_restricted": false,
            "is_ultra_restricted": false
        },
        "blocks": [
            {
                "type": "rich_text",
                "block_id": "Dw45",
                "elements": [
                    {
                        "type": "rich_text_section",
                        "elements": [
                            {
                                "type": "text",
                                "text": "Hmm in my case the agreement is that they can leave whenever they want. It's on a month to month basis. I prefer to bill upfront since this is retainer work, but they say they only pay after 30 days"
                            }
                        ]
                    }
                ]
            }
        ],
        "thread_ts": "1635489914.045200",
        "parent_user_id": "U01MW6DPU72"
    },
    {
        "client_msg_id": "7868920c-2f36-425b-a0a8-73da5b5b7a04",
        "type": "message",
        "text": "What would be a good way to meet them halfway?",
        "user": "U01MW6DPU72",
        "ts": "1635492410.045700",
        "team": "TJE58GTJL",
        "user_team": "TJE58GTJL",
        "source_team": "TJE58GTJL",
        "user_profile": {
            "avatar_hash": "g2ab21f412c3",
            "image_72": "https:\/\/secure.gravatar.com\/avatar\/2ab21f412c3215ee2b3c2994772c589e.jpg?s=72&d=https%3A%2F%2Fa.slack-edge.com%2Fdf10d%2Fimg%2Favatars%2Fava_0024-72.png",
            "first_name": "Araminta",
            "real_name": "Araminta Robertson",
            "display_name": "Araminta Robertson",
            "team": "TJE58GTJL",
            "name": "robertsona98",
            "is_restricted": false,
            "is_ultra_restricted": false
        },
        "blocks": [
            {
                "type": "rich_text",
                "block_id": "Brp",
                "elements": [
                    {
                        "type": "rich_text_section",
                        "elements": [
                            {
                                "type": "text",
                                "text": "What would be a good way to meet them halfway?"
                            }
                        ]
                    }
                ]
            }
        ],
        "thread_ts": "1635489914.045200",
        "parent_user_id": "U01MW6DPU72"
    },
    {
        "type": "message",
        "text": "I'm looking for freelance or full-time roles as a Content Writer &amp;Strategist. I major in SaaS\/B2B\/Tech. If you have any openings or see one, I'm open. My resume is attached below. If you also want samples of my published work, I'll provide them. ",
        "files": [
            {
                "id": "F02KB0SS4G6",
                "created": 1635499697,
                "timestamp": 1635499697,
                "name": "Oluwatobi Abiodun - Resume 2.pdf",
                "title": "Oluwatobi Abiodun - Resume 2",
                "mimetype": "application\/pdf",
                "filetype": "pdf",
                "pretty_type": "PDF",
                "user": "U02EDRUJN58",
                "editable": false,
                "size": 43362,
                "mode": "hosted",
                "is_external": false,
                "external_type": "",
                "is_public": true,
                "public_url_shared": false,
                "display_as_bot": false,
                "username": "",
                "url_private": "https:\/\/files.slack.com\/files-pri\/TJE58GTJL-F02KB0SS4G6\/oluwatobi_abiodun_-_resume_2.pdf?t=xoxe-626178571632-3467451922035-3469800396036-b45365c7edcd0220272aa8a422c2b82f",
                "url_private_download": "https:\/\/files.slack.com\/files-pri\/TJE58GTJL-F02KB0SS4G6\/download\/oluwatobi_abiodun_-_resume_2.pdf?t=xoxe-626178571632-3467451922035-3469800396036-b45365c7edcd0220272aa8a422c2b82f",
                "media_display_type": "unknown",
                "thumb_pdf": "https:\/\/files.slack.com\/files-tmb\/TJE58GTJL-F02KB0SS4G6-0147d721c5\/oluwatobi_abiodun_-_resume_2_thumb_pdf.png?t=xoxe-626178571632-3467451922035-3469800396036-b45365c7edcd0220272aa8a422c2b82f",
                "thumb_pdf_w": 935,
                "thumb_pdf_h": 1210,
                "permalink": "https:\/\/content-career-growth.slack.com\/files\/U02EDRUJN58\/F02KB0SS4G6\/oluwatobi_abiodun_-_resume_2.pdf",
                "permalink_public": "https:\/\/slack-files.com\/TJE58GTJL-F02KB0SS4G6-6a1df338c4",
                "is_starred": false,
                "has_rich_preview": false
            }
        ],
        "upload": false,
        "user": "U02EDRUJN58",
        "display_as_bot": false,
        "ts": "1635499702.047100",
        "blocks": [
            {
                "type": "rich_text",
                "block_id": "CbPRm",
                "elements": [
                    {
                        "type": "rich_text_section",
                        "elements": [
                            {
                                "type": "text",
                                "text": "I'm looking for freelance or full-time roles as a Content Writer &Strategist. I major in SaaS\/B2B\/Tech. If you have any openings or see one, I'm open. My resume is attached below. If you also want samples of my published work, I'll provide them. "
                            }
                        ]
                    }
                ]
            }
        ],
        "client_msg_id": "9CE52971-C3BB-4410-9803-519E07273019",
        "thread_ts": "1635499702.047100",
        "reply_count": 2,
        "reply_users_count": 2,
        "latest_reply": "1638804542.349800",
        "reply_users": [
            "U023M1SR6KH",
            "U02EDRUJN58"
        ],
        "replies": [
            {
                "user": "U023M1SR6KH",
                "ts": "1638804279.348800"
            },
            {
                "user": "U02EDRUJN58",
                "ts": "1638804542.349800"
            }
        ],
        "is_locked": false,
        "subscribed": false
    },
    {
        "client_msg_id": "150D451A-FE2A-4513-BB66-31FC2A7BD3F7",
        "type": "message",
        "text": "I usually bill hourly for ongoing contracts. I bill on the 15th of the month for the previous 30 day’s work and give them net 15 payment terms. I have a very high late fee so if they go beyond 15 days I send an additional bill for the late fee. \n\nIf you’re new to the client you can ask for a deposit for the first month, which is totally normal! ",
        "user": "U02A8UR3Z60",
        "ts": "1635506532.049600",
        "team": "TJE58GTJL",
        "user_team": "TJE58GTJL",
        "source_team": "TJE58GTJL",
        "user_profile": {
            "avatar_hash": "dd781b486769",
            "image_72": "https:\/\/avatars.slack-edge.com\/2021-08-03\/2336037289142_dd781b486769fb2915dd_72.jpg",
            "first_name": "Callahan",
            "real_name": "Callahan Peel",
            "display_name": "Callahan Peel",
            "team": "TJE58GTJL",
            "name": "callahanpeel",
            "is_restricted": false,
            "is_ultra_restricted": false
        },
        "blocks": [
            {
                "type": "rich_text",
                "block_id": "Hez",
                "elements": [
                    {
                        "type": "rich_text_section",
                        "elements": [
                            {
                                "type": "text",
                                "text": "I usually bill hourly for ongoing contracts. I bill on the 15th of the month for the previous 30 day’s work and give them net 15 payment terms. I have a very high late fee so if they go beyond 15 days I send an additional bill for the late fee. \n"
                            },
                            {
                                "type": "text",
                                "text": "\nIf you’re new to the client you can ask for a deposit for the first month, which is totally normal! "
                            }
                        ]
                    }
                ]
            }
        ],
        "thread_ts": "1635489914.045200",
        "parent_user_id": "U01MW6DPU72"
    },
    {
        "client_msg_id": "EDB3E72D-2548-4D4F-8813-44BD01BEF0C6",
        "type": "message",
        "text": "Some previous clients were agencies and I was a subcontractor, so they couldn’t consistently pay me before their client paid them. That might be why they want to wait to pay after work is complete.\n\nYou could also pitch that they pay before assets for that month are delivered! So it wouldn’t be at the start of the month, but you would save yourself from someone ghosting.",
        "user": "U02A8UR3Z60",
        "ts": "1635506633.052500",
        "team": "TJE58GTJL",
        "user_team": "TJE58GTJL",
        "source_team": "TJE58GTJL",
        "user_profile": {
            "avatar_hash": "dd781b486769",
            "image_72": "https:\/\/avatars.slack-edge.com\/2021-08-03\/2336037289142_dd781b486769fb2915dd_72.jpg",
            "first_name": "Callahan",
            "real_name": "Callahan Peel",
            "display_name": "Callahan Peel",
            "team": "TJE58GTJL",
            "name": "callahanpeel",
            "is_restricted": false,
            "is_ultra_restricted": false
        },
        "edited": {
            "user": "U02A8UR3Z60",
            "ts": "1635506658.000000"
        },
        "blocks": [
            {
                "type": "rich_text",
                "block_id": "IS0QN",
                "elements": [
                    {
                        "type": "rich_text_section",
                        "elements": [
                            {
                                "type": "text",
                                "text": "Some previous clients were agencies and I was a subcontractor, so they couldn’t consistently pay me before their client paid them. That might be why they want to wait to pay after work is complete.\n\nYou could also pitch that they pay before assets for that month are delivered! So it wouldn’t be at the start of the month, but you would save yourself from someone ghosting."
                            }
                        ]
                    }
                ]
            }
        ],
        "thread_ts": "1635489914.045200",
        "parent_user_id": "U01MW6DPU72"
    },
    {
        "client_msg_id": "3aac3fea-d2c8-4d13-9e41-143979d488ea",
        "type": "message",
        "text": "In this case they are a VC backed startup, so they should have the funds to pay. I like your idea of a deposit: asking for first month upfront and then every month after that 30 days net. Do you think that would work?",
        "user": "U01MW6DPU72",
        "ts": "1635506826.052800",
        "team": "TJE58GTJL",
        "user_team": "TJE58GTJL",
        "source_team": "TJE58GTJL",
        "user_profile": {
            "avatar_hash": "g2ab21f412c3",
            "image_72": "https:\/\/secure.gravatar.com\/avatar\/2ab21f412c3215ee2b3c2994772c589e.jpg?s=72&d=https%3A%2F%2Fa.slack-edge.com%2Fdf10d%2Fimg%2Favatars%2Fava_0024-72.png",
            "first_name": "Araminta",
            "real_name": "Araminta Robertson",
            "display_name": "Araminta Robertson",
            "team": "TJE58GTJL",
            "name": "robertsona98",
            "is_restricted": false,
            "is_ultra_restricted": false
        },
        "blocks": [
            {
                "type": "rich_text",
                "block_id": "yJ6",
                "elements": [
                    {
                        "type": "rich_text_section",
                        "elements": [
                            {
                                "type": "text",
                                "text": "In this case they are a VC backed startup, so they should have the funds to pay. I like your idea of a deposit: asking for first month upfront and then every month after that 30 days net. Do you think that would work?"
                            }
                        ]
                    }
                ]
            }
        ],
        "thread_ts": "1635489914.045200",
        "parent_user_id": "U01MW6DPU72"
    },
    {
        "client_msg_id": "34c6197b-addf-4757-bc54-07c0bb6c91f8",
        "type": "message",
        "text": "We ask for quarterly payments up-front, but offer an option to do monthly payments for a 10% premium.\n\nAlmost all our clients are vc-backed startups.\n\nIt sort of depends how in-demand you are. We happen to be really backlogged with work, so we can be a bit more picky right now.",
        "user": "U029CTQ5X6Y",
        "ts": "1635515500.053400",
        "team": "TJE58GTJL",
        "user_team": "TJE58GTJL",
        "source_team": "TJE58GTJL",
        "user_profile": {
            "avatar_hash": "4d1afd4712b9",
            "image_72": "https:\/\/avatars.slack-edge.com\/2021-07-26\/2312909469026_4d1afd4712b9f77f1af8_72.jpg",
            "first_name": "Karl",
            "real_name": "Karl Hughes",
            "display_name": "Karl (Draft.dev)",
            "team": "TJE58GTJL",
            "name": "khughes.me",
            "is_restricted": false,
            "is_ultra_restricted": false
        },
        "blocks": [
            {
                "type": "rich_text",
                "block_id": "2M6",
                "elements": [
                    {
                        "type": "rich_text_section",
                        "elements": [
                            {
                                "type": "text",
                                "text": "We ask for quarterly payments up-front, but offer an option to do monthly payments for a 10% premium.\n\nAlmost all our clients are vc-backed startups.\n\nIt sort of depends how in-demand you are. We happen to be really backlogged with work, so we can be a bit more picky right now."
                            }
                        ]
                    }
                ]
            }
        ],
        "thread_ts": "1635489914.045200",
        "parent_user_id": "U01MW6DPU72"
    },
    {
        "client_msg_id": "169aa059-5ed0-4dc9-894e-f460e7abbdd1",
        "type": "message",
        "text": "My friend has a really small Wordpress agency: <https:\/\/alphaparticle.com\/>\n\nJust him and a couple others, so they’re pretty reasonable.",
        "user": "U029CTQ5X6Y",
        "ts": "1635515587.053600",
        "team": "TJE58GTJL",
        "user_team": "TJE58GTJL",
        "source_team": "TJE58GTJL",
        "user_profile": {
            "avatar_hash": "4d1afd4712b9",
            "image_72": "https:\/\/avatars.slack-edge.com\/2021-07-26\/2312909469026_4d1afd4712b9f77f1af8_72.jpg",
            "first_name": "Karl",
            "real_name": "Karl Hughes",
            "display_name": "Karl (Draft.dev)",
            "team": "TJE58GTJL",
            "name": "khughes.me",
            "is_restricted": false,
            "is_ultra_restricted": false
        },
        "attachments": [
            {
                "service_name": "Alpha Particle",
                "title": "Alpha Particle | Advancing your digital product product to the next stage | Alpha Particle",
                "title_link": "https:\/\/alphaparticle.com\/",
                "fallback": "Alpha Particle: Alpha Particle | Advancing your digital product product to the next stage | Alpha Particle",
                "image_url": "https:\/\/alphaparticle.com\/wp-content\/uploads\/2018\/02\/AP-open-graph-720x350.png",
                "image_width": 514,
                "image_height": 250,
                "from_url": "https:\/\/alphaparticle.com\/",
                "image_bytes": 26871,
                "service_icon": "https:\/\/alphaparticle.com\/wp-content\/themes\/alpha-particle\/favicons\/apple-icon-57x57.png",
                "id": 1,
                "original_url": "https:\/\/alphaparticle.com\/"
            }
        ],
        "blocks": [
            {
                "type": "rich_text",
                "block_id": "a0q",
                "elements": [
                    {
                        "type": "rich_text_section",
                        "elements": [
                            {
                                "type": "text",
                                "text": "My friend has a really small Wordpress agency: "
                            },
                            {
                                "type": "link",
                                "url": "https:\/\/alphaparticle.com\/"
                            },
                            {
                                "type": "text",
                                "text": "\n\nJust him and a couple others, so they’re pretty reasonable."
                            }
                        ]
                    }
                ]
            }
        ],
        "thread_ts": "1635270986.025000",
        "parent_user_id": "UJ2MNAS59"
    },
    {
        "client_msg_id": "dd1d8efe-c121-4042-8e87-f968f928c8f1",
        "type": "message",
        "text": "We’re actually adding that as an add-on service next year if you don’t end up finding someone full-time.",
        "user": "U029CTQ5X6Y",
        "ts": "1635515638.053900",
        "team": "TJE58GTJL",
        "user_team": "TJE58GTJL",
        "source_team": "TJE58GTJL",
        "user_profile": {
            "avatar_hash": "4d1afd4712b9",
            "image_72": "https:\/\/avatars.slack-edge.com\/2021-07-26\/2312909469026_4d1afd4712b9f77f1af8_72.jpg",
            "first_name": "Karl",
            "real_name": "Karl Hughes",
            "display_name": "Karl (Draft.dev)",
            "team": "TJE58GTJL",
            "name": "khughes.me",
            "is_restricted": false,
            "is_ultra_restricted": false
        },
        "blocks": [
            {
                "type": "rich_text",
                "block_id": "Gvp",
                "elements": [
                    {
                        "type": "rich_text_section",
                        "elements": [
                            {
                                "type": "text",
                                "text": "We’re actually adding that as an add-on service next year if you don’t end up finding someone full-time."
                            }
                        ]
                    }
                ]
            }
        ],
        "thread_ts": "1634756304.424500",
        "parent_user_id": "U02625MJG3W"
    },
    {
        "client_msg_id": "c2563c7f-5371-4172-a80f-db78f2b2761a",
        "type": "message",
        "text": "This is all we do at <http:\/\/Draft.dev|Draft.dev>\n\nFeel free to grab a spot on my calendar next month: <https:\/\/calendly.com\/karlhughes\/draft?month=2021-11>\n\nWe have over 130 writers covering a lot of topics in CI\/CD, K8s, Devops, etc.\n\nBut totally understand if you wanna run your own freelance program instead of using an agency.",
        "user": "U029CTQ5X6Y",
        "ts": "1635515724.054100",
        "team": "TJE58GTJL",
        "user_team": "TJE58GTJL",
        "source_team": "TJE58GTJL",
        "user_profile": {
            "avatar_hash": "4d1afd4712b9",
            "image_72": "https:\/\/avatars.slack-edge.com\/2021-07-26\/2312909469026_4d1afd4712b9f77f1af8_72.jpg",
            "first_name": "Karl",
            "real_name": "Karl Hughes",
            "display_name": "Karl (Draft.dev)",
            "team": "TJE58GTJL",
            "name": "khughes.me",
            "is_restricted": false,
            "is_ultra_restricted": false
        },
        "attachments": [
            {
                "service_name": "Calendly",
                "title": "Draft.dev Discovery Call - Karl Hughes",
                "title_link": "https:\/\/calendly.com\/karlhughes\/draft?month=2021-11",
                "text": "Schedule a 30-minute call to see if Draft.dev can help you with your technical content marketing plan.If you have a specific question or can't find a time that works for you, please email sales@draft.dev.",
                "fallback": "Calendly: Draft.dev Discovery Call - Karl Hughes",
                "thumb_url": "https:\/\/d3v0px0pttie1i.cloudfront.net\/uploads\/user\/avatar\/2717880\/1ff46184.jpg?source=opengraph",
                "from_url": "https:\/\/calendly.com\/karlhughes\/draft?month=2021-11",
                "thumb_width": 200,
                "thumb_height": 200,
                "service_icon": "https:\/\/assets.calendly.com\/assets\/touch-icon-iphone-260067382323ed52661bd79f4fa22edee49175d0d5b1cfc96cdc28eabbea159a.png",
                "id": 1,
                "original_url": "https:\/\/calendly.com\/karlhughes\/draft?month=2021-11"
            }
        ],
        "blocks": [
            {
                "type": "rich_text",
                "block_id": "8b9",
                "elements": [
                    {
                        "type": "rich_text_section",
                        "elements": [
                            {
                                "type": "text",
                                "text": "This is all we do at "
                            },
                            {
                                "type": "link",
                                "url": "http:\/\/Draft.dev",
                                "text": "Draft.dev"
                            },
                            {
                                "type": "text",
                                "text": "\n\nFeel free to grab a spot on my calendar next month: "
                            },
                            {
                                "type": "link",
                                "url": "https:\/\/calendly.com\/karlhughes\/draft?month=2021-11"
                            },
                            {
                                "type": "text",
                                "text": "\n\nWe have over 130 writers covering a lot of topics in CI\/CD, K8s, Devops, etc.\n\nBut totally understand if you wanna run your own freelance program instead of using an agency."
                            }
                        ]
                    }
                ]
            }
        ],
        "thread_ts": "1634630629.410800",
        "parent_user_id": "U02HWBZS9QC"
    },
    {
        "client_msg_id": "94a8cbac-0111-4e17-b7c0-c85cb6219de6",
        "type": "message",
        "text": "I like that approach. Usually I never have a problem with upfront monthly payments but this client is being picky, which is why I'm not sure what to do. I can afford to be picky too, but I like this prospect and want it to work out.",
        "user": "U01MW6DPU72",
        "ts": "1635517865.054600",
        "team": "TJE58GTJL",
        "user_team": "TJE58GTJL",
        "source_team": "TJE58GTJL",
        "user_profile": {
            "avatar_hash": "g2ab21f412c3",
            "image_72": "https:\/\/secure.gravatar.com\/avatar\/2ab21f412c3215ee2b3c2994772c589e.jpg?s=72&d=https%3A%2F%2Fa.slack-edge.com%2Fdf10d%2Fimg%2Favatars%2Fava_0024-72.png",
            "first_name": "Araminta",
            "real_name": "Araminta Robertson",
            "display_name": "Araminta Robertson",
            "team": "TJE58GTJL",
            "name": "robertsona98",
            "is_restricted": false,
            "is_ultra_restricted": false
        },
        "blocks": [
            {
                "type": "rich_text",
                "block_id": "B\/V\/",
                "elements": [
                    {
                        "type": "rich_text_section",
                        "elements": [
                            {
                                "type": "text",
                                "text": "I like that approach. Usually I never have a problem with upfront monthly payments but this client is being picky, which is why I'm not sure what to do. I can afford to be picky too, but I like this prospect and want it to work out."
                            }
                        ]
                    }
                ]
            }
        ],
        "thread_ts": "1635489914.045200",
        "parent_user_id": "U01MW6DPU72"
    },
    {
        "client_msg_id": "193f8084-100b-46e1-b538-00a56f349881",
        "type": "message",
        "text": "If he doesn't accept the deposit then I'll do monthly payments for 10% premium",
        "user": "U01MW6DPU72",
        "ts": "1635517878.054800",
        "team": "TJE58GTJL",
        "user_team": "TJE58GTJL",
        "source_team": "TJE58GTJL",
        "user_profile": {
            "avatar_hash": "g2ab21f412c3",
            "image_72": "https:\/\/secure.gravatar.com\/avatar\/2ab21f412c3215ee2b3c2994772c589e.jpg?s=72&d=https%3A%2F%2Fa.slack-edge.com%2Fdf10d%2Fimg%2Favatars%2Fava_0024-72.png",
            "first_name": "Araminta",
            "real_name": "Araminta Robertson",
            "display_name": "Araminta Robertson",
            "team": "TJE58GTJL",
            "name": "robertsona98",
            "is_restricted": false,
            "is_ultra_restricted": false
        },
        "blocks": [
            {
                "type": "rich_text",
                "block_id": "msV+",
                "elements": [
                    {
                        "type": "rich_text_section",
                        "elements": [
                            {
                                "type": "text",
                                "text": "If he doesn't accept the deposit then I'll do monthly payments for 10% premium"
                            }
                        ]
                    }
                ]
            }
        ],
        "thread_ts": "1635489914.045200",
        "parent_user_id": "U01MW6DPU72"
    },
    {
        "client_msg_id": "65375957-ae2e-4957-9763-583d8e02fd21",
        "type": "message",
        "text": "Gotcha. Yeah, I’ve also done premiums with big companies that have to do net 60 terms.\n\nWe started working with a few public co’s recently, and they all want to pay after delivery. It’s fine since i know they’re good for it, but I have to charge more so I can float the payments to writers\/editors.",
        "user": "U029CTQ5X6Y",
        "ts": "1635517930.055000",
        "team": "TJE58GTJL",
        "user_team": "TJE58GTJL",
        "source_team": "TJE58GTJL",
        "user_profile": {
            "avatar_hash": "4d1afd4712b9",
            "image_72": "https:\/\/avatars.slack-edge.com\/2021-07-26\/2312909469026_4d1afd4712b9f77f1af8_72.jpg",
            "first_name": "Karl",
            "real_name": "Karl Hughes",
            "display_name": "Karl (Draft.dev)",
            "team": "TJE58GTJL",
            "name": "khughes.me",
            "is_restricted": false,
            "is_ultra_restricted": false
        },
        "blocks": [
            {
                "type": "rich_text",
                "block_id": "3aA",
                "elements": [
                    {
                        "type": "rich_text_section",
                        "elements": [
                            {
                                "type": "text",
                                "text": "Gotcha. Yeah, I’ve also done premiums with big companies that have to do net 60 terms.\n\nWe started working with a few public co’s recently, and they all want to pay after delivery. It’s fine since i know they’re good for it, but I have to charge more so I can float the payments to writers\/editors."
                            }
                        ]
                    }
                ]
            }
        ],
        "thread_ts": "1635489914.045200",
        "parent_user_id": "U01MW6DPU72"
    },
    {
        "client_msg_id": "67a9bfaa-5b3c-42f4-a14d-9729b807ec47",
        "type": "message",
        "text": "They usually understand that.",
        "user": "U029CTQ5X6Y",
        "ts": "1635517940.055200",
        "team": "TJE58GTJL",
        "user_team": "TJE58GTJL",
        "source_team": "TJE58GTJL",
        "user_profile": {
            "avatar_hash": "4d1afd4712b9",
            "image_72": "https:\/\/avatars.slack-edge.com\/2021-07-26\/2312909469026_4d1afd4712b9f77f1af8_72.jpg",
            "first_name": "Karl",
            "real_name": "Karl Hughes",
            "display_name": "Karl (Draft.dev)",
            "team": "TJE58GTJL",
            "name": "khughes.me",
            "is_restricted": false,
            "is_ultra_restricted": false
        },
        "blocks": [
            {
                "type": "rich_text",
                "block_id": "N6i",
                "elements": [
                    {
                        "type": "rich_text_section",
                        "elements": [
                            {
                                "type": "text",
                                "text": "They usually understand that."
                            }
                        ]
                    }
                ]
            }
        ],
        "thread_ts": "1635489914.045200",
        "parent_user_id": "U01MW6DPU72"
    },
    {
        "client_msg_id": "912ccce1-167c-4559-8c19-0561f0b742d1",
        "type": "message",
        "text": "Awesome, that makes sense. I'll use that then. Thanks a lot Karl!",
        "user": "U01MW6DPU72",
        "ts": "1635517970.055400",
        "team": "TJE58GTJL",
        "user_team": "TJE58GTJL",
        "source_team": "TJE58GTJL",
        "user_profile": {
            "avatar_hash": "g2ab21f412c3",
            "image_72": "https:\/\/secure.gravatar.com\/avatar\/2ab21f412c3215ee2b3c2994772c589e.jpg?s=72&d=https%3A%2F%2Fa.slack-edge.com%2Fdf10d%2Fimg%2Favatars%2Fava_0024-72.png",
            "first_name": "Araminta",
            "real_name": "Araminta Robertson",
            "display_name": "Araminta Robertson",
            "team": "TJE58GTJL",
            "name": "robertsona98",
            "is_restricted": false,
            "is_ultra_restricted": false
        },
        "blocks": [
            {
                "type": "rich_text",
                "block_id": "Qnx",
                "elements": [
                    {
                        "type": "rich_text_section",
                        "elements": [
                            {
                                "type": "text",
                                "text": "Awesome, that makes sense. I'll use that then. Thanks a lot Karl!"
                            }
                        ]
                    }
                ]
            }
        ],
        "thread_ts": "1635489914.045200",
        "parent_user_id": "U01MW6DPU72"
    }
]