[
    {
        "client_msg_id": "6b476a86-8962-4fc0-9d0e-220c0c9dc22e",
        "type": "message",
        "text": "Thank you! Will send those over",
        "user": "U01MW6DPU72",
        "ts": "1635332221.029600",
        "team": "TJE58GTJL",
        "user_team": "TJE58GTJL",
        "source_team": "TJE58GTJL",
        "user_profile": {
            "avatar_hash": "g2ab21f412c3",
            "image_72": "https:\/\/secure.gravatar.com\/avatar\/2ab21f412c3215ee2b3c2994772c589e.jpg?s=72&d=https%3A%2F%2Fa.slack-edge.com%2Fdf10d%2Fimg%2Favatars%2Fava_0024-72.png",
            "first_name": "Araminta",
            "real_name": "Araminta Robertson",
            "display_name": "Araminta Robertson",
            "team": "TJE58GTJL",
            "name": "robertsona98",
            "is_restricted": false,
            "is_ultra_restricted": false
        },
        "blocks": [
            {
                "type": "rich_text",
                "block_id": "0=RzZ",
                "elements": [
                    {
                        "type": "rich_text_section",
                        "elements": [
                            {
                                "type": "text",
                                "text": "Thank you! Will send those over"
                            }
                        ]
                    }
                ]
            }
        ],
        "thread_ts": "1635240670.019900",
        "parent_user_id": "U01MW6DPU72",
        "reactions": [
            {
                "name": "raised_hands",
                "users": [
                    "U02CZJT4FDG"
                ],
                "count": 1
            }
        ]
    },
    {
        "bot_id": "B023BC3A2UV",
        "type": "message",
        "text": "_[sponsored]_ Shout out to <@UN9CGN894> for supporting Superath and our freelance channel :partying_face:Tired of grabbing outdated statistics from roundup posts? PrimoStats helps content marketers find and cite stats in less time. Try for free: <https:\/\/primostats.com>",
        "user": "UJG9WTEKG",
        "ts": "1635346808.030000",
        "team": "TJE58GTJL",
        "bot_profile": {
            "id": "B023BC3A2UV",
            "app_id": "AL3SX1B6J",
            "name": "Send It Later",
            "icons": {
                "image_36": "https:\/\/avatars.slack-edge.com\/2019-07-02\/671777182994_a14924be81a633327b73_36.png",
                "image_48": "https:\/\/avatars.slack-edge.com\/2019-07-02\/671777182994_a14924be81a633327b73_48.png",
                "image_72": "https:\/\/avatars.slack-edge.com\/2019-07-02\/671777182994_a14924be81a633327b73_72.png"
            },
            "deleted": false,
            "updated": 1622231340,
            "team_id": "TJE58GTJL"
        },
        "edited": {
            "user": "B023BC3A2UV",
            "ts": "1635346811.000000"
        },
        "attachments": [
            {
                "service_name": "PrimoStats -",
                "title": "PrimoStats",
                "title_link": "https:\/\/primostats.com\/",
                "text": "No more grabbing stats from shady roundup posts. Get access to a searchable database where you can quickly filter through relevant stats.",
                "fallback": "PrimoStats -: PrimoStats",
                "thumb_url": "https:\/\/primostats.com\/wp-content\/uploads\/2021\/10\/PrimoStats.png",
                "fields": [
                    {
                        "title": "Est. reading time",
                        "value": "2 minutes",
                        "short": true
                    }
                ],
                "ts": 1624291785,
                "from_url": "https:\/\/primostats.com\/",
                "thumb_width": 372,
                "thumb_height": 372,
                "service_icon": "https:\/\/primostats.com\/wp-content\/uploads\/2021\/06\/cropped-favicon-180x180.png",
                "id": 1,
                "original_url": "https:\/\/primostats.com"
            }
        ],
        "reactions": [
            {
                "name": "partyparrot",
                "users": [
                    "UJG9WTEKG"
                ],
                "count": 1
            }
        ]
    },
    {
        "client_msg_id": "341ded80-748a-4433-a7a4-a83c3945d00c",
        "type": "message",
        "text": "Hey all, I've been freelancing for 18 months but don't actually have any terms and conditions yet. So far everything has been sweet, clients have paid on time etc, but I feel this is something I need to get sorted. Is anyone happy to share theirs as inspiration? I don't really know what to include.\nI don't ask for any upfront payment ever so don't need that kind of clause but could do with something to cover scope creep, rounds of edits, and late payment. Thanks :slightly_smiling_face:",
        "user": "U02AR2XSN1M",
        "ts": "1635376043.032800",
        "team": "TJE58GTJL",
        "user_team": "TJE58GTJL",
        "source_team": "TJE58GTJL",
        "user_profile": {
            "avatar_hash": "b0fa34c3f8f5",
            "image_72": "https:\/\/avatars.slack-edge.com\/2021-08-16\/2368450553975_b0fa34c3f8f5e02f6b43_72.jpg",
            "first_name": "Leonie",
            "real_name": "Leonie Waldron",
            "display_name": "Leonie Waldron",
            "team": "TJE58GTJL",
            "name": "leonie",
            "is_restricted": false,
            "is_ultra_restricted": false
        },
        "blocks": [
            {
                "type": "rich_text",
                "block_id": "1a167",
                "elements": [
                    {
                        "type": "rich_text_section",
                        "elements": [
                            {
                                "type": "text",
                                "text": "Hey all, I've been freelancing for 18 months but don't actually have any terms and conditions yet. So far everything has been sweet, clients have paid on time etc, but I feel this is something I need to get sorted. Is anyone happy to share theirs as inspiration? I don't really know what to include.\nI don't ask for any upfront payment ever so don't need that kind of clause but could do with something to cover scope creep, rounds of edits, and late payment. Thanks "
                            },
                            {
                                "type": "emoji",
                                "name": "slightly_smiling_face"
                            }
                        ]
                    }
                ]
            }
        ],
        "thread_ts": "1635376043.032800",
        "reply_count": 4,
        "reply_users_count": 4,
        "latest_reply": "1635442762.035400",
        "reply_users": [
            "U01KH3P18RZ",
            "U02AR2XSN1M",
            "UJ57DB9BM",
            "U02BUCR0FLH"
        ],
        "replies": [
            {
                "user": "U01KH3P18RZ",
                "ts": "1635380291.032900"
            },
            {
                "user": "U02AR2XSN1M",
                "ts": "1635383632.033300"
            },
            {
                "user": "UJ57DB9BM",
                "ts": "1635436637.034000"
            },
            {
                "user": "U02BUCR0FLH",
                "ts": "1635442762.035400"
            }
        ],
        "is_locked": false,
        "subscribed": false
    },
    {
        "client_msg_id": "5bb70f10-e4c5-448b-a4cf-a2c93e56c716",
        "type": "message",
        "text": "This could be a good starting point: <https:\/\/stuffandnonsense.co.uk\/projects\/contract-killer>",
        "user": "U01KH3P18RZ",
        "ts": "1635380291.032900",
        "team": "TJE58GTJL",
        "user_team": "TJE58GTJL",
        "source_team": "TJE58GTJL",
        "user_profile": {
            "avatar_hash": "fab0c6d48595",
            "image_72": "https:\/\/avatars.slack-edge.com\/2021-05-28\/2110157153414_fab0c6d48595c62a6594_72.jpg",
            "first_name": "Kai",
            "real_name": "Kai Davis",
            "display_name": "Kai (Your Shopify SEO Guy)",
            "team": "TJE58GTJL",
            "name": "kai",
            "is_restricted": false,
            "is_ultra_restricted": false
        },
        "attachments": [
            {
                "title": "Contract Killer contract",
                "title_link": "https:\/\/stuffandnonsense.co.uk\/projects\/contract-killer",
                "text": "A free-to-use, plain language contract template. Contract Killer has been used by thousands of website designers and developers on countless projects.",
                "fallback": "Contract Killer contract",
                "thumb_url": "https:\/\/res.cloudinary.com\/malarkey\/image\/upload\/v1609504947\/SN2021\/img-andy.jpg",
                "from_url": "https:\/\/stuffandnonsense.co.uk\/projects\/contract-killer",
                "thumb_width": 600,
                "thumb_height": 600,
                "service_icon": "https:\/\/res.cloudinary.com\/malarkey\/image\/upload\/v1609506701\/SN2021\/apple-touch-icon.png",
                "service_name": "stuffandnonsense.co.uk",
                "id": 1,
                "original_url": "https:\/\/stuffandnonsense.co.uk\/projects\/contract-killer"
            }
        ],
        "blocks": [
            {
                "type": "rich_text",
                "block_id": "9D1mV",
                "elements": [
                    {
                        "type": "rich_text_section",
                        "elements": [
                            {
                                "type": "text",
                                "text": "This could be a good starting point: "
                            },
                            {
                                "type": "link",
                                "url": "https:\/\/stuffandnonsense.co.uk\/projects\/contract-killer"
                            }
                        ]
                    }
                ]
            }
        ],
        "thread_ts": "1635376043.032800",
        "parent_user_id": "U02AR2XSN1M"
    },
    {
        "client_msg_id": "87100cdf-7ec0-4388-ba65-d629806caa95",
        "type": "message",
        "text": "Ooo interesting I'll check that out, thanks <@U01KH3P18RZ>",
        "user": "U02AR2XSN1M",
        "ts": "1635383632.033300",
        "team": "TJE58GTJL",
        "user_team": "TJE58GTJL",
        "source_team": "TJE58GTJL",
        "user_profile": {
            "avatar_hash": "b0fa34c3f8f5",
            "image_72": "https:\/\/avatars.slack-edge.com\/2021-08-16\/2368450553975_b0fa34c3f8f5e02f6b43_72.jpg",
            "first_name": "Leonie",
            "real_name": "Leonie Waldron",
            "display_name": "Leonie Waldron",
            "team": "TJE58GTJL",
            "name": "leonie",
            "is_restricted": false,
            "is_ultra_restricted": false
        },
        "blocks": [
            {
                "type": "rich_text",
                "block_id": "hfg",
                "elements": [
                    {
                        "type": "rich_text_section",
                        "elements": [
                            {
                                "type": "text",
                                "text": "Ooo interesting I'll check that out, thanks "
                            },
                            {
                                "type": "user",
                                "user_id": "U01KH3P18RZ"
                            }
                        ]
                    }
                ]
            }
        ],
        "thread_ts": "1635376043.032800",
        "parent_user_id": "U02AR2XSN1M"
    }
]