[
    {
        "type": "message",
        "text": "I'm at 8% this year - thanks for the nudge to review this number! I do all my own accounts\/admin\/blogging\/ socials too, although only post 1 article a month and don't advertise at all so my socials are mainly just maintenance; I schedule posts for ~3 times a week.\nI track initial conversations with leads as client work, tagged with their company name. That way, if a project moves ahead and I know I've already spent 3 hours on zoom calls and strategy\/thinking time, I can build that into the invoice",
        "files": [
            {
                "id": "F02Q88TFR0E",
                "created": 1639344407,
                "timestamp": 1639344407,
                "name": "image.png",
                "title": "image.png",
                "mimetype": "image\/png",
                "filetype": "png",
                "pretty_type": "PNG",
                "user": "U02AR2XSN1M",
                "editable": false,
                "size": 8173,
                "mode": "hosted",
                "is_external": false,
                "external_type": "",
                "is_public": true,
                "public_url_shared": false,
                "display_as_bot": false,
                "username": "",
                "url_private": "https:\/\/files.slack.com\/files-pri\/TJE58GTJL-F02Q88TFR0E\/image.png?t=xoxe-626178571632-3467451922035-3469800396036-b45365c7edcd0220272aa8a422c2b82f",
                "url_private_download": "https:\/\/files.slack.com\/files-pri\/TJE58GTJL-F02Q88TFR0E\/download\/image.png?t=xoxe-626178571632-3467451922035-3469800396036-b45365c7edcd0220272aa8a422c2b82f",
                "media_display_type": "unknown",
                "thumb_64": "https:\/\/files.slack.com\/files-tmb\/TJE58GTJL-F02Q88TFR0E-178b90f785\/image_64.png?t=xoxe-626178571632-3467451922035-3469800396036-b45365c7edcd0220272aa8a422c2b82f",
                "thumb_80": "https:\/\/files.slack.com\/files-tmb\/TJE58GTJL-F02Q88TFR0E-178b90f785\/image_80.png?t=xoxe-626178571632-3467451922035-3469800396036-b45365c7edcd0220272aa8a422c2b82f",
                "thumb_360": "https:\/\/files.slack.com\/files-tmb\/TJE58GTJL-F02Q88TFR0E-178b90f785\/image_360.png?t=xoxe-626178571632-3467451922035-3469800396036-b45365c7edcd0220272aa8a422c2b82f",
                "thumb_360_w": 232,
                "thumb_360_h": 176,
                "thumb_160": "https:\/\/files.slack.com\/files-tmb\/TJE58GTJL-F02Q88TFR0E-178b90f785\/image_160.png?t=xoxe-626178571632-3467451922035-3469800396036-b45365c7edcd0220272aa8a422c2b82f",
                "original_w": 232,
                "original_h": 176,
                "thumb_tiny": "AwAkADDSpCW7KPzpaQrk0AJl8fdH50qlj1GPxpApHelCkDrQAtFFFABSZbn5R7c0tNK5PWgAy+Puj86VS3cAfjSbDg\/NShSB1oAWiiigAozRSHrQAoOc0Ui96WgAooooA\/\/Z",
                "permalink": "https:\/\/content-career-growth.slack.com\/files\/U02AR2XSN1M\/F02Q88TFR0E\/image.png",
                "permalink_public": "https:\/\/slack-files.com\/TJE58GTJL-F02Q88TFR0E-3ecaac4d9b",
                "is_starred": false,
                "has_rich_preview": false
            }
        ],
        "upload": false,
        "user": "U02AR2XSN1M",
        "display_as_bot": false,
        "ts": "1639344617.442900",
        "blocks": [
            {
                "type": "rich_text",
                "block_id": "2Sggu",
                "elements": [
                    {
                        "type": "rich_text_section",
                        "elements": [
                            {
                                "type": "text",
                                "text": "I'm at 8% this year - thanks for the nudge to review this number! I do all my own accounts\/admin\/blogging\/ socials too, although only post 1 article a month and don't advertise at all so my socials are mainly just maintenance; I schedule posts for ~3 times a week.\nI track initial conversations with leads as client work, tagged with their company name. That way, if a project moves ahead and I know I've already spent 3 hours on zoom calls and strategy\/thinking time, I can build that into the invoice"
                            }
                        ]
                    }
                ]
            }
        ],
        "client_msg_id": "d3c1c6e4-b295-4567-a2ca-a5537cc8d321",
        "thread_ts": "1639174209.436700",
        "parent_user_id": "U02Q67WK4LS"
    }
]