[
    {
        "client_msg_id": "f2f7d564-f955-430e-9a9e-f050d2a08ac6",
        "type": "message",
        "text": "Oh, I missed this somehow, <@U01AHL8AGBB>.  I think it works better in the world of SME content where the SMEs aren't professional writers.  I imagine the response to a pro proposing something like that would be, \"write better.\"  :laughing: With reducing time to draft when offering services, that definitely comes with its own incentives.  My business has switched largely to a batch content model for that exact reason -- deliver all of the content ASAP, and the discussion about the next batch starts earlier, and revenue front-loads.",
        "user": "U017XD7H4P7",
        "ts": "1624905189.191700",
        "team": "TJE58GTJL",
        "user_team": "TJE58GTJL",
        "source_team": "TJE58GTJL",
        "user_profile": {
            "avatar_hash": "f9ab77023918",
            "image_72": "https:\/\/avatars.slack-edge.com\/2020-07-29\/1256516765207_f9ab77023918e4c2b919_72.png",
            "first_name": "Erik",
            "real_name": "Erik Dietrich",
            "display_name": "Erik Dietrich",
            "team": "TJE58GTJL",
            "name": "erik",
            "is_restricted": false,
            "is_ultra_restricted": false
        },
        "blocks": [
            {
                "type": "rich_text",
                "block_id": "D8m",
                "elements": [
                    {
                        "type": "rich_text_section",
                        "elements": [
                            {
                                "type": "text",
                                "text": "Oh, I missed this somehow, "
                            },
                            {
                                "type": "user",
                                "user_id": "U01AHL8AGBB"
                            },
                            {
                                "type": "text",
                                "text": ".  I think it works better in the world of SME content where the SMEs aren't professional writers.  I imagine the response to a pro proposing something like that would be, \"write better.\"  "
                            },
                            {
                                "type": "emoji",
                                "name": "laughing"
                            },
                            {
                                "type": "text",
                                "text": " With reducing time to draft when offering services, that definitely comes with its own incentives.  My business has switched largely to a batch content model for that exact reason -- deliver all of the content ASAP, and the discussion about the next batch starts earlier, and revenue front-loads."
                            }
                        ]
                    }
                ]
            }
        ],
        "thread_ts": "1624437747.165300",
        "parent_user_id": "UJHMVAE3G"
    },
    {
        "client_msg_id": "F36D473C-CCA7-4475-8072-50545EEAC2FE",
        "type": "message",
        "text": "I’ve had a great experience with <http:\/\/www.jcefinancialcpa.com\/|http:\/\/www.jcefinancialcpa.com\/>",
        "user": "U02539G82R5",
        "ts": "1624914237.192200",
        "team": "TJE58GTJL",
        "user_team": "TJE58GTJL",
        "source_team": "TJE58GTJL",
        "user_profile": {
            "avatar_hash": "e0109f37fedc",
            "image_72": "https:\/\/avatars.slack-edge.com\/2021-06-18\/2181800693654_e0109f37fedc258950b3_72.jpg",
            "first_name": "",
            "real_name": "Satshabad Khalsa",
            "display_name": "Satshabad Khalsa",
            "team": "TJE58GTJL",
            "name": "satshabad",
            "is_restricted": false,
            "is_ultra_restricted": false
        },
        "blocks": [
            {
                "type": "rich_text",
                "block_id": "NJ+kb",
                "elements": [
                    {
                        "type": "rich_text_section",
                        "elements": [
                            {
                                "type": "text",
                                "text": "I’ve had a great experience with "
                            },
                            {
                                "type": "link",
                                "url": "http:\/\/www.jcefinancialcpa.com\/",
                                "text": "http:\/\/www.jcefinancialcpa.com\/"
                            }
                        ]
                    }
                ]
            }
        ],
        "thread_ts": "1624643219.190700",
        "parent_user_id": "UJH5BJQG0"
    },
    {
        "client_msg_id": "618B0F0B-105C-4E7C-8A23-733BF28EB682",
        "type": "message",
        "text": "Very affordable and great quality work ",
        "user": "U02539G82R5",
        "ts": "1624914360.192700",
        "team": "TJE58GTJL",
        "user_team": "TJE58GTJL",
        "source_team": "TJE58GTJL",
        "user_profile": {
            "avatar_hash": "e0109f37fedc",
            "image_72": "https:\/\/avatars.slack-edge.com\/2021-06-18\/2181800693654_e0109f37fedc258950b3_72.jpg",
            "first_name": "",
            "real_name": "Satshabad Khalsa",
            "display_name": "Satshabad Khalsa",
            "team": "TJE58GTJL",
            "name": "satshabad",
            "is_restricted": false,
            "is_ultra_restricted": false
        },
        "blocks": [
            {
                "type": "rich_text",
                "block_id": "gDpv",
                "elements": [
                    {
                        "type": "rich_text_section",
                        "elements": [
                            {
                                "type": "text",
                                "text": "Very affordable and great quality work "
                            }
                        ]
                    }
                ]
            }
        ],
        "thread_ts": "1624643219.190700",
        "parent_user_id": "UJH5BJQG0"
    },
    {
        "client_msg_id": "d7337f9e-33d6-42c1-8aef-e402269549d5",
        "type": "message",
        "text": "Howdy! I'm looking for a freelance content marketer with a technical background, or someone who's well versed in working with engineers, grasping technical details, etc.\n\nMy goal is to increase the brand awareness of the software and hardware engineering teams at Culture Biosciences.\n\nTo do that I'd like to have someone come in and interview engineers about their projects and help write blog posts for a to-be-created engineering blog. I'd also like to experiment with a work-in-public format on other channels like twitter and\/or linkedin (smaller pieces of content, more informal, pictures of the lab, etc).\n\nAll of this is in service of driving more inbound software and hardware engineers.\n\nAlso if someone knows a bit about content strategy, that would be very helpful as well.\n\nI'm not certain, but I think ~2 pieces of content a month would be a great start (maybe 1k - 1.5k words?)\n\nIf this sounds of interest, shoot me a DM.",
        "user": "U02539G82R5",
        "ts": "1624917662.199700",
        "team": "TJE58GTJL",
        "user_team": "TJE58GTJL",
        "source_team": "TJE58GTJL",
        "user_profile": {
            "avatar_hash": "e0109f37fedc",
            "image_72": "https:\/\/avatars.slack-edge.com\/2021-06-18\/2181800693654_e0109f37fedc258950b3_72.jpg",
            "first_name": "",
            "real_name": "Satshabad Khalsa",
            "display_name": "Satshabad Khalsa",
            "team": "TJE58GTJL",
            "name": "satshabad",
            "is_restricted": false,
            "is_ultra_restricted": false
        },
        "blocks": [
            {
                "type": "rich_text",
                "block_id": "n+A",
                "elements": [
                    {
                        "type": "rich_text_section",
                        "elements": [
                            {
                                "type": "text",
                                "text": "Howdy! I'm looking for a freelance content marketer with a technical background, or someone who's well versed in working with engineers, grasping technical details, etc.\n\nMy goal is to increase the brand awareness of the software and hardware engineering teams at Culture Biosciences.\n\nTo do that I'd like to have someone come in and interview engineers about their projects and help write blog posts for a to-be-created engineering blog. I'd also like to experiment with a work-in-public format on other channels like twitter and\/or linkedin (smaller pieces of content, more informal, pictures of the lab, etc).\n\nAll of this is in service of driving more inbound software and hardware engineers.\n\nAlso if someone knows a bit about content strategy, that would be very helpful as well.\n\nI'm not certain, but I think ~2 pieces of content a month would be a great start (maybe 1k - 1.5k words?)\n\nIf this sounds of interest, shoot me a DM."
                            }
                        ]
                    }
                ]
            }
        ],
        "thread_ts": "1624917662.199700",
        "reply_count": 1,
        "reply_users_count": 1,
        "latest_reply": "1624978143.200100",
        "reply_users": [
            "U01J84U3SQ6"
        ],
        "replies": [
            {
                "user": "U01J84U3SQ6",
                "ts": "1624978143.200100"
            }
        ],
        "is_locked": false,
        "subscribed": false,
        "reactions": [
            {
                "name": "+1",
                "users": [
                    "U01J84U3SQ6"
                ],
                "count": 1
            }
        ]
    }
]