[
    {
        "client_msg_id": "993bb862-ddea-42ee-a449-8c7c08958682",
        "type": "message",
        "text": "thanks for your responses :pray::skin-tone-2: i think i’ll start with a call _and_ setting up a filter to automated archive\/delete any emails from this person in my personal inbox. if they “strike out” again, i’ll rethink the partnership. appreciate everyone’s input!",
        "user": "UU07F98SJ",
        "ts": "1637249920.178000",
        "team": "TJE58GTJL",
        "user_team": "TJE58GTJL",
        "source_team": "TJE58GTJL",
        "user_profile": {
            "avatar_hash": "682a72b96df7",
            "image_72": "https:\/\/avatars.slack-edge.com\/2020-02-13\/953211117990_682a72b96df75795583f_72.png",
            "first_name": "Emily",
            "real_name": "Emily G",
            "display_name": "Emily G",
            "team": "TJE58GTJL",
            "name": "emily.gover",
            "is_restricted": false,
            "is_ultra_restricted": false
        },
        "blocks": [
            {
                "type": "rich_text",
                "block_id": "TQNr5",
                "elements": [
                    {
                        "type": "rich_text_section",
                        "elements": [
                            {
                                "type": "text",
                                "text": "thanks for your responses "
                            },
                            {
                                "type": "emoji",
                                "name": "pray",
                                "skin_tone": 2
                            },
                            {
                                "type": "text",
                                "text": " i think i’ll start with a call "
                            },
                            {
                                "type": "text",
                                "text": "and",
                                "style": {
                                    "italic": true
                                }
                            },
                            {
                                "type": "text",
                                "text": " setting up a filter to automated archive\/delete any emails from this person in my personal inbox. if they “strike out” again, i’ll rethink the partnership. appreciate everyone’s input!"
                            }
                        ]
                    }
                ]
            }
        ],
        "thread_ts": "1637164814.167400",
        "parent_user_id": "UU07F98SJ"
    },
    {
        "client_msg_id": "ccafa1fa-6902-4f37-a100-274cd9d3ca56",
        "type": "message",
        "text": "Yes, me too! Looking for help on a short-timeline project soon.",
        "user": "U01DEA6F7CH",
        "ts": "1637250480.180900",
        "team": "TJE58GTJL",
        "user_team": "TJE58GTJL",
        "source_team": "TJE58GTJL",
        "user_profile": {
            "avatar_hash": "70a1b3d3ea49",
            "image_72": "https:\/\/avatars.slack-edge.com\/2020-10-22\/1443614799301_70a1b3d3ea49adc43894_72.jpg",
            "first_name": "Lee",
            "real_name": "Lee Price",
            "display_name": "Lee Price",
            "team": "TJE58GTJL",
            "name": "lee792",
            "is_restricted": false,
            "is_ultra_restricted": false
        },
        "blocks": [
            {
                "type": "rich_text",
                "block_id": "m\/l\/A",
                "elements": [
                    {
                        "type": "rich_text_section",
                        "elements": [
                            {
                                "type": "text",
                                "text": "Yes, me too! Looking for help on a short-timeline project soon."
                            }
                        ]
                    }
                ]
            }
        ],
        "thread_ts": "1637081513.148100",
        "parent_user_id": "UN227ML2H"
    },
    {
        "client_msg_id": "b5c060a1-aceb-40a7-ae98-515c9ac9980d",
        "type": "message",
        "text": "Hi everyone. I see a few people I'll contact from scrolling through here but also sending out the specifics of what we need.\n\nI'm a sr content marketing manager at a software company that specializes in open source support. We're looking for technical writers with experience writing about software, open source, data science, among other things. :nerd_face:\n\nWe need experienced folks who can do more than scratch the surface on technical topics. Please pass on my info if this is you or someone you know!\n\n<mailto:kate.brack@openteams.com|kate.brack@openteams.com>\n<https:\/\/www.linkedin.com\/in\/kate-brack\/>",
        "user": "U02CE98M0TE",
        "ts": "1637250661.182700",
        "team": "TJE58GTJL",
        "user_team": "TJE58GTJL",
        "source_team": "TJE58GTJL",
        "user_profile": {
            "avatar_hash": "8eaced574be0",
            "image_72": "https:\/\/avatars.slack-edge.com\/2021-08-25\/2418952737651_8eaced574be0788e7314_72.jpg",
            "first_name": "Kate",
            "real_name": "Kate Brack",
            "display_name": "Kate Brack",
            "team": "TJE58GTJL",
            "name": "kate506",
            "is_restricted": false,
            "is_ultra_restricted": false
        },
        "blocks": [
            {
                "type": "rich_text",
                "block_id": "8UT",
                "elements": [
                    {
                        "type": "rich_text_section",
                        "elements": [
                            {
                                "type": "text",
                                "text": "Hi everyone. I see a few people I'll contact from scrolling through here but also sending out the specifics of what we need.\n\nI'm a sr content marketing manager at a software company that specializes in open source support. We're looking for technical writers with experience writing about software, open source, data science, among other things. "
                            },
                            {
                                "type": "emoji",
                                "name": "nerd_face"
                            },
                            {
                                "type": "text",
                                "text": "\n\nWe need experienced folks who can do more than scratch the surface on technical topics. Please pass on my info if this is you or someone you know!\n\n"
                            },
                            {
                                "type": "link",
                                "url": "mailto:kate.brack@openteams.com",
                                "text": "kate.brack@openteams.com"
                            },
                            {
                                "type": "text",
                                "text": "\n"
                            },
                            {
                                "type": "link",
                                "url": "https:\/\/www.linkedin.com\/in\/kate-brack\/"
                            }
                        ]
                    }
                ]
            }
        ],
        "thread_ts": "1637250661.182700",
        "reply_count": 4,
        "reply_users_count": 4,
        "latest_reply": "1638905413.379700",
        "reply_users": [
            "U02CTCZEL3E",
            "U029CTQ5X6Y",
            "U01PXN2LGAK",
            "U02PUQ6CQRX"
        ],
        "replies": [
            {
                "user": "U02CTCZEL3E",
                "ts": "1637252903.184500"
            },
            {
                "user": "U029CTQ5X6Y",
                "ts": "1637337146.206600"
            },
            {
                "user": "U01PXN2LGAK",
                "ts": "1637338879.207100"
            },
            {
                "user": "U02PUQ6CQRX",
                "ts": "1638905413.379700"
            }
        ],
        "is_locked": false,
        "subscribed": false,
        "reactions": [
            {
                "name": "eyes",
                "users": [
                    "UN227ML2H",
                    "UJG9WTEKG",
                    "U01J84U3SQ6"
                ],
                "count": 3
            },
            {
                "name": "raised_hands",
                "users": [
                    "U02FBJRCX71"
                ],
                "count": 1
            }
        ]
    },
    {
        "client_msg_id": "98af956e-7d3c-4dba-a6fa-55484fd9fe70",
        "type": "message",
        "text": "Hi all Im content lead for a SaaS sales engagement solution and we're looking for a director of content strategy to be my boss :joy:. Plz dm me if you'd like to know more or have someone in mind.",
        "user": "U02L06T4MM2",
        "ts": "1637252682.184300",
        "team": "TJE58GTJL",
        "user_team": "TJE58GTJL",
        "source_team": "TJE58GTJL",
        "user_profile": {
            "avatar_hash": "e5debb82b8da",
            "image_72": "https:\/\/avatars.slack-edge.com\/2021-11-02\/2690827921297_e5debb82b8da85ea1ff8_72.jpg",
            "first_name": "Christine",
            "real_name": "Christine Gomolka",
            "display_name": "Christine Gomolka",
            "team": "TJE58GTJL",
            "name": "christine",
            "is_restricted": false,
            "is_ultra_restricted": false
        },
        "blocks": [
            {
                "type": "rich_text",
                "block_id": "iSO",
                "elements": [
                    {
                        "type": "rich_text_section",
                        "elements": [
                            {
                                "type": "text",
                                "text": "Hi all Im content lead for a SaaS sales engagement solution and we're looking for a director of content strategy to be my boss "
                            },
                            {
                                "type": "emoji",
                                "name": "joy"
                            },
                            {
                                "type": "text",
                                "text": ". Plz dm me if you'd like to know more or have someone in mind."
                            }
                        ]
                    }
                ]
            }
        ],
        "thread_ts": "1637252682.184300",
        "reply_count": 3,
        "reply_users_count": 2,
        "latest_reply": "1637253368.185700",
        "reply_users": [
            "U02HWBZS9QC",
            "UJJFDTN8G"
        ],
        "replies": [
            {
                "user": "U02HWBZS9QC",
                "ts": "1637253218.184700"
            },
            {
                "user": "UJJFDTN8G",
                "ts": "1637253250.185200"
            },
            {
                "user": "U02HWBZS9QC",
                "ts": "1637253368.185700"
            }
        ],
        "is_locked": false,
        "subscribed": false
    },
    {
        "client_msg_id": "f9aea637-eaff-4b06-b93f-6d0973141788",
        "type": "message",
        "text": "Just sent you an email Kate to see if this is something I can help with :)",
        "user": "U02CTCZEL3E",
        "ts": "1637252903.184500",
        "team": "TJE58GTJL",
        "user_team": "TJE58GTJL",
        "source_team": "TJE58GTJL",
        "user_profile": {
            "avatar_hash": "g3beeb2d18df",
            "image_72": "https:\/\/secure.gravatar.com\/avatar\/3beeb2d18dfb62c4a48be52d8c8931d0.jpg?s=72&d=https%3A%2F%2Fa.slack-edge.com%2Fdf10d%2Fimg%2Favatars%2Fava_0018-72.png",
            "first_name": "Craig",
            "real_name": "Craig Dennis",
            "display_name": "Craig",
            "team": "TJE58GTJL",
            "name": "craigdennis1990",
            "is_restricted": false,
            "is_ultra_restricted": false
        },
        "blocks": [
            {
                "type": "rich_text",
                "block_id": "vX2g",
                "elements": [
                    {
                        "type": "rich_text_section",
                        "elements": [
                            {
                                "type": "text",
                                "text": "Just sent you an email Kate to see if this is something I can help with :)"
                            }
                        ]
                    }
                ]
            }
        ],
        "thread_ts": "1637250661.182700",
        "parent_user_id": "U02CE98M0TE",
        "reactions": [
            {
                "name": "+1",
                "users": [
                    "U02CE98M0TE"
                ],
                "count": 1
            }
        ]
    },
    {
        "client_msg_id": "f3d91fe4-74f0-4efc-ba52-a89c3c1da282",
        "type": "message",
        "text": "Haha, Good Luck! Finding your own boss is never easy.",
        "user": "U02HWBZS9QC",
        "ts": "1637253218.184700",
        "team": "TJE58GTJL",
        "user_team": "TJE58GTJL",
        "source_team": "TJE58GTJL",
        "user_profile": {
            "avatar_hash": "cea3c2adb719",
            "image_72": "https:\/\/avatars.slack-edge.com\/2021-12-23\/2879299611220_cea3c2adb71995b8fd88_72.jpg",
            "first_name": "Ankit",
            "real_name": "Ankit Vora",
            "display_name": "",
            "team": "TJE58GTJL",
            "name": "ankitplaynody",
            "is_restricted": false,
            "is_ultra_restricted": false
        },
        "edited": {
            "user": "U02HWBZS9QC",
            "ts": "1637253237.000000"
        },
        "blocks": [
            {
                "type": "rich_text",
                "block_id": "sf4",
                "elements": [
                    {
                        "type": "rich_text_section",
                        "elements": [
                            {
                                "type": "text",
                                "text": "Haha, Good Luck! Finding your own boss is never easy."
                            }
                        ]
                    }
                ]
            }
        ],
        "thread_ts": "1637252682.184300",
        "parent_user_id": "U02L06T4MM2"
    },
    {
        "client_msg_id": "d3227256-ca8b-4432-a003-128255ddcc79",
        "type": "message",
        "text": "Probably the best message ever sent in this workspace",
        "user": "UJJFDTN8G",
        "ts": "1637253250.185200",
        "team": "TJE58GTJL",
        "user_team": "TJE58GTJL",
        "source_team": "TJE58GTJL",
        "user_profile": {
            "avatar_hash": "gd91d89ae152",
            "image_72": "https:\/\/secure.gravatar.com\/avatar\/86d91d89ae1528e747f4a586668d5d87.jpg?s=72&d=https%3A%2F%2Fa.slack-edge.com%2Fdf10d%2Fimg%2Favatars%2Fava_0013-72.png",
            "first_name": "Dominic",
            "real_name": "Dominic Kent",
            "display_name": "Dom Kent",
            "team": "TJE58GTJL",
            "name": "dominic",
            "is_restricted": false,
            "is_ultra_restricted": false
        },
        "blocks": [
            {
                "type": "rich_text",
                "block_id": "ZWjZ",
                "elements": [
                    {
                        "type": "rich_text_section",
                        "elements": [
                            {
                                "type": "text",
                                "text": "Probably the best message ever sent in this workspace"
                            }
                        ]
                    }
                ]
            }
        ],
        "thread_ts": "1637252682.184300",
        "parent_user_id": "U02L06T4MM2"
    },
    {
        "client_msg_id": "70168e2e-5453-46c6-b109-55dfb7412dc2",
        "type": "message",
        "text": "Hello everyone! My name is Ricardo Gil and i'm a Lisbon based independent Digital Marketing Professional, Business Consultant and Certified Trainer with over 12 years experience worldwide. I provide a range of data-driven solutions designed to meet clients specific business needs, improving digital strategy and results. Feel free do add me on Linkedin: <http:\/\/linkedin.com\/in\/ricsgil|linkedin.com\/in\/ricsgil> and visite my personal website: <http:\/\/ricardo-gil.com|ricardo-gil.com>.",
        "user": "U02ME315CP9",
        "ts": "1637253253.185400",
        "team": "TJE58GTJL",
        "user_team": "TJE58GTJL",
        "source_team": "TJE58GTJL",
        "user_profile": {
            "avatar_hash": "002cdc3410d4",
            "image_72": "https:\/\/avatars.slack-edge.com\/2021-11-18\/2740470135781_002cdc3410d4a2c6f223_72.jpg",
            "first_name": "Ricardo",
            "real_name": "Ricardo Gil",
            "display_name": "Ricardo Gil",
            "team": "TJE58GTJL",
            "name": "ricardogil.projects",
            "is_restricted": false,
            "is_ultra_restricted": false
        },
        "blocks": [
            {
                "type": "rich_text",
                "block_id": "=sK",
                "elements": [
                    {
                        "type": "rich_text_section",
                        "elements": [
                            {
                                "type": "text",
                                "text": "Hello everyone! My name is Ricardo Gil and i'm a Lisbon based independent Digital Marketing Professional, Business Consultant and Certified Trainer with over 12 years experience worldwide. I provide a range of data-driven solutions designed to meet clients specific business needs, improving digital strategy and results. Feel free do add me on Linkedin: "
                            },
                            {
                                "type": "link",
                                "url": "http:\/\/linkedin.com\/in\/ricsgil",
                                "text": "linkedin.com\/in\/ricsgil"
                            },
                            {
                                "type": "text",
                                "text": " and visite my personal website: "
                            },
                            {
                                "type": "link",
                                "url": "http:\/\/ricardo-gil.com",
                                "text": "ricardo-gil.com"
                            },
                            {
                                "type": "text",
                                "text": "."
                            }
                        ]
                    }
                ]
            }
        ],
        "thread_ts": "1637253253.185400",
        "reply_count": 1,
        "reply_users_count": 1,
        "latest_reply": "1637253322.185500",
        "reply_users": [
            "U02HWBZS9QC"
        ],
        "replies": [
            {
                "user": "U02HWBZS9QC",
                "ts": "1637253322.185500"
            }
        ],
        "is_locked": false,
        "subscribed": false
    },
    {
        "client_msg_id": "2d049bea-999f-49e5-abe5-560aa4102771",
        "type": "message",
        "text": "Hi <@U02ME315CP9>\n\nI guess you can introduce yourself in the <#CJ2NPFWR0|-intros> channel :slightly_smiling_face:",
        "user": "U02HWBZS9QC",
        "ts": "1637253322.185500",
        "team": "TJE58GTJL",
        "user_team": "TJE58GTJL",
        "source_team": "TJE58GTJL",
        "user_profile": {
            "avatar_hash": "cea3c2adb719",
            "image_72": "https:\/\/avatars.slack-edge.com\/2021-12-23\/2879299611220_cea3c2adb71995b8fd88_72.jpg",
            "first_name": "Ankit",
            "real_name": "Ankit Vora",
            "display_name": "",
            "team": "TJE58GTJL",
            "name": "ankitplaynody",
            "is_restricted": false,
            "is_ultra_restricted": false
        },
        "blocks": [
            {
                "type": "rich_text",
                "block_id": "seCV",
                "elements": [
                    {
                        "type": "rich_text_section",
                        "elements": [
                            {
                                "type": "text",
                                "text": "Hi "
                            },
                            {
                                "type": "user",
                                "user_id": "U02ME315CP9"
                            },
                            {
                                "type": "text",
                                "text": "\n\nI guess you can introduce yourself in the "
                            },
                            {
                                "type": "channel",
                                "channel_id": "CJ2NPFWR0"
                            },
                            {
                                "type": "text",
                                "text": " channel "
                            },
                            {
                                "type": "emoji",
                                "name": "slightly_smiling_face"
                            }
                        ]
                    }
                ]
            }
        ],
        "thread_ts": "1637253253.185400",
        "parent_user_id": "U02ME315CP9",
        "reactions": [
            {
                "name": "+1",
                "users": [
                    "U02ME315CP9"
                ],
                "count": 1
            }
        ]
    },
    {
        "client_msg_id": "ba0763e5-9a73-4848-b786-cc67b3913cd0",
        "type": "message",
        "text": "Can't agree more <@UJJFDTN8G>",
        "user": "U02HWBZS9QC",
        "ts": "1637253368.185700",
        "team": "TJE58GTJL",
        "user_team": "TJE58GTJL",
        "source_team": "TJE58GTJL",
        "user_profile": {
            "avatar_hash": "cea3c2adb719",
            "image_72": "https:\/\/avatars.slack-edge.com\/2021-12-23\/2879299611220_cea3c2adb71995b8fd88_72.jpg",
            "first_name": "Ankit",
            "real_name": "Ankit Vora",
            "display_name": "",
            "team": "TJE58GTJL",
            "name": "ankitplaynody",
            "is_restricted": false,
            "is_ultra_restricted": false
        },
        "blocks": [
            {
                "type": "rich_text",
                "block_id": "XrbH",
                "elements": [
                    {
                        "type": "rich_text_section",
                        "elements": [
                            {
                                "type": "text",
                                "text": "Can't agree more "
                            },
                            {
                                "type": "user",
                                "user_id": "UJJFDTN8G"
                            }
                        ]
                    }
                ]
            }
        ],
        "thread_ts": "1637252682.184300",
        "parent_user_id": "U02L06T4MM2"
    },
    {
        "client_msg_id": "13E80588-C9C8-4930-8159-27FD13FF5D29",
        "type": "message",
        "text": "Howdy. I wouldn’t reply at all to anything sent to personal email. Even if you reply from biz account, you’re still signaling that’s an appropriate way to reach you. \n\nI do list out appropriate contact methods and response times in the contract. \n\nAnd I 2nd Cassandra’s suggestion that you make it clear again, and filter them out.  ",
        "user": "UN3RHBFBK",
        "ts": "1637256508.191600",
        "team": "TJE58GTJL",
        "user_team": "TJE58GTJL",
        "source_team": "TJE58GTJL",
        "user_profile": {
            "avatar_hash": "7699d1ebbced",
            "image_72": "https:\/\/avatars.slack-edge.com\/2019-09-13\/762155947638_7699d1ebbcede1be9642_72.jpg",
            "first_name": "Jennifer",
            "real_name": "Jennifer Oladipo",
            "display_name": "Jennifer Oladipo",
            "team": "TJE58GTJL",
            "name": "jennifer",
            "is_restricted": false,
            "is_ultra_restricted": false
        },
        "blocks": [
            {
                "type": "rich_text",
                "block_id": "25O",
                "elements": [
                    {
                        "type": "rich_text_section",
                        "elements": [
                            {
                                "type": "text",
                                "text": "Howdy. I wouldn’t reply at all to anything sent to personal email. Even if you reply from biz account, you’re still signaling that’s an appropriate way to reach you. \n"
                            },
                            {
                                "type": "text",
                                "text": "\nI do list out appropriate contact methods and response times in the contract. \n\nAnd I 2nd Cassandra’s suggestion that you make it clear again, and filter them out.  "
                            }
                        ]
                    }
                ]
            }
        ],
        "thread_ts": "1637164814.167400",
        "parent_user_id": "UU07F98SJ"
    },
    {
        "client_msg_id": "5CAF3DAF-494C-4744-873E-72CDFE9BC678",
        "type": "message",
        "text": "Hi <@U0166H7KUAZ> I work with somebody who does this ghostwriting, and I serve as their editor. Really great to work with. Can you share industry and budget for, say, a weekly post to know if it’s a possible fit? They have proprietary research on how the LinkedIn algorithm works and really know their stuff. ",
        "user": "UN3RHBFBK",
        "ts": "1637256751.194500",
        "team": "TJE58GTJL",
        "user_team": "TJE58GTJL",
        "source_team": "TJE58GTJL",
        "user_profile": {
            "avatar_hash": "7699d1ebbced",
            "image_72": "https:\/\/avatars.slack-edge.com\/2019-09-13\/762155947638_7699d1ebbcede1be9642_72.jpg",
            "first_name": "Jennifer",
            "real_name": "Jennifer Oladipo",
            "display_name": "Jennifer Oladipo",
            "team": "TJE58GTJL",
            "name": "jennifer",
            "is_restricted": false,
            "is_ultra_restricted": false
        },
        "edited": {
            "user": "UN3RHBFBK",
            "ts": "1637256823.000000"
        },
        "blocks": [
            {
                "type": "rich_text",
                "block_id": "Gzyc",
                "elements": [
                    {
                        "type": "rich_text_section",
                        "elements": [
                            {
                                "type": "text",
                                "text": "Hi "
                            },
                            {
                                "type": "user",
                                "user_id": "U0166H7KUAZ"
                            },
                            {
                                "type": "text",
                                "text": " I work with somebody who does this ghostwriting, and I serve as their editor. Really great to work with. Can you share industry and budget for, say, a weekly post to know if it’s a possible fit? They have proprietary research on how the LinkedIn algorithm works and really know their stuff. "
                            }
                        ]
                    }
                ]
            }
        ],
        "thread_ts": "1636935085.139400",
        "parent_user_id": "U0166H7KUAZ"
    },
    {
        "client_msg_id": "fe0fe41a-6ca7-4e39-80bb-5f03945b0080",
        "type": "message",
        "text": "Hi <@UN3RHBFBK> this is for a founder at a communications platform. Would just want to know your rates as we're in the initial planning stages.",
        "user": "U0166H7KUAZ",
        "ts": "1637259320.195100",
        "team": "TJE58GTJL",
        "user_team": "TJE58GTJL",
        "source_team": "TJE58GTJL",
        "user_profile": {
            "avatar_hash": "f58be1456496",
            "image_72": "https:\/\/avatars.slack-edge.com\/2020-06-29\/1197308509671_f58be1456496f374b7ea_72.jpg",
            "first_name": "",
            "real_name": "Phillip Paquette",
            "display_name": "Phillip Paquette",
            "team": "TJE58GTJL",
            "name": "phillippaquette",
            "is_restricted": false,
            "is_ultra_restricted": false
        },
        "blocks": [
            {
                "type": "rich_text",
                "block_id": "MWU",
                "elements": [
                    {
                        "type": "rich_text_section",
                        "elements": [
                            {
                                "type": "text",
                                "text": "Hi "
                            },
                            {
                                "type": "user",
                                "user_id": "UN3RHBFBK"
                            },
                            {
                                "type": "text",
                                "text": " this is for a founder at a communications platform. Would just want to know your rates as we're in the initial planning stages."
                            }
                        ]
                    }
                ]
            }
        ],
        "thread_ts": "1636935085.139400",
        "parent_user_id": "U0166H7KUAZ"
    },
    {
        "client_msg_id": "ab55f38a-815d-478a-82f9-558c756c55b0",
        "type": "message",
        "text": "Does anyone here specialize in social media: particularly YouTube and TikTok? Or know someone that does? If so I have a small job for you :slightly_smiling_face:",
        "user": "UN227ML2H",
        "ts": "1637259762.196000",
        "team": "TJE58GTJL",
        "user_team": "TJE58GTJL",
        "source_team": "TJE58GTJL",
        "user_profile": {
            "avatar_hash": "73075d02e70f",
            "image_72": "https:\/\/avatars.slack-edge.com\/2020-09-28\/1393806804451_73075d02e70f4a4344d6_72.jpg",
            "first_name": "Whitney",
            "real_name": "Whitney Rudeseal Peet",
            "display_name": "Whitney Rudeseal Peet",
            "team": "TJE58GTJL",
            "name": "whitneyrudeseal",
            "is_restricted": false,
            "is_ultra_restricted": false
        },
        "blocks": [
            {
                "type": "rich_text",
                "block_id": "GlzK",
                "elements": [
                    {
                        "type": "rich_text_section",
                        "elements": [
                            {
                                "type": "text",
                                "text": "Does anyone here specialize in social media: particularly YouTube and TikTok? Or know someone that does? If so I have a small job for you "
                            },
                            {
                                "type": "emoji",
                                "name": "slightly_smiling_face"
                            }
                        ]
                    }
                ]
            }
        ],
        "thread_ts": "1637259762.196000",
        "reply_count": 2,
        "reply_users_count": 2,
        "latest_reply": "1637309642.202200",
        "reply_users": [
            "U02NK9ZJSGY",
            "U02FSAADN2E"
        ],
        "replies": [
            {
                "user": "U02NK9ZJSGY",
                "ts": "1637280700.201400"
            },
            {
                "user": "U02FSAADN2E",
                "ts": "1637309642.202200"
            }
        ],
        "is_locked": false,
        "subscribed": false,
        "reactions": [
            {
                "name": "+1",
                "users": [
                    "U013JCCN8JE",
                    "U01TB1SDD61"
                ],
                "count": 2
            }
        ]
    },
    {
        "client_msg_id": "e2260b11-cc85-40af-93a4-fc574fa39ce6",
        "type": "message",
        "text": "I don't do any biz dev for them so let me check really quick about the best way to proceed.",
        "user": "UN3RHBFBK",
        "ts": "1637262780.196400",
        "team": "TJE58GTJL",
        "user_team": "TJE58GTJL",
        "source_team": "TJE58GTJL",
        "user_profile": {
            "avatar_hash": "7699d1ebbced",
            "image_72": "https:\/\/avatars.slack-edge.com\/2019-09-13\/762155947638_7699d1ebbcede1be9642_72.jpg",
            "first_name": "Jennifer",
            "real_name": "Jennifer Oladipo",
            "display_name": "Jennifer Oladipo",
            "team": "TJE58GTJL",
            "name": "jennifer",
            "is_restricted": false,
            "is_ultra_restricted": false
        },
        "blocks": [
            {
                "type": "rich_text",
                "block_id": "Mks",
                "elements": [
                    {
                        "type": "rich_text_section",
                        "elements": [
                            {
                                "type": "text",
                                "text": "I don't do any biz dev for them so let me check really quick about the best way to proceed."
                            }
                        ]
                    }
                ]
            }
        ],
        "thread_ts": "1636935085.139400",
        "parent_user_id": "U0166H7KUAZ"
    },
    {
        "client_msg_id": "7e24d411-fb20-4c10-8796-4da5234027aa",
        "type": "message",
        "text": "Hi all! Looking for some freelance design opportunities. Specialities include ebooks, landing pages and other marketing design for SaaS startups. Please DM me if you feel like we’d be a good fit!\n\nYou can check out my portfolio here: <https:\/\/puddlea.com>",
        "user": "U01RHT8800N",
        "ts": "1637262977.197800",
        "team": "TJE58GTJL",
        "user_team": "TJE58GTJL",
        "source_team": "TJE58GTJL",
        "user_profile": {
            "avatar_hash": "351f898be38f",
            "image_72": "https:\/\/avatars.slack-edge.com\/2021-03-18\/1874720693426_351f898be38f3e5a6753_72.png",
            "first_name": "mekkie",
            "real_name": "mekkie",
            "display_name": "mekkie",
            "team": "TJE58GTJL",
            "name": "mehakbansil",
            "is_restricted": false,
            "is_ultra_restricted": false
        },
        "edited": {
            "user": "U01RHT8800N",
            "ts": "1637263052.000000"
        },
        "attachments": [
            {
                "from_url": "https:\/\/puddlea.com\/",
                "title": "PUDDLEA | the art and design of mekkie bansil",
                "title_link": "https:\/\/puddlea.com\/",
                "text": "Mekkie Bansil is a San Francisco-based artist and designer with a penchant for copy. See how she uses her skills to help scrappy startups get more leads and inspire starry-eyed dreamers with magical paintings",
                "image_url": "https:\/\/uploads-ssl.webflow.com\/5fbdb8892cc28d7932c10df4\/6049218c75e3c04fc4e16005_Untitled%204.jpg",
                "image_width": 250,
                "image_height": 250,
                "image_bytes": 60113,
                "fallback": "PUDDLEA | the art and design of mekkie bansil",
                "service_name": "puddlea.com",
                "id": 1,
                "original_url": "https:\/\/puddlea.com"
            }
        ],
        "blocks": [
            {
                "type": "rich_text",
                "block_id": "bpYs",
                "elements": [
                    {
                        "type": "rich_text_section",
                        "elements": [
                            {
                                "type": "text",
                                "text": "Hi all! Looking for some freelance design opportunities. Specialities include ebooks, landing pages and other marketing design for SaaS startups. Please DM me if you feel like we’d be a good fit!\n\nYou can check out my portfolio here: "
                            },
                            {
                                "type": "link",
                                "url": "https:\/\/puddlea.com"
                            }
                        ]
                    }
                ]
            }
        ],
        "thread_ts": "1637262977.197800",
        "reply_count": 7,
        "reply_users_count": 6,
        "latest_reply": "1637272095.200900",
        "reply_users": [
            "U02DH3CF30R",
            "U01RHT8800N",
            "U02HWBZS9QC",
            "UUJBMNRNF",
            "UJG9WTEKG",
            "USLACKBOT"
        ],
        "replies": [
            {
                "user": "U02DH3CF30R",
                "ts": "1637265212.198300"
            },
            {
                "user": "U01RHT8800N",
                "ts": "1637265261.198900"
            },
            {
                "user": "U02HWBZS9QC",
                "ts": "1637265437.199100"
            },
            {
                "user": "UUJBMNRNF",
                "ts": "1637266924.199800"
            },
            {
                "user": "UJG9WTEKG",
                "ts": "1637271800.200100"
            },
            {
                "user": "USLACKBOT",
                "ts": "1637272073.200500"
            },
            {
                "user": "U01RHT8800N",
                "ts": "1637272095.200900"
            }
        ],
        "is_locked": false,
        "subscribed": true,
        "last_read": "1637272095.200900",
        "reactions": [
            {
                "name": "heart",
                "users": [
                    "UUJBMNRNF",
                    "U01J84U3SQ6",
                    "UPH4SCGTH",
                    "U02H3K9BEMA"
                ],
                "count": 4
            }
        ]
    },
    {
        "client_msg_id": "12a75226-82f6-4d4b-8a77-1df9cf1d2e47",
        "type": "message",
        "text": "Your website is *beautiful* :heart_eyes:",
        "user": "U02DH3CF30R",
        "ts": "1637265212.198300",
        "team": "TJE58GTJL",
        "user_team": "TJE58GTJL",
        "source_team": "TJE58GTJL",
        "user_profile": {
            "avatar_hash": "65d769f03108",
            "image_72": "https:\/\/avatars.slack-edge.com\/2021-09-07\/2486806136288_65d769f031084c1db233_72.jpg",
            "first_name": "Jess",
            "real_name": "Jess Joyce",
            "display_name": "",
            "team": "TJE58GTJL",
            "name": "jessjoyce",
            "is_restricted": false,
            "is_ultra_restricted": false
        },
        "blocks": [
            {
                "type": "rich_text",
                "block_id": "SWmtz",
                "elements": [
                    {
                        "type": "rich_text_section",
                        "elements": [
                            {
                                "type": "text",
                                "text": "Your website is "
                            },
                            {
                                "type": "text",
                                "text": "beautiful",
                                "style": {
                                    "bold": true
                                }
                            },
                            {
                                "type": "text",
                                "text": " "
                            },
                            {
                                "type": "emoji",
                                "name": "heart_eyes"
                            }
                        ]
                    }
                ]
            }
        ],
        "thread_ts": "1637262977.197800",
        "parent_user_id": "U01RHT8800N",
        "reactions": [
            {
                "name": "heart",
                "users": [
                    "U01RHT8800N",
                    "U028D815JA0"
                ],
                "count": 2
            }
        ]
    },
    {
        "client_msg_id": "8B98144D-7847-40FA-8B74-331DC3861480",
        "type": "message",
        "text": "Aww thank you <@U02DH3CF30R> ",
        "user": "U01RHT8800N",
        "ts": "1637265261.198900",
        "team": "TJE58GTJL",
        "user_team": "TJE58GTJL",
        "source_team": "TJE58GTJL",
        "user_profile": {
            "avatar_hash": "351f898be38f",
            "image_72": "https:\/\/avatars.slack-edge.com\/2021-03-18\/1874720693426_351f898be38f3e5a6753_72.png",
            "first_name": "mekkie",
            "real_name": "mekkie",
            "display_name": "mekkie",
            "team": "TJE58GTJL",
            "name": "mehakbansil",
            "is_restricted": false,
            "is_ultra_restricted": false
        },
        "blocks": [
            {
                "type": "rich_text",
                "block_id": "hs0",
                "elements": [
                    {
                        "type": "rich_text_section",
                        "elements": [
                            {
                                "type": "text",
                                "text": "Aww thank you "
                            },
                            {
                                "type": "user",
                                "user_id": "U02DH3CF30R"
                            },
                            {
                                "type": "text",
                                "text": " "
                            }
                        ]
                    }
                ]
            }
        ],
        "thread_ts": "1637262977.197800",
        "parent_user_id": "U01RHT8800N"
    },
    {
        "client_msg_id": "f0cea995-8386-45e3-a69a-3068c7874d5d",
        "type": "message",
        "text": "<@U01RHT8800N> Seriously, it's really good.",
        "user": "U02HWBZS9QC",
        "ts": "1637265437.199100",
        "team": "TJE58GTJL",
        "user_team": "TJE58GTJL",
        "source_team": "TJE58GTJL",
        "user_profile": {
            "avatar_hash": "cea3c2adb719",
            "image_72": "https:\/\/avatars.slack-edge.com\/2021-12-23\/2879299611220_cea3c2adb71995b8fd88_72.jpg",
            "first_name": "Ankit",
            "real_name": "Ankit Vora",
            "display_name": "",
            "team": "TJE58GTJL",
            "name": "ankitplaynody",
            "is_restricted": false,
            "is_ultra_restricted": false
        },
        "blocks": [
            {
                "type": "rich_text",
                "block_id": "ZHGJ4",
                "elements": [
                    {
                        "type": "rich_text_section",
                        "elements": [
                            {
                                "type": "user",
                                "user_id": "U01RHT8800N"
                            },
                            {
                                "type": "text",
                                "text": " Seriously, it's really good."
                            }
                        ]
                    }
                ]
            }
        ],
        "thread_ts": "1637262977.197800",
        "parent_user_id": "U01RHT8800N",
        "reactions": [
            {
                "name": "heart",
                "users": [
                    "U01RHT8800N"
                ],
                "count": 1
            }
        ]
    },
    {
        "client_msg_id": "B069D95C-7AB3-4129-BCB3-9A44CE806E04",
        "type": "message",
        "text": "Love it!",
        "user": "UUJBMNRNF",
        "ts": "1637266924.199800",
        "team": "TJE58GTJL",
        "user_team": "TJE58GTJL",
        "source_team": "TJE58GTJL",
        "user_profile": {
            "avatar_hash": "g60cda1030c0",
            "image_72": "https:\/\/secure.gravatar.com\/avatar\/60cda1030c03869961d38a096c73158e.jpg?s=72&d=https%3A%2F%2Fa.slack-edge.com%2Fdf10d%2Fimg%2Favatars%2Fava_0024-72.png",
            "first_name": "Hannah",
            "real_name": "Hannah Wiginton",
            "display_name": "Hannah Wiginton",
            "team": "TJE58GTJL",
            "name": "hwiginton00",
            "is_restricted": false,
            "is_ultra_restricted": false
        },
        "blocks": [
            {
                "type": "rich_text",
                "block_id": "Khct",
                "elements": [
                    {
                        "type": "rich_text_section",
                        "elements": [
                            {
                                "type": "text",
                                "text": "Love it!"
                            }
                        ]
                    }
                ]
            }
        ],
        "thread_ts": "1637262977.197800",
        "parent_user_id": "U01RHT8800N"
    },
    {
        "client_msg_id": "d8b2f5e5-e466-4aaa-b5f4-0eb2d626bb38",
        "type": "message",
        "text": "yea agree this website is amazing",
        "user": "UJG9WTEKG",
        "ts": "1637271800.200100",
        "team": "TJE58GTJL",
        "user_team": "TJE58GTJL",
        "source_team": "TJE58GTJL",
        "user_profile": {
            "avatar_hash": "gc25b94e6ebf",
            "image_72": "https:\/\/secure.gravatar.com\/avatar\/eec25b94e6ebf55f0b7933372344cd09.jpg?s=72&d=https%3A%2F%2Fa.slack-edge.com%2Fdf10d%2Fimg%2Favatars%2Fava_0001-72.png",
            "first_name": "Jimmy",
            "real_name": "Jimmy Daly",
            "display_name": "",
            "team": "TJE58GTJL",
            "name": "runjimdaly",
            "is_restricted": false,
            "is_ultra_restricted": false
        },
        "blocks": [
            {
                "type": "rich_text",
                "block_id": "Ps3bw",
                "elements": [
                    {
                        "type": "rich_text_section",
                        "elements": [
                            {
                                "type": "text",
                                "text": "yea agree this website is amazing"
                            }
                        ]
                    }
                ]
            }
        ],
        "thread_ts": "1637262977.197800",
        "parent_user_id": "U01RHT8800N"
    },
    {
        "type": "message",
        "subtype": "slackbot_response",
        "text": "Hello! Not all of our members are guys. In an effort to be more conscious of the language we use to address each other, why not try “Hey, folks,” or “Hey everyone” instead?",
        "user": "USLACKBOT",
        "ts": "1637272073.200500",
        "thread_ts": "1637262977.197800",
        "parent_user_id": "U01RHT8800N"
    },
    {
        "client_msg_id": "4a7217a1-3545-4f38-810d-f9eaaa07a1ab",
        "type": "message",
        "text": "Y’all are making me :blush:",
        "user": "U01RHT8800N",
        "ts": "1637272095.200900",
        "team": "TJE58GTJL",
        "user_team": "TJE58GTJL",
        "source_team": "TJE58GTJL",
        "user_profile": {
            "avatar_hash": "351f898be38f",
            "image_72": "https:\/\/avatars.slack-edge.com\/2021-03-18\/1874720693426_351f898be38f3e5a6753_72.png",
            "first_name": "mekkie",
            "real_name": "mekkie",
            "display_name": "mekkie",
            "team": "TJE58GTJL",
            "name": "mehakbansil",
            "is_restricted": false,
            "is_ultra_restricted": false
        },
        "blocks": [
            {
                "type": "rich_text",
                "block_id": "+48g+",
                "elements": [
                    {
                        "type": "rich_text_section",
                        "elements": [
                            {
                                "type": "text",
                                "text": "Y’all are making me "
                            },
                            {
                                "type": "emoji",
                                "name": "blush"
                            }
                        ]
                    }
                ]
            }
        ],
        "thread_ts": "1637262977.197800",
        "parent_user_id": "U01RHT8800N"
    },
    {
        "client_msg_id": "f3660857-c9af-4219-8d32-3f3b1bdf3a83",
        "type": "message",
        "text": "I do IG, Tik Tok, and LinkedIn. Let me know what you need :)",
        "user": "U02NK9ZJSGY",
        "ts": "1637280700.201400",
        "team": "TJE58GTJL",
        "user_team": "TJE58GTJL",
        "source_team": "TJE58GTJL",
        "user_profile": {
            "avatar_hash": "29c1c81737c7",
            "image_72": "https:\/\/avatars.slack-edge.com\/2021-11-18\/2746449769972_29c1c81737c779d70d7b_72.jpg",
            "first_name": "Eden",
            "real_name": "Eden Hansing",
            "display_name": "Eden Hansing",
            "team": "TJE58GTJL",
            "name": "edenhansing",
            "is_restricted": false,
            "is_ultra_restricted": false
        },
        "blocks": [
            {
                "type": "rich_text",
                "block_id": "oG8",
                "elements": [
                    {
                        "type": "rich_text_section",
                        "elements": [
                            {
                                "type": "text",
                                "text": "I do IG, Tik Tok, and LinkedIn. Let me know what you need :)"
                            }
                        ]
                    }
                ]
            }
        ],
        "thread_ts": "1637259762.196000",
        "parent_user_id": "UN227ML2H",
        "reactions": [
            {
                "name": "slightly_smiling_face",
                "users": [
                    "UN227ML2H"
                ],
                "count": 1
            }
        ]
    }
]