[
    {
        "client_msg_id": "8b9e1111-8a8f-4262-ad77-35f3192c7d64",
        "type": "message",
        "text": "Thank you! I’ll post them here when we publish :smile:",
        "user": "UJHMVAE3G",
        "ts": "1631695320.187400",
        "team": "TJE58GTJL",
        "user_team": "TJE58GTJL",
        "source_team": "TJE58GTJL",
        "user_profile": {
            "avatar_hash": "g1b669baf54d",
            "image_72": "https:\/\/secure.gravatar.com\/avatar\/cb1b669baf54d184a6138c7f4607efc3.jpg?s=72&d=https%3A%2F%2Fa.slack-edge.com%2Fdf10d%2Fimg%2Favatars%2Fava_0013-72.png",
            "first_name": "Elise",
            "real_name": "Elise Dopson",
            "display_name": "",
            "team": "TJE58GTJL",
            "name": "elise",
            "is_restricted": false,
            "is_ultra_restricted": false
        },
        "blocks": [
            {
                "type": "rich_text",
                "block_id": "RbrB",
                "elements": [
                    {
                        "type": "rich_text_section",
                        "elements": [
                            {
                                "type": "text",
                                "text": "Thank you! I’ll post them here when we publish "
                            },
                            {
                                "type": "emoji",
                                "name": "smile"
                            }
                        ]
                    }
                ]
            }
        ],
        "thread_ts": "1631547360.169500",
        "parent_user_id": "UJHMVAE3G"
    },
    {
        "type": "message",
        "text": "This is probably been asked before but anyone willing to their share cold outreach templates or direct me to ones that work for getting new clients? Preferably focused on SaaS\/B2B.\n\nI just work with 2 companies every month and I need to add one more - not having much luck with referrals or communities.",
        "user": "U012GHRAHDK",
        "ts": "1631709000.187600",
        "team": "TJE58GTJL",
        "user_team": "TJE58GTJL",
        "source_team": "TJE58GTJL",
        "user_profile": {
            "avatar_hash": "8ba0c4534568",
            "image_72": "https:\/\/avatars.slack-edge.com\/2022-04-12\/3401585222352_8ba0c45345680ce088ab_72.jpg",
            "first_name": "Deb",
            "real_name": "Deb Mukherjee",
            "display_name": "Deb Mukherjee",
            "team": "TJE58GTJL",
            "name": "debdut94",
            "is_restricted": false,
            "is_ultra_restricted": false
        },
        "edited": {
            "user": "U012GHRAHDK",
            "ts": "1631714521.000000"
        },
        "blocks": [
            {
                "type": "rich_text",
                "block_id": "xAEqq",
                "elements": [
                    {
                        "type": "rich_text_section",
                        "elements": [
                            {
                                "type": "text",
                                "text": "This is probably been asked before but anyone willing to their share cold outreach templates or direct me to ones that work for getting new clients? Preferably focused on SaaS\/B2B.\n\nI just work with 2 companies every month and I need to add one more - not having much luck with referrals or communities."
                            }
                        ]
                    }
                ]
            }
        ],
        "thread_ts": "1631709000.187600",
        "reply_count": 4,
        "reply_users_count": 3,
        "latest_reply": "1631761924.202200",
        "reply_users": [
            "U01J3L8CJRL",
            "U012GHRAHDK",
            "U0236PYP3SR"
        ],
        "replies": [
            {
                "user": "U01J3L8CJRL",
                "ts": "1631712977.187800"
            },
            {
                "user": "U012GHRAHDK",
                "ts": "1631714529.188500"
            },
            {
                "user": "U0236PYP3SR",
                "ts": "1631726350.193200"
            },
            {
                "user": "U012GHRAHDK",
                "ts": "1631761924.202200"
            }
        ],
        "is_locked": false,
        "subscribed": false
    },
    {
        "client_msg_id": "0162d568-7d06-41c5-9318-bf11c4ebfa04",
        "type": "message",
        "text": "Templates for? Backlinks, lead generation ?",
        "user": "U01J3L8CJRL",
        "ts": "1631712977.187800",
        "team": "TJE58GTJL",
        "user_team": "TJE58GTJL",
        "source_team": "TJE58GTJL",
        "user_profile": {
            "avatar_hash": "12550f10b66e",
            "image_72": "https:\/\/avatars.slack-edge.com\/2021-10-14\/2588602098551_12550f10b66e24ed3adb_72.png",
            "first_name": "Saurabh",
            "real_name": "Saurabh",
            "display_name": "Saurabh",
            "team": "TJE58GTJL",
            "name": "saurabh.content.saas",
            "is_restricted": false,
            "is_ultra_restricted": false
        },
        "edited": {
            "user": "U01J3L8CJRL",
            "ts": "1631712999.000000"
        },
        "blocks": [
            {
                "type": "rich_text",
                "block_id": "AT2qm",
                "elements": [
                    {
                        "type": "rich_text_section",
                        "elements": [
                            {
                                "type": "text",
                                "text": "Templates for? Backlinks, lead generation ?"
                            }
                        ]
                    }
                ]
            }
        ],
        "thread_ts": "1631709000.187600",
        "parent_user_id": "U012GHRAHDK"
    },
    {
        "client_msg_id": "CA167F2A-6F15-4B61-B5D1-96C1F5AD441A",
        "type": "message",
        "text": "Done:rocket:",
        "user": "U02DQ4MB30E",
        "ts": "1631714348.188200",
        "team": "TJE58GTJL",
        "user_team": "TJE58GTJL",
        "source_team": "TJE58GTJL",
        "user_profile": {
            "avatar_hash": "da3df19ff250",
            "image_72": "https:\/\/avatars.slack-edge.com\/2021-09-09\/2467172480038_da3df19ff250056e1622_72.jpg",
            "first_name": "Pasha",
            "real_name": "Pasha",
            "display_name": "Pasha",
            "team": "TJE58GTJL",
            "name": "pasha.abdulov",
            "is_restricted": false,
            "is_ultra_restricted": false
        },
        "blocks": [
            {
                "type": "rich_text",
                "block_id": "anR",
                "elements": [
                    {
                        "type": "rich_text_section",
                        "elements": [
                            {
                                "type": "text",
                                "text": "Done"
                            },
                            {
                                "type": "emoji",
                                "name": "rocket"
                            }
                        ]
                    }
                ]
            }
        ],
        "thread_ts": "1631547360.169500",
        "parent_user_id": "UJHMVAE3G"
    },
    {
        "client_msg_id": "bf7bd25d-7c27-496f-940c-43c1c1bc5d63",
        "type": "message",
        "text": "Updated. For getting new clients.",
        "user": "U012GHRAHDK",
        "ts": "1631714529.188500",
        "team": "TJE58GTJL",
        "user_team": "TJE58GTJL",
        "source_team": "TJE58GTJL",
        "user_profile": {
            "avatar_hash": "8ba0c4534568",
            "image_72": "https:\/\/avatars.slack-edge.com\/2022-04-12\/3401585222352_8ba0c45345680ce088ab_72.jpg",
            "first_name": "Deb",
            "real_name": "Deb Mukherjee",
            "display_name": "Deb Mukherjee",
            "team": "TJE58GTJL",
            "name": "debdut94",
            "is_restricted": false,
            "is_ultra_restricted": false
        },
        "blocks": [
            {
                "type": "rich_text",
                "block_id": "Yla",
                "elements": [
                    {
                        "type": "rich_text_section",
                        "elements": [
                            {
                                "type": "text",
                                "text": "Updated. For getting new clients."
                            }
                        ]
                    }
                ]
            }
        ],
        "thread_ts": "1631709000.187600",
        "parent_user_id": "U012GHRAHDK"
    },
    {
        "client_msg_id": "2EA5E9C0-C3A9-4B68-B1BD-DB51BF757F96",
        "type": "message",
        "text": "Hey Jimmy, If you are looking to talk to a solopreneur then I am game to lene you an ear. ",
        "user": "U025VFYU4AC",
        "ts": "1631716043.190100",
        "team": "TJE58GTJL",
        "user_team": "TJE58GTJL",
        "source_team": "TJE58GTJL",
        "user_profile": {
            "avatar_hash": "ce7297218859",
            "image_72": "https:\/\/avatars.slack-edge.com\/2021-06-15\/2188973467905_ce7297218859cc467129_72.jpg",
            "first_name": "",
            "real_name": "Shyam Purkayastha",
            "display_name": "Shyam Purkayastha",
            "team": "TJE58GTJL",
            "name": "shyam",
            "is_restricted": false,
            "is_ultra_restricted": false
        },
        "blocks": [
            {
                "type": "rich_text",
                "block_id": "Jbxo4",
                "elements": [
                    {
                        "type": "rich_text_section",
                        "elements": [
                            {
                                "type": "text",
                                "text": "Hey Jimmy, If you are looking to talk to a solopreneur then I am game to lene you an ear. "
                            }
                        ]
                    }
                ]
            }
        ],
        "thread_ts": "1631553988.172100",
        "parent_user_id": "UJG9WTEKG"
    },
    {
        "client_msg_id": "bb02f686-3f8c-441b-b7fa-2751a2d989dc",
        "type": "message",
        "text": "Just discovered this project\/tool that helps you figure out what your market rate should be (not just a calculator) <https:\/\/www.saymyrate.com\/>",
        "user": "U0193LNFJCR",
        "ts": "1631719288.190700",
        "team": "TJE58GTJL",
        "user_team": "TJE58GTJL",
        "source_team": "TJE58GTJL",
        "user_profile": {
            "avatar_hash": "8b2ee5285d6a",
            "image_72": "https:\/\/avatars.slack-edge.com\/2021-03-03\/1831330348369_8b2ee5285d6ab4852b11_72.png",
            "first_name": "Raechel",
            "real_name": "Raechel Lambert",
            "display_name": "Raechel Lambert",
            "team": "TJE58GTJL",
            "name": "raechel",
            "is_restricted": false,
            "is_ultra_restricted": false
        },
        "attachments": [
            {
                "fallback": "Say My Rate: Say My Rate - Home",
                "image_url": "https:\/\/api.typedream.com\/v0\/document\/public\/b4272f7d-8a45-4658-b5d2-841b7a124c56_unicorn_png.png",
                "image_width": 250,
                "image_height": 250,
                "image_bytes": 397046,
                "from_url": "https:\/\/www.saymyrate.com\/",
                "service_name": "Say My Rate",
                "service_icon": "https:\/\/api.typedream.com\/v0\/document\/public\/5bec53c9-b17c-49bf-bda7-b9ef72343c2e_unicorn_png.png",
                "title": "Say My Rate - Home",
                "title_link": "https:\/\/www.saymyrate.com\/",
                "text": "A place for freelance and independent software builders to get their true hourly rate, tailored to them. Powered by A·Team.",
                "id": 1,
                "original_url": "https:\/\/www.saymyrate.com\/"
            }
        ],
        "blocks": [
            {
                "type": "rich_text",
                "block_id": "gB4",
                "elements": [
                    {
                        "type": "rich_text_section",
                        "elements": [
                            {
                                "type": "text",
                                "text": "Just discovered this project\/tool that helps you figure out what your market rate should be (not just a calculator) "
                            },
                            {
                                "type": "link",
                                "url": "https:\/\/www.saymyrate.com\/"
                            }
                        ]
                    }
                ]
            }
        ],
        "thread_ts": "1631719288.190700",
        "reply_count": 4,
        "reply_users_count": 4,
        "latest_reply": "1632932592.285200",
        "reply_users": [
            "U0247VA1K28",
            "U02AUQ0KMGC",
            "U0193LNFJCR",
            "U01SFTTQ483"
        ],
        "replies": [
            {
                "user": "U0247VA1K28",
                "ts": "1631726585.194900"
            },
            {
                "user": "U02AUQ0KMGC",
                "ts": "1632513697.273000"
            },
            {
                "user": "U0193LNFJCR",
                "ts": "1632674853.274600"
            },
            {
                "user": "U01SFTTQ483",
                "ts": "1632932592.285200"
            }
        ],
        "is_locked": false,
        "subscribed": false,
        "reactions": [
            {
                "name": "eyes",
                "users": [
                    "U0247VA1K28",
                    "U02D5S6LX1P",
                    "U02CUM38FUK",
                    "U02DNB9GQ5V",
                    "U01FUP6AMEZ",
                    "UNA88V285",
                    "U024A8928AW"
                ],
                "count": 7
            },
            {
                "name": "heart",
                "users": [
                    "U01K3VD3154",
                    "U020EL92NBZ"
                ],
                "count": 2
            },
            {
                "name": "raised_hands",
                "users": [
                    "U02F3EQ4Z08",
                    "U02DNB9GQ5V"
                ],
                "count": 2
            }
        ]
    },
    {
        "client_msg_id": "ec9de1a9-f26d-494d-a2d9-c58b5a443d2d",
        "type": "message",
        "text": "<@U025VFYU4AC> i just booked a few calls and am all set for now. thank you!",
        "user": "UJG9WTEKG",
        "ts": "1631719405.190900",
        "team": "TJE58GTJL",
        "user_team": "TJE58GTJL",
        "source_team": "TJE58GTJL",
        "user_profile": {
            "avatar_hash": "gc25b94e6ebf",
            "image_72": "https:\/\/secure.gravatar.com\/avatar\/eec25b94e6ebf55f0b7933372344cd09.jpg?s=72&d=https%3A%2F%2Fa.slack-edge.com%2Fdf10d%2Fimg%2Favatars%2Fava_0001-72.png",
            "first_name": "Jimmy",
            "real_name": "Jimmy Daly",
            "display_name": "",
            "team": "TJE58GTJL",
            "name": "runjimdaly",
            "is_restricted": false,
            "is_ultra_restricted": false
        },
        "blocks": [
            {
                "type": "rich_text",
                "block_id": "Izw",
                "elements": [
                    {
                        "type": "rich_text_section",
                        "elements": [
                            {
                                "type": "user",
                                "user_id": "U025VFYU4AC"
                            },
                            {
                                "type": "text",
                                "text": " i just booked a few calls and am all set for now. thank you!"
                            }
                        ]
                    }
                ]
            }
        ],
        "thread_ts": "1631553988.172100",
        "parent_user_id": "UJG9WTEKG"
    },
    {
        "client_msg_id": "FF73922F-5F94-49DE-8F82-B694F51A7DEB",
        "type": "message",
        "text": ":+1: ",
        "user": "U025VFYU4AC",
        "ts": "1631721841.191300",
        "team": "TJE58GTJL",
        "user_team": "TJE58GTJL",
        "source_team": "TJE58GTJL",
        "user_profile": {
            "avatar_hash": "ce7297218859",
            "image_72": "https:\/\/avatars.slack-edge.com\/2021-06-15\/2188973467905_ce7297218859cc467129_72.jpg",
            "first_name": "",
            "real_name": "Shyam Purkayastha",
            "display_name": "Shyam Purkayastha",
            "team": "TJE58GTJL",
            "name": "shyam",
            "is_restricted": false,
            "is_ultra_restricted": false
        },
        "blocks": [
            {
                "type": "rich_text",
                "block_id": "wfDVq",
                "elements": [
                    {
                        "type": "rich_text_section",
                        "elements": [
                            {
                                "type": "emoji",
                                "name": "+1"
                            },
                            {
                                "type": "text",
                                "text": " "
                            }
                        ]
                    }
                ]
            }
        ],
        "thread_ts": "1631553988.172100",
        "parent_user_id": "UJG9WTEKG"
    },
    {
        "client_msg_id": "3f2e64a8-f753-4870-8da6-30bb3db83189",
        "type": "message",
        "text": "Hey! I’ve been a freelancer for 3+ years and recently launched a product that I think could help you out.\n\nIt’s a digital product with 40+ canned email and DM templates (includes cold outreach too)\n\n<https:\/\/jasminewilliamsmedia.mykajabi.com\/grab-and-go-email-templates>",
        "user": "U0236PYP3SR",
        "ts": "1631726350.193200",
        "team": "TJE58GTJL",
        "user_team": "TJE58GTJL",
        "source_team": "TJE58GTJL",
        "user_profile": {
            "avatar_hash": "151ef26d495d",
            "image_72": "https:\/\/avatars.slack-edge.com\/2021-05-27\/2105651351574_151ef26d495d8461f6e5_72.jpg",
            "first_name": "Jasmine",
            "real_name": "Jasmine Williams",
            "display_name": "Jasmine Williams",
            "team": "TJE58GTJL",
            "name": "hello426",
            "is_restricted": false,
            "is_ultra_restricted": false
        },
        "attachments": [
            {
                "title": "Grab-and-Go Email Templates | Jasmine Williams Media",
                "title_link": "https:\/\/jasminewilliamsmedia.mykajabi.com\/grab-and-go-email-templates",
                "fallback": "Grab-and-Go Email Templates | Jasmine Williams Media",
                "image_url": "https:\/\/kajabi-storefronts-production.kajabi-cdn.com\/kajabi-storefronts-production\/sites\/133925\/images\/rjcBWTIiRvWZhKISmFYb_file.jpg",
                "from_url": "https:\/\/jasminewilliamsmedia.mykajabi.com\/grab-and-go-email-templates",
                "image_width": 444,
                "image_height": 250,
                "image_bytes": 49729,
                "service_name": "jasminewilliamsmedia.mykajabi.com",
                "id": 1,
                "original_url": "https:\/\/jasminewilliamsmedia.mykajabi.com\/grab-and-go-email-templates"
            }
        ],
        "blocks": [
            {
                "type": "rich_text",
                "block_id": "3F5",
                "elements": [
                    {
                        "type": "rich_text_section",
                        "elements": [
                            {
                                "type": "text",
                                "text": "Hey! I’ve been a freelancer for 3+ years and recently launched a product that I think could help you out.\n\nIt’s a digital product with 40+ canned email and DM templates (includes cold outreach too)\n\n"
                            },
                            {
                                "type": "link",
                                "url": "https:\/\/jasminewilliamsmedia.mykajabi.com\/grab-and-go-email-templates"
                            }
                        ]
                    }
                ]
            }
        ],
        "thread_ts": "1631709000.187600",
        "parent_user_id": "U012GHRAHDK"
    },
    {
        "client_msg_id": "22a210b2-23ae-467c-b8bf-123644150360",
        "type": "message",
        "text": "This site and idea is amazing. Thanks for passing along.",
        "user": "U0247VA1K28",
        "ts": "1631726585.194900",
        "team": "TJE58GTJL",
        "user_team": "TJE58GTJL",
        "source_team": "TJE58GTJL",
        "user_profile": {
            "avatar_hash": "f252dc009e0d",
            "image_72": "https:\/\/avatars.slack-edge.com\/2021-06-04\/2138421746963_f252dc009e0db3e06382_72.jpg",
            "first_name": "",
            "real_name": "Mandy Miranda",
            "display_name": "Mandy Miranda",
            "team": "TJE58GTJL",
            "name": "mandyjmiranda",
            "is_restricted": false,
            "is_ultra_restricted": false
        },
        "blocks": [
            {
                "type": "rich_text",
                "block_id": "aVId",
                "elements": [
                    {
                        "type": "rich_text_section",
                        "elements": [
                            {
                                "type": "text",
                                "text": "This site and idea is amazing. Thanks for passing along."
                            }
                        ]
                    }
                ]
            }
        ],
        "thread_ts": "1631719288.190700",
        "parent_user_id": "U0193LNFJCR"
    },
    {
        "client_msg_id": "c7dd2458-ce0f-4c2c-8142-9da05d5dc537",
        "type": "message",
        "text": "Hey y’all!\n\nFor all the new freelancers in here, I’d love to have you at my Freelance 101 Masterclass next Tuesday at 6:30 PM.\n\nIn this free masterclass, I’ll share 6 important shifts that will save you time, earn you more money, and get you better freelance clients (i.e. the ones that respect you and see your value — trust me, they exist).\n\nYou can sign up at the link below. And yes there’ll be a replay! :wink:\n\n<https:\/\/jasminewilliamsmedia.mykajabi.com\/freelance-101>",
        "user": "U0236PYP3SR",
        "ts": "1631726633.195400",
        "team": "TJE58GTJL",
        "user_team": "TJE58GTJL",
        "source_team": "TJE58GTJL",
        "user_profile": {
            "avatar_hash": "151ef26d495d",
            "image_72": "https:\/\/avatars.slack-edge.com\/2021-05-27\/2105651351574_151ef26d495d8461f6e5_72.jpg",
            "first_name": "Jasmine",
            "real_name": "Jasmine Williams",
            "display_name": "Jasmine Williams",
            "team": "TJE58GTJL",
            "name": "hello426",
            "is_restricted": false,
            "is_ultra_restricted": false
        },
        "attachments": [
            {
                "title": "Freelance 101 Masterclass - Jasmine Williams Media",
                "title_link": "https:\/\/jasminewilliamsmedia.mykajabi.com\/freelance-101",
                "text": "In this 90-minute free masterclass, I'll share 6 secrets to freelance success that will save you time, earn you more money, and get you better clients.",
                "fallback": "Freelance 101 Masterclass - Jasmine Williams Media",
                "image_url": "https:\/\/kajabi-storefronts-production.kajabi-cdn.com\/kajabi-storefronts-production\/sites\/133925\/images\/SPEHmAvbT8u4dXXrS1Pz_Freelance_101_Webinar_Header_Image.png",
                "from_url": "https:\/\/jasminewilliamsmedia.mykajabi.com\/freelance-101",
                "image_width": 444,
                "image_height": 250,
                "image_bytes": 44185,
                "service_name": "jasminewilliamsmedia.mykajabi.com",
                "id": 1,
                "original_url": "https:\/\/jasminewilliamsmedia.mykajabi.com\/freelance-101"
            }
        ],
        "blocks": [
            {
                "type": "rich_text",
                "block_id": "3=Kp",
                "elements": [
                    {
                        "type": "rich_text_section",
                        "elements": [
                            {
                                "type": "text",
                                "text": "Hey y’all!\n\nFor all the new freelancers in here, I’d love to have you at my Freelance 101 Masterclass next Tuesday at 6:30 PM.\n\nIn this free masterclass, I’ll share 6 important shifts that will save you time, earn you more money, and get you better freelance clients (i.e. the ones that respect you and see your value — trust me, they exist).\n\nYou can sign up at the link below. And yes there’ll be a replay! "
                            },
                            {
                                "type": "emoji",
                                "name": "wink"
                            },
                            {
                                "type": "text",
                                "text": "\n\n"
                            },
                            {
                                "type": "link",
                                "url": "https:\/\/jasminewilliamsmedia.mykajabi.com\/freelance-101"
                            }
                        ]
                    }
                ]
            }
        ],
        "thread_ts": "1631726633.195400",
        "reply_count": 3,
        "reply_users_count": 3,
        "latest_reply": "1634049343.366600",
        "reply_users": [
            "U01FUP6AMEZ",
            "U02GZ08AT62",
            "U0236PYP3SR"
        ],
        "replies": [
            {
                "user": "U01FUP6AMEZ",
                "ts": "1632157528.222600"
            },
            {
                "user": "U02GZ08AT62",
                "ts": "1634029361.366000"
            },
            {
                "user": "U0236PYP3SR",
                "ts": "1634049343.366600"
            }
        ],
        "is_locked": false,
        "subscribed": false,
        "reactions": [
            {
                "name": "white_check_mark",
                "users": [
                    "U02F3EQ4Z08",
                    "U01FUP6AMEZ",
                    "U01TPV4F9GT",
                    "U02GZ08AT62"
                ],
                "count": 4
            }
        ]
    },
    {
        "client_msg_id": "12112ebb-cde3-44eb-bcbd-dcb9c937e917",
        "type": "message",
        "text": "First off, I don't think it's necessary. BUT, having some sort of set process will really save a lot of time and trouble. I usually ask the client to send me anything they think I need to know, then I basically start arranging info and fill the gaps from there.\n\nWith content and web work, there's generally a lot of material to get through (get to know the brand, voice, tone, products, SMEs, etc). Sometimes hard to tell what's missing!",
        "user": "U024Z91H0KC",
        "ts": "1631729005.195800",
        "team": "TJE58GTJL",
        "user_team": "TJE58GTJL",
        "source_team": "TJE58GTJL",
        "user_profile": {
            "avatar_hash": "e54b9c0d1d7d",
            "image_72": "https:\/\/avatars.slack-edge.com\/2021-06-14\/2193186202656_e54b9c0d1d7dcc24c0b5_72.png",
            "first_name": "Leanna",
            "real_name": "Leanna Lee",
            "display_name": "Leanna Lee",
            "team": "TJE58GTJL",
            "name": "leannaleewriter",
            "is_restricted": false,
            "is_ultra_restricted": false
        },
        "blocks": [
            {
                "type": "rich_text",
                "block_id": "ud7d",
                "elements": [
                    {
                        "type": "rich_text_section",
                        "elements": [
                            {
                                "type": "text",
                                "text": "First off, I don't think it's necessary. BUT, having some sort of set process will really save a lot of time and trouble. I usually ask the client to send me anything they think I need to know, then I basically start arranging info and fill the gaps from there.\n\nWith content and web work, there's generally a lot of material to get through (get to know the brand, voice, tone, products, SMEs, etc). Sometimes hard to tell what's missing!"
                            }
                        ]
                    }
                ]
            }
        ],
        "thread_ts": "1631395673.160100",
        "parent_user_id": "U02CVNB3X1T"
    },
    {
        "client_msg_id": "f1a2f158-9e9b-4a7d-812d-6de2f3d619fd",
        "type": "message",
        "text": "I'm a sole proprietor and have a great accountant! She is based in Indianapolis but works in other states too: <https:\/\/amynorthardcpa.com\/>",
        "user": "U01P833NGUT",
        "ts": "1631732048.196200",
        "team": "TJE58GTJL",
        "user_team": "TJE58GTJL",
        "source_team": "TJE58GTJL",
        "user_profile": {
            "avatar_hash": "40aead68c5b5",
            "image_72": "https:\/\/avatars.slack-edge.com\/2021-06-01\/2110550144775_40aead68c5b508b97960_72.png",
            "first_name": "Mandy",
            "real_name": "Mandy Bray",
            "display_name": "Mandy Bray",
            "team": "TJE58GTJL",
            "name": "mandy.l.bray",
            "is_restricted": false,
            "is_ultra_restricted": false
        },
        "attachments": [
            {
                "service_name": "Amy Northard, CPA - The Accountant for Creatives®",
                "title": "Amy Northard, CPA - The Accountant for Creatives",
                "title_link": "https:\/\/amynorthardcpa.com\/",
                "text": "I help small business owners all over the US navigate tax and bookkeeping systems so they can get back to the part of business they love - the creative part.",
                "fallback": "Amy Northard, CPA - The Accountant for Creatives®: Amy Northard, CPA - The Accountant for Creatives",
                "image_url": "https:\/\/amynorthardcpa.com\/wp-content\/uploads\/2021\/08\/The-Accountants-for-Creatives.png",
                "image_width": 800,
                "image_height": 250,
                "fields": [
                    {
                        "title": "Est. reading time",
                        "value": "1 minute",
                        "short": true
                    }
                ],
                "from_url": "https:\/\/amynorthardcpa.com\/",
                "image_bytes": 409204,
                "service_icon": "https:\/\/amynorthardcpa.com\/wp-content\/uploads\/2013\/12\/favicon.png",
                "id": 1,
                "original_url": "https:\/\/amynorthardcpa.com\/"
            }
        ],
        "blocks": [
            {
                "type": "rich_text",
                "block_id": "tgYGt",
                "elements": [
                    {
                        "type": "rich_text_section",
                        "elements": [
                            {
                                "type": "text",
                                "text": "I'm a sole proprietor and have a great accountant! She is based in Indianapolis but works in other states too: "
                            },
                            {
                                "type": "link",
                                "url": "https:\/\/amynorthardcpa.com\/"
                            }
                        ]
                    }
                ]
            }
        ],
        "thread_ts": "1631551381.171100",
        "parent_user_id": "U01FUP6AMEZ",
        "reactions": [
            {
                "name": "raised_hands",
                "users": [
                    "U01FUP6AMEZ"
                ],
                "count": 1
            }
        ]
    },
    {
        "client_msg_id": "0c05fef5-0407-4a60-a264-95a0f1442bcc",
        "type": "message",
        "text": "Hi all, Question for anyone that pays freelancers in other currencies...\n\nI'm in Australia and have started working with a writer in the UK. She's new to this arrangement and so am I - she suggested I pay her via paypal but it seems there's a big chunk of change taken out in fees.\n\nI tried to make the payment a few different ways but one of us has to cop the fee. Is there a way around this for someone like me who only has a very low requirement for paying OS contractors?  I know there's some big platforms for managing many international staff but for us it will be literally &lt; $300 per month so not worth forking out for a subscription solution.\n\nOur agreement specifically excludes tax and things like that so that isn't a factor. Any ideas how to manage this better?",
        "user": "U02AR2XSN1M",
        "ts": "1631745432.200500",
        "team": "TJE58GTJL",
        "user_team": "TJE58GTJL",
        "source_team": "TJE58GTJL",
        "user_profile": {
            "avatar_hash": "b0fa34c3f8f5",
            "image_72": "https:\/\/avatars.slack-edge.com\/2021-08-16\/2368450553975_b0fa34c3f8f5e02f6b43_72.jpg",
            "first_name": "Leonie",
            "real_name": "Leonie Waldron",
            "display_name": "Leonie Waldron",
            "team": "TJE58GTJL",
            "name": "leonie",
            "is_restricted": false,
            "is_ultra_restricted": false
        },
        "blocks": [
            {
                "type": "rich_text",
                "block_id": "JaJL",
                "elements": [
                    {
                        "type": "rich_text_section",
                        "elements": [
                            {
                                "type": "text",
                                "text": "Hi all, Question for anyone that pays freelancers in other currencies...\n\nI'm in Australia and have started working with a writer in the UK. She's new to this arrangement and so am I - she suggested I pay her via paypal but it seems there's a big chunk of change taken out in fees.\n\nI tried to make the payment a few different ways but one of us has to cop the fee. Is there a way around this for someone like me who only has a very low requirement for paying OS contractors?  I know there's some big platforms for managing many international staff but for us it will be literally < $300 per month so not worth forking out for a subscription solution.\n\nOur agreement specifically excludes tax and things like that so that isn't a factor. Any ideas how to manage this better?"
                            }
                        ]
                    }
                ]
            }
        ],
        "thread_ts": "1631745432.200500",
        "reply_count": 12,
        "reply_users_count": 10,
        "latest_reply": "1634859884.001400",
        "reply_users": [
            "U02EARBFRMK",
            "U02AR2XSN1M",
            "U02EJNPEE1X",
            "U01FXSKB4G7",
            "U02D5S6LX1P",
            "U017WRJTKF1",
            "U02DQ4MB30E",
            "U02DCPWRPL1",
            "U02CRLX23J9",
            "U01RSA9E9D4"
        ],
        "replies": [
            {
                "user": "U02EARBFRMK",
                "ts": "1631745613.200600"
            },
            {
                "user": "U02AR2XSN1M",
                "ts": "1631746306.200800"
            },
            {
                "user": "U02EARBFRMK",
                "ts": "1631746525.201000"
            },
            {
                "user": "U02EJNPEE1X",
                "ts": "1631756845.202000"
            },
            {
                "user": "U02AR2XSN1M",
                "ts": "1631762363.202500"
            },
            {
                "user": "U01FXSKB4G7",
                "ts": "1631770391.202700"
            },
            {
                "user": "U02D5S6LX1P",
                "ts": "1631775368.203400"
            },
            {
                "user": "U017WRJTKF1",
                "ts": "1631780232.203600"
            },
            {
                "user": "U02DQ4MB30E",
                "ts": "1631787438.206000"
            },
            {
                "user": "U02DCPWRPL1",
                "ts": "1631876092.215500"
            },
            {
                "user": "U02CRLX23J9",
                "ts": "1632252977.253700"
            },
            {
                "user": "U01RSA9E9D4",
                "ts": "1634859884.001400"
            }
        ],
        "is_locked": false,
        "subscribed": false
    },
    {
        "client_msg_id": "87a8ac16-e9bf-4fce-8d13-9e9287c55725",
        "type": "message",
        "text": "Veem?",
        "user": "U02EARBFRMK",
        "ts": "1631745613.200600",
        "team": "TJE58GTJL",
        "user_team": "TJE58GTJL",
        "source_team": "TJE58GTJL",
        "user_profile": {
            "avatar_hash": "g0a59981f85d",
            "image_72": "https:\/\/secure.gravatar.com\/avatar\/0a59981f85db877757d5f4ff17e07636.jpg?s=72&d=https%3A%2F%2Fa.slack-edge.com%2Fdf10d%2Fimg%2Favatars%2Fava_0026-72.png",
            "first_name": "Lydia",
            "real_name": "Lydia Kitts",
            "display_name": "Lydia Kitts",
            "team": "TJE58GTJL",
            "name": "lydia.kitts",
            "is_restricted": false,
            "is_ultra_restricted": false
        },
        "blocks": [
            {
                "type": "rich_text",
                "block_id": "5NQ",
                "elements": [
                    {
                        "type": "rich_text_section",
                        "elements": [
                            {
                                "type": "text",
                                "text": "Veem?"
                            }
                        ]
                    }
                ]
            }
        ],
        "thread_ts": "1631745432.200500",
        "parent_user_id": "U02AR2XSN1M"
    },
    {
        "client_msg_id": "5efef049-b617-4ce9-8c5f-d9b6a93400f6",
        "type": "message",
        "text": "<@U02EARBFRMK> that looks perfect!  It seems to be free for me to pay in AUD to a receiver in the UK, I'm trying to find the catch haha",
        "user": "U02AR2XSN1M",
        "ts": "1631746306.200800",
        "team": "TJE58GTJL",
        "user_team": "TJE58GTJL",
        "source_team": "TJE58GTJL",
        "user_profile": {
            "avatar_hash": "b0fa34c3f8f5",
            "image_72": "https:\/\/avatars.slack-edge.com\/2021-08-16\/2368450553975_b0fa34c3f8f5e02f6b43_72.jpg",
            "first_name": "Leonie",
            "real_name": "Leonie Waldron",
            "display_name": "Leonie Waldron",
            "team": "TJE58GTJL",
            "name": "leonie",
            "is_restricted": false,
            "is_ultra_restricted": false
        },
        "blocks": [
            {
                "type": "rich_text",
                "block_id": "wRS",
                "elements": [
                    {
                        "type": "rich_text_section",
                        "elements": [
                            {
                                "type": "user",
                                "user_id": "U02EARBFRMK"
                            },
                            {
                                "type": "text",
                                "text": " that looks perfect!  It seems to be free for me to pay in AUD to a receiver in the UK, I'm trying to find the catch haha"
                            }
                        ]
                    }
                ]
            }
        ],
        "thread_ts": "1631745432.200500",
        "parent_user_id": "U02AR2XSN1M"
    },
    {
        "client_msg_id": "fabfc8ae-3fb2-497f-9e72-3b19e554e894",
        "type": "message",
        "text": "I've used it several times and not had any weirdness - but mine has been US to CAD",
        "user": "U02EARBFRMK",
        "ts": "1631746525.201000",
        "team": "TJE58GTJL",
        "user_team": "TJE58GTJL",
        "source_team": "TJE58GTJL",
        "user_profile": {
            "avatar_hash": "g0a59981f85d",
            "image_72": "https:\/\/secure.gravatar.com\/avatar\/0a59981f85db877757d5f4ff17e07636.jpg?s=72&d=https%3A%2F%2Fa.slack-edge.com%2Fdf10d%2Fimg%2Favatars%2Fava_0026-72.png",
            "first_name": "Lydia",
            "real_name": "Lydia Kitts",
            "display_name": "Lydia Kitts",
            "team": "TJE58GTJL",
            "name": "lydia.kitts",
            "is_restricted": false,
            "is_ultra_restricted": false
        },
        "blocks": [
            {
                "type": "rich_text",
                "block_id": "98F\/=",
                "elements": [
                    {
                        "type": "rich_text_section",
                        "elements": [
                            {
                                "type": "text",
                                "text": "I've used it several times and not had any weirdness - but mine has been US to CAD"
                            }
                        ]
                    }
                ]
            }
        ],
        "thread_ts": "1631745432.200500",
        "parent_user_id": "U02AR2XSN1M",
        "reactions": [
            {
                "name": "+1",
                "users": [
                    "U02AR2XSN1M"
                ],
                "count": 1
            }
        ]
    },
    {
        "client_msg_id": "a3f7c11d-3f45-455b-a6a0-c3059e9cbdd5",
        "type": "message",
        "text": "Hey fellow Aussie :wave:  I use <http:\/\/Wise.com|Wise.com> and find it quite useful and fees are fairly low.",
        "user": "U02EJNPEE1X",
        "ts": "1631756845.202000",
        "team": "TJE58GTJL",
        "user_team": "TJE58GTJL",
        "source_team": "TJE58GTJL",
        "user_profile": {
            "avatar_hash": "ce6fceb8c649",
            "image_72": "https:\/\/avatars.slack-edge.com\/2021-09-13\/2488414205508_ce6fceb8c649f5ba3245_72.jpg",
            "first_name": "Dan",
            "real_name": "Dan Baird",
            "display_name": "Dan",
            "team": "TJE58GTJL",
            "name": "dan687",
            "is_restricted": false,
            "is_ultra_restricted": false
        },
        "blocks": [
            {
                "type": "rich_text",
                "block_id": "lxGF",
                "elements": [
                    {
                        "type": "rich_text_section",
                        "elements": [
                            {
                                "type": "text",
                                "text": "Hey fellow Aussie "
                            },
                            {
                                "type": "emoji",
                                "name": "wave"
                            },
                            {
                                "type": "text",
                                "text": "  I use "
                            },
                            {
                                "type": "link",
                                "url": "http:\/\/Wise.com",
                                "text": "Wise.com"
                            },
                            {
                                "type": "text",
                                "text": " and find it quite useful and fees are fairly low."
                            }
                        ]
                    }
                ]
            }
        ],
        "thread_ts": "1631745432.200500",
        "parent_user_id": "U02AR2XSN1M",
        "reactions": [
            {
                "name": "heavy_plus_sign",
                "users": [
                    "URL9Z88MR",
                    "U02DCPWRPL1",
                    "U02AUQ0PUR2"
                ],
                "count": 3
            }
        ]
    },
    {
        "client_msg_id": "e0a24fa5-a9ac-4a9d-a696-d232b3493146",
        "type": "message",
        "text": "Thank you! Let me take a look.\n\nBTW, you should host it on <https:\/\/twitter.com\/noahkagan\/status\/1438173998429446145?s=19|AppSumo>. They're paying creators!",
        "user": "U012GHRAHDK",
        "ts": "1631761924.202200",
        "team": "TJE58GTJL",
        "user_team": "TJE58GTJL",
        "source_team": "TJE58GTJL",
        "user_profile": {
            "avatar_hash": "8ba0c4534568",
            "image_72": "https:\/\/avatars.slack-edge.com\/2022-04-12\/3401585222352_8ba0c45345680ce088ab_72.jpg",
            "first_name": "Deb",
            "real_name": "Deb Mukherjee",
            "display_name": "Deb Mukherjee",
            "team": "TJE58GTJL",
            "name": "debdut94",
            "is_restricted": false,
            "is_ultra_restricted": false
        },
        "attachments": [
            {
                "fallback": "<https:\/\/twitter.com\/noahkagan|@noahkagan>: Starting today <https:\/\/twitter.com\/AppSumo|@AppSumo> is giving away $1,000,000 to creators. :exploding_head:\n\nAka, our full black friday budget. \n\nEveryone gets $10K, $1K, or $250 cash.\n\nDigital product creators, here you go. :point_down:",
                "ts": 1631722375,
                "author_name": "Noah Kagan",
                "author_link": "https:\/\/twitter.com\/noahkagan\/status\/1438173998429446145",
                "author_icon": "https:\/\/pbs.twimg.com\/profile_images\/1375516308129902593\/a1XEgKB5_normal.jpg",
                "author_subname": "@noahkagan",
                "text": "Starting today <https:\/\/twitter.com\/AppSumo|@AppSumo> is giving away $1,000,000 to creators. :exploding_head:\n\nAka, our full black friday budget. \n\nEveryone gets $10K, $1K, or $250 cash.\n\nDigital product creators, here you go. :point_down:",
                "service_name": "twitter",
                "service_url": "https:\/\/twitter.com\/",
                "from_url": "https:\/\/twitter.com\/noahkagan\/status\/1438173998429446145?s=19",
                "id": 1,
                "original_url": "https:\/\/twitter.com\/noahkagan\/status\/1438173998429446145?s=19",
                "footer": "Twitter",
                "footer_icon": "https:\/\/a.slack-edge.com\/80588\/img\/services\/twitter_pixel_snapped_32.png"
            }
        ],
        "blocks": [
            {
                "type": "rich_text",
                "block_id": "l=5",
                "elements": [
                    {
                        "type": "rich_text_section",
                        "elements": [
                            {
                                "type": "text",
                                "text": "Thank you! Let me take a look.\n\nBTW, you should host it on "
                            },
                            {
                                "type": "link",
                                "url": "https:\/\/twitter.com\/noahkagan\/status\/1438173998429446145?s=19",
                                "text": "AppSumo"
                            },
                            {
                                "type": "text",
                                "text": ". They're paying creators!"
                            }
                        ]
                    }
                ]
            }
        ],
        "thread_ts": "1631709000.187600",
        "parent_user_id": "U012GHRAHDK",
        "reactions": [
            {
                "name": "heart",
                "users": [
                    "U027Z9V7EMP"
                ],
                "count": 1
            },
            {
                "name": "+1::skin-tone-5",
                "users": [
                    "U0236PYP3SR"
                ],
                "count": 1
            }
        ]
    },
    {
        "client_msg_id": "48f751f5-bff0-49ea-8e7f-597c3f874930",
        "type": "message",
        "text": "Cheers <@U02EJNPEE1X> that looks like a great option",
        "user": "U02AR2XSN1M",
        "ts": "1631762363.202500",
        "team": "TJE58GTJL",
        "user_team": "TJE58GTJL",
        "source_team": "TJE58GTJL",
        "user_profile": {
            "avatar_hash": "b0fa34c3f8f5",
            "image_72": "https:\/\/avatars.slack-edge.com\/2021-08-16\/2368450553975_b0fa34c3f8f5e02f6b43_72.jpg",
            "first_name": "Leonie",
            "real_name": "Leonie Waldron",
            "display_name": "Leonie Waldron",
            "team": "TJE58GTJL",
            "name": "leonie",
            "is_restricted": false,
            "is_ultra_restricted": false
        },
        "blocks": [
            {
                "type": "rich_text",
                "block_id": "gAXM",
                "elements": [
                    {
                        "type": "rich_text_section",
                        "elements": [
                            {
                                "type": "text",
                                "text": "Cheers "
                            },
                            {
                                "type": "user",
                                "user_id": "U02EJNPEE1X"
                            },
                            {
                                "type": "text",
                                "text": " that looks like a great option"
                            }
                        ]
                    }
                ]
            }
        ],
        "thread_ts": "1631745432.200500",
        "parent_user_id": "U02AR2XSN1M"
    },
    {
        "client_msg_id": "4099f95b-9691-46da-9f69-751e21b06f29",
        "type": "message",
        "text": "+1 for transferwise (now wise)",
        "user": "U01FXSKB4G7",
        "ts": "1631770391.202700",
        "team": "TJE58GTJL",
        "user_team": "TJE58GTJL",
        "source_team": "TJE58GTJL",
        "user_profile": {
            "avatar_hash": "d7ce572899c8",
            "image_72": "https:\/\/avatars.slack-edge.com\/2022-03-23\/3294343467329_d7ce572899c88ac8e72f_72.jpg",
            "first_name": "Sammy",
            "real_name": "Sammy Mugambi",
            "display_name": "Sammy Mugambi",
            "team": "TJE58GTJL",
            "name": "sammymugambiii",
            "is_restricted": false,
            "is_ultra_restricted": false
        },
        "blocks": [
            {
                "type": "rich_text",
                "block_id": "OyR=",
                "elements": [
                    {
                        "type": "rich_text_section",
                        "elements": [
                            {
                                "type": "text",
                                "text": "+1 for transferwise (now wise)"
                            }
                        ]
                    }
                ]
            }
        ],
        "thread_ts": "1631745432.200500",
        "parent_user_id": "U02AR2XSN1M"
    },
    {
        "client_msg_id": "9F3BDCC6-D5A9-459B-A3B6-AF48B2EBB4CD",
        "type": "message",
        "text": "+1 for Wise too! It’s super reasonable and reliable.",
        "user": "U02D5S6LX1P",
        "ts": "1631775368.203400",
        "team": "TJE58GTJL",
        "user_team": "TJE58GTJL",
        "source_team": "TJE58GTJL",
        "user_profile": {
            "avatar_hash": "g7328b5825c5",
            "image_72": "https:\/\/secure.gravatar.com\/avatar\/7328b5825c5b2a22b248c0fd6623c3cf.jpg?s=72&d=https%3A%2F%2Fa.slack-edge.com%2Fdf10d%2Fimg%2Favatars%2Fava_0012-72.png",
            "first_name": "Rana",
            "real_name": "Rana Bano",
            "display_name": "Rana Bano",
            "team": "TJE58GTJL",
            "name": "ranabano.rb",
            "is_restricted": false,
            "is_ultra_restricted": false
        },
        "blocks": [
            {
                "type": "rich_text",
                "block_id": "bt=vt",
                "elements": [
                    {
                        "type": "rich_text_section",
                        "elements": [
                            {
                                "type": "text",
                                "text": "+1 for Wise too! It’s super reasonable and reliable."
                            }
                        ]
                    }
                ]
            }
        ],
        "thread_ts": "1631745432.200500",
        "parent_user_id": "U02AR2XSN1M"
    }
]