[
    {
        "client_msg_id": "a0ae1e6e-447f-49ef-8b43-73419a79c2f4",
        "type": "message",
        "text": "Love it!! No wonder why companies jump on my $150 1,500 blog articles! HA!",
        "user": "U02CVNB3X1T",
        "ts": "1638889135.358200",
        "team": "TJE58GTJL",
        "user_team": "TJE58GTJL",
        "source_team": "TJE58GTJL",
        "user_profile": {
            "avatar_hash": "a98cd79fc67b",
            "image_72": "https:\/\/avatars.slack-edge.com\/2021-12-28\/2891088304196_a98cd79fc67b29986082_72.png",
            "first_name": "Julie",
            "real_name": "Julie Simpson",
            "display_name": "Julie Simpson",
            "team": "TJE58GTJL",
            "name": "jujuklu",
            "is_restricted": false,
            "is_ultra_restricted": false
        },
        "blocks": [
            {
                "type": "rich_text",
                "block_id": "sJaV",
                "elements": [
                    {
                        "type": "rich_text_section",
                        "elements": [
                            {
                                "type": "text",
                                "text": "Love it!! No wonder why companies jump on my $150 1,500 blog articles! HA!"
                            }
                        ]
                    }
                ]
            }
        ],
        "thread_ts": "1638802743.348100",
        "parent_user_id": "UJHMVAE3G"
    },
    {
        "client_msg_id": "4993665c-ef8b-4004-8576-48881f09925a",
        "type": "message",
        "text": "Freelance copywriters: How much do you charge for a voice and tone guide?",
        "user": "U02LGA1DB9N",
        "ts": "1638890006.359000",
        "team": "TJE58GTJL",
        "user_team": "TJE58GTJL",
        "source_team": "TJE58GTJL",
        "user_profile": {
            "avatar_hash": "g155e4fbdeca",
            "image_72": "https:\/\/secure.gravatar.com\/avatar\/155e4fbdecae853708a128414a53d994.jpg?s=72&d=https%3A%2F%2Fa.slack-edge.com%2Fdf10d%2Fimg%2Favatars%2Fava_0025-72.png",
            "first_name": "Jenn",
            "real_name": "Jenn Palandro",
            "display_name": "jenn",
            "team": "TJE58GTJL",
            "name": "jenny075",
            "is_restricted": false,
            "is_ultra_restricted": false
        },
        "blocks": [
            {
                "type": "rich_text",
                "block_id": "vjMd",
                "elements": [
                    {
                        "type": "rich_text_section",
                        "elements": [
                            {
                                "type": "text",
                                "text": "Freelance copywriters: How much do you charge for a voice and tone guide?"
                            }
                        ]
                    }
                ]
            }
        ],
        "thread_ts": "1638890006.359000",
        "reply_count": 7,
        "reply_users_count": 4,
        "latest_reply": "1638971659.387100",
        "reply_users": [
            "U02HWBZS9QC",
            "U02LGA1DB9N",
            "U02CE98M0TE",
            "U02CVNB3X1T"
        ],
        "replies": [
            {
                "user": "U02HWBZS9QC",
                "ts": "1638892078.359100"
            },
            {
                "user": "U02LGA1DB9N",
                "ts": "1638892284.359300"
            },
            {
                "user": "U02HWBZS9QC",
                "ts": "1638892686.359500"
            },
            {
                "user": "U02CE98M0TE",
                "ts": "1638897760.367000"
            },
            {
                "user": "U02CVNB3X1T",
                "ts": "1638898217.367300"
            },
            {
                "user": "U02LGA1DB9N",
                "ts": "1638904047.374000"
            },
            {
                "user": "U02CVNB3X1T",
                "ts": "1638971659.387100"
            }
        ],
        "is_locked": false,
        "subscribed": false
    },
    {
        "client_msg_id": "397ac7f5-58d7-467b-90ba-4c7e9f4730eb",
        "type": "message",
        "text": "$300",
        "user": "U02HWBZS9QC",
        "ts": "1638892078.359100",
        "team": "TJE58GTJL",
        "user_team": "TJE58GTJL",
        "source_team": "TJE58GTJL",
        "user_profile": {
            "avatar_hash": "cea3c2adb719",
            "image_72": "https:\/\/avatars.slack-edge.com\/2021-12-23\/2879299611220_cea3c2adb71995b8fd88_72.jpg",
            "first_name": "Ankit",
            "real_name": "Ankit Vora",
            "display_name": "",
            "team": "TJE58GTJL",
            "name": "ankitplaynody",
            "is_restricted": false,
            "is_ultra_restricted": false
        },
        "blocks": [
            {
                "type": "rich_text",
                "block_id": "59Fh",
                "elements": [
                    {
                        "type": "rich_text_section",
                        "elements": [
                            {
                                "type": "text",
                                "text": "$300"
                            }
                        ]
                    }
                ]
            }
        ],
        "thread_ts": "1638890006.359000",
        "parent_user_id": "U02LGA1DB9N"
    },
    {
        "client_msg_id": "4909ad30-68c5-44d5-a068-08346fe385dd",
        "type": "message",
        "text": "Oh wow. I just quoted $1,500",
        "user": "U02LGA1DB9N",
        "ts": "1638892284.359300",
        "team": "TJE58GTJL",
        "user_team": "TJE58GTJL",
        "source_team": "TJE58GTJL",
        "user_profile": {
            "avatar_hash": "g155e4fbdeca",
            "image_72": "https:\/\/secure.gravatar.com\/avatar\/155e4fbdecae853708a128414a53d994.jpg?s=72&d=https%3A%2F%2Fa.slack-edge.com%2Fdf10d%2Fimg%2Favatars%2Fava_0025-72.png",
            "first_name": "Jenn",
            "real_name": "Jenn Palandro",
            "display_name": "jenn",
            "team": "TJE58GTJL",
            "name": "jenny075",
            "is_restricted": false,
            "is_ultra_restricted": false
        },
        "blocks": [
            {
                "type": "rich_text",
                "block_id": "w0lm",
                "elements": [
                    {
                        "type": "rich_text_section",
                        "elements": [
                            {
                                "type": "text",
                                "text": "Oh wow. I just quoted $1,500"
                            }
                        ]
                    }
                ]
            }
        ],
        "thread_ts": "1638890006.359000",
        "parent_user_id": "U02LGA1DB9N"
    },
    {
        "client_msg_id": "6e361798-0fa3-4411-ac38-a105e3dd311e",
        "type": "message",
        "text": "Awesome ;)",
        "user": "U02HWBZS9QC",
        "ts": "1638892686.359500",
        "team": "TJE58GTJL",
        "user_team": "TJE58GTJL",
        "source_team": "TJE58GTJL",
        "user_profile": {
            "avatar_hash": "cea3c2adb719",
            "image_72": "https:\/\/avatars.slack-edge.com\/2021-12-23\/2879299611220_cea3c2adb71995b8fd88_72.jpg",
            "first_name": "Ankit",
            "real_name": "Ankit Vora",
            "display_name": "",
            "team": "TJE58GTJL",
            "name": "ankitplaynody",
            "is_restricted": false,
            "is_ultra_restricted": false
        },
        "blocks": [
            {
                "type": "rich_text",
                "block_id": "ZDi",
                "elements": [
                    {
                        "type": "rich_text_section",
                        "elements": [
                            {
                                "type": "text",
                                "text": "Awesome ;)"
                            }
                        ]
                    }
                ]
            }
        ],
        "thread_ts": "1638890006.359000",
        "parent_user_id": "U02LGA1DB9N"
    },
    {
        "type": "message",
        "text": "Hi all! Over at MarketerHire, *we surveyed 600+ marketing leaders and found that the Great Resignation should really be called the _Freelance Revolution*._ \n\nHere's a few of my favorite statistics from the report:\n• 67% of marketing leaders say that hiring in-house marketing talent is getting harder\n• 83% of leaders say freelancers help their marketing teams pivot more quickly\n• SMB leaders estimate that they save just over $71K per marketing campaign when they work with freelancers. (Enterprise leaders estimate they save $124K!)\nThe report is full of other great statistics — and graphics, like the below. If you're a freelancer, they'll help you quantify your value. And if you're hiring, they may convince you to try a freelance marketer.\n\n<https:\/\/marketerhire.com\/blog\/freelance-market-statistics#toc-46-more-statistics-show-how-the-freelance-market-works-|Read the full report here> and let us know what you think!.",
        "files": [
            {
                "id": "F02QJ7VMXR6",
                "created": 1638895327,
                "timestamp": 1638895327,
                "name": "what-freelancers-improve-infographic-freelance-market-statistics.jpg",
                "title": "what-freelancers-improve-infographic-freelance-market-statistics.jpg",
                "mimetype": "image\/jpeg",
                "filetype": "jpg",
                "pretty_type": "JPEG",
                "user": "U02D1E37FL5",
                "editable": false,
                "size": 43729,
                "mode": "hosted",
                "is_external": false,
                "external_type": "",
                "is_public": true,
                "public_url_shared": false,
                "display_as_bot": false,
                "username": "",
                "url_private": "https:\/\/files.slack.com\/files-pri\/TJE58GTJL-F02QJ7VMXR6\/what-freelancers-improve-infographic-freelance-market-statistics.jpg?t=xoxe-626178571632-3467451922035-3469800396036-b45365c7edcd0220272aa8a422c2b82f",
                "url_private_download": "https:\/\/files.slack.com\/files-pri\/TJE58GTJL-F02QJ7VMXR6\/download\/what-freelancers-improve-infographic-freelance-market-statistics.jpg?t=xoxe-626178571632-3467451922035-3469800396036-b45365c7edcd0220272aa8a422c2b82f",
                "media_display_type": "unknown",
                "thumb_64": "https:\/\/files.slack.com\/files-tmb\/TJE58GTJL-F02QJ7VMXR6-26d0e8b958\/what-freelancers-improve-infographic-freelance-market-statistics_64.jpg?t=xoxe-626178571632-3467451922035-3469800396036-b45365c7edcd0220272aa8a422c2b82f",
                "thumb_80": "https:\/\/files.slack.com\/files-tmb\/TJE58GTJL-F02QJ7VMXR6-26d0e8b958\/what-freelancers-improve-infographic-freelance-market-statistics_80.jpg?t=xoxe-626178571632-3467451922035-3469800396036-b45365c7edcd0220272aa8a422c2b82f",
                "thumb_360": "https:\/\/files.slack.com\/files-tmb\/TJE58GTJL-F02QJ7VMXR6-26d0e8b958\/what-freelancers-improve-infographic-freelance-market-statistics_360.jpg?t=xoxe-626178571632-3467451922035-3469800396036-b45365c7edcd0220272aa8a422c2b82f",
                "thumb_360_w": 360,
                "thumb_360_h": 219,
                "thumb_480": "https:\/\/files.slack.com\/files-tmb\/TJE58GTJL-F02QJ7VMXR6-26d0e8b958\/what-freelancers-improve-infographic-freelance-market-statistics_480.jpg?t=xoxe-626178571632-3467451922035-3469800396036-b45365c7edcd0220272aa8a422c2b82f",
                "thumb_480_w": 480,
                "thumb_480_h": 291,
                "thumb_160": "https:\/\/files.slack.com\/files-tmb\/TJE58GTJL-F02QJ7VMXR6-26d0e8b958\/what-freelancers-improve-infographic-freelance-market-statistics_160.jpg?t=xoxe-626178571632-3467451922035-3469800396036-b45365c7edcd0220272aa8a422c2b82f",
                "thumb_720": "https:\/\/files.slack.com\/files-tmb\/TJE58GTJL-F02QJ7VMXR6-26d0e8b958\/what-freelancers-improve-infographic-freelance-market-statistics_720.jpg?t=xoxe-626178571632-3467451922035-3469800396036-b45365c7edcd0220272aa8a422c2b82f",
                "thumb_720_w": 720,
                "thumb_720_h": 437,
                "thumb_800": "https:\/\/files.slack.com\/files-tmb\/TJE58GTJL-F02QJ7VMXR6-26d0e8b958\/what-freelancers-improve-infographic-freelance-market-statistics_800.jpg?t=xoxe-626178571632-3467451922035-3469800396036-b45365c7edcd0220272aa8a422c2b82f",
                "thumb_800_w": 800,
                "thumb_800_h": 486,
                "thumb_960": "https:\/\/files.slack.com\/files-tmb\/TJE58GTJL-F02QJ7VMXR6-26d0e8b958\/what-freelancers-improve-infographic-freelance-market-statistics_960.jpg?t=xoxe-626178571632-3467451922035-3469800396036-b45365c7edcd0220272aa8a422c2b82f",
                "thumb_960_w": 960,
                "thumb_960_h": 583,
                "original_w": 1000,
                "original_h": 607,
                "thumb_tiny": "AwAdADDSYEjg4NRHzQ2M5HrxUxOO2aaT\/smgCMmXtj9KCZex\/lR5jf8APFqPMb\/ni1OzK5WKvmt1YD8AalqHzWH\/ACyano5bOVK\/WiwnFoc3Tofwph+jdKkopCKmB\/dlowP7stW\/xoquY05ypgf3ZamgAwSN341LRQ3cTldH\/9k=",
                "permalink": "https:\/\/content-career-growth.slack.com\/files\/U02D1E37FL5\/F02QJ7VMXR6\/what-freelancers-improve-infographic-freelance-market-statistics.jpg",
                "permalink_public": "https:\/\/slack-files.com\/TJE58GTJL-F02QJ7VMXR6-757881b0df",
                "is_starred": false,
                "has_rich_preview": false
            }
        ],
        "upload": false,
        "user": "U02D1E37FL5",
        "display_as_bot": false,
        "ts": "1638895860.365300",
        "blocks": [
            {
                "type": "rich_text",
                "block_id": "ceym",
                "elements": [
                    {
                        "type": "rich_text_section",
                        "elements": [
                            {
                                "type": "text",
                                "text": "Hi all! Over at MarketerHire, "
                            },
                            {
                                "type": "text",
                                "text": "we surveyed 600+ marketing leaders and found that the Great Resignation should really be called the ",
                                "style": {
                                    "bold": true
                                }
                            },
                            {
                                "type": "text",
                                "text": "Freelance Revolution",
                                "style": {
                                    "bold": true,
                                    "italic": true
                                }
                            },
                            {
                                "type": "text",
                                "text": ". ",
                                "style": {
                                    "italic": true
                                }
                            },
                            {
                                "type": "text",
                                "text": "\n\nHere's a few of my favorite statistics from the report:\n"
                            }
                        ]
                    },
                    {
                        "type": "rich_text_list",
                        "elements": [
                            {
                                "type": "rich_text_section",
                                "elements": [
                                    {
                                        "type": "text",
                                        "text": "67% of marketing leaders say that hiring in-house marketing talent is getting harder"
                                    }
                                ]
                            },
                            {
                                "type": "rich_text_section",
                                "elements": [
                                    {
                                        "type": "text",
                                        "text": "83% of leaders say freelancers help their marketing teams pivot more quickly"
                                    }
                                ]
                            },
                            {
                                "type": "rich_text_section",
                                "elements": [
                                    {
                                        "type": "text",
                                        "text": "SMB leaders estimate that they save just over $71K per marketing campaign when they work with freelancers. (Enterprise leaders estimate they save $124K!)"
                                    }
                                ]
                            }
                        ],
                        "style": "bullet",
                        "indent": 0,
                        "border": 0
                    },
                    {
                        "type": "rich_text_section",
                        "elements": [
                            {
                                "type": "text",
                                "text": "\nThe report is full of other great statistics — and graphics, like the below. If you're a freelancer, they'll help you quantify your value. And if you're hiring, they may convince you to try a freelance marketer.\n\n"
                            },
                            {
                                "type": "link",
                                "url": "https:\/\/marketerhire.com\/blog\/freelance-market-statistics#toc-46-more-statistics-show-how-the-freelance-market-works-",
                                "text": "Read the full report here"
                            },
                            {
                                "type": "text",
                                "text": " and let us know what you think!."
                            }
                        ]
                    }
                ]
            }
        ],
        "edited": {
            "user": "U02D1E37FL5",
            "ts": "1638897086.000000"
        },
        "client_msg_id": "a3af7d57-8be4-48fb-83e6-28a8be000b73",
        "thread_ts": "1638895860.365300",
        "reply_count": 1,
        "reply_users_count": 1,
        "latest_reply": "1638897064.366500",
        "reply_users": [
            "U02HWBZS9QC"
        ],
        "replies": [
            {
                "user": "U02HWBZS9QC",
                "ts": "1638897064.366500"
            }
        ],
        "is_locked": false,
        "subscribed": false,
        "reactions": [
            {
                "name": "raised_hands",
                "users": [
                    "UL9V1R1D2",
                    "U020EL92NBZ",
                    "U02MYNYNDEK",
                    "UN227ML2H",
                    "U02CMV0AHAS",
                    "U012GHRAHDK",
                    "U01NM31CTFU",
                    "U02S2UZU3D3",
                    "U02TMGQM96G",
                    "U02NADUBXSR"
                ],
                "count": 10
            },
            {
                "name": "i_love_you_hand_sign",
                "users": [
                    "U02CMV0AHAS",
                    "U02NADUBXSR"
                ],
                "count": 2
            }
        ]
    },
    {
        "client_msg_id": "b499c3cf-46f8-4444-9379-6021841a6985",
        "type": "message",
        "text": "Thanks for such a detailed report, <@U02D1E37FL5>",
        "user": "U02HWBZS9QC",
        "ts": "1638897064.366500",
        "team": "TJE58GTJL",
        "user_team": "TJE58GTJL",
        "source_team": "TJE58GTJL",
        "user_profile": {
            "avatar_hash": "cea3c2adb719",
            "image_72": "https:\/\/avatars.slack-edge.com\/2021-12-23\/2879299611220_cea3c2adb71995b8fd88_72.jpg",
            "first_name": "Ankit",
            "real_name": "Ankit Vora",
            "display_name": "",
            "team": "TJE58GTJL",
            "name": "ankitplaynody",
            "is_restricted": false,
            "is_ultra_restricted": false
        },
        "blocks": [
            {
                "type": "rich_text",
                "block_id": "d\/Yz",
                "elements": [
                    {
                        "type": "rich_text_section",
                        "elements": [
                            {
                                "type": "text",
                                "text": "Thanks for such a detailed report, "
                            },
                            {
                                "type": "user",
                                "user_id": "U02D1E37FL5"
                            }
                        ]
                    }
                ]
            }
        ],
        "thread_ts": "1638895860.365300",
        "parent_user_id": "U02D1E37FL5",
        "reactions": [
            {
                "name": "pray",
                "users": [
                    "U02D1E37FL5"
                ],
                "count": 1
            }
        ]
    },
    {
        "client_msg_id": "9e9b7228-9fa8-49a9-895c-a7f88318bf16",
        "type": "message",
        "text": "I think $1500 is totally fair. Especially if you need to do some digging and typically this is the case.",
        "user": "U02CE98M0TE",
        "ts": "1638897760.367000",
        "team": "TJE58GTJL",
        "user_team": "TJE58GTJL",
        "source_team": "TJE58GTJL",
        "user_profile": {
            "avatar_hash": "8eaced574be0",
            "image_72": "https:\/\/avatars.slack-edge.com\/2021-08-25\/2418952737651_8eaced574be0788e7314_72.jpg",
            "first_name": "Kate",
            "real_name": "Kate Brack",
            "display_name": "Kate Brack",
            "team": "TJE58GTJL",
            "name": "kate506",
            "is_restricted": false,
            "is_ultra_restricted": false
        },
        "blocks": [
            {
                "type": "rich_text",
                "block_id": "6ZT",
                "elements": [
                    {
                        "type": "rich_text_section",
                        "elements": [
                            {
                                "type": "text",
                                "text": "I think $1500 is totally fair. Especially if you need to do some digging and typically this is the case."
                            }
                        ]
                    }
                ]
            }
        ],
        "thread_ts": "1638890006.359000",
        "parent_user_id": "U02LGA1DB9N",
        "reactions": [
            {
                "name": "white_check_mark",
                "users": [
                    "U02LGA1DB9N"
                ],
                "count": 1
            }
        ]
    },
    {
        "client_msg_id": "4d31a04c-5aea-496d-a101-a2de9d5ebe8f",
        "type": "message",
        "text": "<@U02LGA1DB9N> is that a separate service within a branding package? Or is it just a voice and tone guide on it's own?",
        "user": "U02CVNB3X1T",
        "ts": "1638898217.367300",
        "team": "TJE58GTJL",
        "user_team": "TJE58GTJL",
        "source_team": "TJE58GTJL",
        "user_profile": {
            "avatar_hash": "a98cd79fc67b",
            "image_72": "https:\/\/avatars.slack-edge.com\/2021-12-28\/2891088304196_a98cd79fc67b29986082_72.png",
            "first_name": "Julie",
            "real_name": "Julie Simpson",
            "display_name": "Julie Simpson",
            "team": "TJE58GTJL",
            "name": "jujuklu",
            "is_restricted": false,
            "is_ultra_restricted": false
        },
        "blocks": [
            {
                "type": "rich_text",
                "block_id": "LYE",
                "elements": [
                    {
                        "type": "rich_text_section",
                        "elements": [
                            {
                                "type": "user",
                                "user_id": "U02LGA1DB9N"
                            },
                            {
                                "type": "text",
                                "text": " is that a separate service within a branding package? Or is it just a voice and tone guide on it's own?"
                            }
                        ]
                    }
                ]
            }
        ],
        "thread_ts": "1638890006.359000",
        "parent_user_id": "U02LGA1DB9N"
    },
    {
        "client_msg_id": "3c61c274-4066-45bc-92ce-28ee7bf364fc",
        "type": "message",
        "text": "Looking for a freelance writer who can write in the core domain of AIOps, automation and predictive analytics. Please DM with samples and rates!",
        "user": "U02CUMQBP9R",
        "ts": "1638900537.368500",
        "team": "TJE58GTJL",
        "user_team": "TJE58GTJL",
        "source_team": "TJE58GTJL",
        "user_profile": {
            "avatar_hash": "37d9a8538dda",
            "image_72": "https:\/\/avatars.slack-edge.com\/2021-08-30\/2422037442023_37d9a8538dda6c598cc7_72.jpg",
            "first_name": "Harshala",
            "real_name": "Harshala Chavan",
            "display_name": "Harshala Chavan",
            "team": "TJE58GTJL",
            "name": "harshalachavan7",
            "is_restricted": false,
            "is_ultra_restricted": false
        },
        "blocks": [
            {
                "type": "rich_text",
                "block_id": "Ssmf8",
                "elements": [
                    {
                        "type": "rich_text_section",
                        "elements": [
                            {
                                "type": "text",
                                "text": "Looking for a freelance writer who can write in the core domain of AIOps, automation and predictive analytics. Please DM with samples and rates!"
                            }
                        ]
                    }
                ]
            }
        ],
        "thread_ts": "1638900537.368500",
        "reply_count": 2,
        "reply_users_count": 2,
        "latest_reply": "1639411579.450800",
        "reply_users": [
            "U01NM31CTFU",
            "U029CTQ5X6Y"
        ],
        "replies": [
            {
                "user": "U01NM31CTFU",
                "ts": "1639112793.432200"
            },
            {
                "user": "U029CTQ5X6Y",
                "ts": "1639411579.450800"
            }
        ],
        "is_locked": false,
        "subscribed": false
    },
    {
        "client_msg_id": "e187e1f6-e59f-437e-a6e1-2863cab78b04",
        "type": "message",
        "text": "Hi all, my company is ramping up our blog and on-site conversion strategy. I'm looking for a few freelance content writers with experience speaking to a financial services risk and compliance audience. I can do the keyword research and provide the SEO brief, but I don't personally have a ton of experience with this industry.\n\nOur company is a no-code SaaS solution for risk and compliance operations teams who are focused on Anti-Money Laundering. Typically blog posts will be between 1,500 - 2,000 words. If you are interested or know anyone to recommend, DM me with your rates.\n\nThanks!!",
        "user": "U02DWSEDP4K",
        "ts": "1638901052.373100",
        "team": "TJE58GTJL",
        "user_team": "TJE58GTJL",
        "source_team": "TJE58GTJL",
        "user_profile": {
            "avatar_hash": "34d7bad50324",
            "image_72": "https:\/\/avatars.slack-edge.com\/2021-09-09\/2487411943553_34d7bad503247e9a2d21_72.jpg",
            "first_name": "Shana",
            "real_name": "Shana Haynie",
            "display_name": "Shana Haynie",
            "team": "TJE58GTJL",
            "name": "shana.haynie",
            "is_restricted": false,
            "is_ultra_restricted": false
        },
        "blocks": [
            {
                "type": "rich_text",
                "block_id": "W9i",
                "elements": [
                    {
                        "type": "rich_text_section",
                        "elements": [
                            {
                                "type": "text",
                                "text": "Hi all, my company is ramping up our blog and on-site conversion strategy. I'm looking for a few freelance content writers with experience speaking to a financial services risk and compliance audience. I can do the keyword research and provide the SEO brief, but I don't personally have a ton of experience with this industry.\n\nOur company is a no-code SaaS solution for risk and compliance operations teams who are focused on Anti-Money Laundering. Typically blog posts will be between 1,500 - 2,000 words. If you are interested or know anyone to recommend, DM me with your rates.\n\nThanks!!"
                            }
                        ]
                    }
                ]
            }
        ],
        "thread_ts": "1638901052.373100",
        "reply_count": 1,
        "reply_users_count": 1,
        "latest_reply": "1638945242.385700",
        "reply_users": [
            "U02HD0L8HAP"
        ],
        "replies": [
            {
                "user": "U02HD0L8HAP",
                "ts": "1638945242.385700"
            }
        ],
        "is_locked": false,
        "subscribed": false,
        "reactions": [
            {
                "name": "fire",
                "users": [
                    "U01AHL8AGBB",
                    "U02PUQ6CQRX",
                    "U02F1GK6U6B"
                ],
                "count": 3
            }
        ]
    },
    {
        "client_msg_id": "5346f103-c63b-4587-8392-0c264c1f1820",
        "type": "message",
        "text": "<https:\/\/www.linkedin.com\/in\/hilaryconstable\/> - Hilary is great",
        "user": "U011QQDDSJV",
        "ts": "1638902656.373400",
        "team": "TJE58GTJL",
        "user_team": "TJE58GTJL",
        "source_team": "TJE58GTJL",
        "user_profile": {
            "avatar_hash": "26f290c29155",
            "image_72": "https:\/\/avatars.slack-edge.com\/2020-04-08\/1046081228023_26f290c2915541368412_72.png",
            "first_name": "Nikolas",
            "real_name": "Nikolas Wright",
            "display_name": "Nik",
            "team": "TJE58GTJL",
            "name": "wright.nikolas",
            "is_restricted": false,
            "is_ultra_restricted": false
        },
        "blocks": [
            {
                "type": "rich_text",
                "block_id": "0ej",
                "elements": [
                    {
                        "type": "rich_text_section",
                        "elements": [
                            {
                                "type": "link",
                                "url": "https:\/\/www.linkedin.com\/in\/hilaryconstable\/"
                            },
                            {
                                "type": "text",
                                "text": " - Hilary is great"
                            }
                        ]
                    }
                ]
            }
        ],
        "thread_ts": "1638476145.324100",
        "parent_user_id": "U02CUMQBP9R"
    },
    {
        "client_msg_id": "3a83aae8-1f17-4aad-b5a7-25f9cb5efd80",
        "type": "message",
        "text": "<@U02CVNB3X1T> it’s the latter",
        "user": "U02LGA1DB9N",
        "ts": "1638904047.374000",
        "team": "TJE58GTJL",
        "user_team": "TJE58GTJL",
        "source_team": "TJE58GTJL",
        "user_profile": {
            "avatar_hash": "g155e4fbdeca",
            "image_72": "https:\/\/secure.gravatar.com\/avatar\/155e4fbdecae853708a128414a53d994.jpg?s=72&d=https%3A%2F%2Fa.slack-edge.com%2Fdf10d%2Fimg%2Favatars%2Fava_0025-72.png",
            "first_name": "Jenn",
            "real_name": "Jenn Palandro",
            "display_name": "jenn",
            "team": "TJE58GTJL",
            "name": "jenny075",
            "is_restricted": false,
            "is_ultra_restricted": false
        },
        "blocks": [
            {
                "type": "rich_text",
                "block_id": "CnAz",
                "elements": [
                    {
                        "type": "rich_text_section",
                        "elements": [
                            {
                                "type": "user",
                                "user_id": "U02CVNB3X1T"
                            },
                            {
                                "type": "text",
                                "text": " it’s the latter"
                            }
                        ]
                    }
                ]
            }
        ],
        "thread_ts": "1638890006.359000",
        "parent_user_id": "U02LGA1DB9N"
    },
    {
        "client_msg_id": "cdf017a8-c6ad-4051-b493-2d5131699999",
        "type": "message",
        "text": "Hi all! I run an independent content marketing consultancy, mostly for B2B and B2C tech startups. I'm looking to grow my roster of freelance writers, specifically people who may be interested in writing content such as email campaigns, long-form blog posts, eBooks, and social media promotion.\n\nAs I sign on new clients, I plan to reach out to freelance writers I have spoken to in the past who fit well with the project. If you're looking for more freelance writing opportunities that fit into your wheelhouse, please DM me :smile: I'd love to hear what you specialize in, what you enjoy working on, and potentially find some exciting projects to collaborate on together in 2022!\n\n*FYI:* At present, my company is only set up to pay people working within the US, though this may change in the near future.",
        "user": "U02P99X3QGP",
        "ts": "1638905365.378700",
        "team": "TJE58GTJL",
        "user_team": "TJE58GTJL",
        "source_team": "TJE58GTJL",
        "user_profile": {
            "avatar_hash": "faca191cfdff",
            "image_72": "https:\/\/avatars.slack-edge.com\/2021-12-07\/2811336893922_faca191cfdffbd780d89_72.jpg",
            "first_name": "Kristin",
            "real_name": "Kristin Hoppe",
            "display_name": "Kristin",
            "team": "TJE58GTJL",
            "name": "kristinhoppewrites",
            "is_restricted": false,
            "is_ultra_restricted": false
        },
        "edited": {
            "user": "U02P99X3QGP",
            "ts": "1638907359.000000"
        },
        "blocks": [
            {
                "type": "rich_text",
                "block_id": "LEZe",
                "elements": [
                    {
                        "type": "rich_text_section",
                        "elements": [
                            {
                                "type": "text",
                                "text": "Hi all! I run an independent content marketing consultancy, mostly for B2B and B2C tech startups. I'm looking to grow my roster of freelance writers, specifically people who may be interested in writing content such as email campaigns, long-form blog posts, eBooks, and social media promotion.\n\nAs I sign on new clients, I plan to reach out to freelance writers I have spoken to in the past who fit well with the project. If you're looking for more freelance writing opportunities that fit into your wheelhouse, please DM me "
                            },
                            {
                                "type": "emoji",
                                "name": "smile"
                            },
                            {
                                "type": "text",
                                "text": " I'd love to hear what you specialize in, what you enjoy working on, and potentially find some exciting projects to collaborate on together in 2022!\n\n"
                            },
                            {
                                "type": "text",
                                "text": "FYI: ",
                                "style": {
                                    "bold": true
                                }
                            },
                            {
                                "type": "text",
                                "text": "At present, my company is only set up to pay people working within the US, though this may change in the near future."
                            }
                        ]
                    }
                ]
            }
        ],
        "thread_ts": "1638905365.378700",
        "reply_count": 4,
        "reply_users_count": 3,
        "latest_reply": "1642175115.105300",
        "reply_users": [
            "U029CTQ5X6Y",
            "U02P99X3QGP",
            "U02L06T4MM2"
        ],
        "replies": [
            {
                "user": "U029CTQ5X6Y",
                "ts": "1638978971.392900"
            },
            {
                "user": "U029CTQ5X6Y",
                "ts": "1638978987.393500"
            },
            {
                "user": "U02P99X3QGP",
                "ts": "1638989050.404100"
            },
            {
                "user": "U02L06T4MM2",
                "ts": "1642175115.105300"
            }
        ],
        "is_locked": false,
        "subscribed": false,
        "reactions": [
            {
                "name": "raised_hands",
                "users": [
                    "U02H3K9BEMA",
                    "U02HWBZS9QC",
                    "UN227ML2H",
                    "U02MYNYNDEK",
                    "U02F1GK6U6B",
                    "U02DALQQHE0",
                    "U028D815JA0",
                    "U02PRMEAP0V",
                    "U01PXN2LGAK",
                    "U02PUQ6CQRX"
                ],
                "count": 10
            },
            {
                "name": "+1",
                "users": [
                    "U01MVN90X9U",
                    "U01P833NGUT",
                    "U01N2ARBLA1"
                ],
                "count": 3
            }
        ]
    },
    {
        "client_msg_id": "2A8BCC3F-D65C-4785-A51E-2480B30C49B9",
        "type": "message",
        "text": "New to Superpath - I'm a Technical Writer with a Statistics background. I document APIs, software, integrations etc :relaxed::wave:",
        "user": "U02PUQ6CQRX",
        "ts": "1638905413.379700",
        "team": "TJE58GTJL",
        "user_team": "TJE58GTJL",
        "source_team": "TJE58GTJL",
        "user_profile": {
            "avatar_hash": "g6ad1273c8c4",
            "image_72": "https:\/\/secure.gravatar.com\/avatar\/6ad1273c8c4437be1c8fe8c6db97dcc2.jpg?s=72&d=https%3A%2F%2Fa.slack-edge.com%2Fdf10d%2Fimg%2Favatars%2Fava_0017-72.png",
            "first_name": "Serah",
            "real_name": "Serah Nderi",
            "display_name": "Sarah Nderi",
            "team": "TJE58GTJL",
            "name": "sarah177",
            "is_restricted": false,
            "is_ultra_restricted": false
        },
        "blocks": [
            {
                "type": "rich_text",
                "block_id": "JUqp",
                "elements": [
                    {
                        "type": "rich_text_section",
                        "elements": [
                            {
                                "type": "text",
                                "text": "New to Superpath - I'm a Technical Writer with a Statistics background. I document APIs, software, integrations etc "
                            },
                            {
                                "type": "emoji",
                                "name": "relaxed"
                            },
                            {
                                "type": "emoji",
                                "name": "wave"
                            }
                        ]
                    }
                ]
            }
        ],
        "thread_ts": "1637250661.182700",
        "parent_user_id": "U02CE98M0TE"
    },
    {
        "client_msg_id": "f0124d56-ccd3-4ce9-a224-c4cc24d9c646",
        "type": "message",
        "text": "Hi <@U02CTCWKAF6>, did you find the copywriter you were searching for?",
        "user": "U013JCCN8JE",
        "ts": "1638935991.385400",
        "team": "TJE58GTJL",
        "user_team": "TJE58GTJL",
        "source_team": "TJE58GTJL",
        "user_profile": {
            "avatar_hash": "6682d662b905",
            "image_72": "https:\/\/avatars.slack-edge.com\/2020-10-24\/1444184646742_6682d662b90594d702c6_72.jpg",
            "first_name": "Timan",
            "real_name": "Timan Nickson",
            "display_name": "Timan Nickson",
            "team": "TJE58GTJL",
            "name": "timanwai",
            "is_restricted": false,
            "is_ultra_restricted": false
        },
        "blocks": [
            {
                "type": "rich_text",
                "block_id": "94L",
                "elements": [
                    {
                        "type": "rich_text_section",
                        "elements": [
                            {
                                "type": "text",
                                "text": "Hi "
                            },
                            {
                                "type": "user",
                                "user_id": "U02CTCWKAF6"
                            },
                            {
                                "type": "text",
                                "text": ", did you find the copywriter you were searching for?"
                            }
                        ]
                    }
                ]
            }
        ],
        "thread_ts": "1637921660.274800",
        "parent_user_id": "U02CTCWKAF6"
    },
    {
        "client_msg_id": "e5db81a9-128c-45fd-b0ee-6aa782f3fc4c",
        "type": "message",
        "text": "Hey <@U02DWSEDP4K> I have sent you a DM with details.",
        "user": "U02HD0L8HAP",
        "ts": "1638945242.385700",
        "team": "TJE58GTJL",
        "user_team": "TJE58GTJL",
        "source_team": "TJE58GTJL",
        "user_profile": {
            "avatar_hash": "675c42a91f65",
            "image_72": "https:\/\/avatars.slack-edge.com\/2022-01-10\/2928364816754_675c42a91f6571f4ac6b_72.jpg",
            "first_name": "Aanchal",
            "real_name": "Aanchal Parmar",
            "display_name": "Aanchal Parmar",
            "team": "TJE58GTJL",
            "name": "aanywrites",
            "is_restricted": false,
            "is_ultra_restricted": false
        },
        "blocks": [
            {
                "type": "rich_text",
                "block_id": "lLRA",
                "elements": [
                    {
                        "type": "rich_text_section",
                        "elements": [
                            {
                                "type": "text",
                                "text": "Hey "
                            },
                            {
                                "type": "user",
                                "user_id": "U02DWSEDP4K"
                            },
                            {
                                "type": "text",
                                "text": " I have sent you a DM with details."
                            }
                        ]
                    }
                ]
            }
        ],
        "thread_ts": "1638901052.373100",
        "parent_user_id": "U02DWSEDP4K"
    }
]