[
    {
        "client_msg_id": "ebca4a99-1138-4e78-81ff-cb79d6216ddf",
        "type": "message",
        "text": "<@U022P474MC1> why not up your prices by 3% to cover the processing fee?",
        "user": "U0236PYP3SR",
        "ts": "1622236987.069700",
        "team": "TJE58GTJL",
        "user_team": "TJE58GTJL",
        "source_team": "TJE58GTJL",
        "user_profile": {
            "avatar_hash": "151ef26d495d",
            "image_72": "https:\/\/avatars.slack-edge.com\/2021-05-27\/2105651351574_151ef26d495d8461f6e5_72.jpg",
            "first_name": "Jasmine",
            "real_name": "Jasmine Williams",
            "display_name": "Jasmine Williams",
            "team": "TJE58GTJL",
            "name": "hello426",
            "is_restricted": false,
            "is_ultra_restricted": false
        },
        "blocks": [
            {
                "type": "rich_text",
                "block_id": "aJ1j",
                "elements": [
                    {
                        "type": "rich_text_section",
                        "elements": [
                            {
                                "type": "user",
                                "user_id": "U022P474MC1"
                            },
                            {
                                "type": "text",
                                "text": " why not up your prices by 3% to cover the processing fee?"
                            }
                        ]
                    }
                ]
            }
        ],
        "thread_ts": "1621528130.029700",
        "parent_user_id": "U022P474MC1"
    }
]