[
    {
        "client_msg_id": "4934d7a4-313e-4df6-8102-5deb1f93bd61",
        "type": "message",
        "text": "Does anyone here set targets for the freelance writers they’re working with? i.e. “We want this post to get 1k pageviews”. Why\/how does it work?\n\nCurious to know if any freelancers are on the other side who’ve experienced this, too. Do you like it?",
        "user": "UJHMVAE3G",
        "ts": "1624437747.165300",
        "team": "TJE58GTJL",
        "user_team": "TJE58GTJL",
        "source_team": "TJE58GTJL",
        "user_profile": {
            "avatar_hash": "g1b669baf54d",
            "image_72": "https:\/\/secure.gravatar.com\/avatar\/cb1b669baf54d184a6138c7f4607efc3.jpg?s=72&d=https%3A%2F%2Fa.slack-edge.com%2Fdf10d%2Fimg%2Favatars%2Fava_0013-72.png",
            "first_name": "Elise",
            "real_name": "Elise Dopson",
            "display_name": "",
            "team": "TJE58GTJL",
            "name": "elise",
            "is_restricted": false,
            "is_ultra_restricted": false
        },
        "blocks": [
            {
                "type": "rich_text",
                "block_id": "gGG",
                "elements": [
                    {
                        "type": "rich_text_section",
                        "elements": [
                            {
                                "type": "text",
                                "text": "Does anyone here set targets for the freelance writers they’re working with? i.e. “We want this post to get 1k pageviews”. Why\/how does it work?\n\nCurious to know if any freelancers are on the other side who’ve experienced this, too. Do you like it?"
                            }
                        ]
                    }
                ]
            }
        ],
        "thread_ts": "1624437747.165300",
        "reply_count": 10,
        "reply_users_count": 5,
        "latest_reply": "1624905189.191700",
        "reply_users": [
            "U0241GTJEDC",
            "U01FUP6AMEZ",
            "U01K0BWEQD6",
            "U017XD7H4P7",
            "U01AHL8AGBB"
        ],
        "replies": [
            {
                "user": "U0241GTJEDC",
                "ts": "1624452629.169400"
            },
            {
                "user": "U01FUP6AMEZ",
                "ts": "1624454857.176800"
            },
            {
                "user": "U01K0BWEQD6",
                "ts": "1624457153.180900"
            },
            {
                "user": "U017XD7H4P7",
                "ts": "1624458399.181100"
            },
            {
                "user": "U017XD7H4P7",
                "ts": "1624458514.181300"
            },
            {
                "user": "U017XD7H4P7",
                "ts": "1624458786.181500"
            },
            {
                "user": "U017XD7H4P7",
                "ts": "1624459115.182100"
            },
            {
                "user": "U01AHL8AGBB",
                "ts": "1624461291.182700"
            },
            {
                "user": "U01AHL8AGBB",
                "ts": "1624461380.182900"
            },
            {
                "user": "U017XD7H4P7",
                "ts": "1624905189.191700"
            }
        ],
        "is_locked": false,
        "subscribed": false
    },
    {
        "client_msg_id": "8ebe712c-850d-4582-8539-5c2d660c4770",
        "type": "message",
        "text": "I haven't experienced this, but I'd be open to it if (a) the client has a solid distribution plan in place (b) there's room to update the content for freshness and relevancy.",
        "user": "U01B8FNUWRK",
        "ts": "1624444796.168500",
        "team": "TJE58GTJL",
        "user_team": "TJE58GTJL",
        "source_team": "TJE58GTJL",
        "user_profile": {
            "avatar_hash": "a3ab825f6110",
            "image_72": "https:\/\/avatars.slack-edge.com\/2020-09-24\/1386090918259_a3ab825f611075cc2d61_72.jpg",
            "first_name": "Shadrack",
            "real_name": "Shadrack",
            "display_name": "Shadrack",
            "team": "TJE58GTJL",
            "name": "shadrack552",
            "is_restricted": false,
            "is_ultra_restricted": false
        },
        "edited": {
            "user": "U01B8FNUWRK",
            "ts": "1624444819.000000"
        },
        "blocks": [
            {
                "type": "rich_text",
                "block_id": "qwol",
                "elements": [
                    {
                        "type": "rich_text_section",
                        "elements": [
                            {
                                "type": "text",
                                "text": "I haven't experienced this, but I'd be open to it if (a) the client has a solid distribution plan in place (b) there's room to update the content for freshness and relevancy."
                            }
                        ]
                    }
                ]
            }
        ]
    },
    {
        "client_msg_id": "688ecad6-ad7b-404c-9fab-1e5a640810e8",
        "type": "message",
        "text": "I haven't seen that and actually have a line in my contract about not promising particular outcomes. There are so many variables that go into a goal like that and freelance writers have control over very few of them. It's unfair to hold a writer accountable for page views when they aren't handling the bigger picture content\/social strategy. I'd prefer something something like, \"Here are the writing-specific benchmarks that are most likely to help us achieve our bigger target (Word count, section titles, keyword placement, meta description, etc.), so we ask you to meet all of those benchmarks.\"",
        "user": "U0241GTJEDC",
        "ts": "1624452629.169400",
        "team": "TJE58GTJL",
        "user_team": "TJE58GTJL",
        "source_team": "TJE58GTJL",
        "user_profile": {
            "avatar_hash": "536d8eb0424e",
            "image_72": "https:\/\/avatars.slack-edge.com\/2021-06-07\/2130419106119_536d8eb0424e890966a3_72.jpg",
            "first_name": "Kaleigh",
            "real_name": "Kaleigh Cox",
            "display_name": "Kaleigh Cox",
            "team": "TJE58GTJL",
            "name": "kaleighcoxwriter",
            "is_restricted": false,
            "is_ultra_restricted": false
        },
        "blocks": [
            {
                "type": "rich_text",
                "block_id": "a=uJO",
                "elements": [
                    {
                        "type": "rich_text_section",
                        "elements": [
                            {
                                "type": "text",
                                "text": "I haven't seen that and actually have a line in my contract about not promising particular outcomes. There are so many variables that go into a goal like that and freelance writers have control over very few of them. It's unfair to hold a writer accountable for page views when they aren't handling the bigger picture content\/social strategy. I'd prefer something something like, \"Here are the writing-specific benchmarks that are most likely to help us achieve our bigger target (Word count, section titles, keyword placement, meta description, etc.), so we ask you to meet all of those benchmarks.\""
                            }
                        ]
                    }
                ]
            }
        ],
        "thread_ts": "1624437747.165300",
        "parent_user_id": "UJHMVAE3G",
        "reactions": [
            {
                "name": "white_check_mark",
                "users": [
                    "U01AHL8AGBB",
                    "U023Q8E7MNE"
                ],
                "count": 2
            },
            {
                "name": "+1",
                "users": [
                    "U025R8X7F0C"
                ],
                "count": 1
            }
        ]
    },
    {
        "client_msg_id": "6b6169e5-ab9f-4926-9124-0e7269254be6",
        "type": "message",
        "text": "Hey friends - wanted to put some feelers out here to see if anyone is looking for a freelance writer within the B2B tech\/healthcare space. \n\nMy FT role has been in content marketing + strategy for the past 6 years and I've written blogs, white papers, ebooks, etc. within fintech and cybersecurity. \n\nHowever, I do have a background in science (e.g. biology\/psychology) so I'd like to explore options in writing for the healthcare tech space as well. \n\nMy portfolio can be found here: <http:\/\/vicimarketing.ca\/past-work|vicimarketing.ca\/past-work> \n\nIf anyone has any opportunities, please DM me :slightly_smiling_face:",
        "user": "U01TPUG6YE5",
        "ts": "1624454421.176700",
        "team": "TJE58GTJL",
        "user_team": "TJE58GTJL",
        "source_team": "TJE58GTJL",
        "user_profile": {
            "avatar_hash": "e33fca718269",
            "image_72": "https:\/\/avatars.slack-edge.com\/2021-06-28\/2217136981141_e33fca718269ad91729b_72.png",
            "first_name": "Mitangi",
            "real_name": "Mitangi Parekh",
            "display_name": "Mitangi Parekh",
            "team": "TJE58GTJL",
            "name": "emparekh",
            "is_restricted": false,
            "is_ultra_restricted": false
        },
        "edited": {
            "user": "U01TPUG6YE5",
            "ts": "1624455850.000000"
        },
        "blocks": [
            {
                "type": "rich_text",
                "block_id": "GTQ",
                "elements": [
                    {
                        "type": "rich_text_section",
                        "elements": [
                            {
                                "type": "text",
                                "text": "Hey friends - wanted to put some feelers out here to see if anyone is looking for a freelance writer within the B2B tech\/healthcare space. \n\nMy FT role has been in content marketing + strategy for the past 6 years and I've written blogs, white papers, ebooks, etc. within fintech and cybersecurity. \n\nHowever, I do have a background in science (e.g. biology\/psychology) so I'd like to explore options in writing for the healthcare tech space as well. \n\nMy portfolio can be found here: "
                            },
                            {
                                "type": "link",
                                "url": "http:\/\/vicimarketing.ca\/past-work",
                                "text": "vicimarketing.ca\/past-work"
                            },
                            {
                                "type": "text",
                                "text": " \n\nIf anyone has any opportunities, please DM me "
                            },
                            {
                                "type": "emoji",
                                "name": "slightly_smiling_face"
                            }
                        ]
                    }
                ]
            }
        ],
        "thread_ts": "1624454421.176700",
        "reply_count": 2,
        "reply_users_count": 2,
        "latest_reply": "1624644571.190800",
        "reply_users": [
            "UL9SA4C3T",
            "U01TPUG6YE5"
        ],
        "replies": [
            {
                "user": "UL9SA4C3T",
                "ts": "1624507916.186600"
            },
            {
                "user": "U01TPUG6YE5",
                "ts": "1624644571.190800"
            }
        ],
        "is_locked": false,
        "subscribed": false,
        "reactions": [
            {
                "name": "+1",
                "users": [
                    "UL9SA4C3T"
                ],
                "count": 1
            }
        ]
    },
    {
        "client_msg_id": "ad97515e-2a3b-42b0-8081-e85a802782c5",
        "type": "message",
        "text": "I do that with my campaigns -- we set a lead gen ballpark goal just so I can advise them on distro. If you're not hands-on with distro then I feel like the article performance is out of your control",
        "user": "U01FUP6AMEZ",
        "ts": "1624454857.176800",
        "team": "TJE58GTJL",
        "user_team": "TJE58GTJL",
        "source_team": "TJE58GTJL",
        "user_profile": {
            "avatar_hash": "128762c3ea3f",
            "image_72": "https:\/\/avatars.slack-edge.com\/2020-12-01\/1527137254583_128762c3ea3f3d65d19b_72.jpg",
            "first_name": "Joanna",
            "real_name": "Joanna Rutter",
            "display_name": "Joanna Rutter",
            "team": "TJE58GTJL",
            "name": "rutterjoanna",
            "is_restricted": false,
            "is_ultra_restricted": false
        },
        "blocks": [
            {
                "type": "rich_text",
                "block_id": "T6Nzn",
                "elements": [
                    {
                        "type": "rich_text_section",
                        "elements": [
                            {
                                "type": "text",
                                "text": "I do that with my campaigns -- we set a lead gen ballpark goal just so I can advise them on distro. If you're not hands-on with distro then I feel like the article performance is out of your control"
                            }
                        ]
                    }
                ]
            }
        ],
        "thread_ts": "1624437747.165300",
        "parent_user_id": "UJHMVAE3G",
        "reactions": [
            {
                "name": "100",
                "users": [
                    "U019H85CKFY"
                ],
                "count": 1
            },
            {
                "name": "+1",
                "users": [
                    "U025R8X7F0C"
                ],
                "count": 1
            }
        ]
    },
    {
        "type": "message",
        "text": "Here’s a chart from what I teach freelancers who are aiming for $1\/word rates:",
        "files": [
            {
                "id": "F0264LQ084C",
                "created": 1624456975,
                "timestamp": 1624456975,
                "name": "Image from iOS.jpg",
                "title": "Image from iOS",
                "mimetype": "image\/jpeg",
                "filetype": "jpg",
                "pretty_type": "JPEG",
                "user": "U01K0BWEQD6",
                "editable": false,
                "size": 947120,
                "mode": "hosted",
                "is_external": false,
                "external_type": "",
                "is_public": true,
                "public_url_shared": false,
                "display_as_bot": false,
                "username": "",
                "url_private": "https:\/\/files.slack.com\/files-pri\/TJE58GTJL-F0264LQ084C\/image_from_ios.jpg?t=xoxe-626178571632-3467451922035-3469800396036-b45365c7edcd0220272aa8a422c2b82f",
                "url_private_download": "https:\/\/files.slack.com\/files-pri\/TJE58GTJL-F0264LQ084C\/download\/image_from_ios.jpg?t=xoxe-626178571632-3467451922035-3469800396036-b45365c7edcd0220272aa8a422c2b82f",
                "media_display_type": "unknown",
                "thumb_64": "https:\/\/files.slack.com\/files-tmb\/TJE58GTJL-F0264LQ084C-1c7f7c1a5a\/image_from_ios_64.jpg?t=xoxe-626178571632-3467451922035-3469800396036-b45365c7edcd0220272aa8a422c2b82f",
                "thumb_80": "https:\/\/files.slack.com\/files-tmb\/TJE58GTJL-F0264LQ084C-1c7f7c1a5a\/image_from_ios_80.jpg?t=xoxe-626178571632-3467451922035-3469800396036-b45365c7edcd0220272aa8a422c2b82f",
                "thumb_360": "https:\/\/files.slack.com\/files-tmb\/TJE58GTJL-F0264LQ084C-1c7f7c1a5a\/image_from_ios_360.jpg?t=xoxe-626178571632-3467451922035-3469800396036-b45365c7edcd0220272aa8a422c2b82f",
                "thumb_360_w": 360,
                "thumb_360_h": 270,
                "thumb_480": "https:\/\/files.slack.com\/files-tmb\/TJE58GTJL-F0264LQ084C-1c7f7c1a5a\/image_from_ios_480.jpg?t=xoxe-626178571632-3467451922035-3469800396036-b45365c7edcd0220272aa8a422c2b82f",
                "thumb_480_w": 480,
                "thumb_480_h": 360,
                "thumb_160": "https:\/\/files.slack.com\/files-tmb\/TJE58GTJL-F0264LQ084C-1c7f7c1a5a\/image_from_ios_160.jpg?t=xoxe-626178571632-3467451922035-3469800396036-b45365c7edcd0220272aa8a422c2b82f",
                "thumb_720": "https:\/\/files.slack.com\/files-tmb\/TJE58GTJL-F0264LQ084C-1c7f7c1a5a\/image_from_ios_720.jpg?t=xoxe-626178571632-3467451922035-3469800396036-b45365c7edcd0220272aa8a422c2b82f",
                "thumb_720_w": 720,
                "thumb_720_h": 540,
                "thumb_800": "https:\/\/files.slack.com\/files-tmb\/TJE58GTJL-F0264LQ084C-1c7f7c1a5a\/image_from_ios_800.jpg?t=xoxe-626178571632-3467451922035-3469800396036-b45365c7edcd0220272aa8a422c2b82f",
                "thumb_800_w": 800,
                "thumb_800_h": 600,
                "thumb_960": "https:\/\/files.slack.com\/files-tmb\/TJE58GTJL-F0264LQ084C-1c7f7c1a5a\/image_from_ios_960.jpg?t=xoxe-626178571632-3467451922035-3469800396036-b45365c7edcd0220272aa8a422c2b82f",
                "thumb_960_w": 960,
                "thumb_960_h": 720,
                "thumb_1024": "https:\/\/files.slack.com\/files-tmb\/TJE58GTJL-F0264LQ084C-1c7f7c1a5a\/image_from_ios_1024.jpg?t=xoxe-626178571632-3467451922035-3469800396036-b45365c7edcd0220272aa8a422c2b82f",
                "thumb_1024_w": 1024,
                "thumb_1024_h": 768,
                "original_w": 4032,
                "original_h": 3024,
                "thumb_tiny": "AwAkADBABuxUmwEYIBFMCgvzUwUADAGKSARUVRhQB9KUqKcoowPQUwIiKYcVIy9ajxg\/hQAv8VToCAKgT7xyKmBpIZLg+1N6dqAfWkyaYhG5qJhUjH3qJjQAi1KpqJalWgCQGkJoFBoAYaiapTUTUAf\/2Q==",
                "permalink": "https:\/\/content-career-growth.slack.com\/files\/U01K0BWEQD6\/F0264LQ084C\/image_from_ios.jpg",
                "permalink_public": "https:\/\/slack-files.com\/TJE58GTJL-F0264LQ084C-803269ea2a",
                "is_starred": false,
                "has_rich_preview": false
            }
        ],
        "upload": false,
        "user": "U01K0BWEQD6",
        "display_as_bot": false,
        "ts": "1624456984.177400",
        "blocks": [
            {
                "type": "rich_text",
                "block_id": "q2Ei",
                "elements": [
                    {
                        "type": "rich_text_section",
                        "elements": [
                            {
                                "type": "text",
                                "text": "Here’s a chart from what I teach freelancers who are aiming for $1\/word rates:"
                            }
                        ]
                    }
                ]
            }
        ],
        "client_msg_id": "C88384C4-5889-4C08-BFEB-0AA94C82E922",
        "thread_ts": "1623448618.107200",
        "parent_user_id": "U024K88ECFN",
        "reactions": [
            {
                "name": "hearts",
                "users": [
                    "U024K88ECFN",
                    "U01AHL8AGBB"
                ],
                "count": 2
            }
        ]
    },
    {
        "client_msg_id": "48C87DCD-2B92-4695-B255-BD69CFF26AB8",
        "type": "message",
        "text": "The thing is, it’s very hard to run a successful business at $.15\/word or $40\/hour. So the people who last the longest and get really good at what they do are often charging $100\/hr and $1\/ word. ",
        "user": "U01K0BWEQD6",
        "ts": "1624457001.177600",
        "team": "TJE58GTJL",
        "user_team": "TJE58GTJL",
        "source_team": "TJE58GTJL",
        "user_profile": {
            "avatar_hash": "1d4a27b0b808",
            "image_72": "https:\/\/avatars.slack-edge.com\/2021-01-12\/1637132909412_1d4a27b0b8085cc784f5_72.jpg",
            "first_name": "Sarah",
            "real_name": "Sarah Greesonbach",
            "display_name": "Sarah Greesonbach",
            "team": "TJE58GTJL",
            "name": "hello317",
            "is_restricted": false,
            "is_ultra_restricted": false
        },
        "blocks": [
            {
                "type": "rich_text",
                "block_id": "25f2",
                "elements": [
                    {
                        "type": "rich_text_section",
                        "elements": [
                            {
                                "type": "text",
                                "text": "The thing is, it’s very hard to run a successful business at $.15\/word or $40\/hour. So the people who last the longest and get really good at what they do are often charging $100\/hr and $1\/ word. "
                            }
                        ]
                    }
                ]
            }
        ],
        "thread_ts": "1623448618.107200",
        "parent_user_id": "U024K88ECFN",
        "reactions": [
            {
                "name": "eyes",
                "users": [
                    "U01FUP6AMEZ",
                    "UUKNLUX5X"
                ],
                "count": 2
            }
        ]
    },
    {
        "client_msg_id": "11595B7A-021E-4BCC-A4D3-E5FA0FAD20B6",
        "type": "message",
        "text": "But it all depends on the deliverable… some content simply isn’t worth paying those rates, hence the dilemma.",
        "user": "U01K0BWEQD6",
        "ts": "1624457023.177900",
        "team": "TJE58GTJL",
        "user_team": "TJE58GTJL",
        "source_team": "TJE58GTJL",
        "user_profile": {
            "avatar_hash": "1d4a27b0b808",
            "image_72": "https:\/\/avatars.slack-edge.com\/2021-01-12\/1637132909412_1d4a27b0b8085cc784f5_72.jpg",
            "first_name": "Sarah",
            "real_name": "Sarah Greesonbach",
            "display_name": "Sarah Greesonbach",
            "team": "TJE58GTJL",
            "name": "hello317",
            "is_restricted": false,
            "is_ultra_restricted": false
        },
        "blocks": [
            {
                "type": "rich_text",
                "block_id": "oiYGm",
                "elements": [
                    {
                        "type": "rich_text_section",
                        "elements": [
                            {
                                "type": "text",
                                "text": "But it all depends on the deliverable… some content simply isn’t worth paying those rates, hence the dilemma."
                            }
                        ]
                    }
                ]
            }
        ],
        "thread_ts": "1623448618.107200",
        "parent_user_id": "U024K88ECFN"
    },
    {
        "client_msg_id": "8981CC0B-40FF-4228-B5BA-00CCBE450AA0",
        "type": "message",
        "text": "I think this is a testament to how important it is to put the rate in the job ad: writers targeting different kinds of work will steer clear, and writers charging that rate will flock to it and provide quotes that are within budget.",
        "user": "U01K0BWEQD6",
        "ts": "1624457083.179700",
        "team": "TJE58GTJL",
        "user_team": "TJE58GTJL",
        "source_team": "TJE58GTJL",
        "user_profile": {
            "avatar_hash": "1d4a27b0b808",
            "image_72": "https:\/\/avatars.slack-edge.com\/2021-01-12\/1637132909412_1d4a27b0b8085cc784f5_72.jpg",
            "first_name": "Sarah",
            "real_name": "Sarah Greesonbach",
            "display_name": "Sarah Greesonbach",
            "team": "TJE58GTJL",
            "name": "hello317",
            "is_restricted": false,
            "is_ultra_restricted": false
        },
        "blocks": [
            {
                "type": "rich_text",
                "block_id": "q=PX",
                "elements": [
                    {
                        "type": "rich_text_section",
                        "elements": [
                            {
                                "type": "text",
                                "text": "I think this is a testament to how important it is to put the rate in the job ad: writers targeting different kinds of work will steer clear, and writers charging that rate will flock to it and provide quotes that are within budget."
                            }
                        ]
                    }
                ]
            }
        ],
        "thread_ts": "1623448618.107200",
        "parent_user_id": "U024K88ECFN",
        "reactions": [
            {
                "name": "hearts",
                "users": [
                    "U024K88ECFN",
                    "U01AHL8AGBB",
                    "UUKNLUX5X"
                ],
                "count": 3
            },
            {
                "name": "heart",
                "users": [
                    "U01FB48KV52"
                ],
                "count": 1
            }
        ]
    },
    {
        "client_msg_id": "C3808DE4-F1CB-4FD8-B874-8C7D3F1A0843",
        "type": "message",
        "text": "I saw that very early on with publishers who were trying to get more than they pay for. A writer has no control over the distribution and marketing of the work…",
        "user": "U01K0BWEQD6",
        "ts": "1624457153.180900",
        "team": "TJE58GTJL",
        "user_team": "TJE58GTJL",
        "source_team": "TJE58GTJL",
        "user_profile": {
            "avatar_hash": "1d4a27b0b808",
            "image_72": "https:\/\/avatars.slack-edge.com\/2021-01-12\/1637132909412_1d4a27b0b8085cc784f5_72.jpg",
            "first_name": "Sarah",
            "real_name": "Sarah Greesonbach",
            "display_name": "Sarah Greesonbach",
            "team": "TJE58GTJL",
            "name": "hello317",
            "is_restricted": false,
            "is_ultra_restricted": false
        },
        "blocks": [
            {
                "type": "rich_text",
                "block_id": "cfHz",
                "elements": [
                    {
                        "type": "rich_text_section",
                        "elements": [
                            {
                                "type": "text",
                                "text": "I saw that very early on with publishers who were trying to get more than they pay for. A writer has no control over the distribution and marketing of the work…"
                            }
                        ]
                    }
                ]
            }
        ],
        "thread_ts": "1624437747.165300",
        "parent_user_id": "UJHMVAE3G",
        "reactions": [
            {
                "name": "white_check_mark",
                "users": [
                    "UUKNRAD4Z"
                ],
                "count": 1
            }
        ]
    },
    {
        "client_msg_id": "3d6bb04c-14b1-459f-855a-e865bf333a2b",
        "type": "message",
        "text": "Years ago, when I use to do freelance writing in the engineering world as a side hustle, I opted into a structure like this with some clients, since I was controlling the topics, had say in the distribution, and brought a large audience of my own to the table.  I offered a lower base rate and then had a nice bump at 1K views and a significant bump at 10K views.  As a freelancer (with this control) it was fun.",
        "user": "U017XD7H4P7",
        "ts": "1624458399.181100",
        "team": "TJE58GTJL",
        "user_team": "TJE58GTJL",
        "source_team": "TJE58GTJL",
        "user_profile": {
            "avatar_hash": "f9ab77023918",
            "image_72": "https:\/\/avatars.slack-edge.com\/2020-07-29\/1256516765207_f9ab77023918e4c2b919_72.png",
            "first_name": "Erik",
            "real_name": "Erik Dietrich",
            "display_name": "Erik Dietrich",
            "team": "TJE58GTJL",
            "name": "erik",
            "is_restricted": false,
            "is_ultra_restricted": false
        },
        "blocks": [
            {
                "type": "rich_text",
                "block_id": "sX\/",
                "elements": [
                    {
                        "type": "rich_text_section",
                        "elements": [
                            {
                                "type": "text",
                                "text": "Years ago, when I use to do freelance writing in the engineering world as a side hustle, I opted into a structure like this with some clients, since I was controlling the topics, had say in the distribution, and brought a large audience of my own to the table.  I offered a lower base rate and then had a nice bump at 1K views and a significant bump at 10K views.  As a freelancer (with this control) it was fun."
                            }
                        ]
                    }
                ]
            }
        ],
        "thread_ts": "1624437747.165300",
        "parent_user_id": "UJHMVAE3G",
        "reactions": [
            {
                "name": "eyes",
                "users": [
                    "U01FUP6AMEZ"
                ],
                "count": 1
            }
        ]
    },
    {
        "client_msg_id": "6eb95bb0-b2be-4fba-93ef-49b8192fb331",
        "type": "message",
        "text": "That said, now with a bunch of years of marketing experience and business ownership under my belt, this was sort of a silly arrangement, and the person presiding over it shouldn't have agreed to it.  Views can easily be a vanity metric, rather than a leading indicator of a good business outcome.  So it becomes a classic case of misguided incentives.  One product was a static code analyzer, but I would have been incented to write blog posts about puppies and donuts, if those had earned views, even though those readers wouldn't have opted into a nurture sequence for a static code anlayzer.",
        "user": "U017XD7H4P7",
        "ts": "1624458514.181300",
        "team": "TJE58GTJL",
        "user_team": "TJE58GTJL",
        "source_team": "TJE58GTJL",
        "user_profile": {
            "avatar_hash": "f9ab77023918",
            "image_72": "https:\/\/avatars.slack-edge.com\/2020-07-29\/1256516765207_f9ab77023918e4c2b919_72.png",
            "first_name": "Erik",
            "real_name": "Erik Dietrich",
            "display_name": "Erik Dietrich",
            "team": "TJE58GTJL",
            "name": "erik",
            "is_restricted": false,
            "is_ultra_restricted": false
        },
        "edited": {
            "user": "U017XD7H4P7",
            "ts": "1624458830.000000"
        },
        "blocks": [
            {
                "type": "rich_text",
                "block_id": "uz4BD",
                "elements": [
                    {
                        "type": "rich_text_section",
                        "elements": [
                            {
                                "type": "text",
                                "text": "That said, now with a bunch of years of marketing experience and business ownership under my belt, this was sort of a silly arrangement, and the person presiding over it shouldn't have agreed to it.  Views can easily be a vanity metric, rather than a leading indicator of a good business outcome.  So it becomes a classic case of misguided incentives.  One product was a static code analyzer, but I would have been incented to write blog posts about puppies and donuts, if those had earned views, even though those readers wouldn't have opted into a nurture sequence for a static code anlayzer."
                            }
                        ]
                    }
                ]
            }
        ],
        "thread_ts": "1624437747.165300",
        "parent_user_id": "UJHMVAE3G",
        "reactions": [
            {
                "name": "eyes",
                "users": [
                    "U01FUP6AMEZ"
                ],
                "count": 1
            },
            {
                "name": "sparkles",
                "users": [
                    "U01K0BWEQD6"
                ],
                "count": 1
            }
        ]
    },
    {
        "client_msg_id": "f83ff4ee-4292-4161-b0cc-9622bd1bcb1a",
        "type": "message",
        "text": "These days, I run what you could think of as a multi-tenant contributor blogging program with something like 200 contributors, delivering up to 40 posts per week, so I have a lot of insight into the costs and to the revenue potential that our model brings to customers.  My two cents, from doing this, would be to tie variable incentives not to outcomes, which are too far removed from revenue, but to cost savings.  IOW, if you're going to do variable comp for freelance writers, I'd incentivize things like needing less proofing\/editorial, referring other freelancers to save on recruitment, reliability\/consistency\/deadline mindfulness, etc.  All of those things you can tie directly to cost savings and the bottom line, whereas a post getting a lot of views may be (1) entirely out of the freelancer's control and (2) not guaranteed to help the bottom line in any way.",
        "user": "U017XD7H4P7",
        "ts": "1624458786.181500",
        "team": "TJE58GTJL",
        "user_team": "TJE58GTJL",
        "source_team": "TJE58GTJL",
        "user_profile": {
            "avatar_hash": "f9ab77023918",
            "image_72": "https:\/\/avatars.slack-edge.com\/2020-07-29\/1256516765207_f9ab77023918e4c2b919_72.png",
            "first_name": "Erik",
            "real_name": "Erik Dietrich",
            "display_name": "Erik Dietrich",
            "team": "TJE58GTJL",
            "name": "erik",
            "is_restricted": false,
            "is_ultra_restricted": false
        },
        "blocks": [
            {
                "type": "rich_text",
                "block_id": "Ah=",
                "elements": [
                    {
                        "type": "rich_text_section",
                        "elements": [
                            {
                                "type": "text",
                                "text": "These days, I run what you could think of as a multi-tenant contributor blogging program with something like 200 contributors, delivering up to 40 posts per week, so I have a lot of insight into the costs and to the revenue potential that our model brings to customers.  My two cents, from doing this, would be to tie variable incentives not to outcomes, which are too far removed from revenue, but to cost savings.  IOW, if you're going to do variable comp for freelance writers, I'd incentivize things like needing less proofing\/editorial, referring other freelancers to save on recruitment, reliability\/consistency\/deadline mindfulness, etc.  All of those things you can tie directly to cost savings and the bottom line, whereas a post getting a lot of views may be (1) entirely out of the freelancer's control and (2) not guaranteed to help the bottom line in any way."
                            }
                        ]
                    }
                ]
            }
        ],
        "thread_ts": "1624437747.165300",
        "parent_user_id": "UJHMVAE3G",
        "reactions": [
            {
                "name": "eyes",
                "users": [
                    "U01FUP6AMEZ"
                ],
                "count": 1
            },
            {
                "name": "fire",
                "users": [
                    "U01AHL8AGBB"
                ],
                "count": 1
            },
            {
                "name": "+1",
                "users": [
                    "U025R8X7F0C"
                ],
                "count": 1
            }
        ]
    },
    {
        "client_msg_id": "88afcbf3-d088-41b7-9f81-72af7d8a29b6",
        "type": "message",
        "text": "Oh, one other thing, having kept track of page views for such an incentive program.  I wouldn't sleep on the administrivia pain factor or presiding over it.  Seems simple enough at first blush, but who is going into GA to check on page views?  How often?  What's the time period for which it applies?  Forever?  If so, are you going to track down a freelancer that wrote something 2 years ago when that post nudges past the 1K mark?  I suspect you'll either find the time to track this surprisingly high, or else you'll have to invest in building out some kind of dashboard to make it less painful",
        "user": "U017XD7H4P7",
        "ts": "1624459115.182100",
        "team": "TJE58GTJL",
        "user_team": "TJE58GTJL",
        "source_team": "TJE58GTJL",
        "user_profile": {
            "avatar_hash": "f9ab77023918",
            "image_72": "https:\/\/avatars.slack-edge.com\/2020-07-29\/1256516765207_f9ab77023918e4c2b919_72.png",
            "first_name": "Erik",
            "real_name": "Erik Dietrich",
            "display_name": "Erik Dietrich",
            "team": "TJE58GTJL",
            "name": "erik",
            "is_restricted": false,
            "is_ultra_restricted": false
        },
        "blocks": [
            {
                "type": "rich_text",
                "block_id": "f11",
                "elements": [
                    {
                        "type": "rich_text_section",
                        "elements": [
                            {
                                "type": "text",
                                "text": "Oh, one other thing, having kept track of page views for such an incentive program.  I wouldn't sleep on the administrivia pain factor or presiding over it.  Seems simple enough at first blush, but who is going into GA to check on page views?  How often?  What's the time period for which it applies?  Forever?  If so, are you going to track down a freelancer that wrote something 2 years ago when that post nudges past the 1K mark?  I suspect you'll either find the time to track this surprisingly high, or else you'll have to invest in building out some kind of dashboard to make it less painful"
                            }
                        ]
                    }
                ]
            }
        ],
        "thread_ts": "1624437747.165300",
        "parent_user_id": "UJHMVAE3G"
    },
    {
        "client_msg_id": "9c16c094-92ed-4e06-b3e2-632bc78c2fdf",
        "type": "message",
        "text": "&gt;  I'd incentivize things like needing less proofing\/editorial, referring other freelancers to save on recruitment,\nI'd absolutely love if my clients had a system that measured editing-needs and incentivized to lower it.\n\nI think it'd be tough to implement without being in the multi-tenet system you describe, <@U017XD7H4P7>... but it'd sure be nice!",
        "user": "U01AHL8AGBB",
        "ts": "1624461291.182700",
        "team": "TJE58GTJL",
        "user_team": "TJE58GTJL",
        "source_team": "TJE58GTJL",
        "user_profile": {
            "avatar_hash": "09eb34255d46",
            "image_72": "https:\/\/avatars.slack-edge.com\/2020-09-07\/1347887170866_09eb34255d4678a00ddc_72.png",
            "first_name": "Jordy",
            "real_name": "Jordy Fujiwara",
            "display_name": "Jordy",
            "team": "TJE58GTJL",
            "name": "jordy.fujiwara",
            "is_restricted": false,
            "is_ultra_restricted": false
        },
        "blocks": [
            {
                "type": "rich_text",
                "block_id": "8byYw",
                "elements": [
                    {
                        "type": "rich_text_quote",
                        "elements": [
                            {
                                "type": "text",
                                "text": " I'd incentivize things like needing less proofing\/editorial, referring other freelancers to save on recruitment,"
                            }
                        ]
                    },
                    {
                        "type": "rich_text_section",
                        "elements": [
                            {
                                "type": "text",
                                "text": "\nI'd absolutely love if my clients had a system that measured editing-needs and incentivized to lower it.\n\nI think it'd be tough to implement without being in the multi-tenet system you describe, "
                            },
                            {
                                "type": "user",
                                "user_id": "U017XD7H4P7"
                            },
                            {
                                "type": "text",
                                "text": "... but it'd sure be nice!"
                            }
                        ]
                    }
                ]
            }
        ],
        "thread_ts": "1624437747.165300",
        "parent_user_id": "UJHMVAE3G"
    },
    {
        "client_msg_id": "703e7457-2541-476d-8702-6757f83a117a",
        "type": "message",
        "text": "I suppose for smaller gigs\/environments, if you meaningfully 'reduce time to final draft' compared to how it usually goes, you'll likely get called on more often or retained for longer? So maybe that incentive is sort of informally built in to places that pay attention to the editorial process... :thinking_face:",
        "user": "U01AHL8AGBB",
        "ts": "1624461380.182900",
        "team": "TJE58GTJL",
        "user_team": "TJE58GTJL",
        "source_team": "TJE58GTJL",
        "user_profile": {
            "avatar_hash": "09eb34255d46",
            "image_72": "https:\/\/avatars.slack-edge.com\/2020-09-07\/1347887170866_09eb34255d4678a00ddc_72.png",
            "first_name": "Jordy",
            "real_name": "Jordy Fujiwara",
            "display_name": "Jordy",
            "team": "TJE58GTJL",
            "name": "jordy.fujiwara",
            "is_restricted": false,
            "is_ultra_restricted": false
        },
        "blocks": [
            {
                "type": "rich_text",
                "block_id": "1uPZ",
                "elements": [
                    {
                        "type": "rich_text_section",
                        "elements": [
                            {
                                "type": "text",
                                "text": "I suppose for smaller gigs\/environments, if you meaningfully 'reduce time to final draft' compared to how it usually goes, you'll likely get called on more often or retained for longer? So maybe that incentive is sort of informally built in to places that pay attention to the editorial process... "
                            },
                            {
                                "type": "emoji",
                                "name": "thinking_face"
                            }
                        ]
                    }
                ]
            }
        ],
        "thread_ts": "1624437747.165300",
        "parent_user_id": "UJHMVAE3G"
    },
    {
        "client_msg_id": "6c007708-543b-4d56-b999-dadd24813b39",
        "type": "message",
        "text": "Your work is super impressive. Would love to keep in touch. If I hear of leads, I will 100% send them your way.",
        "user": "UL9SA4C3T",
        "ts": "1624507916.186600",
        "team": "TJE58GTJL",
        "user_team": "TJE58GTJL",
        "source_team": "TJE58GTJL",
        "user_profile": {
            "avatar_hash": "4365ff0f7a40",
            "image_72": "https:\/\/avatars.slack-edge.com\/2019-12-18\/879874350469_4365ff0f7a40c9bd9bf4_72.jpg",
            "first_name": "Ritika",
            "real_name": "Ritika Puri",
            "display_name": "Ritika",
            "team": "TJE58GTJL",
            "name": "ritika",
            "is_restricted": false,
            "is_ultra_restricted": false
        },
        "blocks": [
            {
                "type": "rich_text",
                "block_id": "mV=dp",
                "elements": [
                    {
                        "type": "rich_text_section",
                        "elements": [
                            {
                                "type": "text",
                                "text": "Your work is super impressive. Would love to keep in touch. If I hear of leads, I will 100% send them your way."
                            }
                        ]
                    }
                ]
            }
        ],
        "thread_ts": "1624454421.176700",
        "parent_user_id": "U01TPUG6YE5"
    }
]