[
    {
        "client_msg_id": "7a946fb7-3b90-4124-9cae-1f9a9cae9c9d",
        "type": "message",
        "text": "Awesome. Thanks, Claire!",
        "user": "UN4FX211U",
        "ts": "1633525856.336500",
        "team": "TJE58GTJL",
        "user_team": "TJE58GTJL",
        "source_team": "TJE58GTJL",
        "user_profile": {
            "avatar_hash": "fc8e23611dd6",
            "image_72": "https:\/\/avatars.slack-edge.com\/2019-09-05\/750432174901_fc8e23611dd65d5c53b6_72.jpg",
            "first_name": "Will",
            "real_name": "Will Harris",
            "display_name": "Will Harris",
            "team": "TJE58GTJL",
            "name": "will",
            "is_restricted": false,
            "is_ultra_restricted": false
        },
        "blocks": [
            {
                "type": "rich_text",
                "block_id": "J+nq",
                "elements": [
                    {
                        "type": "rich_text_section",
                        "elements": [
                            {
                                "type": "text",
                                "text": "Awesome. Thanks, Claire!"
                            }
                        ]
                    }
                ]
            }
        ],
        "thread_ts": "1633458381.330200",
        "parent_user_id": "UN4FX211U"
    },
    {
        "client_msg_id": "ded854b4-c3b2-486a-b6d1-668c6548781c",
        "type": "message",
        "text": "I just completed this, and I'm pretty sure my fees are super low! ha! I'm looking forward to seeing the results! :slightly_smiling_face:",
        "user": "U02CVNB3X1T",
        "ts": "1633530462.336700",
        "team": "TJE58GTJL",
        "user_team": "TJE58GTJL",
        "source_team": "TJE58GTJL",
        "user_profile": {
            "avatar_hash": "a98cd79fc67b",
            "image_72": "https:\/\/avatars.slack-edge.com\/2021-12-28\/2891088304196_a98cd79fc67b29986082_72.png",
            "first_name": "Julie",
            "real_name": "Julie Simpson",
            "display_name": "Julie Simpson",
            "team": "TJE58GTJL",
            "name": "jujuklu",
            "is_restricted": false,
            "is_ultra_restricted": false
        },
        "blocks": [
            {
                "type": "rich_text",
                "block_id": "5aYS\/",
                "elements": [
                    {
                        "type": "rich_text_section",
                        "elements": [
                            {
                                "type": "text",
                                "text": "I just completed this, and I'm pretty sure my fees are super low! ha! I'm looking forward to seeing the results! "
                            },
                            {
                                "type": "emoji",
                                "name": "slightly_smiling_face"
                            }
                        ]
                    }
                ]
            }
        ],
        "thread_ts": "1633270727.318000",
        "parent_user_id": "U025H70LG86",
        "reactions": [
            {
                "name": "+1",
                "users": [
                    "U025H70LG86"
                ],
                "count": 1
            }
        ]
    },
    {
        "client_msg_id": "2586c887-01df-4849-b52b-5de1e32381ea",
        "type": "message",
        "text": "Thanks for the op <@UN4FX211U>",
        "user": "U02CVNB3X1T",
        "ts": "1633531151.336900",
        "team": "TJE58GTJL",
        "user_team": "TJE58GTJL",
        "source_team": "TJE58GTJL",
        "user_profile": {
            "avatar_hash": "a98cd79fc67b",
            "image_72": "https:\/\/avatars.slack-edge.com\/2021-12-28\/2891088304196_a98cd79fc67b29986082_72.png",
            "first_name": "Julie",
            "real_name": "Julie Simpson",
            "display_name": "Julie Simpson",
            "team": "TJE58GTJL",
            "name": "jujuklu",
            "is_restricted": false,
            "is_ultra_restricted": false
        },
        "blocks": [
            {
                "type": "rich_text",
                "block_id": "pLwe",
                "elements": [
                    {
                        "type": "rich_text_section",
                        "elements": [
                            {
                                "type": "text",
                                "text": "Thanks for the op "
                            },
                            {
                                "type": "user",
                                "user_id": "UN4FX211U"
                            }
                        ]
                    }
                ]
            }
        ],
        "thread_ts": "1633458381.330200",
        "parent_user_id": "UN4FX211U"
    },
    {
        "client_msg_id": "18cf477b-fd2b-48b5-8adc-19d6bb3b0653",
        "type": "message",
        "text": "Awesome <@U02CVNB3X1T>. Thank you. I'll be in touch with the results. \n\nPS: You could forward this to folks you know so the data could be richer:clap:",
        "user": "U025H70LG86",
        "ts": "1633533113.337200",
        "team": "TJE58GTJL",
        "user_team": "TJE58GTJL",
        "source_team": "TJE58GTJL",
        "user_profile": {
            "avatar_hash": "gab7e3d572a3",
            "image_72": "https:\/\/secure.gravatar.com\/avatar\/ab7e3d572a31f84ddbcde1de89912ecd.jpg?s=72&d=https%3A%2F%2Fa.slack-edge.com%2Fdf10d%2Fimg%2Favatars%2Fava_0002-72.png",
            "first_name": "Precious",
            "real_name": "Precious Oboidhe",
            "display_name": "Precious Oboidhe",
            "team": "TJE58GTJL",
            "name": "poboidhe",
            "is_restricted": false,
            "is_ultra_restricted": false
        },
        "blocks": [
            {
                "type": "rich_text",
                "block_id": "=PKwH",
                "elements": [
                    {
                        "type": "rich_text_section",
                        "elements": [
                            {
                                "type": "text",
                                "text": "Awesome "
                            },
                            {
                                "type": "user",
                                "user_id": "U02CVNB3X1T"
                            },
                            {
                                "type": "text",
                                "text": ". Thank you. I'll be in touch with the results. \n\nPS: You could forward this to folks you know so the data could be richer"
                            },
                            {
                                "type": "emoji",
                                "name": "clap"
                            }
                        ]
                    }
                ]
            }
        ],
        "thread_ts": "1633270727.318000",
        "parent_user_id": "U025H70LG86"
    },
    {
        "client_msg_id": "45b8af2e-1117-4f9b-802d-3221289b8568",
        "type": "message",
        "text": "Oh wow. This fits right in with what I do. Sending my application in a sec. Thanks, <@UN4FX211U>!",
        "user": "U028D815JA0",
        "ts": "1633534223.339200",
        "team": "TJE58GTJL",
        "user_team": "TJE58GTJL",
        "source_team": "TJE58GTJL",
        "user_profile": {
            "avatar_hash": "7e2cf488ec83",
            "image_72": "https:\/\/avatars.slack-edge.com\/2021-11-09\/2701205349650_7e2cf488ec8355d9ecca_72.jpg",
            "first_name": "althea",
            "real_name": "althea storm",
            "display_name": "althea storm",
            "team": "TJE58GTJL",
            "name": "altheanymphcstorm",
            "is_restricted": false,
            "is_ultra_restricted": false
        },
        "blocks": [
            {
                "type": "rich_text",
                "block_id": "khMqR",
                "elements": [
                    {
                        "type": "rich_text_section",
                        "elements": [
                            {
                                "type": "text",
                                "text": "Oh wow. This fits right in with what I do. Sending my application in a sec. Thanks, "
                            },
                            {
                                "type": "user",
                                "user_id": "UN4FX211U"
                            },
                            {
                                "type": "text",
                                "text": "!"
                            }
                        ]
                    }
                ]
            }
        ],
        "thread_ts": "1633458381.330200",
        "parent_user_id": "UN4FX211U",
        "reactions": [
            {
                "name": "raised_hands",
                "users": [
                    "UN4FX211U"
                ],
                "count": 1
            }
        ]
    },
    {
        "client_msg_id": "02b51917-be59-43f4-b5cb-ef2b31e3d835",
        "type": "message",
        "text": "Hi <@U019CBLF3U1>! I freelanced for Campaign Monitor for years and probably wrote\/edited many of the posts you're trying to update. I'd love to jump in and help if I can. I'll apply.",
        "user": "UJ57DB9BM",
        "ts": "1633537842.339500",
        "team": "TJE58GTJL",
        "user_team": "TJE58GTJL",
        "source_team": "TJE58GTJL",
        "user_profile": {
            "avatar_hash": "5879d1254678",
            "image_72": "https:\/\/avatars.slack-edge.com\/2020-03-20\/1015010058132_5879d1254678f05899b0_72.jpg",
            "first_name": "Emma",
            "real_name": "Emma Siemasko",
            "display_name": "Emma Siemasko",
            "team": "TJE58GTJL",
            "name": "emma",
            "is_restricted": false,
            "is_ultra_restricted": false
        },
        "blocks": [
            {
                "type": "rich_text",
                "block_id": "tRJ",
                "elements": [
                    {
                        "type": "rich_text_section",
                        "elements": [
                            {
                                "type": "text",
                                "text": "Hi "
                            },
                            {
                                "type": "user",
                                "user_id": "U019CBLF3U1"
                            },
                            {
                                "type": "text",
                                "text": "! I freelanced for Campaign Monitor for years and probably wrote\/edited many of the posts you're trying to update. I'd love to jump in and help if I can. I'll apply."
                            }
                        ]
                    }
                ]
            }
        ],
        "thread_ts": "1633458381.330200",
        "parent_user_id": "UN4FX211U",
        "reactions": [
            {
                "name": "+1",
                "users": [
                    "UN4FX211U"
                ],
                "count": 1
            }
        ]
    },
    {
        "client_msg_id": "e10c24c0-3c38-45ee-8678-93e97ca887b5",
        "type": "message",
        "text": "Sounds good — thanks, <@UJ57DB9BM>!",
        "user": "UN4FX211U",
        "ts": "1633544921.339900",
        "team": "TJE58GTJL",
        "user_team": "TJE58GTJL",
        "source_team": "TJE58GTJL",
        "user_profile": {
            "avatar_hash": "fc8e23611dd6",
            "image_72": "https:\/\/avatars.slack-edge.com\/2019-09-05\/750432174901_fc8e23611dd65d5c53b6_72.jpg",
            "first_name": "Will",
            "real_name": "Will Harris",
            "display_name": "Will Harris",
            "team": "TJE58GTJL",
            "name": "will",
            "is_restricted": false,
            "is_ultra_restricted": false
        },
        "blocks": [
            {
                "type": "rich_text",
                "block_id": "7I4",
                "elements": [
                    {
                        "type": "rich_text_section",
                        "elements": [
                            {
                                "type": "text",
                                "text": "Sounds good — thanks, "
                            },
                            {
                                "type": "user",
                                "user_id": "UJ57DB9BM"
                            },
                            {
                                "type": "text",
                                "text": "!"
                            }
                        ]
                    }
                ]
            }
        ],
        "thread_ts": "1633458381.330200",
        "parent_user_id": "UN4FX211U"
    },
    {
        "client_msg_id": "9822e3e8-455c-4a3b-ac56-0c900e6eb05e",
        "type": "message",
        "text": "Hi <@U019CBLF3U1>! I built my first-ever email newsletter on Campaign Monitor back in 2010 and have been a big fan ever since. This sounds like it would be a good fit. I'll  be sending in an application soon!",
        "user": "U01P833NGUT",
        "ts": "1633547525.340400",
        "team": "TJE58GTJL",
        "user_team": "TJE58GTJL",
        "source_team": "TJE58GTJL",
        "user_profile": {
            "avatar_hash": "40aead68c5b5",
            "image_72": "https:\/\/avatars.slack-edge.com\/2021-06-01\/2110550144775_40aead68c5b508b97960_72.png",
            "first_name": "Mandy",
            "real_name": "Mandy Bray",
            "display_name": "Mandy Bray",
            "team": "TJE58GTJL",
            "name": "mandy.l.bray",
            "is_restricted": false,
            "is_ultra_restricted": false
        },
        "blocks": [
            {
                "type": "rich_text",
                "block_id": "YAR",
                "elements": [
                    {
                        "type": "rich_text_section",
                        "elements": [
                            {
                                "type": "text",
                                "text": "Hi "
                            },
                            {
                                "type": "user",
                                "user_id": "U019CBLF3U1"
                            },
                            {
                                "type": "text",
                                "text": "! I built my first-ever email newsletter on Campaign Monitor back in 2010 and have been a big fan ever since. This sounds like it would be a good fit. I'll  be sending in an application soon!"
                            }
                        ]
                    }
                ]
            }
        ],
        "thread_ts": "1633458381.330200",
        "parent_user_id": "UN4FX211U"
    },
    {
        "client_msg_id": "3553f93f-bbca-4fda-a19e-a93ba021fb8a",
        "type": "message",
        "text": "<@U01P833NGUT> that's awesome!",
        "user": "UN4FX211U",
        "ts": "1633558346.341700",
        "team": "TJE58GTJL",
        "user_team": "TJE58GTJL",
        "source_team": "TJE58GTJL",
        "user_profile": {
            "avatar_hash": "fc8e23611dd6",
            "image_72": "https:\/\/avatars.slack-edge.com\/2019-09-05\/750432174901_fc8e23611dd65d5c53b6_72.jpg",
            "first_name": "Will",
            "real_name": "Will Harris",
            "display_name": "Will Harris",
            "team": "TJE58GTJL",
            "name": "will",
            "is_restricted": false,
            "is_ultra_restricted": false
        },
        "blocks": [
            {
                "type": "rich_text",
                "block_id": "L0Lre",
                "elements": [
                    {
                        "type": "rich_text_section",
                        "elements": [
                            {
                                "type": "user",
                                "user_id": "U01P833NGUT"
                            },
                            {
                                "type": "text",
                                "text": " that's awesome!"
                            }
                        ]
                    }
                ]
            }
        ],
        "thread_ts": "1633458381.330200",
        "parent_user_id": "UN4FX211U",
        "reactions": [
            {
                "name": "slightly_smiling_face",
                "users": [
                    "U01P833NGUT"
                ],
                "count": 1
            }
        ]
    }
]