[
    {
        "client_msg_id": "4AC370F3-36C1-42CF-88D0-A7C973B5E7F2",
        "type": "message",
        "text": "We're looking for some experienced freelance writers\/strategists who can help us with outline creation. If you're familiar with the Animalz process of the 10%\/30% outlines, that's what we need. \n\n• You'll be given the topics.\n• We'll provide the tools.\n    ◦ MarketMuse, Topic, Clearscope, etc. \n• Rate negotiable:\n    ◦ Hourly, by the outline, etc. \nMore work available if you can optimize after a writer and editor finish them. If not, no worries. DM me if interested.",
        "user": "U01P13NTGG6",
        "ts": "1628050128.019600",
        "team": "TJE58GTJL",
        "user_team": "TJE58GTJL",
        "source_team": "TJE58GTJL",
        "user_profile": {
            "avatar_hash": "1625b1f12011",
            "image_72": "https:\/\/avatars.slack-edge.com\/2021-02-24\/1775273585607_1625b1f12011f553efc5_72.png",
            "first_name": "Skyler",
            "real_name": "Skyler Reeves",
            "display_name": "Skyler Reeves",
            "team": "TJE58GTJL",
            "name": "skyler",
            "is_restricted": false,
            "is_ultra_restricted": false
        },
        "edited": {
            "user": "U01P13NTGG6",
            "ts": "1628050151.000000"
        },
        "blocks": [
            {
                "type": "rich_text",
                "block_id": "WpZ",
                "elements": [
                    {
                        "type": "rich_text_section",
                        "elements": [
                            {
                                "type": "text",
                                "text": "We're looking for some experienced freelance writers\/strategists who can help us with outline creation. If you're familiar with the Animalz process of the 10%\/30% outlines, that's what we need. \n\n"
                            }
                        ]
                    },
                    {
                        "type": "rich_text_list",
                        "elements": [
                            {
                                "type": "rich_text_section",
                                "elements": [
                                    {
                                        "type": "text",
                                        "text": "You'll be given the topics."
                                    }
                                ]
                            },
                            {
                                "type": "rich_text_section",
                                "elements": [
                                    {
                                        "type": "text",
                                        "text": "We'll provide the tools."
                                    }
                                ]
                            }
                        ],
                        "style": "bullet",
                        "indent": 0,
                        "offset": 0
                    },
                    {
                        "type": "rich_text_list",
                        "elements": [
                            {
                                "type": "rich_text_section",
                                "elements": [
                                    {
                                        "type": "text",
                                        "text": "MarketMuse, Topic, Clearscope, etc. \n"
                                    }
                                ]
                            }
                        ],
                        "style": "bullet",
                        "indent": 1,
                        "offset": 0
                    },
                    {
                        "type": "rich_text_list",
                        "elements": [
                            {
                                "type": "rich_text_section",
                                "elements": [
                                    {
                                        "type": "text",
                                        "text": "Rate negotiable:"
                                    }
                                ]
                            }
                        ],
                        "style": "bullet",
                        "indent": 0,
                        "offset": 0
                    },
                    {
                        "type": "rich_text_list",
                        "elements": [
                            {
                                "type": "rich_text_section",
                                "elements": [
                                    {
                                        "type": "text",
                                        "text": "Hourly, by the outline, etc. "
                                    }
                                ]
                            }
                        ],
                        "style": "bullet",
                        "indent": 1,
                        "offset": 0
                    },
                    {
                        "type": "rich_text_section",
                        "elements": [
                            {
                                "type": "text",
                                "text": "\nMore work available if you can optimize after a writer and editor finish them. If not, no worries. "
                            },
                            {
                                "type": "text",
                                "text": "DM me if interested."
                            }
                        ]
                    }
                ]
            }
        ],
        "thread_ts": "1628050128.019600",
        "reply_count": 5,
        "reply_users_count": 3,
        "latest_reply": "1628077272.021800",
        "reply_users": [
            "U029G4HMVFH",
            "U01B8FNUWRK",
            "U01P13NTGG6"
        ],
        "replies": [
            {
                "user": "U029G4HMVFH",
                "ts": "1628061967.019800"
            },
            {
                "user": "U01B8FNUWRK",
                "ts": "1628067437.020100"
            },
            {
                "user": "U01B8FNUWRK",
                "ts": "1628067574.020300"
            },
            {
                "user": "U029G4HMVFH",
                "ts": "1628067779.020800"
            },
            {
                "user": "U01P13NTGG6",
                "ts": "1628077272.021800"
            }
        ],
        "is_locked": false,
        "subscribed": false
    }
]