[
    {
        "client_msg_id": "e2c9d345-06f3-4ad0-a22f-fbeb8fcd7788",
        "type": "message",
        "text": "Hi <@U01E1LMJUQY> reach out to <@U02QVPG4DGT> I've worked with her before. Excellent graphic skills! :raised_hands::skin-tone-4:",
        "user": "U02PRMEAP0V",
        "ts": "1639827513.498500",
        "team": "TJE58GTJL",
        "user_team": "TJE58GTJL",
        "source_team": "TJE58GTJL",
        "user_profile": {
            "avatar_hash": "3655374527f9",
            "image_72": "https:\/\/avatars.slack-edge.com\/2022-03-23\/3282575021317_3655374527f96f1c0934_72.png",
            "first_name": "Elsier",
            "real_name": "Elsier Otachi",
            "display_name": "Elsier Otachi",
            "team": "TJE58GTJL",
            "name": "biagelo",
            "is_restricted": false,
            "is_ultra_restricted": false
        },
        "edited": {
            "user": "U02PRMEAP0V",
            "ts": "1639851022.000000"
        },
        "blocks": [
            {
                "type": "rich_text",
                "block_id": "Yf6sK",
                "elements": [
                    {
                        "type": "rich_text_section",
                        "elements": [
                            {
                                "type": "text",
                                "text": "Hi "
                            },
                            {
                                "type": "user",
                                "user_id": "U01E1LMJUQY"
                            },
                            {
                                "type": "text",
                                "text": " reach out to "
                            },
                            {
                                "type": "user",
                                "user_id": "U02QVPG4DGT"
                            },
                            {
                                "type": "text",
                                "text": " I've worked with her before. Excellent graphic skills! "
                            },
                            {
                                "type": "emoji",
                                "name": "raised_hands",
                                "skin_tone": 4
                            }
                        ]
                    }
                ]
            }
        ],
        "thread_ts": "1639762750.495000",
        "parent_user_id": "U01E1LMJUQY"
    },
    {
        "client_msg_id": "66007CA0-1D90-479D-BA1C-F2AFDCFAF557",
        "type": "message",
        "text": "Amazing! Thanks for the rec <@U02PRMEAP0V> ",
        "user": "U01E1LMJUQY",
        "ts": "1639851335.499200",
        "team": "TJE58GTJL",
        "user_team": "TJE58GTJL",
        "source_team": "TJE58GTJL",
        "user_profile": {
            "avatar_hash": "b4ba4b86fb94",
            "image_72": "https:\/\/avatars.slack-edge.com\/2020-10-26\/1460022920612_b4ba4b86fb940a9d2b1e_72.jpg",
            "first_name": "Nikhil",
            "real_name": "Nikhil Venkatesa",
            "display_name": "Nikhil Venkatesa",
            "team": "TJE58GTJL",
            "name": "nikhil.venkatesa",
            "is_restricted": false,
            "is_ultra_restricted": false
        },
        "blocks": [
            {
                "type": "rich_text",
                "block_id": "zyfr",
                "elements": [
                    {
                        "type": "rich_text_section",
                        "elements": [
                            {
                                "type": "text",
                                "text": "Amazing! Thanks for the rec "
                            },
                            {
                                "type": "user",
                                "user_id": "U02PRMEAP0V"
                            },
                            {
                                "type": "text",
                                "text": " "
                            }
                        ]
                    }
                ]
            }
        ],
        "thread_ts": "1639762750.495000",
        "parent_user_id": "U01E1LMJUQY",
        "reactions": [
            {
                "name": "+1",
                "users": [
                    "U02PRMEAP0V"
                ],
                "count": 1
            }
        ]
    },
    {
        "client_msg_id": "18F55248-2373-4CCB-9DEE-EAE099362A02",
        "type": "message",
        "text": "Hi everyone. I want to get into B2B writing. And I’m confused with the amount of information out there. Please, can anyone advise the steps i could take from learn how to write B2B writing to getting my first client. Thank you",
        "user": "U02E9FD317B",
        "ts": "1639890850.499600",
        "team": "TJE58GTJL",
        "user_team": "TJE58GTJL",
        "source_team": "TJE58GTJL",
        "user_profile": {
            "avatar_hash": "g40cca5293d7",
            "image_72": "https:\/\/secure.gravatar.com\/avatar\/40cca5293d7efd01ca3089218d943bf0.jpg?s=72&d=https%3A%2F%2Fa.slack-edge.com%2Fdf10d%2Fimg%2Favatars%2Fava_0001-72.png",
            "first_name": "Edikan",
            "real_name": "Edikan Umoh",
            "display_name": "",
            "team": "TJE58GTJL",
            "name": "usiwomaumoh",
            "is_restricted": false,
            "is_ultra_restricted": false
        },
        "blocks": [
            {
                "type": "rich_text",
                "block_id": "hvcO",
                "elements": [
                    {
                        "type": "rich_text_section",
                        "elements": [
                            {
                                "type": "text",
                                "text": "Hi everyone. I want to get into B2B writing. And I’m confused with the amount of information out there. Please, can anyone advise the steps i could take from learn how to write B2B writing to getting my first client. Thank you"
                            }
                        ]
                    }
                ]
            }
        ],
        "thread_ts": "1639890850.499600",
        "reply_count": 3,
        "reply_users_count": 3,
        "latest_reply": "1640114655.022900",
        "reply_users": [
            "U01SP0Z5D33",
            "U02RRJ8E43S",
            "U02M83NQ10U"
        ],
        "replies": [
            {
                "user": "U01SP0Z5D33",
                "ts": "1639945450.499800"
            },
            {
                "user": "U02RRJ8E43S",
                "ts": "1640012823.000400"
            },
            {
                "user": "U02M83NQ10U",
                "ts": "1640114655.022900"
            }
        ],
        "is_locked": false,
        "subscribed": false
    }
]