[
    {
        "client_msg_id": "173a32d9-1225-42db-ac16-fbfc2222badf",
        "type": "message",
        "text": "here you go!!\n\n<https:\/\/airtable.com\/shrXD8E4bjJjf5Jsg>",
        "user": "UJG9WTEKG",
        "ts": "1629386964.090900",
        "team": "TJE58GTJL",
        "user_team": "TJE58GTJL",
        "source_team": "TJE58GTJL",
        "user_profile": {
            "avatar_hash": "gc25b94e6ebf",
            "image_72": "https:\/\/secure.gravatar.com\/avatar\/eec25b94e6ebf55f0b7933372344cd09.jpg?s=72&d=https%3A%2F%2Fa.slack-edge.com%2Fdf10d%2Fimg%2Favatars%2Fava_0001-72.png",
            "first_name": "Jimmy",
            "real_name": "Jimmy Daly",
            "display_name": "",
            "team": "TJE58GTJL",
            "name": "runjimdaly",
            "is_restricted": false,
            "is_ultra_restricted": false
        },
        "attachments": [
            {
                "service_name": "Airtable",
                "title": "Superpath Yellow Pages - Airtable",
                "title_link": "https:\/\/airtable.com\/shrXD8E4bjJjf5Jsg",
                "text": "Fill out the \"Superpath Yellow Pages\" form quickly and securely on Airtable.",
                "fallback": "Airtable: Superpath Yellow Pages - Airtable",
                "image_url": "https:\/\/static.airtable.com\/images\/oembed\/airtable.png",
                "from_url": "https:\/\/airtable.com\/shrXD8E4bjJjf5Jsg",
                "image_width": 476,
                "image_height": 250,
                "image_bytes": 12718,
                "service_icon": "https:\/\/airtable.com\/images\/favicon\/baymax\/apple-touch-icon.png",
                "id": 1,
                "original_url": "https:\/\/airtable.com\/shrXD8E4bjJjf5Jsg"
            }
        ],
        "blocks": [
            {
                "type": "rich_text",
                "block_id": "U4U",
                "elements": [
                    {
                        "type": "rich_text_section",
                        "elements": [
                            {
                                "type": "text",
                                "text": "here you go!!\n\n"
                            },
                            {
                                "type": "link",
                                "url": "https:\/\/airtable.com\/shrXD8E4bjJjf5Jsg"
                            }
                        ]
                    }
                ]
            }
        ],
        "thread_ts": "1629239263.073300",
        "parent_user_id": "UJG9WTEKG",
        "reactions": [
            {
                "name": "fire",
                "users": [
                    "U01G7PRL3HQ",
                    "U01J84U3SQ6",
                    "U01CS0V4HFG",
                    "UNCJKSD7U"
                ],
                "count": 4
            },
            {
                "name": "cattyping",
                "users": [
                    "U01CS0V4HFG",
                    "UJ2MPBP7V"
                ],
                "count": 2
            }
        ]
    },
    {
        "client_msg_id": "3c464cf0-b85c-41dc-959c-c3e600734f94",
        "type": "message",
        "text": "Hi everyone! I'm looking to expand our bench of freelance writers supporting edX (online learning platform founded by MIT and Harvard, recently acquired by 2U so lots of opps to expand!), both B2C blogs with a focus on technical subject areas (help learners understand opportunities and skills\/careeer pathways within field like computer science) and B2B gated resources (targeting learning and development professionals). If you have relevant experience, availability, and interest, please DM to chat more!",
        "user": "UJFCA8FAR",
        "ts": "1629387339.093800",
        "team": "TJE58GTJL",
        "user_team": "TJE58GTJL",
        "source_team": "TJE58GTJL",
        "user_profile": {
            "avatar_hash": "gf9495eec38c",
            "image_72": "https:\/\/secure.gravatar.com\/avatar\/40f9495eec38cf687a1a7edd0b077072.jpg?s=72&d=https%3A%2F%2Fa.slack-edge.com%2Fdf10d%2Fimg%2Favatars%2Fava_0004-72.png",
            "first_name": "Liz",
            "real_name": "Liz J",
            "display_name": "Liz J",
            "team": "TJE58GTJL",
            "name": "lizfiz",
            "is_restricted": false,
            "is_ultra_restricted": false
        },
        "edited": {
            "user": "UJFCA8FAR",
            "ts": "1629387374.000000"
        },
        "blocks": [
            {
                "type": "rich_text",
                "block_id": "5mhU9",
                "elements": [
                    {
                        "type": "rich_text_section",
                        "elements": [
                            {
                                "type": "text",
                                "text": "Hi everyone! I'm looking to expand our bench of freelance writers supporting edX (online learning platform founded by MIT and Harvard, recently acquired by 2U so lots of opps to expand!), both B2C blogs with a focus on technical subject areas (help learners understand opportunities and skills\/careeer pathways within field like computer science) and B2B gated resources (targeting learning and development professionals). If you have relevant experience, availability, and interest, please DM to chat more!"
                            }
                        ]
                    }
                ]
            }
        ],
        "thread_ts": "1629387339.093800",
        "reply_count": 2,
        "reply_users_count": 2,
        "latest_reply": "1629390206.097400",
        "reply_users": [
            "U027KKWUY12",
            "U013JCCN8JE"
        ],
        "replies": [
            {
                "user": "U027KKWUY12",
                "ts": "1629388140.094400"
            },
            {
                "user": "U013JCCN8JE",
                "ts": "1629390206.097400"
            }
        ],
        "is_locked": false,
        "subscribed": false,
        "reactions": [
            {
                "name": "fire",
                "users": [
                    "U01AHL8AGBB",
                    "U02BVDHA5TJ",
                    "U01FXSKB4G7",
                    "U01PXN2LGAK",
                    "UN227ML2H"
                ],
                "count": 5
            }
        ]
    },
    {
        "client_msg_id": "8A9DBCB0-08A2-4A53-B23B-4F601AE30C81",
        "type": "message",
        "text": "Please check your dm.",
        "user": "U027KKWUY12",
        "ts": "1629388140.094400",
        "team": "TJE58GTJL",
        "user_team": "TJE58GTJL",
        "source_team": "TJE58GTJL",
        "user_profile": {
            "avatar_hash": "f2176ca29ce5",
            "image_72": "https:\/\/avatars.slack-edge.com\/2021-07-14\/2268394227302_f2176ca29ce5a159a5bb_72.png",
            "first_name": "Lapite",
            "real_name": "Lapite Olamide",
            "display_name": "Olamide",
            "team": "TJE58GTJL",
            "name": "lapite3",
            "is_restricted": false,
            "is_ultra_restricted": false
        },
        "blocks": [
            {
                "type": "rich_text",
                "block_id": "fVA",
                "elements": [
                    {
                        "type": "rich_text_section",
                        "elements": [
                            {
                                "type": "text",
                                "text": "Please check your dm."
                            }
                        ]
                    }
                ]
            }
        ],
        "thread_ts": "1629387339.093800",
        "parent_user_id": "UJFCA8FAR"
    },
    {
        "client_msg_id": "fde0c971-1a4b-488a-9bcc-148752796322",
        "type": "message",
        "text": "Kindly check your DM!",
        "user": "U013JCCN8JE",
        "ts": "1629390206.097400",
        "team": "TJE58GTJL",
        "user_team": "TJE58GTJL",
        "source_team": "TJE58GTJL",
        "user_profile": {
            "avatar_hash": "6682d662b905",
            "image_72": "https:\/\/avatars.slack-edge.com\/2020-10-24\/1444184646742_6682d662b90594d702c6_72.jpg",
            "first_name": "Timan",
            "real_name": "Timan Nickson",
            "display_name": "Timan Nickson",
            "team": "TJE58GTJL",
            "name": "timanwai",
            "is_restricted": false,
            "is_ultra_restricted": false
        },
        "blocks": [
            {
                "type": "rich_text",
                "block_id": "vJDP",
                "elements": [
                    {
                        "type": "rich_text_section",
                        "elements": [
                            {
                                "type": "text",
                                "text": "Kindly check your DM!"
                            }
                        ]
                    }
                ]
            }
        ],
        "thread_ts": "1629387339.093800",
        "parent_user_id": "UJFCA8FAR"
    },
    {
        "client_msg_id": "c999e3be-cb3a-414d-a9cf-2be117fdccf8",
        "type": "message",
        "text": "[HIRING] You know someone’s voice. But their tone changes depending on who they’re speaking to or what they’re saying. We’re building out Notion’s content team, looking to hire a freelance <https:\/\/www.notion.so\/notion\/Copywriter-Contract-d3179efd83cc4549975f51d8d72c3c91|Copywriter> and <https:\/\/www.notion.so\/notion\/Enterprise-Content-Marketer-Contract-ed0ace2a32804d7f9a47c80842166597|Enterprise Content Marketer> — who will adapt Notion’s voice to specific audiences and formats.\n\nEach remote role is ~20hrs\/week. Bonus points if you’ve written for B2B SaaS audiences previously.\n\nFeel free to apply or let me know if you have any questions. Thank you!",
        "user": "U01S7E3C7MG",
        "ts": "1629393216.101500",
        "team": "TJE58GTJL",
        "user_team": "TJE58GTJL",
        "source_team": "TJE58GTJL",
        "user_profile": {
            "avatar_hash": "0a5ae03bcaad",
            "image_72": "https:\/\/avatars.slack-edge.com\/2021-03-23\/1888680587093_0a5ae03bcaad67cdc426_72.png",
            "first_name": "Nate",
            "real_name": "Nate Martins",
            "display_name": "Nate Martins",
            "team": "TJE58GTJL",
            "name": "nate144",
            "is_restricted": false,
            "is_ultra_restricted": false
        },
        "blocks": [
            {
                "type": "rich_text",
                "block_id": "yrYuc",
                "elements": [
                    {
                        "type": "rich_text_section",
                        "elements": [
                            {
                                "type": "text",
                                "text": "[HIRING]"
                            },
                            {
                                "type": "text",
                                "text": " ",
                                "style": {
                                    "bold": true
                                }
                            },
                            {
                                "type": "text",
                                "text": "You know someone’s voice. But their tone changes depending on who they’re speaking to or what they’re saying. We’re building out Notion’s content team, looking to hire a freelance "
                            },
                            {
                                "type": "link",
                                "url": "https:\/\/www.notion.so\/notion\/Copywriter-Contract-d3179efd83cc4549975f51d8d72c3c91",
                                "text": "Copywriter"
                            },
                            {
                                "type": "text",
                                "text": " and "
                            },
                            {
                                "type": "link",
                                "url": "https:\/\/www.notion.so\/notion\/Enterprise-Content-Marketer-Contract-ed0ace2a32804d7f9a47c80842166597",
                                "text": "Enterprise Content Marketer"
                            },
                            {
                                "type": "text",
                                "text": " — who will adapt Notion’s voice to specific audiences and formats.\n\nEach remote role is ~20hrs\/week. Bonus points if you’ve written for B2B SaaS audiences previously.\n\nFeel free to apply or let me know if you have any questions. Thank you!"
                            }
                        ]
                    }
                ]
            }
        ],
        "thread_ts": "1629393216.101500",
        "reply_count": 1,
        "reply_users_count": 1,
        "latest_reply": "1630399876.056300",
        "reply_users": [
            "U02CRLX23J9"
        ],
        "replies": [
            {
                "user": "U02CRLX23J9",
                "ts": "1630399876.056300"
            }
        ],
        "is_locked": false,
        "subscribed": false,
        "reactions": [
            {
                "name": "+1",
                "users": [
                    "UUVS5HWMB",
                    "U013JCCN8JE",
                    "U02BVDHA5TJ",
                    "U01J3L8CJRL",
                    "UJJELJPNH",
                    "UJG9WTEKG"
                ],
                "count": 6
            },
            {
                "name": "raised_hands",
                "users": [
                    "U023Q8E7MNE",
                    "U01PXN2LGAK",
                    "U0166H7KUAZ",
                    "U02B16XT7BK",
                    "U022NPEBM18",
                    "UJG9WTEKG",
                    "U01T30ZCN82",
                    "U01RSA9E9D4"
                ],
                "count": 8
            }
        ]
    },
    {
        "client_msg_id": "4b9b5703-a0cc-40a7-af6a-2715e07e6718",
        "type": "message",
        "text": "*[HIRING]* Hey friends! I’m hiring a bunch of freelance writers for my agency, Peak. We need a ton of B2B writers with SaaS\/marketing experience. <https:\/\/www.contentbypeak.com\/careers|Info\/rate is here>, as am I if you have questions.\n\n_I also put together a <https:\/\/twitter.com\/elisedopson\/status\/1428413056690933762|mini thread> on what we look for in applications. Maybe that’ll help_ :smile: ",
        "user": "UJHMVAE3G",
        "ts": "1629398034.104700",
        "team": "TJE58GTJL",
        "user_team": "TJE58GTJL",
        "source_team": "TJE58GTJL",
        "user_profile": {
            "avatar_hash": "g1b669baf54d",
            "image_72": "https:\/\/secure.gravatar.com\/avatar\/cb1b669baf54d184a6138c7f4607efc3.jpg?s=72&d=https%3A%2F%2Fa.slack-edge.com%2Fdf10d%2Fimg%2Favatars%2Fava_0013-72.png",
            "first_name": "Elise",
            "real_name": "Elise Dopson",
            "display_name": "",
            "team": "TJE58GTJL",
            "name": "elise",
            "is_restricted": false,
            "is_ultra_restricted": false
        },
        "blocks": [
            {
                "type": "rich_text",
                "block_id": "1ZGl",
                "elements": [
                    {
                        "type": "rich_text_section",
                        "elements": [
                            {
                                "type": "text",
                                "text": "[HIRING]",
                                "style": {
                                    "bold": true
                                }
                            },
                            {
                                "type": "text",
                                "text": " Hey friends! I’m hiring a bunch of freelance writers for my agency, Peak. We need a ton of B2B writers with SaaS\/marketing experience. "
                            },
                            {
                                "type": "link",
                                "url": "https:\/\/www.contentbypeak.com\/careers",
                                "text": "Info\/rate is here"
                            },
                            {
                                "type": "text",
                                "text": ", as am I if you have questions.\n\n"
                            },
                            {
                                "type": "text",
                                "text": "I also put together a ",
                                "style": {
                                    "italic": true
                                }
                            },
                            {
                                "type": "link",
                                "url": "https:\/\/twitter.com\/elisedopson\/status\/1428413056690933762",
                                "text": "mini thread",
                                "style": {
                                    "italic": true
                                }
                            },
                            {
                                "type": "text",
                                "text": " on what we look for in applications. Maybe that’ll help ",
                                "style": {
                                    "italic": true
                                }
                            },
                            {
                                "type": "emoji",
                                "name": "smile",
                                "style": {
                                    "italic": true
                                }
                            },
                            {
                                "type": "text",
                                "text": " ",
                                "style": {
                                    "italic": true
                                }
                            }
                        ]
                    }
                ]
            }
        ],
        "thread_ts": "1629398034.104700",
        "reply_count": 2,
        "reply_users_count": 2,
        "latest_reply": "1631638360.182100",
        "reply_users": [
            "U02AN6MNLMA",
            "U02F3EQ4Z08"
        ],
        "replies": [
            {
                "user": "U02AN6MNLMA",
                "ts": "1629739637.112900"
            },
            {
                "user": "U02F3EQ4Z08",
                "ts": "1631638360.182100"
            }
        ],
        "is_locked": false,
        "subscribed": false,
        "reactions": [
            {
                "name": "fire",
                "users": [
                    "U01FXSKB4G7",
                    "U01AHL8AGBB",
                    "U01J84U3SQ6",
                    "U012GHRAHDK",
                    "U016UC1UQEN",
                    "UN227ML2H",
                    "U01G7PRL3HQ",
                    "U015B888266",
                    "U019UEW7AQ2",
                    "UJJELJPNH",
                    "U01NUND5BC5"
                ],
                "count": 11
            }
        ]
    },
    {
        "client_msg_id": "d2510038-37af-4756-957d-3b8a70a0c677",
        "type": "message",
        "text": "[HIRING] Looking for an agency or freelance developer\/designer who can help us spin up 2 websites. Both domains are already purchased, but need help setting up and building the sites (I prefer WordPress, but open to platform ideas)\n\nThe 1st website will be pretty basic (5 pages at most). The 2nd site will be much more involved since it needs to be constantly updated with new content.\n\nFeel free to DM me to book a call. Ideally, we prefer to work with an agency\/freelancer based in the US or Canada.",
        "user": "U022WPACV4L",
        "ts": "1629410625.105400",
        "team": "TJE58GTJL",
        "user_team": "TJE58GTJL",
        "source_team": "TJE58GTJL",
        "user_profile": {
            "avatar_hash": "bc588db919e3",
            "image_72": "https:\/\/avatars.slack-edge.com\/2021-05-21\/2092645159746_bc588db919e300f6dc48_72.jpg",
            "first_name": "Taran",
            "real_name": "Taran Soodan",
            "display_name": "Taran Soodan",
            "team": "TJE58GTJL",
            "name": "taran",
            "is_restricted": false,
            "is_ultra_restricted": false
        },
        "blocks": [
            {
                "type": "rich_text",
                "block_id": "8\/S",
                "elements": [
                    {
                        "type": "rich_text_section",
                        "elements": [
                            {
                                "type": "text",
                                "text": "[HIRING] Looking for an agency or freelance developer\/designer who can help us spin up 2 websites. Both domains are already purchased, but need help setting up and building the sites (I prefer WordPress, but open to platform ideas)\n\nThe 1st website will be pretty basic (5 pages at most). The 2nd site will be much more involved since it needs to be constantly updated with new content.\n\nFeel free to DM me to book a call. Ideally, we prefer to work with an agency\/freelancer based in the US or Canada."
                            }
                        ]
                    }
                ]
            }
        ]
    }
]