[
    {
        "client_msg_id": "5154bb96-fd52-4140-aedd-894c538321c5",
        "type": "message",
        "text": "Hi all! Earlier this year, I accidentally (right, I just wrote a guest post for them, and then they reached out with an offer) got my first project as a freelance writer at SuperOffice. This was the first time I realized that I enjoyed writing more than any other project I was responsible for as a full-time content marketer.\n\nStarting from this month, I've finally reduced the number of hours I do at my full-time job at Joinative (and I still love it) and am ready to take more freelance projects. With over 3 years of experience in marketing for B2B (SaaS &amp; agency), I've already written over 100 articles published on sites like G2, Outbrain, Sendinblue, Prowly, Clutch, etc.  :raised_hands:\n\nI'll be happy to write about all things marketing, advertising, sales, startups, and SaaS. Let me know if you'd like to see my previous works.",
        "user": "U015XHF0RE0",
        "ts": "1636384815.101100",
        "team": "TJE58GTJL",
        "user_team": "TJE58GTJL",
        "source_team": "TJE58GTJL",
        "user_profile": {
            "avatar_hash": "3b994352b8aa",
            "image_72": "https:\/\/avatars.slack-edge.com\/2020-06-22\/1197226784578_3b994352b8aac48ece1e_72.jpg",
            "first_name": "",
            "real_name": "Adelina",
            "display_name": "Adelina",
            "team": "TJE58GTJL",
            "name": "karpenkova.adel",
            "is_restricted": false,
            "is_ultra_restricted": false
        },
        "edited": {
            "user": "U015XHF0RE0",
            "ts": "1636385474.000000"
        },
        "blocks": [
            {
                "type": "rich_text",
                "block_id": "l39",
                "elements": [
                    {
                        "type": "rich_text_section",
                        "elements": [
                            {
                                "type": "text",
                                "text": "Hi all! Earlier this year, I accidentally (right, I just wrote a guest post for them, and then they reached out with an offer) got my first project as a freelance writer at SuperOffice. This was the first time I realized that I enjoyed writing more than any other project I was responsible for as a full-time content marketer.\n\nStarting from this month, I've finally reduced the number of hours I do at my full-time job at Joinative (and I still love it) and am ready to take more freelance projects. With over 3 years of experience in marketing for B2B (SaaS & agency), I've already written over 100 articles published on sites like G2, Outbrain, Sendinblue, Prowly, Clutch, etc.  "
                            },
                            {
                                "type": "emoji",
                                "name": "raised_hands"
                            },
                            {
                                "type": "text",
                                "text": "\n\nI'll be happy to write about all things marketing, advertising, sales, startups, and SaaS. Let me know if you'd like to see my previous works."
                            }
                        ]
                    }
                ]
            }
        ],
        "reactions": [
            {
                "name": "heart",
                "users": [
                    "U024D3CP77U",
                    "UJJELJPNH"
                ],
                "count": 2
            }
        ]
    },
    {
        "client_msg_id": "aa58fa9c-fc09-4b5b-9800-7a8c07ebac04",
        "type": "message",
        "text": "Looking for a content writer who can write thought leadership and SEO blog posts on venture capital and startup ecosystem. Please DM with samples!",
        "user": "U02CUMQBP9R",
        "ts": "1636386425.101600",
        "team": "TJE58GTJL",
        "user_team": "TJE58GTJL",
        "source_team": "TJE58GTJL",
        "user_profile": {
            "avatar_hash": "37d9a8538dda",
            "image_72": "https:\/\/avatars.slack-edge.com\/2021-08-30\/2422037442023_37d9a8538dda6c598cc7_72.jpg",
            "first_name": "Harshala",
            "real_name": "Harshala Chavan",
            "display_name": "Harshala Chavan",
            "team": "TJE58GTJL",
            "name": "harshalachavan7",
            "is_restricted": false,
            "is_ultra_restricted": false
        },
        "blocks": [
            {
                "type": "rich_text",
                "block_id": "XCsJ",
                "elements": [
                    {
                        "type": "rich_text_section",
                        "elements": [
                            {
                                "type": "text",
                                "text": "Looking for a content writer who can write thought leadership and SEO blog posts on venture capital and startup ecosystem. Please DM with samples!"
                            }
                        ]
                    }
                ]
            }
        ],
        "reactions": [
            {
                "name": "fire",
                "users": [
                    "U014RK24F9D",
                    "U02A8UR3Z60",
                    "U024A8928AW"
                ],
                "count": 3
            }
        ]
    },
    {
        "client_msg_id": "3b5e33e7-b5d6-480a-8d0a-e2d9afe70e93",
        "type": "message",
        "text": "Hey all!\n\nI’m looking for a freelance content writer to support the execution-side of my client work, starting in January ’22. The ideal person:\n\n• Is within 1-3 years of starting their freelance career; seeking to up-level their writing (I’m a reasonable but no-nonsense editor). I’d consider it success for both of us if you grew out of the rates I can pay after a year.\n• Has bandwidth for 6-8 long form articles each month. We’ll nail down concrete deliverables by end of November, wrapping it all up into a set monthly project rate ($2,000-$2,500).\n• Has experience writing for marketing and sales SaaS.\n\nIf you’re interested, please *email* me your best 2-3 writing samples (ghostwritten is fine) by Friday, 11\/12. (If you know someone who could be a fit, feel free to refer!)\n\n<mailto:brooklin.nash@gmail.com|brooklin.nash@gmail.com>\n\nThanks!",
        "user": "U014RK24F9D",
        "ts": "1636396601.102300",
        "team": "TJE58GTJL",
        "user_team": "TJE58GTJL",
        "source_team": "TJE58GTJL",
        "user_profile": {
            "avatar_hash": "ga545eb99486",
            "image_72": "https:\/\/secure.gravatar.com\/avatar\/a545eb9948650963cb153a5fc279c195.jpg?s=72&d=https%3A%2F%2Fa.slack-edge.com%2Fdf10d%2Fimg%2Favatars%2Fava_0011-72.png",
            "first_name": "Brooklin",
            "real_name": "Brooklin Nash",
            "display_name": "Brooklin Nash",
            "team": "TJE58GTJL",
            "name": "brooklin",
            "is_restricted": false,
            "is_ultra_restricted": false
        },
        "blocks": [
            {
                "type": "rich_text",
                "block_id": "s9r0",
                "elements": [
                    {
                        "type": "rich_text_section",
                        "elements": [
                            {
                                "type": "text",
                                "text": "Hey all!\n\nI’m looking for a freelance content writer to support the execution-side of my client work, starting in January ’22. The ideal person:\n\n"
                            }
                        ]
                    },
                    {
                        "type": "rich_text_list",
                        "elements": [
                            {
                                "type": "rich_text_section",
                                "elements": [
                                    {
                                        "type": "text",
                                        "text": "Is within 1-3 years of starting their freelance career; seeking to up-level their writing (I’m a reasonable but no-nonsense editor). I’d consider it success for both of us if you grew out of the rates I can pay after a year."
                                    }
                                ]
                            },
                            {
                                "type": "rich_text_section",
                                "elements": [
                                    {
                                        "type": "text",
                                        "text": "Has bandwidth for 6-8 long form articles each month. We’ll nail down concrete deliverables by end of November, wrapping it all up into a set monthly project rate ($2,000-$2,500)."
                                    }
                                ]
                            },
                            {
                                "type": "rich_text_section",
                                "elements": [
                                    {
                                        "type": "text",
                                        "text": "Has experience writing for marketing and sales SaaS."
                                    }
                                ]
                            }
                        ],
                        "style": "bullet",
                        "indent": 0,
                        "border": 0
                    },
                    {
                        "type": "rich_text_section",
                        "elements": [
                            {
                                "type": "text",
                                "text": "\n\nIf you’re interested, please "
                            },
                            {
                                "type": "text",
                                "text": "email ",
                                "style": {
                                    "bold": true
                                }
                            },
                            {
                                "type": "text",
                                "text": "me your best 2-3 writing samples (ghostwritten is fine) by Friday, 11\/12. (If you know someone who could be a fit, feel free to refer!)\n\n"
                            },
                            {
                                "type": "link",
                                "url": "mailto:brooklin.nash@gmail.com",
                                "text": "brooklin.nash@gmail.com"
                            },
                            {
                                "type": "text",
                                "text": "\n\nThanks!"
                            }
                        ]
                    }
                ]
            }
        ],
        "thread_ts": "1636396601.102300",
        "reply_count": 4,
        "reply_users_count": 4,
        "latest_reply": "1636415693.105100",
        "reply_users": [
            "U014RK24F9D",
            "UR41NSSLW",
            "U028D815JA0",
            "UJG9WTEKG"
        ],
        "replies": [
            {
                "user": "U014RK24F9D",
                "ts": "1636396616.102400"
            },
            {
                "user": "UR41NSSLW",
                "ts": "1636400679.104000"
            },
            {
                "user": "U028D815JA0",
                "ts": "1636410891.104800"
            },
            {
                "user": "UJG9WTEKG",
                "ts": "1636415693.105100"
            }
        ],
        "is_locked": false,
        "subscribed": true,
        "last_read": "1636415693.105100",
        "reactions": [
            {
                "name": "up",
                "users": [
                    "U02KY0R6YGK",
                    "U02L2J7JG22",
                    "U028D815JA0",
                    "U02HD0L8HAP",
                    "U020EL92NBZ",
                    "U01J84U3SQ6",
                    "U02CUM38FUK",
                    "U02LR6JUZN3"
                ],
                "count": 8
            },
            {
                "name": "fire",
                "users": [
                    "U01AHL8AGBB",
                    "U024D3CP77U",
                    "U02CVNB3X1T",
                    "UJJELJPNH",
                    "U01PXN2LGAK",
                    "U01SFTTQ483"
                ],
                "count": 6
            },
            {
                "name": "100",
                "users": [
                    "U02GXA3PWC9"
                ],
                "count": 1
            },
            {
                "name": "+1",
                "users": [
                    "U01MVN90X9U",
                    "U0208DGLY87",
                    "UJG9WTEKG",
                    "U02KR8EC0TY"
                ],
                "count": 4
            },
            {
                "name": "heavy_check_mark",
                "users": [
                    "U013JCCN8JE"
                ],
                "count": 1
            }
        ]
    },
    {
        "client_msg_id": "c4394b1f-6a4b-471a-ad46-e9c036d64ee6",
        "type": "message",
        "text": "<@UJG9WTEKG> or others; let me know if this is against the rules. :slightly_smiling_face:",
        "user": "U014RK24F9D",
        "ts": "1636396616.102400",
        "team": "TJE58GTJL",
        "user_team": "TJE58GTJL",
        "source_team": "TJE58GTJL",
        "user_profile": {
            "avatar_hash": "ga545eb99486",
            "image_72": "https:\/\/secure.gravatar.com\/avatar\/a545eb9948650963cb153a5fc279c195.jpg?s=72&d=https%3A%2F%2Fa.slack-edge.com%2Fdf10d%2Fimg%2Favatars%2Fava_0011-72.png",
            "first_name": "Brooklin",
            "real_name": "Brooklin Nash",
            "display_name": "Brooklin Nash",
            "team": "TJE58GTJL",
            "name": "brooklin",
            "is_restricted": false,
            "is_ultra_restricted": false
        },
        "blocks": [
            {
                "type": "rich_text",
                "block_id": "il7",
                "elements": [
                    {
                        "type": "rich_text_section",
                        "elements": [
                            {
                                "type": "user",
                                "user_id": "UJG9WTEKG"
                            },
                            {
                                "type": "text",
                                "text": " or others; let me know if this is against the rules. "
                            },
                            {
                                "type": "emoji",
                                "name": "slightly_smiling_face"
                            }
                        ]
                    }
                ]
            }
        ],
        "thread_ts": "1636396601.102300",
        "parent_user_id": "U014RK24F9D"
    },
    {
        "client_msg_id": "6E6CC811-249C-4D59-9EE1-8FF8FDD5C3E5",
        "type": "message",
        "text": "I wish there were more opportunities like this out there :) Fingers crossed for finding the right person!",
        "user": "UR41NSSLW",
        "ts": "1636400679.104000",
        "team": "TJE58GTJL",
        "user_team": "TJE58GTJL",
        "source_team": "TJE58GTJL",
        "user_profile": {
            "avatar_hash": "3a1ad7392c18",
            "image_72": "https:\/\/avatars.slack-edge.com\/2021-03-18\/1899093258144_3a1ad7392c18cc082b38_72.jpg",
            "first_name": "Tom",
            "real_name": "Tom Grabski",
            "display_name": "Tom Grabski",
            "team": "TJE58GTJL",
            "name": "grabskitomasz",
            "is_restricted": false,
            "is_ultra_restricted": false
        },
        "blocks": [
            {
                "type": "rich_text",
                "block_id": "T+1X",
                "elements": [
                    {
                        "type": "rich_text_section",
                        "elements": [
                            {
                                "type": "text",
                                "text": "I wish there were more opportunities like this out there :) Fingers crossed for finding the right person!"
                            }
                        ]
                    }
                ]
            }
        ],
        "thread_ts": "1636396601.102300",
        "parent_user_id": "U014RK24F9D",
        "reactions": [
            {
                "name": "heart",
                "users": [
                    "U014RK24F9D",
                    "U028D815JA0"
                ],
                "count": 2
            }
        ]
    },
    {
        "client_msg_id": "6128a919-13c5-403b-86e2-b6550ec4d5f3",
        "type": "message",
        "text": "Oh my goodness. I'm definitely applying for this. Thanks for this opportunity <@U014RK24F9D>. Even if I don't get picked, this is great for someone else who wants to scale their career.",
        "user": "U028D815JA0",
        "ts": "1636410891.104800",
        "team": "TJE58GTJL",
        "user_team": "TJE58GTJL",
        "source_team": "TJE58GTJL",
        "user_profile": {
            "avatar_hash": "7e2cf488ec83",
            "image_72": "https:\/\/avatars.slack-edge.com\/2021-11-09\/2701205349650_7e2cf488ec8355d9ecca_72.jpg",
            "first_name": "althea",
            "real_name": "althea storm",
            "display_name": "althea storm",
            "team": "TJE58GTJL",
            "name": "altheanymphcstorm",
            "is_restricted": false,
            "is_ultra_restricted": false
        },
        "blocks": [
            {
                "type": "rich_text",
                "block_id": "KXVu",
                "elements": [
                    {
                        "type": "rich_text_section",
                        "elements": [
                            {
                                "type": "text",
                                "text": "Oh my goodness. I'm definitely applying for this. Thanks for this opportunity "
                            },
                            {
                                "type": "user",
                                "user_id": "U014RK24F9D"
                            },
                            {
                                "type": "text",
                                "text": ". Even if I don't get picked, this is great for someone else who wants to scale their career."
                            }
                        ]
                    }
                ]
            }
        ],
        "thread_ts": "1636396601.102300",
        "parent_user_id": "U014RK24F9D"
    },
    {
        "client_msg_id": "7dea445f-3535-4ed7-8531-4bb5603156b0",
        "type": "message",
        "text": "<@U014RK24F9D> nope all good!",
        "user": "UJG9WTEKG",
        "ts": "1636415693.105100",
        "team": "TJE58GTJL",
        "user_team": "TJE58GTJL",
        "source_team": "TJE58GTJL",
        "user_profile": {
            "avatar_hash": "gc25b94e6ebf",
            "image_72": "https:\/\/secure.gravatar.com\/avatar\/eec25b94e6ebf55f0b7933372344cd09.jpg?s=72&d=https%3A%2F%2Fa.slack-edge.com%2Fdf10d%2Fimg%2Favatars%2Fava_0001-72.png",
            "first_name": "Jimmy",
            "real_name": "Jimmy Daly",
            "display_name": "",
            "team": "TJE58GTJL",
            "name": "runjimdaly",
            "is_restricted": false,
            "is_ultra_restricted": false
        },
        "blocks": [
            {
                "type": "rich_text",
                "block_id": "ugJ",
                "elements": [
                    {
                        "type": "rich_text_section",
                        "elements": [
                            {
                                "type": "user",
                                "user_id": "U014RK24F9D"
                            },
                            {
                                "type": "text",
                                "text": " nope all good!"
                            }
                        ]
                    }
                ]
            }
        ],
        "thread_ts": "1636396601.102300",
        "parent_user_id": "U014RK24F9D"
    }
]