[
    {
        "client_msg_id": "ff6c4249-62aa-4215-8342-a5c435d64454",
        "type": "message",
        "text": "Hey folks :smiley:\n\nI have an important meeting with an existing client who owns two businesses on Thursday.\n\nThey want me to pick up the socials for their second business after my success on the first. However, I need to raise prices and set boundaries. I've not raised prices in 2 years.\n\nI plan to have the 'value' conversation and I'm confident that I generate far more revenue than I cost. But I have a bit of anxiety around walking away if they say no. They are my oldest client and I am passionate about the work.\n\nAny tips, feel free to holler at me. Happy to take calls.",
        "user": "U02FV1XHS2C",
        "ts": "1632245874.235800",
        "team": "TJE58GTJL",
        "user_team": "TJE58GTJL",
        "source_team": "TJE58GTJL",
        "user_profile": {
            "avatar_hash": "c9247c6ca97b",
            "image_72": "https:\/\/avatars.slack-edge.com\/2021-09-21\/2515852092227_c9247c6ca97b6b64f3f1_72.jpg",
            "first_name": "Kieran",
            "real_name": "Kieran Giles",
            "display_name": "Kieran Giles",
            "team": "TJE58GTJL",
            "name": "kgiles.marketing",
            "is_restricted": false,
            "is_ultra_restricted": false
        },
        "blocks": [
            {
                "type": "rich_text",
                "block_id": "CCJeq",
                "elements": [
                    {
                        "type": "rich_text_section",
                        "elements": [
                            {
                                "type": "text",
                                "text": "Hey folks "
                            },
                            {
                                "type": "emoji",
                                "name": "smiley"
                            },
                            {
                                "type": "text",
                                "text": "\n\nI have an important meeting with an existing client who owns two businesses on Thursday.\n\nThey want me to pick up the socials for their second business after my success on the first. However, I need to raise prices and set boundaries. I've not raised prices in 2 years.\n\nI plan to have the 'value' conversation and I'm confident that I generate far more revenue than I cost. But I have a bit of anxiety around walking away if they say no. They are my oldest client and I am passionate about the work.\n\nAny tips, feel free to holler at me. Happy to take calls."
                            }
                        ]
                    }
                ]
            }
        ],
        "thread_ts": "1632245874.235800",
        "reply_count": 4,
        "reply_users_count": 3,
        "latest_reply": "1632455524.270500",
        "reply_users": [
            "U01FUP6AMEZ",
            "U02CRLX23J9",
            "U02FV1XHS2C"
        ],
        "replies": [
            {
                "user": "U01FUP6AMEZ",
                "ts": "1632248943.236800"
            },
            {
                "user": "U02CRLX23J9",
                "ts": "1632252627.253200"
            },
            {
                "user": "U02FV1XHS2C",
                "ts": "1632421615.266600"
            },
            {
                "user": "U02CRLX23J9",
                "ts": "1632455524.270500"
            }
        ],
        "is_locked": false,
        "subscribed": false,
        "reactions": [
            {
                "name": "raised_hands",
                "users": [
                    "U01FUP6AMEZ",
                    "U013WR69RDE"
                ],
                "count": 2
            }
        ]
    },
    {
        "client_msg_id": "93f08c60-1727-4a2d-b398-f59747ef6ecb",
        "type": "message",
        "text": "you've got this. clients who respect your work understand that quality will cost them more, and a lot changes in 2 years for them too -- they might have more budget wiggle room",
        "user": "U01FUP6AMEZ",
        "ts": "1632248943.236800",
        "team": "TJE58GTJL",
        "user_team": "TJE58GTJL",
        "source_team": "TJE58GTJL",
        "user_profile": {
            "avatar_hash": "128762c3ea3f",
            "image_72": "https:\/\/avatars.slack-edge.com\/2020-12-01\/1527137254583_128762c3ea3f3d65d19b_72.jpg",
            "first_name": "Joanna",
            "real_name": "Joanna Rutter",
            "display_name": "Joanna Rutter",
            "team": "TJE58GTJL",
            "name": "rutterjoanna",
            "is_restricted": false,
            "is_ultra_restricted": false
        },
        "blocks": [
            {
                "type": "rich_text",
                "block_id": "HVht3",
                "elements": [
                    {
                        "type": "rich_text_section",
                        "elements": [
                            {
                                "type": "text",
                                "text": "you've got this. clients who respect your work understand that quality will cost them more, and a lot changes in 2 years for them too -- they might have more budget wiggle room"
                            }
                        ]
                    }
                ]
            }
        ],
        "thread_ts": "1632245874.235800",
        "parent_user_id": "U02FV1XHS2C",
        "reactions": [
            {
                "name": "heart",
                "users": [
                    "U02FV1XHS2C",
                    "U01G7PRL3HQ"
                ],
                "count": 2
            }
        ]
    },
    {
        "client_msg_id": "67BEF288-6750-42D7-A959-3B11FBB0C41E",
        "type": "message",
        "text": "<@U01FUP6AMEZ> - Thanks for being brave enough to say something. I similarly found this “opportunity” to be exploitative of human talent and labor. I also don’t personally fault the poster but rather ClassPass’s senior leadership, founders, board, and VCs.\n\nIn my experience in my Silicon Valley circles, I’ve seen many class action lawsuits unfold in response to companies engaging in these exploitative and abusive practices (let’s call it what it is). \n\nI give everyone the benefit of the doubt. “Corporate America” has roots in slavery, and freelancers don’t have labor rights like w-2 employees. In my experience, a lot of American companies “don’t see it” and end up implementing policies like this, that ultimately get them in trouble for exploiting “labor.” People in corporate leadership don’t recognize their own bullying. \n\nI have been in Callahan’s exact role before, being part of a big company engaging in practices that took advantage of freelancers. I made the choice to approach my bosses and board with the issue. I was “scolded” (I was 22) and banned from working with our company lawyers. Six months later, we got sued.\n\nI was then promoted 2X, my salary was doubled, and I received access to my own team of lawyers (2) to lead, operationalize, and execute my ideas. I had a lot of respect at the company for being willing to speak up and bring “difficult” topics to my leadership team’s attention — to show them a bigger picture.\n\nSo there’s a silver lining to these discussions in terms of building pathways to new plateaus of leadership. \n\nI appreciate that Jimmy has created a space for all of us to have these important conversations. Superpath is invaluable for our industry. I am constantly in awe of Jimmy’s decision-making and think our industry is better because of everything he’s building. ",
        "user": "UL9SA4C3T",
        "ts": "1632250250.252700",
        "team": "TJE58GTJL",
        "user_team": "TJE58GTJL",
        "source_team": "TJE58GTJL",
        "user_profile": {
            "avatar_hash": "4365ff0f7a40",
            "image_72": "https:\/\/avatars.slack-edge.com\/2019-12-18\/879874350469_4365ff0f7a40c9bd9bf4_72.jpg",
            "first_name": "Ritika",
            "real_name": "Ritika Puri",
            "display_name": "Ritika",
            "team": "TJE58GTJL",
            "name": "ritika",
            "is_restricted": false,
            "is_ultra_restricted": false
        },
        "blocks": [
            {
                "type": "rich_text",
                "block_id": "zqnN",
                "elements": [
                    {
                        "type": "rich_text_section",
                        "elements": [
                            {
                                "type": "user",
                                "user_id": "U01FUP6AMEZ"
                            },
                            {
                                "type": "text",
                                "text": " - Thanks for being brave enough to say something. I similarly found this “opportunity” to be exploitative of human talent and labor. I also don’t personally fault the poster but rather ClassPass’s senior leadership, founders, board, and VCs.\n\nIn my experience in my Silicon Valley circles, I’ve seen many class action lawsuits unfold in response to companies engaging in these exploitative and abusive practices (let’s call it what it is). \n\nI give everyone the benefit of the doubt. “Corporate America” has roots in slavery, and freelancers don’t have labor rights like w-2 employees. In my experience, a lot of American companies “don’t see it” and end up implementing policies like this, that ultimately get them in trouble for exploiting “labor.” People in corporate leadership don’t recognize their own bullying. \n\nI have been in Callahan’s exact role before, being part of a big company engaging in practices that took advantage of freelancers. I made the choice to approach my bosses and board with the issue. I was “scolded” (I was 22) and banned from working with our company lawyers. Six months later, we got sued.\n\nI was then promoted 2X, my salary was doubled, and I received access to my own team of lawyers (2) to lead, operationalize, and execute my ideas. I had a lot of respect at the company for being willing to speak up and bring “difficult” topics to my leadership team’s attention — to show them a bigger picture.\n\nSo there’s a silver lining to these discussions in terms of building pathways to new plateaus of leadership. \n\nI appreciate that Jimmy has created a space for all of us to have these important conversations. Superpath is invaluable for our industry. I am constantly in awe of Jimmy’s decision-making and think our industry is better because of everything he’s building. "
                            }
                        ]
                    }
                ]
            }
        ],
        "thread_ts": "1632082568.218000",
        "parent_user_id": "U02BUCR0FLH",
        "reactions": [
            {
                "name": "heart",
                "users": [
                    "U01K0BWEQD6"
                ],
                "count": 1
            }
        ]
    },
    {
        "client_msg_id": "a035cfb6-38e0-4666-be85-10efa6fd1bc7",
        "type": "message",
        "text": "<@UL9SA4C3T> I'm interested to hear how you approached your scenario. I certainly wasn't scolded or banned from talking to anyone when I brought up that people should be paid, but more so was told to work with what I got. How did you handle resourcing when you were in my situation? (Genuinely looking to hear your thoughts. :slightly_smiling_face: )\n\nAdditionally, I'd like to know the thoughts from everyone in this thread on guest posting. I know many people utilize SME's or guest bloggers to write without compensation, but the company reaps the majority of the benefit and seems to fall within a gray area. Where does that fall within exploitation?",
        "user": "U02A8UR3Z60",
        "ts": "1632251081.252900",
        "team": "TJE58GTJL",
        "user_team": "TJE58GTJL",
        "source_team": "TJE58GTJL",
        "user_profile": {
            "avatar_hash": "dd781b486769",
            "image_72": "https:\/\/avatars.slack-edge.com\/2021-08-03\/2336037289142_dd781b486769fb2915dd_72.jpg",
            "first_name": "Callahan",
            "real_name": "Callahan Peel",
            "display_name": "Callahan Peel",
            "team": "TJE58GTJL",
            "name": "callahanpeel",
            "is_restricted": false,
            "is_ultra_restricted": false
        },
        "edited": {
            "user": "U02A8UR3Z60",
            "ts": "1632251404.000000"
        },
        "blocks": [
            {
                "type": "rich_text",
                "block_id": "9Vy",
                "elements": [
                    {
                        "type": "rich_text_section",
                        "elements": [
                            {
                                "type": "user",
                                "user_id": "UL9SA4C3T"
                            },
                            {
                                "type": "text",
                                "text": " I'm interested to hear how you approached your scenario. I certainly wasn't scolded or banned from talking to anyone when I brought up that people should be paid, but more so was told to work with what I got. How did you handle resourcing when you were in my situation? (Genuinely looking to hear your thoughts. "
                            },
                            {
                                "type": "emoji",
                                "name": "slightly_smiling_face"
                            },
                            {
                                "type": "text",
                                "text": " )\n\nAdditionally, I'd like to know the thoughts from everyone in this thread on guest posting. I know many people utilize SME's or guest bloggers to write without compensation, but the company reaps the majority of the benefit and seems to fall within a gray area. Where does that fall within exploitation?"
                            }
                        ]
                    }
                ]
            }
        ],
        "thread_ts": "1632082568.218000",
        "parent_user_id": "U02BUCR0FLH",
        "reactions": [
            {
                "name": "white_heart",
                "users": [
                    "U01K0BWEQD6"
                ],
                "count": 1
            }
        ]
    },
    {
        "client_msg_id": "84537d51-4f7d-4f5b-b790-29375e2ee77a",
        "type": "message",
        "text": "<@U02FV1XHS2C> If you are working for him since 2 years, then might be he is afraid of ro say No, because it will also impact on his 1st work, which is ongoing. You have not started work for 2nd so its a better to discuss about prices and find some suitable option for both. Happy to take a call also that gives you :100: confident.",
        "user": "U02CRLX23J9",
        "ts": "1632252627.253200",
        "team": "TJE58GTJL",
        "user_team": "TJE58GTJL",
        "source_team": "TJE58GTJL",
        "user_profile": {
            "avatar_hash": "g267b90b44e2",
            "image_72": "https:\/\/secure.gravatar.com\/avatar\/267b90b44e2c05fa579122c35bc6accb.jpg?s=72&d=https%3A%2F%2Fa.slack-edge.com%2Fdf10d%2Fimg%2Favatars%2Fava_0017-72.png",
            "first_name": "Chaitanya",
            "real_name": "Chaitanya Patel",
            "display_name": "",
            "team": "TJE58GTJL",
            "name": "hello220",
            "is_restricted": false,
            "is_ultra_restricted": false
        },
        "blocks": [
            {
                "type": "rich_text",
                "block_id": "7MwWG",
                "elements": [
                    {
                        "type": "rich_text_section",
                        "elements": [
                            {
                                "type": "user",
                                "user_id": "U02FV1XHS2C"
                            },
                            {
                                "type": "text",
                                "text": " If you are working for him since 2 years, then might be he is afraid of ro say No, because it will also impact on his 1st work, which is ongoing. You have not started work for 2nd so its a better to discuss about prices and find some suitable option for both. Happy to take a call also that gives you "
                            },
                            {
                                "type": "emoji",
                                "name": "100"
                            },
                            {
                                "type": "text",
                                "text": " confident."
                            }
                        ]
                    }
                ]
            }
        ],
        "thread_ts": "1632245874.235800",
        "parent_user_id": "U02FV1XHS2C",
        "reactions": [
            {
                "name": "heart",
                "users": [
                    "U02FV1XHS2C"
                ],
                "count": 1
            }
        ]
    },
    {
        "client_msg_id": "7e334ebb-16f6-4b2c-aafd-d62c47b133c1",
        "type": "message",
        "text": "Used <http:\/\/wise.com|wise.com> and <http:\/\/paypal.com|paypal.com>, but if your payment amount is low as you mentioned, go with <http:\/\/westernunion.com|westernunion.com> they provide higher rate and with low fees.",
        "user": "U02CRLX23J9",
        "ts": "1632252977.253700",
        "team": "TJE58GTJL",
        "user_team": "TJE58GTJL",
        "source_team": "TJE58GTJL",
        "user_profile": {
            "avatar_hash": "g267b90b44e2",
            "image_72": "https:\/\/secure.gravatar.com\/avatar\/267b90b44e2c05fa579122c35bc6accb.jpg?s=72&d=https%3A%2F%2Fa.slack-edge.com%2Fdf10d%2Fimg%2Favatars%2Fava_0017-72.png",
            "first_name": "Chaitanya",
            "real_name": "Chaitanya Patel",
            "display_name": "",
            "team": "TJE58GTJL",
            "name": "hello220",
            "is_restricted": false,
            "is_ultra_restricted": false
        },
        "edited": {
            "user": "U02CRLX23J9",
            "ts": "1632252989.000000"
        },
        "blocks": [
            {
                "type": "rich_text",
                "block_id": "40U",
                "elements": [
                    {
                        "type": "rich_text_section",
                        "elements": [
                            {
                                "type": "text",
                                "text": "Used "
                            },
                            {
                                "type": "link",
                                "url": "http:\/\/wise.com",
                                "text": "wise.com"
                            },
                            {
                                "type": "text",
                                "text": " and "
                            },
                            {
                                "type": "link",
                                "url": "http:\/\/paypal.com",
                                "text": "paypal.com"
                            },
                            {
                                "type": "text",
                                "text": ", but if your payment amount is low as you mentioned, go with "
                            },
                            {
                                "type": "link",
                                "url": "http:\/\/westernunion.com",
                                "text": "westernunion.com"
                            },
                            {
                                "type": "text",
                                "text": " they provide higher rate and with low fees."
                            }
                        ]
                    }
                ]
            }
        ],
        "thread_ts": "1631745432.200500",
        "parent_user_id": "U02AR2XSN1M"
    },
    {
        "client_msg_id": "C4E283DC-E5B1-47B6-9F68-6C75332C14FC",
        "type": "message",
        "text": "<@U02A8UR3Z60> - I will record you some thoughts :blush:.  ",
        "user": "UL9SA4C3T",
        "ts": "1632270892.255400",
        "team": "TJE58GTJL",
        "user_team": "TJE58GTJL",
        "source_team": "TJE58GTJL",
        "user_profile": {
            "avatar_hash": "4365ff0f7a40",
            "image_72": "https:\/\/avatars.slack-edge.com\/2019-12-18\/879874350469_4365ff0f7a40c9bd9bf4_72.jpg",
            "first_name": "Ritika",
            "real_name": "Ritika Puri",
            "display_name": "Ritika",
            "team": "TJE58GTJL",
            "name": "ritika",
            "is_restricted": false,
            "is_ultra_restricted": false
        },
        "blocks": [
            {
                "type": "rich_text",
                "block_id": "PFq",
                "elements": [
                    {
                        "type": "rich_text_section",
                        "elements": [
                            {
                                "type": "user",
                                "user_id": "U02A8UR3Z60"
                            },
                            {
                                "type": "text",
                                "text": " - I will record you some thoughts "
                            },
                            {
                                "type": "emoji",
                                "name": "blush"
                            },
                            {
                                "type": "text",
                                "text": ".  "
                            }
                        ]
                    }
                ]
            }
        ],
        "thread_ts": "1632082568.218000",
        "parent_user_id": "U02BUCR0FLH"
    }
]