[
    {
        "client_msg_id": "3479fe34-061a-4608-be4e-176467b706aa",
        "type": "message",
        "text": "Hey! You’ve got a lot of reccos here but I wanted to share my course, <https:\/\/jasminewilliamsmedia.mykajabi.com\/click-worthy-creative-academy|Click-worthy Creative Academy>. It’s a 6-week mentorship program for freelance creatives looking to launch and grow their business. My next cohort starts on October 6!",
        "user": "U0236PYP3SR",
        "ts": "1630070566.007400",
        "team": "TJE58GTJL",
        "user_team": "TJE58GTJL",
        "source_team": "TJE58GTJL",
        "user_profile": {
            "avatar_hash": "151ef26d495d",
            "image_72": "https:\/\/avatars.slack-edge.com\/2021-05-27\/2105651351574_151ef26d495d8461f6e5_72.jpg",
            "first_name": "Jasmine",
            "real_name": "Jasmine Williams",
            "display_name": "Jasmine Williams",
            "team": "TJE58GTJL",
            "name": "hello426",
            "is_restricted": false,
            "is_ultra_restricted": false
        },
        "attachments": [
            {
                "title": "Click-worthy Creative Academy",
                "title_link": "https:\/\/jasminewilliamsmedia.mykajabi.com\/click-worthy-creative-academy",
                "text": "Click-worthy Creative Academy is a 6-week online mentorship program designed to teach creative professionals the fundamentals of running a successful freelance business.",
                "fallback": "Click-worthy Creative Academy",
                "image_url": "https:\/\/kajabi-storefronts-production.kajabi-cdn.com\/kajabi-storefronts-production\/sites\/133925\/images\/Lq7EMfnvReGypKsHGTLN_file.jpg",
                "from_url": "https:\/\/jasminewilliamsmedia.mykajabi.com\/click-worthy-creative-academy",
                "image_width": 444,
                "image_height": 250,
                "image_bytes": 54026,
                "service_name": "jasminewilliamsmedia.mykajabi.com",
                "id": 1,
                "original_url": "https:\/\/jasminewilliamsmedia.mykajabi.com\/click-worthy-creative-academy"
            }
        ],
        "blocks": [
            {
                "type": "rich_text",
                "block_id": "Vu35",
                "elements": [
                    {
                        "type": "rich_text_section",
                        "elements": [
                            {
                                "type": "text",
                                "text": "Hey! You’ve got a lot of reccos here but I wanted to share my course, "
                            },
                            {
                                "type": "link",
                                "url": "https:\/\/jasminewilliamsmedia.mykajabi.com\/click-worthy-creative-academy",
                                "text": "Click-worthy Creative Academy"
                            },
                            {
                                "type": "text",
                                "text": ". It’s a 6-week mentorship program for freelance creatives looking to launch and grow their business. My next cohort starts on October 6!"
                            }
                        ]
                    }
                ]
            }
        ],
        "thread_ts": "1629995583.004800",
        "parent_user_id": "U027Z9V7EMP",
        "reactions": [
            {
                "name": "100",
                "users": [
                    "UJG9WTEKG"
                ],
                "count": 1
            }
        ]
    },
    {
        "client_msg_id": "C5ECDFBA-9241-4958-9BCC-2478221CB4BF",
        "type": "message",
        "text": " That’s a killer landing page <@U0236PYP3SR> !",
        "user": "U01K0BWEQD6",
        "ts": "1630071494.008000",
        "team": "TJE58GTJL",
        "user_team": "TJE58GTJL",
        "source_team": "TJE58GTJL",
        "user_profile": {
            "avatar_hash": "1d4a27b0b808",
            "image_72": "https:\/\/avatars.slack-edge.com\/2021-01-12\/1637132909412_1d4a27b0b8085cc784f5_72.jpg",
            "first_name": "Sarah",
            "real_name": "Sarah Greesonbach",
            "display_name": "Sarah Greesonbach",
            "team": "TJE58GTJL",
            "name": "hello317",
            "is_restricted": false,
            "is_ultra_restricted": false
        },
        "blocks": [
            {
                "type": "rich_text",
                "block_id": "=w2Ra",
                "elements": [
                    {
                        "type": "rich_text_section",
                        "elements": [
                            {
                                "type": "text",
                                "text": " That’s a killer landing page "
                            },
                            {
                                "type": "user",
                                "user_id": "U0236PYP3SR"
                            },
                            {
                                "type": "text",
                                "text": " !"
                            }
                        ]
                    }
                ]
            }
        ],
        "thread_ts": "1629995583.004800",
        "parent_user_id": "U027Z9V7EMP",
        "reactions": [
            {
                "name": "heart",
                "users": [
                    "U0236PYP3SR"
                ],
                "count": 1
            }
        ]
    },
    {
        "client_msg_id": "ef2ee4b1-26c9-4e72-b00f-13fef2bdb944",
        "type": "message",
        "text": "Ahh thank you <@U01K0BWEQD6>! Appreciate it :slightly_smiling_face:",
        "user": "U0236PYP3SR",
        "ts": "1630071572.008300",
        "team": "TJE58GTJL",
        "user_team": "TJE58GTJL",
        "source_team": "TJE58GTJL",
        "user_profile": {
            "avatar_hash": "151ef26d495d",
            "image_72": "https:\/\/avatars.slack-edge.com\/2021-05-27\/2105651351574_151ef26d495d8461f6e5_72.jpg",
            "first_name": "Jasmine",
            "real_name": "Jasmine Williams",
            "display_name": "Jasmine Williams",
            "team": "TJE58GTJL",
            "name": "hello426",
            "is_restricted": false,
            "is_ultra_restricted": false
        },
        "blocks": [
            {
                "type": "rich_text",
                "block_id": "Twzl",
                "elements": [
                    {
                        "type": "rich_text_section",
                        "elements": [
                            {
                                "type": "text",
                                "text": "Ahh thank you "
                            },
                            {
                                "type": "user",
                                "user_id": "U01K0BWEQD6"
                            },
                            {
                                "type": "text",
                                "text": "! Appreciate it "
                            },
                            {
                                "type": "emoji",
                                "name": "slightly_smiling_face"
                            }
                        ]
                    }
                ]
            }
        ],
        "thread_ts": "1629995583.004800",
        "parent_user_id": "U027Z9V7EMP"
    },
    {
        "client_msg_id": "ba8e4381-5a28-400f-b4de-a4c05940df11",
        "type": "message",
        "text": "Thanks <@U0236PYP3SR>! I'll look into it",
        "user": "U027Z9V7EMP",
        "ts": "1630072105.008500",
        "team": "TJE58GTJL",
        "user_team": "TJE58GTJL",
        "source_team": "TJE58GTJL",
        "user_profile": {
            "avatar_hash": "d7a71352fc43",
            "image_72": "https:\/\/avatars.slack-edge.com\/2021-07-09\/2271524179489_d7a71352fc4349be6ad4_72.jpg",
            "first_name": "",
            "real_name": "Suman Sridhar",
            "display_name": "Suman Sridhar",
            "team": "TJE58GTJL",
            "name": "suman.email.inbox",
            "is_restricted": false,
            "is_ultra_restricted": false
        },
        "blocks": [
            {
                "type": "rich_text",
                "block_id": "XPx",
                "elements": [
                    {
                        "type": "rich_text_section",
                        "elements": [
                            {
                                "type": "text",
                                "text": "Thanks "
                            },
                            {
                                "type": "user",
                                "user_id": "U0236PYP3SR"
                            },
                            {
                                "type": "text",
                                "text": "! I'll look into it"
                            }
                        ]
                    }
                ]
            }
        ],
        "thread_ts": "1629995583.004800",
        "parent_user_id": "U027Z9V7EMP"
    },
    {
        "client_msg_id": "8F62FBAC-431B-4536-B3A1-D7C8271AA90C",
        "type": "message",
        "text": "<@U027Z9V7EMP> I’ve got a resources page running here that will have good suggestions too: <http:\/\/b2bwritinginstitute.com\/resources|http:\/\/b2bwritinginstitute.com\/resources>",
        "user": "U01K0BWEQD6",
        "ts": "1630072822.009400",
        "team": "TJE58GTJL",
        "user_team": "TJE58GTJL",
        "source_team": "TJE58GTJL",
        "user_profile": {
            "avatar_hash": "1d4a27b0b808",
            "image_72": "https:\/\/avatars.slack-edge.com\/2021-01-12\/1637132909412_1d4a27b0b8085cc784f5_72.jpg",
            "first_name": "Sarah",
            "real_name": "Sarah Greesonbach",
            "display_name": "Sarah Greesonbach",
            "team": "TJE58GTJL",
            "name": "hello317",
            "is_restricted": false,
            "is_ultra_restricted": false
        },
        "attachments": [
            {
                "service_name": "B2B Writing Institute",
                "title": "B2B Writing Resources | B2B Writing Institute",
                "title_link": "http:\/\/b2bwritinginstitute.com\/resources",
                "text": "Looking for a quick rundown of B2B writing? Click here to enroll in B2BWI’s free Foundations of B2B Writing course to learn the very basic elements of thought leadership articles, case studies, and white papers. Here are the top six website resources as identified by common mentions in our ongoing B2B Writing Institute community survey. […]",
                "fallback": "B2B Writing Institute: B2B Writing Resources | B2B Writing Institute",
                "image_url": "https:\/\/b2bwritinginstitute.com\/wp-content\/uploads\/2021\/02\/B2BWritingInstitute-Foundations.png",
                "image_width": 375,
                "image_height": 250,
                "fields": [
                    {
                        "title": "Est. reading time",
                        "value": "7 minutes",
                        "short": true
                    }
                ],
                "from_url": "http:\/\/b2bwritinginstitute.com\/resources",
                "image_bytes": 427119,
                "service_icon": "https:\/\/b2bwritinginstitute.com\/wp-content\/uploads\/2019\/09\/cropped-Screen-Shot-2019-09-11-at-4.00.36-PM-180x180.png",
                "id": 1,
                "original_url": "http:\/\/b2bwritinginstitute.com\/resources"
            }
        ],
        "blocks": [
            {
                "type": "rich_text",
                "block_id": "tmI",
                "elements": [
                    {
                        "type": "rich_text_section",
                        "elements": [
                            {
                                "type": "user",
                                "user_id": "U027Z9V7EMP"
                            },
                            {
                                "type": "text",
                                "text": " I’ve got a resources page running here that will have good suggestions too: "
                            },
                            {
                                "type": "link",
                                "url": "http:\/\/b2bwritinginstitute.com\/resources",
                                "text": "http:\/\/b2bwritinginstitute.com\/resources"
                            }
                        ]
                    }
                ]
            }
        ],
        "thread_ts": "1629995583.004800",
        "parent_user_id": "U027Z9V7EMP"
    },
    {
        "client_msg_id": "4C4F8170-6DB0-4EFB-8F27-642F86773B9F",
        "type": "message",
        "text": "I’m always looking for trustworthy folks to add, too, so let me know who you end up going with!",
        "user": "U01K0BWEQD6",
        "ts": "1630072838.010200",
        "team": "TJE58GTJL",
        "user_team": "TJE58GTJL",
        "source_team": "TJE58GTJL",
        "user_profile": {
            "avatar_hash": "1d4a27b0b808",
            "image_72": "https:\/\/avatars.slack-edge.com\/2021-01-12\/1637132909412_1d4a27b0b8085cc784f5_72.jpg",
            "first_name": "Sarah",
            "real_name": "Sarah Greesonbach",
            "display_name": "Sarah Greesonbach",
            "team": "TJE58GTJL",
            "name": "hello317",
            "is_restricted": false,
            "is_ultra_restricted": false
        },
        "blocks": [
            {
                "type": "rich_text",
                "block_id": "uxVkw",
                "elements": [
                    {
                        "type": "rich_text_section",
                        "elements": [
                            {
                                "type": "text",
                                "text": "I’m always looking for trustworthy folks to add, too, so let me know who you end up going with!"
                            }
                        ]
                    }
                ]
            }
        ],
        "thread_ts": "1629995583.004800",
        "parent_user_id": "U027Z9V7EMP"
    },
    {
        "client_msg_id": "15f9aee1-1207-4cb9-ae7a-1d2e091805d7",
        "type": "message",
        "text": "<@U01K0BWEQD6> awesome, thanks!!",
        "user": "U027Z9V7EMP",
        "ts": "1630073503.010400",
        "team": "TJE58GTJL",
        "user_team": "TJE58GTJL",
        "source_team": "TJE58GTJL",
        "user_profile": {
            "avatar_hash": "d7a71352fc43",
            "image_72": "https:\/\/avatars.slack-edge.com\/2021-07-09\/2271524179489_d7a71352fc4349be6ad4_72.jpg",
            "first_name": "",
            "real_name": "Suman Sridhar",
            "display_name": "Suman Sridhar",
            "team": "TJE58GTJL",
            "name": "suman.email.inbox",
            "is_restricted": false,
            "is_ultra_restricted": false
        },
        "blocks": [
            {
                "type": "rich_text",
                "block_id": "Y3Ijo",
                "elements": [
                    {
                        "type": "rich_text_section",
                        "elements": [
                            {
                                "type": "user",
                                "user_id": "U01K0BWEQD6"
                            },
                            {
                                "type": "text",
                                "text": " awesome, thanks!!"
                            }
                        ]
                    }
                ]
            }
        ],
        "thread_ts": "1629995583.004800",
        "parent_user_id": "U027Z9V7EMP"
    },
    {
        "client_msg_id": "62d9fc4e-95c6-47cf-a231-e520888cfc2e",
        "type": "message",
        "text": "*[HIRING A FREELANCE WRITER\/BLOG WRITER]*\nHello, Everyone!\n\nI'm the Founder of <https:\/\/studioqdesigns.ca\/|Studio Q Designs> - a creative product design agency helping businesses grow :seedling:\n\nWe're looking to hire someone well-versed in the product design world to write blogs for us. Please reach out if you're interested - details are below! :relaxed:\n• 2-4 articles a month\n• 1000-1500 words\n• The contract starts ASAP and will start as 3 months (will be extended if going well)\nComment below or DM me if you're interested!",
        "user": "U02CTCZLEA0",
        "ts": "1630082042.015500",
        "team": "TJE58GTJL",
        "user_team": "TJE58GTJL",
        "source_team": "TJE58GTJL",
        "user_profile": {
            "avatar_hash": "08c68bca7211",
            "image_72": "https:\/\/avatars.slack-edge.com\/2021-08-27\/2435469082212_08c68bca72111a6d9636_72.jpg",
            "first_name": "Amy",
            "real_name": "Amy Q Cooper",
            "display_name": "Amy Q Cooper",
            "team": "TJE58GTJL",
            "name": "amy322",
            "is_restricted": false,
            "is_ultra_restricted": false
        },
        "blocks": [
            {
                "type": "rich_text",
                "block_id": "SdIZ",
                "elements": [
                    {
                        "type": "rich_text_section",
                        "elements": [
                            {
                                "type": "text",
                                "text": "[HIRING A FREELANCE WRITER\/BLOG WRITER]",
                                "style": {
                                    "bold": true
                                }
                            },
                            {
                                "type": "text",
                                "text": "\nHello, Everyone!\n\nI'm the Founder of "
                            },
                            {
                                "type": "link",
                                "url": "https:\/\/studioqdesigns.ca\/",
                                "text": "Studio Q Designs"
                            },
                            {
                                "type": "text",
                                "text": " - a creative product design agency helping businesses grow "
                            },
                            {
                                "type": "emoji",
                                "name": "seedling"
                            },
                            {
                                "type": "text",
                                "text": "\n\nWe're looking to hire someone well-versed in the product design world to write blogs for us. Please reach out if you're interested - details are below! "
                            },
                            {
                                "type": "emoji",
                                "name": "relaxed"
                            },
                            {
                                "type": "text",
                                "text": "\n"
                            }
                        ]
                    },
                    {
                        "type": "rich_text_list",
                        "elements": [
                            {
                                "type": "rich_text_section",
                                "elements": [
                                    {
                                        "type": "text",
                                        "text": "2-4 articles a month"
                                    }
                                ]
                            },
                            {
                                "type": "rich_text_section",
                                "elements": [
                                    {
                                        "type": "text",
                                        "text": "1000-1500 words"
                                    }
                                ]
                            },
                            {
                                "type": "rich_text_section",
                                "elements": [
                                    {
                                        "type": "text",
                                        "text": "The contract starts ASAP and will start as 3 months (will be extended if going well)"
                                    }
                                ]
                            }
                        ],
                        "style": "bullet",
                        "indent": 0,
                        "border": 0
                    },
                    {
                        "type": "rich_text_section",
                        "elements": [
                            {
                                "type": "text",
                                "text": "\nComment below or DM me if you're interested!"
                            }
                        ]
                    }
                ]
            }
        ],
        "thread_ts": "1630082042.015500",
        "reply_count": 2,
        "reply_users_count": 2,
        "latest_reply": "1630399438.055900",
        "reply_users": [
            "U015B888266",
            "U02CRLX23J9"
        ],
        "replies": [
            {
                "user": "U015B888266",
                "ts": "1630323668.018400"
            },
            {
                "user": "U02CRLX23J9",
                "ts": "1630399438.055900"
            }
        ],
        "is_locked": false,
        "subscribed": false,
        "reactions": [
            {
                "name": "eyes",
                "users": [
                    "U02BVDHA5TJ",
                    "U01PXN2LGAK"
                ],
                "count": 2
            },
            {
                "name": "heart",
                "users": [
                    "U01K3VD3154",
                    "U015B888266"
                ],
                "count": 2
            },
            {
                "name": "white_check_mark",
                "users": [
                    "U0195U3C7QC"
                ],
                "count": 1
            }
        ]
    }
]