[
    {
        "client_msg_id": "50454f1b-bd11-47bd-bd5d-0b2d42d55bf4",
        "type": "message",
        "text": "Hi <@U02P9A0LY7R> I'm a Website designer and a developer:slightly_smiling_face:  kindly check your chat, thank you",
        "user": "U02CUM2LDAN",
        "ts": "1640761991.061000",
        "team": "TJE58GTJL",
        "user_team": "TJE58GTJL",
        "source_team": "TJE58GTJL",
        "user_profile": {
            "avatar_hash": "458609281ce7",
            "image_72": "https:\/\/avatars.slack-edge.com\/2021-09-17\/2505725073522_458609281ce79c30fb91_72.jpg",
            "first_name": "Faith",
            "real_name": "Faith Ekanem",
            "display_name": "Faith Ekanem",
            "team": "TJE58GTJL",
            "name": "faithbibok",
            "is_restricted": false,
            "is_ultra_restricted": false
        },
        "blocks": [
            {
                "type": "rich_text",
                "block_id": "w0F4",
                "elements": [
                    {
                        "type": "rich_text_section",
                        "elements": [
                            {
                                "type": "text",
                                "text": "Hi "
                            },
                            {
                                "type": "user",
                                "user_id": "U02P9A0LY7R"
                            },
                            {
                                "type": "text",
                                "text": " I'm a Website designer and a developer"
                            },
                            {
                                "type": "emoji",
                                "name": "slightly_smiling_face"
                            },
                            {
                                "type": "text",
                                "text": "  kindly check your chat, thank you"
                            }
                        ]
                    }
                ]
            }
        ],
        "thread_ts": "1640018087.004600",
        "parent_user_id": "U02P9A0LY7R"
    }
]