[
    {
        "client_msg_id": "471158A0-79EC-47B8-9A38-379268AEC984",
        "type": "message",
        "text": "Thank you so much <@U01K9FNB35E> ",
        "user": "U02280S1Q8P",
        "ts": "1628702527.056300",
        "team": "TJE58GTJL",
        "user_team": "TJE58GTJL",
        "source_team": "TJE58GTJL",
        "user_profile": {
            "avatar_hash": "3f05acff412b",
            "image_72": "https:\/\/avatars.slack-edge.com\/2021-05-21\/2114610753520_3f05acff412bb3199fea_72.jpg",
            "first_name": "Audrey",
            "real_name": "Audrey Agahan",
            "display_name": "Audrey Agahan",
            "team": "TJE58GTJL",
            "name": "audrey",
            "is_restricted": false,
            "is_ultra_restricted": false
        },
        "blocks": [
            {
                "type": "rich_text",
                "block_id": "gZp",
                "elements": [
                    {
                        "type": "rich_text_section",
                        "elements": [
                            {
                                "type": "text",
                                "text": "Thank you so much "
                            },
                            {
                                "type": "user",
                                "user_id": "U01K9FNB35E"
                            },
                            {
                                "type": "text",
                                "text": " "
                            }
                        ]
                    }
                ]
            }
        ],
        "thread_ts": "1628234183.036600",
        "parent_user_id": "U02280S1Q8P",
        "reactions": [
            {
                "name": "pray",
                "users": [
                    "U01K9FNB35E"
                ],
                "count": 1
            }
        ]
    }
]