[
    {
        "client_msg_id": "4db47226-0ca9-48f5-97c2-d41357f7078c",
        "type": "message",
        "text": "Following on from Brooklin's post: I'm also looking for a freelance writer to support me with client work! Ideally able to start immediately (after a paid trial writer test), and:\n\n• has experience writing non-beginner, advanced content\n• is comfortable with interviewing subject matter experts\n• is curious or interested in fintech or finance (does not have to be an expert!)\n• has bandwidth for ~3 articles per month, with a starting rate of $450\/article\n• is interested in learning about content strategy and how to turn content into $$$ for clients\nI've put more information and a Google Form to fill out here: <http:\/\/www.mintcopywritingstudios.com\/business-writing-role|Business Writing Role>\n\nThank you :tada:",
        "user": "U01MW6DPU72",
        "ts": "1636460785.109900",
        "team": "TJE58GTJL",
        "user_team": "TJE58GTJL",
        "source_team": "TJE58GTJL",
        "user_profile": {
            "avatar_hash": "g2ab21f412c3",
            "image_72": "https:\/\/secure.gravatar.com\/avatar\/2ab21f412c3215ee2b3c2994772c589e.jpg?s=72&d=https%3A%2F%2Fa.slack-edge.com%2Fdf10d%2Fimg%2Favatars%2Fava_0024-72.png",
            "first_name": "Araminta",
            "real_name": "Araminta Robertson",
            "display_name": "Araminta Robertson",
            "team": "TJE58GTJL",
            "name": "robertsona98",
            "is_restricted": false,
            "is_ultra_restricted": false
        },
        "blocks": [
            {
                "type": "rich_text",
                "block_id": "3HBN6",
                "elements": [
                    {
                        "type": "rich_text_section",
                        "elements": [
                            {
                                "type": "text",
                                "text": "Following on from Brooklin's post: I'm also looking for a freelance writer to support me with client work! Ideally able to start immediately (after a paid trial writer test), and:\n\n"
                            }
                        ]
                    },
                    {
                        "type": "rich_text_list",
                        "elements": [
                            {
                                "type": "rich_text_section",
                                "elements": [
                                    {
                                        "type": "text",
                                        "text": "has experience writing non-beginner, advanced content"
                                    }
                                ]
                            },
                            {
                                "type": "rich_text_section",
                                "elements": [
                                    {
                                        "type": "text",
                                        "text": "is comfortable with interviewing subject matter experts"
                                    }
                                ]
                            },
                            {
                                "type": "rich_text_section",
                                "elements": [
                                    {
                                        "type": "text",
                                        "text": "is curious or interested in fintech or finance (does not have to be an expert!)"
                                    }
                                ]
                            },
                            {
                                "type": "rich_text_section",
                                "elements": [
                                    {
                                        "type": "text",
                                        "text": "has bandwidth for ~3 articles per month, with a starting rate of $450\/article"
                                    }
                                ]
                            },
                            {
                                "type": "rich_text_section",
                                "elements": [
                                    {
                                        "type": "text",
                                        "text": "is interested in learning about content strategy and how to turn content into $$$ for clients"
                                    }
                                ]
                            }
                        ],
                        "style": "bullet",
                        "indent": 0,
                        "border": 0
                    },
                    {
                        "type": "rich_text_section",
                        "elements": [
                            {
                                "type": "text",
                                "text": "\nI've put more information and a Google Form to fill out here: "
                            },
                            {
                                "type": "link",
                                "url": "http:\/\/www.mintcopywritingstudios.com\/business-writing-role",
                                "text": "Business Writing Role"
                            },
                            {
                                "type": "text",
                                "text": "\n\nThank you "
                            },
                            {
                                "type": "emoji",
                                "name": "tada"
                            }
                        ]
                    }
                ]
            }
        ],
        "thread_ts": "1636460785.109900",
        "reply_count": 10,
        "reply_users_count": 6,
        "latest_reply": "1636536111.118500",
        "reply_users": [
            "U02F1GK6U6B",
            "U01MW6DPU72",
            "U02GXA3PWC9",
            "U02HD0L8HAP",
            "U02AUQ0KMGC",
            "U028D815JA0"
        ],
        "replies": [
            {
                "user": "U02F1GK6U6B",
                "ts": "1636465651.110200"
            },
            {
                "user": "U01MW6DPU72",
                "ts": "1636465692.110400"
            },
            {
                "user": "U02F1GK6U6B",
                "ts": "1636465732.110600"
            },
            {
                "user": "U02GXA3PWC9",
                "ts": "1636466180.110800"
            },
            {
                "user": "U02HD0L8HAP",
                "ts": "1636467333.111200"
            },
            {
                "user": "U01MW6DPU72",
                "ts": "1636467480.111600"
            },
            {
                "user": "U02AUQ0KMGC",
                "ts": "1636467611.111900"
            },
            {
                "user": "U028D815JA0",
                "ts": "1636468881.112300"
            },
            {
                "user": "U02AUQ0KMGC",
                "ts": "1636518432.118300"
            },
            {
                "user": "U01MW6DPU72",
                "ts": "1636536111.118500"
            }
        ],
        "is_locked": false,
        "subscribed": false,
        "reactions": [
            {
                "name": "+1",
                "users": [
                    "U02CUM2LDAN",
                    "U01J84U3SQ6",
                    "U020EL92NBZ",
                    "U02CVNB3X1T",
                    "U02KR8EC0TY",
                    "U02M8K09RS5",
                    "U028D815JA0"
                ],
                "count": 7
            },
            {
                "name": "fire",
                "users": [
                    "U01AHL8AGBB",
                    "U02CVNB3X1T",
                    "U014RK24F9D",
                    "UN227ML2H",
                    "U015XHF0RE0",
                    "UJJELJPNH",
                    "U01PXN2LGAK"
                ],
                "count": 7
            },
            {
                "name": "flag-ke",
                "users": [
                    "U013JCCN8JE"
                ],
                "count": 1
            }
        ]
    },
    {
        "client_msg_id": "7a7ca7cc-1788-4487-b172-f98ab40ae1bc",
        "type": "message",
        "text": "Is it okay to apply if I don't have finance related articles?",
        "user": "U02F1GK6U6B",
        "ts": "1636465651.110200",
        "team": "TJE58GTJL",
        "user_team": "TJE58GTJL",
        "source_team": "TJE58GTJL",
        "user_profile": {
            "avatar_hash": "b77d6f7d6c82",
            "image_72": "https:\/\/avatars.slack-edge.com\/2022-01-22\/3004677185921_b77d6f7d6c82fd929faa_72.jpg",
            "first_name": "Nneka",
            "real_name": "Nneka Otika",
            "display_name": "Nneka Otika",
            "team": "TJE58GTJL",
            "name": "nnekaotika",
            "is_restricted": false,
            "is_ultra_restricted": false
        },
        "blocks": [
            {
                "type": "rich_text",
                "block_id": "wNhf",
                "elements": [
                    {
                        "type": "rich_text_section",
                        "elements": [
                            {
                                "type": "text",
                                "text": "Is it okay to apply if I don't have finance related articles?"
                            }
                        ]
                    }
                ]
            }
        ],
        "thread_ts": "1636460785.109900",
        "parent_user_id": "U01MW6DPU72"
    },
    {
        "client_msg_id": "ec1aeb5b-6b42-47de-b1a0-ea08f88c612a",
        "type": "message",
        "text": "Yes for sure <@U02F1GK6U6B>! I care more about the writing than topical expertise :slightly_smiling_face:",
        "user": "U01MW6DPU72",
        "ts": "1636465692.110400",
        "team": "TJE58GTJL",
        "user_team": "TJE58GTJL",
        "source_team": "TJE58GTJL",
        "user_profile": {
            "avatar_hash": "g2ab21f412c3",
            "image_72": "https:\/\/secure.gravatar.com\/avatar\/2ab21f412c3215ee2b3c2994772c589e.jpg?s=72&d=https%3A%2F%2Fa.slack-edge.com%2Fdf10d%2Fimg%2Favatars%2Fava_0024-72.png",
            "first_name": "Araminta",
            "real_name": "Araminta Robertson",
            "display_name": "Araminta Robertson",
            "team": "TJE58GTJL",
            "name": "robertsona98",
            "is_restricted": false,
            "is_ultra_restricted": false
        },
        "blocks": [
            {
                "type": "rich_text",
                "block_id": "N81",
                "elements": [
                    {
                        "type": "rich_text_section",
                        "elements": [
                            {
                                "type": "text",
                                "text": "Yes for sure "
                            },
                            {
                                "type": "user",
                                "user_id": "U02F1GK6U6B"
                            },
                            {
                                "type": "text",
                                "text": "! I care more about the writing than topical expertise "
                            },
                            {
                                "type": "emoji",
                                "name": "slightly_smiling_face"
                            }
                        ]
                    }
                ]
            }
        ],
        "thread_ts": "1636460785.109900",
        "parent_user_id": "U01MW6DPU72"
    },
    {
        "client_msg_id": "e77a5892-cf31-41e6-868e-56a15544c1dd",
        "type": "message",
        "text": "Awesome. I'll send in an application. Thank you :slightly_smiling_face:",
        "user": "U02F1GK6U6B",
        "ts": "1636465732.110600",
        "team": "TJE58GTJL",
        "user_team": "TJE58GTJL",
        "source_team": "TJE58GTJL",
        "user_profile": {
            "avatar_hash": "b77d6f7d6c82",
            "image_72": "https:\/\/avatars.slack-edge.com\/2022-01-22\/3004677185921_b77d6f7d6c82fd929faa_72.jpg",
            "first_name": "Nneka",
            "real_name": "Nneka Otika",
            "display_name": "Nneka Otika",
            "team": "TJE58GTJL",
            "name": "nnekaotika",
            "is_restricted": false,
            "is_ultra_restricted": false
        },
        "blocks": [
            {
                "type": "rich_text",
                "block_id": "Q8FY",
                "elements": [
                    {
                        "type": "rich_text_section",
                        "elements": [
                            {
                                "type": "text",
                                "text": "Awesome. I'll send in an application. Thank you "
                            },
                            {
                                "type": "emoji",
                                "name": "slightly_smiling_face"
                            }
                        ]
                    }
                ]
            }
        ],
        "thread_ts": "1636460785.109900",
        "parent_user_id": "U01MW6DPU72"
    },
    {
        "client_msg_id": "e0aee93d-df9f-4319-bbca-07e977c85700",
        "type": "message",
        "text": "<@U01MW6DPU72> I'm going to go ahead and fill up the form :slightly_smiling_face:",
        "user": "U02GXA3PWC9",
        "ts": "1636466180.110800",
        "team": "TJE58GTJL",
        "user_team": "TJE58GTJL",
        "source_team": "TJE58GTJL",
        "user_profile": {
            "avatar_hash": "gca36795bbaf",
            "image_72": "https:\/\/secure.gravatar.com\/avatar\/ca36795bbaf611c10c7c84cb8ce71f5b.jpg?s=72&d=https%3A%2F%2Fa.slack-edge.com%2Fdf10d%2Fimg%2Favatars%2Fava_0014-72.png",
            "first_name": "Arjun",
            "real_name": "Arjun",
            "display_name": "Arjun",
            "team": "TJE58GTJL",
            "name": "ruparelia.arjun",
            "is_restricted": false,
            "is_ultra_restricted": false
        },
        "blocks": [
            {
                "type": "rich_text",
                "block_id": "=H+",
                "elements": [
                    {
                        "type": "rich_text_section",
                        "elements": [
                            {
                                "type": "user",
                                "user_id": "U01MW6DPU72"
                            },
                            {
                                "type": "text",
                                "text": " I'm going to go ahead and fill up the form "
                            },
                            {
                                "type": "emoji",
                                "name": "slightly_smiling_face"
                            }
                        ]
                    }
                ]
            }
        ],
        "thread_ts": "1636460785.109900",
        "parent_user_id": "U01MW6DPU72",
        "reactions": [
            {
                "name": "heart",
                "users": [
                    "U01MW6DPU72"
                ],
                "count": 1
            }
        ]
    },
    {
        "client_msg_id": "211f49a1-08f6-4aae-a3dc-0c7dd34903c4",
        "type": "message",
        "text": "<@U01MW6DPU72> working with you is like a dream to me. Have been reading your newsletters and blogs. I am not missing this chance at all :innocent::partying_face:",
        "user": "U02HD0L8HAP",
        "ts": "1636467333.111200",
        "team": "TJE58GTJL",
        "user_team": "TJE58GTJL",
        "source_team": "TJE58GTJL",
        "user_profile": {
            "avatar_hash": "675c42a91f65",
            "image_72": "https:\/\/avatars.slack-edge.com\/2022-01-10\/2928364816754_675c42a91f6571f4ac6b_72.jpg",
            "first_name": "Aanchal",
            "real_name": "Aanchal Parmar",
            "display_name": "Aanchal Parmar",
            "team": "TJE58GTJL",
            "name": "aanywrites",
            "is_restricted": false,
            "is_ultra_restricted": false
        },
        "edited": {
            "user": "U02HD0L8HAP",
            "ts": "1636467346.000000"
        },
        "blocks": [
            {
                "type": "rich_text",
                "block_id": "v79",
                "elements": [
                    {
                        "type": "rich_text_section",
                        "elements": [
                            {
                                "type": "user",
                                "user_id": "U01MW6DPU72"
                            },
                            {
                                "type": "text",
                                "text": " working with you is like a dream to me. Have been reading your newsletters and blogs. I am not missing this chance at all "
                            },
                            {
                                "type": "emoji",
                                "name": "innocent"
                            },
                            {
                                "type": "emoji",
                                "name": "partying_face"
                            }
                        ]
                    }
                ]
            }
        ],
        "thread_ts": "1636460785.109900",
        "parent_user_id": "U01MW6DPU72",
        "reactions": [
            {
                "name": "heart",
                "users": [
                    "U01MW6DPU72"
                ],
                "count": 1
            }
        ]
    },
    {
        "client_msg_id": "b8c079dd-a0c2-4ecd-88a3-f804669eebd9",
        "type": "message",
        "text": "That's so kind of you <@U02HD0L8HAP>! I look forward to reading your portfolio pieces!",
        "user": "U01MW6DPU72",
        "ts": "1636467480.111600",
        "team": "TJE58GTJL",
        "user_team": "TJE58GTJL",
        "source_team": "TJE58GTJL",
        "user_profile": {
            "avatar_hash": "g2ab21f412c3",
            "image_72": "https:\/\/secure.gravatar.com\/avatar\/2ab21f412c3215ee2b3c2994772c589e.jpg?s=72&d=https%3A%2F%2Fa.slack-edge.com%2Fdf10d%2Fimg%2Favatars%2Fava_0024-72.png",
            "first_name": "Araminta",
            "real_name": "Araminta Robertson",
            "display_name": "Araminta Robertson",
            "team": "TJE58GTJL",
            "name": "robertsona98",
            "is_restricted": false,
            "is_ultra_restricted": false
        },
        "blocks": [
            {
                "type": "rich_text",
                "block_id": "Edi",
                "elements": [
                    {
                        "type": "rich_text_section",
                        "elements": [
                            {
                                "type": "text",
                                "text": "That's so kind of you "
                            },
                            {
                                "type": "user",
                                "user_id": "U02HD0L8HAP"
                            },
                            {
                                "type": "text",
                                "text": "! I look forward to reading your portfolio pieces!"
                            }
                        ]
                    }
                ]
            }
        ],
        "thread_ts": "1636460785.109900",
        "parent_user_id": "U01MW6DPU72",
        "reactions": [
            {
                "name": "partyparrot",
                "users": [
                    "U02HD0L8HAP"
                ],
                "count": 1
            }
        ]
    },
    {
        "client_msg_id": "1a9470f0-2223-49de-aa90-2c53d905bf71",
        "type": "message",
        "text": "I'm applying!",
        "user": "U02AUQ0KMGC",
        "ts": "1636467611.111900",
        "team": "TJE58GTJL",
        "user_team": "TJE58GTJL",
        "source_team": "TJE58GTJL",
        "user_profile": {
            "avatar_hash": "3e360cf5635d",
            "image_72": "https:\/\/avatars.slack-edge.com\/2021-08-18\/2386614445190_3e360cf5635de24d8bd7_72.jpg",
            "first_name": "Priyanshu",
            "real_name": "Priyanshu Chhazed",
            "display_name": "Priyanshu Chhazed",
            "team": "TJE58GTJL",
            "name": "chhazedpriyanshu",
            "is_restricted": false,
            "is_ultra_restricted": false
        },
        "blocks": [
            {
                "type": "rich_text",
                "block_id": "8QT5",
                "elements": [
                    {
                        "type": "rich_text_section",
                        "elements": [
                            {
                                "type": "text",
                                "text": "I'm applying!"
                            }
                        ]
                    }
                ]
            }
        ],
        "thread_ts": "1636460785.109900",
        "parent_user_id": "U01MW6DPU72",
        "reactions": [
            {
                "name": "heart",
                "users": [
                    "U01MW6DPU72"
                ],
                "count": 1
            }
        ]
    },
    {
        "client_msg_id": "dabf3192-694a-461a-ad3c-c8cc82f2d710",
        "type": "message",
        "text": "I'm applying too!",
        "user": "U028D815JA0",
        "ts": "1636468881.112300",
        "team": "TJE58GTJL",
        "user_team": "TJE58GTJL",
        "source_team": "TJE58GTJL",
        "user_profile": {
            "avatar_hash": "7e2cf488ec83",
            "image_72": "https:\/\/avatars.slack-edge.com\/2021-11-09\/2701205349650_7e2cf488ec8355d9ecca_72.jpg",
            "first_name": "althea",
            "real_name": "althea storm",
            "display_name": "althea storm",
            "team": "TJE58GTJL",
            "name": "altheanymphcstorm",
            "is_restricted": false,
            "is_ultra_restricted": false
        },
        "blocks": [
            {
                "type": "rich_text",
                "block_id": "BOkFO",
                "elements": [
                    {
                        "type": "rich_text_section",
                        "elements": [
                            {
                                "type": "text",
                                "text": "I'm applying too!"
                            }
                        ]
                    }
                ]
            }
        ],
        "thread_ts": "1636460785.109900",
        "parent_user_id": "U01MW6DPU72",
        "reactions": [
            {
                "name": "heart",
                "users": [
                    "U01MW6DPU72"
                ],
                "count": 1
            }
        ]
    },
    {
        "client_msg_id": "4c309177-e96b-445e-9ba5-47b91126615d",
        "type": "message",
        "text": "Hey Claire, are you still looking for help? :wave:",
        "user": "U01DEA6F7CH",
        "ts": "1636469828.113100",
        "team": "TJE58GTJL",
        "user_team": "TJE58GTJL",
        "source_team": "TJE58GTJL",
        "user_profile": {
            "avatar_hash": "70a1b3d3ea49",
            "image_72": "https:\/\/avatars.slack-edge.com\/2020-10-22\/1443614799301_70a1b3d3ea49adc43894_72.jpg",
            "first_name": "Lee",
            "real_name": "Lee Price",
            "display_name": "Lee Price",
            "team": "TJE58GTJL",
            "name": "lee792",
            "is_restricted": false,
            "is_ultra_restricted": false
        },
        "blocks": [
            {
                "type": "rich_text",
                "block_id": "G7fX",
                "elements": [
                    {
                        "type": "rich_text_section",
                        "elements": [
                            {
                                "type": "text",
                                "text": "Hey Claire, are you still looking for help? "
                            },
                            {
                                "type": "emoji",
                                "name": "wave"
                            }
                        ]
                    }
                ]
            }
        ],
        "thread_ts": "1635198936.018700",
        "parent_user_id": "U02H3K9BEMA"
    },
    {
        "client_msg_id": "4e9cb107-56a1-42b6-84c9-05184de0fb57",
        "type": "message",
        "text": "Sort of a promo referral, not my business:\n\nHere’s a legal kit course for entrepreneurs\/freelancers from Framework, a law firm in LA. Enrollment closes Nov 12.\n\nI hired Grant Atkinson to help me iron out some contracts from my freelance days, referred from a friend. He’s a great, no-bullshit attorney. Just got this in my email and thought it might be helpful to someone here. I will not benefit from this promotion =D\n\n<https:\/\/www.frameworklegalkit.com\/>",
        "user": "U011QQDDSJV",
        "ts": "1636489026.117600",
        "team": "TJE58GTJL",
        "user_team": "TJE58GTJL",
        "source_team": "TJE58GTJL",
        "user_profile": {
            "avatar_hash": "26f290c29155",
            "image_72": "https:\/\/avatars.slack-edge.com\/2020-04-08\/1046081228023_26f290c2915541368412_72.png",
            "first_name": "Nikolas",
            "real_name": "Nikolas Wright",
            "display_name": "Nik",
            "team": "TJE58GTJL",
            "name": "wright.nikolas",
            "is_restricted": false,
            "is_ultra_restricted": false
        },
        "blocks": [
            {
                "type": "rich_text",
                "block_id": "GGgA",
                "elements": [
                    {
                        "type": "rich_text_section",
                        "elements": [
                            {
                                "type": "text",
                                "text": "Sort of a promo referral, not my business:\n\nHere’s a legal kit course for entrepreneurs\/freelancers from Framework, a law firm in LA. Enrollment closes Nov 12.\n\nI hired Grant Atkinson to help me iron out some contracts from my freelance days, referred from a friend. He’s a great, no-bullshit attorney. Just got this in my email and thought it might be helpful to someone here. I will not benefit from this promotion =D\n\n"
                            },
                            {
                                "type": "link",
                                "url": "https:\/\/www.frameworklegalkit.com\/"
                            }
                        ]
                    }
                ]
            }
        ],
        "reactions": [
            {
                "name": "raised_hands",
                "users": [
                    "U01TPUG6YE5"
                ],
                "count": 1
            }
        ]
    },
    {
        "client_msg_id": "ab680378-7a57-4213-9247-d68091c5b445",
        "type": "message",
        "text": "<@U01MW6DPU72> If the application is successful, is there a time frame within which we should expect a response?",
        "user": "U02AUQ0KMGC",
        "ts": "1636518432.118300",
        "team": "TJE58GTJL",
        "user_team": "TJE58GTJL",
        "source_team": "TJE58GTJL",
        "user_profile": {
            "avatar_hash": "3e360cf5635d",
            "image_72": "https:\/\/avatars.slack-edge.com\/2021-08-18\/2386614445190_3e360cf5635de24d8bd7_72.jpg",
            "first_name": "Priyanshu",
            "real_name": "Priyanshu Chhazed",
            "display_name": "Priyanshu Chhazed",
            "team": "TJE58GTJL",
            "name": "chhazedpriyanshu",
            "is_restricted": false,
            "is_ultra_restricted": false
        },
        "blocks": [
            {
                "type": "rich_text",
                "block_id": "l4Rd",
                "elements": [
                    {
                        "type": "rich_text_section",
                        "elements": [
                            {
                                "type": "user",
                                "user_id": "U01MW6DPU72"
                            },
                            {
                                "type": "text",
                                "text": " If the application is successful, is there a time frame within which we should expect a response?"
                            }
                        ]
                    }
                ]
            }
        ],
        "thread_ts": "1636460785.109900",
        "parent_user_id": "U01MW6DPU72"
    }
]