[
    {
        "client_msg_id": "4C454FD2-3375-4B7D-86C8-98562D0F56B8",
        "type": "message",
        "text": "By the project. Hourly puts the wrong focus on your work and value. ",
        "user": "U01D0FSPDV4",
        "ts": "1621425509.012000",
        "team": "TJE58GTJL",
        "user_team": "TJE58GTJL",
        "source_team": "TJE58GTJL",
        "user_profile": {
            "avatar_hash": "a2400926b5ee",
            "image_72": "https:\/\/avatars.slack-edge.com\/2021-06-06\/2126742030231_a2400926b5eeb1080f62_72.png",
            "first_name": "Kirsten",
            "real_name": "Kirsten Lamb",
            "display_name": "Kirsten Lamb",
            "team": "TJE58GTJL",
            "name": "kirsten",
            "is_restricted": false,
            "is_ultra_restricted": false
        },
        "blocks": [
            {
                "type": "rich_text",
                "block_id": "YPZ\/K",
                "elements": [
                    {
                        "type": "rich_text_section",
                        "elements": [
                            {
                                "type": "text",
                                "text": "By the project. Hourly puts the wrong focus on your work and value. "
                            }
                        ]
                    }
                ]
            }
        ],
        "thread_ts": "1621352256.004700",
        "parent_user_id": "U01KH3P18RZ"
    },
    {
        "client_msg_id": "e7397c2c-b6c0-4f8f-866e-cadc6c11f77d",
        "type": "message",
        "text": "Ideally, I end up in monthly retainers for a flat rate that includes a set amount of deliverables (e.g. 2 blog posts around 1,500 words). But to get there I usually have to do a few test pieces that are individually quoted.",
        "user": "U022P474MC1",
        "ts": "1621432560.012600",
        "team": "TJE58GTJL",
        "user_team": "TJE58GTJL",
        "source_team": "TJE58GTJL",
        "user_profile": {
            "avatar_hash": "c1788e27ca6f",
            "image_72": "https:\/\/avatars.slack-edge.com\/2021-05-18\/2091575222257_c1788e27ca6fd57a877a_72.png",
            "first_name": "Olivia",
            "real_name": "Olivia Barrow",
            "display_name": "Olivia Barrow (she\/her)",
            "team": "TJE58GTJL",
            "name": "obarrow12",
            "is_restricted": false,
            "is_ultra_restricted": false
        },
        "blocks": [
            {
                "type": "rich_text",
                "block_id": "MSnXe",
                "elements": [
                    {
                        "type": "rich_text_section",
                        "elements": [
                            {
                                "type": "text",
                                "text": "Ideally, I end up in monthly retainers for a flat rate that includes a set amount of deliverables (e.g. 2 blog posts around 1,500 words). But to get there I usually have to do a few test pieces that are individually quoted."
                            }
                        ]
                    }
                ]
            }
        ],
        "thread_ts": "1621352256.004700",
        "parent_user_id": "U01KH3P18RZ",
        "reactions": [
            {
                "name": "white_check_mark",
                "users": [
                    "U01AHL8AGBB",
                    "UUKNLUX5X"
                ],
                "count": 2
            }
        ]
    },
    {
        "client_msg_id": "a0d509a3-8486-46ee-99c9-da5f9f9fef73",
        "type": "message",
        "text": "By the hour, but trying to move away from it. I've figured it out for articles, but more strategy\/marketing consultancy work, it's still hard for me to estimate. Ughh",
        "user": "URL9Z88MR",
        "ts": "1621434410.013000",
        "team": "TJE58GTJL",
        "user_team": "TJE58GTJL",
        "source_team": "TJE58GTJL",
        "user_profile": {
            "avatar_hash": "b378849a08c9",
            "image_72": "https:\/\/avatars.slack-edge.com\/2022-04-19\/3421516666961_b378849a08c9e1d4c33a_72.jpg",
            "first_name": "t1",
            "real_name": "t1",
            "display_name": "t1",
            "team": "TJE58GTJL",
            "name": "delfinahoxha",
            "is_restricted": false,
            "is_ultra_restricted": false
        },
        "blocks": [
            {
                "type": "rich_text",
                "block_id": "YjIW",
                "elements": [
                    {
                        "type": "rich_text_section",
                        "elements": [
                            {
                                "type": "text",
                                "text": "By the hour, but trying to move away from it. I've figured it out for articles, but more strategy\/marketing consultancy work, it's still hard for me to estimate. Ughh"
                            }
                        ]
                    }
                ]
            }
        ],
        "thread_ts": "1621352256.004700",
        "parent_user_id": "U01KH3P18RZ"
    },
    {
        "client_msg_id": "8a344cfc-d7d8-4ca0-ba56-fc8c34b01bca",
        "type": "message",
        "text": "Monthly retainers with flat rate",
        "user": "U01SFTTQ483",
        "ts": "1621437782.013200",
        "team": "TJE58GTJL",
        "user_team": "TJE58GTJL",
        "source_team": "TJE58GTJL",
        "user_profile": {
            "avatar_hash": "bffef5138cc6",
            "image_72": "https:\/\/avatars.slack-edge.com\/2021-03-25\/1893741270550_bffef5138cc63fcea5b0_72.png",
            "first_name": "Shawn",
            "real_name": "Shawn Ragell",
            "display_name": "Shawn Ragell",
            "team": "TJE58GTJL",
            "name": "shawn.ragell",
            "is_restricted": false,
            "is_ultra_restricted": false
        },
        "blocks": [
            {
                "type": "rich_text",
                "block_id": "W3W",
                "elements": [
                    {
                        "type": "rich_text_section",
                        "elements": [
                            {
                                "type": "text",
                                "text": "Monthly retainers with flat rate"
                            }
                        ]
                    }
                ]
            }
        ],
        "thread_ts": "1621352256.004700",
        "parent_user_id": "U01KH3P18RZ"
    },
    {
        "client_msg_id": "A12A8932-074C-4CE8-936C-95F6AF906637",
        "type": "message",
        "text": "Flat rate\/project based whenever possible, but I do hourly for some clients on a short-term basis (like filling in while they hire a full-time writer. ",
        "user": "U0211K6LSM9",
        "ts": "1621451823.015900",
        "team": "TJE58GTJL",
        "user_team": "TJE58GTJL",
        "source_team": "TJE58GTJL",
        "user_profile": {
            "avatar_hash": "17a67a2d4c3f",
            "image_72": "https:\/\/avatars.slack-edge.com\/2021-05-11\/2047708214598_17a67a2d4c3f41527a1b_72.jpg",
            "first_name": "Sara",
            "real_name": "Sara Gates",
            "display_name": "Sara Gates",
            "team": "TJE58GTJL",
            "name": "sara858",
            "is_restricted": false,
            "is_ultra_restricted": false
        },
        "blocks": [
            {
                "type": "rich_text",
                "block_id": "45NV",
                "elements": [
                    {
                        "type": "rich_text_section",
                        "elements": [
                            {
                                "type": "text",
                                "text": "Flat rate\/project based whenever possible, but I do hourly for some clients on a short-term basis (like filling in while they hire a full-time writer. "
                            }
                        ]
                    }
                ]
            }
        ],
        "thread_ts": "1621352256.004700",
        "parent_user_id": "U01KH3P18RZ"
    }
]