[
    {
        "client_msg_id": "850b1e76-645f-4730-863f-17db0d8f37a3",
        "type": "message",
        "text": "Hi Aimee,\n\nIs this opportunity still open?",
        "user": "U02CMCS8KH9",
        "ts": "1640606440.056800",
        "team": "TJE58GTJL",
        "user_team": "TJE58GTJL",
        "source_team": "TJE58GTJL",
        "user_profile": {
            "avatar_hash": "4b067ff0cbbd",
            "image_72": "https:\/\/avatars.slack-edge.com\/2021-08-31\/2437685811699_4b067ff0cbbd104ec008_72.jpg",
            "first_name": "Riddhima",
            "real_name": "Riddhima Mathur",
            "display_name": "mortalbee",
            "team": "TJE58GTJL",
            "name": "mathurriddhima1993",
            "is_restricted": false,
            "is_ultra_restricted": false
        },
        "blocks": [
            {
                "type": "rich_text",
                "block_id": "xEC",
                "elements": [
                    {
                        "type": "rich_text_section",
                        "elements": [
                            {
                                "type": "text",
                                "text": "Hi Aimee,\n\nIs this opportunity still open?"
                            }
                        ]
                    }
                ]
            }
        ],
        "thread_ts": "1637680922.236800",
        "parent_user_id": "UUVS5UX0D"
    },
    {
        "client_msg_id": "ae2b8e37-5233-4911-a397-044d0da14bac",
        "type": "message",
        "text": "Hey, folks.\nIs anyone looking for a freelancer? I would love to explore more and gain new experiences in SEO and Paid Media.",
        "user": "U02LW0LK0R0",
        "ts": "1640615046.057900",
        "team": "TJE58GTJL",
        "user_team": "TJE58GTJL",
        "source_team": "TJE58GTJL",
        "user_profile": {
            "avatar_hash": "gde21420f014",
            "image_72": "https:\/\/secure.gravatar.com\/avatar\/de21420f014d169d3b3fe0bab3e69594.jpg?s=72&d=https%3A%2F%2Fa.slack-edge.com%2Fdf10d%2Fimg%2Favatars%2Fava_0011-72.png",
            "first_name": "Akash",
            "real_name": "Akash",
            "display_name": "Akash",
            "team": "TJE58GTJL",
            "name": "mittalakash177",
            "is_restricted": false,
            "is_ultra_restricted": false
        },
        "edited": {
            "user": "U02LW0LK0R0",
            "ts": "1640619984.000000"
        },
        "blocks": [
            {
                "type": "rich_text",
                "block_id": "owF",
                "elements": [
                    {
                        "type": "rich_text_section",
                        "elements": [
                            {
                                "type": "text",
                                "text": "Hey, folks.\nIs anyone looking for a freelancer? I would love to explore more and gain new experiences in SEO and Paid Media."
                            }
                        ]
                    }
                ]
            }
        ]
    },
    {
        "client_msg_id": "3b9b8d05-3c82-4fc0-9d83-78e534594290",
        "type": "message",
        "text": "_Freelance Opportunity_\n \nHello Everyone - LoanBase is looking for a freelance email marketing specialist. \n\nWe are looking for someone with experience writing email content for drip campaigns, newsletters, and social media outreach. Knowledge of the commercial lending space is preferred but not required. \n\n_*About us:*_ \n\nWe are bringing modern-day technology to the old-school market of commercial real estate financing. We operate in most US states and territories with our base in California. \n\nFor more information, please visit our website <https:\/\/www.loanbase.com> and send your resume\/cv to Ben Vigil, <mailto:ben@loanbase.com|ben@loanbase.com>.\n\n\nThank you, \n\nBen Vigil",
        "user": "U02RR0FS08K",
        "ts": "1640634761.059200",
        "team": "TJE58GTJL",
        "user_team": "TJE58GTJL",
        "source_team": "TJE58GTJL",
        "user_profile": {
            "avatar_hash": "g3105de16f1a",
            "image_72": "https:\/\/secure.gravatar.com\/avatar\/3105de16f1a9a7a06e93a23800245a7e.jpg?s=72&d=https%3A%2F%2Fa.slack-edge.com%2Fdf10d%2Fimg%2Favatars%2Fava_0014-72.png",
            "first_name": "Ben",
            "real_name": "Ben Vigil",
            "display_name": "Ben Vigil",
            "team": "TJE58GTJL",
            "name": "ben976",
            "is_restricted": false,
            "is_ultra_restricted": false
        },
        "attachments": [
            {
                "from_url": "https:\/\/www.loanbase.com\/",
                "image_url": "https:\/\/www.loanbase.com\/wp-content\/uploads\/2020\/11\/wp-logo-1.png",
                "image_width": 250,
                "image_height": 250,
                "image_bytes": 110935,
                "service_icon": "https:\/\/www.loanbase.com\/wp-content\/uploads\/2020\/11\/cropped-wp-logo-1-180x180.png",
                "id": 1,
                "original_url": "https:\/\/www.loanbase.com",
                "fallback": "LoanBase",
                "text": "LoanBase is a real-time platform for commercial mortgages, connecting borrowers and brokers with hundreds of lenders.",
                "title": "LoanBase",
                "title_link": "https:\/\/www.loanbase.com\/",
                "service_name": "loanbase.com",
                "fields": [
                    {
                        "value": "20 minutes",
                        "title": "Est. reading time",
                        "short": true
                    }
                ]
            }
        ],
        "blocks": [
            {
                "type": "rich_text",
                "block_id": "umT",
                "elements": [
                    {
                        "type": "rich_text_section",
                        "elements": [
                            {
                                "type": "text",
                                "text": "Freelance Opportunity",
                                "style": {
                                    "italic": true
                                }
                            },
                            {
                                "type": "text",
                                "text": "\n \nHello Everyone - LoanBase is looking for a freelance email marketing specialist. \n\nWe are looking for someone with experience writing email content for drip campaigns, newsletters, and social media outreach. Knowledge of the commercial lending space is preferred but not required. \n\n"
                            },
                            {
                                "type": "text",
                                "text": "About us: ",
                                "style": {
                                    "bold": true,
                                    "italic": true
                                }
                            },
                            {
                                "type": "text",
                                "text": "\n\nWe are bringing modern-day technology to the old-school market of commercial real estate financing. We operate in most US states and territories with our base in California. \n\nFor more information, please visit our website "
                            },
                            {
                                "type": "link",
                                "url": "https:\/\/www.loanbase.com"
                            },
                            {
                                "type": "text",
                                "text": " and send your resume\/cv to Ben Vigil, "
                            },
                            {
                                "type": "link",
                                "url": "mailto:ben@loanbase.com",
                                "text": "ben@loanbase.com"
                            },
                            {
                                "type": "text",
                                "text": ".\n\n\nThank you, \n\nBen Vigil"
                            }
                        ]
                    }
                ]
            }
        ],
        "thread_ts": "1640634761.059200",
        "reply_count": 1,
        "reply_users_count": 1,
        "latest_reply": "1640674509.060300",
        "reply_users": [
            "U02BZFW4K54"
        ],
        "replies": [
            {
                "user": "U02BZFW4K54",
                "ts": "1640674509.060300"
            }
        ],
        "is_locked": false,
        "subscribed": false,
        "reactions": [
            {
                "name": "partyparrot",
                "users": [
                    "UJG9WTEKG",
                    "U02CMCS8KH9",
                    "U01PXN2LGAK",
                    "U02GMMQ281W"
                ],
                "count": 4
            }
        ]
    },
    {
        "client_msg_id": "B3D2578B-6D53-4A99-AB08-CBF47430840D",
        "type": "message",
        "text": "Hi <@U02RR0FS08K>,\nI just sent you an email. \nCheers. ",
        "user": "U02BZFW4K54",
        "ts": "1640674509.060300",
        "team": "TJE58GTJL",
        "user_team": "TJE58GTJL",
        "source_team": "TJE58GTJL",
        "user_profile": {
            "avatar_hash": "ee0c1ace7d6e",
            "image_72": "https:\/\/avatars.slack-edge.com\/2021-12-28\/2900024081985_ee0c1ace7d6e5bfdaa3e_72.png",
            "first_name": "Ejike",
            "real_name": "Ejike Okeke",
            "display_name": "ejike",
            "team": "TJE58GTJL",
            "name": "cornejike99",
            "is_restricted": false,
            "is_ultra_restricted": false
        },
        "blocks": [
            {
                "type": "rich_text",
                "block_id": "=Lcj",
                "elements": [
                    {
                        "type": "rich_text_section",
                        "elements": [
                            {
                                "type": "text",
                                "text": "Hi "
                            },
                            {
                                "type": "user",
                                "user_id": "U02RR0FS08K"
                            },
                            {
                                "type": "text",
                                "text": ",\nI just sent you an email. \nCheers. "
                            }
                        ]
                    }
                ]
            }
        ],
        "thread_ts": "1640634761.059200",
        "parent_user_id": "U02RR0FS08K"
    }
]