[
    {
        "client_msg_id": "af1cd951-e613-48c6-85b7-733019ec7a15",
        "type": "message",
        "text": "I'm looking for a SaaS startup a *B2B Cold Email Specialist*. (Linkedin also nice). I would like to connect with someone who can guide us and even take care of part of the execution. We've done this in the past, so we know how the process looks like and there is team behind to support the initiaties. If possible I would like someone who can start working on this in the next upcoming days. DM me Thanks!",
        "user": "U02ANC48U7N",
        "ts": "1634721389.420200",
        "team": "TJE58GTJL",
        "user_team": "TJE58GTJL",
        "source_team": "TJE58GTJL",
        "user_profile": {
            "avatar_hash": "g8484363760f",
            "image_72": "https:\/\/secure.gravatar.com\/avatar\/8484363760f85279dadd8394e34a86e3.jpg?s=72&d=https%3A%2F%2Fa.slack-edge.com%2Fdf10d%2Fimg%2Favatars%2Fava_0020-72.png",
            "first_name": "Mariano",
            "real_name": "Mariano Martene",
            "display_name": "Mariano Martene",
            "team": "TJE58GTJL",
            "name": "mariano",
            "is_restricted": false,
            "is_ultra_restricted": false
        },
        "blocks": [
            {
                "type": "rich_text",
                "block_id": "rIyO",
                "elements": [
                    {
                        "type": "rich_text_section",
                        "elements": [
                            {
                                "type": "text",
                                "text": "I'm looking for a SaaS startup a "
                            },
                            {
                                "type": "text",
                                "text": "B2B Cold Email Specialist",
                                "style": {
                                    "bold": true
                                }
                            },
                            {
                                "type": "text",
                                "text": ". (Linkedin also nice). I would like to connect with someone who can guide us and even take care of part of the execution. We've done this in the past, so we know how the process looks like and there is team behind to support the initiaties. If possible I would like someone who can start working on this in the next upcoming days. DM me Thanks!"
                            }
                        ]
                    }
                ]
            }
        ]
    },
    {
        "client_msg_id": "fabe6727-5613-4ddf-8220-90649b123d23",
        "type": "message",
        "text": "Hey folks - I’m looking for a *B2B copyeditor with familiarity with the data space*. We have a _ton_ of content from our community and staff (champagne problem) and I’m looking to partner with someone that can help me do QA on what goes live on our site, and is looking for a longer-term contract engagement. If this sounds like you, shoot me a DM :blush:",
        "user": "U02625MJG3W",
        "ts": "1634756304.424500",
        "team": "TJE58GTJL",
        "user_team": "TJE58GTJL",
        "source_team": "TJE58GTJL",
        "user_profile": {
            "avatar_hash": "eb63dbb8c37a",
            "image_72": "https:\/\/avatars.slack-edge.com\/2021-06-23\/2197164176230_eb63dbb8c37a7c141608_72.png",
            "first_name": "Allie",
            "real_name": "Allie Dyer Bluemel",
            "display_name": "Allie",
            "team": "TJE58GTJL",
            "name": "allie202",
            "is_restricted": false,
            "is_ultra_restricted": false
        },
        "blocks": [
            {
                "type": "rich_text",
                "block_id": "2ht",
                "elements": [
                    {
                        "type": "rich_text_section",
                        "elements": [
                            {
                                "type": "text",
                                "text": "Hey folks - I’m looking for a "
                            },
                            {
                                "type": "text",
                                "text": "B2B copyeditor with familiarity with the data space",
                                "style": {
                                    "bold": true
                                }
                            },
                            {
                                "type": "text",
                                "text": ". We have a "
                            },
                            {
                                "type": "text",
                                "text": "ton ",
                                "style": {
                                    "italic": true
                                }
                            },
                            {
                                "type": "text",
                                "text": "of content from our community and staff (champagne problem) and I’m looking to partner with someone that can help me do QA on what goes live on our site, and is looking for a longer-term contract engagement. If this sounds like you, shoot me a DM "
                            },
                            {
                                "type": "emoji",
                                "name": "blush"
                            }
                        ]
                    }
                ]
            }
        ],
        "thread_ts": "1634756304.424500",
        "reply_count": 4,
        "reply_users_count": 4,
        "latest_reply": "1635515638.053900",
        "reply_users": [
            "U027KKWUY12",
            "U02GJN3BYCB",
            "U02CMV0AHAS",
            "U029CTQ5X6Y"
        ],
        "replies": [
            {
                "user": "U027KKWUY12",
                "ts": "1634761397.425000"
            },
            {
                "user": "U02GJN3BYCB",
                "ts": "1634880793.002300"
            },
            {
                "user": "U02CMV0AHAS",
                "ts": "1634910655.002500"
            },
            {
                "user": "U029CTQ5X6Y",
                "ts": "1635515638.053900"
            }
        ],
        "is_locked": false,
        "subscribed": false,
        "reactions": [
            {
                "name": "eyes",
                "users": [
                    "UN227ML2H"
                ],
                "count": 1
            },
            {
                "name": "slightly_smiling_face",
                "users": [
                    "U02J9BF2E2J"
                ],
                "count": 1
            }
        ]
    },
    {
        "client_msg_id": "20BAC23E-FA29-49CD-9F33-0B408DD9D4E4",
        "type": "message",
        "text": "Kindly check your dm",
        "user": "U027KKWUY12",
        "ts": "1634761397.425000",
        "team": "TJE58GTJL",
        "user_team": "TJE58GTJL",
        "source_team": "TJE58GTJL",
        "user_profile": {
            "avatar_hash": "f2176ca29ce5",
            "image_72": "https:\/\/avatars.slack-edge.com\/2021-07-14\/2268394227302_f2176ca29ce5a159a5bb_72.png",
            "first_name": "Lapite",
            "real_name": "Lapite Olamide",
            "display_name": "Olamide",
            "team": "TJE58GTJL",
            "name": "lapite3",
            "is_restricted": false,
            "is_ultra_restricted": false
        },
        "blocks": [
            {
                "type": "rich_text",
                "block_id": "DN5",
                "elements": [
                    {
                        "type": "rich_text_section",
                        "elements": [
                            {
                                "type": "text",
                                "text": "Kindly check your dm"
                            }
                        ]
                    }
                ]
            }
        ],
        "thread_ts": "1634756304.424500",
        "parent_user_id": "U02625MJG3W"
    }
]