[
    {
        "client_msg_id": "2078a702-b1c1-44fc-8f77-7f5a16833af6",
        "type": "message",
        "text": "+1 for Wise",
        "user": "U017WRJTKF1",
        "ts": "1631780232.203600",
        "team": "TJE58GTJL",
        "user_team": "TJE58GTJL",
        "source_team": "TJE58GTJL",
        "user_profile": {
            "avatar_hash": "5becbba1453b",
            "image_72": "https:\/\/avatars.slack-edge.com\/2021-08-19\/2398013799555_5becbba1453b45394896_72.jpg",
            "first_name": "fio",
            "real_name": "fio",
            "display_name": "fio",
            "team": "TJE58GTJL",
            "name": "fio",
            "is_restricted": false,
            "is_ultra_restricted": false
        },
        "blocks": [
            {
                "type": "rich_text",
                "block_id": "CxKug",
                "elements": [
                    {
                        "type": "rich_text_section",
                        "elements": [
                            {
                                "type": "text",
                                "text": "+1 for Wise"
                            }
                        ]
                    }
                ]
            }
        ],
        "thread_ts": "1631745432.200500",
        "parent_user_id": "U02AR2XSN1M"
    },
    {
        "client_msg_id": "5223BAAE-823E-4D3A-B2CF-38A26BC48B36",
        "type": "message",
        "text": "Both *<http:\/\/Wise.com|Wise.com>* and *<http:\/\/Revolut.com|Revolut.com>* are highly useful, since I know that starting from August 2020, Revolut announced it's open for business in Australia.",
        "user": "U02DQ4MB30E",
        "ts": "1631787438.206000",
        "team": "TJE58GTJL",
        "user_team": "TJE58GTJL",
        "source_team": "TJE58GTJL",
        "user_profile": {
            "avatar_hash": "da3df19ff250",
            "image_72": "https:\/\/avatars.slack-edge.com\/2021-09-09\/2467172480038_da3df19ff250056e1622_72.jpg",
            "first_name": "Pasha",
            "real_name": "Pasha",
            "display_name": "Pasha",
            "team": "TJE58GTJL",
            "name": "pasha.abdulov",
            "is_restricted": false,
            "is_ultra_restricted": false
        },
        "blocks": [
            {
                "type": "rich_text",
                "block_id": "iPH",
                "elements": [
                    {
                        "type": "rich_text_section",
                        "elements": [
                            {
                                "type": "text",
                                "text": "Both "
                            },
                            {
                                "type": "link",
                                "url": "http:\/\/Wise.com",
                                "text": "Wise.com",
                                "style": {
                                    "bold": true
                                }
                            },
                            {
                                "type": "text",
                                "text": " ",
                                "style": {
                                    "bold": true
                                }
                            },
                            {
                                "type": "text",
                                "text": "and"
                            },
                            {
                                "type": "text",
                                "text": " ",
                                "style": {
                                    "bold": true
                                }
                            },
                            {
                                "type": "link",
                                "url": "http:\/\/Revolut.com",
                                "text": "Revolut.com",
                                "style": {
                                    "bold": true
                                }
                            },
                            {
                                "type": "text",
                                "text": " ",
                                "style": {
                                    "bold": true
                                }
                            },
                            {
                                "type": "text",
                                "text": "are highly useful, since I know that starting from August 2020, Revolut announced it's open for business in Australia."
                            }
                        ]
                    }
                ]
            }
        ],
        "thread_ts": "1631745432.200500",
        "parent_user_id": "U02AR2XSN1M"
    },
    {
        "bot_id": "B023BC3A2UV",
        "type": "message",
        "text": "_[sponsored]_ You know we're all about jobs here, and so is the B2B Writing Institute (:raised_hands: <@U01K0BWEQD6>). We partnered to get you FREE access to this training on *how to get hired as a B2B writer*. Use the code `superpath` to get it for free — and let us know how you like it! <https:\/\/b2bwritinginstitute.podia.com\/96cf692e-9f6a-448d-87a8-6bb7052402ab> \n\nAnd many thanks to <@U01K0BWEQD6> for her support of this community—it's good folks like her that help us keep it free. :slightly_smiling_face:",
        "user": "UJG9WTEKG",
        "ts": "1631804413.209200",
        "team": "TJE58GTJL",
        "bot_profile": {
            "id": "B023BC3A2UV",
            "app_id": "AL3SX1B6J",
            "name": "Send It Later",
            "icons": {
                "image_36": "https:\/\/avatars.slack-edge.com\/2019-07-02\/671777182994_a14924be81a633327b73_36.png",
                "image_48": "https:\/\/avatars.slack-edge.com\/2019-07-02\/671777182994_a14924be81a633327b73_48.png",
                "image_72": "https:\/\/avatars.slack-edge.com\/2019-07-02\/671777182994_a14924be81a633327b73_72.png"
            },
            "deleted": false,
            "updated": 1622231340,
            "team_id": "TJE58GTJL"
        },
        "edited": {
            "user": "B023BC3A2UV",
            "ts": "1631831651.000000"
        },
        "attachments": [
            {
                "service_name": "B2B Writing Institute",
                "title": "How to Get Hired in B2B",
                "title_link": "https:\/\/b2bwritinginstitute.podia.com\/96cf692e-9f6a-448d-87a8-6bb7052402ab",
                "text": "Let's Explore Different Business Structures in B2B Marketing and How They Hire and Pay You to Write Background reading: <https:\/\/b2bwritinginstitute.com\/get-paid-to-write\/>",
                "fallback": "B2B Writing Institute: How to Get Hired in B2B",
                "image_url": "https:\/\/d31ezp3r8jwmks.cloudfront.net\/zqeg4xx82etyqdw69672qcqsrlrs",
                "from_url": "https:\/\/b2bwritinginstitute.podia.com\/96cf692e-9f6a-448d-87a8-6bb7052402ab",
                "image_width": 375,
                "image_height": 250,
                "image_bytes": 91766,
                "service_icon": "https:\/\/d31ezp3r8jwmks.cloudfront.net\/xz4vniky97px4wz2aw8cfgb4umwd",
                "id": 1,
                "original_url": "https:\/\/b2bwritinginstitute.podia.com\/96cf692e-9f6a-448d-87a8-6bb7052402ab"
            }
        ],
        "reactions": [
            {
                "name": "partyparrot",
                "users": [
                    "U01K0BWEQD6",
                    "U02A8UR3Z60",
                    "U02EL2KVB9S",
                    "U02GBV5PV62"
                ],
                "count": 4
            }
        ]
    },
    {
        "client_msg_id": "c56370fa-3d6e-4649-9640-d2192c3f6686",
        "type": "message",
        "text": "Hello everyone! I currently manage SEO and content at <https:\/\/classpass.com\/|ClassPass>, the best app for booking all things fitness, wellness and beauty. :woman-getting-massage: We currently have a fleet of writes who contribute to our blog in exchange for a free membership and are looking to take on a few more in Q4!\n\nEach month you would receive two thorough content templates to guide you through writing two medium-length pieces of content. You wouldn't need to edit, optimize, find imagery or post the blog - we'd handle all of that internally. The topics would range across our primary verticals and focus on things like yoga, manicures, pilates, acupuncture and more! :woman_in_lotus_position: We work to keep our content light and fun, with a pretty relaxed tone of voice. A recent contractor had this to say after receiving my feedback: _\"Sarcasm and emojis?! That's so much more fun than my day job_ :smile: _Looking forward to writing more.\"_\n\nThis isn't a paid position, but the free membership would allow you to book massages, fitness classes, facials, nail appointments, cryotherapy or acupuncture and much much more! :nail_care: *Interested?* Please comment on this thread or DM me directly!",
        "user": "U02A8UR3Z60",
        "ts": "1631809440.212200",
        "team": "TJE58GTJL",
        "user_team": "TJE58GTJL",
        "source_team": "TJE58GTJL",
        "user_profile": {
            "avatar_hash": "dd781b486769",
            "image_72": "https:\/\/avatars.slack-edge.com\/2021-08-03\/2336037289142_dd781b486769fb2915dd_72.jpg",
            "first_name": "Callahan",
            "real_name": "Callahan Peel",
            "display_name": "Callahan Peel",
            "team": "TJE58GTJL",
            "name": "callahanpeel",
            "is_restricted": false,
            "is_ultra_restricted": false
        },
        "blocks": [
            {
                "type": "rich_text",
                "block_id": "YGbg",
                "elements": [
                    {
                        "type": "rich_text_section",
                        "elements": [
                            {
                                "type": "text",
                                "text": "Hello everyone! I currently manage SEO and content at "
                            },
                            {
                                "type": "link",
                                "url": "https:\/\/classpass.com\/",
                                "text": "ClassPass"
                            },
                            {
                                "type": "text",
                                "text": ", the best app for booking all things fitness, wellness and beauty. "
                            },
                            {
                                "type": "emoji",
                                "name": "woman-getting-massage"
                            },
                            {
                                "type": "text",
                                "text": " We currently have a fleet of writes who contribute to our blog in exchange for a free membership and are looking to take on a few more in Q4!\n\nEach month you would receive two thorough content templates to guide you through writing two medium-length pieces of content. You wouldn't need to edit, optimize, find imagery or post the blog - we'd handle all of that internally. The topics would range across our primary verticals and focus on things like yoga, manicures, pilates, acupuncture and more! "
                            },
                            {
                                "type": "emoji",
                                "name": "woman_in_lotus_position"
                            },
                            {
                                "type": "text",
                                "text": " We work to keep our content light and fun, with a pretty relaxed tone of voice. A recent contractor had this to say after receiving my feedback: "
                            },
                            {
                                "type": "text",
                                "text": "\"Sarcasm and emojis?! That's so much more fun than my day job ",
                                "style": {
                                    "italic": true
                                }
                            },
                            {
                                "type": "emoji",
                                "name": "smile",
                                "style": {
                                    "italic": true
                                }
                            },
                            {
                                "type": "text",
                                "text": " Looking forward to writing more.\"",
                                "style": {
                                    "italic": true
                                }
                            },
                            {
                                "type": "text",
                                "text": "\n\nThis isn't a paid position, but the free membership would allow you to book massages, fitness classes, facials, nail appointments, cryotherapy or acupuncture and much much more! "
                            },
                            {
                                "type": "emoji",
                                "name": "nail_care"
                            },
                            {
                                "type": "text",
                                "text": " "
                            },
                            {
                                "type": "text",
                                "text": "Interested?",
                                "style": {
                                    "bold": true
                                }
                            },
                            {
                                "type": "text",
                                "text": " Please comment on this thread or DM me directly!"
                            }
                        ]
                    }
                ]
            }
        ],
        "reactions": [
            {
                "name": "wave",
                "users": [
                    "U012GHRAHDK",
                    "UJG9WTEKG",
                    "U020EL92NBZ",
                    "U024WV5KLDS",
                    "U01J84U3SQ6"
                ],
                "count": 5
            }
        ]
    }
]