[
    {
        "client_msg_id": "C2F1D813-4868-4DFE-BBBB-5DDE273A1226",
        "type": "message",
        "text": "Hi friends! Does anybody know any killer paid advertising and\/or SEO freelancers that they can recommend? Especially those who have experience working with software\/tech companies in Europe. Thanks in advance!",
        "user": "U02280S1Q8P",
        "ts": "1628234183.036600",
        "team": "TJE58GTJL",
        "user_team": "TJE58GTJL",
        "source_team": "TJE58GTJL",
        "user_profile": {
            "avatar_hash": "3f05acff412b",
            "image_72": "https:\/\/avatars.slack-edge.com\/2021-05-21\/2114610753520_3f05acff412bb3199fea_72.jpg",
            "first_name": "Audrey",
            "real_name": "Audrey Agahan",
            "display_name": "Audrey Agahan",
            "team": "TJE58GTJL",
            "name": "audrey",
            "is_restricted": false,
            "is_ultra_restricted": false
        },
        "blocks": [
            {
                "type": "rich_text",
                "block_id": "x=+\/",
                "elements": [
                    {
                        "type": "rich_text_section",
                        "elements": [
                            {
                                "type": "text",
                                "text": "Hi friends! Does anybody know any killer paid advertising and\/or SEO freelancers that they can recommend? Especially those who have experience working with software\/tech companies in Europe. Thanks in advance!"
                            }
                        ]
                    }
                ]
            }
        ],
        "thread_ts": "1628234183.036600",
        "reply_count": 5,
        "reply_users_count": 4,
        "latest_reply": "1630401397.057100",
        "reply_users": [
            "U01FUP6AMEZ",
            "U02280S1Q8P",
            "U01K9FNB35E",
            "U02CRLX23J9"
        ],
        "replies": [
            {
                "user": "U01FUP6AMEZ",
                "ts": "1628258394.040400"
            },
            {
                "user": "U02280S1Q8P",
                "ts": "1628258538.040800"
            },
            {
                "user": "U01K9FNB35E",
                "ts": "1628288144.042500"
            },
            {
                "user": "U02280S1Q8P",
                "ts": "1628702527.056300"
            },
            {
                "user": "U02CRLX23J9",
                "ts": "1630401397.057100"
            }
        ],
        "is_locked": false,
        "subscribed": false
    },
    {
        "client_msg_id": "334bbda2-9103-4aaf-b714-ad3ee667e696",
        "type": "message",
        "text": "<https:\/\/www.instagram.com\/detaixi\/> <@U0243DUV1HA>",
        "user": "URL9Z88MR",
        "ts": "1628243363.037600",
        "team": "TJE58GTJL",
        "user_team": "TJE58GTJL",
        "source_team": "TJE58GTJL",
        "user_profile": {
            "avatar_hash": "b378849a08c9",
            "image_72": "https:\/\/avatars.slack-edge.com\/2022-04-19\/3421516666961_b378849a08c9e1d4c33a_72.jpg",
            "first_name": "t1",
            "real_name": "t1",
            "display_name": "t1",
            "team": "TJE58GTJL",
            "name": "delfinahoxha",
            "is_restricted": false,
            "is_ultra_restricted": false
        },
        "blocks": [
            {
                "type": "rich_text",
                "block_id": "rCk",
                "elements": [
                    {
                        "type": "rich_text_section",
                        "elements": [
                            {
                                "type": "link",
                                "url": "https:\/\/www.instagram.com\/detaixi\/"
                            },
                            {
                                "type": "text",
                                "text": " "
                            },
                            {
                                "type": "user",
                                "user_id": "U0243DUV1HA"
                            }
                        ]
                    }
                ]
            }
        ],
        "thread_ts": "1628081431.022400",
        "parent_user_id": "U0243DUV1HA",
        "reactions": [
            {
                "name": "raised_hands",
                "users": [
                    "U0243DUV1HA"
                ],
                "count": 1
            }
        ]
    },
    {
        "client_msg_id": "71d687bd-2dec-4a73-8384-9d5337a36a63",
        "type": "message",
        "text": "thank you Delfina!",
        "user": "U0243DUV1HA",
        "ts": "1628243444.037900",
        "team": "TJE58GTJL",
        "user_team": "TJE58GTJL",
        "source_team": "TJE58GTJL",
        "user_profile": {
            "avatar_hash": "g7f159d47da8",
            "image_72": "https:\/\/secure.gravatar.com\/avatar\/7f159d47da86576d7eb016a87ee9d597.jpg?s=72&d=https%3A%2F%2Fa.slack-edge.com%2Fdf10d%2Fimg%2Favatars%2Fava_0009-72.png",
            "first_name": "",
            "real_name": "Sandro Meyer",
            "display_name": "Sandro Meyer",
            "team": "TJE58GTJL",
            "name": "sandro",
            "is_restricted": false,
            "is_ultra_restricted": false
        },
        "blocks": [
            {
                "type": "rich_text",
                "block_id": "mIlm",
                "elements": [
                    {
                        "type": "rich_text_section",
                        "elements": [
                            {
                                "type": "text",
                                "text": "thank you Delfina!"
                            }
                        ]
                    }
                ]
            }
        ],
        "thread_ts": "1628081431.022400",
        "parent_user_id": "U0243DUV1HA"
    },
    {
        "client_msg_id": "7bd15f8d-8e6b-46e1-a7fb-d1a31408b3b7",
        "type": "message",
        "text": "<@UUE7J6UDN> check DM, please!",
        "user": "U01K3VD3154",
        "ts": "1628258051.038100",
        "team": "TJE58GTJL",
        "user_team": "TJE58GTJL",
        "source_team": "TJE58GTJL",
        "user_profile": {
            "avatar_hash": "344b2bdfd4e4",
            "image_72": "https:\/\/avatars.slack-edge.com\/2021-12-24\/2880772375011_344b2bdfd4e4a027d9a5_72.png",
            "first_name": "Liana",
            "real_name": "Liana",
            "display_name": "Liana",
            "team": "TJE58GTJL",
            "name": "lianasimonyan98",
            "is_restricted": false,
            "is_ultra_restricted": false
        },
        "blocks": [
            {
                "type": "rich_text",
                "block_id": "PO2Z",
                "elements": [
                    {
                        "type": "rich_text_section",
                        "elements": [
                            {
                                "type": "user",
                                "user_id": "UUE7J6UDN"
                            },
                            {
                                "type": "text",
                                "text": " check DM, please!"
                            }
                        ]
                    }
                ]
            }
        ],
        "thread_ts": "1628200852.029000",
        "parent_user_id": "UUE7J6UDN"
    },
    {
        "client_msg_id": "c39b9b4f-5f11-4b50-ba6a-99af4e0bb546",
        "type": "message",
        "text": "<https:\/\/www.scalesandbark.com\/digital-advertising> is the best one I know (fair warning, she's usually booked a few months in advance)",
        "user": "U01FUP6AMEZ",
        "ts": "1628258394.040400",
        "team": "TJE58GTJL",
        "user_team": "TJE58GTJL",
        "source_team": "TJE58GTJL",
        "user_profile": {
            "avatar_hash": "128762c3ea3f",
            "image_72": "https:\/\/avatars.slack-edge.com\/2020-12-01\/1527137254583_128762c3ea3f3d65d19b_72.jpg",
            "first_name": "Joanna",
            "real_name": "Joanna Rutter",
            "display_name": "Joanna Rutter",
            "team": "TJE58GTJL",
            "name": "rutterjoanna",
            "is_restricted": false,
            "is_ultra_restricted": false
        },
        "blocks": [
            {
                "type": "rich_text",
                "block_id": "nAmJ",
                "elements": [
                    {
                        "type": "rich_text_section",
                        "elements": [
                            {
                                "type": "link",
                                "url": "https:\/\/www.scalesandbark.com\/digital-advertising"
                            },
                            {
                                "type": "text",
                                "text": " is the best one I know (fair warning, she's usually booked a few months in advance)"
                            }
                        ]
                    }
                ]
            }
        ],
        "thread_ts": "1628234183.036600",
        "parent_user_id": "U02280S1Q8P",
        "reactions": [
            {
                "name": "pray",
                "users": [
                    "U02280S1Q8P"
                ],
                "count": 1
            }
        ]
    },
    {
        "client_msg_id": "9F0A92B2-7B0A-4143-82B3-3CCC1E1E6321",
        "type": "message",
        "text": "Thanks for the tip!!!",
        "user": "U02280S1Q8P",
        "ts": "1628258538.040800",
        "team": "TJE58GTJL",
        "user_team": "TJE58GTJL",
        "source_team": "TJE58GTJL",
        "user_profile": {
            "avatar_hash": "3f05acff412b",
            "image_72": "https:\/\/avatars.slack-edge.com\/2021-05-21\/2114610753520_3f05acff412bb3199fea_72.jpg",
            "first_name": "Audrey",
            "real_name": "Audrey Agahan",
            "display_name": "Audrey Agahan",
            "team": "TJE58GTJL",
            "name": "audrey",
            "is_restricted": false,
            "is_ultra_restricted": false
        },
        "blocks": [
            {
                "type": "rich_text",
                "block_id": "gp6",
                "elements": [
                    {
                        "type": "rich_text_section",
                        "elements": [
                            {
                                "type": "text",
                                "text": "Thanks for the tip!!!"
                            }
                        ]
                    }
                ]
            }
        ],
        "thread_ts": "1628234183.036600",
        "parent_user_id": "U02280S1Q8P"
    },
    {
        "client_msg_id": "d2b81e65-0929-4b98-aaf0-c34e7db7a8ac",
        "type": "message",
        "text": "You could try Sam Underwood for SEO work <https:\/\/www.samunderwood.co.uk\/>",
        "user": "U01K9FNB35E",
        "ts": "1628288144.042500",
        "team": "TJE58GTJL",
        "user_team": "TJE58GTJL",
        "source_team": "TJE58GTJL",
        "user_profile": {
            "avatar_hash": "6005adf09efc",
            "image_72": "https:\/\/avatars.slack-edge.com\/2021-08-07\/2369477542129_6005adf09efcc5fe40be_72.jpg",
            "first_name": "Gareth",
            "real_name": "Gareth Davies",
            "display_name": "Gareth Davies",
            "team": "TJE58GTJL",
            "name": "gareth",
            "is_restricted": false,
            "is_ultra_restricted": false
        },
        "blocks": [
            {
                "type": "rich_text",
                "block_id": "HosV",
                "elements": [
                    {
                        "type": "rich_text_section",
                        "elements": [
                            {
                                "type": "text",
                                "text": "You could try Sam Underwood for SEO work "
                            },
                            {
                                "type": "link",
                                "url": "https:\/\/www.samunderwood.co.uk\/"
                            }
                        ]
                    }
                ]
            }
        ],
        "thread_ts": "1628234183.036600",
        "parent_user_id": "U02280S1Q8P",
        "reactions": [
            {
                "name": "pray",
                "users": [
                    "U02280S1Q8P"
                ],
                "count": 1
            }
        ]
    }
]