[
    {
        "client_msg_id": "e181c6c9-e0cd-4bd6-b338-713e160b27d0",
        "type": "message",
        "text": "Interested",
        "user": "U02CRLX23J9",
        "ts": "1630399438.055900",
        "team": "TJE58GTJL",
        "user_team": "TJE58GTJL",
        "source_team": "TJE58GTJL",
        "user_profile": {
            "avatar_hash": "g267b90b44e2",
            "image_72": "https:\/\/secure.gravatar.com\/avatar\/267b90b44e2c05fa579122c35bc6accb.jpg?s=72&d=https%3A%2F%2Fa.slack-edge.com%2Fdf10d%2Fimg%2Favatars%2Fava_0017-72.png",
            "first_name": "Chaitanya",
            "real_name": "Chaitanya Patel",
            "display_name": "",
            "team": "TJE58GTJL",
            "name": "hello220",
            "is_restricted": false,
            "is_ultra_restricted": false
        },
        "blocks": [
            {
                "type": "rich_text",
                "block_id": "PFnLg",
                "elements": [
                    {
                        "type": "rich_text_section",
                        "elements": [
                            {
                                "type": "text",
                                "text": "Interested"
                            }
                        ]
                    }
                ]
            }
        ],
        "thread_ts": "1630082042.015500",
        "parent_user_id": "U02CTCZLEA0"
    },
    {
        "client_msg_id": "3dd5987d-c237-486b-8738-0eb640e1c321",
        "type": "message",
        "text": "Interested, let's discuss further",
        "user": "U02CRLX23J9",
        "ts": "1630399554.056100",
        "team": "TJE58GTJL",
        "user_team": "TJE58GTJL",
        "source_team": "TJE58GTJL",
        "user_profile": {
            "avatar_hash": "g267b90b44e2",
            "image_72": "https:\/\/secure.gravatar.com\/avatar\/267b90b44e2c05fa579122c35bc6accb.jpg?s=72&d=https%3A%2F%2Fa.slack-edge.com%2Fdf10d%2Fimg%2Favatars%2Fava_0017-72.png",
            "first_name": "Chaitanya",
            "real_name": "Chaitanya Patel",
            "display_name": "",
            "team": "TJE58GTJL",
            "name": "hello220",
            "is_restricted": false,
            "is_ultra_restricted": false
        },
        "blocks": [
            {
                "type": "rich_text",
                "block_id": "BLxs",
                "elements": [
                    {
                        "type": "rich_text_section",
                        "elements": [
                            {
                                "type": "text",
                                "text": "Interested, let's discuss further"
                            }
                        ]
                    }
                ]
            }
        ],
        "thread_ts": "1629807342.121000",
        "parent_user_id": "U0227HT9YRF"
    },
    {
        "client_msg_id": "b549c748-f7ea-42c4-b198-8d6c7054fff3",
        "type": "message",
        "text": "Interested",
        "user": "U02CRLX23J9",
        "ts": "1630399876.056300",
        "team": "TJE58GTJL",
        "user_team": "TJE58GTJL",
        "source_team": "TJE58GTJL",
        "user_profile": {
            "avatar_hash": "g267b90b44e2",
            "image_72": "https:\/\/secure.gravatar.com\/avatar\/267b90b44e2c05fa579122c35bc6accb.jpg?s=72&d=https%3A%2F%2Fa.slack-edge.com%2Fdf10d%2Fimg%2Favatars%2Fava_0017-72.png",
            "first_name": "Chaitanya",
            "real_name": "Chaitanya Patel",
            "display_name": "",
            "team": "TJE58GTJL",
            "name": "hello220",
            "is_restricted": false,
            "is_ultra_restricted": false
        },
        "blocks": [
            {
                "type": "rich_text",
                "block_id": "dxvDx",
                "elements": [
                    {
                        "type": "rich_text_section",
                        "elements": [
                            {
                                "type": "text",
                                "text": "Interested"
                            }
                        ]
                    }
                ]
            }
        ],
        "thread_ts": "1629393216.101500",
        "parent_user_id": "U01S7E3C7MG"
    },
    {
        "client_msg_id": "d5cd606c-cd9b-4a2a-8dab-848ade817870",
        "type": "message",
        "text": "Thanks <@UJG9WTEKG> Just submitted form",
        "user": "U02CRLX23J9",
        "ts": "1630401226.056500",
        "team": "TJE58GTJL",
        "user_team": "TJE58GTJL",
        "source_team": "TJE58GTJL",
        "user_profile": {
            "avatar_hash": "g267b90b44e2",
            "image_72": "https:\/\/secure.gravatar.com\/avatar\/267b90b44e2c05fa579122c35bc6accb.jpg?s=72&d=https%3A%2F%2Fa.slack-edge.com%2Fdf10d%2Fimg%2Favatars%2Fava_0017-72.png",
            "first_name": "Chaitanya",
            "real_name": "Chaitanya Patel",
            "display_name": "",
            "team": "TJE58GTJL",
            "name": "hello220",
            "is_restricted": false,
            "is_ultra_restricted": false
        },
        "blocks": [
            {
                "type": "rich_text",
                "block_id": "uHK7C",
                "elements": [
                    {
                        "type": "rich_text_section",
                        "elements": [
                            {
                                "type": "text",
                                "text": "Thanks "
                            },
                            {
                                "type": "user",
                                "user_id": "UJG9WTEKG"
                            },
                            {
                                "type": "text",
                                "text": " Just submitted form"
                            }
                        ]
                    }
                ]
            }
        ],
        "thread_ts": "1629239263.073300",
        "parent_user_id": "UJG9WTEKG",
        "reactions": [
            {
                "name": "fire",
                "users": [
                    "UJG9WTEKG"
                ],
                "count": 1
            }
        ]
    },
    {
        "client_msg_id": "66d6f7d3-6674-404c-ba2a-3e78de4b7a94",
        "type": "message",
        "text": "Interested",
        "user": "U02CRLX23J9",
        "ts": "1630401249.056700",
        "team": "TJE58GTJL",
        "user_team": "TJE58GTJL",
        "source_team": "TJE58GTJL",
        "user_profile": {
            "avatar_hash": "g267b90b44e2",
            "image_72": "https:\/\/secure.gravatar.com\/avatar\/267b90b44e2c05fa579122c35bc6accb.jpg?s=72&d=https%3A%2F%2Fa.slack-edge.com%2Fdf10d%2Fimg%2Favatars%2Fava_0017-72.png",
            "first_name": "Chaitanya",
            "real_name": "Chaitanya Patel",
            "display_name": "",
            "team": "TJE58GTJL",
            "name": "hello220",
            "is_restricted": false,
            "is_ultra_restricted": false
        },
        "blocks": [
            {
                "type": "rich_text",
                "block_id": "1dPb",
                "elements": [
                    {
                        "type": "rich_text_section",
                        "elements": [
                            {
                                "type": "text",
                                "text": "Interested"
                            }
                        ]
                    }
                ]
            }
        ],
        "thread_ts": "1629235886.071600",
        "parent_user_id": "USLACKBOT"
    },
    {
        "client_msg_id": "f7414cad-f660-43aa-9bcb-9e4ff9e23641",
        "type": "message",
        "text": "Interested",
        "user": "U02CRLX23J9",
        "ts": "1630401299.056900",
        "team": "TJE58GTJL",
        "user_team": "TJE58GTJL",
        "source_team": "TJE58GTJL",
        "user_profile": {
            "avatar_hash": "g267b90b44e2",
            "image_72": "https:\/\/secure.gravatar.com\/avatar\/267b90b44e2c05fa579122c35bc6accb.jpg?s=72&d=https%3A%2F%2Fa.slack-edge.com%2Fdf10d%2Fimg%2Favatars%2Fava_0017-72.png",
            "first_name": "Chaitanya",
            "real_name": "Chaitanya Patel",
            "display_name": "",
            "team": "TJE58GTJL",
            "name": "hello220",
            "is_restricted": false,
            "is_ultra_restricted": false
        },
        "blocks": [
            {
                "type": "rich_text",
                "block_id": "bDw",
                "elements": [
                    {
                        "type": "rich_text_section",
                        "elements": [
                            {
                                "type": "text",
                                "text": "Interested"
                            }
                        ]
                    }
                ]
            }
        ],
        "thread_ts": "1629158648.063700",
        "parent_user_id": "U01KH3P18RZ"
    },
    {
        "client_msg_id": "fea20c12-a192-4f84-931a-bea62c43b64e",
        "type": "message",
        "text": "Interested for this... <@U02280S1Q8P>",
        "user": "U02CRLX23J9",
        "ts": "1630401397.057100",
        "team": "TJE58GTJL",
        "user_team": "TJE58GTJL",
        "source_team": "TJE58GTJL",
        "user_profile": {
            "avatar_hash": "g267b90b44e2",
            "image_72": "https:\/\/secure.gravatar.com\/avatar\/267b90b44e2c05fa579122c35bc6accb.jpg?s=72&d=https%3A%2F%2Fa.slack-edge.com%2Fdf10d%2Fimg%2Favatars%2Fava_0017-72.png",
            "first_name": "Chaitanya",
            "real_name": "Chaitanya Patel",
            "display_name": "",
            "team": "TJE58GTJL",
            "name": "hello220",
            "is_restricted": false,
            "is_ultra_restricted": false
        },
        "blocks": [
            {
                "type": "rich_text",
                "block_id": "buCv",
                "elements": [
                    {
                        "type": "rich_text_section",
                        "elements": [
                            {
                                "type": "text",
                                "text": "Interested for this... "
                            },
                            {
                                "type": "user",
                                "user_id": "U02280S1Q8P"
                            }
                        ]
                    }
                ]
            }
        ],
        "thread_ts": "1628234183.036600",
        "parent_user_id": "U02280S1Q8P"
    },
    {
        "client_msg_id": "7fe9dbb9-dac3-4058-a756-2807cc271ae7",
        "type": "message",
        "text": "I guess Polywork does a great job in building a timeline based online portfolio. You can also create tags for your work collections and achievements.",
        "user": "U025VFYU4AC",
        "ts": "1630423774.057800",
        "team": "TJE58GTJL",
        "user_team": "TJE58GTJL",
        "source_team": "TJE58GTJL",
        "user_profile": {
            "avatar_hash": "ce7297218859",
            "image_72": "https:\/\/avatars.slack-edge.com\/2021-06-15\/2188973467905_ce7297218859cc467129_72.jpg",
            "first_name": "",
            "real_name": "Shyam Purkayastha",
            "display_name": "Shyam Purkayastha",
            "team": "TJE58GTJL",
            "name": "shyam",
            "is_restricted": false,
            "is_ultra_restricted": false
        },
        "blocks": [
            {
                "type": "rich_text",
                "block_id": "WQTl",
                "elements": [
                    {
                        "type": "rich_text_section",
                        "elements": [
                            {
                                "type": "text",
                                "text": "I guess Polywork does a great job in building a timeline based online portfolio. You can also create tags for your work collections and achievements."
                            }
                        ]
                    }
                ]
            }
        ],
        "thread_ts": "1630375600.055600",
        "parent_user_id": "U02AR2XSN1M"
    },
    {
        "client_msg_id": "c3417a96-1696-446c-acea-b7c51c7cf1a9",
        "type": "message",
        "text": "[HIRING] Hey everyone. We're looking for writers who have experience using SQL. If you're looking to help us create and optimize SQL tutorials for one of our clients, feel free to DM me.\n\nNote: I will ask for proof that you know SQL. Since these aren't articles about the basics of SQL, we need people who have experience actually writing SQL code.",
        "user": "U022WPACV4L",
        "ts": "1630433073.061200",
        "team": "TJE58GTJL",
        "user_team": "TJE58GTJL",
        "source_team": "TJE58GTJL",
        "user_profile": {
            "avatar_hash": "bc588db919e3",
            "image_72": "https:\/\/avatars.slack-edge.com\/2021-05-21\/2092645159746_bc588db919e300f6dc48_72.jpg",
            "first_name": "Taran",
            "real_name": "Taran Soodan",
            "display_name": "Taran Soodan",
            "team": "TJE58GTJL",
            "name": "taran",
            "is_restricted": false,
            "is_ultra_restricted": false
        },
        "blocks": [
            {
                "type": "rich_text",
                "block_id": "lgJAc",
                "elements": [
                    {
                        "type": "rich_text_section",
                        "elements": [
                            {
                                "type": "text",
                                "text": "[HIRING] Hey everyone. We're looking for writers who have experience using SQL. If you're looking to help us create and optimize SQL tutorials for one of our clients, feel free to DM me.\n\nNote: I will ask for proof that you know SQL. Since these aren't articles about the basics of SQL, we need people who have experience actually writing SQL code."
                            }
                        ]
                    }
                ]
            }
        ],
        "thread_ts": "1630433073.061200",
        "reply_count": 4,
        "reply_users_count": 2,
        "latest_reply": "1630434743.061900",
        "reply_users": [
            "U017XD7H4P7",
            "U022WPACV4L"
        ],
        "replies": [
            {
                "user": "U017XD7H4P7",
                "ts": "1630434313.061300"
            },
            {
                "user": "U022WPACV4L",
                "ts": "1630434437.061500"
            },
            {
                "user": "U017XD7H4P7",
                "ts": "1630434466.061700"
            },
            {
                "user": "U022WPACV4L",
                "ts": "1630434743.061900"
            }
        ],
        "is_locked": false,
        "subscribed": false
    },
    {
        "client_msg_id": "8afda878-0b94-40f5-bd27-77e141cc4003",
        "type": "message",
        "text": ":wave: if it helps, I run a mailing list for people wanting side hustles, that has a reach of around 1K people, most of whom are engineers.  I guarantee a lot of them know SQL :slightly_smiling_face:  Happy to put the word out to that list if you'd like.",
        "user": "U017XD7H4P7",
        "ts": "1630434313.061300",
        "team": "TJE58GTJL",
        "user_team": "TJE58GTJL",
        "source_team": "TJE58GTJL",
        "user_profile": {
            "avatar_hash": "f9ab77023918",
            "image_72": "https:\/\/avatars.slack-edge.com\/2020-07-29\/1256516765207_f9ab77023918e4c2b919_72.png",
            "first_name": "Erik",
            "real_name": "Erik Dietrich",
            "display_name": "Erik Dietrich",
            "team": "TJE58GTJL",
            "name": "erik",
            "is_restricted": false,
            "is_ultra_restricted": false
        },
        "blocks": [
            {
                "type": "rich_text",
                "block_id": "g9x",
                "elements": [
                    {
                        "type": "rich_text_section",
                        "elements": [
                            {
                                "type": "emoji",
                                "name": "wave"
                            },
                            {
                                "type": "text",
                                "text": " if it helps, I run a mailing list for people wanting side hustles, that has a reach of around 1K people, most of whom are engineers.  I guarantee a lot of them know SQL "
                            },
                            {
                                "type": "emoji",
                                "name": "slightly_smiling_face"
                            },
                            {
                                "type": "text",
                                "text": "  Happy to put the word out to that list if you'd like."
                            }
                        ]
                    }
                ]
            }
        ],
        "thread_ts": "1630433073.061200",
        "parent_user_id": "U022WPACV4L"
    },
    {
        "client_msg_id": "a469bc80-300b-408a-8c83-884eca53a3e7",
        "type": "message",
        "text": "that'd be swell. what would you need from me?",
        "user": "U022WPACV4L",
        "ts": "1630434437.061500",
        "team": "TJE58GTJL",
        "user_team": "TJE58GTJL",
        "source_team": "TJE58GTJL",
        "user_profile": {
            "avatar_hash": "bc588db919e3",
            "image_72": "https:\/\/avatars.slack-edge.com\/2021-05-21\/2092645159746_bc588db919e300f6dc48_72.jpg",
            "first_name": "Taran",
            "real_name": "Taran Soodan",
            "display_name": "Taran Soodan",
            "team": "TJE58GTJL",
            "name": "taran",
            "is_restricted": false,
            "is_ultra_restricted": false
        },
        "blocks": [
            {
                "type": "rich_text",
                "block_id": "MXM",
                "elements": [
                    {
                        "type": "rich_text_section",
                        "elements": [
                            {
                                "type": "text",
                                "text": "that'd be swell. what would you need from me?"
                            }
                        ]
                    }
                ]
            }
        ],
        "thread_ts": "1630433073.061200",
        "parent_user_id": "U022WPACV4L"
    },
    {
        "client_msg_id": "61e15d30-e3c1-4ab1-8bda-a4a8253b193f",
        "type": "message",
        "text": "Mind if I send you a DM?",
        "user": "U017XD7H4P7",
        "ts": "1630434466.061700",
        "team": "TJE58GTJL",
        "user_team": "TJE58GTJL",
        "source_team": "TJE58GTJL",
        "user_profile": {
            "avatar_hash": "f9ab77023918",
            "image_72": "https:\/\/avatars.slack-edge.com\/2020-07-29\/1256516765207_f9ab77023918e4c2b919_72.png",
            "first_name": "Erik",
            "real_name": "Erik Dietrich",
            "display_name": "Erik Dietrich",
            "team": "TJE58GTJL",
            "name": "erik",
            "is_restricted": false,
            "is_ultra_restricted": false
        },
        "blocks": [
            {
                "type": "rich_text",
                "block_id": "Jt0",
                "elements": [
                    {
                        "type": "rich_text_section",
                        "elements": [
                            {
                                "type": "text",
                                "text": "Mind if I send you a DM?"
                            }
                        ]
                    }
                ]
            }
        ],
        "thread_ts": "1630433073.061200",
        "parent_user_id": "U022WPACV4L"
    },
    {
        "client_msg_id": "c8ac9106-0075-4f45-8fc1-f3cad1977f4e",
        "type": "message",
        "text": "go for it",
        "user": "U022WPACV4L",
        "ts": "1630434743.061900",
        "team": "TJE58GTJL",
        "user_team": "TJE58GTJL",
        "source_team": "TJE58GTJL",
        "user_profile": {
            "avatar_hash": "bc588db919e3",
            "image_72": "https:\/\/avatars.slack-edge.com\/2021-05-21\/2092645159746_bc588db919e300f6dc48_72.jpg",
            "first_name": "Taran",
            "real_name": "Taran Soodan",
            "display_name": "Taran Soodan",
            "team": "TJE58GTJL",
            "name": "taran",
            "is_restricted": false,
            "is_ultra_restricted": false
        },
        "blocks": [
            {
                "type": "rich_text",
                "block_id": "0=D",
                "elements": [
                    {
                        "type": "rich_text_section",
                        "elements": [
                            {
                                "type": "text",
                                "text": "go for it"
                            }
                        ]
                    }
                ]
            }
        ],
        "thread_ts": "1630433073.061200",
        "parent_user_id": "U022WPACV4L",
        "reactions": [
            {
                "name": "+1",
                "users": [
                    "U017XD7H4P7"
                ],
                "count": 1
            }
        ]
    },
    {
        "client_msg_id": "d64701ce-ee76-460e-aa3d-5ab772d8dc76",
        "type": "message",
        "text": "Great thanks Shyam, I'll take a look at that one too :slightly_smiling_face:",
        "user": "U02AR2XSN1M",
        "ts": "1630446827.063300",
        "team": "TJE58GTJL",
        "user_team": "TJE58GTJL",
        "source_team": "TJE58GTJL",
        "user_profile": {
            "avatar_hash": "b0fa34c3f8f5",
            "image_72": "https:\/\/avatars.slack-edge.com\/2021-08-16\/2368450553975_b0fa34c3f8f5e02f6b43_72.jpg",
            "first_name": "Leonie",
            "real_name": "Leonie Waldron",
            "display_name": "Leonie Waldron",
            "team": "TJE58GTJL",
            "name": "leonie",
            "is_restricted": false,
            "is_ultra_restricted": false
        },
        "blocks": [
            {
                "type": "rich_text",
                "block_id": "PB6b",
                "elements": [
                    {
                        "type": "rich_text_section",
                        "elements": [
                            {
                                "type": "text",
                                "text": "Great thanks Shyam, I'll take a look at that one too "
                            },
                            {
                                "type": "emoji",
                                "name": "slightly_smiling_face"
                            }
                        ]
                    }
                ]
            }
        ],
        "thread_ts": "1630375600.055600",
        "parent_user_id": "U02AR2XSN1M"
    },
    {
        "client_msg_id": "a95a730d-0eb2-48f0-8c43-3a12440a9290",
        "type": "message",
        "text": "Hey all! I’m wondering if anyone had advice on working with freelancers in *Australia*? :kangaroo: I’m hiring a bunch of doctors to review articles on a freelance basis. Many of them are new to freelancing, and aren’t sure about what they need (ABN etc). And, since I often use Upwork, neither am I! Any tips on invoicing and payment would be super appreciated!",
        "user": "U02C68DM1K4",
        "ts": "1630451158.065000",
        "team": "TJE58GTJL",
        "user_team": "TJE58GTJL",
        "source_team": "TJE58GTJL",
        "user_profile": {
            "avatar_hash": "60ba29ae3d8c",
            "image_72": "https:\/\/avatars.slack-edge.com\/2021-08-25\/2413401429877_60ba29ae3d8cbc2015fe_72.jpg",
            "first_name": "Caitlin",
            "real_name": "Caitlin Burns",
            "display_name": "Caitlin Burns",
            "team": "TJE58GTJL",
            "name": "caitlin399",
            "is_restricted": false,
            "is_ultra_restricted": false
        },
        "blocks": [
            {
                "type": "rich_text",
                "block_id": "X=DPQ",
                "elements": [
                    {
                        "type": "rich_text_section",
                        "elements": [
                            {
                                "type": "text",
                                "text": "Hey all! I’m wondering if anyone had advice on working with freelancers in "
                            },
                            {
                                "type": "text",
                                "text": "Australia",
                                "style": {
                                    "bold": true
                                }
                            },
                            {
                                "type": "text",
                                "text": "? "
                            },
                            {
                                "type": "emoji",
                                "name": "kangaroo"
                            },
                            {
                                "type": "text",
                                "text": " I’m hiring a bunch of doctors to review articles on a freelance basis. Many of them are new to freelancing, and aren’t sure about what they need (ABN etc). And, since I often use Upwork, neither am I! Any tips on invoicing and payment would be super appreciated!"
                            }
                        ]
                    }
                ]
            }
        ],
        "thread_ts": "1630451158.065000",
        "reply_count": 3,
        "reply_users_count": 3,
        "latest_reply": "1630504711.065900",
        "reply_users": [
            "UUKNRAD4Z",
            "U02C68DM1K4",
            "U01AHL8AGBB"
        ],
        "replies": [
            {
                "user": "UUKNRAD4Z",
                "ts": "1630451541.065100"
            },
            {
                "user": "U02C68DM1K4",
                "ts": "1630452371.065500"
            },
            {
                "user": "U01AHL8AGBB",
                "ts": "1630504711.065900"
            }
        ],
        "is_locked": false,
        "subscribed": false
    },
    {
        "client_msg_id": "c2262260-4615-411c-9b58-a3725b22c638",
        "type": "message",
        "text": "I'm a contractor in New Zealand, and I use a service called HNRY, which has recently expanded to Australia. They made it all a million times easier.\n\nThey give really great support, handle invoicing, and pay tax and other deductions as you go. Also good for managing expenses. Highly recommended! <https:\/\/hnry.com.au\/au\/>",
        "user": "UUKNRAD4Z",
        "ts": "1630451541.065100",
        "team": "TJE58GTJL",
        "user_team": "TJE58GTJL",
        "source_team": "TJE58GTJL",
        "user_profile": {
            "avatar_hash": "7a1b61d04207",
            "image_72": "https:\/\/avatars.slack-edge.com\/2020-03-05\/972261198097_7a1b61d0420706ec2439_72.jpg",
            "first_name": "MattM",
            "real_name": "MattM",
            "display_name": "MattM",
            "team": "TJE58GTJL",
            "name": "mcgma709",
            "is_restricted": false,
            "is_ultra_restricted": false
        },
        "blocks": [
            {
                "type": "rich_text",
                "block_id": "Yo\/\/+",
                "elements": [
                    {
                        "type": "rich_text_section",
                        "elements": [
                            {
                                "type": "text",
                                "text": "I'm a contractor in New Zealand, and I use a service called HNRY, which has recently expanded to Australia. They made it all a million times easier.\n\nThey give really great support, handle invoicing, and pay tax and other deductions as you go. Also good for managing expenses. Highly recommended! "
                            },
                            {
                                "type": "link",
                                "url": "https:\/\/hnry.com.au\/au\/"
                            }
                        ]
                    }
                ]
            }
        ],
        "thread_ts": "1630451158.065000",
        "parent_user_id": "U02C68DM1K4"
    },
    {
        "client_msg_id": "6365ee7b-94fd-40ec-b3e7-4b0f16222913",
        "type": "message",
        "text": "Awesome - I will check that out!! Thanks <@UUKNRAD4Z>",
        "user": "U02C68DM1K4",
        "ts": "1630452371.065500",
        "team": "TJE58GTJL",
        "user_team": "TJE58GTJL",
        "source_team": "TJE58GTJL",
        "user_profile": {
            "avatar_hash": "60ba29ae3d8c",
            "image_72": "https:\/\/avatars.slack-edge.com\/2021-08-25\/2413401429877_60ba29ae3d8cbc2015fe_72.jpg",
            "first_name": "Caitlin",
            "real_name": "Caitlin Burns",
            "display_name": "Caitlin Burns",
            "team": "TJE58GTJL",
            "name": "caitlin399",
            "is_restricted": false,
            "is_ultra_restricted": false
        },
        "blocks": [
            {
                "type": "rich_text",
                "block_id": "upi",
                "elements": [
                    {
                        "type": "rich_text_section",
                        "elements": [
                            {
                                "type": "text",
                                "text": "Awesome - I will check that out!! Thanks "
                            },
                            {
                                "type": "user",
                                "user_id": "UUKNRAD4Z"
                            }
                        ]
                    }
                ]
            }
        ],
        "thread_ts": "1630451158.065000",
        "parent_user_id": "U02C68DM1K4"
    }
]