[
    {
        "client_msg_id": "6f339ee4-04fd-45f4-8cbc-6ade16e33479",
        "type": "message",
        "text": "<@U023M662VPF> I sent you a DM!",
        "user": "U028D815JA0",
        "ts": "1626372842.295400",
        "team": "TJE58GTJL",
        "user_team": "TJE58GTJL",
        "source_team": "TJE58GTJL",
        "user_profile": {
            "avatar_hash": "7e2cf488ec83",
            "image_72": "https:\/\/avatars.slack-edge.com\/2021-11-09\/2701205349650_7e2cf488ec8355d9ecca_72.jpg",
            "first_name": "althea",
            "real_name": "althea storm",
            "display_name": "althea storm",
            "team": "TJE58GTJL",
            "name": "altheanymphcstorm",
            "is_restricted": false,
            "is_ultra_restricted": false
        },
        "blocks": [
            {
                "type": "rich_text",
                "block_id": "J3VLU",
                "elements": [
                    {
                        "type": "rich_text_section",
                        "elements": [
                            {
                                "type": "user",
                                "user_id": "U023M662VPF"
                            },
                            {
                                "type": "text",
                                "text": " I sent you a DM!"
                            }
                        ]
                    }
                ]
            }
        ],
        "thread_ts": "1626168927.278400",
        "parent_user_id": "U023M662VPF"
    },
    {
        "client_msg_id": "aae412cf-b657-40f3-b620-868cb21337b4",
        "type": "message",
        "text": "<@U02371SJUA3> just DM'd you!",
        "user": "U028D815JA0",
        "ts": "1626374239.295700",
        "team": "TJE58GTJL",
        "user_team": "TJE58GTJL",
        "source_team": "TJE58GTJL",
        "user_profile": {
            "avatar_hash": "7e2cf488ec83",
            "image_72": "https:\/\/avatars.slack-edge.com\/2021-11-09\/2701205349650_7e2cf488ec8355d9ecca_72.jpg",
            "first_name": "althea",
            "real_name": "althea storm",
            "display_name": "althea storm",
            "team": "TJE58GTJL",
            "name": "altheanymphcstorm",
            "is_restricted": false,
            "is_ultra_restricted": false
        },
        "blocks": [
            {
                "type": "rich_text",
                "block_id": "\/uqF",
                "elements": [
                    {
                        "type": "rich_text_section",
                        "elements": [
                            {
                                "type": "user",
                                "user_id": "U02371SJUA3"
                            },
                            {
                                "type": "text",
                                "text": " just DM'd you!"
                            }
                        ]
                    }
                ]
            }
        ],
        "thread_ts": "1623297091.099300",
        "parent_user_id": "U02371SJUA3"
    },
    {
        "client_msg_id": "b86d4f2c-e1e6-48b7-ba8e-541a0c19ffc7",
        "type": "message",
        "text": "<@U020GLH1U10> just DM'd you!",
        "user": "U028D815JA0",
        "ts": "1626374750.295900",
        "team": "TJE58GTJL",
        "user_team": "TJE58GTJL",
        "source_team": "TJE58GTJL",
        "user_profile": {
            "avatar_hash": "7e2cf488ec83",
            "image_72": "https:\/\/avatars.slack-edge.com\/2021-11-09\/2701205349650_7e2cf488ec8355d9ecca_72.jpg",
            "first_name": "althea",
            "real_name": "althea storm",
            "display_name": "althea storm",
            "team": "TJE58GTJL",
            "name": "altheanymphcstorm",
            "is_restricted": false,
            "is_ultra_restricted": false
        },
        "blocks": [
            {
                "type": "rich_text",
                "block_id": "pw2rD",
                "elements": [
                    {
                        "type": "rich_text_section",
                        "elements": [
                            {
                                "type": "user",
                                "user_id": "U020GLH1U10"
                            },
                            {
                                "type": "text",
                                "text": " just DM'd you!"
                            }
                        ]
                    }
                ]
            }
        ],
        "thread_ts": "1623791022.130800",
        "parent_user_id": "U020GLH1U10",
        "reactions": [
            {
                "name": "+1",
                "users": [
                    "U020GLH1U10"
                ],
                "count": 1
            }
        ]
    }
]