[
    {
        "client_msg_id": "eaad9256-2dd3-4326-9d10-2d0944195d83",
        "type": "message",
        "text": "I'm a Canadian freelancer and I have not thought about this before. I think if you had a really good contract in place you should be covered just through that",
        "user": "U01SFTTQ483",
        "ts": "1627485897.324600",
        "team": "TJE58GTJL",
        "user_team": "TJE58GTJL",
        "source_team": "TJE58GTJL",
        "user_profile": {
            "avatar_hash": "bffef5138cc6",
            "image_72": "https:\/\/avatars.slack-edge.com\/2021-03-25\/1893741270550_bffef5138cc63fcea5b0_72.png",
            "first_name": "Shawn",
            "real_name": "Shawn Ragell",
            "display_name": "Shawn Ragell",
            "team": "TJE58GTJL",
            "name": "shawn.ragell",
            "is_restricted": false,
            "is_ultra_restricted": false
        },
        "blocks": [
            {
                "type": "rich_text",
                "block_id": "F52FW",
                "elements": [
                    {
                        "type": "rich_text_section",
                        "elements": [
                            {
                                "type": "text",
                                "text": "I'm a Canadian freelancer and I have not thought about this before. I think if you had a really good contract in place you should be covered just through that"
                            }
                        ]
                    }
                ]
            }
        ],
        "thread_ts": "1625593469.242800",
        "parent_user_id": "U023Q8E7MNE"
    }
]