[
    {
        "client_msg_id": "B5F65DCD-A492-44B8-8969-6DB60C3937C4",
        "type": "message",
        "text": "33% does feel sky high! I'd say closer to 3% personally. \n\nTaxes? Accountant does that. \nEmails? Everything is done in DMs on various platforms. I actively unsubscribe to anything and everything that could even Be close to junk. \nPitching? I don't cold pitch anything but when people come to me, I have a template with services and pricing to send back to them. Saves me getting involved with clients who aren't serious. I'm sure a template would help you here too. \nAdmin? The only admin I can think of is sending invoices which takes about a minute!",
        "user": "UJJFDTN8G",
        "ts": "1639219740.441400",
        "team": "TJE58GTJL",
        "user_team": "TJE58GTJL",
        "source_team": "TJE58GTJL",
        "user_profile": {
            "avatar_hash": "gd91d89ae152",
            "image_72": "https:\/\/secure.gravatar.com\/avatar\/86d91d89ae1528e747f4a586668d5d87.jpg?s=72&d=https%3A%2F%2Fa.slack-edge.com%2Fdf10d%2Fimg%2Favatars%2Fava_0013-72.png",
            "first_name": "Dominic",
            "real_name": "Dominic Kent",
            "display_name": "Dom Kent",
            "team": "TJE58GTJL",
            "name": "dominic",
            "is_restricted": false,
            "is_ultra_restricted": false
        },
        "blocks": [
            {
                "type": "rich_text",
                "block_id": "shJB\/",
                "elements": [
                    {
                        "type": "rich_text_section",
                        "elements": [
                            {
                                "type": "text",
                                "text": "33% does feel sky high! I'd say closer to 3% personally. \n"
                            },
                            {
                                "type": "text",
                                "text": "\nTaxes? Accountant does that. \nEmails? Everything is done in DMs on various platforms. I actively unsubscribe to anything and everything that could even Be close to junk. \nPitching? I don't cold pitch anything but when people come to me, I have a template with services and pricing to send back to them. Saves me getting involved with clients who aren't serious. I'm sure a template would help you here too. \nAdmin? The only admin I can think of is sending invoices which takes about a minute!"
                            }
                        ]
                    }
                ]
            }
        ],
        "thread_ts": "1639174209.436700",
        "parent_user_id": "U02Q67WK4LS"
    },
    {
        "client_msg_id": "d39a5f05-b8bf-44b2-8df3-77c06ddd551b",
        "type": "message",
        "text": "Do you work with a lot of consistent clients, or are you doing a lot of one offs? Anchor clients take less admin work, as you'll have billing and pitching processes down to just replicate easily each month. I would separate our pitching from that number and look at how much pitching you need to do to earn a good income. While giving feedback and ideas for upcoming articles and projects can take time, most of my better clients assign work and I don't do brainstorming. If you are doing much brainstorming or pitching, you may need to ask for payment for that portion. I honestly don't pitch much outside of journalism these days.",
        "user": "U02M83NQ10U",
        "ts": "1639244793.441700",
        "team": "TJE58GTJL",
        "user_team": "TJE58GTJL",
        "source_team": "TJE58GTJL",
        "user_profile": {
            "avatar_hash": "87c168f85c64",
            "image_72": "https:\/\/avatars.slack-edge.com\/2021-11-12\/2720180260115_87c168f85c64b058a6b7_72.jpg",
            "first_name": "Linsey",
            "real_name": "Linsey Knerl",
            "display_name": "Linsey Knerl",
            "team": "TJE58GTJL",
            "name": "linsey",
            "is_restricted": false,
            "is_ultra_restricted": false
        },
        "blocks": [
            {
                "type": "rich_text",
                "block_id": "kRjkk",
                "elements": [
                    {
                        "type": "rich_text_section",
                        "elements": [
                            {
                                "type": "text",
                                "text": "Do you work with a lot of consistent clients, or are you doing a lot of one offs? Anchor clients take less admin work, as you'll have billing and pitching processes down to just replicate easily each month. I would separate our pitching from that number and look at how much pitching you need to do to earn a good income. While giving feedback and ideas for upcoming articles and projects can take time, most of my better clients assign work and I don't do brainstorming. If you are doing much brainstorming or pitching, you may need to ask for payment for that portion. I honestly don't pitch much outside of journalism these days."
                            }
                        ]
                    }
                ]
            }
        ],
        "thread_ts": "1639174209.436700",
        "parent_user_id": "U02Q67WK4LS"
    },
    {
        "client_msg_id": "1E651017-9FE3-4C49-BB35-FCCFD01C38CF",
        "type": "message",
        "text": "This is a great point. Turning free work into paid work is key to reducing that 33%.",
        "user": "UJJFDTN8G",
        "ts": "1639247613.442600",
        "team": "TJE58GTJL",
        "user_team": "TJE58GTJL",
        "source_team": "TJE58GTJL",
        "user_profile": {
            "avatar_hash": "gd91d89ae152",
            "image_72": "https:\/\/secure.gravatar.com\/avatar\/86d91d89ae1528e747f4a586668d5d87.jpg?s=72&d=https%3A%2F%2Fa.slack-edge.com%2Fdf10d%2Fimg%2Favatars%2Fava_0013-72.png",
            "first_name": "Dominic",
            "real_name": "Dominic Kent",
            "display_name": "Dom Kent",
            "team": "TJE58GTJL",
            "name": "dominic",
            "is_restricted": false,
            "is_ultra_restricted": false
        },
        "blocks": [
            {
                "type": "rich_text",
                "block_id": "jwI5F",
                "elements": [
                    {
                        "type": "rich_text_section",
                        "elements": [
                            {
                                "type": "text",
                                "text": "This is a great point. Turning free work into paid work is key to reducing that 33%."
                            }
                        ]
                    }
                ]
            }
        ],
        "thread_ts": "1639174209.436700",
        "parent_user_id": "U02Q67WK4LS"
    }
]