[
    {
        "type": "message",
        "text": "_*15 Days Of Running Microsoft Ads For Ecommerce Store And Strategies I Used*_\n\n_*SCENARIO:*_\n\nSo I am running paid ads for this _ecommerce startup_. They have very low budget for ad spent. And they were very afraid of spending money in the beginning. I convinced them and then I created the campaigns for them and _within 15 days_ I brought _*30 Sales* and *Revenue of $2k+* with the spend of *$226* only. *The ROAS IS 900%*_\n\n\n_*STRATEGIES I Used:*_\n1. Shopping campaigns perform best for ecommerce stores so start your paid ad strategy with shopping ads.\n2. Create Promotional Offers in your Ads. This will attract a lot of users to click on your ad.\n3. Don't be afraid of High CPC keywords, The high CPC indicates that this keyword is bringing revenue to the competitors that's why they are willing to spend more and more on this keyword.\n4. Create Urgency in your ads by showing that this OFFER Offer is valid for two days only. By doing this you will see a drastic increase in your conversions.\n5. Use Reviews extensions in your shopping and text ads as well.\n\n*So these are things which I adopted to brought this result. Please feel free to add anything in this list.*\n*If you have any query please feel free to ask I am more than happy to answer it.*\n*Happy Advertisement.*",
        "files": [
            {
                "id": "F02RBDB7CQH",
                "created": 1639635510,
                "timestamp": 1639635510,
                "name": "ss.png",
                "title": "ss.png",
                "mimetype": "image\/png",
                "filetype": "png",
                "pretty_type": "PNG",
                "user": "U02DGSGURQ8",
                "editable": false,
                "size": 87701,
                "mode": "hosted",
                "is_external": false,
                "external_type": "",
                "is_public": true,
                "public_url_shared": false,
                "display_as_bot": false,
                "username": "",
                "url_private": "https:\/\/files.slack.com\/files-pri\/TJE58GTJL-F02RBDB7CQH\/ss.png?t=xoxe-626178571632-3467451922035-3469800396036-b45365c7edcd0220272aa8a422c2b82f",
                "url_private_download": "https:\/\/files.slack.com\/files-pri\/TJE58GTJL-F02RBDB7CQH\/download\/ss.png?t=xoxe-626178571632-3467451922035-3469800396036-b45365c7edcd0220272aa8a422c2b82f",
                "media_display_type": "unknown",
                "thumb_64": "https:\/\/files.slack.com\/files-tmb\/TJE58GTJL-F02RBDB7CQH-1081f40d8f\/ss_64.png?t=xoxe-626178571632-3467451922035-3469800396036-b45365c7edcd0220272aa8a422c2b82f",
                "thumb_80": "https:\/\/files.slack.com\/files-tmb\/TJE58GTJL-F02RBDB7CQH-1081f40d8f\/ss_80.png?t=xoxe-626178571632-3467451922035-3469800396036-b45365c7edcd0220272aa8a422c2b82f",
                "thumb_360": "https:\/\/files.slack.com\/files-tmb\/TJE58GTJL-F02RBDB7CQH-1081f40d8f\/ss_360.png?t=xoxe-626178571632-3467451922035-3469800396036-b45365c7edcd0220272aa8a422c2b82f",
                "thumb_360_w": 360,
                "thumb_360_h": 154,
                "thumb_480": "https:\/\/files.slack.com\/files-tmb\/TJE58GTJL-F02RBDB7CQH-1081f40d8f\/ss_480.png?t=xoxe-626178571632-3467451922035-3469800396036-b45365c7edcd0220272aa8a422c2b82f",
                "thumb_480_w": 480,
                "thumb_480_h": 205,
                "thumb_160": "https:\/\/files.slack.com\/files-tmb\/TJE58GTJL-F02RBDB7CQH-1081f40d8f\/ss_160.png?t=xoxe-626178571632-3467451922035-3469800396036-b45365c7edcd0220272aa8a422c2b82f",
                "thumb_720": "https:\/\/files.slack.com\/files-tmb\/TJE58GTJL-F02RBDB7CQH-1081f40d8f\/ss_720.png?t=xoxe-626178571632-3467451922035-3469800396036-b45365c7edcd0220272aa8a422c2b82f",
                "thumb_720_w": 720,
                "thumb_720_h": 307,
                "thumb_800": "https:\/\/files.slack.com\/files-tmb\/TJE58GTJL-F02RBDB7CQH-1081f40d8f\/ss_800.png?t=xoxe-626178571632-3467451922035-3469800396036-b45365c7edcd0220272aa8a422c2b82f",
                "thumb_800_w": 800,
                "thumb_800_h": 341,
                "thumb_960": "https:\/\/files.slack.com\/files-tmb\/TJE58GTJL-F02RBDB7CQH-1081f40d8f\/ss_960.png?t=xoxe-626178571632-3467451922035-3469800396036-b45365c7edcd0220272aa8a422c2b82f",
                "thumb_960_w": 960,
                "thumb_960_h": 410,
                "thumb_1024": "https:\/\/files.slack.com\/files-tmb\/TJE58GTJL-F02RBDB7CQH-1081f40d8f\/ss_1024.png?t=xoxe-626178571632-3467451922035-3469800396036-b45365c7edcd0220272aa8a422c2b82f",
                "thumb_1024_w": 1024,
                "thumb_1024_h": 437,
                "original_w": 1366,
                "original_h": 583,
                "thumb_tiny": "AwAUADDQA5pw600dadkUAHFHFJnnnGO1HUUALxRgYpcD0pMUANHWnDkmmjrTl6mgBcU1qdTWoAVelFC9KB3oA\/\/Z",
                "permalink": "https:\/\/content-career-growth.slack.com\/files\/U02DGSGURQ8\/F02RBDB7CQH\/ss.png",
                "permalink_public": "https:\/\/slack-files.com\/TJE58GTJL-F02RBDB7CQH-5fe931809d",
                "is_starred": false,
                "has_rich_preview": false
            }
        ],
        "upload": false,
        "user": "U02DGSGURQ8",
        "display_as_bot": false,
        "ts": "1639635527.483500",
        "blocks": [
            {
                "type": "rich_text",
                "block_id": "jMqSO",
                "elements": [
                    {
                        "type": "rich_text_section",
                        "elements": [
                            {
                                "type": "text",
                                "text": "15 Days Of Running Microsoft Ads For Ecommerce Store And Strategies I Used",
                                "style": {
                                    "bold": true,
                                    "italic": true
                                }
                            },
                            {
                                "type": "text",
                                "text": "\n\n"
                            },
                            {
                                "type": "text",
                                "text": "SCENARIO:",
                                "style": {
                                    "bold": true,
                                    "italic": true
                                }
                            },
                            {
                                "type": "text",
                                "text": "\n\nSo I am running paid ads for this "
                            },
                            {
                                "type": "text",
                                "text": "ecommerce startup",
                                "style": {
                                    "italic": true
                                }
                            },
                            {
                                "type": "text",
                                "text": ". They have very low budget for ad spent. And they were very afraid of spending money in the beginning. I convinced them and then I created the campaigns for them and "
                            },
                            {
                                "type": "text",
                                "text": "within 15 days",
                                "style": {
                                    "italic": true
                                }
                            },
                            {
                                "type": "text",
                                "text": " I brought "
                            },
                            {
                                "type": "text",
                                "text": "30 Sales",
                                "style": {
                                    "bold": true,
                                    "italic": true
                                }
                            },
                            {
                                "type": "text",
                                "text": " and ",
                                "style": {
                                    "italic": true
                                }
                            },
                            {
                                "type": "text",
                                "text": "Revenue of $2k+",
                                "style": {
                                    "bold": true,
                                    "italic": true
                                }
                            },
                            {
                                "type": "text",
                                "text": " with the spend of ",
                                "style": {
                                    "italic": true
                                }
                            },
                            {
                                "type": "text",
                                "text": "$226",
                                "style": {
                                    "bold": true,
                                    "italic": true
                                }
                            },
                            {
                                "type": "text",
                                "text": " only. ",
                                "style": {
                                    "italic": true
                                }
                            },
                            {
                                "type": "text",
                                "text": "The ROAS IS 900%",
                                "style": {
                                    "bold": true,
                                    "italic": true
                                }
                            },
                            {
                                "type": "text",
                                "text": "\n\n\n"
                            },
                            {
                                "type": "text",
                                "text": "STRATEGIES I Used:",
                                "style": {
                                    "bold": true,
                                    "italic": true
                                }
                            },
                            {
                                "type": "text",
                                "text": "\n"
                            }
                        ]
                    },
                    {
                        "type": "rich_text_list",
                        "elements": [
                            {
                                "type": "rich_text_section",
                                "elements": [
                                    {
                                        "type": "text",
                                        "text": "Shopping campaigns perform best for ecommerce stores so start your paid ad strategy with shopping ads."
                                    }
                                ]
                            },
                            {
                                "type": "rich_text_section",
                                "elements": [
                                    {
                                        "type": "text",
                                        "text": "Create Promotional Offers in your Ads. This will attract a lot of users to click on your ad."
                                    }
                                ]
                            },
                            {
                                "type": "rich_text_section",
                                "elements": [
                                    {
                                        "type": "text",
                                        "text": "Don't be afraid of High CPC keywords, The high CPC indicates that this keyword is bringing revenue to the competitors that's why they are willing to spend more and more on this keyword."
                                    }
                                ]
                            },
                            {
                                "type": "rich_text_section",
                                "elements": [
                                    {
                                        "type": "text",
                                        "text": "Create Urgency in your ads by showing that this OFFER Offer is valid for two days only. By doing this you will see a drastic increase in your conversions."
                                    }
                                ]
                            },
                            {
                                "type": "rich_text_section",
                                "elements": [
                                    {
                                        "type": "text",
                                        "text": "Use Reviews extensions in your shopping and text ads as well."
                                    }
                                ]
                            }
                        ],
                        "style": "ordered",
                        "indent": 0,
                        "border": 0
                    },
                    {
                        "type": "rich_text_section",
                        "elements": [
                            {
                                "type": "text",
                                "text": "\n\n"
                            },
                            {
                                "type": "text",
                                "text": "So these are things which I adopted to brought this result. Please feel free to add anything in this list.",
                                "style": {
                                    "bold": true
                                }
                            },
                            {
                                "type": "text",
                                "text": "\n"
                            },
                            {
                                "type": "text",
                                "text": "If you have any query please feel free to ask I am more than happy to answer it.",
                                "style": {
                                    "bold": true
                                }
                            },
                            {
                                "type": "text",
                                "text": "\n"
                            },
                            {
                                "type": "text",
                                "text": "Happy Advertisement.",
                                "style": {
                                    "bold": true
                                }
                            }
                        ]
                    }
                ]
            }
        ],
        "client_msg_id": "810ef06e-fa40-471f-94d9-1ab99b56a59c",
        "thread_ts": "1639635527.483500",
        "reply_count": 2,
        "reply_users_count": 2,
        "latest_reply": "1639806770.498300",
        "reply_users": [
            "U02NADUBXSR",
            "U02DGSGURQ8"
        ],
        "replies": [
            {
                "user": "U02NADUBXSR",
                "ts": "1639767844.497800"
            },
            {
                "user": "U02DGSGURQ8",
                "ts": "1639806770.498300"
            }
        ],
        "is_locked": false,
        "subscribed": false,
        "reactions": [
            {
                "name": "partyparrot",
                "users": [
                    "U02NADUBXSR",
                    "U02PRMEAP0V",
                    "U02CUMU0PMG"
                ],
                "count": 3
            }
        ]
    }
]