[
    {
        "client_msg_id": "4bbe8262-d84b-4358-bd0a-6e5f7a4f3ad0",
        "type": "message",
        "text": "Hello everyone, I am planning to revamp my workflow, right from approaching clients to delivering the work. I currently have the following tools in my stack:\n\n• *Google Docs* - Write articles\n• *Evernote* - Save research\/links for articles (I am looking for a non-clunky cloud-based alternative)\n• *Todoist\/Good ol' smol diary* - Track tasks\n• *Simple notebook -* Article outline and jot down ideas and lightbulb moments\n• *Wave* - Invoicing (Will be moving to a different solution as they have asked Indian users to move to a different platform)\n• *Freedom* - App blocker\nI kind of struggle with the client management and finance tracking aspect as I don't have robust tools\/processes at the moment. I would really like to know what apps\/tools do you use to manage your freelance writing work. Thank you so much!",
        "user": "U025J1947A6",
        "ts": "1638109809.285800",
        "team": "TJE58GTJL",
        "user_team": "TJE58GTJL",
        "source_team": "TJE58GTJL",
        "user_profile": {
            "avatar_hash": "gffeba70cafa",
            "image_72": "https:\/\/secure.gravatar.com\/avatar\/ffeba70cafa2189c76a63f62a546ef65.jpg?s=72&d=https%3A%2F%2Fa.slack-edge.com%2Fdf10d%2Fimg%2Favatars%2Fava_0003-72.png",
            "first_name": "Indrajeet",
            "real_name": "Indrajeet Deshpande",
            "display_name": "Indrajeet",
            "team": "TJE58GTJL",
            "name": "indrajeet1990",
            "is_restricted": false,
            "is_ultra_restricted": false
        },
        "blocks": [
            {
                "type": "rich_text",
                "block_id": "6=Tc",
                "elements": [
                    {
                        "type": "rich_text_section",
                        "elements": [
                            {
                                "type": "text",
                                "text": "Hello everyone, I am planning to revamp my workflow, right from approaching clients to delivering the work. I currently have the following tools in my stack:\n\n"
                            }
                        ]
                    },
                    {
                        "type": "rich_text_list",
                        "elements": [
                            {
                                "type": "rich_text_section",
                                "elements": [
                                    {
                                        "type": "text",
                                        "text": "Google Docs",
                                        "style": {
                                            "bold": true
                                        }
                                    },
                                    {
                                        "type": "text",
                                        "text": " - Write articles"
                                    }
                                ]
                            },
                            {
                                "type": "rich_text_section",
                                "elements": [
                                    {
                                        "type": "text",
                                        "text": "Evernote",
                                        "style": {
                                            "bold": true
                                        }
                                    },
                                    {
                                        "type": "text",
                                        "text": " - Save research\/links for articles (I am looking for a non-clunky cloud-based alternative)"
                                    }
                                ]
                            },
                            {
                                "type": "rich_text_section",
                                "elements": [
                                    {
                                        "type": "text",
                                        "text": "Todoist\/Good ol' smol diary",
                                        "style": {
                                            "bold": true
                                        }
                                    },
                                    {
                                        "type": "text",
                                        "text": " - Track tasks"
                                    }
                                ]
                            },
                            {
                                "type": "rich_text_section",
                                "elements": [
                                    {
                                        "type": "text",
                                        "text": "Simple notebook -",
                                        "style": {
                                            "bold": true
                                        }
                                    },
                                    {
                                        "type": "text",
                                        "text": " Article outline and jot down ideas and lightbulb moments"
                                    }
                                ]
                            },
                            {
                                "type": "rich_text_section",
                                "elements": [
                                    {
                                        "type": "text",
                                        "text": "Wave",
                                        "style": {
                                            "bold": true
                                        }
                                    },
                                    {
                                        "type": "text",
                                        "text": " - Invoicing (Will be moving to a different solution as they have asked Indian users to move to a different platform)"
                                    }
                                ]
                            },
                            {
                                "type": "rich_text_section",
                                "elements": [
                                    {
                                        "type": "text",
                                        "text": "Freedom ",
                                        "style": {
                                            "bold": true
                                        }
                                    },
                                    {
                                        "type": "text",
                                        "text": "- App blocker"
                                    }
                                ]
                            }
                        ],
                        "style": "bullet",
                        "indent": 0,
                        "border": 0
                    },
                    {
                        "type": "rich_text_section",
                        "elements": [
                            {
                                "type": "text",
                                "text": "\nI kind of struggle with the client management and finance tracking aspect as I don't have robust tools\/processes at the moment. I would really like to know what apps\/tools do you use to manage your freelance writing work. Thank you so much!"
                            }
                        ]
                    }
                ]
            }
        ],
        "thread_ts": "1638109809.285800",
        "reply_count": 6,
        "reply_users_count": 5,
        "latest_reply": "1638259069.306900",
        "reply_users": [
            "UUVS5HWMB",
            "U020HS8D4TX",
            "U02MYNYNDEK",
            "U01P833NGUT",
            "U025J1947A6"
        ],
        "replies": [
            {
                "user": "UUVS5HWMB",
                "ts": "1638110408.285900"
            },
            {
                "user": "UUVS5HWMB",
                "ts": "1638110468.286200"
            },
            {
                "user": "U020HS8D4TX",
                "ts": "1638188732.291000"
            },
            {
                "user": "U02MYNYNDEK",
                "ts": "1638212411.292900"
            },
            {
                "user": "U01P833NGUT",
                "ts": "1638212827.293100"
            },
            {
                "user": "U025J1947A6",
                "ts": "1638259069.306900"
            }
        ],
        "is_locked": false,
        "subscribed": false
    },
    {
        "client_msg_id": "b2a025b5-8274-4305-84da-a06a0671e70a",
        "type": "message",
        "text": "Hey <@U025J1947A6> check out Notion (i think its notion.so ?) I've switched to that instead of Evernote (which I used for years) and am loving it so far.\n\nFor staying on top of client info, project status, and financial info, check out Hectic. Very robust feature set with constant improvements: <https:\/\/hecticapp.com?_get=anthony57|https:\/\/hecticapp.com?_get=anthony57>",
        "user": "UUVS5HWMB",
        "ts": "1638110408.285900",
        "team": "TJE58GTJL",
        "user_team": "TJE58GTJL",
        "source_team": "TJE58GTJL",
        "user_profile": {
            "avatar_hash": "gd1f8257b491",
            "image_72": "https:\/\/secure.gravatar.com\/avatar\/d1f8257b49114fa53c151fc16077a601.jpg?s=72&d=https%3A%2F%2Fa.slack-edge.com%2Fdf10d%2Fimg%2Favatars%2Fava_0010-72.png",
            "first_name": "",
            "real_name": "Anthony Sills",
            "display_name": "",
            "team": "TJE58GTJL",
            "name": "anthony760",
            "is_restricted": false,
            "is_ultra_restricted": false
        },
        "attachments": [
            {
                "from_url": "https:\/\/hecticapp.com\/?_get=anthony57",
                "title": "Hectic: Freelance smarter",
                "title_link": "https:\/\/hecticapp.com\/?_get=anthony57",
                "text": "Get in control &amp; stay on top of all your work in one place: proposals, projects, time tracking, payments, collaborative client management &amp; more.",
                "image_url": "https:\/\/uploads-ssl.webflow.com\/5f00428ccfab3c5f26bba9ef\/5fdb844d383fe927871aa51e_Hectic%20OpenGraph%20(1).jpg",
                "image_width": 476,
                "image_height": 250,
                "image_bytes": 66117,
                "fallback": "Hectic: Freelance smarter",
                "service_name": "hecticapp.com",
                "id": 1,
                "original_url": "https:\/\/hecticapp.com?_get=anthony57"
            }
        ],
        "blocks": [
            {
                "type": "rich_text",
                "block_id": "0NIeo",
                "elements": [
                    {
                        "type": "rich_text_section",
                        "elements": [
                            {
                                "type": "text",
                                "text": "Hey "
                            },
                            {
                                "type": "user",
                                "user_id": "U025J1947A6"
                            },
                            {
                                "type": "text",
                                "text": " check out Notion (i think its notion.so ?) I've switched to that instead of Evernote (which I used for years) and am loving it so far.\n\nFor staying on top of client info, project status, and financial info, check out Hectic. Very robust feature set with constant improvements: "
                            },
                            {
                                "type": "link",
                                "url": "https:\/\/hecticapp.com?_get=anthony57",
                                "text": "https:\/\/hecticapp.com?_get=anthony57"
                            }
                        ]
                    }
                ]
            }
        ],
        "thread_ts": "1638109809.285800",
        "parent_user_id": "U025J1947A6",
        "reactions": [
            {
                "name": "raised_hands",
                "users": [
                    "U025J1947A6"
                ],
                "count": 1
            }
        ]
    },
    {
        "client_msg_id": "df467207-44e7-49ea-ab21-efaf5a05f731",
        "type": "message",
        "text": "I also love Airstory for keeping track of notes and source material when writing.",
        "user": "UUVS5HWMB",
        "ts": "1638110468.286200",
        "team": "TJE58GTJL",
        "user_team": "TJE58GTJL",
        "source_team": "TJE58GTJL",
        "user_profile": {
            "avatar_hash": "gd1f8257b491",
            "image_72": "https:\/\/secure.gravatar.com\/avatar\/d1f8257b49114fa53c151fc16077a601.jpg?s=72&d=https%3A%2F%2Fa.slack-edge.com%2Fdf10d%2Fimg%2Favatars%2Fava_0010-72.png",
            "first_name": "",
            "real_name": "Anthony Sills",
            "display_name": "",
            "team": "TJE58GTJL",
            "name": "anthony760",
            "is_restricted": false,
            "is_ultra_restricted": false
        },
        "blocks": [
            {
                "type": "rich_text",
                "block_id": "bTPp",
                "elements": [
                    {
                        "type": "rich_text_section",
                        "elements": [
                            {
                                "type": "text",
                                "text": "I also love Airstory for keeping track of notes and source material when writing."
                            }
                        ]
                    }
                ]
            }
        ],
        "thread_ts": "1638109809.285800",
        "parent_user_id": "U025J1947A6",
        "reactions": [
            {
                "name": "raised_hands",
                "users": [
                    "U025J1947A6"
                ],
                "count": 1
            }
        ]
    },
    {
        "client_msg_id": "a8b75955-232c-4118-8a4c-7fc6da790aec",
        "type": "message",
        "text": "DM you!",
        "user": "U029WCJDVU0",
        "ts": "1638121386.286400",
        "team": "TJE58GTJL",
        "user_team": "TJE58GTJL",
        "source_team": "TJE58GTJL",
        "user_profile": {
            "avatar_hash": "a43c03c478da",
            "image_72": "https:\/\/avatars.slack-edge.com\/2021-12-13\/2830424325285_a43c03c478daa28624dc_72.jpg",
            "first_name": "",
            "real_name": "Igor Bobriakov",
            "display_name": "Igor Bobriakov",
            "team": "TJE58GTJL",
            "name": "bobriakov.igor",
            "is_restricted": false,
            "is_ultra_restricted": false
        },
        "blocks": [
            {
                "type": "rich_text",
                "block_id": "R=e",
                "elements": [
                    {
                        "type": "rich_text_section",
                        "elements": [
                            {
                                "type": "text",
                                "text": "DM you!"
                            }
                        ]
                    }
                ]
            }
        ],
        "thread_ts": "1637921660.274800",
        "parent_user_id": "U02CTCWKAF6"
    }
]