[
    {
        "client_msg_id": "26546640-2AE7-4A75-8A27-A003E4A15F3E",
        "type": "message",
        "text": "You’ve already protected yourself from further potential losses by stopping all work, so that’s good. There are two scenarios that can play out.\n\nAs long as you are not being ghosted, your best recourse is to keep sending periodic reminders and exercise patience until they pay it off. \n\nThe worst case is that you stop hearing back with no hope of seeing the money you are owed, so you need to mentally prepare for this outcome as well.",
        "user": "U0208DGLY87",
        "ts": "1639059393.426600",
        "team": "TJE58GTJL",
        "user_team": "TJE58GTJL",
        "source_team": "TJE58GTJL",
        "user_profile": {
            "avatar_hash": "06b240865d36",
            "image_72": "https:\/\/avatars.slack-edge.com\/2021-05-03\/2036481995841_06b240865d3636da85d3_72.png",
            "first_name": "Saïd",
            "real_name": "Saïd - Ayewo",
            "display_name": "Saïd - Ayewo",
            "team": "TJE58GTJL",
            "name": "hey",
            "is_restricted": false,
            "is_ultra_restricted": false
        },
        "blocks": [
            {
                "type": "rich_text",
                "block_id": "QKx3Q",
                "elements": [
                    {
                        "type": "rich_text_section",
                        "elements": [
                            {
                                "type": "text",
                                "text": "You’ve already protected yourself from further potential losses by stopping all work, so that’s good. There are two scenarios that can play out.\n\n"
                            },
                            {
                                "type": "text",
                                "text": "As long as you are not being ghosted, your best recourse is to keep sending periodic reminders and exercise patience until they pay it off. \n"
                            },
                            {
                                "type": "text",
                                "text": "\nThe worst case is that you stop hearing back with no hope of seeing the money you are owed, so you need to mentally prepare for this outcome as well."
                            }
                        ]
                    }
                ]
            }
        ],
        "thread_ts": "1639007288.417000",
        "parent_user_id": "U02PPUL9SAE"
    },
    {
        "client_msg_id": "861e11e5-1c09-4fd1-9b5b-72e111ef6aeb",
        "type": "message",
        "text": "I don't have a contract with them (I know, my mistake).\n\nThanks for the advice! That's my plan -- follow up, be patient and wait :sweat_smile:",
        "user": "U02PPUL9SAE",
        "ts": "1639065854.427200",
        "team": "TJE58GTJL",
        "user_team": "TJE58GTJL",
        "source_team": "TJE58GTJL",
        "user_profile": {
            "avatar_hash": "df046be1b994",
            "image_72": "https:\/\/avatars.slack-edge.com\/2021-12-07\/2807774618469_df046be1b994c6054cb7_72.jpg",
            "first_name": "Linda",
            "real_name": "Linda",
            "display_name": "Linda",
            "team": "TJE58GTJL",
            "name": "linda825",
            "is_restricted": false,
            "is_ultra_restricted": false
        },
        "blocks": [
            {
                "type": "rich_text",
                "block_id": "HiOC8",
                "elements": [
                    {
                        "type": "rich_text_section",
                        "elements": [
                            {
                                "type": "text",
                                "text": "I don't have a contract with them (I know, my mistake).\n\nThanks for the advice! That's my plan -- follow up, be patient and wait "
                            },
                            {
                                "type": "emoji",
                                "name": "sweat_smile"
                            }
                        ]
                    }
                ]
            }
        ],
        "thread_ts": "1639007288.417000",
        "parent_user_id": "U02PPUL9SAE",
        "reactions": [
            {
                "name": "+1",
                "users": [
                    "U0208DGLY87"
                ],
                "count": 1
            }
        ]
    },
    {
        "client_msg_id": "88fea8df-328a-4e02-9aea-c6ec92015728",
        "type": "message",
        "text": "Freelance writers! I've started to dive into more brand marketing and content strategy projects, but these have happened only with on-going clients. Looking to the new year, I'm looking for more of this blended approach. Anyone have advice on how to find\/pitch more content strategy or brand strategy gigs? Or have experience balancing writing with strategy projects?",
        "user": "U01N2ARBLA1",
        "ts": "1639086157.430900",
        "team": "TJE58GTJL",
        "user_team": "TJE58GTJL",
        "source_team": "TJE58GTJL",
        "user_profile": {
            "avatar_hash": "9af63ebef720",
            "image_72": "https:\/\/avatars.slack-edge.com\/2021-02-15\/1759630464180_9af63ebef72078ebc1d9_72.jpg",
            "first_name": "",
            "real_name": "Mary Walsh",
            "display_name": "Mary Walsh",
            "team": "TJE58GTJL",
            "name": "marywalsh27",
            "is_restricted": false,
            "is_ultra_restricted": false
        },
        "blocks": [
            {
                "type": "rich_text",
                "block_id": "4+y2",
                "elements": [
                    {
                        "type": "rich_text_section",
                        "elements": [
                            {
                                "type": "text",
                                "text": "Freelance writers! I've started to dive into more brand marketing and content strategy projects, but these have happened only with on-going clients. Looking to the new year, I'm looking for more of this blended approach. Anyone have advice on how to find\/pitch more content strategy or brand strategy gigs? Or have experience balancing writing with strategy projects?"
                            }
                        ]
                    }
                ]
            }
        ],
        "thread_ts": "1639086157.430900",
        "reply_count": 3,
        "reply_users_count": 3,
        "latest_reply": "1639144804.433100",
        "reply_users": [
            "U02P9A0LY7R",
            "U01AHL8AGBB",
            "U02J7DM81AQ"
        ],
        "replies": [
            {
                "user": "U02P9A0LY7R",
                "ts": "1639086754.431000"
            },
            {
                "user": "U01AHL8AGBB",
                "ts": "1639097986.431800"
            },
            {
                "user": "U02J7DM81AQ",
                "ts": "1639144804.433100"
            }
        ],
        "is_locked": false,
        "subscribed": false
    },
    {
        "client_msg_id": "2c7b053d-e14e-4d46-9c80-e0c3e8e4c056",
        "type": "message",
        "text": "This is playing out in real time so I don't have solid advice yet but... I shared a post about strategy I used for myself on Instagram and got someone in my DMs saying they liked my style and wanted to work with me in a few months.",
        "user": "U02P9A0LY7R",
        "ts": "1639086754.431000",
        "team": "TJE58GTJL",
        "user_team": "TJE58GTJL",
        "source_team": "TJE58GTJL",
        "user_profile": {
            "avatar_hash": "515aa668a9b0",
            "image_72": "https:\/\/avatars.slack-edge.com\/2021-12-06\/2799761650822_515aa668a9b023146cc1_72.jpg",
            "first_name": "Erin",
            "real_name": "Erin Cafferty",
            "display_name": "Erin Cafferty",
            "team": "TJE58GTJL",
            "name": "ecafferty94",
            "is_restricted": false,
            "is_ultra_restricted": false
        },
        "blocks": [
            {
                "type": "rich_text",
                "block_id": "RNy",
                "elements": [
                    {
                        "type": "rich_text_section",
                        "elements": [
                            {
                                "type": "text",
                                "text": "This is playing out in real time so I don't have solid advice yet but... I shared a post about strategy I used for myself on Instagram and got someone in my DMs saying they liked my style and wanted to work with me in a few months."
                            }
                        ]
                    }
                ]
            }
        ],
        "thread_ts": "1639086157.430900",
        "parent_user_id": "U01N2ARBLA1"
    },
    {
        "client_msg_id": "b0add2e9-53eb-4916-8454-95c05cbb2489",
        "type": "message",
        "text": "<@U01N2ARBLA1>\n\nOnce you hook a client with solid writing gigs, and they trust ya, ask them if they'd be open to you pre-emptively suggesting topics based on research, etc. Position it as taking busywork off their plate (figuring out what to write, briefing you, etc.)\n\nYou can't do a good job at recommending new topics without content strategy... so if they're keen to pull you into that kind of stuff, the strategy work will (usually) naturally follow.\n\nI like this approach because starting with the word \"strategy\" can sound intimidating _and_ expensive to the uninitiated.\n\nIf you want to skip the writing step, you can pitch based on a similar approach. Position it as \"figuring out the topics based on SEO\/etc.\"\n\nHope this helps!",
        "user": "U01AHL8AGBB",
        "ts": "1639097986.431800",
        "team": "TJE58GTJL",
        "user_team": "TJE58GTJL",
        "source_team": "TJE58GTJL",
        "user_profile": {
            "avatar_hash": "09eb34255d46",
            "image_72": "https:\/\/avatars.slack-edge.com\/2020-09-07\/1347887170866_09eb34255d4678a00ddc_72.png",
            "first_name": "Jordy",
            "real_name": "Jordy Fujiwara",
            "display_name": "Jordy",
            "team": "TJE58GTJL",
            "name": "jordy.fujiwara",
            "is_restricted": false,
            "is_ultra_restricted": false
        },
        "blocks": [
            {
                "type": "rich_text",
                "block_id": "v4Hx",
                "elements": [
                    {
                        "type": "rich_text_section",
                        "elements": [
                            {
                                "type": "user",
                                "user_id": "U01N2ARBLA1"
                            },
                            {
                                "type": "text",
                                "text": "\n\nOnce you hook a client with solid writing gigs, and they trust ya, ask them if they'd be open to you pre-emptively suggesting topics based on research, etc. Position it as taking busywork off their plate (figuring out what to write, briefing you, etc.)\n\nYou can't do a good job at recommending new topics without content strategy... so if they're keen to pull you into that kind of stuff, the strategy work will (usually) naturally follow.\n\nI like this approach because starting with the word \"strategy\" can sound intimidating "
                            },
                            {
                                "type": "text",
                                "text": "and",
                                "style": {
                                    "italic": true
                                }
                            },
                            {
                                "type": "text",
                                "text": " expensive to the uninitiated.\n\nIf you want to skip the writing step, you can pitch based on a similar approach. Position it as \"figuring out the topics based on SEO\/etc.\"\n\nHope this helps!"
                            }
                        ]
                    }
                ]
            }
        ],
        "thread_ts": "1639086157.430900",
        "parent_user_id": "U01N2ARBLA1",
        "reactions": [
            {
                "name": "heart",
                "users": [
                    "U01J84U3SQ6",
                    "U02DYMPDNS0",
                    "U02333AMCUW"
                ],
                "count": 3
            }
        ]
    },
    {
        "client_msg_id": "de107d24-f1e7-4615-ace2-6418cef619ef",
        "type": "message",
        "text": "Possibly something for you <@U029CTQ5X6Y>?",
        "user": "U01NM31CTFU",
        "ts": "1639112793.432200",
        "team": "TJE58GTJL",
        "user_team": "TJE58GTJL",
        "source_team": "TJE58GTJL",
        "user_profile": {
            "avatar_hash": "788aae3c46d1",
            "image_72": "https:\/\/avatars.slack-edge.com\/2021-05-28\/2122915523844_788aae3c46d19c1058da_72.jpg",
            "first_name": "Maddy",
            "real_name": "Maddy Osman",
            "display_name": "Maddy Osman",
            "team": "TJE58GTJL",
            "name": "maddy527",
            "is_restricted": false,
            "is_ultra_restricted": false
        },
        "blocks": [
            {
                "type": "rich_text",
                "block_id": "XCb",
                "elements": [
                    {
                        "type": "rich_text_section",
                        "elements": [
                            {
                                "type": "text",
                                "text": "Possibly something for you "
                            },
                            {
                                "type": "user",
                                "user_id": "U029CTQ5X6Y"
                            },
                            {
                                "type": "text",
                                "text": "?"
                            }
                        ]
                    }
                ]
            }
        ],
        "thread_ts": "1638900537.368500",
        "parent_user_id": "U02CUMQBP9R"
    }
]