[
    {
        "client_msg_id": "aa4196e4-13bf-4920-9d68-4d9ad7f03ccd",
        "type": "message",
        "text": "Done! And if I may, there's a question that maybe should be optional. The one about your income in 2020. I started freelancing in 2021 so that doesn't apply to me, but it's a required question. I put the minimum. Just letting you know! Looking forward to the results",
        "user": "U02AUQ0PUR2",
        "ts": "1631980564.216800",
        "team": "TJE58GTJL",
        "user_team": "TJE58GTJL",
        "source_team": "TJE58GTJL",
        "user_profile": {
            "avatar_hash": "c97ae7d3943f",
            "image_72": "https:\/\/avatars.slack-edge.com\/2021-08-10\/2369720521540_c97ae7d3943f476ea70c_72.jpg",
            "first_name": "Mila",
            "real_name": "Mila Di Bella",
            "display_name": "Mila Di Bella",
            "team": "TJE58GTJL",
            "name": "hi884",
            "is_restricted": false,
            "is_ultra_restricted": false
        },
        "blocks": [
            {
                "type": "rich_text",
                "block_id": "vU1",
                "elements": [
                    {
                        "type": "rich_text_section",
                        "elements": [
                            {
                                "type": "text",
                                "text": "Done! And if I may, there's a question that maybe should be optional. The one about your income in 2020. I started freelancing in 2021 so that doesn't apply to me, but it's a required question. I put the minimum. Just letting you know! Looking forward to the results"
                            }
                        ]
                    }
                ]
            }
        ],
        "thread_ts": "1631547360.169500",
        "parent_user_id": "UJHMVAE3G",
        "reactions": [
            {
                "name": "+1",
                "users": [
                    "U01RSA9E9D4"
                ],
                "count": 1
            }
        ]
    },
    {
        "client_msg_id": "d8c3b00d-8954-44a3-a57e-5d5b428b3e43",
        "type": "message",
        "text": "I think maybe they had worked with a Copy School student because I'm taking their qeb pages course and yes, there's a throrough questionnaire and several other workflows to follow. At least, this is how they teach conversion copywriter. \nIf you like writing home pages and websites I'd strongly recommend taking the course. It's a before \/after thing, really",
        "user": "U02AUQ0PUR2",
        "ts": "1631980843.217000",
        "team": "TJE58GTJL",
        "user_team": "TJE58GTJL",
        "source_team": "TJE58GTJL",
        "user_profile": {
            "avatar_hash": "c97ae7d3943f",
            "image_72": "https:\/\/avatars.slack-edge.com\/2021-08-10\/2369720521540_c97ae7d3943f476ea70c_72.jpg",
            "first_name": "Mila",
            "real_name": "Mila Di Bella",
            "display_name": "Mila Di Bella",
            "team": "TJE58GTJL",
            "name": "hi884",
            "is_restricted": false,
            "is_ultra_restricted": false
        },
        "blocks": [
            {
                "type": "rich_text",
                "block_id": "EJSe",
                "elements": [
                    {
                        "type": "rich_text_section",
                        "elements": [
                            {
                                "type": "text",
                                "text": "I think maybe they had worked with a Copy School student because I'm taking their qeb pages course and yes, there's a throrough questionnaire and several other workflows to follow. At least, this is how they teach conversion copywriter. \nIf you like writing home pages and websites I'd strongly recommend taking the course. It's a before \/after thing, really"
                            }
                        ]
                    }
                ]
            }
        ],
        "thread_ts": "1631395673.160100",
        "parent_user_id": "U02CVNB3X1T"
    }
]