[
    {
        "client_msg_id": "4900106f-eff7-4dd0-bf8d-68d9d4ec184a",
        "type": "message",
        "text": "Generally, you could aim to increase your $\/hour. There are many pathways to this.\n\nPassive income approach that isn't an online course—build a niche content site\/channel, get ad dollars or amazon referral dollars.\n\nYou could create assets vs \"course\" content, (eBooks, toolkits).\n\nSome iceberg tips to consider!",
        "user": "U01AHL8AGBB",
        "ts": "1629899343.135700",
        "team": "TJE58GTJL",
        "user_team": "TJE58GTJL",
        "source_team": "TJE58GTJL",
        "user_profile": {
            "avatar_hash": "09eb34255d46",
            "image_72": "https:\/\/avatars.slack-edge.com\/2020-09-07\/1347887170866_09eb34255d4678a00ddc_72.png",
            "first_name": "Jordy",
            "real_name": "Jordy Fujiwara",
            "display_name": "Jordy",
            "team": "TJE58GTJL",
            "name": "jordy.fujiwara",
            "is_restricted": false,
            "is_ultra_restricted": false
        },
        "blocks": [
            {
                "type": "rich_text",
                "block_id": "rGN4",
                "elements": [
                    {
                        "type": "rich_text_section",
                        "elements": [
                            {
                                "type": "text",
                                "text": "Generally, you could aim to increase your $\/hour. There are many pathways to this.\n\nPassive income approach that isn't an online course—build a niche content site\/channel, get ad dollars or amazon referral dollars.\n\nYou could create assets vs \"course\" content, (eBooks, toolkits).\n\nSome iceberg tips to consider!"
                            }
                        ]
                    }
                ]
            }
        ],
        "thread_ts": "1629855454.135100",
        "parent_user_id": "U02AR2XSN1M"
    },
    {
        "client_msg_id": "a8089cbf-70d0-404c-98a8-e400ffe94ba7",
        "type": "message",
        "text": "<@U02AR2XSN1M> You could also create a scaleable media product — a newsletter \/ podcast \/ etc. A ton of work at the start, but.... as you grow, your hours can remain the same while your audience (and $) grows.",
        "user": "U024A8928AW",
        "ts": "1629900725.135900",
        "team": "TJE58GTJL",
        "user_team": "TJE58GTJL",
        "source_team": "TJE58GTJL",
        "user_profile": {
            "avatar_hash": "gfce53b938f8",
            "image_72": "https:\/\/secure.gravatar.com\/avatar\/fce53b938f89c81afc27098fb567bc9d.jpg?s=72&d=https%3A%2F%2Fa.slack-edge.com%2Fdf10d%2Fimg%2Favatars%2Fava_0014-72.png",
            "first_name": "Kenza",
            "real_name": "Kenza Moller",
            "display_name": "Kenza Moller",
            "team": "TJE58GTJL",
            "name": "kenzamoller",
            "is_restricted": false,
            "is_ultra_restricted": false
        },
        "blocks": [
            {
                "type": "rich_text",
                "block_id": "uitRS",
                "elements": [
                    {
                        "type": "rich_text_section",
                        "elements": [
                            {
                                "type": "user",
                                "user_id": "U02AR2XSN1M"
                            },
                            {
                                "type": "text",
                                "text": " You could also create a scaleable media product — a newsletter \/ podcast \/ etc. A ton of work at the start, but.... as you grow, your hours can remain the same while your audience (and $) grows."
                            }
                        ]
                    }
                ]
            }
        ],
        "thread_ts": "1629855454.135100",
        "parent_user_id": "U02AR2XSN1M"
    },
    {
        "client_msg_id": "4bccbc9a-48cc-4409-af2e-c87eed9c2062",
        "type": "message",
        "text": "Have you heard of Ed Gandia? He's a copywriting business couch and one of his specialties is helping six-figure or near-six-figure copywriters take their business to the next level—whatever that looks like for them. For many, it's \"work less or with better clients while maintaining my income or growing my income.\" I paid for a 9-month coaching course with him a couple of years ago and it was well worth the investment of time and money. At different benchmarks, you check in with him and report on what you're liking\/not liking about your business and he provides personalized steps to follow. I really liked it and think it may help you tease out this question with other successful \"freelancers.\"",
        "user": "U0241GTJEDC",
        "ts": "1629908704.136700",
        "team": "TJE58GTJL",
        "user_team": "TJE58GTJL",
        "source_team": "TJE58GTJL",
        "user_profile": {
            "avatar_hash": "536d8eb0424e",
            "image_72": "https:\/\/avatars.slack-edge.com\/2021-06-07\/2130419106119_536d8eb0424e890966a3_72.jpg",
            "first_name": "Kaleigh",
            "real_name": "Kaleigh Cox",
            "display_name": "Kaleigh Cox",
            "team": "TJE58GTJL",
            "name": "kaleighcoxwriter",
            "is_restricted": false,
            "is_ultra_restricted": false
        },
        "blocks": [
            {
                "type": "rich_text",
                "block_id": "6NKja",
                "elements": [
                    {
                        "type": "rich_text_section",
                        "elements": [
                            {
                                "type": "text",
                                "text": "Have you heard of Ed Gandia? He's a copywriting business couch and one of his specialties is helping six-figure or near-six-figure copywriters take their business to the next level—whatever that looks like for them. For many, it's \"work less or with better clients while maintaining my income or growing my income.\" I paid for a 9-month coaching course with him a couple of years ago and it was well worth the investment of time and money. At different benchmarks, you check in with him and report on what you're liking\/not liking about your business and he provides personalized steps to follow. I really liked it and think it may help you tease out this question with other successful \"freelancers.\""
                            }
                        ]
                    }
                ]
            }
        ],
        "thread_ts": "1629855454.135100",
        "parent_user_id": "U02AR2XSN1M",
        "reactions": [
            {
                "name": "fire",
                "users": [
                    "U01AHL8AGBB",
                    "U02DALQQHE0"
                ],
                "count": 2
            }
        ]
    },
    {
        "client_msg_id": "59b60584-fe1c-48aa-a37e-75b549b4d9b3",
        "type": "message",
        "text": "Thanks so much folks! Appreciate the tips. I probably sounded a bit negative but I feel a bit stuck in a rut at the moment. (Endless lockdown isn't helping either). <@U0241GTJEDC> I haven't heard of Ed; I'll check him out, thanks. I follow another lady who has a similar approach, Brook McCarthy, and have been eyeing off her coaching for a while.\n<@U024A8928AW> &amp;<@U01AHL8AGBB> - you're right, an asset could be worth thinking about - I have a lot of clients come to me and say 'can you just have a look at our site and tell us how it can be better' so I think there's a knowledge gap there somewhere with the old-school manufacturing businesses that I work with.\nThanks!",
        "user": "U02AR2XSN1M",
        "ts": "1629929642.137400",
        "team": "TJE58GTJL",
        "user_team": "TJE58GTJL",
        "source_team": "TJE58GTJL",
        "user_profile": {
            "avatar_hash": "b0fa34c3f8f5",
            "image_72": "https:\/\/avatars.slack-edge.com\/2021-08-16\/2368450553975_b0fa34c3f8f5e02f6b43_72.jpg",
            "first_name": "Leonie",
            "real_name": "Leonie Waldron",
            "display_name": "Leonie Waldron",
            "team": "TJE58GTJL",
            "name": "leonie",
            "is_restricted": false,
            "is_ultra_restricted": false
        },
        "blocks": [
            {
                "type": "rich_text",
                "block_id": "dq6j",
                "elements": [
                    {
                        "type": "rich_text_section",
                        "elements": [
                            {
                                "type": "text",
                                "text": "Thanks so much folks! Appreciate the tips. I probably sounded a bit negative but I feel a bit stuck in a rut at the moment. (Endless lockdown isn't helping either). "
                            },
                            {
                                "type": "user",
                                "user_id": "U0241GTJEDC"
                            },
                            {
                                "type": "text",
                                "text": " I haven't heard of Ed; I'll check him out, thanks. I follow another lady who has a similar approach, Brook McCarthy, and have been eyeing off her coaching for a while.\n"
                            },
                            {
                                "type": "user",
                                "user_id": "U024A8928AW"
                            },
                            {
                                "type": "text",
                                "text": " &"
                            },
                            {
                                "type": "user",
                                "user_id": "U01AHL8AGBB"
                            },
                            {
                                "type": "text",
                                "text": " - you're right, an asset could be worth thinking about - I have a lot of clients come to me and say 'can you just have a look at our site and tell us how it can be better' so I think there's a knowledge gap there somewhere with the old-school manufacturing businesses that I work with.\nThanks!"
                            }
                        ]
                    }
                ]
            }
        ],
        "thread_ts": "1629855454.135100",
        "parent_user_id": "U02AR2XSN1M"
    },
    {
        "client_msg_id": "2c2994c8-a2de-45ae-b955-9a9ce5bdbf01",
        "type": "message",
        "text": "<@U02AR2XSN1M> Not negative at all! I think it's smart to be thinking of how to expand your income without having to put in (necessarily) more hours — otherwise there's always a cap. Let us know how it goes.",
        "user": "U024A8928AW",
        "ts": "1629929763.137600",
        "team": "TJE58GTJL",
        "user_team": "TJE58GTJL",
        "source_team": "TJE58GTJL",
        "user_profile": {
            "avatar_hash": "gfce53b938f8",
            "image_72": "https:\/\/secure.gravatar.com\/avatar\/fce53b938f89c81afc27098fb567bc9d.jpg?s=72&d=https%3A%2F%2Fa.slack-edge.com%2Fdf10d%2Fimg%2Favatars%2Fava_0014-72.png",
            "first_name": "Kenza",
            "real_name": "Kenza Moller",
            "display_name": "Kenza Moller",
            "team": "TJE58GTJL",
            "name": "kenzamoller",
            "is_restricted": false,
            "is_ultra_restricted": false
        },
        "blocks": [
            {
                "type": "rich_text",
                "block_id": "1p8up",
                "elements": [
                    {
                        "type": "rich_text_section",
                        "elements": [
                            {
                                "type": "user",
                                "user_id": "U02AR2XSN1M"
                            },
                            {
                                "type": "text",
                                "text": " Not negative at all! I think it's smart to be thinking of how to expand your income without having to put in (necessarily) more hours — otherwise there's always a cap. Let us know how it goes."
                            }
                        ]
                    }
                ]
            }
        ],
        "thread_ts": "1629855454.135100",
        "parent_user_id": "U02AR2XSN1M"
    },
    {
        "client_msg_id": "9c1d9f28-d9a4-4b48-98a2-ef07d7619769",
        "type": "message",
        "text": "<@U02AR2XSN1M>\n\n&gt; Just curious what others have done to increase their earning capacity past the ‘x hours in a day’ limit?\nCheck the book “Hourly billing is nuts” by Jonathan Stark\n\n<https:\/\/jonathanstark.com\/hbin>\n\nSolid read. It helps folks get off the hamster wheel of selling hours for time.\n\nPast that, I love _Productized Services_, where you switch to selling a fixed-price, fixed-scope, fixed-deliverable, fixed-timeline productized service. _(This is how my SEO X-Ray service works.)_\n\nThat way, you’re selling something you know you can deliver for a fixed price. As your processes improve, you’re making more per hour.",
        "user": "U01KH3P18RZ",
        "ts": "1629949261.000300",
        "team": "TJE58GTJL",
        "user_team": "TJE58GTJL",
        "source_team": "TJE58GTJL",
        "user_profile": {
            "avatar_hash": "fab0c6d48595",
            "image_72": "https:\/\/avatars.slack-edge.com\/2021-05-28\/2110157153414_fab0c6d48595c62a6594_72.jpg",
            "first_name": "Kai",
            "real_name": "Kai Davis",
            "display_name": "Kai (Your Shopify SEO Guy)",
            "team": "TJE58GTJL",
            "name": "kai",
            "is_restricted": false,
            "is_ultra_restricted": false
        },
        "attachments": [
            {
                "service_name": "Jonathan Stark",
                "title": "Hourly Billing Is Nuts by Jonathan Stark",
                "title_link": "https:\/\/jonathanstark.com\/hbin",
                "text": "“Every freelancer who bills hourly should be FORCED to read this book.” —Matt Inglot",
                "fallback": "Jonathan Stark: Hourly Billing Is Nuts by Jonathan Stark",
                "image_url": "https:\/\/jonathanstark.com\/img\/hbin-iphone-on-teal.jpg",
                "from_url": "https:\/\/jonathanstark.com\/hbin",
                "image_width": 333,
                "image_height": 250,
                "image_bytes": 423276,
                "service_icon": "http:\/\/jonathanstark.com\/img\/hbin-iphone-on-teal-sq.jpg",
                "id": 1,
                "original_url": "https:\/\/jonathanstark.com\/hbin"
            }
        ],
        "blocks": [
            {
                "type": "rich_text",
                "block_id": "9dt",
                "elements": [
                    {
                        "type": "rich_text_section",
                        "elements": [
                            {
                                "type": "user",
                                "user_id": "U02AR2XSN1M"
                            },
                            {
                                "type": "text",
                                "text": "\n\n"
                            }
                        ]
                    },
                    {
                        "type": "rich_text_quote",
                        "elements": [
                            {
                                "type": "text",
                                "text": "Just curious what others have done to increase their earning capacity past the ‘x hours in a day’ limit?"
                            }
                        ]
                    },
                    {
                        "type": "rich_text_section",
                        "elements": [
                            {
                                "type": "text",
                                "text": "\nCheck the book “Hourly billing is nuts” by Jonathan Stark\n\n"
                            },
                            {
                                "type": "link",
                                "url": "https:\/\/jonathanstark.com\/hbin"
                            },
                            {
                                "type": "text",
                                "text": "\n\nSolid read. It helps folks get off the hamster wheel of selling hours for time.\n\nPast that, I love "
                            },
                            {
                                "type": "text",
                                "text": "Productized Services",
                                "style": {
                                    "italic": true
                                }
                            },
                            {
                                "type": "text",
                                "text": ", where you switch to selling a fixed-price, fixed-scope, fixed-deliverable, fixed-timeline productized service. "
                            },
                            {
                                "type": "text",
                                "text": "(This is how my SEO X-Ray service works.)",
                                "style": {
                                    "italic": true
                                }
                            },
                            {
                                "type": "text",
                                "text": "\n\nThat way, you’re selling something you know you can deliver for a fixed price. As your processes improve, you’re making more per hour."
                            }
                        ]
                    }
                ]
            }
        ],
        "thread_ts": "1629855454.135100",
        "parent_user_id": "U02AR2XSN1M"
    },
    {
        "client_msg_id": "a45c30e5-83ef-4e58-8f0d-810ad9341cb9",
        "type": "message",
        "text": "That sounds cool thank you <@U01KH3P18RZ>. I have a few clients on retainer packages, but my two main clients are on hourly rate, and one is heavily micromanaging me... I'm keen to break away from them!",
        "user": "U02AR2XSN1M",
        "ts": "1629951156.000600",
        "team": "TJE58GTJL",
        "user_team": "TJE58GTJL",
        "source_team": "TJE58GTJL",
        "user_profile": {
            "avatar_hash": "b0fa34c3f8f5",
            "image_72": "https:\/\/avatars.slack-edge.com\/2021-08-16\/2368450553975_b0fa34c3f8f5e02f6b43_72.jpg",
            "first_name": "Leonie",
            "real_name": "Leonie Waldron",
            "display_name": "Leonie Waldron",
            "team": "TJE58GTJL",
            "name": "leonie",
            "is_restricted": false,
            "is_ultra_restricted": false
        },
        "blocks": [
            {
                "type": "rich_text",
                "block_id": "mdrN",
                "elements": [
                    {
                        "type": "rich_text_section",
                        "elements": [
                            {
                                "type": "text",
                                "text": "That sounds cool thank you "
                            },
                            {
                                "type": "user",
                                "user_id": "U01KH3P18RZ"
                            },
                            {
                                "type": "text",
                                "text": ". I have a few clients on retainer packages, but my two main clients are on hourly rate, and one is heavily micromanaging me... I'm keen to break away from them!"
                            }
                        ]
                    }
                ]
            }
        ],
        "thread_ts": "1629855454.135100",
        "parent_user_id": "U02AR2XSN1M"
    }
]