[
    {
        "client_msg_id": "5eb85697-970d-49ab-8928-be9ab10a11e2",
        "type": "message",
        "text": "Looking for a freelance LinkedIn ad specialist - can anyone on here help?",
        "user": "U02DKVCN6U9",
        "ts": "1632763399.277900",
        "team": "TJE58GTJL",
        "user_team": "TJE58GTJL",
        "source_team": "TJE58GTJL",
        "user_profile": {
            "avatar_hash": "1b2fe4f4caa7",
            "image_72": "https:\/\/avatars.slack-edge.com\/2021-09-02\/2450809644883_1b2fe4f4caa7a2e01c47_72.png",
            "first_name": "Clare",
            "real_name": "Clare Warren",
            "display_name": "Clare",
            "team": "TJE58GTJL",
            "name": "clarew",
            "is_restricted": false,
            "is_ultra_restricted": false
        },
        "blocks": [
            {
                "type": "rich_text",
                "block_id": "Kni",
                "elements": [
                    {
                        "type": "rich_text_section",
                        "elements": [
                            {
                                "type": "text",
                                "text": "Looking for a freelance LinkedIn ad specialist - can anyone on here help?"
                            }
                        ]
                    }
                ]
            }
        ],
        "thread_ts": "1632763399.277900",
        "reply_count": 2,
        "reply_users_count": 2,
        "latest_reply": "1633347621.321900",
        "reply_users": [
            "U022FMX8Y6L",
            "U02G3SKQ4F5"
        ],
        "replies": [
            {
                "user": "U022FMX8Y6L",
                "ts": "1632801749.278000"
            },
            {
                "user": "U02G3SKQ4F5",
                "ts": "1633347621.321900"
            }
        ],
        "is_locked": false,
        "subscribed": false
    },
    {
        "client_msg_id": "52edc4d9-5d2a-4079-b36f-b2f488258d81",
        "type": "message",
        "text": "Hey Clare, I know someone. I'll message you.",
        "user": "U022FMX8Y6L",
        "ts": "1632801749.278000",
        "team": "TJE58GTJL",
        "user_team": "TJE58GTJL",
        "source_team": "TJE58GTJL",
        "user_profile": {
            "avatar_hash": "ce4949a73bd4",
            "image_72": "https:\/\/avatars.slack-edge.com\/2021-05-19\/2077163221830_ce4949a73bd41a50067f_72.jpg",
            "first_name": "Mike",
            "real_name": "Mike Nesselbeck",
            "display_name": "Mike Nesselbeck",
            "team": "TJE58GTJL",
            "name": "michael.nesselbeck",
            "is_restricted": false,
            "is_ultra_restricted": false
        },
        "blocks": [
            {
                "type": "rich_text",
                "block_id": "MTVr3",
                "elements": [
                    {
                        "type": "rich_text_section",
                        "elements": [
                            {
                                "type": "text",
                                "text": "Hey Clare, I know someone. I'll message you."
                            }
                        ]
                    }
                ]
            }
        ],
        "thread_ts": "1632763399.277900",
        "parent_user_id": "U02DKVCN6U9"
    },
    {
        "client_msg_id": "42194ba9-1116-4c36-a4f2-a9e259329b5b",
        "type": "message",
        "text": "Hello everyone!",
        "user": "U01K3VD3154",
        "ts": "1632808034.278300",
        "team": "TJE58GTJL",
        "user_team": "TJE58GTJL",
        "source_team": "TJE58GTJL",
        "user_profile": {
            "avatar_hash": "344b2bdfd4e4",
            "image_72": "https:\/\/avatars.slack-edge.com\/2021-12-24\/2880772375011_344b2bdfd4e4a027d9a5_72.png",
            "first_name": "Liana",
            "real_name": "Liana",
            "display_name": "Liana",
            "team": "TJE58GTJL",
            "name": "lianasimonyan98",
            "is_restricted": false,
            "is_ultra_restricted": false
        },
        "blocks": [
            {
                "type": "rich_text",
                "block_id": "aBV",
                "elements": [
                    {
                        "type": "rich_text_section",
                        "elements": [
                            {
                                "type": "text",
                                "text": "Hello everyone!"
                            }
                        ]
                    }
                ]
            }
        ]
    },
    {
        "client_msg_id": "cb055a79-db07-44dc-b050-e9e68e5fb8ae",
        "type": "message",
        "text": "Still looking for freelance writing gigs for the monthly retainer. I am specialized in B2B &amp; SaaS industries!",
        "user": "U01K3VD3154",
        "ts": "1632808085.279400",
        "team": "TJE58GTJL",
        "user_team": "TJE58GTJL",
        "source_team": "TJE58GTJL",
        "user_profile": {
            "avatar_hash": "344b2bdfd4e4",
            "image_72": "https:\/\/avatars.slack-edge.com\/2021-12-24\/2880772375011_344b2bdfd4e4a027d9a5_72.png",
            "first_name": "Liana",
            "real_name": "Liana",
            "display_name": "Liana",
            "team": "TJE58GTJL",
            "name": "lianasimonyan98",
            "is_restricted": false,
            "is_ultra_restricted": false
        },
        "blocks": [
            {
                "type": "rich_text",
                "block_id": "jyo",
                "elements": [
                    {
                        "type": "rich_text_section",
                        "elements": [
                            {
                                "type": "text",
                                "text": "Still looking for freelance writing gigs for the monthly retainer. I am specialized in B2B & SaaS industries!"
                            }
                        ]
                    }
                ]
            }
        ]
    },
    {
        "client_msg_id": "2ea9a6d8-9fab-462a-a32f-65aa04fbe599",
        "type": "message",
        "text": "Kindly write me DM to speak in more detail.",
        "user": "U01K3VD3154",
        "ts": "1632808111.280000",
        "team": "TJE58GTJL",
        "user_team": "TJE58GTJL",
        "source_team": "TJE58GTJL",
        "user_profile": {
            "avatar_hash": "344b2bdfd4e4",
            "image_72": "https:\/\/avatars.slack-edge.com\/2021-12-24\/2880772375011_344b2bdfd4e4a027d9a5_72.png",
            "first_name": "Liana",
            "real_name": "Liana",
            "display_name": "Liana",
            "team": "TJE58GTJL",
            "name": "lianasimonyan98",
            "is_restricted": false,
            "is_ultra_restricted": false
        },
        "blocks": [
            {
                "type": "rich_text",
                "block_id": "FXmh",
                "elements": [
                    {
                        "type": "rich_text_section",
                        "elements": [
                            {
                                "type": "text",
                                "text": "Kindly write me DM to speak in more detail."
                            }
                        ]
                    }
                ]
            }
        ]
    },
    {
        "client_msg_id": "fe3cfeff-c0b8-4000-932c-68bc5153fd66",
        "type": "message",
        "text": "Thanks in advance.",
        "user": "U01K3VD3154",
        "ts": "1632808120.280300",
        "team": "TJE58GTJL",
        "user_team": "TJE58GTJL",
        "source_team": "TJE58GTJL",
        "user_profile": {
            "avatar_hash": "344b2bdfd4e4",
            "image_72": "https:\/\/avatars.slack-edge.com\/2021-12-24\/2880772375011_344b2bdfd4e4a027d9a5_72.png",
            "first_name": "Liana",
            "real_name": "Liana",
            "display_name": "Liana",
            "team": "TJE58GTJL",
            "name": "lianasimonyan98",
            "is_restricted": false,
            "is_ultra_restricted": false
        },
        "blocks": [
            {
                "type": "rich_text",
                "block_id": "+iv",
                "elements": [
                    {
                        "type": "rich_text_section",
                        "elements": [
                            {
                                "type": "text",
                                "text": "Thanks in advance."
                            }
                        ]
                    }
                ]
            }
        ]
    }
]