[
    {
        "client_msg_id": "7c038547-8fd2-4bcb-8964-437ba30ea05b",
        "type": "message",
        "text": "Hey! You can evaluate <http:\/\/rainforestqa.com|rainforestqa.com>. I haven't worked with them, but they offer what you're looking for.",
        "user": "U02AUQ0KMGC",
        "ts": "1638607385.341000",
        "team": "TJE58GTJL",
        "user_team": "TJE58GTJL",
        "source_team": "TJE58GTJL",
        "user_profile": {
            "avatar_hash": "3e360cf5635d",
            "image_72": "https:\/\/avatars.slack-edge.com\/2021-08-18\/2386614445190_3e360cf5635de24d8bd7_72.jpg",
            "first_name": "Priyanshu",
            "real_name": "Priyanshu Chhazed",
            "display_name": "Priyanshu Chhazed",
            "team": "TJE58GTJL",
            "name": "chhazedpriyanshu",
            "is_restricted": false,
            "is_ultra_restricted": false
        },
        "edited": {
            "user": "U02AUQ0KMGC",
            "ts": "1638607411.000000"
        },
        "blocks": [
            {
                "type": "rich_text",
                "block_id": "Ca4x",
                "elements": [
                    {
                        "type": "rich_text_section",
                        "elements": [
                            {
                                "type": "text",
                                "text": "Hey! You can evaluate "
                            },
                            {
                                "type": "link",
                                "url": "http:\/\/rainforestqa.com",
                                "text": "rainforestqa.com"
                            },
                            {
                                "type": "text",
                                "text": ". I haven't worked with them, but they offer what you're looking for."
                            }
                        ]
                    }
                ]
            }
        ],
        "thread_ts": "1638568217.340300",
        "parent_user_id": "U02MCSAR9U6",
        "reactions": [
            {
                "name": "+1",
                "users": [
                    "U02MCSAR9U6"
                ],
                "count": 1
            }
        ]
    }
]