[
    {
        "client_msg_id": "04ccc0d4-ddde-4fd1-8bb9-1563ade18df2",
        "type": "message",
        "text": "Hello,\n\nI’m the Marketing Head at <http:\/\/Codegiant.io|Codegiant.io> – an up-and-coming end-to-end software development platform with numerous exciting features.\n\nWe’re currently looking forward to building our in-house marketing team right from scratch – these will include both freelancers and full-time professionals.\n\nThis means – if you exceed our expectations and deliver the results we desire, it could very well become a full-time opportunity.\n\nAs of this writing, we are looking for technical writers – people with deep expertise and years of experience in Agile Methodology, CI\/CD, Kubernetes, Git, Monitoring, DevOps and other areas that would make the development lifecycle simpler and efficient for software development teams.\n\nSome of our direct competitors include GitLab, GitHub, Atlassian.\n\nBonus points if you can help us build a fool-proof and results-driven content marketing strategy for our business.\n\nFirst, we’d like to know if you are a right fit for our business – so the first thing we’ll do is assign about four-five writers a test article (paid one) and based on the output, we’ll be taking things forward.\n\nRemember – this is a long-term opportunity, so please apply only if you have the time.\n\nKindly mail your resume\/portfolio at <mailto:ankit@codegiant.io|ankit@codegiant.io>\n\nThank you!\n\nAnd have a great week!",
        "user": "U02HWBZS9QC",
        "ts": "1634630629.410800",
        "team": "TJE58GTJL",
        "user_team": "TJE58GTJL",
        "source_team": "TJE58GTJL",
        "user_profile": {
            "avatar_hash": "cea3c2adb719",
            "image_72": "https:\/\/avatars.slack-edge.com\/2021-12-23\/2879299611220_cea3c2adb71995b8fd88_72.jpg",
            "first_name": "Ankit",
            "real_name": "Ankit Vora",
            "display_name": "",
            "team": "TJE58GTJL",
            "name": "ankitplaynody",
            "is_restricted": false,
            "is_ultra_restricted": false
        },
        "blocks": [
            {
                "type": "rich_text",
                "block_id": "+e1",
                "elements": [
                    {
                        "type": "rich_text_section",
                        "elements": [
                            {
                                "type": "text",
                                "text": "Hello,\n\nI’m the Marketing Head at "
                            },
                            {
                                "type": "link",
                                "url": "http:\/\/Codegiant.io",
                                "text": "Codegiant.io"
                            },
                            {
                                "type": "text",
                                "text": " – an up-and-coming end-to-end software development platform with numerous exciting features.\n\nWe’re currently looking forward to building our in-house marketing team right from scratch – these will include both freelancers and full-time professionals.\n\nThis means – if you exceed our expectations and deliver the results we desire, it could very well become a full-time opportunity.\n\nAs of this writing, we are looking for technical writers – people with deep expertise and years of experience in Agile Methodology, CI\/CD, Kubernetes, Git, Monitoring, DevOps and other areas that would make the development lifecycle simpler and efficient for software development teams.\n\nSome of our direct competitors include GitLab, GitHub, Atlassian.\n\nBonus points if you can help us build a fool-proof and results-driven content marketing strategy for our business.\n\nFirst, we’d like to know if you are a right fit for our business – so the first thing we’ll do is assign about four-five writers a test article (paid one) and based on the output, we’ll be taking things forward.\n\nRemember – this is a long-term opportunity, so please apply only if you have the time.\n\nKindly mail your resume\/portfolio at "
                            },
                            {
                                "type": "link",
                                "url": "mailto:ankit@codegiant.io",
                                "text": "ankit@codegiant.io"
                            },
                            {
                                "type": "text",
                                "text": "\n\nThank you!\n\nAnd have a great week!"
                            }
                        ]
                    }
                ]
            }
        ],
        "thread_ts": "1634630629.410800",
        "reply_count": 1,
        "reply_users_count": 1,
        "latest_reply": "1635515724.054100",
        "reply_users": [
            "U029CTQ5X6Y"
        ],
        "replies": [
            {
                "user": "U029CTQ5X6Y",
                "ts": "1635515724.054100"
            }
        ],
        "is_locked": false,
        "subscribed": false
    },
    {
        "client_msg_id": "17976c6e-a9c2-4f6e-a276-06850ccd666c",
        "type": "message",
        "text": "Hello everyone, I am freelance writer with 3 years of experience in writing. I am starting out as SaaS writer and willing to write some guest posts around the same niche. If you are a SaaS brand who is looking out for something like this. Do let me know. Thank you",
        "user": "U02HD0L8HAP",
        "ts": "1634647762.413100",
        "team": "TJE58GTJL",
        "user_team": "TJE58GTJL",
        "source_team": "TJE58GTJL",
        "user_profile": {
            "avatar_hash": "675c42a91f65",
            "image_72": "https:\/\/avatars.slack-edge.com\/2022-01-10\/2928364816754_675c42a91f6571f4ac6b_72.jpg",
            "first_name": "Aanchal",
            "real_name": "Aanchal Parmar",
            "display_name": "Aanchal Parmar",
            "team": "TJE58GTJL",
            "name": "aanywrites",
            "is_restricted": false,
            "is_ultra_restricted": false
        },
        "blocks": [
            {
                "type": "rich_text",
                "block_id": "UtS",
                "elements": [
                    {
                        "type": "rich_text_section",
                        "elements": [
                            {
                                "type": "text",
                                "text": "Hello everyone, I am freelance writer with 3 years of experience in writing. I am starting out as SaaS writer and willing to write some guest posts around the same niche. If you are a SaaS brand who is looking out for something like this. Do let me know. Thank you"
                            }
                        ]
                    }
                ]
            }
        ]
    },
    {
        "client_msg_id": "a9c084e6-511e-4951-9293-c27f956c2578",
        "type": "message",
        "text": "Would love to get some feedback on my (rebranded) mental health podcast for freelancers and business owners! Ep1 is all about recognizing and managing stress: <https:\/\/bettermental.fm\/episodes\/bettermental-ep-001-stress-management-for-business-owners>",
        "user": "U024Z91H0KC",
        "ts": "1634650501.414400",
        "team": "TJE58GTJL",
        "user_team": "TJE58GTJL",
        "source_team": "TJE58GTJL",
        "user_profile": {
            "avatar_hash": "e54b9c0d1d7d",
            "image_72": "https:\/\/avatars.slack-edge.com\/2021-06-14\/2193186202656_e54b9c0d1d7dcc24c0b5_72.png",
            "first_name": "Leanna",
            "real_name": "Leanna Lee",
            "display_name": "Leanna Lee",
            "team": "TJE58GTJL",
            "name": "leannaleewriter",
            "is_restricted": false,
            "is_ultra_restricted": false
        },
        "attachments": [
            {
                "fallback": "Bettermental: Bettermental Ep 001: Stress Management for Business Owners — Bettermental",
                "from_url": "https:\/\/bettermental.fm\/episodes\/bettermental-ep-001-stress-management-for-business-owners",
                "service_name": "Bettermental",
                "service_icon": "https:\/\/assets.squarespace.com\/universal\/default-favicon.ico",
                "title": "Bettermental Ep 001: Stress Management for Business Owners — Bettermental",
                "title_link": "https:\/\/bettermental.fm\/episodes\/bettermental-ep-001-stress-management-for-business-owners",
                "thumb_url": "http:\/\/static1.squarespace.com\/static\/5cd17c49755be227164c60ef\/5cd73e8242e83800019b044a\/616d826eddca2e2ae6f27a79\/1634568589141\/Copy+of+Bettermental+Episode+Art+Template+%281920+x+1080+px%29.jpg?format=1500w",
                "thumb_width": 1500,
                "thumb_height": 844,
                "text": "Welcome to Bettermental’s first episode! Mike and Leanna are excited to be back recording together again in person. In this episode, they introduce a three-part mini series on stress, exhaustion, and burnout.&amp;nbsp; Starting with stress, they dive into exactly what it is, what it looks like for",
                "id": 1,
                "original_url": "https:\/\/bettermental.fm\/episodes\/bettermental-ep-001-stress-management-for-business-owners"
            }
        ],
        "blocks": [
            {
                "type": "rich_text",
                "block_id": "T3EL1",
                "elements": [
                    {
                        "type": "rich_text_section",
                        "elements": [
                            {
                                "type": "text",
                                "text": "Would love to get some feedback on my (rebranded) mental health podcast for freelancers and business owners! Ep1 is all about recognizing and managing stress: "
                            },
                            {
                                "type": "link",
                                "url": "https:\/\/bettermental.fm\/episodes\/bettermental-ep-001-stress-management-for-business-owners"
                            }
                        ]
                    }
                ]
            }
        ],
        "reactions": [
            {
                "name": "raised_hands",
                "users": [
                    "U012GHRAHDK",
                    "U020EL92NBZ",
                    "U015B888266",
                    "U0239S6AVTL",
                    "U01T30ZCN82"
                ],
                "count": 5
            }
        ]
    }
]