[
    {
        "type": "message",
        "subtype": "channel_join",
        "ts": "1634139460.367600",
        "user": "U020GK97R1T",
        "text": "<@U020GK97R1T> has joined the channel",
        "inviter": "UJG9WTEKG"
    },
    {
        "client_msg_id": "16f69469-233f-446f-ac6c-b7e274b8c88e",
        "type": "message",
        "text": "I was fooling around on Canva today and got inspired to make a carousel about the TERRIFYING things I see in job postings on LinkedIn. I figured you lot would get a kick out of it. :slightly_smiling_face:  <https:\/\/www.linkedin.com\/posts\/hpdove_terrifying-job-descriptions-activity-6854080851857211392-m5IO>",
        "user": "U02GURNPEH2",
        "ts": "1634142200.371900",
        "team": "TJE58GTJL",
        "user_team": "TJE58GTJL",
        "source_team": "TJE58GTJL",
        "user_profile": {
            "avatar_hash": "b5d604283bc6",
            "image_72": "https:\/\/avatars.slack-edge.com\/2021-10-06\/2559103076071_b5d604283bc67b5cf374_72.jpg",
            "first_name": "Heather",
            "real_name": "Heather D",
            "display_name": "Heather",
            "team": "TJE58GTJL",
            "name": "heatherpdove",
            "is_restricted": false,
            "is_ultra_restricted": false
        },
        "attachments": [
            {
                "title": "Heather Dove on LinkedIn: Terrifying Job Descriptions",
                "title_link": "https:\/\/www.linkedin.com\/posts\/hpdove_terrifying-job-descriptions-activity-6854080851857211392-m5IO",
                "text": "Some of the things I see floating around LinkedIn have me dying :joy: Which phrases do you find most foreboding in a job description?...",
                "fallback": "Heather Dove on LinkedIn: Terrifying Job Descriptions",
                "thumb_url": "https:\/\/static-exp1.licdn.com\/sc\/h\/c45fy346jw096z9pbphyyhdz7",
                "from_url": "https:\/\/www.linkedin.com\/posts\/hpdove_terrifying-job-descriptions-activity-6854080851857211392-m5IO",
                "thumb_width": 1400,
                "thumb_height": 800,
                "service_icon": "https:\/\/static-exp1.licdn.com\/sc\/h\/al2o9zrvru7aqj8e1x2rzsrca",
                "service_name": "linkedin.com",
                "id": 1,
                "original_url": "https:\/\/www.linkedin.com\/posts\/hpdove_terrifying-job-descriptions-activity-6854080851857211392-m5IO"
            }
        ],
        "blocks": [
            {
                "type": "rich_text",
                "block_id": "vQ6Xa",
                "elements": [
                    {
                        "type": "rich_text_section",
                        "elements": [
                            {
                                "type": "text",
                                "text": "I was fooling around on Canva today and got inspired to make a carousel about the TERRIFYING things I see in job postings on LinkedIn. I figured you lot would get a kick out of it. "
                            },
                            {
                                "type": "emoji",
                                "name": "slightly_smiling_face"
                            },
                            {
                                "type": "text",
                                "text": "  "
                            },
                            {
                                "type": "link",
                                "url": "https:\/\/www.linkedin.com\/posts\/hpdove_terrifying-job-descriptions-activity-6854080851857211392-m5IO"
                            }
                        ]
                    }
                ]
            }
        ],
        "thread_ts": "1634142200.371900",
        "reply_count": 4,
        "reply_users_count": 4,
        "latest_reply": "1634159632.374000",
        "reply_users": [
            "U022WPACV4L",
            "U02GURNPEH2",
            "U029WRNRJ1G",
            "U02EXH0TYBT"
        ],
        "replies": [
            {
                "user": "U022WPACV4L",
                "ts": "1634142463.372500"
            },
            {
                "user": "U02GURNPEH2",
                "ts": "1634142830.372800"
            },
            {
                "user": "U029WRNRJ1G",
                "ts": "1634142979.373200"
            },
            {
                "user": "U02EXH0TYBT",
                "ts": "1634159632.374000"
            }
        ],
        "is_locked": false,
        "subscribed": false
    },
    {
        "client_msg_id": "cf1e6af8-9d85-409a-bd9b-77390ac63c57",
        "type": "message",
        "text": "these are spooky.\n\nthe spookiest one to me will always be \"We're a family\"",
        "user": "U022WPACV4L",
        "ts": "1634142463.372500",
        "team": "TJE58GTJL",
        "user_team": "TJE58GTJL",
        "source_team": "TJE58GTJL",
        "user_profile": {
            "avatar_hash": "bc588db919e3",
            "image_72": "https:\/\/avatars.slack-edge.com\/2021-05-21\/2092645159746_bc588db919e300f6dc48_72.jpg",
            "first_name": "Taran",
            "real_name": "Taran Soodan",
            "display_name": "Taran Soodan",
            "team": "TJE58GTJL",
            "name": "taran",
            "is_restricted": false,
            "is_ultra_restricted": false
        },
        "blocks": [
            {
                "type": "rich_text",
                "block_id": "wPdN",
                "elements": [
                    {
                        "type": "rich_text_section",
                        "elements": [
                            {
                                "type": "text",
                                "text": "these are spooky.\n\nthe spookiest one to me will always be \"We're a family\""
                            }
                        ]
                    }
                ]
            }
        ],
        "thread_ts": "1634142200.371900",
        "parent_user_id": "U02GURNPEH2",
        "reactions": [
            {
                "name": "laughing",
                "users": [
                    "U02GURNPEH2",
                    "U02FBJMJ47R"
                ],
                "count": 2
            }
        ]
    },
    {
        "client_msg_id": "59e034ef-a5b3-4d81-b948-0c5cb269507b",
        "type": "message",
        "text": "oh that's a good one. a family that loves to hop on a call and ask you to just look at something 'real quick'",
        "user": "U02GURNPEH2",
        "ts": "1634142830.372800",
        "team": "TJE58GTJL",
        "user_team": "TJE58GTJL",
        "source_team": "TJE58GTJL",
        "user_profile": {
            "avatar_hash": "b5d604283bc6",
            "image_72": "https:\/\/avatars.slack-edge.com\/2021-10-06\/2559103076071_b5d604283bc67b5cf374_72.jpg",
            "first_name": "Heather",
            "real_name": "Heather D",
            "display_name": "Heather",
            "team": "TJE58GTJL",
            "name": "heatherpdove",
            "is_restricted": false,
            "is_ultra_restricted": false
        },
        "blocks": [
            {
                "type": "rich_text",
                "block_id": "VEt",
                "elements": [
                    {
                        "type": "rich_text_section",
                        "elements": [
                            {
                                "type": "text",
                                "text": "oh that's a good one. a family that loves to hop on a call and ask you to just look at something 'real quick'"
                            }
                        ]
                    }
                ]
            }
        ],
        "thread_ts": "1634142200.371900",
        "parent_user_id": "U02GURNPEH2"
    },
    {
        "client_msg_id": "428D8FF7-4963-4450-8381-4DB6EA5112C0",
        "type": "message",
        "text": "Thank you, I needed to see this :blush: ",
        "user": "U029WRNRJ1G",
        "ts": "1634142979.373200",
        "team": "TJE58GTJL",
        "user_team": "TJE58GTJL",
        "source_team": "TJE58GTJL",
        "user_profile": {
            "avatar_hash": "7be7b7b54fdf",
            "image_72": "https:\/\/avatars.slack-edge.com\/2021-09-28\/2556170052113_7be7b7b54fdf36dfcd8a_72.png",
            "first_name": "Kathleen",
            "real_name": "Kathleen Ohlson",
            "display_name": "",
            "team": "TJE58GTJL",
            "name": "kathleenohlson2",
            "is_restricted": false,
            "is_ultra_restricted": false
        },
        "blocks": [
            {
                "type": "rich_text",
                "block_id": "sB2",
                "elements": [
                    {
                        "type": "rich_text_section",
                        "elements": [
                            {
                                "type": "text",
                                "text": "Thank you, I needed to see this "
                            },
                            {
                                "type": "emoji",
                                "name": "blush"
                            },
                            {
                                "type": "text",
                                "text": " "
                            }
                        ]
                    }
                ]
            }
        ],
        "thread_ts": "1634142200.371900",
        "parent_user_id": "U02GURNPEH2",
        "reactions": [
            {
                "name": "ghost",
                "users": [
                    "U02GURNPEH2"
                ],
                "count": 1
            }
        ]
    },
    {
        "client_msg_id": "7c4c5191-4577-427a-9bef-9915ff5ad969",
        "type": "message",
        "text": "I love this :joy: I want to make versions for other industries I’ve worked in",
        "user": "U02EXH0TYBT",
        "ts": "1634159632.374000",
        "team": "TJE58GTJL",
        "user_team": "TJE58GTJL",
        "source_team": "TJE58GTJL",
        "user_profile": {
            "avatar_hash": "663707165d50",
            "image_72": "https:\/\/avatars.slack-edge.com\/2021-09-20\/2518414460436_663707165d507d788415_72.jpg",
            "first_name": "Jaimee",
            "real_name": "Jaimee LaTorra",
            "display_name": "Jaimee LaTorra",
            "team": "TJE58GTJL",
            "name": "jaimeelatorra",
            "is_restricted": false,
            "is_ultra_restricted": false
        },
        "blocks": [
            {
                "type": "rich_text",
                "block_id": "JHxAZ",
                "elements": [
                    {
                        "type": "rich_text_section",
                        "elements": [
                            {
                                "type": "text",
                                "text": "I love this "
                            },
                            {
                                "type": "emoji",
                                "name": "joy"
                            },
                            {
                                "type": "text",
                                "text": " I want to make versions for other industries I’ve worked in"
                            }
                        ]
                    }
                ]
            }
        ],
        "thread_ts": "1634142200.371900",
        "parent_user_id": "U02GURNPEH2",
        "reactions": [
            {
                "name": "+1",
                "users": [
                    "U02GURNPEH2"
                ],
                "count": 1
            }
        ]
    },
    {
        "client_msg_id": "722039b8-cb93-43d7-945e-ab7ba2e10b83",
        "type": "message",
        "text": "Hi everyone, not sure what channel to drop this in. I was curious if anyone had any leads on anyone looking for a content writer and content marketing in the tech industry. I have a few publishers I currently work with but not as much work in the tech realm as I would like given my degree and previous corporate experience. The one publisher in particular that is not tech, I just don't feel confident the site will last long as it's starting to gravitate more into a content mill-ish level of workload. If anyone has any leads or would like to see some of my published work, please contact me. Thanks!",
        "user": "U02GMMQ281W",
        "ts": "1634175754.378000",
        "team": "TJE58GTJL",
        "user_team": "TJE58GTJL",
        "source_team": "TJE58GTJL",
        "user_profile": {
            "avatar_hash": "e1131d2dfd73",
            "image_72": "https:\/\/avatars.slack-edge.com\/2021-10-12\/2589760574406_e1131d2dfd73f2e7db3e_72.png",
            "first_name": "Amanda",
            "real_name": "Amanda S.",
            "display_name": "Amanda",
            "team": "TJE58GTJL",
            "name": "theglamtechie",
            "is_restricted": false,
            "is_ultra_restricted": false
        },
        "blocks": [
            {
                "type": "rich_text",
                "block_id": "cNWBE",
                "elements": [
                    {
                        "type": "rich_text_section",
                        "elements": [
                            {
                                "type": "text",
                                "text": "Hi everyone, not sure what channel to drop this in. I was curious if anyone had any leads on anyone looking for a content writer and content marketing in the tech industry. I have a few publishers I currently work with but not as much work in the tech realm as I would like given my degree and previous corporate experience. The one publisher in particular that is not tech, I just don't feel confident the site will last long as it's starting to gravitate more into a content mill-ish level of workload. If anyone has any leads or would like to see some of my published work, please contact me. Thanks!"
                            }
                        ]
                    }
                ]
            }
        ]
    },
    {
        "client_msg_id": "B7D78B14-363D-45F4-8F00-C76F0FEF3E48",
        "type": "message",
        "text": "Hi all! I’m looking for freelance content writers for a few SaaS startups. Niches: marketing, instant messaging, small businesses, accounting for freelancers\/ solo entrepreneurs.\n\nPlease fill out this <https:\/\/forms.gle\/aZm4dNLGLxpLYKbK6|Google form> if interested! Thank you :heart:",
        "user": "U02D61U3X7A",
        "ts": "1634183643.382300",
        "team": "TJE58GTJL",
        "user_team": "TJE58GTJL",
        "source_team": "TJE58GTJL",
        "user_profile": {
            "avatar_hash": "75cb2c745a73",
            "image_72": "https:\/\/avatars.slack-edge.com\/2021-08-26\/2419712926902_75cb2c745a73a8661986_72.jpg",
            "first_name": "Gloria",
            "real_name": "Gloria Chow",
            "display_name": "Gloria Chow",
            "team": "TJE58GTJL",
            "name": "gloriachow620",
            "is_restricted": false,
            "is_ultra_restricted": false
        },
        "edited": {
            "user": "U02D61U3X7A",
            "ts": "1634191375.000000"
        },
        "blocks": [
            {
                "type": "rich_text",
                "block_id": "lBhbZ",
                "elements": [
                    {
                        "type": "rich_text_section",
                        "elements": [
                            {
                                "type": "text",
                                "text": "Hi all! I’m looking for freelance content writers for a few SaaS startups. Niches: marketing, instant messaging, small businesses, accounting for freelancers\/ solo entrepreneurs.\n\nPlease fill out this "
                            },
                            {
                                "type": "link",
                                "url": "https:\/\/forms.gle\/aZm4dNLGLxpLYKbK6",
                                "text": "Google form"
                            },
                            {
                                "type": "text",
                                "text": " if interested! Thank you "
                            },
                            {
                                "type": "emoji",
                                "name": "heart"
                            }
                        ]
                    }
                ]
            }
        ],
        "thread_ts": "1634183643.382300",
        "reply_count": 2,
        "reply_users_count": 2,
        "latest_reply": "1634227108.391600",
        "reply_users": [
            "U01B8FNUWRK",
            "U013JCCN8JE"
        ],
        "replies": [
            {
                "user": "U01B8FNUWRK",
                "ts": "1634191740.382900"
            },
            {
                "user": "U013JCCN8JE",
                "ts": "1634227108.391600"
            }
        ],
        "is_locked": false,
        "subscribed": false,
        "reactions": [
            {
                "name": "eyes",
                "users": [
                    "U02F1GK6U6B"
                ],
                "count": 1
            },
            {
                "name": "heavy_check_mark",
                "users": [
                    "U013JCCN8JE",
                    "U01P833NGUT",
                    "U0293KQ47C4"
                ],
                "count": 3
            },
            {
                "name": "+1",
                "users": [
                    "U02J7DM81AQ"
                ],
                "count": 1
            }
        ]
    },
    {
        "client_msg_id": "6cdfe6a3-eb90-4463-828a-2992efa0e9b6",
        "type": "message",
        "text": "Hey <@U02D61U3X7A> I have filled the form :slightly_smiling_face: .",
        "user": "U01B8FNUWRK",
        "ts": "1634191740.382900",
        "team": "TJE58GTJL",
        "user_team": "TJE58GTJL",
        "source_team": "TJE58GTJL",
        "user_profile": {
            "avatar_hash": "a3ab825f6110",
            "image_72": "https:\/\/avatars.slack-edge.com\/2020-09-24\/1386090918259_a3ab825f611075cc2d61_72.jpg",
            "first_name": "Shadrack",
            "real_name": "Shadrack",
            "display_name": "Shadrack",
            "team": "TJE58GTJL",
            "name": "shadrack552",
            "is_restricted": false,
            "is_ultra_restricted": false
        },
        "blocks": [
            {
                "type": "rich_text",
                "block_id": "Ifm",
                "elements": [
                    {
                        "type": "rich_text_section",
                        "elements": [
                            {
                                "type": "text",
                                "text": "Hey "
                            },
                            {
                                "type": "user",
                                "user_id": "U02D61U3X7A"
                            },
                            {
                                "type": "text",
                                "text": " I have filled the form "
                            },
                            {
                                "type": "emoji",
                                "name": "slightly_smiling_face"
                            },
                            {
                                "type": "text",
                                "text": " ."
                            }
                        ]
                    }
                ]
            }
        ],
        "thread_ts": "1634183643.382300",
        "parent_user_id": "U02D61U3X7A"
    }
]