[
    {
        "client_msg_id": "d23eff7f-97e5-4191-8d4b-4be21024223a",
        "type": "message",
        "text": "Do you mean terms and conditions like a contract? Or terms and conditions like a doc about scope of services? I recommend hiring a business lawyer to create a custom contract for you",
        "user": "UJ57DB9BM",
        "ts": "1635436637.034000",
        "team": "TJE58GTJL",
        "user_team": "TJE58GTJL",
        "source_team": "TJE58GTJL",
        "user_profile": {
            "avatar_hash": "5879d1254678",
            "image_72": "https:\/\/avatars.slack-edge.com\/2020-03-20\/1015010058132_5879d1254678f05899b0_72.jpg",
            "first_name": "Emma",
            "real_name": "Emma Siemasko",
            "display_name": "Emma Siemasko",
            "team": "TJE58GTJL",
            "name": "emma",
            "is_restricted": false,
            "is_ultra_restricted": false
        },
        "blocks": [
            {
                "type": "rich_text",
                "block_id": "ESYT",
                "elements": [
                    {
                        "type": "rich_text_section",
                        "elements": [
                            {
                                "type": "text",
                                "text": "Do you mean terms and conditions like a contract? Or terms and conditions like a doc about scope of services? I recommend hiring a business lawyer to create a custom contract for you"
                            }
                        ]
                    }
                ]
            }
        ],
        "thread_ts": "1635376043.032800",
        "parent_user_id": "U02AR2XSN1M"
    },
    {
        "client_msg_id": "BFB869C5-66BA-4E58-8A89-C569ADFDEAB8",
        "type": "message",
        "text": "I also recommend taking some sort of payment upfron bc there’s a chance you will run into a problem-client and this can help deter them",
        "user": "U02BUCR0FLH",
        "ts": "1635442762.035400",
        "team": "TJE58GTJL",
        "user_team": "TJE58GTJL",
        "source_team": "TJE58GTJL",
        "user_profile": {
            "avatar_hash": "d377d93dfca6",
            "image_72": "https:\/\/avatars.slack-edge.com\/2021-08-17\/2396018072228_d377d93dfca667c23b12_72.png",
            "first_name": "Allison",
            "real_name": "Allison G-F",
            "display_name": "",
            "team": "TJE58GTJL",
            "name": "aggfunes",
            "is_restricted": false,
            "is_ultra_restricted": false
        },
        "blocks": [
            {
                "type": "rich_text",
                "block_id": "tT1",
                "elements": [
                    {
                        "type": "rich_text_section",
                        "elements": [
                            {
                                "type": "text",
                                "text": "I also recommend taking some sort of payment upfron bc there’s a chance you will run into a problem-client and this can help deter them"
                            }
                        ]
                    }
                ]
            }
        ],
        "thread_ts": "1635376043.032800",
        "parent_user_id": "U02AR2XSN1M"
    },
    {
        "client_msg_id": "c9587a00-8188-46b0-b960-1e9e5efc7403",
        "type": "message",
        "text": "i'm looking for some help. i'm finishing up an ebook and i need someone to (1) collect all the content in one big doc and (2) edit it. anyone interested?",
        "user": "UJG9WTEKG",
        "ts": "1635445903.036500",
        "team": "TJE58GTJL",
        "user_team": "TJE58GTJL",
        "source_team": "TJE58GTJL",
        "user_profile": {
            "avatar_hash": "gc25b94e6ebf",
            "image_72": "https:\/\/secure.gravatar.com\/avatar\/eec25b94e6ebf55f0b7933372344cd09.jpg?s=72&d=https%3A%2F%2Fa.slack-edge.com%2Fdf10d%2Fimg%2Favatars%2Fava_0001-72.png",
            "first_name": "Jimmy",
            "real_name": "Jimmy Daly",
            "display_name": "",
            "team": "TJE58GTJL",
            "name": "runjimdaly",
            "is_restricted": false,
            "is_ultra_restricted": false
        },
        "blocks": [
            {
                "type": "rich_text",
                "block_id": "TxPeJ",
                "elements": [
                    {
                        "type": "rich_text_section",
                        "elements": [
                            {
                                "type": "text",
                                "text": "i'm looking for some help. i'm finishing up an ebook and i need someone to (1) collect all the content in one big doc and (2) edit it. anyone interested?"
                            }
                        ]
                    }
                ]
            }
        ],
        "thread_ts": "1635445903.036500",
        "reply_count": 3,
        "reply_users_count": 3,
        "latest_reply": "1635484684.043200",
        "reply_users": [
            "U024Z91H0KC",
            "UJG9WTEKG",
            "U02CT9E6R6K"
        ],
        "replies": [
            {
                "user": "U024Z91H0KC",
                "ts": "1635446170.036700"
            },
            {
                "user": "UJG9WTEKG",
                "ts": "1635450970.037500"
            },
            {
                "user": "U02CT9E6R6K",
                "ts": "1635484684.043200"
            }
        ],
        "is_locked": false,
        "subscribed": true,
        "last_read": "1635484684.043200",
        "reactions": [
            {
                "name": "+1",
                "users": [
                    "U013JCCN8JE",
                    "U024Z91H0KC",
                    "UL9SA4C3T",
                    "U01J84U3SQ6",
                    "UL9V1R1D2"
                ],
                "count": 5
            }
        ]
    },
    {
        "client_msg_id": "d312f811-d822-473e-9b4f-56fa237a5ea9",
        "type": "message",
        "text": "Sure! This is right up my alley. What's the best way to get in touch?",
        "user": "U024Z91H0KC",
        "ts": "1635446170.036700",
        "team": "TJE58GTJL",
        "user_team": "TJE58GTJL",
        "source_team": "TJE58GTJL",
        "user_profile": {
            "avatar_hash": "e54b9c0d1d7d",
            "image_72": "https:\/\/avatars.slack-edge.com\/2021-06-14\/2193186202656_e54b9c0d1d7dcc24c0b5_72.png",
            "first_name": "Leanna",
            "real_name": "Leanna Lee",
            "display_name": "Leanna Lee",
            "team": "TJE58GTJL",
            "name": "leannaleewriter",
            "is_restricted": false,
            "is_ultra_restricted": false
        },
        "blocks": [
            {
                "type": "rich_text",
                "block_id": "\/z+",
                "elements": [
                    {
                        "type": "rich_text_section",
                        "elements": [
                            {
                                "type": "text",
                                "text": "Sure! This is right up my alley. What's the best way to get in touch?"
                            }
                        ]
                    }
                ]
            }
        ],
        "thread_ts": "1635445903.036500",
        "parent_user_id": "UJG9WTEKG"
    },
    {
        "client_msg_id": "60f01a69-d43e-40f3-be89-e8b8474e3a33",
        "type": "message",
        "text": "<@U024Z91H0KC> dm!",
        "user": "UJG9WTEKG",
        "ts": "1635450970.037500",
        "team": "TJE58GTJL",
        "user_team": "TJE58GTJL",
        "source_team": "TJE58GTJL",
        "user_profile": {
            "avatar_hash": "gc25b94e6ebf",
            "image_72": "https:\/\/secure.gravatar.com\/avatar\/eec25b94e6ebf55f0b7933372344cd09.jpg?s=72&d=https%3A%2F%2Fa.slack-edge.com%2Fdf10d%2Fimg%2Favatars%2Fava_0001-72.png",
            "first_name": "Jimmy",
            "real_name": "Jimmy Daly",
            "display_name": "",
            "team": "TJE58GTJL",
            "name": "runjimdaly",
            "is_restricted": false,
            "is_ultra_restricted": false
        },
        "blocks": [
            {
                "type": "rich_text",
                "block_id": "lvjk4",
                "elements": [
                    {
                        "type": "rich_text_section",
                        "elements": [
                            {
                                "type": "user",
                                "user_id": "U024Z91H0KC"
                            },
                            {
                                "type": "text",
                                "text": " dm!"
                            }
                        ]
                    }
                ]
            }
        ],
        "thread_ts": "1635445903.036500",
        "parent_user_id": "UJG9WTEKG"
    },
    {
        "client_msg_id": "FE835507-8DA9-42AD-94C8-2E65BF51D125",
        "type": "message",
        "text": "Hey,\nWould love to help you. How can we go forward with this? ",
        "user": "U02CT9E6R6K",
        "ts": "1635484684.043200",
        "team": "TJE58GTJL",
        "user_team": "TJE58GTJL",
        "source_team": "TJE58GTJL",
        "user_profile": {
            "avatar_hash": "29c9831dadda",
            "image_72": "https:\/\/avatars.slack-edge.com\/2021-09-04\/2479965140864_29c9831dadda64b4522a_72.png",
            "first_name": "Prakhar",
            "real_name": "Prakhar Kaushik",
            "display_name": "Prakhar Kaushik",
            "team": "TJE58GTJL",
            "name": "kaushikprakhar8",
            "is_restricted": false,
            "is_ultra_restricted": false
        },
        "blocks": [
            {
                "type": "rich_text",
                "block_id": "cvb2X",
                "elements": [
                    {
                        "type": "rich_text_section",
                        "elements": [
                            {
                                "type": "text",
                                "text": "Hey,\nWould love to help you. How can we go forward with this? "
                            }
                        ]
                    }
                ]
            }
        ],
        "thread_ts": "1635445903.036500",
        "parent_user_id": "UJG9WTEKG"
    },
    {
        "client_msg_id": "EA229A3C-1CE7-4E22-9D0A-D2E156CBAB41",
        "type": "message",
        "text": "Hey \nWould love to help at really low rates. \nLet me know how we can get in touch. ",
        "user": "U02CT9E6R6K",
        "ts": "1635484766.044200",
        "team": "TJE58GTJL",
        "user_team": "TJE58GTJL",
        "source_team": "TJE58GTJL",
        "user_profile": {
            "avatar_hash": "29c9831dadda",
            "image_72": "https:\/\/avatars.slack-edge.com\/2021-09-04\/2479965140864_29c9831dadda64b4522a_72.png",
            "first_name": "Prakhar",
            "real_name": "Prakhar Kaushik",
            "display_name": "Prakhar Kaushik",
            "team": "TJE58GTJL",
            "name": "kaushikprakhar8",
            "is_restricted": false,
            "is_ultra_restricted": false
        },
        "blocks": [
            {
                "type": "rich_text",
                "block_id": "hGL\/A",
                "elements": [
                    {
                        "type": "rich_text_section",
                        "elements": [
                            {
                                "type": "text",
                                "text": "Hey \n"
                            },
                            {
                                "type": "text",
                                "text": "Would love to help at really low rates. \nLet me know how we can get in touch. "
                            }
                        ]
                    }
                ]
            }
        ],
        "thread_ts": "1635270986.025000",
        "parent_user_id": "UJ2MNAS59"
    },
    {
        "client_msg_id": "b21c7b18-4bd1-4b42-9a98-f074e8aa6038",
        "type": "message",
        "text": "Hey Alexandra,\nBeen working on the SEO for a SaaS company blog.\nWould love to help you out.\nWhere can I reach out to you?",
        "user": "U02CT9E6R6K",
        "ts": "1635488795.044400",
        "team": "TJE58GTJL",
        "user_team": "TJE58GTJL",
        "source_team": "TJE58GTJL",
        "user_profile": {
            "avatar_hash": "29c9831dadda",
            "image_72": "https:\/\/avatars.slack-edge.com\/2021-09-04\/2479965140864_29c9831dadda64b4522a_72.png",
            "first_name": "Prakhar",
            "real_name": "Prakhar Kaushik",
            "display_name": "Prakhar Kaushik",
            "team": "TJE58GTJL",
            "name": "kaushikprakhar8",
            "is_restricted": false,
            "is_ultra_restricted": false
        },
        "blocks": [
            {
                "type": "rich_text",
                "block_id": "Nyz",
                "elements": [
                    {
                        "type": "rich_text_section",
                        "elements": [
                            {
                                "type": "text",
                                "text": "Hey Alexandra,\nBeen working on the SEO for a SaaS company blog.\nWould love to help you out.\nWhere can I reach out to you?"
                            }
                        ]
                    }
                ]
            }
        ],
        "thread_ts": "1634563471.405900",
        "parent_user_id": "U023M1SR6KH"
    },
    {
        "client_msg_id": "8048e6cf-8ac7-4fd3-a891-fd8007995780",
        "type": "message",
        "text": "How do agencies bill their clients? Do you ask to be paid at the beginning of the month before the work is completed? Or at the end of the month?",
        "user": "U01MW6DPU72",
        "ts": "1635489914.045200",
        "team": "TJE58GTJL",
        "user_team": "TJE58GTJL",
        "source_team": "TJE58GTJL",
        "user_profile": {
            "avatar_hash": "g2ab21f412c3",
            "image_72": "https:\/\/secure.gravatar.com\/avatar\/2ab21f412c3215ee2b3c2994772c589e.jpg?s=72&d=https%3A%2F%2Fa.slack-edge.com%2Fdf10d%2Fimg%2Favatars%2Fava_0024-72.png",
            "first_name": "Araminta",
            "real_name": "Araminta Robertson",
            "display_name": "Araminta Robertson",
            "team": "TJE58GTJL",
            "name": "robertsona98",
            "is_restricted": false,
            "is_ultra_restricted": false
        },
        "blocks": [
            {
                "type": "rich_text",
                "block_id": "5HN1",
                "elements": [
                    {
                        "type": "rich_text_section",
                        "elements": [
                            {
                                "type": "text",
                                "text": "How do agencies bill their clients? Do you ask to be paid at the beginning of the month before the work is completed? Or at the end of the month?"
                            }
                        ]
                    }
                ]
            }
        ],
        "thread_ts": "1635489914.045200",
        "reply_count": 12,
        "reply_users_count": 4,
        "latest_reply": "1635517970.055400",
        "reply_users": [
            "U012GHRAHDK",
            "U01MW6DPU72",
            "U02A8UR3Z60",
            "U029CTQ5X6Y"
        ],
        "replies": [
            {
                "user": "U012GHRAHDK",
                "ts": "1635492259.045300"
            },
            {
                "user": "U01MW6DPU72",
                "ts": "1635492342.045500"
            },
            {
                "user": "U01MW6DPU72",
                "ts": "1635492410.045700"
            },
            {
                "user": "U02A8UR3Z60",
                "ts": "1635506532.049600"
            },
            {
                "user": "U02A8UR3Z60",
                "ts": "1635506633.052500"
            },
            {
                "user": "U01MW6DPU72",
                "ts": "1635506826.052800"
            },
            {
                "user": "U029CTQ5X6Y",
                "ts": "1635515500.053400"
            },
            {
                "user": "U01MW6DPU72",
                "ts": "1635517865.054600"
            },
            {
                "user": "U01MW6DPU72",
                "ts": "1635517878.054800"
            },
            {
                "user": "U029CTQ5X6Y",
                "ts": "1635517930.055000"
            },
            {
                "user": "U029CTQ5X6Y",
                "ts": "1635517940.055200"
            },
            {
                "user": "U01MW6DPU72",
                "ts": "1635517970.055400"
            }
        ],
        "is_locked": false,
        "subscribed": false
    }
]