[
    {
        "client_msg_id": "2e73b39b-932f-4d57-ab65-1ef37c7eac8d",
        "type": "message",
        "text": "Hi all! <https:\/\/www.appsflyer.com\/|AppsFlyer> is looking for an amazing B2B SaaS writer for a significant freelance gig that covers 50%-60% of EVERY week on a quarterly retainer basis (so basically it’s like a 50% part time position)\n\n*Requirements:*\n :white_check_mark: Experience in adtech\/martech (mobile marketing knowledge - an advantage).\n :white_check_mark: Long-form content expertise writing eBooks, market data trend reports, and blogs.\n\nWe pay super competitive rates for top talent!\n\nIf you’re interested, please send relevant writing samples to  _shani@appsflyer.com_\n\nTalk soon! :raised_hands:",
        "user": "UUY2GK6NA",
        "ts": "1639473287.471800",
        "team": "TJE58GTJL",
        "user_team": "TJE58GTJL",
        "source_team": "TJE58GTJL",
        "user_profile": {
            "avatar_hash": "gf24cd4cade0",
            "image_72": "https:\/\/secure.gravatar.com\/avatar\/f24cd4cade06f7640108153a7964b3b4.jpg?s=72&d=https%3A%2F%2Fa.slack-edge.com%2Fdf10d%2Fimg%2Favatars%2Fava_0006-72.png",
            "first_name": "Shani",
            "real_name": "Shani Rosenfelder",
            "display_name": "Shani",
            "team": "TJE58GTJL",
            "name": "shani",
            "is_restricted": false,
            "is_ultra_restricted": false
        },
        "blocks": [
            {
                "type": "rich_text",
                "block_id": "5G1D",
                "elements": [
                    {
                        "type": "rich_text_section",
                        "elements": [
                            {
                                "type": "text",
                                "text": "Hi all! "
                            },
                            {
                                "type": "link",
                                "url": "https:\/\/www.appsflyer.com\/",
                                "text": "AppsFlyer"
                            },
                            {
                                "type": "text",
                                "text": " is looking for an amazing B2B SaaS writer for a significant freelance gig that covers 50%-60% of EVERY week on a quarterly retainer basis (so basically it’s like a 50% part time position)\n\n"
                            },
                            {
                                "type": "text",
                                "text": "Requirements:",
                                "style": {
                                    "bold": true
                                }
                            },
                            {
                                "type": "text",
                                "text": "\n "
                            },
                            {
                                "type": "emoji",
                                "name": "white_check_mark"
                            },
                            {
                                "type": "text",
                                "text": " Experience in adtech\/martech (mobile marketing knowledge - an advantage).\n "
                            },
                            {
                                "type": "emoji",
                                "name": "white_check_mark"
                            },
                            {
                                "type": "text",
                                "text": " Long-form content expertise writing eBooks, market data trend reports, and blogs.\n\nWe pay super competitive rates for top talent!\n\nIf you’re interested, please send relevant writing samples to  "
                            },
                            {
                                "type": "text",
                                "text": "shani@appsflyer.com",
                                "style": {
                                    "italic": true,
                                    "unlink": true
                                }
                            },
                            {
                                "type": "text",
                                "text": "\n\nTalk soon! "
                            },
                            {
                                "type": "emoji",
                                "name": "raised_hands"
                            }
                        ]
                    }
                ]
            }
        ],
        "reactions": [
            {
                "name": "wave",
                "users": [
                    "U012GHRAHDK",
                    "U02PUQ6CQRX",
                    "U02GXA3PWC9",
                    "UJG9WTEKG",
                    "U02PRMEAP0V",
                    "U01PXN2LGAK",
                    "U0188DZQPB8",
                    "UUVS5HWMB"
                ],
                "count": 8
            },
            {
                "name": "+1",
                "users": [
                    "U01TB1SDD61",
                    "U01P833NGUT",
                    "UUVS5HWMB"
                ],
                "count": 3
            }
        ]
    },
    {
        "client_msg_id": "41c27c2d-3d34-4437-9bba-0ea730f7936c",
        "type": "message",
        "text": "Hello everyone,\n\nWe at <https:\/\/www.zoomshift.com\/|ZoomShift> are hiring for a freelance content writer who can help us in writing the website blogs. (Hiring only Indian based writers for now).\n\n*Must haves.*\n• Should have experience writing for HR niche.\n• Published articles under their own author bio\n• Not looking for an agency only freelancers.\nIf you are interested or know someone please reach me out at <mailto:saurabh@zoomshift.com|saurabh@zoomshift.com> or DM me here on Slack.",
        "user": "U01J3L8CJRL",
        "ts": "1639473589.472200",
        "team": "TJE58GTJL",
        "user_team": "TJE58GTJL",
        "source_team": "TJE58GTJL",
        "user_profile": {
            "avatar_hash": "12550f10b66e",
            "image_72": "https:\/\/avatars.slack-edge.com\/2021-10-14\/2588602098551_12550f10b66e24ed3adb_72.png",
            "first_name": "Saurabh",
            "real_name": "Saurabh",
            "display_name": "Saurabh",
            "team": "TJE58GTJL",
            "name": "saurabh.content.saas",
            "is_restricted": false,
            "is_ultra_restricted": false
        },
        "blocks": [
            {
                "type": "rich_text",
                "block_id": "Hm6HT",
                "elements": [
                    {
                        "type": "rich_text_section",
                        "elements": [
                            {
                                "type": "text",
                                "text": "Hello everyone,\n\nWe at "
                            },
                            {
                                "type": "link",
                                "url": "https:\/\/www.zoomshift.com\/",
                                "text": "ZoomShift"
                            },
                            {
                                "type": "text",
                                "text": " are hiring for a freelance content writer who can help us in writing the website blogs. (Hiring only Indian based writers for now).\n\n"
                            },
                            {
                                "type": "text",
                                "text": "Must haves.",
                                "style": {
                                    "bold": true
                                }
                            },
                            {
                                "type": "text",
                                "text": "\n"
                            }
                        ]
                    },
                    {
                        "type": "rich_text_list",
                        "elements": [
                            {
                                "type": "rich_text_section",
                                "elements": [
                                    {
                                        "type": "text",
                                        "text": "Should have experience writing for HR niche."
                                    }
                                ]
                            },
                            {
                                "type": "rich_text_section",
                                "elements": [
                                    {
                                        "type": "text",
                                        "text": "Published articles under their own author bio"
                                    }
                                ]
                            },
                            {
                                "type": "rich_text_section",
                                "elements": [
                                    {
                                        "type": "text",
                                        "text": "Not looking for an agency only freelancers."
                                    }
                                ]
                            }
                        ],
                        "style": "bullet",
                        "indent": 0,
                        "border": 0
                    },
                    {
                        "type": "rich_text_section",
                        "elements": [
                            {
                                "type": "text",
                                "text": "\nIf you are interested or know someone please reach me out at "
                            },
                            {
                                "type": "link",
                                "url": "mailto:saurabh@zoomshift.com",
                                "text": "saurabh@zoomshift.com"
                            },
                            {
                                "type": "text",
                                "text": " or DM me here on Slack."
                            }
                        ]
                    }
                ]
            }
        ],
        "thread_ts": "1639473589.472200",
        "reply_count": 2,
        "reply_users_count": 2,
        "latest_reply": "1640011249.000100",
        "reply_users": [
            "U02QKGDCCB0",
            "UJJELJPNH"
        ],
        "replies": [
            {
                "user": "U02QKGDCCB0",
                "ts": "1639531953.480300"
            },
            {
                "user": "UJJELJPNH",
                "ts": "1640011249.000100"
            }
        ],
        "is_locked": false,
        "subscribed": false,
        "reactions": [
            {
                "name": "white_check_mark",
                "users": [
                    "U02QKGDCCB0",
                    "U01PXN2LGAK",
                    "U01NUND5BC5"
                ],
                "count": 3
            }
        ]
    },
    {
        "client_msg_id": "c268669a-5a69-4f8a-afb2-7dc0e5d73f59",
        "type": "message",
        "text": "Hello <@UN3RHBFBK>,\n\nI do copyediting and have 6 years of experience. I have edited a good number of works and available to work on projects with you.\n\nI hope to hear from you.\n\nP.S: Your surname sounds like it is from my state here in Nigeria; Ondo state",
        "user": "U02Q8U5T7TP",
        "ts": "1639477638.472300",
        "team": "TJE58GTJL",
        "user_team": "TJE58GTJL",
        "source_team": "TJE58GTJL",
        "user_profile": {
            "avatar_hash": "6ac00fe7f7de",
            "image_72": "https:\/\/avatars.slack-edge.com\/2022-04-15\/3395185200147_6ac00fe7f7de679b0f41_72.jpg",
            "first_name": "Johelski",
            "real_name": "Johelski",
            "display_name": "johelski",
            "team": "TJE58GTJL",
            "name": "ajayijohel",
            "is_restricted": false,
            "is_ultra_restricted": false
        },
        "blocks": [
            {
                "type": "rich_text",
                "block_id": "FLBw",
                "elements": [
                    {
                        "type": "rich_text_section",
                        "elements": [
                            {
                                "type": "text",
                                "text": "Hello "
                            },
                            {
                                "type": "user",
                                "user_id": "UN3RHBFBK"
                            },
                            {
                                "type": "text",
                                "text": ",\n\nI do copyediting and have 6 years of experience. I have edited a good number of works and available to work on projects with you.\n\nI hope to hear from you.\n\nP.S: Your surname sounds like it is from my state here in Nigeria; Ondo state"
                            }
                        ]
                    }
                ]
            }
        ],
        "thread_ts": "1639410526.448900",
        "parent_user_id": "UN3RHBFBK"
    },
    {
        "client_msg_id": "b5df0f60-2ef1-4de4-ba72-1e45867337f9",
        "type": "message",
        "text": "What are your favourite creative brief templates? Most of my clients either give me one or give me free reign to decide, but I have a (reasonable) request for me to send one over. Would love to see what everyone likes to use!",
        "user": "U02MYNYNDEK",
        "ts": "1639495728.474300",
        "team": "TJE58GTJL",
        "user_team": "TJE58GTJL",
        "source_team": "TJE58GTJL",
        "user_profile": {
            "avatar_hash": "7570eb74d8c8",
            "image_72": "https:\/\/avatars.slack-edge.com\/2021-11-23\/2761477706786_7570eb74d8c8e57d6277_72.jpg",
            "first_name": "Shaina",
            "real_name": "Shaina Vellone",
            "display_name": "Shaina Vellone",
            "team": "TJE58GTJL",
            "name": "shaina.vellone",
            "is_restricted": false,
            "is_ultra_restricted": false
        },
        "blocks": [
            {
                "type": "rich_text",
                "block_id": "bj6",
                "elements": [
                    {
                        "type": "rich_text_section",
                        "elements": [
                            {
                                "type": "text",
                                "text": "What are your favourite creative brief templates? Most of my clients either give me one or give me free reign to decide, but I have a (reasonable) request for me to send one over. Would love to see what everyone likes to use!"
                            }
                        ]
                    }
                ]
            }
        ],
        "thread_ts": "1639495728.474300",
        "reply_count": 7,
        "reply_users_count": 5,
        "latest_reply": "1639506920.477400",
        "reply_users": [
            "U02681WABA7",
            "U02Q3JRH2P9",
            "U01B8FNUWRK",
            "U02GMMQ281W",
            "U02MYNYNDEK"
        ],
        "replies": [
            {
                "user": "U02681WABA7",
                "ts": "1639495862.474500"
            },
            {
                "user": "U02Q3JRH2P9",
                "ts": "1639497213.474900"
            },
            {
                "user": "U01B8FNUWRK",
                "ts": "1639499499.475600"
            },
            {
                "user": "U02GMMQ281W",
                "ts": "1639506716.476500"
            },
            {
                "user": "U02MYNYNDEK",
                "ts": "1639506761.476700"
            },
            {
                "user": "U02GMMQ281W",
                "ts": "1639506899.477000"
            },
            {
                "user": "U02MYNYNDEK",
                "ts": "1639506920.477400"
            }
        ],
        "is_locked": false,
        "subscribed": false,
        "reactions": [
            {
                "name": "eyes",
                "users": [
                    "U02681WABA7"
                ],
                "count": 1
            }
        ]
    },
    {
        "client_msg_id": "89b963a4-dd82-4fb8-aebe-be61a0201adf",
        "type": "message",
        "text": "following",
        "user": "U02681WABA7",
        "ts": "1639495862.474500",
        "team": "TJE58GTJL",
        "user_team": "TJE58GTJL",
        "source_team": "TJE58GTJL",
        "user_profile": {
            "avatar_hash": "e00edcfaaddd",
            "image_72": "https:\/\/avatars.slack-edge.com\/2021-09-29\/2531730201543_e00edcfaaddd70703667_72.jpg",
            "first_name": "Jonas",
            "real_name": "Jonas van de Poel",
            "display_name": "Jonas van de Poel",
            "team": "TJE58GTJL",
            "name": "jonas792",
            "is_restricted": false,
            "is_ultra_restricted": false
        },
        "blocks": [
            {
                "type": "rich_text",
                "block_id": "gNx6",
                "elements": [
                    {
                        "type": "rich_text_section",
                        "elements": [
                            {
                                "type": "text",
                                "text": "following"
                            }
                        ]
                    }
                ]
            }
        ],
        "thread_ts": "1639495728.474300",
        "parent_user_id": "U02MYNYNDEK"
    },
    {
        "client_msg_id": "0ae69067-65b3-4798-bd24-e1c28b4fac60",
        "type": "message",
        "text": "So my briefs include a content structure, examples of factors like NLP, linking and formatting metrics to be included, a list of primary and secondary keywords, references, content goal, and additional pointers. All in one page.",
        "user": "U02Q3JRH2P9",
        "ts": "1639497213.474900",
        "team": "TJE58GTJL",
        "user_team": "TJE58GTJL",
        "source_team": "TJE58GTJL",
        "user_profile": {
            "avatar_hash": "g9b10186b409",
            "image_72": "https:\/\/secure.gravatar.com\/avatar\/9b10186b4095f5f19853cf1f57a0081d.jpg?s=72&d=https%3A%2F%2Fa.slack-edge.com%2Fdf10d%2Fimg%2Favatars%2Fava_0021-72.png",
            "first_name": "Karandeep",
            "real_name": "Karandeep Arora",
            "display_name": "KD",
            "team": "TJE58GTJL",
            "name": "karanarora1892",
            "is_restricted": false,
            "is_ultra_restricted": false
        },
        "blocks": [
            {
                "type": "rich_text",
                "block_id": "bLvnQ",
                "elements": [
                    {
                        "type": "rich_text_section",
                        "elements": [
                            {
                                "type": "text",
                                "text": "So my briefs include a content structure, examples of factors like NLP, linking and formatting metrics to be included, a list of primary and secondary keywords, references, content goal, and additional pointers. All in one page."
                            }
                        ]
                    }
                ]
            }
        ],
        "thread_ts": "1639495728.474300",
        "parent_user_id": "U02MYNYNDEK"
    },
    {
        "client_msg_id": "8c73c601-ac4e-432d-9cae-71dc22febc2b",
        "type": "message",
        "text": "People could ya'll shed some light on how are we approximating the time spent on administrative duties? Are they ballparks or are we using something like tracking softwares here?",
        "user": "U02Q3JRH2P9",
        "ts": "1639498091.475200",
        "team": "TJE58GTJL",
        "user_team": "TJE58GTJL",
        "source_team": "TJE58GTJL",
        "user_profile": {
            "avatar_hash": "g9b10186b409",
            "image_72": "https:\/\/secure.gravatar.com\/avatar\/9b10186b4095f5f19853cf1f57a0081d.jpg?s=72&d=https%3A%2F%2Fa.slack-edge.com%2Fdf10d%2Fimg%2Favatars%2Fava_0021-72.png",
            "first_name": "Karandeep",
            "real_name": "Karandeep Arora",
            "display_name": "KD",
            "team": "TJE58GTJL",
            "name": "karanarora1892",
            "is_restricted": false,
            "is_ultra_restricted": false
        },
        "blocks": [
            {
                "type": "rich_text",
                "block_id": "Xut\/",
                "elements": [
                    {
                        "type": "rich_text_section",
                        "elements": [
                            {
                                "type": "text",
                                "text": "People could ya'll shed some light on how are we approximating the time spent on administrative duties? Are they ballparks or are we using something like tracking softwares here?"
                            }
                        ]
                    }
                ]
            }
        ],
        "thread_ts": "1639174209.436700",
        "parent_user_id": "U02Q67WK4LS"
    },
    {
        "client_msg_id": "9dd1ce83-e42e-4d1b-96d9-4e311bb0814d",
        "type": "message",
        "text": "To answer your question <@U02Q67WK4LS> I'm on like a 10-15 percent of my time going into administrative duties.",
        "user": "U02Q3JRH2P9",
        "ts": "1639498128.475400",
        "team": "TJE58GTJL",
        "user_team": "TJE58GTJL",
        "source_team": "TJE58GTJL",
        "user_profile": {
            "avatar_hash": "g9b10186b409",
            "image_72": "https:\/\/secure.gravatar.com\/avatar\/9b10186b4095f5f19853cf1f57a0081d.jpg?s=72&d=https%3A%2F%2Fa.slack-edge.com%2Fdf10d%2Fimg%2Favatars%2Fava_0021-72.png",
            "first_name": "Karandeep",
            "real_name": "Karandeep Arora",
            "display_name": "KD",
            "team": "TJE58GTJL",
            "name": "karanarora1892",
            "is_restricted": false,
            "is_ultra_restricted": false
        },
        "blocks": [
            {
                "type": "rich_text",
                "block_id": "H4Kd7",
                "elements": [
                    {
                        "type": "rich_text_section",
                        "elements": [
                            {
                                "type": "text",
                                "text": "To answer your question "
                            },
                            {
                                "type": "user",
                                "user_id": "U02Q67WK4LS"
                            },
                            {
                                "type": "text",
                                "text": " I'm on like a 10-15 percent of my time going into administrative duties."
                            }
                        ]
                    }
                ]
            }
        ],
        "thread_ts": "1639174209.436700",
        "parent_user_id": "U02Q67WK4LS"
    },
    {
        "client_msg_id": "b4d5bd34-1bdc-4a25-87b9-c5a8c30806a3",
        "type": "message",
        "text": "I use this template: <https:\/\/beomniscient.com\/blog\/seo-content-brief\/>",
        "user": "U01B8FNUWRK",
        "ts": "1639499499.475600",
        "team": "TJE58GTJL",
        "user_team": "TJE58GTJL",
        "source_team": "TJE58GTJL",
        "user_profile": {
            "avatar_hash": "a3ab825f6110",
            "image_72": "https:\/\/avatars.slack-edge.com\/2020-09-24\/1386090918259_a3ab825f611075cc2d61_72.jpg",
            "first_name": "Shadrack",
            "real_name": "Shadrack",
            "display_name": "Shadrack",
            "team": "TJE58GTJL",
            "name": "shadrack552",
            "is_restricted": false,
            "is_ultra_restricted": false
        },
        "edited": {
            "user": "U01B8FNUWRK",
            "ts": "1639499525.000000"
        },
        "attachments": [
            {
                "from_url": "https:\/\/beomniscient.com\/blog\/seo-content-brief\/",
                "ts": 1617019200,
                "image_url": "https:\/\/beomniscient.com\/wp-content\/uploads\/2021\/03\/Blog-Header-Image-2.png",
                "image_width": 500,
                "image_height": 250,
                "image_bytes": 557019,
                "service_icon": "https:\/\/beomniscient.com\/wp-content\/uploads\/2020\/02\/cropped-Be-Omniscient-Logo-BLK-RGB-e1582255689125-180x180.png",
                "id": 1,
                "original_url": "https:\/\/beomniscient.com\/blog\/seo-content-brief\/",
                "fallback": "Omniscient Digital: How to Create SEO Content Briefs (&amp; How We Use Them with Omniscient Digital’s Writers)",
                "text": "If you’ve ever reviewed a piece of content from another writer and thought, \"It would’ve been easier if I did this myself,\" you need a content brief.",
                "title": "How to Create SEO Content Briefs (&amp; How We Use Them with Omniscient Digital’s Writers)",
                "title_link": "https:\/\/beomniscient.com\/blog\/seo-content-brief\/",
                "service_name": "Omniscient Digital",
                "fields": [
                    {
                        "value": "Allie Decker",
                        "title": "Written by",
                        "short": true
                    },
                    {
                        "value": "11 minutes",
                        "title": "Est. reading time",
                        "short": true
                    }
                ]
            }
        ],
        "blocks": [
            {
                "type": "rich_text",
                "block_id": "0kFU",
                "elements": [
                    {
                        "type": "rich_text_section",
                        "elements": [
                            {
                                "type": "text",
                                "text": "I use this template: "
                            },
                            {
                                "type": "link",
                                "url": "https:\/\/beomniscient.com\/blog\/seo-content-brief\/"
                            }
                        ]
                    }
                ]
            }
        ],
        "thread_ts": "1639495728.474300",
        "parent_user_id": "U02MYNYNDEK",
        "reactions": [
            {
                "name": "raised_hands",
                "users": [
                    "U02GYR8TM96"
                ],
                "count": 1
            }
        ]
    },
    {
        "client_msg_id": "a4f0ea8a-1dc0-4d84-9a0a-92c25b9cfc1f",
        "type": "message",
        "text": "I have my own document I send to clients to fill out and get back to me for what they are needing. If there are areas they are unsure of some of it then I just fill in my ideas and get approval before I start the outline\/writing process.",
        "user": "U02GMMQ281W",
        "ts": "1639506716.476500",
        "team": "TJE58GTJL",
        "user_team": "TJE58GTJL",
        "source_team": "TJE58GTJL",
        "user_profile": {
            "avatar_hash": "e1131d2dfd73",
            "image_72": "https:\/\/avatars.slack-edge.com\/2021-10-12\/2589760574406_e1131d2dfd73f2e7db3e_72.png",
            "first_name": "Amanda",
            "real_name": "Amanda S.",
            "display_name": "Amanda",
            "team": "TJE58GTJL",
            "name": "theglamtechie",
            "is_restricted": false,
            "is_ultra_restricted": false
        },
        "blocks": [
            {
                "type": "rich_text",
                "block_id": "MzUf8",
                "elements": [
                    {
                        "type": "rich_text_section",
                        "elements": [
                            {
                                "type": "text",
                                "text": "I have my own document I send to clients to fill out and get back to me for what they are needing. If there are areas they are unsure of some of it then I just fill in my ideas and get approval before I start the outline\/writing process."
                            }
                        ]
                    }
                ]
            }
        ],
        "thread_ts": "1639495728.474300",
        "parent_user_id": "U02MYNYNDEK"
    },
    {
        "client_msg_id": "2531bf60-bfb4-4d2a-a5ca-b229376a43f4",
        "type": "message",
        "text": "<@U02GMMQ281W> Would you be willing to share some of the sections on your document that you find helpful?",
        "user": "U02MYNYNDEK",
        "ts": "1639506761.476700",
        "team": "TJE58GTJL",
        "user_team": "TJE58GTJL",
        "source_team": "TJE58GTJL",
        "user_profile": {
            "avatar_hash": "7570eb74d8c8",
            "image_72": "https:\/\/avatars.slack-edge.com\/2021-11-23\/2761477706786_7570eb74d8c8e57d6277_72.jpg",
            "first_name": "Shaina",
            "real_name": "Shaina Vellone",
            "display_name": "Shaina Vellone",
            "team": "TJE58GTJL",
            "name": "shaina.vellone",
            "is_restricted": false,
            "is_ultra_restricted": false
        },
        "blocks": [
            {
                "type": "rich_text",
                "block_id": "332",
                "elements": [
                    {
                        "type": "rich_text_section",
                        "elements": [
                            {
                                "type": "user",
                                "user_id": "U02GMMQ281W"
                            },
                            {
                                "type": "text",
                                "text": " Would you be willing to share some of the sections on your document that you find helpful?"
                            }
                        ]
                    }
                ]
            }
        ],
        "thread_ts": "1639495728.474300",
        "parent_user_id": "U02MYNYNDEK",
        "reactions": [
            {
                "name": "100",
                "users": [
                    "U02GMMQ281W"
                ],
                "count": 1
            }
        ]
    },
    {
        "client_msg_id": "5f014eca-b14c-47c9-8f84-974df4449ef1",
        "type": "message",
        "text": "<@U02MYNYNDEK> happy to. Give me just a little bit and I will send you over my draft template in your messages.",
        "user": "U02GMMQ281W",
        "ts": "1639506899.477000",
        "team": "TJE58GTJL",
        "user_team": "TJE58GTJL",
        "source_team": "TJE58GTJL",
        "user_profile": {
            "avatar_hash": "e1131d2dfd73",
            "image_72": "https:\/\/avatars.slack-edge.com\/2021-10-12\/2589760574406_e1131d2dfd73f2e7db3e_72.png",
            "first_name": "Amanda",
            "real_name": "Amanda S.",
            "display_name": "Amanda",
            "team": "TJE58GTJL",
            "name": "theglamtechie",
            "is_restricted": false,
            "is_ultra_restricted": false
        },
        "blocks": [
            {
                "type": "rich_text",
                "block_id": "FhU",
                "elements": [
                    {
                        "type": "rich_text_section",
                        "elements": [
                            {
                                "type": "user",
                                "user_id": "U02MYNYNDEK"
                            },
                            {
                                "type": "text",
                                "text": " happy to. Give me just a little bit and I will send you over my draft template in your messages."
                            }
                        ]
                    }
                ]
            }
        ],
        "thread_ts": "1639495728.474300",
        "parent_user_id": "U02MYNYNDEK",
        "reactions": [
            {
                "name": "heart",
                "users": [
                    "U02MYNYNDEK"
                ],
                "count": 1
            }
        ]
    },
    {
        "client_msg_id": "e30a44f7-daf1-4e07-af2f-90fdcd06cd51",
        "type": "message",
        "text": "<@U02GMMQ281W> That is so kind, thank you so much!",
        "user": "U02MYNYNDEK",
        "ts": "1639506920.477400",
        "team": "TJE58GTJL",
        "user_team": "TJE58GTJL",
        "source_team": "TJE58GTJL",
        "user_profile": {
            "avatar_hash": "7570eb74d8c8",
            "image_72": "https:\/\/avatars.slack-edge.com\/2021-11-23\/2761477706786_7570eb74d8c8e57d6277_72.jpg",
            "first_name": "Shaina",
            "real_name": "Shaina Vellone",
            "display_name": "Shaina Vellone",
            "team": "TJE58GTJL",
            "name": "shaina.vellone",
            "is_restricted": false,
            "is_ultra_restricted": false
        },
        "blocks": [
            {
                "type": "rich_text",
                "block_id": "Fdkqd",
                "elements": [
                    {
                        "type": "rich_text_section",
                        "elements": [
                            {
                                "type": "user",
                                "user_id": "U02GMMQ281W"
                            },
                            {
                                "type": "text",
                                "text": " That is so kind, thank you so much!"
                            }
                        ]
                    }
                ]
            }
        ],
        "thread_ts": "1639495728.474300",
        "parent_user_id": "U02MYNYNDEK",
        "reactions": [
            {
                "name": "handshake",
                "users": [
                    "U02GMMQ281W"
                ],
                "count": 1
            }
        ]
    },
    {
        "client_msg_id": "4e322c37-1d80-4259-ae99-c7687296c348",
        "type": "message",
        "text": "Yeah I track with freshbooks <@U02Q3JRH2P9>",
        "user": "U02Q67WK4LS",
        "ts": "1639507319.477600",
        "team": "TJE58GTJL",
        "user_team": "TJE58GTJL",
        "source_team": "TJE58GTJL",
        "user_profile": {
            "avatar_hash": "b8dfb16f41fe",
            "image_72": "https:\/\/avatars.slack-edge.com\/2021-12-10\/2850618967824_b8dfb16f41fefef6a517_72.jpg",
            "first_name": "Adrienne",
            "real_name": "Adrienne Smith",
            "display_name": "Adrienne Smith",
            "team": "TJE58GTJL",
            "name": "adrienneksmith9",
            "is_restricted": false,
            "is_ultra_restricted": false
        },
        "blocks": [
            {
                "type": "rich_text",
                "block_id": "MAv",
                "elements": [
                    {
                        "type": "rich_text_section",
                        "elements": [
                            {
                                "type": "text",
                                "text": "Yeah I track with freshbooks "
                            },
                            {
                                "type": "user",
                                "user_id": "U02Q3JRH2P9"
                            }
                        ]
                    }
                ]
            }
        ],
        "thread_ts": "1639174209.436700",
        "parent_user_id": "U02Q67WK4LS",
        "reactions": [
            {
                "name": "+1",
                "users": [
                    "U02Q3JRH2P9"
                ],
                "count": 1
            }
        ]
    },
    {
        "client_msg_id": "a31db485-3334-41c3-8a65-358b744f2886",
        "type": "message",
        "text": ":100:",
        "user": "U02Q3JRH2P9",
        "ts": "1639520914.477900",
        "team": "TJE58GTJL",
        "user_team": "TJE58GTJL",
        "source_team": "TJE58GTJL",
        "user_profile": {
            "avatar_hash": "g9b10186b409",
            "image_72": "https:\/\/secure.gravatar.com\/avatar\/9b10186b4095f5f19853cf1f57a0081d.jpg?s=72&d=https%3A%2F%2Fa.slack-edge.com%2Fdf10d%2Fimg%2Favatars%2Fava_0021-72.png",
            "first_name": "Karandeep",
            "real_name": "Karandeep Arora",
            "display_name": "KD",
            "team": "TJE58GTJL",
            "name": "karanarora1892",
            "is_restricted": false,
            "is_ultra_restricted": false
        },
        "blocks": [
            {
                "type": "rich_text",
                "block_id": "xlC",
                "elements": [
                    {
                        "type": "rich_text_section",
                        "elements": [
                            {
                                "type": "emoji",
                                "name": "100"
                            }
                        ]
                    }
                ]
            }
        ],
        "thread_ts": "1639174209.436700",
        "parent_user_id": "U02Q67WK4LS"
    },
    {
        "client_msg_id": "8e43679d-6e5d-44b3-a409-d7cd1f3359d0",
        "type": "message",
        "text": "<@U02Q3JRH2P9> I've used Toggl every day since I started freelancing - I find it helps me concentrate and also looking back at quoted time vs actual time means I'm getting better at estimating how I schedule in jobs, as I understand where my time goes",
        "user": "U02AR2XSN1M",
        "ts": "1639530835.480000",
        "team": "TJE58GTJL",
        "user_team": "TJE58GTJL",
        "source_team": "TJE58GTJL",
        "user_profile": {
            "avatar_hash": "b0fa34c3f8f5",
            "image_72": "https:\/\/avatars.slack-edge.com\/2021-08-16\/2368450553975_b0fa34c3f8f5e02f6b43_72.jpg",
            "first_name": "Leonie",
            "real_name": "Leonie Waldron",
            "display_name": "Leonie Waldron",
            "team": "TJE58GTJL",
            "name": "leonie",
            "is_restricted": false,
            "is_ultra_restricted": false
        },
        "blocks": [
            {
                "type": "rich_text",
                "block_id": "e48",
                "elements": [
                    {
                        "type": "rich_text_section",
                        "elements": [
                            {
                                "type": "user",
                                "user_id": "U02Q3JRH2P9"
                            },
                            {
                                "type": "text",
                                "text": " I've used Toggl every day since I started freelancing - I find it helps me concentrate and also looking back at quoted time vs actual time means I'm getting better at estimating how I schedule in jobs, as I understand where my time goes"
                            }
                        ]
                    }
                ]
            }
        ],
        "thread_ts": "1639174209.436700",
        "parent_user_id": "U02Q67WK4LS",
        "reactions": [
            {
                "name": "+1",
                "users": [
                    "U02Q3JRH2P9",
                    "U02LGA1DB9N"
                ],
                "count": 2
            }
        ]
    },
    {
        "client_msg_id": "9f5efff4-b578-47bb-a1a9-a887d533c6a4",
        "type": "message",
        "text": "Messaged! :)",
        "user": "U02QKGDCCB0",
        "ts": "1639531953.480300",
        "team": "TJE58GTJL",
        "user_team": "TJE58GTJL",
        "source_team": "TJE58GTJL",
        "user_profile": {
            "avatar_hash": "3a734c06bf2f",
            "image_72": "https:\/\/avatars.slack-edge.com\/2021-12-14\/2839314965957_3a734c06bf2f86f35503_72.jpg",
            "first_name": "Tanmay",
            "real_name": "Tanmay Mehta",
            "display_name": "Tanmay Mehta",
            "team": "TJE58GTJL",
            "name": "tanmaymehta10",
            "is_restricted": false,
            "is_ultra_restricted": false
        },
        "blocks": [
            {
                "type": "rich_text",
                "block_id": "AWo",
                "elements": [
                    {
                        "type": "rich_text_section",
                        "elements": [
                            {
                                "type": "text",
                                "text": "Messaged! :)"
                            }
                        ]
                    }
                ]
            }
        ],
        "thread_ts": "1639473589.472200",
        "parent_user_id": "U01J3L8CJRL"
    }
]