[
    {
        "client_msg_id": "9630dfad-00a8-4d3f-b84d-10f07747cf16",
        "type": "message",
        "text": "Hi folks :wave:  I'm the founder of <https:\/\/zipmessage.com|ZipMessage>, a SaaS for async video conversations with your team and clients.\n\nWe're a young startup with some traction and a bit of funding (but not on the VC path).  I'm looking for a content creator &amp; strategist for a long-term retainer.  Very collaborative, high-impact, strategic content work.\n\nHere's my <https:\/\/jobs.superpath.co\/job\/187372-content-creator-and-strategist-updated|superpath job listing>.  Feedback welcome!  You can reach me in here or on email:  <mailto:brian@zipmessage.com|brian@zipmessage.com>.\n\nThanks!",
        "user": "U02HCPXQEKH",
        "ts": "1634226827.391400",
        "team": "TJE58GTJL",
        "user_team": "TJE58GTJL",
        "source_team": "TJE58GTJL",
        "user_profile": {
            "avatar_hash": "g053c090c04b",
            "image_72": "https:\/\/secure.gravatar.com\/avatar\/053c090c04b794ca7d001d1d063272c5.jpg?s=72&d=https%3A%2F%2Fa.slack-edge.com%2Fdf10d%2Fimg%2Favatars%2Fava_0008-72.png",
            "first_name": "Brian",
            "real_name": "Brian Casel",
            "display_name": "Brian Casel",
            "team": "TJE58GTJL",
            "name": "hi289",
            "is_restricted": false,
            "is_ultra_restricted": false
        },
        "blocks": [
            {
                "type": "rich_text",
                "block_id": "vIKjv",
                "elements": [
                    {
                        "type": "rich_text_section",
                        "elements": [
                            {
                                "type": "text",
                                "text": "Hi folks "
                            },
                            {
                                "type": "emoji",
                                "name": "wave"
                            },
                            {
                                "type": "text",
                                "text": "  I'm the founder of "
                            },
                            {
                                "type": "link",
                                "url": "https:\/\/zipmessage.com",
                                "text": "ZipMessage"
                            },
                            {
                                "type": "text",
                                "text": ", a SaaS for async video conversations with your team and clients.\n\nWe're a young startup with some traction and a bit of funding (but not on the VC path).  I'm looking for a content creator & strategist for a long-term retainer.  Very collaborative, high-impact, strategic content work.\n\nHere's my "
                            },
                            {
                                "type": "link",
                                "url": "https:\/\/jobs.superpath.co\/job\/187372-content-creator-and-strategist-updated",
                                "text": "superpath job listing"
                            },
                            {
                                "type": "text",
                                "text": ".  Feedback welcome!  You can reach me in here or on email:  "
                            },
                            {
                                "type": "link",
                                "url": "mailto:brian@zipmessage.com",
                                "text": "brian@zipmessage.com"
                            },
                            {
                                "type": "text",
                                "text": ".\n\nThanks!"
                            }
                        ]
                    }
                ]
            }
        ],
        "thread_ts": "1634226827.391400",
        "reply_count": 3,
        "reply_users_count": 3,
        "latest_reply": "1634440352.396800",
        "reply_users": [
            "U01KH3P18RZ",
            "U02HCPXQEKH",
            "U02HD0L8HAP"
        ],
        "replies": [
            {
                "user": "U01KH3P18RZ",
                "ts": "1634232251.392200"
            },
            {
                "user": "U02HCPXQEKH",
                "ts": "1634244961.393500"
            },
            {
                "user": "U02HD0L8HAP",
                "ts": "1634440352.396800"
            }
        ],
        "is_locked": false,
        "subscribed": false,
        "reactions": [
            {
                "name": "wave",
                "users": [
                    "U02F1GK6U6B",
                    "U01NM31CTFU",
                    "U020EL92NBZ",
                    "U02H3K9BEMA",
                    "U02GMMQ281W",
                    "U01J84U3SQ6"
                ],
                "count": 6
            },
            {
                "name": "white_check_mark",
                "users": [
                    "U01K3VD3154"
                ],
                "count": 1
            },
            {
                "name": "+1",
                "users": [
                    "U02J7DM81AQ"
                ],
                "count": 1
            }
        ]
    },
    {
        "client_msg_id": "2ad76b12-3305-439f-a8e6-848668f75e34",
        "type": "message",
        "text": "Hi <@U02D61U3X7A> form filled and ready for action!",
        "user": "U013JCCN8JE",
        "ts": "1634227108.391600",
        "team": "TJE58GTJL",
        "user_team": "TJE58GTJL",
        "source_team": "TJE58GTJL",
        "user_profile": {
            "avatar_hash": "6682d662b905",
            "image_72": "https:\/\/avatars.slack-edge.com\/2020-10-24\/1444184646742_6682d662b90594d702c6_72.jpg",
            "first_name": "Timan",
            "real_name": "Timan Nickson",
            "display_name": "Timan Nickson",
            "team": "TJE58GTJL",
            "name": "timanwai",
            "is_restricted": false,
            "is_ultra_restricted": false
        },
        "blocks": [
            {
                "type": "rich_text",
                "block_id": "clk",
                "elements": [
                    {
                        "type": "rich_text_section",
                        "elements": [
                            {
                                "type": "text",
                                "text": "Hi "
                            },
                            {
                                "type": "user",
                                "user_id": "U02D61U3X7A"
                            },
                            {
                                "type": "text",
                                "text": " form filled and ready for action!"
                            }
                        ]
                    }
                ]
            }
        ],
        "thread_ts": "1634183643.382300",
        "parent_user_id": "U02D61U3X7A"
    },
    {
        "client_msg_id": "c55aabe5-36c9-481d-b39d-d3429c5a1154",
        "type": "message",
        "text": "Heya Brian, nice to see you in here.",
        "user": "U01KH3P18RZ",
        "ts": "1634232251.392200",
        "team": "TJE58GTJL",
        "user_team": "TJE58GTJL",
        "source_team": "TJE58GTJL",
        "user_profile": {
            "avatar_hash": "fab0c6d48595",
            "image_72": "https:\/\/avatars.slack-edge.com\/2021-05-28\/2110157153414_fab0c6d48595c62a6594_72.jpg",
            "first_name": "Kai",
            "real_name": "Kai Davis",
            "display_name": "Kai (Your Shopify SEO Guy)",
            "team": "TJE58GTJL",
            "name": "kai",
            "is_restricted": false,
            "is_ultra_restricted": false
        },
        "blocks": [
            {
                "type": "rich_text",
                "block_id": "dSi",
                "elements": [
                    {
                        "type": "rich_text_section",
                        "elements": [
                            {
                                "type": "text",
                                "text": "Heya Brian, nice to see you in here."
                            }
                        ]
                    }
                ]
            }
        ],
        "thread_ts": "1634226827.391400",
        "parent_user_id": "U02HCPXQEKH"
    },
    {
        "client_msg_id": "102AA00B-C6B5-41A9-9684-52065382C419",
        "type": "message",
        "text": "Hey Kai!  Hope you’re doing well. ",
        "user": "U02HCPXQEKH",
        "ts": "1634244961.393500",
        "team": "TJE58GTJL",
        "user_team": "TJE58GTJL",
        "source_team": "TJE58GTJL",
        "user_profile": {
            "avatar_hash": "g053c090c04b",
            "image_72": "https:\/\/secure.gravatar.com\/avatar\/053c090c04b794ca7d001d1d063272c5.jpg?s=72&d=https%3A%2F%2Fa.slack-edge.com%2Fdf10d%2Fimg%2Favatars%2Fava_0008-72.png",
            "first_name": "Brian",
            "real_name": "Brian Casel",
            "display_name": "Brian Casel",
            "team": "TJE58GTJL",
            "name": "hi289",
            "is_restricted": false,
            "is_ultra_restricted": false
        },
        "blocks": [
            {
                "type": "rich_text",
                "block_id": "WX5cm",
                "elements": [
                    {
                        "type": "rich_text_section",
                        "elements": [
                            {
                                "type": "text",
                                "text": "Hey Kai!  Hope you’re doing well. "
                            }
                        ]
                    }
                ]
            }
        ],
        "thread_ts": "1634226827.391400",
        "parent_user_id": "U02HCPXQEKH"
    }
]