[
    {
        "client_msg_id": "39c0c414-2d5b-4ceb-9b8e-54eac0cf6020",
        "type": "message",
        "text": "[HIRING] Hi everyone! Looking for a freelance writer who can help write the copy for our website. We are a venture-backed B2B SaaS company and are currently in the process of re-designing the website. Target audience is US.\n\nLooking for someone who writes crisp, jargon-less, conversational and fun copy. If that's you, please DM with 2-3 samples of your best work and we'll take it from there. Thanks so much!",
        "user": "U02BAV96RUK",
        "ts": "1629193560.067900",
        "team": "TJE58GTJL",
        "user_team": "TJE58GTJL",
        "source_team": "TJE58GTJL",
        "user_profile": {
            "avatar_hash": "27e2f9bc8eb3",
            "image_72": "https:\/\/avatars.slack-edge.com\/2021-08-17\/2394564581172_27e2f9bc8eb39ca918c9_72.jpg",
            "first_name": "Sahil",
            "real_name": "Sahil Aggarwal",
            "display_name": "Sahil Aggarwal",
            "team": "TJE58GTJL",
            "name": "sahilaggarwal47",
            "is_restricted": false,
            "is_ultra_restricted": false
        },
        "blocks": [
            {
                "type": "rich_text",
                "block_id": "yRy",
                "elements": [
                    {
                        "type": "rich_text_section",
                        "elements": [
                            {
                                "type": "text",
                                "text": "[HIRING] Hi everyone! Looking for a freelance writer who can help write the copy for our website. We are a venture-backed B2B SaaS company and are currently in the process of re-designing the website. Target audience is US.\n\nLooking for someone who writes crisp, jargon-less, conversational and fun copy. If that's you, please DM with 2-3 samples of your best work and we'll take it from there. Thanks so much!"
                            }
                        ]
                    }
                ]
            }
        ],
        "thread_ts": "1629193560.067900",
        "reply_count": 3,
        "reply_users_count": 3,
        "latest_reply": "1629760239.119000",
        "reply_users": [
            "U027KKWUY12",
            "U028D815JA0",
            "U01FB48KV52"
        ],
        "replies": [
            {
                "user": "U027KKWUY12",
                "ts": "1629200631.068300"
            },
            {
                "user": "U028D815JA0",
                "ts": "1629217353.069300"
            },
            {
                "user": "U01FB48KV52",
                "ts": "1629760239.119000"
            }
        ],
        "is_locked": false,
        "subscribed": false,
        "reactions": [
            {
                "name": "raised_hands",
                "users": [
                    "U020EL92NBZ",
                    "U028D815JA0"
                ],
                "count": 2
            }
        ]
    },
    {
        "client_msg_id": "4DD647BF-52FC-41E4-AF0D-DD84A43F17D4",
        "type": "message",
        "text": "Kindly check your dm.",
        "user": "U027KKWUY12",
        "ts": "1629200631.068300",
        "team": "TJE58GTJL",
        "user_team": "TJE58GTJL",
        "source_team": "TJE58GTJL",
        "user_profile": {
            "avatar_hash": "f2176ca29ce5",
            "image_72": "https:\/\/avatars.slack-edge.com\/2021-07-14\/2268394227302_f2176ca29ce5a159a5bb_72.png",
            "first_name": "Lapite",
            "real_name": "Lapite Olamide",
            "display_name": "Olamide",
            "team": "TJE58GTJL",
            "name": "lapite3",
            "is_restricted": false,
            "is_ultra_restricted": false
        },
        "blocks": [
            {
                "type": "rich_text",
                "block_id": "v26",
                "elements": [
                    {
                        "type": "rich_text_section",
                        "elements": [
                            {
                                "type": "text",
                                "text": "Kindly check your dm."
                            }
                        ]
                    }
                ]
            }
        ],
        "thread_ts": "1629193560.067900",
        "parent_user_id": "U02BAV96RUK"
    },
    {
        "client_msg_id": "cc018ca9-d295-43c8-a8be-1b5c08e5f5b8",
        "type": "message",
        "text": "Hi <@U02BAV96RUK> I have sent you a DM!",
        "user": "U028D815JA0",
        "ts": "1629217353.069300",
        "team": "TJE58GTJL",
        "user_team": "TJE58GTJL",
        "source_team": "TJE58GTJL",
        "user_profile": {
            "avatar_hash": "7e2cf488ec83",
            "image_72": "https:\/\/avatars.slack-edge.com\/2021-11-09\/2701205349650_7e2cf488ec8355d9ecca_72.jpg",
            "first_name": "althea",
            "real_name": "althea storm",
            "display_name": "althea storm",
            "team": "TJE58GTJL",
            "name": "altheanymphcstorm",
            "is_restricted": false,
            "is_ultra_restricted": false
        },
        "blocks": [
            {
                "type": "rich_text",
                "block_id": "2acF",
                "elements": [
                    {
                        "type": "rich_text_section",
                        "elements": [
                            {
                                "type": "text",
                                "text": "Hi "
                            },
                            {
                                "type": "user",
                                "user_id": "U02BAV96RUK"
                            },
                            {
                                "type": "text",
                                "text": " I have sent you a DM!"
                            }
                        ]
                    }
                ]
            }
        ],
        "thread_ts": "1629193560.067900",
        "parent_user_id": "U02BAV96RUK"
    },
    {
        "type": "message",
        "subtype": "tombstone",
        "text": "This message was deleted.",
        "user": "USLACKBOT",
        "hidden": true,
        "ts": "1629235886.071600",
        "thread_ts": "1629235886.071600",
        "parent_user_id": "USLACKBOT",
        "reply_count": 2,
        "reply_users_count": 2,
        "latest_reply": "1630401249.056700",
        "reply_users": [
            "U027KKWUY12",
            "U02CRLX23J9"
        ],
        "replies": [
            {
                "user": "U027KKWUY12",
                "ts": "1629237642.072300"
            },
            {
                "user": "U02CRLX23J9",
                "ts": "1630401249.056700"
            }
        ],
        "is_locked": false,
        "subscribed": false
    },
    {
        "client_msg_id": "686DE622-FC3C-4FA7-AA90-0F3E93A998FA",
        "type": "message",
        "text": "Please check your DM. ",
        "user": "U027KKWUY12",
        "ts": "1629237642.072300",
        "team": "TJE58GTJL",
        "user_team": "TJE58GTJL",
        "source_team": "TJE58GTJL",
        "user_profile": {
            "avatar_hash": "f2176ca29ce5",
            "image_72": "https:\/\/avatars.slack-edge.com\/2021-07-14\/2268394227302_f2176ca29ce5a159a5bb_72.png",
            "first_name": "Lapite",
            "real_name": "Lapite Olamide",
            "display_name": "Olamide",
            "team": "TJE58GTJL",
            "name": "lapite3",
            "is_restricted": false,
            "is_ultra_restricted": false
        },
        "blocks": [
            {
                "type": "rich_text",
                "block_id": "8Ja",
                "elements": [
                    {
                        "type": "rich_text_section",
                        "elements": [
                            {
                                "type": "text",
                                "text": "Please check your DM. "
                            }
                        ]
                    }
                ]
            }
        ],
        "thread_ts": "1629235886.071600",
        "parent_user_id": "USLACKBOT",
        "reactions": [
            {
                "name": "white_check_mark",
                "users": [
                    "U01MM4EAC69"
                ],
                "count": 1
            }
        ]
    },
    {
        "client_msg_id": "18e3a271-89e2-4efe-bd2e-6d8ba7f060b2",
        "type": "message",
        "text": "i'm thinking of putting together a \"superpath yellow pages\" ... basically an airtable base with all the freelancers\/consultants in this group, then making it publicly available. is that something folks would be interested in?",
        "user": "UJG9WTEKG",
        "ts": "1629239263.073300",
        "team": "TJE58GTJL",
        "user_team": "TJE58GTJL",
        "source_team": "TJE58GTJL",
        "user_profile": {
            "avatar_hash": "gc25b94e6ebf",
            "image_72": "https:\/\/secure.gravatar.com\/avatar\/eec25b94e6ebf55f0b7933372344cd09.jpg?s=72&d=https%3A%2F%2Fa.slack-edge.com%2Fdf10d%2Fimg%2Favatars%2Fava_0001-72.png",
            "first_name": "Jimmy",
            "real_name": "Jimmy Daly",
            "display_name": "",
            "team": "TJE58GTJL",
            "name": "runjimdaly",
            "is_restricted": false,
            "is_ultra_restricted": false
        },
        "blocks": [
            {
                "type": "rich_text",
                "block_id": "dfQ",
                "elements": [
                    {
                        "type": "rich_text_section",
                        "elements": [
                            {
                                "type": "text",
                                "text": "i'm thinking of putting together a \"superpath yellow pages\" ... basically an airtable base with all the freelancers\/consultants in this group, then making it publicly available. is that something folks would be interested in?"
                            }
                        ]
                    }
                ]
            }
        ],
        "thread_ts": "1629239263.073300",
        "reply_count": 14,
        "reply_users_count": 12,
        "latest_reply": "1630401226.056500",
        "reply_users": [
            "U022WPACV4L",
            "U01G7PRL3HQ",
            "UJG9WTEKG",
            "U016UC1UQEN",
            "UUVRK10QG",
            "U012GHRAHDK",
            "U025H70LG86",
            "U028D815JA0",
            "U0231C2LYNM",
            "U02B16XT7BK",
            "U02AN6MNLMA",
            "U02CRLX23J9"
        ],
        "replies": [
            {
                "user": "U022WPACV4L",
                "ts": "1629239384.073400"
            },
            {
                "user": "U01G7PRL3HQ",
                "ts": "1629239811.073700"
            },
            {
                "user": "UJG9WTEKG",
                "ts": "1629239962.073900"
            },
            {
                "user": "U016UC1UQEN",
                "ts": "1629240379.074900"
            },
            {
                "user": "UUVRK10QG",
                "ts": "1629245904.075900"
            },
            {
                "user": "U012GHRAHDK",
                "ts": "1629255264.077000"
            },
            {
                "user": "U025H70LG86",
                "ts": "1629262192.077400"
            },
            {
                "user": "U028D815JA0",
                "ts": "1629267312.077700"
            },
            {
                "user": "U0231C2LYNM",
                "ts": "1629276241.078400"
            },
            {
                "user": "U02B16XT7BK",
                "ts": "1629282933.078800"
            },
            {
                "user": "UJG9WTEKG",
                "ts": "1629301322.080400"
            },
            {
                "user": "UJG9WTEKG",
                "ts": "1629386964.090900"
            },
            {
                "user": "U02AN6MNLMA",
                "ts": "1629740120.118500"
            },
            {
                "user": "U02CRLX23J9",
                "ts": "1630401226.056500"
            }
        ],
        "is_locked": false,
        "subscribed": true,
        "last_read": "1630401226.056500",
        "reactions": [
            {
                "name": "fire",
                "users": [
                    "U01R5K3795W",
                    "U020EL92NBZ",
                    "U029CTQ5X6Y",
                    "UL2E0QVB3",
                    "U0195U3C7QC",
                    "U02BVDHA5TJ",
                    "U01AHL8AGBB",
                    "U01TPUG6YE5",
                    "U02BVDF1J9E",
                    "U01J84U3SQ6",
                    "UJJELJPNH",
                    "U02AG6CGR3L",
                    "U01FXSKB4G7",
                    "U0231C2LYNM",
                    "U029Q3Q7EHL",
                    "U017FND659T",
                    "U02ADS3DDFF",
                    "U013WR69RDE",
                    "UN227ML2H",
                    "U01KH3P18RZ",
                    "U02C0CJ0TCY",
                    "U023Q8E7MNE",
                    "U01PXN2LGAK",
                    "U0239S6AVTL",
                    "U028D815JA0",
                    "UN4FX211U",
                    "U02BUCR0FLH",
                    "U02AZ2G564W",
                    "UU07F98SJ",
                    "U02BPC785T3",
                    "U011QQDDSJV",
                    "U01D0FSPDV4",
                    "U02B60S6FBM",
                    "U01CS0V4HFG",
                    "UJ2MPBP7V",
                    "UK3FP4VNZ",
                    "URL9Z88MR",
                    "U02BERY4H9N",
                    "U02AUQ0KMGC",
                    "U02DC3GJLG6"
                ],
                "count": 40
            },
            {
                "name": "+1",
                "users": [
                    "U020EL92NBZ",
                    "UL9SA4C3T",
                    "U029Q3RRWVC",
                    "U0195U3C7QC",
                    "U0166H7KUAZ",
                    "U01TPUG6YE5",
                    "U025VFYU4AC",
                    "U024D3CP77U",
                    "U012GHRAHDK",
                    "U01P13NTGG6",
                    "UN227ML2H",
                    "U01KH3P18RZ",
                    "U02C0CJ0TCY",
                    "U023Q8E7MNE",
                    "U015B888266",
                    "U02A25BJ4T1",
                    "U02BUCR0FLH",
                    "U025X4V6WQ6",
                    "U011QQDDSJV",
                    "U02B60S6FBM",
                    "U02AN6MNLMA",
                    "U01SFTTQ483",
                    "U02BERY4H9N"
                ],
                "count": 23
            },
            {
                "name": "+1::skin-tone-5",
                "users": [
                    "UUVRK10QG"
                ],
                "count": 1
            },
            {
                "name": "sunglasses",
                "users": [
                    "UL9SA4C3T",
                    "U01KH3P18RZ",
                    "UU07F98SJ",
                    "U02BERY4H9N"
                ],
                "count": 4
            },
            {
                "name": "heart",
                "users": [
                    "U01K3VD3154",
                    "UU07F98SJ",
                    "U02B60S6FBM",
                    "U02BERY4H9N"
                ],
                "count": 4
            },
            {
                "name": "+1::skin-tone-2",
                "users": [
                    "UU07F98SJ"
                ],
                "count": 1
            }
        ]
    },
    {
        "client_msg_id": "fafb677d-cc31-4801-9e50-506c07f6e42d",
        "type": "message",
        "text": "+1. It'd make hiring freelancers so much easier especially if it includes their writing samples or portfolios",
        "user": "U022WPACV4L",
        "ts": "1629239384.073400",
        "team": "TJE58GTJL",
        "user_team": "TJE58GTJL",
        "source_team": "TJE58GTJL",
        "user_profile": {
            "avatar_hash": "bc588db919e3",
            "image_72": "https:\/\/avatars.slack-edge.com\/2021-05-21\/2092645159746_bc588db919e300f6dc48_72.jpg",
            "first_name": "Taran",
            "real_name": "Taran Soodan",
            "display_name": "Taran Soodan",
            "team": "TJE58GTJL",
            "name": "taran",
            "is_restricted": false,
            "is_ultra_restricted": false
        },
        "blocks": [
            {
                "type": "rich_text",
                "block_id": "CiiEL",
                "elements": [
                    {
                        "type": "rich_text_section",
                        "elements": [
                            {
                                "type": "text",
                                "text": "+1. It'd make hiring freelancers so much easier especially if it includes their writing samples or portfolios"
                            }
                        ]
                    }
                ]
            }
        ],
        "thread_ts": "1629239263.073300",
        "parent_user_id": "UJG9WTEKG"
    },
    {
        "client_msg_id": "d860feb4-65ff-4fcc-93d7-e4990e6a4476",
        "type": "message",
        "text": "I'm a yes from both the freelancing and in-house side!",
        "user": "U01G7PRL3HQ",
        "ts": "1629239811.073700",
        "team": "TJE58GTJL",
        "user_team": "TJE58GTJL",
        "source_team": "TJE58GTJL",
        "user_profile": {
            "avatar_hash": "9723d9fab333",
            "image_72": "https:\/\/avatars.slack-edge.com\/2020-12-04\/1575670486368_9723d9fab333bb41974e_72.jpg",
            "first_name": "Eric",
            "real_name": "Eric Doty",
            "display_name": "Eric Doty",
            "team": "TJE58GTJL",
            "name": "eric.doty",
            "is_restricted": false,
            "is_ultra_restricted": false
        },
        "blocks": [
            {
                "type": "rich_text",
                "block_id": "pZ4ZU",
                "elements": [
                    {
                        "type": "rich_text_section",
                        "elements": [
                            {
                                "type": "text",
                                "text": "I'm a yes from both the freelancing and in-house side!"
                            }
                        ]
                    }
                ]
            }
        ],
        "thread_ts": "1629239263.073300",
        "parent_user_id": "UJG9WTEKG"
    },
    {
        "client_msg_id": "0c02b0b5-f911-4e24-86e6-1f2e80f4bc6c",
        "type": "message",
        "text": ":partyparrot:",
        "user": "UJG9WTEKG",
        "ts": "1629239962.073900",
        "team": "TJE58GTJL",
        "user_team": "TJE58GTJL",
        "source_team": "TJE58GTJL",
        "user_profile": {
            "avatar_hash": "gc25b94e6ebf",
            "image_72": "https:\/\/secure.gravatar.com\/avatar\/eec25b94e6ebf55f0b7933372344cd09.jpg?s=72&d=https%3A%2F%2Fa.slack-edge.com%2Fdf10d%2Fimg%2Favatars%2Fava_0001-72.png",
            "first_name": "Jimmy",
            "real_name": "Jimmy Daly",
            "display_name": "",
            "team": "TJE58GTJL",
            "name": "runjimdaly",
            "is_restricted": false,
            "is_ultra_restricted": false
        },
        "blocks": [
            {
                "type": "rich_text",
                "block_id": "nvBL",
                "elements": [
                    {
                        "type": "rich_text_section",
                        "elements": [
                            {
                                "type": "emoji",
                                "name": "partyparrot"
                            }
                        ]
                    }
                ]
            }
        ],
        "thread_ts": "1629239263.073300",
        "parent_user_id": "UJG9WTEKG"
    },
    {
        "client_msg_id": "586DA953-A4D1-4E7D-9E55-854F5F8C03CC",
        "type": "message",
        "text": "Love the idea ",
        "user": "U016UC1UQEN",
        "ts": "1629240379.074900",
        "team": "TJE58GTJL",
        "user_team": "TJE58GTJL",
        "source_team": "TJE58GTJL",
        "user_profile": {
            "avatar_hash": "efe508bfe0a1",
            "image_72": "https:\/\/avatars.slack-edge.com\/2021-01-12\/1616330431191_efe508bfe0a1bac11fa7_72.jpg",
            "first_name": "Nathan",
            "real_name": "Nathan Ojaokomo",
            "display_name": "Nathan Ojaokomo",
            "team": "TJE58GTJL",
            "name": "nath",
            "is_restricted": false,
            "is_ultra_restricted": false
        },
        "blocks": [
            {
                "type": "rich_text",
                "block_id": "uQ4",
                "elements": [
                    {
                        "type": "rich_text_section",
                        "elements": [
                            {
                                "type": "text",
                                "text": "Love the idea "
                            }
                        ]
                    }
                ]
            }
        ],
        "thread_ts": "1629239263.073300",
        "parent_user_id": "UJG9WTEKG"
    },
    {
        "client_msg_id": "a19c50fe-9102-4617-b584-0d376517f442",
        "type": "message",
        "text": "Yes!!!!This is a great idea",
        "user": "UUVRK10QG",
        "ts": "1629245904.075900",
        "team": "TJE58GTJL",
        "user_team": "TJE58GTJL",
        "source_team": "TJE58GTJL",
        "user_profile": {
            "avatar_hash": "4ffef16a9259",
            "image_72": "https:\/\/avatars.slack-edge.com\/2022-02-18\/3109627660935_4ffef16a925938854d49_72.png",
            "first_name": "Femi",
            "real_name": "Femi Oyelola",
            "display_name": "",
            "team": "TJE58GTJL",
            "name": "oluwafemiwrites",
            "is_restricted": false,
            "is_ultra_restricted": false
        },
        "blocks": [
            {
                "type": "rich_text",
                "block_id": "R1mBS",
                "elements": [
                    {
                        "type": "rich_text_section",
                        "elements": [
                            {
                                "type": "text",
                                "text": "Yes!!!!This is a great idea"
                            }
                        ]
                    }
                ]
            }
        ],
        "thread_ts": "1629239263.073300",
        "parent_user_id": "UJG9WTEKG"
    },
    {
        "client_msg_id": "73765342-aa46-4e1f-9b33-c8ed10f84044",
        "type": "message",
        "text": "Yep! :100:",
        "user": "U012GHRAHDK",
        "ts": "1629255264.077000",
        "team": "TJE58GTJL",
        "user_team": "TJE58GTJL",
        "source_team": "TJE58GTJL",
        "user_profile": {
            "avatar_hash": "8ba0c4534568",
            "image_72": "https:\/\/avatars.slack-edge.com\/2022-04-12\/3401585222352_8ba0c45345680ce088ab_72.jpg",
            "first_name": "Deb",
            "real_name": "Deb Mukherjee",
            "display_name": "Deb Mukherjee",
            "team": "TJE58GTJL",
            "name": "debdut94",
            "is_restricted": false,
            "is_ultra_restricted": false
        },
        "blocks": [
            {
                "type": "rich_text",
                "block_id": "2No",
                "elements": [
                    {
                        "type": "rich_text_section",
                        "elements": [
                            {
                                "type": "text",
                                "text": "Yep! "
                            },
                            {
                                "type": "emoji",
                                "name": "100"
                            }
                        ]
                    }
                ]
            }
        ],
        "thread_ts": "1629239263.073300",
        "parent_user_id": "UJG9WTEKG"
    },
    {
        "client_msg_id": "f3c1cce8-e744-4f17-a7d4-5072290f9456",
        "type": "message",
        "text": "Great idea",
        "user": "U025H70LG86",
        "ts": "1629262192.077400",
        "team": "TJE58GTJL",
        "user_team": "TJE58GTJL",
        "source_team": "TJE58GTJL",
        "user_profile": {
            "avatar_hash": "gab7e3d572a3",
            "image_72": "https:\/\/secure.gravatar.com\/avatar\/ab7e3d572a31f84ddbcde1de89912ecd.jpg?s=72&d=https%3A%2F%2Fa.slack-edge.com%2Fdf10d%2Fimg%2Favatars%2Fava_0002-72.png",
            "first_name": "Precious",
            "real_name": "Precious Oboidhe",
            "display_name": "Precious Oboidhe",
            "team": "TJE58GTJL",
            "name": "poboidhe",
            "is_restricted": false,
            "is_ultra_restricted": false
        },
        "blocks": [
            {
                "type": "rich_text",
                "block_id": "3A0",
                "elements": [
                    {
                        "type": "rich_text_section",
                        "elements": [
                            {
                                "type": "text",
                                "text": "Great idea"
                            }
                        ]
                    }
                ]
            }
        ],
        "thread_ts": "1629239263.073300",
        "parent_user_id": "UJG9WTEKG"
    },
    {
        "client_msg_id": "341f9c7a-563f-4041-af65-007547720a7a",
        "type": "message",
        "text": "Great idea, <@UJG9WTEKG>!",
        "user": "U028D815JA0",
        "ts": "1629267312.077700",
        "team": "TJE58GTJL",
        "user_team": "TJE58GTJL",
        "source_team": "TJE58GTJL",
        "user_profile": {
            "avatar_hash": "7e2cf488ec83",
            "image_72": "https:\/\/avatars.slack-edge.com\/2021-11-09\/2701205349650_7e2cf488ec8355d9ecca_72.jpg",
            "first_name": "althea",
            "real_name": "althea storm",
            "display_name": "althea storm",
            "team": "TJE58GTJL",
            "name": "altheanymphcstorm",
            "is_restricted": false,
            "is_ultra_restricted": false
        },
        "blocks": [
            {
                "type": "rich_text",
                "block_id": "H=kT",
                "elements": [
                    {
                        "type": "rich_text_section",
                        "elements": [
                            {
                                "type": "text",
                                "text": "Great idea, "
                            },
                            {
                                "type": "user",
                                "user_id": "UJG9WTEKG"
                            },
                            {
                                "type": "text",
                                "text": "!"
                            }
                        ]
                    }
                ]
            }
        ],
        "thread_ts": "1629239263.073300",
        "parent_user_id": "UJG9WTEKG"
    }
]