[
    {
        "client_msg_id": "4c878022-b8c0-4461-8862-8da65b046e39",
        "type": "message",
        "text": "_[Please let me know if this isn’t the appropriate place for this!]_ I’m looking to hire a freelance writer to help my team with SEO\/listicle\/thought leadership blog content in the early childhood education space. 2-3 posts per week. Please DM me if you’re interested or know someone who is!",
        "user": "U022PRZDB6W",
        "ts": "1622041096.055800",
        "team": "TJE58GTJL",
        "user_team": "TJE58GTJL",
        "source_team": "TJE58GTJL",
        "user_profile": {
            "avatar_hash": "913ce77c2994",
            "image_72": "https:\/\/avatars.slack-edge.com\/2021-05-21\/2104509954721_913ce77c2994e10945c7_72.jpg",
            "first_name": "",
            "real_name": "Hannah Alvarez",
            "display_name": "Hannah Alvarez",
            "team": "TJE58GTJL",
            "name": "hannah.alvarez",
            "is_restricted": false,
            "is_ultra_restricted": false
        },
        "blocks": [
            {
                "type": "rich_text",
                "block_id": "Aoh",
                "elements": [
                    {
                        "type": "rich_text_section",
                        "elements": [
                            {
                                "type": "text",
                                "text": "[Please let me know if this isn’t the appropriate place for this!] ",
                                "style": {
                                    "italic": true
                                }
                            },
                            {
                                "type": "text",
                                "text": "I’m looking to hire a freelance writer to help my team with SEO\/listicle\/thought leadership blog content in the early childhood education space. 2-3 posts per week. Please DM me if you’re interested or know someone who is!"
                            }
                        ]
                    }
                ]
            }
        ],
        "thread_ts": "1622041096.055800",
        "reply_count": 6,
        "reply_users_count": 3,
        "latest_reply": "1623729262.124200",
        "reply_users": [
            "U01FUP6AMEZ",
            "U022PRZDB6W",
            "U01K3VD3154"
        ],
        "replies": [
            {
                "user": "U01FUP6AMEZ",
                "ts": "1622043438.055900"
            },
            {
                "user": "U022PRZDB6W",
                "ts": "1622134522.063100"
            },
            {
                "user": "U01FUP6AMEZ",
                "ts": "1622136628.063400"
            },
            {
                "user": "U01FUP6AMEZ",
                "ts": "1622147853.067600"
            },
            {
                "user": "U01FUP6AMEZ",
                "ts": "1622148019.067900"
            },
            {
                "user": "U01K3VD3154",
                "ts": "1623729262.124200"
            }
        ],
        "is_locked": false,
        "subscribed": false,
        "reactions": [
            {
                "name": "100",
                "users": [
                    "UJG9WTEKG",
                    "U01J84U3SQ6"
                ],
                "count": 2
            },
            {
                "name": "heart",
                "users": [
                    "U01K3VD3154"
                ],
                "count": 1
            }
        ]
    },
    {
        "client_msg_id": "00bd046f-654d-4768-bb1d-c5eae762def0",
        "type": "message",
        "text": "Hi Hannah! This ain't me but I can circulate to my community. Got a rate in mind?",
        "user": "U01FUP6AMEZ",
        "ts": "1622043438.055900",
        "team": "TJE58GTJL",
        "user_team": "TJE58GTJL",
        "source_team": "TJE58GTJL",
        "user_profile": {
            "avatar_hash": "128762c3ea3f",
            "image_72": "https:\/\/avatars.slack-edge.com\/2020-12-01\/1527137254583_128762c3ea3f3d65d19b_72.jpg",
            "first_name": "Joanna",
            "real_name": "Joanna Rutter",
            "display_name": "Joanna Rutter",
            "team": "TJE58GTJL",
            "name": "rutterjoanna",
            "is_restricted": false,
            "is_ultra_restricted": false
        },
        "blocks": [
            {
                "type": "rich_text",
                "block_id": "K5PM0",
                "elements": [
                    {
                        "type": "rich_text_section",
                        "elements": [
                            {
                                "type": "text",
                                "text": "Hi Hannah! This ain't me but I can circulate to my community. Got a rate in mind?"
                            }
                        ]
                    }
                ]
            }
        ],
        "thread_ts": "1622041096.055800",
        "parent_user_id": "U022PRZDB6W"
    },
    {
        "client_msg_id": "7f85988a-1775-4a41-9445-accf6e17d0d0",
        "type": "message",
        "text": "Update: I'm on HoneyBook now and it's everything I needed (so far)",
        "user": "U01FUP6AMEZ",
        "ts": "1622043595.056100",
        "team": "TJE58GTJL",
        "user_team": "TJE58GTJL",
        "source_team": "TJE58GTJL",
        "user_profile": {
            "avatar_hash": "128762c3ea3f",
            "image_72": "https:\/\/avatars.slack-edge.com\/2020-12-01\/1527137254583_128762c3ea3f3d65d19b_72.jpg",
            "first_name": "Joanna",
            "real_name": "Joanna Rutter",
            "display_name": "Joanna Rutter",
            "team": "TJE58GTJL",
            "name": "rutterjoanna",
            "is_restricted": false,
            "is_ultra_restricted": false
        },
        "blocks": [
            {
                "type": "rich_text",
                "block_id": "pUEi",
                "elements": [
                    {
                        "type": "rich_text_section",
                        "elements": [
                            {
                                "type": "text",
                                "text": "Update: I'm on HoneyBook now and it's everything I needed (so far)"
                            }
                        ]
                    }
                ]
            }
        ],
        "thread_ts": "1621876234.042300",
        "parent_user_id": "U01FUP6AMEZ",
        "reactions": [
            {
                "name": "fire",
                "users": [
                    "U01AHL8AGBB",
                    "U01KH3P18RZ",
                    "U022P474MC1"
                ],
                "count": 3
            }
        ]
    },
    {
        "client_msg_id": "a7d1a490-3c06-4bda-8733-a363aa508f4d",
        "type": "message",
        "text": "Hey y’all! I’ve taken on a few extra contracts and am looking at bringing in a bit of freelance writing help. The ideal person is comfortable writing in the 2000+ word range and working from a detailed brief (while also adding a bit of extra research to the mix). Topics are in the project management, UX design, and team communication spaces so some subject matter expertise would be great (but not necessary). DM me if you’re interested!",
        "user": "U014ZKC177G",
        "ts": "1622055838.058600",
        "team": "TJE58GTJL",
        "user_team": "TJE58GTJL",
        "source_team": "TJE58GTJL",
        "user_profile": {
            "avatar_hash": "302f8f3e1059",
            "image_72": "https:\/\/avatars.slack-edge.com\/2021-06-25\/2218574473444_302f8f3e10594085fd9e_72.jpg",
            "first_name": "",
            "real_name": "Jory MacKay",
            "display_name": "Jory MacKay",
            "team": "TJE58GTJL",
            "name": "jory.mackay",
            "is_restricted": false,
            "is_ultra_restricted": false
        },
        "blocks": [
            {
                "type": "rich_text",
                "block_id": "XGwrQ",
                "elements": [
                    {
                        "type": "rich_text_section",
                        "elements": [
                            {
                                "type": "text",
                                "text": "Hey y’all! I’ve taken on a few extra contracts and am looking at bringing in a bit of freelance writing help. The ideal person is comfortable writing in the 2000+ word range and working from a detailed brief (while also adding a bit of extra research to the mix). Topics are in the project management, UX design, and team communication spaces so some subject matter expertise would be great (but not necessary). DM me if you’re interested!"
                            }
                        ]
                    }
                ]
            }
        ],
        "thread_ts": "1622055838.058600",
        "reply_count": 4,
        "reply_users_count": 3,
        "latest_reply": "1623729221.123900",
        "reply_users": [
            "UJG9WTEKG",
            "U014ZKC177G",
            "U01K3VD3154"
        ],
        "replies": [
            {
                "user": "UJG9WTEKG",
                "ts": "1622060826.058900"
            },
            {
                "user": "UJG9WTEKG",
                "ts": "1622060830.059100"
            },
            {
                "user": "U014ZKC177G",
                "ts": "1622060974.059300"
            },
            {
                "user": "U01K3VD3154",
                "ts": "1623729221.123900"
            }
        ],
        "is_locked": false,
        "subscribed": true,
        "last_read": "1623729221.123900",
        "reactions": [
            {
                "name": "pizza",
                "users": [
                    "UJG9WTEKG",
                    "U01FUP6AMEZ",
                    "U01J84U3SQ6"
                ],
                "count": 3
            }
        ]
    },
    {
        "client_msg_id": "520d9877-65c9-4f0c-9745-7899338115df",
        "type": "message",
        "text": "working with <@U014ZKC177G> would be awesome !!",
        "user": "UJG9WTEKG",
        "ts": "1622060826.058900",
        "team": "TJE58GTJL",
        "user_team": "TJE58GTJL",
        "source_team": "TJE58GTJL",
        "user_profile": {
            "avatar_hash": "gc25b94e6ebf",
            "image_72": "https:\/\/secure.gravatar.com\/avatar\/eec25b94e6ebf55f0b7933372344cd09.jpg?s=72&d=https%3A%2F%2Fa.slack-edge.com%2Fdf10d%2Fimg%2Favatars%2Fava_0001-72.png",
            "first_name": "Jimmy",
            "real_name": "Jimmy Daly",
            "display_name": "",
            "team": "TJE58GTJL",
            "name": "runjimdaly",
            "is_restricted": false,
            "is_ultra_restricted": false
        },
        "blocks": [
            {
                "type": "rich_text",
                "block_id": "FZ+ui",
                "elements": [
                    {
                        "type": "rich_text_section",
                        "elements": [
                            {
                                "type": "text",
                                "text": "working with "
                            },
                            {
                                "type": "user",
                                "user_id": "U014ZKC177G"
                            },
                            {
                                "type": "text",
                                "text": " would be awesome !!"
                            }
                        ]
                    }
                ]
            }
        ],
        "thread_ts": "1622055838.058600",
        "parent_user_id": "U014ZKC177G"
    },
    {
        "client_msg_id": "8f0ebfbd-5364-42c9-8cd2-75f54e32e819",
        "type": "message",
        "text": "hope you find some folks jory",
        "user": "UJG9WTEKG",
        "ts": "1622060830.059100",
        "team": "TJE58GTJL",
        "user_team": "TJE58GTJL",
        "source_team": "TJE58GTJL",
        "user_profile": {
            "avatar_hash": "gc25b94e6ebf",
            "image_72": "https:\/\/secure.gravatar.com\/avatar\/eec25b94e6ebf55f0b7933372344cd09.jpg?s=72&d=https%3A%2F%2Fa.slack-edge.com%2Fdf10d%2Fimg%2Favatars%2Fava_0001-72.png",
            "first_name": "Jimmy",
            "real_name": "Jimmy Daly",
            "display_name": "",
            "team": "TJE58GTJL",
            "name": "runjimdaly",
            "is_restricted": false,
            "is_ultra_restricted": false
        },
        "blocks": [
            {
                "type": "rich_text",
                "block_id": "=Ug",
                "elements": [
                    {
                        "type": "rich_text_section",
                        "elements": [
                            {
                                "type": "text",
                                "text": "hope you find some folks jory"
                            }
                        ]
                    }
                ]
            }
        ],
        "thread_ts": "1622055838.058600",
        "parent_user_id": "U014ZKC177G"
    },
    {
        "client_msg_id": "2f54d2d8-257e-4db0-8c80-38b4d35aceaf",
        "type": "message",
        "text": "Thanks Jimmy!",
        "user": "U014ZKC177G",
        "ts": "1622060974.059300",
        "team": "TJE58GTJL",
        "user_team": "TJE58GTJL",
        "source_team": "TJE58GTJL",
        "user_profile": {
            "avatar_hash": "302f8f3e1059",
            "image_72": "https:\/\/avatars.slack-edge.com\/2021-06-25\/2218574473444_302f8f3e10594085fd9e_72.jpg",
            "first_name": "",
            "real_name": "Jory MacKay",
            "display_name": "Jory MacKay",
            "team": "TJE58GTJL",
            "name": "jory.mackay",
            "is_restricted": false,
            "is_ultra_restricted": false
        },
        "blocks": [
            {
                "type": "rich_text",
                "block_id": "0uGAX",
                "elements": [
                    {
                        "type": "rich_text_section",
                        "elements": [
                            {
                                "type": "text",
                                "text": "Thanks Jimmy!"
                            }
                        ]
                    }
                ]
            }
        ],
        "thread_ts": "1622055838.058600",
        "parent_user_id": "U014ZKC177G"
    }
]