[
    {
        "client_msg_id": "88c704ba-8a1b-4824-bb0a-f8e3b28600e8",
        "type": "message",
        "text": "<@U02469XJPGW> We pay $0.12-0.15\/word in most cases. $0.12 is reserved for writers *we* are training — like, without any SEO writing experience — and $0.15 is for the somewhat experienced folks. I freelanced for 5 years before starting my agency and I'm paying more than I made in almost every circumstance, and I had done some legwork to make sure I wasn't underpaying (or being underpaid, when freelancing).\n\nMy original question was because I got pitched $1\/word from a freelance writer last week for content that should take 4-6 hours to produce. On the high end of an hourly range, that's $266\/hour. It's not specialty content that should require that type of rate — particularly as it's not at all research-heavy. I can see that if you're talking about something that requires super niche experience or multiple days of research and writing to produce, but not a typical piece.\n\nI know outlining and writing aren't the same, but I was once a freelance writer and had clients send me topics with a few bullet points and no actual outline. We write a super detailed outline. It's different than what I was given while making a great deal less per post. I included that in my post because of my previous experiences.",
        "user": "U024K88ECFN",
        "ts": "1624034172.145600",
        "team": "TJE58GTJL",
        "user_team": "TJE58GTJL",
        "source_team": "TJE58GTJL",
        "user_profile": {
            "avatar_hash": "00c4a04080e3",
            "image_72": "https:\/\/avatars.slack-edge.com\/2022-03-23\/3286590119379_00c4a04080e367a58cfc_72.png",
            "first_name": "Rebekah",
            "real_name": "Rebekah Edwards",
            "display_name": "Rebekah Edwards",
            "team": "TJE58GTJL",
            "name": "rebekah473",
            "is_restricted": false,
            "is_ultra_restricted": false
        },
        "blocks": [
            {
                "type": "rich_text",
                "block_id": "7li",
                "elements": [
                    {
                        "type": "rich_text_section",
                        "elements": [
                            {
                                "type": "user",
                                "user_id": "U02469XJPGW"
                            },
                            {
                                "type": "text",
                                "text": " We pay $0.12-0.15\/word in most cases. $0.12 is reserved for writers"
                            },
                            {
                                "type": "text",
                                "text": " we",
                                "style": {
                                    "bold": true
                                }
                            },
                            {
                                "type": "text",
                                "text": " are training — like, without any SEO writing experience — and $0.15 is for the somewhat experienced folks. I freelanced for 5 years before starting my agency and I'm paying more than I made in almost every circumstance, and I had done some legwork to make sure I wasn't underpaying (or being underpaid, when freelancing).\n\nMy original question was because I got pitched $1\/word from a freelance writer last week for content that should take 4-6 hours to produce. On the high end of an hourly range, that's $266\/hour. It's not specialty content that should require that type of rate — particularly as it's not at all research-heavy. I can see that if you're talking about something that requires super niche experience or multiple days of research and writing to produce, but not a typical piece.\n\nI know outlining and writing aren't the same, but I was once a freelance writer and had clients send me topics with a few bullet points and no actual outline. We write a super detailed outline. It's different than what I was given while making a great deal less per post. I included that in my post because of my previous experiences."
                            }
                        ]
                    }
                ]
            }
        ],
        "thread_ts": "1623448618.107200",
        "parent_user_id": "U024K88ECFN"
    },
    {
        "client_msg_id": "9c309d53-9d51-4375-8b18-0b5ffd4ac8c9",
        "type": "message",
        "text": "<@U01K0BWEQD6> Can I ask what type of content and research you're working on? That is so much more than my agency even charges for completed pieces (optimized and edited) but I can see that for pieces that require a ton of research and legwork. I'm just very curious!",
        "user": "U024K88ECFN",
        "ts": "1624034221.145800",
        "team": "TJE58GTJL",
        "user_team": "TJE58GTJL",
        "source_team": "TJE58GTJL",
        "user_profile": {
            "avatar_hash": "00c4a04080e3",
            "image_72": "https:\/\/avatars.slack-edge.com\/2022-03-23\/3286590119379_00c4a04080e367a58cfc_72.png",
            "first_name": "Rebekah",
            "real_name": "Rebekah Edwards",
            "display_name": "Rebekah Edwards",
            "team": "TJE58GTJL",
            "name": "rebekah473",
            "is_restricted": false,
            "is_ultra_restricted": false
        },
        "blocks": [
            {
                "type": "rich_text",
                "block_id": "Alc",
                "elements": [
                    {
                        "type": "rich_text_section",
                        "elements": [
                            {
                                "type": "user",
                                "user_id": "U01K0BWEQD6"
                            },
                            {
                                "type": "text",
                                "text": " Can I ask what type of content and research you're working on? That is so much more than my agency even charges for completed pieces (optimized and edited) but I can see that for pieces that require a ton of research and legwork. I'm just very curious!"
                            }
                        ]
                    }
                ]
            }
        ],
        "thread_ts": "1623448618.107200",
        "parent_user_id": "U024K88ECFN"
    }
]