[
    {
        "client_msg_id": "4a78960f-ca58-4fec-9973-395e8d27198e",
        "type": "message",
        "text": "Hi all, we're always looking to expand our network of freelance writers, preferably ones with some demonstrable and hands-on experience in the B2B tech\/innovation space and... (Here's the catch :smirk: ) able to write SEO articles in fluent Dutch! :flag-nl: :cheese_wedge: :tulip:\n\nHit me up in a DM\/the comments if that's you. If not, but you do write in other languages than :uk: \/:us: why don't you react to this post with a flag emoji that shows off your non-EN writing skills! Cheers!",
        "user": "U02681WABA7",
        "ts": "1625142599.231800",
        "team": "TJE58GTJL",
        "user_team": "TJE58GTJL",
        "source_team": "TJE58GTJL",
        "user_profile": {
            "avatar_hash": "e00edcfaaddd",
            "image_72": "https:\/\/avatars.slack-edge.com\/2021-09-29\/2531730201543_e00edcfaaddd70703667_72.jpg",
            "first_name": "Jonas",
            "real_name": "Jonas van de Poel",
            "display_name": "Jonas van de Poel",
            "team": "TJE58GTJL",
            "name": "jonas792",
            "is_restricted": false,
            "is_ultra_restricted": false
        },
        "edited": {
            "user": "U02681WABA7",
            "ts": "1625142645.000000"
        },
        "blocks": [
            {
                "type": "rich_text",
                "block_id": "SzUbI",
                "elements": [
                    {
                        "type": "rich_text_section",
                        "elements": [
                            {
                                "type": "text",
                                "text": "Hi all, we're always looking to expand our network of freelance writers, preferably ones with some demonstrable and hands-on experience in the B2B tech\/innovation space and... (Here's the catch "
                            },
                            {
                                "type": "emoji",
                                "name": "smirk"
                            },
                            {
                                "type": "text",
                                "text": " ) able to write SEO articles in fluent Dutch! "
                            },
                            {
                                "type": "emoji",
                                "name": "flag-nl"
                            },
                            {
                                "type": "text",
                                "text": " "
                            },
                            {
                                "type": "emoji",
                                "name": "cheese_wedge"
                            },
                            {
                                "type": "text",
                                "text": " "
                            },
                            {
                                "type": "emoji",
                                "name": "tulip"
                            },
                            {
                                "type": "text",
                                "text": "\n\nHit me up in a DM\/the comments if that's you. If not, but you do write in other languages than "
                            },
                            {
                                "type": "emoji",
                                "name": "uk"
                            },
                            {
                                "type": "text",
                                "text": " \/"
                            },
                            {
                                "type": "emoji",
                                "name": "us"
                            },
                            {
                                "type": "text",
                                "text": " why don't you react to this post with a flag emoji that shows off your non-EN writing skills! Cheers!"
                            }
                        ]
                    }
                ]
            }
        ],
        "reactions": [
            {
                "name": "flag-nl",
                "users": [
                    "U02681WABA7"
                ],
                "count": 1
            },
            {
                "name": "gb",
                "users": [
                    "U02681WABA7",
                    "U016UC1UQEN",
                    "UJHMVAE3G",
                    "U01FXSKB4G7",
                    "U025VFYU4AC"
                ],
                "count": 5
            },
            {
                "name": "us",
                "users": [
                    "U02681WABA7",
                    "U012GHRAHDK",
                    "U01J84U3SQ6",
                    "U025VFYU4AC"
                ],
                "count": 4
            },
            {
                "name": "flag-pl",
                "users": [
                    "UR41NSSLW"
                ],
                "count": 1
            },
            {
                "name": "flag-cp",
                "users": [
                    "U01GWU4JWE4"
                ],
                "count": 1
            },
            {
                "name": "flag-ke",
                "users": [
                    "U0263SUFNE6",
                    "U01FXSKB4G7"
                ],
                "count": 2
            },
            {
                "name": "flag-np",
                "users": [
                    "US3TA64RE"
                ],
                "count": 1
            },
            {
                "name": "flag-in",
                "users": [
                    "US3TA64RE",
                    "UJJELJPNH"
                ],
                "count": 2
            },
            {
                "name": "flag-al",
                "users": [
                    "URL9Z88MR"
                ],
                "count": 1
            },
            {
                "name": "flag-rs",
                "users": [
                    "U017FND659T"
                ],
                "count": 1
            },
            {
                "name": "flag-hr",
                "users": [
                    "U017FND659T"
                ],
                "count": 1
            }
        ]
    },
    {
        "client_msg_id": "11391ace-35d4-4ace-8a0d-3abb0a76fa3b",
        "type": "message",
        "text": "<@U0212N91C9K> check DM please)",
        "user": "U01K3VD3154",
        "ts": "1625146288.232600",
        "team": "TJE58GTJL",
        "user_team": "TJE58GTJL",
        "source_team": "TJE58GTJL",
        "user_profile": {
            "avatar_hash": "344b2bdfd4e4",
            "image_72": "https:\/\/avatars.slack-edge.com\/2021-12-24\/2880772375011_344b2bdfd4e4a027d9a5_72.png",
            "first_name": "Liana",
            "real_name": "Liana",
            "display_name": "Liana",
            "team": "TJE58GTJL",
            "name": "lianasimonyan98",
            "is_restricted": false,
            "is_ultra_restricted": false
        },
        "blocks": [
            {
                "type": "rich_text",
                "block_id": "EFHO",
                "elements": [
                    {
                        "type": "rich_text_section",
                        "elements": [
                            {
                                "type": "user",
                                "user_id": "U0212N91C9K"
                            },
                            {
                                "type": "text",
                                "text": " check DM please)"
                            }
                        ]
                    }
                ]
            }
        ],
        "thread_ts": "1625072453.215600",
        "parent_user_id": "U0212N91C9K"
    },
    {
        "client_msg_id": "5ce85a71-b3f6-4503-94dc-d1c28c07ba0a",
        "type": "message",
        "text": "OH PS - Honeybook just sent me a referral link in case anyone wants a discount <http:\/\/share.honeybook.com\/joanna937826>",
        "user": "U01FUP6AMEZ",
        "ts": "1625154882.234500",
        "team": "TJE58GTJL",
        "user_team": "TJE58GTJL",
        "source_team": "TJE58GTJL",
        "user_profile": {
            "avatar_hash": "128762c3ea3f",
            "image_72": "https:\/\/avatars.slack-edge.com\/2020-12-01\/1527137254583_128762c3ea3f3d65d19b_72.jpg",
            "first_name": "Joanna",
            "real_name": "Joanna Rutter",
            "display_name": "Joanna Rutter",
            "team": "TJE58GTJL",
            "name": "rutterjoanna",
            "is_restricted": false,
            "is_ultra_restricted": false
        },
        "attachments": [
            {
                "title": "Client Management Software for Small Businesses",
                "title_link": "http:\/\/share.honeybook.com\/joanna937826",
                "text": "Get clients faster with our all-in-one project, invoicing and payments management tool. HoneyBook&amp;#39;s robust features help small businesses manage everything from brochures and proposals to contracts and online payments. Free 7-day Trial - No Credit Card Required. Voted #1 Small Business Client Management Platform.",
                "fallback": "Client Management Software for Small Businesses",
                "image_url": "https:\/\/res.cloudinary.com\/honeybook\/image\/upload\/f_auto,q_auto:best\/v1502799223\/system_web\/rebranding\/og_honeybook.jpg",
                "from_url": "http:\/\/share.honeybook.com\/joanna937826",
                "image_width": 472,
                "image_height": 250,
                "image_bytes": 100098,
                "service_icon": "https:\/\/www.honeybook.com\/favicon.ico",
                "service_name": "honeybook.com",
                "id": 1,
                "original_url": "http:\/\/share.honeybook.com\/joanna937826"
            }
        ],
        "blocks": [
            {
                "type": "rich_text",
                "block_id": "St9y",
                "elements": [
                    {
                        "type": "rich_text_section",
                        "elements": [
                            {
                                "type": "text",
                                "text": "OH PS - Honeybook just sent me a referral link in case anyone wants a discount "
                            },
                            {
                                "type": "link",
                                "url": "http:\/\/share.honeybook.com\/joanna937826"
                            }
                        ]
                    }
                ]
            }
        ],
        "thread_ts": "1625068299.209000",
        "parent_user_id": "U025X4V6WQ6",
        "reactions": [
            {
                "name": "astonished",
                "users": [
                    "U025X4V6WQ6"
                ],
                "count": 1
            }
        ]
    }
]