[
    {
        "client_msg_id": "9bb17726-6727-414f-a703-dd2310ffadd1",
        "type": "message",
        "text": "Looking for a hands-on technical SEO freelancer. Our website needs some upgrading on that end of things and we need someone who can come in and fix it. Please send me a DM with rates",
        "user": "U02K16DFACF",
        "ts": "1635859775.067000",
        "team": "TJE58GTJL",
        "user_team": "TJE58GTJL",
        "source_team": "TJE58GTJL",
        "user_profile": {
            "avatar_hash": "b54941f38b20",
            "image_72": "https:\/\/avatars.slack-edge.com\/2021-10-28\/2659553590437_b54941f38b20da718852_72.jpg",
            "first_name": "Dozie",
            "real_name": "Dozie Anyaegbunam",
            "display_name": "Dozie Anyaegbunam",
            "team": "TJE58GTJL",
            "name": "dozie.anyaegbunam",
            "is_restricted": false,
            "is_ultra_restricted": false
        },
        "blocks": [
            {
                "type": "rich_text",
                "block_id": "KQz",
                "elements": [
                    {
                        "type": "rich_text_section",
                        "elements": [
                            {
                                "type": "text",
                                "text": "Looking for a hands-on technical SEO freelancer. Our website needs some upgrading on that end of things and we need someone who can come in and fix it. Please send me a DM with rates"
                            }
                        ]
                    }
                ]
            }
        ],
        "thread_ts": "1635859775.067000",
        "reply_count": 1,
        "reply_users_count": 1,
        "latest_reply": "1635905162.069800",
        "reply_users": [
            "U02CUM2LDAN"
        ],
        "replies": [
            {
                "user": "U02CUM2LDAN",
                "ts": "1635905162.069800"
            }
        ],
        "is_locked": false,
        "subscribed": false
    },
    {
        "client_msg_id": "40c8e7e7-0b61-4440-896c-dbe958539c7a",
        "type": "message",
        "text": "Hi <@U02K16DFACF> I sent a dm, thank you",
        "user": "U02CUM2LDAN",
        "ts": "1635905162.069800",
        "team": "TJE58GTJL",
        "user_team": "TJE58GTJL",
        "source_team": "TJE58GTJL",
        "user_profile": {
            "avatar_hash": "458609281ce7",
            "image_72": "https:\/\/avatars.slack-edge.com\/2021-09-17\/2505725073522_458609281ce79c30fb91_72.jpg",
            "first_name": "Faith",
            "real_name": "Faith Ekanem",
            "display_name": "Faith Ekanem",
            "team": "TJE58GTJL",
            "name": "faithbibok",
            "is_restricted": false,
            "is_ultra_restricted": false
        },
        "blocks": [
            {
                "type": "rich_text",
                "block_id": "MVQG",
                "elements": [
                    {
                        "type": "rich_text_section",
                        "elements": [
                            {
                                "type": "text",
                                "text": "Hi "
                            },
                            {
                                "type": "user",
                                "user_id": "U02K16DFACF"
                            },
                            {
                                "type": "text",
                                "text": " I sent a dm, thank you"
                            }
                        ]
                    }
                ]
            }
        ],
        "thread_ts": "1635859775.067000",
        "parent_user_id": "U02K16DFACF"
    }
]