[
    {
        "client_msg_id": "C066856B-80EC-4C4B-9185-EC7FFC30593A",
        "type": "message",
        "text": "Hello everyone, \n\nI’m a freelancer with 3-4 years of experience and I am currently job hunting. \n\nI have experience with writing :\n\nArticles\nBlogs\nWebsite Content\nAffiliate blogs and product reviews\n\nBenefits of Hiring me-\n\nSEO-optimized content\n100% unique content\nNo Grammatical errors\nExtensive research\nConcise, compelling, sentences\nTimely Delivered. \n\nKindly reach out to me.\n\nI look forward to hearing from you.\n\nWarm regards,\nOlamide L.",
        "user": "U027KKWUY12",
        "ts": "1628606332.051300",
        "team": "TJE58GTJL",
        "user_team": "TJE58GTJL",
        "source_team": "TJE58GTJL",
        "user_profile": {
            "avatar_hash": "f2176ca29ce5",
            "image_72": "https:\/\/avatars.slack-edge.com\/2021-07-14\/2268394227302_f2176ca29ce5a159a5bb_72.png",
            "first_name": "Lapite",
            "real_name": "Lapite Olamide",
            "display_name": "Olamide",
            "team": "TJE58GTJL",
            "name": "lapite3",
            "is_restricted": false,
            "is_ultra_restricted": false
        },
        "blocks": [
            {
                "type": "rich_text",
                "block_id": "UtJAF",
                "elements": [
                    {
                        "type": "rich_text_section",
                        "elements": [
                            {
                                "type": "text",
                                "text": "Hello everyone, \n\nI’m a freelancer with 3-4 years of experience and I am currently job hunting. \n\nI have experience with writing :\n\nArticles\nBlogs\nWebsite Content\nAffiliate blogs and product reviews\n\nBenefits of Hiring me-\n\nSEO-optimized content\n100% unique content\nNo Grammatical errors\nExtensive research\nConcise, compelling, sentences\nTimely Delivered. \n\nKindly reach out to me.\n\nI look forward to hearing from you.\n\nWarm regards,\nOlamide L."
                            }
                        ]
                    }
                ]
            }
        ],
        "reactions": [
            {
                "name": "wave::skin-tone-3",
                "users": [
                    "U02BC77PN2U"
                ],
                "count": 1
            },
            {
                "name": "wave",
                "users": [
                    "U02ALFFRLAU"
                ],
                "count": 1
            }
        ]
    },
    {
        "client_msg_id": "a8ec0b2c-3b43-4f17-abf0-74d7c2114d2b",
        "type": "message",
        "text": "Hi <@U02ANC48U7N>, I speak French! I'm sending you a message :slightly_smiling_face:",
        "user": "U023Q8E7MNE",
        "ts": "1628608987.051400",
        "team": "TJE58GTJL",
        "user_team": "TJE58GTJL",
        "source_team": "TJE58GTJL",
        "user_profile": {
            "avatar_hash": "d10b67c0be5f",
            "image_72": "https:\/\/avatars.slack-edge.com\/2021-06-09\/2154037287843_d10b67c0be5fd16cb51e_72.jpg",
            "first_name": "Rachel",
            "real_name": "Rachel Cribby",
            "display_name": "Rachel Cribby she\/her (EST)",
            "team": "TJE58GTJL",
            "name": "rachelcribby",
            "is_restricted": false,
            "is_ultra_restricted": false
        },
        "blocks": [
            {
                "type": "rich_text",
                "block_id": "i4Zyl",
                "elements": [
                    {
                        "type": "rich_text_section",
                        "elements": [
                            {
                                "type": "text",
                                "text": "Hi "
                            },
                            {
                                "type": "user",
                                "user_id": "U02ANC48U7N"
                            },
                            {
                                "type": "text",
                                "text": ", I speak French! I'm sending you a message "
                            },
                            {
                                "type": "emoji",
                                "name": "slightly_smiling_face"
                            }
                        ]
                    }
                ]
            }
        ],
        "thread_ts": "1628501242.046100",
        "parent_user_id": "U02ANC48U7N",
        "reactions": [
            {
                "name": "raised_hands",
                "users": [
                    "U02ANC48U7N"
                ],
                "count": 1
            }
        ]
    },
    {
        "client_msg_id": "110f937e-d9a6-40fe-80ee-57c1f1c0ae19",
        "type": "message",
        "text": "I think I can help you with this. Let me send you a message.",
        "user": "U01FB48KV52",
        "ts": "1628630036.055300",
        "team": "TJE58GTJL",
        "user_team": "TJE58GTJL",
        "source_team": "TJE58GTJL",
        "user_profile": {
            "avatar_hash": "g67a49e754ba",
            "image_72": "https:\/\/secure.gravatar.com\/avatar\/67a49e754ba8295be5bb370043ee2648.jpg?s=72&d=https%3A%2F%2Fa.slack-edge.com%2Fdf10d%2Fimg%2Favatars%2Fava_0010-72.png",
            "first_name": "subrata",
            "real_name": "subrata dhar",
            "display_name": "subrata dhar",
            "team": "TJE58GTJL",
            "name": "subratafreelancewrite",
            "is_restricted": false,
            "is_ultra_restricted": false
        },
        "blocks": [
            {
                "type": "rich_text",
                "block_id": "qzy8y",
                "elements": [
                    {
                        "type": "rich_text_section",
                        "elements": [
                            {
                                "type": "text",
                                "text": "I think I can help you with this. Let me send you a message."
                            }
                        ]
                    }
                ]
            }
        ],
        "thread_ts": "1627963712.010400",
        "parent_user_id": "U029Q3MDE6A"
    }
]