[
    {
        "client_msg_id": "e62e90d1-a897-4e75-9c3b-9bf457edd50a",
        "type": "message",
        "text": "Anyone here has written blogs, ebooks or guides on B2B sales? Please DM with samples and pricing!",
        "user": "U02CUMQBP9R",
        "ts": "1638179855.287200",
        "team": "TJE58GTJL",
        "user_team": "TJE58GTJL",
        "source_team": "TJE58GTJL",
        "user_profile": {
            "avatar_hash": "37d9a8538dda",
            "image_72": "https:\/\/avatars.slack-edge.com\/2021-08-30\/2422037442023_37d9a8538dda6c598cc7_72.jpg",
            "first_name": "Harshala",
            "real_name": "Harshala Chavan",
            "display_name": "Harshala Chavan",
            "team": "TJE58GTJL",
            "name": "harshalachavan7",
            "is_restricted": false,
            "is_ultra_restricted": false
        },
        "blocks": [
            {
                "type": "rich_text",
                "block_id": "UQoIJ",
                "elements": [
                    {
                        "type": "rich_text_section",
                        "elements": [
                            {
                                "type": "text",
                                "text": "Anyone here has written blogs, ebooks or guides on B2B sales? Please DM with samples and pricing!"
                            }
                        ]
                    }
                ]
            }
        ],
        "thread_ts": "1638179855.287200",
        "reply_count": 1,
        "reply_users_count": 1,
        "latest_reply": "1638208674.292300",
        "reply_users": [
            "U02GMMQ281W"
        ],
        "replies": [
            {
                "user": "U02GMMQ281W",
                "ts": "1638208674.292300"
            }
        ],
        "is_locked": false,
        "subscribed": false
    },
    {
        "client_msg_id": "f7ee210c-fbbe-4f79-aee4-e666b22a32e5",
        "type": "message",
        "text": "Hey Raquel, I ghostwrite a lot in the niche you mentioned. My stint in a Customer Success Role for a employee wellbeing company gave me good experience to write about this. Would be happy to help :slightly_smiling_face:",
        "user": "U020HS8D4TX",
        "ts": "1638188655.290700",
        "team": "TJE58GTJL",
        "user_team": "TJE58GTJL",
        "source_team": "TJE58GTJL",
        "user_profile": {
            "avatar_hash": "fbbf51269367",
            "image_72": "https:\/\/avatars.slack-edge.com\/2022-04-11\/3397655376720_fbbf512693678b912e88_72.jpg",
            "first_name": "Rochi",
            "real_name": "Rochi Zalani",
            "display_name": "Rochi Zalani",
            "team": "TJE58GTJL",
            "name": "rochi.zalani",
            "is_restricted": false,
            "is_ultra_restricted": false
        },
        "blocks": [
            {
                "type": "rich_text",
                "block_id": "F\/I",
                "elements": [
                    {
                        "type": "rich_text_section",
                        "elements": [
                            {
                                "type": "text",
                                "text": "Hey Raquel, I ghostwrite a lot in the niche you mentioned. My stint in a Customer Success Role for a employee wellbeing company gave me good experience to write about this. Would be happy to help "
                            },
                            {
                                "type": "emoji",
                                "name": "slightly_smiling_face"
                            }
                        ]
                    }
                ]
            }
        ],
        "thread_ts": "1637853774.268700",
        "parent_user_id": "U02HQGXGN31"
    },
    {
        "client_msg_id": "0caf1d50-5f15-4487-81ce-560e85f32dba",
        "type": "message",
        "text": "I use Trello to track all my freelance work and find it's super great—flexible to customize, yet not overwhelming. Many freelancers also use Notion. I'd recommend trying those apps",
        "user": "U020HS8D4TX",
        "ts": "1638188732.291000",
        "team": "TJE58GTJL",
        "user_team": "TJE58GTJL",
        "source_team": "TJE58GTJL",
        "user_profile": {
            "avatar_hash": "fbbf51269367",
            "image_72": "https:\/\/avatars.slack-edge.com\/2022-04-11\/3397655376720_fbbf512693678b912e88_72.jpg",
            "first_name": "Rochi",
            "real_name": "Rochi Zalani",
            "display_name": "Rochi Zalani",
            "team": "TJE58GTJL",
            "name": "rochi.zalani",
            "is_restricted": false,
            "is_ultra_restricted": false
        },
        "blocks": [
            {
                "type": "rich_text",
                "block_id": "ur8",
                "elements": [
                    {
                        "type": "rich_text_section",
                        "elements": [
                            {
                                "type": "text",
                                "text": "I use Trello to track all my freelance work and find it's super great—flexible to customize, yet not overwhelming. Many freelancers also use Notion. I'd recommend trying those apps"
                            }
                        ]
                    }
                ]
            }
        ],
        "thread_ts": "1638109809.285800",
        "parent_user_id": "U025J1947A6",
        "reactions": [
            {
                "name": "raised_hands",
                "users": [
                    "U025J1947A6",
                    "U024A8928AW"
                ],
                "count": 2
            }
        ]
    },
    {
        "client_msg_id": "6c7855b9-4a17-4b43-a968-d33064783548",
        "type": "message",
        "text": "Very helpful, Jennifer -- thank you!",
        "user": "U02F43CAK5X",
        "ts": "1638196707.291200",
        "team": "TJE58GTJL",
        "user_team": "TJE58GTJL",
        "source_team": "TJE58GTJL",
        "user_profile": {
            "avatar_hash": "96937be5af03",
            "image_72": "https:\/\/avatars.slack-edge.com\/2021-09-21\/2500350284535_96937be5af03a50d7004_72.jpg",
            "first_name": "Amanda",
            "real_name": "Amanda Milligan",
            "display_name": "Amanda Milligan",
            "team": "TJE58GTJL",
            "name": "amilligan",
            "is_restricted": false,
            "is_ultra_restricted": false
        },
        "blocks": [
            {
                "type": "rich_text",
                "block_id": "JADL",
                "elements": [
                    {
                        "type": "rich_text_section",
                        "elements": [
                            {
                                "type": "text",
                                "text": "Very helpful, Jennifer -- thank you!"
                            }
                        ]
                    }
                ]
            }
        ],
        "thread_ts": "1637772185.244400",
        "parent_user_id": "U02F43CAK5X"
    },
    {
        "client_msg_id": "8e351cb1-8c25-4dca-9e1c-ec1d465d39bc",
        "type": "message",
        "text": "Has anybody ever put together (or seen) a list\/directory of freelance SEOs (not writers)? I'd like to include it in a blog post.",
        "user": "UJJFDTN8G",
        "ts": "1638196836.291800",
        "team": "TJE58GTJL",
        "user_team": "TJE58GTJL",
        "source_team": "TJE58GTJL",
        "user_profile": {
            "avatar_hash": "gd91d89ae152",
            "image_72": "https:\/\/secure.gravatar.com\/avatar\/86d91d89ae1528e747f4a586668d5d87.jpg?s=72&d=https%3A%2F%2Fa.slack-edge.com%2Fdf10d%2Fimg%2Favatars%2Fava_0013-72.png",
            "first_name": "Dominic",
            "real_name": "Dominic Kent",
            "display_name": "Dom Kent",
            "team": "TJE58GTJL",
            "name": "dominic",
            "is_restricted": false,
            "is_ultra_restricted": false
        },
        "blocks": [
            {
                "type": "rich_text",
                "block_id": "wlA",
                "elements": [
                    {
                        "type": "rich_text_section",
                        "elements": [
                            {
                                "type": "text",
                                "text": "Has anybody ever put together (or seen) a list\/directory of freelance SEOs (not writers)? I'd like to include it in a blog post."
                            }
                        ]
                    }
                ]
            }
        ]
    },
    {
        "client_msg_id": "8691c6c6-3f0c-4b62-bdb7-f445308a833b",
        "type": "message",
        "text": "DM you!",
        "user": "U029WCJDVU0",
        "ts": "1638206246.292100",
        "team": "TJE58GTJL",
        "user_team": "TJE58GTJL",
        "source_team": "TJE58GTJL",
        "user_profile": {
            "avatar_hash": "a43c03c478da",
            "image_72": "https:\/\/avatars.slack-edge.com\/2021-12-13\/2830424325285_a43c03c478daa28624dc_72.jpg",
            "first_name": "",
            "real_name": "Igor Bobriakov",
            "display_name": "Igor Bobriakov",
            "team": "TJE58GTJL",
            "name": "bobriakov.igor",
            "is_restricted": false,
            "is_ultra_restricted": false
        },
        "blocks": [
            {
                "type": "rich_text",
                "block_id": "TtQ",
                "elements": [
                    {
                        "type": "rich_text_section",
                        "elements": [
                            {
                                "type": "text",
                                "text": "DM you!"
                            }
                        ]
                    }
                ]
            }
        ],
        "thread_ts": "1637638791.227600",
        "parent_user_id": "U028JED91QQ"
    },
    {
        "client_msg_id": "82a76748-54b4-42ff-b95e-7561ebaf08d3",
        "type": "message",
        "text": "Yes, I have wrote many B2B articles. I will PM you.",
        "user": "U02GMMQ281W",
        "ts": "1638208674.292300",
        "team": "TJE58GTJL",
        "user_team": "TJE58GTJL",
        "source_team": "TJE58GTJL",
        "user_profile": {
            "avatar_hash": "e1131d2dfd73",
            "image_72": "https:\/\/avatars.slack-edge.com\/2021-10-12\/2589760574406_e1131d2dfd73f2e7db3e_72.png",
            "first_name": "Amanda",
            "real_name": "Amanda S.",
            "display_name": "Amanda",
            "team": "TJE58GTJL",
            "name": "theglamtechie",
            "is_restricted": false,
            "is_ultra_restricted": false
        },
        "blocks": [
            {
                "type": "rich_text",
                "block_id": "cXYsc",
                "elements": [
                    {
                        "type": "rich_text_section",
                        "elements": [
                            {
                                "type": "text",
                                "text": "Yes, I have wrote many B2B articles. I will PM you."
                            }
                        ]
                    }
                ]
            }
        ],
        "thread_ts": "1638179855.287200",
        "parent_user_id": "U02CUMQBP9R"
    },
    {
        "client_msg_id": "55edf1f8-25c4-4a35-80ba-c0d5133bc7aa",
        "type": "message",
        "text": "I specialize in case studies! Sending you a DM",
        "user": "UJ57DB9BM",
        "ts": "1638209118.292500",
        "team": "TJE58GTJL",
        "user_team": "TJE58GTJL",
        "source_team": "TJE58GTJL",
        "user_profile": {
            "avatar_hash": "5879d1254678",
            "image_72": "https:\/\/avatars.slack-edge.com\/2020-03-20\/1015010058132_5879d1254678f05899b0_72.jpg",
            "first_name": "Emma",
            "real_name": "Emma Siemasko",
            "display_name": "Emma Siemasko",
            "team": "TJE58GTJL",
            "name": "emma",
            "is_restricted": false,
            "is_ultra_restricted": false
        },
        "blocks": [
            {
                "type": "rich_text",
                "block_id": "OeLH",
                "elements": [
                    {
                        "type": "rich_text_section",
                        "elements": [
                            {
                                "type": "text",
                                "text": "I specialize in case studies! Sending you a DM"
                            }
                        ]
                    }
                ]
            }
        ],
        "thread_ts": "1637638791.227600",
        "parent_user_id": "U028JED91QQ"
    },
    {
        "client_msg_id": "f194d171-4574-4b71-b9bc-70ac6ef04d74",
        "type": "message",
        "text": "I can help too!",
        "user": "UJ57DB9BM",
        "ts": "1638209291.292700",
        "team": "TJE58GTJL",
        "user_team": "TJE58GTJL",
        "source_team": "TJE58GTJL",
        "user_profile": {
            "avatar_hash": "5879d1254678",
            "image_72": "https:\/\/avatars.slack-edge.com\/2020-03-20\/1015010058132_5879d1254678f05899b0_72.jpg",
            "first_name": "Emma",
            "real_name": "Emma Siemasko",
            "display_name": "Emma Siemasko",
            "team": "TJE58GTJL",
            "name": "emma",
            "is_restricted": false,
            "is_ultra_restricted": false
        },
        "blocks": [
            {
                "type": "rich_text",
                "block_id": "V7gVh",
                "elements": [
                    {
                        "type": "rich_text_section",
                        "elements": [
                            {
                                "type": "text",
                                "text": "I can help too!"
                            }
                        ]
                    }
                ]
            }
        ],
        "thread_ts": "1637701739.242100",
        "parent_user_id": "ULJBEFSJJ"
    },
    {
        "client_msg_id": "fe9e7557-2b75-4b71-ab63-04392d40c703",
        "type": "message",
        "text": "Like <@U020HS8D4TX> I also really like Trello for managing clients, projects and general business to-do. Simple, lots of options to add information, easy reminders, etc.\n\nI also use Streak as a gmail extension to keep track of leads.",
        "user": "U02MYNYNDEK",
        "ts": "1638212411.292900",
        "team": "TJE58GTJL",
        "user_team": "TJE58GTJL",
        "source_team": "TJE58GTJL",
        "user_profile": {
            "avatar_hash": "7570eb74d8c8",
            "image_72": "https:\/\/avatars.slack-edge.com\/2021-11-23\/2761477706786_7570eb74d8c8e57d6277_72.jpg",
            "first_name": "Shaina",
            "real_name": "Shaina Vellone",
            "display_name": "Shaina Vellone",
            "team": "TJE58GTJL",
            "name": "shaina.vellone",
            "is_restricted": false,
            "is_ultra_restricted": false
        },
        "blocks": [
            {
                "type": "rich_text",
                "block_id": "bXW",
                "elements": [
                    {
                        "type": "rich_text_section",
                        "elements": [
                            {
                                "type": "text",
                                "text": "Like "
                            },
                            {
                                "type": "user",
                                "user_id": "U020HS8D4TX"
                            },
                            {
                                "type": "text",
                                "text": " I also really like Trello for managing clients, projects and general business to-do. Simple, lots of options to add information, easy reminders, etc.\n\nI also use Streak as a gmail extension to keep track of leads."
                            }
                        ]
                    }
                ]
            }
        ],
        "thread_ts": "1638109809.285800",
        "parent_user_id": "U025J1947A6",
        "reactions": [
            {
                "name": "raised_hands",
                "users": [
                    "U025J1947A6"
                ],
                "count": 1
            }
        ]
    },
    {
        "client_msg_id": "4a043ed2-f22e-45c7-a6b1-0e64d4330ec4",
        "type": "message",
        "text": "Hi Indrajeet, I currently use FreshBooks for my time tracking and invoicing and it is fantastic. The one big value-add they are missing is project management. I've been toying with some different systems for project management and currently like ClickUp. It has a LOT more features and views than Trello and is free. I am still pretty disorganized with my internal notes, so could use a better system for that!",
        "user": "U01P833NGUT",
        "ts": "1638212827.293100",
        "team": "TJE58GTJL",
        "user_team": "TJE58GTJL",
        "source_team": "TJE58GTJL",
        "user_profile": {
            "avatar_hash": "40aead68c5b5",
            "image_72": "https:\/\/avatars.slack-edge.com\/2021-06-01\/2110550144775_40aead68c5b508b97960_72.png",
            "first_name": "Mandy",
            "real_name": "Mandy Bray",
            "display_name": "Mandy Bray",
            "team": "TJE58GTJL",
            "name": "mandy.l.bray",
            "is_restricted": false,
            "is_ultra_restricted": false
        },
        "blocks": [
            {
                "type": "rich_text",
                "block_id": "MOii",
                "elements": [
                    {
                        "type": "rich_text_section",
                        "elements": [
                            {
                                "type": "text",
                                "text": "Hi Indrajeet, I currently use FreshBooks for my time tracking and invoicing and it is fantastic. The one big value-add they are missing is project management. I've been toying with some different systems for project management and currently like ClickUp. It has a LOT more features and views than Trello and is free. I am still pretty disorganized with my internal notes, so could use a better system for that!"
                            }
                        ]
                    }
                ]
            }
        ],
        "thread_ts": "1638109809.285800",
        "parent_user_id": "U025J1947A6",
        "reactions": [
            {
                "name": "raised_hands",
                "users": [
                    "U025J1947A6"
                ],
                "count": 1
            }
        ]
    },
    {
        "client_msg_id": "36AE0CC7-8826-43A9-81B7-8C0F5C6E2BBD",
        "type": "message",
        "text": "Hi everyone! I was hoping may be able to offer some insights on drafting a proposal for a freelance project when it comes to positioning and market research. In my full-time content roles, this is a type of product marketing function, but in my freelance life as a writer and editor, I haven’t done this work as much.\n\nA little background: The agency is looking to retool their product and focus, especially around certain features and keywords. Since it’s so new to them, I said that before I simply stared writing new web copy and blogs, I wanted to help them understand if the features or keywords they wanted resonated at all with their audience and the new market they want to break into. \n\nAny information regarding what is fair to charge, a sample proposal, line item, and all good thoughts are very welcomed and appreciated! \n\nThanks in advance. :blush:",
        "user": "U012UL77GUT",
        "ts": "1638216388.305500",
        "team": "TJE58GTJL",
        "user_team": "TJE58GTJL",
        "source_team": "TJE58GTJL",
        "user_profile": {
            "avatar_hash": "b74ac315b617",
            "image_72": "https:\/\/avatars.slack-edge.com\/2020-04-30\/1096717172883_b74ac315b61782f0d73c_72.jpg",
            "first_name": "",
            "real_name": "Ashly Stewart",
            "display_name": "Ashly Stewart",
            "team": "TJE58GTJL",
            "name": "ashly.stage",
            "is_restricted": false,
            "is_ultra_restricted": false
        },
        "blocks": [
            {
                "type": "rich_text",
                "block_id": "dkhN",
                "elements": [
                    {
                        "type": "rich_text_section",
                        "elements": [
                            {
                                "type": "text",
                                "text": "Hi everyone! I was hoping may be able to offer some insights on drafting a proposal for a freelance project when it comes to positioning and market research. In my full-time content roles, this is a type of product marketing function, but in my freelance life as a writer and editor, I haven’t done this work as much.\n"
                            },
                            {
                                "type": "text",
                                "text": "\nA little background: The agency is looking to retool their product and focus, especially around certain features and keywords. Since it’s so new to them, I said that before I simply stared writing new web copy and blogs, I wanted to help them understand if the features or keywords they wanted resonated at all with their audience and the new market they want to break into. \n\nAny information regarding what is fair to charge, a sample proposal, line item, and all good thoughts are very welcomed and appreciated! \n\nThanks in advance. "
                            },
                            {
                                "type": "emoji",
                                "name": "blush"
                            }
                        ]
                    }
                ]
            }
        ],
        "thread_ts": "1638216388.305500",
        "reply_count": 3,
        "reply_users_count": 3,
        "latest_reply": "1638289942.308500",
        "reply_users": [
            "U02GYR8TM96",
            "U02CZJT4FDG",
            "U012UL77GUT"
        ],
        "replies": [
            {
                "user": "U02GYR8TM96",
                "ts": "1638220277.305600"
            },
            {
                "user": "U02CZJT4FDG",
                "ts": "1638289838.307600"
            },
            {
                "user": "U012UL77GUT",
                "ts": "1638289942.308500"
            }
        ],
        "is_locked": false,
        "subscribed": false
    },
    {
        "client_msg_id": "87b1a8a1-e608-43ed-b71f-7fd3bdce6132",
        "type": "message",
        "text": "Following this as I would love to see the answer too!",
        "user": "U02GYR8TM96",
        "ts": "1638220277.305600",
        "team": "TJE58GTJL",
        "user_team": "TJE58GTJL",
        "source_team": "TJE58GTJL",
        "user_profile": {
            "avatar_hash": "f1f652ee1a88",
            "image_72": "https:\/\/avatars.slack-edge.com\/2021-10-01\/2556223130962_f1f652ee1a88d648e327_72.png",
            "first_name": "David",
            "real_name": "David Ramos",
            "display_name": "David Ramos",
            "team": "TJE58GTJL",
            "name": "david.ramos",
            "is_restricted": false,
            "is_ultra_restricted": false
        },
        "blocks": [
            {
                "type": "rich_text",
                "block_id": "3oTL",
                "elements": [
                    {
                        "type": "rich_text_section",
                        "elements": [
                            {
                                "type": "text",
                                "text": "Following this as I would love to see the answer too!"
                            }
                        ]
                    }
                ]
            }
        ],
        "thread_ts": "1638216388.305500",
        "parent_user_id": "U012UL77GUT",
        "reactions": [
            {
                "name": "raised_hands",
                "users": [
                    "U012UL77GUT"
                ],
                "count": 1
            }
        ]
    },
    {
        "client_msg_id": "44cee8c8-33ed-4c2f-a075-2e4b7cdeaf34",
        "type": "message",
        "text": "Anyone interested in a free 5 min website or landing page review?",
        "user": "U02FBJRCX71",
        "ts": "1638253002.306200",
        "team": "TJE58GTJL",
        "user_team": "TJE58GTJL",
        "source_team": "TJE58GTJL",
        "user_profile": {
            "avatar_hash": "e76239a58629",
            "image_72": "https:\/\/avatars.slack-edge.com\/2022-01-16\/2962539579124_e76239a58629fcc8759d_72.png",
            "first_name": "Mira",
            "real_name": "Mira ANAMAE",
            "display_name": "Mira ANAMAE",
            "team": "TJE58GTJL",
            "name": "miraanamae",
            "is_restricted": false,
            "is_ultra_restricted": false
        },
        "blocks": [
            {
                "type": "rich_text",
                "block_id": "cSJ6",
                "elements": [
                    {
                        "type": "rich_text_section",
                        "elements": [
                            {
                                "type": "text",
                                "text": "Anyone interested in a free 5 min website or landing page review?"
                            }
                        ]
                    }
                ]
            }
        ],
        "thread_ts": "1638253002.306200",
        "reply_count": 3,
        "reply_users_count": 3,
        "latest_reply": "1638538716.324600",
        "reply_users": [
            "U02NDCA1TBL",
            "U01RSA9E9D4",
            "U02FBJRCX71"
        ],
        "replies": [
            {
                "user": "U02NDCA1TBL",
                "ts": "1638361989.316200"
            },
            {
                "user": "U01RSA9E9D4",
                "ts": "1638525397.324200"
            },
            {
                "user": "U02FBJRCX71",
                "ts": "1638538716.324600"
            }
        ],
        "is_locked": false,
        "subscribed": false
    },
    {
        "client_msg_id": "c9e12a50-0521-4f3e-8679-02517b239878",
        "type": "message",
        "text": "Thank you, <@UUVS5HWMB>, <@U020HS8D4TX>, <@U02MYNYNDEK>, and <@U01P833NGUT>for your insights! <@U01P833NGUT>, I can completely relate to your struggle with managing notes. This is something I deal myself as well. :sweat_smile:",
        "user": "U025J1947A6",
        "ts": "1638259069.306900",
        "team": "TJE58GTJL",
        "user_team": "TJE58GTJL",
        "source_team": "TJE58GTJL",
        "user_profile": {
            "avatar_hash": "gffeba70cafa",
            "image_72": "https:\/\/secure.gravatar.com\/avatar\/ffeba70cafa2189c76a63f62a546ef65.jpg?s=72&d=https%3A%2F%2Fa.slack-edge.com%2Fdf10d%2Fimg%2Favatars%2Fava_0003-72.png",
            "first_name": "Indrajeet",
            "real_name": "Indrajeet Deshpande",
            "display_name": "Indrajeet",
            "team": "TJE58GTJL",
            "name": "indrajeet1990",
            "is_restricted": false,
            "is_ultra_restricted": false
        },
        "blocks": [
            {
                "type": "rich_text",
                "block_id": "tMnil",
                "elements": [
                    {
                        "type": "rich_text_section",
                        "elements": [
                            {
                                "type": "text",
                                "text": "Thank you, "
                            },
                            {
                                "type": "user",
                                "user_id": "UUVS5HWMB"
                            },
                            {
                                "type": "text",
                                "text": ", "
                            },
                            {
                                "type": "user",
                                "user_id": "U020HS8D4TX"
                            },
                            {
                                "type": "text",
                                "text": ", "
                            },
                            {
                                "type": "user",
                                "user_id": "U02MYNYNDEK"
                            },
                            {
                                "type": "text",
                                "text": ", and "
                            },
                            {
                                "type": "user",
                                "user_id": "U01P833NGUT"
                            },
                            {
                                "type": "text",
                                "text": "for your insights! "
                            },
                            {
                                "type": "user",
                                "user_id": "U01P833NGUT"
                            },
                            {
                                "type": "text",
                                "text": ", I can completely relate to your struggle with managing notes. This is something I deal myself as well. "
                            },
                            {
                                "type": "emoji",
                                "name": "sweat_smile"
                            }
                        ]
                    }
                ]
            }
        ],
        "thread_ts": "1638109809.285800",
        "parent_user_id": "U025J1947A6",
        "reactions": [
            {
                "name": "blush",
                "users": [
                    "U020HS8D4TX",
                    "U02MYNYNDEK"
                ],
                "count": 2
            },
            {
                "name": "slightly_smiling_face",
                "users": [
                    "U01P833NGUT"
                ],
                "count": 1
            }
        ]
    }
]