[
    {
        "client_msg_id": "e6cbf5cb-fb62-4dd6-ab1d-0a157570198c",
        "type": "message",
        "text": "Looking for a freelance copywriter to help with Microsoft Azure posts for next year. Must have Azure hands-on experience and understand licensing.",
        "user": "UJJFDTN8G",
        "ts": "1636981592.141300",
        "team": "TJE58GTJL",
        "user_team": "TJE58GTJL",
        "source_team": "TJE58GTJL",
        "user_profile": {
            "avatar_hash": "gd91d89ae152",
            "image_72": "https:\/\/secure.gravatar.com\/avatar\/86d91d89ae1528e747f4a586668d5d87.jpg?s=72&d=https%3A%2F%2Fa.slack-edge.com%2Fdf10d%2Fimg%2Favatars%2Fava_0013-72.png",
            "first_name": "Dominic",
            "real_name": "Dominic Kent",
            "display_name": "Dom Kent",
            "team": "TJE58GTJL",
            "name": "dominic",
            "is_restricted": false,
            "is_ultra_restricted": false
        },
        "blocks": [
            {
                "type": "rich_text",
                "block_id": "SoK",
                "elements": [
                    {
                        "type": "rich_text_section",
                        "elements": [
                            {
                                "type": "text",
                                "text": "Looking for a freelance copywriter to help with Microsoft Azure posts for next year. Must have Azure hands-on experience and understand licensing."
                            }
                        ]
                    }
                ]
            }
        ],
        "thread_ts": "1636981592.141300",
        "reply_count": 1,
        "reply_users_count": 1,
        "latest_reply": "1637106760.156400",
        "reply_users": [
            "U01TPUG6YE5"
        ],
        "replies": [
            {
                "user": "U01TPUG6YE5",
                "ts": "1637106760.156400"
            }
        ],
        "is_locked": false,
        "subscribed": false
    }
]