[
    {
        "client_msg_id": "ce45fa60-fc5f-44c7-843f-e47ff59a569d",
        "type": "message",
        "text": "Hey Kieran, I know a great freelance graphic designer I'm working with for a few of my client projects, happy to connect you both.",
        "user": "U02DYMPDNS0",
        "ts": "1633077585.300700",
        "team": "TJE58GTJL",
        "user_team": "TJE58GTJL",
        "source_team": "TJE58GTJL",
        "user_profile": {
            "avatar_hash": "a9966a823181",
            "image_72": "https:\/\/avatars.slack-edge.com\/2021-09-08\/2493084355616_a9966a8231812bc7dc38_72.jpg",
            "first_name": "Komal",
            "real_name": "Komal Ahuja",
            "display_name": "Komal Ahuja",
            "team": "TJE58GTJL",
            "name": "komal.ahuja7372",
            "is_restricted": false,
            "is_ultra_restricted": false
        },
        "blocks": [
            {
                "type": "rich_text",
                "block_id": "AlgNc",
                "elements": [
                    {
                        "type": "rich_text_section",
                        "elements": [
                            {
                                "type": "text",
                                "text": "Hey Kieran, I know a great freelance graphic designer I'm working with for a few of my client projects, happy to connect you both."
                            }
                        ]
                    }
                ]
            }
        ],
        "thread_ts": "1633039685.298800",
        "parent_user_id": "U02FV1XHS2C",
        "reactions": [
            {
                "name": "white_check_mark",
                "users": [
                    "U02FV1XHS2C"
                ],
                "count": 1
            }
        ]
    },
    {
        "client_msg_id": "f31bab0f-7b4f-4e28-a2dc-3848a5c8eb3e",
        "type": "message",
        "text": "good morning\/happy friday! I'm a Dir. of Content Strategy and am looking to build out our roster of freelance designers. We have had some luck finding individuals on Upwork, but I'm wondering if anyone else has:\n• another platform that they use or, (even preferably)\n• a few freelance folks I could connect with directly \nThanks so much and have a great weekend!",
        "user": "U023M1SR6KH",
        "ts": "1633091240.302800",
        "team": "TJE58GTJL",
        "user_team": "TJE58GTJL",
        "source_team": "TJE58GTJL",
        "user_profile": {
            "avatar_hash": "55eb283f5544",
            "image_72": "https:\/\/avatars.slack-edge.com\/2021-06-04\/2138865952467_55eb283f554439baf74c_72.jpg",
            "first_name": "Alexandra",
            "real_name": "Alexandra Pielusko",
            "display_name": "Alexandra Pielusko",
            "team": "TJE58GTJL",
            "name": "alexandra",
            "is_restricted": false,
            "is_ultra_restricted": false
        },
        "blocks": [
            {
                "type": "rich_text",
                "block_id": "k+GT",
                "elements": [
                    {
                        "type": "rich_text_section",
                        "elements": [
                            {
                                "type": "text",
                                "text": "good morning\/happy friday! I'm a Dir. of Content Strategy and am looking to build out our roster of freelance designers. We have had some luck finding individuals on Upwork, but I'm wondering if anyone else has:\n"
                            }
                        ]
                    },
                    {
                        "type": "rich_text_list",
                        "elements": [
                            {
                                "type": "rich_text_section",
                                "elements": [
                                    {
                                        "type": "text",
                                        "text": "another platform that they use or, (even preferably)"
                                    }
                                ]
                            },
                            {
                                "type": "rich_text_section",
                                "elements": [
                                    {
                                        "type": "text",
                                        "text": "a few freelance folks I could connect with directly "
                                    }
                                ]
                            }
                        ],
                        "style": "bullet",
                        "indent": 0,
                        "border": 0
                    },
                    {
                        "type": "rich_text_section",
                        "elements": [
                            {
                                "type": "text",
                                "text": "\nThanks so much and have a great weekend!"
                            }
                        ]
                    }
                ]
            }
        ],
        "thread_ts": "1633091240.302800",
        "reply_count": 1,
        "reply_users_count": 1,
        "latest_reply": "1633099825.303800",
        "reply_users": [
            "U01AHL8AGBB"
        ],
        "replies": [
            {
                "user": "U01AHL8AGBB",
                "ts": "1633099825.303800"
            }
        ],
        "is_locked": false,
        "subscribed": false
    },
    {
        "client_msg_id": "8B1A5145-9F89-48BB-BFBC-24307C734B6B",
        "type": "message",
        "text": "Hey Collin! Sounds like a great fit, I’ll DM you shortly :raised_hands::skin-tone-2:",
        "user": "U02FZK76B1P",
        "ts": "1633095576.303400",
        "team": "TJE58GTJL",
        "user_team": "TJE58GTJL",
        "source_team": "TJE58GTJL",
        "user_profile": {
            "avatar_hash": "698b7b3b38af",
            "image_72": "https:\/\/avatars.slack-edge.com\/2021-09-27\/2534293941189_698b7b3b38af4fd0a4ce_72.jpg",
            "first_name": "Claire",
            "real_name": "Claire Beveridge",
            "display_name": "Claire Beveridge",
            "team": "TJE58GTJL",
            "name": "clairebeveridgeconsul",
            "is_restricted": false,
            "is_ultra_restricted": false
        },
        "edited": {
            "user": "U02FZK76B1P",
            "ts": "1633095663.000000"
        },
        "blocks": [
            {
                "type": "rich_text",
                "block_id": "5PW",
                "elements": [
                    {
                        "type": "rich_text_section",
                        "elements": [
                            {
                                "type": "text",
                                "text": "Hey Collin! Sounds like a great fit, I’ll DM you shortly "
                            },
                            {
                                "type": "emoji",
                                "name": "raised_hands",
                                "skin_tone": 2
                            }
                        ]
                    }
                ]
            }
        ],
        "thread_ts": "1633020836.291900",
        "parent_user_id": "U01SEEZG14G"
    },
    {
        "client_msg_id": "6ff4645f-6af5-41b5-a6de-56cf3a09eb8a",
        "type": "message",
        "text": "<@U012GHRAHDK> mentioned Design Joy in another thread :)",
        "user": "U01AHL8AGBB",
        "ts": "1633099825.303800",
        "team": "TJE58GTJL",
        "user_team": "TJE58GTJL",
        "source_team": "TJE58GTJL",
        "user_profile": {
            "avatar_hash": "09eb34255d46",
            "image_72": "https:\/\/avatars.slack-edge.com\/2020-09-07\/1347887170866_09eb34255d4678a00ddc_72.png",
            "first_name": "Jordy",
            "real_name": "Jordy Fujiwara",
            "display_name": "Jordy",
            "team": "TJE58GTJL",
            "name": "jordy.fujiwara",
            "is_restricted": false,
            "is_ultra_restricted": false
        },
        "blocks": [
            {
                "type": "rich_text",
                "block_id": "MfZm",
                "elements": [
                    {
                        "type": "rich_text_section",
                        "elements": [
                            {
                                "type": "user",
                                "user_id": "U012GHRAHDK"
                            },
                            {
                                "type": "text",
                                "text": " mentioned Design Joy in another thread :)"
                            }
                        ]
                    }
                ]
            }
        ],
        "thread_ts": "1633091240.302800",
        "parent_user_id": "U023M1SR6KH",
        "reactions": [
            {
                "name": "raised_hands",
                "users": [
                    "U012GHRAHDK"
                ],
                "count": 1
            },
            {
                "name": "pray",
                "users": [
                    "U023M1SR6KH"
                ],
                "count": 1
            }
        ]
    },
    {
        "client_msg_id": "42D4383C-505B-419F-8BC3-30025DD04496",
        "type": "message",
        "text": "I think if you invite members as single channel guests, that’s a paid feature ",
        "user": "U01NM31CTFU",
        "ts": "1633101196.304800",
        "team": "TJE58GTJL",
        "user_team": "TJE58GTJL",
        "source_team": "TJE58GTJL",
        "user_profile": {
            "avatar_hash": "788aae3c46d1",
            "image_72": "https:\/\/avatars.slack-edge.com\/2021-05-28\/2122915523844_788aae3c46d19c1058da_72.jpg",
            "first_name": "Maddy",
            "real_name": "Maddy Osman",
            "display_name": "Maddy Osman",
            "team": "TJE58GTJL",
            "name": "maddy527",
            "is_restricted": false,
            "is_ultra_restricted": false
        },
        "blocks": [
            {
                "type": "rich_text",
                "block_id": "2==P",
                "elements": [
                    {
                        "type": "rich_text_section",
                        "elements": [
                            {
                                "type": "text",
                                "text": "I think if you invite members as single channel guests, that’s a paid feature "
                            }
                        ]
                    }
                ]
            }
        ],
        "thread_ts": "1633039212.297900",
        "parent_user_id": "U02FV1XHS2C"
    },
    {
        "client_msg_id": "1DB82819-3DDB-4E0F-97FD-8EF925AD7904",
        "type": "message",
        "text": "We did it for a nonprofit event to be able to invite speakers to just one channel ",
        "user": "U01NM31CTFU",
        "ts": "1633101221.305800",
        "team": "TJE58GTJL",
        "user_team": "TJE58GTJL",
        "source_team": "TJE58GTJL",
        "user_profile": {
            "avatar_hash": "788aae3c46d1",
            "image_72": "https:\/\/avatars.slack-edge.com\/2021-05-28\/2122915523844_788aae3c46d19c1058da_72.jpg",
            "first_name": "Maddy",
            "real_name": "Maddy Osman",
            "display_name": "Maddy Osman",
            "team": "TJE58GTJL",
            "name": "maddy527",
            "is_restricted": false,
            "is_ultra_restricted": false
        },
        "blocks": [
            {
                "type": "rich_text",
                "block_id": "ri1Yo",
                "elements": [
                    {
                        "type": "rich_text_section",
                        "elements": [
                            {
                                "type": "text",
                                "text": "We did it for a nonprofit event to be able to invite speakers to just one channel "
                            }
                        ]
                    }
                ]
            }
        ],
        "thread_ts": "1633039212.297900",
        "parent_user_id": "U02FV1XHS2C",
        "reactions": [
            {
                "name": "white_check_mark",
                "users": [
                    "U02FV1XHS2C"
                ],
                "count": 1
            }
        ]
    },
    {
        "client_msg_id": "073edc86-1f8a-4b6d-b6ba-c413c1ce3f35",
        "type": "message",
        "text": "Industries float around music production (mainstream and alternative), performance, pro audio and education around this. Technically literate and creatively interested in these areas is a must.",
        "user": "U02FV1XHS2C",
        "ts": "1633101371.306100",
        "team": "TJE58GTJL",
        "user_team": "TJE58GTJL",
        "source_team": "TJE58GTJL",
        "user_profile": {
            "avatar_hash": "c9247c6ca97b",
            "image_72": "https:\/\/avatars.slack-edge.com\/2021-09-21\/2515852092227_c9247c6ca97b6b64f3f1_72.jpg",
            "first_name": "Kieran",
            "real_name": "Kieran Giles",
            "display_name": "Kieran Giles",
            "team": "TJE58GTJL",
            "name": "kgiles.marketing",
            "is_restricted": false,
            "is_ultra_restricted": false
        },
        "blocks": [
            {
                "type": "rich_text",
                "block_id": "7h7tr",
                "elements": [
                    {
                        "type": "rich_text_section",
                        "elements": [
                            {
                                "type": "text",
                                "text": "Industries float around music production (mainstream and alternative), performance, pro audio and education around this. Technically literate and creatively interested in these areas is a must."
                            }
                        ]
                    }
                ]
            }
        ],
        "thread_ts": "1633039685.298800",
        "parent_user_id": "U02FV1XHS2C"
    }
]