[
    {
        "client_msg_id": "3d678b24-3d58-4243-8746-564855e1a1d3",
        "type": "message",
        "text": "It’s fair to say “my rate for writing tests is $X” and if they say they can’t pay then pass.",
        "user": "URAV154AV",
        "ts": "1636032123.078100",
        "team": "TJE58GTJL",
        "user_team": "TJE58GTJL",
        "source_team": "TJE58GTJL",
        "user_profile": {
            "avatar_hash": "82eece4f99ca",
            "image_72": "https:\/\/avatars.slack-edge.com\/2019-12-12\/871274952613_82eece4f99caf7981b42_72.jpg",
            "first_name": "Cassandra",
            "real_name": "Cassandra Jowett",
            "display_name": "Cassandra Jowett",
            "team": "TJE58GTJL",
            "name": "cassandrajowett",
            "is_restricted": false,
            "is_ultra_restricted": false
        },
        "blocks": [
            {
                "type": "rich_text",
                "block_id": "5d+",
                "elements": [
                    {
                        "type": "rich_text_section",
                        "elements": [
                            {
                                "type": "text",
                                "text": "It’s fair to say “my rate for writing tests is $X” and if they say they can’t pay then pass."
                            }
                        ]
                    }
                ]
            }
        ],
        "thread_ts": "1635976145.076100",
        "parent_user_id": "U023339SLR4",
        "reactions": [
            {
                "name": "dart",
                "users": [
                    "U02C68743MG",
                    "U024A8928AW"
                ],
                "count": 2
            }
        ]
    },
    {
        "client_msg_id": "49399cee-3993-4c1f-ad49-cf4d2820dcb4",
        "type": "message",
        "text": "This is basically a question only you can answer. If it's an opportunity you don't want to pass _and_ believe there's a good chance they'll like your sample, it may be worth the effort.\n\nMaybe offer them a discounted rate for the trial, if you believe that's justified. That gives both parties a middle ground.",
        "user": "U02GXA3PWC9",
        "ts": "1636039883.078500",
        "team": "TJE58GTJL",
        "user_team": "TJE58GTJL",
        "source_team": "TJE58GTJL",
        "user_profile": {
            "avatar_hash": "gca36795bbaf",
            "image_72": "https:\/\/secure.gravatar.com\/avatar\/ca36795bbaf611c10c7c84cb8ce71f5b.jpg?s=72&d=https%3A%2F%2Fa.slack-edge.com%2Fdf10d%2Fimg%2Favatars%2Fava_0014-72.png",
            "first_name": "Arjun",
            "real_name": "Arjun",
            "display_name": "Arjun",
            "team": "TJE58GTJL",
            "name": "ruparelia.arjun",
            "is_restricted": false,
            "is_ultra_restricted": false
        },
        "blocks": [
            {
                "type": "rich_text",
                "block_id": "jtJ7h",
                "elements": [
                    {
                        "type": "rich_text_section",
                        "elements": [
                            {
                                "type": "text",
                                "text": "This is basically a question only you can answer. If it's an opportunity you don't want to pass "
                            },
                            {
                                "type": "text",
                                "text": "and",
                                "style": {
                                    "italic": true
                                }
                            },
                            {
                                "type": "text",
                                "text": " believe there's a good chance they'll like your sample, it may be worth the effort.\n\nMaybe offer them a discounted rate for the trial, if you believe that's justified. That gives both parties a middle ground."
                            }
                        ]
                    }
                ]
            }
        ],
        "thread_ts": "1635976145.076100",
        "parent_user_id": "U023339SLR4"
    },
    {
        "client_msg_id": "d0f3f129-c6ab-4371-afdd-149cc06de7c6",
        "type": "message",
        "text": "Hi, everyone! I’m looking for an experienced audio\/video editor (or agency) to – in a somewhat near future – help support our increasing need of editing podcasts (video and audio), as well as creating social media specific snippets out of the episodes. Any one have a good referral? :slightly_smiling_face: Thanks!",
        "user": "U02KFSPJQAF",
        "ts": "1636041312.081800",
        "team": "TJE58GTJL",
        "user_team": "TJE58GTJL",
        "source_team": "TJE58GTJL",
        "user_profile": {
            "avatar_hash": "6bfc8303ae88",
            "image_72": "https:\/\/avatars.slack-edge.com\/2021-11-02\/2675699666259_6bfc8303ae888dca884f_72.jpg",
            "first_name": "Oskar",
            "real_name": "Oskar Duberg",
            "display_name": "Oskar Duberg",
            "team": "TJE58GTJL",
            "name": "oskar",
            "is_restricted": false,
            "is_ultra_restricted": false
        },
        "blocks": [
            {
                "type": "rich_text",
                "block_id": "Mcpl",
                "elements": [
                    {
                        "type": "rich_text_section",
                        "elements": [
                            {
                                "type": "text",
                                "text": "Hi, everyone! I’m looking for an experienced audio\/video editor (or agency) to – in a somewhat near future – help support our increasing need of editing podcasts (video and audio), as well as creating social media specific snippets out of the episodes. Any one have a good referral? "
                            },
                            {
                                "type": "emoji",
                                "name": "slightly_smiling_face"
                            },
                            {
                                "type": "text",
                                "text": " Thanks!"
                            }
                        ]
                    }
                ]
            }
        ],
        "thread_ts": "1636041312.081800",
        "reply_count": 7,
        "reply_users_count": 6,
        "latest_reply": "1636556325.119200",
        "reply_users": [
            "U02DALQQHE0",
            "U01L7S9CVNG",
            "U02HD0L8HAP",
            "UUJBMNRNF",
            "UUKNLHZ4H",
            "U02KFSPJQAF"
        ],
        "replies": [
            {
                "user": "U02DALQQHE0",
                "ts": "1636045979.083800"
            },
            {
                "user": "U01L7S9CVNG",
                "ts": "1636089901.089500"
            },
            {
                "user": "U02HD0L8HAP",
                "ts": "1636090373.089800"
            },
            {
                "user": "UUJBMNRNF",
                "ts": "1636123607.090400"
            },
            {
                "user": "UUKNLHZ4H",
                "ts": "1636124694.091500"
            },
            {
                "user": "UUKNLHZ4H",
                "ts": "1636124698.091700"
            },
            {
                "user": "U02KFSPJQAF",
                "ts": "1636556325.119200"
            }
        ],
        "is_locked": false,
        "subscribed": false
    },
    {
        "client_msg_id": "0CA85633-9A50-4E44-9ED5-38B3766C187A",
        "type": "message",
        "text": "Sent you a DM, <@U02KFSPJQAF> ! ",
        "user": "U02DALQQHE0",
        "ts": "1636045979.083800",
        "team": "TJE58GTJL",
        "user_team": "TJE58GTJL",
        "source_team": "TJE58GTJL",
        "user_profile": {
            "avatar_hash": "f7e9bae3e8aa",
            "image_72": "https:\/\/avatars.slack-edge.com\/2021-09-01\/2446629739954_f7e9bae3e8aa3cc81333_72.png",
            "first_name": "Julia",
            "real_name": "Julia H Good",
            "display_name": "Julia Good",
            "team": "TJE58GTJL",
            "name": "jhgood",
            "is_restricted": false,
            "is_ultra_restricted": false
        },
        "blocks": [
            {
                "type": "rich_text",
                "block_id": "7mZ",
                "elements": [
                    {
                        "type": "rich_text_section",
                        "elements": [
                            {
                                "type": "text",
                                "text": "Sent you a DM, "
                            },
                            {
                                "type": "user",
                                "user_id": "U02KFSPJQAF"
                            },
                            {
                                "type": "text",
                                "text": " ! "
                            }
                        ]
                    }
                ]
            }
        ],
        "thread_ts": "1636041312.081800",
        "parent_user_id": "U02KFSPJQAF"
    },
    {
        "client_msg_id": "75f1f72b-fd26-4b17-8965-e61351c81ae7",
        "type": "message",
        "text": "<@U023339SLR4> I think the advice already given is sound. But based on your description, I just see :triangular_flag_on_post::triangular_flag_on_post::triangular_flag_on_post:. Go with your gut.",
        "user": "U02CZJT4FDG",
        "ts": "1636046653.084000",
        "team": "TJE58GTJL",
        "user_team": "TJE58GTJL",
        "source_team": "TJE58GTJL",
        "user_profile": {
            "avatar_hash": "a135302ef51a",
            "image_72": "https:\/\/avatars.slack-edge.com\/2021-08-31\/2439146771077_a135302ef51af6681b26_72.jpg",
            "first_name": "Ryan",
            "real_name": "Ryan Paul Gibson",
            "display_name": "Ryan Paul Gibson",
            "team": "TJE58GTJL",
            "name": "ryanpaulgibson",
            "is_restricted": false,
            "is_ultra_restricted": false
        },
        "blocks": [
            {
                "type": "rich_text",
                "block_id": "5tF",
                "elements": [
                    {
                        "type": "rich_text_section",
                        "elements": [
                            {
                                "type": "user",
                                "user_id": "U023339SLR4"
                            },
                            {
                                "type": "text",
                                "text": " I think the advice already given is sound. But based on your description, I just see "
                            },
                            {
                                "type": "emoji",
                                "name": "triangular_flag_on_post"
                            },
                            {
                                "type": "emoji",
                                "name": "triangular_flag_on_post"
                            },
                            {
                                "type": "emoji",
                                "name": "triangular_flag_on_post"
                            },
                            {
                                "type": "text",
                                "text": ". Go with your gut."
                            }
                        ]
                    }
                ]
            }
        ],
        "thread_ts": "1635976145.076100",
        "parent_user_id": "U023339SLR4"
    },
    {
        "client_msg_id": "ba215a0b-009d-4aa0-b93a-e1f5c9bfb207",
        "type": "message",
        "text": "Thank you all so much for your advice! AI haven't heard anything back from the client after I asked about payment so I might just be losing my time with them indeed.",
        "user": "U023339SLR4",
        "ts": "1636046883.084200",
        "team": "TJE58GTJL",
        "user_team": "TJE58GTJL",
        "source_team": "TJE58GTJL",
        "user_profile": {
            "avatar_hash": "fac58a0573ff",
            "image_72": "https:\/\/avatars.slack-edge.com\/2021-05-28\/2126927704945_fac58a0573ff66fa6fca_72.jpg",
            "first_name": "Clemence",
            "real_name": "Clemence Servonnat",
            "display_name": "Clemence Servonnat",
            "team": "TJE58GTJL",
            "name": "clemence.servonnat",
            "is_restricted": false,
            "is_ultra_restricted": false
        },
        "blocks": [
            {
                "type": "rich_text",
                "block_id": "Q8D",
                "elements": [
                    {
                        "type": "rich_text_section",
                        "elements": [
                            {
                                "type": "text",
                                "text": "Thank you all so much for your advice! AI haven't heard anything back from the client after I asked about payment so I might just be losing my time with them indeed."
                            }
                        ]
                    }
                ]
            }
        ],
        "thread_ts": "1635976145.076100",
        "parent_user_id": "U023339SLR4"
    },
    {
        "client_msg_id": "F7BDED0B-150B-4705-A696-68E7F7D79196",
        "type": "message",
        "text": "Hey <@U02KFSPJQAF>, let me know if you’re still looking for someone, and I’ll pass you a couple people I have in mind :slightly_smiling_face:",
        "user": "U01L7S9CVNG",
        "ts": "1636089901.089500",
        "team": "TJE58GTJL",
        "user_team": "TJE58GTJL",
        "source_team": "TJE58GTJL",
        "user_profile": {
            "avatar_hash": "492ba848106f",
            "image_72": "https:\/\/avatars.slack-edge.com\/2021-03-28\/1912881546324_492ba848106ffaa669af_72.jpg",
            "first_name": "Noelina",
            "real_name": "Noelina Rissman",
            "display_name": "",
            "team": "TJE58GTJL",
            "name": "noelina.rissman",
            "is_restricted": false,
            "is_ultra_restricted": false
        },
        "blocks": [
            {
                "type": "rich_text",
                "block_id": "\/H9iw",
                "elements": [
                    {
                        "type": "rich_text_section",
                        "elements": [
                            {
                                "type": "text",
                                "text": "Hey "
                            },
                            {
                                "type": "user",
                                "user_id": "U02KFSPJQAF"
                            },
                            {
                                "type": "text",
                                "text": ", let me know if you’re still looking for someone, and I’ll pass you a couple people I have in mind "
                            },
                            {
                                "type": "emoji",
                                "name": "slightly_smiling_face"
                            }
                        ]
                    }
                ]
            }
        ],
        "thread_ts": "1636041312.081800",
        "parent_user_id": "U02KFSPJQAF"
    },
    {
        "client_msg_id": "0ae36af7-c18c-4220-bc80-fd8554e84165",
        "type": "message",
        "text": "Hey Oskar I can refer you someone, if you are still looking for it.",
        "user": "U02HD0L8HAP",
        "ts": "1636090373.089800",
        "team": "TJE58GTJL",
        "user_team": "TJE58GTJL",
        "source_team": "TJE58GTJL",
        "user_profile": {
            "avatar_hash": "675c42a91f65",
            "image_72": "https:\/\/avatars.slack-edge.com\/2022-01-10\/2928364816754_675c42a91f6571f4ac6b_72.jpg",
            "first_name": "Aanchal",
            "real_name": "Aanchal Parmar",
            "display_name": "Aanchal Parmar",
            "team": "TJE58GTJL",
            "name": "aanywrites",
            "is_restricted": false,
            "is_ultra_restricted": false
        },
        "blocks": [
            {
                "type": "rich_text",
                "block_id": "SW9W6",
                "elements": [
                    {
                        "type": "rich_text_section",
                        "elements": [
                            {
                                "type": "text",
                                "text": "Hey Oskar I can refer you someone, if you are still looking for it."
                            }
                        ]
                    }
                ]
            }
        ],
        "thread_ts": "1636041312.081800",
        "parent_user_id": "U02KFSPJQAF"
    }
]