[
    {
        "client_msg_id": "d489992c-b427-4644-8cfb-af15808643e0",
        "type": "message",
        "text": "Does anyone need a freelance designer? I have a fab one to recommend—I’ve worked with them in the past and they are the absolute best. They’re looking for freelance oppts right now for web\/email design, animation, illustration, brand design, you name it. DM me if you have design needs and would like to learn more about them :pray:",
        "user": "UN227ML2H",
        "ts": "1637081513.148100",
        "team": "TJE58GTJL",
        "user_team": "TJE58GTJL",
        "source_team": "TJE58GTJL",
        "user_profile": {
            "avatar_hash": "73075d02e70f",
            "image_72": "https:\/\/avatars.slack-edge.com\/2020-09-28\/1393806804451_73075d02e70f4a4344d6_72.jpg",
            "first_name": "Whitney",
            "real_name": "Whitney Rudeseal Peet",
            "display_name": "Whitney Rudeseal Peet",
            "team": "TJE58GTJL",
            "name": "whitneyrudeseal",
            "is_restricted": false,
            "is_ultra_restricted": false
        },
        "blocks": [
            {
                "type": "rich_text",
                "block_id": "hRNX",
                "elements": [
                    {
                        "type": "rich_text_section",
                        "elements": [
                            {
                                "type": "text",
                                "text": "Does anyone need a freelance designer? I have a fab one to recommend—I’ve worked with them in the past and they are the absolute best. They’re looking for freelance oppts right now for web\/email design, animation, illustration, brand design, you name it. DM me if you have design needs and would like to learn more about them "
                            },
                            {
                                "type": "emoji",
                                "name": "pray"
                            }
                        ]
                    }
                ]
            }
        ],
        "thread_ts": "1637081513.148100",
        "reply_count": 4,
        "reply_users_count": 3,
        "latest_reply": "1637250480.180900",
        "reply_users": [
            "UJG9WTEKG",
            "UN227ML2H",
            "U01DEA6F7CH"
        ],
        "replies": [
            {
                "user": "UJG9WTEKG",
                "ts": "1637082326.148200"
            },
            {
                "user": "UJG9WTEKG",
                "ts": "1637082334.148400"
            },
            {
                "user": "UN227ML2H",
                "ts": "1637084408.148700"
            },
            {
                "user": "U01DEA6F7CH",
                "ts": "1637250480.180900"
            }
        ],
        "is_locked": false,
        "subscribed": true,
        "last_read": "1637250480.180900"
    },
    {
        "client_msg_id": "f4024ac3-905a-457d-878d-ef735ab1c390",
        "type": "message",
        "text": "i might need one!",
        "user": "UJG9WTEKG",
        "ts": "1637082326.148200",
        "team": "TJE58GTJL",
        "user_team": "TJE58GTJL",
        "source_team": "TJE58GTJL",
        "user_profile": {
            "avatar_hash": "gc25b94e6ebf",
            "image_72": "https:\/\/secure.gravatar.com\/avatar\/eec25b94e6ebf55f0b7933372344cd09.jpg?s=72&d=https%3A%2F%2Fa.slack-edge.com%2Fdf10d%2Fimg%2Favatars%2Fava_0001-72.png",
            "first_name": "Jimmy",
            "real_name": "Jimmy Daly",
            "display_name": "",
            "team": "TJE58GTJL",
            "name": "runjimdaly",
            "is_restricted": false,
            "is_ultra_restricted": false
        },
        "blocks": [
            {
                "type": "rich_text",
                "block_id": "s=i",
                "elements": [
                    {
                        "type": "rich_text_section",
                        "elements": [
                            {
                                "type": "text",
                                "text": "i might need one!"
                            }
                        ]
                    }
                ]
            }
        ],
        "thread_ts": "1637081513.148100",
        "parent_user_id": "UN227ML2H"
    },
    {
        "client_msg_id": "cf3b8796-76b2-457c-9c56-160ee31a0516",
        "type": "message",
        "text": "for an ebook project",
        "user": "UJG9WTEKG",
        "ts": "1637082334.148400",
        "team": "TJE58GTJL",
        "user_team": "TJE58GTJL",
        "source_team": "TJE58GTJL",
        "user_profile": {
            "avatar_hash": "gc25b94e6ebf",
            "image_72": "https:\/\/secure.gravatar.com\/avatar\/eec25b94e6ebf55f0b7933372344cd09.jpg?s=72&d=https%3A%2F%2Fa.slack-edge.com%2Fdf10d%2Fimg%2Favatars%2Fava_0001-72.png",
            "first_name": "Jimmy",
            "real_name": "Jimmy Daly",
            "display_name": "",
            "team": "TJE58GTJL",
            "name": "runjimdaly",
            "is_restricted": false,
            "is_ultra_restricted": false
        },
        "blocks": [
            {
                "type": "rich_text",
                "block_id": "v0BV",
                "elements": [
                    {
                        "type": "rich_text_section",
                        "elements": [
                            {
                                "type": "text",
                                "text": "for an ebook project"
                            }
                        ]
                    }
                ]
            }
        ],
        "thread_ts": "1637081513.148100",
        "parent_user_id": "UN227ML2H"
    },
    {
        "client_msg_id": "06834ce8-6233-487e-bf3e-7052f8bb1dde",
        "type": "message",
        "text": ":eyes:  I’ll ping you!!",
        "user": "UN227ML2H",
        "ts": "1637084408.148700",
        "team": "TJE58GTJL",
        "user_team": "TJE58GTJL",
        "source_team": "TJE58GTJL",
        "user_profile": {
            "avatar_hash": "73075d02e70f",
            "image_72": "https:\/\/avatars.slack-edge.com\/2020-09-28\/1393806804451_73075d02e70f4a4344d6_72.jpg",
            "first_name": "Whitney",
            "real_name": "Whitney Rudeseal Peet",
            "display_name": "Whitney Rudeseal Peet",
            "team": "TJE58GTJL",
            "name": "whitneyrudeseal",
            "is_restricted": false,
            "is_ultra_restricted": false
        },
        "blocks": [
            {
                "type": "rich_text",
                "block_id": "pEqV",
                "elements": [
                    {
                        "type": "rich_text_section",
                        "elements": [
                            {
                                "type": "emoji",
                                "name": "eyes"
                            },
                            {
                                "type": "text",
                                "text": "  I’ll ping you!!"
                            }
                        ]
                    }
                ]
            }
        ],
        "thread_ts": "1637081513.148100",
        "parent_user_id": "UN227ML2H"
    },
    {
        "client_msg_id": "09b449e9-4e5c-428f-b66f-fd4ed96a7b43",
        "type": "message",
        "text": "I'm a writer (both content and copy) and I'm looking to switch industries. I've been applying for writing and marketing jobs in tech, but I'm told I don't have enough domain-specific experience. My loss is your gain!\n\nI'm looking to build up my portfolio. I'll write long and\/or short-form articles for your business for a fraction of what I normally charge. If you need writing for:\n• SaaS\n• Fintech\n• MarTech\nOr any other business that works in or with tech, let me know! DM or send an email directly <mailto:aliciaraeburn@gmail.com|aliciaraeburn@gmail.com> :pray:",
        "user": "U02A25BJ4T1",
        "ts": "1637087915.153400",
        "team": "TJE58GTJL",
        "user_team": "TJE58GTJL",
        "source_team": "TJE58GTJL",
        "user_profile": {
            "avatar_hash": "1bd7f30ec338",
            "image_72": "https:\/\/avatars.slack-edge.com\/2021-08-09\/2353992660294_1bd7f30ec3386760cb5b_72.jpg",
            "first_name": "Alicia",
            "real_name": "Alicia Raeburn",
            "display_name": "Alicia Raeburn",
            "team": "TJE58GTJL",
            "name": "aliciaraeburn",
            "is_restricted": false,
            "is_ultra_restricted": false
        },
        "blocks": [
            {
                "type": "rich_text",
                "block_id": "TDDQ",
                "elements": [
                    {
                        "type": "rich_text_section",
                        "elements": [
                            {
                                "type": "text",
                                "text": "I'm a writer (both content and copy) and I'm looking to switch industries. I've been applying for writing and marketing jobs in tech, but I'm told I don't have enough domain-specific experience. My loss is your gain!\n\nI'm looking to build up my portfolio. I'll write long and\/or short-form articles for your business for a fraction of what I normally charge. If you need writing for:\n"
                            }
                        ]
                    },
                    {
                        "type": "rich_text_list",
                        "elements": [
                            {
                                "type": "rich_text_section",
                                "elements": [
                                    {
                                        "type": "text",
                                        "text": "SaaS"
                                    }
                                ]
                            },
                            {
                                "type": "rich_text_section",
                                "elements": [
                                    {
                                        "type": "text",
                                        "text": "Fintech"
                                    }
                                ]
                            },
                            {
                                "type": "rich_text_section",
                                "elements": [
                                    {
                                        "type": "text",
                                        "text": "MarTech"
                                    }
                                ]
                            }
                        ],
                        "style": "bullet",
                        "indent": 0,
                        "border": 0
                    },
                    {
                        "type": "rich_text_section",
                        "elements": [
                            {
                                "type": "text",
                                "text": "Or any other business that works in or with tech, let me know! DM or send an email directly "
                            },
                            {
                                "type": "link",
                                "url": "mailto:aliciaraeburn@gmail.com",
                                "text": "aliciaraeburn@gmail.com"
                            },
                            {
                                "type": "text",
                                "text": " "
                            },
                            {
                                "type": "emoji",
                                "name": "pray"
                            }
                        ]
                    }
                ]
            }
        ],
        "thread_ts": "1637087915.153400",
        "reply_count": 9,
        "reply_users_count": 6,
        "latest_reply": "1637699377.241500",
        "reply_users": [
            "UJG9WTEKG",
            "U02A25BJ4T1",
            "U023HGMVC0P",
            "U02C37FQVL5",
            "U02J7DM81AQ",
            "U02NDD2TDBM"
        ],
        "replies": [
            {
                "user": "UJG9WTEKG",
                "ts": "1637088385.153500"
            },
            {
                "user": "U02A25BJ4T1",
                "ts": "1637088423.153800"
            },
            {
                "user": "UJG9WTEKG",
                "ts": "1637090147.154000"
            },
            {
                "user": "U023HGMVC0P",
                "ts": "1637093226.154200"
            },
            {
                "user": "U02A25BJ4T1",
                "ts": "1637093691.154500"
            },
            {
                "user": "U02C37FQVL5",
                "ts": "1637101304.156100"
            },
            {
                "user": "U02J7DM81AQ",
                "ts": "1637154388.156700"
            },
            {
                "user": "U023HGMVC0P",
                "ts": "1637155609.156900"
            },
            {
                "user": "U02NDD2TDBM",
                "ts": "1637699377.241500"
            }
        ],
        "is_locked": false,
        "subscribed": true,
        "last_read": "1637699377.241500",
        "reactions": [
            {
                "name": "+1",
                "users": [
                    "U01MVN90X9U",
                    "U028D815JA0"
                ],
                "count": 2
            }
        ]
    },
    {
        "client_msg_id": "568e618c-4d5c-4c14-9f6b-2df5e5834fd8",
        "type": "message",
        "text": "add your name here too! <https:\/\/airtable.com\/shrXD8E4bjJjf5Jsg>",
        "user": "UJG9WTEKG",
        "ts": "1637088385.153500",
        "team": "TJE58GTJL",
        "user_team": "TJE58GTJL",
        "source_team": "TJE58GTJL",
        "user_profile": {
            "avatar_hash": "gc25b94e6ebf",
            "image_72": "https:\/\/secure.gravatar.com\/avatar\/eec25b94e6ebf55f0b7933372344cd09.jpg?s=72&d=https%3A%2F%2Fa.slack-edge.com%2Fdf10d%2Fimg%2Favatars%2Fava_0001-72.png",
            "first_name": "Jimmy",
            "real_name": "Jimmy Daly",
            "display_name": "",
            "team": "TJE58GTJL",
            "name": "runjimdaly",
            "is_restricted": false,
            "is_ultra_restricted": false
        },
        "attachments": [
            {
                "from_url": "https:\/\/airtable.com\/shrXD8E4bjJjf5Jsg",
                "service_name": "Airtable",
                "title": "Superpath Yellow Pages - Airtable",
                "title_link": "https:\/\/airtable.com\/shrXD8E4bjJjf5Jsg",
                "text": "Fill out the \"Superpath Yellow Pages\" form quickly and securely on Airtable.",
                "image_url": "https:\/\/static.airtable.com\/images\/oembed\/airtable.png",
                "image_width": 476,
                "image_height": 250,
                "image_bytes": 12718,
                "fallback": "Airtable: Superpath Yellow Pages - Airtable",
                "service_icon": "https:\/\/airtable.com\/images\/favicon\/baymax\/apple-touch-icon.png",
                "id": 1,
                "original_url": "https:\/\/airtable.com\/shrXD8E4bjJjf5Jsg"
            }
        ],
        "blocks": [
            {
                "type": "rich_text",
                "block_id": "l=RW",
                "elements": [
                    {
                        "type": "rich_text_section",
                        "elements": [
                            {
                                "type": "text",
                                "text": "add your name here too! "
                            },
                            {
                                "type": "link",
                                "url": "https:\/\/airtable.com\/shrXD8E4bjJjf5Jsg"
                            }
                        ]
                    }
                ]
            }
        ],
        "thread_ts": "1637087915.153400",
        "parent_user_id": "U02A25BJ4T1"
    },
    {
        "client_msg_id": "af4c8812-6a7b-42e0-ad1b-31fb450d1c2c",
        "type": "message",
        "text": "<@UJG9WTEKG> Already done!",
        "user": "U02A25BJ4T1",
        "ts": "1637088423.153800",
        "team": "TJE58GTJL",
        "user_team": "TJE58GTJL",
        "source_team": "TJE58GTJL",
        "user_profile": {
            "avatar_hash": "1bd7f30ec338",
            "image_72": "https:\/\/avatars.slack-edge.com\/2021-08-09\/2353992660294_1bd7f30ec3386760cb5b_72.jpg",
            "first_name": "Alicia",
            "real_name": "Alicia Raeburn",
            "display_name": "Alicia Raeburn",
            "team": "TJE58GTJL",
            "name": "aliciaraeburn",
            "is_restricted": false,
            "is_ultra_restricted": false
        },
        "blocks": [
            {
                "type": "rich_text",
                "block_id": "T0v",
                "elements": [
                    {
                        "type": "rich_text_section",
                        "elements": [
                            {
                                "type": "user",
                                "user_id": "UJG9WTEKG"
                            },
                            {
                                "type": "text",
                                "text": " Already done!"
                            }
                        ]
                    }
                ]
            }
        ],
        "thread_ts": "1637087915.153400",
        "parent_user_id": "U02A25BJ4T1"
    },
    {
        "client_msg_id": "a0ef1d0c-a1b5-4c14-8bc5-80ac05497c5d",
        "type": "message",
        "text": "woo!",
        "user": "UJG9WTEKG",
        "ts": "1637090147.154000",
        "team": "TJE58GTJL",
        "user_team": "TJE58GTJL",
        "source_team": "TJE58GTJL",
        "user_profile": {
            "avatar_hash": "gc25b94e6ebf",
            "image_72": "https:\/\/secure.gravatar.com\/avatar\/eec25b94e6ebf55f0b7933372344cd09.jpg?s=72&d=https%3A%2F%2Fa.slack-edge.com%2Fdf10d%2Fimg%2Favatars%2Fava_0001-72.png",
            "first_name": "Jimmy",
            "real_name": "Jimmy Daly",
            "display_name": "",
            "team": "TJE58GTJL",
            "name": "runjimdaly",
            "is_restricted": false,
            "is_ultra_restricted": false
        },
        "blocks": [
            {
                "type": "rich_text",
                "block_id": "tsac",
                "elements": [
                    {
                        "type": "rich_text_section",
                        "elements": [
                            {
                                "type": "text",
                                "text": "woo!"
                            }
                        ]
                    }
                ]
            }
        ],
        "thread_ts": "1637087915.153400",
        "parent_user_id": "U02A25BJ4T1"
    },
    {
        "client_msg_id": "1d837b30-dec1-477e-83f6-36366583bd38",
        "type": "message",
        "text": "<@U02A25BJ4T1> could you please email me some writing samples (any industry) and your rates to <mailto:info@asmarketingagency.com|info@asmarketingagency.com>? We may have some projects for you. :blush:",
        "user": "U023HGMVC0P",
        "ts": "1637093226.154200",
        "team": "TJE58GTJL",
        "user_team": "TJE58GTJL",
        "source_team": "TJE58GTJL",
        "user_profile": {
            "avatar_hash": "62739cc5c557",
            "image_72": "https:\/\/avatars.slack-edge.com\/2021-06-04\/2149147721041_62739cc5c557263030d9_72.png",
            "first_name": "",
            "real_name": "Adriana Stein",
            "display_name": "Adriana Stein",
            "team": "TJE58GTJL",
            "name": "info035",
            "is_restricted": false,
            "is_ultra_restricted": false
        },
        "blocks": [
            {
                "type": "rich_text",
                "block_id": "E4xlz",
                "elements": [
                    {
                        "type": "rich_text_section",
                        "elements": [
                            {
                                "type": "user",
                                "user_id": "U02A25BJ4T1"
                            },
                            {
                                "type": "text",
                                "text": " could you please email me some writing samples (any industry) and your rates to "
                            },
                            {
                                "type": "link",
                                "url": "mailto:info@asmarketingagency.com",
                                "text": "info@asmarketingagency.com"
                            },
                            {
                                "type": "text",
                                "text": "? We may have some projects for you. "
                            },
                            {
                                "type": "emoji",
                                "name": "blush"
                            }
                        ]
                    }
                ]
            }
        ],
        "thread_ts": "1637087915.153400",
        "parent_user_id": "U02A25BJ4T1",
        "reactions": [
            {
                "name": "pray",
                "users": [
                    "U02A25BJ4T1"
                ],
                "count": 1
            }
        ]
    },
    {
        "client_msg_id": "adc146d9-95ae-4950-a8d6-11b96a12c702",
        "type": "message",
        "text": "<@U023HGMVC0P> just sent over an email :slightly_smiling_face:",
        "user": "U02A25BJ4T1",
        "ts": "1637093691.154500",
        "team": "TJE58GTJL",
        "user_team": "TJE58GTJL",
        "source_team": "TJE58GTJL",
        "user_profile": {
            "avatar_hash": "1bd7f30ec338",
            "image_72": "https:\/\/avatars.slack-edge.com\/2021-08-09\/2353992660294_1bd7f30ec3386760cb5b_72.jpg",
            "first_name": "Alicia",
            "real_name": "Alicia Raeburn",
            "display_name": "Alicia Raeburn",
            "team": "TJE58GTJL",
            "name": "aliciaraeburn",
            "is_restricted": false,
            "is_ultra_restricted": false
        },
        "blocks": [
            {
                "type": "rich_text",
                "block_id": "Non",
                "elements": [
                    {
                        "type": "rich_text_section",
                        "elements": [
                            {
                                "type": "user",
                                "user_id": "U023HGMVC0P"
                            },
                            {
                                "type": "text",
                                "text": " just sent over an email "
                            },
                            {
                                "type": "emoji",
                                "name": "slightly_smiling_face"
                            }
                        ]
                    }
                ]
            }
        ],
        "thread_ts": "1637087915.153400",
        "parent_user_id": "U02A25BJ4T1"
    },
    {
        "client_msg_id": "a7129cdd-66d0-44a2-81ae-ebff917602ab",
        "type": "message",
        "text": "Hi! No immediate opportunities for you, but I'm a freelance B2B tech content strategist and I actually love working with writers that don't have tech experience. Could you DM me some of your work for other industries? Might have things for you in the near future.",
        "user": "U02C37FQVL5",
        "ts": "1637101304.156100",
        "team": "TJE58GTJL",
        "user_team": "TJE58GTJL",
        "source_team": "TJE58GTJL",
        "user_profile": {
            "avatar_hash": "f69427a863f2",
            "image_72": "https:\/\/avatars.slack-edge.com\/2021-09-23\/2549358724416_f69427a863f2254e8a79_72.jpg",
            "first_name": "Alyssa",
            "real_name": "Alyssa Greenfield",
            "display_name": "",
            "team": "TJE58GTJL",
            "name": "alyssa961",
            "is_restricted": false,
            "is_ultra_restricted": false
        },
        "blocks": [
            {
                "type": "rich_text",
                "block_id": "6cgE",
                "elements": [
                    {
                        "type": "rich_text_section",
                        "elements": [
                            {
                                "type": "text",
                                "text": "Hi! No immediate opportunities for you, but I'm a freelance B2B tech content strategist and I actually love working with writers that don't have tech experience. Could you DM me some of your work for other industries? Might have things for you in the near future."
                            }
                        ]
                    }
                ]
            }
        ],
        "thread_ts": "1637087915.153400",
        "parent_user_id": "U02A25BJ4T1"
    },
    {
        "client_msg_id": "58cac3ee-0933-4524-9540-c74f19f8dce0",
        "type": "message",
        "text": "I meeeean maybe not specifically what you're looking for right now likely but if you ever need (cyber) security-focused work on Azure, feel free to reach out!",
        "user": "U01TPUG6YE5",
        "ts": "1637106760.156400",
        "team": "TJE58GTJL",
        "user_team": "TJE58GTJL",
        "source_team": "TJE58GTJL",
        "user_profile": {
            "avatar_hash": "e33fca718269",
            "image_72": "https:\/\/avatars.slack-edge.com\/2021-06-28\/2217136981141_e33fca718269ad91729b_72.png",
            "first_name": "Mitangi",
            "real_name": "Mitangi Parekh",
            "display_name": "Mitangi Parekh",
            "team": "TJE58GTJL",
            "name": "emparekh",
            "is_restricted": false,
            "is_ultra_restricted": false
        },
        "blocks": [
            {
                "type": "rich_text",
                "block_id": "ty\/",
                "elements": [
                    {
                        "type": "rich_text_section",
                        "elements": [
                            {
                                "type": "text",
                                "text": "I meeeean maybe not specifically what you're looking for right now likely but if you ever need (cyber) security-focused work on Azure, feel free to reach out!"
                            }
                        ]
                    }
                ]
            }
        ],
        "thread_ts": "1636981592.141300",
        "parent_user_id": "UJJFDTN8G",
        "reactions": [
            {
                "name": "+1",
                "users": [
                    "UJJFDTN8G"
                ],
                "count": 1
            }
        ]
    }
]