[
    {
        "client_msg_id": "8b6a67bf-b1be-4d6b-ab3b-6d1747a84a0e",
        "type": "message",
        "text": "Another of those 'is this the right channel' - I need to find a good Google Ads freelancer urgently. Campaign is set up and can be transferred - ads and LPs all created - but it needs on-going optimisation and management. Its a very niche area with limited keywords so it needs someone who absolutely respects the niche.\nPlease DM me if you know of someone or you would like to know more about the work",
        "user": "U02DKVCN6U9",
        "ts": "1630919105.105900",
        "team": "TJE58GTJL",
        "user_team": "TJE58GTJL",
        "source_team": "TJE58GTJL",
        "user_profile": {
            "avatar_hash": "1b2fe4f4caa7",
            "image_72": "https:\/\/avatars.slack-edge.com\/2021-09-02\/2450809644883_1b2fe4f4caa7a2e01c47_72.png",
            "first_name": "Clare",
            "real_name": "Clare Warren",
            "display_name": "Clare",
            "team": "TJE58GTJL",
            "name": "clarew",
            "is_restricted": false,
            "is_ultra_restricted": false
        },
        "edited": {
            "user": "U02DKVCN6U9",
            "ts": "1630923826.000000"
        },
        "blocks": [
            {
                "type": "rich_text",
                "block_id": "1uyM",
                "elements": [
                    {
                        "type": "rich_text_section",
                        "elements": [
                            {
                                "type": "text",
                                "text": "Another of those 'is this the right channel' - I need to find a good Google Ads freelancer urgently. Campaign is set up and can be transferred - ads and LPs all created - but it needs on-going optimisation and management. Its a very niche area with limited keywords so it needs someone who absolutely respects the niche.\nPlease DM me if you know of someone or you would like to know more about the work"
                            }
                        ]
                    }
                ]
            }
        ],
        "thread_ts": "1630919105.105900",
        "reply_count": 3,
        "reply_users_count": 2,
        "latest_reply": "1630965290.110100",
        "reply_users": [
            "U01U4QYEXBJ",
            "U02DKVCN6U9"
        ],
        "replies": [
            {
                "user": "U01U4QYEXBJ",
                "ts": "1630952997.107500"
            },
            {
                "user": "U02DKVCN6U9",
                "ts": "1630954678.107900"
            },
            {
                "user": "U01U4QYEXBJ",
                "ts": "1630965290.110100"
            }
        ],
        "is_locked": false,
        "subscribed": false
    },
    {
        "client_msg_id": "f6fb0891-e7c4-4bbb-9cb6-d99ec8f4a44d",
        "type": "message",
        "text": "Thanks",
        "user": "U02DKVCN6U9",
        "ts": "1630919109.106100",
        "team": "TJE58GTJL",
        "user_team": "TJE58GTJL",
        "source_team": "TJE58GTJL",
        "user_profile": {
            "avatar_hash": "1b2fe4f4caa7",
            "image_72": "https:\/\/avatars.slack-edge.com\/2021-09-02\/2450809644883_1b2fe4f4caa7a2e01c47_72.png",
            "first_name": "Clare",
            "real_name": "Clare Warren",
            "display_name": "Clare",
            "team": "TJE58GTJL",
            "name": "clarew",
            "is_restricted": false,
            "is_ultra_restricted": false
        },
        "blocks": [
            {
                "type": "rich_text",
                "block_id": "XSz",
                "elements": [
                    {
                        "type": "rich_text_section",
                        "elements": [
                            {
                                "type": "text",
                                "text": "Thanks"
                            }
                        ]
                    }
                ]
            }
        ]
    },
    {
        "client_msg_id": "cf47c7c3-60ff-44bc-b97d-50708a5e114f",
        "type": "message",
        "text": "Oh thank you Althea &amp; Shadrack :relaxed: and hey Adriana, it’s been a while :purple_heart:",
        "user": "U01KT0GGM0S",
        "ts": "1630924539.106300",
        "team": "TJE58GTJL",
        "user_team": "TJE58GTJL",
        "source_team": "TJE58GTJL",
        "user_profile": {
            "avatar_hash": "217e6f803494",
            "image_72": "https:\/\/avatars.slack-edge.com\/2021-01-26\/1675559919699_217e6f80349417eca8b8_72.jpg",
            "first_name": "Begum",
            "real_name": "Begum Kaya",
            "display_name": "Begum",
            "team": "TJE58GTJL",
            "name": "begumkaya94",
            "is_restricted": false,
            "is_ultra_restricted": false
        },
        "blocks": [
            {
                "type": "rich_text",
                "block_id": "5P+F6",
                "elements": [
                    {
                        "type": "rich_text_section",
                        "elements": [
                            {
                                "type": "text",
                                "text": "Oh thank you Althea & Shadrack "
                            },
                            {
                                "type": "emoji",
                                "name": "relaxed"
                            },
                            {
                                "type": "text",
                                "text": " and hey Adriana, it’s been a while "
                            },
                            {
                                "type": "emoji",
                                "name": "purple_heart"
                            }
                        ]
                    }
                ]
            }
        ],
        "thread_ts": "1630686369.096700",
        "parent_user_id": "U0241JR2TS7",
        "reactions": [
            {
                "name": "heart",
                "users": [
                    "U028D815JA0",
                    "U0241JR2TS7"
                ],
                "count": 2
            }
        ]
    },
    {
        "client_msg_id": "ff108a4e-b6a1-4443-a739-71ddd6146842",
        "type": "message",
        "text": "<@U01KT0GGM0S> feel free to email me if you think there is a possibility to collaborate :blush:",
        "user": "U0241JR2TS7",
        "ts": "1630925162.106700",
        "team": "TJE58GTJL",
        "user_team": "TJE58GTJL",
        "source_team": "TJE58GTJL",
        "user_profile": {
            "avatar_hash": "g7e322d10614",
            "image_72": "https:\/\/secure.gravatar.com\/avatar\/7e322d10614f437f26c170fa3be74057.jpg?s=72&d=https%3A%2F%2Fa.slack-edge.com%2Fdf10d%2Fimg%2Favatars%2Fava_0014-72.png",
            "first_name": "",
            "real_name": "Adriana Stein",
            "display_name": "",
            "team": "TJE58GTJL",
            "name": "info317",
            "is_restricted": false,
            "is_ultra_restricted": false
        },
        "edited": {
            "user": "U0241JR2TS7",
            "ts": "1630925178.000000"
        },
        "blocks": [
            {
                "type": "rich_text",
                "block_id": "BZz",
                "elements": [
                    {
                        "type": "rich_text_section",
                        "elements": [
                            {
                                "type": "user",
                                "user_id": "U01KT0GGM0S"
                            },
                            {
                                "type": "text",
                                "text": " feel free to email me if you think there is a possibility to collaborate "
                            },
                            {
                                "type": "emoji",
                                "name": "blush"
                            }
                        ]
                    }
                ]
            }
        ],
        "thread_ts": "1630686369.096700",
        "parent_user_id": "U0241JR2TS7",
        "reactions": [
            {
                "name": "100",
                "users": [
                    "U01KT0GGM0S"
                ],
                "count": 1
            }
        ]
    },
    {
        "client_msg_id": "4ab2f517-5571-422f-8c6f-62130b81a4c5",
        "type": "message",
        "text": "Reach out to Kathy or Jenny at Fisher Green Creative. I've been working with them recently for a client. They are very knowledgeable and detailed.\n<https:\/\/fishergreencreative.com\/>",
        "user": "U01U4QYEXBJ",
        "ts": "1630952997.107500",
        "team": "TJE58GTJL",
        "user_team": "TJE58GTJL",
        "source_team": "TJE58GTJL",
        "user_profile": {
            "avatar_hash": "663eb11e79f3",
            "image_72": "https:\/\/avatars.slack-edge.com\/2021-09-25\/2556102616672_663eb11e79f303963afd_72.jpg",
            "first_name": "Barb",
            "real_name": "Barb Davids",
            "display_name": "Barb Davids",
            "team": "TJE58GTJL",
            "name": "barb",
            "is_restricted": false,
            "is_ultra_restricted": false
        },
        "blocks": [
            {
                "type": "rich_text",
                "block_id": "8KX",
                "elements": [
                    {
                        "type": "rich_text_section",
                        "elements": [
                            {
                                "type": "text",
                                "text": "Reach out to Kathy or Jenny at Fisher Green Creative. I've been working with them recently for a client. They are very knowledgeable and detailed.\n"
                            },
                            {
                                "type": "link",
                                "url": "https:\/\/fishergreencreative.com\/"
                            }
                        ]
                    }
                ]
            }
        ],
        "thread_ts": "1630919105.105900",
        "parent_user_id": "U02DKVCN6U9"
    },
    {
        "client_msg_id": "416b98d7-8ca0-408c-8154-a3340fb8064a",
        "type": "message",
        "text": "<@U01U4QYEXBJ> I will do. I was hoping to get a freelancer as the media spend is not huge so its not a big campaign and maybe too small for an agency...no harm asking though and thank you for the recommendation",
        "user": "U02DKVCN6U9",
        "ts": "1630954678.107900",
        "team": "TJE58GTJL",
        "user_team": "TJE58GTJL",
        "source_team": "TJE58GTJL",
        "user_profile": {
            "avatar_hash": "1b2fe4f4caa7",
            "image_72": "https:\/\/avatars.slack-edge.com\/2021-09-02\/2450809644883_1b2fe4f4caa7a2e01c47_72.png",
            "first_name": "Clare",
            "real_name": "Clare Warren",
            "display_name": "Clare",
            "team": "TJE58GTJL",
            "name": "clarew",
            "is_restricted": false,
            "is_ultra_restricted": false
        },
        "edited": {
            "user": "U02DKVCN6U9",
            "ts": "1630954701.000000"
        },
        "blocks": [
            {
                "type": "rich_text",
                "block_id": "KnouQ",
                "elements": [
                    {
                        "type": "rich_text_section",
                        "elements": [
                            {
                                "type": "user",
                                "user_id": "U01U4QYEXBJ"
                            },
                            {
                                "type": "text",
                                "text": " I will do. I was hoping to get a freelancer as the media spend is not huge so its not a big campaign and maybe too small for an agency...no harm asking though and thank you for the recommendation"
                            }
                        ]
                    }
                ]
            }
        ],
        "thread_ts": "1630919105.105900",
        "parent_user_id": "U02DKVCN6U9"
    },
    {
        "client_msg_id": "60d3bbb7-a093-44c8-a624-0cf43ad03329",
        "type": "message",
        "text": "They are very reasonable rates compared to some I work with. While it's an \"agency\", they are very personable and wonderful to work with. I'd love to know how it turns out.",
        "user": "U01U4QYEXBJ",
        "ts": "1630965290.110100",
        "team": "TJE58GTJL",
        "user_team": "TJE58GTJL",
        "source_team": "TJE58GTJL",
        "user_profile": {
            "avatar_hash": "663eb11e79f3",
            "image_72": "https:\/\/avatars.slack-edge.com\/2021-09-25\/2556102616672_663eb11e79f303963afd_72.jpg",
            "first_name": "Barb",
            "real_name": "Barb Davids",
            "display_name": "Barb Davids",
            "team": "TJE58GTJL",
            "name": "barb",
            "is_restricted": false,
            "is_ultra_restricted": false
        },
        "blocks": [
            {
                "type": "rich_text",
                "block_id": "Km1ZQ",
                "elements": [
                    {
                        "type": "rich_text_section",
                        "elements": [
                            {
                                "type": "text",
                                "text": "They are very reasonable rates compared to some I work with. While it's an \"agency\", they are very personable and wonderful to work with. I'd love to know how it turns out."
                            }
                        ]
                    }
                ]
            }
        ],
        "thread_ts": "1630919105.105900",
        "parent_user_id": "U02DKVCN6U9"
    },
    {
        "client_msg_id": "f7a45d38-3f09-4c7d-8504-0f3c283c80bf",
        "type": "message",
        "text": "hey all! Do any of you ask for performance-based bonuses on freelance projects? I have a potential gig that wants to pay a slightly lower base rate for services, but agree to performance-based bonuses for marketing services... Any advice of how to manage this\/what this might look like?",
        "user": "U0136JJHUSK",
        "ts": "1630993015.111800",
        "team": "TJE58GTJL",
        "user_team": "TJE58GTJL",
        "source_team": "TJE58GTJL",
        "user_profile": {
            "avatar_hash": "2b8405cddee1",
            "image_72": "https:\/\/avatars.slack-edge.com\/2020-06-17\/1189155582242_2b8405cddee139d3e565_72.png",
            "first_name": "Cassandra",
            "real_name": "Cassandra Naji",
            "display_name": "Cassandra Naji",
            "team": "TJE58GTJL",
            "name": "cassandra",
            "is_restricted": false,
            "is_ultra_restricted": false
        },
        "blocks": [
            {
                "type": "rich_text",
                "block_id": "DG\/",
                "elements": [
                    {
                        "type": "rich_text_section",
                        "elements": [
                            {
                                "type": "text",
                                "text": "hey all! Do any of you ask for performance-based bonuses on freelance projects? I have a potential gig that wants to pay a slightly lower base rate for services, but agree to performance-based bonuses for marketing services... Any advice of how to manage this\/what this might look like?"
                            }
                        ]
                    }
                ]
            }
        ],
        "thread_ts": "1630993015.111800",
        "reply_count": 8,
        "reply_users_count": 6,
        "latest_reply": "1631283033.149100",
        "reply_users": [
            "U025VFYU4AC",
            "U01P13NTGG6",
            "U02AUQ0KMGC",
            "U0136JJHUSK",
            "U02CYNTD10A",
            "U02BTBBH887"
        ],
        "replies": [
            {
                "user": "U025VFYU4AC",
                "ts": "1630996424.111900"
            },
            {
                "user": "U01P13NTGG6",
                "ts": "1631014720.114800"
            },
            {
                "user": "U02AUQ0KMGC",
                "ts": "1631015613.115000"
            },
            {
                "user": "U0136JJHUSK",
                "ts": "1631026175.115500"
            },
            {
                "user": "U025VFYU4AC",
                "ts": "1631030522.116400"
            },
            {
                "user": "U02CYNTD10A",
                "ts": "1631033229.123000"
            },
            {
                "user": "U02BTBBH887",
                "ts": "1631109763.132100"
            },
            {
                "user": "U0136JJHUSK",
                "ts": "1631283033.149100"
            }
        ],
        "is_locked": false,
        "subscribed": false
    },
    {
        "client_msg_id": "05c33c4c-87f3-4e6d-9ccd-3c527f176199",
        "type": "message",
        "text": "Its s double edged sword. What are the specific performance KPIs? How will it be measured? Do you have contribution to the measured outcome and the analytics? These are some of the questions that you need to assess before signing up for it.",
        "user": "U025VFYU4AC",
        "ts": "1630996424.111900",
        "team": "TJE58GTJL",
        "user_team": "TJE58GTJL",
        "source_team": "TJE58GTJL",
        "user_profile": {
            "avatar_hash": "ce7297218859",
            "image_72": "https:\/\/avatars.slack-edge.com\/2021-06-15\/2188973467905_ce7297218859cc467129_72.jpg",
            "first_name": "",
            "real_name": "Shyam Purkayastha",
            "display_name": "Shyam Purkayastha",
            "team": "TJE58GTJL",
            "name": "shyam",
            "is_restricted": false,
            "is_ultra_restricted": false
        },
        "blocks": [
            {
                "type": "rich_text",
                "block_id": "4e0",
                "elements": [
                    {
                        "type": "rich_text_section",
                        "elements": [
                            {
                                "type": "text",
                                "text": "Its s double edged sword. What are the specific performance KPIs? How will it be measured? Do you have contribution to the measured outcome and the analytics? These are some of the questions that you need to assess before signing up for it."
                            }
                        ]
                    }
                ]
            }
        ],
        "thread_ts": "1630993015.111800",
        "parent_user_id": "U0136JJHUSK",
        "reactions": [
            {
                "name": "+1",
                "users": [
                    "U0136JJHUSK"
                ],
                "count": 1
            }
        ]
    }
]