[
    {
        "bot_id": "B023BC3A2UV",
        "type": "message",
        "text": "You know we're all about jobs here, and so is the B2B Writing Institute (:raised_hands: <@U01K0BWEQD6>). We partnered to get you FREE access to this training on *how to get hired as a B2B writer*. Use the code `superpath` to get it for free — and let us know how you like it! <https:\/\/b2bwritinginstitute.podia.com\/96cf692e-9f6a-448d-87a8-6bb7052402ab> \n\nAnd many thanks to <@U01K0BWEQD6> for her support of this community—it's good folks like her that help us keep it free. :slightly_smiling_face:",
        "user": "UJG9WTEKG",
        "ts": "1630594806.074500",
        "team": "TJE58GTJL",
        "bot_profile": {
            "id": "B023BC3A2UV",
            "app_id": "AL3SX1B6J",
            "name": "Send It Later",
            "icons": {
                "image_36": "https:\/\/avatars.slack-edge.com\/2019-07-02\/671777182994_a14924be81a633327b73_36.png",
                "image_48": "https:\/\/avatars.slack-edge.com\/2019-07-02\/671777182994_a14924be81a633327b73_48.png",
                "image_72": "https:\/\/avatars.slack-edge.com\/2019-07-02\/671777182994_a14924be81a633327b73_72.png"
            },
            "deleted": false,
            "updated": 1622231340,
            "team_id": "TJE58GTJL"
        },
        "edited": {
            "user": "B023BC3A2UV",
            "ts": "1630594808.000000"
        },
        "attachments": [
            {
                "service_name": "B2B Writing Institute",
                "title": "How to Get Hired in B2B",
                "title_link": "https:\/\/b2bwritinginstitute.podia.com\/96cf692e-9f6a-448d-87a8-6bb7052402ab",
                "text": "Let's Explore Different Business Structures in B2B Marketing and How They Hire and Pay You to Write Background reading: <https:\/\/b2bwritinginstitute.com\/get-paid-to-write\/>",
                "fallback": "B2B Writing Institute: How to Get Hired in B2B",
                "image_url": "https:\/\/d31ezp3r8jwmks.cloudfront.net\/zqeg4xx82etyqdw69672qcqsrlrs",
                "from_url": "https:\/\/b2bwritinginstitute.podia.com\/96cf692e-9f6a-448d-87a8-6bb7052402ab",
                "image_width": 375,
                "image_height": 250,
                "image_bytes": 91766,
                "service_icon": "https:\/\/d31ezp3r8jwmks.cloudfront.net\/xz4vniky97px4wz2aw8cfgb4umwd",
                "id": 1,
                "original_url": "https:\/\/b2bwritinginstitute.podia.com\/96cf692e-9f6a-448d-87a8-6bb7052402ab"
            }
        ],
        "thread_ts": "1630594806.074500",
        "reply_count": 1,
        "reply_users_count": 1,
        "latest_reply": "1631331472.153500",
        "reply_users": [
            "U01RSA9E9D4"
        ],
        "replies": [
            {
                "user": "U01RSA9E9D4",
                "ts": "1631331472.153500"
            }
        ],
        "is_locked": false,
        "subscribed": true,
        "last_read": "1631331472.153500",
        "reactions": [
            {
                "name": "raised_hands",
                "users": [
                    "U020EL92NBZ",
                    "U01J85VRKF1",
                    "U016UC1UQEN",
                    "U015B888266",
                    "U01FXSKB4G7",
                    "U02AR2XSN1M",
                    "U0239S6AVTL",
                    "U01SP0Z5D33",
                    "U027Z9V7EMP",
                    "U01A827PTTM",
                    "U01TPV4F9GT",
                    "U016LHA1BHP",
                    "U01NUND5BC5"
                ],
                "count": 13
            },
            {
                "name": "partyparrot",
                "users": [
                    "U01K0BWEQD6",
                    "UR41NSSLW",
                    "U01PXN2LGAK",
                    "U01FXSKB4G7",
                    "U02DARB19JL",
                    "U020EL92NBZ",
                    "UUJBMNRNF",
                    "U01NUND5BC5",
                    "U01RSA9E9D4"
                ],
                "count": 9
            },
            {
                "name": "+1",
                "users": [
                    "U02CUMG0EG2",
                    "U01NUND5BC5"
                ],
                "count": 2
            }
        ]
    },
    {
        "client_msg_id": "9A68D294-9187-4DA4-9A15-A9A3408E9FE3",
        "type": "message",
        "text": "Hello folks - i can see most of the posts on here are about copywriting opps so hope this isn’t too off the beaten track but I need to find a google analytics \/ data person to help me to get a grip on our numbers \/ set KPIs - just a quick time-bound project. Company is a smallish  ‘online qual’ research business based in the UK so shouldn’t be all that complicated but I’m stretched across all things marketing so need extra hands :raised_hands: Feel free to DM",
        "user": "U02DKVCN6U9",
        "ts": "1630607078.085500",
        "team": "TJE58GTJL",
        "user_team": "TJE58GTJL",
        "source_team": "TJE58GTJL",
        "user_profile": {
            "avatar_hash": "1b2fe4f4caa7",
            "image_72": "https:\/\/avatars.slack-edge.com\/2021-09-02\/2450809644883_1b2fe4f4caa7a2e01c47_72.png",
            "first_name": "Clare",
            "real_name": "Clare Warren",
            "display_name": "Clare",
            "team": "TJE58GTJL",
            "name": "clarew",
            "is_restricted": false,
            "is_ultra_restricted": false
        },
        "blocks": [
            {
                "type": "rich_text",
                "block_id": "=mTfL",
                "elements": [
                    {
                        "type": "rich_text_section",
                        "elements": [
                            {
                                "type": "text",
                                "text": "Hello folks - i can see most of the posts on here are about copywriting opps so hope this isn’t too off the beaten track but I need to find a google analytics \/ data person to help me to get a grip on our numbers \/ set KPIs - just a quick time-bound project. Company is a smallish  ‘online qual’ research business based in the UK so shouldn’t be all that complicated but I’m stretched across all things marketing so need extra hands "
                            },
                            {
                                "type": "emoji",
                                "name": "raised_hands"
                            },
                            {
                                "type": "text",
                                "text": " Feel free to DM"
                            }
                        ]
                    }
                ]
            }
        ],
        "thread_ts": "1630607078.085500",
        "reply_count": 2,
        "reply_users_count": 2,
        "latest_reply": "1630613002.088000",
        "reply_users": [
            "U015B888266",
            "U02DKVCN6U9"
        ],
        "replies": [
            {
                "user": "U015B888266",
                "ts": "1630611758.086300"
            },
            {
                "user": "U02DKVCN6U9",
                "ts": "1630613002.088000"
            }
        ],
        "is_locked": false,
        "subscribed": false
    },
    {
        "client_msg_id": "077BC9A3-BB11-41DA-9F39-C250E03101D8",
        "type": "message",
        "text": "I can help with GA <@U02DKVCN6U9> ",
        "user": "U015B888266",
        "ts": "1630611758.086300",
        "team": "TJE58GTJL",
        "user_team": "TJE58GTJL",
        "source_team": "TJE58GTJL",
        "user_profile": {
            "avatar_hash": "ecf711ec483e",
            "image_72": "https:\/\/avatars.slack-edge.com\/2020-06-16\/1210180122720_ecf711ec483e342dca54_72.jpg",
            "first_name": "Renga",
            "real_name": "Renga Padmanabhan",
            "display_name": "Renga",
            "team": "TJE58GTJL",
            "name": "radhe.varun",
            "is_restricted": false,
            "is_ultra_restricted": false
        },
        "blocks": [
            {
                "type": "rich_text",
                "block_id": "7oVq",
                "elements": [
                    {
                        "type": "rich_text_section",
                        "elements": [
                            {
                                "type": "text",
                                "text": "I can help with GA "
                            },
                            {
                                "type": "user",
                                "user_id": "U02DKVCN6U9"
                            },
                            {
                                "type": "text",
                                "text": " "
                            }
                        ]
                    }
                ]
            }
        ],
        "thread_ts": "1630607078.085500",
        "parent_user_id": "U02DKVCN6U9"
    },
    {
        "client_msg_id": "9F1ADA3C-EC2C-4457-A853-5E4B5C814B4E",
        "type": "message",
        "text": "Hi renga - it’s probably only a couple of hours work but a quick chat should get us to a clearer brief - are you around tomorrow at all? I’m\nBased in the Uk ",
        "user": "U02DKVCN6U9",
        "ts": "1630613002.088000",
        "team": "TJE58GTJL",
        "user_team": "TJE58GTJL",
        "source_team": "TJE58GTJL",
        "user_profile": {
            "avatar_hash": "1b2fe4f4caa7",
            "image_72": "https:\/\/avatars.slack-edge.com\/2021-09-02\/2450809644883_1b2fe4f4caa7a2e01c47_72.png",
            "first_name": "Clare",
            "real_name": "Clare Warren",
            "display_name": "Clare",
            "team": "TJE58GTJL",
            "name": "clarew",
            "is_restricted": false,
            "is_ultra_restricted": false
        },
        "blocks": [
            {
                "type": "rich_text",
                "block_id": "iPi",
                "elements": [
                    {
                        "type": "rich_text_section",
                        "elements": [
                            {
                                "type": "text",
                                "text": "Hi renga - it’s probably only a couple of hours work but a quick chat should get us to a clearer brief - are you around tomorrow at all? I’m\n"
                            },
                            {
                                "type": "text",
                                "text": "Based in the Uk "
                            }
                        ]
                    }
                ]
            }
        ],
        "thread_ts": "1630607078.085500",
        "parent_user_id": "U02DKVCN6U9"
    }
]