[
    {
        "client_msg_id": "c57e762d-a009-49db-ae4e-af745944b239",
        "type": "message",
        "text": "Spotted this one on Twitter — looks to be aimed at UK-based writers, but could be a good shout for anyone in UX… <https:\/\/twitter.com\/hashbridge\/status\/1417073887586754561>",
        "user": "U0231C2LYNM",
        "ts": "1626698264.304100",
        "team": "TJE58GTJL",
        "user_team": "TJE58GTJL",
        "source_team": "TJE58GTJL",
        "user_profile": {
            "avatar_hash": "c1d845bba06d",
            "image_72": "https:\/\/avatars.slack-edge.com\/2021-05-21\/2090873932082_c1d845bba06d288505ec_72.jpg",
            "first_name": "Camille",
            "real_name": "Camille Hogg",
            "display_name": "Cami",
            "team": "TJE58GTJL",
            "name": "camille.l.hogg",
            "is_restricted": false,
            "is_ultra_restricted": false
        },
        "attachments": [
            {
                "fallback": "<https:\/\/twitter.com\/hashbridge|@hashbridge>: On the hunt for a contract writer till the end of 2021! You'll need experience working in tech (ideally fintech) with a cross-functional team on UX things. Inside IR35, rate around £400 per day, open to it being remote. Email <mailto:harryashbridge@monzo.com|harryashbridge@monzo.com> or DM if it's you!",
                "ts": 1626691717,
                "author_name": "Harry Ashbridge",
                "author_link": "https:\/\/twitter.com\/hashbridge\/status\/1417073887586754561",
                "author_icon": "https:\/\/pbs.twimg.com\/profile_images\/979008829827502080\/m0_V6-vG_normal.jpg",
                "author_subname": "@hashbridge",
                "text": "On the hunt for a contract writer till the end of 2021! You'll need experience working in tech (ideally fintech) with a cross-functional team on UX things. Inside IR35, rate around £400 per day, open to it being remote. Email <mailto:harryashbridge@monzo.com|harryashbridge@monzo.com> or DM if it's you!",
                "service_name": "twitter",
                "service_url": "https:\/\/twitter.com\/",
                "from_url": "https:\/\/twitter.com\/hashbridge\/status\/1417073887586754561",
                "id": 1,
                "original_url": "https:\/\/twitter.com\/hashbridge\/status\/1417073887586754561",
                "footer": "Twitter",
                "footer_icon": "https:\/\/a.slack-edge.com\/80588\/img\/services\/twitter_pixel_snapped_32.png"
            }
        ],
        "blocks": [
            {
                "type": "rich_text",
                "block_id": "QzWNW",
                "elements": [
                    {
                        "type": "rich_text_section",
                        "elements": [
                            {
                                "type": "text",
                                "text": "Spotted this one on Twitter — looks to be aimed at UK-based writers, but could be a good shout for anyone in UX… "
                            },
                            {
                                "type": "link",
                                "url": "https:\/\/twitter.com\/hashbridge\/status\/1417073887586754561"
                            }
                        ]
                    }
                ]
            }
        ],
        "reactions": [
            {
                "name": "heart",
                "users": [
                    "U020EL92NBZ",
                    "U01J84U3SQ6"
                ],
                "count": 2
            }
        ]
    }
]