[
    {
        "client_msg_id": "9747fa92-51bc-4ba8-923b-5a023306f4b3",
        "type": "message",
        "text": "Yep, I find wise is a good way to go.",
        "user": "U01RSA9E9D4",
        "ts": "1634859884.001400",
        "team": "TJE58GTJL",
        "user_team": "TJE58GTJL",
        "source_team": "TJE58GTJL",
        "user_profile": {
            "avatar_hash": "gfbc217f6e1b",
            "image_72": "https:\/\/secure.gravatar.com\/avatar\/fbc217f6e1b233bf10c4247333c118e2.jpg?s=72&d=https%3A%2F%2Fa.slack-edge.com%2Fdf10d%2Fimg%2Favatars%2Fava_0013-72.png",
            "first_name": "Anfernee",
            "real_name": "Anfernee Chansamooth",
            "display_name": "Anf Chansamooth",
            "team": "TJE58GTJL",
            "name": "anf",
            "is_restricted": false,
            "is_ultra_restricted": false
        },
        "blocks": [
            {
                "type": "rich_text",
                "block_id": "uCNuD",
                "elements": [
                    {
                        "type": "rich_text_section",
                        "elements": [
                            {
                                "type": "text",
                                "text": "Yep, I find wise is a good way to go."
                            }
                        ]
                    }
                ]
            }
        ],
        "thread_ts": "1631745432.200500",
        "parent_user_id": "U02AR2XSN1M"
    },
    {
        "client_msg_id": "24F01054-1CD8-4C9E-98D9-FA91A91860BD",
        "type": "message",
        "text": "I’m looking for a technical copyeditor help ! Can I use your services? ",
        "user": "U02GJN3BYCB",
        "ts": "1634880793.002300",
        "team": "TJE58GTJL",
        "user_team": "TJE58GTJL",
        "source_team": "TJE58GTJL",
        "user_profile": {
            "avatar_hash": "7a2eee0119df",
            "image_72": "https:\/\/avatars.slack-edge.com\/2021-10-04\/2562944972291_7a2eee0119df3cd0c7a1_72.jpg",
            "first_name": "Roy",
            "real_name": "Roy Naar",
            "display_name": "Roy Naar",
            "team": "TJE58GTJL",
            "name": "roy290",
            "is_restricted": false,
            "is_ultra_restricted": false
        },
        "blocks": [
            {
                "type": "rich_text",
                "block_id": "cR2yj",
                "elements": [
                    {
                        "type": "rich_text_section",
                        "elements": [
                            {
                                "type": "text",
                                "text": "I’m looking for a technical copyeditor help ! Can I use your services? "
                            }
                        ]
                    }
                ]
            }
        ],
        "thread_ts": "1634756304.424500",
        "parent_user_id": "U02625MJG3W"
    }
]