[
    {
        "client_msg_id": "db06e9e4-cc56-4142-b6e1-d4d6e320296c",
        "type": "message",
        "text": "Does anyone here have experience in designing ad creatives? Looking to outsource this job as a project :slightly_smiling_face:",
        "user": "U02NK9ZJSGY",
        "ts": "1638755068.342000",
        "team": "TJE58GTJL",
        "user_team": "TJE58GTJL",
        "source_team": "TJE58GTJL",
        "user_profile": {
            "avatar_hash": "29c1c81737c7",
            "image_72": "https:\/\/avatars.slack-edge.com\/2021-11-18\/2746449769972_29c1c81737c779d70d7b_72.jpg",
            "first_name": "Eden",
            "real_name": "Eden Hansing",
            "display_name": "Eden Hansing",
            "team": "TJE58GTJL",
            "name": "edenhansing",
            "is_restricted": false,
            "is_ultra_restricted": false
        },
        "blocks": [
            {
                "type": "rich_text",
                "block_id": "7gO",
                "elements": [
                    {
                        "type": "rich_text_section",
                        "elements": [
                            {
                                "type": "text",
                                "text": "Does anyone here have experience in designing ad creatives? Looking to outsource this job as a project "
                            },
                            {
                                "type": "emoji",
                                "name": "slightly_smiling_face"
                            }
                        ]
                    }
                ]
            }
        ],
        "thread_ts": "1638755068.342000",
        "reply_count": 3,
        "reply_users_count": 3,
        "latest_reply": "1638773855.343000",
        "reply_users": [
            "U012GHRAHDK",
            "U02HD0L8HAP",
            "U02DYMPDNS0"
        ],
        "replies": [
            {
                "user": "U012GHRAHDK",
                "ts": "1638757458.342100"
            },
            {
                "user": "U02HD0L8HAP",
                "ts": "1638769442.342400"
            },
            {
                "user": "U02DYMPDNS0",
                "ts": "1638773855.343000"
            }
        ],
        "is_locked": false,
        "subscribed": false
    },
    {
        "client_msg_id": "60a8914d-3e0e-43ba-aa40-1115a6152f07",
        "type": "message",
        "text": "<https:\/\/konstantkreative.com\/|https:\/\/konstantkreative.com\/> &gt;&gt; for ecommerce\/b2c projects.",
        "user": "U012GHRAHDK",
        "ts": "1638757458.342100",
        "team": "TJE58GTJL",
        "user_team": "TJE58GTJL",
        "source_team": "TJE58GTJL",
        "user_profile": {
            "avatar_hash": "8ba0c4534568",
            "image_72": "https:\/\/avatars.slack-edge.com\/2022-04-12\/3401585222352_8ba0c45345680ce088ab_72.jpg",
            "first_name": "Deb",
            "real_name": "Deb Mukherjee",
            "display_name": "Deb Mukherjee",
            "team": "TJE58GTJL",
            "name": "debdut94",
            "is_restricted": false,
            "is_ultra_restricted": false
        },
        "attachments": [
            {
                "from_url": "https:\/\/konstantkreative.com\/",
                "title": "Konstant Kreative – We Develop Your Performance Creative For Your Brand",
                "title_link": "https:\/\/konstantkreative.com\/",
                "text": "We Develop Your Performance Creative For You Work with the best designers - no strings attached. Video Work Graphic Work Old Way Other Design Firms New Way Designs with Konstant Kreative We design creative for one purpose.Conversion. Here’s why Konstant Kreative is different from the rest Multiple Requests With up to 6 final images in…",
                "fallback": "Konstant Kreative – We Develop Your Performance Creative For Your Brand",
                "service_icon": "https:\/\/konstantkreative.com\/wp-content\/uploads\/2021\/04\/favicon.png",
                "service_name": "konstantkreative.com",
                "id": 1,
                "original_url": "https:\/\/konstantkreative.com\/"
            }
        ],
        "blocks": [
            {
                "type": "rich_text",
                "block_id": "vx0",
                "elements": [
                    {
                        "type": "rich_text_section",
                        "elements": [
                            {
                                "type": "link",
                                "url": "https:\/\/konstantkreative.com\/",
                                "text": "https:\/\/konstantkreative.com\/"
                            },
                            {
                                "type": "text",
                                "text": " >> for ecommerce\/b2c projects."
                            }
                        ]
                    }
                ]
            }
        ],
        "thread_ts": "1638755068.342000",
        "parent_user_id": "U02NK9ZJSGY"
    },
    {
        "client_msg_id": "66a30536-1bac-4e0c-aea6-d768d0e34c0f",
        "type": "message",
        "text": "<https:\/\/www.behance.net\/gallery\/116738781\/Portfolio> I personally recommend him for this <@U02NK9ZJSGY>",
        "user": "U02HD0L8HAP",
        "ts": "1638769442.342400",
        "team": "TJE58GTJL",
        "user_team": "TJE58GTJL",
        "source_team": "TJE58GTJL",
        "user_profile": {
            "avatar_hash": "675c42a91f65",
            "image_72": "https:\/\/avatars.slack-edge.com\/2022-01-10\/2928364816754_675c42a91f6571f4ac6b_72.jpg",
            "first_name": "Aanchal",
            "real_name": "Aanchal Parmar",
            "display_name": "Aanchal Parmar",
            "team": "TJE58GTJL",
            "name": "aanywrites",
            "is_restricted": false,
            "is_ultra_restricted": false
        },
        "attachments": [
            {
                "from_url": "https:\/\/www.behance.net\/gallery\/116738781\/Portfolio",
                "service_name": "Behance",
                "title": "Portfolio",
                "title_link": "https:\/\/www.behance.net\/gallery\/116738781\/Portfolio",
                "text": "Portfolio",
                "image_url": "https:\/\/mir-s3-cdn-cf.behance.net\/project_modules\/1400\/bb2bd4116738781.6068172cbd676.jpg",
                "image_width": 444,
                "image_height": 250,
                "image_bytes": 296877,
                "fallback": "Behance: Portfolio",
                "service_icon": "https:\/\/a5.behance.net\/9aacec05e2b47d3277a16f292d746cc8ddcd6098\/img\/site\/apple-touch-icon.png?cb=264615658",
                "id": 1,
                "original_url": "https:\/\/www.behance.net\/gallery\/116738781\/Portfolio"
            }
        ],
        "blocks": [
            {
                "type": "rich_text",
                "block_id": "7Sorf",
                "elements": [
                    {
                        "type": "rich_text_section",
                        "elements": [
                            {
                                "type": "link",
                                "url": "https:\/\/www.behance.net\/gallery\/116738781\/Portfolio"
                            },
                            {
                                "type": "text",
                                "text": " I personally recommend him for this "
                            },
                            {
                                "type": "user",
                                "user_id": "U02NK9ZJSGY"
                            }
                        ]
                    }
                ]
            }
        ],
        "thread_ts": "1638755068.342000",
        "parent_user_id": "U02NK9ZJSGY"
    },
    {
        "client_msg_id": "0A9BEF5D-762F-4BD4-B82F-76EDA70D9529",
        "type": "message",
        "text": "I recommend <https:\/\/www.behance.net\/grawphics|https:\/\/www.behance.net\/grawphics>\n\n<https:\/\/instagram.com\/graw.phics?utm_medium=copy_link|https:\/\/instagram.com\/graw.phics?utm_medium=copy_link>\n\nHe’s pretty great at it!",
        "user": "U02DYMPDNS0",
        "ts": "1638773855.343000",
        "team": "TJE58GTJL",
        "user_team": "TJE58GTJL",
        "source_team": "TJE58GTJL",
        "user_profile": {
            "avatar_hash": "a9966a823181",
            "image_72": "https:\/\/avatars.slack-edge.com\/2021-09-08\/2493084355616_a9966a8231812bc7dc38_72.jpg",
            "first_name": "Komal",
            "real_name": "Komal Ahuja",
            "display_name": "Komal Ahuja",
            "team": "TJE58GTJL",
            "name": "komal.ahuja7372",
            "is_restricted": false,
            "is_ultra_restricted": false
        },
        "attachments": [
            {
                "from_url": "https:\/\/www.behance.net\/grawphics",
                "service_name": "Behance",
                "title": "Gaurav Rawat on Behance",
                "title_link": "https:\/\/www.behance.net\/grawphics",
                "text": "Gaurav Rawat on Behance",
                "image_url": "https:\/\/mir-s3-cdn-cf.behance.net\/project_modules\/1400\/d3659c128755547.615cc1495f502.jpg",
                "image_width": 259,
                "image_height": 250,
                "image_bytes": 252103,
                "fallback": "Behance: Gaurav Rawat on Behance",
                "service_icon": "https:\/\/a5.behance.net\/9aacec05e2b47d3277a16f292d746cc8ddcd6098\/img\/site\/apple-touch-icon.png?cb=264615658",
                "id": 1,
                "original_url": "https:\/\/www.behance.net\/grawphics"
            }
        ],
        "blocks": [
            {
                "type": "rich_text",
                "block_id": "cfxh",
                "elements": [
                    {
                        "type": "rich_text_section",
                        "elements": [
                            {
                                "type": "text",
                                "text": "I recommend "
                            },
                            {
                                "type": "link",
                                "url": "https:\/\/www.behance.net\/grawphics",
                                "text": "https:\/\/www.behance.net\/grawphics"
                            },
                            {
                                "type": "text",
                                "text": "\n\n"
                            },
                            {
                                "type": "link",
                                "url": "https:\/\/instagram.com\/graw.phics?utm_medium=copy_link",
                                "text": "https:\/\/instagram.com\/graw.phics?utm_medium=copy_link"
                            },
                            {
                                "type": "text",
                                "text": "\n\nHe’s pretty great at it!"
                            }
                        ]
                    }
                ]
            }
        ],
        "thread_ts": "1638755068.342000",
        "parent_user_id": "U02NK9ZJSGY"
    }
]