[
    {
        "client_msg_id": "4e0b4063-7341-4e06-b498-9197f763ee58",
        "type": "message",
        "text": "Hey all, I have a client who's looking for a designer or anyone who could format a white paper and add some images\/caricatures. Anyone on here who can help or knows someone?",
        "user": "U01MW6DPU72",
        "ts": "1631542625.165900",
        "team": "TJE58GTJL",
        "user_team": "TJE58GTJL",
        "source_team": "TJE58GTJL",
        "user_profile": {
            "avatar_hash": "g2ab21f412c3",
            "image_72": "https:\/\/secure.gravatar.com\/avatar\/2ab21f412c3215ee2b3c2994772c589e.jpg?s=72&d=https%3A%2F%2Fa.slack-edge.com%2Fdf10d%2Fimg%2Favatars%2Fava_0024-72.png",
            "first_name": "Araminta",
            "real_name": "Araminta Robertson",
            "display_name": "Araminta Robertson",
            "team": "TJE58GTJL",
            "name": "robertsona98",
            "is_restricted": false,
            "is_ultra_restricted": false
        },
        "blocks": [
            {
                "type": "rich_text",
                "block_id": "mpz",
                "elements": [
                    {
                        "type": "rich_text_section",
                        "elements": [
                            {
                                "type": "text",
                                "text": "Hey all, I have a client who's looking for a designer or anyone who could format a white paper and add some images\/caricatures. Anyone on here who can help or knows someone?"
                            }
                        ]
                    }
                ]
            }
        ],
        "thread_ts": "1631542625.165900",
        "reply_count": 3,
        "reply_users_count": 3,
        "latest_reply": "1631560894.173300",
        "reply_users": [
            "U02CJ6BH6DT",
            "U02CRLX23J9",
            "U02BUCR0FLH"
        ],
        "replies": [
            {
                "user": "U02CJ6BH6DT",
                "ts": "1631548351.169800"
            },
            {
                "user": "U02CRLX23J9",
                "ts": "1631552122.171200"
            },
            {
                "user": "U02BUCR0FLH",
                "ts": "1631560894.173300"
            }
        ],
        "is_locked": false,
        "subscribed": false
    },
    {
        "client_msg_id": "d7e3d2d3-c612-4df1-b832-7c9d75f5d507",
        "type": "message",
        "text": "Hiiii fellow freelancers! :wave:  Knowing what other freelancers charge helped me demand higher rates and benchmark mine to theirs. But I've been digging around for relevant freelance rates data and I can't seem to find anything accurate or from this century.\n\nI'm collecting some data on what *real* freelancers actually charge. It's all anonymous; data will be collected and published on our blog. Could you help by either *&lt;<https:\/\/forms.gle\/Gfg9t9jCa8rYHMzG7%7Ccompleting> this &lt;5 min survey&gt;* if you freelance write in some capacity, or <https:\/\/twitter.com\/elisedopson\/status\/1437414397018886149|RT this tweet> to help us reach people who do? :pray:",
        "user": "UJHMVAE3G",
        "ts": "1631547360.169500",
        "team": "TJE58GTJL",
        "user_team": "TJE58GTJL",
        "source_team": "TJE58GTJL",
        "user_profile": {
            "avatar_hash": "g1b669baf54d",
            "image_72": "https:\/\/secure.gravatar.com\/avatar\/cb1b669baf54d184a6138c7f4607efc3.jpg?s=72&d=https%3A%2F%2Fa.slack-edge.com%2Fdf10d%2Fimg%2Favatars%2Fava_0013-72.png",
            "first_name": "Elise",
            "real_name": "Elise Dopson",
            "display_name": "",
            "team": "TJE58GTJL",
            "name": "elise",
            "is_restricted": false,
            "is_ultra_restricted": false
        },
        "blocks": [
            {
                "type": "rich_text",
                "block_id": "7tPJ",
                "elements": [
                    {
                        "type": "rich_text_section",
                        "elements": [
                            {
                                "type": "text",
                                "text": "Hiiii fellow freelancers! "
                            },
                            {
                                "type": "emoji",
                                "name": "wave"
                            },
                            {
                                "type": "text",
                                "text": "  Knowing what other freelancers charge helped me demand higher rates and benchmark mine to theirs. But I've been digging around for relevant freelance rates data and I can't seem to find anything accurate or from this century.\n\nI'm collecting some data on what "
                            },
                            {
                                "type": "text",
                                "text": "real",
                                "style": {
                                    "bold": true
                                }
                            },
                            {
                                "type": "text",
                                "text": " freelancers actually charge. It's all anonymous; data will be collected and published on our blog. Could you help by either "
                            },
                            {
                                "type": "link",
                                "url": "https:\/\/forms.gle\/Gfg9t9jCa8rYHMzG7",
                                "text": "completing this <5 min survey",
                                "style": {
                                    "bold": true
                                }
                            },
                            {
                                "type": "text",
                                "text": " if you freelance write in some capacity, or "
                            },
                            {
                                "type": "link",
                                "url": "https:\/\/twitter.com\/elisedopson\/status\/1437414397018886149",
                                "text": "RT this tweet"
                            },
                            {
                                "type": "text",
                                "text": " to help us reach people who do? "
                            },
                            {
                                "type": "emoji",
                                "name": "pray"
                            }
                        ]
                    }
                ]
            }
        ],
        "thread_ts": "1631547360.169500",
        "reply_count": 4,
        "reply_users_count": 4,
        "latest_reply": "1631980564.216800",
        "reply_users": [
            "U01RSA9E9D4",
            "UJHMVAE3G",
            "U02DQ4MB30E",
            "U02AUQ0PUR2"
        ],
        "replies": [
            {
                "user": "U01RSA9E9D4",
                "ts": "1631608474.175000"
            },
            {
                "user": "UJHMVAE3G",
                "ts": "1631695320.187400"
            },
            {
                "user": "U02DQ4MB30E",
                "ts": "1631714348.188200"
            },
            {
                "user": "U02AUQ0PUR2",
                "ts": "1631980564.216800"
            }
        ],
        "is_locked": false,
        "subscribed": false,
        "reactions": [
            {
                "name": "partyparrot",
                "users": [
                    "UN227ML2H",
                    "UPYKSAGBC",
                    "U02AR2XSN1M",
                    "U01J84U3SQ6",
                    "U02GZ08AT62"
                ],
                "count": 5
            }
        ]
    },
    {
        "client_msg_id": "1641a347-d65d-4cdb-b5ed-14714bac62fd",
        "type": "message",
        "text": "Hi Araminta! Several of my freelance designers have this skillset. :slightly_smiling_face: Anything we can help with? Feel free to PM.",
        "user": "U02CJ6BH6DT",
        "ts": "1631548351.169800",
        "team": "TJE58GTJL",
        "user_team": "TJE58GTJL",
        "source_team": "TJE58GTJL",
        "user_profile": {
            "avatar_hash": "c82f8ffb5ff9",
            "image_72": "https:\/\/avatars.slack-edge.com\/2021-09-03\/2452957819091_c82f8ffb5ff90196dcdd_72.jpg",
            "first_name": "Erin",
            "real_name": "Erin Jödecke",
            "display_name": "Erin Jödecke",
            "team": "TJE58GTJL",
            "name": "erin",
            "is_restricted": false,
            "is_ultra_restricted": false
        },
        "edited": {
            "user": "U02CJ6BH6DT",
            "ts": "1631548366.000000"
        },
        "blocks": [
            {
                "type": "rich_text",
                "block_id": "u+6B",
                "elements": [
                    {
                        "type": "rich_text_section",
                        "elements": [
                            {
                                "type": "text",
                                "text": "Hi Araminta! Several of my freelance designers have this skillset. "
                            },
                            {
                                "type": "emoji",
                                "name": "slightly_smiling_face"
                            },
                            {
                                "type": "text",
                                "text": " Anything we can help with? Feel free to PM."
                            }
                        ]
                    }
                ]
            }
        ],
        "thread_ts": "1631542625.165900",
        "parent_user_id": "U01MW6DPU72"
    },
    {
        "client_msg_id": "444f6062-2395-4f66-a76f-9c7c2a214fc9",
        "type": "message",
        "text": "Any US-based freelancers with sole proprietorships out there who love their accountant? Looking for someone who can help me file quarterly estimates. TIA!",
        "user": "U01FUP6AMEZ",
        "ts": "1631551381.171100",
        "team": "TJE58GTJL",
        "user_team": "TJE58GTJL",
        "source_team": "TJE58GTJL",
        "user_profile": {
            "avatar_hash": "128762c3ea3f",
            "image_72": "https:\/\/avatars.slack-edge.com\/2020-12-01\/1527137254583_128762c3ea3f3d65d19b_72.jpg",
            "first_name": "Joanna",
            "real_name": "Joanna Rutter",
            "display_name": "Joanna Rutter",
            "team": "TJE58GTJL",
            "name": "rutterjoanna",
            "is_restricted": false,
            "is_ultra_restricted": false
        },
        "blocks": [
            {
                "type": "rich_text",
                "block_id": "ahp",
                "elements": [
                    {
                        "type": "rich_text_section",
                        "elements": [
                            {
                                "type": "text",
                                "text": "Any US-based freelancers with sole proprietorships out there who love their accountant? Looking for someone who can help me file quarterly estimates. TIA!"
                            }
                        ]
                    }
                ]
            }
        ],
        "thread_ts": "1631551381.171100",
        "reply_count": 3,
        "reply_users_count": 3,
        "latest_reply": "1631732048.196200",
        "reply_users": [
            "U01PXN2LGAK",
            "UUJBMNRNF",
            "U01P833NGUT"
        ],
        "replies": [
            {
                "user": "U01PXN2LGAK",
                "ts": "1631583815.174200"
            },
            {
                "user": "UUJBMNRNF",
                "ts": "1631629961.177400"
            },
            {
                "user": "U01P833NGUT",
                "ts": "1631732048.196200"
            }
        ],
        "is_locked": false,
        "subscribed": false
    },
    {
        "client_msg_id": "d999a881-81ad-4bb5-8ce9-eb837e5d2b42",
        "type": "message",
        "text": "Hey <@U01MW6DPU72> I have a designer in my team. Let me know if you need to discuss further.",
        "user": "U02CRLX23J9",
        "ts": "1631552122.171200",
        "team": "TJE58GTJL",
        "user_team": "TJE58GTJL",
        "source_team": "TJE58GTJL",
        "user_profile": {
            "avatar_hash": "g267b90b44e2",
            "image_72": "https:\/\/secure.gravatar.com\/avatar\/267b90b44e2c05fa579122c35bc6accb.jpg?s=72&d=https%3A%2F%2Fa.slack-edge.com%2Fdf10d%2Fimg%2Favatars%2Fava_0017-72.png",
            "first_name": "Chaitanya",
            "real_name": "Chaitanya Patel",
            "display_name": "",
            "team": "TJE58GTJL",
            "name": "hello220",
            "is_restricted": false,
            "is_ultra_restricted": false
        },
        "blocks": [
            {
                "type": "rich_text",
                "block_id": "oAm2",
                "elements": [
                    {
                        "type": "rich_text_section",
                        "elements": [
                            {
                                "type": "text",
                                "text": "Hey "
                            },
                            {
                                "type": "user",
                                "user_id": "U01MW6DPU72"
                            },
                            {
                                "type": "text",
                                "text": " I have a designer in my team. Let me know if you need to discuss further."
                            }
                        ]
                    }
                ]
            }
        ],
        "thread_ts": "1631542625.165900",
        "parent_user_id": "U01MW6DPU72"
    },
    {
        "client_msg_id": "6383c5e7-b3ad-4120-9ffb-49510c3f7bb5",
        "type": "message",
        "text": "hello freelance friends - i'm doing some customer research for a new superpath product. would love to chat with 2-3 full-time freelancers. shoot me a message if you'd be willing to let me pick your brain for 20-30 min :slightly_smiling_face:",
        "user": "UJG9WTEKG",
        "ts": "1631553988.172100",
        "team": "TJE58GTJL",
        "user_team": "TJE58GTJL",
        "source_team": "TJE58GTJL",
        "user_profile": {
            "avatar_hash": "gc25b94e6ebf",
            "image_72": "https:\/\/secure.gravatar.com\/avatar\/eec25b94e6ebf55f0b7933372344cd09.jpg?s=72&d=https%3A%2F%2Fa.slack-edge.com%2Fdf10d%2Fimg%2Favatars%2Fava_0001-72.png",
            "first_name": "Jimmy",
            "real_name": "Jimmy Daly",
            "display_name": "",
            "team": "TJE58GTJL",
            "name": "runjimdaly",
            "is_restricted": false,
            "is_ultra_restricted": false
        },
        "blocks": [
            {
                "type": "rich_text",
                "block_id": "ISC",
                "elements": [
                    {
                        "type": "rich_text_section",
                        "elements": [
                            {
                                "type": "text",
                                "text": "hello freelance friends - i'm doing some customer research for a new superpath product. would love to chat with 2-3 full-time freelancers. shoot me a message if you'd be willing to let me pick your brain for 20-30 min "
                            },
                            {
                                "type": "emoji",
                                "name": "slightly_smiling_face"
                            }
                        ]
                    }
                ]
            }
        ],
        "thread_ts": "1631553988.172100",
        "reply_count": 3,
        "reply_users_count": 2,
        "latest_reply": "1631721841.191300",
        "reply_users": [
            "U025VFYU4AC",
            "UJG9WTEKG"
        ],
        "replies": [
            {
                "user": "U025VFYU4AC",
                "ts": "1631716043.190100"
            },
            {
                "user": "UJG9WTEKG",
                "ts": "1631719405.190900"
            },
            {
                "user": "U025VFYU4AC",
                "ts": "1631721841.191300"
            }
        ],
        "is_locked": false,
        "subscribed": true,
        "last_read": "1631721841.191300"
    },
    {
        "client_msg_id": "03a2423b-763a-4483-bd92-b8b9758bcb1f",
        "type": "message",
        "text": "One more vote for informally gathering the info you need to do your job, FWIW.",
        "user": "U025F7S10KH",
        "ts": "1631554484.172200",
        "team": "TJE58GTJL",
        "user_team": "TJE58GTJL",
        "source_team": "TJE58GTJL",
        "user_profile": {
            "avatar_hash": "g9c3adc194c0",
            "image_72": "https:\/\/secure.gravatar.com\/avatar\/9c3adc194c06a216a508a3b38a40f0cd.jpg?s=72&d=https%3A%2F%2Fa.slack-edge.com%2Fdf10d%2Fimg%2Favatars%2Fava_0022-72.png",
            "first_name": "",
            "real_name": "David Wilkins",
            "display_name": "David Wilkins",
            "team": "TJE58GTJL",
            "name": "wilkinsdavid48",
            "is_restricted": false,
            "is_ultra_restricted": false
        },
        "blocks": [
            {
                "type": "rich_text",
                "block_id": "BhUjQ",
                "elements": [
                    {
                        "type": "rich_text_section",
                        "elements": [
                            {
                                "type": "text",
                                "text": "One more vote for informally gathering the info you need to do your job, FWIW."
                            }
                        ]
                    }
                ]
            }
        ],
        "thread_ts": "1631395673.160100",
        "parent_user_id": "U02CVNB3X1T"
    },
    {
        "client_msg_id": "b691f2c4-4794-4070-a442-bdea66b0ef78",
        "type": "message",
        "text": "<@U02CVNB3X1T> the only time I created a big ole questionnaire was when I was testing a service that was designed to be semi automated.\n\nAs in, people would answer ~20 qs, and based on the answers some backend excel functions would do some math and spit out a digital SWOT of sorts. I'd use that output to build upon a template, and churn out a fairly meaty deck in a shorter time than it'd take to spin up from scratch.\n\nEven with all that, part of the process still involved the informal chat so as to fill in gaps and make sure the robots didn't deliver something super tonedeaf.\n\nSounds like the analytics person was maybe projecting their analytical mind onto the often subjective world of creative :wink:",
        "user": "U01AHL8AGBB",
        "ts": "1631556572.172400",
        "team": "TJE58GTJL",
        "user_team": "TJE58GTJL",
        "source_team": "TJE58GTJL",
        "user_profile": {
            "avatar_hash": "09eb34255d46",
            "image_72": "https:\/\/avatars.slack-edge.com\/2020-09-07\/1347887170866_09eb34255d4678a00ddc_72.png",
            "first_name": "Jordy",
            "real_name": "Jordy Fujiwara",
            "display_name": "Jordy",
            "team": "TJE58GTJL",
            "name": "jordy.fujiwara",
            "is_restricted": false,
            "is_ultra_restricted": false
        },
        "blocks": [
            {
                "type": "rich_text",
                "block_id": "Df\/HV",
                "elements": [
                    {
                        "type": "rich_text_section",
                        "elements": [
                            {
                                "type": "user",
                                "user_id": "U02CVNB3X1T"
                            },
                            {
                                "type": "text",
                                "text": " the only time I created a big ole questionnaire was when I was testing a service that was designed to be semi automated.\n\nAs in, people would answer ~20 qs, and based on the answers some backend excel functions would do some math and spit out a digital SWOT of sorts. I'd use that output to build upon a template, and churn out a fairly meaty deck in a shorter time than it'd take to spin up from scratch.\n\nEven with all that, part of the process still involved the informal chat so as to fill in gaps and make sure the robots didn't deliver something super tonedeaf.\n\nSounds like the analytics person was maybe projecting their analytical mind onto the often subjective world of creative "
                            },
                            {
                                "type": "emoji",
                                "name": "wink"
                            }
                        ]
                    }
                ]
            }
        ],
        "thread_ts": "1631395673.160100",
        "parent_user_id": "U02CVNB3X1T"
    },
    {
        "client_msg_id": "42b2013c-d3c7-466f-93bc-6e73cf5935f8",
        "type": "message",
        "text": "As a counterpoint though.... I have worked with some very experienced and senior creative freelancers that do have a briefing process that is something like 10 pages of specific questions. And they demand that the client fill as many out as possible. The info then gets mixed into a proposal or brief.\n\nBut these projects tended to be big. Like, full overhaul of the website tech and whatnot.\n\nSo maybe your analytical person is used to working with agencies or copywriters that come attached to larger processes.",
        "user": "U01AHL8AGBB",
        "ts": "1631556714.172600",
        "team": "TJE58GTJL",
        "user_team": "TJE58GTJL",
        "source_team": "TJE58GTJL",
        "user_profile": {
            "avatar_hash": "09eb34255d46",
            "image_72": "https:\/\/avatars.slack-edge.com\/2020-09-07\/1347887170866_09eb34255d4678a00ddc_72.png",
            "first_name": "Jordy",
            "real_name": "Jordy Fujiwara",
            "display_name": "Jordy",
            "team": "TJE58GTJL",
            "name": "jordy.fujiwara",
            "is_restricted": false,
            "is_ultra_restricted": false
        },
        "blocks": [
            {
                "type": "rich_text",
                "block_id": "WgoDq",
                "elements": [
                    {
                        "type": "rich_text_section",
                        "elements": [
                            {
                                "type": "text",
                                "text": "As a counterpoint though.... I have worked with some very experienced and senior creative freelancers that do have a briefing process that is something like 10 pages of specific questions. And they demand that the client fill as many out as possible. The info then gets mixed into a proposal or brief.\n\nBut these projects tended to be big. Like, full overhaul of the website tech and whatnot.\n\nSo maybe your analytical person is used to working with agencies or copywriters that come attached to larger processes."
                            }
                        ]
                    }
                ]
            }
        ],
        "thread_ts": "1631395673.160100",
        "parent_user_id": "U02CVNB3X1T"
    },
    {
        "client_msg_id": "85990DCD-E994-4F4B-8733-3DC3BC746248",
        "type": "message",
        "text": "My sister could do this! Find her at lgf.design ",
        "user": "U02BUCR0FLH",
        "ts": "1631560894.173300",
        "team": "TJE58GTJL",
        "user_team": "TJE58GTJL",
        "source_team": "TJE58GTJL",
        "user_profile": {
            "avatar_hash": "d377d93dfca6",
            "image_72": "https:\/\/avatars.slack-edge.com\/2021-08-17\/2396018072228_d377d93dfca667c23b12_72.png",
            "first_name": "Allison",
            "real_name": "Allison G-F",
            "display_name": "",
            "team": "TJE58GTJL",
            "name": "aggfunes",
            "is_restricted": false,
            "is_ultra_restricted": false
        },
        "blocks": [
            {
                "type": "rich_text",
                "block_id": "B3Ht",
                "elements": [
                    {
                        "type": "rich_text_section",
                        "elements": [
                            {
                                "type": "text",
                                "text": "My sister could do this! Find her at lgf.design "
                            }
                        ]
                    }
                ]
            }
        ],
        "thread_ts": "1631542625.165900",
        "parent_user_id": "U01MW6DPU72"
    },
    {
        "client_msg_id": "26932ED9-2BE3-4323-80CF-B94967EC15A7",
        "type": "message",
        "text": "Kindly check your dm",
        "user": "U027KKWUY12",
        "ts": "1631564146.173700",
        "team": "TJE58GTJL",
        "user_team": "TJE58GTJL",
        "source_team": "TJE58GTJL",
        "user_profile": {
            "avatar_hash": "f2176ca29ce5",
            "image_72": "https:\/\/avatars.slack-edge.com\/2021-07-14\/2268394227302_f2176ca29ce5a159a5bb_72.png",
            "first_name": "Lapite",
            "real_name": "Lapite Olamide",
            "display_name": "Olamide",
            "team": "TJE58GTJL",
            "name": "lapite3",
            "is_restricted": false,
            "is_ultra_restricted": false
        },
        "blocks": [
            {
                "type": "rich_text",
                "block_id": "MDGeY",
                "elements": [
                    {
                        "type": "rich_text_section",
                        "elements": [
                            {
                                "type": "text",
                                "text": "Kindly check your dm"
                            }
                        ]
                    }
                ]
            }
        ],
        "thread_ts": "1631509457.165100",
        "parent_user_id": "U0289MBA1SR"
    },
    {
        "client_msg_id": "6E781C88-D9A3-46A5-99E6-E5683F44AD8B",
        "type": "message",
        "text": "<https:\/\/jwellscfo.com|https:\/\/jwellscfo.com>",
        "user": "U01PXN2LGAK",
        "ts": "1631583815.174200",
        "team": "TJE58GTJL",
        "user_team": "TJE58GTJL",
        "source_team": "TJE58GTJL",
        "user_profile": {
            "avatar_hash": "d8f5ac3cc9e1",
            "image_72": "https:\/\/avatars.slack-edge.com\/2022-04-15\/3395402924837_d8f5ac3cc9e1fe635001_72.png",
            "first_name": "Carmela",
            "real_name": "Carmela Montenegro",
            "display_name": "Carmela Montenegro",
            "team": "TJE58GTJL",
            "name": "carmela",
            "is_restricted": false,
            "is_ultra_restricted": false
        },
        "attachments": [
            {
                "service_name": "JWellsCFO",
                "title": "JWellsCFO | CFO for Online Entrepreneurs",
                "title_link": "https:\/\/jwellscfo.com\/",
                "text": "From solopreneurs to CEOs, I support online businesses as a trusted financial and tax advisor.",
                "fallback": "JWellsCFO: JWellsCFO | CFO for Online Entrepreneurs",
                "thumb_url": "http:\/\/static1.squarespace.com\/static\/5ef495ff26966f0f0ae43f2f\/t\/5efe2e0afc0b1550d2d8f24f\/1612107972378\/favicon.png?format=1500w",
                "from_url": "https:\/\/jwellscfo.com\/",
                "thumb_width": 1400,
                "thumb_height": 1601,
                "service_icon": "https:\/\/images.squarespace-cdn.com\/content\/v1\/5ef495ff26966f0f0ae43f2f\/1593780730377-ZXNM7VH9VYVFYZL1OA8E\/favicon.ico?format=100w",
                "id": 1,
                "original_url": "https:\/\/jwellscfo.com"
            }
        ],
        "blocks": [
            {
                "type": "rich_text",
                "block_id": "NYSqN",
                "elements": [
                    {
                        "type": "rich_text_section",
                        "elements": [
                            {
                                "type": "link",
                                "url": "https:\/\/jwellscfo.com",
                                "text": "https:\/\/jwellscfo.com"
                            }
                        ]
                    }
                ]
            }
        ],
        "thread_ts": "1631551381.171100",
        "parent_user_id": "U01FUP6AMEZ",
        "reactions": [
            {
                "name": "raised_hands",
                "users": [
                    "U01FUP6AMEZ"
                ],
                "count": 1
            }
        ]
    }
]