[
    {
        "client_msg_id": "1D47FA5E-39F1-4EC8-822B-2CE22724C649",
        "type": "message",
        "text": "Hi all :relaxed: my name is devshi and I’m the CEO\/co-founder of <http:\/\/JusticeText.com|JusticeText.com>. We’re a criminal justice reform startup building tools for public defenders to manage body cam footage, interrogations videos, and more.\n\nI’m looking for freelance writers who can write a 700-800 word case study on a product use case - pls reach out if this would be of interest.",
        "user": "U023ZSW9N3X",
        "ts": "1622832959.086700",
        "team": "TJE58GTJL",
        "user_team": "TJE58GTJL",
        "source_team": "TJE58GTJL",
        "user_profile": {
            "avatar_hash": "60dc7619fcb0",
            "image_72": "https:\/\/avatars.slack-edge.com\/2021-06-04\/2145247435764_60dc7619fcb023fe7a07_72.png",
            "first_name": "Devshi",
            "real_name": "Devshi Mehrotra",
            "display_name": "",
            "team": "TJE58GTJL",
            "name": "devshim12",
            "is_restricted": false,
            "is_ultra_restricted": false
        },
        "thread_ts": "1622832959.086700",
        "reply_count": 2,
        "reply_users_count": 2,
        "latest_reply": "1623012252.087400",
        "reply_users": [
            "U023Q8E7MNE",
            "U01FUP6AMEZ"
        ],
        "replies": [
            {
                "user": "U023Q8E7MNE",
                "ts": "1622833142.086800"
            },
            {
                "user": "U01FUP6AMEZ",
                "ts": "1623012252.087400"
            }
        ],
        "is_locked": false,
        "subscribed": false
    },
    {
        "client_msg_id": "2e806912-effb-436f-b4e1-ae1a8696dee3",
        "type": "message",
        "text": "Hi Devshi! Thanks for this. I'm sending you a message. :slightly_smiling_face:",
        "user": "U023Q8E7MNE",
        "ts": "1622833142.086800",
        "team": "TJE58GTJL",
        "user_team": "TJE58GTJL",
        "source_team": "TJE58GTJL",
        "user_profile": {
            "avatar_hash": "d10b67c0be5f",
            "image_72": "https:\/\/avatars.slack-edge.com\/2021-06-09\/2154037287843_d10b67c0be5fd16cb51e_72.jpg",
            "first_name": "Rachel",
            "real_name": "Rachel Cribby",
            "display_name": "Rachel Cribby she\/her (EST)",
            "team": "TJE58GTJL",
            "name": "rachelcribby",
            "is_restricted": false,
            "is_ultra_restricted": false
        },
        "blocks": [
            {
                "type": "rich_text",
                "block_id": "H3bzP",
                "elements": [
                    {
                        "type": "rich_text_section",
                        "elements": [
                            {
                                "type": "text",
                                "text": "Hi Devshi! Thanks for this. I'm sending you a message. "
                            },
                            {
                                "type": "emoji",
                                "name": "slightly_smiling_face"
                            }
                        ]
                    }
                ]
            }
        ],
        "thread_ts": "1622832959.086700",
        "parent_user_id": "U023ZSW9N3X",
        "reactions": [
            {
                "name": "heart",
                "users": [
                    "U023ZSW9N3X"
                ],
                "count": 1
            }
        ]
    },
    {
        "client_msg_id": "6b4dcbbf-9abd-46f6-981d-b44079c976bf",
        "type": "message",
        "text": "I offer an intro package as a test drive to see if the client and I are aligned from a workflow perspective. Depending on the SOW I suggest either an a la carte  package or a quarterly retainer.",
        "user": "U023XF9GFQB",
        "ts": "1622865562.087100",
        "team": "TJE58GTJL",
        "user_team": "TJE58GTJL",
        "source_team": "TJE58GTJL",
        "user_profile": {
            "avatar_hash": "578140e8fd79",
            "image_72": "https:\/\/avatars.slack-edge.com\/2021-06-03\/2126640784422_578140e8fd79a088ba89_72.jpg",
            "first_name": "Andrea",
            "real_name": "Andrea Preziotti",
            "display_name": "Andrea Preziotti",
            "team": "TJE58GTJL",
            "name": "andrea774",
            "is_restricted": false,
            "is_ultra_restricted": false
        },
        "blocks": [
            {
                "type": "rich_text",
                "block_id": "0omo",
                "elements": [
                    {
                        "type": "rich_text_section",
                        "elements": [
                            {
                                "type": "text",
                                "text": "I offer an intro package as a test drive to see if the client and I are aligned from a workflow perspective. Depending on the SOW I suggest either an a la carte  package or a quarterly retainer."
                            }
                        ]
                    }
                ]
            }
        ],
        "thread_ts": "1621352256.004700",
        "parent_user_id": "U01KH3P18RZ"
    }
]