[
    {
        "client_msg_id": "771aff00-9656-4990-ab3e-f103a54c0b78",
        "type": "message",
        "text": "Hi all! <http:\/\/vidico.com|Vidico> — a video production agency for tech companies — is looking for a freelance writer, SEO-driven, with experience in the B2B\/SaaS space and great knowledge about *video marketing* to write long-form content like blog series, e-books, etc.\n\nIf you’re interested please feel free to DM me.",
        "user": "U0223N2BPML",
        "ts": "1625906871.261700",
        "team": "TJE58GTJL",
        "user_team": "TJE58GTJL",
        "source_team": "TJE58GTJL",
        "user_profile": {
            "avatar_hash": "9cccc84e5fe4",
            "image_72": "https:\/\/avatars.slack-edge.com\/2021-05-19\/2093123760465_9cccc84e5fe4af63be14_72.jpg",
            "first_name": "Laura",
            "real_name": "Laura Chaves",
            "display_name": "Laura Chaves",
            "team": "TJE58GTJL",
            "name": "laura206",
            "is_restricted": false,
            "is_ultra_restricted": false
        },
        "edited": {
            "user": "U0223N2BPML",
            "ts": "1625907208.000000"
        },
        "blocks": [
            {
                "type": "rich_text",
                "block_id": "y2IG",
                "elements": [
                    {
                        "type": "rich_text_section",
                        "elements": [
                            {
                                "type": "text",
                                "text": "Hi all! "
                            },
                            {
                                "type": "link",
                                "url": "http:\/\/vidico.com",
                                "text": "Vidico"
                            },
                            {
                                "type": "text",
                                "text": " — a video production agency for tech companies — is looking for a freelance writer, SEO-driven, with experience in the B2B\/SaaS space and great knowledge about "
                            },
                            {
                                "type": "text",
                                "text": "video marketing",
                                "style": {
                                    "bold": true
                                }
                            },
                            {
                                "type": "text",
                                "text": " to write long-form content like blog series, e-books, etc.\n\nIf you’re interested please feel free to DM me."
                            }
                        ]
                    }
                ]
            }
        ],
        "reactions": [
            {
                "name": "heart",
                "users": [
                    "U01QNH5QUG7",
                    "U012GHRAHDK",
                    "UJG9WTEKG",
                    "UJE6FLEFJ",
                    "U029G4G3J6T"
                ],
                "count": 5
            }
        ]
    }
]