[
    {
        "client_msg_id": "f8906e94-8571-4ef6-9cbf-9d1acd9c933a",
        "type": "message",
        "text": "Hi Everyone!\n\nI'm looking for freelance *Technical Content Writers* for one of the YC backed startup in *no-code* &amp; *payments* space.\n\nFeel free to DM or reply here to take the conversation ahead.\n\nThank you :slightly_smiling_face:",
        "user": "U02728VQ001",
        "ts": "1633604007.342300",
        "team": "TJE58GTJL",
        "user_team": "TJE58GTJL",
        "source_team": "TJE58GTJL",
        "user_profile": {
            "avatar_hash": "ca619816d44a",
            "image_72": "https:\/\/avatars.slack-edge.com\/2021-07-20\/2277751032359_ca619816d44a9a01d7c0_72.jpg",
            "first_name": "Shubham",
            "real_name": "Shubham",
            "display_name": "Shubham",
            "team": "TJE58GTJL",
            "name": "hackershubham",
            "is_restricted": false,
            "is_ultra_restricted": false
        },
        "blocks": [
            {
                "type": "rich_text",
                "block_id": "8hFn",
                "elements": [
                    {
                        "type": "rich_text_section",
                        "elements": [
                            {
                                "type": "text",
                                "text": "Hi Everyone!\n\nI'm looking for freelance "
                            },
                            {
                                "type": "text",
                                "text": "Technical Content Writers",
                                "style": {
                                    "bold": true
                                }
                            },
                            {
                                "type": "text",
                                "text": " for one of the YC backed startup in "
                            },
                            {
                                "type": "text",
                                "text": "no-code ",
                                "style": {
                                    "bold": true
                                }
                            },
                            {
                                "type": "text",
                                "text": "& "
                            },
                            {
                                "type": "text",
                                "text": "payments",
                                "style": {
                                    "bold": true
                                }
                            },
                            {
                                "type": "text",
                                "text": " space.\n\nFeel free to DM or reply here to take the conversation ahead.\n\nThank you "
                            },
                            {
                                "type": "emoji",
                                "name": "slightly_smiling_face"
                            }
                        ]
                    }
                ]
            }
        ],
        "thread_ts": "1633604007.342300",
        "reply_count": 6,
        "reply_users_count": 5,
        "latest_reply": "1633691118.351300",
        "reply_users": [
            "U02AUQ0KMGC",
            "U025VFYU4AC",
            "U02CTCZEL3E",
            "U02728VQ001",
            "U029CTQ5X6Y"
        ],
        "replies": [
            {
                "user": "U02AUQ0KMGC",
                "ts": "1633611360.342500"
            },
            {
                "user": "U025VFYU4AC",
                "ts": "1633612278.342700"
            },
            {
                "user": "U02CTCZEL3E",
                "ts": "1633617303.343900"
            },
            {
                "user": "U02728VQ001",
                "ts": "1633627153.348600"
            },
            {
                "user": "U029CTQ5X6Y",
                "ts": "1633689857.351000"
            },
            {
                "user": "U02728VQ001",
                "ts": "1633691118.351300"
            }
        ],
        "is_locked": false,
        "subscribed": false,
        "reactions": [
            {
                "name": "money_with_wings",
                "users": [
                    "U017XD7H4P7"
                ],
                "count": 1
            }
        ]
    },
    {
        "client_msg_id": "6f97c524-935b-4cd8-a8ac-edc6daf0ce77",
        "type": "message",
        "text": "Hey! Would you be open to sharing the name of the company?",
        "user": "U02AUQ0KMGC",
        "ts": "1633611360.342500",
        "team": "TJE58GTJL",
        "user_team": "TJE58GTJL",
        "source_team": "TJE58GTJL",
        "user_profile": {
            "avatar_hash": "3e360cf5635d",
            "image_72": "https:\/\/avatars.slack-edge.com\/2021-08-18\/2386614445190_3e360cf5635de24d8bd7_72.jpg",
            "first_name": "Priyanshu",
            "real_name": "Priyanshu Chhazed",
            "display_name": "Priyanshu Chhazed",
            "team": "TJE58GTJL",
            "name": "chhazedpriyanshu",
            "is_restricted": false,
            "is_ultra_restricted": false
        },
        "blocks": [
            {
                "type": "rich_text",
                "block_id": "zWs",
                "elements": [
                    {
                        "type": "rich_text_section",
                        "elements": [
                            {
                                "type": "text",
                                "text": "Hey! Would you be open to sharing the name of the company?"
                            }
                        ]
                    }
                ]
            }
        ],
        "thread_ts": "1633604007.342300",
        "parent_user_id": "U02728VQ001"
    },
    {
        "client_msg_id": "4107b682-4535-47c0-b5e3-4ab168272c5a",
        "type": "message",
        "text": "Yup, same request from my side too.",
        "user": "U025VFYU4AC",
        "ts": "1633612278.342700",
        "team": "TJE58GTJL",
        "user_team": "TJE58GTJL",
        "source_team": "TJE58GTJL",
        "user_profile": {
            "avatar_hash": "ce7297218859",
            "image_72": "https:\/\/avatars.slack-edge.com\/2021-06-15\/2188973467905_ce7297218859cc467129_72.jpg",
            "first_name": "",
            "real_name": "Shyam Purkayastha",
            "display_name": "Shyam Purkayastha",
            "team": "TJE58GTJL",
            "name": "shyam",
            "is_restricted": false,
            "is_ultra_restricted": false
        },
        "blocks": [
            {
                "type": "rich_text",
                "block_id": "sSQ",
                "elements": [
                    {
                        "type": "rich_text_section",
                        "elements": [
                            {
                                "type": "text",
                                "text": "Yup, same request from my side too."
                            }
                        ]
                    }
                ]
            }
        ],
        "thread_ts": "1633604007.342300",
        "parent_user_id": "U02728VQ001"
    },
    {
        "client_msg_id": "99763636-E36E-494B-B663-7B824F7AC49D",
        "type": "message",
        "text": "Hey Shubham. I do a lot of tech writing. Do you have any more info about this? ",
        "user": "U02CTCZEL3E",
        "ts": "1633617303.343900",
        "team": "TJE58GTJL",
        "user_team": "TJE58GTJL",
        "source_team": "TJE58GTJL",
        "user_profile": {
            "avatar_hash": "g3beeb2d18df",
            "image_72": "https:\/\/secure.gravatar.com\/avatar\/3beeb2d18dfb62c4a48be52d8c8931d0.jpg?s=72&d=https%3A%2F%2Fa.slack-edge.com%2Fdf10d%2Fimg%2Favatars%2Fava_0018-72.png",
            "first_name": "Craig",
            "real_name": "Craig Dennis",
            "display_name": "Craig",
            "team": "TJE58GTJL",
            "name": "craigdennis1990",
            "is_restricted": false,
            "is_ultra_restricted": false
        },
        "blocks": [
            {
                "type": "rich_text",
                "block_id": "O79Jw",
                "elements": [
                    {
                        "type": "rich_text_section",
                        "elements": [
                            {
                                "type": "text",
                                "text": "Hey Shubham. I do a lot of tech writing. Do you have any more info about this? "
                            }
                        ]
                    }
                ]
            }
        ],
        "thread_ts": "1633604007.342300",
        "parent_user_id": "U02728VQ001"
    },
    {
        "client_msg_id": "b62e00b5-f085-4ce0-9d86-f1c3b98cdd51",
        "type": "message",
        "text": "Speaking of technical content writers...\n\nHey folks! :wave: As I'm ramping up our 2022 content strategy, I'm looking for *technical content writers* and a PT *social media coordinator*, both with some familiarity with the data space (ideally).\n\nFeel free to DM me or drop any questions in :thread:  Thx!",
        "user": "U02625MJG3W",
        "ts": "1633619963.345800",
        "team": "TJE58GTJL",
        "user_team": "TJE58GTJL",
        "source_team": "TJE58GTJL",
        "user_profile": {
            "avatar_hash": "eb63dbb8c37a",
            "image_72": "https:\/\/avatars.slack-edge.com\/2021-06-23\/2197164176230_eb63dbb8c37a7c141608_72.png",
            "first_name": "Allie",
            "real_name": "Allie Dyer Bluemel",
            "display_name": "Allie",
            "team": "TJE58GTJL",
            "name": "allie202",
            "is_restricted": false,
            "is_ultra_restricted": false
        },
        "blocks": [
            {
                "type": "rich_text",
                "block_id": "QqNob",
                "elements": [
                    {
                        "type": "rich_text_section",
                        "elements": [
                            {
                                "type": "text",
                                "text": "Speaking of technical content writers...\n\nHey folks! "
                            },
                            {
                                "type": "emoji",
                                "name": "wave"
                            },
                            {
                                "type": "text",
                                "text": " As I'm ramping up our 2022 content strategy, I'm looking for "
                            },
                            {
                                "type": "text",
                                "text": "technical content writers ",
                                "style": {
                                    "bold": true
                                }
                            },
                            {
                                "type": "text",
                                "text": "and a PT "
                            },
                            {
                                "type": "text",
                                "text": "social media coordinator",
                                "style": {
                                    "bold": true
                                }
                            },
                            {
                                "type": "text",
                                "text": ", both with some familiarity with the data space (ideally).\n\nFeel free to DM me or drop any questions in "
                            },
                            {
                                "type": "emoji",
                                "name": "thread"
                            },
                            {
                                "type": "text",
                                "text": "  Thx!"
                            }
                        ]
                    }
                ]
            }
        ],
        "thread_ts": "1633619963.345800",
        "reply_count": 3,
        "reply_users_count": 3,
        "latest_reply": "1633707638.356800",
        "reply_users": [
            "U01K3VD3154",
            "U02GMMQ281W",
            "U02625MJG3W"
        ],
        "replies": [
            {
                "user": "U01K3VD3154",
                "ts": "1633623442.347900"
            },
            {
                "user": "U02GMMQ281W",
                "ts": "1633701963.352400"
            },
            {
                "user": "U02625MJG3W",
                "ts": "1633707638.356800"
            }
        ],
        "is_locked": false,
        "subscribed": false,
        "reactions": [
            {
                "name": "heart",
                "users": [
                    "U01K3VD3154",
                    "U02CUM38FUK"
                ],
                "count": 2
            },
            {
                "name": "white_check_mark",
                "users": [
                    "UJG9WTEKG"
                ],
                "count": 1
            },
            {
                "name": "chart_with_upwards_trend",
                "users": [
                    "U017XD7H4P7"
                ],
                "count": 1
            }
        ]
    },
    {
        "client_msg_id": "3078684a-29ef-4715-a781-236334a4751a",
        "type": "message",
        "text": "Just Dm you, check please!!!",
        "user": "U01K3VD3154",
        "ts": "1633623442.347900",
        "team": "TJE58GTJL",
        "user_team": "TJE58GTJL",
        "source_team": "TJE58GTJL",
        "user_profile": {
            "avatar_hash": "344b2bdfd4e4",
            "image_72": "https:\/\/avatars.slack-edge.com\/2021-12-24\/2880772375011_344b2bdfd4e4a027d9a5_72.png",
            "first_name": "Liana",
            "real_name": "Liana",
            "display_name": "Liana",
            "team": "TJE58GTJL",
            "name": "lianasimonyan98",
            "is_restricted": false,
            "is_ultra_restricted": false
        },
        "blocks": [
            {
                "type": "rich_text",
                "block_id": "o3qfx",
                "elements": [
                    {
                        "type": "rich_text_section",
                        "elements": [
                            {
                                "type": "text",
                                "text": "Just Dm you, check please!!!"
                            }
                        ]
                    }
                ]
            }
        ],
        "thread_ts": "1633619963.345800",
        "parent_user_id": "U02625MJG3W"
    },
    {
        "client_msg_id": "c353b3e6-719e-490f-86e2-6a3de522ad00",
        "type": "message",
        "text": "<@U02AUQ0KMGC> <@U025VFYU4AC> Sure. I'm looking this for <https:\/\/www.memberstack.com\/|Memberstack>\n\n<@U02CTCZEL3E> Would love to see some samples if this interests you. We can connect on DM.\n\nCheers!",
        "user": "U02728VQ001",
        "ts": "1633627153.348600",
        "team": "TJE58GTJL",
        "user_team": "TJE58GTJL",
        "source_team": "TJE58GTJL",
        "user_profile": {
            "avatar_hash": "ca619816d44a",
            "image_72": "https:\/\/avatars.slack-edge.com\/2021-07-20\/2277751032359_ca619816d44a9a01d7c0_72.jpg",
            "first_name": "Shubham",
            "real_name": "Shubham",
            "display_name": "Shubham",
            "team": "TJE58GTJL",
            "name": "hackershubham",
            "is_restricted": false,
            "is_ultra_restricted": false
        },
        "blocks": [
            {
                "type": "rich_text",
                "block_id": "zm1",
                "elements": [
                    {
                        "type": "rich_text_section",
                        "elements": [
                            {
                                "type": "user",
                                "user_id": "U02AUQ0KMGC"
                            },
                            {
                                "type": "text",
                                "text": " "
                            },
                            {
                                "type": "user",
                                "user_id": "U025VFYU4AC"
                            },
                            {
                                "type": "text",
                                "text": " Sure. I'm looking this for "
                            },
                            {
                                "type": "link",
                                "url": "https:\/\/www.memberstack.com\/",
                                "text": "Memberstack"
                            },
                            {
                                "type": "text",
                                "text": "\n\n"
                            },
                            {
                                "type": "user",
                                "user_id": "U02CTCZEL3E"
                            },
                            {
                                "type": "text",
                                "text": " Would love to see some samples if this interests you. We can connect on DM.\n\nCheers!"
                            }
                        ]
                    }
                ]
            }
        ],
        "thread_ts": "1633604007.342300",
        "parent_user_id": "U02728VQ001"
    }
]