[
    {
        "client_msg_id": "748385f3-5982-483b-879d-92faff52aa49",
        "type": "message",
        "text": "I'm a really really slow writer, so I'm probably at the low end of the spectrum, but I can usually only sustain 2 per week max. Especially if it involves research or stakeholder interviews. #NormalizeSlowWriting :slightly_smiling_face:",
        "user": "U01FUP6AMEZ",
        "ts": "1624280600.149400",
        "team": "TJE58GTJL",
        "user_team": "TJE58GTJL",
        "source_team": "TJE58GTJL",
        "user_profile": {
            "avatar_hash": "128762c3ea3f",
            "image_72": "https:\/\/avatars.slack-edge.com\/2020-12-01\/1527137254583_128762c3ea3f3d65d19b_72.jpg",
            "first_name": "Joanna",
            "real_name": "Joanna Rutter",
            "display_name": "Joanna Rutter",
            "team": "TJE58GTJL",
            "name": "rutterjoanna",
            "is_restricted": false,
            "is_ultra_restricted": false
        },
        "blocks": [
            {
                "type": "rich_text",
                "block_id": "t8VT",
                "elements": [
                    {
                        "type": "rich_text_section",
                        "elements": [
                            {
                                "type": "text",
                                "text": "I'm a really really slow writer, so I'm probably at the low end of the spectrum, but I can usually only sustain 2 per week max. Especially if it involves research or stakeholder interviews. #NormalizeSlowWriting "
                            },
                            {
                                "type": "emoji",
                                "name": "slightly_smiling_face"
                            }
                        ]
                    }
                ]
            }
        ],
        "thread_ts": "1624087230.148800",
        "parent_user_id": "U025J1947A6"
    },
    {
        "client_msg_id": "a2b86adb-a1a3-4fc4-b8f6-8502e71af08c",
        "type": "message",
        "text": "Hi Rebekah, I appreciate that you say this work requires little to no research, however, $0.12-0.15 is *not* a competitive rate in 2021, and it's definitely in the underpaying range.",
        "user": "U02469XJPGW",
        "ts": "1624281110.149600",
        "team": "TJE58GTJL",
        "user_team": "TJE58GTJL",
        "source_team": "TJE58GTJL",
        "user_profile": {
            "avatar_hash": "9da9d00f6cb1",
            "image_72": "https:\/\/avatars.slack-edge.com\/2021-06-15\/2186507057537_9da9d00f6cb1d23f50ad_72.jpg",
            "first_name": "",
            "real_name": "Sabrina Toppa",
            "display_name": "Sabrina Toppa",
            "team": "TJE58GTJL",
            "name": "sabrinatoppa",
            "is_restricted": false,
            "is_ultra_restricted": false
        },
        "blocks": [
            {
                "type": "rich_text",
                "block_id": "FTj22",
                "elements": [
                    {
                        "type": "rich_text_section",
                        "elements": [
                            {
                                "type": "text",
                                "text": "Hi Rebekah, I appreciate that you say this work requires little to no research, however, $0.12-0.15 is "
                            },
                            {
                                "type": "text",
                                "text": "not",
                                "style": {
                                    "bold": true
                                }
                            },
                            {
                                "type": "text",
                                "text": " a competitive rate in 2021, and it's definitely in the underpaying range."
                            }
                        ]
                    }
                ]
            }
        ],
        "thread_ts": "1623448618.107200",
        "parent_user_id": "U024K88ECFN"
    },
    {
        "client_msg_id": "6ef0c864-048f-409e-b4f5-cfda657c0fcc",
        "type": "message",
        "text": "I'm looking for someone with phenomenal written English and attention to detail to work on some online GCSE maths content, editing \/ SEO (following a process) \/ checking it in Wordpress.\n\nNo teaching experience necessary.\n\nFlexible, remote, part time, whatever.\n\nWe're open to all options but must be UK based.",
        "user": "U01UYA5NHD2",
        "ts": "1624282623.154300",
        "team": "TJE58GTJL",
        "user_team": "TJE58GTJL",
        "source_team": "TJE58GTJL",
        "user_profile": {
            "avatar_hash": "a8fd7ff1fa58",
            "image_72": "https:\/\/avatars.slack-edge.com\/2021-04-19\/1978724948290_a8fd7ff1fa581d9fc499_72.jpg",
            "first_name": "",
            "real_name": "Sophie Bessemer",
            "display_name": "Sophie Bessemer",
            "team": "TJE58GTJL",
            "name": "sophie.bessemer",
            "is_restricted": false,
            "is_ultra_restricted": false
        },
        "blocks": [
            {
                "type": "rich_text",
                "block_id": "frk",
                "elements": [
                    {
                        "type": "rich_text_section",
                        "elements": [
                            {
                                "type": "text",
                                "text": "I'm looking for someone with phenomenal written English and attention to detail to work on some online GCSE maths content, editing \/ SEO (following a process) \/ checking it in Wordpress.\n\nNo teaching experience necessary.\n\nFlexible, remote, part time, whatever.\n\nWe're open to all options but must be UK based."
                            }
                        ]
                    }
                ]
            }
        ]
    },
    {
        "client_msg_id": "bf9ba680-675c-4720-a41a-f6d2942e670b",
        "type": "message",
        "text": "I can beat that, <@U01FUP6AMEZ>! While I *could* potentially write 2 per week, I don't take on more than 1 for lifestyle\/business\/mental health reasons unless I have absolutely no other client work going on at the time. I require a minimum 10-day turnaround now for anything over 1,000 words.",
        "user": "U024Z91H0KC",
        "ts": "1624283984.154400",
        "team": "TJE58GTJL",
        "user_team": "TJE58GTJL",
        "source_team": "TJE58GTJL",
        "user_profile": {
            "avatar_hash": "e54b9c0d1d7d",
            "image_72": "https:\/\/avatars.slack-edge.com\/2021-06-14\/2193186202656_e54b9c0d1d7dcc24c0b5_72.png",
            "first_name": "Leanna",
            "real_name": "Leanna Lee",
            "display_name": "Leanna Lee",
            "team": "TJE58GTJL",
            "name": "leannaleewriter",
            "is_restricted": false,
            "is_ultra_restricted": false
        },
        "blocks": [
            {
                "type": "rich_text",
                "block_id": "ZIYdK",
                "elements": [
                    {
                        "type": "rich_text_section",
                        "elements": [
                            {
                                "type": "text",
                                "text": "I can beat that, "
                            },
                            {
                                "type": "user",
                                "user_id": "U01FUP6AMEZ"
                            },
                            {
                                "type": "text",
                                "text": "! While I "
                            },
                            {
                                "type": "text",
                                "text": "could",
                                "style": {
                                    "bold": true
                                }
                            },
                            {
                                "type": "text",
                                "text": " potentially write 2 per week, I don't take on more than 1 for lifestyle\/business\/mental health reasons unless I have absolutely no other client work going on at the time. I require a minimum 10-day turnaround now for anything over 1,000 words."
                            }
                        ]
                    }
                ]
            }
        ],
        "thread_ts": "1624087230.148800",
        "parent_user_id": "U025J1947A6",
        "reactions": [
            {
                "name": "white_check_mark",
                "users": [
                    "U01FUP6AMEZ",
                    "URL9Z88MR"
                ],
                "count": 2
            }
        ]
    },
    {
        "client_msg_id": "9e4b2063-a2af-4210-a9cc-b3ef1e8d0069",
        "type": "message",
        "text": "3-4\/week.",
        "user": "U012GHRAHDK",
        "ts": "1624285184.154700",
        "team": "TJE58GTJL",
        "user_team": "TJE58GTJL",
        "source_team": "TJE58GTJL",
        "user_profile": {
            "avatar_hash": "8ba0c4534568",
            "image_72": "https:\/\/avatars.slack-edge.com\/2022-04-12\/3401585222352_8ba0c45345680ce088ab_72.jpg",
            "first_name": "Deb",
            "real_name": "Deb Mukherjee",
            "display_name": "Deb Mukherjee",
            "team": "TJE58GTJL",
            "name": "debdut94",
            "is_restricted": false,
            "is_ultra_restricted": false
        },
        "blocks": [
            {
                "type": "rich_text",
                "block_id": "DJZAM",
                "elements": [
                    {
                        "type": "rich_text_section",
                        "elements": [
                            {
                                "type": "text",
                                "text": "3-4\/week."
                            }
                        ]
                    }
                ]
            }
        ],
        "thread_ts": "1624087230.148800",
        "parent_user_id": "U025J1947A6"
    },
    {
        "client_msg_id": "d08e399c-0c2a-4c33-adf7-cbab891df9fe",
        "type": "message",
        "text": "<@U02469XJPGW> can I ask where that assessment comes from? It equates to $40-60 an hour for the amount of time it takes, which is a pretty good rate for someone doing a somewhat specialty job. What would you consider a fair rate? I worked as a freelancer at 15c\/word for years before starting the agency I run now, so that's part of my confusion.",
        "user": "U024K88ECFN",
        "ts": "1624287803.155600",
        "team": "TJE58GTJL",
        "user_team": "TJE58GTJL",
        "source_team": "TJE58GTJL",
        "user_profile": {
            "avatar_hash": "00c4a04080e3",
            "image_72": "https:\/\/avatars.slack-edge.com\/2022-03-23\/3286590119379_00c4a04080e367a58cfc_72.png",
            "first_name": "Rebekah",
            "real_name": "Rebekah Edwards",
            "display_name": "Rebekah Edwards",
            "team": "TJE58GTJL",
            "name": "rebekah473",
            "is_restricted": false,
            "is_ultra_restricted": false
        },
        "blocks": [
            {
                "type": "rich_text",
                "block_id": "EEr",
                "elements": [
                    {
                        "type": "rich_text_section",
                        "elements": [
                            {
                                "type": "user",
                                "user_id": "U02469XJPGW"
                            },
                            {
                                "type": "text",
                                "text": " can I ask where that assessment comes from? It equates to $40-60 an hour for the amount of time it takes, which is a pretty good rate for someone doing a somewhat specialty job. What would you consider a fair rate? I worked as a freelancer at 15c\/word for years before starting the agency I run now, so that's part of my confusion."
                            }
                        ]
                    }
                ]
            }
        ],
        "thread_ts": "1623448618.107200",
        "parent_user_id": "U024K88ECFN"
    },
    {
        "client_msg_id": "dd565e88-7a56-4199-a7b4-80c2476c23a9",
        "type": "message",
        "text": "Hi Rebekah, I am drawing on the 2021 freelance writing market. In 2021, $1\/word and up is considered a good\/competitive rate. $0.12-0.15 is nowhere near that, unfortunately, and I don't know many professional writers who would write for those low rates, given that it's simply not possible for writers to make a living on those low rates.\n\n(This is my final comment on this thread - I am not able to respond further, good luck with your business.) :slightly_smiling_face:",
        "user": "U02469XJPGW",
        "ts": "1624290494.155800",
        "team": "TJE58GTJL",
        "user_team": "TJE58GTJL",
        "source_team": "TJE58GTJL",
        "user_profile": {
            "avatar_hash": "9da9d00f6cb1",
            "image_72": "https:\/\/avatars.slack-edge.com\/2021-06-15\/2186507057537_9da9d00f6cb1d23f50ad_72.jpg",
            "first_name": "",
            "real_name": "Sabrina Toppa",
            "display_name": "Sabrina Toppa",
            "team": "TJE58GTJL",
            "name": "sabrinatoppa",
            "is_restricted": false,
            "is_ultra_restricted": false
        },
        "blocks": [
            {
                "type": "rich_text",
                "block_id": "xHJa",
                "elements": [
                    {
                        "type": "rich_text_section",
                        "elements": [
                            {
                                "type": "text",
                                "text": "Hi Rebekah, I am drawing on the 2021 freelance writing market. In 2021, $1\/word and up is considered a good\/competitive rate. $0.12-0.15 is nowhere near that, unfortunately, and I don't know many professional writers who would write for those low rates, given that it's simply not possible for writers to make a living on those low rates.\n\n(This is my final comment on this thread - I am not able to respond further, good luck with your business.) "
                            },
                            {
                                "type": "emoji",
                                "name": "slightly_smiling_face"
                            }
                        ]
                    }
                ]
            }
        ],
        "thread_ts": "1623448618.107200",
        "parent_user_id": "U024K88ECFN",
        "reactions": [
            {
                "name": "+1",
                "users": [
                    "U023XF9GFQB"
                ],
                "count": 1
            }
        ]
    },
    {
        "client_msg_id": "6bb54d99-6ed9-4ca2-bb7c-8bae93c1dd1e",
        "type": "message",
        "text": "<@U02469XJPGW> \"the 2021 freelance writing market?\"\n\nGot a source for that? $1\/word is definitely competitive but not anywhere near standard in my experience writing (freelance, agency, clientside) for the past 10 years.",
        "user": "U01AHL8AGBB",
        "ts": "1624290625.156000",
        "team": "TJE58GTJL",
        "user_team": "TJE58GTJL",
        "source_team": "TJE58GTJL",
        "user_profile": {
            "avatar_hash": "09eb34255d46",
            "image_72": "https:\/\/avatars.slack-edge.com\/2020-09-07\/1347887170866_09eb34255d4678a00ddc_72.png",
            "first_name": "Jordy",
            "real_name": "Jordy Fujiwara",
            "display_name": "Jordy",
            "team": "TJE58GTJL",
            "name": "jordy.fujiwara",
            "is_restricted": false,
            "is_ultra_restricted": false
        },
        "blocks": [
            {
                "type": "rich_text",
                "block_id": "gqL5",
                "elements": [
                    {
                        "type": "rich_text_section",
                        "elements": [
                            {
                                "type": "user",
                                "user_id": "U02469XJPGW"
                            },
                            {
                                "type": "text",
                                "text": " \"the 2021 freelance writing market?\"\n\nGot a source for that? $1\/word is definitely competitive but not anywhere near standard in my experience writing (freelance, agency, clientside) for the past 10 years."
                            }
                        ]
                    }
                ]
            }
        ],
        "thread_ts": "1623448618.107200",
        "parent_user_id": "U024K88ECFN"
    },
    {
        "client_msg_id": "b61fdd1c-66fc-45e1-ac45-426efe40753d",
        "type": "message",
        "text": "Also, it's entirely possible to make a living on rates less than $1\/word.\nYour \"annualized equivalent\" is a function of writing speed and quality (need for redrafting edits) and price per word\/hour\/project...",
        "user": "U01AHL8AGBB",
        "ts": "1624290718.156200",
        "team": "TJE58GTJL",
        "user_team": "TJE58GTJL",
        "source_team": "TJE58GTJL",
        "user_profile": {
            "avatar_hash": "09eb34255d46",
            "image_72": "https:\/\/avatars.slack-edge.com\/2020-09-07\/1347887170866_09eb34255d4678a00ddc_72.png",
            "first_name": "Jordy",
            "real_name": "Jordy Fujiwara",
            "display_name": "Jordy",
            "team": "TJE58GTJL",
            "name": "jordy.fujiwara",
            "is_restricted": false,
            "is_ultra_restricted": false
        },
        "blocks": [
            {
                "type": "rich_text",
                "block_id": "6wfEu",
                "elements": [
                    {
                        "type": "rich_text_section",
                        "elements": [
                            {
                                "type": "text",
                                "text": "Also, it's entirely possible to make a living on rates less than $1\/word.\nYour \"annualized equivalent\" is a function of writing speed and quality (need for redrafting edits) and price per word\/hour\/project..."
                            }
                        ]
                    }
                ]
            }
        ],
        "thread_ts": "1623448618.107200",
        "parent_user_id": "U024K88ECFN"
    },
    {
        "client_msg_id": "3773fe46-addb-48d7-8270-07132d4de9ea",
        "type": "message",
        "text": "Source: someone who's made a living on much less than $1\/word on average",
        "user": "U01AHL8AGBB",
        "ts": "1624290742.156400",
        "team": "TJE58GTJL",
        "user_team": "TJE58GTJL",
        "source_team": "TJE58GTJL",
        "user_profile": {
            "avatar_hash": "09eb34255d46",
            "image_72": "https:\/\/avatars.slack-edge.com\/2020-09-07\/1347887170866_09eb34255d4678a00ddc_72.png",
            "first_name": "Jordy",
            "real_name": "Jordy Fujiwara",
            "display_name": "Jordy",
            "team": "TJE58GTJL",
            "name": "jordy.fujiwara",
            "is_restricted": false,
            "is_ultra_restricted": false
        },
        "blocks": [
            {
                "type": "rich_text",
                "block_id": "YR7z",
                "elements": [
                    {
                        "type": "rich_text_section",
                        "elements": [
                            {
                                "type": "text",
                                "text": "Source: someone who's made a living on much less than $1\/word on average"
                            }
                        ]
                    }
                ]
            }
        ],
        "thread_ts": "1623448618.107200",
        "parent_user_id": "U024K88ECFN"
    },
    {
        "client_msg_id": "377e70cb-1f57-46eb-b013-72aee84a55f0",
        "type": "message",
        "text": "Based on what, Sabrina? There are a handful of specialized companies who'd pay $1\/word for articles and it's definitely not the \"standard\" I've seen and I've been doing this for SaaS companies for the last 3 years.",
        "user": "U012GHRAHDK",
        "ts": "1624291474.156600",
        "team": "TJE58GTJL",
        "user_team": "TJE58GTJL",
        "source_team": "TJE58GTJL",
        "user_profile": {
            "avatar_hash": "8ba0c4534568",
            "image_72": "https:\/\/avatars.slack-edge.com\/2022-04-12\/3401585222352_8ba0c45345680ce088ab_72.jpg",
            "first_name": "Deb",
            "real_name": "Deb Mukherjee",
            "display_name": "Deb Mukherjee",
            "team": "TJE58GTJL",
            "name": "debdut94",
            "is_restricted": false,
            "is_ultra_restricted": false
        },
        "blocks": [
            {
                "type": "rich_text",
                "block_id": "GCEmt",
                "elements": [
                    {
                        "type": "rich_text_section",
                        "elements": [
                            {
                                "type": "text",
                                "text": "Based on what, Sabrina? There are a handful of specialized companies who'd pay $1\/word for articles and it's definitely not the \"standard\" I've seen and I've been doing this for SaaS companies for the last 3 years."
                            }
                        ]
                    }
                ]
            }
        ],
        "thread_ts": "1623448618.107200",
        "parent_user_id": "U024K88ECFN"
    },
    {
        "client_msg_id": "0f89c0d1-c70a-46b8-a245-7b26a747a3d6",
        "type": "message",
        "text": "Hey there! I totally did not mean to start any drama here. I live in Nashville, TN and making $40-60\/hour is more than manageable as a great living wage. My _clients_ pay ~$0.38\/word for articles that are optimized and edited (read: touched by at least 2 people and not just written) so the idea of paying $1\/word to writers is overwhelming. I'd have to multiply my prices by 4x+ just to keep up, and we already get pushback from clients on costs from time to time. Anyway, I don't want it to sound like I'm paying people under the living wage. Regardless, this thread has been eye opening! Thanks, all. :slightly_smiling_face:",
        "user": "U024K88ECFN",
        "ts": "1624291917.156800",
        "team": "TJE58GTJL",
        "user_team": "TJE58GTJL",
        "source_team": "TJE58GTJL",
        "user_profile": {
            "avatar_hash": "00c4a04080e3",
            "image_72": "https:\/\/avatars.slack-edge.com\/2022-03-23\/3286590119379_00c4a04080e367a58cfc_72.png",
            "first_name": "Rebekah",
            "real_name": "Rebekah Edwards",
            "display_name": "Rebekah Edwards",
            "team": "TJE58GTJL",
            "name": "rebekah473",
            "is_restricted": false,
            "is_ultra_restricted": false
        },
        "edited": {
            "user": "U024K88ECFN",
            "ts": "1624291925.000000"
        },
        "blocks": [
            {
                "type": "rich_text",
                "block_id": "zG8oK",
                "elements": [
                    {
                        "type": "rich_text_section",
                        "elements": [
                            {
                                "type": "text",
                                "text": "Hey there! I totally did not mean to start any drama here. I live in Nashville, TN and making $40-60\/hour is more than manageable as a great living wage. My "
                            },
                            {
                                "type": "text",
                                "text": "clients",
                                "style": {
                                    "italic": true
                                }
                            },
                            {
                                "type": "text",
                                "text": " pay ~$0.38\/word for articles that are optimized and edited (read: touched by at least 2 people and not just written) so the idea of paying $1\/word to writers is overwhelming. I'd have to multiply my prices by 4x+ just to keep up, and we already get pushback from clients on costs from time to time. Anyway, I don't want it to sound like I'm paying people under the living wage. Regardless, this thread has been eye opening! Thanks, all. "
                            },
                            {
                                "type": "emoji",
                                "name": "slightly_smiling_face"
                            }
                        ]
                    }
                ]
            }
        ],
        "thread_ts": "1623448618.107200",
        "parent_user_id": "U024K88ECFN"
    },
    {
        "type": "message",
        "subtype": "slackbot_response",
        "text": "Hello! Not all of our members are guys. In an effort to be more conscious of the language we use to address each other, why not try “Hey, folks,” or “Hey everyone” instead?",
        "user": "USLACKBOT",
        "ts": "1624291918.157000",
        "thread_ts": "1623448618.107200",
        "parent_user_id": "U024K88ECFN"
    },
    {
        "client_msg_id": "f4fc4c80-aac3-4487-9602-fd39bb2d8ab7",
        "type": "message",
        "text": "<@U024K88ECFN> It's good to get different perspectives! Rest assured, you've not instigated any drama. :slightly_smiling_face:",
        "user": "U01AHL8AGBB",
        "ts": "1624292687.157300",
        "team": "TJE58GTJL",
        "user_team": "TJE58GTJL",
        "source_team": "TJE58GTJL",
        "user_profile": {
            "avatar_hash": "09eb34255d46",
            "image_72": "https:\/\/avatars.slack-edge.com\/2020-09-07\/1347887170866_09eb34255d4678a00ddc_72.png",
            "first_name": "Jordy",
            "real_name": "Jordy Fujiwara",
            "display_name": "Jordy",
            "team": "TJE58GTJL",
            "name": "jordy.fujiwara",
            "is_restricted": false,
            "is_ultra_restricted": false
        },
        "blocks": [
            {
                "type": "rich_text",
                "block_id": "6HM",
                "elements": [
                    {
                        "type": "rich_text_section",
                        "elements": [
                            {
                                "type": "user",
                                "user_id": "U024K88ECFN"
                            },
                            {
                                "type": "text",
                                "text": " It's good to get different perspectives! Rest assured, you've not instigated any drama. "
                            },
                            {
                                "type": "emoji",
                                "name": "slightly_smiling_face"
                            }
                        ]
                    }
                ]
            }
        ],
        "thread_ts": "1623448618.107200",
        "parent_user_id": "U024K88ECFN",
        "reactions": [
            {
                "name": "hearts",
                "users": [
                    "U024K88ECFN"
                ],
                "count": 1
            }
        ]
    },
    {
        "client_msg_id": "29e72741-6f30-404a-9a3f-27aa4b432026",
        "type": "message",
        "text": "Though I'd flag the whole thread to <@UJG9WTEKG>, as I think we witnessed a good example of some bad-faith attitudes (my opinion). As these kinda online communities grow, the odds of trollish behaviour go up too.",
        "user": "U01AHL8AGBB",
        "ts": "1624292785.157500",
        "team": "TJE58GTJL",
        "user_team": "TJE58GTJL",
        "source_team": "TJE58GTJL",
        "user_profile": {
            "avatar_hash": "09eb34255d46",
            "image_72": "https:\/\/avatars.slack-edge.com\/2020-09-07\/1347887170866_09eb34255d4678a00ddc_72.png",
            "first_name": "Jordy",
            "real_name": "Jordy Fujiwara",
            "display_name": "Jordy",
            "team": "TJE58GTJL",
            "name": "jordy.fujiwara",
            "is_restricted": false,
            "is_ultra_restricted": false
        },
        "blocks": [
            {
                "type": "rich_text",
                "block_id": "QvIh",
                "elements": [
                    {
                        "type": "rich_text_section",
                        "elements": [
                            {
                                "type": "text",
                                "text": "Though I'd flag the whole thread to "
                            },
                            {
                                "type": "user",
                                "user_id": "UJG9WTEKG"
                            },
                            {
                                "type": "text",
                                "text": ", as I think we witnessed a good example of some bad-faith attitudes (my opinion). As these kinda online communities grow, the odds of trollish behaviour go up too."
                            }
                        ]
                    }
                ]
            }
        ],
        "thread_ts": "1623448618.107200",
        "parent_user_id": "U024K88ECFN"
    },
    {
        "client_msg_id": "b132eb47-2175-436d-b559-5862360ac288",
        "type": "message",
        "text": "my general feeling is that disagreement is good, it's how we learn to see the perspectives of other people and therefore learn. all i ask is that we assume good intentions from all parties, then debate away.",
        "user": "UJG9WTEKG",
        "ts": "1624295191.159900",
        "team": "TJE58GTJL",
        "user_team": "TJE58GTJL",
        "source_team": "TJE58GTJL",
        "user_profile": {
            "avatar_hash": "gc25b94e6ebf",
            "image_72": "https:\/\/secure.gravatar.com\/avatar\/eec25b94e6ebf55f0b7933372344cd09.jpg?s=72&d=https%3A%2F%2Fa.slack-edge.com%2Fdf10d%2Fimg%2Favatars%2Fava_0001-72.png",
            "first_name": "Jimmy",
            "real_name": "Jimmy Daly",
            "display_name": "",
            "team": "TJE58GTJL",
            "name": "runjimdaly",
            "is_restricted": false,
            "is_ultra_restricted": false
        },
        "blocks": [
            {
                "type": "rich_text",
                "block_id": "7Dnq",
                "elements": [
                    {
                        "type": "rich_text_section",
                        "elements": [
                            {
                                "type": "text",
                                "text": "my general feeling is that disagreement is good, it's how we learn to see the perspectives of other people and therefore learn. all i ask is that we assume good intentions from all parties, then debate away."
                            }
                        ]
                    }
                ]
            }
        ],
        "thread_ts": "1623448618.107200",
        "parent_user_id": "U024K88ECFN",
        "reactions": [
            {
                "name": "hearts",
                "users": [
                    "U024K88ECFN",
                    "U01K0BWEQD6"
                ],
                "count": 2
            }
        ]
    }
]