[
    {
        "client_msg_id": "0938F553-0513-4CA7-9AEB-110FA01FCF5D",
        "type": "message",
        "text": "Hell yeah it is <@U0236PYP3SR> :clap:",
        "user": "U027RNU0A69",
        "ts": "1630186044.017700",
        "team": "TJE58GTJL",
        "user_team": "TJE58GTJL",
        "source_team": "TJE58GTJL",
        "user_profile": {
            "avatar_hash": "65e678e06b61",
            "image_72": "https:\/\/avatars.slack-edge.com\/2021-07-14\/2267230866486_65e678e06b61dff41796_72.png",
            "first_name": "Erin",
            "real_name": "Erin Balsa",
            "display_name": "Erin Balsa",
            "team": "TJE58GTJL",
            "name": "erinbalsa1",
            "is_restricted": false,
            "is_ultra_restricted": false
        },
        "blocks": [
            {
                "type": "rich_text",
                "block_id": "lBp",
                "elements": [
                    {
                        "type": "rich_text_section",
                        "elements": [
                            {
                                "type": "text",
                                "text": "Hell yeah it is "
                            },
                            {
                                "type": "user",
                                "user_id": "U0236PYP3SR"
                            },
                            {
                                "type": "text",
                                "text": " "
                            },
                            {
                                "type": "emoji",
                                "name": "clap"
                            }
                        ]
                    }
                ]
            }
        ],
        "thread_ts": "1629995583.004800",
        "parent_user_id": "U027Z9V7EMP",
        "reactions": [
            {
                "name": "heart",
                "users": [
                    "U0236PYP3SR"
                ],
                "count": 1
            }
        ]
    }
]