[
    {
        "client_msg_id": "F5C4FE74-403E-4C9B-95A1-16229DFA2FD3",
        "type": "message",
        "text": "Hello Leonie! I’m a virtual assistant, feel free to send me a message if you want to know more about how I work with my clients :hugging_face: ",
        "user": "U02S478FWF2",
        "ts": "1641890033.067100",
        "team": "TJE58GTJL",
        "user_team": "TJE58GTJL",
        "source_team": "TJE58GTJL",
        "user_profile": {
            "avatar_hash": "287d4b9ed1f9",
            "image_72": "https:\/\/avatars.slack-edge.com\/2021-12-20\/2888299387728_287d4b9ed1f9cafd4926_72.png",
            "first_name": "Antonella",
            "real_name": "Antonella Fleitas",
            "display_name": "Antonella Fleitas",
            "team": "TJE58GTJL",
            "name": "writing",
            "is_restricted": false,
            "is_ultra_restricted": false
        },
        "blocks": [
            {
                "type": "rich_text",
                "block_id": "4kx",
                "elements": [
                    {
                        "type": "rich_text_section",
                        "elements": [
                            {
                                "type": "text",
                                "text": "Hello Leonie! I’m a virtual assistant, feel free to send me a message if you want to know more about how I work with my clients "
                            },
                            {
                                "type": "emoji",
                                "name": "hugging_face"
                            },
                            {
                                "type": "text",
                                "text": " "
                            }
                        ]
                    }
                ]
            }
        ],
        "thread_ts": "1641880806.065800",
        "parent_user_id": "U02AR2XSN1M",
        "reactions": [
            {
                "name": "+1",
                "users": [
                    "U02AR2XSN1M"
                ],
                "count": 1
            }
        ]
    },
    {
        "client_msg_id": "aab25fb0-6fc0-4df2-b893-daecb63131d8",
        "type": "message",
        "text": "I checked this out and will watch the video today. $4k is obviously a massive spend for this kind of thing, especially for a freelancer like me who is just getting going — what would you say offered you the most value?\n\nWould love to hear more about your experience actually taking the 10-week launchpad :slightly_smiling_face:",
        "user": "U0231C2LYNM",
        "ts": "1641894809.067300",
        "team": "TJE58GTJL",
        "user_team": "TJE58GTJL",
        "source_team": "TJE58GTJL",
        "user_profile": {
            "avatar_hash": "c1d845bba06d",
            "image_72": "https:\/\/avatars.slack-edge.com\/2021-05-21\/2090873932082_c1d845bba06d288505ec_72.jpg",
            "first_name": "Camille",
            "real_name": "Camille Hogg",
            "display_name": "Cami",
            "team": "TJE58GTJL",
            "name": "camille.l.hogg",
            "is_restricted": false,
            "is_ultra_restricted": false
        },
        "blocks": [
            {
                "type": "rich_text",
                "block_id": "tgqHW",
                "elements": [
                    {
                        "type": "rich_text_section",
                        "elements": [
                            {
                                "type": "text",
                                "text": "I checked this out and will watch the video today. $4k is obviously a massive spend for this kind of thing, especially for a freelancer like me who is just getting going — what would you say offered you the most value?\n\nWould love to hear more about your experience actually taking the 10-week launchpad "
                            },
                            {
                                "type": "emoji",
                                "name": "slightly_smiling_face"
                            }
                        ]
                    }
                ]
            }
        ],
        "thread_ts": "1641830545.056100",
        "parent_user_id": "U02C37FQVL5"
    },
    {
        "client_msg_id": "f221df4d-54c4-425f-9bc0-f735c76b27f7",
        "type": "message",
        "text": "I hear you on the price of it! I ended up signing up just before I left my corporate job to start freelancing, and spent so much time weighing the cost vs. the potential value.\n\nPersonally, it was worth it and I'm considering doing the upcoming cohort as well. Over the course of those 10 weeks, I actually made the membership cost back in new work opportunities from other members, which I wasn't expecting! And I'm collaborating with another member on a new project I'm super excited about. \n\nA couple other things that made it worth it to me:\n\n1. The workshops covered everything from personal branding to defining your ideal client profile to streamlining your back office (and a bunch of other things I didn't know I needed). Since I was new to the freelance world, I tried to do all of them, but you can also pick and choose the ones that are the best fit. And you get the workshop recordings to keep forever. \n\n2. The community aspect was amazing. Everyone I met was excited to brainstorm, pressure test ideas, and help wherever they could. It's a super active community of people from all fields and stages of their careers, so I was always hearing advice and perspectives I never would have considered on my own.\n\nBasically, I went from a bit of a skeptic to wishing this was standard education for all freelancers :slightly_smiling_face:.\n\nPrice-wise, I just checked in with Sam since they were doing a friends and family thing at the end of 2021. He said he doesn't mind extending it to members here. That deal was $3k for membership to both the Fall and Spring 2022 cohorts. If you're on the fence, also happy to intro you to <https:\/\/www.linkedin.com\/in\/sam-lee-b15b892\/|Sam> directly so he can help assess if it might be a fit. Even if it isn't a fit, I can attest to the fact that he's a fun person to know!",
        "user": "U02C37FQVL5",
        "ts": "1641910409.067800",
        "team": "TJE58GTJL",
        "user_team": "TJE58GTJL",
        "source_team": "TJE58GTJL",
        "user_profile": {
            "avatar_hash": "f69427a863f2",
            "image_72": "https:\/\/avatars.slack-edge.com\/2021-09-23\/2549358724416_f69427a863f2254e8a79_72.jpg",
            "first_name": "Alyssa",
            "real_name": "Alyssa Greenfield",
            "display_name": "",
            "team": "TJE58GTJL",
            "name": "alyssa961",
            "is_restricted": false,
            "is_ultra_restricted": false
        },
        "blocks": [
            {
                "type": "rich_text",
                "block_id": "Zp8I",
                "elements": [
                    {
                        "type": "rich_text_section",
                        "elements": [
                            {
                                "type": "text",
                                "text": "I hear you on the price of it! I ended up signing up just before I left my corporate job to start freelancing, and spent so much time weighing the cost vs. the potential value.\n\nPersonally, it was worth it and I'm considering doing the upcoming cohort as well. Over the course of those 10 weeks, I actually made the membership cost back in new work opportunities from other members, which I wasn't expecting! And I'm collaborating with another member on a new project I'm super excited about. \n\nA couple other things that made it worth it to me:\n\n1. The workshops covered everything from personal branding to defining your ideal client profile to streamlining your back office (and a bunch of other things I didn't know I needed). Since I was new to the freelance world, I tried to do all of them, but you can also pick and choose the ones that are the best fit. And you get the workshop recordings to keep forever. \n\n2. The community aspect was amazing. Everyone I met was excited to brainstorm, pressure test ideas, and help wherever they could. It's a super active community of people from all fields and stages of their careers, so I was always hearing advice and perspectives I never would have considered on my own.\n\nBasically, I went from a bit of a skeptic to wishing this was standard education for all freelancers "
                            },
                            {
                                "type": "emoji",
                                "name": "slightly_smiling_face"
                            },
                            {
                                "type": "text",
                                "text": ".\n\nPrice-wise, I just checked in with Sam since they were doing a friends and family thing at the end of 2021. He said he doesn't mind extending it to members here. That deal was $3k for membership to both the Fall and Spring 2022 cohorts. If you're on the fence, also happy to intro you to "
                            },
                            {
                                "type": "link",
                                "url": "https:\/\/www.linkedin.com\/in\/sam-lee-b15b892\/",
                                "text": "Sam"
                            },
                            {
                                "type": "text",
                                "text": " directly so he can help assess if it might be a fit. Even if it isn't a fit, I can attest to the fact that he's a fun person to know!"
                            }
                        ]
                    }
                ]
            }
        ],
        "thread_ts": "1641830545.056100",
        "parent_user_id": "U02C37FQVL5"
    },
    {
        "client_msg_id": "3a9a1d82-7229-40d8-9e84-d928f8fbc252",
        "type": "message",
        "text": "<@U02C37FQVL5> thanks for the amazing answer — really appreciated the level of detail and after losing a client due to internal budgets this month, the idea of possibly making back that lost income is very compelling :sweat_smile:\n\nI'd so love an intro to Sam if you wouldn't mind. I'd love to ask him a little bit more about if it'd be right for me and what he thinks I could get from it :slightly_smiling_face:",
        "user": "U0231C2LYNM",
        "ts": "1641916288.068000",
        "team": "TJE58GTJL",
        "user_team": "TJE58GTJL",
        "source_team": "TJE58GTJL",
        "user_profile": {
            "avatar_hash": "c1d845bba06d",
            "image_72": "https:\/\/avatars.slack-edge.com\/2021-05-21\/2090873932082_c1d845bba06d288505ec_72.jpg",
            "first_name": "Camille",
            "real_name": "Camille Hogg",
            "display_name": "Cami",
            "team": "TJE58GTJL",
            "name": "camille.l.hogg",
            "is_restricted": false,
            "is_ultra_restricted": false
        },
        "edited": {
            "user": "U0231C2LYNM",
            "ts": "1641916307.000000"
        },
        "blocks": [
            {
                "type": "rich_text",
                "block_id": "q6i",
                "elements": [
                    {
                        "type": "rich_text_section",
                        "elements": [
                            {
                                "type": "user",
                                "user_id": "U02C37FQVL5"
                            },
                            {
                                "type": "text",
                                "text": " thanks for the amazing answer — really appreciated the level of detail and after losing a client due to internal budgets this month, the idea of possibly making back that lost income is very compelling "
                            },
                            {
                                "type": "emoji",
                                "name": "sweat_smile"
                            },
                            {
                                "type": "text",
                                "text": "\n\nI'd so love an intro to Sam if you wouldn't mind. I'd love to ask him a little bit more about if it'd be right for me and what he thinks I could get from it "
                            },
                            {
                                "type": "emoji",
                                "name": "slightly_smiling_face"
                            }
                        ]
                    }
                ]
            }
        ],
        "thread_ts": "1641830545.056100",
        "parent_user_id": "U02C37FQVL5"
    },
    {
        "client_msg_id": "30f83b10-5762-4b4d-b7f8-602255eb50d9",
        "type": "message",
        "text": "Oof. Not a fun place to be at all. Would also love to hear about the work you do in case I hear of any opportunities that fit.\n\nI'll DM you to get your email and generally chat!",
        "user": "U02C37FQVL5",
        "ts": "1641916733.068300",
        "team": "TJE58GTJL",
        "user_team": "TJE58GTJL",
        "source_team": "TJE58GTJL",
        "user_profile": {
            "avatar_hash": "f69427a863f2",
            "image_72": "https:\/\/avatars.slack-edge.com\/2021-09-23\/2549358724416_f69427a863f2254e8a79_72.jpg",
            "first_name": "Alyssa",
            "real_name": "Alyssa Greenfield",
            "display_name": "",
            "team": "TJE58GTJL",
            "name": "alyssa961",
            "is_restricted": false,
            "is_ultra_restricted": false
        },
        "blocks": [
            {
                "type": "rich_text",
                "block_id": "ABzm",
                "elements": [
                    {
                        "type": "rich_text_section",
                        "elements": [
                            {
                                "type": "text",
                                "text": "Oof. Not a fun place to be at all. Would also love to hear about the work you do in case I hear of any opportunities that fit.\n\nI'll DM you to get your email and generally chat!"
                            }
                        ]
                    }
                ]
            }
        ],
        "thread_ts": "1641830545.056100",
        "parent_user_id": "U02C37FQVL5",
        "reactions": [
            {
                "name": "raised_hands",
                "users": [
                    "U0231C2LYNM"
                ],
                "count": 1
            }
        ]
    },
    {
        "client_msg_id": "78015290-cae8-4e3a-97f7-8c3f69a3caec",
        "type": "message",
        "text": "hey superpath freelancers! If anyone is free today at 1 pm PT, kaleigh moore and i are hosting a free Q&amp;A to celebrate the launch of S4 of our podcast. we’re fielding questions from writers and it would be nice to have a few seasoned people in the crowd. we both specialize in saas and related fields. we’re hoping to turn the q&amp;a into a podcast episode. would love if you joined. <https:\/\/lu.ma\/tts6h75x>",
        "user": "UJ57DB9BM",
        "ts": "1641920732.069000",
        "team": "TJE58GTJL",
        "user_team": "TJE58GTJL",
        "source_team": "TJE58GTJL",
        "user_profile": {
            "avatar_hash": "5879d1254678",
            "image_72": "https:\/\/avatars.slack-edge.com\/2020-03-20\/1015010058132_5879d1254678f05899b0_72.jpg",
            "first_name": "Emma",
            "real_name": "Emma Siemasko",
            "display_name": "Emma Siemasko",
            "team": "TJE58GTJL",
            "name": "emma",
            "is_restricted": false,
            "is_ultra_restricted": false
        },
        "attachments": [
            {
                "from_url": "https:\/\/lu.ma\/tts6h75x",
                "image_url": "https:\/\/cdn.lu.ma\/cdn-cgi\/image\/format=auto,fit=cover,dpr=2,quality=75,width=1000,height=500\/event-covers\/1f\/33f10a10-9f24-4774-bb43-08f118896bda",
                "image_width": 500,
                "image_height": 250,
                "image_bytes": 118464,
                "service_icon": "https:\/\/lu.ma\/favicon.ico",
                "id": 1,
                "original_url": "https:\/\/lu.ma\/tts6h75x",
                "fallback": "Freelance Writing Coach Podcast Live Q&amp;A - Zoom",
                "text": "Got questions about your freelance writing business you'd like us to answer? Bring them to this free Q&amp;A session (which we'll be recording as a podcast episode, too!) We're here to help you...",
                "title": "Freelance Writing Coach Podcast Live Q&amp;A - Zoom",
                "title_link": "https:\/\/lu.ma\/tts6h75x",
                "service_name": "lu.ma"
            }
        ],
        "blocks": [
            {
                "type": "rich_text",
                "block_id": "RR0",
                "elements": [
                    {
                        "type": "rich_text_section",
                        "elements": [
                            {
                                "type": "text",
                                "text": "hey superpath freelancers! If anyone is free today at 1 pm PT, kaleigh moore and i are hosting a free Q&A to celebrate the launch of S4 of our podcast. we’re fielding questions from writers and it would be nice to have a few seasoned people in the crowd. we both specialize in saas and related fields. we’re hoping to turn the q&a into a podcast episode. would love if you joined. "
                            },
                            {
                                "type": "link",
                                "url": "https:\/\/lu.ma\/tts6h75x"
                            }
                        ]
                    }
                ]
            }
        ],
        "reactions": [
            {
                "name": "100",
                "users": [
                    "UJG9WTEKG",
                    "UPH4SCGTH",
                    "U023G1P70KE",
                    "U011QQDDSJV"
                ],
                "count": 4
            },
            {
                "name": "gem",
                "users": [
                    "UL9SA4C3T"
                ],
                "count": 1
            },
            {
                "name": "partygritty",
                "users": [
                    "UL9SA4C3T"
                ],
                "count": 1
            },
            {
                "name": "hearts",
                "users": [
                    "UL9SA4C3T",
                    "U020HS8D4TX",
                    "U02L5GTFSGG"
                ],
                "count": 3
            }
        ]
    },
    {
        "client_msg_id": "79464973-c4b1-4ebf-b00c-ef1b6bf01456",
        "type": "message",
        "text": "Hi everyone, inBeat Agency is hiring a Ecommerce Newsletter Editor.:fire::fire::fire:\n\nIf you love studying brands and figuring out what makes them as good as they are, this role is definitely for you.\n\nTo this day, we’ve built an email list of about 30,000 digital marketers, mostly in the e-commerce space. We have done nothing with this list, and we’re looking for someone to help us unlock that potential. That’s where you come in.\n\nWe’re looking for someone to deep dive into the e-commerce rabbit hole to create an actionable newsletter for DTC \/ e-commerce people.\n\nYour job is to identify insights from your research and package them into actionable bites for our readers.\n\nLearn more and apply here\n<https:\/\/dynamitejobs.com\/company\/InbeatAgency\/remote-job\/ecommerce-newsletter-editor?utm_source=slack&amp;source=slack>\n\nThank you !",
        "user": "U02DJAN6GKA",
        "ts": "1641922924.077000",
        "team": "TJE58GTJL",
        "user_team": "TJE58GTJL",
        "source_team": "TJE58GTJL",
        "user_profile": {
            "avatar_hash": "c8d33b8883d3",
            "image_72": "https:\/\/avatars.slack-edge.com\/2021-08-31\/2440006752818_c8d33b8883d3b2a04fe0_72.png",
            "first_name": "Anastasija",
            "real_name": "Anastasija Radonjic",
            "display_name": "Anastasija Radonjic",
            "team": "TJE58GTJL",
            "name": "anastasijaradonjic99",
            "is_restricted": false,
            "is_ultra_restricted": false
        },
        "attachments": [
            {
                "from_url": "https:\/\/dynamitejobs.com\/company\/InbeatAgency\/remote-job\/ecommerce-newsletter-editor?utm_source=slack&source=slack",
                "image_url": "https:\/\/dynamitejobs.com\/img\/dj_social.png",
                "image_width": 476,
                "image_height": 250,
                "image_bytes": 102495,
                "service_icon": "https:\/\/dynamitejobs.com\/img\/favicon-152.png",
                "id": 1,
                "original_url": "https:\/\/dynamitejobs.com\/company\/InbeatAgency\/remote-job\/ecommerce-newsletter-editor?utm_source=slack&amp;source=slack",
                "fallback": "Dynamite Jobs: Remote Job - Dynamite Jobs",
                "text": "Easily Access Talent from All Over the World.",
                "title": "Remote Job - Dynamite Jobs",
                "title_link": "https:\/\/dynamitejobs.com\/company\/InbeatAgency\/remote-job\/ecommerce-newsletter-editor?utm_source=slack&source=slack",
                "service_name": "Dynamite Jobs"
            }
        ],
        "blocks": [
            {
                "type": "rich_text",
                "block_id": "e6m",
                "elements": [
                    {
                        "type": "rich_text_section",
                        "elements": [
                            {
                                "type": "text",
                                "text": "Hi everyone, inBeat Agency is hiring a Ecommerce Newsletter Editor."
                            },
                            {
                                "type": "emoji",
                                "name": "fire"
                            },
                            {
                                "type": "emoji",
                                "name": "fire"
                            },
                            {
                                "type": "emoji",
                                "name": "fire"
                            },
                            {
                                "type": "text",
                                "text": "\n\nIf you love studying brands and figuring out what makes them as good as they are, this role is definitely for you.\n\nTo this day, we’ve built an email list of about 30,000 digital marketers, mostly in the e-commerce space. We have done nothing with this list, and we’re looking for someone to help us unlock that potential. That’s where you come in.\n\nWe’re looking for someone to deep dive into the e-commerce rabbit hole to create an actionable newsletter for DTC \/ e-commerce people.\n\nYour job is to identify insights from your research and package them into actionable bites for our readers.\n\nLearn more and apply here\n"
                            },
                            {
                                "type": "link",
                                "url": "https:\/\/dynamitejobs.com\/company\/InbeatAgency\/remote-job\/ecommerce-newsletter-editor?utm_source=slack&source=slack"
                            },
                            {
                                "type": "text",
                                "text": "\n\nThank you !"
                            }
                        ]
                    }
                ]
            }
        ]
    },
    {
        "client_msg_id": "405a0921-b503-408c-8525-c9148615bb56",
        "type": "message",
        "text": "It's my 2022 goal to get to this point! I want to be able to hire out some work...but babysteps. It's a big milestone so congrats!! Also, my friend owns a VA company, so if you are looking for anyone I can send you her deets!",
        "user": "U02CVNB3X1T",
        "ts": "1641928883.077800",
        "team": "TJE58GTJL",
        "user_team": "TJE58GTJL",
        "source_team": "TJE58GTJL",
        "user_profile": {
            "avatar_hash": "a98cd79fc67b",
            "image_72": "https:\/\/avatars.slack-edge.com\/2021-12-28\/2891088304196_a98cd79fc67b29986082_72.png",
            "first_name": "Julie",
            "real_name": "Julie Simpson",
            "display_name": "Julie Simpson",
            "team": "TJE58GTJL",
            "name": "jujuklu",
            "is_restricted": false,
            "is_ultra_restricted": false
        },
        "blocks": [
            {
                "type": "rich_text",
                "block_id": "MH+",
                "elements": [
                    {
                        "type": "rich_text_section",
                        "elements": [
                            {
                                "type": "text",
                                "text": "It's my 2022 goal to get to this point! I want to be able to hire out some work...but babysteps. It's a big milestone so congrats!! Also, my friend owns a VA company, so if you are looking for anyone I can send you her deets!"
                            }
                        ]
                    }
                ]
            }
        ],
        "thread_ts": "1641880806.065800",
        "parent_user_id": "U02AR2XSN1M"
    },
    {
        "client_msg_id": "bcc24894-2375-4392-9db3-58270e617803",
        "type": "message",
        "text": "Thanks Julie :smile: yep it's a good place to be! Although I'm still approaching it with trepidation because I don't want to commit to working with someone then have a slump or a quiet patch where I can't pass on much work. This is the catch 22 I guess!",
        "user": "U02AR2XSN1M",
        "ts": "1641935854.078100",
        "team": "TJE58GTJL",
        "user_team": "TJE58GTJL",
        "source_team": "TJE58GTJL",
        "user_profile": {
            "avatar_hash": "b0fa34c3f8f5",
            "image_72": "https:\/\/avatars.slack-edge.com\/2021-08-16\/2368450553975_b0fa34c3f8f5e02f6b43_72.jpg",
            "first_name": "Leonie",
            "real_name": "Leonie Waldron",
            "display_name": "Leonie Waldron",
            "team": "TJE58GTJL",
            "name": "leonie",
            "is_restricted": false,
            "is_ultra_restricted": false
        },
        "blocks": [
            {
                "type": "rich_text",
                "block_id": "DGy",
                "elements": [
                    {
                        "type": "rich_text_section",
                        "elements": [
                            {
                                "type": "text",
                                "text": "Thanks Julie "
                            },
                            {
                                "type": "emoji",
                                "name": "smile"
                            },
                            {
                                "type": "text",
                                "text": " yep it's a good place to be! Although I'm still approaching it with trepidation because I don't want to commit to working with someone then have a slump or a quiet patch where I can't pass on much work. This is the catch 22 I guess!"
                            }
                        ]
                    }
                ]
            }
        ],
        "thread_ts": "1641880806.065800",
        "parent_user_id": "U02AR2XSN1M"
    },
    {
        "client_msg_id": "14ff0027-6d34-418c-aed9-2a3eefb0c4e9",
        "type": "message",
        "text": "Hi! Do you have a document ready to share? I'm looking to hire!",
        "user": "U02U90EQW00",
        "ts": "1641936962.078400",
        "team": "TJE58GTJL",
        "user_team": "TJE58GTJL",
        "source_team": "TJE58GTJL",
        "user_profile": {
            "avatar_hash": "488d8e436e73",
            "image_72": "https:\/\/avatars.slack-edge.com\/2022-01-11\/2931950836374_488d8e436e735c74a1f1_72.png",
            "first_name": "Kar",
            "real_name": "Kar Brulhart",
            "display_name": "Kar Brulhart",
            "team": "TJE58GTJL",
            "name": "kar",
            "is_restricted": false,
            "is_ultra_restricted": false
        },
        "blocks": [
            {
                "type": "rich_text",
                "block_id": "j7ssj",
                "elements": [
                    {
                        "type": "rich_text_section",
                        "elements": [
                            {
                                "type": "text",
                                "text": "Hi! Do you have a document ready to share? I'm looking to hire!"
                            }
                        ]
                    }
                ]
            }
        ],
        "thread_ts": "1641237514.072300",
        "parent_user_id": "U02QBGXUH1U"
    },
    {
        "client_msg_id": "b982a961-d3db-40c3-9c32-a8a75f3aef43",
        "type": "message",
        "text": "Hello! Looking for an Instagram engagement specialist to reply to comments, DMs. Please DM me with your IG, experience and rates!",
        "user": "U02U90EQW00",
        "ts": "1641937047.079800",
        "team": "TJE58GTJL",
        "user_team": "TJE58GTJL",
        "source_team": "TJE58GTJL",
        "user_profile": {
            "avatar_hash": "488d8e436e73",
            "image_72": "https:\/\/avatars.slack-edge.com\/2022-01-11\/2931950836374_488d8e436e735c74a1f1_72.png",
            "first_name": "Kar",
            "real_name": "Kar Brulhart",
            "display_name": "Kar Brulhart",
            "team": "TJE58GTJL",
            "name": "kar",
            "is_restricted": false,
            "is_ultra_restricted": false
        },
        "blocks": [
            {
                "type": "rich_text",
                "block_id": "MuwfG",
                "elements": [
                    {
                        "type": "rich_text_section",
                        "elements": [
                            {
                                "type": "text",
                                "text": "Hello! Looking for an Instagram engagement specialist to reply to comments, DMs. Please DM me with your IG, experience and rates!"
                            }
                        ]
                    }
                ]
            }
        ]
    },
    {
        "client_msg_id": "1d1b6b0a-cec6-4341-b662-298820912864",
        "type": "message",
        "text": "Looking for a copywriter who is skilled at sales copy, emails and blog posts. Ideally you have experience working with a service-based business or Instagram. This would be an ongoing monthly position! Please DM me with your experience and rates.",
        "user": "U02U90EQW00",
        "ts": "1641937113.081100",
        "team": "TJE58GTJL",
        "user_team": "TJE58GTJL",
        "source_team": "TJE58GTJL",
        "user_profile": {
            "avatar_hash": "488d8e436e73",
            "image_72": "https:\/\/avatars.slack-edge.com\/2022-01-11\/2931950836374_488d8e436e735c74a1f1_72.png",
            "first_name": "Kar",
            "real_name": "Kar Brulhart",
            "display_name": "Kar Brulhart",
            "team": "TJE58GTJL",
            "name": "kar",
            "is_restricted": false,
            "is_ultra_restricted": false
        },
        "blocks": [
            {
                "type": "rich_text",
                "block_id": "sI\/R",
                "elements": [
                    {
                        "type": "rich_text_section",
                        "elements": [
                            {
                                "type": "text",
                                "text": "Looking for a copywriter who is skilled at sales copy, emails and blog posts. Ideally you have experience working with a service-based business or Instagram. This would be an ongoing monthly position! Please DM me with your experience and rates."
                            }
                        ]
                    }
                ]
            }
        ],
        "thread_ts": "1641937113.081100",
        "reply_count": 4,
        "reply_users_count": 4,
        "latest_reply": "1642376226.114500",
        "reply_users": [
            "U02Q8U5T7TP",
            "U02S2UZU3D3",
            "U02MYNWUY07",
            "U02L06T4MM2"
        ],
        "replies": [
            {
                "user": "U02Q8U5T7TP",
                "ts": "1641998051.083200"
            },
            {
                "user": "U02S2UZU3D3",
                "ts": "1642023152.089200"
            },
            {
                "user": "U02MYNWUY07",
                "ts": "1642144248.103600"
            },
            {
                "user": "U02L06T4MM2",
                "ts": "1642376226.114500"
            }
        ],
        "is_locked": false,
        "subscribed": false,
        "reactions": [
            {
                "name": "white_check_mark",
                "users": [
                    "U02SQ6PSPMZ",
                    "U02S2UZU3D3",
                    "U02MYNWUY07"
                ],
                "count": 3
            }
        ]
    }
]