[
    {
        "client_msg_id": "347cacef-51fa-4609-9583-18492c982e7f",
        "type": "message",
        "text": "If you’re a journalist, writer, or editor looking for freelance work, this thread’s for you! <https:\/\/twitter.com\/kaitarford\/status\/1502780635034927106>",
        "user": "U03330MFEN4",
        "ts": "1647126058.574099",
        "team": "TJE58GTJL",
        "user_team": "TJE58GTJL",
        "source_team": "TJE58GTJL",
        "user_profile": {
            "avatar_hash": "eee78796f291",
            "image_72": "https:\/\/avatars.slack-edge.com\/2022-02-09\/3105175916912_eee78796f2919ff55228_72.png",
            "first_name": "Kaitlyn",
            "real_name": "Kaitlyn Arford",
            "display_name": "Kaitlyn Arford",
            "team": "TJE58GTJL",
            "name": "kaitlyn.arford",
            "is_restricted": false,
            "is_ultra_restricted": false
        },
        "attachments": [
            {
                "from_url": "https:\/\/twitter.com\/kaitarford\/status\/1502780635034927106",
                "ts": 1647125798,
                "id": 1,
                "original_url": "https:\/\/twitter.com\/kaitarford\/status\/1502780635034927106",
                "fallback": "<https:\/\/twitter.com\/kaitarford|@kaitarford>: Calling all journalists, writers, editors, and proofreaders looking for freelance work! This thread is for you.\n\nI've rounded up opportunities with Scary Mommy, Dotdash Meredith, Hearst, Evernote, Hubspot, and more.\n#FreelanceTwitter\n<https:\/\/www.buymeacoffee.com\/kmarford>",
                "text": "Calling all journalists, writers, editors, and proofreaders looking for freelance work! This thread is for you.\n\nI've rounded up opportunities with Scary Mommy, Dotdash Meredith, Hearst, Evernote, Hubspot, and more.\n#FreelanceTwitter\n<https:\/\/www.buymeacoffee.com\/kmarford>",
                "author_name": "Kaitlyn Arford — Freelance Writer",
                "author_link": "https:\/\/twitter.com\/kaitarford\/status\/1502780635034927106",
                "author_icon": "https:\/\/pbs.twimg.com\/profile_images\/1431348103416885252\/r4VlFNXk_normal.jpg",
                "author_subname": "@kaitarford",
                "service_name": "twitter",
                "service_url": "https:\/\/twitter.com\/",
                "footer": "Twitter",
                "footer_icon": "https:\/\/a.slack-edge.com\/80588\/img\/services\/twitter_pixel_snapped_32.png"
            }
        ],
        "blocks": [
            {
                "type": "rich_text",
                "block_id": "U3K",
                "elements": [
                    {
                        "type": "rich_text_section",
                        "elements": [
                            {
                                "type": "text",
                                "text": "If you’re a journalist, writer, or editor looking for freelance work, this thread’s for you! "
                            },
                            {
                                "type": "link",
                                "url": "https:\/\/twitter.com\/kaitarford\/status\/1502780635034927106"
                            }
                        ]
                    }
                ]
            }
        ],
        "thread_ts": "1647126058.574099",
        "reply_count": 2,
        "reply_users_count": 2,
        "latest_reply": "1647286989.614569",
        "reply_users": [
            "U02NS1CT0GH",
            "U01UDU0NHEV"
        ],
        "replies": [
            {
                "user": "U02NS1CT0GH",
                "ts": "1647163834.104059"
            },
            {
                "user": "U01UDU0NHEV",
                "ts": "1647286989.614569"
            }
        ],
        "is_locked": false,
        "subscribed": false,
        "reactions": [
            {
                "name": "heart",
                "users": [
                    "U02MYNWUY07",
                    "U01UDU0NHEV",
                    "U01TPV4F9GT"
                ],
                "count": 3
            },
            {
                "name": "+1",
                "users": [
                    "U0357715CSY",
                    "UJG9WTEKG"
                ],
                "count": 2
            }
        ]
    }
]