[
    {
        "client_msg_id": "ab41e82c-ef50-46ed-bbba-fb7b07341b0b",
        "type": "message",
        "text": "Nice <@U03330MFEN4> thanks for putting this together",
        "user": "U02CTCZEL3E",
        "ts": "1645099781.840119",
        "team": "TJE58GTJL",
        "user_team": "TJE58GTJL",
        "source_team": "TJE58GTJL",
        "user_profile": {
            "avatar_hash": "g3beeb2d18df",
            "image_72": "https:\/\/secure.gravatar.com\/avatar\/3beeb2d18dfb62c4a48be52d8c8931d0.jpg?s=72&d=https%3A%2F%2Fa.slack-edge.com%2Fdf10d%2Fimg%2Favatars%2Fava_0018-72.png",
            "first_name": "Craig",
            "real_name": "Craig Dennis",
            "display_name": "Craig",
            "team": "TJE58GTJL",
            "name": "craigdennis1990",
            "is_restricted": false,
            "is_ultra_restricted": false
        },
        "blocks": [
            {
                "type": "rich_text",
                "block_id": "cXVp",
                "elements": [
                    {
                        "type": "rich_text_section",
                        "elements": [
                            {
                                "type": "text",
                                "text": "Nice "
                            },
                            {
                                "type": "user",
                                "user_id": "U03330MFEN4"
                            },
                            {
                                "type": "text",
                                "text": " thanks for putting this together"
                            }
                        ]
                    }
                ]
            }
        ],
        "thread_ts": "1645044049.160579",
        "parent_user_id": "U03330MFEN4",
        "reactions": [
            {
                "name": "heart",
                "users": [
                    "U03330MFEN4"
                ],
                "count": 1
            }
        ]
    },
    {
        "type": "message",
        "text": "Re-sharing this! If you’d like to weigh in on the topic of freelance vs. FT, please fill out this quick survey :point_down: I’m writing a blog post for superpath and would appreciate any and all insight! ",
        "user": "U030Y8U92UW",
        "ts": "1645123796.249999",
        "team": "TJE58GTJL",
        "user_team": "TJE58GTJL",
        "source_team": "TJE58GTJL",
        "user_profile": {
            "avatar_hash": "g4edd483d534",
            "image_72": "https:\/\/secure.gravatar.com\/avatar\/4edd483d534bd284a1cf6c01a29cab5e.jpg?s=72&d=https%3A%2F%2Fa.slack-edge.com%2Fdf10d%2Fimg%2Favatars%2Fava_0021-72.png",
            "first_name": "Sam",
            "real_name": "Sam Lauron",
            "display_name": "Sam Lauron",
            "team": "TJE58GTJL",
            "name": "lauron.sam",
            "is_restricted": false,
            "is_ultra_restricted": false
        },
        "attachments": [
            {
                "ts": "1644963629.604559",
                "author_id": "UJG9WTEKG",
                "channel_team": "TJE58GTJL",
                "channel_id": "C021RFDHEMD",
                "channel_name": "all-things-freelance",
                "is_msg_unfurl": true,
                "message_blocks": [
                    {
                        "team": "TJE58GTJL",
                        "channel": "C021RFDHEMD",
                        "ts": "1644963629.604559",
                        "message": {
                            "blocks": [
                                {
                                    "type": "rich_text",
                                    "block_id": "ywET7",
                                    "elements": [
                                        {
                                            "type": "rich_text_section",
                                            "elements": [
                                                {
                                                    "type": "user",
                                                    "user_id": "U030Y8U92UW"
                                                },
                                                {
                                                    "type": "text",
                                                    "text": " is writing a post based on the responses to "
                                                },
                                                {
                                                    "type": "link",
                                                    "url": "https:\/\/twitter.com\/jimmy_daly\/status\/1488169957267582981",
                                                    "text": "this tweet"
                                                },
                                                {
                                                    "type": "text",
                                                    "text": ". if you'd like to weigh in, you can DM her and\/or fill out this quick survey → "
                                                },
                                                {
                                                    "type": "link",
                                                    "url": "https:\/\/docs.google.com\/forms\/d\/e\/1FAIpQLScKIMEOIipoN5OyHm4kQVOnQzwecMzBdW0AYWASxcuvdSCfBw\/viewform"
                                                }
                                            ]
                                        }
                                    ]
                                }
                            ]
                        }
                    }
                ],
                "color": "D0D0D0",
                "from_url": "https:\/\/content-career-growth.slack.com\/archives\/C021RFDHEMD\/p1644963629604559",
                "is_share": true,
                "fallback": "[February 15th, 2022 4:20 PM] runjimdaly: <@U030Y8U92UW> is writing a post based on the responses to <https:\/\/twitter.com\/jimmy_daly\/status\/1488169957267582981|this tweet>. if you'd like to weigh in, you can DM her and\/or fill out this quick survey → <https:\/\/docs.google.com\/forms\/d\/e\/1FAIpQLScKIMEOIipoN5OyHm4kQVOnQzwecMzBdW0AYWASxcuvdSCfBw\/viewform>",
                "text": "<@U030Y8U92UW> is writing a post based on the responses to <https:\/\/twitter.com\/jimmy_daly\/status\/1488169957267582981|this tweet>. if you'd like to weigh in, you can DM her and\/or fill out this quick survey → <https:\/\/docs.google.com\/forms\/d\/e\/1FAIpQLScKIMEOIipoN5OyHm4kQVOnQzwecMzBdW0AYWASxcuvdSCfBw\/viewform>",
                "author_name": "Jimmy Daly",
                "author_link": "https:\/\/content-career-growth.slack.com\/team\/UJG9WTEKG",
                "author_icon": "https:\/\/secure.gravatar.com\/avatar\/eec25b94e6ebf55f0b7933372344cd09.jpg?s=48&d=https%3A%2F%2Fa.slack-edge.com%2Fdf10d%2Fimg%2Favatars%2Fava_0001-48.png",
                "author_subname": "Jimmy Daly",
                "mrkdwn_in": [
                    "text"
                ],
                "footer": "Posted in #all-things-freelance"
            }
        ],
        "reactions": [
            {
                "name": "raised_hands",
                "users": [
                    "U02H3K9BEMA",
                    "U0211K6LSM9",
                    "U02F1GK6U6B",
                    "U033T3XET3K",
                    "U032ZSUCR71"
                ],
                "count": 5
            },
            {
                "name": "heart",
                "users": [
                    "U033EF4909G"
                ],
                "count": 1
            }
        ]
    },
    {
        "client_msg_id": "62f7db75-1a9e-4afc-8500-7d8ab74b4f36",
        "type": "message",
        "text": "<@U03330MFEN4> Great resource!",
        "user": "U0211K6LSM9",
        "ts": "1645128244.679829",
        "team": "TJE58GTJL",
        "user_team": "TJE58GTJL",
        "source_team": "TJE58GTJL",
        "user_profile": {
            "avatar_hash": "17a67a2d4c3f",
            "image_72": "https:\/\/avatars.slack-edge.com\/2021-05-11\/2047708214598_17a67a2d4c3f41527a1b_72.jpg",
            "first_name": "Sara",
            "real_name": "Sara Gates",
            "display_name": "Sara Gates",
            "team": "TJE58GTJL",
            "name": "sara858",
            "is_restricted": false,
            "is_ultra_restricted": false
        },
        "blocks": [
            {
                "type": "rich_text",
                "block_id": "F\/Yn",
                "elements": [
                    {
                        "type": "rich_text_section",
                        "elements": [
                            {
                                "type": "user",
                                "user_id": "U03330MFEN4"
                            },
                            {
                                "type": "text",
                                "text": " Great resource!"
                            }
                        ]
                    }
                ]
            }
        ],
        "thread_ts": "1645044049.160579",
        "parent_user_id": "U03330MFEN4",
        "reactions": [
            {
                "name": "heart",
                "users": [
                    "U03330MFEN4"
                ],
                "count": 1
            }
        ]
    },
    {
        "client_msg_id": "442d2c18-5482-4d5c-849d-4d5e6ab3abcc",
        "type": "message",
        "text": "My team at <http:\/\/openphone.co\/|OpenPhone> is looking for additional freelancer writers who can develop organic search-driven content for our blog. B2B and SaaS experience is a big plus. Briefs will be provided for each post and we're looking for folks who can write for us 1-2 times per week (1,200-1,500 word articles). If interested, please DM me your rates and portfolios.",
        "user": "U0166H7KUAZ",
        "ts": "1645128796.566759",
        "team": "TJE58GTJL",
        "user_team": "TJE58GTJL",
        "source_team": "TJE58GTJL",
        "user_profile": {
            "avatar_hash": "f58be1456496",
            "image_72": "https:\/\/avatars.slack-edge.com\/2020-06-29\/1197308509671_f58be1456496f374b7ea_72.jpg",
            "first_name": "",
            "real_name": "Phillip Paquette",
            "display_name": "Phillip Paquette",
            "team": "TJE58GTJL",
            "name": "phillippaquette",
            "is_restricted": false,
            "is_ultra_restricted": false
        },
        "blocks": [
            {
                "type": "rich_text",
                "block_id": "IU+\/",
                "elements": [
                    {
                        "type": "rich_text_section",
                        "elements": [
                            {
                                "type": "text",
                                "text": "My team at "
                            },
                            {
                                "type": "link",
                                "url": "http:\/\/openphone.co\/",
                                "text": "OpenPhone"
                            },
                            {
                                "type": "text",
                                "text": " is looking for additional freelancer writers who can develop organic search-driven content for our blog. B2B and SaaS experience is a big plus. Briefs will be provided for each post and we're looking for folks who can write for us 1-2 times per week (1,200-1,500 word articles). If interested, please DM me your rates and portfolios."
                            }
                        ]
                    }
                ]
            }
        ],
        "thread_ts": "1645128796.566759",
        "reply_count": 8,
        "reply_users_count": 8,
        "latest_reply": "1645547231.211159",
        "reply_users": [
            "U027KKWUY12",
            "U022WPACV4L",
            "U02MYNWUY07",
            "UN87U2NEQ",
            "U028D815JA0",
            "U02MX01BC4C",
            "U02PRMEAP0V",
            "U033BJALH0V"
        ],
        "replies": [
            {
                "user": "U027KKWUY12",
                "ts": "1645129411.926519"
            },
            {
                "user": "U022WPACV4L",
                "ts": "1645133053.133199"
            },
            {
                "user": "U02MYNWUY07",
                "ts": "1645159262.015589"
            },
            {
                "user": "UN87U2NEQ",
                "ts": "1645177828.745049"
            },
            {
                "user": "U028D815JA0",
                "ts": "1645179952.039249"
            },
            {
                "user": "U02MX01BC4C",
                "ts": "1645187907.188409"
            },
            {
                "user": "U02PRMEAP0V",
                "ts": "1645252787.142939"
            },
            {
                "user": "U033BJALH0V",
                "ts": "1645547231.211159"
            }
        ],
        "is_locked": false,
        "subscribed": false,
        "reactions": [
            {
                "name": "white_check_mark",
                "users": [
                    "U033BJXTHAT",
                    "U01PXN2LGAK",
                    "U032D7YLJ2W"
                ],
                "count": 3
            }
        ]
    },
    {
        "client_msg_id": "E40F731A-051F-460B-9628-0B8BAAB15B7E",
        "type": "message",
        "text": "DM Sent",
        "user": "U027KKWUY12",
        "ts": "1645129411.926519",
        "team": "TJE58GTJL",
        "user_team": "TJE58GTJL",
        "source_team": "TJE58GTJL",
        "user_profile": {
            "avatar_hash": "f2176ca29ce5",
            "image_72": "https:\/\/avatars.slack-edge.com\/2021-07-14\/2268394227302_f2176ca29ce5a159a5bb_72.png",
            "first_name": "Lapite",
            "real_name": "Lapite Olamide",
            "display_name": "Olamide",
            "team": "TJE58GTJL",
            "name": "lapite3",
            "is_restricted": false,
            "is_ultra_restricted": false
        },
        "blocks": [
            {
                "type": "rich_text",
                "block_id": "n\/q9",
                "elements": [
                    {
                        "type": "rich_text_section",
                        "elements": [
                            {
                                "type": "text",
                                "text": "DM Sent"
                            }
                        ]
                    }
                ]
            }
        ],
        "thread_ts": "1645128796.566759",
        "parent_user_id": "U0166H7KUAZ"
    },
    {
        "client_msg_id": "376516f8-f625-4f35-9143-947075b2c9e4",
        "type": "message",
        "text": "Highly recommend working with OpenPhone. I worked with them on content when they just started out and I can say Daryna and the rest of the team are pretty dang great",
        "user": "U022WPACV4L",
        "ts": "1645133053.133199",
        "team": "TJE58GTJL",
        "user_team": "TJE58GTJL",
        "source_team": "TJE58GTJL",
        "user_profile": {
            "avatar_hash": "bc588db919e3",
            "image_72": "https:\/\/avatars.slack-edge.com\/2021-05-21\/2092645159746_bc588db919e300f6dc48_72.jpg",
            "first_name": "Taran",
            "real_name": "Taran Soodan",
            "display_name": "Taran Soodan",
            "team": "TJE58GTJL",
            "name": "taran",
            "is_restricted": false,
            "is_ultra_restricted": false
        },
        "blocks": [
            {
                "type": "rich_text",
                "block_id": "SPh+",
                "elements": [
                    {
                        "type": "rich_text_section",
                        "elements": [
                            {
                                "type": "text",
                                "text": "Highly recommend working with OpenPhone. I worked with them on content when they just started out and I can say Daryna and the rest of the team are pretty dang great"
                            }
                        ]
                    }
                ]
            }
        ],
        "thread_ts": "1645128796.566759",
        "parent_user_id": "U0166H7KUAZ"
    },
    {
        "client_msg_id": "872270f7-5784-457d-b929-813ebde5747d",
        "type": "message",
        "text": "<@U02AR2XSN1M>, I've never asked for payment upfront too. Most of my client pay 100% after I'm done with the project. However, I'm considering it now because one client ghosted and is yet to pay me.",
        "user": "UUVRK10QG",
        "ts": "1645139227.894579",
        "team": "TJE58GTJL",
        "user_team": "TJE58GTJL",
        "source_team": "TJE58GTJL",
        "user_profile": {
            "avatar_hash": "4ffef16a9259",
            "image_72": "https:\/\/avatars.slack-edge.com\/2022-02-18\/3109627660935_4ffef16a925938854d49_72.png",
            "first_name": "Femi",
            "real_name": "Femi Oyelola",
            "display_name": "",
            "team": "TJE58GTJL",
            "name": "oluwafemiwrites",
            "is_restricted": false,
            "is_ultra_restricted": false
        },
        "blocks": [
            {
                "type": "rich_text",
                "block_id": "VYIk1",
                "elements": [
                    {
                        "type": "rich_text_section",
                        "elements": [
                            {
                                "type": "user",
                                "user_id": "U02AR2XSN1M"
                            },
                            {
                                "type": "text",
                                "text": ", I've never asked for payment upfront too. Most of my client pay 100% after I'm done with the project. However, I'm considering it now because one client ghosted and is yet to pay me."
                            }
                        ]
                    }
                ]
            }
        ],
        "thread_ts": "1644960891.936459",
        "parent_user_id": "UUVRK10QG"
    },
    {
        "client_msg_id": "b852aa92-ac03-4290-bcbc-8cc3ebbcc853",
        "type": "message",
        "text": "I've found people are usually quite accommodating paying upfront. I don't think you have anything to lose from asking.",
        "user": "U033EF4909G",
        "ts": "1645144336.092239",
        "team": "TJE58GTJL",
        "user_team": "TJE58GTJL",
        "source_team": "TJE58GTJL",
        "user_profile": {
            "avatar_hash": "7183bb54e898",
            "image_72": "https:\/\/avatars.slack-edge.com\/2022-02-18\/3124406962643_7183bb54e898dec6a3f1_72.jpg",
            "first_name": "Natasha",
            "real_name": "Natasha Abramson",
            "display_name": "Natasha",
            "team": "TJE58GTJL",
            "name": "natasha006",
            "is_restricted": false,
            "is_ultra_restricted": false
        },
        "blocks": [
            {
                "type": "rich_text",
                "block_id": "qEC",
                "elements": [
                    {
                        "type": "rich_text_section",
                        "elements": [
                            {
                                "type": "text",
                                "text": "I've found people are usually quite accommodating paying upfront. I don't think you have anything to lose from asking."
                            }
                        ]
                    }
                ]
            }
        ],
        "thread_ts": "1644960891.936459",
        "parent_user_id": "UUVRK10QG"
    },
    {
        "client_msg_id": "85FFD3A3-9F40-4FAA-B269-70049FFC7E31",
        "type": "message",
        "text": "Sent you a DM",
        "user": "U02MYNWUY07",
        "ts": "1645159262.015589",
        "team": "TJE58GTJL",
        "user_team": "TJE58GTJL",
        "source_team": "TJE58GTJL",
        "user_profile": {
            "avatar_hash": "97d060ffa1e3",
            "image_72": "https:\/\/avatars.slack-edge.com\/2021-11-24\/2760700896917_97d060ffa1e3300aafe2_72.png",
            "first_name": "Purvi",
            "real_name": "Purvi Kalra",
            "display_name": "Purvi Kalra",
            "team": "TJE58GTJL",
            "name": "purkalra41",
            "is_restricted": false,
            "is_ultra_restricted": false
        },
        "blocks": [
            {
                "type": "rich_text",
                "block_id": "zcRv",
                "elements": [
                    {
                        "type": "rich_text_section",
                        "elements": [
                            {
                                "type": "text",
                                "text": "Sent you a DM"
                            }
                        ]
                    }
                ]
            }
        ],
        "thread_ts": "1645128796.566759",
        "parent_user_id": "U0166H7KUAZ"
    },
    {
        "client_msg_id": "040ab8ea-f3bb-481c-9843-6ea1621bc20d",
        "type": "message",
        "text": "Thank you, <@U02UNK9DJSZ>!",
        "user": "U031B8HB5FB",
        "ts": "1645160040.163549",
        "team": "TJE58GTJL",
        "user_team": "TJE58GTJL",
        "source_team": "TJE58GTJL",
        "user_profile": {
            "avatar_hash": "00d87ccfb42a",
            "image_72": "https:\/\/avatars.slack-edge.com\/2022-02-02\/3033846562567_00d87ccfb42a0696543e_72.jpg",
            "first_name": "Jill",
            "real_name": "Jill Golden",
            "display_name": "Jill Golden",
            "team": "TJE58GTJL",
            "name": "jillkgolden",
            "is_restricted": false,
            "is_ultra_restricted": false
        },
        "blocks": [
            {
                "type": "rich_text",
                "block_id": "Q=e",
                "elements": [
                    {
                        "type": "rich_text_section",
                        "elements": [
                            {
                                "type": "text",
                                "text": "Thank you, "
                            },
                            {
                                "type": "user",
                                "user_id": "U02UNK9DJSZ"
                            },
                            {
                                "type": "text",
                                "text": "!"
                            }
                        ]
                    }
                ]
            }
        ],
        "thread_ts": "1644543348.425669",
        "parent_user_id": "U031B8HB5FB"
    },
    {
        "client_msg_id": "704d4108-34b9-459b-bb21-bcbd56805dcc",
        "type": "message",
        "text": "I've had just one client push back on upfront payment. Others had no issues with it. I usually collect 30% upfront.",
        "user": "U025H70LG86",
        "ts": "1645164627.586119",
        "team": "TJE58GTJL",
        "user_team": "TJE58GTJL",
        "source_team": "TJE58GTJL",
        "user_profile": {
            "avatar_hash": "gab7e3d572a3",
            "image_72": "https:\/\/secure.gravatar.com\/avatar\/ab7e3d572a31f84ddbcde1de89912ecd.jpg?s=72&d=https%3A%2F%2Fa.slack-edge.com%2Fdf10d%2Fimg%2Favatars%2Fava_0002-72.png",
            "first_name": "Precious",
            "real_name": "Precious Oboidhe",
            "display_name": "Precious Oboidhe",
            "team": "TJE58GTJL",
            "name": "poboidhe",
            "is_restricted": false,
            "is_ultra_restricted": false
        },
        "blocks": [
            {
                "type": "rich_text",
                "block_id": "VXen",
                "elements": [
                    {
                        "type": "rich_text_section",
                        "elements": [
                            {
                                "type": "text",
                                "text": "I've had just one client push back on upfront payment. Others had no issues with it. I usually collect 30% upfront."
                            }
                        ]
                    }
                ]
            }
        ],
        "thread_ts": "1644960891.936459",
        "parent_user_id": "UUVRK10QG"
    }
]