[
    {
        "client_msg_id": "f4f6c0ba-bf83-48a9-9226-e05727adb56c",
        "type": "message",
        "text": "I use HARO for both pitching and for my writing. You always get some completely irrelevant answers, but there is a button to click “This pitch is not relevant”. I get very trigger happy with it when I get stuff I didn’t ask for.\n\nThe more specific you are the better you are. I once made the mistake of asking a very broad question and got hundreds of emails and then had to email people back asking for headshots.\n\nHelp a b2b writer is better in terms of quality answers from what I have heard (though most of the content I need help with is B2C), and I use it regularly as a source when there is something relevant.\n\nSourcebottle is another alternative (good for AU\/UK markets as well as US),  though I use it less these days as I find for our business HARO is a better place to get the answers I am looking for.",
        "user": "U02CNJTK7TN",
        "ts": "1646064471.145809",
        "team": "TJE58GTJL",
        "user_team": "TJE58GTJL",
        "source_team": "TJE58GTJL",
        "user_profile": {
            "avatar_hash": "23419d3e3dc2",
            "image_72": "https:\/\/avatars.slack-edge.com\/2021-08-27\/2420483248710_23419d3e3dc28330bb93_72.png",
            "first_name": "Ashley",
            "real_name": "Ashley Howe",
            "display_name": "Ashley Howe",
            "team": "TJE58GTJL",
            "name": "a.howe",
            "is_restricted": false,
            "is_ultra_restricted": false
        },
        "blocks": [
            {
                "type": "rich_text",
                "block_id": "Uo=",
                "elements": [
                    {
                        "type": "rich_text_section",
                        "elements": [
                            {
                                "type": "text",
                                "text": "I use HARO for both pitching and for my writing. You always get some completely irrelevant answers, but there is a button to click “This pitch is not relevant”. I get very trigger happy with it when I get stuff I didn’t ask for.\n\nThe more specific you are the better you are. I once made the mistake of asking a very broad question and got hundreds of emails and then had to email people back asking for headshots.\n\nHelp a b2b writer is better in terms of quality answers from what I have heard (though most of the content I need help with is B2C), and I use it regularly as a source when there is something relevant.\n\nSourcebottle is another alternative (good for AU\/UK markets as well as US),  though I use it less these days as I find for our business HARO is a better place to get the answers I am looking for."
                            }
                        ]
                    }
                ]
            }
        ],
        "thread_ts": "1645717177.371539",
        "parent_user_id": "U031FGHH00M"
    },
    {
        "client_msg_id": "4f582602-0f95-4d74-bae1-616716cf5282",
        "type": "message",
        "text": "Hello all,\n\nI head up content marketing at 15Five and I'm looking to build out my arsenal of experienced freelancer writers as we scale up our content production this year. (Check out <https:\/\/15five.com\/blog|the blog> to see some of the content we put out)\n\nPotential types of content include: blog writing (for SEO and thought leadership), eBooks, landing page copy, email copy.\n\nMust have experience writing for B2B tech, major plus for experience writing for HR\/HR tech, and\/or writing about the workplace.\n\nIf this is you, or if you work in a similar space and have freelancers you'd recommend, please email me at <mailto:leah.bury@15five.com|leah.bury@15five.com>.\n\nInclude name, portfolio\/work samples, and typical rates. Thank you!",
        "user": "U02TQCETCT1",
        "ts": "1646071535.697729",
        "team": "TJE58GTJL",
        "user_team": "TJE58GTJL",
        "source_team": "TJE58GTJL",
        "user_profile": {
            "avatar_hash": "4fc877de6317",
            "image_72": "https:\/\/avatars.slack-edge.com\/2022-01-14\/2942698553655_4fc877de6317f65c2d3d_72.jpg",
            "first_name": "Leah",
            "real_name": "Leah Bury",
            "display_name": "Leah Bury",
            "team": "TJE58GTJL",
            "name": "leah.bury",
            "is_restricted": false,
            "is_ultra_restricted": false
        },
        "edited": {
            "user": "U02TQCETCT1",
            "ts": "1646071601.000000"
        },
        "blocks": [
            {
                "type": "rich_text",
                "block_id": "=IA",
                "elements": [
                    {
                        "type": "rich_text_section",
                        "elements": [
                            {
                                "type": "text",
                                "text": "Hello all,\n\nI head up content marketing at 15Five and I'm looking to build out my arsenal of experienced freelancer writers as we scale up our content production this year. (Check out "
                            },
                            {
                                "type": "link",
                                "url": "https:\/\/15five.com\/blog",
                                "text": "the blog"
                            },
                            {
                                "type": "text",
                                "text": " to see some of the content we put out)\n\nPotential types of content include: blog writing (for SEO and thought leadership), eBooks, landing page copy, email copy.\n\nMust have experience writing for B2B tech, major plus for experience writing for HR\/HR tech, and\/or writing about the workplace.\n\nIf this is you, or if you work in a similar space and have freelancers you'd recommend, please email me at "
                            },
                            {
                                "type": "link",
                                "url": "mailto:leah.bury@15five.com",
                                "text": "leah.bury@15five.com"
                            },
                            {
                                "type": "text",
                                "text": ".\n\nInclude name, portfolio\/work samples, and typical rates. Thank you!"
                            }
                        ]
                    }
                ]
            }
        ],
        "thread_ts": "1646071535.697729",
        "reply_count": 5,
        "reply_users_count": 5,
        "latest_reply": "1646137735.840049",
        "reply_users": [
            "UN227ML2H",
            "U02HWBZS9QC",
            "U030HE4UH50",
            "U034NCQDL4C",
            "U032FH3TB0C"
        ],
        "replies": [
            {
                "user": "UN227ML2H",
                "ts": "1646071896.974439"
            },
            {
                "user": "U02HWBZS9QC",
                "ts": "1646074728.460809"
            },
            {
                "user": "U030HE4UH50",
                "ts": "1646075222.793779"
            },
            {
                "user": "U034NCQDL4C",
                "ts": "1646083729.363039"
            },
            {
                "user": "U032FH3TB0C",
                "ts": "1646137735.840049"
            }
        ],
        "is_locked": false,
        "subscribed": false,
        "reactions": [
            {
                "name": "partyparrot",
                "users": [
                    "UJG9WTEKG",
                    "UN227ML2H",
                    "U0231C2LYNM",
                    "U01J85VRKF1",
                    "U02S2UZU3D3",
                    "U02F1GK6U6B",
                    "U0188DZQPB8",
                    "U012GHRAHDK",
                    "U02PQ08HCSF",
                    "U02PRMEAP0V",
                    "U032D7YLJ2W",
                    "U034488RZ0Q",
                    "UJJELJPNH",
                    "UJE6FLEFJ"
                ],
                "count": 14
            },
            {
                "name": "white_check_mark",
                "users": [
                    "U02DQ4MB30E",
                    "U02DC3GJLG6"
                ],
                "count": 2
            },
            {
                "name": "+1",
                "users": [
                    "U02F3EQ4Z08",
                    "U02KR8EC0TY"
                ],
                "count": 2
            },
            {
                "name": "+1::skin-tone-3",
                "users": [
                    "U0306LHA2MQ"
                ],
                "count": 1
            }
        ]
    },
    {
        "client_msg_id": "5092c0aa-c1a2-47fe-b42d-0fde309fec4c",
        "type": "message",
        "text": "<@U02G1JY10HW> :hugging_face:",
        "user": "UN227ML2H",
        "ts": "1646071896.974439",
        "team": "TJE58GTJL",
        "user_team": "TJE58GTJL",
        "source_team": "TJE58GTJL",
        "user_profile": {
            "avatar_hash": "73075d02e70f",
            "image_72": "https:\/\/avatars.slack-edge.com\/2020-09-28\/1393806804451_73075d02e70f4a4344d6_72.jpg",
            "first_name": "Whitney",
            "real_name": "Whitney Rudeseal Peet",
            "display_name": "Whitney Rudeseal Peet",
            "team": "TJE58GTJL",
            "name": "whitneyrudeseal",
            "is_restricted": false,
            "is_ultra_restricted": false
        },
        "blocks": [
            {
                "type": "rich_text",
                "block_id": "x=e0",
                "elements": [
                    {
                        "type": "rich_text_section",
                        "elements": [
                            {
                                "type": "user",
                                "user_id": "U02G1JY10HW"
                            },
                            {
                                "type": "text",
                                "text": " "
                            },
                            {
                                "type": "emoji",
                                "name": "hugging_face"
                            }
                        ]
                    }
                ]
            }
        ],
        "thread_ts": "1646071535.697729",
        "parent_user_id": "U02TQCETCT1",
        "reactions": [
            {
                "name": "heart",
                "users": [
                    "U02TQCETCT1",
                    "U02G1JY10HW"
                ],
                "count": 2
            }
        ]
    },
    {
        "client_msg_id": "b98ee9ea-b73e-4e57-8b50-b3179b059ce0",
        "type": "message",
        "text": "*Fellow freelancers!* Do any of you track your time to see how you're spending it? I was using Toggl for a while but not sure I saw much value behind doing so. I'd love to hear your thoughts!",
        "user": "U02H3K9BEMA",
        "ts": "1646073806.055639",
        "team": "TJE58GTJL",
        "user_team": "TJE58GTJL",
        "source_team": "TJE58GTJL",
        "user_profile": {
            "avatar_hash": "09a184af1fd8",
            "image_72": "https:\/\/avatars.slack-edge.com\/2021-10-07\/2592228292273_09a184af1fd866e135e1_72.jpg",
            "first_name": "Claire",
            "real_name": "Claire Beveridge",
            "display_name": "Claire Beveridge",
            "team": "TJE58GTJL",
            "name": "claire919",
            "is_restricted": false,
            "is_ultra_restricted": false
        },
        "blocks": [
            {
                "type": "rich_text",
                "block_id": "6rut",
                "elements": [
                    {
                        "type": "rich_text_section",
                        "elements": [
                            {
                                "type": "text",
                                "text": "Fellow freelancers! ",
                                "style": {
                                    "bold": true
                                }
                            },
                            {
                                "type": "text",
                                "text": "Do any of you track your time to see how you're spending it? I was using Toggl for a while but not sure I saw much value behind doing so. I'd love to hear your thoughts!"
                            }
                        ]
                    }
                ]
            }
        ],
        "thread_ts": "1646073806.055639",
        "reply_count": 16,
        "reply_users_count": 12,
        "latest_reply": "1646241761.441659",
        "reply_users": [
            "U0211K6LSM9",
            "UJG9WTEKG",
            "U01SFTTQ483",
            "U01L6NE17PA",
            "U02H3K9BEMA",
            "U034NCQDL4C",
            "U02F1GK6U6B",
            "U02AR2XSN1M",
            "U02CVNB3X1T",
            "U02J7DM81AQ",
            "U030TFJMQ74",
            "U01UDU0NHEV"
        ],
        "replies": [
            {
                "user": "U0211K6LSM9",
                "ts": "1646075187.874459"
            },
            {
                "user": "UJG9WTEKG",
                "ts": "1646075454.531349"
            },
            {
                "user": "UJG9WTEKG",
                "ts": "1646075496.035969"
            },
            {
                "user": "U01SFTTQ483",
                "ts": "1646075523.404209"
            },
            {
                "user": "U01L6NE17PA",
                "ts": "1646076769.034279"
            },
            {
                "user": "U02H3K9BEMA",
                "ts": "1646081055.399509"
            },
            {
                "user": "U02H3K9BEMA",
                "ts": "1646081081.014989"
            },
            {
                "user": "U034NCQDL4C",
                "ts": "1646083796.924889"
            },
            {
                "user": "U034NCQDL4C",
                "ts": "1646083867.954619"
            },
            {
                "user": "U02F1GK6U6B",
                "ts": "1646085095.235689"
            },
            {
                "user": "U02AR2XSN1M",
                "ts": "1646085954.602239"
            },
            {
                "user": "U02CVNB3X1T",
                "ts": "1646140789.318609"
            },
            {
                "user": "U02J7DM81AQ",
                "ts": "1646148571.509429"
            },
            {
                "user": "U030TFJMQ74",
                "ts": "1646153149.436769"
            },
            {
                "user": "U01UDU0NHEV",
                "ts": "1646153824.816799"
            },
            {
                "user": "U02H3K9BEMA",
                "ts": "1646241761.441659"
            }
        ],
        "is_locked": false,
        "subscribed": true,
        "last_read": "1646241761.441659"
    },
    {
        "client_msg_id": "d8e61095-42eb-4ca2-92b9-6a106c82842a",
        "type": "message",
        "text": "Rolled out an email <@U02TQCETCT1>\n\nThanks for posting :slightly_smiling_face:",
        "user": "U02HWBZS9QC",
        "ts": "1646074728.460809",
        "team": "TJE58GTJL",
        "user_team": "TJE58GTJL",
        "source_team": "TJE58GTJL",
        "user_profile": {
            "avatar_hash": "cea3c2adb719",
            "image_72": "https:\/\/avatars.slack-edge.com\/2021-12-23\/2879299611220_cea3c2adb71995b8fd88_72.jpg",
            "first_name": "Ankit",
            "real_name": "Ankit Vora",
            "display_name": "",
            "team": "TJE58GTJL",
            "name": "ankitplaynody",
            "is_restricted": false,
            "is_ultra_restricted": false
        },
        "blocks": [
            {
                "type": "rich_text",
                "block_id": "EkC=",
                "elements": [
                    {
                        "type": "rich_text_section",
                        "elements": [
                            {
                                "type": "text",
                                "text": "Rolled out an email "
                            },
                            {
                                "type": "user",
                                "user_id": "U02TQCETCT1"
                            },
                            {
                                "type": "text",
                                "text": "\n\nThanks for posting "
                            },
                            {
                                "type": "emoji",
                                "name": "slightly_smiling_face"
                            }
                        ]
                    }
                ]
            }
        ],
        "thread_ts": "1646071535.697729",
        "parent_user_id": "U02TQCETCT1"
    },
    {
        "client_msg_id": "7fec575e-f465-4a47-8a5c-993492f268fc",
        "type": "message",
        "text": "Yes! I track everything in Freshbooks, including my admin time. I find two primary benefits: 1) It helps me understand how long certain kinds of writing projects take, so I can be confident in my pricing estimates; 2) it helps keep me focused and on-ask when I’m “on the clock” for specific projects",
        "user": "U0211K6LSM9",
        "ts": "1646075187.874459",
        "team": "TJE58GTJL",
        "user_team": "TJE58GTJL",
        "source_team": "TJE58GTJL",
        "user_profile": {
            "avatar_hash": "17a67a2d4c3f",
            "image_72": "https:\/\/avatars.slack-edge.com\/2021-05-11\/2047708214598_17a67a2d4c3f41527a1b_72.jpg",
            "first_name": "Sara",
            "real_name": "Sara Gates",
            "display_name": "Sara Gates",
            "team": "TJE58GTJL",
            "name": "sara858",
            "is_restricted": false,
            "is_ultra_restricted": false
        },
        "blocks": [
            {
                "type": "rich_text",
                "block_id": "A6R",
                "elements": [
                    {
                        "type": "rich_text_section",
                        "elements": [
                            {
                                "type": "text",
                                "text": "Yes! I track everything in Freshbooks, including my admin time. I find two primary benefits: 1) It helps me understand how long certain kinds of writing projects take, so I can be confident in my pricing estimates; 2) it helps keep me focused and on-ask when I’m “on the clock” for specific projects"
                            }
                        ]
                    }
                ]
            }
        ],
        "thread_ts": "1646073806.055639",
        "parent_user_id": "U02H3K9BEMA",
        "reactions": [
            {
                "name": "+1",
                "users": [
                    "U034H601T7X",
                    "U03330MFEN4",
                    "U01UDU0NHEV",
                    "U033BJALH0V"
                ],
                "count": 4
            },
            {
                "name": "+1::skin-tone-3",
                "users": [
                    "U031B8HB5FB"
                ],
                "count": 1
            }
        ]
    },
    {
        "client_msg_id": "e45d5355-ccfd-48e9-aa69-d683292656a8",
        "type": "message",
        "text": "<@U01JY1S0DUY>",
        "user": "U030HE4UH50",
        "ts": "1646075222.793779",
        "team": "TJE58GTJL",
        "user_team": "TJE58GTJL",
        "source_team": "TJE58GTJL",
        "user_profile": {
            "avatar_hash": "b046a0357caf",
            "image_72": "https:\/\/avatars.slack-edge.com\/2022-01-27\/3014838228213_b046a0357caff0c37675_72.jpg",
            "first_name": "Afoma",
            "real_name": "Afoma Umesi",
            "display_name": "Afoma Umesi",
            "team": "TJE58GTJL",
            "name": "afomaumesi",
            "is_restricted": false,
            "is_ultra_restricted": false
        },
        "blocks": [
            {
                "type": "rich_text",
                "block_id": "u19h+",
                "elements": [
                    {
                        "type": "rich_text_section",
                        "elements": [
                            {
                                "type": "user",
                                "user_id": "U01JY1S0DUY"
                            }
                        ]
                    }
                ]
            }
        ],
        "thread_ts": "1646071535.697729",
        "parent_user_id": "U02TQCETCT1",
        "reactions": [
            {
                "name": "heart",
                "users": [
                    "U01JY1S0DUY"
                ],
                "count": 1
            }
        ]
    },
    {
        "client_msg_id": "928a7754-c20e-4c1b-88ef-74b6203cede0",
        "type": "message",
        "text": "folks at harlow are doing an AMA on this on wed. their product does it (in addition to some other things)",
        "user": "UJG9WTEKG",
        "ts": "1646075454.531349",
        "team": "TJE58GTJL",
        "user_team": "TJE58GTJL",
        "source_team": "TJE58GTJL",
        "user_profile": {
            "avatar_hash": "gc25b94e6ebf",
            "image_72": "https:\/\/secure.gravatar.com\/avatar\/eec25b94e6ebf55f0b7933372344cd09.jpg?s=72&d=https%3A%2F%2Fa.slack-edge.com%2Fdf10d%2Fimg%2Favatars%2Fava_0001-72.png",
            "first_name": "Jimmy",
            "real_name": "Jimmy Daly",
            "display_name": "",
            "team": "TJE58GTJL",
            "name": "runjimdaly",
            "is_restricted": false,
            "is_ultra_restricted": false
        },
        "blocks": [
            {
                "type": "rich_text",
                "block_id": "t6GZb",
                "elements": [
                    {
                        "type": "rich_text_section",
                        "elements": [
                            {
                                "type": "text",
                                "text": "folks at harlow are doing an AMA on this on wed. their product does it (in addition to some other things)"
                            }
                        ]
                    }
                ]
            }
        ],
        "thread_ts": "1646073806.055639",
        "parent_user_id": "U02H3K9BEMA",
        "reactions": [
            {
                "name": "raised_hands",
                "users": [
                    "U02H3K9BEMA",
                    "U03330MFEN4"
                ],
                "count": 2
            }
        ]
    },
    {
        "client_msg_id": "3cd3fc84-ba21-44b9-aa1c-4f6662ffcb91",
        "type": "message",
        "text": "<https:\/\/meetharlow.com\/>",
        "user": "UJG9WTEKG",
        "ts": "1646075496.035969",
        "team": "TJE58GTJL",
        "user_team": "TJE58GTJL",
        "source_team": "TJE58GTJL",
        "user_profile": {
            "avatar_hash": "gc25b94e6ebf",
            "image_72": "https:\/\/secure.gravatar.com\/avatar\/eec25b94e6ebf55f0b7933372344cd09.jpg?s=72&d=https%3A%2F%2Fa.slack-edge.com%2Fdf10d%2Fimg%2Favatars%2Fava_0001-72.png",
            "first_name": "Jimmy",
            "real_name": "Jimmy Daly",
            "display_name": "",
            "team": "TJE58GTJL",
            "name": "runjimdaly",
            "is_restricted": false,
            "is_ultra_restricted": false
        },
        "attachments": [
            {
                "from_url": "https:\/\/meetharlow.com\/",
                "image_url": "https:\/\/meetharlow.com\/wp-content\/uploads\/2022\/01\/8.png",
                "image_width": 478,
                "image_height": 250,
                "image_bytes": 89471,
                "service_icon": "https:\/\/meetharlow.com\/wp-content\/uploads\/2021\/07\/cropped-Harlow-favicon2-180x180.png",
                "id": 1,
                "original_url": "https:\/\/meetharlow.com\/",
                "fallback": "Harlow: Harlow - Organizing the way freelancers operate",
                "text": "Harlow helps freelancers manage and organize their day-to-day operations, get a full view into their clients, and get paid for the work they do – all in one centralized hub.",
                "title": "Harlow - Organizing the way freelancers operate",
                "title_link": "https:\/\/meetharlow.com\/",
                "service_name": "Harlow",
                "fields": [
                    {
                        "value": "2 minutes",
                        "title": "Est. reading time",
                        "short": true
                    }
                ]
            }
        ],
        "blocks": [
            {
                "type": "rich_text",
                "block_id": "5rEt",
                "elements": [
                    {
                        "type": "rich_text_section",
                        "elements": [
                            {
                                "type": "link",
                                "url": "https:\/\/meetharlow.com\/"
                            }
                        ]
                    }
                ]
            }
        ],
        "thread_ts": "1646073806.055639",
        "parent_user_id": "U02H3K9BEMA"
    },
    {
        "client_msg_id": "5eb68acc-12da-433e-ba96-b1c60e72d776",
        "type": "message",
        "text": "I track every minute in Clockify",
        "user": "U01SFTTQ483",
        "ts": "1646075523.404209",
        "team": "TJE58GTJL",
        "user_team": "TJE58GTJL",
        "source_team": "TJE58GTJL",
        "user_profile": {
            "avatar_hash": "bffef5138cc6",
            "image_72": "https:\/\/avatars.slack-edge.com\/2021-03-25\/1893741270550_bffef5138cc63fcea5b0_72.png",
            "first_name": "Shawn",
            "real_name": "Shawn Ragell",
            "display_name": "Shawn Ragell",
            "team": "TJE58GTJL",
            "name": "shawn.ragell",
            "is_restricted": false,
            "is_ultra_restricted": false
        },
        "blocks": [
            {
                "type": "rich_text",
                "block_id": "QYV\/a",
                "elements": [
                    {
                        "type": "rich_text_section",
                        "elements": [
                            {
                                "type": "text",
                                "text": "I track every minute in Clockify"
                            }
                        ]
                    }
                ]
            }
        ],
        "thread_ts": "1646073806.055639",
        "parent_user_id": "U02H3K9BEMA",
        "reactions": [
            {
                "name": "raised_hands",
                "users": [
                    "U02H3K9BEMA",
                    "U03330MFEN4"
                ],
                "count": 2
            }
        ]
    },
    {
        "client_msg_id": "25041984-d66b-4243-b6be-34a2353f7862",
        "type": "message",
        "text": "I track time using toggl as well. Like Sara, I use it to track how long certain tasks and projects take me. I find it helps me to focus knowing time is being tracked.",
        "user": "U01L6NE17PA",
        "ts": "1646076769.034279",
        "team": "TJE58GTJL",
        "user_team": "TJE58GTJL",
        "source_team": "TJE58GTJL",
        "user_profile": {
            "avatar_hash": "gca46ef8c4ce",
            "image_72": "https:\/\/secure.gravatar.com\/avatar\/ca46ef8c4ce4178f4a463a389f40aa97.jpg?s=72&d=https%3A%2F%2Fa.slack-edge.com%2Fdf10d%2Fimg%2Favatars%2Fava_0023-72.png",
            "first_name": "",
            "real_name": "Nathaniel Rodriguez",
            "display_name": "Nathaniel Rodriguez",
            "team": "TJE58GTJL",
            "name": "nate",
            "is_restricted": false,
            "is_ultra_restricted": false
        },
        "blocks": [
            {
                "type": "rich_text",
                "block_id": "HiH",
                "elements": [
                    {
                        "type": "rich_text_section",
                        "elements": [
                            {
                                "type": "text",
                                "text": "I track time using toggl as well. Like Sara, I use it to track how long certain tasks and projects take me. I find it helps me to focus knowing time is being tracked."
                            }
                        ]
                    }
                ]
            }
        ],
        "thread_ts": "1646073806.055639",
        "parent_user_id": "U02H3K9BEMA",
        "reactions": [
            {
                "name": "raised_hands",
                "users": [
                    "U02H3K9BEMA",
                    "U03330MFEN4"
                ],
                "count": 2
            }
        ]
    },
    {
        "type": "message",
        "subtype": "tombstone",
        "text": "This message was deleted.",
        "user": "USLACKBOT",
        "hidden": true,
        "ts": "1646077146.982589",
        "thread_ts": "1646077146.982589",
        "parent_user_id": "USLACKBOT",
        "reply_count": 1,
        "reply_users_count": 1,
        "latest_reply": "1646077543.475289",
        "reply_users": [
            "U02HWBZS9QC"
        ],
        "replies": [
            {
                "user": "U02HWBZS9QC",
                "ts": "1646077543.475289"
            }
        ],
        "is_locked": false,
        "subscribed": false
    },
    {
        "client_msg_id": "e13dfd9f-92f5-4fcd-b92b-241003ef150b",
        "type": "message",
        "text": "Please shift this to <#C02RGHQ4HK7|hire-me> channel.",
        "user": "U02HWBZS9QC",
        "ts": "1646077543.475289",
        "team": "TJE58GTJL",
        "user_team": "TJE58GTJL",
        "source_team": "TJE58GTJL",
        "user_profile": {
            "avatar_hash": "cea3c2adb719",
            "image_72": "https:\/\/avatars.slack-edge.com\/2021-12-23\/2879299611220_cea3c2adb71995b8fd88_72.jpg",
            "first_name": "Ankit",
            "real_name": "Ankit Vora",
            "display_name": "",
            "team": "TJE58GTJL",
            "name": "ankitplaynody",
            "is_restricted": false,
            "is_ultra_restricted": false
        },
        "blocks": [
            {
                "type": "rich_text",
                "block_id": "zvAP",
                "elements": [
                    {
                        "type": "rich_text_section",
                        "elements": [
                            {
                                "type": "text",
                                "text": "Please shift this to "
                            },
                            {
                                "type": "channel",
                                "channel_id": "C02RGHQ4HK7"
                            },
                            {
                                "type": "text",
                                "text": " channel."
                            }
                        ]
                    }
                ]
            }
        ],
        "thread_ts": "1646077146.982589",
        "parent_user_id": "USLACKBOT"
    },
    {
        "client_msg_id": "b803b22a-2688-4dcd-894a-5b50dc744f2f",
        "type": "message",
        "text": "<@U0211K6LSM9> Ooh, love the second reason! I found that I spent a lot of time starting\/stopping timers and it generally didn't feel like an accurate representation of my time, but I think that's because I spend a lot of time just... thinking about my business and that doesn't really play out in a trackable sense.",
        "user": "U02H3K9BEMA",
        "ts": "1646081055.399509",
        "team": "TJE58GTJL",
        "user_team": "TJE58GTJL",
        "source_team": "TJE58GTJL",
        "user_profile": {
            "avatar_hash": "09a184af1fd8",
            "image_72": "https:\/\/avatars.slack-edge.com\/2021-10-07\/2592228292273_09a184af1fd866e135e1_72.jpg",
            "first_name": "Claire",
            "real_name": "Claire Beveridge",
            "display_name": "Claire Beveridge",
            "team": "TJE58GTJL",
            "name": "claire919",
            "is_restricted": false,
            "is_ultra_restricted": false
        },
        "blocks": [
            {
                "type": "rich_text",
                "block_id": "Glva\/",
                "elements": [
                    {
                        "type": "rich_text_section",
                        "elements": [
                            {
                                "type": "user",
                                "user_id": "U0211K6LSM9"
                            },
                            {
                                "type": "text",
                                "text": " Ooh, love the second reason! I found that I spent a lot of time starting\/stopping timers and it generally didn't feel like an accurate representation of my time, but I think that's because I spend a lot of time just... thinking about my business and that doesn't really play out in a trackable sense."
                            }
                        ]
                    }
                ]
            }
        ],
        "thread_ts": "1646073806.055639",
        "parent_user_id": "U02H3K9BEMA"
    },
    {
        "client_msg_id": "54c7f55e-a20d-4bdc-b410-f8b970cd19df",
        "type": "message",
        "text": "<@UJG9WTEKG> Would LOVE to attend, but I have a clash :unamused:",
        "user": "U02H3K9BEMA",
        "ts": "1646081081.014989",
        "team": "TJE58GTJL",
        "user_team": "TJE58GTJL",
        "source_team": "TJE58GTJL",
        "user_profile": {
            "avatar_hash": "09a184af1fd8",
            "image_72": "https:\/\/avatars.slack-edge.com\/2021-10-07\/2592228292273_09a184af1fd866e135e1_72.jpg",
            "first_name": "Claire",
            "real_name": "Claire Beveridge",
            "display_name": "Claire Beveridge",
            "team": "TJE58GTJL",
            "name": "claire919",
            "is_restricted": false,
            "is_ultra_restricted": false
        },
        "blocks": [
            {
                "type": "rich_text",
                "block_id": "fu3ES",
                "elements": [
                    {
                        "type": "rich_text_section",
                        "elements": [
                            {
                                "type": "user",
                                "user_id": "UJG9WTEKG"
                            },
                            {
                                "type": "text",
                                "text": " Would LOVE to attend, but I have a clash "
                            },
                            {
                                "type": "emoji",
                                "name": "unamused"
                            }
                        ]
                    }
                ]
            }
        ],
        "thread_ts": "1646073806.055639",
        "parent_user_id": "U02H3K9BEMA"
    },
    {
        "client_msg_id": "e5118fc0-3db2-457e-9dd4-e171f071d3eb",
        "type": "message",
        "text": "Sarah Greesenbach and Liz Sheffield have a ton of experience in HR tech and are both awesome freelancers. You can connect with them on LI",
        "user": "U034NCQDL4C",
        "ts": "1646083729.363039",
        "team": "TJE58GTJL",
        "user_team": "TJE58GTJL",
        "source_team": "TJE58GTJL",
        "user_profile": {
            "avatar_hash": "33ba8413e7bd",
            "image_72": "https:\/\/avatars.slack-edge.com\/2022-02-25\/3155972088566_33ba8413e7bd92c59673_72.jpg",
            "first_name": "Becky",
            "real_name": "Becky Lawlor",
            "display_name": "Becky",
            "team": "TJE58GTJL",
            "name": "becky",
            "is_restricted": false,
            "is_ultra_restricted": false
        },
        "blocks": [
            {
                "type": "rich_text",
                "block_id": "3Zm9j",
                "elements": [
                    {
                        "type": "rich_text_section",
                        "elements": [
                            {
                                "type": "text",
                                "text": "Sarah Greesenbach and Liz Sheffield have a ton of experience in HR tech and are both awesome freelancers. You can connect with them on LI"
                            }
                        ]
                    }
                ]
            }
        ],
        "thread_ts": "1646071535.697729",
        "parent_user_id": "U02TQCETCT1",
        "reactions": [
            {
                "name": "white_check_mark",
                "users": [
                    "U02TQCETCT1"
                ],
                "count": 1
            }
        ]
    },
    {
        "client_msg_id": "61c400f4-b7b4-48a7-83c6-5ba2e75992ce",
        "type": "message",
        "text": "I use RescueTime because I don't actually have to \"track\" it. It does it in the background and then I can go and look back. It's not perfect, but pretty close. And since I can't remember to turn timers on\/off so no other app works for me.",
        "user": "U034NCQDL4C",
        "ts": "1646083796.924889",
        "team": "TJE58GTJL",
        "user_team": "TJE58GTJL",
        "source_team": "TJE58GTJL",
        "user_profile": {
            "avatar_hash": "33ba8413e7bd",
            "image_72": "https:\/\/avatars.slack-edge.com\/2022-02-25\/3155972088566_33ba8413e7bd92c59673_72.jpg",
            "first_name": "Becky",
            "real_name": "Becky Lawlor",
            "display_name": "Becky",
            "team": "TJE58GTJL",
            "name": "becky",
            "is_restricted": false,
            "is_ultra_restricted": false
        },
        "blocks": [
            {
                "type": "rich_text",
                "block_id": "4IKoU",
                "elements": [
                    {
                        "type": "rich_text_section",
                        "elements": [
                            {
                                "type": "text",
                                "text": "I use RescueTime because I don't actually have to \"track\" it. It does it in the background and then I can go and look back. It's not perfect, but pretty close. And since I can't remember to turn timers on\/off so no other app works for me."
                            }
                        ]
                    }
                ]
            }
        ],
        "thread_ts": "1646073806.055639",
        "parent_user_id": "U02H3K9BEMA",
        "reactions": [
            {
                "name": "raised_hands",
                "users": [
                    "U02H3K9BEMA"
                ],
                "count": 1
            }
        ]
    },
    {
        "client_msg_id": "90a1ffc2-81fe-45ec-8af4-377fae5be527",
        "type": "message",
        "text": "I also do what <@U0211K6LSM9> does and put all my tracked time for RT into Freshbooks, including Admin, so I can see where time is going and what I'm making on projects.",
        "user": "U034NCQDL4C",
        "ts": "1646083867.954619",
        "team": "TJE58GTJL",
        "user_team": "TJE58GTJL",
        "source_team": "TJE58GTJL",
        "user_profile": {
            "avatar_hash": "33ba8413e7bd",
            "image_72": "https:\/\/avatars.slack-edge.com\/2022-02-25\/3155972088566_33ba8413e7bd92c59673_72.jpg",
            "first_name": "Becky",
            "real_name": "Becky Lawlor",
            "display_name": "Becky",
            "team": "TJE58GTJL",
            "name": "becky",
            "is_restricted": false,
            "is_ultra_restricted": false
        },
        "blocks": [
            {
                "type": "rich_text",
                "block_id": "xu2sE",
                "elements": [
                    {
                        "type": "rich_text_section",
                        "elements": [
                            {
                                "type": "text",
                                "text": "I also do what "
                            },
                            {
                                "type": "user",
                                "user_id": "U0211K6LSM9"
                            },
                            {
                                "type": "text",
                                "text": " does and put all my tracked time for RT into Freshbooks, including Admin, so I can see where time is going and what I'm making on projects."
                            }
                        ]
                    }
                ]
            }
        ],
        "thread_ts": "1646073806.055639",
        "parent_user_id": "U02H3K9BEMA"
    },
    {
        "client_msg_id": "8825f286-cbf7-4f79-98b1-e1e4279256b9",
        "type": "message",
        "text": "I use Yoco Board. It integrates with Asana which I use for project management. I can track how much I spend writing, doing admin work and more",
        "user": "U02F1GK6U6B",
        "ts": "1646085095.235689",
        "team": "TJE58GTJL",
        "user_team": "TJE58GTJL",
        "source_team": "TJE58GTJL",
        "user_profile": {
            "avatar_hash": "b77d6f7d6c82",
            "image_72": "https:\/\/avatars.slack-edge.com\/2022-01-22\/3004677185921_b77d6f7d6c82fd929faa_72.jpg",
            "first_name": "Nneka",
            "real_name": "Nneka Otika",
            "display_name": "Nneka Otika",
            "team": "TJE58GTJL",
            "name": "nnekaotika",
            "is_restricted": false,
            "is_ultra_restricted": false
        },
        "blocks": [
            {
                "type": "rich_text",
                "block_id": "OJ43",
                "elements": [
                    {
                        "type": "rich_text_section",
                        "elements": [
                            {
                                "type": "text",
                                "text": "I use Yoco Board. It integrates with Asana which I use for project management. I can track how much I spend writing, doing admin work and more"
                            }
                        ]
                    }
                ]
            }
        ],
        "thread_ts": "1646073806.055639",
        "parent_user_id": "U02H3K9BEMA"
    },
    {
        "type": "message",
        "text": "Yes, religiously! I've used Toggl since I started freelancing.\nI'm a bit of a people pleaser so find it helps to know when I've topped out at my agreed amount of retainer work for the month. If my retainer covers roughly 20 hours a month and we're climbing past 25, I know I can take a breather and rearrange some tasks to fall into the next month. Clients don't necessarily know this; it's just how I arrange my work internally.\nI also track 'admin' time which covers invoicing, my own marketing, updating my website - all that jazz - just to see how much time I'm spending 'on' the business vs 'in' the business.\nAlso... trying to get better at taking the time to do deep work and not context-switching constantly, as illustrated by a typical day... :face_with_rolling_eyes: It's a work in progress!",
        "files": [
            {
                "id": "F0350Q00FC3",
                "created": 1646085942,
                "timestamp": 1646085942,
                "name": "image.png",
                "title": "image.png",
                "mimetype": "image\/png",
                "filetype": "png",
                "pretty_type": "PNG",
                "user": "U02AR2XSN1M",
                "editable": false,
                "size": 53452,
                "mode": "hosted",
                "is_external": false,
                "external_type": "",
                "is_public": true,
                "public_url_shared": false,
                "display_as_bot": false,
                "username": "",
                "url_private": "https:\/\/files.slack.com\/files-pri\/TJE58GTJL-F0350Q00FC3\/image.png?t=xoxe-626178571632-3467451922035-3469800396036-b45365c7edcd0220272aa8a422c2b82f",
                "url_private_download": "https:\/\/files.slack.com\/files-pri\/TJE58GTJL-F0350Q00FC3\/download\/image.png?t=xoxe-626178571632-3467451922035-3469800396036-b45365c7edcd0220272aa8a422c2b82f",
                "media_display_type": "unknown",
                "thumb_64": "https:\/\/files.slack.com\/files-tmb\/TJE58GTJL-F0350Q00FC3-59e5b0a86a\/image_64.png?t=xoxe-626178571632-3467451922035-3469800396036-b45365c7edcd0220272aa8a422c2b82f",
                "thumb_80": "https:\/\/files.slack.com\/files-tmb\/TJE58GTJL-F0350Q00FC3-59e5b0a86a\/image_80.png?t=xoxe-626178571632-3467451922035-3469800396036-b45365c7edcd0220272aa8a422c2b82f",
                "thumb_360": "https:\/\/files.slack.com\/files-tmb\/TJE58GTJL-F0350Q00FC3-59e5b0a86a\/image_360.png?t=xoxe-626178571632-3467451922035-3469800396036-b45365c7edcd0220272aa8a422c2b82f",
                "thumb_360_w": 182,
                "thumb_360_h": 360,
                "thumb_480": "https:\/\/files.slack.com\/files-tmb\/TJE58GTJL-F0350Q00FC3-59e5b0a86a\/image_480.png?t=xoxe-626178571632-3467451922035-3469800396036-b45365c7edcd0220272aa8a422c2b82f",
                "thumb_480_w": 242,
                "thumb_480_h": 480,
                "thumb_160": "https:\/\/files.slack.com\/files-tmb\/TJE58GTJL-F0350Q00FC3-59e5b0a86a\/image_160.png?t=xoxe-626178571632-3467451922035-3469800396036-b45365c7edcd0220272aa8a422c2b82f",
                "original_w": 328,
                "original_h": 650,
                "thumb_tiny": "AwAwABjRZsetIHHfNDnp1P0puR\/tUwH7x6Ub\/amZHvRke9ADpM8Uzn\/OakbPbik+b+9SENwaMH2p3zf3qPm\/vfyo1AGz2A\/Gk+b0WnNt\/izSfJQMT5v9n8qPm\/2fypcrRlaYH\/\/Z",
                "permalink": "https:\/\/content-career-growth.slack.com\/files\/U02AR2XSN1M\/F0350Q00FC3\/image.png",
                "permalink_public": "https:\/\/slack-files.com\/TJE58GTJL-F0350Q00FC3-9a30e4e95c",
                "is_starred": false,
                "has_rich_preview": false
            }
        ],
        "upload": false,
        "user": "U02AR2XSN1M",
        "display_as_bot": false,
        "ts": "1646085954.602239",
        "blocks": [
            {
                "type": "rich_text",
                "block_id": "CzU",
                "elements": [
                    {
                        "type": "rich_text_section",
                        "elements": [
                            {
                                "type": "text",
                                "text": "Yes, religiously! I've used Toggl since I started freelancing.\nI'm a bit of a people pleaser so find it helps to know when I've topped out at my agreed amount of retainer work for the month. If my retainer covers roughly 20 hours a month and we're climbing past 25, I know I can take a breather and rearrange some tasks to fall into the next month. Clients don't necessarily know this; it's just how I arrange my work internally.\nI also track 'admin' time which covers invoicing, my own marketing, updating my website - all that jazz - just to see how much time I'm spending 'on' the business vs 'in' the business.\nAlso... trying to get better at taking the time to do deep work and not context-switching constantly, as illustrated by a typical day... "
                            },
                            {
                                "type": "emoji",
                                "name": "face_with_rolling_eyes"
                            },
                            {
                                "type": "text",
                                "text": " It's a work in progress!"
                            }
                        ]
                    }
                ]
            }
        ],
        "client_msg_id": "2f8027e3-a0b7-4f89-b71d-62b8b7920abd",
        "thread_ts": "1646073806.055639",
        "parent_user_id": "U02H3K9BEMA",
        "reactions": [
            {
                "name": "raised_hands",
                "users": [
                    "U02H3K9BEMA"
                ],
                "count": 1
            }
        ]
    },
    {
        "client_msg_id": "472f2175-c02c-44ad-a5f3-6669ccdc52e4",
        "type": "message",
        "text": "Seeking a *fintech freelance writer\/editor* with expertise of these areas: PSPs, banking in the eurozone, SEPA, digital wallets, ecommerce payments, BIC\/IBAN\/SWIFT, PSD2-3DS-SCA, BNPL, Klarna, and others. DM me, let’s talk rates and capacity, can keep you plenty busy between now and August.",
        "user": "U011QQDDSJV",
        "ts": "1646103121.034339",
        "team": "TJE58GTJL",
        "user_team": "TJE58GTJL",
        "source_team": "TJE58GTJL",
        "user_profile": {
            "avatar_hash": "26f290c29155",
            "image_72": "https:\/\/avatars.slack-edge.com\/2020-04-08\/1046081228023_26f290c2915541368412_72.png",
            "first_name": "Nikolas",
            "real_name": "Nikolas Wright",
            "display_name": "Nik",
            "team": "TJE58GTJL",
            "name": "wright.nikolas",
            "is_restricted": false,
            "is_ultra_restricted": false
        },
        "blocks": [
            {
                "type": "rich_text",
                "block_id": "x9W",
                "elements": [
                    {
                        "type": "rich_text_section",
                        "elements": [
                            {
                                "type": "text",
                                "text": "Seeking a "
                            },
                            {
                                "type": "text",
                                "text": "fintech freelance writer\/editor",
                                "style": {
                                    "bold": true
                                }
                            },
                            {
                                "type": "text",
                                "text": " with expertise of these areas: PSPs, banking in the eurozone, SEPA, digital wallets, ecommerce payments, BIC\/IBAN\/SWIFT, PSD2-3DS-SCA, BNPL, Klarna, and others. DM me, let’s talk rates and capacity, can keep you plenty busy between now and August."
                            }
                        ]
                    }
                ]
            }
        ],
        "thread_ts": "1646103121.034339",
        "reply_count": 6,
        "reply_users_count": 5,
        "latest_reply": "1646187607.373929",
        "reply_users": [
            "U01GWU4JWE4",
            "U032FH3TB0C",
            "U02HD0L8HAP",
            "U011QQDDSJV",
            "U02QKGDCCB0"
        ],
        "replies": [
            {
                "user": "U01GWU4JWE4",
                "ts": "1646126610.685629"
            },
            {
                "user": "U032FH3TB0C",
                "ts": "1646138010.199629"
            },
            {
                "user": "U02HD0L8HAP",
                "ts": "1646160479.497489"
            },
            {
                "user": "U011QQDDSJV",
                "ts": "1646160962.900689"
            },
            {
                "user": "U02HD0L8HAP",
                "ts": "1646163187.790889"
            },
            {
                "user": "U02QKGDCCB0",
                "ts": "1646187607.373929"
            }
        ],
        "is_locked": false,
        "subscribed": false,
        "reactions": [
            {
                "name": "heart",
                "users": [
                    "U02CVNB3X1T"
                ],
                "count": 1
            }
        ]
    }
]