[
    {
        "client_msg_id": "f3e93ab1-ceea-4f14-a92e-d60ec137ab3f",
        "type": "message",
        "text": "Is anyone here into business plan writing? The industry is enterprise cloud-tech and an existing plan needs to be updated and rewritten. No design requirements. Please DM!",
        "user": "U02CUMQBP9R",
        "ts": "1644834328.782309",
        "team": "TJE58GTJL",
        "user_team": "TJE58GTJL",
        "source_team": "TJE58GTJL",
        "user_profile": {
            "avatar_hash": "37d9a8538dda",
            "image_72": "https:\/\/avatars.slack-edge.com\/2021-08-30\/2422037442023_37d9a8538dda6c598cc7_72.jpg",
            "first_name": "Harshala",
            "real_name": "Harshala Chavan",
            "display_name": "Harshala Chavan",
            "team": "TJE58GTJL",
            "name": "harshalachavan7",
            "is_restricted": false,
            "is_ultra_restricted": false
        },
        "blocks": [
            {
                "type": "rich_text",
                "block_id": "5Ll",
                "elements": [
                    {
                        "type": "rich_text_section",
                        "elements": [
                            {
                                "type": "text",
                                "text": "Is anyone here into business plan writing? The industry is enterprise cloud-tech and an existing plan needs to be updated and rewritten. No design requirements. Please DM!"
                            }
                        ]
                    }
                ]
            }
        ],
        "thread_ts": "1644834328.782309",
        "reply_count": 2,
        "reply_users_count": 2,
        "latest_reply": "1650811388.520269",
        "reply_users": [
            "U030YK82C3C",
            "U03AVHF6PGE"
        ],
        "replies": [
            {
                "user": "U030YK82C3C",
                "ts": "1644872177.891209"
            },
            {
                "user": "U03AVHF6PGE",
                "ts": "1650811388.520269"
            }
        ],
        "is_locked": false,
        "subscribed": false,
        "reactions": [
            {
                "name": "100",
                "users": [
                    "UJG9WTEKG",
                    "U02REEWJPKL",
                    "U033BJXTHAT"
                ],
                "count": 3
            }
        ]
    },
    {
        "client_msg_id": "181a399b-0c58-4433-89a1-d0f5e8341e4f",
        "type": "message",
        "text": "Hey Freelancers!\n\nJennifer Kim, a well-known leader on topics of HR\/people-ops\/recruiting is looking for PT marketing help to promote her recruiting bootcamp. <https:\/\/foregoing-angora-44f.notion.site\/Growth-Marketing-Startup-Recruiting-Bootcamp-402e0c44064c4c6090a6c55fd2d0ae60|Details on the opportunity here>. I am not associated with this project in any way, but I've collaborated with Jennifer over the years and have a *ton* of respect for her, she's the real deal, and I have no doubt working with her would be a pleasure. She asked me to share this with my network, so here I am! :smile:",
        "user": "UJG12DM1V",
        "ts": "1644844031.997369",
        "team": "TJE58GTJL",
        "user_team": "TJE58GTJL",
        "source_team": "TJE58GTJL",
        "user_profile": {
            "avatar_hash": "b389ca7fa22c",
            "image_72": "https:\/\/avatars.slack-edge.com\/2021-08-20\/2387994825175_b389ca7fa22c18296d7c_72.jpg",
            "first_name": "Janessa",
            "real_name": "Janessa Lantz, VP of Marketing at dbt Labs",
            "display_name": "Janessa",
            "team": "TJE58GTJL",
            "name": "janessalantz",
            "is_restricted": false,
            "is_ultra_restricted": false
        },
        "blocks": [
            {
                "type": "rich_text",
                "block_id": "A7tZX",
                "elements": [
                    {
                        "type": "rich_text_section",
                        "elements": [
                            {
                                "type": "text",
                                "text": "Hey Freelancers!\n\nJennifer Kim, a well-known leader on topics of HR\/people-ops\/recruiting is looking for PT marketing help to promote her recruiting bootcamp. "
                            },
                            {
                                "type": "link",
                                "url": "https:\/\/foregoing-angora-44f.notion.site\/Growth-Marketing-Startup-Recruiting-Bootcamp-402e0c44064c4c6090a6c55fd2d0ae60",
                                "text": "Details on the opportunity here"
                            },
                            {
                                "type": "text",
                                "text": ". I am not associated with this project in any way, but I've collaborated with Jennifer over the years and have a "
                            },
                            {
                                "type": "text",
                                "text": "ton",
                                "style": {
                                    "bold": true
                                }
                            },
                            {
                                "type": "text",
                                "text": " of respect for her, she's the real deal, and I have no doubt working with her would be a pleasure. She asked me to share this with my network, so here I am! "
                            },
                            {
                                "type": "emoji",
                                "name": "smile"
                            }
                        ]
                    }
                ]
            }
        ],
        "reactions": [
            {
                "name": "100",
                "users": [
                    "UJG9WTEKG"
                ],
                "count": 1
            }
        ]
    },
    {
        "client_msg_id": "19049886-2b18-43df-84af-76d149505135",
        "type": "message",
        "text": "My own.\nI have my own onboarding flow with a questionnaire and all the things that ensure I have what I need to get started. It's great if the client already has a bunch of things prepped (access to the website and analytics, writer guidelines, brand voice documents etc.) but by following my own I get what I need in the most efficient way.\nAnd I do leave room for the client to add on any information that my be particular to their project.",
        "user": "U02J7DM81AQ",
        "ts": "1644862191.188659",
        "team": "TJE58GTJL",
        "user_team": "TJE58GTJL",
        "source_team": "TJE58GTJL",
        "user_profile": {
            "avatar_hash": "gb47e412d680",
            "image_72": "https:\/\/secure.gravatar.com\/avatar\/b47e412d680490c17c4ca22271a9e55b.jpg?s=72&d=https%3A%2F%2Fa.slack-edge.com%2Fdf10d%2Fimg%2Favatars%2Fava_0016-72.png",
            "first_name": "Sofie",
            "real_name": "Sofie Couwenbergh",
            "display_name": "Sofie Couwenbergh",
            "team": "TJE58GTJL",
            "name": "sofie",
            "is_restricted": false,
            "is_ultra_restricted": false
        },
        "blocks": [
            {
                "type": "rich_text",
                "block_id": "5+jmE",
                "elements": [
                    {
                        "type": "rich_text_section",
                        "elements": [
                            {
                                "type": "text",
                                "text": "My own.\nI have my own onboarding flow with a questionnaire and all the things that ensure I have what I need to get started. It's great if the client already has a bunch of things prepped (access to the website and analytics, writer guidelines, brand voice documents etc.) but by following my own I get what I need in the most efficient way.\nAnd I do leave room for the client to add on any information that my be particular to their project."
                            }
                        ]
                    }
                ]
            }
        ],
        "thread_ts": "1644494967.544929",
        "parent_user_id": "U019P0ADPCH"
    },
    {
        "client_msg_id": "fa864acd-f613-4da2-9830-388d072c6581",
        "type": "message",
        "text": "Sent a DM",
        "user": "U030YK82C3C",
        "ts": "1644872177.891209",
        "team": "TJE58GTJL",
        "user_team": "TJE58GTJL",
        "source_team": "TJE58GTJL",
        "user_profile": {
            "avatar_hash": "509164036138",
            "image_72": "https:\/\/avatars.slack-edge.com\/2022-01-31\/3032931412482_509164036138beb6f988_72.png",
            "first_name": "Marc",
            "real_name": "Marc S",
            "display_name": "Marc S",
            "team": "TJE58GTJL",
            "name": "msteatham",
            "is_restricted": false,
            "is_ultra_restricted": false
        },
        "blocks": [
            {
                "type": "rich_text",
                "block_id": "qPYB",
                "elements": [
                    {
                        "type": "rich_text_section",
                        "elements": [
                            {
                                "type": "text",
                                "text": "Sent a DM"
                            }
                        ]
                    }
                ]
            }
        ],
        "thread_ts": "1644834328.782309",
        "parent_user_id": "U02CUMQBP9R"
    },
    {
        "type": "message",
        "subtype": "tombstone",
        "text": "This message was deleted.",
        "user": "USLACKBOT",
        "hidden": true,
        "ts": "1644876483.931789",
        "thread_ts": "1644876483.931789",
        "parent_user_id": "USLACKBOT",
        "reply_count": 1,
        "reply_users_count": 1,
        "latest_reply": "1644877647.068849",
        "reply_users": [
            "UJG9WTEKG"
        ],
        "replies": [
            {
                "user": "UJG9WTEKG",
                "ts": "1644877647.068849"
            }
        ],
        "is_locked": false,
        "subscribed": true,
        "last_read": "1644877647.068849"
    },
    {
        "type": "message",
        "subtype": "slackbot_response",
        "text": "Hello! Not all of our members are guys. In an effort to be more conscious of the language we use to address each other, why not try “Hey, folks,” or “Hey everyone” instead?",
        "user": "USLACKBOT",
        "ts": "1644876485.277029"
    },
    {
        "client_msg_id": "86514f33-c410-4cf7-bef4-6e600284db86",
        "type": "message",
        "text": "I recently launched <http:\/\/contentbees.com|contentbees.com>, I am looking for writer that can put together a case study or white paper on content curation, etc.",
        "user": "U032V067G2J",
        "ts": "1644877068.883969",
        "team": "TJE58GTJL",
        "user_team": "TJE58GTJL",
        "source_team": "TJE58GTJL",
        "user_profile": {
            "avatar_hash": "0563670a1062",
            "image_72": "https:\/\/avatars.slack-edge.com\/2022-02-14\/3097122250886_0563670a106292bdbe50_72.jpg",
            "first_name": "Parker",
            "real_name": "Parker Ituk",
            "display_name": "Parker I.",
            "team": "TJE58GTJL",
            "name": "parkerproject",
            "is_restricted": false,
            "is_ultra_restricted": false
        },
        "blocks": [
            {
                "type": "rich_text",
                "block_id": "6=3ez",
                "elements": [
                    {
                        "type": "rich_text_section",
                        "elements": [
                            {
                                "type": "text",
                                "text": "I recently launched "
                            },
                            {
                                "type": "link",
                                "url": "http:\/\/contentbees.com",
                                "text": "contentbees.com"
                            },
                            {
                                "type": "text",
                                "text": ", I am looking for writer that can put together a case study or white paper on content curation, etc."
                            }
                        ]
                    }
                ]
            }
        ],
        "thread_ts": "1644877068.883969",
        "reply_count": 3,
        "reply_users_count": 2,
        "latest_reply": "1645030017.664189",
        "reply_users": [
            "U0320CENNGK",
            "U032V067G2J"
        ],
        "replies": [
            {
                "user": "U0320CENNGK",
                "ts": "1644931112.111339"
            },
            {
                "user": "U032V067G2J",
                "ts": "1645023829.619459"
            },
            {
                "user": "U0320CENNGK",
                "ts": "1645030017.664189"
            }
        ],
        "is_locked": false,
        "subscribed": false,
        "reactions": [
            {
                "name": "eyes",
                "users": [
                    "U0320CENNGK",
                    "U02L5GTFSGG",
                    "U03330MFEN4",
                    "U02RBH2FY6R",
                    "U02F1GK6U6B"
                ],
                "count": 5
            }
        ]
    },
    {
        "client_msg_id": "ce412615-872f-4a2c-b4f6-5fd385d57730",
        "type": "message",
        "text": "<@U033E814ZTK> can you move this to <#C02RGHQ4HK7|hire-me>?",
        "user": "UJG9WTEKG",
        "ts": "1644877647.068849",
        "team": "TJE58GTJL",
        "user_team": "TJE58GTJL",
        "source_team": "TJE58GTJL",
        "user_profile": {
            "avatar_hash": "gc25b94e6ebf",
            "image_72": "https:\/\/secure.gravatar.com\/avatar\/eec25b94e6ebf55f0b7933372344cd09.jpg?s=72&d=https%3A%2F%2Fa.slack-edge.com%2Fdf10d%2Fimg%2Favatars%2Fava_0001-72.png",
            "first_name": "Jimmy",
            "real_name": "Jimmy Daly",
            "display_name": "",
            "team": "TJE58GTJL",
            "name": "runjimdaly",
            "is_restricted": false,
            "is_ultra_restricted": false
        },
        "blocks": [
            {
                "type": "rich_text",
                "block_id": "5KW",
                "elements": [
                    {
                        "type": "rich_text_section",
                        "elements": [
                            {
                                "type": "user",
                                "user_id": "U033E814ZTK"
                            },
                            {
                                "type": "text",
                                "text": " can you move this to "
                            },
                            {
                                "type": "channel",
                                "channel_id": "C02RGHQ4HK7"
                            },
                            {
                                "type": "text",
                                "text": "?"
                            }
                        ]
                    }
                ]
            }
        ],
        "thread_ts": "1644876483.931789",
        "parent_user_id": "USLACKBOT"
    },
    {
        "client_msg_id": "49837460-e621-4588-98a6-10ae9fd7f1c8",
        "type": "message",
        "text": "I feel calmer colors like Green, Blue and White are a better choice. Can help build a sense of trust",
        "user": "U032V06GP38",
        "ts": "1644899380.717999",
        "team": "TJE58GTJL",
        "user_team": "TJE58GTJL",
        "source_team": "TJE58GTJL",
        "user_profile": {
            "avatar_hash": "gee661d2ec38",
            "image_72": "https:\/\/secure.gravatar.com\/avatar\/ee661d2ec38dd758840d850b62458433.jpg?s=72&d=https%3A%2F%2Fa.slack-edge.com%2Fdf10d%2Fimg%2Favatars%2Fava_0002-72.png",
            "first_name": "Neelam",
            "real_name": "Neelam Goswami",
            "display_name": "Neelam Goswami",
            "team": "TJE58GTJL",
            "name": "neelam.gswm25",
            "is_restricted": false,
            "is_ultra_restricted": false
        },
        "blocks": [
            {
                "type": "rich_text",
                "block_id": "rZA",
                "elements": [
                    {
                        "type": "rich_text_section",
                        "elements": [
                            {
                                "type": "text",
                                "text": "I feel calmer colors like Green, Blue and White are a better choice. Can help build a sense of trust"
                            }
                        ]
                    }
                ]
            }
        ],
        "thread_ts": "1644579546.145309",
        "parent_user_id": "U02B60S6FBM"
    },
    {
        "client_msg_id": "ee33d293-3148-4a51-a246-fbf2b527e1c4",
        "type": "message",
        "text": "Hi everyone! This one's for freelance writers:\n\nIf your client tells you to make the content \"scannable\", what are the best practices you use while writing?\n\nSomethings that I do are:\n\n• Use bullets and numbers \n• Write shorter paragraphs \n• Bold any important sentences between paragraphs \n• Use various types of headers\nIs there anything else someone could add to this?\n\nThanks in advance! :slightly_smiling_face:",
        "user": "U031H7YAB7S",
        "ts": "1644908367.030599",
        "team": "TJE58GTJL",
        "user_team": "TJE58GTJL",
        "source_team": "TJE58GTJL",
        "user_profile": {
            "avatar_hash": "f7f07b8ce12e",
            "image_72": "https:\/\/avatars.slack-edge.com\/2022-01-30\/3030117064340_f7f07b8ce12e8489b33c_72.jpg",
            "first_name": "Sanjana",
            "real_name": "Sanjana Sankhyan",
            "display_name": "Sanjana Sankhyan",
            "team": "TJE58GTJL",
            "name": "sanjanasankhyan",
            "is_restricted": false,
            "is_ultra_restricted": false
        },
        "blocks": [
            {
                "type": "rich_text",
                "block_id": "+HVxN",
                "elements": [
                    {
                        "type": "rich_text_section",
                        "elements": [
                            {
                                "type": "text",
                                "text": "Hi everyone! This one's for freelance writers:\n\nIf your client tells you to make the content \"scannable\", what are the best practices you use while writing?\n\nSomethings that I do are:\n\n"
                            }
                        ]
                    },
                    {
                        "type": "rich_text_list",
                        "elements": [
                            {
                                "type": "rich_text_section",
                                "elements": [
                                    {
                                        "type": "text",
                                        "text": "Use bullets and numbers "
                                    }
                                ]
                            },
                            {
                                "type": "rich_text_section",
                                "elements": [
                                    {
                                        "type": "text",
                                        "text": "Write shorter paragraphs "
                                    }
                                ]
                            },
                            {
                                "type": "rich_text_section",
                                "elements": [
                                    {
                                        "type": "text",
                                        "text": "Bold any important sentences between paragraphs "
                                    }
                                ]
                            },
                            {
                                "type": "rich_text_section",
                                "elements": [
                                    {
                                        "type": "text",
                                        "text": "Use various types of headers"
                                    }
                                ]
                            }
                        ],
                        "style": "bullet",
                        "indent": 0,
                        "border": 0
                    },
                    {
                        "type": "rich_text_section",
                        "elements": [
                            {
                                "type": "text",
                                "text": "\nIs there anything else someone could add to this?\n\nThanks in advance! "
                            },
                            {
                                "type": "emoji",
                                "name": "slightly_smiling_face"
                            }
                        ]
                    }
                ]
            }
        ],
        "thread_ts": "1644908367.030599",
        "reply_count": 12,
        "reply_users_count": 9,
        "latest_reply": "1644952149.516909",
        "reply_users": [
            "UJJFDTN8G",
            "U031FGHH00M",
            "U02GYR8TM96",
            "U02HD0L8HAP",
            "U031H7YAB7S",
            "USLACKBOT",
            "U0320CENNGK",
            "U01AHL8AGBB",
            "U0211K6LSM9"
        ],
        "replies": [
            {
                "user": "UJJFDTN8G",
                "ts": "1644912030.117879"
            },
            {
                "user": "U031FGHH00M",
                "ts": "1644916704.779849"
            },
            {
                "user": "U02GYR8TM96",
                "ts": "1644920403.757289"
            },
            {
                "user": "U02HD0L8HAP",
                "ts": "1644921734.586079"
            },
            {
                "user": "U031H7YAB7S",
                "ts": "1644921936.098219"
            },
            {
                "user": "USLACKBOT",
                "ts": "1644921937.043579"
            },
            {
                "user": "U02HD0L8HAP",
                "ts": "1644921974.079299"
            },
            {
                "user": "U02GYR8TM96",
                "ts": "1644922266.745859"
            },
            {
                "user": "U031H7YAB7S",
                "ts": "1644922433.084329"
            },
            {
                "user": "U0320CENNGK",
                "ts": "1644931228.968089"
            },
            {
                "user": "U01AHL8AGBB",
                "ts": "1644937147.643759"
            },
            {
                "user": "U0211K6LSM9",
                "ts": "1644952149.516909"
            }
        ],
        "is_locked": false,
        "subscribed": false,
        "reactions": [
            {
                "name": "raised_hands",
                "users": [
                    "U031FGHH00M",
                    "U03164P7EP3",
                    "U02S2UZU3D3",
                    "U03330MFEN4"
                ],
                "count": 4
            },
            {
                "name": "fire",
                "users": [
                    "U02DJRAHUBV",
                    "U02CUMQBP9R",
                    "UN227ML2H",
                    "U01AHL8AGBB",
                    "U033RC5GJ72",
                    "U0314FHJ17T",
                    "U03330MFEN4",
                    "U02PRMEAP0V",
                    "U034YM1F5DX"
                ],
                "count": 9
            }
        ]
    }
]