[
    {
        "client_msg_id": "cafec629-ae8a-43c8-b3c4-152c31b67699",
        "type": "message",
        "text": "Subscribed!",
        "user": "U034NCQDL4C",
        "ts": "1647616642.833379",
        "team": "TJE58GTJL",
        "user_team": "TJE58GTJL",
        "source_team": "TJE58GTJL",
        "user_profile": {
            "avatar_hash": "33ba8413e7bd",
            "image_72": "https:\/\/avatars.slack-edge.com\/2022-02-25\/3155972088566_33ba8413e7bd92c59673_72.jpg",
            "first_name": "Becky",
            "real_name": "Becky Lawlor",
            "display_name": "Becky",
            "team": "TJE58GTJL",
            "name": "becky",
            "is_restricted": false,
            "is_ultra_restricted": false
        },
        "blocks": [
            {
                "type": "rich_text",
                "block_id": "1rnlg",
                "elements": [
                    {
                        "type": "rich_text_section",
                        "elements": [
                            {
                                "type": "text",
                                "text": "Subscribed!"
                            }
                        ]
                    }
                ]
            }
        ],
        "thread_ts": "1647368631.055579",
        "parent_user_id": "U0236PYP3SR",
        "reactions": [
            {
                "name": "heart",
                "users": [
                    "U0236PYP3SR"
                ],
                "count": 1
            }
        ]
    },
    {
        "client_msg_id": "bed20a71-126f-45ee-b2ea-0cf7a5367957",
        "type": "message",
        "text": "Anybody in here do English --&gt; German localization?",
        "user": "U02QKBYPBH9",
        "ts": "1647616918.805519",
        "team": "TJE58GTJL",
        "user_team": "TJE58GTJL",
        "source_team": "TJE58GTJL",
        "user_profile": {
            "avatar_hash": "c6f0a530cc72",
            "image_72": "https:\/\/avatars.slack-edge.com\/2021-12-14\/2825658114487_c6f0a530cc7209decb11_72.jpg",
            "first_name": "Joel",
            "real_name": "Joel Klettke",
            "display_name": "Joel Klettke",
            "team": "TJE58GTJL",
            "name": "joel661",
            "is_restricted": false,
            "is_ultra_restricted": false
        },
        "blocks": [
            {
                "type": "rich_text",
                "block_id": "xT=RO",
                "elements": [
                    {
                        "type": "rich_text_section",
                        "elements": [
                            {
                                "type": "text",
                                "text": "Anybody in here do English --> German localization?"
                            }
                        ]
                    }
                ]
            }
        ],
        "thread_ts": "1647616918.805519",
        "reply_count": 8,
        "reply_users_count": 4,
        "latest_reply": "1648207813.554449",
        "reply_users": [
            "U01L7L0D6AF",
            "U02QKBYPBH9",
            "U034WFB4T4M",
            "U0331KC4D0S"
        ],
        "replies": [
            {
                "user": "U01L7L0D6AF",
                "ts": "1647624153.265929"
            },
            {
                "user": "U02QKBYPBH9",
                "ts": "1647625590.888289"
            },
            {
                "user": "U02QKBYPBH9",
                "ts": "1647625603.016529"
            },
            {
                "user": "U01L7L0D6AF",
                "ts": "1647626247.241909"
            },
            {
                "user": "U02QKBYPBH9",
                "ts": "1647626557.478399"
            },
            {
                "user": "U01L7L0D6AF",
                "ts": "1647626592.401199"
            },
            {
                "user": "U034WFB4T4M",
                "ts": "1647654580.126229"
            },
            {
                "user": "U0331KC4D0S",
                "ts": "1648207813.554449"
            }
        ],
        "is_locked": false,
        "subscribed": false
    },
    {
        "client_msg_id": "62158BC1-3981-4159-B1F8-2C07E57685BB",
        "type": "message",
        "text": "Hello Joel - by localization do you mean making sure the pieces still work for the German market but still in English or translating to German?",
        "user": "U01L7L0D6AF",
        "ts": "1647624153.265929",
        "team": "TJE58GTJL",
        "user_team": "TJE58GTJL",
        "source_team": "TJE58GTJL",
        "user_profile": {
            "avatar_hash": "2441394beeb3",
            "image_72": "https:\/\/avatars.slack-edge.com\/2021-02-04\/1725716072721_2441394beeb37b3da5bf_72.jpg",
            "first_name": "Marcia",
            "real_name": "Marcia Adair",
            "display_name": "Marcia Adair",
            "team": "TJE58GTJL",
            "name": "hello621",
            "is_restricted": false,
            "is_ultra_restricted": false
        },
        "blocks": [
            {
                "type": "rich_text",
                "block_id": "lj4",
                "elements": [
                    {
                        "type": "rich_text_section",
                        "elements": [
                            {
                                "type": "text",
                                "text": "Hello Joel - by localization do you mean making sure the pieces still work for the German market but still in English or translating to German?"
                            }
                        ]
                    }
                ]
            }
        ],
        "thread_ts": "1647616918.805519",
        "parent_user_id": "U02QKBYPBH9"
    },
    {
        "client_msg_id": "83ba288a-9308-4de0-aa78-fb8d2c8f6f19",
        "type": "message",
        "text": "Taking a piece (approved) in English and localizing it for the German market. In this case, case studies\/testimonial captions.",
        "user": "U02QKBYPBH9",
        "ts": "1647625590.888289",
        "team": "TJE58GTJL",
        "user_team": "TJE58GTJL",
        "source_team": "TJE58GTJL",
        "user_profile": {
            "avatar_hash": "c6f0a530cc72",
            "image_72": "https:\/\/avatars.slack-edge.com\/2021-12-14\/2825658114487_c6f0a530cc7209decb11_72.jpg",
            "first_name": "Joel",
            "real_name": "Joel Klettke",
            "display_name": "Joel Klettke",
            "team": "TJE58GTJL",
            "name": "joel661",
            "is_restricted": false,
            "is_ultra_restricted": false
        },
        "blocks": [
            {
                "type": "rich_text",
                "block_id": "xgm",
                "elements": [
                    {
                        "type": "rich_text_section",
                        "elements": [
                            {
                                "type": "text",
                                "text": "Taking a piece (approved) in English and localizing it for the German market. In this case, case studies\/testimonial captions."
                            }
                        ]
                    }
                ]
            }
        ],
        "thread_ts": "1647616918.805519",
        "parent_user_id": "U02QKBYPBH9"
    },
    {
        "client_msg_id": "ada98ef0-d89a-4dd0-8c95-d9d60036b250",
        "type": "message",
        "text": "And for more clarity: Auf Deutsch. Translating to German :slightly_smiling_face:",
        "user": "U02QKBYPBH9",
        "ts": "1647625603.016529",
        "team": "TJE58GTJL",
        "user_team": "TJE58GTJL",
        "source_team": "TJE58GTJL",
        "user_profile": {
            "avatar_hash": "c6f0a530cc72",
            "image_72": "https:\/\/avatars.slack-edge.com\/2021-12-14\/2825658114487_c6f0a530cc7209decb11_72.jpg",
            "first_name": "Joel",
            "real_name": "Joel Klettke",
            "display_name": "Joel Klettke",
            "team": "TJE58GTJL",
            "name": "joel661",
            "is_restricted": false,
            "is_ultra_restricted": false
        },
        "edited": {
            "user": "U02QKBYPBH9",
            "ts": "1647625647.000000"
        },
        "blocks": [
            {
                "type": "rich_text",
                "block_id": "UWS",
                "elements": [
                    {
                        "type": "rich_text_section",
                        "elements": [
                            {
                                "type": "text",
                                "text": "And for more clarity: Auf Deutsch. Translating to German "
                            },
                            {
                                "type": "emoji",
                                "name": "slightly_smiling_face"
                            }
                        ]
                    }
                ]
            }
        ],
        "thread_ts": "1647616918.805519",
        "parent_user_id": "U02QKBYPBH9"
    },
    {
        "client_msg_id": "64E2459E-866D-42DD-B0BF-C7C716A5AFC7",
        "type": "message",
        "text": "Ok cool. That's not me then, but I know a few people who do this.  Shall I ask them to contact you directly or what's easiest?",
        "user": "U01L7L0D6AF",
        "ts": "1647626247.241909",
        "team": "TJE58GTJL",
        "user_team": "TJE58GTJL",
        "source_team": "TJE58GTJL",
        "user_profile": {
            "avatar_hash": "2441394beeb3",
            "image_72": "https:\/\/avatars.slack-edge.com\/2021-02-04\/1725716072721_2441394beeb37b3da5bf_72.jpg",
            "first_name": "Marcia",
            "real_name": "Marcia Adair",
            "display_name": "Marcia Adair",
            "team": "TJE58GTJL",
            "name": "hello621",
            "is_restricted": false,
            "is_ultra_restricted": false
        },
        "blocks": [
            {
                "type": "rich_text",
                "block_id": "NPrB",
                "elements": [
                    {
                        "type": "rich_text_section",
                        "elements": [
                            {
                                "type": "text",
                                "text": "Ok cool. That's not me then, but I know a few people who do this.  Shall I ask them to contact you directly or what's easiest?"
                            }
                        ]
                    }
                ]
            }
        ],
        "thread_ts": "1647616918.805519",
        "parent_user_id": "U02QKBYPBH9"
    },
    {
        "client_msg_id": "d405d152-9a68-4728-8c20-aa260814af67",
        "type": "message",
        "text": "<mailto:joel@casestudybuddy.com|joel@casestudybuddy.com>, please!",
        "user": "U02QKBYPBH9",
        "ts": "1647626557.478399",
        "team": "TJE58GTJL",
        "user_team": "TJE58GTJL",
        "source_team": "TJE58GTJL",
        "user_profile": {
            "avatar_hash": "c6f0a530cc72",
            "image_72": "https:\/\/avatars.slack-edge.com\/2021-12-14\/2825658114487_c6f0a530cc7209decb11_72.jpg",
            "first_name": "Joel",
            "real_name": "Joel Klettke",
            "display_name": "Joel Klettke",
            "team": "TJE58GTJL",
            "name": "joel661",
            "is_restricted": false,
            "is_ultra_restricted": false
        },
        "blocks": [
            {
                "type": "rich_text",
                "block_id": "LbtsH",
                "elements": [
                    {
                        "type": "rich_text_section",
                        "elements": [
                            {
                                "type": "link",
                                "url": "mailto:joel@casestudybuddy.com",
                                "text": "joel@casestudybuddy.com"
                            },
                            {
                                "type": "text",
                                "text": ", please!"
                            }
                        ]
                    }
                ]
            }
        ],
        "thread_ts": "1647616918.805519",
        "parent_user_id": "U02QKBYPBH9"
    },
    {
        "client_msg_id": "54B6AD26-655B-445A-AAEB-4B6F860DE024",
        "type": "message",
        "text": "Excellent. I'll put the word out. ",
        "user": "U01L7L0D6AF",
        "ts": "1647626592.401199",
        "team": "TJE58GTJL",
        "user_team": "TJE58GTJL",
        "source_team": "TJE58GTJL",
        "user_profile": {
            "avatar_hash": "2441394beeb3",
            "image_72": "https:\/\/avatars.slack-edge.com\/2021-02-04\/1725716072721_2441394beeb37b3da5bf_72.jpg",
            "first_name": "Marcia",
            "real_name": "Marcia Adair",
            "display_name": "Marcia Adair",
            "team": "TJE58GTJL",
            "name": "hello621",
            "is_restricted": false,
            "is_ultra_restricted": false
        },
        "blocks": [
            {
                "type": "rich_text",
                "block_id": "gEVH",
                "elements": [
                    {
                        "type": "rich_text_section",
                        "elements": [
                            {
                                "type": "text",
                                "text": "Excellent. I'll put the word out. "
                            }
                        ]
                    }
                ]
            }
        ],
        "thread_ts": "1647616918.805519",
        "parent_user_id": "U02QKBYPBH9"
    },
    {
        "client_msg_id": "230b72c7-f138-49a0-b03f-403d01d5a5e4",
        "type": "message",
        "text": "from <@U033E8EDRC1> → Hey everyone! We're looking for an Indie Media Expert to contribute on an ongoing basis for a high authority blog! Details and form to apply here: <https:\/\/venture4thmedia.com\/work-with-us\/>",
        "user": "UJG9WTEKG",
        "ts": "1647627564.892109",
        "team": "TJE58GTJL",
        "user_team": "TJE58GTJL",
        "source_team": "TJE58GTJL",
        "user_profile": {
            "avatar_hash": "gc25b94e6ebf",
            "image_72": "https:\/\/secure.gravatar.com\/avatar\/eec25b94e6ebf55f0b7933372344cd09.jpg?s=72&d=https%3A%2F%2Fa.slack-edge.com%2Fdf10d%2Fimg%2Favatars%2Fava_0001-72.png",
            "first_name": "Jimmy",
            "real_name": "Jimmy Daly",
            "display_name": "",
            "team": "TJE58GTJL",
            "name": "runjimdaly",
            "is_restricted": false,
            "is_ultra_restricted": false
        },
        "blocks": [
            {
                "type": "rich_text",
                "block_id": "l4Yn",
                "elements": [
                    {
                        "type": "rich_text_section",
                        "elements": [
                            {
                                "type": "text",
                                "text": "from "
                            },
                            {
                                "type": "user",
                                "user_id": "U033E8EDRC1"
                            },
                            {
                                "type": "text",
                                "text": " → Hey everyone! We're looking for an Indie Media Expert to contribute on an ongoing basis for a high authority blog! Details and form to apply here: "
                            },
                            {
                                "type": "link",
                                "url": "https:\/\/venture4thmedia.com\/work-with-us\/"
                            }
                        ]
                    }
                ]
            }
        ]
    },
    {
        "client_msg_id": "A5E13B67-80C9-4D32-A586-5037A0DC3412",
        "type": "message",
        "text": "Hi all:wave:! I am currently looking for a contract writer with a background in health or biology to help create blog and other content at <http:\/\/Ezra.com|Ezra.com>. If you’re interested or know anyone who might be a good fit, feel free to DM me or send me an email at <mailto:ana.krsmanovic@ezra.com|ana.krsmanovic@ezra.com>. Thanks in advance! ",
        "user": "U02J57QTZ5Z",
        "ts": "1647632187.445559",
        "team": "TJE58GTJL",
        "user_team": "TJE58GTJL",
        "source_team": "TJE58GTJL",
        "user_profile": {
            "avatar_hash": "50fe74244096",
            "image_72": "https:\/\/avatars.slack-edge.com\/2021-10-18\/2629881168097_50fe7424409682b275cb_72.png",
            "first_name": "Ana",
            "real_name": "Ana Krsmanovic",
            "display_name": "Ana Krsmanovic",
            "team": "TJE58GTJL",
            "name": "ana.krsmanovic.3",
            "is_restricted": false,
            "is_ultra_restricted": false
        },
        "edited": {
            "user": "U02J57QTZ5Z",
            "ts": "1647632259.000000"
        },
        "blocks": [
            {
                "type": "rich_text",
                "block_id": "GwL79",
                "elements": [
                    {
                        "type": "rich_text_section",
                        "elements": [
                            {
                                "type": "text",
                                "text": "Hi all"
                            },
                            {
                                "type": "emoji",
                                "name": "wave"
                            },
                            {
                                "type": "text",
                                "text": "! I am currently looking for a contract writer with a background in health or biology to help create blog and other content at "
                            },
                            {
                                "type": "link",
                                "url": "http:\/\/Ezra.com",
                                "text": "Ezra.com"
                            },
                            {
                                "type": "text",
                                "text": ". If you’re interested or know anyone who might be a good fit, feel free to DM me or send me an email at "
                            },
                            {
                                "type": "link",
                                "url": "mailto:ana.krsmanovic@ezra.com",
                                "text": "ana.krsmanovic@ezra.com"
                            },
                            {
                                "type": "text",
                                "text": ". Thanks in advance! "
                            }
                        ]
                    }
                ]
            }
        ],
        "thread_ts": "1647632187.445559",
        "reply_count": 3,
        "reply_users_count": 3,
        "latest_reply": "1648082475.818139",
        "reply_users": [
            "U03330MFEN4",
            "U0320CENNGK",
            "U018YBP6T8V"
        ],
        "replies": [
            {
                "user": "U03330MFEN4",
                "ts": "1647634253.724999"
            },
            {
                "user": "U0320CENNGK",
                "ts": "1647637320.443989"
            },
            {
                "user": "U018YBP6T8V",
                "ts": "1648082475.818139"
            }
        ],
        "is_locked": false,
        "subscribed": false
    },
    {
        "client_msg_id": "231e89e3-c0b9-4bb9-9506-d96b5be23159",
        "type": "message",
        "text": "If you can share rate information I’d be happy to share with some health writers I know.",
        "user": "U03330MFEN4",
        "ts": "1647634253.724999",
        "team": "TJE58GTJL",
        "user_team": "TJE58GTJL",
        "source_team": "TJE58GTJL",
        "user_profile": {
            "avatar_hash": "eee78796f291",
            "image_72": "https:\/\/avatars.slack-edge.com\/2022-02-09\/3105175916912_eee78796f2919ff55228_72.png",
            "first_name": "Kaitlyn",
            "real_name": "Kaitlyn Arford",
            "display_name": "Kaitlyn Arford",
            "team": "TJE58GTJL",
            "name": "kaitlyn.arford",
            "is_restricted": false,
            "is_ultra_restricted": false
        },
        "blocks": [
            {
                "type": "rich_text",
                "block_id": "ucH9a",
                "elements": [
                    {
                        "type": "rich_text_section",
                        "elements": [
                            {
                                "type": "text",
                                "text": "If you can share rate information I’d be happy to share with some health writers I know."
                            }
                        ]
                    }
                ]
            }
        ],
        "thread_ts": "1647632187.445559",
        "parent_user_id": "U02J57QTZ5Z"
    },
    {
        "client_msg_id": "035154c7-c0ec-4015-a0c5-f39cc4b58cb3",
        "type": "message",
        "text": "<@U02J57QTZ5Z>, I'd love to chat with you about this! Sending a DM your way.",
        "user": "U0320CENNGK",
        "ts": "1647637320.443989",
        "team": "TJE58GTJL",
        "user_team": "TJE58GTJL",
        "source_team": "TJE58GTJL",
        "user_profile": {
            "avatar_hash": "5bece02b7e44",
            "image_72": "https:\/\/avatars.slack-edge.com\/2022-02-08\/3085044228433_5bece02b7e44f02efd5e_72.jpg",
            "first_name": "Odelia",
            "real_name": "Odelia",
            "display_name": "Odelia",
            "team": "TJE58GTJL",
            "name": "girlsetfree",
            "is_restricted": false,
            "is_ultra_restricted": false
        },
        "blocks": [
            {
                "type": "rich_text",
                "block_id": "XraK",
                "elements": [
                    {
                        "type": "rich_text_section",
                        "elements": [
                            {
                                "type": "user",
                                "user_id": "U02J57QTZ5Z"
                            },
                            {
                                "type": "text",
                                "text": ", I'd love to chat with you about this! Sending a DM your way."
                            }
                        ]
                    }
                ]
            }
        ],
        "thread_ts": "1647632187.445559",
        "parent_user_id": "U02J57QTZ5Z"
    },
    {
        "client_msg_id": "80D22B6F-2E81-4711-BF8C-C60FBEA83452",
        "type": "message",
        "text": "I know <mailto:ronja.jedro@lindgren.world|ronja.jedro@lindgren.world> did a good job for my projects… hit her up see if she's free…",
        "user": "U034WFB4T4M",
        "ts": "1647654580.126229",
        "team": "TJE58GTJL",
        "user_team": "TJE58GTJL",
        "source_team": "TJE58GTJL",
        "user_profile": {
            "avatar_hash": "46897fcacd00",
            "image_72": "https:\/\/avatars.slack-edge.com\/2022-03-08\/3208692782227_46897fcacd00603c61fd_72.png",
            "first_name": "Dom",
            "real_name": "Dom",
            "display_name": "Dom",
            "team": "TJE58GTJL",
            "name": "dom045",
            "is_restricted": false,
            "is_ultra_restricted": false
        },
        "blocks": [
            {
                "type": "rich_text",
                "block_id": "2fzx",
                "elements": [
                    {
                        "type": "rich_text_section",
                        "elements": [
                            {
                                "type": "text",
                                "text": "I know "
                            },
                            {
                                "type": "link",
                                "url": "mailto:ronja.jedro@lindgren.world",
                                "text": "ronja.jedro@lindgren.world"
                            },
                            {
                                "type": "text",
                                "text": " did a good job for my projects… hit her up see if she's free…"
                            }
                        ]
                    }
                ]
            }
        ],
        "thread_ts": "1647616918.805519",
        "parent_user_id": "U02QKBYPBH9"
    }
]