[
    {
        "client_msg_id": "4dd40574-3bc6-4717-831c-fd5be1958baf",
        "type": "message",
        "text": "Thanks for sharing such an impressive opportunity",
        "user": "U03AVHF6PGE",
        "ts": "1650784611.717249",
        "team": "TJE58GTJL",
        "user_team": "TJE58GTJL",
        "source_team": "TJE58GTJL",
        "user_profile": {
            "avatar_hash": "bf7762f6e920",
            "image_72": "https:\/\/avatars.slack-edge.com\/2022-04-23\/3428135674549_bf7762f6e9206402215e_72.jpg",
            "first_name": "Omu",
            "real_name": "Omu Otayo",
            "display_name": "Omu",
            "team": "TJE58GTJL",
            "name": "omuotayongozi",
            "is_restricted": false,
            "is_ultra_restricted": false
        },
        "blocks": [
            {
                "type": "rich_text",
                "block_id": "g8bV",
                "elements": [
                    {
                        "type": "rich_text_section",
                        "elements": [
                            {
                                "type": "text",
                                "text": "Thanks for sharing such an impressive opportunity"
                            }
                        ]
                    }
                ]
            }
        ],
        "thread_ts": "1650575470.171889",
        "parent_user_id": "U02PM12M15K"
    },
    {
        "type": "message",
        "text": "Hey Joel, I've carefully read through your post above and I'd love to indicate interest. I'm a copywriter and brand Strategist with great experience that can give life to your project.\n\nHere are some brands I've helped build their overall brand persona from ground up:\nHere are some websites I've written for:\n1. <http:\/\/www.simplyyapah.com|www.simplyyapah.com>\n2. <http:\/\/www.ndpifoundation.org|www.ndpifoundation.org>\n3. <http:\/\/www.ojfoodtech.com|www.ojfoodtech.com>\n4. <http:\/\/www.raisinglegends.org|www.raisinglegends.org>\n5. <http:\/\/www.awicahouse.com|www.awicahouse.com> \n\nAlso attached are some samples of branding add-ons:\n\nPlease kindly revert if you've any questions",
        "files": [
            {
                "id": "F03CPHUNXU2",
                "created": 1650785571,
                "timestamp": 1650785571,
                "name": "BRAND STORY - Chileofgod.docx",
                "title": "BRAND STORY - Chileofgod.docx",
                "mimetype": "application\/vnd.openxmlformats-officedocument.wordprocessingml.document",
                "filetype": "docx",
                "pretty_type": "Word Document",
                "user": "U03AVHF6PGE",
                "editable": false,
                "size": 8359,
                "mode": "hosted",
                "is_external": false,
                "external_type": "",
                "is_public": true,
                "public_url_shared": false,
                "display_as_bot": false,
                "username": "",
                "url_private": "https:\/\/files.slack.com\/files-pri\/TJE58GTJL-F03CPHUNXU2\/brand_story_-_chileofgod.docx?t=xoxe-626178571632-3467451922035-3469800396036-b45365c7edcd0220272aa8a422c2b82f",
                "url_private_download": "https:\/\/files.slack.com\/files-pri\/TJE58GTJL-F03CPHUNXU2\/download\/brand_story_-_chileofgod.docx?t=xoxe-626178571632-3467451922035-3469800396036-b45365c7edcd0220272aa8a422c2b82f",
                "media_display_type": "unknown",
                "converted_pdf": "https:\/\/files.slack.com\/files-tmb\/TJE58GTJL-F03CPHUNXU2-d3402fd409\/brand_story_-_chileofgod_converted.pdf?t=xoxe-626178571632-3467451922035-3469800396036-b45365c7edcd0220272aa8a422c2b82f",
                "thumb_pdf": "https:\/\/files.slack.com\/files-tmb\/TJE58GTJL-F03CPHUNXU2-d3402fd409\/brand_story_-_chileofgod_thumb_pdf.png?t=xoxe-626178571632-3467451922035-3469800396036-b45365c7edcd0220272aa8a422c2b82f",
                "thumb_pdf_w": 935,
                "thumb_pdf_h": 1210,
                "permalink": "https:\/\/content-career-growth.slack.com\/files\/U03AVHF6PGE\/F03CPHUNXU2\/brand_story_-_chileofgod.docx",
                "permalink_public": "https:\/\/slack-files.com\/TJE58GTJL-F03CPHUNXU2-0f7bc9b323",
                "is_starred": false,
                "has_rich_preview": false
            },
            {
                "id": "F03D270NQD7",
                "created": 1650785620,
                "timestamp": 1650785620,
                "name": "ITAS LLC Finished Work.docx",
                "title": "ITAS LLC Finished Work.docx",
                "mimetype": "application\/vnd.openxmlformats-officedocument.wordprocessingml.document",
                "filetype": "docx",
                "pretty_type": "Word Document",
                "user": "U03AVHF6PGE",
                "editable": false,
                "size": 10012,
                "mode": "hosted",
                "is_external": false,
                "external_type": "",
                "is_public": true,
                "public_url_shared": false,
                "display_as_bot": false,
                "username": "",
                "url_private": "https:\/\/files.slack.com\/files-pri\/TJE58GTJL-F03D270NQD7\/itas_llc_finished_work.docx?t=xoxe-626178571632-3467451922035-3469800396036-b45365c7edcd0220272aa8a422c2b82f",
                "url_private_download": "https:\/\/files.slack.com\/files-pri\/TJE58GTJL-F03D270NQD7\/download\/itas_llc_finished_work.docx?t=xoxe-626178571632-3467451922035-3469800396036-b45365c7edcd0220272aa8a422c2b82f",
                "media_display_type": "unknown",
                "converted_pdf": "https:\/\/files.slack.com\/files-tmb\/TJE58GTJL-F03D270NQD7-e7a957a9dd\/itas_llc_finished_work_converted.pdf?t=xoxe-626178571632-3467451922035-3469800396036-b45365c7edcd0220272aa8a422c2b82f",
                "thumb_pdf": "https:\/\/files.slack.com\/files-tmb\/TJE58GTJL-F03D270NQD7-e7a957a9dd\/itas_llc_finished_work_thumb_pdf.png?t=xoxe-626178571632-3467451922035-3469800396036-b45365c7edcd0220272aa8a422c2b82f",
                "thumb_pdf_w": 935,
                "thumb_pdf_h": 1210,
                "permalink": "https:\/\/content-career-growth.slack.com\/files\/U03AVHF6PGE\/F03D270NQD7\/itas_llc_finished_work.docx",
                "permalink_public": "https:\/\/slack-files.com\/TJE58GTJL-F03D270NQD7-64aa991b40",
                "is_starred": false,
                "has_rich_preview": false
            },
            {
                "id": "F03CGUFRE6S",
                "created": 1650785678,
                "timestamp": 1650785678,
                "name": "Management Consulting.docx",
                "title": "Management Consulting.docx",
                "mimetype": "application\/vnd.openxmlformats-officedocument.wordprocessingml.document",
                "filetype": "docx",
                "pretty_type": "Word Document",
                "user": "U03AVHF6PGE",
                "editable": false,
                "size": 8027,
                "mode": "hosted",
                "is_external": false,
                "external_type": "",
                "is_public": true,
                "public_url_shared": false,
                "display_as_bot": false,
                "username": "",
                "url_private": "https:\/\/files.slack.com\/files-pri\/TJE58GTJL-F03CGUFRE6S\/management_consulting.docx?t=xoxe-626178571632-3467451922035-3469800396036-b45365c7edcd0220272aa8a422c2b82f",
                "url_private_download": "https:\/\/files.slack.com\/files-pri\/TJE58GTJL-F03CGUFRE6S\/download\/management_consulting.docx?t=xoxe-626178571632-3467451922035-3469800396036-b45365c7edcd0220272aa8a422c2b82f",
                "media_display_type": "unknown",
                "converted_pdf": "https:\/\/files.slack.com\/files-tmb\/TJE58GTJL-F03CGUFRE6S-99d3cd9fb5\/management_consulting_converted.pdf?t=xoxe-626178571632-3467451922035-3469800396036-b45365c7edcd0220272aa8a422c2b82f",
                "thumb_pdf": "https:\/\/files.slack.com\/files-tmb\/TJE58GTJL-F03CGUFRE6S-99d3cd9fb5\/management_consulting_thumb_pdf.png?t=xoxe-626178571632-3467451922035-3469800396036-b45365c7edcd0220272aa8a422c2b82f",
                "thumb_pdf_w": 935,
                "thumb_pdf_h": 1210,
                "permalink": "https:\/\/content-career-growth.slack.com\/files\/U03AVHF6PGE\/F03CGUFRE6S\/management_consulting.docx",
                "permalink_public": "https:\/\/slack-files.com\/TJE58GTJL-F03CGUFRE6S-feeb251867",
                "is_starred": false,
                "has_rich_preview": false
            }
        ],
        "upload": false,
        "user": "U03AVHF6PGE",
        "ts": "1650785725.248409",
        "blocks": [
            {
                "type": "rich_text",
                "block_id": "2xev",
                "elements": [
                    {
                        "type": "rich_text_section",
                        "elements": [
                            {
                                "type": "text",
                                "text": "Hey Joel, I've carefully read through your post above and I'd love to indicate interest. I'm a copywriter and brand Strategist with great experience that can give life to your project.\n\nHere are some brands I've helped build their overall brand persona from ground up:\nHere are some websites I've written for:\n1. "
                            },
                            {
                                "type": "link",
                                "url": "http:\/\/www.simplyyapah.com",
                                "text": "www.simplyyapah.com"
                            },
                            {
                                "type": "text",
                                "text": "\n2. "
                            },
                            {
                                "type": "link",
                                "url": "http:\/\/www.ndpifoundation.org",
                                "text": "www.ndpifoundation.org"
                            },
                            {
                                "type": "text",
                                "text": "\n3. "
                            },
                            {
                                "type": "link",
                                "url": "http:\/\/www.ojfoodtech.com",
                                "text": "www.ojfoodtech.com"
                            },
                            {
                                "type": "text",
                                "text": "\n4. "
                            },
                            {
                                "type": "link",
                                "url": "http:\/\/www.raisinglegends.org",
                                "text": "www.raisinglegends.org"
                            },
                            {
                                "type": "text",
                                "text": "\n5. "
                            },
                            {
                                "type": "link",
                                "url": "http:\/\/www.awicahouse.com",
                                "text": "www.awicahouse.com"
                            },
                            {
                                "type": "text",
                                "text": " \n\nAlso attached are some samples of branding add-ons:\n\nPlease kindly revert if you've any questions"
                            }
                        ]
                    }
                ]
            }
        ],
        "client_msg_id": "983e6603-9731-4ea1-985d-7f979dabd55e",
        "thread_ts": "1650468196.545709",
        "parent_user_id": "U03C3FH2ZH8"
    },
    {
        "client_msg_id": "e53d7ee9-fd0c-4b83-9041-d925af701166",
        "type": "message",
        "text": "Hi Nik, care to talk further about your project?\nHere are some websites I've written for:\n1. <http:\/\/www.simplyyapah.com|www.simplyyapah.com>\n2. <http:\/\/www.ndpifoundation.org|www.ndpifoundation.org>\n3. <http:\/\/www.ojfoodtech.com|www.ojfoodtech.com>\n4. <http:\/\/www.raisinglegends.org|www.raisinglegends.org>\n5. <http:\/\/www.awicahouse.com|www.awicahouse.com>\n\nI'd promise to scale your project to success",
        "user": "U03AVHF6PGE",
        "ts": "1650786290.028729",
        "team": "TJE58GTJL",
        "user_team": "TJE58GTJL",
        "source_team": "TJE58GTJL",
        "user_profile": {
            "avatar_hash": "bf7762f6e920",
            "image_72": "https:\/\/avatars.slack-edge.com\/2022-04-23\/3428135674549_bf7762f6e9206402215e_72.jpg",
            "first_name": "Omu",
            "real_name": "Omu Otayo",
            "display_name": "Omu",
            "team": "TJE58GTJL",
            "name": "omuotayongozi",
            "is_restricted": false,
            "is_ultra_restricted": false
        },
        "blocks": [
            {
                "type": "rich_text",
                "block_id": "zUMA",
                "elements": [
                    {
                        "type": "rich_text_section",
                        "elements": [
                            {
                                "type": "text",
                                "text": "Hi Nik, care to talk further about your project?\nHere are some websites I've written for:\n1. "
                            },
                            {
                                "type": "link",
                                "url": "http:\/\/www.simplyyapah.com",
                                "text": "www.simplyyapah.com"
                            },
                            {
                                "type": "text",
                                "text": "\n2. "
                            },
                            {
                                "type": "link",
                                "url": "http:\/\/www.ndpifoundation.org",
                                "text": "www.ndpifoundation.org"
                            },
                            {
                                "type": "text",
                                "text": "\n3. "
                            },
                            {
                                "type": "link",
                                "url": "http:\/\/www.ojfoodtech.com",
                                "text": "www.ojfoodtech.com"
                            },
                            {
                                "type": "text",
                                "text": "\n4. "
                            },
                            {
                                "type": "link",
                                "url": "http:\/\/www.raisinglegends.org",
                                "text": "www.raisinglegends.org"
                            },
                            {
                                "type": "text",
                                "text": "\n5. "
                            },
                            {
                                "type": "link",
                                "url": "http:\/\/www.awicahouse.com",
                                "text": "www.awicahouse.com"
                            },
                            {
                                "type": "text",
                                "text": "\n\nI'd promise to scale your project to success"
                            }
                        ]
                    }
                ]
            }
        ],
        "thread_ts": "1650056237.633799",
        "parent_user_id": "U011QQDDSJV"
    },
    {
        "client_msg_id": "e05d02a6-e285-4a25-869a-4a7f3b0b6219",
        "type": "message",
        "text": "Great insight",
        "user": "U03AVHF6PGE",
        "ts": "1650789389.440979",
        "team": "TJE58GTJL",
        "user_team": "TJE58GTJL",
        "source_team": "TJE58GTJL",
        "user_profile": {
            "avatar_hash": "bf7762f6e920",
            "image_72": "https:\/\/avatars.slack-edge.com\/2022-04-23\/3428135674549_bf7762f6e9206402215e_72.jpg",
            "first_name": "Omu",
            "real_name": "Omu Otayo",
            "display_name": "Omu",
            "team": "TJE58GTJL",
            "name": "omuotayongozi",
            "is_restricted": false,
            "is_ultra_restricted": false
        },
        "blocks": [
            {
                "type": "rich_text",
                "block_id": "PCQkz",
                "elements": [
                    {
                        "type": "rich_text_section",
                        "elements": [
                            {
                                "type": "text",
                                "text": "Great insight"
                            }
                        ]
                    }
                ]
            }
        ],
        "thread_ts": "1648773004.785709",
        "parent_user_id": "U02QDLB9ASU"
    },
    {
        "client_msg_id": "6212D36F-DED2-4FF5-B0FB-321AF0FD95E0",
        "type": "message",
        "text": "I'm all set with writers for this project. Thanks!",
        "user": "U011QQDDSJV",
        "ts": "1650807200.571109",
        "team": "TJE58GTJL",
        "user_team": "TJE58GTJL",
        "source_team": "TJE58GTJL",
        "user_profile": {
            "avatar_hash": "26f290c29155",
            "image_72": "https:\/\/avatars.slack-edge.com\/2020-04-08\/1046081228023_26f290c2915541368412_72.png",
            "first_name": "Nikolas",
            "real_name": "Nikolas Wright",
            "display_name": "Nik",
            "team": "TJE58GTJL",
            "name": "wright.nikolas",
            "is_restricted": false,
            "is_ultra_restricted": false
        },
        "blocks": [
            {
                "type": "rich_text",
                "block_id": "WIX",
                "elements": [
                    {
                        "type": "rich_text_section",
                        "elements": [
                            {
                                "type": "text",
                                "text": "I'm all set with writers for this project. Thanks!"
                            }
                        ]
                    }
                ]
            }
        ],
        "thread_ts": "1650056237.633799",
        "parent_user_id": "U011QQDDSJV"
    },
    {
        "client_msg_id": "44d6d463-7cab-46e5-be15-7c5b1cdf531f",
        "type": "message",
        "text": "Wow! Thanks Nik for your prompt response. I trust you're doing great today? Care to move forward with this project and if we could go DM",
        "user": "U03AVHF6PGE",
        "ts": "1650807623.439149",
        "team": "TJE58GTJL",
        "user_team": "TJE58GTJL",
        "source_team": "TJE58GTJL",
        "user_profile": {
            "avatar_hash": "bf7762f6e920",
            "image_72": "https:\/\/avatars.slack-edge.com\/2022-04-23\/3428135674549_bf7762f6e9206402215e_72.jpg",
            "first_name": "Omu",
            "real_name": "Omu Otayo",
            "display_name": "Omu",
            "team": "TJE58GTJL",
            "name": "omuotayongozi",
            "is_restricted": false,
            "is_ultra_restricted": false
        },
        "blocks": [
            {
                "type": "rich_text",
                "block_id": "J5sy3",
                "elements": [
                    {
                        "type": "rich_text_section",
                        "elements": [
                            {
                                "type": "text",
                                "text": "Wow! Thanks Nik for your prompt response. I trust you're doing great today? Care to move forward with this project and if we could go DM"
                            }
                        ]
                    }
                ]
            }
        ],
        "thread_ts": "1650056237.633799",
        "parent_user_id": "U011QQDDSJV"
    },
    {
        "client_msg_id": "ba0c901d-a4d6-4904-903e-1fb505ed6981",
        "type": "message",
        "text": "Hey Alison this is really a great opportunity, would you be kind patient to give me a try with this?",
        "user": "U03AVHF6PGE",
        "ts": "1650809014.466009",
        "team": "TJE58GTJL",
        "user_team": "TJE58GTJL",
        "source_team": "TJE58GTJL",
        "user_profile": {
            "avatar_hash": "bf7762f6e920",
            "image_72": "https:\/\/avatars.slack-edge.com\/2022-04-23\/3428135674549_bf7762f6e9206402215e_72.jpg",
            "first_name": "Omu",
            "real_name": "Omu Otayo",
            "display_name": "Omu",
            "team": "TJE58GTJL",
            "name": "omuotayongozi",
            "is_restricted": false,
            "is_ultra_restricted": false
        },
        "blocks": [
            {
                "type": "rich_text",
                "block_id": "gaLoN",
                "elements": [
                    {
                        "type": "rich_text_section",
                        "elements": [
                            {
                                "type": "text",
                                "text": "Hey Alison this is really a great opportunity, would you be kind patient to give me a try with this?"
                            }
                        ]
                    }
                ]
            }
        ],
        "thread_ts": "1647899980.005249",
        "parent_user_id": "UJG9WTEKG"
    },
    {
        "client_msg_id": "75cbf118-4532-47e1-9c8e-872838abef81",
        "type": "message",
        "text": "Hi Harshala, I just stumbled on your post right away, do you still need this?",
        "user": "U03AVHF6PGE",
        "ts": "1650811388.520269",
        "team": "TJE58GTJL",
        "user_team": "TJE58GTJL",
        "source_team": "TJE58GTJL",
        "user_profile": {
            "avatar_hash": "bf7762f6e920",
            "image_72": "https:\/\/avatars.slack-edge.com\/2022-04-23\/3428135674549_bf7762f6e9206402215e_72.jpg",
            "first_name": "Omu",
            "real_name": "Omu Otayo",
            "display_name": "Omu",
            "team": "TJE58GTJL",
            "name": "omuotayongozi",
            "is_restricted": false,
            "is_ultra_restricted": false
        },
        "blocks": [
            {
                "type": "rich_text",
                "block_id": "S3Gad",
                "elements": [
                    {
                        "type": "rich_text_section",
                        "elements": [
                            {
                                "type": "text",
                                "text": "Hi Harshala, I just stumbled on your post right away, do you still need this?"
                            }
                        ]
                    }
                ]
            }
        ],
        "thread_ts": "1644834328.782309",
        "parent_user_id": "U02CUMQBP9R"
    },
    {
        "type": "message",
        "text": "Hey Dan, is this still open?\nIf Yes then I'll like you to take a look at these attached samples accordingly.\n\nThanks",
        "files": [
            {
                "id": "F03CQ0H1FGB",
                "created": 1650811683,
                "timestamp": 1650811683,
                "name": "MUSEUM OF BEAUTY AND INDUSTRY.docx",
                "title": "MUSEUM OF BEAUTY AND INDUSTRY.docx",
                "mimetype": "application\/vnd.openxmlformats-officedocument.wordprocessingml.document",
                "filetype": "docx",
                "pretty_type": "Word Document",
                "user": "U03AVHF6PGE",
                "editable": false,
                "size": 18278,
                "mode": "hosted",
                "is_external": false,
                "external_type": "",
                "is_public": true,
                "public_url_shared": false,
                "display_as_bot": false,
                "username": "",
                "url_private": "https:\/\/files.slack.com\/files-pri\/TJE58GTJL-F03CQ0H1FGB\/museum_of_beauty_and_industry.docx?t=xoxe-626178571632-3467451922035-3469800396036-b45365c7edcd0220272aa8a422c2b82f",
                "url_private_download": "https:\/\/files.slack.com\/files-pri\/TJE58GTJL-F03CQ0H1FGB\/download\/museum_of_beauty_and_industry.docx?t=xoxe-626178571632-3467451922035-3469800396036-b45365c7edcd0220272aa8a422c2b82f",
                "media_display_type": "unknown",
                "converted_pdf": "https:\/\/files.slack.com\/files-tmb\/TJE58GTJL-F03CQ0H1FGB-1be4e6044f\/museum_of_beauty_and_industry_converted.pdf?t=xoxe-626178571632-3467451922035-3469800396036-b45365c7edcd0220272aa8a422c2b82f",
                "thumb_pdf": "https:\/\/files.slack.com\/files-tmb\/TJE58GTJL-F03CQ0H1FGB-1be4e6044f\/museum_of_beauty_and_industry_thumb_pdf.png?t=xoxe-626178571632-3467451922035-3469800396036-b45365c7edcd0220272aa8a422c2b82f",
                "thumb_pdf_w": 935,
                "thumb_pdf_h": 1210,
                "permalink": "https:\/\/content-career-growth.slack.com\/files\/U03AVHF6PGE\/F03CQ0H1FGB\/museum_of_beauty_and_industry.docx",
                "permalink_public": "https:\/\/slack-files.com\/TJE58GTJL-F03CQ0H1FGB-19232e0348",
                "is_starred": false,
                "has_rich_preview": false
            },
            {
                "id": "F03CQ0HTKM1",
                "created": 1650811738,
                "timestamp": 1650811738,
                "name": "KINGDRIVE ENTERTAINMENT.docx",
                "title": "KINGDRIVE ENTERTAINMENT.docx",
                "mimetype": "application\/vnd.openxmlformats-officedocument.wordprocessingml.document",
                "filetype": "docx",
                "pretty_type": "Word Document",
                "user": "U03AVHF6PGE",
                "editable": false,
                "size": 9174,
                "mode": "hosted",
                "is_external": false,
                "external_type": "",
                "is_public": true,
                "public_url_shared": false,
                "display_as_bot": false,
                "username": "",
                "url_private": "https:\/\/files.slack.com\/files-pri\/TJE58GTJL-F03CQ0HTKM1\/kingdrive_entertainment.docx?t=xoxe-626178571632-3467451922035-3469800396036-b45365c7edcd0220272aa8a422c2b82f",
                "url_private_download": "https:\/\/files.slack.com\/files-pri\/TJE58GTJL-F03CQ0HTKM1\/download\/kingdrive_entertainment.docx?t=xoxe-626178571632-3467451922035-3469800396036-b45365c7edcd0220272aa8a422c2b82f",
                "media_display_type": "unknown",
                "converted_pdf": "https:\/\/files.slack.com\/files-tmb\/TJE58GTJL-F03CQ0HTKM1-eeb1678532\/kingdrive_entertainment_converted.pdf?t=xoxe-626178571632-3467451922035-3469800396036-b45365c7edcd0220272aa8a422c2b82f",
                "thumb_pdf": "https:\/\/files.slack.com\/files-tmb\/TJE58GTJL-F03CQ0HTKM1-eeb1678532\/kingdrive_entertainment_thumb_pdf.png?t=xoxe-626178571632-3467451922035-3469800396036-b45365c7edcd0220272aa8a422c2b82f",
                "thumb_pdf_w": 935,
                "thumb_pdf_h": 1210,
                "permalink": "https:\/\/content-career-growth.slack.com\/files\/U03AVHF6PGE\/F03CQ0HTKM1\/kingdrive_entertainment.docx",
                "permalink_public": "https:\/\/slack-files.com\/TJE58GTJL-F03CQ0HTKM1-c333beeffd",
                "is_starred": false,
                "has_rich_preview": false
            }
        ],
        "upload": false,
        "user": "U03AVHF6PGE",
        "ts": "1650811820.847279",
        "blocks": [
            {
                "type": "rich_text",
                "block_id": "ZXE",
                "elements": [
                    {
                        "type": "rich_text_section",
                        "elements": [
                            {
                                "type": "text",
                                "text": "Hey Dan, is this still open?\nIf Yes then I'll like you to take a look at these attached samples accordingly.\n\nThanks"
                            }
                        ]
                    }
                ]
            }
        ],
        "client_msg_id": "4d13360a-c91a-417d-8a30-801984f72040",
        "thread_ts": "1644444091.696499",
        "parent_user_id": "UJGHNJT7F"
    }
]