[
    {
        "client_msg_id": "2b5f43e7-d5c6-4ae4-8ba0-433532bd5964",
        "type": "message",
        "text": "Hey freelancers! I have a friend who is looking for a few hours of help (maybe even less) to guide her on keywords, optimizing my site and blog - she's running a small consultancy for context. I don't have availability to help her this month, is there anyone who has the time and expertise and would like to connect with her? She will pay an hourly rate. Hopefully this is an ok thing to post here!",
        "user": "UJH5BJQG0",
        "ts": "1645455917.486649",
        "team": "TJE58GTJL",
        "user_team": "TJE58GTJL",
        "source_team": "TJE58GTJL",
        "user_profile": {
            "avatar_hash": "01e403dbd6b4",
            "image_72": "https:\/\/avatars.slack-edge.com\/2022-02-21\/3148648187201_01e403dbd6b46f0a9972_72.png",
            "first_name": "Alexis",
            "real_name": "Alexis Croswell",
            "display_name": "Lexi",
            "team": "TJE58GTJL",
            "name": "croswela",
            "is_restricted": false,
            "is_ultra_restricted": false
        },
        "edited": {
            "user": "UJH5BJQG0",
            "ts": "1645456063.000000"
        },
        "blocks": [
            {
                "type": "rich_text",
                "block_id": "iMmdo",
                "elements": [
                    {
                        "type": "rich_text_section",
                        "elements": [
                            {
                                "type": "text",
                                "text": "Hey freelancers! I have a friend who is looking for a few hours of help (maybe even less) to guide her on keywords, optimizing my site and blog - she's running a small consultancy for context. I don't have availability to help her this month, is there anyone who has the time and expertise and would like to connect with her? She will pay an hourly rate. Hopefully this is an ok thing to post here!"
                            }
                        ]
                    }
                ]
            }
        ],
        "thread_ts": "1645455917.486649",
        "reply_count": 3,
        "reply_users_count": 3,
        "latest_reply": "1645521675.032439",
        "reply_users": [
            "U02GMMQ281W",
            "U01P13NTGG6",
            "U02QZELD0P9"
        ],
        "replies": [
            {
                "user": "U02GMMQ281W",
                "ts": "1645457600.234089"
            },
            {
                "user": "U01P13NTGG6",
                "ts": "1645493275.001319"
            },
            {
                "user": "U02QZELD0P9",
                "ts": "1645521675.032439"
            }
        ],
        "is_locked": false,
        "subscribed": false
    },
    {
        "client_msg_id": "fd4a3f2e-b222-46be-99f8-419ffda2d4f2",
        "type": "message",
        "text": "Hi Lexi, I would be happy to help. I have some times available later this week. Feel free to DM me.",
        "user": "U02GMMQ281W",
        "ts": "1645457600.234089",
        "team": "TJE58GTJL",
        "user_team": "TJE58GTJL",
        "source_team": "TJE58GTJL",
        "user_profile": {
            "avatar_hash": "e1131d2dfd73",
            "image_72": "https:\/\/avatars.slack-edge.com\/2021-10-12\/2589760574406_e1131d2dfd73f2e7db3e_72.png",
            "first_name": "Amanda",
            "real_name": "Amanda S.",
            "display_name": "Amanda",
            "team": "TJE58GTJL",
            "name": "theglamtechie",
            "is_restricted": false,
            "is_ultra_restricted": false
        },
        "blocks": [
            {
                "type": "rich_text",
                "block_id": "i7JKP",
                "elements": [
                    {
                        "type": "rich_text_section",
                        "elements": [
                            {
                                "type": "text",
                                "text": "Hi Lexi, I would be happy to help. I have some times available later this week. Feel free to DM me."
                            }
                        ]
                    }
                ]
            }
        ],
        "thread_ts": "1645455917.486649",
        "parent_user_id": "UJH5BJQG0"
    },
    {
        "client_msg_id": "4182291C-F2E9-4FC8-9E6B-EED96754B75E",
        "type": "message",
        "text": "Happy to help. We'll even build them a free topic cluster with our algo. They won't need keyword help for a long time after that. :nerd_face:",
        "user": "U01P13NTGG6",
        "ts": "1645493275.001319",
        "team": "TJE58GTJL",
        "user_team": "TJE58GTJL",
        "source_team": "TJE58GTJL",
        "user_profile": {
            "avatar_hash": "1625b1f12011",
            "image_72": "https:\/\/avatars.slack-edge.com\/2021-02-24\/1775273585607_1625b1f12011f553efc5_72.png",
            "first_name": "Skyler",
            "real_name": "Skyler Reeves",
            "display_name": "Skyler Reeves",
            "team": "TJE58GTJL",
            "name": "skyler",
            "is_restricted": false,
            "is_ultra_restricted": false
        },
        "blocks": [
            {
                "type": "rich_text",
                "block_id": "XR5",
                "elements": [
                    {
                        "type": "rich_text_section",
                        "elements": [
                            {
                                "type": "text",
                                "text": "Happy to help. We'll even build them a free topic cluster with our algo. They won't need keyword help for a long time after that. "
                            },
                            {
                                "type": "emoji",
                                "name": "nerd_face"
                            }
                        ]
                    }
                ]
            }
        ],
        "thread_ts": "1645455917.486649",
        "parent_user_id": "UJH5BJQG0",
        "reactions": [
            {
                "name": "+1",
                "users": [
                    "U013JCCN8JE"
                ],
                "count": 1
            }
        ]
    }
]