[
    {
        "client_msg_id": "b67fc15f-d642-4e8a-bfc4-6c5a5206708e",
        "type": "message",
        "text": "I've had no issues with 50% up front",
        "user": "U02SU2BECCA",
        "ts": "1645020169.982259",
        "team": "TJE58GTJL",
        "user_team": "TJE58GTJL",
        "source_team": "TJE58GTJL",
        "user_profile": {
            "avatar_hash": "ee48b1106795",
            "image_72": "https:\/\/avatars.slack-edge.com\/2022-01-05\/2912317446291_ee48b110679501fff7ef_72.jpg",
            "first_name": "Lawrence",
            "real_name": "Lawrence Barker",
            "display_name": "Lawrence",
            "team": "TJE58GTJL",
            "name": "lawrence",
            "is_restricted": false,
            "is_ultra_restricted": false
        },
        "blocks": [
            {
                "type": "rich_text",
                "block_id": "0lXP=",
                "elements": [
                    {
                        "type": "rich_text_section",
                        "elements": [
                            {
                                "type": "text",
                                "text": "I've had no issues with 50% up front"
                            }
                        ]
                    }
                ]
            }
        ],
        "thread_ts": "1644960891.936459",
        "parent_user_id": "UUVRK10QG",
        "reactions": [
            {
                "name": "+1::skin-tone-5",
                "users": [
                    "UUVRK10QG"
                ],
                "count": 1
            }
        ]
    },
    {
        "client_msg_id": "06946132-8f7b-47a6-b106-51e0f9147d48",
        "type": "message",
        "text": "We are putting this on hold for now, to focus on creating a demo video",
        "user": "U032V067G2J",
        "ts": "1645023829.619459",
        "team": "TJE58GTJL",
        "user_team": "TJE58GTJL",
        "source_team": "TJE58GTJL",
        "user_profile": {
            "avatar_hash": "0563670a1062",
            "image_72": "https:\/\/avatars.slack-edge.com\/2022-02-14\/3097122250886_0563670a106292bdbe50_72.jpg",
            "first_name": "Parker",
            "real_name": "Parker Ituk",
            "display_name": "Parker I.",
            "team": "TJE58GTJL",
            "name": "parkerproject",
            "is_restricted": false,
            "is_ultra_restricted": false
        },
        "blocks": [
            {
                "type": "rich_text",
                "block_id": "lVGE1",
                "elements": [
                    {
                        "type": "rich_text_section",
                        "elements": [
                            {
                                "type": "text",
                                "text": "We are putting this on hold for now, to focus on creating a demo video"
                            }
                        ]
                    }
                ]
            }
        ],
        "thread_ts": "1644877068.883969",
        "parent_user_id": "U032V067G2J"
    },
    {
        "client_msg_id": "c21a7860-3ba6-4c6d-9c09-acced6e4f075",
        "type": "message",
        "text": "Sounds good. Let me know when you're ready to move forward! :slightly_smiling_face:",
        "user": "U0320CENNGK",
        "ts": "1645030017.664189",
        "team": "TJE58GTJL",
        "user_team": "TJE58GTJL",
        "source_team": "TJE58GTJL",
        "user_profile": {
            "avatar_hash": "5bece02b7e44",
            "image_72": "https:\/\/avatars.slack-edge.com\/2022-02-08\/3085044228433_5bece02b7e44f02efd5e_72.jpg",
            "first_name": "Odelia",
            "real_name": "Odelia",
            "display_name": "Odelia",
            "team": "TJE58GTJL",
            "name": "girlsetfree",
            "is_restricted": false,
            "is_ultra_restricted": false
        },
        "blocks": [
            {
                "type": "rich_text",
                "block_id": "yCGF",
                "elements": [
                    {
                        "type": "rich_text_section",
                        "elements": [
                            {
                                "type": "text",
                                "text": "Sounds good. Let me know when you're ready to move forward! "
                            },
                            {
                                "type": "emoji",
                                "name": "slightly_smiling_face"
                            }
                        ]
                    }
                ]
            }
        ],
        "thread_ts": "1644877068.883969",
        "parent_user_id": "U032V067G2J"
    },
    {
        "client_msg_id": "6a246883-7c83-4165-a118-6fbee6efa28f",
        "type": "message",
        "text": "Thanks <@U02HD0L8HAP>! Please feel free to DM me <@U02JUM9D18R> :slightly_smiling_face:\n\nHi, <@U031ULX8GLQ>! I would love to see some samples. Please DM me!",
        "user": "U02NXETNKUJ",
        "ts": "1645031867.233259",
        "team": "TJE58GTJL",
        "user_team": "TJE58GTJL",
        "source_team": "TJE58GTJL",
        "user_profile": {
            "avatar_hash": "9bc7d805fe79",
            "image_72": "https:\/\/avatars.slack-edge.com\/2021-12-21\/2867417769301_9bc7d805fe796a81fbcd_72.jpg",
            "first_name": "Janelle",
            "real_name": "Janelle Glover",
            "display_name": "Janelle Glover",
            "team": "TJE58GTJL",
            "name": "janelle",
            "is_restricted": false,
            "is_ultra_restricted": false
        },
        "blocks": [
            {
                "type": "rich_text",
                "block_id": "CrLg",
                "elements": [
                    {
                        "type": "rich_text_section",
                        "elements": [
                            {
                                "type": "text",
                                "text": "Thanks "
                            },
                            {
                                "type": "user",
                                "user_id": "U02HD0L8HAP"
                            },
                            {
                                "type": "text",
                                "text": "! Please feel free to DM me "
                            },
                            {
                                "type": "user",
                                "user_id": "U02JUM9D18R"
                            },
                            {
                                "type": "text",
                                "text": " "
                            },
                            {
                                "type": "emoji",
                                "name": "slightly_smiling_face"
                            },
                            {
                                "type": "text",
                                "text": "\n\nHi, "
                            },
                            {
                                "type": "user",
                                "user_id": "U031ULX8GLQ"
                            },
                            {
                                "type": "text",
                                "text": "! I would love to see some samples. Please DM me!"
                            }
                        ]
                    }
                ]
            }
        ],
        "thread_ts": "1644969534.729579",
        "parent_user_id": "U02NXETNKUJ"
    },
    {
        "client_msg_id": "0475ac49-d8f6-4f09-9cad-0acabd082b30",
        "type": "message",
        "text": "Hey <@U02NXETNKUJ>, I'll find a few samples in the morning and share them with you. Been ages since I've made a video:grimacing:",
        "user": "U031ULX8GLQ",
        "ts": "1645039840.617879",
        "team": "TJE58GTJL",
        "user_team": "TJE58GTJL",
        "source_team": "TJE58GTJL",
        "user_profile": {
            "avatar_hash": "ddc2537b7469",
            "image_72": "https:\/\/avatars.slack-edge.com\/2022-02-22\/3141794176274_ddc2537b7469916c2394_72.jpg",
            "first_name": "Shubham",
            "real_name": "Shubham Singh",
            "display_name": "Shubham Singh",
            "team": "TJE58GTJL",
            "name": "shubhamsinghwrites",
            "is_restricted": false,
            "is_ultra_restricted": false
        },
        "blocks": [
            {
                "type": "rich_text",
                "block_id": "k2k",
                "elements": [
                    {
                        "type": "rich_text_section",
                        "elements": [
                            {
                                "type": "text",
                                "text": "Hey "
                            },
                            {
                                "type": "user",
                                "user_id": "U02NXETNKUJ"
                            },
                            {
                                "type": "text",
                                "text": ", I'll find a few samples in the morning and share them with you. Been ages since I've made a video"
                            },
                            {
                                "type": "emoji",
                                "name": "grimacing"
                            }
                        ]
                    }
                ]
            }
        ],
        "thread_ts": "1644969534.729579",
        "parent_user_id": "U02NXETNKUJ",
        "reactions": [
            {
                "name": "raised_hands",
                "users": [
                    "U02NXETNKUJ"
                ],
                "count": 1
            }
        ]
    },
    {
        "client_msg_id": "719878c0-5753-47b3-b344-e57429ed91bf",
        "type": "message",
        "text": "These are a few of my favorite newsletters for freelancers. They’re all packed with tips on how to start freelancing or become a better freelancer: <https:\/\/kaitlynarford.com\/2022\/02\/16\/the-15-best-newsletters-to-learn-about-the-business-of-freelancing\/>",
        "user": "U03330MFEN4",
        "ts": "1645044049.160579",
        "team": "TJE58GTJL",
        "user_team": "TJE58GTJL",
        "source_team": "TJE58GTJL",
        "user_profile": {
            "avatar_hash": "eee78796f291",
            "image_72": "https:\/\/avatars.slack-edge.com\/2022-02-09\/3105175916912_eee78796f2919ff55228_72.png",
            "first_name": "Kaitlyn",
            "real_name": "Kaitlyn Arford",
            "display_name": "Kaitlyn Arford",
            "team": "TJE58GTJL",
            "name": "kaitlyn.arford",
            "is_restricted": false,
            "is_ultra_restricted": false
        },
        "attachments": [
            {
                "from_url": "https:\/\/kaitlynarford.com\/2022\/02\/16\/the-15-best-newsletters-to-learn-about-the-business-of-freelancing\/",
                "thumb_url": "https:\/\/kaitlynarford.files.wordpress.com\/2020\/11\/11-socialsquares_bwdesktop26.jpg?fit=200%2C150",
                "thumb_width": 113,
                "thumb_height": 150,
                "service_icon": "https:\/\/kaitlynarford.files.wordpress.com\/2013\/09\/cropped-21462821_10210596676532915_6145017259079188968_n2.jpg?w=180",
                "id": 1,
                "original_url": "https:\/\/kaitlynarford.com\/2022\/02\/16\/the-15-best-newsletters-to-learn-about-the-business-of-freelancing\/",
                "fallback": "Kaitlyn Arford Link: The 15 Best Newsletters to Learn about the Business of&nbsp;Freelancing",
                "text": "These 15 newsletters from experienced journalists and freelancers go a long way toward understanding how to navigate this opaque field. They're filled with need-to-know insights and advice.",
                "title": "The 15 Best Newsletters to Learn about the Business of Freelancing",
                "title_link": "https:\/\/kaitlynarford.com\/2022\/02\/16\/the-15-best-newsletters-to-learn-about-the-business-of-freelancing\/",
                "author_name": "kaitlynarford",
                "author_link": "https:\/\/kaitlynarford.com\/author\/kaitlynarford\/",
                "service_name": "Kaitlyn Arford",
                "service_url": "http:\/\/kaitlynarford.com\/"
            }
        ],
        "blocks": [
            {
                "type": "rich_text",
                "block_id": "JnS",
                "elements": [
                    {
                        "type": "rich_text_section",
                        "elements": [
                            {
                                "type": "text",
                                "text": "These are a few of my favorite newsletters for freelancers. They’re all packed with tips on how to start freelancing or become a better freelancer: "
                            },
                            {
                                "type": "link",
                                "url": "https:\/\/kaitlynarford.com\/2022\/02\/16\/the-15-best-newsletters-to-learn-about-the-business-of-freelancing\/"
                            }
                        ]
                    }
                ]
            }
        ],
        "thread_ts": "1645044049.160579",
        "reply_count": 3,
        "reply_users_count": 3,
        "latest_reply": "1645128244.679829",
        "reply_users": [
            "U033BJATBEZ",
            "U02CTCZEL3E",
            "U0211K6LSM9"
        ],
        "replies": [
            {
                "user": "U033BJATBEZ",
                "ts": "1645050006.514029"
            },
            {
                "user": "U02CTCZEL3E",
                "ts": "1645099781.840119"
            },
            {
                "user": "U0211K6LSM9",
                "ts": "1645128244.679829"
            }
        ],
        "is_locked": false,
        "subscribed": false,
        "reactions": [
            {
                "name": "bacon",
                "users": [
                    "U032ZSUCR71",
                    "U02L5GTFSGG",
                    "U02PRMEAP0V"
                ],
                "count": 3
            },
            {
                "name": "100",
                "users": [
                    "U02CUMQBP9R",
                    "U02MYNWUY07",
                    "U02L5GTFSGG",
                    "U020HS8D4TX",
                    "U0306LHA2MQ",
                    "U033GQWDE8L",
                    "U0321KMD2JC"
                ],
                "count": 7
            },
            {
                "name": "raised_hands",
                "users": [
                    "U032V061N94",
                    "U032ZSTGWSK",
                    "U031LP06JP6"
                ],
                "count": 3
            }
        ]
    },
    {
        "client_msg_id": "14318AA7-890D-481B-836D-78F8FC89CEC2",
        "type": "message",
        "text": ":100:",
        "user": "U033BJATBEZ",
        "ts": "1645050006.514029",
        "team": "TJE58GTJL",
        "user_team": "TJE58GTJL",
        "source_team": "TJE58GTJL",
        "user_profile": {
            "avatar_hash": "gd1e3c180d77",
            "image_72": "https:\/\/secure.gravatar.com\/avatar\/d1e3c180d776c5bb1cbe4cd7b6a1777d.jpg?s=72&d=https%3A%2F%2Fa.slack-edge.com%2Fdf10d%2Fimg%2Favatars%2Fava_0007-72.png",
            "first_name": "Denise",
            "real_name": "Denise Shean",
            "display_name": "",
            "team": "TJE58GTJL",
            "name": "graphicdesign116",
            "is_restricted": false,
            "is_ultra_restricted": false
        },
        "blocks": [
            {
                "type": "rich_text",
                "block_id": "RV0",
                "elements": [
                    {
                        "type": "rich_text_section",
                        "elements": [
                            {
                                "type": "emoji",
                                "name": "100"
                            }
                        ]
                    }
                ]
            }
        ],
        "thread_ts": "1645044049.160579",
        "parent_user_id": "U03330MFEN4",
        "reactions": [
            {
                "name": "heart",
                "users": [
                    "U03330MFEN4",
                    "U033BJATBEZ"
                ],
                "count": 2
            }
        ]
    },
    {
        "client_msg_id": "7f0d6db7-8f1d-43ac-b516-0527ddf6ac53",
        "type": "message",
        "text": "Hi Saphia, just sent a DM.",
        "user": "U031H7YNAPJ",
        "ts": "1645083076.865679",
        "team": "TJE58GTJL",
        "user_team": "TJE58GTJL",
        "source_team": "TJE58GTJL",
        "user_profile": {
            "avatar_hash": "971687224ae2",
            "image_72": "https:\/\/avatars.slack-edge.com\/2022-01-31\/3031923953333_971687224ae23494ecbb_72.jpg",
            "first_name": "Ajay",
            "real_name": "Ajay Dani",
            "display_name": "Ajay",
            "team": "TJE58GTJL",
            "name": "info017",
            "is_restricted": false,
            "is_ultra_restricted": false
        },
        "blocks": [
            {
                "type": "rich_text",
                "block_id": "1lo",
                "elements": [
                    {
                        "type": "rich_text_section",
                        "elements": [
                            {
                                "type": "text",
                                "text": "Hi Saphia, just sent a DM."
                            }
                        ]
                    }
                ]
            }
        ],
        "thread_ts": "1644945080.816979",
        "parent_user_id": "U02Q2HNNY57"
    }
]