[
    {
        "client_msg_id": "EFCBFA95-E9F9-4E10-B074-AA48B1166CD9",
        "type": "message",
        "text": "Emailed! :slightly_smiling_face: ",
        "user": "U037BPG5YF3",
        "ts": "1647712784.283369",
        "team": "TJE58GTJL",
        "user_team": "TJE58GTJL",
        "source_team": "TJE58GTJL",
        "user_profile": {
            "avatar_hash": "f2ba5179015e",
            "image_72": "https:\/\/avatars.slack-edge.com\/2022-03-15\/3233829550806_f2ba5179015e3d446873_72.jpg",
            "first_name": "Pratika",
            "real_name": "Pratika Mallampalli",
            "display_name": "Pratika Mallampalli",
            "team": "TJE58GTJL",
            "name": "pratikaym",
            "is_restricted": false,
            "is_ultra_restricted": false
        },
        "blocks": [
            {
                "type": "rich_text",
                "block_id": "q\/t",
                "elements": [
                    {
                        "type": "rich_text_section",
                        "elements": [
                            {
                                "type": "text",
                                "text": "Emailed! "
                            },
                            {
                                "type": "emoji",
                                "name": "slightly_smiling_face"
                            },
                            {
                                "type": "text",
                                "text": " "
                            }
                        ]
                    }
                ]
            }
        ],
        "thread_ts": "1647359098.175889",
        "parent_user_id": "U01J3L8CJRL",
        "reactions": [
            {
                "name": "raised_hands",
                "users": [
                    "U01J3L8CJRL"
                ],
                "count": 1
            }
        ]
    }
]