[
    {
        "client_msg_id": "8067d8bb-527d-43c3-8100-917bd4b96bae",
        "type": "message",
        "text": "Thank you both <@U032Q4CT9G8> and <@U01NJ39M36K> :pray::skin-tone-4:",
        "user": "U02B60S6FBM",
        "ts": "1644667025.189419",
        "team": "TJE58GTJL",
        "user_team": "TJE58GTJL",
        "source_team": "TJE58GTJL",
        "user_profile": {
            "avatar_hash": "2f1e23ef404a",
            "image_72": "https:\/\/avatars.slack-edge.com\/2021-08-13\/2376884926485_2f1e23ef404a0d536b39_72.jpg",
            "first_name": "Wuraola",
            "real_name": "Wuraola",
            "display_name": "Wuraola",
            "team": "TJE58GTJL",
            "name": "omobolanleshanu",
            "is_restricted": false,
            "is_ultra_restricted": false
        },
        "blocks": [
            {
                "type": "rich_text",
                "block_id": "NgD",
                "elements": [
                    {
                        "type": "rich_text_section",
                        "elements": [
                            {
                                "type": "text",
                                "text": "Thank you both "
                            },
                            {
                                "type": "user",
                                "user_id": "U032Q4CT9G8"
                            },
                            {
                                "type": "text",
                                "text": " and "
                            },
                            {
                                "type": "user",
                                "user_id": "U01NJ39M36K"
                            },
                            {
                                "type": "text",
                                "text": " "
                            },
                            {
                                "type": "emoji",
                                "name": "pray",
                                "skin_tone": 4
                            }
                        ]
                    }
                ]
            }
        ],
        "thread_ts": "1644579546.145309",
        "parent_user_id": "U02B60S6FBM"
    }
]