[
    {
        "client_msg_id": "978561e7-50fb-4ab9-8c62-e7b0b5e178ba",
        "type": "message",
        "text": "Hi everyone, Mint Studios is looking for more freelance writers! We're great for writers who:\n• Enjoy writing about business\/finance\n• Are detail oriented and like doing thorough research\n• Enjoy writing articles where the main challenge is putting yourself in the position of the reader and understanding what information they need and how to convert them into a customer (Bottom of the Funnel content)\n• Enjoy working in a collaborative environment with a strategist\/editor\nMore details including payment, examples of types of articles and other info here: <https:\/\/www.mintcopywritingstudios.com\/business-writing-role|Business Writing Role>\n\nIf interested, please answer some of the questions in the application at the bottom of that page :point_up_2:",
        "user": "U01MW6DPU72",
        "ts": "1647857215.195649",
        "team": "TJE58GTJL",
        "user_team": "TJE58GTJL",
        "source_team": "TJE58GTJL",
        "user_profile": {
            "avatar_hash": "g2ab21f412c3",
            "image_72": "https:\/\/secure.gravatar.com\/avatar\/2ab21f412c3215ee2b3c2994772c589e.jpg?s=72&d=https%3A%2F%2Fa.slack-edge.com%2Fdf10d%2Fimg%2Favatars%2Fava_0024-72.png",
            "first_name": "Araminta",
            "real_name": "Araminta Robertson",
            "display_name": "Araminta Robertson",
            "team": "TJE58GTJL",
            "name": "robertsona98",
            "is_restricted": false,
            "is_ultra_restricted": false
        },
        "blocks": [
            {
                "type": "rich_text",
                "block_id": "KG=",
                "elements": [
                    {
                        "type": "rich_text_section",
                        "elements": [
                            {
                                "type": "text",
                                "text": "Hi everyone, Mint Studios is looking for more freelance writers! We're great for writers who:\n"
                            }
                        ]
                    },
                    {
                        "type": "rich_text_list",
                        "elements": [
                            {
                                "type": "rich_text_section",
                                "elements": [
                                    {
                                        "type": "text",
                                        "text": "Enjoy writing about business\/finance"
                                    }
                                ]
                            },
                            {
                                "type": "rich_text_section",
                                "elements": [
                                    {
                                        "type": "text",
                                        "text": "Are detail oriented and like doing thorough research"
                                    }
                                ]
                            },
                            {
                                "type": "rich_text_section",
                                "elements": [
                                    {
                                        "type": "text",
                                        "text": "Enjoy writing articles where the main challenge is putting yourself in the position of the reader and understanding what information they need and how to convert them into a customer (Bottom of the Funnel content)"
                                    }
                                ]
                            },
                            {
                                "type": "rich_text_section",
                                "elements": [
                                    {
                                        "type": "text",
                                        "text": "Enjoy working in a collaborative environment with a strategist\/editor"
                                    }
                                ]
                            }
                        ],
                        "style": "bullet",
                        "indent": 0,
                        "border": 0
                    },
                    {
                        "type": "rich_text_section",
                        "elements": [
                            {
                                "type": "text",
                                "text": "\nMore details including payment, examples of types of articles and other info here: "
                            },
                            {
                                "type": "link",
                                "url": "https:\/\/www.mintcopywritingstudios.com\/business-writing-role",
                                "text": "Business Writing Role"
                            },
                            {
                                "type": "text",
                                "text": "\n\nIf interested, please answer some of the questions in the application at the bottom of that page "
                            },
                            {
                                "type": "emoji",
                                "name": "point_up_2"
                            }
                        ]
                    }
                ]
            }
        ],
        "thread_ts": "1647857215.195649",
        "reply_count": 5,
        "reply_users_count": 4,
        "latest_reply": "1648133993.745439",
        "reply_users": [
            "U01UDU0NHEV",
            "U01MW6DPU72",
            "U027KKWUY12",
            "U02C37J4X5K"
        ],
        "replies": [
            {
                "user": "U01UDU0NHEV",
                "ts": "1647879380.354889"
            },
            {
                "user": "U01MW6DPU72",
                "ts": "1647879814.437369"
            },
            {
                "user": "U01UDU0NHEV",
                "ts": "1647884882.052109"
            },
            {
                "user": "U027KKWUY12",
                "ts": "1647903237.553459"
            },
            {
                "user": "U02C37J4X5K",
                "ts": "1648133993.745439"
            }
        ],
        "is_locked": false,
        "subscribed": false,
        "reactions": [
            {
                "name": "+1",
                "users": [
                    "U02PUQ6CQRX",
                    "U02HD0L8HAP",
                    "U02PRMEAP0V",
                    "U03164Q045P",
                    "U03330MFEN4",
                    "U02C37J4X5K"
                ],
                "count": 6
            }
        ]
    },
    {
        "client_msg_id": "e9cb0823-7969-4dbb-9015-20530df6dbdf",
        "type": "message",
        "text": "Hi good people!\n\nWe're an <http:\/\/chosendata.com|SEO agency specialized in building up MarTech companies>, and we create a fair share of content. Now *we're looking for an editor and content manager* (one position). We've been published on or featured by Google Analytics, Moz, WordStream, G2, ClickFlow, Single Grain, Orbit Media, Amplitude, Supermetrics, BuzzSumo, Majestic, and other authority sites, and need team reinforcements so we can continue to scale.\n\nYou will:\n• Collaborate with the SEO expert to set the strategy for individual pieces of content, most often blog articles\n• Edit the articles that our copywriters deliver to you\n• Work with the project manager and the clients to stay in sync about writing style and expectations\nSo this is a copy editor job, but heavier on strategy, and interwoven with SEO.\n\nPlease Slack me or email <mailto:branko@chosendata.com|branko@chosendata.com> if interested :slightly_smiling_face:\n\nUPDATE: We've filled the position, thanks to this Slack workspace mostly :slightly_smiling_face:",
        "user": "U01FQPFN8KF",
        "ts": "1647877439.945309",
        "team": "TJE58GTJL",
        "user_team": "TJE58GTJL",
        "source_team": "TJE58GTJL",
        "user_profile": {
            "avatar_hash": "5612aef470eb",
            "image_72": "https:\/\/avatars.slack-edge.com\/2020-12-01\/1541181382499_5612aef470eb7d81e000_72.jpg",
            "first_name": "",
            "real_name": "Branko Kral",
            "display_name": "Branko Kral",
            "team": "TJE58GTJL",
            "name": "branko",
            "is_restricted": false,
            "is_ultra_restricted": false
        },
        "edited": {
            "user": "U01FQPFN8KF",
            "ts": "1648499649.000000"
        },
        "blocks": [
            {
                "type": "rich_text",
                "block_id": "1+o",
                "elements": [
                    {
                        "type": "rich_text_section",
                        "elements": [
                            {
                                "type": "text",
                                "text": "Hi good people!\n\nWe're an "
                            },
                            {
                                "type": "link",
                                "url": "http:\/\/chosendata.com",
                                "text": "SEO agency specialized in building up MarTech companies"
                            },
                            {
                                "type": "text",
                                "text": ", and we create a fair share of content. Now "
                            },
                            {
                                "type": "text",
                                "text": "we're looking for an editor and content manager ",
                                "style": {
                                    "bold": true
                                }
                            },
                            {
                                "type": "text",
                                "text": "(one position). We've been published on or featured by Google Analytics, Moz, WordStream, G2, ClickFlow, Single Grain, Orbit Media, Amplitude, Supermetrics, BuzzSumo, Majestic, and other authority sites, and need team reinforcements so we can continue to scale.\n\nYou will:\n"
                            }
                        ]
                    },
                    {
                        "type": "rich_text_list",
                        "elements": [
                            {
                                "type": "rich_text_section",
                                "elements": [
                                    {
                                        "type": "text",
                                        "text": "Collaborate with the SEO expert to set the strategy for individual pieces of content, most often blog articles"
                                    }
                                ]
                            },
                            {
                                "type": "rich_text_section",
                                "elements": [
                                    {
                                        "type": "text",
                                        "text": "Edit the articles that our copywriters deliver to you"
                                    }
                                ]
                            },
                            {
                                "type": "rich_text_section",
                                "elements": [
                                    {
                                        "type": "text",
                                        "text": "Work with the project manager and the clients to stay in sync about writing style and expectations"
                                    }
                                ]
                            }
                        ],
                        "style": "bullet",
                        "indent": 0,
                        "border": 0
                    },
                    {
                        "type": "rich_text_section",
                        "elements": [
                            {
                                "type": "text",
                                "text": "\nSo this is a copy editor job, but heavier on strategy, and interwoven with SEO.\n\nPlease Slack me or email "
                            },
                            {
                                "type": "link",
                                "url": "mailto:branko@chosendata.com",
                                "text": "branko@chosendata.com"
                            },
                            {
                                "type": "text",
                                "text": " if interested "
                            },
                            {
                                "type": "emoji",
                                "name": "slightly_smiling_face"
                            },
                            {
                                "type": "text",
                                "text": "\n\nUPDATE: We've filled the position, thanks to this Slack workspace mostly "
                            },
                            {
                                "type": "emoji",
                                "name": "slightly_smiling_face"
                            }
                        ]
                    }
                ]
            }
        ]
    },
    {
        "client_msg_id": "9d99d3c1-998e-4e8d-ab41-2e97059349a9",
        "type": "message",
        "text": "Hi <@U01MW6DPU72>. This looks like a great opportunity! How many articles would you like writers to complete each month?",
        "user": "U01UDU0NHEV",
        "ts": "1647879380.354889",
        "team": "TJE58GTJL",
        "user_team": "TJE58GTJL",
        "source_team": "TJE58GTJL",
        "user_profile": {
            "avatar_hash": "5077cc0796a1",
            "image_72": "https:\/\/avatars.slack-edge.com\/2021-04-13\/1958028157571_5077cc0796a185e1f0ff_72.jpg",
            "first_name": "Rachel",
            "real_name": "Rachel Mindell",
            "display_name": "Rachel Mindell",
            "team": "TJE58GTJL",
            "name": "rachel568",
            "is_restricted": false,
            "is_ultra_restricted": false
        },
        "blocks": [
            {
                "type": "rich_text",
                "block_id": "eQQ0Q",
                "elements": [
                    {
                        "type": "rich_text_section",
                        "elements": [
                            {
                                "type": "text",
                                "text": "Hi "
                            },
                            {
                                "type": "user",
                                "user_id": "U01MW6DPU72"
                            },
                            {
                                "type": "text",
                                "text": ". This looks like a great opportunity! How many articles would you like writers to complete each month?"
                            }
                        ]
                    }
                ]
            }
        ],
        "thread_ts": "1647857215.195649",
        "parent_user_id": "U01MW6DPU72"
    },
    {
        "client_msg_id": "60d7d516-9c72-4ad3-8222-136467cfc35f",
        "type": "message",
        "text": "Hey Rachel all the information should be on the page! At the moment it would be ~ 3 articles per month",
        "user": "U01MW6DPU72",
        "ts": "1647879814.437369",
        "team": "TJE58GTJL",
        "user_team": "TJE58GTJL",
        "source_team": "TJE58GTJL",
        "user_profile": {
            "avatar_hash": "g2ab21f412c3",
            "image_72": "https:\/\/secure.gravatar.com\/avatar\/2ab21f412c3215ee2b3c2994772c589e.jpg?s=72&d=https%3A%2F%2Fa.slack-edge.com%2Fdf10d%2Fimg%2Favatars%2Fava_0024-72.png",
            "first_name": "Araminta",
            "real_name": "Araminta Robertson",
            "display_name": "Araminta Robertson",
            "team": "TJE58GTJL",
            "name": "robertsona98",
            "is_restricted": false,
            "is_ultra_restricted": false
        },
        "blocks": [
            {
                "type": "rich_text",
                "block_id": "aSYy",
                "elements": [
                    {
                        "type": "rich_text_section",
                        "elements": [
                            {
                                "type": "text",
                                "text": "Hey Rachel all the information should be on the page! At the moment it would be ~ 3 articles per month"
                            }
                        ]
                    }
                ]
            }
        ],
        "thread_ts": "1647857215.195649",
        "parent_user_id": "U01MW6DPU72"
    },
    {
        "client_msg_id": "942b939d-d872-4322-a9c1-4a7dce487817",
        "type": "message",
        "text": "Thanks! :slightly_smiling_face:",
        "user": "U01UDU0NHEV",
        "ts": "1647884882.052109",
        "team": "TJE58GTJL",
        "user_team": "TJE58GTJL",
        "source_team": "TJE58GTJL",
        "user_profile": {
            "avatar_hash": "5077cc0796a1",
            "image_72": "https:\/\/avatars.slack-edge.com\/2021-04-13\/1958028157571_5077cc0796a185e1f0ff_72.jpg",
            "first_name": "Rachel",
            "real_name": "Rachel Mindell",
            "display_name": "Rachel Mindell",
            "team": "TJE58GTJL",
            "name": "rachel568",
            "is_restricted": false,
            "is_ultra_restricted": false
        },
        "blocks": [
            {
                "type": "rich_text",
                "block_id": "T4P5g",
                "elements": [
                    {
                        "type": "rich_text_section",
                        "elements": [
                            {
                                "type": "text",
                                "text": "Thanks! "
                            },
                            {
                                "type": "emoji",
                                "name": "slightly_smiling_face"
                            }
                        ]
                    }
                ]
            }
        ],
        "thread_ts": "1647857215.195649",
        "parent_user_id": "U01MW6DPU72"
    },
    {
        "client_msg_id": "7add4303-38c6-47bb-8fac-e0dc262487e5",
        "type": "message",
        "text": "I'm the Content Director on Skift's branded content side, and I'm looking for writers who can cover B2B technology-related topics, such as digital transformation, cloud migration tech, airline and hotel operations technology, revenue management, and data. Skift is a B2B publisher that covers the travel industry, so all of our content ties to that angle. Note that this is thought leadership content - *not* SEO.\n\nOur articles typically start at $500 for ~900 words. If you have experience in any of these topics (or anything you feel is similar), please reach out at <mailto:amc@skift.com|amc@skift.com> with a few words about yourself and **relevant examples.** Please take a look at our branded content here to make sure you're a good fit. <https:\/\/skift.com\/sponsored\/> Thanks!",
        "user": "U01GSK6AF0A",
        "ts": "1647889715.009199",
        "team": "TJE58GTJL",
        "user_team": "TJE58GTJL",
        "source_team": "TJE58GTJL",
        "user_profile": {
            "avatar_hash": "e6535f906428",
            "image_72": "https:\/\/avatars.slack-edge.com\/2020-12-13\/1571223051986_e6535f9064281b5cc4a0_72.jpg",
            "first_name": "",
            "real_name": "Alison McCarthy",
            "display_name": "Alison McCarthy",
            "team": "TJE58GTJL",
            "name": "alison.k.mccarthy",
            "is_restricted": false,
            "is_ultra_restricted": false
        },
        "attachments": [
            {
                "from_url": "https:\/\/skift.com\/sponsored\/",
                "image_url": "https:\/\/skift.com\/wp-content\/uploads\/2020\/04\/logo-wider.jpg",
                "image_width": 392,
                "image_height": 250,
                "image_bytes": 30846,
                "service_icon": "https:\/\/skift.com\/wp-content\/uploads\/2016\/09\/cropped-logo-square-yellow-180x180.png",
                "id": 1,
                "original_url": "https:\/\/skift.com\/sponsored\/",
                "fallback": "Skift: Sponsored",
                "title": "Sponsored",
                "title_link": "https:\/\/skift.com\/sponsored\/",
                "service_name": "Skift"
            }
        ],
        "blocks": [
            {
                "type": "rich_text",
                "block_id": "rdGKq",
                "elements": [
                    {
                        "type": "rich_text_section",
                        "elements": [
                            {
                                "type": "text",
                                "text": "I'm the Content Director on Skift's branded content side, and I'm looking for writers who can cover B2B technology-related topics, such as digital transformation, cloud migration tech, airline and hotel operations technology, revenue management, and data. Skift is a B2B publisher that covers the travel industry, so all of our content ties to that angle. Note that this is thought leadership content - "
                            },
                            {
                                "type": "text",
                                "text": "not",
                                "style": {
                                    "bold": true
                                }
                            },
                            {
                                "type": "text",
                                "text": " SEO.\n\nOur articles typically start at $500 for ~900 words. If you have experience in any of these topics (or anything you feel is similar), please reach out at "
                            },
                            {
                                "type": "link",
                                "url": "mailto:amc@skift.com",
                                "text": "amc@skift.com"
                            },
                            {
                                "type": "text",
                                "text": " with a few words about yourself and **relevant examples.** Please take a look at our branded content here to make sure you're a good fit. "
                            },
                            {
                                "type": "link",
                                "url": "https:\/\/skift.com\/sponsored\/"
                            },
                            {
                                "type": "text",
                                "text": " Thanks!"
                            }
                        ]
                    }
                ]
            }
        ],
        "thread_ts": "1647889715.009199",
        "reply_count": 6,
        "reply_users_count": 6,
        "latest_reply": "1647984510.764399",
        "reply_users": [
            "U0380MMNCMA",
            "U027KKWUY12",
            "U0325FDR0UB",
            "U030TFJMQ74",
            "U034WF55SDT",
            "U019UEW7AQ2"
        ],
        "replies": [
            {
                "user": "U0380MMNCMA",
                "ts": "1647892890.869069"
            },
            {
                "user": "U027KKWUY12",
                "ts": "1647899458.117859"
            },
            {
                "user": "U0325FDR0UB",
                "ts": "1647940635.665679"
            },
            {
                "user": "U030TFJMQ74",
                "ts": "1647959951.696929"
            },
            {
                "user": "U034WF55SDT",
                "ts": "1647972664.089719"
            },
            {
                "user": "U019UEW7AQ2",
                "ts": "1647984510.764399"
            }
        ],
        "is_locked": false,
        "subscribed": false,
        "reactions": [
            {
                "name": "raised_hands",
                "users": [
                    "U0380MMNCMA",
                    "U02F1GK6U6B",
                    "U02PRMEAP0V",
                    "U012GHRAHDK",
                    "U02PUQ6CQRX",
                    "U02GBV57EBY",
                    "U019UEW7AQ2"
                ],
                "count": 7
            },
            {
                "name": "+1",
                "users": [
                    "U03769YTZEE",
                    "U027Z9V7EMP",
                    "U01PXN2LGAK"
                ],
                "count": 3
            }
        ]
    },
    {
        "client_msg_id": "39d5290d-c4b0-4a02-bdda-c3b266b697c4",
        "type": "message",
        "text": "Thanks for sharing <@U01GSK6AF0A>! Just sent you an email with some samples. :blush:",
        "user": "U0380MMNCMA",
        "ts": "1647892890.869069",
        "team": "TJE58GTJL",
        "user_team": "TJE58GTJL",
        "source_team": "TJE58GTJL",
        "user_profile": {
            "avatar_hash": "402354d01bce",
            "image_72": "https:\/\/avatars.slack-edge.com\/2022-03-21\/3272229399394_402354d01bce8a93b3ac_72.png",
            "first_name": "Cassie",
            "real_name": "Cassie Brucci",
            "display_name": "",
            "team": "TJE58GTJL",
            "name": "cpbrucci",
            "is_restricted": false,
            "is_ultra_restricted": false
        },
        "blocks": [
            {
                "type": "rich_text",
                "block_id": "X5R",
                "elements": [
                    {
                        "type": "rich_text_section",
                        "elements": [
                            {
                                "type": "text",
                                "text": "Thanks for sharing "
                            },
                            {
                                "type": "user",
                                "user_id": "U01GSK6AF0A"
                            },
                            {
                                "type": "text",
                                "text": "! Just sent you an email with some samples. "
                            },
                            {
                                "type": "emoji",
                                "name": "blush"
                            }
                        ]
                    }
                ]
            }
        ],
        "thread_ts": "1647889715.009199",
        "parent_user_id": "U01GSK6AF0A"
    },
    {
        "client_msg_id": "fb300cfb-7767-40a2-9426-6c1684b75120",
        "type": "message",
        "text": "Hi! Any Google Analytics pros here who are interested in a project? I'm onboarding a new client and want to set up their GA account properly so we don't run into any hiccups as we expand content types and volume in the future. If that sounds like you, send me a DM, please!",
        "user": "U02C37FQVL5",
        "ts": "1647893516.640429",
        "team": "TJE58GTJL",
        "user_team": "TJE58GTJL",
        "source_team": "TJE58GTJL",
        "user_profile": {
            "avatar_hash": "f69427a863f2",
            "image_72": "https:\/\/avatars.slack-edge.com\/2021-09-23\/2549358724416_f69427a863f2254e8a79_72.jpg",
            "first_name": "Alyssa",
            "real_name": "Alyssa Greenfield",
            "display_name": "",
            "team": "TJE58GTJL",
            "name": "alyssa961",
            "is_restricted": false,
            "is_ultra_restricted": false
        },
        "blocks": [
            {
                "type": "rich_text",
                "block_id": "kld",
                "elements": [
                    {
                        "type": "rich_text_section",
                        "elements": [
                            {
                                "type": "text",
                                "text": "Hi! Any Google Analytics pros here who are interested in a project? I'm onboarding a new client and want to set up their GA account properly so we don't run into any hiccups as we expand content types and volume in the future. If that sounds like you, send me a DM, please!"
                            }
                        ]
                    }
                ]
            }
        ]
    },
    {
        "client_msg_id": "19736618-20EF-4178-ABF2-B21236451332",
        "type": "message",
        "text": "Mail sent <@U01GSK6AF0A> ",
        "user": "U027KKWUY12",
        "ts": "1647899458.117859",
        "team": "TJE58GTJL",
        "user_team": "TJE58GTJL",
        "source_team": "TJE58GTJL",
        "user_profile": {
            "avatar_hash": "f2176ca29ce5",
            "image_72": "https:\/\/avatars.slack-edge.com\/2021-07-14\/2268394227302_f2176ca29ce5a159a5bb_72.png",
            "first_name": "Lapite",
            "real_name": "Lapite Olamide",
            "display_name": "Olamide",
            "team": "TJE58GTJL",
            "name": "lapite3",
            "is_restricted": false,
            "is_ultra_restricted": false
        },
        "blocks": [
            {
                "type": "rich_text",
                "block_id": "9UVOf",
                "elements": [
                    {
                        "type": "rich_text_section",
                        "elements": [
                            {
                                "type": "text",
                                "text": "Mail sent "
                            },
                            {
                                "type": "user",
                                "user_id": "U01GSK6AF0A"
                            },
                            {
                                "type": "text",
                                "text": " "
                            }
                        ]
                    }
                ]
            }
        ],
        "thread_ts": "1647889715.009199",
        "parent_user_id": "U01GSK6AF0A"
    },
    {
        "client_msg_id": "96ba8446-6344-4d6e-a12c-8f14eb0f7363",
        "type": "message",
        "text": "from <@U01GSK6AF0A> → Hey all, not sure if this is the right place to post, but I'm the Content Director on Skift's branded content side, and I'm looking for writers who can cover B2B technology-related topics, such as digital transformation, cloud migration tech, airline and hotel operations technology, revenue management, and data.\nOur articles typically start at $500 for ~900 words. If you have experience in any of these topics (or anything you feel is similar), please reach out at <mailto:amc@skift.com|amc@skift.com> with a few words about yourself and **relevant examples.**  Thanks! edit: Also want to add that this content is thought leadership focused - I'm not looking for SEO content.",
        "user": "UJG9WTEKG",
        "ts": "1647899980.005249",
        "team": "TJE58GTJL",
        "user_team": "TJE58GTJL",
        "source_team": "TJE58GTJL",
        "user_profile": {
            "avatar_hash": "gc25b94e6ebf",
            "image_72": "https:\/\/secure.gravatar.com\/avatar\/eec25b94e6ebf55f0b7933372344cd09.jpg?s=72&d=https%3A%2F%2Fa.slack-edge.com%2Fdf10d%2Fimg%2Favatars%2Fava_0001-72.png",
            "first_name": "Jimmy",
            "real_name": "Jimmy Daly",
            "display_name": "",
            "team": "TJE58GTJL",
            "name": "runjimdaly",
            "is_restricted": false,
            "is_ultra_restricted": false
        },
        "edited": {
            "user": "UJG9WTEKG",
            "ts": "1647900006.000000"
        },
        "blocks": [
            {
                "type": "rich_text",
                "block_id": "F85eV",
                "elements": [
                    {
                        "type": "rich_text_section",
                        "elements": [
                            {
                                "type": "text",
                                "text": "from "
                            },
                            {
                                "type": "user",
                                "user_id": "U01GSK6AF0A"
                            },
                            {
                                "type": "text",
                                "text": " → Hey all, not sure if this is the right place to post, but I'm the Content Director on Skift's branded content side, and I'm looking for writers who can cover B2B technology-related topics, such as digital transformation, cloud migration tech, airline and hotel operations technology, revenue management, and data.\nOur articles typically start at $500 for ~900 words. If you have experience in any of these topics (or anything you feel is similar), please reach out at "
                            },
                            {
                                "type": "link",
                                "url": "mailto:amc@skift.com",
                                "text": "amc@skift.com"
                            },
                            {
                                "type": "text",
                                "text": " with a few words about yourself and **relevant examples.**  Thanks! edit: Also want to add that this content is thought leadership focused - I'm not looking for SEO content."
                            }
                        ]
                    }
                ]
            }
        ],
        "thread_ts": "1647899980.005249",
        "reply_count": 1,
        "reply_users_count": 1,
        "latest_reply": "1650809014.466009",
        "reply_users": [
            "U03AVHF6PGE"
        ],
        "replies": [
            {
                "user": "U03AVHF6PGE",
                "ts": "1650809014.466009"
            }
        ],
        "is_locked": false,
        "subscribed": true,
        "last_read": "1650809014.466009",
        "reactions": [
            {
                "name": "heart",
                "users": [
                    "U03AVHF6PGE"
                ],
                "count": 1
            }
        ]
    },
    {
        "client_msg_id": "763FC2C7-8BD8-43FA-998B-6C42A1915803",
        "type": "message",
        "text": "Applied :white_check_mark:",
        "user": "U027KKWUY12",
        "ts": "1647903237.553459",
        "team": "TJE58GTJL",
        "user_team": "TJE58GTJL",
        "source_team": "TJE58GTJL",
        "user_profile": {
            "avatar_hash": "f2176ca29ce5",
            "image_72": "https:\/\/avatars.slack-edge.com\/2021-07-14\/2268394227302_f2176ca29ce5a159a5bb_72.png",
            "first_name": "Lapite",
            "real_name": "Lapite Olamide",
            "display_name": "Olamide",
            "team": "TJE58GTJL",
            "name": "lapite3",
            "is_restricted": false,
            "is_ultra_restricted": false
        },
        "blocks": [
            {
                "type": "rich_text",
                "block_id": "oCR",
                "elements": [
                    {
                        "type": "rich_text_section",
                        "elements": [
                            {
                                "type": "text",
                                "text": "Applied "
                            },
                            {
                                "type": "emoji",
                                "name": "white_check_mark"
                            }
                        ]
                    }
                ]
            }
        ],
        "thread_ts": "1647857215.195649",
        "parent_user_id": "U01MW6DPU72"
    }
]