[
    {
        "client_msg_id": "c4ad238e-5d01-4be8-a85b-8e97f6c5c539",
        "type": "message",
        "text": "hello folks)",
        "user": "U01K3VD3154",
        "ts": "1648895106.966979",
        "team": "TJE58GTJL",
        "user_team": "TJE58GTJL",
        "source_team": "TJE58GTJL",
        "user_profile": {
            "avatar_hash": "344b2bdfd4e4",
            "image_72": "https:\/\/avatars.slack-edge.com\/2021-12-24\/2880772375011_344b2bdfd4e4a027d9a5_72.png",
            "first_name": "Liana",
            "real_name": "Liana",
            "display_name": "Liana",
            "team": "TJE58GTJL",
            "name": "lianasimonyan98",
            "is_restricted": false,
            "is_ultra_restricted": false
        },
        "blocks": [
            {
                "type": "rich_text",
                "block_id": "3zx",
                "elements": [
                    {
                        "type": "rich_text_section",
                        "elements": [
                            {
                                "type": "text",
                                "text": "hello folks)"
                            }
                        ]
                    }
                ]
            }
        ]
    },
    {
        "client_msg_id": "185fb8fb-2c33-4b68-8efa-d334c5214865",
        "type": "message",
        "text": "Hope you're all doing great",
        "user": "U01K3VD3154",
        "ts": "1648895117.319669",
        "team": "TJE58GTJL",
        "user_team": "TJE58GTJL",
        "source_team": "TJE58GTJL",
        "user_profile": {
            "avatar_hash": "344b2bdfd4e4",
            "image_72": "https:\/\/avatars.slack-edge.com\/2021-12-24\/2880772375011_344b2bdfd4e4a027d9a5_72.png",
            "first_name": "Liana",
            "real_name": "Liana",
            "display_name": "Liana",
            "team": "TJE58GTJL",
            "name": "lianasimonyan98",
            "is_restricted": false,
            "is_ultra_restricted": false
        },
        "blocks": [
            {
                "type": "rich_text",
                "block_id": "x4I",
                "elements": [
                    {
                        "type": "rich_text_section",
                        "elements": [
                            {
                                "type": "text",
                                "text": "Hope you're all doing great"
                            }
                        ]
                    }
                ]
            }
        ]
    },
    {
        "client_msg_id": "41cc7fec-fda3-42f6-a3ae-5a1872f3f6a7",
        "type": "message",
        "text": "For now, i am open to new collabs and  i am willing to take on one more writing project within the SaaS industry with reasonable <http:\/\/rates.My|rates.My> portfolio of clients include such prominent names as Renderforest, Credit Repair Cloud, <http:\/\/Krisp.ai|Krisp.ai>, <http:\/\/Podcastle.ai|Podcastle.ai>, Dexatel, <http:\/\/Dooly.ai|Dooly.ai>, etc.",
        "user": "U01K3VD3154",
        "ts": "1648895687.433299",
        "team": "TJE58GTJL",
        "user_team": "TJE58GTJL",
        "source_team": "TJE58GTJL",
        "user_profile": {
            "avatar_hash": "344b2bdfd4e4",
            "image_72": "https:\/\/avatars.slack-edge.com\/2021-12-24\/2880772375011_344b2bdfd4e4a027d9a5_72.png",
            "first_name": "Liana",
            "real_name": "Liana",
            "display_name": "Liana",
            "team": "TJE58GTJL",
            "name": "lianasimonyan98",
            "is_restricted": false,
            "is_ultra_restricted": false
        },
        "blocks": [
            {
                "type": "rich_text",
                "block_id": "y\/AA9",
                "elements": [
                    {
                        "type": "rich_text_section",
                        "elements": [
                            {
                                "type": "text",
                                "text": "For now, i am open to new collabs and  i am willing to take on one more writing project within the SaaS industry with reasonable rates.My portfolio of clients include such prominent names as Renderforest, Credit Repair Cloud, "
                            },
                            {
                                "type": "link",
                                "url": "http:\/\/Krisp.ai",
                                "text": "Krisp.ai"
                            },
                            {
                                "type": "text",
                                "text": ", "
                            },
                            {
                                "type": "link",
                                "url": "http:\/\/Podcastle.ai",
                                "text": "Podcastle.ai"
                            },
                            {
                                "type": "text",
                                "text": ", Dexatel, "
                            },
                            {
                                "type": "link",
                                "url": "http:\/\/Dooly.ai",
                                "text": "Dooly.ai"
                            },
                            {
                                "type": "text",
                                "text": ", etc."
                            }
                        ]
                    }
                ]
            }
        ],
        "thread_ts": "1648895687.433299",
        "reply_count": 1,
        "reply_users_count": 1,
        "latest_reply": "1648907969.806499",
        "reply_users": [
            "U02RBH2FY6R"
        ],
        "replies": [
            {
                "user": "U02RBH2FY6R",
                "ts": "1648907969.806499"
            }
        ],
        "is_locked": false,
        "subscribed": false
    },
    {
        "client_msg_id": "d00ed0a8-608c-41d8-92dc-82b157b36cf9",
        "type": "message",
        "text": "DM me to speak in more detail.",
        "user": "U01K3VD3154",
        "ts": "1648895702.735659",
        "team": "TJE58GTJL",
        "user_team": "TJE58GTJL",
        "source_team": "TJE58GTJL",
        "user_profile": {
            "avatar_hash": "344b2bdfd4e4",
            "image_72": "https:\/\/avatars.slack-edge.com\/2021-12-24\/2880772375011_344b2bdfd4e4a027d9a5_72.png",
            "first_name": "Liana",
            "real_name": "Liana",
            "display_name": "Liana",
            "team": "TJE58GTJL",
            "name": "lianasimonyan98",
            "is_restricted": false,
            "is_ultra_restricted": false
        },
        "blocks": [
            {
                "type": "rich_text",
                "block_id": "aXsR",
                "elements": [
                    {
                        "type": "rich_text_section",
                        "elements": [
                            {
                                "type": "text",
                                "text": "DM me to speak in more detail."
                            }
                        ]
                    }
                ]
            }
        ]
    },
    {
        "client_msg_id": "f388a035-8a8f-44e0-a674-bdeb853e2a2f",
        "type": "message",
        "text": "And have a  great weekend ahead.",
        "user": "U01K3VD3154",
        "ts": "1648895715.287229",
        "team": "TJE58GTJL",
        "user_team": "TJE58GTJL",
        "source_team": "TJE58GTJL",
        "user_profile": {
            "avatar_hash": "344b2bdfd4e4",
            "image_72": "https:\/\/avatars.slack-edge.com\/2021-12-24\/2880772375011_344b2bdfd4e4a027d9a5_72.png",
            "first_name": "Liana",
            "real_name": "Liana",
            "display_name": "Liana",
            "team": "TJE58GTJL",
            "name": "lianasimonyan98",
            "is_restricted": false,
            "is_ultra_restricted": false
        },
        "blocks": [
            {
                "type": "rich_text",
                "block_id": "6GB",
                "elements": [
                    {
                        "type": "rich_text_section",
                        "elements": [
                            {
                                "type": "text",
                                "text": "And have a  great weekend ahead."
                            }
                        ]
                    }
                ]
            }
        ]
    },
    {
        "client_msg_id": "3287a4d6-0e71-481b-aa9e-be53d8c68071",
        "type": "message",
        "text": "Hey Liana, this post seems about getting hired. You should probably move this to <#C02RGHQ4HK7|hire-me>",
        "user": "U02RBH2FY6R",
        "ts": "1648907969.806499",
        "team": "TJE58GTJL",
        "user_team": "TJE58GTJL",
        "source_team": "TJE58GTJL",
        "user_profile": {
            "avatar_hash": "062a53a412a9",
            "image_72": "https:\/\/avatars.slack-edge.com\/2021-12-24\/2883308914388_062a53a412a99ed3f8b7_72.jpg",
            "first_name": "Nidhi",
            "real_name": "Nidhi Kala",
            "display_name": "Nidhi Kala",
            "team": "TJE58GTJL",
            "name": "nidhikala04",
            "is_restricted": false,
            "is_ultra_restricted": false
        },
        "blocks": [
            {
                "type": "rich_text",
                "block_id": "kJf",
                "elements": [
                    {
                        "type": "rich_text_section",
                        "elements": [
                            {
                                "type": "text",
                                "text": "Hey Liana, this post seems about getting hired. You should probably move this to "
                            },
                            {
                                "type": "channel",
                                "channel_id": "C02RGHQ4HK7"
                            }
                        ]
                    }
                ]
            }
        ],
        "thread_ts": "1648895687.433299",
        "parent_user_id": "U01K3VD3154"
    },
    {
        "type": "message",
        "subtype": "slackbot_response",
        "text": "did someone say salary? here's some data that might be helpful. <https:\/\/superpath.co\/blog\/content-marketing-salary-report>",
        "user": "USLACKBOT",
        "ts": "1648911229.681909",
        "attachments": [
            {
                "from_url": "https:\/\/superpath.co\/blog\/content-marketing-salary-report",
                "thumb_url": "http:\/\/static1.squarespace.com\/static\/609d9c530fe0402cfde14a9c\/t\/61d76e005dd5ad7b9ebc6932\/1641508361386\/superpath+salary.jpg?format=1500w",
                "thumb_width": 1052,
                "thumb_height": 751,
                "service_icon": "https:\/\/images.squarespace-cdn.com\/content\/v1\/609d9c530fe0402cfde14a9c\/e34ef9bd-2724-4781-88fd-e8cba90125ef\/favicon.ico?format=100w",
                "id": 1,
                "original_url": "https:\/\/superpath.co\/blog\/content-marketing-salary-report",
                "fallback": "Your Content Career Headquarters: How Much Money Do Content Marketer's Make? (2022 Salary Report) — Your Content Career Headquarters",
                "text": "The average content marketing salary is $93,725. Check out our salary report for more detailed data on job titles, experience and pay discrepancies.",
                "title": "How Much Money Do Content Marketer's Make? (2022 Salary Report) — Your Content Career Headquarters",
                "title_link": "https:\/\/superpath.co\/blog\/content-marketing-salary-report",
                "service_name": "Your Content Career Headquarters"
            }
        ]
    },
    {
        "client_msg_id": "EDE8AC15-5259-48A3-83A9-5CDE7C5E74A5",
        "type": "message",
        "text": "Hey folks! Calling out all the freelance writers\/copywriters\/content strategists here: foodcircle is a fintech company based in Berlin and we are currently looking for a freelancer who can create amazing B2B content for us. Someone who has written for a European market before is a must. \nWe need someone who can commit 15-18 hours per month, and we offer a salary of 42 euros per hour. \nPlease email me your portfolios at <mailto:tooba@foodcircle.com|tooba@foodcircle.com>",
        "user": "U0333UU1KSQ",
        "ts": "1648911271.369439",
        "team": "TJE58GTJL",
        "user_team": "TJE58GTJL",
        "source_team": "TJE58GTJL",
        "user_profile": {
            "avatar_hash": "6adcde864a26",
            "image_72": "https:\/\/avatars.slack-edge.com\/2022-02-15\/3105295849941_6adcde864a268d064ced_72.png",
            "first_name": "Tooba",
            "real_name": "Tooba Maqsood",
            "display_name": "Tooba Maqsood",
            "team": "TJE58GTJL",
            "name": "tooba",
            "is_restricted": false,
            "is_ultra_restricted": false
        },
        "blocks": [
            {
                "type": "rich_text",
                "block_id": "q0od",
                "elements": [
                    {
                        "type": "rich_text_section",
                        "elements": [
                            {
                                "type": "text",
                                "text": "Hey folks! Calling out all the freelance writers\/copywriters\/content strategists here: foodcircle is a fintech company based in Berlin and we are currently looking for a freelancer who can create amazing B2B content for us. Someone who has written for a European market before is a must. \nWe need someone who can commit 15-18 hours per month, and we offer a salary of 42 euros per hour. \nPlease email me your portfolios at "
                            },
                            {
                                "type": "link",
                                "url": "mailto:tooba@foodcircle.com",
                                "text": "tooba@foodcircle.com"
                            }
                        ]
                    }
                ]
            }
        ],
        "reactions": [
            {
                "name": "eyes",
                "users": [
                    "U02GMMQ281W",
                    "U029WCJDVU0"
                ],
                "count": 2
            },
            {
                "name": "+1",
                "users": [
                    "U01TB1SDD61",
                    "U029WCJDVU0"
                ],
                "count": 2
            }
        ]
    },
    {
        "type": "message",
        "subtype": "slackbot_response",
        "text": "did someone say salary? here's some data that might be helpful. <https:\/\/superpath.co\/blog\/content-marketing-salary-report>",
        "user": "USLACKBOT",
        "ts": "1648911272.411429"
    },
    {
        "client_msg_id": "fc4b2b2d-4a58-4cd7-8f56-8101ad8d6608",
        "type": "message",
        "text": "Hello all,\nHas anyone taken the Confident Copywriting coaching group program with Belinda Weaver? If so, what did you think?",
        "user": "U0391JJMCNL",
        "ts": "1648919377.013649",
        "team": "TJE58GTJL",
        "user_team": "TJE58GTJL",
        "source_team": "TJE58GTJL",
        "user_profile": {
            "avatar_hash": "7f629758f3a4",
            "image_72": "https:\/\/avatars.slack-edge.com\/2022-04-02\/3347101307889_7f629758f3a46bf29a5a_72.jpg",
            "first_name": "Deenah",
            "real_name": "Deenah Jacques",
            "display_name": "Deenah",
            "team": "TJE58GTJL",
            "name": "deenah",
            "is_restricted": false,
            "is_ultra_restricted": false
        },
        "blocks": [
            {
                "type": "rich_text",
                "block_id": "2+2",
                "elements": [
                    {
                        "type": "rich_text_section",
                        "elements": [
                            {
                                "type": "text",
                                "text": "Hello all,\nHas anyone taken the Confident Copywriting coaching group program with Belinda Weaver? If so, what did you think?"
                            }
                        ]
                    }
                ]
            }
        ],
        "thread_ts": "1648919377.013649",
        "reply_count": 7,
        "reply_users_count": 3,
        "latest_reply": "1649685653.819549",
        "reply_users": [
            "U0306LHA2MQ",
            "U01K0BWEQD6",
            "U0391JJMCNL"
        ],
        "replies": [
            {
                "user": "U0306LHA2MQ",
                "ts": "1649092319.319539"
            },
            {
                "user": "U01K0BWEQD6",
                "ts": "1649106821.551179"
            },
            {
                "user": "U01K0BWEQD6",
                "ts": "1649106875.026079"
            },
            {
                "user": "U0391JJMCNL",
                "ts": "1649116170.666099"
            },
            {
                "user": "U01K0BWEQD6",
                "ts": "1649190045.054499"
            },
            {
                "user": "U0391JJMCNL",
                "ts": "1649200020.219759"
            },
            {
                "user": "U01K0BWEQD6",
                "ts": "1649685653.819549"
            }
        ],
        "is_locked": false,
        "subscribed": false
    }
]