[
    {
        "client_msg_id": "1be00a6e-3511-42ab-9665-28928318e549",
        "type": "message",
        "text": "<@U036XJTU8HX> I'd also break up some of the paras. And use an official email address instead of gmail :)",
        "user": "U02PRMEAP0V",
        "ts": "1649146453.711019",
        "team": "TJE58GTJL",
        "user_team": "TJE58GTJL",
        "source_team": "TJE58GTJL",
        "user_profile": {
            "avatar_hash": "3655374527f9",
            "image_72": "https:\/\/avatars.slack-edge.com\/2022-03-23\/3282575021317_3655374527f96f1c0934_72.png",
            "first_name": "Elsier",
            "real_name": "Elsier Otachi",
            "display_name": "Elsier Otachi",
            "team": "TJE58GTJL",
            "name": "biagelo",
            "is_restricted": false,
            "is_ultra_restricted": false
        },
        "blocks": [
            {
                "type": "rich_text",
                "block_id": "XXtx",
                "elements": [
                    {
                        "type": "rich_text_section",
                        "elements": [
                            {
                                "type": "user",
                                "user_id": "U036XJTU8HX"
                            },
                            {
                                "type": "text",
                                "text": " I'd also break up some of the paras. And use an official email address instead of gmail :)"
                            }
                        ]
                    }
                ]
            }
        ],
        "thread_ts": "1649102920.040999",
        "parent_user_id": "U036XJTU8HX",
        "reactions": [
            {
                "name": "raised_hands",
                "users": [
                    "U036XJTU8HX"
                ],
                "count": 1
            }
        ]
    },
    {
        "client_msg_id": "ac747132-f228-493a-8edb-89866c7e2b06",
        "type": "message",
        "text": "I have had one or two okay-paying projects from there, but you have to sift thru so much, and also do a full blown proposal for every single one, that it's just not worth it. Most people on there are very price sensitive, as other commenters have noted.",
        "user": "U02UNK9DJSZ",
        "ts": "1649146646.038389",
        "team": "TJE58GTJL",
        "user_team": "TJE58GTJL",
        "source_team": "TJE58GTJL",
        "user_profile": {
            "avatar_hash": "b052c618f3df",
            "image_72": "https:\/\/avatars.slack-edge.com\/2022-01-20\/2977622180722_b052c618f3df14215512_72.jpg",
            "first_name": "Sam",
            "real_name": "Sam Grover",
            "display_name": "Sam Grover",
            "team": "TJE58GTJL",
            "name": "sam641",
            "is_restricted": false,
            "is_ultra_restricted": false
        },
        "blocks": [
            {
                "type": "rich_text",
                "block_id": "odlR",
                "elements": [
                    {
                        "type": "rich_text_section",
                        "elements": [
                            {
                                "type": "text",
                                "text": "I have had one or two okay-paying projects from there, but you have to sift thru so much, and also do a full blown proposal for every single one, that it's just not worth it. Most people on there are very price sensitive, as other commenters have noted."
                            }
                        ]
                    }
                ]
            }
        ],
        "thread_ts": "1648154020.766469",
        "parent_user_id": "U0340N9HSLT"
    },
    {
        "client_msg_id": "33c4f761-7916-48f8-8bf0-9e234e6274a7",
        "type": "message",
        "text": "You should check out LastBench Studio!",
        "user": "U02NQPTHFFG",
        "ts": "1649178101.270329",
        "team": "TJE58GTJL",
        "user_team": "TJE58GTJL",
        "source_team": "TJE58GTJL",
        "user_profile": {
            "avatar_hash": "gbf7352faeb3",
            "image_72": "https:\/\/secure.gravatar.com\/avatar\/bf7352faeb32d7b60b943b0a31f4974f.jpg?s=72&d=https%3A%2F%2Fa.slack-edge.com%2Fdf10d%2Fimg%2Favatars%2Fava_0012-72.png",
            "first_name": "Murugappan",
            "real_name": "Murugappan Meiyappan",
            "display_name": "",
            "team": "TJE58GTJL",
            "name": "nappagurum",
            "is_restricted": false,
            "is_ultra_restricted": false
        },
        "blocks": [
            {
                "type": "rich_text",
                "block_id": "TP+C",
                "elements": [
                    {
                        "type": "rich_text_section",
                        "elements": [
                            {
                                "type": "text",
                                "text": "You should check out LastBench Studio!"
                            }
                        ]
                    }
                ]
            }
        ],
        "thread_ts": "1649109656.802059",
        "parent_user_id": "U02SQ5Q4SCS",
        "reactions": [
            {
                "name": "eyes",
                "users": [
                    "U02SQ5Q4SCS"
                ],
                "count": 1
            }
        ]
    },
    {
        "client_msg_id": "1fc8d21d-868e-4a86-ab79-b381b70132f9",
        "type": "message",
        "text": "Any independent influencer marketers here :wave: <https:\/\/c87.to\/3r4ywfW|Contentsu> is looking for an Influencer Marketer for $30\/hr :sparkles:",
        "user": "U035L89VDHS",
        "ts": "1649189150.699289",
        "team": "TJE58GTJL",
        "user_team": "TJE58GTJL",
        "source_team": "TJE58GTJL",
        "user_profile": {
            "avatar_hash": "84df112f8c0f",
            "image_72": "https:\/\/avatars.slack-edge.com\/2022-03-10\/3217697364198_84df112f8c0f4641d2e7_72.jpg",
            "first_name": "Emily",
            "real_name": "Emily Watterson",
            "display_name": "Emily Watterson",
            "team": "TJE58GTJL",
            "name": "emily.watterson",
            "is_restricted": false,
            "is_ultra_restricted": false
        },
        "blocks": [
            {
                "type": "rich_text",
                "block_id": "1+B4",
                "elements": [
                    {
                        "type": "rich_text_section",
                        "elements": [
                            {
                                "type": "text",
                                "text": "Any independent influencer marketers here "
                            },
                            {
                                "type": "emoji",
                                "name": "wave"
                            },
                            {
                                "type": "text",
                                "text": " "
                            },
                            {
                                "type": "link",
                                "url": "https:\/\/c87.to\/3r4ywfW",
                                "text": "Contentsu"
                            },
                            {
                                "type": "text",
                                "text": " is looking for an Influencer Marketer for $30\/hr "
                            },
                            {
                                "type": "emoji",
                                "name": "sparkles"
                            }
                        ]
                    }
                ]
            }
        ],
        "reactions": [
            {
                "name": "eyes",
                "users": [
                    "U0320BS53RQ",
                    "U02B60S6FBM"
                ],
                "count": 2
            },
            {
                "name": "tada",
                "users": [
                    "U0320BS53RQ"
                ],
                "count": 1
            },
            {
                "name": "+1",
                "users": [
                    "U01TB1SDD61",
                    "U038JA3T939",
                    "U0320BS53RQ"
                ],
                "count": 3
            }
        ]
    },
    {
        "client_msg_id": "892863c3-936c-4cd6-9ff2-8e3182bb7150",
        "type": "message",
        "text": "It's like a soft B, lol. Do you mean like launch and funnel copy for coaches? I see that as B2C because the business you're writing for is selling to consumers, not businesses.",
        "user": "U01K0BWEQD6",
        "ts": "1649190045.054499",
        "team": "TJE58GTJL",
        "user_team": "TJE58GTJL",
        "source_team": "TJE58GTJL",
        "user_profile": {
            "avatar_hash": "1d4a27b0b808",
            "image_72": "https:\/\/avatars.slack-edge.com\/2021-01-12\/1637132909412_1d4a27b0b8085cc784f5_72.jpg",
            "first_name": "Sarah",
            "real_name": "Sarah Greesonbach",
            "display_name": "Sarah Greesonbach",
            "team": "TJE58GTJL",
            "name": "hello317",
            "is_restricted": false,
            "is_ultra_restricted": false
        },
        "blocks": [
            {
                "type": "rich_text",
                "block_id": "k0C",
                "elements": [
                    {
                        "type": "rich_text_section",
                        "elements": [
                            {
                                "type": "text",
                                "text": "It's like a soft B, lol. Do you mean like launch and funnel copy for coaches? I see that as B2C because the business you're writing for is selling to consumers, not businesses."
                            }
                        ]
                    }
                ]
            }
        ],
        "thread_ts": "1648919377.013649",
        "parent_user_id": "U0391JJMCNL"
    },
    {
        "client_msg_id": "b51dd102-df68-4abe-ae25-7a1fcd4b9e50",
        "type": "message",
        "text": "I would say creative entrepreneurs like brand strategists, web designers, photographers.",
        "user": "U0391JJMCNL",
        "ts": "1649200020.219759",
        "team": "TJE58GTJL",
        "user_team": "TJE58GTJL",
        "source_team": "TJE58GTJL",
        "user_profile": {
            "avatar_hash": "7f629758f3a4",
            "image_72": "https:\/\/avatars.slack-edge.com\/2022-04-02\/3347101307889_7f629758f3a46bf29a5a_72.jpg",
            "first_name": "Deenah",
            "real_name": "Deenah Jacques",
            "display_name": "Deenah",
            "team": "TJE58GTJL",
            "name": "deenah",
            "is_restricted": false,
            "is_ultra_restricted": false
        },
        "blocks": [
            {
                "type": "rich_text",
                "block_id": "DWNe",
                "elements": [
                    {
                        "type": "rich_text_section",
                        "elements": [
                            {
                                "type": "text",
                                "text": "I would say creative entrepreneurs like brand strategists, web designers, photographers."
                            }
                        ]
                    }
                ]
            }
        ],
        "thread_ts": "1648919377.013649",
        "parent_user_id": "U0391JJMCNL"
    },
    {
        "client_msg_id": "80e28634-bb23-4af2-8bc1-fb4e022bf4fb",
        "type": "message",
        "text": "I'm looking for a freelance writer with a background in software development who has experience writing for blogs geared towards developers, anyone have any recommendations?",
        "user": "U0166H7KUAZ",
        "ts": "1649202508.475439",
        "team": "TJE58GTJL",
        "user_team": "TJE58GTJL",
        "source_team": "TJE58GTJL",
        "user_profile": {
            "avatar_hash": "f58be1456496",
            "image_72": "https:\/\/avatars.slack-edge.com\/2020-06-29\/1197308509671_f58be1456496f374b7ea_72.jpg",
            "first_name": "",
            "real_name": "Phillip Paquette",
            "display_name": "Phillip Paquette",
            "team": "TJE58GTJL",
            "name": "phillippaquette",
            "is_restricted": false,
            "is_ultra_restricted": false
        },
        "edited": {
            "user": "U0166H7KUAZ",
            "ts": "1649202622.000000"
        },
        "blocks": [
            {
                "type": "rich_text",
                "block_id": "1P0M",
                "elements": [
                    {
                        "type": "rich_text_section",
                        "elements": [
                            {
                                "type": "text",
                                "text": "I'm looking for a freelance writer with a background in software development who has experience writing for blogs geared towards developers, anyone have any recommendations?"
                            }
                        ]
                    }
                ]
            }
        ],
        "thread_ts": "1649202508.475439",
        "reply_count": 6,
        "reply_users_count": 6,
        "latest_reply": "1649522330.202699",
        "reply_users": [
            "U0231C2LYNM",
            "U02UHL5EX1P",
            "U02CZJT4FDG",
            "U039ZJKDGBC",
            "U024BJMQGD6",
            "U029CTQ5X6Y"
        ],
        "replies": [
            {
                "user": "U0231C2LYNM",
                "ts": "1649204585.673229"
            },
            {
                "user": "U02UHL5EX1P",
                "ts": "1649231898.004529"
            },
            {
                "user": "U02CZJT4FDG",
                "ts": "1649259680.896029"
            },
            {
                "user": "U039ZJKDGBC",
                "ts": "1649300921.115969"
            },
            {
                "user": "U024BJMQGD6",
                "ts": "1649324746.003409"
            },
            {
                "user": "U029CTQ5X6Y",
                "ts": "1649522330.202699"
            }
        ],
        "is_locked": false,
        "subscribed": false,
        "reactions": [
            {
                "name": "eyes",
                "users": [
                    "U02PUQ6CQRX",
                    "U02UHL5EX1P",
                    "U03164Q045P",
                    "U02GMMQ281W"
                ],
                "count": 4
            }
        ]
    },
    {
        "client_msg_id": "fa3abc66-6215-44d4-9e0a-b14e65e22f1e",
        "type": "message",
        "text": "<@U02UHL5EX1P>?",
        "user": "U0231C2LYNM",
        "ts": "1649204585.673229",
        "team": "TJE58GTJL",
        "user_team": "TJE58GTJL",
        "source_team": "TJE58GTJL",
        "user_profile": {
            "avatar_hash": "c1d845bba06d",
            "image_72": "https:\/\/avatars.slack-edge.com\/2021-05-21\/2090873932082_c1d845bba06d288505ec_72.jpg",
            "first_name": "Camille",
            "real_name": "Camille Hogg",
            "display_name": "Cami",
            "team": "TJE58GTJL",
            "name": "camille.l.hogg",
            "is_restricted": false,
            "is_ultra_restricted": false
        },
        "blocks": [
            {
                "type": "rich_text",
                "block_id": "r517",
                "elements": [
                    {
                        "type": "rich_text_section",
                        "elements": [
                            {
                                "type": "user",
                                "user_id": "U02UHL5EX1P"
                            },
                            {
                                "type": "text",
                                "text": "?"
                            }
                        ]
                    }
                ]
            }
        ],
        "thread_ts": "1649202508.475439",
        "parent_user_id": "U0166H7KUAZ"
    },
    {
        "client_msg_id": "a355fb07-d80c-4538-8b82-dc252f4afe80",
        "type": "message",
        "text": "hi all,\n\nI am a performance marketing consultant.\n\nI've just set up my <https:\/\/aniruddhamishra.com\/|personal website>.  I would love to get some feedback on this.",
        "user": "U02CD08B7CP",
        "ts": "1649222857.116419",
        "team": "TJE58GTJL",
        "user_team": "TJE58GTJL",
        "source_team": "TJE58GTJL",
        "user_profile": {
            "avatar_hash": "a7a6b221f30b",
            "image_72": "https:\/\/avatars.slack-edge.com\/2021-08-30\/2435810576451_a7a6b221f30bd12bc1bd_72.png",
            "first_name": "Aniruddha",
            "real_name": "Aniruddha Mishra",
            "display_name": "Aniruddha Mishra",
            "team": "TJE58GTJL",
            "name": "ani7ruddha",
            "is_restricted": false,
            "is_ultra_restricted": false
        },
        "attachments": [
            {
                "from_url": "https:\/\/aniruddhamishra.com\/",
                "image_url": "https:\/\/aniruddhamishra.com\/wp-content\/uploads\/2022\/03\/aniruddhamishra.com-ani7ruddh.com-1.png",
                "image_width": 478,
                "image_height": 250,
                "image_bytes": 112997,
                "id": 1,
                "original_url": "https:\/\/aniruddhamishra.com\/",
                "fallback": "Aniruddha Mishra: Aniruddha Misha - Performance &amp; Digital Marketing Consultant",
                "text": "Aniruddha Mishra is a seasoned performance marketer. He has 7+ yrs of digital marketing experience. Book your free consultation now.",
                "title": "Aniruddha Misha - Performance &amp; Digital Marketing Consultant",
                "title_link": "https:\/\/aniruddhamishra.com\/",
                "service_name": "Aniruddha Mishra",
                "fields": [
                    {
                        "value": "4 minutes",
                        "title": "Est. reading time",
                        "short": true
                    }
                ]
            }
        ],
        "blocks": [
            {
                "type": "rich_text",
                "block_id": "A1aT",
                "elements": [
                    {
                        "type": "rich_text_section",
                        "elements": [
                            {
                                "type": "text",
                                "text": "hi all,\n\nI am a performance marketing consultant.\n\nI've just set up my "
                            },
                            {
                                "type": "link",
                                "url": "https:\/\/aniruddhamishra.com\/",
                                "text": "personal website"
                            },
                            {
                                "type": "text",
                                "text": ".  I would love to get some feedback on this."
                            }
                        ]
                    }
                ]
            }
        ]
    }
]