[
    {
        "client_msg_id": "3c6de979-5be6-45bd-b694-9d9c3b376782",
        "type": "message",
        "text": "Hi, y'all. There's a potential freelance client I'm currently in talks with. Niche is financial advisory. I took a gander at their website yesterday and saw that they used a nude palette for most of their website, with sparring touches of black.\n\nWhile I know the industry color standard is blue, I believe there are other colors a firm in that industry could use: something that reinforces reliability, availability and strength.\n\nWhat colors would you recommend for a business in that niche? Thanks! :raised_hands::skin-tone-5:",
        "user": "U02B60S6FBM",
        "ts": "1644579546.145309",
        "team": "TJE58GTJL",
        "user_team": "TJE58GTJL",
        "source_team": "TJE58GTJL",
        "user_profile": {
            "avatar_hash": "2f1e23ef404a",
            "image_72": "https:\/\/avatars.slack-edge.com\/2021-08-13\/2376884926485_2f1e23ef404a0d536b39_72.jpg",
            "first_name": "Wuraola",
            "real_name": "Wuraola",
            "display_name": "Wuraola",
            "team": "TJE58GTJL",
            "name": "omobolanleshanu",
            "is_restricted": false,
            "is_ultra_restricted": false
        },
        "blocks": [
            {
                "type": "rich_text",
                "block_id": "WKRDI",
                "elements": [
                    {
                        "type": "rich_text_section",
                        "elements": [
                            {
                                "type": "text",
                                "text": "Hi, y'all. There's a potential freelance client I'm currently in talks with. Niche is financial advisory. I took a gander at their website yesterday and saw that they used a nude palette for most of their website, with sparring touches of black.\n\nWhile I know the industry color standard is blue, I believe there are other colors a firm in that industry could use: something that reinforces reliability, availability and strength.\n\nWhat colors would you recommend for a business in that niche? Thanks! "
                            },
                            {
                                "type": "emoji",
                                "name": "raised_hands",
                                "skin_tone": 5
                            }
                        ]
                    }
                ]
            }
        ],
        "thread_ts": "1644579546.145309",
        "reply_count": 4,
        "reply_users_count": 4,
        "latest_reply": "1644899380.717999",
        "reply_users": [
            "U032Q4CT9G8",
            "U01NJ39M36K",
            "U02B60S6FBM",
            "U032V06GP38"
        ],
        "replies": [
            {
                "user": "U032Q4CT9G8",
                "ts": "1644584370.935959"
            },
            {
                "user": "U01NJ39M36K",
                "ts": "1644603547.414139"
            },
            {
                "user": "U02B60S6FBM",
                "ts": "1644667025.189419"
            },
            {
                "user": "U032V06GP38",
                "ts": "1644899380.717999"
            }
        ],
        "is_locked": false,
        "subscribed": false,
        "reactions": [
            {
                "name": "eyes",
                "users": [
                    "U02B60S6FBM",
                    "UJG9WTEKG"
                ],
                "count": 2
            }
        ]
    },
    {
        "client_msg_id": "1a58e282-5ec2-4cb2-aa2f-025e08b9c7ce",
        "type": "message",
        "text": "Blue, Red works also.",
        "user": "U032Q4CT9G8",
        "ts": "1644584370.935959",
        "team": "TJE58GTJL",
        "user_team": "TJE58GTJL",
        "source_team": "TJE58GTJL",
        "user_profile": {
            "avatar_hash": "acda585807dd",
            "image_72": "https:\/\/avatars.slack-edge.com\/2022-02-07\/3081750552081_acda585807dd8ce5fbb1_72.jpg",
            "first_name": "Oluchukwu",
            "real_name": "Oluchukwu Njoku",
            "display_name": "Luu",
            "team": "TJE58GTJL",
            "name": "oluchukwunjoku1",
            "is_restricted": false,
            "is_ultra_restricted": false
        },
        "blocks": [
            {
                "type": "rich_text",
                "block_id": "a+j",
                "elements": [
                    {
                        "type": "rich_text_section",
                        "elements": [
                            {
                                "type": "text",
                                "text": "Blue, Red works also."
                            }
                        ]
                    }
                ]
            }
        ],
        "thread_ts": "1644579546.145309",
        "parent_user_id": "U02B60S6FBM",
        "reactions": [
            {
                "name": "+1::skin-tone-5",
                "users": [
                    "U02B60S6FBM"
                ],
                "count": 1
            }
        ]
    },
    {
        "client_msg_id": "3E0F7ED2-87A9-4DFA-B4B2-69BBF9172D67",
        "type": "message",
        "text": "Hello <@U0231C2LYNM>! I have a client who works in this industry. I sent you a DM :hugging_face: ",
        "user": "U02S478FWF2",
        "ts": "1644592935.347149",
        "team": "TJE58GTJL",
        "user_team": "TJE58GTJL",
        "source_team": "TJE58GTJL",
        "user_profile": {
            "avatar_hash": "287d4b9ed1f9",
            "image_72": "https:\/\/avatars.slack-edge.com\/2021-12-20\/2888299387728_287d4b9ed1f9cafd4926_72.png",
            "first_name": "Antonella",
            "real_name": "Antonella Fleitas",
            "display_name": "Antonella Fleitas",
            "team": "TJE58GTJL",
            "name": "writing",
            "is_restricted": false,
            "is_ultra_restricted": false
        },
        "blocks": [
            {
                "type": "rich_text",
                "block_id": "q5T",
                "elements": [
                    {
                        "type": "rich_text_section",
                        "elements": [
                            {
                                "type": "text",
                                "text": "Hello "
                            },
                            {
                                "type": "user",
                                "user_id": "U0231C2LYNM"
                            },
                            {
                                "type": "text",
                                "text": "! I have a client who works in this industry. I sent you a DM "
                            },
                            {
                                "type": "emoji",
                                "name": "hugging_face"
                            },
                            {
                                "type": "text",
                                "text": " "
                            }
                        ]
                    }
                ]
            }
        ],
        "thread_ts": "1644503888.290409",
        "parent_user_id": "U0231C2LYNM",
        "reactions": [
            {
                "name": "raised_hands",
                "users": [
                    "U0231C2LYNM"
                ],
                "count": 1
            }
        ]
    },
    {
        "client_msg_id": "b3fa9c0a-d62c-4b67-a9f9-1f6b923dffc1",
        "type": "message",
        "text": "<@U02S478FWF2> thank you :slightly_smiling_face: I'll be able to get back to you shortly (thanks for being so patient!)",
        "user": "U0231C2LYNM",
        "ts": "1644593253.382019",
        "team": "TJE58GTJL",
        "user_team": "TJE58GTJL",
        "source_team": "TJE58GTJL",
        "user_profile": {
            "avatar_hash": "c1d845bba06d",
            "image_72": "https:\/\/avatars.slack-edge.com\/2021-05-21\/2090873932082_c1d845bba06d288505ec_72.jpg",
            "first_name": "Camille",
            "real_name": "Camille Hogg",
            "display_name": "Cami",
            "team": "TJE58GTJL",
            "name": "camille.l.hogg",
            "is_restricted": false,
            "is_ultra_restricted": false
        },
        "blocks": [
            {
                "type": "rich_text",
                "block_id": "C5s\/",
                "elements": [
                    {
                        "type": "rich_text_section",
                        "elements": [
                            {
                                "type": "user",
                                "user_id": "U02S478FWF2"
                            },
                            {
                                "type": "text",
                                "text": " thank you "
                            },
                            {
                                "type": "emoji",
                                "name": "slightly_smiling_face"
                            },
                            {
                                "type": "text",
                                "text": " I'll be able to get back to you shortly (thanks for being so patient!)"
                            }
                        ]
                    }
                ]
            }
        ],
        "thread_ts": "1644503888.290409",
        "parent_user_id": "U0231C2LYNM"
    },
    {
        "client_msg_id": "0e41b12a-7565-447a-96aa-a8a68f89f338",
        "type": "message",
        "text": "I would actually avoid red due to the inference that red numbers = negative. I've seen clients use green very effectively.",
        "user": "U01NJ39M36K",
        "ts": "1644603547.414139",
        "team": "TJE58GTJL",
        "user_team": "TJE58GTJL",
        "source_team": "TJE58GTJL",
        "user_profile": {
            "avatar_hash": "4f5786a722ae",
            "image_72": "https:\/\/avatars.slack-edge.com\/2021-02-23\/1798556587425_4f5786a722aed9751baf_72.jpg",
            "first_name": "Michaela",
            "real_name": "Michaela Cavallaro",
            "display_name": "Michaela Cavallaro",
            "team": "TJE58GTJL",
            "name": "michaela",
            "is_restricted": false,
            "is_ultra_restricted": false
        },
        "blocks": [
            {
                "type": "rich_text",
                "block_id": "3d9",
                "elements": [
                    {
                        "type": "rich_text_section",
                        "elements": [
                            {
                                "type": "text",
                                "text": "I would actually avoid red due to the inference that red numbers = negative. I've seen clients use green very effectively."
                            }
                        ]
                    }
                ]
            }
        ],
        "thread_ts": "1644579546.145309",
        "parent_user_id": "U02B60S6FBM",
        "reactions": [
            {
                "name": "+1::skin-tone-5",
                "users": [
                    "U02B60S6FBM"
                ],
                "count": 1
            }
        ]
    },
    {
        "client_msg_id": "57E33CDC-99F6-4828-BC9A-85638B7BAE41",
        "type": "message",
        "text": "Hey! <@U032AAXP04D> I'd love to apply! You can check out my work here: <http:\/\/www.instagram.com\/whyartthouu|Instagram>",
        "user": "U0326J2JF1U",
        "ts": "1644634359.090219",
        "team": "TJE58GTJL",
        "user_team": "TJE58GTJL",
        "source_team": "TJE58GTJL",
        "user_profile": {
            "avatar_hash": "fdc8ad92c5bc",
            "image_72": "https:\/\/avatars.slack-edge.com\/2022-02-12\/3095687469458_fdc8ad92c5bc25d56c33_72.png",
            "first_name": "Aishwarya",
            "real_name": "Aishwarya Agrawal",
            "display_name": "Aishwarya Agrawal",
            "team": "TJE58GTJL",
            "name": "agrawalaishwarya01",
            "is_restricted": false,
            "is_ultra_restricted": false
        },
        "attachments": [
            {
                "from_url": "http:\/\/www.instagram.com\/whyartthouu",
                "image_url": "https:\/\/scontent.cdninstagram.com\/v\/t51.2885-19\/s240x240\/229133091_372202230921140_6220330667024171692_n.jpg?_nc_ht=scontent.cdninstagram.com&_nc_cat=108&_nc_ohc=yPkvBLgGIBkAX_KghMI&edm=AMO9-JQAAAAA&ccb=7-4&oh=00_AT8cBf1E68a9diJvdxn5Yk-aKWgMFayrkPdzFITpC2pMpA&oe=620ECE6A&_nc_sid=b9f2ee",
                "image_width": 240,
                "image_height": 240,
                "image_bytes": 5870,
                "thumb_url": "https:\/\/scontent.cdninstagram.com\/v\/t51.2885-19\/s240x240\/229133091_372202230921140_6220330667024171692_n.jpg?_nc_ht=scontent.cdninstagram.com&_nc_cat=108&_nc_ohc=yPkvBLgGIBkAX_KghMI&edm=AMO9-JQAAAAA&ccb=7-4&oh=00_AT8cBf1E68a9diJvdxn5Yk-aKWgMFayrkPdzFITpC2pMpA&oe=620ECE6A&_nc_sid=b9f2ee",
                "thumb_width": 240,
                "thumb_height": 240,
                "id": 1,
                "original_url": "http:\/\/www.instagram.com\/whyartthouu",
                "fallback": "Instagram Photo:",
                "text": "View this profile on Instagram            Aishwarya | Branding (@whyartthouu) &bull; Instagram photos and videos",
                "author_name": "whyartthouu",
                "service_name": "Instagram",
                "service_url": "https:\/\/www.instagram.com\/"
            }
        ],
        "blocks": [
            {
                "type": "rich_text",
                "block_id": "JTr5",
                "elements": [
                    {
                        "type": "rich_text_section",
                        "elements": [
                            {
                                "type": "text",
                                "text": "Hey! "
                            },
                            {
                                "type": "user",
                                "user_id": "U032AAXP04D"
                            },
                            {
                                "type": "text",
                                "text": " I'd love to apply! You can check out my work here: "
                            },
                            {
                                "type": "link",
                                "url": "http:\/\/www.instagram.com\/whyartthouu",
                                "text": "Instagram"
                            }
                        ]
                    }
                ]
            }
        ],
        "thread_ts": "1644510414.388459",
        "parent_user_id": "U032AAXP04D"
    }
]