[
    {
        "client_msg_id": "4bb0b8ef-1e54-4114-afa4-cf7c4b924983",
        "type": "message",
        "text": "Hey everyone! :wave: I am looking to expand my team and I am on the search of a freelance  content writer.\nThe ideal future team member should have 2-3 years of experience writing long form content (blog posts, guides, emails, checklists etc.).\nThis is a full time freelance opportunity (open only to people in EU ) in a B2B Saas company based in Czech Republic.\nA strong grasp or actual experience with Marketing, Analytics, CRO, SEO will definitely set you apart as well as being able t take full ownership of your work.\nYou will be working with me and I will be providing you with product walkthroughs, content briefs, style guides, and access to internal subject matter experts.\n\nThe person that will be joining the team will have fun, learn, and will be valued and heard.  :blush:\n\nIf that sounds like you or you have a friend that does then please send me a PM!\n\nHave a great day ahead! :sunny:",
        "user": "U02DXE7C6RF",
        "ts": "1645781583.246529",
        "team": "TJE58GTJL",
        "user_team": "TJE58GTJL",
        "source_team": "TJE58GTJL",
        "user_profile": {
            "avatar_hash": "g8ef6bea4ebe",
            "image_72": "https:\/\/secure.gravatar.com\/avatar\/8ef6bea4ebef00d885936a4acf37db02.jpg?s=72&d=https%3A%2F%2Fa.slack-edge.com%2Fdf10d%2Fimg%2Favatars%2Fava_0010-72.png",
            "first_name": "Renata",
            "real_name": "Renata",
            "display_name": "",
            "team": "TJE58GTJL",
            "name": "renata.eirini",
            "is_restricted": false,
            "is_ultra_restricted": false
        },
        "blocks": [
            {
                "type": "rich_text",
                "block_id": "TCt",
                "elements": [
                    {
                        "type": "rich_text_section",
                        "elements": [
                            {
                                "type": "text",
                                "text": "Hey everyone! "
                            },
                            {
                                "type": "emoji",
                                "name": "wave"
                            },
                            {
                                "type": "text",
                                "text": " I am looking to expand my team and I am on the search of a freelance  content writer.\nThe ideal future team member should have 2-3 years of experience writing long form content (blog posts, guides, emails, checklists etc.).\nThis is a full time freelance opportunity (open only to people in EU ) in a B2B Saas company based in Czech Republic.\nA strong grasp or actual experience with Marketing, Analytics, CRO, SEO will definitely set you apart as well as being able t take full ownership of your work.\nYou will be working with me and I will be providing you with product walkthroughs, content briefs, style guides, and access to internal subject matter experts.\n\nThe person that will be joining the team will have fun, learn, and will be valued and heard.  "
                            },
                            {
                                "type": "emoji",
                                "name": "blush"
                            },
                            {
                                "type": "text",
                                "text": "\n\nIf that sounds like you or you have a friend that does then please send me a PM!\n\nHave a great day ahead! "
                            },
                            {
                                "type": "emoji",
                                "name": "sunny"
                            }
                        ]
                    }
                ]
            }
        ],
        "thread_ts": "1645781583.246529",
        "reply_count": 3,
        "reply_users_count": 2,
        "latest_reply": "1645822624.663279",
        "reply_users": [
            "U01TB1SDD61",
            "U02DXE7C6RF"
        ],
        "replies": [
            {
                "user": "U01TB1SDD61",
                "ts": "1645787143.072029"
            },
            {
                "user": "U02DXE7C6RF",
                "ts": "1645789621.998519"
            },
            {
                "user": "U01TB1SDD61",
                "ts": "1645822624.663279"
            }
        ],
        "is_locked": false,
        "subscribed": false,
        "reactions": [
            {
                "name": "heart",
                "users": [
                    "U01TB1SDD61",
                    "U03330MFEN4"
                ],
                "count": 2
            }
        ]
    },
    {
        "client_msg_id": "23b88b14-0b41-40fb-9dc2-06e03b83a0c6",
        "type": "message",
        "text": "I wished it was outside EU :flag-eu:",
        "user": "U01TB1SDD61",
        "ts": "1645787143.072029",
        "team": "TJE58GTJL",
        "user_team": "TJE58GTJL",
        "source_team": "TJE58GTJL",
        "user_profile": {
            "avatar_hash": "2da59dbebfcc",
            "image_72": "https:\/\/avatars.slack-edge.com\/2022-01-27\/3018278919268_2da59dbebfccdb6e4267_72.png",
            "first_name": "Rosemary",
            "real_name": "Rosemary Egbo",
            "display_name": "Rosemary Egbo",
            "team": "TJE58GTJL",
            "name": "rosemaryegbo2",
            "is_restricted": false,
            "is_ultra_restricted": false
        },
        "blocks": [
            {
                "type": "rich_text",
                "block_id": "jBY4",
                "elements": [
                    {
                        "type": "rich_text_section",
                        "elements": [
                            {
                                "type": "text",
                                "text": "I wished it was outside EU "
                            },
                            {
                                "type": "emoji",
                                "name": "flag-eu"
                            }
                        ]
                    }
                ]
            }
        ],
        "thread_ts": "1645781583.246529",
        "parent_user_id": "U02DXE7C6RF",
        "reactions": [
            {
                "name": "sunny",
                "users": [
                    "U02DXE7C6RF",
                    "U032D7YLJ2W"
                ],
                "count": 2
            }
        ]
    },
    {
        "client_msg_id": "b7bab2e5-bf0c-47e0-994a-8a088773a063",
        "type": "message",
        "text": "<@U01TB1SDD61> unfortunately taxes and work permits guidelines don't allow us to offer this position outside the EU. :confused:",
        "user": "U02DXE7C6RF",
        "ts": "1645789621.998519",
        "team": "TJE58GTJL",
        "user_team": "TJE58GTJL",
        "source_team": "TJE58GTJL",
        "user_profile": {
            "avatar_hash": "g8ef6bea4ebe",
            "image_72": "https:\/\/secure.gravatar.com\/avatar\/8ef6bea4ebef00d885936a4acf37db02.jpg?s=72&d=https%3A%2F%2Fa.slack-edge.com%2Fdf10d%2Fimg%2Favatars%2Fava_0010-72.png",
            "first_name": "Renata",
            "real_name": "Renata",
            "display_name": "",
            "team": "TJE58GTJL",
            "name": "renata.eirini",
            "is_restricted": false,
            "is_ultra_restricted": false
        },
        "blocks": [
            {
                "type": "rich_text",
                "block_id": "O6aR",
                "elements": [
                    {
                        "type": "rich_text_section",
                        "elements": [
                            {
                                "type": "user",
                                "user_id": "U01TB1SDD61"
                            },
                            {
                                "type": "text",
                                "text": " unfortunately taxes and work permits guidelines don't allow us to offer this position outside the EU. "
                            },
                            {
                                "type": "emoji",
                                "name": "confused"
                            }
                        ]
                    }
                ]
            }
        ],
        "thread_ts": "1645781583.246529",
        "parent_user_id": "U02DXE7C6RF"
    },
    {
        "client_msg_id": "bd2a1233-c796-42e8-a559-4140acb98d86",
        "type": "message",
        "text": "A friend's agency is looking for an *entry-level* B2B writer. They'd like to sign a 3-month contract for part-time work with potential for a full-time role beyond three months. DM me if interested with samples + rates (for 20 hours a week), and I'll pass on the info. :slightly_smiling_face:",
        "user": "U02GXA3PWC9",
        "ts": "1645799771.542879",
        "team": "TJE58GTJL",
        "user_team": "TJE58GTJL",
        "source_team": "TJE58GTJL",
        "user_profile": {
            "avatar_hash": "gca36795bbaf",
            "image_72": "https:\/\/secure.gravatar.com\/avatar\/ca36795bbaf611c10c7c84cb8ce71f5b.jpg?s=72&d=https%3A%2F%2Fa.slack-edge.com%2Fdf10d%2Fimg%2Favatars%2Fava_0014-72.png",
            "first_name": "Arjun",
            "real_name": "Arjun",
            "display_name": "Arjun",
            "team": "TJE58GTJL",
            "name": "ruparelia.arjun",
            "is_restricted": false,
            "is_ultra_restricted": false
        },
        "blocks": [
            {
                "type": "rich_text",
                "block_id": "jdUqf",
                "elements": [
                    {
                        "type": "rich_text_section",
                        "elements": [
                            {
                                "type": "text",
                                "text": "A friend's agency is looking for an "
                            },
                            {
                                "type": "text",
                                "text": "entry-level",
                                "style": {
                                    "bold": true
                                }
                            },
                            {
                                "type": "text",
                                "text": " B2B writer. They'd like to sign a 3-month contract for part-time work with potential for a full-time role beyond three months. DM me if interested with samples + rates (for 20 hours a week), and I'll pass on the info. "
                            },
                            {
                                "type": "emoji",
                                "name": "slightly_smiling_face"
                            }
                        ]
                    }
                ]
            }
        ],
        "thread_ts": "1645799771.542879",
        "reply_count": 5,
        "reply_users_count": 4,
        "latest_reply": "1646825461.251819",
        "reply_users": [
            "UJJFDTN8G",
            "U02RGUFP0JJ",
            "U030AQ2HNA2",
            "U02GXA3PWC9"
        ],
        "replies": [
            {
                "user": "UJJFDTN8G",
                "ts": "1645807370.979179"
            },
            {
                "user": "U02RGUFP0JJ",
                "ts": "1645818811.484969"
            },
            {
                "user": "U030AQ2HNA2",
                "ts": "1646786587.472139"
            },
            {
                "user": "U02GXA3PWC9",
                "ts": "1646823339.199389"
            },
            {
                "user": "U030AQ2HNA2",
                "ts": "1646825461.251819"
            }
        ],
        "is_locked": false,
        "subscribed": false,
        "reactions": [
            {
                "name": "white_check_mark",
                "users": [
                    "U02MYNWUY07",
                    "U03330MFEN4",
                    "U02RGUFP0JJ",
                    "U03164Q045P"
                ],
                "count": 4
            }
        ]
    },
    {
        "client_msg_id": "58cf3c9e-055c-4730-9c68-58ffe498aa1a",
        "type": "message",
        "text": "Columbia Business School is building out its content team — First job here: <https:\/\/opportunities.columbia.edu\/en-us\/job\/522253\/associate-director-social-media#>",
        "user": "U02PCU87J2H",
        "ts": "1645804903.766389",
        "team": "TJE58GTJL",
        "user_team": "TJE58GTJL",
        "source_team": "TJE58GTJL",
        "user_profile": {
            "avatar_hash": "d4ab69c0338a",
            "image_72": "https:\/\/avatars.slack-edge.com\/2021-12-06\/2828759003680_d4ab69c0338ae4ff8558_72.jpg",
            "first_name": "Stacey",
            "real_name": "Stacey Staaterman",
            "display_name": "Stacey Staaterman",
            "team": "TJE58GTJL",
            "name": "stacey578",
            "is_restricted": false,
            "is_ultra_restricted": false
        },
        "attachments": [
            {
                "from_url": "https:\/\/opportunities.columbia.edu\/en-us\/job\/522253\/associate-director-social-media",
                "service_icon": "https:\/\/www.columbia.edu\/sec\/cu\/hrcareers\/dist\/img\/favicon-crown.png",
                "id": 1,
                "original_url": "https:\/\/opportunities.columbia.edu\/en-us\/job\/522253\/associate-director-social-media#",
                "fallback": "Associate Director, Social Media | Careers at Columbia",
                "text": "Columbia University is the global leader in academic learning and research, attracting diverse professionals who are passionate about making a difference. Our faculty and staff enjoy a stimulating",
                "title": "Associate Director, Social Media | Careers at Columbia",
                "title_link": "https:\/\/opportunities.columbia.edu\/en-us\/job\/522253\/associate-director-social-media",
                "service_name": "opportunities.columbia.edu"
            }
        ],
        "blocks": [
            {
                "type": "rich_text",
                "block_id": "qlM",
                "elements": [
                    {
                        "type": "rich_text_section",
                        "elements": [
                            {
                                "type": "text",
                                "text": "Columbia Business School is building out its content team — First job here: "
                            },
                            {
                                "type": "link",
                                "url": "https:\/\/opportunities.columbia.edu\/en-us\/job\/522253\/associate-director-social-media#"
                            }
                        ]
                    }
                ]
            }
        ]
    },
    {
        "client_msg_id": "fb5badd8-5908-4543-a031-887a44ac70e3",
        "type": "message",
        "text": "I know a bunch of entry level B2B writers looking for gigs like this to establish themselves. Could you DM me your budget and I'll make intros.",
        "user": "UJJFDTN8G",
        "ts": "1645807370.979179",
        "team": "TJE58GTJL",
        "user_team": "TJE58GTJL",
        "source_team": "TJE58GTJL",
        "user_profile": {
            "avatar_hash": "gd91d89ae152",
            "image_72": "https:\/\/secure.gravatar.com\/avatar\/86d91d89ae1528e747f4a586668d5d87.jpg?s=72&d=https%3A%2F%2Fa.slack-edge.com%2Fdf10d%2Fimg%2Favatars%2Fava_0013-72.png",
            "first_name": "Dominic",
            "real_name": "Dominic Kent",
            "display_name": "Dom Kent",
            "team": "TJE58GTJL",
            "name": "dominic",
            "is_restricted": false,
            "is_ultra_restricted": false
        },
        "blocks": [
            {
                "type": "rich_text",
                "block_id": "LRxt=",
                "elements": [
                    {
                        "type": "rich_text_section",
                        "elements": [
                            {
                                "type": "text",
                                "text": "I know a bunch of entry level B2B writers looking for gigs like this to establish themselves. Could you DM me your budget and I'll make intros."
                            }
                        ]
                    }
                ]
            }
        ],
        "thread_ts": "1645799771.542879",
        "parent_user_id": "U02GXA3PWC9",
        "reactions": [
            {
                "name": "white_check_mark",
                "users": [
                    "U02GXA3PWC9"
                ],
                "count": 1
            }
        ]
    },
    {
        "client_msg_id": "5f8e9e5d-2566-4949-bfca-8eb5d2878ba7",
        "type": "message",
        "text": "Go to helpaB2Bwriter by Elise Dopson, I used it recently and got quality answers.",
        "user": "U0340N4DU6P",
        "ts": "1645809064.189829",
        "team": "TJE58GTJL",
        "user_team": "TJE58GTJL",
        "source_team": "TJE58GTJL",
        "user_profile": {
            "avatar_hash": "3d031c760a94",
            "image_72": "https:\/\/avatars.slack-edge.com\/2022-02-21\/3137164430674_3d031c760a941598cf80_72.jpg",
            "first_name": "Harrison",
            "real_name": "Harrison Mbuvi",
            "display_name": "Harrison Mbuvi",
            "team": "TJE58GTJL",
            "name": "harrison303",
            "is_restricted": false,
            "is_ultra_restricted": false
        },
        "blocks": [
            {
                "type": "rich_text",
                "block_id": "ocBu",
                "elements": [
                    {
                        "type": "rich_text_section",
                        "elements": [
                            {
                                "type": "text",
                                "text": "Go to helpaB2Bwriter by Elise Dopson, I used it recently and got quality answers."
                            }
                        ]
                    }
                ]
            }
        ],
        "thread_ts": "1645717177.371539",
        "parent_user_id": "U031FGHH00M",
        "reactions": [
            {
                "name": "raised_hands",
                "users": [
                    "U031FGHH00M"
                ],
                "count": 1
            }
        ]
    },
    {
        "client_msg_id": "46e0a2dd-a2ff-4e7f-bed7-af2c8f93775f",
        "type": "message",
        "text": "This thread is full of freelance opportunities for graphic designers, artists, social media managers, and video editors. Please share! <https:\/\/twitter.com\/kaitarford\/status\/1497281554174906379>",
        "user": "U03330MFEN4",
        "ts": "1645817806.531169",
        "team": "TJE58GTJL",
        "user_team": "TJE58GTJL",
        "source_team": "TJE58GTJL",
        "user_profile": {
            "avatar_hash": "eee78796f291",
            "image_72": "https:\/\/avatars.slack-edge.com\/2022-02-09\/3105175916912_eee78796f2919ff55228_72.png",
            "first_name": "Kaitlyn",
            "real_name": "Kaitlyn Arford",
            "display_name": "Kaitlyn Arford",
            "team": "TJE58GTJL",
            "name": "kaitlyn.arford",
            "is_restricted": false,
            "is_ultra_restricted": false
        },
        "attachments": [
            {
                "from_url": "https:\/\/twitter.com\/kaitarford\/status\/1497281554174906379",
                "ts": 1645814715,
                "thumb_url": "https:\/\/pbs.twimg.com\/tweet_video_thumb\/FMdpoaFXEAMnGHZ.jpg",
                "thumb_width": 498,
                "thumb_height": 280,
                "video_html": "<video autoplay loop muted poster=\"https:\/\/pbs.twimg.com\/tweet_video_thumb\/FMdpoaFXEAMnGHZ.jpg\" width=\"498\" height=\"280\"><source type=\"video\/mp4\" src=\"https:\/\/video.twimg.com\/tweet_video\/FMdpoaFXEAMnGHZ.mp4\"><\/video>",
                "video_html_width": 498,
                "video_html_height": 280,
                "id": 1,
                "original_url": "https:\/\/twitter.com\/kaitarford\/status\/1497281554174906379",
                "fallback": "<https:\/\/twitter.com\/kaitarford|@kaitarford>: Ending the week on a high note with a  thread of freelance opportunities available for freelance graphic designers, artists, social media managers, and video editors. Lots of people are looking for work, so please share! \n\n#FreelanceTwitter <https:\/\/pbs.twimg.com\/tweet_video_thumb\/FMdpoaFXEAMnGHZ.jpg>",
                "text": "Ending the week on a high note with a  thread of freelance opportunities available for freelance graphic designers, artists, social media managers, and video editors. Lots of people are looking for work, so please share! \n\n#FreelanceTwitter",
                "author_name": "Kaitlyn Arford — Freelance Writer",
                "author_link": "https:\/\/twitter.com\/kaitarford\/status\/1497281554174906379",
                "author_icon": "https:\/\/pbs.twimg.com\/profile_images\/1431348103416885252\/r4VlFNXk_normal.jpg",
                "author_subname": "@kaitarford",
                "service_name": "twitter",
                "service_url": "https:\/\/twitter.com\/",
                "footer": "Twitter",
                "footer_icon": "https:\/\/a.slack-edge.com\/80588\/img\/services\/twitter_pixel_snapped_32.png"
            }
        ],
        "blocks": [
            {
                "type": "rich_text",
                "block_id": "=qH",
                "elements": [
                    {
                        "type": "rich_text_section",
                        "elements": [
                            {
                                "type": "text",
                                "text": "This thread is full of freelance opportunities for graphic designers, artists, social media managers, and video editors. Please share! "
                            },
                            {
                                "type": "link",
                                "url": "https:\/\/twitter.com\/kaitarford\/status\/1497281554174906379"
                            }
                        ]
                    }
                ]
            }
        ],
        "reactions": [
            {
                "name": "raised_hands",
                "users": [
                    "U02H3K9BEMA",
                    "U03164Q045P",
                    "U02MYNWUY07",
                    "U032D7YLJ2W"
                ],
                "count": 4
            }
        ]
    },
    {
        "client_msg_id": "595cddbc-5354-4455-9909-81e7103d4a88",
        "type": "message",
        "text": "If you’re a journalist, writer, copywriter, or content editor, I found some amazing opportunities available at Self Magazine, Forbes Vetted, The Appeal, Shutterstock Studios, and more: <https:\/\/twitter.com\/kaitarford\/status\/1495967012341833728>",
        "user": "U03330MFEN4",
        "ts": "1645818457.869129",
        "team": "TJE58GTJL",
        "user_team": "TJE58GTJL",
        "source_team": "TJE58GTJL",
        "user_profile": {
            "avatar_hash": "eee78796f291",
            "image_72": "https:\/\/avatars.slack-edge.com\/2022-02-09\/3105175916912_eee78796f2919ff55228_72.png",
            "first_name": "Kaitlyn",
            "real_name": "Kaitlyn Arford",
            "display_name": "Kaitlyn Arford",
            "team": "TJE58GTJL",
            "name": "kaitlyn.arford",
            "is_restricted": false,
            "is_ultra_restricted": false
        },
        "attachments": [
            {
                "from_url": "https:\/\/twitter.com\/kaitarford\/status\/1495967012341833728",
                "ts": 1645501304,
                "thumb_url": "https:\/\/pbs.twimg.com\/tweet_video_thumb\/FMK-EJPXsAIruVR.jpg",
                "thumb_width": 498,
                "thumb_height": 280,
                "video_html": "<video autoplay loop muted poster=\"https:\/\/pbs.twimg.com\/tweet_video_thumb\/FMK-EJPXsAIruVR.jpg\" width=\"500\" height=\"280\"><source type=\"video\/mp4\" src=\"https:\/\/video.twimg.com\/tweet_video\/FMK-EJPXsAIruVR.mp4\"><\/video>",
                "video_html_width": 500,
                "video_html_height": 280,
                "id": 1,
                "original_url": "https:\/\/twitter.com\/kaitarford\/status\/1495967012341833728",
                "fallback": "<https:\/\/twitter.com\/kaitarford|@kaitarford>: Let's start the week off strong with a thread of freelance opportunities for journalists, writers, copywriters, and editors. Please share! <https:\/\/pbs.twimg.com\/tweet_video_thumb\/FMK-EJPXsAIruVR.jpg>",
                "text": "Let's start the week off strong with a thread of freelance opportunities for journalists, writers, copywriters, and editors. Please share!",
                "author_name": "Kaitlyn Arford — Freelance Writer",
                "author_link": "https:\/\/twitter.com\/kaitarford\/status\/1495967012341833728",
                "author_icon": "https:\/\/pbs.twimg.com\/profile_images\/1431348103416885252\/r4VlFNXk_normal.jpg",
                "author_subname": "@kaitarford",
                "service_name": "twitter",
                "service_url": "https:\/\/twitter.com\/",
                "footer": "Twitter",
                "footer_icon": "https:\/\/a.slack-edge.com\/80588\/img\/services\/twitter_pixel_snapped_32.png"
            }
        ],
        "blocks": [
            {
                "type": "rich_text",
                "block_id": "DInfE",
                "elements": [
                    {
                        "type": "rich_text_section",
                        "elements": [
                            {
                                "type": "text",
                                "text": "If you’re a journalist, writer, copywriter, or content editor, I found some amazing opportunities available at Self Magazine, Forbes Vetted, The Appeal, Shutterstock Studios, and more: "
                            },
                            {
                                "type": "link",
                                "url": "https:\/\/twitter.com\/kaitarford\/status\/1495967012341833728"
                            }
                        ]
                    }
                ]
            }
        ],
        "reactions": [
            {
                "name": "clap",
                "users": [
                    "U032XMG6Q8Z",
                    "U019CM82CE9",
                    "U03164Q045P",
                    "U02PUQ6CQRX",
                    "U016LHKCPK3",
                    "U02MYNWUY07",
                    "U01FUP6AMEZ",
                    "U02S2UZU3D3",
                    "U0188DZQPB8",
                    "U03164PL57T"
                ],
                "count": 10
            },
            {
                "name": "heart",
                "users": [
                    "UPH4SCGTH",
                    "U01FUP6AMEZ",
                    "U0188DZQPB8",
                    "UNJTESWCW"
                ],
                "count": 4
            }
        ]
    },
    {
        "client_msg_id": "664948bf-6713-490c-9f08-487548dcaf74",
        "type": "message",
        "text": "Hi <@U02GXA3PWC9>. Kindly check your inbox. Thanks",
        "user": "U02RGUFP0JJ",
        "ts": "1645818811.484969",
        "team": "TJE58GTJL",
        "user_team": "TJE58GTJL",
        "source_team": "TJE58GTJL",
        "user_profile": {
            "avatar_hash": "c728d585ec87",
            "image_72": "https:\/\/avatars.slack-edge.com\/2021-12-22\/2898824503264_c728d585ec879a08aeaf_72.jpg",
            "first_name": "Martin",
            "real_name": "Martin Angila",
            "display_name": "Martin",
            "team": "TJE58GTJL",
            "name": "angilamartin97",
            "is_restricted": false,
            "is_ultra_restricted": false
        },
        "blocks": [
            {
                "type": "rich_text",
                "block_id": "9TJBb",
                "elements": [
                    {
                        "type": "rich_text_section",
                        "elements": [
                            {
                                "type": "text",
                                "text": "Hi "
                            },
                            {
                                "type": "user",
                                "user_id": "U02GXA3PWC9"
                            },
                            {
                                "type": "text",
                                "text": ". Kindly check your inbox. Thanks"
                            }
                        ]
                    }
                ]
            }
        ],
        "thread_ts": "1645799771.542879",
        "parent_user_id": "U02GXA3PWC9"
    },
    {
        "client_msg_id": "fde57781-0f3a-4962-aadb-95f5fe627766",
        "type": "message",
        "text": "Interesting thread.\n\nAs Jimmy mentioned, we're differentiating from HARO by sparing a journalist's inbox from pitches (the only thing we deliver to a publisher or journalist is a ready-to-be-published article); expert verification (only insights from real people, with real identities), and answer selection (we select insights based on Google's Content Guidelines to only give journalists the best, most diverse insights to satisfy the search intent of their question)\n\nFancy way of saying, you can ask a question to get a Google Doc and image with the top \"X\" insights from vetted experts.\n\nDownside is that we don't work well with quick turnarounds (yet), and takes about 1-2 weeks. You can give it a try at: <https:\/\/terkel.io\/signuppublisher>\n\nDisclaimer: I created Terkel. Sorry if the above is too promotional. I'm new here, and proud of what we're building. :slightly_smiling_face:\n\nTop HARO alternatives outside of Terkel that we've heard from publishers include Elise's HelpaB2BWriter, Qwoted, Quora, and Dot Star Media.",
        "user": "U033MEHFJ2J",
        "ts": "1645819276.097989",
        "team": "TJE58GTJL",
        "user_team": "TJE58GTJL",
        "source_team": "TJE58GTJL",
        "user_profile": {
            "avatar_hash": "94c3e5234732",
            "image_72": "https:\/\/avatars.slack-edge.com\/2022-02-18\/3130143190242_94c3e5234732ceb41bbf_72.png",
            "first_name": "Brett",
            "real_name": "Brett Farmiloe",
            "display_name": "Brett",
            "team": "TJE58GTJL",
            "name": "brett952",
            "is_restricted": false,
            "is_ultra_restricted": false
        },
        "attachments": [
            {
                "from_url": "https:\/\/terkel.io\/signuppublisher",
                "service_icon": "https:\/\/terkel.io\/assets\/images\/terkel.png",
                "id": 1,
                "original_url": "https:\/\/terkel.io\/signuppublisher",
                "fallback": "Terkel - Connecting Brands With Expert Insights",
                "text": "Terkel is a knowledge platform that connects brands with expert insights. Answer questions, and get featured in articles.",
                "title": "Terkel - Connecting Brands With Expert Insights",
                "title_link": "https:\/\/terkel.io\/signuppublisher",
                "service_name": "terkel.io"
            }
        ],
        "blocks": [
            {
                "type": "rich_text",
                "block_id": "Bk4=C",
                "elements": [
                    {
                        "type": "rich_text_section",
                        "elements": [
                            {
                                "type": "text",
                                "text": "Interesting thread.\n\nAs Jimmy mentioned, we're differentiating from HARO by sparing a journalist's inbox from pitches (the only thing we deliver to a publisher or journalist is a ready-to-be-published article); expert verification (only insights from real people, with real identities), and answer selection (we select insights based on Google's Content Guidelines to only give journalists the best, most diverse insights to satisfy the search intent of their question)\n\nFancy way of saying, you can ask a question to get a Google Doc and image with the top \"X\" insights from vetted experts.\n\nDownside is that we don't work well with quick turnarounds (yet), and takes about 1-2 weeks. You can give it a try at: "
                            },
                            {
                                "type": "link",
                                "url": "https:\/\/terkel.io\/signuppublisher"
                            },
                            {
                                "type": "text",
                                "text": "\n\nDisclaimer: I created Terkel. Sorry if the above is too promotional. I'm new here, and proud of what we're building. "
                            },
                            {
                                "type": "emoji",
                                "name": "slightly_smiling_face"
                            },
                            {
                                "type": "text",
                                "text": "\n\nTop HARO alternatives outside of Terkel that we've heard from publishers include Elise's HelpaB2BWriter, Qwoted, Quora, and Dot Star Media."
                            }
                        ]
                    }
                ]
            }
        ],
        "thread_ts": "1645717177.371539",
        "parent_user_id": "U031FGHH00M",
        "reactions": [
            {
                "name": "raised_hands",
                "users": [
                    "U02F1GK6U6B",
                    "U031FGHH00M",
                    "U02DYMPDNS0",
                    "U032D7YLJ2W",
                    "UJG9WTEKG",
                    "U030TFJS6QJ"
                ],
                "count": 6
            },
            {
                "name": "raised_hands::skin-tone-5",
                "users": [
                    "U02Q2HNNY57"
                ],
                "count": 1
            }
        ]
    },
    {
        "client_msg_id": "79f3d270-cbe9-42b2-8913-38c68006c78b",
        "type": "message",
        "text": "Okay. Thank you.",
        "user": "U01TB1SDD61",
        "ts": "1645822624.663279",
        "team": "TJE58GTJL",
        "user_team": "TJE58GTJL",
        "source_team": "TJE58GTJL",
        "user_profile": {
            "avatar_hash": "2da59dbebfcc",
            "image_72": "https:\/\/avatars.slack-edge.com\/2022-01-27\/3018278919268_2da59dbebfccdb6e4267_72.png",
            "first_name": "Rosemary",
            "real_name": "Rosemary Egbo",
            "display_name": "Rosemary Egbo",
            "team": "TJE58GTJL",
            "name": "rosemaryegbo2",
            "is_restricted": false,
            "is_ultra_restricted": false
        },
        "blocks": [
            {
                "type": "rich_text",
                "block_id": "23R",
                "elements": [
                    {
                        "type": "rich_text_section",
                        "elements": [
                            {
                                "type": "text",
                                "text": "Okay. Thank you."
                            }
                        ]
                    }
                ]
            }
        ],
        "thread_ts": "1645781583.246529",
        "parent_user_id": "U02DXE7C6RF"
    }
]