[
    {
        "client_msg_id": "d8ef74c8-f61c-4add-abf3-5df243ae4ccc",
        "type": "message",
        "text": "I was going to chime in here too. After 8 years in ed-tech and a lot of non-profit work, I’d say, don’t make it your bread and butter.\n\nInstead, make money in private industry then use your excess to give back by volunteering your services to non-profits.",
        "user": "U029CTQ5X6Y",
        "ts": "1641231860.070600",
        "team": "TJE58GTJL",
        "user_team": "TJE58GTJL",
        "source_team": "TJE58GTJL",
        "user_profile": {
            "avatar_hash": "4d1afd4712b9",
            "image_72": "https:\/\/avatars.slack-edge.com\/2021-07-26\/2312909469026_4d1afd4712b9f77f1af8_72.jpg",
            "first_name": "Karl",
            "real_name": "Karl Hughes",
            "display_name": "Karl (Draft.dev)",
            "team": "TJE58GTJL",
            "name": "khughes.me",
            "is_restricted": false,
            "is_ultra_restricted": false
        },
        "blocks": [
            {
                "type": "rich_text",
                "block_id": "7uZo",
                "elements": [
                    {
                        "type": "rich_text_section",
                        "elements": [
                            {
                                "type": "text",
                                "text": "I was going to chime in here too. After 8 years in ed-tech and a lot of non-profit work, I’d say, don’t make it your bread and butter.\n\nInstead, make money in private industry then use your excess to give back by volunteering your services to non-profits."
                            }
                        ]
                    }
                ]
            }
        ],
        "thread_ts": "1640197194.036000",
        "parent_user_id": "U02RGUD9C6S",
        "reactions": [
            {
                "name": "raised_hands",
                "users": [
                    "U02RGUD9C6S",
                    "U01PXN2LGAK",
                    "UUH2ESL66",
                    "U02TMGQM96G"
                ],
                "count": 4
            }
        ]
    },
    {
        "client_msg_id": "f4783ad6-7f98-487d-a57e-248a048fbe12",
        "type": "message",
        "text": "Hi everyone, looking to build out a small group of freelance email designers and copywriters- please send your hourly rates, portfolio and availability to <mailto:laura@welltraveledclub.com|laura@welltraveledclub.com> Thank you!",
        "user": "U02QBGXUH1U",
        "ts": "1641237514.072300",
        "team": "TJE58GTJL",
        "user_team": "TJE58GTJL",
        "source_team": "TJE58GTJL",
        "user_profile": {
            "avatar_hash": "83ded8420c37",
            "image_72": "https:\/\/avatars.slack-edge.com\/2021-12-13\/2838142396900_83ded8420c37b2eb928d_72.png",
            "first_name": "Laura",
            "real_name": "Laura DeGomez",
            "display_name": "Laura DeGomez [Well Traveled]",
            "team": "TJE58GTJL",
            "name": "laura034",
            "is_restricted": false,
            "is_ultra_restricted": false
        },
        "blocks": [
            {
                "type": "rich_text",
                "block_id": "Os+mU",
                "elements": [
                    {
                        "type": "rich_text_section",
                        "elements": [
                            {
                                "type": "text",
                                "text": "Hi everyone, looking to build out a small group of freelance email designers and copywriters- please send your hourly rates, portfolio and availability to "
                            },
                            {
                                "type": "link",
                                "url": "mailto:laura@welltraveledclub.com",
                                "text": "laura@welltraveledclub.com"
                            },
                            {
                                "type": "text",
                                "text": " Thank you!"
                            }
                        ]
                    }
                ]
            }
        ],
        "thread_ts": "1641237514.072300",
        "reply_count": 1,
        "reply_users_count": 1,
        "latest_reply": "1641936962.078400",
        "reply_users": [
            "U02U90EQW00"
        ],
        "replies": [
            {
                "user": "U02U90EQW00",
                "ts": "1641936962.078400"
            }
        ],
        "is_locked": false,
        "subscribed": false,
        "reactions": [
            {
                "name": "+1",
                "users": [
                    "U02REG4FP43"
                ],
                "count": 1
            }
        ]
    }
]