[
    {
        "client_msg_id": "40b258ea-5d3c-45df-b00a-040b51b0a19a",
        "type": "message",
        "text": "<@U02SQ5Q4SCS> nice to meet you! I specialize in long form content for cybersecurity, cloud-native, and data companies. Is it cool to DM you?",
        "user": "U0337RK532A",
        "ts": "1648623616.552529",
        "team": "TJE58GTJL",
        "user_team": "TJE58GTJL",
        "source_team": "TJE58GTJL",
        "user_profile": {
            "avatar_hash": "84611d91bc00",
            "image_72": "https:\/\/avatars.slack-edge.com\/2022-02-18\/3110517257015_84611d91bc0070c882e8_72.jpg",
            "first_name": "Sonali",
            "real_name": "Sonali",
            "display_name": "Sonali",
            "team": "TJE58GTJL",
            "name": "sonaliraval.storytell",
            "is_restricted": false,
            "is_ultra_restricted": false
        },
        "blocks": [
            {
                "type": "rich_text",
                "block_id": "l\/3Ih",
                "elements": [
                    {
                        "type": "rich_text_section",
                        "elements": [
                            {
                                "type": "user",
                                "user_id": "U02SQ5Q4SCS"
                            },
                            {
                                "type": "text",
                                "text": " nice to meet you! I specialize in long form content for cybersecurity, cloud-native, and data companies. Is it cool to DM you?"
                            }
                        ]
                    }
                ]
            }
        ],
        "thread_ts": "1648590591.873259",
        "parent_user_id": "U02SQ5Q4SCS",
        "reactions": [
            {
                "name": "+1",
                "users": [
                    "U02SQ5Q4SCS"
                ],
                "count": 1
            }
        ]
    },
    {
        "client_msg_id": "d16bf5fb-a1f7-4ea6-af51-44c57bb21869",
        "type": "message",
        "text": "Hi all! I’m looking to hire a freelance SEO content strategist with a B2B tech background to help my content marketing manager at Yieldify.\n\nWho are we? Yieldify is a digital customer experience platform for ecommerce brands. We help ecommerce marketers test the best ways to engage their website visitors with personalized experiences.\n\nWhat do we need? An SEO strategist who can\n• set our SEO strategy\n• set the editorial calendar\n• write blog post outlines\n• share an SEO writing guide\n• set up reporting\n• be a sounding board to my content manager\nContract type? Project-based contract\n\nLocation? Remote, ideally EMEA so we can overlap time zones with our London HQ\n\nPlease email me on <mailto:james.garnier@yieldify.com|james.garnier@yieldify.com> if you think you'd be a good fit!",
        "user": "U02K94VK43G",
        "ts": "1648638460.011569",
        "team": "TJE58GTJL",
        "user_team": "TJE58GTJL",
        "source_team": "TJE58GTJL",
        "user_profile": {
            "avatar_hash": "b548ebbf4e5b",
            "image_72": "https:\/\/avatars.slack-edge.com\/2021-10-29\/2676426540305_b548ebbf4e5b6e61c1e6_72.png",
            "first_name": "James",
            "real_name": "James Garnier",
            "display_name": "James Garnier",
            "team": "TJE58GTJL",
            "name": "james.garnier",
            "is_restricted": false,
            "is_ultra_restricted": false
        },
        "blocks": [
            {
                "type": "rich_text",
                "block_id": "JjfEJ",
                "elements": [
                    {
                        "type": "rich_text_section",
                        "elements": [
                            {
                                "type": "text",
                                "text": "Hi all! I’m looking to hire a freelance SEO content strategist with a B2B tech background to help my content marketing manager at Yieldify.\n\nWho are we? Yieldify is a digital customer experience platform for ecommerce brands. We help ecommerce marketers test the best ways to engage their website visitors with personalized experiences.\n\nWhat do we need? An SEO strategist who can\n"
                            }
                        ]
                    },
                    {
                        "type": "rich_text_list",
                        "elements": [
                            {
                                "type": "rich_text_section",
                                "elements": [
                                    {
                                        "type": "text",
                                        "text": "set our SEO strategy"
                                    }
                                ]
                            },
                            {
                                "type": "rich_text_section",
                                "elements": [
                                    {
                                        "type": "text",
                                        "text": "set the editorial calendar"
                                    }
                                ]
                            },
                            {
                                "type": "rich_text_section",
                                "elements": [
                                    {
                                        "type": "text",
                                        "text": "write blog post outlines"
                                    }
                                ]
                            },
                            {
                                "type": "rich_text_section",
                                "elements": [
                                    {
                                        "type": "text",
                                        "text": "share an SEO writing guide"
                                    }
                                ]
                            },
                            {
                                "type": "rich_text_section",
                                "elements": [
                                    {
                                        "type": "text",
                                        "text": "set up reporting"
                                    }
                                ]
                            },
                            {
                                "type": "rich_text_section",
                                "elements": [
                                    {
                                        "type": "text",
                                        "text": "be a sounding board to my content manager"
                                    }
                                ]
                            }
                        ],
                        "style": "bullet",
                        "indent": 0,
                        "border": 0
                    },
                    {
                        "type": "rich_text_section",
                        "elements": [
                            {
                                "type": "text",
                                "text": "\nContract type? Project-based contract\n\nLocation? Remote, ideally EMEA so we can overlap time zones with our London HQ\n\nPlease email me on "
                            },
                            {
                                "type": "link",
                                "url": "mailto:james.garnier@yieldify.com",
                                "text": "james.garnier@yieldify.com"
                            },
                            {
                                "type": "text",
                                "text": " if you think you'd be a good fit!"
                            }
                        ]
                    }
                ]
            }
        ],
        "thread_ts": "1648638460.011569",
        "reply_count": 1,
        "reply_users_count": 1,
        "latest_reply": "1648831551.491969",
        "reply_users": [
            "U015XHF0RE0"
        ],
        "replies": [
            {
                "user": "U015XHF0RE0",
                "ts": "1648831551.491969"
            }
        ],
        "is_locked": false,
        "subscribed": false,
        "reactions": [
            {
                "name": "+1",
                "users": [
                    "U02CN04K022",
                    "U02G414SPC7",
                    "U02GMMQ281W",
                    "U02F1GK6U6B",
                    "U03330MFEN4",
                    "U02PUQ6CQRX",
                    "U01TB1SDD61",
                    "U034DAKF3FB"
                ],
                "count": 8
            }
        ]
    },
    {
        "client_msg_id": "b3e09563-feed-43ba-b268-ba102cf5ec74",
        "type": "message",
        "text": "Does anyone have a great design freelancer with excellent chops in Powerpoint or Google Slides? Looking to update some brand decks and want to collaborate with someone who lives and breathes Powerpoint. Like next-level decks...",
        "user": "U01QV2VLNMQ",
        "ts": "1648643621.385049",
        "team": "TJE58GTJL",
        "user_team": "TJE58GTJL",
        "source_team": "TJE58GTJL",
        "user_profile": {
            "avatar_hash": "976f82b97727",
            "image_72": "https:\/\/avatars.slack-edge.com\/2021-03-11\/1871926361296_976f82b9772778d8200d_72.jpg",
            "first_name": "Josh",
            "real_name": "Josh Palmer",
            "display_name": "Josh Palmer",
            "team": "TJE58GTJL",
            "name": "joshuaepalmer",
            "is_restricted": false,
            "is_ultra_restricted": false
        },
        "blocks": [
            {
                "type": "rich_text",
                "block_id": "=VZ5n",
                "elements": [
                    {
                        "type": "rich_text_section",
                        "elements": [
                            {
                                "type": "text",
                                "text": "Does anyone have a great design freelancer with excellent chops in Powerpoint or Google Slides? Looking to update some brand decks and want to collaborate with someone who lives and breathes Powerpoint. Like next-level decks..."
                            }
                        ]
                    }
                ]
            }
        ],
        "thread_ts": "1648643621.385049",
        "reply_count": 2,
        "reply_users_count": 2,
        "latest_reply": "1649336055.400589",
        "reply_users": [
            "U0379URR6CF",
            "U039JUGNGPK"
        ],
        "replies": [
            {
                "user": "U0379URR6CF",
                "ts": "1648690425.453739"
            },
            {
                "user": "U039JUGNGPK",
                "ts": "1649336055.400589"
            }
        ],
        "is_locked": false,
        "subscribed": false,
        "reactions": [
            {
                "name": "white_check_mark",
                "users": [
                    "U033BJXTHAT"
                ],
                "count": 1
            }
        ]
    },
    {
        "type": "message",
        "text": "We’re looking for a French SEO strategist to join a full-time, big multi-lingual project in the <https:\/\/www.linkedin.com\/feed\/hashtag\/?keywords=martech&amp;highlightedUpdateUrns=urn%3Ali%3Aactivity%3A6914873478047223809|#Martech> space!\n\nDo you live and breathe SEO and have a proven track record of growing B2B SaaS companies with SEO? :fire:\n\nThen we want you on this project as the French SEO strategist. Ready to get start asap :rocket:\n\n:pushpin: Location: 100% remote. We will set deadlines out in advance and as long as these are met then you can manage your own schedule.\n\n:handshake: Work culture: Lots of ownership, accountability, support, processes, and really nice and smart people. This is an ongoing project and there may be opportunities to work on other projects within Flying Cat Marketing in the future.\n\n:zap:️ You must be able to invoice as a freelancer from your country, and you must be able to easily accept payment from Europe.\n\n:arrow_right: Apply here: <https:\/\/bit.ly\/3iJvqtr>\n\n<https:\/\/www.linkedin.com\/feed\/hashtag\/?keywords=seo&amp;highlightedUpdateUrns=urn%3Ali%3Aactivity%3A6914873478047223809|#seo> <https:\/\/www.linkedin.com\/feed\/hashtag\/?keywords=b2b&amp;highlightedUpdateUrns=urn%3Ali%3Aactivity%3A6914873478047223809|#b2b> <https:\/\/www.linkedin.com\/feed\/hashtag\/?keywords=joboffer&amp;highlightedUpdateUrns=urn%3Ali%3Aactivity%3A6914873478047223809|#joboffer> <https:\/\/www.linkedin.com\/feed\/hashtag\/?keywords=martech&amp;highlightedUpdateUrns=urn%3Ali%3Aactivity%3A6914873478047223809|#martech>",
        "files": [
            {
                "id": "F03A0QRSK40",
                "created": 1648645649,
                "timestamp": 1648645649,
                "name": "French SEO.jpg",
                "title": "French SEO.jpg",
                "mimetype": "image\/jpeg",
                "filetype": "jpg",
                "pretty_type": "JPEG",
                "user": "U033BJXTHAT",
                "editable": false,
                "size": 61804,
                "mode": "hosted",
                "is_external": false,
                "external_type": "",
                "is_public": true,
                "public_url_shared": false,
                "display_as_bot": false,
                "username": "",
                "url_private": "https:\/\/files.slack.com\/files-pri\/TJE58GTJL-F03A0QRSK40\/french_seo.jpg?t=xoxe-626178571632-3467451922035-3469800396036-b45365c7edcd0220272aa8a422c2b82f",
                "url_private_download": "https:\/\/files.slack.com\/files-pri\/TJE58GTJL-F03A0QRSK40\/download\/french_seo.jpg?t=xoxe-626178571632-3467451922035-3469800396036-b45365c7edcd0220272aa8a422c2b82f",
                "media_display_type": "unknown",
                "thumb_64": "https:\/\/files.slack.com\/files-tmb\/TJE58GTJL-F03A0QRSK40-c81292c994\/french_seo_64.jpg?t=xoxe-626178571632-3467451922035-3469800396036-b45365c7edcd0220272aa8a422c2b82f",
                "thumb_80": "https:\/\/files.slack.com\/files-tmb\/TJE58GTJL-F03A0QRSK40-c81292c994\/french_seo_80.jpg?t=xoxe-626178571632-3467451922035-3469800396036-b45365c7edcd0220272aa8a422c2b82f",
                "thumb_360": "https:\/\/files.slack.com\/files-tmb\/TJE58GTJL-F03A0QRSK40-c81292c994\/french_seo_360.jpg?t=xoxe-626178571632-3467451922035-3469800396036-b45365c7edcd0220272aa8a422c2b82f",
                "thumb_360_w": 360,
                "thumb_360_h": 302,
                "thumb_480": "https:\/\/files.slack.com\/files-tmb\/TJE58GTJL-F03A0QRSK40-c81292c994\/french_seo_480.jpg?t=xoxe-626178571632-3467451922035-3469800396036-b45365c7edcd0220272aa8a422c2b82f",
                "thumb_480_w": 480,
                "thumb_480_h": 402,
                "thumb_160": "https:\/\/files.slack.com\/files-tmb\/TJE58GTJL-F03A0QRSK40-c81292c994\/french_seo_160.jpg?t=xoxe-626178571632-3467451922035-3469800396036-b45365c7edcd0220272aa8a422c2b82f",
                "thumb_720": "https:\/\/files.slack.com\/files-tmb\/TJE58GTJL-F03A0QRSK40-c81292c994\/french_seo_720.jpg?t=xoxe-626178571632-3467451922035-3469800396036-b45365c7edcd0220272aa8a422c2b82f",
                "thumb_720_w": 720,
                "thumb_720_h": 604,
                "thumb_800": "https:\/\/files.slack.com\/files-tmb\/TJE58GTJL-F03A0QRSK40-c81292c994\/french_seo_800.jpg?t=xoxe-626178571632-3467451922035-3469800396036-b45365c7edcd0220272aa8a422c2b82f",
                "thumb_800_w": 800,
                "thumb_800_h": 671,
                "original_w": 940,
                "original_h": 788,
                "thumb_tiny": "AwAoADCCiiikeiISB1oDAnimyY7jPBpM8njrQQ5WY7eMUoYHpUeV\/u\/rT06mgSk2yeKFpCewHUmllgMY3ZyKs3IY277RkkYqntcSorsz8ghWboPemYe2le\/QFTIyQ2PUCl8sd1f8qlniXDMgwF64qDa5HQ4pG8Zcyuh3lj+6\/wCVNZNvQNj3GKNr\/wB00lBSRpSBuq5zjHFRCJmh8p1OzGPvc1ZHWk70zgKs6ukIRVJAHzNUKzIFUGIEjv61el\/1L\/7prLoZ00UpRsyczIVYCIcjj2qCiikbqKWx\/9k=",
                "permalink": "https:\/\/content-career-growth.slack.com\/files\/U033BJXTHAT\/F03A0QRSK40\/french_seo.jpg",
                "permalink_public": "https:\/\/slack-files.com\/TJE58GTJL-F03A0QRSK40-f46cbee409",
                "is_starred": false,
                "has_rich_preview": false
            }
        ],
        "upload": false,
        "user": "U033BJXTHAT",
        "display_as_bot": false,
        "ts": "1648645652.211249",
        "blocks": [
            {
                "type": "rich_text",
                "block_id": "pd7F",
                "elements": [
                    {
                        "type": "rich_text_section",
                        "elements": [
                            {
                                "type": "text",
                                "text": "We’re looking for a French SEO strategist to join a full-time, big multi-lingual project in the "
                            },
                            {
                                "type": "link",
                                "url": "https:\/\/www.linkedin.com\/feed\/hashtag\/?keywords=martech&highlightedUpdateUrns=urn%3Ali%3Aactivity%3A6914873478047223809",
                                "text": "#Martech",
                                "unsafe": true
                            },
                            {
                                "type": "text",
                                "text": " space!\n\nDo you live and breathe SEO and have a proven track record of growing B2B SaaS companies with SEO? "
                            },
                            {
                                "type": "emoji",
                                "name": "fire"
                            },
                            {
                                "type": "text",
                                "text": "\n\nThen we want you on this project as the French SEO strategist. Ready to get start asap "
                            },
                            {
                                "type": "emoji",
                                "name": "rocket"
                            },
                            {
                                "type": "text",
                                "text": "\n\n"
                            },
                            {
                                "type": "emoji",
                                "name": "pushpin"
                            },
                            {
                                "type": "text",
                                "text": " Location: 100% remote. We will set deadlines out in advance and as long as these are met then you can manage your own schedule.\n\n"
                            },
                            {
                                "type": "emoji",
                                "name": "handshake"
                            },
                            {
                                "type": "text",
                                "text": " Work culture: Lots of ownership, accountability, support, processes, and really nice and smart people. This is an ongoing project and there may be opportunities to work on other projects within Flying Cat Marketing in the future.\n\n"
                            },
                            {
                                "type": "emoji",
                                "name": "zap"
                            },
                            {
                                "type": "text",
                                "text": "️ You must be able to invoice as a freelancer from your country, and you must be able to easily accept payment from Europe.\n\n"
                            },
                            {
                                "type": "emoji",
                                "name": "arrow_right"
                            },
                            {
                                "type": "text",
                                "text": " Apply here: "
                            },
                            {
                                "type": "link",
                                "url": "https:\/\/bit.ly\/3iJvqtr"
                            },
                            {
                                "type": "text",
                                "text": "\n\n"
                            },
                            {
                                "type": "link",
                                "url": "https:\/\/www.linkedin.com\/feed\/hashtag\/?keywords=seo&highlightedUpdateUrns=urn%3Ali%3Aactivity%3A6914873478047223809",
                                "text": "#seo",
                                "unsafe": true
                            },
                            {
                                "type": "text",
                                "text": " "
                            },
                            {
                                "type": "link",
                                "url": "https:\/\/www.linkedin.com\/feed\/hashtag\/?keywords=b2b&highlightedUpdateUrns=urn%3Ali%3Aactivity%3A6914873478047223809",
                                "text": "#b2b",
                                "unsafe": true
                            },
                            {
                                "type": "text",
                                "text": " "
                            },
                            {
                                "type": "link",
                                "url": "https:\/\/www.linkedin.com\/feed\/hashtag\/?keywords=joboffer&highlightedUpdateUrns=urn%3Ali%3Aactivity%3A6914873478047223809",
                                "text": "#joboffer",
                                "unsafe": true
                            },
                            {
                                "type": "text",
                                "text": " "
                            },
                            {
                                "type": "link",
                                "url": "https:\/\/www.linkedin.com\/feed\/hashtag\/?keywords=martech&highlightedUpdateUrns=urn%3Ali%3Aactivity%3A6914873478047223809",
                                "text": "#martech",
                                "unsafe": true
                            }
                        ]
                    }
                ]
            }
        ],
        "client_msg_id": "ccc534a2-f872-47ba-8354-ae00a51e8745"
    },
    {
        "client_msg_id": "D0E3FE66-D18D-4ECC-B1A4-6DF26AD304F6",
        "type": "message",
        "text": "Ciao everyone, foodcircle GmbH is looking for a freelance graphic designer focused towards creating B2B content and who can commit 5-8 hours to us. The salary we are offering is 34 euros\/hour. Interested candidates can send me their portfolio at <mailto:tooba@foodcircle.com|tooba@foodcircle.com> ",
        "user": "U0333UU1KSQ",
        "ts": "1648649207.159789",
        "team": "TJE58GTJL",
        "user_team": "TJE58GTJL",
        "source_team": "TJE58GTJL",
        "user_profile": {
            "avatar_hash": "6adcde864a26",
            "image_72": "https:\/\/avatars.slack-edge.com\/2022-02-15\/3105295849941_6adcde864a268d064ced_72.png",
            "first_name": "Tooba",
            "real_name": "Tooba Maqsood",
            "display_name": "Tooba Maqsood",
            "team": "TJE58GTJL",
            "name": "tooba",
            "is_restricted": false,
            "is_ultra_restricted": false
        },
        "blocks": [
            {
                "type": "rich_text",
                "block_id": "vJP",
                "elements": [
                    {
                        "type": "rich_text_section",
                        "elements": [
                            {
                                "type": "text",
                                "text": "Ciao everyone, foodcircle GmbH is looking for a freelance graphic designer focused towards creating B2B content and who can commit 5-8 hours to us. The salary we are offering is 34 euros\/hour. Interested candidates can send me their portfolio at "
                            },
                            {
                                "type": "link",
                                "url": "mailto:tooba@foodcircle.com",
                                "text": "tooba@foodcircle.com"
                            },
                            {
                                "type": "text",
                                "text": " "
                            }
                        ]
                    }
                ]
            }
        ],
        "thread_ts": "1648649207.159789",
        "reply_count": 2,
        "reply_users_count": 2,
        "latest_reply": "1648706684.020159",
        "reply_users": [
            "U02HD0L8HAP",
            "U02CUM2LDAN"
        ],
        "replies": [
            {
                "user": "U02HD0L8HAP",
                "ts": "1648649405.284659"
            },
            {
                "user": "U02CUM2LDAN",
                "ts": "1648706684.020159"
            }
        ],
        "is_locked": false,
        "subscribed": false
    },
    {
        "type": "message",
        "subtype": "slackbot_response",
        "text": "did someone say salary? here's some data that might be helpful. <https:\/\/superpath.co\/blog\/content-marketing-salary-report>",
        "user": "USLACKBOT",
        "ts": "1648649208.585189",
        "attachments": [
            {
                "from_url": "https:\/\/superpath.co\/blog\/content-marketing-salary-report",
                "thumb_url": "http:\/\/static1.squarespace.com\/static\/609d9c530fe0402cfde14a9c\/t\/61d76e005dd5ad7b9ebc6932\/1641508361386\/superpath+salary.jpg?format=1500w",
                "thumb_width": 1052,
                "thumb_height": 751,
                "service_icon": "https:\/\/images.squarespace-cdn.com\/content\/v1\/609d9c530fe0402cfde14a9c\/e34ef9bd-2724-4781-88fd-e8cba90125ef\/favicon.ico?format=100w",
                "id": 1,
                "original_url": "https:\/\/superpath.co\/blog\/content-marketing-salary-report",
                "fallback": "Your Content Career Headquarters: How Much Money Do Content Marketer's Make? (2022 Salary Report) — Your Content Career Headquarters",
                "text": "The average content marketing salary is $93,725. Check out our salary report for more detailed data on job titles, experience and pay discrepancies.",
                "title": "How Much Money Do Content Marketer's Make? (2022 Salary Report) — Your Content Career Headquarters",
                "title_link": "https:\/\/superpath.co\/blog\/content-marketing-salary-report",
                "service_name": "Your Content Career Headquarters"
            }
        ]
    },
    {
        "client_msg_id": "fe097f75-ddb4-4c7d-922e-abf381d69971",
        "type": "message",
        "text": "Recommending <@U02JUM9D18R> for this.",
        "user": "U02HD0L8HAP",
        "ts": "1648649405.284659",
        "team": "TJE58GTJL",
        "user_team": "TJE58GTJL",
        "source_team": "TJE58GTJL",
        "user_profile": {
            "avatar_hash": "675c42a91f65",
            "image_72": "https:\/\/avatars.slack-edge.com\/2022-01-10\/2928364816754_675c42a91f6571f4ac6b_72.jpg",
            "first_name": "Aanchal",
            "real_name": "Aanchal Parmar",
            "display_name": "Aanchal Parmar",
            "team": "TJE58GTJL",
            "name": "aanywrites",
            "is_restricted": false,
            "is_ultra_restricted": false
        },
        "blocks": [
            {
                "type": "rich_text",
                "block_id": "AdqyB",
                "elements": [
                    {
                        "type": "rich_text_section",
                        "elements": [
                            {
                                "type": "text",
                                "text": "Recommending "
                            },
                            {
                                "type": "user",
                                "user_id": "U02JUM9D18R"
                            },
                            {
                                "type": "text",
                                "text": " for this."
                            }
                        ]
                    }
                ]
            }
        ],
        "thread_ts": "1648649207.159789",
        "parent_user_id": "U0333UU1KSQ"
    },
    {
        "client_msg_id": "3fba5787-c66a-4a58-a57e-478119c122e5",
        "type": "message",
        "text": "A team of freelancers working together sounds like a blast. Shooting you a DM Alexie!",
        "user": "U024A8928AW",
        "ts": "1648655894.729019",
        "team": "TJE58GTJL",
        "user_team": "TJE58GTJL",
        "source_team": "TJE58GTJL",
        "user_profile": {
            "avatar_hash": "gfce53b938f8",
            "image_72": "https:\/\/secure.gravatar.com\/avatar\/fce53b938f89c81afc27098fb567bc9d.jpg?s=72&d=https%3A%2F%2Fa.slack-edge.com%2Fdf10d%2Fimg%2Favatars%2Fava_0014-72.png",
            "first_name": "Kenza",
            "real_name": "Kenza Moller",
            "display_name": "Kenza Moller",
            "team": "TJE58GTJL",
            "name": "kenzamoller",
            "is_restricted": false,
            "is_ultra_restricted": false
        },
        "blocks": [
            {
                "type": "rich_text",
                "block_id": "FjDBm",
                "elements": [
                    {
                        "type": "rich_text_section",
                        "elements": [
                            {
                                "type": "text",
                                "text": "A team of freelancers working together sounds like a blast. Shooting you a DM Alexie!"
                            }
                        ]
                    }
                ]
            }
        ],
        "thread_ts": "1648590591.873259",
        "parent_user_id": "U02SQ5Q4SCS",
        "reactions": [
            {
                "name": "raised_hands",
                "users": [
                    "U02SQ5Q4SCS"
                ],
                "count": 1
            }
        ]
    },
    {
        "client_msg_id": "ceb6894b-ea42-40b6-9e83-cd7f83fce902",
        "type": "message",
        "text": "Hi Josh, this guy from my home town does unbelievable powerpoint stuff. Here’s his website: <https:\/\/www.shoow.be\/>",
        "user": "U0379URR6CF",
        "ts": "1648690425.453739",
        "team": "TJE58GTJL",
        "user_team": "TJE58GTJL",
        "source_team": "TJE58GTJL",
        "user_profile": {
            "avatar_hash": "d1394d88a197",
            "image_72": "https:\/\/avatars.slack-edge.com\/2022-03-18\/3260444863301_d1394d88a197bc196eff_72.jpg",
            "first_name": "Kjell",
            "real_name": "Kjell Vandevyvere",
            "display_name": "Kjell Vandevyvere",
            "team": "TJE58GTJL",
            "name": "kjellvandevyvere",
            "is_restricted": false,
            "is_ultra_restricted": false
        },
        "attachments": [
            {
                "from_url": "https:\/\/www.shoow.be\/",
                "thumb_url": "http:\/\/static1.squarespace.com\/static\/5e3416ec9ac4ae6ad3e56627\/t\/5e9d50d90feebf4d486f361a\/1587368154942\/Shoow-WHITE.png?format=1500w",
                "thumb_width": 1500,
                "thumb_height": 653,
                "service_icon": "https:\/\/images.squarespace-cdn.com\/content\/v1\/5e3416ec9ac4ae6ad3e56627\/1584473519235-6RJ4EBUGH0VIK2KAW3ME\/favicon.ico?format=100w",
                "id": 1,
                "original_url": "https:\/\/www.shoow.be\/",
                "fallback": "SHOOW: Krachtige PowerPoint presentaties mét impact",
                "text": "Wij zijn experts in het opmaken van professionele én inspirerende presentaties mét impact in PowerPoint en Keynote.",
                "title": "Krachtige PowerPoint presentaties mét impact",
                "title_link": "https:\/\/www.shoow.be\/",
                "service_name": "SHOOW"
            }
        ],
        "blocks": [
            {
                "type": "rich_text",
                "block_id": "7cQJX",
                "elements": [
                    {
                        "type": "rich_text_section",
                        "elements": [
                            {
                                "type": "text",
                                "text": "Hi Josh, this guy from my home town does unbelievable powerpoint stuff. Here’s his website: "
                            },
                            {
                                "type": "link",
                                "url": "https:\/\/www.shoow.be\/"
                            }
                        ]
                    }
                ]
            }
        ],
        "thread_ts": "1648643621.385049",
        "parent_user_id": "U01QV2VLNMQ",
        "reactions": [
            {
                "name": "gratitude-thank-you",
                "users": [
                    "U01QV2VLNMQ"
                ],
                "count": 1
            }
        ]
    },
    {
        "client_msg_id": "34321b8e-a5eb-4328-9cee-f723b86291be",
        "type": "message",
        "text": "Hi <@U0333UU1KSQ> I sent an email,  thank you",
        "user": "U02CUM2LDAN",
        "ts": "1648706684.020159",
        "team": "TJE58GTJL",
        "user_team": "TJE58GTJL",
        "source_team": "TJE58GTJL",
        "user_profile": {
            "avatar_hash": "458609281ce7",
            "image_72": "https:\/\/avatars.slack-edge.com\/2021-09-17\/2505725073522_458609281ce79c30fb91_72.jpg",
            "first_name": "Faith",
            "real_name": "Faith Ekanem",
            "display_name": "Faith Ekanem",
            "team": "TJE58GTJL",
            "name": "faithbibok",
            "is_restricted": false,
            "is_ultra_restricted": false
        },
        "blocks": [
            {
                "type": "rich_text",
                "block_id": "k8K=W",
                "elements": [
                    {
                        "type": "rich_text_section",
                        "elements": [
                            {
                                "type": "text",
                                "text": "Hi "
                            },
                            {
                                "type": "user",
                                "user_id": "U0333UU1KSQ"
                            },
                            {
                                "type": "text",
                                "text": " I sent an email,  thank you"
                            }
                        ]
                    }
                ]
            }
        ],
        "thread_ts": "1648649207.159789",
        "parent_user_id": "U0333UU1KSQ"
    }
]