[
    {
        "type": "message",
        "subtype": "tombstone",
        "text": "This message was deleted.",
        "user": "USLACKBOT",
        "hidden": true,
        "ts": "1646386064.450069",
        "thread_ts": "1646386064.450069",
        "parent_user_id": "USLACKBOT",
        "reply_count": 2,
        "reply_users_count": 2,
        "latest_reply": "1646406166.901519",
        "reply_users": [
            "U02HD0L8HAP",
            "U02HWBZS9QC"
        ],
        "replies": [
            {
                "user": "U02HD0L8HAP",
                "ts": "1646395672.758229"
            },
            {
                "user": "U02HWBZS9QC",
                "ts": "1646406166.901519"
            }
        ],
        "is_locked": false,
        "subscribed": false
    },
    {
        "client_msg_id": "29c7dff4-5213-4775-8f73-d70d77b0d375",
        "type": "message",
        "text": "Hey <@U0331KC4D0S> I think I've right person for you. <@U02JUM9D18R> has done some work in SaaS before.",
        "user": "U02HD0L8HAP",
        "ts": "1646395672.758229",
        "team": "TJE58GTJL",
        "user_team": "TJE58GTJL",
        "source_team": "TJE58GTJL",
        "user_profile": {
            "avatar_hash": "675c42a91f65",
            "image_72": "https:\/\/avatars.slack-edge.com\/2022-01-10\/2928364816754_675c42a91f6571f4ac6b_72.jpg",
            "first_name": "Aanchal",
            "real_name": "Aanchal Parmar",
            "display_name": "Aanchal Parmar",
            "team": "TJE58GTJL",
            "name": "aanywrites",
            "is_restricted": false,
            "is_ultra_restricted": false
        },
        "blocks": [
            {
                "type": "rich_text",
                "block_id": "Oj4",
                "elements": [
                    {
                        "type": "rich_text_section",
                        "elements": [
                            {
                                "type": "text",
                                "text": "Hey "
                            },
                            {
                                "type": "user",
                                "user_id": "U0331KC4D0S"
                            },
                            {
                                "type": "text",
                                "text": " I think I've right person for you. "
                            },
                            {
                                "type": "user",
                                "user_id": "U02JUM9D18R"
                            },
                            {
                                "type": "text",
                                "text": " has done some work in SaaS before."
                            }
                        ]
                    }
                ]
            }
        ],
        "thread_ts": "1646386064.450069",
        "parent_user_id": "USLACKBOT"
    },
    {
        "client_msg_id": "03234b0b-8a01-4ece-b8c8-75275801331c",
        "type": "message",
        "text": "Please shift this to <#C02RGHQ4HK7|hire-me>",
        "user": "U02HWBZS9QC",
        "ts": "1646406166.901519",
        "team": "TJE58GTJL",
        "user_team": "TJE58GTJL",
        "source_team": "TJE58GTJL",
        "user_profile": {
            "avatar_hash": "cea3c2adb719",
            "image_72": "https:\/\/avatars.slack-edge.com\/2021-12-23\/2879299611220_cea3c2adb71995b8fd88_72.jpg",
            "first_name": "Ankit",
            "real_name": "Ankit Vora",
            "display_name": "",
            "team": "TJE58GTJL",
            "name": "ankitplaynody",
            "is_restricted": false,
            "is_ultra_restricted": false
        },
        "blocks": [
            {
                "type": "rich_text",
                "block_id": "PxF",
                "elements": [
                    {
                        "type": "rich_text_section",
                        "elements": [
                            {
                                "type": "text",
                                "text": "Please shift this to "
                            },
                            {
                                "type": "channel",
                                "channel_id": "C02RGHQ4HK7"
                            }
                        ]
                    }
                ]
            }
        ],
        "thread_ts": "1646386064.450069",
        "parent_user_id": "USLACKBOT"
    },
    {
        "client_msg_id": "468398f7-4878-4ebd-96d7-2fb52d7becb0",
        "type": "message",
        "text": "Hey all. Any freelance writers who have a background in (or writing for) law? Always looking to connect with talented folks, I head up marketing at <http:\/\/rallylegal.com|Rally>.",
        "user": "U034ZC411AN",
        "ts": "1646422904.697199",
        "team": "TJE58GTJL",
        "user_team": "TJE58GTJL",
        "source_team": "TJE58GTJL",
        "user_profile": {
            "avatar_hash": "37acdeb898d0",
            "image_72": "https:\/\/avatars.slack-edge.com\/2022-02-28\/3170574929410_37acdeb898d035e8d166_72.jpg",
            "first_name": "Kurt",
            "real_name": "Kurt Dunphy",
            "display_name": "Kurt Dunphy",
            "team": "TJE58GTJL",
            "name": "kurt",
            "is_restricted": false,
            "is_ultra_restricted": false
        },
        "blocks": [
            {
                "type": "rich_text",
                "block_id": "epU+",
                "elements": [
                    {
                        "type": "rich_text_section",
                        "elements": [
                            {
                                "type": "text",
                                "text": "Hey all. Any freelance writers who have a background in (or writing for) law? Always looking to connect with talented folks, I head up marketing at "
                            },
                            {
                                "type": "link",
                                "url": "http:\/\/rallylegal.com",
                                "text": "Rally"
                            },
                            {
                                "type": "text",
                                "text": "."
                            }
                        ]
                    }
                ]
            }
        ],
        "thread_ts": "1646422904.697199",
        "reply_count": 2,
        "reply_users_count": 2,
        "latest_reply": "1646774790.622309",
        "reply_users": [
            "U02Q8U5T7TP",
            "U0368Q2V352"
        ],
        "replies": [
            {
                "user": "U02Q8U5T7TP",
                "ts": "1646423187.980869"
            },
            {
                "user": "U0368Q2V352",
                "ts": "1646774790.622309"
            }
        ],
        "is_locked": false,
        "subscribed": false
    },
    {
        "client_msg_id": "cb93db16-c78c-4d9f-a971-efb4416e180c",
        "type": "message",
        "text": "<@U034ZC411AN> \n\nI'd send you a Dm",
        "user": "U02Q8U5T7TP",
        "ts": "1646423187.980869",
        "team": "TJE58GTJL",
        "user_team": "TJE58GTJL",
        "source_team": "TJE58GTJL",
        "user_profile": {
            "avatar_hash": "6ac00fe7f7de",
            "image_72": "https:\/\/avatars.slack-edge.com\/2022-04-15\/3395185200147_6ac00fe7f7de679b0f41_72.jpg",
            "first_name": "Johelski",
            "real_name": "Johelski",
            "display_name": "johelski",
            "team": "TJE58GTJL",
            "name": "ajayijohel",
            "is_restricted": false,
            "is_ultra_restricted": false
        },
        "blocks": [
            {
                "type": "rich_text",
                "block_id": "vtM",
                "elements": [
                    {
                        "type": "rich_text_section",
                        "elements": [
                            {
                                "type": "user",
                                "user_id": "U034ZC411AN"
                            },
                            {
                                "type": "text",
                                "text": " \n\nI'd send you a Dm"
                            }
                        ]
                    }
                ]
            }
        ],
        "thread_ts": "1646422904.697199",
        "parent_user_id": "U034ZC411AN"
    },
    {
        "client_msg_id": "e494058c-75f7-4905-90f6-86c7ed49100e",
        "type": "message",
        "text": "I’m looking for writers to help with upcoming, long-term accounts in the healthcare technology space.\n\nTopics are client-specific and include clinical communication, managed services, and artificial intelligence for radiology—all geared toward large US health systems with hundreds (or thousands) of employees.\n\nDeliverables include blog articles, white papers, sales sheets (2-pagers), infographics, landing pages, and email sequences.\n\nWe’re currently still in the strategy phase, but I expect the writing work to start within 2-3 weeks.\n\nIf you’re interested, please DM me with samples, rates for the various deliverables, and any questions you have.\n\nThanks, everyone!",
        "user": "U032D0QSTR7",
        "ts": "1646425789.651779",
        "team": "TJE58GTJL",
        "user_team": "TJE58GTJL",
        "source_team": "TJE58GTJL",
        "user_profile": {
            "avatar_hash": "86ee2795a72c",
            "image_72": "https:\/\/avatars.slack-edge.com\/2022-02-07\/3072615371588_86ee2795a72cbf8f0004_72.jpg",
            "first_name": "Doug",
            "real_name": "Doug Pohl",
            "display_name": "Doug Pohl",
            "team": "TJE58GTJL",
            "name": "dougpohl",
            "is_restricted": false,
            "is_ultra_restricted": false
        },
        "edited": {
            "user": "U032D0QSTR7",
            "ts": "1646428953.000000"
        },
        "blocks": [
            {
                "type": "rich_text",
                "block_id": "uvz9",
                "elements": [
                    {
                        "type": "rich_text_section",
                        "elements": [
                            {
                                "type": "text",
                                "text": "I’m looking for writers to help with upcoming, long-term accounts in the healthcare technology space.\n\nTopics are client-specific and include clinical communication, managed services, and artificial intelligence for radiology—all geared toward large US health systems with hundreds (or thousands) of employees.\n\nDeliverables include blog articles, white papers, sales sheets (2-pagers), infographics, landing pages, and email sequences.\n\nWe’re currently still in the strategy phase, but I expect the writing work to start within 2-3 weeks.\n\nIf you’re interested, please DM me with samples, rates for the various deliverables, and any questions you have.\n\nThanks, everyone!"
                            }
                        ]
                    }
                ]
            }
        ],
        "thread_ts": "1646425789.651779",
        "reply_count": 6,
        "reply_users_count": 6,
        "latest_reply": "1646898273.358229",
        "reply_users": [
            "U0236PYP3SR",
            "U03330MFEN4",
            "U032D0QSTR7",
            "U018YLTQJDU",
            "U030AQ2HNA2",
            "U02QZELD0P9"
        ],
        "replies": [
            {
                "user": "U0236PYP3SR",
                "ts": "1646425834.822929"
            },
            {
                "user": "U03330MFEN4",
                "ts": "1646432571.073009"
            },
            {
                "user": "U032D0QSTR7",
                "ts": "1646438581.710509"
            },
            {
                "user": "U018YLTQJDU",
                "ts": "1646573825.352459"
            },
            {
                "user": "U030AQ2HNA2",
                "ts": "1646785845.978559"
            },
            {
                "user": "U02QZELD0P9",
                "ts": "1646898273.358229"
            }
        ],
        "is_locked": false,
        "subscribed": false
    },
    {
        "client_msg_id": "53fca36d-4def-4d7a-90bf-6ece0f9a1ca0",
        "type": "message",
        "text": "<@U02JP7FM5SQ>",
        "user": "U0236PYP3SR",
        "ts": "1646425834.822929",
        "team": "TJE58GTJL",
        "user_team": "TJE58GTJL",
        "source_team": "TJE58GTJL",
        "user_profile": {
            "avatar_hash": "151ef26d495d",
            "image_72": "https:\/\/avatars.slack-edge.com\/2021-05-27\/2105651351574_151ef26d495d8461f6e5_72.jpg",
            "first_name": "Jasmine",
            "real_name": "Jasmine Williams",
            "display_name": "Jasmine Williams",
            "team": "TJE58GTJL",
            "name": "hello426",
            "is_restricted": false,
            "is_ultra_restricted": false
        },
        "blocks": [
            {
                "type": "rich_text",
                "block_id": "lybud",
                "elements": [
                    {
                        "type": "rich_text_section",
                        "elements": [
                            {
                                "type": "user",
                                "user_id": "U02JP7FM5SQ"
                            }
                        ]
                    }
                ]
            }
        ],
        "thread_ts": "1646425789.651779",
        "parent_user_id": "U032D0QSTR7"
    },
    {
        "client_msg_id": "2562c4d8-b7d8-4e80-a8ae-1d9f66fefe7c",
        "type": "message",
        "text": "I have a compliments folder on my desktop filled with nice notes, good feedback, and testimonials. I refer to it when I need some confidence!",
        "user": "U03330MFEN4",
        "ts": "1646429012.050139",
        "team": "TJE58GTJL",
        "user_team": "TJE58GTJL",
        "source_team": "TJE58GTJL",
        "user_profile": {
            "avatar_hash": "eee78796f291",
            "image_72": "https:\/\/avatars.slack-edge.com\/2022-02-09\/3105175916912_eee78796f2919ff55228_72.png",
            "first_name": "Kaitlyn",
            "real_name": "Kaitlyn Arford",
            "display_name": "Kaitlyn Arford",
            "team": "TJE58GTJL",
            "name": "kaitlyn.arford",
            "is_restricted": false,
            "is_ultra_restricted": false
        },
        "blocks": [
            {
                "type": "rich_text",
                "block_id": "oAGQ",
                "elements": [
                    {
                        "type": "rich_text_section",
                        "elements": [
                            {
                                "type": "text",
                                "text": "I have a compliments folder on my desktop filled with nice notes, good feedback, and testimonials. I refer to it when I need some confidence!"
                            }
                        ]
                    }
                ]
            }
        ],
        "thread_ts": "1646312462.212229",
        "parent_user_id": "U0340N4DU6P"
    },
    {
        "client_msg_id": "1a534a24-1068-4734-a453-03c1d0976f4c",
        "type": "message",
        "text": "Do you need editors? I know an experienced healthcare editor looking for new clients.",
        "user": "U03330MFEN4",
        "ts": "1646432571.073009",
        "team": "TJE58GTJL",
        "user_team": "TJE58GTJL",
        "source_team": "TJE58GTJL",
        "user_profile": {
            "avatar_hash": "eee78796f291",
            "image_72": "https:\/\/avatars.slack-edge.com\/2022-02-09\/3105175916912_eee78796f2919ff55228_72.png",
            "first_name": "Kaitlyn",
            "real_name": "Kaitlyn Arford",
            "display_name": "Kaitlyn Arford",
            "team": "TJE58GTJL",
            "name": "kaitlyn.arford",
            "is_restricted": false,
            "is_ultra_restricted": false
        },
        "blocks": [
            {
                "type": "rich_text",
                "block_id": "X7Qh",
                "elements": [
                    {
                        "type": "rich_text_section",
                        "elements": [
                            {
                                "type": "text",
                                "text": "Do you need editors? I know an experienced healthcare editor looking for new clients."
                            }
                        ]
                    }
                ]
            }
        ],
        "thread_ts": "1646425789.651779",
        "parent_user_id": "U032D0QSTR7"
    },
    {
        "client_msg_id": "e6d453c5-67db-45f0-952b-bee41f2b54ce",
        "type": "message",
        "text": "<@U03330MFEN4> I’ve been rolling the idea of an editor around in my head for a while now. If they’re up for it, I’d definitely be interested in learning more about their work and what they’re looking for. Thank you!",
        "user": "U032D0QSTR7",
        "ts": "1646438581.710509",
        "team": "TJE58GTJL",
        "user_team": "TJE58GTJL",
        "source_team": "TJE58GTJL",
        "user_profile": {
            "avatar_hash": "86ee2795a72c",
            "image_72": "https:\/\/avatars.slack-edge.com\/2022-02-07\/3072615371588_86ee2795a72cbf8f0004_72.jpg",
            "first_name": "Doug",
            "real_name": "Doug Pohl",
            "display_name": "Doug Pohl",
            "team": "TJE58GTJL",
            "name": "dougpohl",
            "is_restricted": false,
            "is_ultra_restricted": false
        },
        "blocks": [
            {
                "type": "rich_text",
                "block_id": "BdvV",
                "elements": [
                    {
                        "type": "rich_text_section",
                        "elements": [
                            {
                                "type": "user",
                                "user_id": "U03330MFEN4"
                            },
                            {
                                "type": "text",
                                "text": " I’ve been rolling the idea of an editor around in my head for a while now. If they’re up for it, I’d definitely be interested in learning more about their work and what they’re looking for. Thank you!"
                            }
                        ]
                    }
                ]
            }
        ],
        "thread_ts": "1646425789.651779",
        "parent_user_id": "U032D0QSTR7"
    }
]