[
    {
        "client_msg_id": "36beb910-db11-4830-ad3f-6b2961f87793",
        "type": "message",
        "text": "Hi <@UJH5BJQG0>,please check your Dm",
        "user": "U03BERBJXPB",
        "ts": "1649941877.095579",
        "team": "TJE58GTJL",
        "user_team": "TJE58GTJL",
        "source_team": "TJE58GTJL",
        "user_profile": {
            "avatar_hash": "ceaa7f3a77f1",
            "image_72": "https:\/\/avatars.slack-edge.com\/2022-04-14\/3383852458790_ceaa7f3a77f152adc5b8_72.jpg",
            "first_name": "Amna",
            "real_name": "Amna Aslam",
            "display_name": "Amna Aslam",
            "team": "TJE58GTJL",
            "name": "aslamamna110",
            "is_restricted": false,
            "is_ultra_restricted": false
        },
        "blocks": [
            {
                "type": "rich_text",
                "block_id": "TfkX",
                "elements": [
                    {
                        "type": "rich_text_section",
                        "elements": [
                            {
                                "type": "text",
                                "text": "Hi "
                            },
                            {
                                "type": "user",
                                "user_id": "UJH5BJQG0"
                            },
                            {
                                "type": "text",
                                "text": ",please check your Dm"
                            }
                        ]
                    }
                ]
            }
        ],
        "thread_ts": "1649873652.826839",
        "parent_user_id": "UJH5BJQG0"
    },
    {
        "client_msg_id": "5b0f7be1-af9a-455c-a146-25b67c7fc560",
        "type": "message",
        "text": "Hey everyone! So, I’ve been writing solo for both B2B and B2C brands since I started. Now I’m building a content studio that will focus on serving B2C brands.\n\nIs it ok\/ethical\/professional to include my solo work in the studio website\/portfolio as “past work” or “clients I’ve worked with”?",
        "user": "U02NUGJ6BUM",
        "ts": "1649947302.770539",
        "team": "TJE58GTJL",
        "user_team": "TJE58GTJL",
        "source_team": "TJE58GTJL",
        "user_profile": {
            "avatar_hash": "1a6b87d6e567",
            "image_72": "https:\/\/avatars.slack-edge.com\/2021-11-29\/2779513924802_1a6b87d6e567c6a5decb_72.jpg",
            "first_name": "Tammy",
            "real_name": "Tammy Danan",
            "display_name": "Tammy Danan",
            "team": "TJE58GTJL",
            "name": "tam27.321",
            "is_restricted": false,
            "is_ultra_restricted": false
        },
        "blocks": [
            {
                "type": "rich_text",
                "block_id": "ycWt5",
                "elements": [
                    {
                        "type": "rich_text_section",
                        "elements": [
                            {
                                "type": "text",
                                "text": "Hey everyone! So, I’ve been writing solo for both B2B and B2C brands since I started. Now I’m building a content studio that will focus on serving B2C brands.\n\nIs it ok\/ethical\/professional to include my solo work in the studio website\/portfolio as “past work” or “clients I’ve worked with”?"
                            }
                        ]
                    }
                ]
            }
        ],
        "thread_ts": "1649947302.770539",
        "reply_count": 4,
        "reply_users_count": 4,
        "latest_reply": "1649948448.510599",
        "reply_users": [
            "U02CUMQBP9R",
            "U02GMMQ281W",
            "U02NUGJ6BUM",
            "U012GHRAHDK"
        ],
        "replies": [
            {
                "user": "U02CUMQBP9R",
                "ts": "1649947440.922209"
            },
            {
                "user": "U02GMMQ281W",
                "ts": "1649947512.861599"
            },
            {
                "user": "U02NUGJ6BUM",
                "ts": "1649948213.285849"
            },
            {
                "user": "U012GHRAHDK",
                "ts": "1649948448.510599"
            }
        ],
        "is_locked": false,
        "subscribed": false,
        "reactions": [
            {
                "name": "100",
                "users": [
                    "UUJBM2PJ7"
                ],
                "count": 1
            }
        ]
    },
    {
        "client_msg_id": "06322c2e-bbaf-4709-b1e8-55a80ac03db1",
        "type": "message",
        "text": "yeah, but mention your story that you were into solo and now you're taking the next step. I am sure most clients would appreciate that.",
        "user": "U02CUMQBP9R",
        "ts": "1649947440.922209",
        "team": "TJE58GTJL",
        "user_team": "TJE58GTJL",
        "source_team": "TJE58GTJL",
        "user_profile": {
            "avatar_hash": "37d9a8538dda",
            "image_72": "https:\/\/avatars.slack-edge.com\/2021-08-30\/2422037442023_37d9a8538dda6c598cc7_72.jpg",
            "first_name": "Harshala",
            "real_name": "Harshala Chavan",
            "display_name": "Harshala Chavan",
            "team": "TJE58GTJL",
            "name": "harshalachavan7",
            "is_restricted": false,
            "is_ultra_restricted": false
        },
        "blocks": [
            {
                "type": "rich_text",
                "block_id": "Vlue",
                "elements": [
                    {
                        "type": "rich_text_section",
                        "elements": [
                            {
                                "type": "text",
                                "text": "yeah, but mention your story that you were into solo and now you're taking the next step. I am sure most clients would appreciate that."
                            }
                        ]
                    }
                ]
            }
        ],
        "thread_ts": "1649947302.770539",
        "parent_user_id": "U02NUGJ6BUM",
        "reactions": [
            {
                "name": "+1::skin-tone-4",
                "users": [
                    "U02NUGJ6BUM"
                ],
                "count": 1
            },
            {
                "name": "+1",
                "users": [
                    "UUH2ESL66"
                ],
                "count": 1
            }
        ]
    },
    {
        "client_msg_id": "9987a8e8-c3e5-4134-8d26-405f3bc0e704",
        "type": "message",
        "text": "I think the biggest question to ask yourself here is \"why not?\" I think it's good to show you already have experience in this realm. To leverage your B2C experience more I would highlight that content more directly than B2B but would still incorporate it because you never know.",
        "user": "U02GMMQ281W",
        "ts": "1649947512.861599",
        "team": "TJE58GTJL",
        "user_team": "TJE58GTJL",
        "source_team": "TJE58GTJL",
        "user_profile": {
            "avatar_hash": "e1131d2dfd73",
            "image_72": "https:\/\/avatars.slack-edge.com\/2021-10-12\/2589760574406_e1131d2dfd73f2e7db3e_72.png",
            "first_name": "Amanda",
            "real_name": "Amanda S.",
            "display_name": "Amanda",
            "team": "TJE58GTJL",
            "name": "theglamtechie",
            "is_restricted": false,
            "is_ultra_restricted": false
        },
        "blocks": [
            {
                "type": "rich_text",
                "block_id": "rFN\/",
                "elements": [
                    {
                        "type": "rich_text_section",
                        "elements": [
                            {
                                "type": "text",
                                "text": "I think the biggest question to ask yourself here is \"why not?\" I think it's good to show you already have experience in this realm. To leverage your B2C experience more I would highlight that content more directly than B2B but would still incorporate it because you never know."
                            }
                        ]
                    }
                ]
            }
        ],
        "thread_ts": "1649947302.770539",
        "parent_user_id": "U02NUGJ6BUM",
        "reactions": [
            {
                "name": "+1::skin-tone-4",
                "users": [
                    "U02NUGJ6BUM"
                ],
                "count": 1
            },
            {
                "name": "+1",
                "users": [
                    "UUH2ESL66",
                    "U02CUM38FUK"
                ],
                "count": 2
            }
        ]
    },
    {
        "client_msg_id": "8b5fdec9-31b9-49db-a784-4a6bd9ea4caa",
        "type": "message",
        "text": "<@U02CUMQBP9R> <@U02GMMQ281W> thanks you two! :slightly_smiling_face:",
        "user": "U02NUGJ6BUM",
        "ts": "1649948213.285849",
        "team": "TJE58GTJL",
        "user_team": "TJE58GTJL",
        "source_team": "TJE58GTJL",
        "user_profile": {
            "avatar_hash": "1a6b87d6e567",
            "image_72": "https:\/\/avatars.slack-edge.com\/2021-11-29\/2779513924802_1a6b87d6e567c6a5decb_72.jpg",
            "first_name": "Tammy",
            "real_name": "Tammy Danan",
            "display_name": "Tammy Danan",
            "team": "TJE58GTJL",
            "name": "tam27.321",
            "is_restricted": false,
            "is_ultra_restricted": false
        },
        "blocks": [
            {
                "type": "rich_text",
                "block_id": "\/vL\/R",
                "elements": [
                    {
                        "type": "rich_text_section",
                        "elements": [
                            {
                                "type": "user",
                                "user_id": "U02CUMQBP9R"
                            },
                            {
                                "type": "text",
                                "text": " "
                            },
                            {
                                "type": "user",
                                "user_id": "U02GMMQ281W"
                            },
                            {
                                "type": "text",
                                "text": " thanks you two! "
                            },
                            {
                                "type": "emoji",
                                "name": "slightly_smiling_face"
                            }
                        ]
                    }
                ]
            }
        ],
        "thread_ts": "1649947302.770539",
        "parent_user_id": "U02NUGJ6BUM",
        "reactions": [
            {
                "name": "raised_hands",
                "users": [
                    "U02GMMQ281W"
                ],
                "count": 1
            }
        ]
    },
    {
        "client_msg_id": "a99cf6c5-341e-44f4-b9ca-c920696c6d81",
        "type": "message",
        "text": "Absolutely! It’s “your” agency after all.",
        "user": "U012GHRAHDK",
        "ts": "1649948448.510599",
        "team": "TJE58GTJL",
        "user_team": "TJE58GTJL",
        "source_team": "TJE58GTJL",
        "user_profile": {
            "avatar_hash": "8ba0c4534568",
            "image_72": "https:\/\/avatars.slack-edge.com\/2022-04-12\/3401585222352_8ba0c45345680ce088ab_72.jpg",
            "first_name": "Deb",
            "real_name": "Deb Mukherjee",
            "display_name": "Deb Mukherjee",
            "team": "TJE58GTJL",
            "name": "debdut94",
            "is_restricted": false,
            "is_ultra_restricted": false
        },
        "blocks": [
            {
                "type": "rich_text",
                "block_id": "P5Ojp",
                "elements": [
                    {
                        "type": "rich_text_section",
                        "elements": [
                            {
                                "type": "text",
                                "text": "Absolutely! It’s “your” agency after all."
                            }
                        ]
                    }
                ]
            }
        ],
        "thread_ts": "1649947302.770539",
        "parent_user_id": "U02NUGJ6BUM"
    },
    {
        "client_msg_id": "f0725d9d-48f3-460e-af6a-3f2ba210236d",
        "type": "message",
        "text": "Thanks, everyone! I do have specific terms in my contracts (Net 15 payment, late fees), so it’s really a question of how much I want to play hardball. I generally don’t mind a few days late here and there, but it’s feeling like a line is being crossed. So I should be a bit more strict. Thanks!",
        "user": "U02R3S1RBUL",
        "ts": "1649948964.496819",
        "team": "TJE58GTJL",
        "user_team": "TJE58GTJL",
        "source_team": "TJE58GTJL",
        "user_profile": {
            "avatar_hash": "f8e73f8fe32c",
            "image_72": "https:\/\/avatars.slack-edge.com\/2021-12-20\/2849222050903_f8e73f8fe32c8b51b060_72.jpg",
            "first_name": "Jeffrey",
            "real_name": "Jeffrey Trull",
            "display_name": "Jeffrey Trull",
            "team": "TJE58GTJL",
            "name": "jeffrey",
            "is_restricted": false,
            "is_ultra_restricted": false
        },
        "blocks": [
            {
                "type": "rich_text",
                "block_id": "amM",
                "elements": [
                    {
                        "type": "rich_text_section",
                        "elements": [
                            {
                                "type": "text",
                                "text": "Thanks, everyone! I do have specific terms in my contracts (Net 15 payment, late fees), so it’s really a question of how much I want to play hardball. I generally don’t mind a few days late here and there, but it’s feeling like a line is being crossed. So I should be a bit more strict. Thanks!"
                            }
                        ]
                    }
                ]
            }
        ],
        "thread_ts": "1649870656.482089",
        "parent_user_id": "U02R3S1RBUL"
    },
    {
        "client_msg_id": "1d3fd9f1-ed7d-43b8-bb7c-81c9c607d2f9",
        "type": "message",
        "text": "Who are your go-to's for creating contracts, service agreements, NDAs, etc? I've been using the same ol' haggard templates for years and I am sure they're in need of a refresh. Open to free templates or online services that whip up items for you. Thanks in advance!",
        "user": "U02H3K9BEMA",
        "ts": "1649961198.948289",
        "team": "TJE58GTJL",
        "user_team": "TJE58GTJL",
        "source_team": "TJE58GTJL",
        "user_profile": {
            "avatar_hash": "09a184af1fd8",
            "image_72": "https:\/\/avatars.slack-edge.com\/2021-10-07\/2592228292273_09a184af1fd866e135e1_72.jpg",
            "first_name": "Claire",
            "real_name": "Claire Beveridge",
            "display_name": "Claire Beveridge",
            "team": "TJE58GTJL",
            "name": "claire919",
            "is_restricted": false,
            "is_ultra_restricted": false
        },
        "blocks": [
            {
                "type": "rich_text",
                "block_id": "T2wu",
                "elements": [
                    {
                        "type": "rich_text_section",
                        "elements": [
                            {
                                "type": "text",
                                "text": "Who are your go-to's for creating contracts, service agreements, NDAs, etc? I've been using the same ol' haggard templates for years and I am sure they're in need of a refresh. Open to free templates or online services that whip up items for you. Thanks in advance!"
                            }
                        ]
                    }
                ]
            }
        ],
        "thread_ts": "1649961198.948289",
        "reply_count": 5,
        "reply_users_count": 5,
        "latest_reply": "1650011947.450579",
        "reply_users": [
            "U015B888266",
            "U02GMMQ281W",
            "U0211K6LSM9",
            "U0320BS53RQ",
            "U02ANC57AAY"
        ],
        "replies": [
            {
                "user": "U015B888266",
                "ts": "1649961356.169209"
            },
            {
                "user": "U02GMMQ281W",
                "ts": "1649962868.263089"
            },
            {
                "user": "U0211K6LSM9",
                "ts": "1649968914.487249"
            },
            {
                "user": "U0320BS53RQ",
                "ts": "1649970327.767139"
            },
            {
                "user": "U02ANC57AAY",
                "ts": "1650011947.450579"
            }
        ],
        "is_locked": false,
        "subscribed": false,
        "reactions": [
            {
                "name": "eyes",
                "users": [
                    "U015B888266",
                    "U02PRMEAP0V",
                    "UJG24P8P6",
                    "U02NS1BQ6GZ"
                ],
                "count": 4
            },
            {
                "name": "slightly_smiling_face",
                "users": [
                    "U03AVHF6PGE"
                ],
                "count": 1
            }
        ]
    },
    {
        "client_msg_id": "e5e51687-20cb-4bab-b247-31f337a610b2",
        "type": "message",
        "text": "Following :smile:",
        "user": "U015B888266",
        "ts": "1649961356.169209",
        "team": "TJE58GTJL",
        "user_team": "TJE58GTJL",
        "source_team": "TJE58GTJL",
        "user_profile": {
            "avatar_hash": "ecf711ec483e",
            "image_72": "https:\/\/avatars.slack-edge.com\/2020-06-16\/1210180122720_ecf711ec483e342dca54_72.jpg",
            "first_name": "Renga",
            "real_name": "Renga Padmanabhan",
            "display_name": "Renga",
            "team": "TJE58GTJL",
            "name": "radhe.varun",
            "is_restricted": false,
            "is_ultra_restricted": false
        },
        "blocks": [
            {
                "type": "rich_text",
                "block_id": "kU4HG",
                "elements": [
                    {
                        "type": "rich_text_section",
                        "elements": [
                            {
                                "type": "text",
                                "text": "Following "
                            },
                            {
                                "type": "emoji",
                                "name": "smile"
                            }
                        ]
                    }
                ]
            }
        ],
        "thread_ts": "1649961198.948289",
        "parent_user_id": "U02H3K9BEMA"
    },
    {
        "client_msg_id": "4b57b588-f18f-49a0-825e-8b2bd62860a6",
        "type": "message",
        "text": "I use hello bonsai now for everything contract-related. I felt like they were way more in-depth with the legal terms and customizable than any others. I know honey book has a contract option too but I don't use them so I cannot speak for what they look like.",
        "user": "U02GMMQ281W",
        "ts": "1649962868.263089",
        "team": "TJE58GTJL",
        "user_team": "TJE58GTJL",
        "source_team": "TJE58GTJL",
        "user_profile": {
            "avatar_hash": "e1131d2dfd73",
            "image_72": "https:\/\/avatars.slack-edge.com\/2021-10-12\/2589760574406_e1131d2dfd73f2e7db3e_72.png",
            "first_name": "Amanda",
            "real_name": "Amanda S.",
            "display_name": "Amanda",
            "team": "TJE58GTJL",
            "name": "theglamtechie",
            "is_restricted": false,
            "is_ultra_restricted": false
        },
        "blocks": [
            {
                "type": "rich_text",
                "block_id": "oitX",
                "elements": [
                    {
                        "type": "rich_text_section",
                        "elements": [
                            {
                                "type": "text",
                                "text": "I use hello bonsai now for everything contract-related. I felt like they were way more in-depth with the legal terms and customizable than any others. I know honey book has a contract option too but I don't use them so I cannot speak for what they look like."
                            }
                        ]
                    }
                ]
            }
        ],
        "thread_ts": "1649961198.948289",
        "parent_user_id": "U02H3K9BEMA",
        "reactions": [
            {
                "name": "heavy_plus_sign",
                "users": [
                    "U0166H7KUAZ",
                    "U03AGR60JH3"
                ],
                "count": 2
            }
        ]
    },
    {
        "client_msg_id": "607025a6-48a9-4261-973c-97f0e999cf19",
        "type": "message",
        "text": "I used <https:\/\/www.lawdepot.com\/?pid=pg-2HTZTCEZYY-generaltextlink|LawDepot> to set up my contracts—I liked that they have a pretty easy interface to customize what you need and make adjustments for different clients. They’re a monthly\/annual subscription service—that link includes my referral code, so you get 10% off, but they have a week’s free trial that is probably plenty of time to tell if it’s a good fit for you, or for you to make a contract template you can save and use.",
        "user": "U0211K6LSM9",
        "ts": "1649968914.487249",
        "team": "TJE58GTJL",
        "user_team": "TJE58GTJL",
        "source_team": "TJE58GTJL",
        "user_profile": {
            "avatar_hash": "17a67a2d4c3f",
            "image_72": "https:\/\/avatars.slack-edge.com\/2021-05-11\/2047708214598_17a67a2d4c3f41527a1b_72.jpg",
            "first_name": "Sara",
            "real_name": "Sara Gates",
            "display_name": "Sara Gates",
            "team": "TJE58GTJL",
            "name": "sara858",
            "is_restricted": false,
            "is_ultra_restricted": false
        },
        "blocks": [
            {
                "type": "rich_text",
                "block_id": "kQI",
                "elements": [
                    {
                        "type": "rich_text_section",
                        "elements": [
                            {
                                "type": "text",
                                "text": "I used "
                            },
                            {
                                "type": "link",
                                "url": "https:\/\/www.lawdepot.com\/?pid=pg-2HTZTCEZYY-generaltextlink",
                                "text": "LawDepot"
                            },
                            {
                                "type": "text",
                                "text": " to set up my contracts—I liked that they have a pretty easy interface to customize what you need and make adjustments for different clients. They’re a monthly\/annual subscription service—that link includes my referral code, so you get 10% off, but they have a week’s free trial that is probably plenty of time to tell if it’s a good fit for you, or for you to make a contract template you can save and use."
                            }
                        ]
                    }
                ]
            }
        ],
        "thread_ts": "1649961198.948289",
        "parent_user_id": "U02H3K9BEMA"
    },
    {
        "client_msg_id": "5001c0c2-8b1e-448d-bd9c-7d2eb4e8eff4",
        "type": "message",
        "text": "<https:\/\/contra.com\/|Contra> has a built-in contract you can use with clients!",
        "user": "U0320BS53RQ",
        "ts": "1649970327.767139",
        "team": "TJE58GTJL",
        "user_team": "TJE58GTJL",
        "source_team": "TJE58GTJL",
        "user_profile": {
            "avatar_hash": "ea48880e8c8e",
            "image_72": "https:\/\/avatars.slack-edge.com\/2022-02-08\/3068289596918_ea48880e8c8efa609f6f_72.png",
            "first_name": "madi",
            "real_name": "madi",
            "display_name": "madi",
            "team": "TJE58GTJL",
            "name": "madi.pignetti",
            "is_restricted": false,
            "is_ultra_restricted": false
        },
        "blocks": [
            {
                "type": "rich_text",
                "block_id": "H1x8",
                "elements": [
                    {
                        "type": "rich_text_section",
                        "elements": [
                            {
                                "type": "link",
                                "url": "https:\/\/contra.com\/",
                                "text": "Contra"
                            },
                            {
                                "type": "text",
                                "text": " has a built-in contract you can use with clients!"
                            }
                        ]
                    }
                ]
            }
        ],
        "thread_ts": "1649961198.948289",
        "parent_user_id": "U02H3K9BEMA"
    }
]