[
    {
        "client_msg_id": "48b12334-b4e6-42a8-8a36-f764a2ea9a18",
        "type": "message",
        "text": "hi phil please check out a great writer here: <https:\/\/mariahkrist.com\/>",
        "user": "U02L06T4MM2",
        "ts": "1642376171.114200",
        "team": "TJE58GTJL",
        "user_team": "TJE58GTJL",
        "source_team": "TJE58GTJL",
        "user_profile": {
            "avatar_hash": "e5debb82b8da",
            "image_72": "https:\/\/avatars.slack-edge.com\/2021-11-02\/2690827921297_e5debb82b8da85ea1ff8_72.jpg",
            "first_name": "Christine",
            "real_name": "Christine Gomolka",
            "display_name": "Christine Gomolka",
            "team": "TJE58GTJL",
            "name": "christine",
            "is_restricted": false,
            "is_ultra_restricted": false
        },
        "attachments": [
            {
                "from_url": "https:\/\/mariahkrist.com\/",
                "service_icon": "https:\/\/mariahkrist.com\/wp-content\/uploads\/2019\/12\/LogoMakr_2x4jLy.png",
                "id": 1,
                "original_url": "https:\/\/mariahkrist.com\/",
                "fallback": "Home - Mariah Krist",
                "title": "Home - Mariah Krist",
                "title_link": "https:\/\/mariahkrist.com\/",
                "service_name": "mariahkrist.com",
                "fields": [
                    {
                        "value": "27 minutes",
                        "title": "Est. reading time",
                        "short": true
                    }
                ]
            }
        ],
        "blocks": [
            {
                "type": "rich_text",
                "block_id": "YRVw",
                "elements": [
                    {
                        "type": "rich_text_section",
                        "elements": [
                            {
                                "type": "text",
                                "text": "hi phil please check out a great writer here: "
                            },
                            {
                                "type": "link",
                                "url": "https:\/\/mariahkrist.com\/"
                            }
                        ]
                    }
                ]
            }
        ],
        "thread_ts": "1642096732.095300",
        "parent_user_id": "U0166H7KUAZ"
    },
    {
        "client_msg_id": "9de58eef-3710-4db8-b1f1-8dc0f3e9e095",
        "type": "message",
        "text": "Referring a talented writer in my network: <https:\/\/mariahkrist.com\/>",
        "user": "U02L06T4MM2",
        "ts": "1642376226.114500",
        "team": "TJE58GTJL",
        "user_team": "TJE58GTJL",
        "source_team": "TJE58GTJL",
        "user_profile": {
            "avatar_hash": "e5debb82b8da",
            "image_72": "https:\/\/avatars.slack-edge.com\/2021-11-02\/2690827921297_e5debb82b8da85ea1ff8_72.jpg",
            "first_name": "Christine",
            "real_name": "Christine Gomolka",
            "display_name": "Christine Gomolka",
            "team": "TJE58GTJL",
            "name": "christine",
            "is_restricted": false,
            "is_ultra_restricted": false
        },
        "blocks": [
            {
                "type": "rich_text",
                "block_id": "IfPD",
                "elements": [
                    {
                        "type": "rich_text_section",
                        "elements": [
                            {
                                "type": "text",
                                "text": "Referring a talented writer in my network: "
                            },
                            {
                                "type": "link",
                                "url": "https:\/\/mariahkrist.com\/"
                            }
                        ]
                    }
                ]
            }
        ],
        "thread_ts": "1641937113.081100",
        "parent_user_id": "U02U90EQW00"
    }
]