[
    {
        "client_msg_id": "0b3f79ae-01ac-460c-af52-d7031522b386",
        "type": "message",
        "text": "<@U01K0BWEQD6> this is exactly what I do as well. Works for me :blush:",
        "user": "U0231C2LYNM",
        "ts": "1646210107.380329",
        "team": "TJE58GTJL",
        "user_team": "TJE58GTJL",
        "source_team": "TJE58GTJL",
        "user_profile": {
            "avatar_hash": "c1d845bba06d",
            "image_72": "https:\/\/avatars.slack-edge.com\/2021-05-21\/2090873932082_c1d845bba06d288505ec_72.jpg",
            "first_name": "Camille",
            "real_name": "Camille Hogg",
            "display_name": "Cami",
            "team": "TJE58GTJL",
            "name": "camille.l.hogg",
            "is_restricted": false,
            "is_ultra_restricted": false
        },
        "blocks": [
            {
                "type": "rich_text",
                "block_id": "2vHXe",
                "elements": [
                    {
                        "type": "rich_text_section",
                        "elements": [
                            {
                                "type": "user",
                                "user_id": "U01K0BWEQD6"
                            },
                            {
                                "type": "text",
                                "text": " this is exactly what I do as well. Works for me "
                            },
                            {
                                "type": "emoji",
                                "name": "blush"
                            }
                        ]
                    }
                ]
            }
        ],
        "thread_ts": "1646166310.015829",
        "parent_user_id": "UN227ML2H"
    },
    {
        "client_msg_id": "52d3ab2c-f027-42dc-b467-ab5072769685",
        "type": "message",
        "text": "I use FreeAgent and love it. If you have an RBS\/NatWest or Mettle business bank account you get it for free too :slightly_smiling_face:",
        "user": "U02ANC57AAY",
        "ts": "1646210721.013049",
        "team": "TJE58GTJL",
        "user_team": "TJE58GTJL",
        "source_team": "TJE58GTJL",
        "user_profile": {
            "avatar_hash": "45b108914224",
            "image_72": "https:\/\/avatars.slack-edge.com\/2021-08-09\/2359758724082_45b108914224a53b7683_72.jpg",
            "first_name": "Steph",
            "real_name": "Steph Smith",
            "display_name": "Steph Smith",
            "team": "TJE58GTJL",
            "name": "steph",
            "is_restricted": false,
            "is_ultra_restricted": false
        },
        "blocks": [
            {
                "type": "rich_text",
                "block_id": "848en",
                "elements": [
                    {
                        "type": "rich_text_section",
                        "elements": [
                            {
                                "type": "text",
                                "text": "I use FreeAgent and love it. If you have an RBS\/NatWest or Mettle business bank account you get it for free too "
                            },
                            {
                                "type": "emoji",
                                "name": "slightly_smiling_face"
                            }
                        ]
                    }
                ]
            }
        ],
        "thread_ts": "1646166310.015829",
        "parent_user_id": "UN227ML2H"
    },
    {
        "client_msg_id": "7f079912-7714-407f-8035-9085fbc9ccbe",
        "type": "message",
        "text": "payment. payment and payment. I'm still waiting on net 40 that's net 20 over the net 40 date. I have a late payment clause built-in...but it's still a pain. I pay EVERY one of my outsource freelancers on time, so I'm shocked every time I have to hunt down payments. I absolutely hate Net anything.",
        "user": "U02CVNB3X1T",
        "ts": "1646231122.202009",
        "team": "TJE58GTJL",
        "user_team": "TJE58GTJL",
        "source_team": "TJE58GTJL",
        "user_profile": {
            "avatar_hash": "a98cd79fc67b",
            "image_72": "https:\/\/avatars.slack-edge.com\/2021-12-28\/2891088304196_a98cd79fc67b29986082_72.png",
            "first_name": "Julie",
            "real_name": "Julie Simpson",
            "display_name": "Julie Simpson",
            "team": "TJE58GTJL",
            "name": "jujuklu",
            "is_restricted": false,
            "is_ultra_restricted": false
        },
        "edited": {
            "user": "U02CVNB3X1T",
            "ts": "1646231143.000000"
        },
        "blocks": [
            {
                "type": "rich_text",
                "block_id": "U5Ew=",
                "elements": [
                    {
                        "type": "rich_text_section",
                        "elements": [
                            {
                                "type": "text",
                                "text": "payment. payment and payment. I'm still waiting on net 40 that's net 20 over the net 40 date. I have a late payment clause built-in...but it's still a pain. I pay EVERY one of my outsource freelancers on time, so I'm shocked every time I have to hunt down payments. I absolutely hate Net anything."
                            }
                        ]
                    }
                ]
            }
        ],
        "thread_ts": "1646171424.062259",
        "parent_user_id": "U035UKFRXBJ",
        "reactions": [
            {
                "name": "100",
                "users": [
                    "U02CUMQBP9R",
                    "U01SP0Z5D33",
                    "U035UKFRXBJ"
                ],
                "count": 3
            }
        ]
    },
    {
        "client_msg_id": "543e7b6b-ca8a-4f52-bc38-24a53435adde",
        "type": "message",
        "text": "So many valuable insights and so many different ways to track time, thanks for sharing everyone! :raised_hands:",
        "user": "U02H3K9BEMA",
        "ts": "1646241761.441659",
        "team": "TJE58GTJL",
        "user_team": "TJE58GTJL",
        "source_team": "TJE58GTJL",
        "user_profile": {
            "avatar_hash": "09a184af1fd8",
            "image_72": "https:\/\/avatars.slack-edge.com\/2021-10-07\/2592228292273_09a184af1fd866e135e1_72.jpg",
            "first_name": "Claire",
            "real_name": "Claire Beveridge",
            "display_name": "Claire Beveridge",
            "team": "TJE58GTJL",
            "name": "claire919",
            "is_restricted": false,
            "is_ultra_restricted": false
        },
        "blocks": [
            {
                "type": "rich_text",
                "block_id": "MmDSC",
                "elements": [
                    {
                        "type": "rich_text_section",
                        "elements": [
                            {
                                "type": "text",
                                "text": "So many valuable insights and so many different ways to track time, thanks for sharing everyone! "
                            },
                            {
                                "type": "emoji",
                                "name": "raised_hands"
                            }
                        ]
                    }
                ]
            }
        ],
        "thread_ts": "1646073806.055639",
        "parent_user_id": "U02H3K9BEMA"
    },
    {
        "client_msg_id": "298c0000-4805-44df-a4d5-025cf7451310",
        "type": "message",
        "text": "I just switched from Google Docs to Quickbooks in January and I'm pretty happy with it so far. To me the deciding factor was that it was the platform my tax accountant used and she had a deep discount for it.",
        "user": "U01SFTTQ483",
        "ts": "1646244419.746359",
        "team": "TJE58GTJL",
        "user_team": "TJE58GTJL",
        "source_team": "TJE58GTJL",
        "user_profile": {
            "avatar_hash": "bffef5138cc6",
            "image_72": "https:\/\/avatars.slack-edge.com\/2021-03-25\/1893741270550_bffef5138cc63fcea5b0_72.png",
            "first_name": "Shawn",
            "real_name": "Shawn Ragell",
            "display_name": "Shawn Ragell",
            "team": "TJE58GTJL",
            "name": "shawn.ragell",
            "is_restricted": false,
            "is_ultra_restricted": false
        },
        "blocks": [
            {
                "type": "rich_text",
                "block_id": "ws8UU",
                "elements": [
                    {
                        "type": "rich_text_section",
                        "elements": [
                            {
                                "type": "text",
                                "text": "I just switched from Google Docs to Quickbooks in January and I'm pretty happy with it so far. To me the deciding factor was that it was the platform my tax accountant used and she had a deep discount for it."
                            }
                        ]
                    }
                ]
            }
        ],
        "thread_ts": "1646166310.015829",
        "parent_user_id": "UN227ML2H"
    },
    {
        "client_msg_id": "7f208bb4-ae98-415c-80ab-3526c55e0b12",
        "type": "message",
        "text": "Agreed :point_up: Also start using an app. I was tracking invoices and expenses manually in Google Sheets and Google Drive and it made taxes a nightmare every year. Get on Quickbooks, Freshbooks, or Xero",
        "user": "U01SFTTQ483",
        "ts": "1646244477.280889",
        "team": "TJE58GTJL",
        "user_team": "TJE58GTJL",
        "source_team": "TJE58GTJL",
        "user_profile": {
            "avatar_hash": "bffef5138cc6",
            "image_72": "https:\/\/avatars.slack-edge.com\/2021-03-25\/1893741270550_bffef5138cc63fcea5b0_72.png",
            "first_name": "Shawn",
            "real_name": "Shawn Ragell",
            "display_name": "Shawn Ragell",
            "team": "TJE58GTJL",
            "name": "shawn.ragell",
            "is_restricted": false,
            "is_ultra_restricted": false
        },
        "blocks": [
            {
                "type": "rich_text",
                "block_id": "UStJl",
                "elements": [
                    {
                        "type": "rich_text_section",
                        "elements": [
                            {
                                "type": "text",
                                "text": "Agreed "
                            },
                            {
                                "type": "emoji",
                                "name": "point_up"
                            },
                            {
                                "type": "text",
                                "text": " Also start using an app. I was tracking invoices and expenses manually in Google Sheets and Google Drive and it made taxes a nightmare every year. Get on Quickbooks, Freshbooks, or Xero"
                            }
                        ]
                    }
                ]
            }
        ],
        "thread_ts": "1646178326.594409",
        "parent_user_id": "U0320BS53RQ",
        "reactions": [
            {
                "name": "+1",
                "users": [
                    "U034H601T7X"
                ],
                "count": 1
            }
        ]
    },
    {
        "client_msg_id": "c8a9ae5b-acb0-4478-8f96-739a2e064e32",
        "type": "message",
        "text": "I actually work for a company that handles freelancer taxes — it’s an expense tracking + tax filing app. Don’t want to be too promotional, but feel free to DM me for more info!",
        "user": "U02KFSN2QDR",
        "ts": "1646245562.233689",
        "team": "TJE58GTJL",
        "user_team": "TJE58GTJL",
        "source_team": "TJE58GTJL",
        "user_profile": {
            "avatar_hash": "6e4f61408086",
            "image_72": "https:\/\/avatars.slack-edge.com\/2021-10-28\/2659164394037_6e4f614080868caecca3_72.png",
            "first_name": "Lucia",
            "real_name": "Lucia Tang",
            "display_name": "Lucia Tang",
            "team": "TJE58GTJL",
            "name": "luciaqtang",
            "is_restricted": false,
            "is_ultra_restricted": false
        },
        "edited": {
            "user": "U02KFSN2QDR",
            "ts": "1646245740.000000"
        },
        "blocks": [
            {
                "type": "rich_text",
                "block_id": "9WSr8",
                "elements": [
                    {
                        "type": "rich_text_section",
                        "elements": [
                            {
                                "type": "text",
                                "text": "I actually work for a company that handles freelancer taxes — it’s an expense tracking + tax filing app. Don’t want to be too promotional, but feel free to DM me for more info!"
                            }
                        ]
                    }
                ]
            }
        ],
        "thread_ts": "1646178326.594409",
        "parent_user_id": "U0320BS53RQ"
    },
    {
        "client_msg_id": "f32e2c39-c1aa-4ad3-81ee-2f1f5693ded9",
        "type": "message",
        "text": "Hi everyone! :star-struck: <https:\/\/klientboost.com\/|KlientBoost>, a California-based digital marketing agency, is actively seeking expert and passionate freelance writers to help develop high-quality content on PPC, Facebook Ads, Google Ads, CRO, and more! Ideal writers will have experience writing long-form content and a strong grasp on all things marketing, analytics, PPC, current trends, etc. All writers are provided with detailed briefs and optimized outlines. If you're interested, please complete our <https:\/\/klientboost.typeform.com\/to\/Ru40HJnM|brief screening questionnaire\/application> and we'll be in touch! Hope to see some of you in there! :raised_hands:",
        "user": "U0355573V0E",
        "ts": "1646265821.529979",
        "team": "TJE58GTJL",
        "user_team": "TJE58GTJL",
        "source_team": "TJE58GTJL",
        "user_profile": {
            "avatar_hash": "84e1036a5285",
            "image_72": "https:\/\/avatars.slack-edge.com\/2022-03-02\/3196507894001_84e1036a5285553cc97b_72.jpg",
            "first_name": "Michelle",
            "real_name": "Michelle Han-Taylor",
            "display_name": "Michelle Han-Taylor",
            "team": "TJE58GTJL",
            "name": "michelle430",
            "is_restricted": false,
            "is_ultra_restricted": false
        },
        "attachments": [
            {
                "from_url": "https:\/\/klientboost.typeform.com\/to\/Ru40HJnM",
                "image_url": "https:\/\/images.typeform.com\/images\/FYUps4mFKPYK\/image\/default",
                "image_width": 476,
                "image_height": 250,
                "image_bytes": 39631,
                "service_icon": "https:\/\/klientboost.typeform.com\/favicon.ico",
                "id": 1,
                "original_url": "https:\/\/klientboost.typeform.com\/to\/Ru40HJnM",
                "fallback": "KlientBoost Blog Ghostwriter Screening",
                "text": "Turn data collection into an experience with Typeform. Create beautiful online forms, surveys, quizzes, and so much more. Try it for FREE.",
                "title": "KlientBoost Blog Ghostwriter Screening",
                "title_link": "https:\/\/klientboost.typeform.com\/to\/Ru40HJnM",
                "service_name": "klientboost.typeform.com"
            }
        ],
        "blocks": [
            {
                "type": "rich_text",
                "block_id": "0=ym",
                "elements": [
                    {
                        "type": "rich_text_section",
                        "elements": [
                            {
                                "type": "text",
                                "text": "Hi everyone! "
                            },
                            {
                                "type": "emoji",
                                "name": "star-struck"
                            },
                            {
                                "type": "text",
                                "text": " "
                            },
                            {
                                "type": "link",
                                "url": "https:\/\/klientboost.com\/",
                                "text": "KlientBoost"
                            },
                            {
                                "type": "text",
                                "text": ", a California-based digital marketing agency, is actively seeking expert and passionate freelance writers to help develop high-quality content on PPC, Facebook Ads, Google Ads, CRO, and more! Ideal writers will have experience writing long-form content and a strong grasp on all things marketing, analytics, PPC, current trends, etc. All writers are provided with detailed briefs and optimized outlines. If you're interested, please complete our "
                            },
                            {
                                "type": "link",
                                "url": "https:\/\/klientboost.typeform.com\/to\/Ru40HJnM",
                                "text": "brief screening questionnaire\/application"
                            },
                            {
                                "type": "text",
                                "text": " and we'll be in touch! Hope to see some of you in there! "
                            },
                            {
                                "type": "emoji",
                                "name": "raised_hands"
                            }
                        ]
                    }
                ]
            }
        ],
        "thread_ts": "1646265821.529979",
        "reply_count": 1,
        "reply_users_count": 1,
        "latest_reply": "1646310226.725919",
        "reply_users": [
            "U028D815JA0"
        ],
        "replies": [
            {
                "user": "U028D815JA0",
                "ts": "1646310226.725919"
            }
        ],
        "is_locked": false,
        "subscribed": false,
        "reactions": [
            {
                "name": "raised_hands",
                "users": [
                    "U033KHGTDHC",
                    "U01AHL8AGBB",
                    "U02RBH2FY6R",
                    "U028D815JA0",
                    "U02U5183N90",
                    "U01NUND5BC5",
                    "U03164Q045P"
                ],
                "count": 7
            },
            {
                "name": "+1",
                "users": [
                    "U02SQ6PSPMZ",
                    "U02NXETHERY"
                ],
                "count": 2
            }
        ]
    }
]