[
    {
        "client_msg_id": "44411256-3C07-4C33-9ADE-07B513839193",
        "type": "message",
        "text": "I've sent in an application. Thank you!",
        "user": "U034ZC5RY3U",
        "ts": "1651049910.826319",
        "team": "TJE58GTJL",
        "user_team": "TJE58GTJL",
        "source_team": "TJE58GTJL",
        "user_profile": {
            "avatar_hash": "dbd0e771a518",
            "image_72": "https:\/\/avatars.slack-edge.com\/2022-03-16\/3273505098592_dbd0e771a518d3a263a7_72.png",
            "first_name": "Folasade",
            "real_name": "Folasade",
            "display_name": "Folasade",
            "team": "TJE58GTJL",
            "name": "folasadesobayo",
            "is_restricted": false,
            "is_ultra_restricted": false
        },
        "blocks": [
            {
                "type": "rich_text",
                "block_id": "x89j",
                "elements": [
                    {
                        "type": "rich_text_section",
                        "elements": [
                            {
                                "type": "text",
                                "text": "I've sent in an application. Thank you!"
                            }
                        ]
                    }
                ]
            }
        ],
        "thread_ts": "1651002107.818259",
        "parent_user_id": "U02H3K9BEMA"
    },
    {
        "client_msg_id": "c9e3b199-5e84-4ab5-8d73-fbc14289e694",
        "type": "message",
        "text": "I am working with them as a freelance on there platform for the last 3 years and they are good. They are similar to upwork but on a small scale. Sharing this if its still relevant.",
        "user": "U034MCP287P",
        "ts": "1651054251.148229",
        "team": "TJE58GTJL",
        "user_team": "TJE58GTJL",
        "source_team": "TJE58GTJL",
        "user_profile": {
            "avatar_hash": "7192d6ba4558",
            "image_72": "https:\/\/avatars.slack-edge.com\/2022-03-01\/3176491809106_7192d6ba455861eae9da_72.jpg",
            "first_name": "Piyush",
            "real_name": "Piyush Goel",
            "display_name": "Piyush Goel",
            "team": "TJE58GTJL",
            "name": "goelpiyush96",
            "is_restricted": false,
            "is_ultra_restricted": false
        },
        "edited": {
            "user": "U034MCP287P",
            "ts": "1651054323.000000"
        },
        "blocks": [
            {
                "type": "rich_text",
                "block_id": "l1GD\/",
                "elements": [
                    {
                        "type": "rich_text_section",
                        "elements": [
                            {
                                "type": "text",
                                "text": "I am working with them as a freelance on there platform for the last 3 years and they are good. They are similar to upwork but on a small scale. Sharing this if its still relevant."
                            }
                        ]
                    }
                ]
            }
        ],
        "thread_ts": "1649265383.255619",
        "parent_user_id": "U0340N9HSLT"
    },
    {
        "client_msg_id": "9ddcf57f-fc71-4ffb-9343-967b681d340b",
        "type": "message",
        "text": "Saw you posted this on Twitter too and I filled out the form yesterday! :slightly_smiling_face:",
        "user": "U02NUGJ6BUM",
        "ts": "1651057012.458759",
        "team": "TJE58GTJL",
        "user_team": "TJE58GTJL",
        "source_team": "TJE58GTJL",
        "user_profile": {
            "avatar_hash": "1a6b87d6e567",
            "image_72": "https:\/\/avatars.slack-edge.com\/2021-11-29\/2779513924802_1a6b87d6e567c6a5decb_72.jpg",
            "first_name": "Tammy",
            "real_name": "Tammy Danan",
            "display_name": "Tammy Danan",
            "team": "TJE58GTJL",
            "name": "tam27.321",
            "is_restricted": false,
            "is_ultra_restricted": false
        },
        "blocks": [
            {
                "type": "rich_text",
                "block_id": "wqsO",
                "elements": [
                    {
                        "type": "rich_text_section",
                        "elements": [
                            {
                                "type": "text",
                                "text": "Saw you posted this on Twitter too and I filled out the form yesterday! "
                            },
                            {
                                "type": "emoji",
                                "name": "slightly_smiling_face"
                            }
                        ]
                    }
                ]
            }
        ],
        "thread_ts": "1651002107.818259",
        "parent_user_id": "U02H3K9BEMA"
    },
    {
        "client_msg_id": "E64E1033-C2C6-4A46-8182-EE0FF4AD0FF4",
        "type": "message",
        "text": "Am I too late if I fill this in in 2 hours time?! (I’m out at the moment!) :crossed_fingers::crossed_fingers:",
        "user": "UR1BHUY6Q",
        "ts": "1651065216.513069",
        "team": "TJE58GTJL",
        "user_team": "TJE58GTJL",
        "source_team": "TJE58GTJL",
        "user_profile": {
            "avatar_hash": "e9e2144021a8",
            "image_72": "https:\/\/avatars.slack-edge.com\/2022-01-25\/2999922016741_e9e2144021a87d983747_72.png",
            "first_name": "Nicola",
            "real_name": "Nicola Scoon",
            "display_name": "Nicola Scoon",
            "team": "TJE58GTJL",
            "name": "nicola",
            "is_restricted": false,
            "is_ultra_restricted": false
        },
        "thread_ts": "1651002107.818259",
        "parent_user_id": "U02H3K9BEMA"
    },
    {
        "client_msg_id": "da6ced0d-9c9f-45a7-9cd0-a9951c784da7",
        "type": "message",
        "text": "Aanchal is right. Move this to <#C02RGHQ4HK7|hire-me>",
        "user": "U02F1GK6U6B",
        "ts": "1651067488.762629",
        "team": "TJE58GTJL",
        "user_team": "TJE58GTJL",
        "source_team": "TJE58GTJL",
        "user_profile": {
            "avatar_hash": "b77d6f7d6c82",
            "image_72": "https:\/\/avatars.slack-edge.com\/2022-01-22\/3004677185921_b77d6f7d6c82fd929faa_72.jpg",
            "first_name": "Nneka",
            "real_name": "Nneka Otika",
            "display_name": "Nneka Otika",
            "team": "TJE58GTJL",
            "name": "nnekaotika",
            "is_restricted": false,
            "is_ultra_restricted": false
        },
        "blocks": [
            {
                "type": "rich_text",
                "block_id": "tan",
                "elements": [
                    {
                        "type": "rich_text_section",
                        "elements": [
                            {
                                "type": "text",
                                "text": "Aanchal is right. Move this to "
                            },
                            {
                                "type": "channel",
                                "channel_id": "C02RGHQ4HK7"
                            }
                        ]
                    }
                ]
            }
        ],
        "thread_ts": "1650960000.366209",
        "parent_user_id": "USLACKBOT"
    },
    {
        "client_msg_id": "16e27d40-c3f6-4bfb-9539-0e3c444a2e75",
        "type": "message",
        "text": "Hi Grace, I might be able to help with this. (also based in ON)",
        "user": "U01SFTTQ483",
        "ts": "1651079107.552009",
        "team": "TJE58GTJL",
        "user_team": "TJE58GTJL",
        "source_team": "TJE58GTJL",
        "user_profile": {
            "avatar_hash": "bffef5138cc6",
            "image_72": "https:\/\/avatars.slack-edge.com\/2021-03-25\/1893741270550_bffef5138cc63fcea5b0_72.png",
            "first_name": "Shawn",
            "real_name": "Shawn Ragell",
            "display_name": "Shawn Ragell",
            "team": "TJE58GTJL",
            "name": "shawn.ragell",
            "is_restricted": false,
            "is_ultra_restricted": false
        },
        "blocks": [
            {
                "type": "rich_text",
                "block_id": "fuwTi",
                "elements": [
                    {
                        "type": "rich_text_section",
                        "elements": [
                            {
                                "type": "text",
                                "text": "Hi Grace, I might be able to help with this. (also based in ON)"
                            }
                        ]
                    }
                ]
            }
        ],
        "thread_ts": "1650572994.861149",
        "parent_user_id": "UUQ0C0ZUH"
    },
    {
        "client_msg_id": "cf31a883-da87-4585-bb4b-e9fd3a3dbf05",
        "type": "message",
        "text": "Thanks, Piyush.",
        "user": "U0340N9HSLT",
        "ts": "1651081167.428809",
        "team": "TJE58GTJL",
        "user_team": "TJE58GTJL",
        "source_team": "TJE58GTJL",
        "user_profile": {
            "avatar_hash": "95406d6531e5",
            "image_72": "https:\/\/avatars.slack-edge.com\/2022-02-21\/3130198661222_95406d6531e5b0cb389c_72.jpg",
            "first_name": "Jaci",
            "real_name": "Jaci Smith",
            "display_name": "Jaci Smith",
            "team": "TJE58GTJL",
            "name": "jaci.smith",
            "is_restricted": false,
            "is_ultra_restricted": false
        },
        "blocks": [
            {
                "type": "rich_text",
                "block_id": "EaS",
                "elements": [
                    {
                        "type": "rich_text_section",
                        "elements": [
                            {
                                "type": "text",
                                "text": "Thanks, Piyush."
                            }
                        ]
                    }
                ]
            }
        ],
        "thread_ts": "1649265383.255619",
        "parent_user_id": "U0340N9HSLT"
    },
    {
        "client_msg_id": "3fe1cf11-f3ff-4dc7-99a6-d54c69c78dc1",
        "type": "message",
        "text": "Hi there! I'm fairly new to the Superpath community — I hope this is the right channel. :slightly_smiling_face: I own <http:\/\/www.copycave.io|Copy Cave>, a boutique content writing agency serving SaaS, HR, and B2B tech companies and we're on the hunt for a few more freelance writers to add to our pool for occasional work! We are growing like crazy and support marketing teams with all sorts of content, from eBooks and case studies to blog posts, web copy, social posts, and more. Would love to hear from anyone interested in taking on some side work for us!\n\nInterested? Fill out this short writer application and we'll get back to you ASAP! — <https:\/\/airtable.com\/shrlkczUXjaaz8u8h>",
        "user": "U036L6E41FV",
        "ts": "1651098835.763269",
        "team": "TJE58GTJL",
        "user_team": "TJE58GTJL",
        "source_team": "TJE58GTJL",
        "user_profile": {
            "avatar_hash": "3be03e0fe7d7",
            "image_72": "https:\/\/avatars.slack-edge.com\/2022-03-11\/3252007846928_3be03e0fe7d7eadb22e7_72.jpg",
            "first_name": "Brianna",
            "real_name": "Brianna Crawford",
            "display_name": "Brianna Crawford",
            "team": "TJE58GTJL",
            "name": "brianna",
            "is_restricted": false,
            "is_ultra_restricted": false
        },
        "edited": {
            "user": "U036L6E41FV",
            "ts": "1651098904.000000"
        },
        "attachments": [
            {
                "from_url": "https:\/\/airtable.com\/shrlkczUXjaaz8u8h",
                "image_url": "https:\/\/static.airtable.com\/images\/oembed\/airtable.png",
                "image_width": 476,
                "image_height": 250,
                "image_bytes": 12718,
                "service_icon": "https:\/\/airtable.com\/images\/favicon\/baymax\/apple-touch-icon.png",
                "id": 1,
                "original_url": "https:\/\/airtable.com\/shrlkczUXjaaz8u8h",
                "fallback": "Airtable: Freelance Writer Application - Airtable",
                "text": "Fill out the \"Freelance Writer Application\" form quickly and securely on Airtable.",
                "title": "Freelance Writer Application - Airtable",
                "title_link": "https:\/\/airtable.com\/shrlkczUXjaaz8u8h",
                "service_name": "Airtable"
            }
        ],
        "blocks": [
            {
                "type": "rich_text",
                "block_id": "KcQhQ",
                "elements": [
                    {
                        "type": "rich_text_section",
                        "elements": [
                            {
                                "type": "text",
                                "text": "Hi there! I'm fairly new to the Superpath community — I hope this is the right channel. "
                            },
                            {
                                "type": "emoji",
                                "name": "slightly_smiling_face"
                            },
                            {
                                "type": "text",
                                "text": " I own "
                            },
                            {
                                "type": "link",
                                "url": "http:\/\/www.copycave.io",
                                "text": "Copy Cave"
                            },
                            {
                                "type": "text",
                                "text": ", a boutique content writing agency serving SaaS, HR, and B2B tech companies and we're on the hunt for a few more freelance writers to add to our pool for occasional work! We are growing like crazy and support marketing teams with all sorts of content, from eBooks and case studies to blog posts, web copy, social posts, and more. Would love to hear from anyone interested in taking on some side work for us!\n\nInterested? Fill out this short writer application and we'll get back to you ASAP! — "
                            },
                            {
                                "type": "link",
                                "url": "https:\/\/airtable.com\/shrlkczUXjaaz8u8h"
                            }
                        ]
                    }
                ]
            }
        ],
        "thread_ts": "1651098835.763269",
        "reply_count": 8,
        "reply_users_count": 8,
        "latest_reply": "1651244084.727029",
        "reply_users": [
            "U03AD261X2A",
            "U03CG48NDMF",
            "U03AVHF6PGE",
            "U02NQPXBJJJ",
            "U03769YTZEE",
            "U03DRKTUBK2",
            "U036L6E41FV",
            "U03CFDD8Z5G"
        ],
        "replies": [
            {
                "user": "U03AD261X2A",
                "ts": "1651100385.516009"
            },
            {
                "user": "U03CG48NDMF",
                "ts": "1651104555.208319"
            },
            {
                "user": "U03AVHF6PGE",
                "ts": "1651127896.932969"
            },
            {
                "user": "U02NQPXBJJJ",
                "ts": "1651133324.172759"
            },
            {
                "user": "U03769YTZEE",
                "ts": "1651144641.248089"
            },
            {
                "user": "U03DRKTUBK2",
                "ts": "1651152973.597129"
            },
            {
                "user": "U036L6E41FV",
                "ts": "1651154591.745089"
            },
            {
                "user": "U03CFDD8Z5G",
                "ts": "1651244084.727029"
            }
        ],
        "is_locked": false,
        "subscribed": false,
        "reactions": [
            {
                "name": "star",
                "users": [
                    "UN227ML2H",
                    "U020DJ63Y3F",
                    "U034ZCAQ76X",
                    "U03BUDUTE3X",
                    "UJEUM7NQ4",
                    "U02HWBZS9QC",
                    "UPH4SCGTH",
                    "U03BGN2T0GP",
                    "U0314FHJ17T"
                ],
                "count": 9
            },
            {
                "name": "+1",
                "users": [
                    "U03AD261X2A",
                    "U03BUDUTE3X",
                    "U02HWBZS9QC",
                    "U03769YTZEE",
                    "U02PRMEAP0V"
                ],
                "count": 5
            },
            {
                "name": "+1::skin-tone-3",
                "users": [
                    "U02RXFYA3T4"
                ],
                "count": 1
            },
            {
                "name": "eyes",
                "users": [
                    "U02NUGJ6BUM"
                ],
                "count": 1
            },
            {
                "name": "wave",
                "users": [
                    "UJJELJPNH"
                ],
                "count": 1
            }
        ]
    },
    {
        "client_msg_id": "d4154006-804a-43ba-b65e-400c5ffc66f4",
        "type": "message",
        "text": "Applied!:blush:",
        "user": "U03AD261X2A",
        "ts": "1651100385.516009",
        "team": "TJE58GTJL",
        "user_team": "TJE58GTJL",
        "source_team": "TJE58GTJL",
        "user_profile": {
            "avatar_hash": "ca3f13fe4c5b",
            "image_72": "https:\/\/avatars.slack-edge.com\/2022-04-07\/3362548952756_ca3f13fe4c5bc4337200_72.jpg",
            "first_name": "Reem",
            "real_name": "Reem S. Abouemera",
            "display_name": "Reem S. Abouemera",
            "team": "TJE58GTJL",
            "name": "reem.abouemera",
            "is_restricted": false,
            "is_ultra_restricted": false
        },
        "blocks": [
            {
                "type": "rich_text",
                "block_id": "l7ON",
                "elements": [
                    {
                        "type": "rich_text_section",
                        "elements": [
                            {
                                "type": "text",
                                "text": "Applied!"
                            },
                            {
                                "type": "emoji",
                                "name": "blush"
                            }
                        ]
                    }
                ]
            }
        ],
        "thread_ts": "1651098835.763269",
        "parent_user_id": "U036L6E41FV"
    },
    {
        "client_msg_id": "77872c57-613e-45cf-85fe-8bb1f581156b",
        "type": "message",
        "text": "Just applied!",
        "user": "U03CG48NDMF",
        "ts": "1651104555.208319",
        "team": "TJE58GTJL",
        "user_team": "TJE58GTJL",
        "source_team": "TJE58GTJL",
        "user_profile": {
            "avatar_hash": "g5ef6ccc23ff",
            "image_72": "https:\/\/secure.gravatar.com\/avatar\/5ef6ccc23ff99e9ef186eece35d8ff8b.jpg?s=72&d=https%3A%2F%2Fa.slack-edge.com%2Fdf10d%2Fimg%2Favatars%2Fava_0005-72.png",
            "first_name": "Nsikak",
            "real_name": "Nsikak Tim",
            "display_name": "",
            "team": "TJE58GTJL",
            "name": "nsikaktim1663",
            "is_restricted": false,
            "is_ultra_restricted": false
        },
        "blocks": [
            {
                "type": "rich_text",
                "block_id": "ElQ7N",
                "elements": [
                    {
                        "type": "rich_text_section",
                        "elements": [
                            {
                                "type": "text",
                                "text": "Just applied!"
                            }
                        ]
                    }
                ]
            }
        ],
        "thread_ts": "1651098835.763269",
        "parent_user_id": "U036L6E41FV"
    },
    {
        "client_msg_id": "dbb30f8a-5283-474f-893a-5b7f150a977f",
        "type": "message",
        "text": "Hi Brianna, trust you're doing great today? I'm interested in your side gig hunt, and would love to talk this further with you vie DM.\nI'm a copywriter and brand strategist, I do more of web copy and blog posts.\n\nThanks.",
        "user": "U03AVHF6PGE",
        "ts": "1651127318.669329",
        "team": "TJE58GTJL",
        "user_team": "TJE58GTJL",
        "source_team": "TJE58GTJL",
        "user_profile": {
            "avatar_hash": "bf7762f6e920",
            "image_72": "https:\/\/avatars.slack-edge.com\/2022-04-23\/3428135674549_bf7762f6e9206402215e_72.jpg",
            "first_name": "Omu",
            "real_name": "Omu Otayo",
            "display_name": "Omu",
            "team": "TJE58GTJL",
            "name": "omuotayongozi",
            "is_restricted": false,
            "is_ultra_restricted": false
        },
        "blocks": [
            {
                "type": "rich_text",
                "block_id": "fQg",
                "elements": [
                    {
                        "type": "rich_text_section",
                        "elements": [
                            {
                                "type": "text",
                                "text": "Hi Brianna, trust you're doing great today? I'm interested in your side gig hunt, and would love to talk this further with you vie DM.\nI'm a copywriter and brand strategist, I do more of web copy and blog posts.\n\nThanks."
                            }
                        ]
                    }
                ]
            }
        ]
    },
    {
        "client_msg_id": "5e1828b8-77a6-4a36-a678-52bf687c5e37",
        "type": "message",
        "text": "Just applied",
        "user": "U03AVHF6PGE",
        "ts": "1651127896.932969",
        "team": "TJE58GTJL",
        "user_team": "TJE58GTJL",
        "source_team": "TJE58GTJL",
        "user_profile": {
            "avatar_hash": "bf7762f6e920",
            "image_72": "https:\/\/avatars.slack-edge.com\/2022-04-23\/3428135674549_bf7762f6e9206402215e_72.jpg",
            "first_name": "Omu",
            "real_name": "Omu Otayo",
            "display_name": "Omu",
            "team": "TJE58GTJL",
            "name": "omuotayongozi",
            "is_restricted": false,
            "is_ultra_restricted": false
        },
        "blocks": [
            {
                "type": "rich_text",
                "block_id": "J+Ry",
                "elements": [
                    {
                        "type": "rich_text_section",
                        "elements": [
                            {
                                "type": "text",
                                "text": "Just applied"
                            }
                        ]
                    }
                ]
            }
        ],
        "thread_ts": "1651098835.763269",
        "parent_user_id": "U036L6E41FV"
    }
]