[
    {
        "client_msg_id": "aebc5501-dd1e-4687-8af7-145676ec8c64",
        "type": "message",
        "text": "hi all,\n\nWe're hiring a <https:\/\/www.notion.so\/rocketshiphq\/Job-description-Creative-Strategist-d455a3648f3841818b82046208763601|creative strategist\/project manager> for our team at <http:\/\/rocketshiphq.com|RocketShip HQ>. Work with top-tier apps to do some of the best work of your life for a 100% distributed, async, lifestyle-first company.\n\nIf you're interested, please fill in the questionnaire linked to in the job description.",
        "user": "U02CD08B7CP",
        "ts": "1642271856.113700",
        "team": "TJE58GTJL",
        "user_team": "TJE58GTJL",
        "source_team": "TJE58GTJL",
        "user_profile": {
            "avatar_hash": "a7a6b221f30b",
            "image_72": "https:\/\/avatars.slack-edge.com\/2021-08-30\/2435810576451_a7a6b221f30bd12bc1bd_72.png",
            "first_name": "Aniruddha",
            "real_name": "Aniruddha Mishra",
            "display_name": "Aniruddha Mishra",
            "team": "TJE58GTJL",
            "name": "ani7ruddha",
            "is_restricted": false,
            "is_ultra_restricted": false
        },
        "attachments": [
            {
                "from_url": "https:\/\/www.notion.so\/rocketshiphq\/Job-description-Creative-Strategist-d455a3648f3841818b82046208763601",
                "service_icon": "https:\/\/www.notion.so\/images\/favicon.ico",
                "id": 1,
                "original_url": "https:\/\/www.notion.so\/rocketshiphq\/Job-description-Creative-Strategist-d455a3648f3841818b82046208763601",
                "fallback": "RocketShip HQ on Notion: Job description - Creative Strategist\/Project Manager",
                "text": "OVERVIEW",
                "title": "Job description - Creative Strategist\/Project Manager",
                "title_link": "https:\/\/www.notion.so\/rocketshiphq\/Job-description-Creative-Strategist-d455a3648f3841818b82046208763601",
                "service_name": "RocketShip HQ on Notion"
            }
        ],
        "blocks": [
            {
                "type": "rich_text",
                "block_id": "4KI",
                "elements": [
                    {
                        "type": "rich_text_section",
                        "elements": [
                            {
                                "type": "text",
                                "text": "hi all,\n\nWe're hiring a "
                            },
                            {
                                "type": "link",
                                "url": "https:\/\/www.notion.so\/rocketshiphq\/Job-description-Creative-Strategist-d455a3648f3841818b82046208763601",
                                "text": "creative strategist\/project manager"
                            },
                            {
                                "type": "text",
                                "text": " for our team at "
                            },
                            {
                                "type": "link",
                                "url": "http:\/\/rocketshiphq.com",
                                "text": "RocketShip HQ"
                            },
                            {
                                "type": "text",
                                "text": ". Work with top-tier apps to do some of the best work of your life for a 100% distributed, async, lifestyle-first company.\n\nIf you're interested, please fill in the questionnaire linked to in the job description."
                            }
                        ]
                    }
                ]
            }
        ],
        "reactions": [
            {
                "name": "star2",
                "users": [
                    "U02FBJRCX71"
                ],
                "count": 1
            }
        ]
    },
    {
        "client_msg_id": "68d2950d-3aed-41eb-8a46-6cf2a67f26d1",
        "type": "message",
        "text": "Hi <@U01MW6DPU72> dmed you.",
        "user": "U02CD08B7CP",
        "ts": "1642271882.113900",
        "team": "TJE58GTJL",
        "user_team": "TJE58GTJL",
        "source_team": "TJE58GTJL",
        "user_profile": {
            "avatar_hash": "a7a6b221f30b",
            "image_72": "https:\/\/avatars.slack-edge.com\/2021-08-30\/2435810576451_a7a6b221f30bd12bc1bd_72.png",
            "first_name": "Aniruddha",
            "real_name": "Aniruddha Mishra",
            "display_name": "Aniruddha Mishra",
            "team": "TJE58GTJL",
            "name": "ani7ruddha",
            "is_restricted": false,
            "is_ultra_restricted": false
        },
        "blocks": [
            {
                "type": "rich_text",
                "block_id": "QOmSn",
                "elements": [
                    {
                        "type": "rich_text_section",
                        "elements": [
                            {
                                "type": "text",
                                "text": "Hi "
                            },
                            {
                                "type": "user",
                                "user_id": "U01MW6DPU72"
                            },
                            {
                                "type": "text",
                                "text": " dmed you."
                            }
                        ]
                    }
                ]
            }
        ],
        "thread_ts": "1642179382.106900",
        "parent_user_id": "U01MW6DPU72"
    }
]