[
    {
        "client_msg_id": "93918dbe-f316-415f-83ad-de91e502c599",
        "type": "message",
        "text": "Hello <@UK3FP4VNZ> will DM you.",
        "user": "U029WCJDVU0",
        "ts": "1642158255.103900",
        "team": "TJE58GTJL",
        "user_team": "TJE58GTJL",
        "source_team": "TJE58GTJL",
        "user_profile": {
            "avatar_hash": "a43c03c478da",
            "image_72": "https:\/\/avatars.slack-edge.com\/2021-12-13\/2830424325285_a43c03c478daa28624dc_72.jpg",
            "first_name": "",
            "real_name": "Igor Bobriakov",
            "display_name": "Igor Bobriakov",
            "team": "TJE58GTJL",
            "name": "bobriakov.igor",
            "is_restricted": false,
            "is_ultra_restricted": false
        },
        "blocks": [
            {
                "type": "rich_text",
                "block_id": "7I3",
                "elements": [
                    {
                        "type": "rich_text_section",
                        "elements": [
                            {
                                "type": "text",
                                "text": "Hello "
                            },
                            {
                                "type": "user",
                                "user_id": "UK3FP4VNZ"
                            },
                            {
                                "type": "text",
                                "text": " will DM you."
                            }
                        ]
                    }
                ]
            }
        ],
        "thread_ts": "1642088462.090300",
        "parent_user_id": "UK3FP4VNZ"
    },
    {
        "client_msg_id": "bed23000-480c-4c57-b899-deea1b423f71",
        "type": "message",
        "text": "Hi Phillip!  I'll DM you.",
        "user": "U029WCJDVU0",
        "ts": "1642158551.104100",
        "team": "TJE58GTJL",
        "user_team": "TJE58GTJL",
        "source_team": "TJE58GTJL",
        "user_profile": {
            "avatar_hash": "a43c03c478da",
            "image_72": "https:\/\/avatars.slack-edge.com\/2021-12-13\/2830424325285_a43c03c478daa28624dc_72.jpg",
            "first_name": "",
            "real_name": "Igor Bobriakov",
            "display_name": "Igor Bobriakov",
            "team": "TJE58GTJL",
            "name": "bobriakov.igor",
            "is_restricted": false,
            "is_ultra_restricted": false
        },
        "blocks": [
            {
                "type": "rich_text",
                "block_id": "RQ\/Ed",
                "elements": [
                    {
                        "type": "rich_text_section",
                        "elements": [
                            {
                                "type": "text",
                                "text": "Hi Phillip!  I'll DM you."
                            }
                        ]
                    }
                ]
            }
        ],
        "thread_ts": "1642096732.095300",
        "parent_user_id": "U0166H7KUAZ"
    },
    {
        "client_msg_id": "71d1c953-897a-40bf-8be0-b6ed425f4f9f",
        "type": "message",
        "text": "Hey <@U011QQDDSJV> I know a developer who writes for CircleCi — he’s experienced in AWS cloud, Python and .Net\/ASP, mainly. He’s UK-based. Would he be a good fit?",
        "user": "U0231C2LYNM",
        "ts": "1642166112.104300",
        "team": "TJE58GTJL",
        "user_team": "TJE58GTJL",
        "source_team": "TJE58GTJL",
        "user_profile": {
            "avatar_hash": "c1d845bba06d",
            "image_72": "https:\/\/avatars.slack-edge.com\/2021-05-21\/2090873932082_c1d845bba06d288505ec_72.jpg",
            "first_name": "Camille",
            "real_name": "Camille Hogg",
            "display_name": "Cami",
            "team": "TJE58GTJL",
            "name": "camille.l.hogg",
            "is_restricted": false,
            "is_ultra_restricted": false
        },
        "blocks": [
            {
                "type": "rich_text",
                "block_id": "Moi",
                "elements": [
                    {
                        "type": "rich_text_section",
                        "elements": [
                            {
                                "type": "text",
                                "text": "Hey "
                            },
                            {
                                "type": "user",
                                "user_id": "U011QQDDSJV"
                            },
                            {
                                "type": "text",
                                "text": " I know a developer who writes for CircleCi — he’s experienced in AWS cloud, Python and .Net\/ASP, mainly. He’s UK-based. Would he be a good fit?"
                            }
                        ]
                    }
                ]
            }
        ],
        "thread_ts": "1642119550.102100",
        "parent_user_id": "U011QQDDSJV"
    },
    {
        "client_msg_id": "89a77dbf-1dbd-49eb-9db9-0c3438ed9944",
        "type": "message",
        "text": "This is all we do at <http:\/\/Draft.dev|Draft.dev>\n\nWe’ve got about 150 writers right now covering just about every tech niche. Obviously, we’re a full-service content production company, not just freelancers, but figured I would mention it since this is our niche.",
        "user": "U029CTQ5X6Y",
        "ts": "1642170707.104600",
        "team": "TJE58GTJL",
        "user_team": "TJE58GTJL",
        "source_team": "TJE58GTJL",
        "user_profile": {
            "avatar_hash": "4d1afd4712b9",
            "image_72": "https:\/\/avatars.slack-edge.com\/2021-07-26\/2312909469026_4d1afd4712b9f77f1af8_72.jpg",
            "first_name": "Karl",
            "real_name": "Karl Hughes",
            "display_name": "Karl (Draft.dev)",
            "team": "TJE58GTJL",
            "name": "khughes.me",
            "is_restricted": false,
            "is_ultra_restricted": false
        },
        "blocks": [
            {
                "type": "rich_text",
                "block_id": "Fnl",
                "elements": [
                    {
                        "type": "rich_text_section",
                        "elements": [
                            {
                                "type": "text",
                                "text": "This is all we do at "
                            },
                            {
                                "type": "link",
                                "url": "http:\/\/Draft.dev",
                                "text": "Draft.dev"
                            },
                            {
                                "type": "text",
                                "text": "\n\nWe’ve got about 150 writers right now covering just about every tech niche. Obviously, we’re a full-service content production company, not just freelancers, but figured I would mention it since this is our niche."
                            }
                        ]
                    }
                ]
            }
        ],
        "thread_ts": "1642088462.090300",
        "parent_user_id": "UK3FP4VNZ"
    },
    {
        "client_msg_id": "961bb91a-a48b-4032-8a93-5e1d0c2e3879",
        "type": "message",
        "text": "Hi Kristin - I'd like to recommend a freelance writer who specializes in b2b tech. Hope this helps! <https:\/\/davistruyen.com\/>",
        "user": "U02L06T4MM2",
        "ts": "1642175115.105300",
        "team": "TJE58GTJL",
        "user_team": "TJE58GTJL",
        "source_team": "TJE58GTJL",
        "user_profile": {
            "avatar_hash": "e5debb82b8da",
            "image_72": "https:\/\/avatars.slack-edge.com\/2021-11-02\/2690827921297_e5debb82b8da85ea1ff8_72.jpg",
            "first_name": "Christine",
            "real_name": "Christine Gomolka",
            "display_name": "Christine Gomolka",
            "team": "TJE58GTJL",
            "name": "christine",
            "is_restricted": false,
            "is_ultra_restricted": false
        },
        "attachments": [
            {
                "from_url": "https:\/\/davistruyen.com\/",
                "image_url": "https:\/\/davistruyen.com\/wp-content\/uploads\/2021\/05\/Davis-Truyen-Home-Page-Hero-Section-9.png",
                "image_width": 250,
                "image_height": 250,
                "image_bytes": 1056928,
                "service_icon": "https:\/\/davistruyen.com\/wp-content\/uploads\/2021\/04\/cropped-DAVIS-TRUYEN-LOGO-submark-180x180.png",
                "id": 1,
                "original_url": "https:\/\/davistruyen.com\/",
                "fallback": "Davis Truyen: Copywriter &amp; Content Strategist - For B2B SaaS Company - Davis Truyen",
                "text": "“Hi, I’m Davis I’m a freelance copywriter for B2B SaaS companies. Whether you need to build a relationship with your customers, or establish your brand as an industry leader, there’s no better strategy than customer-centric content. HIRE ME AS YOUR COPYWRITER If you want to create content that actually helps your customer!” as seen on … Copywriter &amp; Content Strategist – For B2B SaaS Company Read More »",
                "title": "Copywriter &amp; Content Strategist - For B2B SaaS Company - Davis Truyen",
                "title_link": "https:\/\/davistruyen.com\/",
                "service_name": "Davis Truyen",
                "fields": [
                    {
                        "value": "4 minutes",
                        "title": "Est. reading time",
                        "short": true
                    }
                ]
            }
        ],
        "blocks": [
            {
                "type": "rich_text",
                "block_id": "YhO4j",
                "elements": [
                    {
                        "type": "rich_text_section",
                        "elements": [
                            {
                                "type": "text",
                                "text": "Hi Kristin - I'd like to recommend a freelance writer who specializes in b2b tech. Hope this helps! "
                            },
                            {
                                "type": "link",
                                "url": "https:\/\/davistruyen.com\/"
                            }
                        ]
                    }
                ]
            }
        ],
        "thread_ts": "1638905365.378700",
        "parent_user_id": "U02P99X3QGP"
    },
    {
        "client_msg_id": "cfad9db8-a734-4670-9cc0-c5d44c509542",
        "type": "message",
        "text": "Hey <@UJG9WTEKG> this sounds exciting! Would love to connect with you",
        "user": "U02U3RDQKHP",
        "ts": "1642176889.105800",
        "team": "TJE58GTJL",
        "user_team": "TJE58GTJL",
        "source_team": "TJE58GTJL",
        "user_profile": {
            "avatar_hash": "c4b54647fa38",
            "image_72": "https:\/\/avatars.slack-edge.com\/2022-01-31\/3029579600245_c4b54647fa384f5f7419_72.jpg",
            "first_name": "Sharan",
            "real_name": "Sharan Phillora",
            "display_name": "Sharan Phillora",
            "team": "TJE58GTJL",
            "name": "sharanphillora",
            "is_restricted": false,
            "is_ultra_restricted": false
        },
        "blocks": [
            {
                "type": "rich_text",
                "block_id": "EixGV",
                "elements": [
                    {
                        "type": "rich_text_section",
                        "elements": [
                            {
                                "type": "text",
                                "text": "Hey "
                            },
                            {
                                "type": "user",
                                "user_id": "UJG9WTEKG"
                            },
                            {
                                "type": "text",
                                "text": " this sounds exciting! Would love to connect with you"
                            }
                        ]
                    }
                ]
            }
        ],
        "thread_ts": "1642103102.097200",
        "parent_user_id": "UJG9WTEKG"
    },
    {
        "client_msg_id": "c6c8839b-6411-48c0-af9a-b939120db892",
        "type": "message",
        "text": "Hi all, any virtual assistants here? Need some support for a small project that would mostly involve data entry and researching websites. Please DM me if you're available in the next week or so, thanks!",
        "user": "U01MW6DPU72",
        "ts": "1642179382.106900",
        "team": "TJE58GTJL",
        "user_team": "TJE58GTJL",
        "source_team": "TJE58GTJL",
        "user_profile": {
            "avatar_hash": "g2ab21f412c3",
            "image_72": "https:\/\/secure.gravatar.com\/avatar\/2ab21f412c3215ee2b3c2994772c589e.jpg?s=72&d=https%3A%2F%2Fa.slack-edge.com%2Fdf10d%2Fimg%2Favatars%2Fava_0024-72.png",
            "first_name": "Araminta",
            "real_name": "Araminta Robertson",
            "display_name": "Araminta Robertson",
            "team": "TJE58GTJL",
            "name": "robertsona98",
            "is_restricted": false,
            "is_ultra_restricted": false
        },
        "blocks": [
            {
                "type": "rich_text",
                "block_id": "Jq6+p",
                "elements": [
                    {
                        "type": "rich_text_section",
                        "elements": [
                            {
                                "type": "text",
                                "text": "Hi all, any virtual assistants here? Need some support for a small project that would mostly involve data entry and researching websites. Please DM me if you're available in the next week or so, thanks!"
                            }
                        ]
                    }
                ]
            }
        ],
        "thread_ts": "1642179382.106900",
        "reply_count": 2,
        "reply_users_count": 2,
        "latest_reply": "1642271882.113900",
        "reply_users": [
            "U02TK8BKMUJ",
            "U02CD08B7CP"
        ],
        "replies": [
            {
                "user": "U02TK8BKMUJ",
                "ts": "1642186451.107800"
            },
            {
                "user": "U02CD08B7CP",
                "ts": "1642271882.113900"
            }
        ],
        "is_locked": false,
        "subscribed": false
    },
    {
        "client_msg_id": "9c302582-3310-4ac8-afc2-3b7db958066e",
        "type": "message",
        "text": "<@U01E1LMJUQY> any chance you’re still looking for someone? I do a lot of marketing design for tech companies. You can check out my portfolio here: <https:\/\/puddlea.com>",
        "user": "U01RHT8800N",
        "ts": "1642180259.107000",
        "team": "TJE58GTJL",
        "user_team": "TJE58GTJL",
        "source_team": "TJE58GTJL",
        "user_profile": {
            "avatar_hash": "351f898be38f",
            "image_72": "https:\/\/avatars.slack-edge.com\/2021-03-18\/1874720693426_351f898be38f3e5a6753_72.png",
            "first_name": "mekkie",
            "real_name": "mekkie",
            "display_name": "mekkie",
            "team": "TJE58GTJL",
            "name": "mehakbansil",
            "is_restricted": false,
            "is_ultra_restricted": false
        },
        "attachments": [
            {
                "from_url": "https:\/\/puddlea.com\/",
                "image_url": "https:\/\/uploads-ssl.webflow.com\/5fbdb8892cc28d7932c10df4\/6049218c75e3c04fc4e16005_Untitled%204.jpg",
                "image_width": 250,
                "image_height": 250,
                "image_bytes": 60113,
                "id": 1,
                "original_url": "https:\/\/puddlea.com",
                "fallback": "PUDDLEA | the art and design of mekkie bansil",
                "text": "Mekkie Bansil is a San Francisco-based artist and designer with a penchant for copy. See how she uses her skills to help scrappy startups get more leads and inspire starry-eyed dreamers with magical paintings",
                "title": "PUDDLEA | the art and design of mekkie bansil",
                "title_link": "https:\/\/puddlea.com\/",
                "service_name": "puddlea.com"
            }
        ],
        "blocks": [
            {
                "type": "rich_text",
                "block_id": "Ca13",
                "elements": [
                    {
                        "type": "rich_text_section",
                        "elements": [
                            {
                                "type": "user",
                                "user_id": "U01E1LMJUQY"
                            },
                            {
                                "type": "text",
                                "text": " any chance you’re still looking for someone? I do a lot of marketing design for tech companies. You can check out my portfolio here: "
                            },
                            {
                                "type": "link",
                                "url": "https:\/\/puddlea.com"
                            }
                        ]
                    }
                ]
            }
        ],
        "thread_ts": "1639762750.495000",
        "parent_user_id": "U01E1LMJUQY"
    },
    {
        "client_msg_id": "cbd14cbe-dbc7-4faa-b7a7-dfe42021c9bc",
        "type": "message",
        "text": "Sent a DM",
        "user": "U02TK8BKMUJ",
        "ts": "1642186439.107600",
        "team": "TJE58GTJL",
        "user_team": "TJE58GTJL",
        "source_team": "TJE58GTJL",
        "user_profile": {
            "avatar_hash": "06ae1d09f183",
            "image_72": "https:\/\/avatars.slack-edge.com\/2022-01-12\/2944086859396_06ae1d09f183d40b719d_72.jpg",
            "first_name": "Chidinma",
            "real_name": "Chidinma Itsuokor",
            "display_name": "Chidinma Writes",
            "team": "TJE58GTJL",
            "name": "chidinma.itsuokor",
            "is_restricted": false,
            "is_ultra_restricted": false
        },
        "blocks": [
            {
                "type": "rich_text",
                "block_id": "t7H63",
                "elements": [
                    {
                        "type": "rich_text_section",
                        "elements": [
                            {
                                "type": "text",
                                "text": "Sent a DM"
                            }
                        ]
                    }
                ]
            }
        ],
        "thread_ts": "1642103102.097200",
        "parent_user_id": "UJG9WTEKG"
    },
    {
        "client_msg_id": "59f7dbcd-494d-476b-9028-1f084af00f66",
        "type": "message",
        "text": "Sent a DM",
        "user": "U02TK8BKMUJ",
        "ts": "1642186451.107800",
        "team": "TJE58GTJL",
        "user_team": "TJE58GTJL",
        "source_team": "TJE58GTJL",
        "user_profile": {
            "avatar_hash": "06ae1d09f183",
            "image_72": "https:\/\/avatars.slack-edge.com\/2022-01-12\/2944086859396_06ae1d09f183d40b719d_72.jpg",
            "first_name": "Chidinma",
            "real_name": "Chidinma Itsuokor",
            "display_name": "Chidinma Writes",
            "team": "TJE58GTJL",
            "name": "chidinma.itsuokor",
            "is_restricted": false,
            "is_ultra_restricted": false
        },
        "blocks": [
            {
                "type": "rich_text",
                "block_id": "kaa",
                "elements": [
                    {
                        "type": "rich_text_section",
                        "elements": [
                            {
                                "type": "text",
                                "text": "Sent a DM"
                            }
                        ]
                    }
                ]
            }
        ],
        "thread_ts": "1642179382.106900",
        "parent_user_id": "U01MW6DPU72"
    },
    {
        "client_msg_id": "83121434-2757-4897-b0c6-916d8c27a013",
        "type": "message",
        "text": "I have had a VA for years to handle things like my website updates, light social media tasks for my own channels, research for my blogs and newsletters, and light admin. I don't currently allow VAs to see or handle any client assets as this would currently break privacy agreements I have in place with clients, but I have found enough work for her to do to keep her on 5 hours a week. She is US based and a writer herself. I also hire my adult children who are in media to do things like photography, Canva design, and audio\/video editing.",
        "user": "U02M83NQ10U",
        "ts": "1642187376.108000",
        "team": "TJE58GTJL",
        "user_team": "TJE58GTJL",
        "source_team": "TJE58GTJL",
        "user_profile": {
            "avatar_hash": "87c168f85c64",
            "image_72": "https:\/\/avatars.slack-edge.com\/2021-11-12\/2720180260115_87c168f85c64b058a6b7_72.jpg",
            "first_name": "Linsey",
            "real_name": "Linsey Knerl",
            "display_name": "Linsey Knerl",
            "team": "TJE58GTJL",
            "name": "linsey",
            "is_restricted": false,
            "is_ultra_restricted": false
        },
        "blocks": [
            {
                "type": "rich_text",
                "block_id": "XT9",
                "elements": [
                    {
                        "type": "rich_text_section",
                        "elements": [
                            {
                                "type": "text",
                                "text": "I have had a VA for years to handle things like my website updates, light social media tasks for my own channels, research for my blogs and newsletters, and light admin. I don't currently allow VAs to see or handle any client assets as this would currently break privacy agreements I have in place with clients, but I have found enough work for her to do to keep her on 5 hours a week. She is US based and a writer herself. I also hire my adult children who are in media to do things like photography, Canva design, and audio\/video editing."
                            }
                        ]
                    }
                ]
            }
        ],
        "thread_ts": "1641880806.065800",
        "parent_user_id": "U02AR2XSN1M"
    },
    {
        "client_msg_id": "704d5d36-f8b7-44b4-9948-0ea772f0d8e3",
        "type": "message",
        "text": "i got SO many great messages about this. i'm sorry i haven't responded quickly (or at all in some cases)",
        "user": "UJG9WTEKG",
        "ts": "1642187984.108200",
        "team": "TJE58GTJL",
        "user_team": "TJE58GTJL",
        "source_team": "TJE58GTJL",
        "user_profile": {
            "avatar_hash": "gc25b94e6ebf",
            "image_72": "https:\/\/secure.gravatar.com\/avatar\/eec25b94e6ebf55f0b7933372344cd09.jpg?s=72&d=https%3A%2F%2Fa.slack-edge.com%2Fdf10d%2Fimg%2Favatars%2Fava_0001-72.png",
            "first_name": "Jimmy",
            "real_name": "Jimmy Daly",
            "display_name": "",
            "team": "TJE58GTJL",
            "name": "runjimdaly",
            "is_restricted": false,
            "is_ultra_restricted": false
        },
        "blocks": [
            {
                "type": "rich_text",
                "block_id": "=opi",
                "elements": [
                    {
                        "type": "rich_text_section",
                        "elements": [
                            {
                                "type": "text",
                                "text": "i got SO many great messages about this. i'm sorry i haven't responded quickly (or at all in some cases)"
                            }
                        ]
                    }
                ]
            }
        ],
        "thread_ts": "1642103102.097200",
        "parent_user_id": "UJG9WTEKG"
    },
    {
        "client_msg_id": "85b6f9d7-2852-4953-98e0-5f101e4c41d2",
        "type": "message",
        "text": "my DMs are a mess today haha",
        "user": "UJG9WTEKG",
        "ts": "1642187993.108400",
        "team": "TJE58GTJL",
        "user_team": "TJE58GTJL",
        "source_team": "TJE58GTJL",
        "user_profile": {
            "avatar_hash": "gc25b94e6ebf",
            "image_72": "https:\/\/secure.gravatar.com\/avatar\/eec25b94e6ebf55f0b7933372344cd09.jpg?s=72&d=https%3A%2F%2Fa.slack-edge.com%2Fdf10d%2Fimg%2Favatars%2Fava_0001-72.png",
            "first_name": "Jimmy",
            "real_name": "Jimmy Daly",
            "display_name": "",
            "team": "TJE58GTJL",
            "name": "runjimdaly",
            "is_restricted": false,
            "is_ultra_restricted": false
        },
        "blocks": [
            {
                "type": "rich_text",
                "block_id": "8zkl",
                "elements": [
                    {
                        "type": "rich_text_section",
                        "elements": [
                            {
                                "type": "text",
                                "text": "my DMs are a mess today haha"
                            }
                        ]
                    }
                ]
            }
        ],
        "thread_ts": "1642103102.097200",
        "parent_user_id": "UJG9WTEKG"
    },
    {
        "client_msg_id": "e9be9012-14a5-44ab-8970-676bda262a55",
        "type": "message",
        "text": "thank you all",
        "user": "UJG9WTEKG",
        "ts": "1642187994.108600",
        "team": "TJE58GTJL",
        "user_team": "TJE58GTJL",
        "source_team": "TJE58GTJL",
        "user_profile": {
            "avatar_hash": "gc25b94e6ebf",
            "image_72": "https:\/\/secure.gravatar.com\/avatar\/eec25b94e6ebf55f0b7933372344cd09.jpg?s=72&d=https%3A%2F%2Fa.slack-edge.com%2Fdf10d%2Fimg%2Favatars%2Fava_0001-72.png",
            "first_name": "Jimmy",
            "real_name": "Jimmy Daly",
            "display_name": "",
            "team": "TJE58GTJL",
            "name": "runjimdaly",
            "is_restricted": false,
            "is_ultra_restricted": false
        },
        "blocks": [
            {
                "type": "rich_text",
                "block_id": "uHb",
                "elements": [
                    {
                        "type": "rich_text_section",
                        "elements": [
                            {
                                "type": "text",
                                "text": "thank you all"
                            }
                        ]
                    }
                ]
            }
        ],
        "thread_ts": "1642103102.097200",
        "parent_user_id": "UJG9WTEKG"
    }
]