[
    {
        "client_msg_id": "857a1b60-fc1f-46e5-a3f3-e80e28031726",
        "type": "message",
        "text": "*Job Opportunity*\n\nOne of my clients is looking for a freelancer writer to join our team. We specialise in technical writing so looking for someone who can hold their own with complex technical info and understand audience and voice of the developer niche.\n\nIf you are interested send me a couple of samples to <mailto:craigdennis1990@gmail.com|craigdennis1990@gmail.com>",
        "user": "U02CTCZEL3E",
        "ts": "1641544355.005800",
        "team": "TJE58GTJL",
        "user_team": "TJE58GTJL",
        "source_team": "TJE58GTJL",
        "user_profile": {
            "avatar_hash": "g3beeb2d18df",
            "image_72": "https:\/\/secure.gravatar.com\/avatar\/3beeb2d18dfb62c4a48be52d8c8931d0.jpg?s=72&d=https%3A%2F%2Fa.slack-edge.com%2Fdf10d%2Fimg%2Favatars%2Fava_0018-72.png",
            "first_name": "Craig",
            "real_name": "Craig Dennis",
            "display_name": "Craig",
            "team": "TJE58GTJL",
            "name": "craigdennis1990",
            "is_restricted": false,
            "is_ultra_restricted": false
        },
        "blocks": [
            {
                "type": "rich_text",
                "block_id": "b7z",
                "elements": [
                    {
                        "type": "rich_text_section",
                        "elements": [
                            {
                                "type": "text",
                                "text": "*Job Opportunity*\n\nOne of my clients is looking for a freelancer writer to join our team. We specialise in technical writing so looking for someone who can hold their own with complex technical info and understand audience and voice of the developer niche.\n\nIf you are interested send me a couple of samples to "
                            },
                            {
                                "type": "link",
                                "url": "mailto:craigdennis1990@gmail.com",
                                "text": "craigdennis1990@gmail.com"
                            }
                        ]
                    }
                ]
            }
        ],
        "thread_ts": "1641544355.005800",
        "reply_count": 4,
        "reply_users_count": 4,
        "latest_reply": "1641573172.018200",
        "reply_users": [
            "U02AUQ0KMGC",
            "U02CTCZEL3E",
            "U027KKWUY12",
            "U02PUQ6CQRX"
        ],
        "replies": [
            {
                "user": "U02AUQ0KMGC",
                "ts": "1641544411.005900"
            },
            {
                "user": "U02CTCZEL3E",
                "ts": "1641545417.006100"
            },
            {
                "user": "U027KKWUY12",
                "ts": "1641545903.006700"
            },
            {
                "user": "U02PUQ6CQRX",
                "ts": "1641573172.018200"
            }
        ],
        "is_locked": false,
        "subscribed": false
    },
    {
        "client_msg_id": "057853d9-db34-4069-a27f-8f7a0843b4fa",
        "type": "message",
        "text": "<@U02CTCZEL3E> Would you mind sharing the name of the client please? To get a sense of what they do.",
        "user": "U02AUQ0KMGC",
        "ts": "1641544411.005900",
        "team": "TJE58GTJL",
        "user_team": "TJE58GTJL",
        "source_team": "TJE58GTJL",
        "user_profile": {
            "avatar_hash": "3e360cf5635d",
            "image_72": "https:\/\/avatars.slack-edge.com\/2021-08-18\/2386614445190_3e360cf5635de24d8bd7_72.jpg",
            "first_name": "Priyanshu",
            "real_name": "Priyanshu Chhazed",
            "display_name": "Priyanshu Chhazed",
            "team": "TJE58GTJL",
            "name": "chhazedpriyanshu",
            "is_restricted": false,
            "is_ultra_restricted": false
        },
        "blocks": [
            {
                "type": "rich_text",
                "block_id": "13t7",
                "elements": [
                    {
                        "type": "rich_text_section",
                        "elements": [
                            {
                                "type": "user",
                                "user_id": "U02CTCZEL3E"
                            },
                            {
                                "type": "text",
                                "text": " Would you mind sharing the name of the client please? To get a sense of what they do."
                            }
                        ]
                    }
                ]
            }
        ],
        "thread_ts": "1641544355.005800",
        "parent_user_id": "U02CTCZEL3E"
    },
    {
        "client_msg_id": "3c3fbaa6-e834-4b92-affe-a498d6419f50",
        "type": "message",
        "text": "Hey <@U02AUQ0KMGC> they have asked to remain anonymous, I can only suggest sending some of your samples over for consideration",
        "user": "U02CTCZEL3E",
        "ts": "1641545417.006100",
        "team": "TJE58GTJL",
        "user_team": "TJE58GTJL",
        "source_team": "TJE58GTJL",
        "user_profile": {
            "avatar_hash": "g3beeb2d18df",
            "image_72": "https:\/\/secure.gravatar.com\/avatar\/3beeb2d18dfb62c4a48be52d8c8931d0.jpg?s=72&d=https%3A%2F%2Fa.slack-edge.com%2Fdf10d%2Fimg%2Favatars%2Fava_0018-72.png",
            "first_name": "Craig",
            "real_name": "Craig Dennis",
            "display_name": "Craig",
            "team": "TJE58GTJL",
            "name": "craigdennis1990",
            "is_restricted": false,
            "is_ultra_restricted": false
        },
        "blocks": [
            {
                "type": "rich_text",
                "block_id": "yEAH",
                "elements": [
                    {
                        "type": "rich_text_section",
                        "elements": [
                            {
                                "type": "text",
                                "text": "Hey "
                            },
                            {
                                "type": "user",
                                "user_id": "U02AUQ0KMGC"
                            },
                            {
                                "type": "text",
                                "text": " they have asked to remain anonymous, I can only suggest sending some of your samples over for consideration"
                            }
                        ]
                    }
                ]
            }
        ],
        "thread_ts": "1641544355.005800",
        "parent_user_id": "U02CTCZEL3E"
    },
    {
        "client_msg_id": "5E6963A4-88D0-4BB9-B808-4141FF30D28D",
        "type": "message",
        "text": "Samples sent Craig",
        "user": "U027KKWUY12",
        "ts": "1641545903.006700",
        "team": "TJE58GTJL",
        "user_team": "TJE58GTJL",
        "source_team": "TJE58GTJL",
        "user_profile": {
            "avatar_hash": "f2176ca29ce5",
            "image_72": "https:\/\/avatars.slack-edge.com\/2021-07-14\/2268394227302_f2176ca29ce5a159a5bb_72.png",
            "first_name": "Lapite",
            "real_name": "Lapite Olamide",
            "display_name": "Olamide",
            "team": "TJE58GTJL",
            "name": "lapite3",
            "is_restricted": false,
            "is_ultra_restricted": false
        },
        "blocks": [
            {
                "type": "rich_text",
                "block_id": "kLqFU",
                "elements": [
                    {
                        "type": "rich_text_section",
                        "elements": [
                            {
                                "type": "text",
                                "text": "Samples sent Craig"
                            }
                        ]
                    }
                ]
            }
        ],
        "thread_ts": "1641544355.005800",
        "parent_user_id": "U02CTCZEL3E",
        "reactions": [
            {
                "name": "+1",
                "users": [
                    "U02CTCZEL3E"
                ],
                "count": 1
            }
        ]
    },
    {
        "client_msg_id": "ee99db04-d3b3-47f7-aa81-47d167252d8c",
        "type": "message",
        "text": "Hi everyone! I lead content at <https:\/\/www.heykona.com\/|Kona>, a Slack integration with daily mental health check-ins that aims to prevent burnout and build strong remote cultures.\n\nWe’re hiring freelance writers anywhere in the world! We’re looking for someone who can take on four 1,000-2,000 word articles per month and is interested in working with us long-term. You’ll have a byline on our blog and we’re flexible to work around your schedule with deadlines.\n\nMore details in the job posting! If you’re interested, please apply through the link (it’s super brief).\n\nAnd apologies for those of you who are seeing this posting twice. I accidentally posted in the job listing feed, but will review every submission early next week.\n\nThanks!!\n<https:\/\/heykona.notion.site\/heykona\/Join-Kona-as-a-B2B-freelance-writer-1e44166e8179497594011297178d3af7>",
        "user": "U02ELNHNGVB",
        "ts": "1641551915.008800",
        "team": "TJE58GTJL",
        "user_team": "TJE58GTJL",
        "source_team": "TJE58GTJL",
        "user_profile": {
            "avatar_hash": "4c586e59d065",
            "image_72": "https:\/\/avatars.slack-edge.com\/2021-09-16\/2499845821106_4c586e59d06563572f2e_72.jpg",
            "first_name": "Sarah",
            "real_name": "Sarah Archer",
            "display_name": "Sarah Archer",
            "team": "TJE58GTJL",
            "name": "sarahashleyarcher",
            "is_restricted": false,
            "is_ultra_restricted": false
        },
        "attachments": [
            {
                "from_url": "https:\/\/heykona.notion.site\/heykona\/Join-Kona-as-a-B2B-freelance-writer-1e44166e8179497594011297178d3af7",
                "image_url": "https:\/\/heykona.notion.site\/image\/https%3A%2F%2Fs3-us-west-2.amazonaws.com%2Fsecure.notion-static.com%2F0608ebdb-3c23-4a88-a01a-0ca3502ae8c3%2FKona_doodle_LI_banner_(2).png?table=block&id=1e44166e-8179-4975-9401-1297178d3af7&spaceId=c898dbfc-5305-47b1-ba3a-8890f1d1142f&width=2000&userId=&cache=v2",
                "image_width": 824,
                "image_height": 250,
                "image_bytes": 135245,
                "id": 1,
                "original_url": "https:\/\/heykona.notion.site\/heykona\/Join-Kona-as-a-B2B-freelance-writer-1e44166e8179497594011297178d3af7",
                "fallback": "Kona on Notion: Join Kona as a B2B freelance writer!",
                "text": "Kona - mental health for remote teams.",
                "title": "Join Kona as a B2B freelance writer!",
                "title_link": "https:\/\/heykona.notion.site\/heykona\/Join-Kona-as-a-B2B-freelance-writer-1e44166e8179497594011297178d3af7",
                "service_name": "Kona on Notion"
            }
        ],
        "blocks": [
            {
                "type": "rich_text",
                "block_id": "N23",
                "elements": [
                    {
                        "type": "rich_text_section",
                        "elements": [
                            {
                                "type": "text",
                                "text": "Hi everyone! I lead content at "
                            },
                            {
                                "type": "link",
                                "url": "https:\/\/www.heykona.com\/",
                                "text": "Kona"
                            },
                            {
                                "type": "text",
                                "text": ", a Slack integration with daily mental health check-ins that aims to prevent burnout and build strong remote cultures.\n\nWe’re hiring freelance writers anywhere in the world! We’re looking for someone who can take on four 1,000-2,000 word articles per month and is interested in working with us long-term. You’ll have a byline on our blog and we’re flexible to work around your schedule with deadlines.\n\nMore details in the job posting! If you’re interested, please apply through the link (it’s super brief).\n\nAnd apologies for those of you who are seeing this posting twice. I accidentally posted in the job listing feed, but will review every submission early next week.\n\nThanks!!\n"
                            },
                            {
                                "type": "link",
                                "url": "https:\/\/heykona.notion.site\/heykona\/Join-Kona-as-a-B2B-freelance-writer-1e44166e8179497594011297178d3af7"
                            }
                        ]
                    }
                ]
            }
        ],
        "reactions": [
            {
                "name": "eyes",
                "users": [
                    "U0231C2LYNM",
                    "U02S2UZU3D3",
                    "U02PQ08HCSF"
                ],
                "count": 3
            },
            {
                "name": "purple_heart",
                "users": [
                    "U02KY0R6YGK",
                    "UR1BHUY6Q",
                    "U024A8928AW",
                    "U02S2UZU3D3",
                    "UN227ML2H"
                ],
                "count": 5
            },
            {
                "name": "white_check_mark",
                "users": [
                    "U02DQ4MB30E",
                    "U024A8928AW",
                    "U02PQ08HCSF",
                    "U02GMMQ281W"
                ],
                "count": 4
            },
            {
                "name": "heart",
                "users": [
                    "U02SQ6PSPMZ",
                    "U027KKWUY12",
                    "U01PXN2LGAK",
                    "U025BTB2RC1",
                    "U02BPC785T3"
                ],
                "count": 5
            }
        ]
    },
    {
        "client_msg_id": "550f75ca-cb47-435f-ade8-c87465ad7bf0",
        "type": "message",
        "text": "Hey there :wave:\nI am looking for a content writer who has experience in product design &amp; startups topics (fintech, proptech, automotive &amp; med would be a plus) for the <https:\/\/humbleteam.com\/secrets> blog (long-term). Articles around 1000-1500 words, usually with the founders input, and sometimes writing fully on your own (usually case studies, interviews or thought leadership pieces).\n\nFeel free to send me your preferred rate and examples of your work to <mailto:anastasia.s@humbleteam.com|anastasia.s@humbleteam.com>.\n\nThanks! :relaxed:",
        "user": "U02P58SPEN8",
        "ts": "1641559774.009900",
        "team": "TJE58GTJL",
        "user_team": "TJE58GTJL",
        "source_team": "TJE58GTJL",
        "user_profile": {
            "avatar_hash": "66496f1b8f01",
            "image_72": "https:\/\/avatars.slack-edge.com\/2021-12-01\/2786626124563_66496f1b8f012f745ec8_72.jpg",
            "first_name": "Anastasia",
            "real_name": "Anastasia Sobova",
            "display_name": "Anastasia Sobova",
            "team": "TJE58GTJL",
            "name": "sobovaa",
            "is_restricted": false,
            "is_ultra_restricted": false
        },
        "attachments": [
            {
                "from_url": "https:\/\/humbleteam.com\/secrets",
                "image_url": "https:\/\/humbleteam.com\/images\/covers\/fb\/blog.png",
                "image_width": 476,
                "image_height": 250,
                "image_bytes": 12984,
                "service_icon": "https:\/\/humbleteam.com\/images\/favicons\/apple-icon-57x57.png",
                "id": 1,
                "original_url": "https:\/\/humbleteam.com\/secrets",
                "fallback": "Humbleteam: Shared Secrets, a product design blog by Humbleteam",
                "text": "A blog about advice, agencies, apps, clients, company culture, design, development, and more. Not necessarily in that order.",
                "title": "Shared Secrets, a product design blog by Humbleteam",
                "title_link": "https:\/\/humbleteam.com\/secrets",
                "service_name": "Humbleteam"
            }
        ],
        "blocks": [
            {
                "type": "rich_text",
                "block_id": "h8d=",
                "elements": [
                    {
                        "type": "rich_text_section",
                        "elements": [
                            {
                                "type": "text",
                                "text": "Hey there "
                            },
                            {
                                "type": "emoji",
                                "name": "wave"
                            },
                            {
                                "type": "text",
                                "text": "\nI am looking for a content writer who has experience in product design & startups topics (fintech, proptech, automotive & med would be a plus) for the "
                            },
                            {
                                "type": "link",
                                "url": "https:\/\/humbleteam.com\/secrets"
                            },
                            {
                                "type": "text",
                                "text": " blog (long-term). Articles around 1000-1500 words, usually with the founders input, and sometimes writing fully on your own (usually case studies, interviews or thought leadership pieces).\n\nFeel free to send me your preferred rate and examples of your work to "
                            },
                            {
                                "type": "link",
                                "url": "mailto:anastasia.s@humbleteam.com",
                                "text": "anastasia.s@humbleteam.com"
                            },
                            {
                                "type": "text",
                                "text": ".\n\nThanks! "
                            },
                            {
                                "type": "emoji",
                                "name": "relaxed"
                            }
                        ]
                    }
                ]
            }
        ],
        "reactions": [
            {
                "name": "white_check_mark",
                "users": [
                    "U02DQ4MB30E",
                    "U02MX01BC4C"
                ],
                "count": 2
            },
            {
                "name": "fire",
                "users": [
                    "U024A8928AW"
                ],
                "count": 1
            },
            {
                "name": "+1",
                "users": [
                    "U029WCJDVU0"
                ],
                "count": 1
            }
        ]
    },
    {
        "client_msg_id": "d8e2bf24-95a1-4071-a0cd-ac104a55c099",
        "type": "message",
        "text": "Hey everyone, we are searching for a native English speaking B2B Content Strategist for clients at our agency <https:\/\/asmarketingagency.com\/|https:\/\/asmarketingagency.com\/>. Most of our clients are in the tech industry. You need experience with creating content like case studies, white papers, conversion landing pages, lead magnets, and ebooks. Ideally this is a client-facing role and you would work with our content writers and designers to produce the content.\n\nIf you're interested, please email <mailto:info@asmarketingagency.com|info@asmarketingagency.com> with your time zone, hourly rate, and portfolio.",
        "user": "U023HGMVC0P",
        "ts": "1641572087.016300",
        "team": "TJE58GTJL",
        "user_team": "TJE58GTJL",
        "source_team": "TJE58GTJL",
        "user_profile": {
            "avatar_hash": "62739cc5c557",
            "image_72": "https:\/\/avatars.slack-edge.com\/2021-06-04\/2149147721041_62739cc5c557263030d9_72.png",
            "first_name": "",
            "real_name": "Adriana Stein",
            "display_name": "Adriana Stein",
            "team": "TJE58GTJL",
            "name": "info035",
            "is_restricted": false,
            "is_ultra_restricted": false
        },
        "blocks": [
            {
                "type": "rich_text",
                "block_id": "ODG",
                "elements": [
                    {
                        "type": "rich_text_section",
                        "elements": [
                            {
                                "type": "text",
                                "text": "Hey everyone, we are searching for a native English speaking B2B Content Strategist for clients at our agency "
                            },
                            {
                                "type": "link",
                                "url": "https:\/\/asmarketingagency.com\/",
                                "text": "https:\/\/asmarketingagency.com\/"
                            },
                            {
                                "type": "text",
                                "text": ". Most of our clients are in the tech industry. You need experience with creating content like case studies, white papers, conversion landing pages, lead magnets, and ebooks. Ideally this is a client-facing role and you would work with our content writers and designers to produce the content.\n\nIf you're interested, please email "
                            },
                            {
                                "type": "link",
                                "url": "mailto:info@asmarketingagency.com",
                                "text": "info@asmarketingagency.com"
                            },
                            {
                                "type": "text",
                                "text": " with your time zone, hourly rate, and portfolio."
                            }
                        ]
                    }
                ]
            }
        ],
        "reactions": [
            {
                "name": "eyes",
                "users": [
                    "U02GMMQ281W",
                    "U02GT0G6Y69",
                    "U02JP7GQ0KW"
                ],
                "count": 3
            }
        ]
    },
    {
        "client_msg_id": "A786B86B-D68B-4B15-AD76-993D04F0F408",
        "type": "message",
        "text": "Sent you an email ",
        "user": "U02PUQ6CQRX",
        "ts": "1641573172.018200",
        "team": "TJE58GTJL",
        "user_team": "TJE58GTJL",
        "source_team": "TJE58GTJL",
        "user_profile": {
            "avatar_hash": "g6ad1273c8c4",
            "image_72": "https:\/\/secure.gravatar.com\/avatar\/6ad1273c8c4437be1c8fe8c6db97dcc2.jpg?s=72&d=https%3A%2F%2Fa.slack-edge.com%2Fdf10d%2Fimg%2Favatars%2Fava_0017-72.png",
            "first_name": "Serah",
            "real_name": "Serah Nderi",
            "display_name": "Sarah Nderi",
            "team": "TJE58GTJL",
            "name": "sarah177",
            "is_restricted": false,
            "is_ultra_restricted": false
        },
        "blocks": [
            {
                "type": "rich_text",
                "block_id": "4NAX",
                "elements": [
                    {
                        "type": "rich_text_section",
                        "elements": [
                            {
                                "type": "text",
                                "text": "Sent you an email "
                            }
                        ]
                    }
                ]
            }
        ],
        "thread_ts": "1641544355.005800",
        "parent_user_id": "U02CTCZEL3E"
    },
    {
        "client_msg_id": "f0265bbf-d328-466b-8065-0b4b9a48db93",
        "type": "message",
        "text": "Hello all, we're looking for a video content agency who can help <http:\/\/kameleoon.com|Kameleoon>, produce tutorial and how-to video content about A\/B testing and experimentation for Youtube. Think something <https:\/\/www.youtube.com\/watch?v=sZEu5Ylhs60|like this> but with  better production value. We are a remote team so you will not be in the same location. We need someone to help the expert film their recordings, edit all the footage, create graphics and transitions, and package it all together. If you think you have a solution to help us produce this kind of video content remotely, please email me at <mailto:dboltinsky@kameleoon.com|dboltinsky@kameleoon.com> Thanks!",
        "user": "U028XTZTGAV",
        "ts": "1641573902.024600",
        "team": "TJE58GTJL",
        "user_team": "TJE58GTJL",
        "source_team": "TJE58GTJL",
        "user_profile": {
            "avatar_hash": "43c52c2133cd",
            "image_72": "https:\/\/avatars.slack-edge.com\/2021-10-04\/2565406345698_43c52c2133cdb7ed8b22_72.jpg",
            "first_name": "Daniel",
            "real_name": "Daniel Boltinsky",
            "display_name": "Daniel Boltinsky",
            "team": "TJE58GTJL",
            "name": "dboltinsky",
            "is_restricted": false,
            "is_ultra_restricted": false
        },
        "edited": {
            "user": "U028XTZTGAV",
            "ts": "1641573936.000000"
        },
        "blocks": [
            {
                "type": "rich_text",
                "block_id": "2aJ",
                "elements": [
                    {
                        "type": "rich_text_section",
                        "elements": [
                            {
                                "type": "text",
                                "text": "Hello all, we're looking for a video content agency who can help "
                            },
                            {
                                "type": "link",
                                "url": "http:\/\/kameleoon.com",
                                "text": "Kameleoon"
                            },
                            {
                                "type": "text",
                                "text": ", produce tutorial and how-to video content about A\/B testing and experimentation for Youtube. Think something "
                            },
                            {
                                "type": "link",
                                "url": "https:\/\/www.youtube.com\/watch?v=sZEu5Ylhs60",
                                "text": "like this"
                            },
                            {
                                "type": "text",
                                "text": " but with  better production value. We are a remote team so you will not be in the same location. We need someone to help the expert film their recordings, edit all the footage, create graphics and transitions, and package it all together. If you think you have a solution to help us produce this kind of video content remotely, please email me at "
                            },
                            {
                                "type": "link",
                                "url": "mailto:dboltinsky@kameleoon.com",
                                "text": "dboltinsky@kameleoon.com"
                            },
                            {
                                "type": "text",
                                "text": " Thanks!"
                            }
                        ]
                    }
                ]
            }
        ],
        "thread_ts": "1641573902.024600",
        "reply_count": 2,
        "reply_users_count": 2,
        "latest_reply": "1641598976.036000",
        "reply_users": [
            "U02SZ1DSX7U",
            "U02ME709F98"
        ],
        "replies": [
            {
                "user": "U02SZ1DSX7U",
                "ts": "1641574381.024800"
            },
            {
                "user": "U02ME709F98",
                "ts": "1641598976.036000"
            }
        ],
        "is_locked": false,
        "subscribed": false
    },
    {
        "client_msg_id": "d9b545bb-ba9b-4c89-ac3f-26fc4e9972bb",
        "type": "message",
        "text": "I think we might be able to help <@U028XTZTGAV> -- my business partner Ian will send you an email. <http:\/\/www.greyduck.tv|www.greyduck.tv>",
        "user": "U02SZ1DSX7U",
        "ts": "1641574381.024800",
        "team": "TJE58GTJL",
        "user_team": "TJE58GTJL",
        "source_team": "TJE58GTJL",
        "user_profile": {
            "avatar_hash": "0ad1213b52dd",
            "image_72": "https:\/\/avatars.slack-edge.com\/2022-01-06\/2919474163668_0ad1213b52ddd095fdfb_72.png",
            "first_name": "Lucas",
            "real_name": "Lucas Langworthy",
            "display_name": "Lucas Langworthy",
            "team": "TJE58GTJL",
            "name": "lucas536",
            "is_restricted": false,
            "is_ultra_restricted": false
        },
        "blocks": [
            {
                "type": "rich_text",
                "block_id": "aDm",
                "elements": [
                    {
                        "type": "rich_text_section",
                        "elements": [
                            {
                                "type": "text",
                                "text": "I think we might be able to help "
                            },
                            {
                                "type": "user",
                                "user_id": "U028XTZTGAV"
                            },
                            {
                                "type": "text",
                                "text": " -- my business partner Ian will send you an email. "
                            },
                            {
                                "type": "link",
                                "url": "http:\/\/www.greyduck.tv",
                                "text": "www.greyduck.tv"
                            }
                        ]
                    }
                ]
            }
        ],
        "thread_ts": "1641573902.024600",
        "parent_user_id": "U028XTZTGAV"
    },
    {
        "client_msg_id": "8a69cb42-fff1-44a3-bc1f-5d8a6f018de2",
        "type": "message",
        "text": "Hey freelancers! What's your preferred software for proposals\/contracts\/invoices and\/or your preferred business bank?\n\nI've known I need to improve the 'infrastructure' supporting my business, but I don't have a ton of time to spend on it these days.",
        "user": "U02SU2BECCA",
        "ts": "1641580414.027700",
        "team": "TJE58GTJL",
        "user_team": "TJE58GTJL",
        "source_team": "TJE58GTJL",
        "user_profile": {
            "avatar_hash": "ee48b1106795",
            "image_72": "https:\/\/avatars.slack-edge.com\/2022-01-05\/2912317446291_ee48b110679501fff7ef_72.jpg",
            "first_name": "Lawrence",
            "real_name": "Lawrence Barker",
            "display_name": "Lawrence",
            "team": "TJE58GTJL",
            "name": "lawrence",
            "is_restricted": false,
            "is_ultra_restricted": false
        },
        "blocks": [
            {
                "type": "rich_text",
                "block_id": "HBn7",
                "elements": [
                    {
                        "type": "rich_text_section",
                        "elements": [
                            {
                                "type": "text",
                                "text": "Hey freelancers! What's your preferred software for proposals\/contracts\/invoices and\/or your preferred business bank?\n\nI've known I need to improve the 'infrastructure' supporting my business, but I don't have a ton of time to spend on it these days."
                            }
                        ]
                    }
                ]
            }
        ],
        "thread_ts": "1641580414.027700",
        "reply_count": 13,
        "reply_users_count": 8,
        "latest_reply": "1641844702.059100",
        "reply_users": [
            "U01AHL8AGBB",
            "UUVS5HWMB",
            "UUJBM2PJ7",
            "U02SU2BECCA",
            "U02P99X3QGP",
            "U02CVNB3X1T",
            "U01P833NGUT",
            "U023G1P70KE"
        ],
        "replies": [
            {
                "user": "U01AHL8AGBB",
                "ts": "1641582573.027800"
            },
            {
                "user": "UUVS5HWMB",
                "ts": "1641583948.028000"
            },
            {
                "user": "UUJBM2PJ7",
                "ts": "1641583994.028400"
            },
            {
                "user": "U02SU2BECCA",
                "ts": "1641584836.028700"
            },
            {
                "user": "U02P99X3QGP",
                "ts": "1641667004.038400"
            },
            {
                "user": "U02CVNB3X1T",
                "ts": "1641824359.044600"
            },
            {
                "user": "U01P833NGUT",
                "ts": "1641842944.057400"
            },
            {
                "user": "U02SU2BECCA",
                "ts": "1641843677.057700"
            },
            {
                "user": "UUJBM2PJ7",
                "ts": "1641844157.057900"
            },
            {
                "user": "U02SU2BECCA",
                "ts": "1641844250.058200"
            },
            {
                "user": "U023G1P70KE",
                "ts": "1641844484.058500"
            },
            {
                "user": "UUJBM2PJ7",
                "ts": "1641844666.058900"
            },
            {
                "user": "U023G1P70KE",
                "ts": "1641844702.059100"
            }
        ],
        "is_locked": false,
        "subscribed": false
    },
    {
        "client_msg_id": "404f3577-26a9-4ccb-bc0b-bb292dfa1835",
        "type": "message",
        "text": "Currently using Wave but I've had my eye on Bonsai for awhile. The latter is way more robust (tradeoff: it's not free) and built its USP off pre-made contracts IIRC.",
        "user": "U01AHL8AGBB",
        "ts": "1641582573.027800",
        "team": "TJE58GTJL",
        "user_team": "TJE58GTJL",
        "source_team": "TJE58GTJL",
        "user_profile": {
            "avatar_hash": "09eb34255d46",
            "image_72": "https:\/\/avatars.slack-edge.com\/2020-09-07\/1347887170866_09eb34255d4678a00ddc_72.png",
            "first_name": "Jordy",
            "real_name": "Jordy Fujiwara",
            "display_name": "Jordy",
            "team": "TJE58GTJL",
            "name": "jordy.fujiwara",
            "is_restricted": false,
            "is_ultra_restricted": false
        },
        "blocks": [
            {
                "type": "rich_text",
                "block_id": "MiMW",
                "elements": [
                    {
                        "type": "rich_text_section",
                        "elements": [
                            {
                                "type": "text",
                                "text": "Currently using Wave but I've had my eye on Bonsai for awhile. The latter is way more robust (tradeoff: it's not free) and built its USP off pre-made contracts IIRC."
                            }
                        ]
                    }
                ]
            }
        ],
        "thread_ts": "1641580414.027700",
        "parent_user_id": "U02SU2BECCA",
        "reactions": [
            {
                "name": "white_check_mark",
                "users": [
                    "U02SU2BECCA"
                ],
                "count": 1
            }
        ]
    },
    {
        "client_msg_id": "fd1b943e-538b-4cc3-8e2b-09f60e09f9ad",
        "type": "message",
        "text": "Hey Lawrence! I use Hectic for proposals, invoices, meeting scheduling, project management, and more. \n\nThey just launched a Client Portal feature where clients can view everything related to their engagement.\n\n<https:\/\/hecticapp.com\/?_get=anthony57|https:\/\/hecticapp.com\/?_get=anthony57>",
        "user": "UUVS5HWMB",
        "ts": "1641583948.028000",
        "team": "TJE58GTJL",
        "user_team": "TJE58GTJL",
        "source_team": "TJE58GTJL",
        "user_profile": {
            "avatar_hash": "gd1f8257b491",
            "image_72": "https:\/\/secure.gravatar.com\/avatar\/d1f8257b49114fa53c151fc16077a601.jpg?s=72&d=https%3A%2F%2Fa.slack-edge.com%2Fdf10d%2Fimg%2Favatars%2Fava_0010-72.png",
            "first_name": "",
            "real_name": "Anthony Sills",
            "display_name": "",
            "team": "TJE58GTJL",
            "name": "anthony760",
            "is_restricted": false,
            "is_ultra_restricted": false
        },
        "attachments": [
            {
                "from_url": "https:\/\/hecticapp.com\/?_get=anthony57",
                "image_url": "https:\/\/assets-global.website-files.com\/5f00428ccfab3c5f26bba9ef\/61b2b0ea38c4ee9aa5754c48_Hectic%20OG-1.jpg",
                "image_width": 476,
                "image_height": 250,
                "image_bytes": 1509724,
                "id": 1,
                "original_url": "https:\/\/hecticapp.com\/?_get=anthony57",
                "fallback": "Hectic™ | Freelance Smarter",
                "text": "Everything you need to start, manage, and grow a thriving freelance business — in one place.",
                "title": "Hectic™ | Freelance Smarter",
                "title_link": "https:\/\/hecticapp.com\/?_get=anthony57",
                "service_name": "hecticapp.com"
            }
        ],
        "blocks": [
            {
                "type": "rich_text",
                "block_id": "CIIW",
                "elements": [
                    {
                        "type": "rich_text_section",
                        "elements": [
                            {
                                "type": "text",
                                "text": "Hey Lawrence! I use Hectic for proposals, invoices, meeting scheduling, project management, and more. \n\nThey just launched a Client Portal feature where clients can view everything related to their engagement.\n\n"
                            },
                            {
                                "type": "link",
                                "url": "https:\/\/hecticapp.com\/?_get=anthony57",
                                "text": "https:\/\/hecticapp.com\/?_get=anthony57"
                            }
                        ]
                    }
                ]
            }
        ],
        "thread_ts": "1641580414.027700",
        "parent_user_id": "U02SU2BECCA"
    },
    {
        "client_msg_id": "26118316-8dcf-4247-9113-77990e7b6c7f",
        "type": "message",
        "text": "I work at FreshBooks, which does all this plus expense tracking, accounting and more. Happy to answer any questions you might have!",
        "user": "UUJBM2PJ7",
        "ts": "1641583994.028400",
        "team": "TJE58GTJL",
        "user_team": "TJE58GTJL",
        "source_team": "TJE58GTJL",
        "user_profile": {
            "avatar_hash": "f77cbe4c3060",
            "image_72": "https:\/\/avatars.slack-edge.com\/2020-07-29\/1270061579587_f77cbe4c3060d94c9e20_72.jpg",
            "first_name": "Jane",
            "real_name": "Jane Flanagan",
            "display_name": "Jane Flanagan",
            "team": "TJE58GTJL",
            "name": "jane",
            "is_restricted": false,
            "is_ultra_restricted": false
        },
        "blocks": [
            {
                "type": "rich_text",
                "block_id": "vfn",
                "elements": [
                    {
                        "type": "rich_text_section",
                        "elements": [
                            {
                                "type": "text",
                                "text": "I work at FreshBooks, which does all this plus expense tracking, accounting and more. Happy to answer any questions you might have!"
                            }
                        ]
                    }
                ]
            }
        ],
        "thread_ts": "1641580414.027700",
        "parent_user_id": "U02SU2BECCA"
    },
    {
        "client_msg_id": "bae2303d-8ded-4ac9-a581-6972e2cc30ec",
        "type": "message",
        "text": "Thanks everyone! Will give all these recs a look!",
        "user": "U02SU2BECCA",
        "ts": "1641584836.028700",
        "team": "TJE58GTJL",
        "user_team": "TJE58GTJL",
        "source_team": "TJE58GTJL",
        "user_profile": {
            "avatar_hash": "ee48b1106795",
            "image_72": "https:\/\/avatars.slack-edge.com\/2022-01-05\/2912317446291_ee48b110679501fff7ef_72.jpg",
            "first_name": "Lawrence",
            "real_name": "Lawrence Barker",
            "display_name": "Lawrence",
            "team": "TJE58GTJL",
            "name": "lawrence",
            "is_restricted": false,
            "is_ultra_restricted": false
        },
        "blocks": [
            {
                "type": "rich_text",
                "block_id": "mWft",
                "elements": [
                    {
                        "type": "rich_text_section",
                        "elements": [
                            {
                                "type": "text",
                                "text": "Thanks everyone! Will give all these recs a look!"
                            }
                        ]
                    }
                ]
            }
        ],
        "thread_ts": "1641580414.027700",
        "parent_user_id": "U02SU2BECCA"
    },
    {
        "client_msg_id": "9559859c-e0cd-41c8-823f-1c82db3bd906",
        "type": "message",
        "text": "Hey there :wave:\nI am looking for a  Freelance content writer  for [<https:\/\/parkoffice.io>] who has experience  writing  long from articles , thought leadership articles  for a B2B SaaS startup  ( CXO audience)  Articles around 1000-1500 words and updating old content periodically\n\nHe\/she should have an idea of On page and off page techniques\n Should be able to write 3-4 articles per month + 1 case study\n We have put aside a budget of 100$ \/1000 Words blog  and a higher pricing for case study\/white-paper .                                                                                                                            Feel free to shoot me email with samples with <mailto:Chaitanya@parkoffice.io|Chaitanya@parkoffice.io>  or pm in Slack",
        "user": "U02P8ASS4CQ",
        "ts": "1641598708.032200",
        "team": "TJE58GTJL",
        "user_team": "TJE58GTJL",
        "source_team": "TJE58GTJL",
        "user_profile": {
            "avatar_hash": "fd0123b62747",
            "image_72": "https:\/\/avatars.slack-edge.com\/2021-11-24\/2752013102471_fd0123b6274769222213_72.jpg",
            "first_name": "",
            "real_name": "Chaitanya",
            "display_name": "Chaitanya",
            "team": "TJE58GTJL",
            "name": "chaitanya.gatreddi",
            "is_restricted": false,
            "is_ultra_restricted": false
        },
        "attachments": [
            {
                "from_url": "https:\/\/parkoffice.io",
                "service_icon": "https:\/\/parkoffice.io\/assets\/favicon-9c0f574253a31ae6e7229a81601e96935cb266f7f45880a7fed1efb3d44b661f.png",
                "id": 1,
                "original_url": "https:\/\/parkoffice.io",
                "fallback": "The employee parking management software for smart | ParkOffice.io",
                "text": "The parking management software for smart offices. Trusted by Fortune 500s &amp; SMEs to optimize employee parking across the world.",
                "title": "The employee parking management software for smart | ParkOffice.io",
                "title_link": "https:\/\/parkoffice.io",
                "service_name": "parkoffice.io"
            }
        ],
        "blocks": [
            {
                "type": "rich_text",
                "block_id": "5DE",
                "elements": [
                    {
                        "type": "rich_text_section",
                        "elements": [
                            {
                                "type": "text",
                                "text": "Hey there "
                            },
                            {
                                "type": "emoji",
                                "name": "wave"
                            },
                            {
                                "type": "text",
                                "text": "\nI am looking for a  Freelance content writer  for ["
                            },
                            {
                                "type": "link",
                                "url": "https:\/\/parkoffice.io"
                            },
                            {
                                "type": "text",
                                "text": "] who has experience  writing  long from articles , thought leadership articles  for a B2B SaaS startup  ( CXO audience)  Articles around 1000-1500 words and updating old content periodically\n\nHe\/she should have an idea of On page and off page techniques\n Should be able to write 3-4 articles per month + 1 case study\n We have put aside a budget of 100$ \/1000 Words blog  and a higher pricing for case study\/white-paper .                                                                                                                            Feel free to shoot me email with samples with "
                            },
                            {
                                "type": "link",
                                "url": "mailto:Chaitanya@parkoffice.io",
                                "text": "Chaitanya@parkoffice.io"
                            },
                            {
                                "type": "text",
                                "text": "  or pm in Slack"
                            }
                        ]
                    }
                ]
            }
        ],
        "reactions": [
            {
                "name": "white_check_mark",
                "users": [
                    "U02DQ4MB30E",
                    "U02SQ6PSPMZ"
                ],
                "count": 2
            },
            {
                "name": "+1",
                "users": [
                    "U02CMCS8KH9"
                ],
                "count": 1
            }
        ]
    },
    {
        "client_msg_id": "E28F1E4F-88BD-44C5-8D3B-D59B7589F5F1",
        "type": "message",
        "text": "Hey Daniel! I run Epiq Media, one of the leading production companies in B2B. We’ve made YouTube content and ads for companies like Loom, Drift, Trainual, Calm, Privy, DGMG (&amp; Dave Gerhardt), Hopin, Goldcast, Hoppier, Notarize, Toast, and many more!\n\nFeel free to check out our work @ <http:\/\/epiqmedia.com|epiqmedia.com> \n\nMy email is <mailto:danielle@epiqmedia.com|danielle@epiqmedia.com> if you want to chat :) ",
        "user": "U02ME709F98",
        "ts": "1641598976.036000",
        "team": "TJE58GTJL",
        "user_team": "TJE58GTJL",
        "source_team": "TJE58GTJL",
        "user_profile": {
            "avatar_hash": "83c8be9e403d",
            "image_72": "https:\/\/avatars.slack-edge.com\/2021-11-18\/2767889999664_83c8be9e403dc9a7b4dc_72.jpg",
            "first_name": "Danielle",
            "real_name": "Danielle Diamond",
            "display_name": "Danielle Diamond",
            "team": "TJE58GTJL",
            "name": "danielle770",
            "is_restricted": false,
            "is_ultra_restricted": false
        },
        "blocks": [
            {
                "type": "rich_text",
                "block_id": "0vj",
                "elements": [
                    {
                        "type": "rich_text_section",
                        "elements": [
                            {
                                "type": "text",
                                "text": "Hey Daniel! I run Epiq Media, one of the leading production companies in B2B. We’ve made YouTube content and ads for companies like Loom, Drift, Trainual, Calm, Privy, DGMG (& Dave Gerhardt), Hopin, Goldcast, Hoppier, Notarize, Toast, and many more!\n\nFeel free to check out our work @ "
                            },
                            {
                                "type": "link",
                                "url": "http:\/\/epiqmedia.com",
                                "text": "epiqmedia.com"
                            },
                            {
                                "type": "text",
                                "text": " \n\nMy email is "
                            },
                            {
                                "type": "link",
                                "url": "mailto:danielle@epiqmedia.com",
                                "text": "danielle@epiqmedia.com"
                            },
                            {
                                "type": "text",
                                "text": " if you want to chat :) "
                            }
                        ]
                    }
                ]
            }
        ],
        "thread_ts": "1641573902.024600",
        "parent_user_id": "U028XTZTGAV"
    }
]