[
    {
        "client_msg_id": "7f0e3bd9-e42f-413a-ac9e-4796c9788867",
        "type": "message",
        "text": "Hello <@U03DL3XJ4LS>, I just applied.",
        "user": "U03D56KAB4G",
        "ts": "1651389936.021359",
        "team": "TJE58GTJL",
        "user_team": "TJE58GTJL",
        "source_team": "TJE58GTJL",
        "user_profile": {
            "avatar_hash": "g6d314777462",
            "image_72": "https:\/\/secure.gravatar.com\/avatar\/6d314777462754f8b66fee4ce85a9ef2.jpg?s=72&d=https%3A%2F%2Fa.slack-edge.com%2Fdf10d%2Fimg%2Favatars%2Fava_0017-72.png",
            "first_name": "Precious",
            "real_name": "Precious",
            "display_name": "",
            "team": "TJE58GTJL",
            "name": "preshy1809",
            "is_restricted": false,
            "is_ultra_restricted": false
        },
        "blocks": [
            {
                "type": "rich_text",
                "block_id": "x4C",
                "elements": [
                    {
                        "type": "rich_text_section",
                        "elements": [
                            {
                                "type": "text",
                                "text": "Hello "
                            },
                            {
                                "type": "user",
                                "user_id": "U03DL3XJ4LS"
                            },
                            {
                                "type": "text",
                                "text": ", I just applied."
                            }
                        ]
                    }
                ]
            }
        ],
        "thread_ts": "1651348950.297259",
        "parent_user_id": "U03DL3XJ4LS"
    },
    {
        "client_msg_id": "5c60d5e8-d8bb-4cb9-8a26-4f58821c8d22",
        "type": "message",
        "text": "If you've done freelance editing work, how do you typically price it?",
        "user": "U014UBPTJ0N",
        "ts": "1651444036.512849",
        "team": "TJE58GTJL",
        "user_team": "TJE58GTJL",
        "source_team": "TJE58GTJL",
        "user_profile": {
            "avatar_hash": "86917470f316",
            "image_72": "https:\/\/avatars.slack-edge.com\/2020-06-08\/1171350014499_86917470f3169134cc58_72.jpg",
            "first_name": "",
            "real_name": "Fadeke Adegbuyi",
            "display_name": "Fadeke Adegbuyi",
            "team": "TJE58GTJL",
            "name": "fadeke",
            "is_restricted": false,
            "is_ultra_restricted": false
        },
        "blocks": [
            {
                "type": "rich_text",
                "block_id": "LL6W",
                "elements": [
                    {
                        "type": "rich_text_section",
                        "elements": [
                            {
                                "type": "text",
                                "text": "If you've done freelance editing work, how do you typically price it?"
                            }
                        ]
                    }
                ]
            }
        ],
        "thread_ts": "1651444036.512849",
        "reply_count": 7,
        "reply_users_count": 4,
        "latest_reply": "1651488891.873259",
        "reply_users": [
            "UJ7R3QGSV",
            "U014UBPTJ0N",
            "U039NLYBNHE",
            "U02EDRUJN58"
        ],
        "replies": [
            {
                "user": "UJ7R3QGSV",
                "ts": "1651444174.878949"
            },
            {
                "user": "U014UBPTJ0N",
                "ts": "1651444366.423079"
            },
            {
                "user": "U039NLYBNHE",
                "ts": "1651444555.993939"
            },
            {
                "user": "U014UBPTJ0N",
                "ts": "1651444638.608339"
            },
            {
                "user": "U039NLYBNHE",
                "ts": "1651444685.250849"
            },
            {
                "user": "U014UBPTJ0N",
                "ts": "1651444699.111599"
            },
            {
                "user": "U02EDRUJN58",
                "ts": "1651488891.873259"
            }
        ],
        "is_locked": false,
        "subscribed": false
    },
    {
        "client_msg_id": "edc896b7-e69a-47d2-beec-6294f52eee64",
        "type": "message",
        "text": "Usually either: \n• A flat rate per piece, if length is fairly predictable\n• By the 100wo block, if length varies\n• By the half-day block, if also editing outlines \/ writing briefs \/ etc.",
        "user": "UJ7R3QGSV",
        "ts": "1651444174.878949",
        "team": "TJE58GTJL",
        "user_team": "TJE58GTJL",
        "source_team": "TJE58GTJL",
        "user_profile": {
            "avatar_hash": "gaf0f8ed70a3",
            "image_72": "https:\/\/secure.gravatar.com\/avatar\/5baf0f8ed70a3ef2324402c5dfe65280.jpg?s=72&d=https%3A%2F%2Fa.slack-edge.com%2Fdf10d%2Fimg%2Favatars%2Fava_0017-72.png",
            "first_name": "",
            "real_name": "Kieran",
            "display_name": "",
            "team": "TJE58GTJL",
            "name": "kieran",
            "is_restricted": false,
            "is_ultra_restricted": false
        },
        "blocks": [
            {
                "type": "rich_text",
                "block_id": "njx52",
                "elements": [
                    {
                        "type": "rich_text_section",
                        "elements": [
                            {
                                "type": "text",
                                "text": "Usually either: \n"
                            }
                        ]
                    },
                    {
                        "type": "rich_text_list",
                        "elements": [
                            {
                                "type": "rich_text_section",
                                "elements": [
                                    {
                                        "type": "text",
                                        "text": "A flat rate per piece, if length is fairly predictable"
                                    }
                                ]
                            },
                            {
                                "type": "rich_text_section",
                                "elements": [
                                    {
                                        "type": "text",
                                        "text": "By the 100wo block, if length varies"
                                    }
                                ]
                            },
                            {
                                "type": "rich_text_section",
                                "elements": [
                                    {
                                        "type": "text",
                                        "text": "By the half-day block, if also editing outlines \/ writing briefs \/ etc."
                                    }
                                ]
                            }
                        ],
                        "style": "bullet",
                        "indent": 0,
                        "offset": 0,
                        "border": 0
                    }
                ]
            }
        ],
        "thread_ts": "1651444036.512849",
        "parent_user_id": "U014UBPTJ0N"
    },
    {
        "client_msg_id": "6eea8a8f-de13-4b56-981b-23dd884ced5c",
        "type": "message",
        "text": "Thanks <@UJ7R3QGSV>, that's super helpful!",
        "user": "U014UBPTJ0N",
        "ts": "1651444366.423079",
        "team": "TJE58GTJL",
        "user_team": "TJE58GTJL",
        "source_team": "TJE58GTJL",
        "user_profile": {
            "avatar_hash": "86917470f316",
            "image_72": "https:\/\/avatars.slack-edge.com\/2020-06-08\/1171350014499_86917470f3169134cc58_72.jpg",
            "first_name": "",
            "real_name": "Fadeke Adegbuyi",
            "display_name": "Fadeke Adegbuyi",
            "team": "TJE58GTJL",
            "name": "fadeke",
            "is_restricted": false,
            "is_ultra_restricted": false
        },
        "blocks": [
            {
                "type": "rich_text",
                "block_id": "SyOB",
                "elements": [
                    {
                        "type": "rich_text_section",
                        "elements": [
                            {
                                "type": "text",
                                "text": "Thanks "
                            },
                            {
                                "type": "user",
                                "user_id": "UJ7R3QGSV"
                            },
                            {
                                "type": "text",
                                "text": ", that's super helpful!"
                            }
                        ]
                    }
                ]
            }
        ],
        "thread_ts": "1651444036.512849",
        "parent_user_id": "U014UBPTJ0N",
        "reactions": [
            {
                "name": "+1",
                "users": [
                    "UJ7R3QGSV"
                ],
                "count": 1
            }
        ]
    },
    {
        "client_msg_id": "3fd4f523-eddd-4ea3-a1fa-7dd33b1dbd6a",
        "type": "message",
        "text": "I do freelance editing work (usually proofreading) for one of my clients, and I price it by the hour, with them.",
        "user": "U039NLYBNHE",
        "ts": "1651444555.993939",
        "team": "TJE58GTJL",
        "user_team": "TJE58GTJL",
        "source_team": "TJE58GTJL",
        "user_profile": {
            "avatar_hash": "g09ff67c91cf",
            "image_72": "https:\/\/secure.gravatar.com\/avatar\/09ff67c91cf9f4e8ed93fd062917a87a.jpg?s=72&d=https%3A%2F%2Fa.slack-edge.com%2Fdf10d%2Fimg%2Favatars%2Fava_0016-72.png",
            "first_name": "Maurice",
            "real_name": "Maurice Fawcett",
            "display_name": "Maurice Fawcett",
            "team": "TJE58GTJL",
            "name": "maurice",
            "is_restricted": false,
            "is_ultra_restricted": false
        },
        "blocks": [
            {
                "type": "rich_text",
                "block_id": "hCj0q",
                "elements": [
                    {
                        "type": "rich_text_section",
                        "elements": [
                            {
                                "type": "text",
                                "text": "I do freelance editing work (usually proofreading) for one of my clients, and I price it by the hour, with them."
                            }
                        ]
                    }
                ]
            }
        ],
        "thread_ts": "1651444036.512849",
        "parent_user_id": "U014UBPTJ0N"
    },
    {
        "client_msg_id": "a4aedb02-76ec-4087-9a34-7546299bdcb3",
        "type": "message",
        "text": "Thanks <@U039NLYBNHE>! Do you generally provide a time estimate beforehand?",
        "user": "U014UBPTJ0N",
        "ts": "1651444638.608339",
        "team": "TJE58GTJL",
        "user_team": "TJE58GTJL",
        "source_team": "TJE58GTJL",
        "user_profile": {
            "avatar_hash": "86917470f316",
            "image_72": "https:\/\/avatars.slack-edge.com\/2020-06-08\/1171350014499_86917470f3169134cc58_72.jpg",
            "first_name": "",
            "real_name": "Fadeke Adegbuyi",
            "display_name": "Fadeke Adegbuyi",
            "team": "TJE58GTJL",
            "name": "fadeke",
            "is_restricted": false,
            "is_ultra_restricted": false
        },
        "blocks": [
            {
                "type": "rich_text",
                "block_id": "IProL",
                "elements": [
                    {
                        "type": "rich_text_section",
                        "elements": [
                            {
                                "type": "text",
                                "text": "Thanks "
                            },
                            {
                                "type": "user",
                                "user_id": "U039NLYBNHE"
                            },
                            {
                                "type": "text",
                                "text": "! Do you generally provide a time estimate beforehand?"
                            }
                        ]
                    }
                ]
            }
        ],
        "thread_ts": "1651444036.512849",
        "parent_user_id": "U014UBPTJ0N"
    },
    {
        "client_msg_id": "200bbd85-c645-47a0-b796-f2c658174dbe",
        "type": "message",
        "text": "not so far, this client is pretty easy going though.",
        "user": "U039NLYBNHE",
        "ts": "1651444685.250849",
        "team": "TJE58GTJL",
        "user_team": "TJE58GTJL",
        "source_team": "TJE58GTJL",
        "user_profile": {
            "avatar_hash": "g09ff67c91cf",
            "image_72": "https:\/\/secure.gravatar.com\/avatar\/09ff67c91cf9f4e8ed93fd062917a87a.jpg?s=72&d=https%3A%2F%2Fa.slack-edge.com%2Fdf10d%2Fimg%2Favatars%2Fava_0016-72.png",
            "first_name": "Maurice",
            "real_name": "Maurice Fawcett",
            "display_name": "Maurice Fawcett",
            "team": "TJE58GTJL",
            "name": "maurice",
            "is_restricted": false,
            "is_ultra_restricted": false
        },
        "blocks": [
            {
                "type": "rich_text",
                "block_id": "h+LpT",
                "elements": [
                    {
                        "type": "rich_text_section",
                        "elements": [
                            {
                                "type": "text",
                                "text": "not so far, this client is pretty easy going though."
                            }
                        ]
                    }
                ]
            }
        ],
        "thread_ts": "1651444036.512849",
        "parent_user_id": "U014UBPTJ0N"
    },
    {
        "client_msg_id": "95400865-dec9-4327-998c-7f7225f12e6d",
        "type": "message",
        "text": "Makes sense!",
        "user": "U014UBPTJ0N",
        "ts": "1651444699.111599",
        "team": "TJE58GTJL",
        "user_team": "TJE58GTJL",
        "source_team": "TJE58GTJL",
        "user_profile": {
            "avatar_hash": "86917470f316",
            "image_72": "https:\/\/avatars.slack-edge.com\/2020-06-08\/1171350014499_86917470f3169134cc58_72.jpg",
            "first_name": "",
            "real_name": "Fadeke Adegbuyi",
            "display_name": "Fadeke Adegbuyi",
            "team": "TJE58GTJL",
            "name": "fadeke",
            "is_restricted": false,
            "is_ultra_restricted": false
        },
        "blocks": [
            {
                "type": "rich_text",
                "block_id": "htibA",
                "elements": [
                    {
                        "type": "rich_text_section",
                        "elements": [
                            {
                                "type": "text",
                                "text": "Makes sense!"
                            }
                        ]
                    }
                ]
            }
        ],
        "thread_ts": "1651444036.512849",
        "parent_user_id": "U014UBPTJ0N"
    },
    {
        "client_msg_id": "0C0026FF-BD6F-4844-A076-FFA5724ED296",
        "type": "message",
        "text": "hey <@U033BJ3TPNH>, interested in connecting with you and learning more about this project",
        "user": "U02729J964E",
        "ts": "1651445401.555739",
        "team": "TJE58GTJL",
        "user_team": "TJE58GTJL",
        "source_team": "TJE58GTJL",
        "user_profile": {
            "avatar_hash": "387bf30228ac",
            "image_72": "https:\/\/avatars.slack-edge.com\/2022-02-23\/3147322855347_387bf30228ac9bdb6816_72.jpg",
            "first_name": "Dorcas",
            "real_name": "Dorcas Adisa",
            "display_name": "",
            "team": "TJE58GTJL",
            "name": "adisa.dorcas",
            "is_restricted": false,
            "is_ultra_restricted": false
        },
        "blocks": [
            {
                "type": "rich_text",
                "block_id": "aQ5o",
                "elements": [
                    {
                        "type": "rich_text_section",
                        "elements": [
                            {
                                "type": "text",
                                "text": "hey "
                            },
                            {
                                "type": "user",
                                "user_id": "U033BJ3TPNH"
                            },
                            {
                                "type": "text",
                                "text": ", interested in connecting with you and learning more about this project"
                            }
                        ]
                    }
                ]
            }
        ],
        "thread_ts": "1651245733.725779",
        "parent_user_id": "U033BJ3TPNH"
    },
    {
        "client_msg_id": "3781D5F9-30B1-446C-9709-4E8EEF340B75",
        "type": "message",
        "text": "<@UUJBMNRNF> love your website.:heart_eyes::heart_eyes:. ",
        "user": "U02729J964E",
        "ts": "1651445861.797979",
        "team": "TJE58GTJL",
        "user_team": "TJE58GTJL",
        "source_team": "TJE58GTJL",
        "user_profile": {
            "avatar_hash": "387bf30228ac",
            "image_72": "https:\/\/avatars.slack-edge.com\/2022-02-23\/3147322855347_387bf30228ac9bdb6816_72.jpg",
            "first_name": "Dorcas",
            "real_name": "Dorcas Adisa",
            "display_name": "",
            "team": "TJE58GTJL",
            "name": "adisa.dorcas",
            "is_restricted": false,
            "is_ultra_restricted": false
        },
        "blocks": [
            {
                "type": "rich_text",
                "block_id": "4TwM",
                "elements": [
                    {
                        "type": "rich_text_section",
                        "elements": [
                            {
                                "type": "user",
                                "user_id": "UUJBMNRNF"
                            },
                            {
                                "type": "text",
                                "text": " love your website."
                            },
                            {
                                "type": "emoji",
                                "name": "heart_eyes"
                            },
                            {
                                "type": "emoji",
                                "name": "heart_eyes"
                            },
                            {
                                "type": "text",
                                "text": ". "
                            }
                        ]
                    }
                ]
            }
        ],
        "thread_ts": "1651227697.701259",
        "parent_user_id": "U03DRKTUBK2"
    }
]