[
    {
        "client_msg_id": "941b94a6-5f6a-426d-8d99-0c4de86003f8",
        "type": "message",
        "text": "Hey all! :grin:\n\nI am looking for a *Technical Writer* or *Product Content writer* focused in SaaS industry and has fb advertising knowledge. Check out our job vacancy: <https:\/\/madgicx.com\/career\/product-content-writer\/>\n\nFeel free to message me for questions! :male_mage:",
        "user": "U03A61RUEDR",
        "ts": "1649231506.885499",
        "team": "TJE58GTJL",
        "user_team": "TJE58GTJL",
        "source_team": "TJE58GTJL",
        "user_profile": {
            "avatar_hash": "a2af468770a5",
            "image_72": "https:\/\/avatars.slack-edge.com\/2022-04-06\/3350245490035_a2af468770a56bc04bc9_72.png",
            "first_name": "Princess",
            "real_name": "Princess Escaran",
            "display_name": "Princess",
            "team": "TJE58GTJL",
            "name": "princesse",
            "is_restricted": false,
            "is_ultra_restricted": false
        },
        "attachments": [
            {
                "from_url": "https:\/\/madgicx.com\/career\/product-content-writer\/",
                "image_url": "https:\/\/d2xrkcrwqy6han.cloudfront.net\/wp-content\/uploads\/2020\/07\/Madgicx_header.png",
                "image_width": 500,
                "image_height": 250,
                "image_bytes": 49745,
                "service_icon": "https:\/\/d2xrkcrwqy6han.cloudfront.net\/wp-content\/uploads\/2020\/09\/cropped-Social_Media_Madgicx_Logo-180x180.png",
                "id": 1,
                "original_url": "https:\/\/madgicx.com\/career\/product-content-writer\/",
                "fallback": "Madgicx: Product Content Writer - Madgicx",
                "text": "You will report directly to the Content Marketing Manager and work cooperatively with multiple teams to produce task-based, user-facing help content about the power of Madgicx’s products and tools, tailored to a range of audiences.",
                "title": "Product Content Writer - Madgicx",
                "title_link": "https:\/\/madgicx.com\/career\/product-content-writer\/",
                "service_name": "Madgicx"
            }
        ],
        "blocks": [
            {
                "type": "rich_text",
                "block_id": "164R",
                "elements": [
                    {
                        "type": "rich_text_section",
                        "elements": [
                            {
                                "type": "text",
                                "text": "Hey all! "
                            },
                            {
                                "type": "emoji",
                                "name": "grin"
                            },
                            {
                                "type": "text",
                                "text": "\n\nI am looking for a "
                            },
                            {
                                "type": "text",
                                "text": "Technical Writer ",
                                "style": {
                                    "bold": true
                                }
                            },
                            {
                                "type": "text",
                                "text": "or "
                            },
                            {
                                "type": "text",
                                "text": "Product Content writer",
                                "style": {
                                    "bold": true
                                }
                            },
                            {
                                "type": "text",
                                "text": " focused in SaaS industry and has fb advertising knowledge. Check out our job vacancy: "
                            },
                            {
                                "type": "link",
                                "url": "https:\/\/madgicx.com\/career\/product-content-writer\/"
                            },
                            {
                                "type": "text",
                                "text": "\n\nFeel free to message me for questions! "
                            },
                            {
                                "type": "emoji",
                                "name": "male_mage"
                            }
                        ]
                    }
                ]
            }
        ]
    },
    {
        "client_msg_id": "69affb06-7aa4-4cb3-be59-b3de1f1ce5cd",
        "type": "message",
        "text": "Thanks <@U0231C2LYNM>, <@U0166H7KUAZ> I've DM'd you :slightly_smiling_face:",
        "user": "U02UHL5EX1P",
        "ts": "1649231898.004529",
        "team": "TJE58GTJL",
        "user_team": "TJE58GTJL",
        "source_team": "TJE58GTJL",
        "user_profile": {
            "avatar_hash": "gd2c5ed7ec87",
            "image_72": "https:\/\/secure.gravatar.com\/avatar\/d2c5ed7ec87eeecd0b727cb510775e78.jpg?s=72&d=https%3A%2F%2Fa.slack-edge.com%2Fdf10d%2Fimg%2Favatars%2Fava_0024-72.png",
            "first_name": "Kyle",
            "real_name": "Kyle Jones",
            "display_name": "Kyle Jones",
            "team": "TJE58GTJL",
            "name": "kylejones1310",
            "is_restricted": false,
            "is_ultra_restricted": false
        },
        "blocks": [
            {
                "type": "rich_text",
                "block_id": "+4hy",
                "elements": [
                    {
                        "type": "rich_text_section",
                        "elements": [
                            {
                                "type": "text",
                                "text": "Thanks "
                            },
                            {
                                "type": "user",
                                "user_id": "U0231C2LYNM"
                            },
                            {
                                "type": "text",
                                "text": ", "
                            },
                            {
                                "type": "user",
                                "user_id": "U0166H7KUAZ"
                            },
                            {
                                "type": "text",
                                "text": " I've DM'd you "
                            },
                            {
                                "type": "emoji",
                                "name": "slightly_smiling_face"
                            }
                        ]
                    }
                ]
            }
        ],
        "thread_ts": "1649202508.475439",
        "parent_user_id": "U0166H7KUAZ"
    },
    {
        "client_msg_id": "F6027189-114C-4DD2-BF4B-BCD142E59EFA",
        "type": "message",
        "text": "<@U02SQ5Q4SCS> Sorry to jump in late. Let me know if you are still open for vendors? ",
        "user": "U036MAP75BN",
        "ts": "1649254511.326149",
        "team": "TJE58GTJL",
        "user_team": "TJE58GTJL",
        "source_team": "TJE58GTJL",
        "user_profile": {
            "avatar_hash": "acad6c096845",
            "image_72": "https:\/\/avatars.slack-edge.com\/2022-03-11\/3225033986659_acad6c096845b99d94aa_72.png",
            "first_name": "Santosh",
            "real_name": "Santosh Patil",
            "display_name": "Santosh",
            "team": "TJE58GTJL",
            "name": "ssantoshpatil94",
            "is_restricted": false,
            "is_ultra_restricted": false
        },
        "blocks": [
            {
                "type": "rich_text",
                "block_id": "kbYZB",
                "elements": [
                    {
                        "type": "rich_text_section",
                        "elements": [
                            {
                                "type": "user",
                                "user_id": "U02SQ5Q4SCS"
                            },
                            {
                                "type": "text",
                                "text": " Sorry to jump in late. Let me know if you are still open for vendors? "
                            }
                        ]
                    }
                ]
            }
        ],
        "thread_ts": "1649109656.802059",
        "parent_user_id": "U02SQ5Q4SCS"
    },
    {
        "client_msg_id": "42f25615-e0d7-4e9e-bf4c-2c7e29d8998e",
        "type": "message",
        "text": "<@U029CTQ5X6Y> :eyes:",
        "user": "U02CZJT4FDG",
        "ts": "1649259680.896029",
        "team": "TJE58GTJL",
        "user_team": "TJE58GTJL",
        "source_team": "TJE58GTJL",
        "user_profile": {
            "avatar_hash": "a135302ef51a",
            "image_72": "https:\/\/avatars.slack-edge.com\/2021-08-31\/2439146771077_a135302ef51af6681b26_72.jpg",
            "first_name": "Ryan",
            "real_name": "Ryan Paul Gibson",
            "display_name": "Ryan Paul Gibson",
            "team": "TJE58GTJL",
            "name": "ryanpaulgibson",
            "is_restricted": false,
            "is_ultra_restricted": false
        },
        "blocks": [
            {
                "type": "rich_text",
                "block_id": "Q71",
                "elements": [
                    {
                        "type": "rich_text_section",
                        "elements": [
                            {
                                "type": "user",
                                "user_id": "U029CTQ5X6Y"
                            },
                            {
                                "type": "text",
                                "text": " "
                            },
                            {
                                "type": "emoji",
                                "name": "eyes"
                            }
                        ]
                    }
                ]
            }
        ],
        "thread_ts": "1649202508.475439",
        "parent_user_id": "U0166H7KUAZ"
    },
    {
        "client_msg_id": "37a2371f-730c-46ad-a01f-f6028df45743",
        "type": "message",
        "text": "Hello colleagues, I was approached via LinkedIn by a recruiter for the FreeUp Marketplace to join them as a freelance remote content writer. It looks like they're an agency that farms out freelancers to businesses as needed. Anyone had experience working with them?",
        "user": "U0340N9HSLT",
        "ts": "1649265383.255619",
        "team": "TJE58GTJL",
        "user_team": "TJE58GTJL",
        "source_team": "TJE58GTJL",
        "user_profile": {
            "avatar_hash": "95406d6531e5",
            "image_72": "https:\/\/avatars.slack-edge.com\/2022-02-21\/3130198661222_95406d6531e5b0cb389c_72.jpg",
            "first_name": "Jaci",
            "real_name": "Jaci Smith",
            "display_name": "Jaci Smith",
            "team": "TJE58GTJL",
            "name": "jaci.smith",
            "is_restricted": false,
            "is_ultra_restricted": false
        },
        "blocks": [
            {
                "type": "rich_text",
                "block_id": "vTDhM",
                "elements": [
                    {
                        "type": "rich_text_section",
                        "elements": [
                            {
                                "type": "text",
                                "text": "Hello colleagues, I was approached via LinkedIn by a recruiter for the FreeUp Marketplace to join them as a freelance remote content writer. It looks like they're an agency that farms out freelancers to businesses as needed. Anyone had experience working with them?"
                            }
                        ]
                    }
                ]
            }
        ],
        "thread_ts": "1649265383.255619",
        "reply_count": 7,
        "reply_users_count": 4,
        "latest_reply": "1651081167.428809",
        "reply_users": [
            "U01TB1SDD61",
            "U0340N9HSLT",
            "U02GMMQ281W",
            "U034MCP287P"
        ],
        "replies": [
            {
                "user": "U01TB1SDD61",
                "ts": "1649266290.125519"
            },
            {
                "user": "U0340N9HSLT",
                "ts": "1649266905.201069"
            },
            {
                "user": "U01TB1SDD61",
                "ts": "1649269030.518829"
            },
            {
                "user": "U02GMMQ281W",
                "ts": "1649879528.288779"
            },
            {
                "user": "U0340N9HSLT",
                "ts": "1649882087.050729"
            },
            {
                "user": "U034MCP287P",
                "ts": "1651054251.148229"
            },
            {
                "user": "U0340N9HSLT",
                "ts": "1651081167.428809"
            }
        ],
        "is_locked": false,
        "subscribed": false,
        "reactions": [
            {
                "name": "100",
                "users": [
                    "U034MCP287P"
                ],
                "count": 1
            }
        ]
    },
    {
        "client_msg_id": "086761bb-68bd-4c4a-ae0d-b351814e7615",
        "type": "message",
        "text": "Can you look them up on Glassdoor?",
        "user": "U01TB1SDD61",
        "ts": "1649266290.125519",
        "team": "TJE58GTJL",
        "user_team": "TJE58GTJL",
        "source_team": "TJE58GTJL",
        "user_profile": {
            "avatar_hash": "2da59dbebfcc",
            "image_72": "https:\/\/avatars.slack-edge.com\/2022-01-27\/3018278919268_2da59dbebfccdb6e4267_72.png",
            "first_name": "Rosemary",
            "real_name": "Rosemary Egbo",
            "display_name": "Rosemary Egbo",
            "team": "TJE58GTJL",
            "name": "rosemaryegbo2",
            "is_restricted": false,
            "is_ultra_restricted": false
        },
        "blocks": [
            {
                "type": "rich_text",
                "block_id": "bdONa",
                "elements": [
                    {
                        "type": "rich_text_section",
                        "elements": [
                            {
                                "type": "text",
                                "text": "Can you look them up on Glassdoor?"
                            }
                        ]
                    }
                ]
            }
        ],
        "thread_ts": "1649265383.255619",
        "parent_user_id": "U0340N9HSLT"
    },
    {
        "client_msg_id": "6beb6897-e06e-41dc-b806-a063941df037",
        "type": "message",
        "text": "I did look them up and they seem to get good reviews, but I was hoping someone on here has first-hand experience.",
        "user": "U0340N9HSLT",
        "ts": "1649266905.201069",
        "team": "TJE58GTJL",
        "user_team": "TJE58GTJL",
        "source_team": "TJE58GTJL",
        "user_profile": {
            "avatar_hash": "95406d6531e5",
            "image_72": "https:\/\/avatars.slack-edge.com\/2022-02-21\/3130198661222_95406d6531e5b0cb389c_72.jpg",
            "first_name": "Jaci",
            "real_name": "Jaci Smith",
            "display_name": "Jaci Smith",
            "team": "TJE58GTJL",
            "name": "jaci.smith",
            "is_restricted": false,
            "is_ultra_restricted": false
        },
        "blocks": [
            {
                "type": "rich_text",
                "block_id": "WE0v",
                "elements": [
                    {
                        "type": "rich_text_section",
                        "elements": [
                            {
                                "type": "text",
                                "text": "I did look them up and they seem to get good reviews, but I was hoping someone on here has first-hand experience."
                            }
                        ]
                    }
                ]
            }
        ],
        "thread_ts": "1649265383.255619",
        "parent_user_id": "U0340N9HSLT"
    },
    {
        "client_msg_id": "652921a8-b5e9-4db8-8aa0-00676132f5f2",
        "type": "message",
        "text": "Okay. Well, you can wait to find out.",
        "user": "U01TB1SDD61",
        "ts": "1649269030.518829",
        "team": "TJE58GTJL",
        "user_team": "TJE58GTJL",
        "source_team": "TJE58GTJL",
        "user_profile": {
            "avatar_hash": "2da59dbebfcc",
            "image_72": "https:\/\/avatars.slack-edge.com\/2022-01-27\/3018278919268_2da59dbebfccdb6e4267_72.png",
            "first_name": "Rosemary",
            "real_name": "Rosemary Egbo",
            "display_name": "Rosemary Egbo",
            "team": "TJE58GTJL",
            "name": "rosemaryegbo2",
            "is_restricted": false,
            "is_ultra_restricted": false
        },
        "blocks": [
            {
                "type": "rich_text",
                "block_id": "pQaEU",
                "elements": [
                    {
                        "type": "rich_text_section",
                        "elements": [
                            {
                                "type": "text",
                                "text": "Okay. Well, you can wait to find out."
                            }
                        ]
                    }
                ]
            }
        ],
        "thread_ts": "1649265383.255619",
        "parent_user_id": "U0340N9HSLT"
    },
    {
        "client_msg_id": "c9009305-c20d-41b9-b93a-13948aae65c3",
        "type": "message",
        "text": "Hey all :wave: my name is Scott, Head of Content at <http:\/\/Algolia.com|Algolia.com>. We’re building api-first search &amp; discovery solutions and I’m looking for a seasoned, talented, technical-creative writer.\n\nIf you’re familiar with web dev best practices, with a background in marketing technical products, please reach out!\n\nI’ll share more of the requirements in DMs, yet it’s a 4-month minimum contract (June-Sept.) and our ideal is for your time zone to be US Eastern or EU. Hit me up here and\/or <mailto:scott@algolia.com|scott@algolia.com>",
        "user": "UJHT5CHUY",
        "ts": "1649269289.882079",
        "team": "TJE58GTJL",
        "user_team": "TJE58GTJL",
        "source_team": "TJE58GTJL",
        "user_profile": {
            "avatar_hash": "9b31c258d041",
            "image_72": "https:\/\/avatars.slack-edge.com\/2021-03-23\/1883903218582_9b31c258d041f6de2b99_72.jpg",
            "first_name": "Scott",
            "real_name": "Scott Mathson",
            "display_name": "scottmathson",
            "team": "TJE58GTJL",
            "name": "yo",
            "is_restricted": false,
            "is_ultra_restricted": false
        },
        "blocks": [
            {
                "type": "rich_text",
                "block_id": "G\/G2",
                "elements": [
                    {
                        "type": "rich_text_section",
                        "elements": [
                            {
                                "type": "text",
                                "text": "Hey all "
                            },
                            {
                                "type": "emoji",
                                "name": "wave"
                            },
                            {
                                "type": "text",
                                "text": " my name is Scott, Head of Content at "
                            },
                            {
                                "type": "link",
                                "url": "http:\/\/Algolia.com",
                                "text": "Algolia.com"
                            },
                            {
                                "type": "text",
                                "text": ". We’re building api-first search & discovery solutions and I’m looking for a seasoned, talented, technical-creative writer.\n\nIf you’re familiar with web dev best practices, with a background in marketing technical products, please reach out!\n\nI’ll share more of the requirements in DMs, yet it’s a 4-month minimum contract (June-Sept.) and our ideal is for your time zone to be US Eastern or EU. Hit me up here and\/or "
                            },
                            {
                                "type": "link",
                                "url": "mailto:scott@algolia.com",
                                "text": "scott@algolia.com"
                            }
                        ]
                    }
                ]
            }
        ],
        "thread_ts": "1649269289.882079",
        "reply_count": 2,
        "reply_users_count": 2,
        "latest_reply": "1649272447.288059",
        "reply_users": [
            "UN9CGN894",
            "UJHT5CHUY"
        ],
        "replies": [
            {
                "user": "UN9CGN894",
                "ts": "1649269502.188659"
            },
            {
                "user": "UJHT5CHUY",
                "ts": "1649272447.288059"
            }
        ],
        "is_locked": false,
        "subscribed": false,
        "reactions": [
            {
                "name": "partyparrot",
                "users": [
                    "UJG9WTEKG",
                    "U02GMMQ281W",
                    "U012GHRAHDK"
                ],
                "count": 3
            },
            {
                "name": "the_horns",
                "users": [
                    "U029WCJDVU0"
                ],
                "count": 1
            },
            {
                "name": "eyes",
                "users": [
                    "U02GMMQ281W"
                ],
                "count": 1
            }
        ]
    },
    {
        "client_msg_id": "E451D185-ED72-4114-A2EC-853BA368E0A5",
        "type": "message",
        "text": "Just wanted to say I love Algolia! It's our search solution at <http:\/\/PrimoStats.com|PrimoStats.com>. :slightly_smiling_face:",
        "user": "UN9CGN894",
        "ts": "1649269502.188659",
        "team": "TJE58GTJL",
        "user_team": "TJE58GTJL",
        "source_team": "TJE58GTJL",
        "user_profile": {
            "avatar_hash": "ge77813b7c7d",
            "image_72": "https:\/\/secure.gravatar.com\/avatar\/6e77813b7c7d519343cebc72f0657194.jpg?s=72&d=https%3A%2F%2Fa.slack-edge.com%2Fdf10d%2Fimg%2Favatars%2Fava_0013-72.png",
            "first_name": "",
            "real_name": "Shayla",
            "display_name": "Shayla",
            "team": "TJE58GTJL",
            "name": "shayla2004",
            "is_restricted": false,
            "is_ultra_restricted": false
        },
        "blocks": [
            {
                "type": "rich_text",
                "block_id": "vtInL",
                "elements": [
                    {
                        "type": "rich_text_section",
                        "elements": [
                            {
                                "type": "text",
                                "text": "Just wanted to say I love Algolia! It's our search solution at "
                            },
                            {
                                "type": "link",
                                "url": "http:\/\/PrimoStats.com",
                                "text": "PrimoStats.com"
                            },
                            {
                                "type": "text",
                                "text": ". "
                            },
                            {
                                "type": "emoji",
                                "name": "slightly_smiling_face"
                            }
                        ]
                    }
                ]
            }
        ],
        "thread_ts": "1649269289.882079",
        "parent_user_id": "UJHT5CHUY",
        "reactions": [
            {
                "name": "raised_hands",
                "users": [
                    "UJHT5CHUY"
                ],
                "count": 1
            }
        ]
    },
    {
        "client_msg_id": "6620e730-0ff4-44c3-a961-a89090e7c622",
        "type": "message",
        "text": "Awesome, thanks Shayla! Site looks nice :slightly_smiling_face:",
        "user": "UJHT5CHUY",
        "ts": "1649272447.288059",
        "team": "TJE58GTJL",
        "user_team": "TJE58GTJL",
        "source_team": "TJE58GTJL",
        "user_profile": {
            "avatar_hash": "9b31c258d041",
            "image_72": "https:\/\/avatars.slack-edge.com\/2021-03-23\/1883903218582_9b31c258d041f6de2b99_72.jpg",
            "first_name": "Scott",
            "real_name": "Scott Mathson",
            "display_name": "scottmathson",
            "team": "TJE58GTJL",
            "name": "yo",
            "is_restricted": false,
            "is_ultra_restricted": false
        },
        "blocks": [
            {
                "type": "rich_text",
                "block_id": "LdhAu",
                "elements": [
                    {
                        "type": "rich_text_section",
                        "elements": [
                            {
                                "type": "text",
                                "text": "Awesome, thanks Shayla! Site looks nice "
                            },
                            {
                                "type": "emoji",
                                "name": "slightly_smiling_face"
                            }
                        ]
                    }
                ]
            }
        ],
        "thread_ts": "1649269289.882079",
        "parent_user_id": "UJHT5CHUY",
        "reactions": [
            {
                "name": "heart",
                "users": [
                    "UN9CGN894"
                ],
                "count": 1
            }
        ]
    },
    {
        "client_msg_id": "7AA9158F-C51A-4C32-8DE0-79B071925325",
        "type": "message",
        "text": "Not sure if this is the right channel, but I'm getting started with B2B writing and would love some input. I have been writing B2B content for an agency for the last few months, but would love a second set of eyes on my work. This is the doc: <https:\/\/docs.google.com\/document\/d\/10WZIMQQmPGO0fTEMiO80x2y7PUoXu_rr2nZBNJkoaqk\/edit?usp=sharing|https:\/\/docs.google.com\/document\/d\/10WZIMQQmPGO0fTEMiO80x2y7PUoXu_rr2nZBNJkoaqk\/edit?usp=sharing>.",
        "user": "U02NS1CT0GH",
        "ts": "1649291411.224059",
        "team": "TJE58GTJL",
        "user_team": "TJE58GTJL",
        "source_team": "TJE58GTJL",
        "user_profile": {
            "avatar_hash": "0ed9f90a7bb2",
            "image_72": "https:\/\/avatars.slack-edge.com\/2021-11-24\/2764268125508_0ed9f90a7bb2e08973b5_72.jpg",
            "first_name": "Annesha",
            "real_name": "Annesha",
            "display_name": "Annesha",
            "team": "TJE58GTJL",
            "name": "anneshabasu17",
            "is_restricted": false,
            "is_ultra_restricted": false
        },
        "blocks": [
            {
                "type": "rich_text",
                "block_id": "dss",
                "elements": [
                    {
                        "type": "rich_text_section",
                        "elements": [
                            {
                                "type": "text",
                                "text": "Not sure if this is the right channel, but I'm getting started with B2B writing and would love some input. I have been writing B2B content for an agency for the last few months, but would love a second set of eyes on my work. This is the doc: "
                            },
                            {
                                "type": "link",
                                "url": "https:\/\/docs.google.com\/document\/d\/10WZIMQQmPGO0fTEMiO80x2y7PUoXu_rr2nZBNJkoaqk\/edit?usp=sharing",
                                "text": "https:\/\/docs.google.com\/document\/d\/10WZIMQQmPGO0fTEMiO80x2y7PUoXu_rr2nZBNJkoaqk\/edit?usp=sharing"
                            },
                            {
                                "type": "text",
                                "text": "."
                            }
                        ]
                    }
                ]
            }
        ]
    },
    {
        "client_msg_id": "4e923754-705b-4bd1-9229-c4a8b3c88e4c",
        "type": "message",
        "text": "If you're interested in freelance business development, I've been putting together a cold email system lately. Wrote about my approach, and how I evolved the templates i used in this Linkedin presentation: <https:\/\/www.linkedin.com\/posts\/sambgrover_evolution-of-a-cold-email-template-activity-6917637882312626176-kOpU?utm_source=linkedin_share&amp;utm_medium=member_desktop_web|https:\/\/www.linkedin.com\/posts\/sambgrover_evolution-of-a-cold-email-template-activity[…]kOpU?utm_source=linkedin_share&amp;utm_medium=member_desktop_web>",
        "user": "U02UNK9DJSZ",
        "ts": "1649299201.414539",
        "team": "TJE58GTJL",
        "user_team": "TJE58GTJL",
        "source_team": "TJE58GTJL",
        "user_profile": {
            "avatar_hash": "b052c618f3df",
            "image_72": "https:\/\/avatars.slack-edge.com\/2022-01-20\/2977622180722_b052c618f3df14215512_72.jpg",
            "first_name": "Sam",
            "real_name": "Sam Grover",
            "display_name": "Sam Grover",
            "team": "TJE58GTJL",
            "name": "sam641",
            "is_restricted": false,
            "is_ultra_restricted": false
        },
        "attachments": [
            {
                "from_url": "https:\/\/www.linkedin.com\/posts\/sambgrover_evolution-of-a-cold-email-template-activity-6917637882312626176-kOpU?utm_source=linkedin_share&utm_medium=member_desktop_web",
                "image_url": "https:\/\/static-exp1.licdn.com\/sc\/h\/c45fy346jw096z9pbphyyhdz7",
                "image_width": 438,
                "image_height": 250,
                "image_bytes": 34857,
                "service_icon": "https:\/\/static-exp1.licdn.com\/sc\/h\/al2o9zrvru7aqj8e1x2rzsrca",
                "id": 1,
                "original_url": "https:\/\/www.linkedin.com\/posts\/sambgrover_evolution-of-a-cold-email-template-activity-6917637882312626176-kOpU?utm_source=linkedin_share&amp;utm_medium=member_desktop_web",
                "fallback": "Sam Grover on LinkedIn: Evolution of a cold email template",
                "text": "Building a cold email system in my own business has been a fun project. Lots to figure out - particularly the starting template! Take a look at this ...",
                "title": "Sam Grover on LinkedIn: Evolution of a cold email template",
                "title_link": "https:\/\/www.linkedin.com\/posts\/sambgrover_evolution-of-a-cold-email-template-activity-6917637882312626176-kOpU?utm_source=linkedin_share&utm_medium=member_desktop_web",
                "service_name": "linkedin.com"
            }
        ],
        "blocks": [
            {
                "type": "rich_text",
                "block_id": "Uv4",
                "elements": [
                    {
                        "type": "rich_text_section",
                        "elements": [
                            {
                                "type": "text",
                                "text": "If you're interested in freelance business development, I've been putting together a cold email system lately. Wrote about my approach, and how I evolved the templates i used in this Linkedin presentation: "
                            },
                            {
                                "type": "link",
                                "url": "https:\/\/www.linkedin.com\/posts\/sambgrover_evolution-of-a-cold-email-template-activity-6917637882312626176-kOpU?utm_source=linkedin_share&utm_medium=member_desktop_web",
                                "text": "https:\/\/www.linkedin.com\/posts\/sambgrover_evolution-of-a-cold-email-template-activity[…]kOpU?utm_source=linkedin_share&utm_medium=member_desktop_web"
                            }
                        ]
                    }
                ]
            }
        ],
        "thread_ts": "1649299201.414539",
        "reply_count": 4,
        "reply_users_count": 2,
        "latest_reply": "1649362307.068359",
        "reply_users": [
            "U02SU2BECCA",
            "U02UNK9DJSZ"
        ],
        "replies": [
            {
                "user": "U02SU2BECCA",
                "ts": "1649336793.089949"
            },
            {
                "user": "U02UNK9DJSZ",
                "ts": "1649358060.845319"
            },
            {
                "user": "U02SU2BECCA",
                "ts": "1649362210.566489"
            },
            {
                "user": "U02UNK9DJSZ",
                "ts": "1649362307.068359"
            }
        ],
        "is_locked": false,
        "subscribed": false,
        "reactions": [
            {
                "name": "100",
                "users": [
                    "UJG24P8P6"
                ],
                "count": 1
            }
        ]
    },
    {
        "client_msg_id": "f13be9c9-8142-40ee-a805-df4ffd3f50b3",
        "type": "message",
        "text": "I would love to write software stories for your business.\n\nLet's discuss further for the same.",
        "user": "U039ZJKDGBC",
        "ts": "1649300921.115969",
        "team": "TJE58GTJL",
        "user_team": "TJE58GTJL",
        "source_team": "TJE58GTJL",
        "user_profile": {
            "avatar_hash": "b2da7fbf1b7e",
            "image_72": "https:\/\/avatars.slack-edge.com\/2022-04-04\/3364615922128_b2da7fbf1b7e260f73aa_72.png",
            "first_name": "JAYESH",
            "real_name": "JAYESH PARMAR",
            "display_name": "JAYESH PARMAR",
            "team": "TJE58GTJL",
            "name": "jjparmarseo",
            "is_restricted": false,
            "is_ultra_restricted": false
        },
        "blocks": [
            {
                "type": "rich_text",
                "block_id": "cxY",
                "elements": [
                    {
                        "type": "rich_text_section",
                        "elements": [
                            {
                                "type": "text",
                                "text": "I would love to write software stories for your business.\n\nLet's discuss further for the same."
                            }
                        ]
                    }
                ]
            }
        ],
        "thread_ts": "1649202508.475439",
        "parent_user_id": "U0166H7KUAZ"
    },
    {
        "client_msg_id": "f44e8cbf-65af-45c1-af81-15af106969a1",
        "type": "message",
        "text": "I’m just the messenger. As seen in my college’s alumni jobs board:\n\n*Great Startup Opportunity*\n*EDITOR*\n*Job Type: Contract. Remote.*\n\n2aDay is the destination where current and former student athletes anonymously review college coaches and provide feedback. 2aDay also provides DIY recruiting guides, athlete stories, news and interviews. Our athletes come to 2aDay to share their story, and have their voice heard for the next generation of athletes to learn, listen, and research.\n\nOur corporate culture is dynamic, fun and transparent. Constructive criticism is an area we thrive in as a team. We believe since we are a rating system and allow individuals to speak transparently, that the same needs to be true for how we work as a staff.\n\n*Responsibilities*\n\n2aDay is seeking a dynamic Head of Editorial to be responsible for the editorial direction, audience development, brand voice, and operations, overseeing all content creation and extensions.\n\n●      *Manage Editorial Content and Strategy:* We want to ramp up content production pretty quickly. You’ll be key in defining the brand voice and content direction to engage audience and grow site traffic. Your daily responsibilities include doing everything from the ideation to the keyword research, outlines, top editing, scheduling, and publishing.\n●      *Recruit and Manage a Roster of Freelance Writers:* You’ll be tasked with retaining top-notch freelancers and ensuring they produce articles on time and to our high standards.\n●      *Manage and Work with Interns:* Ability to work with and manage interns for content strategies and content creation. Here is where managerial skills come into play; you are comfortable taking charge, providing direction, and organizing content strategies and creation for our internship program.\n\n*What makes you a good fit?*\n\n1. *You Know You Can:* You may not have 10 years of experience but you have a lot of ideas and you know you can do the job.\n2. *Understand College Athletes:* If you were an athlete or have family members that are\/were athletes. You have a deep understanding of the demand that the student athletes go through from high school to college.\n3. *Excited About Helping People:* Everything we write and produce should be helping student athletes get a better handle on their lives and to guide them towards a direction or solution.\n4. *Superhero Top Editor:* Typos and grammatical errors don’t get past you.\n5. *Willingness to Embrace SEO:* Getting organic traffic from Google is key responsibility of this role. Experience here isn’t necessary, but have a willingness to learn about the craft of Search Engine Optimization. We want to have engaging content for our readers and make sure the readers can find the articles in search engines.\n6. *Creative:* You are an innovator of ideas for content strategies, twists on topics, and ideas for surveys and data-driven studies.\n*Qualifications*\n●      5+ years of editorial experience\n●      Able to work remotely and manage teams remotely\n●      Great communicator and can work with a wide range of teams and stakeholders to build great products\n●      Goal oriented\n●      Must have strong attention to detail\n●      Data focused: use data to decide what’s working, what’s not and you aren’t afraid to iterate if the data is showing you need to change.\n●      A problem solver: no problem scares you and you will jump in and figure it out.\n●      Solid computer skills and tech platform familiarity including Slack, Google Drive, Wordpress, spreadsheets and PowerPoint\n\n*Please Contact*\nKeirsten Sires\n<mailto:keirsten.sires@2aDays.com|keirsten.sires@2aDays.com>",
        "user": "U011QQDDSJV",
        "ts": "1649304459.258329",
        "team": "TJE58GTJL",
        "user_team": "TJE58GTJL",
        "source_team": "TJE58GTJL",
        "user_profile": {
            "avatar_hash": "26f290c29155",
            "image_72": "https:\/\/avatars.slack-edge.com\/2020-04-08\/1046081228023_26f290c2915541368412_72.png",
            "first_name": "Nikolas",
            "real_name": "Nikolas Wright",
            "display_name": "Nik",
            "team": "TJE58GTJL",
            "name": "wright.nikolas",
            "is_restricted": false,
            "is_ultra_restricted": false
        },
        "blocks": [
            {
                "type": "rich_text",
                "block_id": "qOUb7",
                "elements": [
                    {
                        "type": "rich_text_section",
                        "elements": [
                            {
                                "type": "text",
                                "text": "I’m just the messenger. As seen in my college’s alumni jobs board:\n\n"
                            },
                            {
                                "type": "text",
                                "text": "Great Startup Opportunity",
                                "style": {
                                    "bold": true
                                }
                            },
                            {
                                "type": "text",
                                "text": "\n"
                            },
                            {
                                "type": "text",
                                "text": "EDITOR",
                                "style": {
                                    "bold": true
                                }
                            },
                            {
                                "type": "text",
                                "text": "\n"
                            },
                            {
                                "type": "text",
                                "text": "Job Type: Contract. Remote.",
                                "style": {
                                    "bold": true
                                }
                            },
                            {
                                "type": "text",
                                "text": "\n\n2aDay is the destination where current and former student athletes anonymously review college coaches and provide feedback. 2aDay also provides DIY recruiting guides, athlete stories, news and interviews. Our athletes come to 2aDay to share their story, and have their voice heard for the next generation of athletes to learn, listen, and research.\n\nOur corporate culture is dynamic, fun and transparent. Constructive criticism is an area we thrive in as a team. We believe since we are a rating system and allow individuals to speak transparently, that the same needs to be true for how we work as a staff.\n\n"
                            },
                            {
                                "type": "text",
                                "text": "Responsibilities",
                                "style": {
                                    "bold": true
                                }
                            },
                            {
                                "type": "text",
                                "text": "\n\n2aDay is seeking a dynamic Head of Editorial to be responsible for the editorial direction, audience development, brand voice, and operations, overseeing all content creation and extensions.\n\n●      "
                            },
                            {
                                "type": "text",
                                "text": "Manage Editorial Content and Strategy: ",
                                "style": {
                                    "bold": true
                                }
                            },
                            {
                                "type": "text",
                                "text": "We want to ramp up content production pretty quickly. You’ll be key in defining the brand voice and content direction to engage audience and grow site traffic. Your daily responsibilities include doing everything from the ideation to the keyword research, outlines, top editing, scheduling, and publishing.\n●      "
                            },
                            {
                                "type": "text",
                                "text": "Recruit and Manage a Roster of Freelance Writers: ",
                                "style": {
                                    "bold": true
                                }
                            },
                            {
                                "type": "text",
                                "text": "You’ll be tasked with retaining top-notch freelancers and ensuring they produce articles on time and to our high standards.\n●      "
                            },
                            {
                                "type": "text",
                                "text": "Manage and Work with Interns:",
                                "style": {
                                    "bold": true
                                }
                            },
                            {
                                "type": "text",
                                "text": " Ability to work with and manage interns for content strategies and content creation. Here is where managerial skills come into play; you are comfortable taking charge, providing direction, and organizing content strategies and creation for our internship program.\n\n"
                            },
                            {
                                "type": "text",
                                "text": "What makes you a good fit?",
                                "style": {
                                    "bold": true
                                }
                            },
                            {
                                "type": "text",
                                "text": "\n\n"
                            }
                        ]
                    },
                    {
                        "type": "rich_text_list",
                        "elements": [
                            {
                                "type": "rich_text_section",
                                "elements": [
                                    {
                                        "type": "text",
                                        "text": "You Know You Can: ",
                                        "style": {
                                            "bold": true
                                        }
                                    },
                                    {
                                        "type": "text",
                                        "text": "You may not have 10 years of experience but you have a lot of ideas and you know you can do the job."
                                    }
                                ]
                            },
                            {
                                "type": "rich_text_section",
                                "elements": [
                                    {
                                        "type": "text",
                                        "text": "Understand College Athletes:",
                                        "style": {
                                            "bold": true
                                        }
                                    },
                                    {
                                        "type": "text",
                                        "text": " If you were an athlete or have family members that are\/were athletes. You have a deep understanding of the demand that the student athletes go through from high school to college."
                                    }
                                ]
                            },
                            {
                                "type": "rich_text_section",
                                "elements": [
                                    {
                                        "type": "text",
                                        "text": "Excited About Helping People:",
                                        "style": {
                                            "bold": true
                                        }
                                    },
                                    {
                                        "type": "text",
                                        "text": " Everything we write and produce should be helping student athletes get a better handle on their lives and to guide them towards a direction or solution."
                                    }
                                ]
                            },
                            {
                                "type": "rich_text_section",
                                "elements": [
                                    {
                                        "type": "text",
                                        "text": "Superhero Top Editor: ",
                                        "style": {
                                            "bold": true
                                        }
                                    },
                                    {
                                        "type": "text",
                                        "text": "Typos and grammatical errors don’t get past you."
                                    }
                                ]
                            },
                            {
                                "type": "rich_text_section",
                                "elements": [
                                    {
                                        "type": "text",
                                        "text": "Willingness to Embrace SEO:",
                                        "style": {
                                            "bold": true
                                        }
                                    },
                                    {
                                        "type": "text",
                                        "text": " Getting organic traffic from Google is key responsibility of this role. Experience here isn’t necessary, but have a willingness to learn about the craft of Search Engine Optimization. We want to have engaging content for our readers and make sure the readers can find the articles in search engines."
                                    }
                                ]
                            },
                            {
                                "type": "rich_text_section",
                                "elements": [
                                    {
                                        "type": "text",
                                        "text": "Creative: ",
                                        "style": {
                                            "bold": true
                                        }
                                    },
                                    {
                                        "type": "text",
                                        "text": "You are an innovator of ideas for content strategies, twists on topics, and ideas for surveys and data-driven studies."
                                    }
                                ]
                            }
                        ],
                        "style": "ordered",
                        "indent": 0,
                        "border": 0
                    },
                    {
                        "type": "rich_text_section",
                        "elements": [
                            {
                                "type": "text",
                                "text": "\n"
                            },
                            {
                                "type": "text",
                                "text": "Qualifications",
                                "style": {
                                    "bold": true
                                }
                            },
                            {
                                "type": "text",
                                "text": "\n●      5+ years of editorial experience\n●      Able to work remotely and manage teams remotely\n●      Great communicator and can work with a wide range of teams and stakeholders to build great products\n●      Goal oriented\n●      Must have strong attention to detail\n●      Data focused: use data to decide what’s working, what’s not and you aren’t afraid to iterate if the data is showing you need to change.\n●      A problem solver: no problem scares you and you will jump in and figure it out.\n●      Solid computer skills and tech platform familiarity including Slack, Google Drive, Wordpress, spreadsheets and PowerPoint\n\n"
                            },
                            {
                                "type": "text",
                                "text": "Please Contact",
                                "style": {
                                    "bold": true
                                }
                            },
                            {
                                "type": "text",
                                "text": "\nKeirsten Sires\n"
                            },
                            {
                                "type": "link",
                                "url": "mailto:keirsten.sires@2aDays.com",
                                "text": "keirsten.sires@2aDays.com"
                            }
                        ]
                    }
                ]
            }
        ]
    }
]