[
    {
        "client_msg_id": "73f9ab63-8ebd-454e-9d68-beebc5c34d7c",
        "type": "message",
        "text": "ooh gotta love international expansions! this might be something <@U028D815JA0> and I can support you with!",
        "user": "U01KT0GGM0S",
        "ts": "1642669744.157700",
        "team": "TJE58GTJL",
        "user_team": "TJE58GTJL",
        "source_team": "TJE58GTJL",
        "user_profile": {
            "avatar_hash": "217e6f803494",
            "image_72": "https:\/\/avatars.slack-edge.com\/2021-01-26\/1675559919699_217e6f80349417eca8b8_72.jpg",
            "first_name": "Begum",
            "real_name": "Begum Kaya",
            "display_name": "Begum",
            "team": "TJE58GTJL",
            "name": "begumkaya94",
            "is_restricted": false,
            "is_ultra_restricted": false
        },
        "blocks": [
            {
                "type": "rich_text",
                "block_id": "891",
                "elements": [
                    {
                        "type": "rich_text_section",
                        "elements": [
                            {
                                "type": "text",
                                "text": "ooh gotta love international expansions! this might be something "
                            },
                            {
                                "type": "user",
                                "user_id": "U028D815JA0"
                            },
                            {
                                "type": "text",
                                "text": " and I can support you with!"
                            }
                        ]
                    }
                ]
            }
        ],
        "thread_ts": "1642618800.134100",
        "parent_user_id": "U02PSN7NK88",
        "reactions": [
            {
                "name": "heart",
                "users": [
                    "U028D815JA0"
                ],
                "count": 1
            }
        ]
    },
    {
        "client_msg_id": "1cb91093-b352-4195-b000-00705e56dea5",
        "type": "message",
        "text": "Hey Silvia, DM'd you just now :slightly_smiling_face:",
        "user": "U02QZELD0P9",
        "ts": "1642687599.158600",
        "team": "TJE58GTJL",
        "user_team": "TJE58GTJL",
        "source_team": "TJE58GTJL",
        "user_profile": {
            "avatar_hash": "55cf859b571a",
            "image_72": "https:\/\/avatars.slack-edge.com\/2022-01-21\/2988159289220_55cf859b571aac995268_72.jpg",
            "first_name": "Pooja",
            "real_name": "Pooja Seshadri",
            "display_name": "Pooja",
            "team": "TJE58GTJL",
            "name": "pooja.seshadri",
            "is_restricted": false,
            "is_ultra_restricted": false
        },
        "blocks": [
            {
                "type": "rich_text",
                "block_id": "+DjuA",
                "elements": [
                    {
                        "type": "rich_text_section",
                        "elements": [
                            {
                                "type": "text",
                                "text": "Hey Silvia, DM'd you just now "
                            },
                            {
                                "type": "emoji",
                                "name": "slightly_smiling_face"
                            }
                        ]
                    }
                ]
            }
        ],
        "thread_ts": "1642618800.134100",
        "parent_user_id": "U02PSN7NK88"
    },
    {
        "client_msg_id": "0fee8b6c-7a17-4726-9f42-2e1cdd42d4d3",
        "type": "message",
        "text": "It is such a struggle. The biggest thing that has helped me is to get into a routine (easier said than done with young kids I know). For example, every single day I am up at 5, and I get a workout and an hour of client work in before my kids wake up. Every Sunday am, I work from 6-9am, strictly focused on my client work. Just picking some hours to really commit to and focus (and having the support of a partner) really has helped me stabilize amidst those feelings of chaos.",
        "user": "UK3FP4VNZ",
        "ts": "1642694691.158900",
        "team": "TJE58GTJL",
        "user_team": "TJE58GTJL",
        "source_team": "TJE58GTJL",
        "user_profile": {
            "avatar_hash": "d95bc2f16983",
            "image_72": "https:\/\/avatars.slack-edge.com\/2020-12-11\/1591729735856_d95bc2f169830c8ce953_72.jpg",
            "first_name": "Michaela",
            "real_name": "Michaela Mendes",
            "display_name": "",
            "team": "TJE58GTJL",
            "name": "michaelamendes616",
            "is_restricted": false,
            "is_ultra_restricted": false
        },
        "blocks": [
            {
                "type": "rich_text",
                "block_id": "PWVC",
                "elements": [
                    {
                        "type": "rich_text_section",
                        "elements": [
                            {
                                "type": "text",
                                "text": "It is such a struggle. The biggest thing that has helped me is to get into a routine (easier said than done with young kids I know). For example, every single day I am up at 5, and I get a workout and an hour of client work in before my kids wake up. Every Sunday am, I work from 6-9am, strictly focused on my client work. Just picking some hours to really commit to and focus (and having the support of a partner) really has helped me stabilize amidst those feelings of chaos."
                            }
                        ]
                    }
                ]
            }
        ],
        "thread_ts": "1642624763.136200",
        "parent_user_id": "U02SU2BECCA",
        "reactions": [
            {
                "name": "heart",
                "users": [
                    "U02SU2BECCA",
                    "UUJBMNRNF"
                ],
                "count": 2
            }
        ]
    },
    {
        "client_msg_id": "411d7a8b-0ae4-4168-9b71-6e1bc7eed4bd",
        "type": "message",
        "text": "I've been doing this for about 4 years. Like <@UK3FP4VNZ> said, it's easiest to stick to a schedule.\n\nI tend to spend half a Sunday and then Monday, Tuesday evening. Otherwise you torture yourself all the time about not working more.\n\nThe toughest part is not taking on too much and hitting deadlines. I pre-schedule what I'm going to work on and when in my calendar, giving myself a day or two of wiggle room if something personal comes up. That way, I know if I have to say 'no' to a new project and I get a little peace of mind that all the work will get done.\n\nThat said: it's not easy! I recently cut back quite a bit for work\/life balance.",
        "user": "UUH2ESL66",
        "ts": "1642698750.159200",
        "team": "TJE58GTJL",
        "user_team": "TJE58GTJL",
        "source_team": "TJE58GTJL",
        "user_profile": {
            "avatar_hash": "258edf4c5252",
            "image_72": "https:\/\/avatars.slack-edge.com\/2020-03-05\/984845117296_258edf4c525224d42bff_72.jpg",
            "first_name": "Eric",
            "real_name": "Eric Doty",
            "display_name": "",
            "team": "TJE58GTJL",
            "name": "eric.doty3",
            "is_restricted": false,
            "is_ultra_restricted": false
        },
        "blocks": [
            {
                "type": "rich_text",
                "block_id": "iR\/\/2",
                "elements": [
                    {
                        "type": "rich_text_section",
                        "elements": [
                            {
                                "type": "text",
                                "text": "I've been doing this for about 4 years. Like "
                            },
                            {
                                "type": "user",
                                "user_id": "UK3FP4VNZ"
                            },
                            {
                                "type": "text",
                                "text": " said, it's easiest to stick to a schedule.\n\nI tend to spend half a Sunday and then Monday, Tuesday evening. Otherwise you torture yourself all the time about not working more.\n\nThe toughest part is not taking on too much and hitting deadlines. I pre-schedule what I'm going to work on and when in my calendar, giving myself a day or two of wiggle room if something personal comes up. That way, I know if I have to say 'no' to a new project and I get a little peace of mind that all the work will get done.\n\nThat said: it's not easy! I recently cut back quite a bit for work\/life balance."
                            }
                        ]
                    }
                ]
            }
        ],
        "thread_ts": "1642624763.136200",
        "parent_user_id": "U02SU2BECCA",
        "reactions": [
            {
                "name": "point_up",
                "users": [
                    "UUJBMNRNF"
                ],
                "count": 1
            }
        ]
    },
    {
        "client_msg_id": "9479b9f6-8bea-4341-826e-3a8fc6d13d71",
        "type": "message",
        "text": "But I will say it's been the best thing to push my 9-5 career forward. I've gotten to see lots of content teams' workflows\/processes and taken away small lessons from every client. In a 9-5 you're not as frequently exposed to new things (if you're a content writer day in, day out)",
        "user": "UUH2ESL66",
        "ts": "1642698820.159400",
        "team": "TJE58GTJL",
        "user_team": "TJE58GTJL",
        "source_team": "TJE58GTJL",
        "user_profile": {
            "avatar_hash": "258edf4c5252",
            "image_72": "https:\/\/avatars.slack-edge.com\/2020-03-05\/984845117296_258edf4c525224d42bff_72.jpg",
            "first_name": "Eric",
            "real_name": "Eric Doty",
            "display_name": "",
            "team": "TJE58GTJL",
            "name": "eric.doty3",
            "is_restricted": false,
            "is_ultra_restricted": false
        },
        "blocks": [
            {
                "type": "rich_text",
                "block_id": "1qW",
                "elements": [
                    {
                        "type": "rich_text_section",
                        "elements": [
                            {
                                "type": "text",
                                "text": "But I will say it's been the best thing to push my 9-5 career forward. I've gotten to see lots of content teams' workflows\/processes and taken away small lessons from every client. In a 9-5 you're not as frequently exposed to new things (if you're a content writer day in, day out)"
                            }
                        ]
                    }
                ]
            }
        ],
        "thread_ts": "1642624763.136200",
        "parent_user_id": "U02SU2BECCA",
        "reactions": [
            {
                "name": "heart",
                "users": [
                    "UUJBMNRNF",
                    "U02DC3G7MV4"
                ],
                "count": 2
            }
        ]
    },
    {
        "client_msg_id": "15987033-ef83-4f71-808d-8db36731665e",
        "type": "message",
        "text": "love this. Thanks for the input everyone!",
        "user": "U02SU2BECCA",
        "ts": "1642699417.159600",
        "team": "TJE58GTJL",
        "user_team": "TJE58GTJL",
        "source_team": "TJE58GTJL",
        "user_profile": {
            "avatar_hash": "ee48b1106795",
            "image_72": "https:\/\/avatars.slack-edge.com\/2022-01-05\/2912317446291_ee48b110679501fff7ef_72.jpg",
            "first_name": "Lawrence",
            "real_name": "Lawrence Barker",
            "display_name": "Lawrence",
            "team": "TJE58GTJL",
            "name": "lawrence",
            "is_restricted": false,
            "is_ultra_restricted": false
        },
        "blocks": [
            {
                "type": "rich_text",
                "block_id": "sTewo",
                "elements": [
                    {
                        "type": "rich_text_section",
                        "elements": [
                            {
                                "type": "text",
                                "text": "love this. Thanks for the input everyone!"
                            }
                        ]
                    }
                ]
            }
        ],
        "thread_ts": "1642624763.136200",
        "parent_user_id": "U02SU2BECCA"
    },
    {
        "client_msg_id": "c7735261-7b83-4727-ad07-1a5249efa166",
        "type": "message",
        "text": "Hi there , Chaitanya  this side . I work with startup called <http:\/\/www.parkoffice.io|Parkoffice> based out of Dublin. We are looking to hire a front end webdeveloper on freelance \/parttime \/contract basis to help us migrate our existing content management system built on ( Wordpress+ Ruby on Rails ) -&gt; <https:\/\/ghost.org\/|Ghost CMS>  without effecting our search ranking or SEO Aspects  Customize the blog as per specfic requirement based on premium template which we selected . This would be  Short term project (30-45 days ), you should be able to spend at-least 15-17 hours \/week ; Skillset needed : `&lt;HTml5, CSS, Javascript, Rubyonrails, wordpress, Bootstrap, Ghost (DIY tool like a landing page builder, XML any references would also be appreciated` ",
        "user": "U02P8ASS4CQ",
        "ts": "1642710956.162800",
        "team": "TJE58GTJL",
        "user_team": "TJE58GTJL",
        "source_team": "TJE58GTJL",
        "user_profile": {
            "avatar_hash": "fd0123b62747",
            "image_72": "https:\/\/avatars.slack-edge.com\/2021-11-24\/2752013102471_fd0123b6274769222213_72.jpg",
            "first_name": "",
            "real_name": "Chaitanya",
            "display_name": "Chaitanya",
            "team": "TJE58GTJL",
            "name": "chaitanya.gatreddi",
            "is_restricted": false,
            "is_ultra_restricted": false
        },
        "attachments": [
            {
                "from_url": "https:\/\/ghost.org\/",
                "image_url": "https:\/\/ghost.org\/images\/meta\/ghost.png",
                "image_width": 500,
                "image_height": 250,
                "image_bytes": 34699,
                "service_icon": "https:\/\/ghost.org\/favicon.ico",
                "id": 1,
                "original_url": "https:\/\/ghost.org\/",
                "fallback": "Ghost - The Professional Publishing Platform: Ghost: Turn your audience into a business",
                "text": "The world's most popular modern publishing platform for creating a new media platform. Used by Apple, SkyNews, Buffer, OpenAI, and thousands more.",
                "title": "Ghost: Turn your audience into a business",
                "title_link": "https:\/\/ghost.org\/",
                "service_name": "Ghost - The Professional Publishing Platform"
            }
        ],
        "blocks": [
            {
                "type": "rich_text",
                "block_id": "6CbP",
                "elements": [
                    {
                        "type": "rich_text_section",
                        "elements": [
                            {
                                "type": "text",
                                "text": "Hi there , Chaitanya  this side . I work with startup called "
                            },
                            {
                                "type": "link",
                                "url": "http:\/\/www.parkoffice.io",
                                "text": "Parkoffice"
                            },
                            {
                                "type": "text",
                                "text": " based out of Dublin. We are looking to hire a front end webdeveloper on freelance \/parttime \/contract basis to help us migrate our existing content management system built on ( Wordpress+ Ruby on Rails ) -> "
                            },
                            {
                                "type": "link",
                                "url": "https:\/\/ghost.org\/",
                                "text": "Ghost CMS"
                            },
                            {
                                "type": "text",
                                "text": "  without effecting our search ranking or SEO Aspects  Customize the blog as per specfic requirement based on premium template which we selected . This would be  Short term project (30-45 days ), you should be able to spend at-least 15-17 hours \/week ; Skillset needed : "
                            },
                            {
                                "type": "text",
                                "text": "<HTml5, CSS, Javascript, Rubyonrails, wordpress, Bootstrap, Ghost (DIY tool like a landing page builder, XML any references would also be appreciated ",
                                "style": {
                                    "code": true
                                }
                            }
                        ]
                    }
                ]
            }
        ],
        "reactions": [
            {
                "name": "white_check_mark",
                "users": [
                    "U02BVDHA5TJ"
                ],
                "count": 1
            }
        ]
    },
    {
        "client_msg_id": "d8e39178-ea42-4898-93d6-ad1d324faa4e",
        "type": "message",
        "text": "You can reach out to me over DM or Email me at <mailto:Chaitanya@parkoffice.io|Chaitanya@parkoffice.io>",
        "user": "U02P8ASS4CQ",
        "ts": "1642710979.163500",
        "team": "TJE58GTJL",
        "user_team": "TJE58GTJL",
        "source_team": "TJE58GTJL",
        "user_profile": {
            "avatar_hash": "fd0123b62747",
            "image_72": "https:\/\/avatars.slack-edge.com\/2021-11-24\/2752013102471_fd0123b6274769222213_72.jpg",
            "first_name": "",
            "real_name": "Chaitanya",
            "display_name": "Chaitanya",
            "team": "TJE58GTJL",
            "name": "chaitanya.gatreddi",
            "is_restricted": false,
            "is_ultra_restricted": false
        },
        "blocks": [
            {
                "type": "rich_text",
                "block_id": "cE2",
                "elements": [
                    {
                        "type": "rich_text_section",
                        "elements": [
                            {
                                "type": "text",
                                "text": "You can reach out to me over DM or Email me at "
                            },
                            {
                                "type": "link",
                                "url": "mailto:Chaitanya@parkoffice.io",
                                "text": "Chaitanya@parkoffice.io"
                            }
                        ]
                    }
                ]
            }
        ]
    },
    {
        "client_msg_id": "192a2e8b-dbe2-45ba-96be-ffbc668ab830",
        "type": "message",
        "text": "Are you still looking? I'd love to know more.",
        "user": "U02S2UZU3D3",
        "ts": "1642711064.163700",
        "team": "TJE58GTJL",
        "user_team": "TJE58GTJL",
        "source_team": "TJE58GTJL",
        "user_profile": {
            "avatar_hash": "a8ea5d586528",
            "image_72": "https:\/\/avatars.slack-edge.com\/2021-12-28\/2914047553904_a8ea5d5865287bb07a74_72.jpg",
            "first_name": "Amanda",
            "real_name": "Amanda Hoyer",
            "display_name": "Amanda Hoyer",
            "team": "TJE58GTJL",
            "name": "amandahoyer2",
            "is_restricted": false,
            "is_ultra_restricted": false
        },
        "blocks": [
            {
                "type": "rich_text",
                "block_id": "vnUrR",
                "elements": [
                    {
                        "type": "rich_text_section",
                        "elements": [
                            {
                                "type": "text",
                                "text": "Are you still looking? I'd love to know more."
                            }
                        ]
                    }
                ]
            }
        ],
        "thread_ts": "1642606663.133600",
        "parent_user_id": "U02CJS8JM09"
    },
    {
        "client_msg_id": "c1587012-18bb-4cb2-b18d-97c4c8d750d4",
        "type": "message",
        "text": "this looks like a good freelance gig: <https:\/\/docs.google.com\/document\/d\/1NL-nMq5b0Gc7l86hNvjFSQGQ6MoQcGDr7oQd_lL7JA0\/edit>",
        "user": "UJG9WTEKG",
        "ts": "1642716384.164100",
        "team": "TJE58GTJL",
        "user_team": "TJE58GTJL",
        "source_team": "TJE58GTJL",
        "user_profile": {
            "avatar_hash": "gc25b94e6ebf",
            "image_72": "https:\/\/secure.gravatar.com\/avatar\/eec25b94e6ebf55f0b7933372344cd09.jpg?s=72&d=https%3A%2F%2Fa.slack-edge.com%2Fdf10d%2Fimg%2Favatars%2Fava_0001-72.png",
            "first_name": "Jimmy",
            "real_name": "Jimmy Daly",
            "display_name": "",
            "team": "TJE58GTJL",
            "name": "runjimdaly",
            "is_restricted": false,
            "is_ultra_restricted": false
        },
        "blocks": [
            {
                "type": "rich_text",
                "block_id": "hu3a",
                "elements": [
                    {
                        "type": "rich_text_section",
                        "elements": [
                            {
                                "type": "text",
                                "text": "this looks like a good freelance gig: "
                            },
                            {
                                "type": "link",
                                "url": "https:\/\/docs.google.com\/document\/d\/1NL-nMq5b0Gc7l86hNvjFSQGQ6MoQcGDr7oQd_lL7JA0\/edit"
                            }
                        ]
                    }
                ]
            }
        ],
        "thread_ts": "1642716384.164100",
        "reply_count": 2,
        "reply_users_count": 2,
        "latest_reply": "1643059823.199400",
        "reply_users": [
            "U02Q8U5T7TP",
            "U02CVNB3X1T"
        ],
        "replies": [
            {
                "user": "U02Q8U5T7TP",
                "ts": "1642762206.164800"
            },
            {
                "user": "U02CVNB3X1T",
                "ts": "1643059823.199400"
            }
        ],
        "is_locked": false,
        "subscribed": true,
        "last_read": "1643059823.199400",
        "reactions": [
            {
                "name": "100",
                "users": [
                    "U02S2UZU3D3",
                    "U02F1GK6U6B",
                    "U01SP0Z5D33",
                    "U02CUMQBP9R"
                ],
                "count": 4
            },
            {
                "name": "eyes",
                "users": [
                    "UN227ML2H",
                    "U02UHL5EX1P"
                ],
                "count": 2
            },
            {
                "name": "raised_hands",
                "users": [
                    "U02U3RDQKHP"
                ],
                "count": 1
            }
        ]
    }
]