[
    {
        "client_msg_id": "c08ab004-7ce0-4b10-8a53-7b540f69d998",
        "type": "message",
        "text": "<@U02PM12M15K> still relevant?",
        "user": "U015XHF0RE0",
        "ts": "1651227519.315909",
        "team": "TJE58GTJL",
        "user_team": "TJE58GTJL",
        "source_team": "TJE58GTJL",
        "user_profile": {
            "avatar_hash": "3b994352b8aa",
            "image_72": "https:\/\/avatars.slack-edge.com\/2020-06-22\/1197226784578_3b994352b8aac48ece1e_72.jpg",
            "first_name": "",
            "real_name": "Adelina",
            "display_name": "Adelina",
            "team": "TJE58GTJL",
            "name": "karpenkova.adel",
            "is_restricted": false,
            "is_ultra_restricted": false
        },
        "blocks": [
            {
                "type": "rich_text",
                "block_id": "gMIJD",
                "elements": [
                    {
                        "type": "rich_text_section",
                        "elements": [
                            {
                                "type": "user",
                                "user_id": "U02PM12M15K"
                            },
                            {
                                "type": "text",
                                "text": " still relevant?"
                            }
                        ]
                    }
                ]
            }
        ],
        "thread_ts": "1650575470.171889",
        "parent_user_id": "U02PM12M15K"
    },
    {
        "client_msg_id": "6a7b1a36-4ec8-4a9e-8d8b-43619860268e",
        "type": "message",
        "text": "I'm rebuilding my website and in search of inspiration. If you have a portfolio that showcases blogs, web\/landing pages, case studies, and other lower-funnel content I would love to take a look!",
        "user": "U03DRKTUBK2",
        "ts": "1651227697.701259",
        "team": "TJE58GTJL",
        "user_team": "TJE58GTJL",
        "source_team": "TJE58GTJL",
        "user_profile": {
            "avatar_hash": "b03ed6c13d04",
            "image_72": "https:\/\/avatars.slack-edge.com\/2022-04-27\/3449930474196_b03ed6c13d04aa177e5f_72.png",
            "first_name": "Ashwin",
            "real_name": "Ashwin Balakrishnan",
            "display_name": "Ashwin Balakrishnan",
            "team": "TJE58GTJL",
            "name": "ashwin637",
            "is_restricted": false,
            "is_ultra_restricted": false
        },
        "blocks": [
            {
                "type": "rich_text",
                "block_id": "\/2m=y",
                "elements": [
                    {
                        "type": "rich_text_section",
                        "elements": [
                            {
                                "type": "text",
                                "text": "I'm rebuilding my website and in search of inspiration. If you have a portfolio that showcases blogs, web\/landing pages, case studies, and other lower-funnel content I would love to take a look!"
                            }
                        ]
                    }
                ]
            }
        ],
        "thread_ts": "1651227697.701259",
        "reply_count": 8,
        "reply_users_count": 5,
        "latest_reply": "1651445861.797979",
        "reply_users": [
            "UUJBMNRNF",
            "U03DRKTUBK2",
            "U03330MFEN4",
            "U0211K6LSM9",
            "U02729J964E"
        ],
        "replies": [
            {
                "user": "UUJBMNRNF",
                "ts": "1651240045.618629"
            },
            {
                "user": "U03DRKTUBK2",
                "ts": "1651241501.889879"
            },
            {
                "user": "UUJBMNRNF",
                "ts": "1651242413.936719"
            },
            {
                "user": "U03330MFEN4",
                "ts": "1651250730.287749"
            },
            {
                "user": "U0211K6LSM9",
                "ts": "1651254523.357499"
            },
            {
                "user": "UUJBMNRNF",
                "ts": "1651264574.113889"
            },
            {
                "user": "U03DRKTUBK2",
                "ts": "1651328635.373559"
            },
            {
                "user": "U02729J964E",
                "ts": "1651445861.797979"
            }
        ],
        "is_locked": false,
        "subscribed": false
    },
    {
        "client_msg_id": "700FB92E-6CB7-4FFB-83C4-31BB654FC17F",
        "type": "message",
        "text": "Hey there! Here's mine\n\n<https:\/\/hannahwiginton.com\/portfolio\/|https:\/\/hannahwiginton.com\/portfolio\/>",
        "user": "UUJBMNRNF",
        "ts": "1651240045.618629",
        "team": "TJE58GTJL",
        "user_team": "TJE58GTJL",
        "source_team": "TJE58GTJL",
        "user_profile": {
            "avatar_hash": "g60cda1030c0",
            "image_72": "https:\/\/secure.gravatar.com\/avatar\/60cda1030c03869961d38a096c73158e.jpg?s=72&d=https%3A%2F%2Fa.slack-edge.com%2Fdf10d%2Fimg%2Favatars%2Fava_0024-72.png",
            "first_name": "Hannah",
            "real_name": "Hannah Wiginton",
            "display_name": "Hannah Wiginton",
            "team": "TJE58GTJL",
            "name": "hwiginton00",
            "is_restricted": false,
            "is_ultra_restricted": false
        },
        "attachments": [
            {
                "from_url": "https:\/\/hannahwiginton.com\/portfolio\/",
                "image_url": "https:\/\/hannahwiginton.com\/wp-content\/uploads\/2020\/11\/Hannah-Wiginton-website-main-image-1.png",
                "image_width": 444,
                "image_height": 250,
                "image_bytes": 407814,
                "service_icon": "https:\/\/hannahwiginton.com\/wp-content\/uploads\/2019\/12\/cropped-HW-initals-1200x900-180x180.jpg",
                "id": 1,
                "original_url": "https:\/\/hannahwiginton.com\/portfolio\/",
                "fallback": "Hannah Wiginton: Portfolio",
                "text": "View a list of projects I've completed and the work I can do for you! Copywriting, web copy, technical documentation, marketing guides, and more.",
                "title": "Portfolio",
                "title_link": "https:\/\/hannahwiginton.com\/portfolio\/",
                "service_name": "Hannah Wiginton",
                "fields": [
                    {
                        "value": "2 minutes",
                        "title": "Est. reading time",
                        "short": true
                    }
                ]
            }
        ],
        "blocks": [
            {
                "type": "rich_text",
                "block_id": "TWkm",
                "elements": [
                    {
                        "type": "rich_text_section",
                        "elements": [
                            {
                                "type": "text",
                                "text": "Hey there! Here's mine\n"
                            },
                            {
                                "type": "text",
                                "text": "\n"
                            },
                            {
                                "type": "link",
                                "url": "https:\/\/hannahwiginton.com\/portfolio\/",
                                "text": "https:\/\/hannahwiginton.com\/portfolio\/"
                            }
                        ]
                    }
                ]
            }
        ],
        "thread_ts": "1651227697.701259",
        "parent_user_id": "U03DRKTUBK2",
        "reactions": [
            {
                "name": "fire",
                "users": [
                    "U03DRKTUBK2",
                    "U02RXFYA3T4",
                    "U02729J964E"
                ],
                "count": 3
            },
            {
                "name": "100",
                "users": [
                    "U02PA451C3B",
                    "U02729J964E"
                ],
                "count": 2
            }
        ]
    },
    {
        "client_msg_id": "09a74b33-8151-4b44-a096-55b717615067",
        "type": "message",
        "text": "Okay wow, that might be the best personal website I've ever seen.",
        "user": "U03DRKTUBK2",
        "ts": "1651241501.889879",
        "team": "TJE58GTJL",
        "user_team": "TJE58GTJL",
        "source_team": "TJE58GTJL",
        "user_profile": {
            "avatar_hash": "b03ed6c13d04",
            "image_72": "https:\/\/avatars.slack-edge.com\/2022-04-27\/3449930474196_b03ed6c13d04aa177e5f_72.png",
            "first_name": "Ashwin",
            "real_name": "Ashwin Balakrishnan",
            "display_name": "Ashwin Balakrishnan",
            "team": "TJE58GTJL",
            "name": "ashwin637",
            "is_restricted": false,
            "is_ultra_restricted": false
        },
        "blocks": [
            {
                "type": "rich_text",
                "block_id": "w+fd",
                "elements": [
                    {
                        "type": "rich_text_section",
                        "elements": [
                            {
                                "type": "text",
                                "text": "Okay wow, that might be the best personal website I've ever seen."
                            }
                        ]
                    }
                ]
            }
        ],
        "thread_ts": "1651227697.701259",
        "parent_user_id": "U03DRKTUBK2",
        "reactions": [
            {
                "name": "heart",
                "users": [
                    "UUJBMNRNF"
                ],
                "count": 1
            }
        ]
    },
    {
        "client_msg_id": "F3732F44-5723-4F64-92CD-2080F9C8B125",
        "type": "message",
        "text": ":smile: well thank you for the compliment!",
        "user": "UUJBMNRNF",
        "ts": "1651242413.936719",
        "team": "TJE58GTJL",
        "user_team": "TJE58GTJL",
        "source_team": "TJE58GTJL",
        "user_profile": {
            "avatar_hash": "g60cda1030c0",
            "image_72": "https:\/\/secure.gravatar.com\/avatar\/60cda1030c03869961d38a096c73158e.jpg?s=72&d=https%3A%2F%2Fa.slack-edge.com%2Fdf10d%2Fimg%2Favatars%2Fava_0024-72.png",
            "first_name": "Hannah",
            "real_name": "Hannah Wiginton",
            "display_name": "Hannah Wiginton",
            "team": "TJE58GTJL",
            "name": "hwiginton00",
            "is_restricted": false,
            "is_ultra_restricted": false
        },
        "blocks": [
            {
                "type": "rich_text",
                "block_id": "iQIGg",
                "elements": [
                    {
                        "type": "rich_text_section",
                        "elements": [
                            {
                                "type": "emoji",
                                "name": "smile"
                            },
                            {
                                "type": "text",
                                "text": " well thank you for the compliment!"
                            }
                        ]
                    }
                ]
            }
        ],
        "thread_ts": "1651227697.701259",
        "parent_user_id": "U03DRKTUBK2"
    },
    {
        "client_msg_id": "7fdabadb-2c8f-4003-9724-16eca9d27440",
        "type": "message",
        "text": "Applied :)",
        "user": "U03CFDD8Z5G",
        "ts": "1651244084.727029",
        "team": "TJE58GTJL",
        "user_team": "TJE58GTJL",
        "source_team": "TJE58GTJL",
        "user_profile": {
            "avatar_hash": "803a1803fc3d",
            "image_72": "https:\/\/avatars.slack-edge.com\/2022-04-23\/3428686419125_803a1803fc3d62fb02b5_72.jpg",
            "first_name": "Sanketee",
            "real_name": "Sanketee Kher",
            "display_name": "Sanketee Kher",
            "team": "TJE58GTJL",
            "name": "sanketeekher",
            "is_restricted": false,
            "is_ultra_restricted": false
        },
        "blocks": [
            {
                "type": "rich_text",
                "block_id": "mFj9o",
                "elements": [
                    {
                        "type": "rich_text_section",
                        "elements": [
                            {
                                "type": "text",
                                "text": "Applied :)"
                            }
                        ]
                    }
                ]
            }
        ],
        "thread_ts": "1651098835.763269",
        "parent_user_id": "U036L6E41FV"
    },
    {
        "client_msg_id": "329f9330-8e10-4c33-a45c-56a45d5c57da",
        "type": "message",
        "text": "Hi all! I’m a strategist at a marketing performance agency. We’re looking to expand our network of SEO freelancers for a variety of projects.\n\n:clipboard: Projects might include technical &amp; content audits, keyword research, link building, content strategy, overall SEO consulting, etc.\n:pencil2: We are most interested in talent with expertise in *healthcare, education, e-commerce, real-estate, or tourism*\n:white_check_mark: Most of all, we’re looking for trusted experts and partners we can call upon when projects pop-up.\n\nGive me a shout if you’re interested in connecting and learning more. Thank you and I hope everyone has a fantastic Friday!",
        "user": "U033BJ3TPNH",
        "ts": "1651245733.725779",
        "team": "TJE58GTJL",
        "user_team": "TJE58GTJL",
        "source_team": "TJE58GTJL",
        "user_profile": {
            "avatar_hash": "6a576518550b",
            "image_72": "https:\/\/avatars.slack-edge.com\/2022-02-16\/3116521021666_6a576518550b695c010f_72.jpg",
            "first_name": "Jacy",
            "real_name": "Jacy Baggett",
            "display_name": "Jacy Baggett",
            "team": "TJE58GTJL",
            "name": "jacybaggett",
            "is_restricted": false,
            "is_ultra_restricted": false
        },
        "blocks": [
            {
                "type": "rich_text",
                "block_id": "ryQ0C",
                "elements": [
                    {
                        "type": "rich_text_section",
                        "elements": [
                            {
                                "type": "text",
                                "text": "Hi all! I’m a strategist at a marketing performance agency. We’re looking to expand our network of SEO freelancers for a variety of projects.\n\n"
                            },
                            {
                                "type": "emoji",
                                "name": "clipboard"
                            },
                            {
                                "type": "text",
                                "text": " Projects might include technical & content audits, keyword research, link building, content strategy, overall SEO consulting, etc.\n"
                            },
                            {
                                "type": "emoji",
                                "name": "pencil2"
                            },
                            {
                                "type": "text",
                                "text": " We are most interested in talent with expertise in "
                            },
                            {
                                "type": "text",
                                "text": "healthcare, education, e-commerce, real-estate, or tourism",
                                "style": {
                                    "bold": true
                                }
                            },
                            {
                                "type": "text",
                                "text": "\n"
                            },
                            {
                                "type": "emoji",
                                "name": "white_check_mark"
                            },
                            {
                                "type": "text",
                                "text": " Most of all, we’re looking for trusted experts and partners we can call upon when projects pop-up.\n\nGive me a shout if you’re interested in connecting and learning more. Thank you and I hope everyone has a fantastic Friday!"
                            }
                        ]
                    }
                ]
            }
        ],
        "thread_ts": "1651245733.725779",
        "reply_count": 4,
        "reply_users_count": 4,
        "latest_reply": "1651445401.555739",
        "reply_users": [
            "U0320BS53RQ",
            "U03330MFEN4",
            "UJJELJPNH",
            "U02729J964E"
        ],
        "replies": [
            {
                "user": "U0320BS53RQ",
                "ts": "1651249450.799299"
            },
            {
                "user": "U03330MFEN4",
                "ts": "1651250706.522019"
            },
            {
                "user": "UJJELJPNH",
                "ts": "1651324105.344839"
            },
            {
                "user": "U02729J964E",
                "ts": "1651445401.555739"
            }
        ],
        "is_locked": false,
        "subscribed": false,
        "reactions": [
            {
                "name": "wave",
                "users": [
                    "UJJELJPNH"
                ],
                "count": 1
            }
        ]
    },
    {
        "client_msg_id": "222589BD-BCD9-4EEC-8AE2-E91D1A761939",
        "type": "message",
        "text": "One last question (I think haha): do you have a standard procedure you write in the contract for number of revisions for large projects with multiple pages? ",
        "user": "U035WGHQG3B",
        "ts": "1651247016.705369",
        "team": "TJE58GTJL",
        "user_team": "TJE58GTJL",
        "source_team": "TJE58GTJL",
        "user_profile": {
            "avatar_hash": "cdd967c80ce1",
            "image_72": "https:\/\/avatars.slack-edge.com\/2022-03-03\/3181335974022_cdd967c80ce19cd05d35_72.jpg",
            "first_name": "James",
            "real_name": "James Berges",
            "display_name": "",
            "team": "TJE58GTJL",
            "name": "jamoberges",
            "is_restricted": false,
            "is_ultra_restricted": false
        },
        "blocks": [
            {
                "type": "rich_text",
                "block_id": "hNl=",
                "elements": [
                    {
                        "type": "rich_text_section",
                        "elements": [
                            {
                                "type": "text",
                                "text": "One last question (I think haha): do you have a standard procedure you write in the contract for number of revisions for large projects with multiple pages? "
                            }
                        ]
                    }
                ]
            }
        ],
        "thread_ts": "1651168156.305069",
        "parent_user_id": "U035WGHQG3B"
    },
    {
        "client_msg_id": "5694D67E-ECBA-49F6-8859-B0E2D81AF86A",
        "type": "message",
        "text": "It's closed",
        "user": "U034480S17A",
        "ts": "1651247633.061499",
        "team": "TJE58GTJL",
        "user_team": "TJE58GTJL",
        "source_team": "TJE58GTJL",
        "user_profile": {
            "avatar_hash": "g5208990b9d2",
            "image_72": "https:\/\/secure.gravatar.com\/avatar\/5208990b9d27939b7bb0406d4bce3922.jpg?s=72&d=https%3A%2F%2Fa.slack-edge.com%2Fdf10d%2Fimg%2Favatars%2Fava_0026-72.png",
            "first_name": "Amarachukwu",
            "real_name": "Amarachukwu Ogbonnaya",
            "display_name": "",
            "team": "TJE58GTJL",
            "name": "amarachi.ogbonnaya47",
            "is_restricted": false,
            "is_ultra_restricted": false
        },
        "blocks": [
            {
                "type": "rich_text",
                "block_id": "7fdQd",
                "elements": [
                    {
                        "type": "rich_text_section",
                        "elements": [
                            {
                                "type": "text",
                                "text": "It's closed"
                            }
                        ]
                    }
                ]
            }
        ],
        "thread_ts": "1651002107.818259",
        "parent_user_id": "U02H3K9BEMA"
    },
    {
        "client_msg_id": "894d1d54-639f-4578-b9f0-0bae812300a4",
        "type": "message",
        "text": "Unrelated...just wanted to say \"Gotta love this community!\":yellow_heart: such beautiful, helpful souls :)",
        "user": "U02PRMEAP0V",
        "ts": "1651247819.569999",
        "team": "TJE58GTJL",
        "user_team": "TJE58GTJL",
        "source_team": "TJE58GTJL",
        "user_profile": {
            "avatar_hash": "3655374527f9",
            "image_72": "https:\/\/avatars.slack-edge.com\/2022-03-23\/3282575021317_3655374527f96f1c0934_72.png",
            "first_name": "Elsier",
            "real_name": "Elsier Otachi",
            "display_name": "Elsier Otachi",
            "team": "TJE58GTJL",
            "name": "biagelo",
            "is_restricted": false,
            "is_ultra_restricted": false
        },
        "edited": {
            "user": "U02PRMEAP0V",
            "ts": "1651247841.000000"
        },
        "blocks": [
            {
                "type": "rich_text",
                "block_id": "U9u",
                "elements": [
                    {
                        "type": "rich_text_section",
                        "elements": [
                            {
                                "type": "text",
                                "text": "Unrelated...just wanted to say \"Gotta love this community!\""
                            },
                            {
                                "type": "emoji",
                                "name": "yellow_heart"
                            },
                            {
                                "type": "text",
                                "text": " such beautiful, helpful souls :)"
                            }
                        ]
                    }
                ]
            }
        ],
        "thread_ts": "1651168156.305069",
        "parent_user_id": "U035WGHQG3B",
        "reactions": [
            {
                "name": "raised_hands",
                "users": [
                    "UUH2ESL66"
                ],
                "count": 1
            }
        ]
    },
    {
        "client_msg_id": "4A30E797-5F8E-4069-867C-CC7C74FD6914",
        "type": "message",
        "text": "<@U02PRMEAP0V> echo your sentiments! Feels great to be supported by people at different stages of their content careers. Appreciate all of you :)",
        "user": "U035WGHQG3B",
        "ts": "1651247914.450109",
        "team": "TJE58GTJL",
        "user_team": "TJE58GTJL",
        "source_team": "TJE58GTJL",
        "user_profile": {
            "avatar_hash": "cdd967c80ce1",
            "image_72": "https:\/\/avatars.slack-edge.com\/2022-03-03\/3181335974022_cdd967c80ce19cd05d35_72.jpg",
            "first_name": "James",
            "real_name": "James Berges",
            "display_name": "",
            "team": "TJE58GTJL",
            "name": "jamoberges",
            "is_restricted": false,
            "is_ultra_restricted": false
        },
        "blocks": [
            {
                "type": "rich_text",
                "block_id": "Q2V",
                "elements": [
                    {
                        "type": "rich_text_section",
                        "elements": [
                            {
                                "type": "user",
                                "user_id": "U02PRMEAP0V"
                            },
                            {
                                "type": "text",
                                "text": " echo your sentiments! Feels great to be supported by people at different stages of their content careers. Appreciate all of you :)"
                            }
                        ]
                    }
                ]
            }
        ],
        "thread_ts": "1651168156.305069",
        "parent_user_id": "U035WGHQG3B",
        "reactions": [
            {
                "name": "yellow_heart",
                "users": [
                    "U02PRMEAP0V",
                    "U02PQ08HCSF"
                ],
                "count": 2
            }
        ]
    },
    {
        "client_msg_id": "3b992053-3449-4a93-82b9-6c1a5631ca24",
        "type": "message",
        "text": "No more than 2 revisions! I also typically give them a date by which they need to use them by!",
        "user": "U02RGBRUUE8",
        "ts": "1651247945.125449",
        "team": "TJE58GTJL",
        "user_team": "TJE58GTJL",
        "source_team": "TJE58GTJL",
        "user_profile": {
            "avatar_hash": "ab17825724fd",
            "image_72": "https:\/\/avatars.slack-edge.com\/2022-04-28\/3480411439504_ab17825724fd076605e8_72.jpg",
            "first_name": "Eman",
            "real_name": "Eman Zabi",
            "display_name": "Eman Zabi",
            "team": "TJE58GTJL",
            "name": "eman",
            "is_restricted": false,
            "is_ultra_restricted": false
        },
        "blocks": [
            {
                "type": "rich_text",
                "block_id": "dp5r",
                "elements": [
                    {
                        "type": "rich_text_section",
                        "elements": [
                            {
                                "type": "text",
                                "text": "No more than 2 revisions! I also typically give them a date by which they need to use them by!"
                            }
                        ]
                    }
                ]
            }
        ],
        "thread_ts": "1651168156.305069",
        "parent_user_id": "U035WGHQG3B"
    },
    {
        "client_msg_id": "94006273-6E6D-4B60-81ED-861E3C2DBBF4",
        "type": "message",
        "text": "<@U02RGBRUUE8> so 2 rounds of revisions on 40 pages? I would obviously try to batch all revisions at once, so I'm not revising each for one at a time. \n\nCan you elaborate on giving them a date to use them by? What happens if they don't use your revision by a certain date? ",
        "user": "U035WGHQG3B",
        "ts": "1651248201.005459",
        "team": "TJE58GTJL",
        "user_team": "TJE58GTJL",
        "source_team": "TJE58GTJL",
        "user_profile": {
            "avatar_hash": "cdd967c80ce1",
            "image_72": "https:\/\/avatars.slack-edge.com\/2022-03-03\/3181335974022_cdd967c80ce19cd05d35_72.jpg",
            "first_name": "James",
            "real_name": "James Berges",
            "display_name": "",
            "team": "TJE58GTJL",
            "name": "jamoberges",
            "is_restricted": false,
            "is_ultra_restricted": false
        },
        "blocks": [
            {
                "type": "rich_text",
                "block_id": "zvq",
                "elements": [
                    {
                        "type": "rich_text_section",
                        "elements": [
                            {
                                "type": "user",
                                "user_id": "U02RGBRUUE8"
                            },
                            {
                                "type": "text",
                                "text": " so 2 rounds of revisions on 40 pages? I would obviously try to batch all revisions at once, so I'm not revising each for one at a time. \n"
                            },
                            {
                                "type": "text",
                                "text": "\n"
                            },
                            {
                                "type": "text",
                                "text": "Can you elaborate on giving them a date to use them by? What happens if they don't use your revision by a certain date? "
                            }
                        ]
                    }
                ]
            }
        ],
        "thread_ts": "1651168156.305069",
        "parent_user_id": "U035WGHQG3B"
    },
    {
        "client_msg_id": "94169315-c47a-4514-8c20-f39591a621d8",
        "type": "message",
        "text": "I would also spell out what a revision is and make it clear that it’s not a re-write! Yeah, I would definitely batch it. So I usually give them a 2-week window after I submit drafts to request revisions, if they don’t get back to me within that time they forfeit the right to revisions!",
        "user": "U02RGBRUUE8",
        "ts": "1651248386.593189",
        "team": "TJE58GTJL",
        "user_team": "TJE58GTJL",
        "source_team": "TJE58GTJL",
        "user_profile": {
            "avatar_hash": "ab17825724fd",
            "image_72": "https:\/\/avatars.slack-edge.com\/2022-04-28\/3480411439504_ab17825724fd076605e8_72.jpg",
            "first_name": "Eman",
            "real_name": "Eman Zabi",
            "display_name": "Eman Zabi",
            "team": "TJE58GTJL",
            "name": "eman",
            "is_restricted": false,
            "is_ultra_restricted": false
        },
        "blocks": [
            {
                "type": "rich_text",
                "block_id": "88jME",
                "elements": [
                    {
                        "type": "rich_text_section",
                        "elements": [
                            {
                                "type": "text",
                                "text": "I would also spell out what a revision is and make it clear that it’s not a re-write! Yeah, I would definitely batch it. So I usually give them a 2-week window after I submit drafts to request revisions, if they don’t get back to me within that time they forfeit the right to revisions!"
                            }
                        ]
                    }
                ]
            }
        ],
        "thread_ts": "1651168156.305069",
        "parent_user_id": "U035WGHQG3B"
    },
    {
        "client_msg_id": "C40A1DCD-39AF-4387-A166-0E2458490D0B",
        "type": "message",
        "text": "Ok, that makes sense! Thank you. \n\nAnother question arose (of course): Do you recommend breaking up the payment by phases, and\/or half payment up front and half upon completion?\n\nHe's asking for a ballpark figure, so I was planning to email him and give him an informal breakdown—then write a formal proposal (and get a contract in place) once he agrees. ",
        "user": "U035WGHQG3B",
        "ts": "1651248922.801289",
        "team": "TJE58GTJL",
        "user_team": "TJE58GTJL",
        "source_team": "TJE58GTJL",
        "user_profile": {
            "avatar_hash": "cdd967c80ce1",
            "image_72": "https:\/\/avatars.slack-edge.com\/2022-03-03\/3181335974022_cdd967c80ce19cd05d35_72.jpg",
            "first_name": "James",
            "real_name": "James Berges",
            "display_name": "",
            "team": "TJE58GTJL",
            "name": "jamoberges",
            "is_restricted": false,
            "is_ultra_restricted": false
        },
        "blocks": [
            {
                "type": "rich_text",
                "block_id": "AO6Nk",
                "elements": [
                    {
                        "type": "rich_text_section",
                        "elements": [
                            {
                                "type": "text",
                                "text": "Ok, that makes sense! Thank you. \n"
                            },
                            {
                                "type": "text",
                                "text": "\n"
                            },
                            {
                                "type": "text",
                                "text": "Another question arose (of course): Do you recommend breaking up the payment by phases, and\/or half payment up front and half upon completion?\n"
                            },
                            {
                                "type": "text",
                                "text": "\n"
                            },
                            {
                                "type": "text",
                                "text": "He's asking for a ballpark figure, so I was planning to email him and give him an informal breakdown—then write a formal proposal (and get a contract in place) once he agrees. "
                            }
                        ]
                    }
                ]
            }
        ],
        "thread_ts": "1651168156.305069",
        "parent_user_id": "U035WGHQG3B"
    },
    {
        "client_msg_id": "edf589cf-a931-46a4-a8b7-e572aef96d85",
        "type": "message",
        "text": "I typically do 50% upfront, and 50% at the 30-day mark. Anything over $25k, I let them know that I can offer a 4-part payment plan.\n\nThat sounds fine! I personally just do a formal proposal since it gives me the opportunity to re-state value before getting to the price. But I know Joanna Weibe from CopyHackers recommends getting an informal yes before sending proposals!",
        "user": "U02RGBRUUE8",
        "ts": "1651249060.062769",
        "team": "TJE58GTJL",
        "user_team": "TJE58GTJL",
        "source_team": "TJE58GTJL",
        "user_profile": {
            "avatar_hash": "ab17825724fd",
            "image_72": "https:\/\/avatars.slack-edge.com\/2022-04-28\/3480411439504_ab17825724fd076605e8_72.jpg",
            "first_name": "Eman",
            "real_name": "Eman Zabi",
            "display_name": "Eman Zabi",
            "team": "TJE58GTJL",
            "name": "eman",
            "is_restricted": false,
            "is_ultra_restricted": false
        },
        "blocks": [
            {
                "type": "rich_text",
                "block_id": "XTq+J",
                "elements": [
                    {
                        "type": "rich_text_section",
                        "elements": [
                            {
                                "type": "text",
                                "text": "I typically do 50% upfront, and 50% at the 30-day mark. Anything over $25k, I let them know that I can offer a 4-part payment plan.\n\nThat sounds fine! I personally just do a formal proposal since it gives me the opportunity to re-state value before getting to the price. But I know Joanna Weibe from CopyHackers recommends getting an informal yes before sending proposals!"
                            }
                        ]
                    }
                ]
            }
        ],
        "thread_ts": "1651168156.305069",
        "parent_user_id": "U035WGHQG3B"
    },
    {
        "client_msg_id": "262d2429-6099-4a05-adb0-8ad594d2ea8e",
        "type": "message",
        "text": "hey <@U033BJ3TPNH>! if you want to post your listing on <https:\/\/contra.com\/hire|Contra>, we will match you to top freelance writers for free!",
        "user": "U0320BS53RQ",
        "ts": "1651249450.799299",
        "team": "TJE58GTJL",
        "user_team": "TJE58GTJL",
        "source_team": "TJE58GTJL",
        "user_profile": {
            "avatar_hash": "ea48880e8c8e",
            "image_72": "https:\/\/avatars.slack-edge.com\/2022-02-08\/3068289596918_ea48880e8c8efa609f6f_72.png",
            "first_name": "madi",
            "real_name": "madi",
            "display_name": "madi",
            "team": "TJE58GTJL",
            "name": "madi.pignetti",
            "is_restricted": false,
            "is_ultra_restricted": false
        },
        "blocks": [
            {
                "type": "rich_text",
                "block_id": "KMBO",
                "elements": [
                    {
                        "type": "rich_text_section",
                        "elements": [
                            {
                                "type": "text",
                                "text": "hey "
                            },
                            {
                                "type": "user",
                                "user_id": "U033BJ3TPNH"
                            },
                            {
                                "type": "text",
                                "text": "! if you want to post your listing on "
                            },
                            {
                                "type": "link",
                                "url": "https:\/\/contra.com\/hire",
                                "text": "Contra"
                            },
                            {
                                "type": "text",
                                "text": ", we will match you to top freelance writers for free!"
                            }
                        ]
                    }
                ]
            }
        ],
        "thread_ts": "1651245733.725779",
        "parent_user_id": "U033BJ3TPNH"
    },
    {
        "client_msg_id": "EAC2F552-2B83-4502-BB89-FC8AC5D1827D",
        "type": "message",
        "text": "Amazing, thank you Eman! :) I think I'll go with a proposal first to restate value. Smart. ",
        "user": "U035WGHQG3B",
        "ts": "1651250143.309389",
        "team": "TJE58GTJL",
        "user_team": "TJE58GTJL",
        "source_team": "TJE58GTJL",
        "user_profile": {
            "avatar_hash": "cdd967c80ce1",
            "image_72": "https:\/\/avatars.slack-edge.com\/2022-03-03\/3181335974022_cdd967c80ce19cd05d35_72.jpg",
            "first_name": "James",
            "real_name": "James Berges",
            "display_name": "",
            "team": "TJE58GTJL",
            "name": "jamoberges",
            "is_restricted": false,
            "is_ultra_restricted": false
        },
        "blocks": [
            {
                "type": "rich_text",
                "block_id": "YT7L",
                "elements": [
                    {
                        "type": "rich_text_section",
                        "elements": [
                            {
                                "type": "text",
                                "text": "Amazing, thank you Eman! :) I think I'll go with a proposal first to restate value. Smart. "
                            }
                        ]
                    }
                ]
            }
        ],
        "thread_ts": "1651168156.305069",
        "parent_user_id": "U035WGHQG3B"
    },
    {
        "client_msg_id": "35e41c3d-0fe7-4962-9395-c382cf4b8eca",
        "type": "message",
        "text": "Can you share any details about pay?",
        "user": "U03330MFEN4",
        "ts": "1651250706.522019",
        "team": "TJE58GTJL",
        "user_team": "TJE58GTJL",
        "source_team": "TJE58GTJL",
        "user_profile": {
            "avatar_hash": "eee78796f291",
            "image_72": "https:\/\/avatars.slack-edge.com\/2022-02-09\/3105175916912_eee78796f2919ff55228_72.png",
            "first_name": "Kaitlyn",
            "real_name": "Kaitlyn Arford",
            "display_name": "Kaitlyn Arford",
            "team": "TJE58GTJL",
            "name": "kaitlyn.arford",
            "is_restricted": false,
            "is_ultra_restricted": false
        },
        "blocks": [
            {
                "type": "rich_text",
                "block_id": "JkjtE",
                "elements": [
                    {
                        "type": "rich_text_section",
                        "elements": [
                            {
                                "type": "text",
                                "text": "Can you share any details about pay?"
                            }
                        ]
                    }
                ]
            }
        ],
        "thread_ts": "1651245733.725779",
        "parent_user_id": "U033BJ3TPNH",
        "reactions": [
            {
                "name": "+1",
                "users": [
                    "U02L5GTFSGG"
                ],
                "count": 1
            }
        ]
    },
    {
        "client_msg_id": "fc2442cd-7a19-4ebc-9144-13eb8f111471",
        "type": "message",
        "text": "<https:\/\/kaitlynarford.com\/about\/>",
        "user": "U03330MFEN4",
        "ts": "1651250730.287749",
        "team": "TJE58GTJL",
        "user_team": "TJE58GTJL",
        "source_team": "TJE58GTJL",
        "user_profile": {
            "avatar_hash": "eee78796f291",
            "image_72": "https:\/\/avatars.slack-edge.com\/2022-02-09\/3105175916912_eee78796f2919ff55228_72.png",
            "first_name": "Kaitlyn",
            "real_name": "Kaitlyn Arford",
            "display_name": "Kaitlyn Arford",
            "team": "TJE58GTJL",
            "name": "kaitlyn.arford",
            "is_restricted": false,
            "is_ultra_restricted": false
        },
        "attachments": [
            {
                "from_url": "https:\/\/kaitlynarford.com\/about\/",
                "service_icon": "https:\/\/kaitlynarford.files.wordpress.com\/2021\/04\/cropped-pexels-photo-4065864.jpeg?w=180",
                "id": 1,
                "original_url": "https:\/\/kaitlynarford.com\/about\/",
                "fallback": "Kaitlyn Arford Link: About",
                "text": "Award-winning freelance journalist with experience writing all kinds of content.",
                "title": "About",
                "title_link": "https:\/\/kaitlynarford.com\/about\/",
                "author_name": "kaitlynarford",
                "author_link": "https:\/\/kaitlynarford.com\/author\/kaitlynarford\/",
                "service_name": "Kaitlyn Arford",
                "service_url": "http:\/\/kaitlynarford.com\/"
            }
        ],
        "blocks": [
            {
                "type": "rich_text",
                "block_id": "P8T",
                "elements": [
                    {
                        "type": "rich_text_section",
                        "elements": [
                            {
                                "type": "link",
                                "url": "https:\/\/kaitlynarford.com\/about\/"
                            }
                        ]
                    }
                ]
            }
        ],
        "thread_ts": "1651227697.701259",
        "parent_user_id": "U03DRKTUBK2",
        "reactions": [
            {
                "name": "heart",
                "users": [
                    "UUJBMNRNF"
                ],
                "count": 1
            }
        ]
    },
    {
        "client_msg_id": "f20b636e-5357-4d49-a610-65211a766c22",
        "type": "message",
        "text": "G’day all! I’m looking to hire an opinionated, voice-forward contract writer to help build the weekly <https:\/\/chatty.so\/motormouth|Motormouth newsletter>! Here’s the rundown:\n\n• :mega: We’ll be sharing a mix of curated freelance editorial gigs and original content centered around helping content managers\/directors, agencies, and publishers tell better stories and create more compelling editorial content.\n• :magnet: We’re a tiny team, so you’ll have a ton of editorial freedom to play with. We’ll work together to refine pitches (we _are_ an editorial service, after all), but we’d expect you to pitch most ideas you cover. Ideally you’ll have intimate knowledge of the content \/ brand journalism space, care deeply about great editorial, and enjoy a good (read: bad) writing pun.\n• :toolbox: Regular projects will include writing a short intro to the newsletter, along with 1-2 short (~400wo) weekly tips, interviews, trend analyses, etc (a la <http:\/\/marketerhire.createsend.com\/t\/ViewEmailArchive\/j\/01139F060B232D762540EF23F30FEDED\/C67FD2F38AC4859C\/|Raisin Bread>) each week. We’re also accepting <https:\/\/chatty.so\/pitch-motormouth|pitches for original content>, so some of the newsletter shorts will be excerpted from the blog. HUGE bonus if you can find sources to interview and\/or curate a few interesting external links each week as well!\nSound like you? Flick me a DM!",
        "user": "UJ7R3QGSV",
        "ts": "1651251687.138969",
        "team": "TJE58GTJL",
        "user_team": "TJE58GTJL",
        "source_team": "TJE58GTJL",
        "user_profile": {
            "avatar_hash": "gaf0f8ed70a3",
            "image_72": "https:\/\/secure.gravatar.com\/avatar\/5baf0f8ed70a3ef2324402c5dfe65280.jpg?s=72&d=https%3A%2F%2Fa.slack-edge.com%2Fdf10d%2Fimg%2Favatars%2Fava_0017-72.png",
            "first_name": "",
            "real_name": "Kieran",
            "display_name": "",
            "team": "TJE58GTJL",
            "name": "kieran",
            "is_restricted": false,
            "is_ultra_restricted": false
        },
        "blocks": [
            {
                "type": "rich_text",
                "block_id": "jCD",
                "elements": [
                    {
                        "type": "rich_text_section",
                        "elements": [
                            {
                                "type": "text",
                                "text": "G’day all! I’m looking to hire an opinionated, voice-forward contract writer to help build the weekly "
                            },
                            {
                                "type": "link",
                                "url": "https:\/\/chatty.so\/motormouth",
                                "text": "Motormouth newsletter"
                            },
                            {
                                "type": "text",
                                "text": "! Here’s the rundown:\n\n"
                            }
                        ]
                    },
                    {
                        "type": "rich_text_list",
                        "elements": [
                            {
                                "type": "rich_text_section",
                                "elements": [
                                    {
                                        "type": "emoji",
                                        "name": "mega"
                                    },
                                    {
                                        "type": "text",
                                        "text": " We’ll be sharing a mix of curated freelance editorial gigs and original content centered around helping content managers\/directors, agencies, and publishers tell better stories and create more compelling editorial content."
                                    }
                                ]
                            },
                            {
                                "type": "rich_text_section",
                                "elements": [
                                    {
                                        "type": "emoji",
                                        "name": "magnet"
                                    },
                                    {
                                        "type": "text",
                                        "text": " We’re a tiny team, so you’ll have a ton of editorial freedom to play with. We’ll work together to refine pitches (we "
                                    },
                                    {
                                        "type": "text",
                                        "text": "are",
                                        "style": {
                                            "italic": true
                                        }
                                    },
                                    {
                                        "type": "text",
                                        "text": " an editorial service, after all), but we’d expect you to pitch most ideas you cover. Ideally you’ll have intimate knowledge of the content \/ brand journalism space, care deeply about great editorial, and enjoy a good (read: bad) writing pun."
                                    }
                                ]
                            },
                            {
                                "type": "rich_text_section",
                                "elements": [
                                    {
                                        "type": "emoji",
                                        "name": "toolbox"
                                    },
                                    {
                                        "type": "text",
                                        "text": " Regular projects will include writing a short intro to the newsletter, along with 1-2 short (~400wo) weekly tips, interviews, trend analyses, etc (a la "
                                    },
                                    {
                                        "type": "link",
                                        "url": "http:\/\/marketerhire.createsend.com\/t\/ViewEmailArchive\/j\/01139F060B232D762540EF23F30FEDED\/C67FD2F38AC4859C\/",
                                        "text": "Raisin Bread"
                                    },
                                    {
                                        "type": "text",
                                        "text": ") each week. We’re also accepting "
                                    },
                                    {
                                        "type": "link",
                                        "url": "https:\/\/chatty.so\/pitch-motormouth",
                                        "text": "pitches for original content"
                                    },
                                    {
                                        "type": "text",
                                        "text": ", so some of the newsletter shorts will be excerpted from the blog. HUGE bonus if you can find sources to interview and\/or curate a few interesting external links each week as well!"
                                    }
                                ]
                            }
                        ],
                        "style": "bullet",
                        "indent": 0,
                        "border": 0
                    },
                    {
                        "type": "rich_text_section",
                        "elements": [
                            {
                                "type": "text",
                                "text": "\nSound like you? Flick me a DM!"
                            }
                        ]
                    }
                ]
            }
        ],
        "thread_ts": "1651251687.138969",
        "reply_count": 9,
        "reply_users_count": 6,
        "latest_reply": "1651355710.362389",
        "reply_users": [
            "U02D1E37FL5",
            "UJ7R3QGSV",
            "U02DC3GJLG6",
            "U0320BS53RQ",
            "U019CM82CE9",
            "U01FDQ4MG0H"
        ],
        "replies": [
            {
                "user": "U02D1E37FL5",
                "ts": "1651252760.901219"
            },
            {
                "user": "UJ7R3QGSV",
                "ts": "1651252904.552659"
            },
            {
                "user": "U02D1E37FL5",
                "ts": "1651252929.120649"
            },
            {
                "user": "UJ7R3QGSV",
                "ts": "1651253038.893029"
            },
            {
                "user": "U02DC3GJLG6",
                "ts": "1651253210.321949"
            },
            {
                "user": "UJ7R3QGSV",
                "ts": "1651253885.915539"
            },
            {
                "user": "U0320BS53RQ",
                "ts": "1651255504.568669"
            },
            {
                "user": "U019CM82CE9",
                "ts": "1651255680.959929"
            },
            {
                "user": "U01FDQ4MG0H",
                "ts": "1651355710.362389"
            }
        ],
        "is_locked": false,
        "subscribed": false,
        "reactions": [
            {
                "name": "100",
                "users": [
                    "U012GHRAHDK",
                    "U02NADUBXSR",
                    "U031XEBVAQM",
                    "U03330MFEN4",
                    "U0208DGLY87"
                ],
                "count": 5
            },
            {
                "name": "fire",
                "users": [
                    "U02H3K9BEMA",
                    "U02D1E37FL5",
                    "U02NADUBXSR",
                    "U03AZARL0CV",
                    "U03330MFEN4"
                ],
                "count": 5
            }
        ]
    },
    {
        "client_msg_id": "314541ad-0db2-410d-b7cc-e9c932e89522",
        "type": "message",
        "text": "Woo!! As one of the folks behind Raisin Bread, this is so exciting to see! :slightly_smiling_face:",
        "user": "U02D1E37FL5",
        "ts": "1651252760.901219",
        "team": "TJE58GTJL",
        "user_team": "TJE58GTJL",
        "source_team": "TJE58GTJL",
        "user_profile": {
            "avatar_hash": "3a25f431955c",
            "image_72": "https:\/\/avatars.slack-edge.com\/2022-04-29\/3445735889799_3a25f431955c915b887a_72.png",
            "first_name": "Kelsey",
            "real_name": "Kelsey Donk",
            "display_name": "Kelsey",
            "team": "TJE58GTJL",
            "name": "kelseydonk",
            "is_restricted": false,
            "is_ultra_restricted": false
        },
        "blocks": [
            {
                "type": "rich_text",
                "block_id": "UZBE",
                "elements": [
                    {
                        "type": "rich_text_section",
                        "elements": [
                            {
                                "type": "text",
                                "text": "Woo!! As one of the folks behind Raisin Bread, this is so exciting to see! "
                            },
                            {
                                "type": "emoji",
                                "name": "slightly_smiling_face"
                            }
                        ]
                    }
                ]
            }
        ],
        "thread_ts": "1651251687.138969",
        "parent_user_id": "UJ7R3QGSV"
    },
    {
        "client_msg_id": "a30f09f4-5fbd-460e-bd00-54f996267520",
        "type": "message",
        "text": "Thanks <@U02D1E37FL5>! Your newsletter  is pretty much my gold standard for this :trophy:",
        "user": "UJ7R3QGSV",
        "ts": "1651252904.552659",
        "team": "TJE58GTJL",
        "user_team": "TJE58GTJL",
        "source_team": "TJE58GTJL",
        "user_profile": {
            "avatar_hash": "gaf0f8ed70a3",
            "image_72": "https:\/\/secure.gravatar.com\/avatar\/5baf0f8ed70a3ef2324402c5dfe65280.jpg?s=72&d=https%3A%2F%2Fa.slack-edge.com%2Fdf10d%2Fimg%2Favatars%2Fava_0017-72.png",
            "first_name": "",
            "real_name": "Kieran",
            "display_name": "",
            "team": "TJE58GTJL",
            "name": "kieran",
            "is_restricted": false,
            "is_ultra_restricted": false
        },
        "blocks": [
            {
                "type": "rich_text",
                "block_id": "+gqd",
                "elements": [
                    {
                        "type": "rich_text_section",
                        "elements": [
                            {
                                "type": "text",
                                "text": "Thanks "
                            },
                            {
                                "type": "user",
                                "user_id": "U02D1E37FL5"
                            },
                            {
                                "type": "text",
                                "text": "! Your newsletter  is pretty much my gold standard for this "
                            },
                            {
                                "type": "emoji",
                                "name": "trophy"
                            }
                        ]
                    }
                ]
            }
        ],
        "thread_ts": "1651251687.138969",
        "parent_user_id": "UJ7R3QGSV"
    },
    {
        "client_msg_id": "f995e1d1-4790-48ad-ac46-f13a4fcb9cea",
        "type": "message",
        "text": "<@U030J15RA31> is the mastermind behind it all! :slightly_smiling_face:",
        "user": "U02D1E37FL5",
        "ts": "1651252929.120649",
        "team": "TJE58GTJL",
        "user_team": "TJE58GTJL",
        "source_team": "TJE58GTJL",
        "user_profile": {
            "avatar_hash": "3a25f431955c",
            "image_72": "https:\/\/avatars.slack-edge.com\/2022-04-29\/3445735889799_3a25f431955c915b887a_72.png",
            "first_name": "Kelsey",
            "real_name": "Kelsey Donk",
            "display_name": "Kelsey",
            "team": "TJE58GTJL",
            "name": "kelseydonk",
            "is_restricted": false,
            "is_ultra_restricted": false
        },
        "blocks": [
            {
                "type": "rich_text",
                "block_id": "8p+",
                "elements": [
                    {
                        "type": "rich_text_section",
                        "elements": [
                            {
                                "type": "user",
                                "user_id": "U030J15RA31"
                            },
                            {
                                "type": "text",
                                "text": " is the mastermind behind it all! "
                            },
                            {
                                "type": "emoji",
                                "name": "slightly_smiling_face"
                            }
                        ]
                    }
                ]
            }
        ],
        "thread_ts": "1651251687.138969",
        "parent_user_id": "UJ7R3QGSV"
    },
    {
        "client_msg_id": "2af5b711-c668-42ee-a631-fa603ccbd770",
        "type": "message",
        "text": "Had the pleasure of speaking with Mae a few months back when Chatty was just a baby. If either of you have any freelance recs for this, I’m all:ear:!",
        "user": "UJ7R3QGSV",
        "ts": "1651253038.893029",
        "team": "TJE58GTJL",
        "user_team": "TJE58GTJL",
        "source_team": "TJE58GTJL",
        "user_profile": {
            "avatar_hash": "gaf0f8ed70a3",
            "image_72": "https:\/\/secure.gravatar.com\/avatar\/5baf0f8ed70a3ef2324402c5dfe65280.jpg?s=72&d=https%3A%2F%2Fa.slack-edge.com%2Fdf10d%2Fimg%2Favatars%2Fava_0017-72.png",
            "first_name": "",
            "real_name": "Kieran",
            "display_name": "",
            "team": "TJE58GTJL",
            "name": "kieran",
            "is_restricted": false,
            "is_ultra_restricted": false
        },
        "blocks": [
            {
                "type": "rich_text",
                "block_id": "hyT8",
                "elements": [
                    {
                        "type": "rich_text_section",
                        "elements": [
                            {
                                "type": "text",
                                "text": "Had the pleasure of speaking with Mae a few months back when Chatty was just a baby. If either of you have any freelance recs for this, I’m all"
                            },
                            {
                                "type": "emoji",
                                "name": "ear"
                            },
                            {
                                "type": "text",
                                "text": "!"
                            }
                        ]
                    }
                ]
            }
        ],
        "thread_ts": "1651251687.138969",
        "parent_user_id": "UJ7R3QGSV",
        "reactions": [
            {
                "name": "raised_hands",
                "users": [
                    "U02D1E37FL5"
                ],
                "count": 1
            }
        ]
    },
    {
        "client_msg_id": "7AA4A929-C23B-49ED-93DD-C05F3789FFD7",
        "type": "message",
        "text": "Don't think I'm a fit for this role but I would love to pitch Motormouth sometime in the future! Looking forward to the launch of your newsletter. ",
        "user": "U02DC3GJLG6",
        "ts": "1651253210.321949",
        "team": "TJE58GTJL",
        "user_team": "TJE58GTJL",
        "source_team": "TJE58GTJL",
        "user_profile": {
            "avatar_hash": "987714dc650a",
            "image_72": "https:\/\/avatars.slack-edge.com\/2022-04-30\/3464954404180_987714dc650a9c131825_72.png",
            "first_name": "Agnee",
            "real_name": "Agnee Ghosh",
            "display_name": "Agnee",
            "team": "TJE58GTJL",
            "name": "agnee.ghosh",
            "is_restricted": false,
            "is_ultra_restricted": false
        },
        "blocks": [
            {
                "type": "rich_text",
                "block_id": "fOD4",
                "elements": [
                    {
                        "type": "rich_text_section",
                        "elements": [
                            {
                                "type": "text",
                                "text": "Don't think I'm a fit for this role but I would love to pitch Motormouth sometime in the future! Looking forward to the launch of your newsletter. "
                            }
                        ]
                    }
                ]
            }
        ],
        "thread_ts": "1651251687.138969",
        "parent_user_id": "UJ7R3QGSV"
    },
    {
        "client_msg_id": "ef33dbee-2a62-4659-96b2-581ee3f8fca6",
        "type": "message",
        "text": "Thanks <@U02DC3GJLG6>! Looking forward to reading your pitches :slightly_smiling_face:",
        "user": "UJ7R3QGSV",
        "ts": "1651253885.915539",
        "team": "TJE58GTJL",
        "user_team": "TJE58GTJL",
        "source_team": "TJE58GTJL",
        "user_profile": {
            "avatar_hash": "gaf0f8ed70a3",
            "image_72": "https:\/\/secure.gravatar.com\/avatar\/5baf0f8ed70a3ef2324402c5dfe65280.jpg?s=72&d=https%3A%2F%2Fa.slack-edge.com%2Fdf10d%2Fimg%2Favatars%2Fava_0017-72.png",
            "first_name": "",
            "real_name": "Kieran",
            "display_name": "",
            "team": "TJE58GTJL",
            "name": "kieran",
            "is_restricted": false,
            "is_ultra_restricted": false
        },
        "blocks": [
            {
                "type": "rich_text",
                "block_id": "P399",
                "elements": [
                    {
                        "type": "rich_text_section",
                        "elements": [
                            {
                                "type": "text",
                                "text": "Thanks "
                            },
                            {
                                "type": "user",
                                "user_id": "U02DC3GJLG6"
                            },
                            {
                                "type": "text",
                                "text": "! Looking forward to reading your pitches "
                            },
                            {
                                "type": "emoji",
                                "name": "slightly_smiling_face"
                            }
                        ]
                    }
                ]
            }
        ],
        "thread_ts": "1651251687.138969",
        "parent_user_id": "UJ7R3QGSV"
    },
    {
        "client_msg_id": "bdb85771-6a5a-4f5c-9492-2fb8d9365482",
        "type": "message",
        "text": "I’m terrible about updating my site but I’ve gotten good feedback on my portfolio structure :wink: <http:\/\/skgates.com|skgates.com> and portfolio at <http:\/\/skgates.com\/works|skgates.com\/works>",
        "user": "U0211K6LSM9",
        "ts": "1651254523.357499",
        "team": "TJE58GTJL",
        "user_team": "TJE58GTJL",
        "source_team": "TJE58GTJL",
        "user_profile": {
            "avatar_hash": "17a67a2d4c3f",
            "image_72": "https:\/\/avatars.slack-edge.com\/2021-05-11\/2047708214598_17a67a2d4c3f41527a1b_72.jpg",
            "first_name": "Sara",
            "real_name": "Sara Gates",
            "display_name": "Sara Gates",
            "team": "TJE58GTJL",
            "name": "sara858",
            "is_restricted": false,
            "is_ultra_restricted": false
        },
        "blocks": [
            {
                "type": "rich_text",
                "block_id": "LUhQ",
                "elements": [
                    {
                        "type": "rich_text_section",
                        "elements": [
                            {
                                "type": "text",
                                "text": "I’m terrible about updating my site but I’ve gotten good feedback on my portfolio structure "
                            },
                            {
                                "type": "emoji",
                                "name": "wink"
                            },
                            {
                                "type": "text",
                                "text": " "
                            },
                            {
                                "type": "link",
                                "url": "http:\/\/skgates.com",
                                "text": "skgates.com"
                            },
                            {
                                "type": "text",
                                "text": " and portfolio at "
                            },
                            {
                                "type": "link",
                                "url": "http:\/\/skgates.com\/works",
                                "text": "skgates.com\/works"
                            }
                        ]
                    }
                ]
            }
        ],
        "thread_ts": "1651227697.701259",
        "parent_user_id": "U03DRKTUBK2"
    },
    {
        "client_msg_id": "80e6acfa-670b-4af8-9fd3-c5b03f8fc927",
        "type": "message",
        "text": "<@U01FDQ4MG0H>!!",
        "user": "U0320BS53RQ",
        "ts": "1651255504.568669",
        "team": "TJE58GTJL",
        "user_team": "TJE58GTJL",
        "source_team": "TJE58GTJL",
        "user_profile": {
            "avatar_hash": "ea48880e8c8e",
            "image_72": "https:\/\/avatars.slack-edge.com\/2022-02-08\/3068289596918_ea48880e8c8efa609f6f_72.png",
            "first_name": "madi",
            "real_name": "madi",
            "display_name": "madi",
            "team": "TJE58GTJL",
            "name": "madi.pignetti",
            "is_restricted": false,
            "is_ultra_restricted": false
        },
        "blocks": [
            {
                "type": "rich_text",
                "block_id": "97g0",
                "elements": [
                    {
                        "type": "rich_text_section",
                        "elements": [
                            {
                                "type": "user",
                                "user_id": "U01FDQ4MG0H"
                            },
                            {
                                "type": "text",
                                "text": "!!"
                            }
                        ]
                    }
                ]
            }
        ],
        "thread_ts": "1651251687.138969",
        "parent_user_id": "UJ7R3QGSV"
    },
    {
        "type": "message",
        "subtype": "channel_join",
        "ts": "1651255507.249629",
        "user": "U01FDQ4MG0H",
        "text": "<@U01FDQ4MG0H> has joined the channel",
        "inviter": "U0320BS53RQ"
    },
    {
        "client_msg_id": "36a93987-7c7c-47f9-b0d6-5faf6a99be6d",
        "type": "message",
        "text": "Sent you a DM!",
        "user": "U019CM82CE9",
        "ts": "1651255680.959929",
        "team": "TJE58GTJL",
        "user_team": "TJE58GTJL",
        "source_team": "TJE58GTJL",
        "user_profile": {
            "avatar_hash": "703c029d7106",
            "image_72": "https:\/\/avatars.slack-edge.com\/2021-09-13\/2485847415795_703c029d7106db84299d_72.jpg",
            "first_name": "Berrak",
            "real_name": "Berrak Sarikaya",
            "display_name": "Berrak Sarikaya",
            "team": "TJE58GTJL",
            "name": "berrakbiz",
            "is_restricted": false,
            "is_ultra_restricted": false
        },
        "blocks": [
            {
                "type": "rich_text",
                "block_id": "ua4Ka",
                "elements": [
                    {
                        "type": "rich_text_section",
                        "elements": [
                            {
                                "type": "text",
                                "text": "Sent you a DM!"
                            }
                        ]
                    }
                ]
            }
        ],
        "thread_ts": "1651251687.138969",
        "parent_user_id": "UJ7R3QGSV",
        "reactions": [
            {
                "name": "trophy",
                "users": [
                    "UJ7R3QGSV"
                ],
                "count": 1
            }
        ]
    },
    {
        "client_msg_id": "2B6CAF3B-5D7A-4A65-8244-1F2BE0532518",
        "type": "message",
        "text": "<@U0211K6LSM9> love your site colors :star-struck:",
        "user": "UUJBMNRNF",
        "ts": "1651264574.113889",
        "team": "TJE58GTJL",
        "user_team": "TJE58GTJL",
        "source_team": "TJE58GTJL",
        "user_profile": {
            "avatar_hash": "g60cda1030c0",
            "image_72": "https:\/\/secure.gravatar.com\/avatar\/60cda1030c03869961d38a096c73158e.jpg?s=72&d=https%3A%2F%2Fa.slack-edge.com%2Fdf10d%2Fimg%2Favatars%2Fava_0024-72.png",
            "first_name": "Hannah",
            "real_name": "Hannah Wiginton",
            "display_name": "Hannah Wiginton",
            "team": "TJE58GTJL",
            "name": "hwiginton00",
            "is_restricted": false,
            "is_ultra_restricted": false
        },
        "blocks": [
            {
                "type": "rich_text",
                "block_id": "L2pw",
                "elements": [
                    {
                        "type": "rich_text_section",
                        "elements": [
                            {
                                "type": "user",
                                "user_id": "U0211K6LSM9"
                            },
                            {
                                "type": "text",
                                "text": " love your site colors "
                            },
                            {
                                "type": "emoji",
                                "name": "star-struck"
                            }
                        ]
                    }
                ]
            }
        ],
        "thread_ts": "1651227697.701259",
        "parent_user_id": "U03DRKTUBK2"
    },
    {
        "type": "message",
        "subtype": "channel_topic",
        "ts": "1651266048.093879",
        "user": "UJG9WTEKG",
        "text": "cleared channel topic",
        "topic": ""
    },
    {
        "client_msg_id": "ac53200d-2546-4a8b-aeda-de3295ba1b79",
        "type": "message",
        "text": "Happy Friday! I just tweeted a bunch of <https:\/\/twitter.com\/kaitarford\/status\/1520127688496791553|opportunities> for all kinds of independents! And read on for more opportunities + tips on optimizing your LinkedIn: <https:\/\/www.buymeacoffee.com\/kmarford\/april-freelance-opportunities>",
        "user": "U03330MFEN4",
        "ts": "1651269261.765709",
        "team": "TJE58GTJL",
        "user_team": "TJE58GTJL",
        "source_team": "TJE58GTJL",
        "user_profile": {
            "avatar_hash": "eee78796f291",
            "image_72": "https:\/\/avatars.slack-edge.com\/2022-02-09\/3105175916912_eee78796f2919ff55228_72.png",
            "first_name": "Kaitlyn",
            "real_name": "Kaitlyn Arford",
            "display_name": "Kaitlyn Arford",
            "team": "TJE58GTJL",
            "name": "kaitlyn.arford",
            "is_restricted": false,
            "is_ultra_restricted": false
        },
        "blocks": [
            {
                "type": "rich_text",
                "block_id": "\/93",
                "elements": [
                    {
                        "type": "rich_text_section",
                        "elements": [
                            {
                                "type": "text",
                                "text": "Happy Friday! I just tweeted a bunch of "
                            },
                            {
                                "type": "link",
                                "url": "https:\/\/twitter.com\/kaitarford\/status\/1520127688496791553",
                                "text": "opportunities"
                            },
                            {
                                "type": "text",
                                "text": " for all kinds of independents! And read on for more opportunities + tips on optimizing your LinkedIn: "
                            },
                            {
                                "type": "link",
                                "url": "https:\/\/www.buymeacoffee.com\/kmarford\/april-freelance-opportunities"
                            }
                        ]
                    }
                ]
            }
        ],
        "reactions": [
            {
                "name": "+1",
                "users": [
                    "U035PRM7UR1",
                    "U02L5GTFSGG"
                ],
                "count": 2
            },
            {
                "name": "heart",
                "users": [
                    "U02PA451C3B",
                    "U02F1GK6U6B",
                    "U03018Z4NTA"
                ],
                "count": 3
            }
        ]
    }
]