[
    {
        "client_msg_id": "39a92224-930c-4608-97bc-1c66b9061fb7",
        "type": "message",
        "text": "one of these moments where you’re like, “I should have paid more attention to Finance classes at school.” :joy::joy::joy:",
        "user": "U01GWU4JWE4",
        "ts": "1646126610.685629",
        "team": "TJE58GTJL",
        "user_team": "TJE58GTJL",
        "source_team": "TJE58GTJL",
        "user_profile": {
            "avatar_hash": "7be117499ef4",
            "image_72": "https:\/\/avatars.slack-edge.com\/2021-01-03\/1615103505012_7be117499ef4a8ee7673_72.jpg",
            "first_name": "Ernest",
            "real_name": "Ernest Bio Bogore",
            "display_name": "Ernest Bio Bogore",
            "team": "TJE58GTJL",
            "name": "bioernest80",
            "is_restricted": false,
            "is_ultra_restricted": false
        },
        "blocks": [
            {
                "type": "rich_text",
                "block_id": "iaX",
                "elements": [
                    {
                        "type": "rich_text_section",
                        "elements": [
                            {
                                "type": "text",
                                "text": "one of these moments where you’re like, “I should have paid more attention to Finance classes at school.” "
                            },
                            {
                                "type": "emoji",
                                "name": "joy"
                            },
                            {
                                "type": "emoji",
                                "name": "joy"
                            },
                            {
                                "type": "emoji",
                                "name": "joy"
                            }
                        ]
                    }
                ]
            }
        ],
        "thread_ts": "1646103121.034339",
        "parent_user_id": "U011QQDDSJV",
        "reactions": [
            {
                "name": "money_mouth_face",
                "users": [
                    "U011QQDDSJV"
                ],
                "count": 1
            },
            {
                "name": "joy",
                "users": [
                    "U02PRMEAP0V"
                ],
                "count": 1
            }
        ]
    },
    {
        "client_msg_id": "fff2f93e-255c-4562-b226-601017049346",
        "type": "message",
        "text": "Just sent you an email. I look forward to hearing from you!",
        "user": "U032FH3TB0C",
        "ts": "1646137735.840049",
        "team": "TJE58GTJL",
        "user_team": "TJE58GTJL",
        "source_team": "TJE58GTJL",
        "user_profile": {
            "avatar_hash": "g5375e01184c",
            "image_72": "https:\/\/secure.gravatar.com\/avatar\/5375e01184cda24cb8f66b728af0345f.jpg?s=72&d=https%3A%2F%2Fa.slack-edge.com%2Fdf10d%2Fimg%2Favatars%2Fava_0023-72.png",
            "first_name": "Nsikak",
            "real_name": "Nsikak Tim",
            "display_name": "",
            "team": "TJE58GTJL",
            "name": "sukitim1663",
            "is_restricted": false,
            "is_ultra_restricted": false
        },
        "blocks": [
            {
                "type": "rich_text",
                "block_id": "wbdu=",
                "elements": [
                    {
                        "type": "rich_text_section",
                        "elements": [
                            {
                                "type": "text",
                                "text": "Just sent you an email. I look forward to hearing from you!"
                            }
                        ]
                    }
                ]
            }
        ],
        "thread_ts": "1646071535.697729",
        "parent_user_id": "U02TQCETCT1"
    },
    {
        "client_msg_id": "7d82811b-1791-4363-a337-908ad0f67819",
        "type": "message",
        "text": "Just Dmed you!",
        "user": "U032FH3TB0C",
        "ts": "1646138010.199629",
        "team": "TJE58GTJL",
        "user_team": "TJE58GTJL",
        "source_team": "TJE58GTJL",
        "user_profile": {
            "avatar_hash": "g5375e01184c",
            "image_72": "https:\/\/secure.gravatar.com\/avatar\/5375e01184cda24cb8f66b728af0345f.jpg?s=72&d=https%3A%2F%2Fa.slack-edge.com%2Fdf10d%2Fimg%2Favatars%2Fava_0023-72.png",
            "first_name": "Nsikak",
            "real_name": "Nsikak Tim",
            "display_name": "",
            "team": "TJE58GTJL",
            "name": "sukitim1663",
            "is_restricted": false,
            "is_ultra_restricted": false
        },
        "blocks": [
            {
                "type": "rich_text",
                "block_id": "LaT",
                "elements": [
                    {
                        "type": "rich_text_section",
                        "elements": [
                            {
                                "type": "text",
                                "text": "Just Dmed you!"
                            }
                        ]
                    }
                ]
            }
        ],
        "thread_ts": "1646103121.034339",
        "parent_user_id": "U011QQDDSJV"
    },
    {
        "client_msg_id": "F5006140-1AF9-427E-A875-B5070A5B3F76",
        "type": "message",
        "text": "I use toggl as well- but I'm also pretty bad at turning clocks on and off. But just having the toggl app as a place to double check my time every day, helps. It's apart of my daily “to-dos” and I make sure im clocked in daily to see how long projects take me. ",
        "user": "U02CVNB3X1T",
        "ts": "1646140789.318609",
        "team": "TJE58GTJL",
        "user_team": "TJE58GTJL",
        "source_team": "TJE58GTJL",
        "user_profile": {
            "avatar_hash": "a98cd79fc67b",
            "image_72": "https:\/\/avatars.slack-edge.com\/2021-12-28\/2891088304196_a98cd79fc67b29986082_72.png",
            "first_name": "Julie",
            "real_name": "Julie Simpson",
            "display_name": "Julie Simpson",
            "team": "TJE58GTJL",
            "name": "jujuklu",
            "is_restricted": false,
            "is_ultra_restricted": false
        },
        "blocks": [
            {
                "type": "rich_text",
                "block_id": "Gq6S",
                "elements": [
                    {
                        "type": "rich_text_section",
                        "elements": [
                            {
                                "type": "text",
                                "text": "I use toggl as well- but I'm also pretty bad at turning clocks on and off. But just having the toggl app as a place to double check my time every day, helps. It's apart of my daily “to-dos” and I make sure im clocked in daily to see how long projects take me. "
                            }
                        ]
                    }
                ]
            }
        ],
        "thread_ts": "1646073806.055639",
        "parent_user_id": "U02H3K9BEMA",
        "reactions": [
            {
                "name": "raised_hands",
                "users": [
                    "U02H3K9BEMA"
                ],
                "count": 1
            }
        ]
    },
    {
        "client_msg_id": "2d7cbfc9-9d7b-432c-b6dd-dd9bf55cc1bb",
        "type": "message",
        "text": "I use Clockify for client projects and one of my own websites which I'm trying to treat as if it were a client's. It helps me average out how much time I spend on different tasks, which makes it easier to time block work on my calendar.\nIf something has taken longer or shorter than planned, I adjust the time block on my calendar so I can always go back and have a visual of how much time I spent on things as well.",
        "user": "U02J7DM81AQ",
        "ts": "1646148571.509429",
        "team": "TJE58GTJL",
        "user_team": "TJE58GTJL",
        "source_team": "TJE58GTJL",
        "user_profile": {
            "avatar_hash": "gb47e412d680",
            "image_72": "https:\/\/secure.gravatar.com\/avatar\/b47e412d680490c17c4ca22271a9e55b.jpg?s=72&d=https%3A%2F%2Fa.slack-edge.com%2Fdf10d%2Fimg%2Favatars%2Fava_0016-72.png",
            "first_name": "Sofie",
            "real_name": "Sofie Couwenbergh",
            "display_name": "Sofie Couwenbergh",
            "team": "TJE58GTJL",
            "name": "sofie",
            "is_restricted": false,
            "is_ultra_restricted": false
        },
        "blocks": [
            {
                "type": "rich_text",
                "block_id": "7WCvk",
                "elements": [
                    {
                        "type": "rich_text_section",
                        "elements": [
                            {
                                "type": "text",
                                "text": "I use Clockify for client projects and one of my own websites which I'm trying to treat as if it were a client's. It helps me average out how much time I spend on different tasks, which makes it easier to time block work on my calendar.\nIf something has taken longer or shorter than planned, I adjust the time block on my calendar so I can always go back and have a visual of how much time I spent on things as well."
                            }
                        ]
                    }
                ]
            }
        ],
        "thread_ts": "1646073806.055639",
        "parent_user_id": "U02H3K9BEMA",
        "reactions": [
            {
                "name": "raised_hands",
                "users": [
                    "U02H3K9BEMA"
                ],
                "count": 1
            }
        ]
    },
    {
        "client_msg_id": "363ea4dd-9a82-44d7-a24f-9514b8e9707f",
        "type": "message",
        "text": "Between Dubsado and ClickUp, I record everything so that I know how much time I am spending on client work.\n\nFor other business things...not as much haha\n\nEdit to clarify: I track time spent working on projects that I bill hourly on Dubsado straight to the invoice. I also sometimes run the clock different from Dubsado and ClickUp because I will sometimes stop actively working on client work to research how to do something or figure out where I went wrong on something. This isn't *technically* what the client pays me for, so I don't bill those hours but track them in ClickUp for myself.",
        "user": "U030TFJMQ74",
        "ts": "1646153149.436769",
        "team": "TJE58GTJL",
        "user_team": "TJE58GTJL",
        "source_team": "TJE58GTJL",
        "user_profile": {
            "avatar_hash": "57abab855383",
            "image_72": "https:\/\/avatars.slack-edge.com\/2022-01-29\/3024742267221_57abab855383708e9560_72.jpg",
            "first_name": "Dylan",
            "real_name": "Dylan Miller",
            "display_name": "Dylan Miller",
            "team": "TJE58GTJL",
            "name": "dylan031",
            "is_restricted": false,
            "is_ultra_restricted": false
        },
        "edited": {
            "user": "U030TFJMQ74",
            "ts": "1646154068.000000"
        },
        "blocks": [
            {
                "type": "rich_text",
                "block_id": "OM=O",
                "elements": [
                    {
                        "type": "rich_text_section",
                        "elements": [
                            {
                                "type": "text",
                                "text": "Between Dubsado and ClickUp, I record everything so that I know how much time I am spending on client work.\n\nFor other business things...not as much haha\n\nEdit to clarify: I track time spent working on projects that I bill hourly on Dubsado straight to the invoice. I also sometimes run the clock different from Dubsado and ClickUp because I will sometimes stop actively working on client work to research how to do something or figure out where I went wrong on something. This isn't "
                            },
                            {
                                "type": "text",
                                "text": "technically",
                                "style": {
                                    "bold": true
                                }
                            },
                            {
                                "type": "text",
                                "text": " what the client pays me for, so I don't bill those hours but track them in ClickUp for myself."
                            }
                        ]
                    }
                ]
            }
        ],
        "thread_ts": "1646073806.055639",
        "parent_user_id": "U02H3K9BEMA",
        "reactions": [
            {
                "name": "raised_hands",
                "users": [
                    "U02H3K9BEMA"
                ],
                "count": 1
            }
        ]
    },
    {
        "client_msg_id": "c934a33c-a918-4850-97ed-01f1f9471d44",
        "type": "message",
        "text": "I have been using Toggl but looking to make a change. Thanks so much for starting this conversation! I keep hearing great things about Freshbooks.",
        "user": "U01UDU0NHEV",
        "ts": "1646153824.816799",
        "team": "TJE58GTJL",
        "user_team": "TJE58GTJL",
        "source_team": "TJE58GTJL",
        "user_profile": {
            "avatar_hash": "5077cc0796a1",
            "image_72": "https:\/\/avatars.slack-edge.com\/2021-04-13\/1958028157571_5077cc0796a185e1f0ff_72.jpg",
            "first_name": "Rachel",
            "real_name": "Rachel Mindell",
            "display_name": "Rachel Mindell",
            "team": "TJE58GTJL",
            "name": "rachel568",
            "is_restricted": false,
            "is_ultra_restricted": false
        },
        "blocks": [
            {
                "type": "rich_text",
                "block_id": "WOeze",
                "elements": [
                    {
                        "type": "rich_text_section",
                        "elements": [
                            {
                                "type": "text",
                                "text": "I have been using Toggl but looking to make a change. Thanks so much for starting this conversation! I keep hearing great things about Freshbooks."
                            }
                        ]
                    }
                ]
            }
        ],
        "thread_ts": "1646073806.055639",
        "parent_user_id": "U02H3K9BEMA",
        "reactions": [
            {
                "name": "raised_hands",
                "users": [
                    "U02H3K9BEMA"
                ],
                "count": 1
            }
        ]
    },
    {
        "client_msg_id": "01b1a51d-c1ed-4730-8be7-335769de7ce3",
        "type": "message",
        "text": "<@U011QQDDSJV> do you need someone with experience in every category you've mentioned?",
        "user": "U02HD0L8HAP",
        "ts": "1646160479.497489",
        "team": "TJE58GTJL",
        "user_team": "TJE58GTJL",
        "source_team": "TJE58GTJL",
        "user_profile": {
            "avatar_hash": "675c42a91f65",
            "image_72": "https:\/\/avatars.slack-edge.com\/2022-01-10\/2928364816754_675c42a91f6571f4ac6b_72.jpg",
            "first_name": "Aanchal",
            "real_name": "Aanchal Parmar",
            "display_name": "Aanchal Parmar",
            "team": "TJE58GTJL",
            "name": "aanywrites",
            "is_restricted": false,
            "is_ultra_restricted": false
        },
        "blocks": [
            {
                "type": "rich_text",
                "block_id": "C4\/m",
                "elements": [
                    {
                        "type": "rich_text_section",
                        "elements": [
                            {
                                "type": "user",
                                "user_id": "U011QQDDSJV"
                            },
                            {
                                "type": "text",
                                "text": " do you need someone with experience in every category you've mentioned?"
                            }
                        ]
                    }
                ]
            }
        ],
        "thread_ts": "1646103121.034339",
        "parent_user_id": "U011QQDDSJV"
    },
    {
        "client_msg_id": "a4e1c95e-fc38-4e3f-9649-e44a5e7673f9",
        "type": "message",
        "text": "Thanks for asking! The biggest need I have is an editor who knows the electronic payments space specifically in the eurozone, and those topics are the main ones for which we’re writing content. I don’t have a financial\/payments background (I am a dumb American in NorCal), so I need the European sensibility to help edit these topics.",
        "user": "U011QQDDSJV",
        "ts": "1646160962.900689",
        "team": "TJE58GTJL",
        "user_team": "TJE58GTJL",
        "source_team": "TJE58GTJL",
        "user_profile": {
            "avatar_hash": "26f290c29155",
            "image_72": "https:\/\/avatars.slack-edge.com\/2020-04-08\/1046081228023_26f290c2915541368412_72.png",
            "first_name": "Nikolas",
            "real_name": "Nikolas Wright",
            "display_name": "Nik",
            "team": "TJE58GTJL",
            "name": "wright.nikolas",
            "is_restricted": false,
            "is_ultra_restricted": false
        },
        "blocks": [
            {
                "type": "rich_text",
                "block_id": "+4De",
                "elements": [
                    {
                        "type": "rich_text_section",
                        "elements": [
                            {
                                "type": "text",
                                "text": "Thanks for asking! The biggest need I have is an editor who knows the electronic payments space specifically in the eurozone, and those topics are the main ones for which we’re writing content. I don’t have a financial\/payments background (I am a dumb American in NorCal), so I need the European sensibility to help edit these topics."
                            }
                        ]
                    }
                ]
            }
        ],
        "thread_ts": "1646103121.034339",
        "parent_user_id": "U011QQDDSJV"
    },
    {
        "client_msg_id": "7dbf4d57-327b-4f31-bd1b-71dae6678ea9",
        "type": "message",
        "text": "Oh ok I understand. Thank you  for clarifying",
        "user": "U02HD0L8HAP",
        "ts": "1646163187.790889",
        "team": "TJE58GTJL",
        "user_team": "TJE58GTJL",
        "source_team": "TJE58GTJL",
        "user_profile": {
            "avatar_hash": "675c42a91f65",
            "image_72": "https:\/\/avatars.slack-edge.com\/2022-01-10\/2928364816754_675c42a91f6571f4ac6b_72.jpg",
            "first_name": "Aanchal",
            "real_name": "Aanchal Parmar",
            "display_name": "Aanchal Parmar",
            "team": "TJE58GTJL",
            "name": "aanywrites",
            "is_restricted": false,
            "is_ultra_restricted": false
        },
        "blocks": [
            {
                "type": "rich_text",
                "block_id": "cMF",
                "elements": [
                    {
                        "type": "rich_text_section",
                        "elements": [
                            {
                                "type": "text",
                                "text": "Oh ok I understand. Thank you  for clarifying"
                            }
                        ]
                    }
                ]
            }
        ],
        "thread_ts": "1646103121.034339",
        "parent_user_id": "U011QQDDSJV"
    },
    {
        "client_msg_id": "12106d81-7468-4cf3-a7dc-adceb9586253",
        "type": "message",
        "text": "Fellow freelancers! Who here uses Freshbooks? What do you love and\/or hate about it? I currently use Quickbooks but am not totally thrilled with it.",
        "user": "UN227ML2H",
        "ts": "1646166310.015829",
        "team": "TJE58GTJL",
        "user_team": "TJE58GTJL",
        "source_team": "TJE58GTJL",
        "user_profile": {
            "avatar_hash": "73075d02e70f",
            "image_72": "https:\/\/avatars.slack-edge.com\/2020-09-28\/1393806804451_73075d02e70f4a4344d6_72.jpg",
            "first_name": "Whitney",
            "real_name": "Whitney Rudeseal Peet",
            "display_name": "Whitney Rudeseal Peet",
            "team": "TJE58GTJL",
            "name": "whitneyrudeseal",
            "is_restricted": false,
            "is_ultra_restricted": false
        },
        "blocks": [
            {
                "type": "rich_text",
                "block_id": "bqaxb",
                "elements": [
                    {
                        "type": "rich_text_section",
                        "elements": [
                            {
                                "type": "text",
                                "text": "Fellow freelancers! Who here uses Freshbooks? What do you love and\/or hate about it? I currently use Quickbooks but am not totally thrilled with it."
                            }
                        ]
                    }
                ]
            }
        ],
        "thread_ts": "1646166310.015829",
        "reply_count": 9,
        "reply_users_count": 6,
        "latest_reply": "1646244419.746359",
        "reply_users": [
            "U0231C2LYNM",
            "U0211K6LSM9",
            "UN227ML2H",
            "U01K0BWEQD6",
            "U02ANC57AAY",
            "U01SFTTQ483"
        ],
        "replies": [
            {
                "user": "U0231C2LYNM",
                "ts": "1646167544.378519"
            },
            {
                "user": "U0211K6LSM9",
                "ts": "1646168145.479109"
            },
            {
                "user": "UN227ML2H",
                "ts": "1646170019.935459"
            },
            {
                "user": "UN227ML2H",
                "ts": "1646170031.950799"
            },
            {
                "user": "U01K0BWEQD6",
                "ts": "1646171685.869889"
            },
            {
                "user": "U01K0BWEQD6",
                "ts": "1646185864.703769"
            },
            {
                "user": "U0231C2LYNM",
                "ts": "1646210107.380329"
            },
            {
                "user": "U02ANC57AAY",
                "ts": "1646210721.013049"
            },
            {
                "user": "U01SFTTQ483",
                "ts": "1646244419.746359"
            }
        ],
        "is_locked": false,
        "subscribed": false
    },
    {
        "client_msg_id": "99d177a0-8280-4b04-9a39-a53ae9979df5",
        "type": "message",
        "text": "I do! Honestly, it’s the first platform I tried (Xero seemed excessively expensive, something didn’t feel right about Quickbooks and I HATED the UX of FreeAgent).\n\nI like that it’s very intuitive (I had no prior experience with invoicing software) and easy to use for the price. I have customised invoices to look nice (total vanity feature, but why not). I can connect my bank and expenses. Support is pretty good. I can invite my accountant to view my ‘books’.\n\nBills are easy to set up, and tweak in terms of deposits\/dates, 50% upfront fees etc. It integrates with Stripe.\n\nCurrently I’m running 2 accounts on there due to switching from sole trader to a ltd company and it was easy to set up.\n\nAnything you specifically want to know\/want more info on?",
        "user": "U0231C2LYNM",
        "ts": "1646167544.378519",
        "team": "TJE58GTJL",
        "user_team": "TJE58GTJL",
        "source_team": "TJE58GTJL",
        "user_profile": {
            "avatar_hash": "c1d845bba06d",
            "image_72": "https:\/\/avatars.slack-edge.com\/2021-05-21\/2090873932082_c1d845bba06d288505ec_72.jpg",
            "first_name": "Camille",
            "real_name": "Camille Hogg",
            "display_name": "Cami",
            "team": "TJE58GTJL",
            "name": "camille.l.hogg",
            "is_restricted": false,
            "is_ultra_restricted": false
        },
        "blocks": [
            {
                "type": "rich_text",
                "block_id": "oem",
                "elements": [
                    {
                        "type": "rich_text_section",
                        "elements": [
                            {
                                "type": "text",
                                "text": "I do! Honestly, it’s the first platform I tried (Xero seemed excessively expensive, something didn’t feel right about Quickbooks and I HATED the UX of FreeAgent).\n\nI like that it’s very intuitive (I had no prior experience with invoicing software) and easy to use for the price. I have customised invoices to look nice (total vanity feature, but why not). I can connect my bank and expenses. Support is pretty good. I can invite my accountant to view my ‘books’.\n\nBills are easy to set up, and tweak in terms of deposits\/dates, 50% upfront fees etc. It integrates with Stripe.\n\nCurrently I’m running 2 accounts on there due to switching from sole trader to a ltd company and it was easy to set up.\n\nAnything you specifically want to know\/want more info on?"
                            }
                        ]
                    }
                ]
            }
        ],
        "thread_ts": "1646166310.015829",
        "parent_user_id": "UN227ML2H",
        "reactions": [
            {
                "name": "pray",
                "users": [
                    "UN227ML2H"
                ],
                "count": 1
            }
        ]
    },
    {
        "client_msg_id": "c2513758-5377-4e9c-b2d3-08f42d1c2051",
        "type": "message",
        "text": "I use it and love it. I like how the time tracking integrates with invoices (I can track hours by client and then just add them to my invoice every month); I like how time tracking by project lets me see if I’m going above or below my estimated hours\/project; I like how I can download and send PDFs of invoices to clients or just dynamic links; I like how I can set up auto-reminders to clients; I like how the reporting lets me look at revenue by client over the year\/months\/etc. I don’t love accepting payments through Freshbooks because they charge an extra fee, but you can turn that feature off if you don’t want to use it (and almost all of my clients use <http:\/\/Bill.com|Bill.com> or Gusto or a similar payment platform anyway).",
        "user": "U0211K6LSM9",
        "ts": "1646168145.479109",
        "team": "TJE58GTJL",
        "user_team": "TJE58GTJL",
        "source_team": "TJE58GTJL",
        "user_profile": {
            "avatar_hash": "17a67a2d4c3f",
            "image_72": "https:\/\/avatars.slack-edge.com\/2021-05-11\/2047708214598_17a67a2d4c3f41527a1b_72.jpg",
            "first_name": "Sara",
            "real_name": "Sara Gates",
            "display_name": "Sara Gates",
            "team": "TJE58GTJL",
            "name": "sara858",
            "is_restricted": false,
            "is_ultra_restricted": false
        },
        "blocks": [
            {
                "type": "rich_text",
                "block_id": "TIz",
                "elements": [
                    {
                        "type": "rich_text_section",
                        "elements": [
                            {
                                "type": "text",
                                "text": "I use it and love it. I like how the time tracking integrates with invoices (I can track hours by client and then just add them to my invoice every month); I like how time tracking by project lets me see if I’m going above or below my estimated hours\/project; I like how I can download and send PDFs of invoices to clients or just dynamic links; I like how I can set up auto-reminders to clients; I like how the reporting lets me look at revenue by client over the year\/months\/etc. I don’t love accepting payments through Freshbooks because they charge an extra fee, but you can turn that feature off if you don’t want to use it (and almost all of my clients use "
                            },
                            {
                                "type": "link",
                                "url": "http:\/\/Bill.com",
                                "text": "Bill.com"
                            },
                            {
                                "type": "text",
                                "text": " or Gusto or a similar payment platform anyway)."
                            }
                        ]
                    }
                ]
            }
        ],
        "thread_ts": "1646166310.015829",
        "parent_user_id": "UN227ML2H",
        "reactions": [
            {
                "name": "pray",
                "users": [
                    "UN227ML2H"
                ],
                "count": 1
            }
        ]
    },
    {
        "client_msg_id": "0a00305e-4060-4c16-87e1-bcc1f1bfe719",
        "type": "message",
        "text": "Thank you both!! I’m still trying to figure out how I want to do invoicing—right now it’s actually manual and I have a designed Google Sheet I use :sweat_smile:  I think I’d do something similar and not accept payments through Freshbooks though, as all of my clients either do direct deposit or a payment platform.",
        "user": "UN227ML2H",
        "ts": "1646170019.935459",
        "team": "TJE58GTJL",
        "user_team": "TJE58GTJL",
        "source_team": "TJE58GTJL",
        "user_profile": {
            "avatar_hash": "73075d02e70f",
            "image_72": "https:\/\/avatars.slack-edge.com\/2020-09-28\/1393806804451_73075d02e70f4a4344d6_72.jpg",
            "first_name": "Whitney",
            "real_name": "Whitney Rudeseal Peet",
            "display_name": "Whitney Rudeseal Peet",
            "team": "TJE58GTJL",
            "name": "whitneyrudeseal",
            "is_restricted": false,
            "is_ultra_restricted": false
        },
        "blocks": [
            {
                "type": "rich_text",
                "block_id": "+v9",
                "elements": [
                    {
                        "type": "rich_text_section",
                        "elements": [
                            {
                                "type": "text",
                                "text": "Thank you both!! I’m still trying to figure out how I want to do invoicing—right now it’s actually manual and I have a designed Google Sheet I use "
                            },
                            {
                                "type": "emoji",
                                "name": "sweat_smile"
                            },
                            {
                                "type": "text",
                                "text": "  I think I’d do something similar and not accept payments through Freshbooks though, as all of my clients either do direct deposit or a payment platform."
                            }
                        ]
                    }
                ]
            }
        ],
        "thread_ts": "1646166310.015829",
        "parent_user_id": "UN227ML2H"
    },
    {
        "client_msg_id": "0bf15c87-2c7d-478c-af01-71a272861a65",
        "type": "message",
        "text": "Quickbooks just makes me feel….. icky.",
        "user": "UN227ML2H",
        "ts": "1646170031.950799",
        "team": "TJE58GTJL",
        "user_team": "TJE58GTJL",
        "source_team": "TJE58GTJL",
        "user_profile": {
            "avatar_hash": "73075d02e70f",
            "image_72": "https:\/\/avatars.slack-edge.com\/2020-09-28\/1393806804451_73075d02e70f4a4344d6_72.jpg",
            "first_name": "Whitney",
            "real_name": "Whitney Rudeseal Peet",
            "display_name": "Whitney Rudeseal Peet",
            "team": "TJE58GTJL",
            "name": "whitneyrudeseal",
            "is_restricted": false,
            "is_ultra_restricted": false
        },
        "blocks": [
            {
                "type": "rich_text",
                "block_id": "G9C",
                "elements": [
                    {
                        "type": "rich_text_section",
                        "elements": [
                            {
                                "type": "text",
                                "text": "Quickbooks just makes me feel….. icky."
                            }
                        ]
                    }
                ]
            }
        ],
        "thread_ts": "1646166310.015829",
        "parent_user_id": "UN227ML2H"
    },
    {
        "client_msg_id": "90cd7c66-2f25-471b-b01c-bacd77545bda",
        "type": "message",
        "text": "I'm curious to know what recurring problems you experience as a freelancer when collaborating with your clients? I want to make sure I'm not the only one going crazy here :woozy_face:",
        "user": "U035UKFRXBJ",
        "ts": "1646171424.062259",
        "team": "TJE58GTJL",
        "user_team": "TJE58GTJL",
        "source_team": "TJE58GTJL",
        "user_profile": {
            "avatar_hash": "a880d6376369",
            "image_72": "https:\/\/avatars.slack-edge.com\/2022-03-02\/3173949381477_a880d6376369621395c2_72.jpg",
            "first_name": "Jake",
            "real_name": "Jake Thornton",
            "display_name": "Jake",
            "team": "TJE58GTJL",
            "name": "jake.thornton.digital",
            "is_restricted": false,
            "is_ultra_restricted": false
        },
        "blocks": [
            {
                "type": "rich_text",
                "block_id": "bxP",
                "elements": [
                    {
                        "type": "rich_text_section",
                        "elements": [
                            {
                                "type": "text",
                                "text": "I'm curious to know what recurring problems you experience as a freelancer when collaborating with your clients? I want to make sure I'm not the only one going crazy here "
                            },
                            {
                                "type": "emoji",
                                "name": "woozy_face"
                            }
                        ]
                    }
                ]
            }
        ],
        "thread_ts": "1646171424.062259",
        "reply_count": 7,
        "reply_users_count": 5,
        "latest_reply": "1646231122.202009",
        "reply_users": [
            "U02F1GK6U6B",
            "U035UKFRXBJ",
            "U034H601T7X",
            "U02CUMQBP9R",
            "U02CVNB3X1T"
        ],
        "replies": [
            {
                "user": "U02F1GK6U6B",
                "ts": "1646173462.978379"
            },
            {
                "user": "U02F1GK6U6B",
                "ts": "1646173786.821509"
            },
            {
                "user": "U035UKFRXBJ",
                "ts": "1646177926.370609"
            },
            {
                "user": "U034H601T7X",
                "ts": "1646181102.395589"
            },
            {
                "user": "U02CUMQBP9R",
                "ts": "1646201619.874539"
            },
            {
                "user": "U02F1GK6U6B",
                "ts": "1646205754.805169"
            },
            {
                "user": "U02CVNB3X1T",
                "ts": "1646231122.202009"
            }
        ],
        "is_locked": false,
        "subscribed": false
    },
    {
        "client_msg_id": "210fcb0d-d8e3-4f2d-92d1-65c76a255579",
        "type": "message",
        "text": "I've used FreshBooks since the very beginning... I still love it. It's really straightforward and always makes me wonder if I'm missing something when people talk about how complex invoicing and accounting can be...",
        "user": "U01K0BWEQD6",
        "ts": "1646171685.869889",
        "team": "TJE58GTJL",
        "user_team": "TJE58GTJL",
        "source_team": "TJE58GTJL",
        "user_profile": {
            "avatar_hash": "1d4a27b0b808",
            "image_72": "https:\/\/avatars.slack-edge.com\/2021-01-12\/1637132909412_1d4a27b0b8085cc784f5_72.jpg",
            "first_name": "Sarah",
            "real_name": "Sarah Greesonbach",
            "display_name": "Sarah Greesonbach",
            "team": "TJE58GTJL",
            "name": "hello317",
            "is_restricted": false,
            "is_ultra_restricted": false
        },
        "blocks": [
            {
                "type": "rich_text",
                "block_id": "gh6Y",
                "elements": [
                    {
                        "type": "rich_text_section",
                        "elements": [
                            {
                                "type": "text",
                                "text": "I've used FreshBooks since the very beginning... I still love it. It's really straightforward and always makes me wonder if I'm missing something when people talk about how complex invoicing and accounting can be..."
                            }
                        ]
                    }
                ]
            }
        ],
        "thread_ts": "1646166310.015829",
        "parent_user_id": "UN227ML2H",
        "reactions": [
            {
                "name": "pray",
                "users": [
                    "UN227ML2H"
                ],
                "count": 1
            }
        ]
    },
    {
        "client_msg_id": "49d7aab4-b50b-43d0-96b3-3244d9fe0080",
        "type": "message",
        "text": "Have a new client who keeps trying to increase the scope of the project which isn't in our agreement. I have a process where I send an outline for approval so I can nail down the scope of the article &amp; reduce edits. This is the first client I've had in 3 years that has used up 3 different editing cycles. \nLuckily, this is our first trial month. And I don't think they're a good fit for me. And I won't be continuing the relationship once this project is complete.",
        "user": "U02F1GK6U6B",
        "ts": "1646173462.978379",
        "team": "TJE58GTJL",
        "user_team": "TJE58GTJL",
        "source_team": "TJE58GTJL",
        "user_profile": {
            "avatar_hash": "b77d6f7d6c82",
            "image_72": "https:\/\/avatars.slack-edge.com\/2022-01-22\/3004677185921_b77d6f7d6c82fd929faa_72.jpg",
            "first_name": "Nneka",
            "real_name": "Nneka Otika",
            "display_name": "Nneka Otika",
            "team": "TJE58GTJL",
            "name": "nnekaotika",
            "is_restricted": false,
            "is_ultra_restricted": false
        },
        "blocks": [
            {
                "type": "rich_text",
                "block_id": "spR",
                "elements": [
                    {
                        "type": "rich_text_section",
                        "elements": [
                            {
                                "type": "text",
                                "text": "Have a new client who keeps trying to increase the scope of the project which isn't in our agreement. I have a process where I send an outline for approval so I can nail down the scope of the article & reduce edits. This is the first client I've had in 3 years that has used up 3 different editing cycles. \nLuckily, this is our first trial month. And I don't think they're a good fit for me. And I won't be continuing the relationship once this project is complete."
                            }
                        ]
                    }
                ]
            }
        ],
        "thread_ts": "1646171424.062259",
        "parent_user_id": "U035UKFRXBJ"
    },
    {
        "client_msg_id": "9d8d20fb-ea2b-42d7-8c78-27d899041a23",
        "type": "message",
        "text": "Also, they refused to provide me with a brand tone of voice or guideline. And their first point of call is to point out that their brand wouldn't use a particular phrase. \nAnd I'm here like \"if you have provided me a brand tone of voice like I asked 3 times before, we wouldn't be here\".\nLuckily, I provide 3 rounds of edits for each article. After that, I charge $50 per editing cycle. \n\n*Sorry for the two reply rants*\nNeeded to get this off my chest with people who actually get it!",
        "user": "U02F1GK6U6B",
        "ts": "1646173786.821509",
        "team": "TJE58GTJL",
        "user_team": "TJE58GTJL",
        "source_team": "TJE58GTJL",
        "user_profile": {
            "avatar_hash": "b77d6f7d6c82",
            "image_72": "https:\/\/avatars.slack-edge.com\/2022-01-22\/3004677185921_b77d6f7d6c82fd929faa_72.jpg",
            "first_name": "Nneka",
            "real_name": "Nneka Otika",
            "display_name": "Nneka Otika",
            "team": "TJE58GTJL",
            "name": "nnekaotika",
            "is_restricted": false,
            "is_ultra_restricted": false
        },
        "blocks": [
            {
                "type": "rich_text",
                "block_id": "x7k",
                "elements": [
                    {
                        "type": "rich_text_section",
                        "elements": [
                            {
                                "type": "text",
                                "text": "Also, they refused to provide me with a brand tone of voice or guideline. And their first point of call is to point out that their brand wouldn't use a particular phrase. \nAnd I'm here like \"if you have provided me a brand tone of voice like I asked 3 times before, we wouldn't be here\".\nLuckily, I provide 3 rounds of edits for each article. After that, I charge $50 per editing cycle. \n\n"
                            },
                            {
                                "type": "text",
                                "text": "Sorry for the two reply rants",
                                "style": {
                                    "bold": true
                                }
                            },
                            {
                                "type": "text",
                                "text": "\nNeeded to get this off my chest with people who actually get it!"
                            }
                        ]
                    }
                ]
            }
        ],
        "thread_ts": "1646171424.062259",
        "parent_user_id": "U035UKFRXBJ",
        "reactions": [
            {
                "name": "heart",
                "users": [
                    "U035UKFRXBJ",
                    "U033RCB53B2",
                    "U02CUMQBP9R",
                    "U02KR8EC0TY",
                    "U0188DZQPB8"
                ],
                "count": 5
            }
        ]
    },
    {
        "client_msg_id": "e406d974-70f0-4d8c-b455-0b258c5e4b00",
        "type": "message",
        "text": "Thank you <@U02F1GK6U6B>! I'm glad it's not only me who experiences this! I wonder if anyone else has similar experiences!",
        "user": "U035UKFRXBJ",
        "ts": "1646177926.370609",
        "team": "TJE58GTJL",
        "user_team": "TJE58GTJL",
        "source_team": "TJE58GTJL",
        "user_profile": {
            "avatar_hash": "a880d6376369",
            "image_72": "https:\/\/avatars.slack-edge.com\/2022-03-02\/3173949381477_a880d6376369621395c2_72.jpg",
            "first_name": "Jake",
            "real_name": "Jake Thornton",
            "display_name": "Jake",
            "team": "TJE58GTJL",
            "name": "jake.thornton.digital",
            "is_restricted": false,
            "is_ultra_restricted": false
        },
        "blocks": [
            {
                "type": "rich_text",
                "block_id": "nua84",
                "elements": [
                    {
                        "type": "rich_text_section",
                        "elements": [
                            {
                                "type": "text",
                                "text": "Thank you "
                            },
                            {
                                "type": "user",
                                "user_id": "U02F1GK6U6B"
                            },
                            {
                                "type": "text",
                                "text": "! I'm glad it's not only me who experiences this! I wonder if anyone else has similar experiences!"
                            }
                        ]
                    }
                ]
            }
        ],
        "thread_ts": "1646171424.062259",
        "parent_user_id": "U035UKFRXBJ"
    },
    {
        "client_msg_id": "7aef1250-7002-4ce9-abe3-46baab8b63ee",
        "type": "message",
        "text": "does anyone have any good tips or resources for tax season?",
        "user": "U0320BS53RQ",
        "ts": "1646178326.594409",
        "team": "TJE58GTJL",
        "user_team": "TJE58GTJL",
        "source_team": "TJE58GTJL",
        "user_profile": {
            "avatar_hash": "ea48880e8c8e",
            "image_72": "https:\/\/avatars.slack-edge.com\/2022-02-08\/3068289596918_ea48880e8c8efa609f6f_72.png",
            "first_name": "madi",
            "real_name": "madi",
            "display_name": "madi",
            "team": "TJE58GTJL",
            "name": "madi.pignetti",
            "is_restricted": false,
            "is_ultra_restricted": false
        },
        "blocks": [
            {
                "type": "rich_text",
                "block_id": "nE7lc",
                "elements": [
                    {
                        "type": "rich_text_section",
                        "elements": [
                            {
                                "type": "text",
                                "text": "does anyone have any good tips or resources for tax season?"
                            }
                        ]
                    }
                ]
            }
        ],
        "thread_ts": "1646178326.594409",
        "reply_count": 6,
        "reply_users_count": 5,
        "latest_reply": "1646341926.797309",
        "reply_users": [
            "U034H601T7X",
            "U03330MFEN4",
            "U01SFTTQ483",
            "U02KFSN2QDR",
            "U01FUP6AMEZ"
        ],
        "replies": [
            {
                "user": "U034H601T7X",
                "ts": "1646181019.977359"
            },
            {
                "user": "U03330MFEN4",
                "ts": "1646186769.676719"
            },
            {
                "user": "U01SFTTQ483",
                "ts": "1646244477.280889"
            },
            {
                "user": "U02KFSN2QDR",
                "ts": "1646245562.233689"
            },
            {
                "user": "U01FUP6AMEZ",
                "ts": "1646341870.414389"
            },
            {
                "user": "U01FUP6AMEZ",
                "ts": "1646341926.797309"
            }
        ],
        "is_locked": false,
        "subscribed": false
    },
    {
        "client_msg_id": "a4478d30-9b38-4fba-9661-fdc6cd507253",
        "type": "message",
        "text": "Get a good CPA",
        "user": "U034H601T7X",
        "ts": "1646181019.977359",
        "team": "TJE58GTJL",
        "user_team": "TJE58GTJL",
        "source_team": "TJE58GTJL",
        "user_profile": {
            "avatar_hash": "05f4767730a3",
            "image_72": "https:\/\/avatars.slack-edge.com\/2022-02-24\/3168737349953_05f4767730a3afcc5ea8_72.jpg",
            "first_name": "John",
            "real_name": "John Doherty",
            "display_name": "John Doherty",
            "team": "TJE58GTJL",
            "name": "dohertyjf",
            "is_restricted": false,
            "is_ultra_restricted": false
        },
        "blocks": [
            {
                "type": "rich_text",
                "block_id": "kRy",
                "elements": [
                    {
                        "type": "rich_text_section",
                        "elements": [
                            {
                                "type": "text",
                                "text": "Get a good CPA"
                            }
                        ]
                    }
                ]
            }
        ],
        "thread_ts": "1646178326.594409",
        "parent_user_id": "U0320BS53RQ",
        "reactions": [
            {
                "name": "eyes",
                "users": [
                    "U0320BS53RQ"
                ],
                "count": 1
            },
            {
                "name": "point_up",
                "users": [
                    "UUJBMNRNF"
                ],
                "count": 1
            },
            {
                "name": "point_up::skin-tone-4",
                "users": [
                    "U01L7S9CVNG"
                ],
                "count": 1
            }
        ]
    },
    {
        "client_msg_id": "75f4990f-2892-4fbe-9938-e3835273b046",
        "type": "message",
        "text": "Build out the things you have to have on the front end. Style guide, etc. If they don’t have them, then have an option to pay you to create it for them. If they won’t do that, then don’t work with them.\n\nAlso, to the “increase the scope”, why are you not pitching them on an increased scope for more $$?",
        "user": "U034H601T7X",
        "ts": "1646181102.395589",
        "team": "TJE58GTJL",
        "user_team": "TJE58GTJL",
        "source_team": "TJE58GTJL",
        "user_profile": {
            "avatar_hash": "05f4767730a3",
            "image_72": "https:\/\/avatars.slack-edge.com\/2022-02-24\/3168737349953_05f4767730a3afcc5ea8_72.jpg",
            "first_name": "John",
            "real_name": "John Doherty",
            "display_name": "John Doherty",
            "team": "TJE58GTJL",
            "name": "dohertyjf",
            "is_restricted": false,
            "is_ultra_restricted": false
        },
        "blocks": [
            {
                "type": "rich_text",
                "block_id": "vOp",
                "elements": [
                    {
                        "type": "rich_text_section",
                        "elements": [
                            {
                                "type": "text",
                                "text": "Build out the things you have to have on the front end. Style guide, etc. If they don’t have them, then have an option to pay you to create it for them. If they won’t do that, then don’t work with them.\n\nAlso, to the “increase the scope”, why are you not pitching them on an increased scope for more $$?"
                            }
                        ]
                    }
                ]
            }
        ],
        "thread_ts": "1646171424.062259",
        "parent_user_id": "U035UKFRXBJ"
    },
    {
        "client_msg_id": "d0abb373-c64a-40b0-9e2a-46dbe59c2c22",
        "type": "message",
        "text": "Re: Direct deposits, I just go in and mark the invoice paid. Only a few clients pay via the actual invoice\/platform of Freshbooks, and that's a recent development.",
        "user": "U01K0BWEQD6",
        "ts": "1646185864.703769",
        "team": "TJE58GTJL",
        "user_team": "TJE58GTJL",
        "source_team": "TJE58GTJL",
        "user_profile": {
            "avatar_hash": "1d4a27b0b808",
            "image_72": "https:\/\/avatars.slack-edge.com\/2021-01-12\/1637132909412_1d4a27b0b8085cc784f5_72.jpg",
            "first_name": "Sarah",
            "real_name": "Sarah Greesonbach",
            "display_name": "Sarah Greesonbach",
            "team": "TJE58GTJL",
            "name": "hello317",
            "is_restricted": false,
            "is_ultra_restricted": false
        },
        "blocks": [
            {
                "type": "rich_text",
                "block_id": "JA+s",
                "elements": [
                    {
                        "type": "rich_text_section",
                        "elements": [
                            {
                                "type": "text",
                                "text": "Re: Direct deposits, I just go in and mark the invoice paid. Only a few clients pay via the actual invoice\/platform of Freshbooks, and that's a recent development."
                            }
                        ]
                    }
                ]
            }
        ],
        "thread_ts": "1646166310.015829",
        "parent_user_id": "UN227ML2H"
    },
    {
        "client_msg_id": "2168fefa-1fa4-4061-80f1-5dc8c9786eff",
        "type": "message",
        "text": "Just came here to say what <@U034H601T7X> said. A CPA will save you time, headaches, and money.",
        "user": "U03330MFEN4",
        "ts": "1646186769.676719",
        "team": "TJE58GTJL",
        "user_team": "TJE58GTJL",
        "source_team": "TJE58GTJL",
        "user_profile": {
            "avatar_hash": "eee78796f291",
            "image_72": "https:\/\/avatars.slack-edge.com\/2022-02-09\/3105175916912_eee78796f2919ff55228_72.png",
            "first_name": "Kaitlyn",
            "real_name": "Kaitlyn Arford",
            "display_name": "Kaitlyn Arford",
            "team": "TJE58GTJL",
            "name": "kaitlyn.arford",
            "is_restricted": false,
            "is_ultra_restricted": false
        },
        "blocks": [
            {
                "type": "rich_text",
                "block_id": "vdoW",
                "elements": [
                    {
                        "type": "rich_text_section",
                        "elements": [
                            {
                                "type": "text",
                                "text": "Just came here to say what "
                            },
                            {
                                "type": "user",
                                "user_id": "U034H601T7X"
                            },
                            {
                                "type": "text",
                                "text": " said. A CPA will save you time, headaches, and money."
                            }
                        ]
                    }
                ]
            }
        ],
        "thread_ts": "1646178326.594409",
        "parent_user_id": "U0320BS53RQ"
    },
    {
        "client_msg_id": "3fe63f80-245f-42af-9bea-dbecd531fe9c",
        "type": "message",
        "text": "Hi!\nDMed you :slightly_smiling_face:",
        "user": "U02QKGDCCB0",
        "ts": "1646187607.373929",
        "team": "TJE58GTJL",
        "user_team": "TJE58GTJL",
        "source_team": "TJE58GTJL",
        "user_profile": {
            "avatar_hash": "3a734c06bf2f",
            "image_72": "https:\/\/avatars.slack-edge.com\/2021-12-14\/2839314965957_3a734c06bf2f86f35503_72.jpg",
            "first_name": "Tanmay",
            "real_name": "Tanmay Mehta",
            "display_name": "Tanmay Mehta",
            "team": "TJE58GTJL",
            "name": "tanmaymehta10",
            "is_restricted": false,
            "is_ultra_restricted": false
        },
        "blocks": [
            {
                "type": "rich_text",
                "block_id": "SLp",
                "elements": [
                    {
                        "type": "rich_text_section",
                        "elements": [
                            {
                                "type": "text",
                                "text": "Hi!\nDMed you "
                            },
                            {
                                "type": "emoji",
                                "name": "slightly_smiling_face"
                            }
                        ]
                    }
                ]
            }
        ],
        "thread_ts": "1646103121.034339",
        "parent_user_id": "U011QQDDSJV"
    },
    {
        "client_msg_id": "d21ade2d-d412-4d37-b863-9d46461e61aa",
        "type": "message",
        "text": "Majorly I have faced clients asking for 'trial task' and then pointing out mistakes which they claimed to fix themselves, and ultimately not paying by saying writing did not match the tone, etc. This whole trial task needs to be sorted - how do you manage these?",
        "user": "U02CUMQBP9R",
        "ts": "1646201619.874539",
        "team": "TJE58GTJL",
        "user_team": "TJE58GTJL",
        "source_team": "TJE58GTJL",
        "user_profile": {
            "avatar_hash": "37d9a8538dda",
            "image_72": "https:\/\/avatars.slack-edge.com\/2021-08-30\/2422037442023_37d9a8538dda6c598cc7_72.jpg",
            "first_name": "Harshala",
            "real_name": "Harshala Chavan",
            "display_name": "Harshala Chavan",
            "team": "TJE58GTJL",
            "name": "harshalachavan7",
            "is_restricted": false,
            "is_ultra_restricted": false
        },
        "blocks": [
            {
                "type": "rich_text",
                "block_id": "7UmjU",
                "elements": [
                    {
                        "type": "rich_text_section",
                        "elements": [
                            {
                                "type": "text",
                                "text": "Majorly I have faced clients asking for 'trial task' and then pointing out mistakes which they claimed to fix themselves, and ultimately not paying by saying writing did not match the tone, etc. This whole trial task needs to be sorted - how do you manage these?"
                            }
                        ]
                    }
                ]
            }
        ],
        "thread_ts": "1646171424.062259",
        "parent_user_id": "U035UKFRXBJ"
    },
    {
        "client_msg_id": "90c12240-8411-4ce3-b62c-2fe5bd91178d",
        "type": "message",
        "text": "<@U034H601T7X> they keep trying to increase the scope during the editing process. \nI was going to pitch them about creating a tone of voice guideline for their brand. But given how this project has gone, I'd rather not.",
        "user": "U02F1GK6U6B",
        "ts": "1646205754.805169",
        "team": "TJE58GTJL",
        "user_team": "TJE58GTJL",
        "source_team": "TJE58GTJL",
        "user_profile": {
            "avatar_hash": "b77d6f7d6c82",
            "image_72": "https:\/\/avatars.slack-edge.com\/2022-01-22\/3004677185921_b77d6f7d6c82fd929faa_72.jpg",
            "first_name": "Nneka",
            "real_name": "Nneka Otika",
            "display_name": "Nneka Otika",
            "team": "TJE58GTJL",
            "name": "nnekaotika",
            "is_restricted": false,
            "is_ultra_restricted": false
        },
        "blocks": [
            {
                "type": "rich_text",
                "block_id": "vYlN",
                "elements": [
                    {
                        "type": "rich_text_section",
                        "elements": [
                            {
                                "type": "user",
                                "user_id": "U034H601T7X"
                            },
                            {
                                "type": "text",
                                "text": " they keep trying to increase the scope during the editing process. \nI was going to pitch them about creating a tone of voice guideline for their brand. But given how this project has gone, I'd rather not."
                            }
                        ]
                    }
                ]
            }
        ],
        "thread_ts": "1646171424.062259",
        "parent_user_id": "U035UKFRXBJ"
    }
]