[
    {
        "type": "message",
        "text": "Hi everyone! :wave: I'm Jacqui from *<https:\/\/flyingcatmarketing.com\/|Flying Cat Marketing>.* \n\nWe are looking for *German, Italian and French native #SEO editors* to join a big multi-lingual project starting this month for an exciting new client in the #martech space! We take a journalistic approach to SEO content, which means everything we produce for our clients contains genuine insight so it can be considered thought leadership. We need you to edit and make SEO improvements to creative content to be published on the client's website. Location: 100% remote. We will set deadlines out in advance and as long 5as these are met then you can manage your own schedule.\n\nWork culture: Lots of ownership, accountability, support, processes, and really nice and smart people. This is an ongoing project and there may be opportunities to work on other projects within Flying Cat Marketing in the future.\n \nYou must be able to invoice as a freelancer from your country, and you must be able to easily accept payment from Europe.\n\nPlease email <mailto:admin@flyingcatmarketing.com|admin@flyingcatmarketing.com> with your native language, previous examples, and what kind of things you have experience in editing. We will then send you a link to a page that could be improved and ask what suggestions you can give to improve the page\/content. You can also DM me for more information. Danke schön :slightly_smiling_face:",
        "files": [
            {
                "id": "F033USW85L2",
                "created": 1645266561,
                "timestamp": 1645266561,
                "name": "We are hiring!.png",
                "title": "We are hiring!.png",
                "mimetype": "image\/png",
                "filetype": "png",
                "pretty_type": "PNG",
                "user": "U033BJXTHAT",
                "editable": false,
                "size": 99691,
                "mode": "hosted",
                "is_external": false,
                "external_type": "",
                "is_public": true,
                "public_url_shared": false,
                "display_as_bot": false,
                "username": "",
                "url_private": "https:\/\/files.slack.com\/files-pri\/TJE58GTJL-F033USW85L2\/we_are_hiring_.png?t=xoxe-626178571632-3467451922035-3469800396036-b45365c7edcd0220272aa8a422c2b82f",
                "url_private_download": "https:\/\/files.slack.com\/files-pri\/TJE58GTJL-F033USW85L2\/download\/we_are_hiring_.png?t=xoxe-626178571632-3467451922035-3469800396036-b45365c7edcd0220272aa8a422c2b82f",
                "media_display_type": "unknown",
                "thumb_64": "https:\/\/files.slack.com\/files-tmb\/TJE58GTJL-F033USW85L2-2363abc4f1\/we_are_hiring__64.png?t=xoxe-626178571632-3467451922035-3469800396036-b45365c7edcd0220272aa8a422c2b82f",
                "thumb_80": "https:\/\/files.slack.com\/files-tmb\/TJE58GTJL-F033USW85L2-2363abc4f1\/we_are_hiring__80.png?t=xoxe-626178571632-3467451922035-3469800396036-b45365c7edcd0220272aa8a422c2b82f",
                "thumb_360": "https:\/\/files.slack.com\/files-tmb\/TJE58GTJL-F033USW85L2-2363abc4f1\/we_are_hiring__360.png?t=xoxe-626178571632-3467451922035-3469800396036-b45365c7edcd0220272aa8a422c2b82f",
                "thumb_360_w": 360,
                "thumb_360_h": 302,
                "thumb_480": "https:\/\/files.slack.com\/files-tmb\/TJE58GTJL-F033USW85L2-2363abc4f1\/we_are_hiring__480.png?t=xoxe-626178571632-3467451922035-3469800396036-b45365c7edcd0220272aa8a422c2b82f",
                "thumb_480_w": 480,
                "thumb_480_h": 402,
                "thumb_160": "https:\/\/files.slack.com\/files-tmb\/TJE58GTJL-F033USW85L2-2363abc4f1\/we_are_hiring__160.png?t=xoxe-626178571632-3467451922035-3469800396036-b45365c7edcd0220272aa8a422c2b82f",
                "thumb_720": "https:\/\/files.slack.com\/files-tmb\/TJE58GTJL-F033USW85L2-2363abc4f1\/we_are_hiring__720.png?t=xoxe-626178571632-3467451922035-3469800396036-b45365c7edcd0220272aa8a422c2b82f",
                "thumb_720_w": 720,
                "thumb_720_h": 604,
                "thumb_800": "https:\/\/files.slack.com\/files-tmb\/TJE58GTJL-F033USW85L2-2363abc4f1\/we_are_hiring__800.png?t=xoxe-626178571632-3467451922035-3469800396036-b45365c7edcd0220272aa8a422c2b82f",
                "thumb_800_w": 800,
                "thumb_800_h": 671,
                "original_w": 940,
                "original_h": 788,
                "thumb_tiny": "AwAoADCCl6daASpDL1FK0zyjDEEA+lI723ew0sB1pAwJ4psmO4zwaTPJ460CcrMdvGM0oYHOKjyv939aenU0CUm2WTF5SFnXccgBQetQ7gzDy42UEnrV27X\/AEcnaGIwQp70jQ+XeK2ONmcnt7frTOb2sr3KoUHght3oBS+WM42v\/wB81PdBSquBznH1qAA9fLyPxpHTGXMrh5Q\/uv8AlTSFHAzn3FOw3Xy\/50w8mgpGowyMA4pvlrkcDA7U+iqPPK11CzKXDcL\/AA4qFZkCqDECR39auTf6l\/8AdNZlI6qXvRsyczIVYCIcjj2qGiikbqKWx\/\/Z",
                "permalink": "https:\/\/content-career-growth.slack.com\/files\/U033BJXTHAT\/F033USW85L2\/we_are_hiring_.png",
                "permalink_public": "https:\/\/slack-files.com\/TJE58GTJL-F033USW85L2-e4a328468a",
                "is_starred": false,
                "has_rich_preview": false
            }
        ],
        "upload": false,
        "user": "U033BJXTHAT",
        "display_as_bot": false,
        "ts": "1645266597.365069",
        "blocks": [
            {
                "type": "rich_text",
                "block_id": "WNM4",
                "elements": [
                    {
                        "type": "rich_text_section",
                        "elements": [
                            {
                                "type": "text",
                                "text": "Hi everyone! "
                            },
                            {
                                "type": "emoji",
                                "name": "wave"
                            },
                            {
                                "type": "text",
                                "text": " I'm Jacqui from "
                            },
                            {
                                "type": "link",
                                "url": "https:\/\/flyingcatmarketing.com\/",
                                "text": "Flying Cat Marketing",
                                "style": {
                                    "bold": true
                                }
                            },
                            {
                                "type": "text",
                                "text": ". ",
                                "style": {
                                    "bold": true
                                }
                            },
                            {
                                "type": "text",
                                "text": "\n\nWe are looking for "
                            },
                            {
                                "type": "text",
                                "text": "German, Italian and French native #SEO editors",
                                "style": {
                                    "bold": true
                                }
                            },
                            {
                                "type": "text",
                                "text": " to join a big multi-lingual project starting this month for an exciting new client in the #martech space! We take a journalistic approach to SEO content, which means everything we produce for our clients contains genuine insight so it can be considered thought leadership. We need you to edit and make SEO improvements to creative content to be published on the client's website. Location: 100% remote. We will set deadlines out in advance and as long 5as these are met then you can manage your own schedule.\n\nWork culture: Lots of ownership, accountability, support, processes, and really nice and smart people. This is an ongoing project and there may be opportunities to work on other projects within Flying Cat Marketing in the future.\n \nYou must be able to invoice as a freelancer from your country, and you must be able to easily accept payment from Europe.\n\nPlease email "
                            },
                            {
                                "type": "link",
                                "url": "mailto:admin@flyingcatmarketing.com",
                                "text": "admin@flyingcatmarketing.com"
                            },
                            {
                                "type": "text",
                                "text": " with your native language, previous examples, and what kind of things you have experience in editing. We will then send you a link to a page that could be improved and ask what suggestions you can give to improve the page\/content. You can also DM me for more information. Danke schön "
                            },
                            {
                                "type": "emoji",
                                "name": "slightly_smiling_face"
                            }
                        ]
                    }
                ]
            }
        ],
        "client_msg_id": "92272739-5bf4-4c09-a377-3756e79151fa",
        "thread_ts": "1645266597.365069",
        "reply_count": 2,
        "reply_users_count": 2,
        "latest_reply": "1645293243.759209",
        "reply_users": [
            "U01GWU4JWE4",
            "U033BJXTHAT"
        ],
        "replies": [
            {
                "user": "U01GWU4JWE4",
                "ts": "1645279861.919089"
            },
            {
                "user": "U033BJXTHAT",
                "ts": "1645293243.759209"
            }
        ],
        "is_locked": false,
        "subscribed": false
    },
    {
        "client_msg_id": "1115431e-85e1-4c09-a712-ff537d77ab39",
        "type": "message",
        "text": "<@U02QJ5DKEG3>",
        "user": "U01GWU4JWE4",
        "ts": "1645279861.919089",
        "team": "TJE58GTJL",
        "user_team": "TJE58GTJL",
        "source_team": "TJE58GTJL",
        "user_profile": {
            "avatar_hash": "7be117499ef4",
            "image_72": "https:\/\/avatars.slack-edge.com\/2021-01-03\/1615103505012_7be117499ef4a8ee7673_72.jpg",
            "first_name": "Ernest",
            "real_name": "Ernest Bio Bogore",
            "display_name": "Ernest Bio Bogore",
            "team": "TJE58GTJL",
            "name": "bioernest80",
            "is_restricted": false,
            "is_ultra_restricted": false
        },
        "blocks": [
            {
                "type": "rich_text",
                "block_id": "lD\/",
                "elements": [
                    {
                        "type": "rich_text_section",
                        "elements": [
                            {
                                "type": "user",
                                "user_id": "U02QJ5DKEG3"
                            }
                        ]
                    }
                ]
            }
        ],
        "thread_ts": "1645266597.365069",
        "parent_user_id": "U033BJXTHAT",
        "reactions": [
            {
                "name": "raised_hands",
                "users": [
                    "U033BJXTHAT",
                    "U02QJ5DKEG3"
                ],
                "count": 2
            }
        ]
    },
    {
        "client_msg_id": "053261d7-efa2-4dae-9c21-393654740ef0",
        "type": "message",
        "text": "Thanks, <@U01GWU4JWE4>! Hi <@U02QJ5DKEG3> looking forward to receiving your sample work in your language. :slightly_smiling_face:",
        "user": "U033BJXTHAT",
        "ts": "1645293243.759209",
        "team": "TJE58GTJL",
        "user_team": "TJE58GTJL",
        "source_team": "TJE58GTJL",
        "user_profile": {
            "avatar_hash": "7b3bb1364e83",
            "image_72": "https:\/\/avatars.slack-edge.com\/2022-02-19\/3130867756594_7b3bb1364e83577390ea_72.png",
            "first_name": "Jacqui",
            "real_name": "Jacqui Romorosa",
            "display_name": "Jacqui Romorosa",
            "team": "TJE58GTJL",
            "name": "jacqui",
            "is_restricted": false,
            "is_ultra_restricted": false
        },
        "blocks": [
            {
                "type": "rich_text",
                "block_id": "Dg9O",
                "elements": [
                    {
                        "type": "rich_text_section",
                        "elements": [
                            {
                                "type": "text",
                                "text": "Thanks, "
                            },
                            {
                                "type": "user",
                                "user_id": "U01GWU4JWE4"
                            },
                            {
                                "type": "text",
                                "text": "! Hi "
                            },
                            {
                                "type": "user",
                                "user_id": "U02QJ5DKEG3"
                            },
                            {
                                "type": "text",
                                "text": " looking forward to receiving your sample work in your language. "
                            },
                            {
                                "type": "emoji",
                                "name": "slightly_smiling_face"
                            }
                        ]
                    }
                ]
            }
        ],
        "thread_ts": "1645266597.365069",
        "parent_user_id": "U033BJXTHAT"
    },
    {
        "type": "message",
        "subtype": "tombstone",
        "text": "This message was deleted.",
        "user": "USLACKBOT",
        "hidden": true,
        "ts": "1645301765.854159",
        "thread_ts": "1645301765.854159",
        "parent_user_id": "USLACKBOT",
        "reply_count": 2,
        "reply_users_count": 2,
        "latest_reply": "1645328429.112879",
        "reply_users": [
            "U0320CENNGK",
            "U01J84U3SQ6"
        ],
        "replies": [
            {
                "user": "U0320CENNGK",
                "ts": "1645312566.989719"
            },
            {
                "user": "U01J84U3SQ6",
                "ts": "1645328429.112879"
            }
        ],
        "is_locked": false,
        "subscribed": false
    },
    {
        "client_msg_id": "32e20372-0cbc-4c27-b091-61ef299f963c",
        "type": "message",
        "text": "Applied! Thanks for sharing. :slightly_smiling_face:",
        "user": "U0320CENNGK",
        "ts": "1645312566.989719",
        "team": "TJE58GTJL",
        "user_team": "TJE58GTJL",
        "source_team": "TJE58GTJL",
        "user_profile": {
            "avatar_hash": "5bece02b7e44",
            "image_72": "https:\/\/avatars.slack-edge.com\/2022-02-08\/3085044228433_5bece02b7e44f02efd5e_72.jpg",
            "first_name": "Odelia",
            "real_name": "Odelia",
            "display_name": "Odelia",
            "team": "TJE58GTJL",
            "name": "girlsetfree",
            "is_restricted": false,
            "is_ultra_restricted": false
        },
        "blocks": [
            {
                "type": "rich_text",
                "block_id": "jScA",
                "elements": [
                    {
                        "type": "rich_text_section",
                        "elements": [
                            {
                                "type": "text",
                                "text": "Applied! Thanks for sharing. "
                            },
                            {
                                "type": "emoji",
                                "name": "slightly_smiling_face"
                            }
                        ]
                    }
                ]
            }
        ],
        "thread_ts": "1645301765.854159",
        "parent_user_id": "USLACKBOT"
    },
    {
        "client_msg_id": "797bb0c5-a0ae-41b5-ba79-3fedc08204db",
        "type": "message",
        "text": "Hi <@U03330N1VS4>, are you also looking for UX writer\/Content writer?",
        "user": "U01J84U3SQ6",
        "ts": "1645328429.112879",
        "team": "TJE58GTJL",
        "user_team": "TJE58GTJL",
        "source_team": "TJE58GTJL",
        "user_profile": {
            "avatar_hash": "gdab1d2a41e5",
            "image_72": "https:\/\/secure.gravatar.com\/avatar\/dab1d2a41e573a329156be15739aa21a.jpg?s=72&d=https%3A%2F%2Fa.slack-edge.com%2Fdf10d%2Fimg%2Favatars%2Fava_0005-72.png",
            "first_name": "Soare",
            "real_name": "Soare",
            "display_name": "Kesar",
            "team": "TJE58GTJL",
            "name": "fu65745",
            "is_restricted": false,
            "is_ultra_restricted": false
        },
        "blocks": [
            {
                "type": "rich_text",
                "block_id": "HMA",
                "elements": [
                    {
                        "type": "rich_text_section",
                        "elements": [
                            {
                                "type": "text",
                                "text": "Hi "
                            },
                            {
                                "type": "user",
                                "user_id": "U03330N1VS4"
                            },
                            {
                                "type": "text",
                                "text": ", are you also looking for UX writer\/Content writer?"
                            }
                        ]
                    }
                ]
            }
        ],
        "thread_ts": "1645301765.854159",
        "parent_user_id": "USLACKBOT"
    }
]