[
    {
        "type": "message",
        "subtype": "tombstone",
        "text": "This message was deleted.",
        "user": "USLACKBOT",
        "hidden": true,
        "ts": "1648445791.321439",
        "thread_ts": "1648445791.321439",
        "parent_user_id": "USLACKBOT",
        "reply_count": 2,
        "reply_users_count": 2,
        "latest_reply": "1648447311.638239",
        "reply_users": [
            "U02HD0L8HAP",
            "U036K2YB0JD"
        ],
        "replies": [
            {
                "user": "U02HD0L8HAP",
                "ts": "1648447256.608999"
            },
            {
                "user": "U036K2YB0JD",
                "ts": "1648447311.638239"
            }
        ],
        "is_locked": false,
        "subscribed": false
    },
    {
        "client_msg_id": "a1548cb6-eb9a-4e6b-a253-c4b4fc9454a3",
        "type": "message",
        "text": "This post belongs in <#C02RGHQ4HK7|hire-me>",
        "user": "U02HD0L8HAP",
        "ts": "1648447256.608999",
        "team": "TJE58GTJL",
        "user_team": "TJE58GTJL",
        "source_team": "TJE58GTJL",
        "user_profile": {
            "avatar_hash": "675c42a91f65",
            "image_72": "https:\/\/avatars.slack-edge.com\/2022-01-10\/2928364816754_675c42a91f6571f4ac6b_72.jpg",
            "first_name": "Aanchal",
            "real_name": "Aanchal Parmar",
            "display_name": "Aanchal Parmar",
            "team": "TJE58GTJL",
            "name": "aanywrites",
            "is_restricted": false,
            "is_ultra_restricted": false
        },
        "blocks": [
            {
                "type": "rich_text",
                "block_id": "a6E4l",
                "elements": [
                    {
                        "type": "rich_text_section",
                        "elements": [
                            {
                                "type": "text",
                                "text": "This post belongs in "
                            },
                            {
                                "type": "channel",
                                "channel_id": "C02RGHQ4HK7"
                            }
                        ]
                    }
                ]
            }
        ],
        "thread_ts": "1648445791.321439",
        "parent_user_id": "USLACKBOT"
    },
    {
        "client_msg_id": "26f2d814-67a1-46bd-bba2-c4fa1da60488",
        "type": "message",
        "text": "Sorry I'll post it there",
        "user": "U036K2YB0JD",
        "ts": "1648447311.638239",
        "team": "TJE58GTJL",
        "user_team": "TJE58GTJL",
        "source_team": "TJE58GTJL",
        "user_profile": {
            "avatar_hash": "bc405c879bc6",
            "image_72": "https:\/\/avatars.slack-edge.com\/2022-03-14\/3246097136721_bc405c879bc671c150a4_72.jpg",
            "first_name": "Ronia",
            "real_name": "Ronia Reji",
            "display_name": "Ronia",
            "team": "TJE58GTJL",
            "name": "roniarj17394",
            "is_restricted": false,
            "is_ultra_restricted": false
        },
        "blocks": [
            {
                "type": "rich_text",
                "block_id": "PmRC",
                "elements": [
                    {
                        "type": "rich_text_section",
                        "elements": [
                            {
                                "type": "text",
                                "text": "Sorry I'll post it there"
                            }
                        ]
                    }
                ]
            }
        ],
        "thread_ts": "1648445791.321439",
        "parent_user_id": "USLACKBOT"
    }
]