[
    {
        "client_msg_id": "91a206c9-20c4-4996-bc30-8c4d23e92cd2",
        "type": "message",
        "text": "Hi everyone! \nNeed a freelance content writer to help with work overload, I'm available for writing gigs and VA. \n\nThanks, \nChidinma.",
        "user": "U02TK8BKMUJ",
        "ts": "1643114213.204900",
        "team": "TJE58GTJL",
        "user_team": "TJE58GTJL",
        "source_team": "TJE58GTJL",
        "user_profile": {
            "avatar_hash": "06ae1d09f183",
            "image_72": "https:\/\/avatars.slack-edge.com\/2022-01-12\/2944086859396_06ae1d09f183d40b719d_72.jpg",
            "first_name": "Chidinma",
            "real_name": "Chidinma Itsuokor",
            "display_name": "Chidinma Writes",
            "team": "TJE58GTJL",
            "name": "chidinma.itsuokor",
            "is_restricted": false,
            "is_ultra_restricted": false
        },
        "blocks": [
            {
                "type": "rich_text",
                "block_id": "hKS5",
                "elements": [
                    {
                        "type": "rich_text_section",
                        "elements": [
                            {
                                "type": "text",
                                "text": "Hi everyone! \nNeed a freelance content writer to help with work overload, I'm available for writing gigs and VA. \n\nThanks, \nChidinma."
                            }
                        ]
                    }
                ]
            }
        ]
    },
    {
        "client_msg_id": "92f061ac-9188-439b-94a5-f438d9fe4d0e",
        "type": "message",
        "text": "Hi everyone!\n\nI’m looking for freelance content writers for <https:\/\/userpilot.com\/blog|Userpilot’s blog>. I need writers who can write 4 articles per month (2000-2500 words) based on a detailed brief and optimised with SurferSEO. Topics include product adoption, user onboarding, user retention and engagement, and other SaaS related topics.  You can reach our to me directly or fill in this form if this is something you’d be interested in. Thanks <https:\/\/forms.gle\/6FNSovaAgHW55ivo6>",
        "user": "U02479V5KL1",
        "ts": "1643115512.208000",
        "team": "TJE58GTJL",
        "user_team": "TJE58GTJL",
        "source_team": "TJE58GTJL",
        "user_profile": {
            "avatar_hash": "36bbe10c7521",
            "image_72": "https:\/\/avatars.slack-edge.com\/2021-06-08\/2133291242519_36bbe10c752186e1bc57_72.png",
            "first_name": "Adina",
            "real_name": "Adina Timar",
            "display_name": "Adina Timar",
            "team": "TJE58GTJL",
            "name": "adina",
            "is_restricted": false,
            "is_ultra_restricted": false
        },
        "attachments": [
            {
                "from_url": "https:\/\/forms.gle\/6FNSovaAgHW55ivo6",
                "image_url": "https:\/\/lh3.googleusercontent.com\/ediUhVT7bjlYx0CLoN2E20wrAlfbTZIwxJsmy6ea_x3uqf57svKkov3kXCbmxeVM18IoG6VmVAo",
                "image_width": 333,
                "image_height": 250,
                "image_bytes": 37244,
                "service_icon": "http:\/\/ssl.gstatic.com\/docs\/forms\/device_home\/ios_120.png",
                "id": 1,
                "original_url": "https:\/\/forms.gle\/6FNSovaAgHW55ivo6",
                "fallback": "Google Docs: Content Writer - Application Follow-up Form",
                "text": "Thank you for your interest in applying for the position of a Content Writer at Userpilot. Due to the large volume of applications for this role we're receiving, we decided to introduce an additional follow-up form for the shortlisted candidates before inviting the candidates to an interview. This is to help us make the process as short and as efficient for both you and us - and to manage our mutual expectations before we jump on a call. There are a few things to consider before we proceed, so please read the below points carefully. Thank you!",
                "title": "Content Writer - Application Follow-up Form",
                "title_link": "https:\/\/forms.gle\/6FNSovaAgHW55ivo6",
                "service_name": "Google Docs"
            }
        ],
        "blocks": [
            {
                "type": "rich_text",
                "block_id": "\/qr5",
                "elements": [
                    {
                        "type": "rich_text_section",
                        "elements": [
                            {
                                "type": "text",
                                "text": "Hi everyone!\n\nI’m looking for freelance content writers for "
                            },
                            {
                                "type": "link",
                                "url": "https:\/\/userpilot.com\/blog",
                                "text": "Userpilot’s blog"
                            },
                            {
                                "type": "text",
                                "text": ". I need writers who can write 4 articles per month (2000-2500 words) based on a detailed brief and optimised with SurferSEO. Topics include product adoption, user onboarding, user retention and engagement, and other SaaS related topics.  You can reach our to me directly or fill in this form if this is something you’d be interested in. Thanks "
                            },
                            {
                                "type": "link",
                                "url": "https:\/\/forms.gle\/6FNSovaAgHW55ivo6"
                            }
                        ]
                    }
                ]
            }
        ],
        "thread_ts": "1643115512.208000",
        "reply_count": 1,
        "reply_users_count": 1,
        "latest_reply": "1643121174.209100",
        "reply_users": [
            "U02F1GK6U6B"
        ],
        "replies": [
            {
                "user": "U02F1GK6U6B",
                "ts": "1643121174.209100"
            }
        ],
        "is_locked": false,
        "subscribed": false,
        "reactions": [
            {
                "name": "eyes",
                "users": [
                    "UN227ML2H",
                    "U01PXN2LGAK",
                    "U02EDRUJN58"
                ],
                "count": 3
            }
        ]
    },
    {
        "client_msg_id": "a42ec8e9-8daf-4fde-acd2-c3306608eb16",
        "type": "message",
        "text": "Hi all, I'm looking to recommend a freelance performance marketer to a client of mine. Who should I recommend? Must be freelance (just one person) and bonus points if they are based in Australia or a similar timezone.",
        "user": "U01MW6DPU72",
        "ts": "1643115598.209000",
        "team": "TJE58GTJL",
        "user_team": "TJE58GTJL",
        "source_team": "TJE58GTJL",
        "user_profile": {
            "avatar_hash": "g2ab21f412c3",
            "image_72": "https:\/\/secure.gravatar.com\/avatar\/2ab21f412c3215ee2b3c2994772c589e.jpg?s=72&d=https%3A%2F%2Fa.slack-edge.com%2Fdf10d%2Fimg%2Favatars%2Fava_0024-72.png",
            "first_name": "Araminta",
            "real_name": "Araminta Robertson",
            "display_name": "Araminta Robertson",
            "team": "TJE58GTJL",
            "name": "robertsona98",
            "is_restricted": false,
            "is_ultra_restricted": false
        },
        "blocks": [
            {
                "type": "rich_text",
                "block_id": "CPF1x",
                "elements": [
                    {
                        "type": "rich_text_section",
                        "elements": [
                            {
                                "type": "text",
                                "text": "Hi all, I'm looking to recommend a freelance performance marketer to a client of mine. Who should I recommend? Must be freelance (just one person) and bonus points if they are based in Australia or a similar timezone."
                            }
                        ]
                    }
                ]
            }
        ],
        "thread_ts": "1643115598.209000",
        "reply_count": 2,
        "reply_users_count": 2,
        "latest_reply": "1643237651.224200",
        "reply_users": [
            "U02V08HJB8D",
            "U01MW6DPU72"
        ],
        "replies": [
            {
                "user": "U02V08HJB8D",
                "ts": "1643233645.221000"
            },
            {
                "user": "U01MW6DPU72",
                "ts": "1643237651.224200"
            }
        ],
        "is_locked": false,
        "subscribed": false
    },
    {
        "client_msg_id": "abc7b362-4379-4013-a6d7-e8d2b9dbe5fe",
        "type": "message",
        "text": "Hey Adina,\nThis is right up my wheelhouse as I currently work with clients in optimization. I'll DM you now :)",
        "user": "U02F1GK6U6B",
        "ts": "1643121174.209100",
        "team": "TJE58GTJL",
        "user_team": "TJE58GTJL",
        "source_team": "TJE58GTJL",
        "user_profile": {
            "avatar_hash": "b77d6f7d6c82",
            "image_72": "https:\/\/avatars.slack-edge.com\/2022-01-22\/3004677185921_b77d6f7d6c82fd929faa_72.jpg",
            "first_name": "Nneka",
            "real_name": "Nneka Otika",
            "display_name": "Nneka Otika",
            "team": "TJE58GTJL",
            "name": "nnekaotika",
            "is_restricted": false,
            "is_ultra_restricted": false
        },
        "blocks": [
            {
                "type": "rich_text",
                "block_id": "Q6p",
                "elements": [
                    {
                        "type": "rich_text_section",
                        "elements": [
                            {
                                "type": "text",
                                "text": "Hey Adina,\nThis is right up my wheelhouse as I currently work with clients in optimization. I'll DM you now :)"
                            }
                        ]
                    }
                ]
            }
        ],
        "thread_ts": "1643115512.208000",
        "parent_user_id": "U02479V5KL1"
    },
    {
        "client_msg_id": "8ca709bd-f580-4f3e-9c37-34b1b3238b42",
        "type": "message",
        "text": "<@U02479V5KL1>\n\nI'd send you a DM now",
        "user": "U02Q8U5T7TP",
        "ts": "1643125213.209600",
        "team": "TJE58GTJL",
        "user_team": "TJE58GTJL",
        "source_team": "TJE58GTJL",
        "user_profile": {
            "avatar_hash": "6ac00fe7f7de",
            "image_72": "https:\/\/avatars.slack-edge.com\/2022-04-15\/3395185200147_6ac00fe7f7de679b0f41_72.jpg",
            "first_name": "Johelski",
            "real_name": "Johelski",
            "display_name": "johelski",
            "team": "TJE58GTJL",
            "name": "ajayijohel",
            "is_restricted": false,
            "is_ultra_restricted": false
        },
        "blocks": [
            {
                "type": "rich_text",
                "block_id": "+Pz7X",
                "elements": [
                    {
                        "type": "rich_text_section",
                        "elements": [
                            {
                                "type": "user",
                                "user_id": "U02479V5KL1"
                            },
                            {
                                "type": "text",
                                "text": "\n\nI'd send you a DM now"
                            }
                        ]
                    }
                ]
            }
        ]
    },
    {
        "client_msg_id": "c3a93ead-4bb2-4cd5-847d-caf9954ed79f",
        "type": "message",
        "text": "Hi folks!\n\nFreelance writers wanted! <https:\/\/www.thewritingcompany.com|The Writing Company> is looking for talented freelancers who have 5-15 hours a week to write about finance, tech, health care and business. Our collaborative team specializes in content marketing, thought leadership and journalism. Check out <http:\/\/bit.ly\/FreelanceTWC|bit.ly\/FreelanceTWC> for details and to apply.",
        "user": "U02EA5937MM",
        "ts": "1643126083.210000",
        "team": "TJE58GTJL",
        "user_team": "TJE58GTJL",
        "source_team": "TJE58GTJL",
        "user_profile": {
            "avatar_hash": "6d7691804435",
            "image_72": "https:\/\/avatars.slack-edge.com\/2021-09-16\/2498080127413_6d7691804435af842eab_72.jpg",
            "first_name": "Lauren",
            "real_name": "Lauren Dietlin (she\/her)",
            "display_name": "Lauren Dietlin",
            "team": "TJE58GTJL",
            "name": "lauren780",
            "is_restricted": false,
            "is_ultra_restricted": false
        },
        "attachments": [
            {
                "from_url": "https:\/\/www.thewritingcompany.com\/",
                "thumb_url": "http:\/\/static1.squarespace.com\/static\/5ea9cf3b7f0326621de2e859\/t\/5f512e342330fe1973e3c50c\/1599155769424\/TWC_logo_Color.jpg?format=1500w",
                "thumb_width": 1500,
                "thumb_height": 948,
                "service_icon": "https:\/\/images.squarespace-cdn.com\/content\/v1\/5ea9cf3b7f0326621de2e859\/1588354950325-VOM60Y7FXIH1URQCBDGS\/favicon.ico?format=100w",
                "id": 1,
                "original_url": "https:\/\/www.thewritingcompany.com",
                "fallback": "The Writing Company: The Writing Company | Smart writing on complex topics",
                "text": "We write about finance, health care, tech, business, lifestyle and more. Our team creates the copy you need to help your audience navigate a complex world.",
                "title": "The Writing Company | Smart writing on complex topics",
                "title_link": "https:\/\/www.thewritingcompany.com\/",
                "service_name": "The Writing Company"
            }
        ],
        "blocks": [
            {
                "type": "rich_text",
                "block_id": "LaKSo",
                "elements": [
                    {
                        "type": "rich_text_section",
                        "elements": [
                            {
                                "type": "text",
                                "text": "Hi folks!\n\nFreelance writers wanted! "
                            },
                            {
                                "type": "link",
                                "url": "https:\/\/www.thewritingcompany.com",
                                "text": "The Writing Company"
                            },
                            {
                                "type": "text",
                                "text": " is looking for talented freelancers who have 5-15 hours a week to write about finance, tech, health care and business. Our collaborative team specializes in content marketing, thought leadership and journalism. Check out "
                            },
                            {
                                "type": "link",
                                "url": "http:\/\/bit.ly\/FreelanceTWC",
                                "text": "bit.ly\/FreelanceTWC"
                            },
                            {
                                "type": "text",
                                "text": " for details and to apply."
                            }
                        ]
                    }
                ]
            }
        ],
        "thread_ts": "1643126083.210000",
        "reply_count": 4,
        "reply_users_count": 3,
        "latest_reply": "1643208147.219000",
        "reply_users": [
            "UJJFDTN8G",
            "U02EA5937MM",
            "U02UNK76X0V"
        ],
        "replies": [
            {
                "user": "UJJFDTN8G",
                "ts": "1643126126.210200"
            },
            {
                "user": "U02EA5937MM",
                "ts": "1643126688.210500"
            },
            {
                "user": "U02UNK76X0V",
                "ts": "1643190277.218500"
            },
            {
                "user": "U02EA5937MM",
                "ts": "1643208147.219000"
            }
        ],
        "is_locked": false,
        "subscribed": false,
        "reactions": [
            {
                "name": "eyes",
                "users": [
                    "U02F1GK6U6B",
                    "U02S2UZU3D3",
                    "U02GMMQ281W",
                    "U0306LHA2MQ",
                    "U01PXN2LGAK"
                ],
                "count": 5
            },
            {
                "name": "fire",
                "users": [
                    "U01AHL8AGBB",
                    "U01NJ39M36K"
                ],
                "count": 2
            },
            {
                "name": "+1",
                "users": [
                    "U02UXMQBQ3C"
                ],
                "count": 1
            }
        ]
    },
    {
        "client_msg_id": "64754935-b7a3-477c-a250-373484d9d926",
        "type": "message",
        "text": "What kind of tech writers are you looking for? I could refer a bunch",
        "user": "UJJFDTN8G",
        "ts": "1643126126.210200",
        "team": "TJE58GTJL",
        "user_team": "TJE58GTJL",
        "source_team": "TJE58GTJL",
        "user_profile": {
            "avatar_hash": "gd91d89ae152",
            "image_72": "https:\/\/secure.gravatar.com\/avatar\/86d91d89ae1528e747f4a586668d5d87.jpg?s=72&d=https%3A%2F%2Fa.slack-edge.com%2Fdf10d%2Fimg%2Favatars%2Fava_0013-72.png",
            "first_name": "Dominic",
            "real_name": "Dominic Kent",
            "display_name": "Dom Kent",
            "team": "TJE58GTJL",
            "name": "dominic",
            "is_restricted": false,
            "is_ultra_restricted": false
        },
        "blocks": [
            {
                "type": "rich_text",
                "block_id": "T1Ql3",
                "elements": [
                    {
                        "type": "rich_text_section",
                        "elements": [
                            {
                                "type": "text",
                                "text": "What kind of tech writers are you looking for? I could refer a bunch"
                            }
                        ]
                    }
                ]
            }
        ],
        "thread_ts": "1643126083.210000",
        "parent_user_id": "U02EA5937MM"
    },
    {
        "client_msg_id": "a70acd53-3e4b-423c-85fb-9fb0365989d6",
        "type": "message",
        "text": "Thanks, <@UJJFDTN8G> We cover a range of technology-related topics for business and consumer audiences and for companies across the technology landscape:\n• Hardware and equipment makers \n• Software\/SaaS companies \n• E-commerce companies and other online businesses \n• Fintech companies \n• Aerospace companies \n• Electronic materials\/component makers \n• Tech-focused consulting and banking practices \nWe are looking for writers who can cover some of these topics and are interested in writing about the other sectors we cover as well. If you have anyone in mind, please share the job description with them. Thanks!",
        "user": "U02EA5937MM",
        "ts": "1643126688.210500",
        "team": "TJE58GTJL",
        "user_team": "TJE58GTJL",
        "source_team": "TJE58GTJL",
        "user_profile": {
            "avatar_hash": "6d7691804435",
            "image_72": "https:\/\/avatars.slack-edge.com\/2021-09-16\/2498080127413_6d7691804435af842eab_72.jpg",
            "first_name": "Lauren",
            "real_name": "Lauren Dietlin (she\/her)",
            "display_name": "Lauren Dietlin",
            "team": "TJE58GTJL",
            "name": "lauren780",
            "is_restricted": false,
            "is_ultra_restricted": false
        },
        "edited": {
            "user": "U02EA5937MM",
            "ts": "1643129118.000000"
        },
        "blocks": [
            {
                "type": "rich_text",
                "block_id": "EmY",
                "elements": [
                    {
                        "type": "rich_text_section",
                        "elements": [
                            {
                                "type": "text",
                                "text": "Thanks, "
                            },
                            {
                                "type": "user",
                                "user_id": "UJJFDTN8G"
                            },
                            {
                                "type": "text",
                                "text": " We cover a range of technology-related topics for business and consumer audiences and for companies across the technology landscape:\n"
                            }
                        ]
                    },
                    {
                        "type": "rich_text_list",
                        "elements": [
                            {
                                "type": "rich_text_section",
                                "elements": [
                                    {
                                        "type": "text",
                                        "text": "Hardware and equipment makers "
                                    }
                                ]
                            },
                            {
                                "type": "rich_text_section",
                                "elements": [
                                    {
                                        "type": "text",
                                        "text": "Software\/SaaS companies "
                                    }
                                ]
                            },
                            {
                                "type": "rich_text_section",
                                "elements": [
                                    {
                                        "type": "text",
                                        "text": "E-commerce companies and other online businesses "
                                    }
                                ]
                            },
                            {
                                "type": "rich_text_section",
                                "elements": [
                                    {
                                        "type": "text",
                                        "text": "Fintech companies "
                                    }
                                ]
                            },
                            {
                                "type": "rich_text_section",
                                "elements": [
                                    {
                                        "type": "text",
                                        "text": "Aerospace companies "
                                    }
                                ]
                            },
                            {
                                "type": "rich_text_section",
                                "elements": [
                                    {
                                        "type": "text",
                                        "text": "Electronic materials\/component makers "
                                    }
                                ]
                            },
                            {
                                "type": "rich_text_section",
                                "elements": [
                                    {
                                        "type": "text",
                                        "text": "Tech-focused consulting and banking practices "
                                    }
                                ]
                            }
                        ],
                        "style": "bullet",
                        "indent": 0,
                        "border": 0
                    },
                    {
                        "type": "rich_text_section",
                        "elements": [
                            {
                                "type": "text",
                                "text": "\nWe are looking for writers who can cover some of these topics and are interested in writing about the other sectors we cover as well. If you have anyone in mind, please share the job description with them. Thanks!"
                            }
                        ]
                    }
                ]
            }
        ],
        "thread_ts": "1643126083.210000",
        "parent_user_id": "U02EA5937MM"
    },
    {
        "client_msg_id": "99f73082-e860-493f-bf8e-8a5e487a5db2",
        "type": "message",
        "text": "Hi folks, any conversion-focused copywriters in here? Would love your feedback if so. This is a lead magnet I'm putting together for my website - a basic home page copy checklist.\n\nAnything missing? <https:\/\/docs.google.com\/spreadsheets\/d\/19Q38_pJIZS_qpZgHoBOE-2UugSBcLjE-0bTN_LyqsDQ\/edit>",
        "user": "U02UNK9DJSZ",
        "ts": "1643147178.213200",
        "team": "TJE58GTJL",
        "user_team": "TJE58GTJL",
        "source_team": "TJE58GTJL",
        "user_profile": {
            "avatar_hash": "b052c618f3df",
            "image_72": "https:\/\/avatars.slack-edge.com\/2022-01-20\/2977622180722_b052c618f3df14215512_72.jpg",
            "first_name": "Sam",
            "real_name": "Sam Grover",
            "display_name": "Sam Grover",
            "team": "TJE58GTJL",
            "name": "sam641",
            "is_restricted": false,
            "is_ultra_restricted": false
        },
        "blocks": [
            {
                "type": "rich_text",
                "block_id": "9XQNW",
                "elements": [
                    {
                        "type": "rich_text_section",
                        "elements": [
                            {
                                "type": "text",
                                "text": "Hi folks, any conversion-focused copywriters in here? Would love your feedback if so. This is a lead magnet I'm putting together for my website - a basic home page copy checklist.\n\nAnything missing? "
                            },
                            {
                                "type": "link",
                                "url": "https:\/\/docs.google.com\/spreadsheets\/d\/19Q38_pJIZS_qpZgHoBOE-2UugSBcLjE-0bTN_LyqsDQ\/edit"
                            }
                        ]
                    }
                ]
            }
        ],
        "thread_ts": "1643147178.213200",
        "reply_count": 3,
        "reply_users_count": 3,
        "latest_reply": "1643655186.070939",
        "reply_users": [
            "U02HWBZS9QC",
            "U02PA451C3B",
            "U030YK82C3C"
        ],
        "replies": [
            {
                "user": "U02HWBZS9QC",
                "ts": "1643147346.213400"
            },
            {
                "user": "U02PA451C3B",
                "ts": "1643182958.217700"
            },
            {
                "user": "U030YK82C3C",
                "ts": "1643655186.070939"
            }
        ],
        "is_locked": false,
        "subscribed": false,
        "reactions": [
            {
                "name": "+1",
                "users": [
                    "U01TB1SDD61",
                    "U0208DGLY87"
                ],
                "count": 2
            }
        ]
    },
    {
        "client_msg_id": "5478e6b5-f3c8-4299-9118-2b96885497cc",
        "type": "message",
        "text": "<@U02UNK9DJSZ> This looks good.",
        "user": "U02HWBZS9QC",
        "ts": "1643147346.213400",
        "team": "TJE58GTJL",
        "user_team": "TJE58GTJL",
        "source_team": "TJE58GTJL",
        "user_profile": {
            "avatar_hash": "cea3c2adb719",
            "image_72": "https:\/\/avatars.slack-edge.com\/2021-12-23\/2879299611220_cea3c2adb71995b8fd88_72.jpg",
            "first_name": "Ankit",
            "real_name": "Ankit Vora",
            "display_name": "",
            "team": "TJE58GTJL",
            "name": "ankitplaynody",
            "is_restricted": false,
            "is_ultra_restricted": false
        },
        "blocks": [
            {
                "type": "rich_text",
                "block_id": "woeVP",
                "elements": [
                    {
                        "type": "rich_text_section",
                        "elements": [
                            {
                                "type": "user",
                                "user_id": "U02UNK9DJSZ"
                            },
                            {
                                "type": "text",
                                "text": " This looks good."
                            }
                        ]
                    }
                ]
            }
        ],
        "thread_ts": "1643147178.213200",
        "parent_user_id": "U02UNK9DJSZ"
    },
    {
        "client_msg_id": "a8f2efc7-12ae-439e-8d37-e66697b6ba58",
        "type": "message",
        "text": "Hi <@U02SU2BECCA> I have a FT job and freelance and have 2 kids. My kids are 6 and 12 so it’s a bit easier than 5 and under. I don’t take any rush work and schedule projects ahead of time. I’m getting better at adding some extra time to my timeline for the unexpected. Still working on not working every evening.",
        "user": "U0306LHA2MQ",
        "ts": "1643157936.214700",
        "team": "TJE58GTJL",
        "user_team": "TJE58GTJL",
        "source_team": "TJE58GTJL",
        "user_profile": {
            "avatar_hash": "74d0f68c2fe0",
            "image_72": "https:\/\/avatars.slack-edge.com\/2022-01-25\/3030486926016_74d0f68c2fe0c463c0d5_72.jpg",
            "first_name": "Erlina",
            "real_name": "Erlina Vasconcellos",
            "display_name": "Erlina Vasconcellos",
            "team": "TJE58GTJL",
            "name": "erlina",
            "is_restricted": false,
            "is_ultra_restricted": false
        },
        "blocks": [
            {
                "type": "rich_text",
                "block_id": "du\/7a",
                "elements": [
                    {
                        "type": "rich_text_section",
                        "elements": [
                            {
                                "type": "text",
                                "text": "Hi "
                            },
                            {
                                "type": "user",
                                "user_id": "U02SU2BECCA"
                            },
                            {
                                "type": "text",
                                "text": " I have a FT job and freelance and have 2 kids. My kids are 6 and 12 so it’s a bit easier than 5 and under. I don’t take any rush work and schedule projects ahead of time. I’m getting better at adding some extra time to my timeline for the unexpected. Still working on not working every evening."
                            }
                        ]
                    }
                ]
            }
        ],
        "thread_ts": "1642624763.136200",
        "parent_user_id": "U02SU2BECCA",
        "reactions": [
            {
                "name": "gratitude-thank-you",
                "users": [
                    "U02SU2BECCA"
                ],
                "count": 1
            }
        ]
    },
    {
        "client_msg_id": "46ffa474-ad82-45c2-8db3-f384a119fd6b",
        "type": "message",
        "text": "Thanks for starting this thread, <@U02SU2BECCA>! I’m so amazed by all the responses here and the moms and dads that are juggling kids and two jobs.\n\nI have a FT teaching job in South Korea and manage a team of teachers in a small English academy. Over the last 2 years, my job has become more and more stressful and demanding. The only reason I’m still there (I do love it!) and running my freelancing biz part-time is because I’m not quite ready to leave Korea and need the job to secure my visa.\n\nDespite not having kids or a full-time live-in partner, I’ve still been finding it difficult to move forward and not stress out. I meet with a therapist online once a week and a few weeks ago, she said, “It sounds like you’re on the edge of burnout.” And I was.\n\nI’m still trying to figure out a normal routine where I can fit everything in and feel sane. But I think the most valuable thing I’ve done in the last few months was hire a therapist – NOT a biz coach which was the route I went previously – to help me identify where and when I need to step back and take breaks. It’s been so rewarding to pay someone to listen to me whine about things and comfort me when it’s warranted or kick me in the proverbial pants when I need to “boss up.” Finding a truly objective person has been a game changer and I know it will help me get better organized and prioritized for the rest of the year!",
        "user": "U02DC3G7MV4",
        "ts": "1643164634.215200",
        "team": "TJE58GTJL",
        "user_team": "TJE58GTJL",
        "source_team": "TJE58GTJL",
        "user_profile": {
            "avatar_hash": "5fc9600a9759",
            "image_72": "https:\/\/avatars.slack-edge.com\/2021-09-08\/2470544245235_5fc9600a9759da698407_72.png",
            "first_name": "Krissi",
            "real_name": "Krissi Driver",
            "display_name": "Krissi Driver",
            "team": "TJE58GTJL",
            "name": "krissi",
            "is_restricted": false,
            "is_ultra_restricted": false
        },
        "blocks": [
            {
                "type": "rich_text",
                "block_id": "3eE",
                "elements": [
                    {
                        "type": "rich_text_section",
                        "elements": [
                            {
                                "type": "text",
                                "text": "Thanks for starting this thread, "
                            },
                            {
                                "type": "user",
                                "user_id": "U02SU2BECCA"
                            },
                            {
                                "type": "text",
                                "text": "! I’m so amazed by all the responses here and the moms and dads that are juggling kids and two jobs.\n\nI have a FT teaching job in South Korea and manage a team of teachers in a small English academy. Over the last 2 years, my job has become more and more stressful and demanding. The only reason I’m still there (I do love it!) and running my freelancing biz part-time is because I’m not quite ready to leave Korea and need the job to secure my visa.\n\nDespite not having kids or a full-time live-in partner, I’ve still been finding it difficult to move forward and not stress out. I meet with a therapist online once a week and a few weeks ago, she said, “It sounds like you’re on the edge of burnout.” And I was.\n\nI’m still trying to figure out a normal routine where I can fit everything in and feel sane. But I think the most valuable thing I’ve done in the last few months was hire a therapist – NOT a biz coach which was the route I went previously – to help me identify where and when I need to step back and take breaks. It’s been so rewarding to pay someone to listen to me whine about things and comfort me when it’s warranted or kick me in the proverbial pants when I need to “boss up.” Finding a truly objective person has been a game changer and I know it will help me get better organized and prioritized for the rest of the year!"
                            }
                        ]
                    }
                ]
            }
        ],
        "thread_ts": "1642624763.136200",
        "parent_user_id": "U02SU2BECCA",
        "reactions": [
            {
                "name": "gratitude-thank-you",
                "users": [
                    "U02SU2BECCA",
                    "UUH2ESL66"
                ],
                "count": 2
            }
        ]
    },
    {
        "client_msg_id": "80028418-5202-4ed6-a109-603f7cde34e3",
        "type": "message",
        "text": "Hi <@U02Q2HNNY57>! I’m interested in hearing more about this project. I’ll send you a DM!",
        "user": "U02DC3G7MV4",
        "ts": "1643165122.215500",
        "team": "TJE58GTJL",
        "user_team": "TJE58GTJL",
        "source_team": "TJE58GTJL",
        "user_profile": {
            "avatar_hash": "5fc9600a9759",
            "image_72": "https:\/\/avatars.slack-edge.com\/2021-09-08\/2470544245235_5fc9600a9759da698407_72.png",
            "first_name": "Krissi",
            "real_name": "Krissi Driver",
            "display_name": "Krissi Driver",
            "team": "TJE58GTJL",
            "name": "krissi",
            "is_restricted": false,
            "is_ultra_restricted": false
        },
        "blocks": [
            {
                "type": "rich_text",
                "block_id": "4=aMG",
                "elements": [
                    {
                        "type": "rich_text_section",
                        "elements": [
                            {
                                "type": "text",
                                "text": "Hi "
                            },
                            {
                                "type": "user",
                                "user_id": "U02Q2HNNY57"
                            },
                            {
                                "type": "text",
                                "text": "! I’m interested in hearing more about this project. I’ll send you a DM!"
                            }
                        ]
                    }
                ]
            }
        ],
        "thread_ts": "1643065014.203700",
        "parent_user_id": "U02Q2HNNY57"
    },
    {
        "client_msg_id": "3d01a69e-9c2a-4319-94c9-c33305806c5e",
        "type": "message",
        "text": "Hey everyone! We're looking for an exceptional freelance copywriter for 10-20 hrs\/wk to help across digital ads, product (app\/web), and email campaigns. Will drop a quick blurb on our company in the replies. Please DM if you're interested :slightly_smiling_face:",
        "user": "U02NDC4BYM8",
        "ts": "1643165914.217000",
        "team": "TJE58GTJL",
        "user_team": "TJE58GTJL",
        "source_team": "TJE58GTJL",
        "user_profile": {
            "avatar_hash": "806e1515d75d",
            "image_72": "https:\/\/avatars.slack-edge.com\/2021-11-23\/2763679345092_806e1515d75d4d0f3e00_72.jpg",
            "first_name": "Zach",
            "real_name": "Zach Gorman",
            "display_name": "Zach Gorman",
            "team": "TJE58GTJL",
            "name": "zach",
            "is_restricted": false,
            "is_ultra_restricted": false
        },
        "blocks": [
            {
                "type": "rich_text",
                "block_id": "f+43",
                "elements": [
                    {
                        "type": "rich_text_section",
                        "elements": [
                            {
                                "type": "text",
                                "text": "Hey everyone! We're looking for an exceptional freelance copywriter for 10-20 hrs\/wk to help across digital ads, product (app\/web), and email campaigns. Will drop a quick blurb on our company in the replies. Please DM if you're interested "
                            },
                            {
                                "type": "emoji",
                                "name": "slightly_smiling_face"
                            }
                        ]
                    }
                ]
            }
        ],
        "thread_ts": "1643165914.217000",
        "reply_count": 1,
        "reply_users_count": 1,
        "latest_reply": "1643165947.217100",
        "reply_users": [
            "U02NDC4BYM8"
        ],
        "replies": [
            {
                "user": "U02NDC4BYM8",
                "ts": "1643165947.217100"
            }
        ],
        "is_locked": false,
        "subscribed": false,
        "reactions": [
            {
                "name": "raised_hands",
                "users": [
                    "U012GHRAHDK",
                    "U020EL92NBZ",
                    "U02U5183N90",
                    "U0188DZQPB8"
                ],
                "count": 4
            },
            {
                "name": "+1",
                "users": [
                    "U01TB1SDD61",
                    "U0188DZQPB8",
                    "U02UXMQBQ3C"
                ],
                "count": 3
            },
            {
                "name": "100",
                "users": [
                    "U02GMMQ281W",
                    "U0188DZQPB8"
                ],
                "count": 2
            },
            {
                "name": "partyparrot",
                "users": [
                    "U01AHL8AGBB",
                    "U0188DZQPB8"
                ],
                "count": 2
            },
            {
                "name": "raised_hands::skin-tone-2",
                "users": [
                    "U02VBUQJM8B"
                ],
                "count": 1
            }
        ]
    },
    {
        "client_msg_id": "b728d683-b5a7-4d65-a5fd-7f205a88a62b",
        "type": "message",
        "text": "ABOUT US:\n\nTorii (<https:\/\/www.toriihomes.com\/>) is a real estate tech startup building the best way to search for and buy a home. We’ve reimagined the entire process, combining breakthrough technology with exceptional talent.\n\nOur clients receive everything they need to buy a home (real estate agent, mortgage and closing services) to ensure a seamless, mind-blowing experience from the moment they start their search with us, until after they move in, and beyond.",
        "user": "U02NDC4BYM8",
        "ts": "1643165947.217100",
        "team": "TJE58GTJL",
        "user_team": "TJE58GTJL",
        "source_team": "TJE58GTJL",
        "user_profile": {
            "avatar_hash": "806e1515d75d",
            "image_72": "https:\/\/avatars.slack-edge.com\/2021-11-23\/2763679345092_806e1515d75d4d0f3e00_72.jpg",
            "first_name": "Zach",
            "real_name": "Zach Gorman",
            "display_name": "Zach Gorman",
            "team": "TJE58GTJL",
            "name": "zach",
            "is_restricted": false,
            "is_ultra_restricted": false
        },
        "edited": {
            "user": "U02NDC4BYM8",
            "ts": "1643165966.000000"
        },
        "attachments": [
            {
                "from_url": "https:\/\/www.toriihomes.com\/",
                "service_icon": "https:\/\/www.toriihomes.com\/static\/img\/touch-icon-120.png",
                "id": 1,
                "original_url": "https:\/\/www.toriihomes.com\/",
                "fallback": "Torii Homes: Exceptional customer service meets cutting edge tech for seamless, personalized, and stress-free home buying.",
                "text": "We’ll help you find and buy a home. And blow your mind while we do it.",
                "title": "Torii Homes: Exceptional customer service meets cutting edge tech for seamless, personalized, and stress-free home buying.",
                "title_link": "https:\/\/www.toriihomes.com\/",
                "service_name": "toriihomes.com"
            }
        ],
        "blocks": [
            {
                "type": "rich_text",
                "block_id": "LSua8",
                "elements": [
                    {
                        "type": "rich_text_section",
                        "elements": [
                            {
                                "type": "text",
                                "text": "ABOUT US:\n\nTorii ("
                            },
                            {
                                "type": "link",
                                "url": "https:\/\/www.toriihomes.com\/"
                            },
                            {
                                "type": "text",
                                "text": ") is a real estate tech startup building the best way to search for and buy a home. We’ve reimagined the entire process, combining breakthrough technology with exceptional talent.\n\nOur clients receive everything they need to buy a home (real estate agent, mortgage and closing services) to ensure a seamless, mind-blowing experience from the moment they start their search with us, until after they move in, and beyond."
                            }
                        ]
                    }
                ]
            }
        ],
        "thread_ts": "1643165914.217000",
        "parent_user_id": "U02NDC4BYM8"
    },
    {
        "client_msg_id": "8121d419-e315-4ab6-8e58-3dc121491a2f",
        "type": "message",
        "text": "I love how you broke it down. Brings a lot of clarity when writing the copy.",
        "user": "U02PA451C3B",
        "ts": "1643182958.217700",
        "team": "TJE58GTJL",
        "user_team": "TJE58GTJL",
        "source_team": "TJE58GTJL",
        "user_profile": {
            "avatar_hash": "b537e61283c9",
            "image_72": "https:\/\/avatars.slack-edge.com\/2021-11-29\/2764910798855_b537e61283c91a8b8471_72.jpg",
            "first_name": "Keli",
            "real_name": "Keli Oliseh",
            "display_name": "Keli",
            "team": "TJE58GTJL",
            "name": "olisehkeli",
            "is_restricted": false,
            "is_ultra_restricted": false
        },
        "blocks": [
            {
                "type": "rich_text",
                "block_id": "bxu40",
                "elements": [
                    {
                        "type": "rich_text_section",
                        "elements": [
                            {
                                "type": "text",
                                "text": "I love how you broke it down. Brings a lot of clarity when writing the copy."
                            }
                        ]
                    }
                ]
            }
        ],
        "thread_ts": "1643147178.213200",
        "parent_user_id": "U02UNK9DJSZ"
    }
]