[
    {
        "client_msg_id": "a20a3ad0-542f-4e8b-8078-dcdc3f6ea024",
        "type": "message",
        "text": "I think you've nailed it here. I'm passionate about this and love white space. My most frequent feedback to new writers is exactly this.\n\nHave a read of #4 - #7 in my guest post guidelines: <https:\/\/medium.com\/the-message-io-dispatch\/guest-post-guidelines-for-dispatch-57688123df62>",
        "user": "UJJFDTN8G",
        "ts": "1644912030.117879",
        "team": "TJE58GTJL",
        "user_team": "TJE58GTJL",
        "source_team": "TJE58GTJL",
        "user_profile": {
            "avatar_hash": "gd91d89ae152",
            "image_72": "https:\/\/secure.gravatar.com\/avatar\/86d91d89ae1528e747f4a586668d5d87.jpg?s=72&d=https%3A%2F%2Fa.slack-edge.com%2Fdf10d%2Fimg%2Favatars%2Fava_0013-72.png",
            "first_name": "Dominic",
            "real_name": "Dominic Kent",
            "display_name": "Dom Kent",
            "team": "TJE58GTJL",
            "name": "dominic",
            "is_restricted": false,
            "is_ultra_restricted": false
        },
        "attachments": [
            {
                "from_url": "https:\/\/medium.com\/the-message-io-dispatch\/guest-post-guidelines-for-dispatch-57688123df62",
                "ts": 1635847230,
                "image_url": "https:\/\/miro.medium.com\/max\/1051\/1*aHIM13EtiHRa_ndDMBUebg.png",
                "image_width": 378,
                "image_height": 250,
                "image_bytes": 61490,
                "service_icon": "https:\/\/miro.medium.com\/fit\/c\/152\/152\/1*sHhtYhaCe2Uc3IU0IgKwIQ.png",
                "id": 1,
                "original_url": "https:\/\/medium.com\/the-message-io-dispatch\/guest-post-guidelines-for-dispatch-57688123df62",
                "fallback": "Medium: Guest Post Guidelines for Dispatch",
                "text": "If you’d like to write for Mio’s publication, Dispatch, we’ve compiled our guest post guidelines below.",
                "title": "Guest Post Guidelines for Dispatch",
                "title_link": "https:\/\/medium.com\/the-message-io-dispatch\/guest-post-guidelines-for-dispatch-57688123df62",
                "service_name": "Medium",
                "fields": [
                    {
                        "value": "4 min read",
                        "title": "Reading time",
                        "short": true
                    }
                ]
            }
        ],
        "blocks": [
            {
                "type": "rich_text",
                "block_id": "TtX",
                "elements": [
                    {
                        "type": "rich_text_section",
                        "elements": [
                            {
                                "type": "text",
                                "text": "I think you've nailed it here. I'm passionate about this and love white space. My most frequent feedback to new writers is exactly this.\n\nHave a read of #4 - #7 in my guest post guidelines: "
                            },
                            {
                                "type": "link",
                                "url": "https:\/\/medium.com\/the-message-io-dispatch\/guest-post-guidelines-for-dispatch-57688123df62"
                            }
                        ]
                    }
                ]
            }
        ],
        "thread_ts": "1644908367.030599",
        "parent_user_id": "U031H7YAB7S",
        "reactions": [
            {
                "name": "raised_hands",
                "users": [
                    "U031FGHH00M",
                    "U031H7YAB7S",
                    "U02F1GK6U6B"
                ],
                "count": 3
            }
        ]
    },
    {
        "client_msg_id": "3816D965-2F5B-4ECC-8DD4-3598C755C26A",
        "type": "message",
        "text": "Aside from everything else you mentioned, I try to add tables as well, wherever possible. :slightly_smiling_face: ",
        "user": "U031FGHH00M",
        "ts": "1644916704.779849",
        "team": "TJE58GTJL",
        "user_team": "TJE58GTJL",
        "source_team": "TJE58GTJL",
        "user_profile": {
            "avatar_hash": "ad3f1421a1e5",
            "image_72": "https:\/\/avatars.slack-edge.com\/2022-02-03\/3052804378946_ad3f1421a1e57c7a997e_72.png",
            "first_name": "Deepti",
            "real_name": "Deepti Jain",
            "display_name": "",
            "team": "TJE58GTJL",
            "name": "deeptijain445",
            "is_restricted": false,
            "is_ultra_restricted": false
        },
        "blocks": [
            {
                "type": "rich_text",
                "block_id": "4joO",
                "elements": [
                    {
                        "type": "rich_text_section",
                        "elements": [
                            {
                                "type": "text",
                                "text": "Aside from everything else you mentioned, I try to add tables as well, wherever possible. "
                            },
                            {
                                "type": "emoji",
                                "name": "slightly_smiling_face"
                            },
                            {
                                "type": "text",
                                "text": " "
                            }
                        ]
                    }
                ]
            }
        ],
        "thread_ts": "1644908367.030599",
        "parent_user_id": "U031H7YAB7S",
        "reactions": [
            {
                "name": "white_check_mark",
                "users": [
                    "UJJFDTN8G",
                    "U031H7YAB7S",
                    "U02L5GTFSGG",
                    "U031QSNBB6K",
                    "U031ULX8GLQ",
                    "U034YM1F5DX"
                ],
                "count": 6
            }
        ]
    },
    {
        "client_msg_id": "d763bf10-113c-4141-a366-b246c06488f5",
        "type": "message",
        "text": "Add meaningful images - so make sure the main point(a) from each section can be found in a visual format too.",
        "user": "U02GYR8TM96",
        "ts": "1644920403.757289",
        "team": "TJE58GTJL",
        "user_team": "TJE58GTJL",
        "source_team": "TJE58GTJL",
        "user_profile": {
            "avatar_hash": "f1f652ee1a88",
            "image_72": "https:\/\/avatars.slack-edge.com\/2021-10-01\/2556223130962_f1f652ee1a88d648e327_72.png",
            "first_name": "David",
            "real_name": "David Ramos",
            "display_name": "David Ramos",
            "team": "TJE58GTJL",
            "name": "david.ramos",
            "is_restricted": false,
            "is_ultra_restricted": false
        },
        "blocks": [
            {
                "type": "rich_text",
                "block_id": "uCyK",
                "elements": [
                    {
                        "type": "rich_text_section",
                        "elements": [
                            {
                                "type": "text",
                                "text": "Add meaningful images - so make sure the main point(a) from each section can be found in a visual format too."
                            }
                        ]
                    }
                ]
            }
        ],
        "thread_ts": "1644908367.030599",
        "parent_user_id": "U031H7YAB7S"
    },
    {
        "client_msg_id": "0d901473-b34a-443c-a61a-a0455cf676ca",
        "type": "message",
        "text": "Adding infographics and also outsourced quotes can adorn your content. As adding images gives that small break to the reader.",
        "user": "U02HD0L8HAP",
        "ts": "1644921734.586079",
        "team": "TJE58GTJL",
        "user_team": "TJE58GTJL",
        "source_team": "TJE58GTJL",
        "user_profile": {
            "avatar_hash": "675c42a91f65",
            "image_72": "https:\/\/avatars.slack-edge.com\/2022-01-10\/2928364816754_675c42a91f6571f4ac6b_72.jpg",
            "first_name": "Aanchal",
            "real_name": "Aanchal Parmar",
            "display_name": "Aanchal Parmar",
            "team": "TJE58GTJL",
            "name": "aanywrites",
            "is_restricted": false,
            "is_ultra_restricted": false
        },
        "blocks": [
            {
                "type": "rich_text",
                "block_id": "ptGm",
                "elements": [
                    {
                        "type": "rich_text_section",
                        "elements": [
                            {
                                "type": "text",
                                "text": "Adding infographics and also outsourced quotes can adorn your content. As adding images gives that small break to the reader."
                            }
                        ]
                    }
                ]
            }
        ],
        "thread_ts": "1644908367.030599",
        "parent_user_id": "U031H7YAB7S"
    },
    {
        "client_msg_id": "d08a6bd2-7c19-4522-852a-b7b0554df3f4",
        "type": "message",
        "text": "<@U02GYR8TM96> <@U02HD0L8HAP> Do you charge extra for the images and infographics?",
        "user": "U031H7YAB7S",
        "ts": "1644921936.098219",
        "team": "TJE58GTJL",
        "user_team": "TJE58GTJL",
        "source_team": "TJE58GTJL",
        "user_profile": {
            "avatar_hash": "f7f07b8ce12e",
            "image_72": "https:\/\/avatars.slack-edge.com\/2022-01-30\/3030117064340_f7f07b8ce12e8489b33c_72.jpg",
            "first_name": "Sanjana",
            "real_name": "Sanjana Sankhyan",
            "display_name": "Sanjana Sankhyan",
            "team": "TJE58GTJL",
            "name": "sanjanasankhyan",
            "is_restricted": false,
            "is_ultra_restricted": false
        },
        "edited": {
            "user": "U031H7YAB7S",
            "ts": "1644921946.000000"
        },
        "blocks": [
            {
                "type": "rich_text",
                "block_id": "uvdh",
                "elements": [
                    {
                        "type": "rich_text_section",
                        "elements": [
                            {
                                "type": "user",
                                "user_id": "U02GYR8TM96"
                            },
                            {
                                "type": "text",
                                "text": " "
                            },
                            {
                                "type": "user",
                                "user_id": "U02HD0L8HAP"
                            },
                            {
                                "type": "text",
                                "text": " Do you charge extra for the images and infographics?"
                            }
                        ]
                    }
                ]
            }
        ],
        "thread_ts": "1644908367.030599",
        "parent_user_id": "U031H7YAB7S"
    },
    {
        "type": "message",
        "subtype": "slackbot_response",
        "text": "Hello! Not all of our members are guys. In an effort to be more conscious of the language we use to address each other, why not try “Hey, folks,” or “Hey everyone” instead?",
        "user": "USLACKBOT",
        "ts": "1644921937.043579",
        "thread_ts": "1644908367.030599",
        "parent_user_id": "U031H7YAB7S"
    },
    {
        "client_msg_id": "2385e9f9-1074-4495-9839-9ec405026442",
        "type": "message",
        "text": "I don't create the graphics, they do but I leave clear instructions for them to create it.",
        "user": "U02HD0L8HAP",
        "ts": "1644921974.079299",
        "team": "TJE58GTJL",
        "user_team": "TJE58GTJL",
        "source_team": "TJE58GTJL",
        "user_profile": {
            "avatar_hash": "675c42a91f65",
            "image_72": "https:\/\/avatars.slack-edge.com\/2022-01-10\/2928364816754_675c42a91f6571f4ac6b_72.jpg",
            "first_name": "Aanchal",
            "real_name": "Aanchal Parmar",
            "display_name": "Aanchal Parmar",
            "team": "TJE58GTJL",
            "name": "aanywrites",
            "is_restricted": false,
            "is_ultra_restricted": false
        },
        "blocks": [
            {
                "type": "rich_text",
                "block_id": "fvAG",
                "elements": [
                    {
                        "type": "rich_text_section",
                        "elements": [
                            {
                                "type": "text",
                                "text": "I don't create the graphics, they do but I leave clear instructions for them to create it."
                            }
                        ]
                    }
                ]
            }
        ],
        "thread_ts": "1644908367.030599",
        "parent_user_id": "U031H7YAB7S"
    },
    {
        "client_msg_id": "ca7b5f62-74ad-4ef5-981a-5fe9b219149d",
        "type": "message",
        "text": "If they're not provided, then yes. I'll usually charge a multiple (2-5x) of what it cost me to hire someone on Fiverr\/Upwork to do it.",
        "user": "U02GYR8TM96",
        "ts": "1644922266.745859",
        "team": "TJE58GTJL",
        "user_team": "TJE58GTJL",
        "source_team": "TJE58GTJL",
        "user_profile": {
            "avatar_hash": "f1f652ee1a88",
            "image_72": "https:\/\/avatars.slack-edge.com\/2021-10-01\/2556223130962_f1f652ee1a88d648e327_72.png",
            "first_name": "David",
            "real_name": "David Ramos",
            "display_name": "David Ramos",
            "team": "TJE58GTJL",
            "name": "david.ramos",
            "is_restricted": false,
            "is_ultra_restricted": false
        },
        "blocks": [
            {
                "type": "rich_text",
                "block_id": "YgJ",
                "elements": [
                    {
                        "type": "rich_text_section",
                        "elements": [
                            {
                                "type": "text",
                                "text": "If they're not provided, then yes. I'll usually charge a multiple (2-5x) of what it cost me to hire someone on Fiverr\/Upwork to do it."
                            }
                        ]
                    }
                ]
            }
        ],
        "thread_ts": "1644908367.030599",
        "parent_user_id": "U031H7YAB7S"
    },
    {
        "client_msg_id": "c1f59a0e-9a00-4502-a81f-572b21059883",
        "type": "message",
        "text": "Thank you :slightly_smiling_face:",
        "user": "U031H7YAB7S",
        "ts": "1644922433.084329",
        "team": "TJE58GTJL",
        "user_team": "TJE58GTJL",
        "source_team": "TJE58GTJL",
        "user_profile": {
            "avatar_hash": "f7f07b8ce12e",
            "image_72": "https:\/\/avatars.slack-edge.com\/2022-01-30\/3030117064340_f7f07b8ce12e8489b33c_72.jpg",
            "first_name": "Sanjana",
            "real_name": "Sanjana Sankhyan",
            "display_name": "Sanjana Sankhyan",
            "team": "TJE58GTJL",
            "name": "sanjanasankhyan",
            "is_restricted": false,
            "is_ultra_restricted": false
        },
        "blocks": [
            {
                "type": "rich_text",
                "block_id": "efYJ",
                "elements": [
                    {
                        "type": "rich_text_section",
                        "elements": [
                            {
                                "type": "text",
                                "text": "Thank you "
                            },
                            {
                                "type": "emoji",
                                "name": "slightly_smiling_face"
                            }
                        ]
                    }
                ]
            }
        ],
        "thread_ts": "1644908367.030599",
        "parent_user_id": "U031H7YAB7S"
    },
    {
        "client_msg_id": "b071ca41-0a75-4775-bda8-f0d8e3af1314",
        "type": "message",
        "text": "I'd like to know more about this project. Could you send me more info\/details in a DM? Thanks",
        "user": "U0320CENNGK",
        "ts": "1644931112.111339",
        "team": "TJE58GTJL",
        "user_team": "TJE58GTJL",
        "source_team": "TJE58GTJL",
        "user_profile": {
            "avatar_hash": "5bece02b7e44",
            "image_72": "https:\/\/avatars.slack-edge.com\/2022-02-08\/3085044228433_5bece02b7e44f02efd5e_72.jpg",
            "first_name": "Odelia",
            "real_name": "Odelia",
            "display_name": "Odelia",
            "team": "TJE58GTJL",
            "name": "girlsetfree",
            "is_restricted": false,
            "is_ultra_restricted": false
        },
        "blocks": [
            {
                "type": "rich_text",
                "block_id": "yRxY",
                "elements": [
                    {
                        "type": "rich_text_section",
                        "elements": [
                            {
                                "type": "text",
                                "text": "I'd like to know more about this project. Could you send me more info\/details in a DM? Thanks"
                            }
                        ]
                    }
                ]
            }
        ],
        "thread_ts": "1644877068.883969",
        "parent_user_id": "U032V067G2J"
    },
    {
        "client_msg_id": "f4b36499-c20f-4c32-b641-9e3dd48ed319",
        "type": "message",
        "text": "One more thing to add to the above: Answer the main question(s) asked within the article (maybe in the headers) with a direct, hopefully short, one-sentence answer. That way, readers could just read that and draw value from the piece without having to go through all the details to find for what they're looking for. Hope that helps! :slightly_smiling_face:",
        "user": "U0320CENNGK",
        "ts": "1644931228.968089",
        "team": "TJE58GTJL",
        "user_team": "TJE58GTJL",
        "source_team": "TJE58GTJL",
        "user_profile": {
            "avatar_hash": "5bece02b7e44",
            "image_72": "https:\/\/avatars.slack-edge.com\/2022-02-08\/3085044228433_5bece02b7e44f02efd5e_72.jpg",
            "first_name": "Odelia",
            "real_name": "Odelia",
            "display_name": "Odelia",
            "team": "TJE58GTJL",
            "name": "girlsetfree",
            "is_restricted": false,
            "is_ultra_restricted": false
        },
        "blocks": [
            {
                "type": "rich_text",
                "block_id": "1atI",
                "elements": [
                    {
                        "type": "rich_text_section",
                        "elements": [
                            {
                                "type": "text",
                                "text": "One more thing to add to the above: Answer the main question(s) asked within the article (maybe in the headers) with a direct, hopefully short, one-sentence answer. That way, readers could just read that and draw value from the piece without having to go through all the details to find for what they're looking for. Hope that helps! "
                            },
                            {
                                "type": "emoji",
                                "name": "slightly_smiling_face"
                            }
                        ]
                    }
                ]
            }
        ],
        "thread_ts": "1644908367.030599",
        "parent_user_id": "U031H7YAB7S"
    },
    {
        "client_msg_id": "60058917-2415-4134-b436-01c0afe00c3b",
        "type": "message",
        "text": "Quote callouts and use of colour work well in combo with everything else mentioned!\n\nSometimes I'll even use a light highlight as a kind of SUPERBOLD, but only sparingly",
        "user": "U01AHL8AGBB",
        "ts": "1644937147.643759",
        "team": "TJE58GTJL",
        "user_team": "TJE58GTJL",
        "source_team": "TJE58GTJL",
        "user_profile": {
            "avatar_hash": "09eb34255d46",
            "image_72": "https:\/\/avatars.slack-edge.com\/2020-09-07\/1347887170866_09eb34255d4678a00ddc_72.png",
            "first_name": "Jordy",
            "real_name": "Jordy Fujiwara",
            "display_name": "Jordy",
            "team": "TJE58GTJL",
            "name": "jordy.fujiwara",
            "is_restricted": false,
            "is_ultra_restricted": false
        },
        "blocks": [
            {
                "type": "rich_text",
                "block_id": "DRRT",
                "elements": [
                    {
                        "type": "rich_text_section",
                        "elements": [
                            {
                                "type": "text",
                                "text": "Quote callouts and use of colour work well in combo with everything else mentioned!\n\nSometimes I'll even use a light highlight as a kind of SUPERBOLD, but only sparingly"
                            }
                        ]
                    }
                ]
            }
        ],
        "thread_ts": "1644908367.030599",
        "parent_user_id": "U031H7YAB7S",
        "reactions": [
            {
                "name": "fire",
                "users": [
                    "U031QSNBB6K",
                    "U031H7YAB7S"
                ],
                "count": 2
            }
        ]
    },
    {
        "client_msg_id": "82cb991c-e161-4cfa-b5df-0d31cff7ad74",
        "type": "message",
        "text": "Hi Mia! Sending you a DM. Thanks!",
        "user": "U02UXMQBQ3C",
        "ts": "1644938782.922939",
        "team": "TJE58GTJL",
        "user_team": "TJE58GTJL",
        "source_team": "TJE58GTJL",
        "user_profile": {
            "avatar_hash": "5969a734dab3",
            "image_72": "https:\/\/avatars.slack-edge.com\/2022-01-20\/2983889658355_5969a734dab3381b68df_72.png",
            "first_name": "Shriya",
            "real_name": "Shriya Ghate",
            "display_name": "Shriya",
            "team": "TJE58GTJL",
            "name": "shriyaghate",
            "is_restricted": false,
            "is_ultra_restricted": false
        },
        "blocks": [
            {
                "type": "rich_text",
                "block_id": "yph",
                "elements": [
                    {
                        "type": "rich_text_section",
                        "elements": [
                            {
                                "type": "text",
                                "text": "Hi Mia! Sending you a DM. Thanks!"
                            }
                        ]
                    }
                ]
            }
        ],
        "thread_ts": "1643747218.760979",
        "parent_user_id": "U030W3GU649"
    },
    {
        "client_msg_id": "797aba1f-6db3-4139-aa22-a30e2bcb8e11",
        "type": "message",
        "text": "Hi, everyone! Does anyone offer web design services or know someone who does? I have a client needing their website redone. They're in the B2B SaaS grocery industry. DM me your portfolio and email, if you're interested.",
        "user": "U02Q2HNNY57",
        "ts": "1644945080.816979",
        "team": "TJE58GTJL",
        "user_team": "TJE58GTJL",
        "source_team": "TJE58GTJL",
        "user_profile": {
            "avatar_hash": "e02f2575fca2",
            "image_72": "https:\/\/avatars.slack-edge.com\/2021-12-06\/2803051182501_e02f2575fca25cdd17b8_72.jpg",
            "first_name": "Saphia",
            "real_name": "Saphia Lanier",
            "display_name": "Saphia Lanier",
            "team": "TJE58GTJL",
            "name": "saphia",
            "is_restricted": false,
            "is_ultra_restricted": false
        },
        "blocks": [
            {
                "type": "rich_text",
                "block_id": "CjI",
                "elements": [
                    {
                        "type": "rich_text_section",
                        "elements": [
                            {
                                "type": "text",
                                "text": "Hi, everyone! Does anyone offer web design services or know someone who does? I have a client needing their website redone. They're in the B2B SaaS grocery industry. DM me your portfolio and email, if you're interested."
                            }
                        ]
                    }
                ]
            }
        ],
        "thread_ts": "1644945080.816979",
        "reply_count": 12,
        "reply_users_count": 7,
        "latest_reply": "1645179657.349969",
        "reply_users": [
            "UN227ML2H",
            "U02Q2HNNY57",
            "U02GFMRFL77",
            "U012GHRAHDK",
            "U01RHT8800N",
            "U031H7YNAPJ",
            "U02CUM2LDAN"
        ],
        "replies": [
            {
                "user": "UN227ML2H",
                "ts": "1644945124.560519"
            },
            {
                "user": "U02Q2HNNY57",
                "ts": "1644945182.362259"
            },
            {
                "user": "UN227ML2H",
                "ts": "1644945217.480349"
            },
            {
                "user": "U02Q2HNNY57",
                "ts": "1644945223.980309"
            },
            {
                "user": "U02GFMRFL77",
                "ts": "1644945246.381669"
            },
            {
                "user": "U02Q2HNNY57",
                "ts": "1644945279.046449"
            },
            {
                "user": "U012GHRAHDK",
                "ts": "1644945534.623119"
            },
            {
                "user": "U02Q2HNNY57",
                "ts": "1644945821.755399"
            },
            {
                "user": "U01RHT8800N",
                "ts": "1644976132.603769"
            },
            {
                "user": "U02Q2HNNY57",
                "ts": "1644980635.459549"
            },
            {
                "user": "U031H7YNAPJ",
                "ts": "1645083076.865679"
            },
            {
                "user": "U02CUM2LDAN",
                "ts": "1645179657.349969"
            }
        ],
        "is_locked": false,
        "subscribed": false
    },
    {
        "client_msg_id": "d4a7cd69-a3f9-4301-b1c4-8c4fe7c9f88e",
        "type": "message",
        "text": "What’s the timeline if you know? I have a friend who has availability beginning of March, but didn’t know if that might be too late of a start for your client.",
        "user": "UN227ML2H",
        "ts": "1644945124.560519",
        "team": "TJE58GTJL",
        "user_team": "TJE58GTJL",
        "source_team": "TJE58GTJL",
        "user_profile": {
            "avatar_hash": "73075d02e70f",
            "image_72": "https:\/\/avatars.slack-edge.com\/2020-09-28\/1393806804451_73075d02e70f4a4344d6_72.jpg",
            "first_name": "Whitney",
            "real_name": "Whitney Rudeseal Peet",
            "display_name": "Whitney Rudeseal Peet",
            "team": "TJE58GTJL",
            "name": "whitneyrudeseal",
            "is_restricted": false,
            "is_ultra_restricted": false
        },
        "blocks": [
            {
                "type": "rich_text",
                "block_id": "2Mw",
                "elements": [
                    {
                        "type": "rich_text_section",
                        "elements": [
                            {
                                "type": "text",
                                "text": "What’s the timeline if you know? I have a friend who has availability beginning of March, but didn’t know if that might be too late of a start for your client."
                            }
                        ]
                    }
                ]
            }
        ],
        "thread_ts": "1644945080.816979",
        "parent_user_id": "U02Q2HNNY57"
    },
    {
        "client_msg_id": "47aae029-4a3d-4e79-8e3c-e1b91be18226",
        "type": "message",
        "text": "That may work! It's not a huge rush but needs to be done, so that's fine.",
        "user": "U02Q2HNNY57",
        "ts": "1644945182.362259",
        "team": "TJE58GTJL",
        "user_team": "TJE58GTJL",
        "source_team": "TJE58GTJL",
        "user_profile": {
            "avatar_hash": "e02f2575fca2",
            "image_72": "https:\/\/avatars.slack-edge.com\/2021-12-06\/2803051182501_e02f2575fca25cdd17b8_72.jpg",
            "first_name": "Saphia",
            "real_name": "Saphia Lanier",
            "display_name": "Saphia Lanier",
            "team": "TJE58GTJL",
            "name": "saphia",
            "is_restricted": false,
            "is_ultra_restricted": false
        },
        "blocks": [
            {
                "type": "rich_text",
                "block_id": "n2q4D",
                "elements": [
                    {
                        "type": "rich_text_section",
                        "elements": [
                            {
                                "type": "text",
                                "text": "That may work! It's not a huge rush but needs to be done, so that's fine."
                            }
                        ]
                    }
                ]
            }
        ],
        "thread_ts": "1644945080.816979",
        "parent_user_id": "U02Q2HNNY57"
    },
    {
        "client_msg_id": "a1fcefad-083a-4ce3-8afd-59dfacf2ec7b",
        "type": "message",
        "text": "I’ll DM you her info!",
        "user": "UN227ML2H",
        "ts": "1644945217.480349",
        "team": "TJE58GTJL",
        "user_team": "TJE58GTJL",
        "source_team": "TJE58GTJL",
        "user_profile": {
            "avatar_hash": "73075d02e70f",
            "image_72": "https:\/\/avatars.slack-edge.com\/2020-09-28\/1393806804451_73075d02e70f4a4344d6_72.jpg",
            "first_name": "Whitney",
            "real_name": "Whitney Rudeseal Peet",
            "display_name": "Whitney Rudeseal Peet",
            "team": "TJE58GTJL",
            "name": "whitneyrudeseal",
            "is_restricted": false,
            "is_ultra_restricted": false
        },
        "blocks": [
            {
                "type": "rich_text",
                "block_id": "tnc1q",
                "elements": [
                    {
                        "type": "rich_text_section",
                        "elements": [
                            {
                                "type": "text",
                                "text": "I’ll DM you her info!"
                            }
                        ]
                    }
                ]
            }
        ],
        "thread_ts": "1644945080.816979",
        "parent_user_id": "U02Q2HNNY57"
    },
    {
        "client_msg_id": "7a47e8a6-babf-4123-adc3-ccd6cb624676",
        "type": "message",
        "text": "Thnx!",
        "user": "U02Q2HNNY57",
        "ts": "1644945223.980309",
        "team": "TJE58GTJL",
        "user_team": "TJE58GTJL",
        "source_team": "TJE58GTJL",
        "user_profile": {
            "avatar_hash": "e02f2575fca2",
            "image_72": "https:\/\/avatars.slack-edge.com\/2021-12-06\/2803051182501_e02f2575fca25cdd17b8_72.jpg",
            "first_name": "Saphia",
            "real_name": "Saphia Lanier",
            "display_name": "Saphia Lanier",
            "team": "TJE58GTJL",
            "name": "saphia",
            "is_restricted": false,
            "is_ultra_restricted": false
        },
        "blocks": [
            {
                "type": "rich_text",
                "block_id": "hYgM",
                "elements": [
                    {
                        "type": "rich_text_section",
                        "elements": [
                            {
                                "type": "text",
                                "text": "Thnx!"
                            }
                        ]
                    }
                ]
            }
        ],
        "thread_ts": "1644945080.816979",
        "parent_user_id": "U02Q2HNNY57"
    },
    {
        "client_msg_id": "ce2e85f1-a903-41e4-8c2a-dda3419a36e6",
        "type": "message",
        "text": "I could redo if it's a WordPress site.\nThanks",
        "user": "U02GFMRFL77",
        "ts": "1644945246.381669",
        "team": "TJE58GTJL",
        "user_team": "TJE58GTJL",
        "source_team": "TJE58GTJL",
        "user_profile": {
            "avatar_hash": "gd0e13ba5de1",
            "image_72": "https:\/\/secure.gravatar.com\/avatar\/d0e13ba5de1495b28b93991b50211c99.jpg?s=72&d=https%3A%2F%2Fa.slack-edge.com%2Fdf10d%2Fimg%2Favatars%2Fava_0019-72.png",
            "first_name": "Jesse",
            "real_name": "Jesse Omosehin",
            "display_name": "iamlumus",
            "team": "TJE58GTJL",
            "name": "jesseomosehin",
            "is_restricted": false,
            "is_ultra_restricted": false
        },
        "blocks": [
            {
                "type": "rich_text",
                "block_id": "\/9w8",
                "elements": [
                    {
                        "type": "rich_text_section",
                        "elements": [
                            {
                                "type": "text",
                                "text": "I could redo if it's a WordPress site.\nThanks"
                            }
                        ]
                    }
                ]
            }
        ],
        "thread_ts": "1644945080.816979",
        "parent_user_id": "U02Q2HNNY57"
    },
    {
        "client_msg_id": "5e6188d3-a0ba-483e-b3e5-6dd92de9854d",
        "type": "message",
        "text": "<@U02GFMRFL77> Hey, can you DM me your portfolio and email?",
        "user": "U02Q2HNNY57",
        "ts": "1644945279.046449",
        "team": "TJE58GTJL",
        "user_team": "TJE58GTJL",
        "source_team": "TJE58GTJL",
        "user_profile": {
            "avatar_hash": "e02f2575fca2",
            "image_72": "https:\/\/avatars.slack-edge.com\/2021-12-06\/2803051182501_e02f2575fca25cdd17b8_72.jpg",
            "first_name": "Saphia",
            "real_name": "Saphia Lanier",
            "display_name": "Saphia Lanier",
            "team": "TJE58GTJL",
            "name": "saphia",
            "is_restricted": false,
            "is_ultra_restricted": false
        },
        "blocks": [
            {
                "type": "rich_text",
                "block_id": "+xxM",
                "elements": [
                    {
                        "type": "rich_text_section",
                        "elements": [
                            {
                                "type": "user",
                                "user_id": "U02GFMRFL77"
                            },
                            {
                                "type": "text",
                                "text": " Hey, can you DM me your portfolio and email?"
                            }
                        ]
                    }
                ]
            }
        ],
        "thread_ts": "1644945080.816979",
        "parent_user_id": "U02Q2HNNY57"
    },
    {
        "client_msg_id": "63b29385-02e8-42d8-8d44-5af1c1c57d4b",
        "type": "message",
        "text": "You can ask them to chat with productized services like Designjoy, Peel or Design Pickle. They are pretty good and quite flexible.",
        "user": "U012GHRAHDK",
        "ts": "1644945534.623119",
        "team": "TJE58GTJL",
        "user_team": "TJE58GTJL",
        "source_team": "TJE58GTJL",
        "user_profile": {
            "avatar_hash": "8ba0c4534568",
            "image_72": "https:\/\/avatars.slack-edge.com\/2022-04-12\/3401585222352_8ba0c45345680ce088ab_72.jpg",
            "first_name": "Deb",
            "real_name": "Deb Mukherjee",
            "display_name": "Deb Mukherjee",
            "team": "TJE58GTJL",
            "name": "debdut94",
            "is_restricted": false,
            "is_ultra_restricted": false
        },
        "blocks": [
            {
                "type": "rich_text",
                "block_id": "5rgQB",
                "elements": [
                    {
                        "type": "rich_text_section",
                        "elements": [
                            {
                                "type": "text",
                                "text": "You can ask them to chat with productized services like Designjoy, Peel or Design Pickle. They are pretty good and quite flexible."
                            }
                        ]
                    }
                ]
            }
        ],
        "thread_ts": "1644945080.816979",
        "parent_user_id": "U02Q2HNNY57",
        "reactions": [
            {
                "name": "white_check_mark",
                "users": [
                    "U02Q2HNNY57"
                ],
                "count": 1
            }
        ]
    },
    {
        "client_msg_id": "934afbbe-a85f-4db5-be11-c39ddc83ab41",
        "type": "message",
        "text": "Thnx <@U012GHRAHDK>",
        "user": "U02Q2HNNY57",
        "ts": "1644945821.755399",
        "team": "TJE58GTJL",
        "user_team": "TJE58GTJL",
        "source_team": "TJE58GTJL",
        "user_profile": {
            "avatar_hash": "e02f2575fca2",
            "image_72": "https:\/\/avatars.slack-edge.com\/2021-12-06\/2803051182501_e02f2575fca25cdd17b8_72.jpg",
            "first_name": "Saphia",
            "real_name": "Saphia Lanier",
            "display_name": "Saphia Lanier",
            "team": "TJE58GTJL",
            "name": "saphia",
            "is_restricted": false,
            "is_ultra_restricted": false
        },
        "blocks": [
            {
                "type": "rich_text",
                "block_id": "F6poH",
                "elements": [
                    {
                        "type": "rich_text_section",
                        "elements": [
                            {
                                "type": "text",
                                "text": "Thnx "
                            },
                            {
                                "type": "user",
                                "user_id": "U012GHRAHDK"
                            }
                        ]
                    }
                ]
            }
        ],
        "thread_ts": "1644945080.816979",
        "parent_user_id": "U02Q2HNNY57",
        "reactions": [
            {
                "name": "raised_hands",
                "users": [
                    "U012GHRAHDK"
                ],
                "count": 1
            }
        ]
    },
    {
        "client_msg_id": "05f21ed3-0582-482e-8c39-94e96f747d25",
        "type": "message",
        "text": "We may not think about it in regards to scannability, but using parallel structure in headers is another good tip. When headers follow the same grammatical pattern (such as all starting with a verb), it’s easier to tell at a glance what section will be most relevant. And I’m a big proponent of pull quotes as well.",
        "user": "U0211K6LSM9",
        "ts": "1644952149.516909",
        "team": "TJE58GTJL",
        "user_team": "TJE58GTJL",
        "source_team": "TJE58GTJL",
        "user_profile": {
            "avatar_hash": "17a67a2d4c3f",
            "image_72": "https:\/\/avatars.slack-edge.com\/2021-05-11\/2047708214598_17a67a2d4c3f41527a1b_72.jpg",
            "first_name": "Sara",
            "real_name": "Sara Gates",
            "display_name": "Sara Gates",
            "team": "TJE58GTJL",
            "name": "sara858",
            "is_restricted": false,
            "is_ultra_restricted": false
        },
        "edited": {
            "user": "U0211K6LSM9",
            "ts": "1644952187.000000"
        },
        "blocks": [
            {
                "type": "rich_text",
                "block_id": "MNg",
                "elements": [
                    {
                        "type": "rich_text_section",
                        "elements": [
                            {
                                "type": "text",
                                "text": "We may not think about it in regards to scannability, but using parallel structure in headers is another good tip. When headers follow the same grammatical pattern (such as all starting with a verb), it’s easier to tell at a glance what section will be most relevant. And I’m a big proponent of pull quotes as well."
                            }
                        ]
                    }
                ]
            }
        ],
        "thread_ts": "1644908367.030599",
        "parent_user_id": "U031H7YAB7S",
        "reactions": [
            {
                "name": "raised_hands",
                "users": [
                    "U031QSNBB6K"
                ],
                "count": 1
            },
            {
                "name": "100",
                "users": [
                    "U031B8HB5FB"
                ],
                "count": 1
            }
        ]
    },
    {
        "client_msg_id": "f2ee22d8-f15e-4fb4-b988-77bc4a52ea14",
        "type": "message",
        "text": "Hello! Would love thoughts on this resource from anyone who's familiar with it. <https:\/\/www.copyandfunnelaccelerator.com\/info>",
        "user": "U02S2UZU3D3",
        "ts": "1644953165.415769",
        "team": "TJE58GTJL",
        "user_team": "TJE58GTJL",
        "source_team": "TJE58GTJL",
        "user_profile": {
            "avatar_hash": "a8ea5d586528",
            "image_72": "https:\/\/avatars.slack-edge.com\/2021-12-28\/2914047553904_a8ea5d5865287bb07a74_72.jpg",
            "first_name": "Amanda",
            "real_name": "Amanda Hoyer",
            "display_name": "Amanda Hoyer",
            "team": "TJE58GTJL",
            "name": "amandahoyer2",
            "is_restricted": false,
            "is_ultra_restricted": false
        },
        "attachments": [
            {
                "from_url": "https:\/\/www.copyandfunnelaccelerator.com\/info",
                "service_icon": "http:\/\/www.copyandfunnelaccelerator.com\/hosted\/images\/4a\/4e41969d974c268aa795e13978262c\/icon-logo-orange-tranparant-background.png",
                "id": 1,
                "original_url": "https:\/\/www.copyandfunnelaccelerator.com\/info",
                "fallback": "Copy &amp; Funnel Accelerator",
                "text": "Two Of The World’s Best Copywriters Show You The Step-by-Step System Responsible For Over $500MM In Sales",
                "title": "Copy &amp; Funnel Accelerator",
                "title_link": "https:\/\/www.copyandfunnelaccelerator.com\/info",
                "service_name": "copyandfunnelaccelerator.com"
            }
        ],
        "blocks": [
            {
                "type": "rich_text",
                "block_id": "ik5K5",
                "elements": [
                    {
                        "type": "rich_text_section",
                        "elements": [
                            {
                                "type": "text",
                                "text": "Hello! Would love thoughts on this resource from anyone who's familiar with it. "
                            },
                            {
                                "type": "link",
                                "url": "https:\/\/www.copyandfunnelaccelerator.com\/info"
                            }
                        ]
                    }
                ]
            }
        ],
        "reactions": [
            {
                "name": "eyes",
                "users": [
                    "U01GWU4JWE4",
                    "U03330MFEN4"
                ],
                "count": 2
            },
            {
                "name": "+1::skin-tone-2",
                "users": [
                    "U031BTQNH1R"
                ],
                "count": 1
            }
        ]
    },
    {
        "client_msg_id": "b3a1a3eb-6360-4755-a801-c1d183ad5bea",
        "type": "message",
        "text": "Hey freelance folks. I need to estimate hours for a video project. It requires a freelancer to write 5 min scripts for 6 different videos. Does anyone have an average breakdown for how they'd look at this project? No research required and each script will be about 750 words. I want to make sure I'm paying our freelancer fairly and also giving them a fair timeframe",
        "user": "U03048654PL",
        "ts": "1644960289.803389",
        "team": "TJE58GTJL",
        "user_team": "TJE58GTJL",
        "source_team": "TJE58GTJL",
        "user_profile": {
            "avatar_hash": "79b4451d4ee7",
            "image_72": "https:\/\/avatars.slack-edge.com\/2022-01-25\/2997705306310_79b4451d4ee7b5dce255_72.jpg",
            "first_name": "Matt",
            "real_name": "Matt Kreisher",
            "display_name": "Matt Kreisher",
            "team": "TJE58GTJL",
            "name": "mkreisher",
            "is_restricted": false,
            "is_ultra_restricted": false
        },
        "blocks": [
            {
                "type": "rich_text",
                "block_id": "sPJR",
                "elements": [
                    {
                        "type": "rich_text_section",
                        "elements": [
                            {
                                "type": "text",
                                "text": "Hey freelance folks. I need to estimate hours for a video project. It requires a freelancer to write 5 min scripts for 6 different videos. Does anyone have an average breakdown for how they'd look at this project? No research required and each script will be about 750 words. I want to make sure I'm paying our freelancer fairly and also giving them a fair timeframe"
                            }
                        ]
                    }
                ]
            }
        ]
    },
    {
        "client_msg_id": "48335b77-42fd-4d01-af6c-eace8ec7553a",
        "type": "message",
        "text": "Hey everyone:wave::skin-tone-5:\n\nI'm currently considering reviewing my payment terms with a new client. We had a short chat yesterday on Zoom and we agreed to a paid test project first to see if we're a great fit. Before, I usually work on a project and get 100% payment once I'm done. However, I plan to at least get 50% upfront before I start working.\n\nCurious to know which payment terms have the best work for you as a freelancer? Has any client pushed back when you ask for part payment before you start a project?\n\nWould love to hear from you:slightly_smiling_face:",
        "user": "UUVRK10QG",
        "ts": "1644960891.936459",
        "team": "TJE58GTJL",
        "user_team": "TJE58GTJL",
        "source_team": "TJE58GTJL",
        "user_profile": {
            "avatar_hash": "4ffef16a9259",
            "image_72": "https:\/\/avatars.slack-edge.com\/2022-02-18\/3109627660935_4ffef16a925938854d49_72.png",
            "first_name": "Femi",
            "real_name": "Femi Oyelola",
            "display_name": "",
            "team": "TJE58GTJL",
            "name": "oluwafemiwrites",
            "is_restricted": false,
            "is_ultra_restricted": false
        },
        "blocks": [
            {
                "type": "rich_text",
                "block_id": "vWvB",
                "elements": [
                    {
                        "type": "rich_text_section",
                        "elements": [
                            {
                                "type": "text",
                                "text": "Hey everyone"
                            },
                            {
                                "type": "emoji",
                                "name": "wave",
                                "skin_tone": 5
                            },
                            {
                                "type": "text",
                                "text": "\n\nI'm currently considering reviewing my payment terms with a new client. We had a short chat yesterday on Zoom and we agreed to a paid test project first to see if we're a great fit. Before, I usually work on a project and get 100% payment once I'm done. However, I plan to at least get 50% upfront before I start working.\n\nCurious to know which payment terms have the best work for you as a freelancer? Has any client pushed back when you ask for part payment before you start a project?\n\nWould love to hear from you"
                            },
                            {
                                "type": "emoji",
                                "name": "slightly_smiling_face"
                            }
                        ]
                    }
                ]
            }
        ],
        "thread_ts": "1644960891.936459",
        "reply_count": 8,
        "reply_users_count": 8,
        "latest_reply": "1645625268.228219",
        "reply_users": [
            "U02AR2XSN1M",
            "U0322J0GUF7",
            "U02SU2BECCA",
            "UUVRK10QG",
            "U033EF4909G",
            "U025H70LG86",
            "U02RR9PBH0Q",
            "U029WCJ1ZAL"
        ],
        "replies": [
            {
                "user": "U02AR2XSN1M",
                "ts": "1644962663.939059"
            },
            {
                "user": "U0322J0GUF7",
                "ts": "1644964385.286229"
            },
            {
                "user": "U02SU2BECCA",
                "ts": "1645020169.982259"
            },
            {
                "user": "UUVRK10QG",
                "ts": "1645139227.894579"
            },
            {
                "user": "U033EF4909G",
                "ts": "1645144336.092239"
            },
            {
                "user": "U025H70LG86",
                "ts": "1645164627.586119"
            },
            {
                "user": "U02RR9PBH0Q",
                "ts": "1645530860.383769"
            },
            {
                "user": "U029WCJ1ZAL",
                "ts": "1645625268.228219"
            }
        ],
        "is_locked": false,
        "subscribed": false
    },
    {
        "client_msg_id": "0937a670-588e-4463-9516-10aae6155bfe",
        "type": "message",
        "text": "Following :slightly_smiling_face:\nI've never actually asked for upfront payment, I'm like you Femi and finish the job before invoicing. If its a regular gig like a few blog posts per month, I'll invoice on the 1st for the previous months work",
        "user": "U02AR2XSN1M",
        "ts": "1644962663.939059",
        "team": "TJE58GTJL",
        "user_team": "TJE58GTJL",
        "source_team": "TJE58GTJL",
        "user_profile": {
            "avatar_hash": "b0fa34c3f8f5",
            "image_72": "https:\/\/avatars.slack-edge.com\/2021-08-16\/2368450553975_b0fa34c3f8f5e02f6b43_72.jpg",
            "first_name": "Leonie",
            "real_name": "Leonie Waldron",
            "display_name": "Leonie Waldron",
            "team": "TJE58GTJL",
            "name": "leonie",
            "is_restricted": false,
            "is_ultra_restricted": false
        },
        "blocks": [
            {
                "type": "rich_text",
                "block_id": "fkK",
                "elements": [
                    {
                        "type": "rich_text_section",
                        "elements": [
                            {
                                "type": "text",
                                "text": "Following "
                            },
                            {
                                "type": "emoji",
                                "name": "slightly_smiling_face"
                            },
                            {
                                "type": "text",
                                "text": "\nI've never actually asked for upfront payment, I'm like you Femi and finish the job before invoicing. If its a regular gig like a few blog posts per month, I'll invoice on the 1st for the previous months work"
                            }
                        ]
                    }
                ]
            }
        ],
        "thread_ts": "1644960891.936459",
        "parent_user_id": "UUVRK10QG",
        "reactions": [
            {
                "name": "+1::skin-tone-5",
                "users": [
                    "UUVRK10QG"
                ],
                "count": 1
            }
        ]
    },
    {
        "client_msg_id": "f0400c00-069c-4e64-b6ec-d29a9020b87d",
        "type": "message",
        "text": "<@U030Y8U92UW> is writing a post based on the responses to <https:\/\/twitter.com\/jimmy_daly\/status\/1488169957267582981|this tweet>. if you'd like to weigh in, you can DM her and\/or fill out this quick survey → <https:\/\/docs.google.com\/forms\/d\/e\/1FAIpQLScKIMEOIipoN5OyHm4kQVOnQzwecMzBdW0AYWASxcuvdSCfBw\/viewform>",
        "user": "UJG9WTEKG",
        "ts": "1644963629.604559",
        "team": "TJE58GTJL",
        "user_team": "TJE58GTJL",
        "source_team": "TJE58GTJL",
        "user_profile": {
            "avatar_hash": "gc25b94e6ebf",
            "image_72": "https:\/\/secure.gravatar.com\/avatar\/eec25b94e6ebf55f0b7933372344cd09.jpg?s=72&d=https%3A%2F%2Fa.slack-edge.com%2Fdf10d%2Fimg%2Favatars%2Fava_0001-72.png",
            "first_name": "Jimmy",
            "real_name": "Jimmy Daly",
            "display_name": "",
            "team": "TJE58GTJL",
            "name": "runjimdaly",
            "is_restricted": false,
            "is_ultra_restricted": false
        },
        "attachments": [
            {
                "from_url": "https:\/\/twitter.com\/jimmy_daly\/status\/1488169957267582981",
                "ts": 1643642341,
                "id": 1,
                "original_url": "https:\/\/twitter.com\/jimmy_daly\/status\/1488169957267582981",
                "fallback": "<https:\/\/twitter.com\/jimmy_daly|@jimmy_daly>: looking to chat with a few freelancers who went back to a 9-5. feel free to respond below or DM.",
                "text": "looking to chat with a few freelancers who went back to a 9-5. feel free to respond below or DM.",
                "author_name": "Jimmy Daly",
                "author_link": "https:\/\/twitter.com\/jimmy_daly\/status\/1488169957267582981",
                "author_icon": "https:\/\/pbs.twimg.com\/profile_images\/378800000503346482\/31eaf18c61c3c1000962e32e7fa652c4_normal.jpeg",
                "author_subname": "@jimmy_daly",
                "service_name": "twitter",
                "service_url": "https:\/\/twitter.com\/",
                "footer": "Twitter",
                "footer_icon": "https:\/\/a.slack-edge.com\/80588\/img\/services\/twitter_pixel_snapped_32.png"
            }
        ],
        "blocks": [
            {
                "type": "rich_text",
                "block_id": "ywET7",
                "elements": [
                    {
                        "type": "rich_text_section",
                        "elements": [
                            {
                                "type": "user",
                                "user_id": "U030Y8U92UW"
                            },
                            {
                                "type": "text",
                                "text": " is writing a post based on the responses to "
                            },
                            {
                                "type": "link",
                                "url": "https:\/\/twitter.com\/jimmy_daly\/status\/1488169957267582981",
                                "text": "this tweet"
                            },
                            {
                                "type": "text",
                                "text": ". if you'd like to weigh in, you can DM her and\/or fill out this quick survey → "
                            },
                            {
                                "type": "link",
                                "url": "https:\/\/docs.google.com\/forms\/d\/e\/1FAIpQLScKIMEOIipoN5OyHm4kQVOnQzwecMzBdW0AYWASxcuvdSCfBw\/viewform"
                            }
                        ]
                    }
                ]
            }
        ],
        "reactions": [
            {
                "name": "eyes",
                "users": [
                    "U030Y8U92UW",
                    "U01J85VRKF1"
                ],
                "count": 2
            }
        ]
    },
    {
        "client_msg_id": "62e122b5-a29b-4411-bf11-5400c7b1bcad",
        "type": "message",
        "text": "I just switched to asking for 1\/3 of the cost upfront on one-off projects. I haven't had any push back. They'd get the same (or more) from an agency. I think it's pretty customary. It also gives them some skin in the game to make sure you're both happy with the end product.",
        "user": "U0322J0GUF7",
        "ts": "1644964385.286229",
        "team": "TJE58GTJL",
        "user_team": "TJE58GTJL",
        "source_team": "TJE58GTJL",
        "user_profile": {
            "avatar_hash": "87af9ef77d69",
            "image_72": "https:\/\/avatars.slack-edge.com\/2022-02-08\/3076045712292_87af9ef77d690b38a193_72.jpg",
            "first_name": "Andrew",
            "real_name": "Andrew Adams",
            "display_name": "Andrew Adams",
            "team": "TJE58GTJL",
            "name": "andrew614",
            "is_restricted": false,
            "is_ultra_restricted": false
        },
        "blocks": [
            {
                "type": "rich_text",
                "block_id": "vWWvg",
                "elements": [
                    {
                        "type": "rich_text_section",
                        "elements": [
                            {
                                "type": "text",
                                "text": "I just switched to asking for 1\/3 of the cost upfront on one-off projects. I haven't had any push back. They'd get the same (or more) from an agency. I think it's pretty customary. It also gives them some skin in the game to make sure you're both happy with the end product."
                            }
                        ]
                    }
                ]
            }
        ],
        "thread_ts": "1644960891.936459",
        "parent_user_id": "UUVRK10QG",
        "reactions": [
            {
                "name": "+1::skin-tone-5",
                "users": [
                    "UUVRK10QG"
                ],
                "count": 1
            }
        ]
    },
    {
        "client_msg_id": "d46147cf-97f8-40ba-a5a9-adce9480a36a",
        "type": "message",
        "text": "Hi, everyone! I'm looking for a freelancer to create a short animated video. Does anyone do this type of work, and have past examples they can share with me? Thanks so much!",
        "user": "U02NXETNKUJ",
        "ts": "1644969534.729579",
        "team": "TJE58GTJL",
        "user_team": "TJE58GTJL",
        "source_team": "TJE58GTJL",
        "user_profile": {
            "avatar_hash": "9bc7d805fe79",
            "image_72": "https:\/\/avatars.slack-edge.com\/2021-12-21\/2867417769301_9bc7d805fe796a81fbcd_72.jpg",
            "first_name": "Janelle",
            "real_name": "Janelle Glover",
            "display_name": "Janelle Glover",
            "team": "TJE58GTJL",
            "name": "janelle",
            "is_restricted": false,
            "is_ultra_restricted": false
        },
        "blocks": [
            {
                "type": "rich_text",
                "block_id": "CDFxL",
                "elements": [
                    {
                        "type": "rich_text_section",
                        "elements": [
                            {
                                "type": "text",
                                "text": "Hi, everyone! I'm looking for a freelancer to create a short animated video. Does anyone do this type of work, and have past examples they can share with me? Thanks so much!"
                            }
                        ]
                    }
                ]
            }
        ],
        "thread_ts": "1644969534.729579",
        "reply_count": 5,
        "reply_users_count": 4,
        "latest_reply": "1645179389.672899",
        "reply_users": [
            "U02HD0L8HAP",
            "U031ULX8GLQ",
            "U02NXETNKUJ",
            "U02CUM2LDAN"
        ],
        "replies": [
            {
                "user": "U02HD0L8HAP",
                "ts": "1644986277.896759"
            },
            {
                "user": "U031ULX8GLQ",
                "ts": "1644993287.786919"
            },
            {
                "user": "U02NXETNKUJ",
                "ts": "1645031867.233259"
            },
            {
                "user": "U031ULX8GLQ",
                "ts": "1645039840.617879"
            },
            {
                "user": "U02CUM2LDAN",
                "ts": "1645179389.672899"
            }
        ],
        "is_locked": false,
        "subscribed": false
    },
    {
        "client_msg_id": "2746DA33-3258-4192-B6C8-DBC6565BD0BF",
        "type": "message",
        "text": "Hey Saphia I have some availability and I specialize in b2b SaaS! You can find my portfolio at <https:\/\/puddlea.com|https:\/\/puddlea.com>",
        "user": "U01RHT8800N",
        "ts": "1644976132.603769",
        "team": "TJE58GTJL",
        "user_team": "TJE58GTJL",
        "source_team": "TJE58GTJL",
        "user_profile": {
            "avatar_hash": "351f898be38f",
            "image_72": "https:\/\/avatars.slack-edge.com\/2021-03-18\/1874720693426_351f898be38f3e5a6753_72.png",
            "first_name": "mekkie",
            "real_name": "mekkie",
            "display_name": "mekkie",
            "team": "TJE58GTJL",
            "name": "mehakbansil",
            "is_restricted": false,
            "is_ultra_restricted": false
        },
        "edited": {
            "user": "U01RHT8800N",
            "ts": "1644976163.000000"
        },
        "attachments": [
            {
                "from_url": "https:\/\/puddlea.com\/",
                "image_url": "https:\/\/uploads-ssl.webflow.com\/5fbdb8892cc28d7932c10df4\/6049218c75e3c04fc4e16005_Untitled%204.jpg",
                "image_width": 250,
                "image_height": 250,
                "image_bytes": 60113,
                "id": 1,
                "original_url": "https:\/\/puddlea.com",
                "fallback": "PUDDLEA | the art and design of mekkie bansil",
                "text": "Mekkie Bansil is a San Francisco-based artist and designer with a penchant for copy. See how she uses her skills to help scrappy startups get more leads and inspire starry-eyed dreamers with magical paintings",
                "title": "PUDDLEA | the art and design of mekkie bansil",
                "title_link": "https:\/\/puddlea.com\/",
                "service_name": "puddlea.com"
            }
        ],
        "blocks": [
            {
                "type": "rich_text",
                "block_id": "wfy",
                "elements": [
                    {
                        "type": "rich_text_section",
                        "elements": [
                            {
                                "type": "text",
                                "text": "Hey Saphia I have some availability and I specialize in b2b SaaS! You can find my portfolio at "
                            },
                            {
                                "type": "link",
                                "url": "https:\/\/puddlea.com",
                                "text": "https:\/\/puddlea.com"
                            }
                        ]
                    }
                ]
            }
        ],
        "thread_ts": "1644945080.816979",
        "parent_user_id": "U02Q2HNNY57",
        "reactions": [
            {
                "name": "100",
                "users": [
                    "U02Q2HNNY57"
                ],
                "count": 1
            }
        ]
    },
    {
        "client_msg_id": "E2C564E3-8063-4044-B90B-BA8A135BE6F2",
        "type": "message",
        "text": "Are they also looking for designers for their white papers?",
        "user": "U01RHT8800N",
        "ts": "1644976350.024069",
        "team": "TJE58GTJL",
        "user_team": "TJE58GTJL",
        "source_team": "TJE58GTJL",
        "user_profile": {
            "avatar_hash": "351f898be38f",
            "image_72": "https:\/\/avatars.slack-edge.com\/2021-03-18\/1874720693426_351f898be38f3e5a6753_72.png",
            "first_name": "mekkie",
            "real_name": "mekkie",
            "display_name": "mekkie",
            "team": "TJE58GTJL",
            "name": "mehakbansil",
            "is_restricted": false,
            "is_ultra_restricted": false
        },
        "blocks": [
            {
                "type": "rich_text",
                "block_id": "o0=",
                "elements": [
                    {
                        "type": "rich_text_section",
                        "elements": [
                            {
                                "type": "text",
                                "text": "Are they also looking for designers for their white papers?"
                            }
                        ]
                    }
                ]
            }
        ],
        "thread_ts": "1644503888.290409",
        "parent_user_id": "U0231C2LYNM"
    },
    {
        "client_msg_id": "da9623e5-e10c-4543-aff2-05e62f98bd81",
        "type": "message",
        "text": "Thnx! <@U01RHT8800N>",
        "user": "U02Q2HNNY57",
        "ts": "1644980635.459549",
        "team": "TJE58GTJL",
        "user_team": "TJE58GTJL",
        "source_team": "TJE58GTJL",
        "user_profile": {
            "avatar_hash": "e02f2575fca2",
            "image_72": "https:\/\/avatars.slack-edge.com\/2021-12-06\/2803051182501_e02f2575fca25cdd17b8_72.jpg",
            "first_name": "Saphia",
            "real_name": "Saphia Lanier",
            "display_name": "Saphia Lanier",
            "team": "TJE58GTJL",
            "name": "saphia",
            "is_restricted": false,
            "is_ultra_restricted": false
        },
        "blocks": [
            {
                "type": "rich_text",
                "block_id": "v5O8p",
                "elements": [
                    {
                        "type": "rich_text_section",
                        "elements": [
                            {
                                "type": "text",
                                "text": "Thnx! "
                            },
                            {
                                "type": "user",
                                "user_id": "U01RHT8800N"
                            }
                        ]
                    }
                ]
            }
        ],
        "thread_ts": "1644945080.816979",
        "parent_user_id": "U02Q2HNNY57",
        "reactions": [
            {
                "name": "heart",
                "users": [
                    "U01RHT8800N"
                ],
                "count": 1
            }
        ]
    },
    {
        "client_msg_id": "439d8552-6b64-4936-9cef-65d952c32538",
        "type": "message",
        "text": "<@U02JUM9D18R> can help you with the needs <@U02NXETNKUJ>",
        "user": "U02HD0L8HAP",
        "ts": "1644986277.896759",
        "team": "TJE58GTJL",
        "user_team": "TJE58GTJL",
        "source_team": "TJE58GTJL",
        "user_profile": {
            "avatar_hash": "675c42a91f65",
            "image_72": "https:\/\/avatars.slack-edge.com\/2022-01-10\/2928364816754_675c42a91f6571f4ac6b_72.jpg",
            "first_name": "Aanchal",
            "real_name": "Aanchal Parmar",
            "display_name": "Aanchal Parmar",
            "team": "TJE58GTJL",
            "name": "aanywrites",
            "is_restricted": false,
            "is_ultra_restricted": false
        },
        "blocks": [
            {
                "type": "rich_text",
                "block_id": "GCQ",
                "elements": [
                    {
                        "type": "rich_text_section",
                        "elements": [
                            {
                                "type": "user",
                                "user_id": "U02JUM9D18R"
                            },
                            {
                                "type": "text",
                                "text": " can help you with the needs "
                            },
                            {
                                "type": "user",
                                "user_id": "U02NXETNKUJ"
                            }
                        ]
                    }
                ]
            }
        ],
        "thread_ts": "1644969534.729579",
        "parent_user_id": "U02NXETNKUJ"
    },
    {
        "client_msg_id": "55ac0db6-83cf-45c6-8a63-ff6958374060",
        "type": "message",
        "text": "Hey Janelle, I can make whiteboard animation videos. Do you want to see a sample?",
        "user": "U031ULX8GLQ",
        "ts": "1644993287.786919",
        "team": "TJE58GTJL",
        "user_team": "TJE58GTJL",
        "source_team": "TJE58GTJL",
        "user_profile": {
            "avatar_hash": "ddc2537b7469",
            "image_72": "https:\/\/avatars.slack-edge.com\/2022-02-22\/3141794176274_ddc2537b7469916c2394_72.jpg",
            "first_name": "Shubham",
            "real_name": "Shubham Singh",
            "display_name": "Shubham Singh",
            "team": "TJE58GTJL",
            "name": "shubhamsinghwrites",
            "is_restricted": false,
            "is_ultra_restricted": false
        },
        "blocks": [
            {
                "type": "rich_text",
                "block_id": "r29ol",
                "elements": [
                    {
                        "type": "rich_text_section",
                        "elements": [
                            {
                                "type": "text",
                                "text": "Hey Janelle, I can make whiteboard animation videos. Do you want to see a sample?"
                            }
                        ]
                    }
                ]
            }
        ],
        "thread_ts": "1644969534.729579",
        "parent_user_id": "U02NXETNKUJ"
    }
]