[
    {
        "client_msg_id": "6D7AEBE0-354C-4505-94A5-1B2115E3EEC3",
        "type": "message",
        "text": "Sent you a DM with samples! :) ",
        "user": "U034WF55SDT",
        "ts": "1650616661.812989",
        "team": "TJE58GTJL",
        "user_team": "TJE58GTJL",
        "source_team": "TJE58GTJL",
        "user_profile": {
            "avatar_hash": "g93bfd807b65",
            "image_72": "https:\/\/secure.gravatar.com\/avatar\/93bfd807b65a85226292a62d4f2acb58.jpg?s=72&d=https%3A%2F%2Fa.slack-edge.com%2Fdf10d%2Fimg%2Favatars%2Fava_0017-72.png",
            "first_name": "Bani",
            "real_name": "Bani Kaur",
            "display_name": "",
            "team": "TJE58GTJL",
            "name": "banikaur1997",
            "is_restricted": false,
            "is_ultra_restricted": false
        },
        "blocks": [
            {
                "type": "rich_text",
                "block_id": "Zfp1Q",
                "elements": [
                    {
                        "type": "rich_text_section",
                        "elements": [
                            {
                                "type": "text",
                                "text": "Sent you a DM with samples! :) "
                            }
                        ]
                    }
                ]
            }
        ],
        "thread_ts": "1650575470.171889",
        "parent_user_id": "U02PM12M15K"
    },
    {
        "client_msg_id": "c25c567b-f018-4d8c-8e61-f1e7ae964907",
        "type": "message",
        "text": "<@U01J85VRKF1> ?",
        "user": "U02F1GK6U6B",
        "ts": "1650619911.441699",
        "team": "TJE58GTJL",
        "user_team": "TJE58GTJL",
        "source_team": "TJE58GTJL",
        "user_profile": {
            "avatar_hash": "b77d6f7d6c82",
            "image_72": "https:\/\/avatars.slack-edge.com\/2022-01-22\/3004677185921_b77d6f7d6c82fd929faa_72.jpg",
            "first_name": "Nneka",
            "real_name": "Nneka Otika",
            "display_name": "Nneka Otika",
            "team": "TJE58GTJL",
            "name": "nnekaotika",
            "is_restricted": false,
            "is_ultra_restricted": false
        },
        "blocks": [
            {
                "type": "rich_text",
                "block_id": "881",
                "elements": [
                    {
                        "type": "rich_text_section",
                        "elements": [
                            {
                                "type": "user",
                                "user_id": "U01J85VRKF1"
                            },
                            {
                                "type": "text",
                                "text": " ?"
                            }
                        ]
                    }
                ]
            }
        ],
        "thread_ts": "1650575470.171889",
        "parent_user_id": "U02PM12M15K",
        "reactions": [
            {
                "name": "partyparrot",
                "users": [
                    "U01J85VRKF1",
                    "U034WF55SDT"
                ],
                "count": 2
            }
        ]
    },
    {
        "client_msg_id": "9d8469b8-0a28-45d6-bfbe-50772a6e9591",
        "type": "message",
        "text": "Hey, <@U01TPUG6YE5>. I've DM'ed you with relevant samples. Looking forward! :slightly_smiling_face:",
        "user": "U02RXFYA3T4",
        "ts": "1650622941.311659",
        "team": "TJE58GTJL",
        "user_team": "TJE58GTJL",
        "source_team": "TJE58GTJL",
        "user_profile": {
            "avatar_hash": "g1c8d7ab6827",
            "image_72": "https:\/\/secure.gravatar.com\/avatar\/1c8d7ab6827af15a6b7411de3fec6aa0.jpg?s=72&d=https%3A%2F%2Fa.slack-edge.com%2Fdf10d%2Fimg%2Favatars%2Fava_0023-72.png",
            "first_name": "Tanaaz",
            "real_name": "Tanaaz Khan",
            "display_name": "Tanaaz Khan",
            "team": "TJE58GTJL",
            "name": "tanaazkhan7",
            "is_restricted": false,
            "is_ultra_restricted": false
        },
        "blocks": [
            {
                "type": "rich_text",
                "block_id": "n56O",
                "elements": [
                    {
                        "type": "rich_text_section",
                        "elements": [
                            {
                                "type": "text",
                                "text": "Hey, "
                            },
                            {
                                "type": "user",
                                "user_id": "U01TPUG6YE5"
                            },
                            {
                                "type": "text",
                                "text": ". I've DM'ed you with relevant samples. Looking forward! "
                            },
                            {
                                "type": "emoji",
                                "name": "slightly_smiling_face"
                            }
                        ]
                    }
                ]
            }
        ],
        "thread_ts": "1650551025.130339",
        "parent_user_id": "U01TPUG6YE5"
    },
    {
        "client_msg_id": "52a38036-0576-4c89-91e2-290cd45bed91",
        "type": "message",
        "text": "Happy Friday team! :dancer:\n\nWe're looking for a B2B copywriter with background\/experience\/insights into protective fabrics, health &amp; safety (coincides with the first persona we are targeting), or industries like utilities, gas\/oil, chemical, manufacturing, emergency response, military.\n• This person will be asked to initially help update European blogs for language and clarity to US terminology \n• Then later will be asked to write new content based on a content calendar that's been laid out \n• To start there will be 4 blogs\/month with opportunity for more work with some of our other clients\nWhat we are looking for is:\n• Someone who has a strong comfort with B2b writing and typically writes in active voice with little to no prepositions\n• Has written with an eye to SEO in one of the industries I outlined above \n• Can be in conversation about edits not just accept them \nIf you are interested please DM me with a few writing samples and your hourly or project based rates. Cheers :tada:",
        "user": "U03CFDVM63V",
        "ts": "1650631143.833629",
        "team": "TJE58GTJL",
        "user_team": "TJE58GTJL",
        "source_team": "TJE58GTJL",
        "user_profile": {
            "avatar_hash": "a9faee426416",
            "image_72": "https:\/\/avatars.slack-edge.com\/2022-04-21\/3436619397041_a9faee426416274ad358_72.jpg",
            "first_name": "Liz",
            "real_name": "Liz Piontkowski",
            "display_name": "Liz Piontkowski",
            "team": "TJE58GTJL",
            "name": "liz541",
            "is_restricted": false,
            "is_ultra_restricted": false
        },
        "blocks": [
            {
                "type": "rich_text",
                "block_id": "HRDm",
                "elements": [
                    {
                        "type": "rich_text_section",
                        "elements": [
                            {
                                "type": "text",
                                "text": "Happy Friday team! "
                            },
                            {
                                "type": "emoji",
                                "name": "dancer"
                            },
                            {
                                "type": "text",
                                "text": "\n\nWe're looking for a B2B copywriter with background\/experience\/insights into protective fabrics, health & safety (coincides with the first persona we are targeting), or industries like utilities, gas\/oil, chemical, manufacturing, emergency response, military.\n"
                            }
                        ]
                    },
                    {
                        "type": "rich_text_list",
                        "elements": [
                            {
                                "type": "rich_text_section",
                                "elements": [
                                    {
                                        "type": "text",
                                        "text": "This person will be asked to initially help update European blogs for language and clarity to US terminology "
                                    }
                                ]
                            },
                            {
                                "type": "rich_text_section",
                                "elements": [
                                    {
                                        "type": "text",
                                        "text": "Then later will be asked to write new content based on a content calendar that's been laid out "
                                    }
                                ]
                            },
                            {
                                "type": "rich_text_section",
                                "elements": [
                                    {
                                        "type": "text",
                                        "text": "To start there will be 4 blogs\/month with opportunity for more work with some of our other clients"
                                    }
                                ]
                            }
                        ],
                        "style": "bullet",
                        "indent": 0,
                        "border": 0
                    },
                    {
                        "type": "rich_text_section",
                        "elements": [
                            {
                                "type": "text",
                                "text": "\nWhat we are looking for is:\n"
                            }
                        ]
                    },
                    {
                        "type": "rich_text_list",
                        "elements": [
                            {
                                "type": "rich_text_section",
                                "elements": [
                                    {
                                        "type": "text",
                                        "text": "Someone who has a strong comfort with B2b writing and typically writes in active voice with little to no prepositions"
                                    }
                                ]
                            },
                            {
                                "type": "rich_text_section",
                                "elements": [
                                    {
                                        "type": "text",
                                        "text": "Has written with an eye to SEO in one of the industries I outlined above "
                                    }
                                ]
                            },
                            {
                                "type": "rich_text_section",
                                "elements": [
                                    {
                                        "type": "text",
                                        "text": "Can be in conversation about edits not just accept them "
                                    }
                                ]
                            }
                        ],
                        "style": "bullet",
                        "indent": 0,
                        "border": 0
                    },
                    {
                        "type": "rich_text_section",
                        "elements": [
                            {
                                "type": "text",
                                "text": "\nIf you are interested please DM me with a few writing samples and your hourly or project based rates. Cheers "
                            },
                            {
                                "type": "emoji",
                                "name": "tada"
                            }
                        ]
                    }
                ]
            }
        ],
        "thread_ts": "1650631143.833629",
        "reply_count": 2,
        "reply_users_count": 2,
        "latest_reply": "1650920899.784019",
        "reply_users": [
            "U02Q8U5T7TP",
            "U011QQDDSJV"
        ],
        "replies": [
            {
                "user": "U02Q8U5T7TP",
                "ts": "1650636361.312859"
            },
            {
                "user": "U011QQDDSJV",
                "ts": "1650920899.784019"
            }
        ],
        "is_locked": false,
        "subscribed": false
    },
    {
        "client_msg_id": "fbed6869-c6f1-4cac-9375-a77e12265318",
        "type": "message",
        "text": "<@U01K0BWEQD6>",
        "user": "U034NCQDL4C",
        "ts": "1650632541.026719",
        "team": "TJE58GTJL",
        "user_team": "TJE58GTJL",
        "source_team": "TJE58GTJL",
        "user_profile": {
            "avatar_hash": "33ba8413e7bd",
            "image_72": "https:\/\/avatars.slack-edge.com\/2022-02-25\/3155972088566_33ba8413e7bd92c59673_72.jpg",
            "first_name": "Becky",
            "real_name": "Becky Lawlor",
            "display_name": "Becky",
            "team": "TJE58GTJL",
            "name": "becky",
            "is_restricted": false,
            "is_ultra_restricted": false
        },
        "blocks": [
            {
                "type": "rich_text",
                "block_id": "j7Lcj",
                "elements": [
                    {
                        "type": "rich_text_section",
                        "elements": [
                            {
                                "type": "user",
                                "user_id": "U01K0BWEQD6"
                            }
                        ]
                    }
                ]
            }
        ],
        "thread_ts": "1650575470.171889",
        "parent_user_id": "U02PM12M15K",
        "reactions": [
            {
                "name": "raised_hands",
                "users": [
                    "U034WF55SDT",
                    "U01K0BWEQD6"
                ],
                "count": 2
            }
        ]
    },
    {
        "client_msg_id": "eab88ceb-e9d6-457d-810c-22181492b3af",
        "type": "message",
        "text": "<@U03CFDVM63V> \n\nI'd send you a Dm",
        "user": "U02Q8U5T7TP",
        "ts": "1650636361.312859",
        "team": "TJE58GTJL",
        "user_team": "TJE58GTJL",
        "source_team": "TJE58GTJL",
        "user_profile": {
            "avatar_hash": "6ac00fe7f7de",
            "image_72": "https:\/\/avatars.slack-edge.com\/2022-04-15\/3395185200147_6ac00fe7f7de679b0f41_72.jpg",
            "first_name": "Johelski",
            "real_name": "Johelski",
            "display_name": "johelski",
            "team": "TJE58GTJL",
            "name": "ajayijohel",
            "is_restricted": false,
            "is_ultra_restricted": false
        },
        "blocks": [
            {
                "type": "rich_text",
                "block_id": "8OG8",
                "elements": [
                    {
                        "type": "rich_text_section",
                        "elements": [
                            {
                                "type": "user",
                                "user_id": "U03CFDVM63V"
                            },
                            {
                                "type": "text",
                                "text": " \n\nI'd send you a Dm"
                            }
                        ]
                    }
                ]
            }
        ],
        "thread_ts": "1650631143.833629",
        "parent_user_id": "U03CFDVM63V"
    },
    {
        "client_msg_id": "a70eeb31-e765-40c2-9194-8c32c0a6c6a9",
        "type": "message",
        "text": "Hii <http:\/\/Joel.Im|Joel.Im> interested to be part of this project.kindly DM",
        "user": "U03AKMFKJKD",
        "ts": "1650659489.768619",
        "team": "TJE58GTJL",
        "user_team": "TJE58GTJL",
        "source_team": "TJE58GTJL",
        "user_profile": {
            "avatar_hash": "66d5eb53261c",
            "image_72": "https:\/\/avatars.slack-edge.com\/2022-04-17\/3386281011351_66d5eb53261c7efda856_72.jpg",
            "first_name": "Euphemia",
            "real_name": "Euphemia Sore",
            "display_name": "",
            "team": "TJE58GTJL",
            "name": "euphemiasore1",
            "is_restricted": false,
            "is_ultra_restricted": false
        },
        "blocks": [
            {
                "type": "rich_text",
                "block_id": "wVvoN",
                "elements": [
                    {
                        "type": "rich_text_section",
                        "elements": [
                            {
                                "type": "text",
                                "text": "Hii "
                            },
                            {
                                "type": "link",
                                "url": "http:\/\/Joel.Im",
                                "text": "Joel.Im"
                            },
                            {
                                "type": "text",
                                "text": " interested to be part of this project.kindly DM"
                            }
                        ]
                    }
                ]
            }
        ],
        "thread_ts": "1650468196.545709",
        "parent_user_id": "U03C3FH2ZH8"
    },
    {
        "client_msg_id": "d6d6935b-7a45-4952-b1f6-acd84220d24a",
        "type": "message",
        "text": "Proy details",
        "user": "U03AKMFKJKD",
        "ts": "1650660580.804829",
        "team": "TJE58GTJL",
        "user_team": "TJE58GTJL",
        "source_team": "TJE58GTJL",
        "user_profile": {
            "avatar_hash": "66d5eb53261c",
            "image_72": "https:\/\/avatars.slack-edge.com\/2022-04-17\/3386281011351_66d5eb53261c7efda856_72.jpg",
            "first_name": "Euphemia",
            "real_name": "Euphemia Sore",
            "display_name": "",
            "team": "TJE58GTJL",
            "name": "euphemiasore1",
            "is_restricted": false,
            "is_ultra_restricted": false
        },
        "blocks": [
            {
                "type": "rich_text",
                "block_id": "jH1",
                "elements": [
                    {
                        "type": "rich_text_section",
                        "elements": [
                            {
                                "type": "text",
                                "text": "Proy details"
                            }
                        ]
                    }
                ]
            }
        ],
        "thread_ts": "1650505675.971019",
        "parent_user_id": "U036K03RW1L"
    },
    {
        "client_msg_id": "f3b07efd-33ee-4620-bc2c-163137aa65be",
        "type": "message",
        "text": "performance-based pricing",
        "user": "U02J57J8PRQ",
        "ts": "1650668093.615699",
        "team": "TJE58GTJL",
        "user_team": "TJE58GTJL",
        "source_team": "TJE58GTJL",
        "user_profile": {
            "avatar_hash": "791a9ad80c73",
            "image_72": "https:\/\/avatars.slack-edge.com\/2021-11-29\/2770465071926_791a9ad80c73f9add85f_72.png",
            "first_name": "Muaz",
            "real_name": "Muaz Mahmood",
            "display_name": "Muaz Mahmood",
            "team": "TJE58GTJL",
            "name": "muazmahmood2",
            "is_restricted": false,
            "is_ultra_restricted": false
        },
        "blocks": [
            {
                "type": "rich_text",
                "block_id": "3762",
                "elements": [
                    {
                        "type": "rich_text_section",
                        "elements": [
                            {
                                "type": "text",
                                "text": "performance-based pricing"
                            }
                        ]
                    }
                ]
            }
        ],
        "thread_ts": "1649319515.803209",
        "parent_user_id": "U032AAX829K"
    }
]