[
    {
        "client_msg_id": "8bd41781-6835-4411-9e15-3373c99f8287",
        "type": "message",
        "text": "Hi B2B friends! Do you have any examples of landing pages using the PAS copywriting formula? (Problem\/pain - agitation - solution)?",
        "user": "UJ2MPBP7V",
        "ts": "1605896438.082000",
        "team": "TJE58GTJL",
        "user_team": "TJE58GTJL",
        "source_team": "TJE58GTJL",
        "user_profile": {
            "avatar_hash": "c52e31dec26d",
            "image_72": "https:\/\/avatars.slack-edge.com\/2019-05-03\/628025237031_c52e31dec26d7abfd5dd_72.jpg",
            "first_name": "Janet",
            "real_name": "Janet Choi",
            "display_name": "Janet",
            "team": "TJE58GTJL",
            "name": "janet",
            "is_restricted": false,
            "is_ultra_restricted": false
        },
        "blocks": [
            {
                "type": "rich_text",
                "block_id": "BCwXk",
                "elements": [
                    {
                        "type": "rich_text_section",
                        "elements": [
                            {
                                "type": "text",
                                "text": "Hi B2B friends! Do you have any examples of landing pages using the PAS copywriting formula? (Problem\/pain - agitation - solution)?"
                            }
                        ]
                    }
                ]
            }
        ],
        "thread_ts": "1605896438.082000",
        "reply_count": 1,
        "reply_users_count": 1,
        "latest_reply": "1605897420.082100",
        "reply_users": [
            "U011AKYPAAG"
        ],
        "replies": [
            {
                "user": "U011AKYPAAG",
                "ts": "1605897420.082100"
            }
        ],
        "is_locked": false,
        "subscribed": false,
        "reactions": [
            {
                "name": "pizza",
                "users": [
                    "UJG9WTEKG"
                ],
                "count": 1
            }
        ]
    },
    {
        "client_msg_id": "b58e94d3-13c3-4110-add1-72a26f4ba766",
        "type": "message",
        "text": "Hi friend! <https:\/\/web.archive.org\/web\/20150311125807\/https:\/\/www.intercom.io\/|An old version> of Intercom's homepage reflected this in a visual.",
        "user": "U011AKYPAAG",
        "ts": "1605897420.082100",
        "team": "TJE58GTJL",
        "user_team": "TJE58GTJL",
        "source_team": "TJE58GTJL",
        "user_profile": {
            "avatar_hash": "c0c07dc44f86",
            "image_72": "https:\/\/avatars.slack-edge.com\/2020-06-26\/1208881313778_c0c07dc44f86d64795ef_72.jpg",
            "first_name": "Sara",
            "real_name": "Sara Yin",
            "display_name": "Sara Yin",
            "team": "TJE58GTJL",
            "name": "sarayin",
            "is_restricted": false,
            "is_ultra_restricted": false
        },
        "attachments": [
            {
                "title": "User Intelligence and Customer Communication | Intercom",
                "title_link": "https:\/\/web.archive.org\/web\/20150311125807\/https:\/\/www.intercom.io\/",
                "text": "Intercom shows you who is using your product and makes it easy to personally communicate with them through behavior-driven email and in-app messages.",
                "fallback": "User Intelligence and Customer Communication | Intercom",
                "image_url": "https:\/\/web.archive.org\/web\/20150311125807im_\/https:\/\/marketing.intercomcdn.com\/assets\/homepage-animation-share-0d599f1466e038e0604ec9e9adefd85b.jpg",
                "from_url": "https:\/\/web.archive.org\/web\/20150311125807\/https:\/\/www.intercom.io\/",
                "image_width": 500,
                "image_height": 250,
                "image_bytes": 122113,
                "service_name": "web.archive.org",
                "id": 1,
                "original_url": "https:\/\/web.archive.org\/web\/20150311125807\/https:\/\/www.intercom.io\/"
            }
        ],
        "blocks": [
            {
                "type": "rich_text",
                "block_id": "PwbHN",
                "elements": [
                    {
                        "type": "rich_text_section",
                        "elements": [
                            {
                                "type": "text",
                                "text": "Hi friend! "
                            },
                            {
                                "type": "link",
                                "url": "https:\/\/web.archive.org\/web\/20150311125807\/https:\/\/www.intercom.io\/",
                                "text": "An old version"
                            },
                            {
                                "type": "text",
                                "text": " of Intercom's homepage reflected this in a visual."
                            }
                        ]
                    }
                ]
            }
        ],
        "thread_ts": "1605896438.082000",
        "parent_user_id": "UJ2MPBP7V",
        "reactions": [
            {
                "name": "pray",
                "users": [
                    "UJ2MPBP7V"
                ],
                "count": 1
            },
            {
                "name": "sparkles",
                "users": [
                    "UUVC0LK2Q"
                ],
                "count": 1
            }
        ]
    }
]