[
    {
        "client_msg_id": "4EB01013-37FA-4A99-81D1-A46AC943C8B6",
        "type": "message",
        "text": "People often talk about B2B and B2C as if they’re different. In fact, many B2B simple sales have lots more in common with B2C than they do with B2B complex sales. B2B complex sales are in a category of their own and require content that’s very different from that of B2B simple sales. Agree or disagree?",
        "user": "UUXMC3ZFH",
        "ts": "1589500551.009300",
        "team": "TJE58GTJL",
        "user_team": "TJE58GTJL",
        "source_team": "TJE58GTJL",
        "user_profile": {
            "avatar_hash": "g32741d44912",
            "image_72": "https:\/\/secure.gravatar.com\/avatar\/32741d44912ef78f542f28f30f1abf21.jpg?s=72&d=https%3A%2F%2Fa.slack-edge.com%2Fdf10d%2Fimg%2Favatars%2Fava_0014-72.png",
            "first_name": "Dave",
            "real_name": "Dave Vranicar",
            "display_name": "Dave Vranicar",
            "team": "TJE58GTJL",
            "name": "dave.vranicar950",
            "is_restricted": false,
            "is_ultra_restricted": false
        },
        "blocks": [
            {
                "type": "rich_text",
                "block_id": "2LLR",
                "elements": [
                    {
                        "type": "rich_text_section",
                        "elements": [
                            {
                                "type": "text",
                                "text": "People often talk about B2B and B2C as if they’re different. In fact, many B2B simple sales have lots more in common with B2C than they do with B2B complex sales. B2B complex sales are in a category of their own and require content that’s very different from that of B2B simple sales. Agree or disagree?"
                            }
                        ]
                    }
                ]
            }
        ],
        "thread_ts": "1589500551.009300",
        "reply_count": 13,
        "reply_users_count": 3,
        "latest_reply": "1589588605.029500",
        "reply_users": [
            "URAV154AV",
            "UUXMC3ZFH",
            "U013VC9V325"
        ],
        "replies": [
            {
                "user": "URAV154AV",
                "ts": "1589500736.009400"
            },
            {
                "user": "UUXMC3ZFH",
                "ts": "1589500943.012600"
            },
            {
                "user": "U013VC9V325",
                "ts": "1589575534.012900"
            },
            {
                "user": "UUXMC3ZFH",
                "ts": "1589586860.013100"
            },
            {
                "user": "U013VC9V325",
                "ts": "1589586953.014600"
            },
            {
                "user": "U013VC9V325",
                "ts": "1589587050.017500"
            },
            {
                "user": "URAV154AV",
                "ts": "1589587137.017800"
            },
            {
                "user": "URAV154AV",
                "ts": "1589587185.018000"
            },
            {
                "user": "UUXMC3ZFH",
                "ts": "1589587214.018200"
            },
            {
                "user": "UUXMC3ZFH",
                "ts": "1589587477.018400"
            },
            {
                "user": "UUXMC3ZFH",
                "ts": "1589587621.018700"
            },
            {
                "user": "U013VC9V325",
                "ts": "1589587913.020400"
            },
            {
                "user": "UUXMC3ZFH",
                "ts": "1589588605.029500"
            }
        ],
        "is_locked": false,
        "subscribed": false
    },
    {
        "client_msg_id": "55c75cd6-3f78-43b6-b336-d0f65658a2a4",
        "type": "message",
        "text": "Agree. There's a difference between \"can one person buy this on a whim with a credit card\" and needing to bring together a whole buying committee, procurement, security, etc.",
        "user": "URAV154AV",
        "ts": "1589500736.009400",
        "team": "TJE58GTJL",
        "user_team": "TJE58GTJL",
        "source_team": "TJE58GTJL",
        "user_profile": {
            "avatar_hash": "82eece4f99ca",
            "image_72": "https:\/\/avatars.slack-edge.com\/2019-12-12\/871274952613_82eece4f99caf7981b42_72.jpg",
            "first_name": "Cassandra",
            "real_name": "Cassandra Jowett",
            "display_name": "Cassandra Jowett",
            "team": "TJE58GTJL",
            "name": "cassandrajowett",
            "is_restricted": false,
            "is_ultra_restricted": false
        },
        "blocks": [
            {
                "type": "rich_text",
                "block_id": "Pnzg=",
                "elements": [
                    {
                        "type": "rich_text_section",
                        "elements": [
                            {
                                "type": "text",
                                "text": "Agree. There's a difference between \"can one person buy this on a whim with a credit card\" and needing to bring together a whole buying committee, procurement, security, etc."
                            }
                        ]
                    }
                ]
            }
        ],
        "thread_ts": "1589500551.009300",
        "parent_user_id": "UUXMC3ZFH"
    },
    {
        "type": "message",
        "subtype": "thread_broadcast",
        "text": "In your experience, <@URAV154AV>, do you have difficulty getting content creators to understand the differences and their implications for content that works in B2B complex sales? How big a challenge is this?",
        "user": "UUXMC3ZFH",
        "ts": "1589500943.012600",
        "thread_ts": "1589500551.009300",
        "root": {
            "client_msg_id": "4EB01013-37FA-4A99-81D1-A46AC943C8B6",
            "type": "message",
            "text": "People often talk about B2B and B2C as if they’re different. In fact, many B2B simple sales have lots more in common with B2C than they do with B2B complex sales. B2B complex sales are in a category of their own and require content that’s very different from that of B2B simple sales. Agree or disagree?",
            "user": "UUXMC3ZFH",
            "ts": "1589500551.009300",
            "team": "TJE58GTJL",
            "blocks": [
                {
                    "type": "rich_text",
                    "block_id": "2LLR",
                    "elements": [
                        {
                            "type": "rich_text_section",
                            "elements": [
                                {
                                    "type": "text",
                                    "text": "People often talk about B2B and B2C as if they’re different. In fact, many B2B simple sales have lots more in common with B2C than they do with B2B complex sales. B2B complex sales are in a category of their own and require content that’s very different from that of B2B simple sales. Agree or disagree?"
                                }
                            ]
                        }
                    ]
                }
            ],
            "thread_ts": "1589500551.009300",
            "reply_count": 13,
            "reply_users_count": 3,
            "latest_reply": "1589588605.029500",
            "reply_users": [
                "URAV154AV",
                "UUXMC3ZFH",
                "U013VC9V325"
            ],
            "replies": [
                {
                    "user": "URAV154AV",
                    "ts": "1589500736.009400"
                },
                {
                    "user": "UUXMC3ZFH",
                    "ts": "1589500943.012600"
                },
                {
                    "user": "U013VC9V325",
                    "ts": "1589575534.012900"
                },
                {
                    "user": "UUXMC3ZFH",
                    "ts": "1589586860.013100"
                },
                {
                    "user": "U013VC9V325",
                    "ts": "1589586953.014600"
                },
                {
                    "user": "U013VC9V325",
                    "ts": "1589587050.017500"
                },
                {
                    "user": "URAV154AV",
                    "ts": "1589587137.017800"
                },
                {
                    "user": "URAV154AV",
                    "ts": "1589587185.018000"
                },
                {
                    "user": "UUXMC3ZFH",
                    "ts": "1589587214.018200"
                },
                {
                    "user": "UUXMC3ZFH",
                    "ts": "1589587477.018400"
                },
                {
                    "user": "UUXMC3ZFH",
                    "ts": "1589587621.018700"
                },
                {
                    "user": "U013VC9V325",
                    "ts": "1589587913.020400"
                },
                {
                    "user": "UUXMC3ZFH",
                    "ts": "1589588605.029500"
                }
            ],
            "is_locked": false,
            "subscribed": false
        },
        "blocks": [
            {
                "type": "rich_text",
                "block_id": "zoZ",
                "elements": [
                    {
                        "type": "rich_text_section",
                        "elements": [
                            {
                                "type": "text",
                                "text": "In your experience, "
                            },
                            {
                                "type": "user",
                                "user_id": "URAV154AV"
                            },
                            {
                                "type": "text",
                                "text": ", do you have difficulty getting content creators to understand the differences and their implications for content that works in B2B complex sales? How big a challenge is this?"
                            }
                        ]
                    }
                ]
            }
        ],
        "client_msg_id": "8C5DA8A1-C58E-48D0-B1EC-6D08B060D211"
    }
]