[
    {
        "client_msg_id": "ab32053f-5e8d-474f-9750-752c090d8444",
        "type": "message",
        "text": "<@URB31QKM4> would love to see it too :smile:",
        "user": "U014ZK7Q1TP",
        "ts": "1596824555.069500",
        "team": "TJE58GTJL",
        "user_team": "TJE58GTJL",
        "source_team": "TJE58GTJL",
        "user_profile": {
            "avatar_hash": "f53be485df46",
            "image_72": "https:\/\/avatars.slack-edge.com\/2020-06-08\/1170803522325_f53be485df4624992b14_72.png",
            "first_name": "dejan",
            "real_name": "dejan",
            "display_name": "dejan",
            "team": "TJE58GTJL",
            "name": "dgajsek",
            "is_restricted": false,
            "is_ultra_restricted": false
        },
        "blocks": [
            {
                "type": "rich_text",
                "block_id": "9\/lm7",
                "elements": [
                    {
                        "type": "rich_text_section",
                        "elements": [
                            {
                                "type": "user",
                                "user_id": "URB31QKM4"
                            },
                            {
                                "type": "text",
                                "text": " would love to see it too "
                            },
                            {
                                "type": "emoji",
                                "name": "smile"
                            }
                        ]
                    }
                ]
            }
        ],
        "thread_ts": "1595350634.051500",
        "parent_user_id": "UUH2EB134",
        "reactions": [
            {
                "name": "+1",
                "users": [
                    "URB31QKM4"
                ],
                "count": 1
            }
        ]
    }
]