[
    {
        "client_msg_id": "78a753ac-d9a5-41dd-bd78-f456cd78e6aa",
        "type": "message",
        "text": "<@URAV154AV> I agree again here. The key to success in most jobs is to hire people who are trainable and coachable. And then, of course, to train and coach them well.",
        "user": "UUXMC3ZFH",
        "ts": "1583512268.036000",
        "team": "TJE58GTJL",
        "user_team": "TJE58GTJL",
        "source_team": "TJE58GTJL",
        "user_profile": {
            "avatar_hash": "g32741d44912",
            "image_72": "https:\/\/secure.gravatar.com\/avatar\/32741d44912ef78f542f28f30f1abf21.jpg?s=72&d=https%3A%2F%2Fa.slack-edge.com%2Fdf10d%2Fimg%2Favatars%2Fava_0014-72.png",
            "first_name": "Dave",
            "real_name": "Dave Vranicar",
            "display_name": "Dave Vranicar",
            "team": "TJE58GTJL",
            "name": "dave.vranicar950",
            "is_restricted": false,
            "is_ultra_restricted": false
        },
        "blocks": [
            {
                "type": "rich_text",
                "block_id": "hq51V",
                "elements": [
                    {
                        "type": "rich_text_section",
                        "elements": [
                            {
                                "type": "user",
                                "user_id": "URAV154AV"
                            },
                            {
                                "type": "text",
                                "text": " I agree again here. The key to success in most jobs is to hire people who are trainable and coachable. And then, of course, to train and coach them well."
                            }
                        ]
                    }
                ]
            }
        ],
        "thread_ts": "1583371094.014100",
        "parent_user_id": "UUXMC3ZFH"
    },
    {
        "type": "message",
        "subtype": "channel_join",
        "ts": "1583520967.036300",
        "user": "UUJBTMPSP",
        "text": "<@UUJBTMPSP> has joined the channel"
    },
    {
        "type": "message",
        "subtype": "channel_join",
        "ts": "1583565352.036500",
        "user": "UUR09RDED",
        "text": "<@UUR09RDED> has joined the channel"
    }
]