[
    {
        "client_msg_id": "43ff6621-80f4-4517-9574-6158e06e73f2",
        "type": "message",
        "text": "Hi All. Glad there is a B2B channel :slightly_smiling_face:",
        "user": "U01CVQ02E5S",
        "ts": "1603082762.063100",
        "team": "TJE58GTJL",
        "user_team": "TJE58GTJL",
        "source_team": "TJE58GTJL",
        "user_profile": {
            "avatar_hash": "91fb1bea2fa4",
            "image_72": "https:\/\/avatars.slack-edge.com\/2020-10-16\/1438887916964_91fb1bea2fa42a24028d_72.jpg",
            "first_name": "David",
            "real_name": "David Harrington",
            "display_name": "Dave H",
            "team": "TJE58GTJL",
            "name": "harrington.dw",
            "is_restricted": false,
            "is_ultra_restricted": false
        },
        "blocks": [
            {
                "type": "rich_text",
                "block_id": "i9Vt",
                "elements": [
                    {
                        "type": "rich_text_section",
                        "elements": [
                            {
                                "type": "text",
                                "text": "Hi All. Glad there is a B2B channel "
                            },
                            {
                                "type": "emoji",
                                "name": "slightly_smiling_face"
                            }
                        ]
                    }
                ]
            }
        ],
        "reactions": [
            {
                "name": "wave",
                "users": [
                    "UUVC0LK2Q",
                    "U016HJRC77E",
                    "U016VHZ0ZD5",
                    "UJ2MPBP7V",
                    "U013L0U4YSU"
                ],
                "count": 5
            }
        ]
    },
    {
        "client_msg_id": "9509e509-6f8c-448d-8983-d203e8c76ac3",
        "type": "message",
        "text": "HELLO",
        "user": "U01CVQ02E5S",
        "ts": "1603082829.063200",
        "team": "TJE58GTJL",
        "user_team": "TJE58GTJL",
        "source_team": "TJE58GTJL",
        "user_profile": {
            "avatar_hash": "91fb1bea2fa4",
            "image_72": "https:\/\/avatars.slack-edge.com\/2020-10-16\/1438887916964_91fb1bea2fa42a24028d_72.jpg",
            "first_name": "David",
            "real_name": "David Harrington",
            "display_name": "Dave H",
            "team": "TJE58GTJL",
            "name": "harrington.dw",
            "is_restricted": false,
            "is_ultra_restricted": false
        },
        "blocks": [
            {
                "type": "rich_text",
                "block_id": "x5O",
                "elements": [
                    {
                        "type": "rich_text_section",
                        "elements": [
                            {
                                "type": "text",
                                "text": "HELLO"
                            }
                        ]
                    }
                ]
            }
        ],
        "thread_ts": "1602002654.026100",
        "parent_user_id": "U017WRJTKF1"
    }
]