[
    {
        "client_msg_id": "BFBD6A87-F732-4210-B1DC-573256EB8871",
        "type": "message",
        "text": "<@URB31QKM4> please send it to me as well :)",
        "user": "UPY7WN4LW",
        "ts": "1596990519.070300",
        "team": "TJE58GTJL",
        "user_team": "TJE58GTJL",
        "source_team": "TJE58GTJL",
        "user_profile": {
            "avatar_hash": "7f2b9627ff5e",
            "image_72": "https:\/\/avatars.slack-edge.com\/2019-11-12\/832935310855_7f2b9627ff5e02942960_72.jpg",
            "first_name": "Writing",
            "real_name": "Writing Tom",
            "display_name": "Writing Tom",
            "team": "TJE58GTJL",
            "name": "hello883",
            "is_restricted": false,
            "is_ultra_restricted": false
        },
        "blocks": [
            {
                "type": "rich_text",
                "block_id": "9CBZ7",
                "elements": [
                    {
                        "type": "rich_text_section",
                        "elements": [
                            {
                                "type": "user",
                                "user_id": "URB31QKM4"
                            },
                            {
                                "type": "text",
                                "text": " please send it to me as well :)"
                            }
                        ]
                    }
                ]
            }
        ],
        "thread_ts": "1595350634.051500",
        "parent_user_id": "UUH2EB134"
    }
]