[
    {
        "client_msg_id": "DC8C300C-7E33-4CC3-A878-FA098DB75DCE",
        "type": "message",
        "text": "Google algo core update shipped.\n\n<https:\/\/twitter.com\/hannahwiginton\/status\/1334577444171472897?s=21|https:\/\/twitter.com\/hannahwiginton\/status\/1334577444171472897?s=21>",
        "user": "UUJBMNRNF",
        "ts": "1607023224.084000",
        "team": "TJE58GTJL",
        "user_team": "TJE58GTJL",
        "source_team": "TJE58GTJL",
        "user_profile": {
            "avatar_hash": "g60cda1030c0",
            "image_72": "https:\/\/secure.gravatar.com\/avatar\/60cda1030c03869961d38a096c73158e.jpg?s=72&d=https%3A%2F%2Fa.slack-edge.com%2Fdf10d%2Fimg%2Favatars%2Fava_0024-72.png",
            "first_name": "Hannah",
            "real_name": "Hannah Wiginton",
            "display_name": "Hannah Wiginton",
            "team": "TJE58GTJL",
            "name": "hwiginton00",
            "is_restricted": false,
            "is_ultra_restricted": false
        },
        "attachments": [
            {
                "fallback": "<https:\/\/twitter.com\/hannahwiginton|@hannahwiginton>: Incoming! \n\nKeep an eye on your content rankings. <https:\/\/twitter.com\/searchliaison\/status\/1334521448074006530>",
                "ts": 1607023032,
                "author_name": "Hannah Wiginton",
                "author_link": "https:\/\/twitter.com\/hannahwiginton\/status\/1334577444171472897",
                "author_icon": "https:\/\/pbs.twimg.com\/profile_images\/1215128865288458242\/y4lqRjpv_normal.jpg",
                "author_subname": "@hannahwiginton",
                "text": "Incoming! \n\nKeep an eye on your content rankings. <https:\/\/twitter.com\/searchliaison\/status\/1334521448074006530>",
                "service_name": "twitter",
                "service_url": "https:\/\/twitter.com\/",
                "from_url": "https:\/\/twitter.com\/hannahwiginton\/status\/1334577444171472897?s=21",
                "id": 1,
                "original_url": "https:\/\/twitter.com\/hannahwiginton\/status\/1334577444171472897?s=21",
                "footer": "Twitter",
                "footer_icon": "https:\/\/a.slack-edge.com\/80588\/img\/services\/twitter_pixel_snapped_32.png"
            },
            {
                "fallback": "<https:\/\/twitter.com\/searchliaison|@searchliaison>: Later today, we are releasing a broad core algorithm update, as we do several times per year. It is called the December 2020 Core Update. Our guidance about such updates remains as we’ve covered before. Please see this blog post for more about that:\n<https:\/\/webmasters.googleblog.com\/2019\/08\/core-updates.html>",
                "ts": 1607009682,
                "author_name": "Google SearchLiaison",
                "author_link": "https:\/\/twitter.com\/searchliaison\/status\/1334521448074006530",
                "author_icon": "https:\/\/pbs.twimg.com\/profile_images\/927446347879292930\/Fi0D7FGJ_normal.jpg",
                "author_subname": "@searchliaison",
                "text": "Later today, we are releasing a broad core algorithm update, as we do several times per year. It is called the December 2020 Core Update. Our guidance about such updates remains as we’ve covered before. Please see this blog post for more about that:\n<https:\/\/webmasters.googleblog.com\/2019\/08\/core-updates.html>",
                "service_name": "twitter",
                "service_url": "https:\/\/twitter.com\/",
                "from_url": "https:\/\/twitter.com\/searchliaison\/status\/1334521448074006530",
                "indent": true,
                "color": "32BBF3",
                "id": 2,
                "footer": "Twitter",
                "footer_icon": "https:\/\/a.slack-edge.com\/80588\/img\/services\/twitter_pixel_snapped_32.png"
            }
        ],
        "blocks": [
            {
                "type": "rich_text",
                "block_id": "rkwu",
                "elements": [
                    {
                        "type": "rich_text_section",
                        "elements": [
                            {
                                "type": "text",
                                "text": "Google algo core update shipped.\n"
                            },
                            {
                                "type": "text",
                                "text": "\n"
                            },
                            {
                                "type": "link",
                                "url": "https:\/\/twitter.com\/hannahwiginton\/status\/1334577444171472897?s=21",
                                "text": "https:\/\/twitter.com\/hannahwiginton\/status\/1334577444171472897?s=21"
                            }
                        ]
                    }
                ]
            }
        ],
        "thread_ts": "1607023224.084000",
        "reply_count": 6,
        "reply_users_count": 5,
        "latest_reply": "1607114522.090400",
        "reply_users": [
            "UJ2QESJ66",
            "U016VHZ0ZD5",
            "U012R27LRJ8",
            "UUJBMNRNF",
            "U017WRJTKF1"
        ],
        "replies": [
            {
                "user": "UJ2QESJ66",
                "ts": "1607027141.084200"
            },
            {
                "user": "U016VHZ0ZD5",
                "ts": "1607033548.084900"
            },
            {
                "user": "U012R27LRJ8",
                "ts": "1607037002.087000"
            },
            {
                "user": "UUJBMNRNF",
                "ts": "1607037146.089500"
            },
            {
                "user": "U017WRJTKF1",
                "ts": "1607105354.090000"
            },
            {
                "user": "UJ2QESJ66",
                "ts": "1607114522.090400"
            }
        ],
        "is_locked": false,
        "subscribed": false
    },
    {
        "client_msg_id": "32ae0079-fd88-4d0f-b169-5ac7aff2e73e",
        "type": "message",
        "text": "not again!! :tired_face:",
        "user": "UJ2QESJ66",
        "ts": "1607027141.084200",
        "team": "TJE58GTJL",
        "user_team": "TJE58GTJL",
        "source_team": "TJE58GTJL",
        "user_profile": {
            "avatar_hash": "6f45bd7b7f97",
            "image_72": "https:\/\/avatars.slack-edge.com\/2020-07-24\/1268680536836_6f45bd7b7f97c52740e0_72.png",
            "first_name": "Juan",
            "real_name": "Juan Ortega",
            "display_name": "Juan",
            "team": "TJE58GTJL",
            "name": "juan",
            "is_restricted": false,
            "is_ultra_restricted": false
        },
        "blocks": [
            {
                "type": "rich_text",
                "block_id": "xh1",
                "elements": [
                    {
                        "type": "rich_text_section",
                        "elements": [
                            {
                                "type": "text",
                                "text": "not again!! "
                            },
                            {
                                "type": "emoji",
                                "name": "tired_face"
                            }
                        ]
                    }
                ]
            }
        ],
        "thread_ts": "1607023224.084000",
        "parent_user_id": "UUJBMNRNF"
    },
    {
        "client_msg_id": "D970DC5E-E9B4-4D8D-A257-485729187ED8",
        "type": "message",
        "text": "Can anyone provide the TL;DR?",
        "user": "U016VHZ0ZD5",
        "ts": "1607033548.084900",
        "team": "TJE58GTJL",
        "user_team": "TJE58GTJL",
        "source_team": "TJE58GTJL",
        "user_profile": {
            "avatar_hash": "c3a4d3793f34",
            "image_72": "https:\/\/avatars.slack-edge.com\/2020-08-06\/1292262618052_c3a4d3793f345f065330_72.jpg",
            "first_name": "Samantha",
            "real_name": "Samantha Finken",
            "display_name": "Samantha Finken",
            "team": "TJE58GTJL",
            "name": "samantha.finken",
            "is_restricted": false,
            "is_ultra_restricted": false
        },
        "blocks": [
            {
                "type": "rich_text",
                "block_id": "Uvh28",
                "elements": [
                    {
                        "type": "rich_text_section",
                        "elements": [
                            {
                                "type": "text",
                                "text": "Can anyone provide the TL;DR?"
                            }
                        ]
                    }
                ]
            }
        ],
        "thread_ts": "1607023224.084000",
        "parent_user_id": "UUJBMNRNF"
    },
    {
        "client_msg_id": "b871cc7b-a5e5-4b9d-8b2e-2ae11ed098b8",
        "type": "message",
        "text": "Not sure what people in the thread are talking about, but the date for the post is August 1st, 2019. If you look on the left-hand side for 2020 updates, the last update was on November 24… <https:\/\/p-ZmF7dQ.b0.n0.cdn.getcloudapp.com\/items\/xQuYWZqA\/Image%202020-12-03%20at%206.08.55%20PM.jpg?v=e9cea46f7c4c06f919925511dc95dfba>",
        "user": "U012R27LRJ8",
        "ts": "1607037002.087000",
        "team": "TJE58GTJL",
        "user_team": "TJE58GTJL",
        "source_team": "TJE58GTJL",
        "user_profile": {
            "avatar_hash": "gc7e97cc49db",
            "image_72": "https:\/\/secure.gravatar.com\/avatar\/c7e97cc49db3bc3a0bae60f1201822c7.jpg?s=72&d=https%3A%2F%2Fa.slack-edge.com%2Fdf10d%2Fimg%2Favatars%2Fava_0002-72.png",
            "first_name": "Al",
            "real_name": "Al Chen",
            "display_name": "Al Chen",
            "team": "TJE58GTJL",
            "name": "al",
            "is_restricted": false,
            "is_ultra_restricted": false
        },
        "attachments": [
            {
                "fallback": "862x307px image",
                "image_url": "https:\/\/p-ZmF7dQ.b0.n0.cdn.getcloudapp.com\/items\/xQuYWZqA\/Image%202020-12-03%20at%206.08.55%20PM.jpg?v=e9cea46f7c4c06f919925511dc95dfba",
                "image_width": 862,
                "image_height": 307,
                "image_bytes": 65860,
                "from_url": "https:\/\/p-ZmF7dQ.b0.n0.cdn.getcloudapp.com\/items\/xQuYWZqA\/Image%202020-12-03%20at%206.08.55%20PM.jpg?v=e9cea46f7c4c06f919925511dc95dfba",
                "id": 1,
                "original_url": "https:\/\/p-ZmF7dQ.b0.n0.cdn.getcloudapp.com\/items\/xQuYWZqA\/Image%202020-12-03%20at%206.08.55%20PM.jpg?v=e9cea46f7c4c06f919925511dc95dfba"
            }
        ],
        "blocks": [
            {
                "type": "rich_text",
                "block_id": "QWR+B",
                "elements": [
                    {
                        "type": "rich_text_section",
                        "elements": [
                            {
                                "type": "text",
                                "text": "Not sure what people in the thread are talking about, but the date for the post is August 1st, 2019. If you look on the left-hand side for 2020 updates, the last update was on November 24… "
                            },
                            {
                                "type": "link",
                                "url": "https:\/\/p-ZmF7dQ.b0.n0.cdn.getcloudapp.com\/items\/xQuYWZqA\/Image%202020-12-03%20at%206.08.55%20PM.jpg?v=e9cea46f7c4c06f919925511dc95dfba"
                            }
                        ]
                    }
                ]
            }
        ],
        "thread_ts": "1607023224.084000",
        "parent_user_id": "UUJBMNRNF"
    },
    {
        "client_msg_id": "9239E54E-5135-4819-AB42-082B19A86D7A",
        "type": "message",
        "text": "It takes one to two weeks to roll out. The recommendation is to just watch your content for any major changes. \n\nThe tweet itself concerning the core update is from today 12\/3\/20 from Google's search account. \n\nThe blog post they reference is just for you to understand what core updates mean. And the blog post itself was updated in 2019. ",
        "user": "UUJBMNRNF",
        "ts": "1607037146.089500",
        "team": "TJE58GTJL",
        "user_team": "TJE58GTJL",
        "source_team": "TJE58GTJL",
        "user_profile": {
            "avatar_hash": "g60cda1030c0",
            "image_72": "https:\/\/secure.gravatar.com\/avatar\/60cda1030c03869961d38a096c73158e.jpg?s=72&d=https%3A%2F%2Fa.slack-edge.com%2Fdf10d%2Fimg%2Favatars%2Fava_0024-72.png",
            "first_name": "Hannah",
            "real_name": "Hannah Wiginton",
            "display_name": "Hannah Wiginton",
            "team": "TJE58GTJL",
            "name": "hwiginton00",
            "is_restricted": false,
            "is_ultra_restricted": false
        },
        "edited": {
            "user": "UUJBMNRNF",
            "ts": "1607037216.000000"
        },
        "blocks": [
            {
                "type": "rich_text",
                "block_id": "RtQ",
                "elements": [
                    {
                        "type": "rich_text_section",
                        "elements": [
                            {
                                "type": "text",
                                "text": "It takes one to two weeks to roll out. The recommendation is to just watch your content for any major changes. \n\nThe tweet itself concerning the core update is from today 12\/3\/20 from Google's search account. \n\nThe blog post they reference is just for you to understand what core updates mean. And the blog post itself was updated in 2019. "
                            }
                        ]
                    }
                ]
            }
        ],
        "thread_ts": "1607023224.084000",
        "parent_user_id": "UUJBMNRNF",
        "reactions": [
            {
                "name": "+1",
                "users": [
                    "U012R27LRJ8",
                    "UUH2EB134",
                    "U016VHZ0ZD5"
                ],
                "count": 3
            }
        ]
    }
]