[
    {
        "client_msg_id": "09058fa7-d96e-4f08-8ed5-f085a76cd6f5",
        "type": "message",
        "text": "Thank you <@U014SFB7MLY>!",
        "user": "UV5GVN7M2",
        "ts": "1591049613.037700",
        "team": "TJE58GTJL",
        "user_team": "TJE58GTJL",
        "source_team": "TJE58GTJL",
        "user_profile": {
            "avatar_hash": "8878aef67926",
            "image_72": "https:\/\/avatars.slack-edge.com\/2020-03-11\/981129670690_8878aef679261fd77022_72.jpg",
            "first_name": "Megan",
            "real_name": "Megan Z",
            "display_name": "Megan Z",
            "team": "TJE58GTJL",
            "name": "mzink",
            "is_restricted": false,
            "is_ultra_restricted": false
        },
        "blocks": [
            {
                "type": "rich_text",
                "block_id": "2k7",
                "elements": [
                    {
                        "type": "rich_text_section",
                        "elements": [
                            {
                                "type": "text",
                                "text": "Thank you "
                            },
                            {
                                "type": "user",
                                "user_id": "U014SFB7MLY"
                            },
                            {
                                "type": "text",
                                "text": "!"
                            }
                        ]
                    }
                ]
            }
        ],
        "thread_ts": "1584111543.023300",
        "parent_user_id": "UV5GVN7M2"
    }
]