[
    {
        "type": "message",
        "text": "Hi fellow B2B marketers! <@U014UBPTJ0N> asked a really interesting question during the AMA last week and I wanted to hear other perspectives from this group. If you also market to marketers, what’s your perspective?\n\n> _Is there anything interesting or unique about content marketing directed towards marketers? Are we a tougher or easier group to convince through content marketing?_",
        "user": "URB31QKM4",
        "ts": "1600697227.000800",
        "team": "TJE58GTJL",
        "user_team": "TJE58GTJL",
        "source_team": "TJE58GTJL",
        "user_profile": {
            "avatar_hash": "099d380d742a",
            "image_72": "https:\/\/avatars.slack-edge.com\/2020-02-04\/936714280756_099d380d742afea0dc9f_72.png",
            "first_name": "Alicia",
            "real_name": "Alicia Johnston",
            "display_name": "",
            "team": "TJE58GTJL",
            "name": "aliciabjohnston",
            "is_restricted": false,
            "is_ultra_restricted": false
        },
        "attachments": [
            {
                "fallback": "[September 18th, 2020 12:35 PM] runjimdaly: more good ones from <@U014UBPTJ0N>:\n\n_These are a tiny bit outside of the realm of “content marketing” questions, but I’m curious due to your unique role at Sprout Social:_\n\n_Is there anything interesting or unique about content marketing directed towards marketers? Are we a tougher or easier group to convince through content marketing?_ :thinking_face:\n\n_Do you have a sense of how empowered social media\/content marketers are at different companies based on content conversions at Sprout Social? Do individual contributor marketers subscribe directly or do conversions happen at a higher level (e.g. Head\/Director\/VP)?_",
                "ts": "1600450532.035400",
                "author_id": "UJG9WTEKG",
                "author_subname": "Jimmy Daly",
                "channel_id": "C014P2BJLER",
                "channel_name": "general",
                "is_msg_unfurl": true,
                "is_thread_root_unfurl": true,
                "text": "more good ones from <@U014UBPTJ0N>:\n\n_These are a tiny bit outside of the realm of “content marketing” questions, but I’m curious due to your unique role at Sprout Social:_\n\n_Is there anything interesting or unique about content marketing directed towards marketers? Are we a tougher or easier group to convince through content marketing?_ :thinking_face:\n\n_Do you have a sense of how empowered social media\/content marketers are at different companies based on content conversions at Sprout Social? Do individual contributor marketers subscribe directly or do conversions happen at a higher level (e.g. Head\/Director\/VP)?_",
                "author_name": "Jimmy Daly",
                "author_link": "https:\/\/content-career-growth.slack.com\/team\/UJG9WTEKG",
                "author_icon": "https:\/\/secure.gravatar.com\/avatar\/eec25b94e6ebf55f0b7933372344cd09.jpg?s=48&d=https%3A%2F%2Fa.slack-edge.com%2Fdf10d%2Fimg%2Favatars%2Fava_0001-48.png",
                "mrkdwn_in": [
                    "text"
                ],
                "color": "D0D0D0",
                "from_url": "https:\/\/content-career-growth.slack.com\/archives\/C014P2BJLER\/p1600450532035400?thread_ts=1600450532035400&cid=C014P2BJLER",
                "is_share": true,
                "footer": "Thread in #general"
            }
        ],
        "blocks": [
            {
                "type": "rich_text",
                "block_id": "\/Fyd",
                "elements": [
                    {
                        "type": "rich_text_section",
                        "elements": [
                            {
                                "type": "text",
                                "text": "Hi fellow B2B marketers! "
                            },
                            {
                                "type": "user",
                                "user_id": "U014UBPTJ0N"
                            },
                            {
                                "type": "text",
                                "text": " asked a really interesting question during the AMA last week and I wanted to hear other perspectives from this group. If you also market to marketers, what’s your perspective?\n\n"
                            }
                        ]
                    },
                    {
                        "type": "rich_text_quote",
                        "elements": [
                            {
                                "type": "text",
                                "text": "Is there anything interesting or unique about content marketing directed towards marketers? Are we a tougher or easier group to convince through content marketing?",
                                "style": {
                                    "italic": true
                                }
                            }
                        ]
                    }
                ]
            }
        ],
        "thread_ts": "1600697227.000800",
        "reply_count": 6,
        "reply_users_count": 5,
        "latest_reply": "1600787746.003200",
        "reply_users": [
            "U011UJX75PE",
            "U017WRJTKF1",
            "UJDPMTREY",
            "URAV154AV",
            "UUXMCJQ15"
        ],
        "replies": [
            {
                "user": "U011UJX75PE",
                "ts": "1600697529.001100"
            },
            {
                "user": "U017WRJTKF1",
                "ts": "1600707386.001700"
            },
            {
                "user": "UJDPMTREY",
                "ts": "1600779371.002300"
            },
            {
                "user": "URAV154AV",
                "ts": "1600779868.002600"
            },
            {
                "user": "URAV154AV",
                "ts": "1600780228.003000"
            },
            {
                "user": "UUXMCJQ15",
                "ts": "1600787746.003200"
            }
        ],
        "is_locked": false,
        "subscribed": false,
        "reactions": [
            {
                "name": "heart",
                "users": [
                    "U014UBPTJ0N",
                    "U011UJX75PE",
                    "U014QJ54630"
                ],
                "count": 3
            },
            {
                "name": "thinking_face",
                "users": [
                    "U014UBPTJ0N",
                    "U011UJX75PE",
                    "U017WRJTKF1"
                ],
                "count": 3
            }
        ]
    },
    {
        "client_msg_id": "2cfabdcf-6ddb-427d-b8c4-82e3b434429e",
        "type": "message",
        "text": "the big thing that stands out to me about marketers is that they highly value distribution because that's the scarcest commodity. so one effective approach when marketing to marketers is to make your marketing a platform for others' marketing.",
        "user": "U011UJX75PE",
        "ts": "1600697529.001100",
        "team": "TJE58GTJL",
        "user_team": "TJE58GTJL",
        "source_team": "TJE58GTJL",
        "user_profile": {
            "avatar_hash": "35b4e7bec8e7",
            "image_72": "https:\/\/avatars.slack-edge.com\/2020-04-10\/1065450049489_35b4e7bec8e7151a1927_72.jpg",
            "first_name": "Walter",
            "real_name": "Walter",
            "display_name": "Walter",
            "team": "TJE58GTJL",
            "name": "walter.chen",
            "is_restricted": false,
            "is_ultra_restricted": false
        },
        "blocks": [
            {
                "type": "rich_text",
                "block_id": "YKH",
                "elements": [
                    {
                        "type": "rich_text_section",
                        "elements": [
                            {
                                "type": "text",
                                "text": "the big thing that stands out to me about marketers is that they highly value distribution because that's the scarcest commodity. so one effective approach when marketing to marketers is to make your marketing a platform for others' marketing."
                            }
                        ]
                    }
                ]
            }
        ],
        "thread_ts": "1600697227.000800",
        "parent_user_id": "URB31QKM4",
        "reactions": [
            {
                "name": "raised_hands",
                "users": [
                    "URB31QKM4"
                ],
                "count": 1
            },
            {
                "name": "brain",
                "users": [
                    "UJDPMTREY"
                ],
                "count": 1
            }
        ]
    },
    {
        "client_msg_id": "d31b7c70-2c17-4264-adab-c886a8228768",
        "type": "message",
        "text": "I think that we (...me!) may be a tougher group to convince because we, as practitioners, can see through the 'fluff'. I am forever shocked about high conversion rates on shallow content, and yet it seems to work. A lot! I like to think of myself as a sophisticated marketer who sees through all of that and so yes, I think marketing to marketers is harder  :slightly_smiling_face:",
        "user": "U017WRJTKF1",
        "ts": "1600707386.001700",
        "team": "TJE58GTJL",
        "user_team": "TJE58GTJL",
        "source_team": "TJE58GTJL",
        "user_profile": {
            "avatar_hash": "5becbba1453b",
            "image_72": "https:\/\/avatars.slack-edge.com\/2021-08-19\/2398013799555_5becbba1453b45394896_72.jpg",
            "first_name": "fio",
            "real_name": "fio",
            "display_name": "fio",
            "team": "TJE58GTJL",
            "name": "fio",
            "is_restricted": false,
            "is_ultra_restricted": false
        },
        "blocks": [
            {
                "type": "rich_text",
                "block_id": "iAf0T",
                "elements": [
                    {
                        "type": "rich_text_section",
                        "elements": [
                            {
                                "type": "text",
                                "text": "I think that we (...me!) may be a tougher group to convince because we, as practitioners, can see through the 'fluff'. I am forever shocked about high conversion rates on shallow content, and yet it seems to work. A lot! I like to think of myself as a sophisticated marketer who sees through all of that and so yes, I think marketing to marketers is harder  "
                            },
                            {
                                "type": "emoji",
                                "name": "slightly_smiling_face"
                            }
                        ]
                    }
                ]
            }
        ],
        "thread_ts": "1600697227.000800",
        "parent_user_id": "URB31QKM4",
        "reactions": [
            {
                "name": "heavy_plus_sign",
                "users": [
                    "UJDPMTREY",
                    "UUH2ESL66"
                ],
                "count": 2
            }
        ]
    }
]