[
    {
        "client_msg_id": "5641e6f4-baa9-4c49-ae2e-329c04292973",
        "type": "message",
        "text": "I'm more versed in B2B with avg contract size ranging from $1,000 to $5,000 monthly. What type of content is fitting for enterprise sized customers? Trying to learn to support some young companies that are trying to go after bigger fish.",
        "user": "U013VC9V325",
        "ts": "1589575534.012900",
        "team": "TJE58GTJL",
        "user_team": "TJE58GTJL",
        "source_team": "TJE58GTJL",
        "user_profile": {
            "avatar_hash": "f405aa2fe2c1",
            "image_72": "https:\/\/avatars.slack-edge.com\/2020-05-12\/1119016333251_f405aa2fe2c1a29cf665_72.jpg",
            "first_name": "Hunter",
            "real_name": "Hunter Pechin",
            "display_name": "Hunter Pechin",
            "team": "TJE58GTJL",
            "name": "hunter",
            "is_restricted": false,
            "is_ultra_restricted": false
        },
        "blocks": [
            {
                "type": "rich_text",
                "block_id": "WrHQ",
                "elements": [
                    {
                        "type": "rich_text_section",
                        "elements": [
                            {
                                "type": "text",
                                "text": "I'm more versed in B2B with avg contract size ranging from $1,000 to $5,000 monthly. What type of content is fitting for enterprise sized customers? Trying to learn to support some young companies that are trying to go after bigger fish."
                            }
                        ]
                    }
                ]
            }
        ],
        "thread_ts": "1589500551.009300",
        "parent_user_id": "UUXMC3ZFH"
    },
    {
        "client_msg_id": "824e04ab-5db5-4d7f-b9ec-72e06e2d6deb",
        "type": "message",
        "text": "<@U013VC9V325> This is a great question. I believe there's a big difference in the kind of content that supports the kinds of sales you're asking about. I'm talking here about sales with an ACV of $100,000 and up.\n\nThe kind of content you need to create depends mostly on the complexity of the customer's decision process and the kinds of questions they are likely to ask throughout it.\n\nI also depends on whether Marketing will throw MQLs over the wall for Sales to close, or whether Marketing and Sales agree that content has something to contribute toward shortening sales cycles.\n\nI don't want to go on and on here and risk boring you.\n\nThis is a big topic, and I'm passionate about it.  In my experience, few B2B marketers know anything about how to support complex sales. They usually leave that challenge to Sales.\n\nPlease tell me how interested you are, and I'll respond with what I hope is the right amount of detail.",
        "user": "UUXMC3ZFH",
        "ts": "1589586860.013100",
        "team": "TJE58GTJL",
        "user_team": "TJE58GTJL",
        "source_team": "TJE58GTJL",
        "user_profile": {
            "avatar_hash": "g32741d44912",
            "image_72": "https:\/\/secure.gravatar.com\/avatar\/32741d44912ef78f542f28f30f1abf21.jpg?s=72&d=https%3A%2F%2Fa.slack-edge.com%2Fdf10d%2Fimg%2Favatars%2Fava_0014-72.png",
            "first_name": "Dave",
            "real_name": "Dave Vranicar",
            "display_name": "Dave Vranicar",
            "team": "TJE58GTJL",
            "name": "dave.vranicar950",
            "is_restricted": false,
            "is_ultra_restricted": false
        },
        "edited": {
            "user": "UUXMC3ZFH",
            "ts": "1589587074.000000"
        },
        "blocks": [
            {
                "type": "rich_text",
                "block_id": "R=ozb",
                "elements": [
                    {
                        "type": "rich_text_section",
                        "elements": [
                            {
                                "type": "user",
                                "user_id": "U013VC9V325"
                            },
                            {
                                "type": "text",
                                "text": " This is a great question. I believe there's a big difference in the kind of content that supports the kinds of sales you're asking about. I'm talking here about sales with an ACV of $100,000 and up.\n\nThe kind of content you need to create depends mostly on the complexity of the customer's decision process and the kinds of questions they are likely to ask throughout it.\n\nI also depends on whether Marketing will throw MQLs over the wall for Sales to close, or whether Marketing and Sales agree that content has something to contribute toward shortening sales cycles.\n\nI don't want to go on and on here and risk boring you.\n\nThis is a big topic, and I'm passionate about it.  In my experience, few B2B marketers know anything about how to support complex sales. They usually leave that challenge to Sales.\n\nPlease tell me how interested you are, and I'll respond with what I hope is the right amount of detail."
                            }
                        ]
                    }
                ]
            }
        ],
        "thread_ts": "1589500551.009300",
        "parent_user_id": "UUXMC3ZFH"
    },
    {
        "client_msg_id": "C4E6BB31-6EFE-42B2-9478-0944F150CA73",
        "type": "message",
        "text": "Yea, I’d welcome more detail \/ learning more. ",
        "user": "U013VC9V325",
        "ts": "1589586953.014600",
        "team": "TJE58GTJL",
        "user_team": "TJE58GTJL",
        "source_team": "TJE58GTJL",
        "user_profile": {
            "avatar_hash": "f405aa2fe2c1",
            "image_72": "https:\/\/avatars.slack-edge.com\/2020-05-12\/1119016333251_f405aa2fe2c1a29cf665_72.jpg",
            "first_name": "Hunter",
            "real_name": "Hunter Pechin",
            "display_name": "Hunter Pechin",
            "team": "TJE58GTJL",
            "name": "hunter",
            "is_restricted": false,
            "is_ultra_restricted": false
        },
        "blocks": [
            {
                "type": "rich_text",
                "block_id": "Ech3Q",
                "elements": [
                    {
                        "type": "rich_text_section",
                        "elements": [
                            {
                                "type": "text",
                                "text": "Yea, I’d welcome more detail \/ learning more. "
                            }
                        ]
                    }
                ]
            }
        ],
        "thread_ts": "1589500551.009300",
        "parent_user_id": "UUXMC3ZFH"
    },
    {
        "client_msg_id": "FBD246A2-560A-4E5E-9D8D-83DC20F34D4C",
        "type": "message",
        "text": "I’m working with a couple groups and producing “they ask, you answer” content in the school of thought of Marcus Sheridan but wondering how to approach content for the big banks and health centers (fintech and health tech respectively) that they aspire to lasso.",
        "user": "U013VC9V325",
        "ts": "1589587050.017500",
        "team": "TJE58GTJL",
        "user_team": "TJE58GTJL",
        "source_team": "TJE58GTJL",
        "user_profile": {
            "avatar_hash": "f405aa2fe2c1",
            "image_72": "https:\/\/avatars.slack-edge.com\/2020-05-12\/1119016333251_f405aa2fe2c1a29cf665_72.jpg",
            "first_name": "Hunter",
            "real_name": "Hunter Pechin",
            "display_name": "Hunter Pechin",
            "team": "TJE58GTJL",
            "name": "hunter",
            "is_restricted": false,
            "is_ultra_restricted": false
        },
        "blocks": [
            {
                "type": "rich_text",
                "block_id": "hklCz",
                "elements": [
                    {
                        "type": "rich_text_section",
                        "elements": [
                            {
                                "type": "text",
                                "text": "I’m working with a couple groups and producing “they ask, you answer” content in the school of thought of Marcus Sheridan but wondering how to approach content for the big banks and health centers (fintech and health tech respectively) that they aspire to lasso."
                            }
                        ]
                    }
                ]
            }
        ],
        "thread_ts": "1589500551.009300",
        "parent_user_id": "UUXMC3ZFH"
    },
    {
        "client_msg_id": "84bd5dc5-15c1-4a5a-89d1-521ab6bdfd64",
        "type": "message",
        "text": "I've worked mostly in the 30K+ range, all the way up to huge enterprise deals in the millions of dollars. I think it takes a while to understand how long and complex the sales cycles are, and develop real empathy for your sales team, who might have to manage buying committees of dozens of even hundreds of people in dozens of different roles around the world. It's a slow burn. Your company might go to bat 2 or 3 times before they buy. You have to nurture. And you have to prove why every single persona needs what you're selling. You have to slice that content razor thin sometimes because if they even get a whiff of generality they ain't having it.",
        "user": "URAV154AV",
        "ts": "1589587137.017800",
        "team": "TJE58GTJL",
        "user_team": "TJE58GTJL",
        "source_team": "TJE58GTJL",
        "user_profile": {
            "avatar_hash": "82eece4f99ca",
            "image_72": "https:\/\/avatars.slack-edge.com\/2019-12-12\/871274952613_82eece4f99caf7981b42_72.jpg",
            "first_name": "Cassandra",
            "real_name": "Cassandra Jowett",
            "display_name": "Cassandra Jowett",
            "team": "TJE58GTJL",
            "name": "cassandrajowett",
            "is_restricted": false,
            "is_ultra_restricted": false
        },
        "blocks": [
            {
                "type": "rich_text",
                "block_id": "ACT",
                "elements": [
                    {
                        "type": "rich_text_section",
                        "elements": [
                            {
                                "type": "text",
                                "text": "I've worked mostly in the 30K+ range, all the way up to huge enterprise deals in the millions of dollars. I think it takes a while to understand how long and complex the sales cycles are, and develop real empathy for your sales team, who might have to manage buying committees of dozens of even hundreds of people in dozens of different roles around the world. It's a slow burn. Your company might go to bat 2 or 3 times before they buy. You have to nurture. And you have to prove why every single persona needs what you're selling. You have to slice that content razor thin sometimes because if they even get a whiff of generality they ain't having it."
                            }
                        ]
                    }
                ]
            }
        ],
        "thread_ts": "1589500551.009300",
        "parent_user_id": "UUXMC3ZFH"
    },
    {
        "client_msg_id": "172fe1d0-7acd-44b8-abd6-21099a9dfcde",
        "type": "message",
        "text": "Instead of a few interactions' worth of content, you start thinking on the scale of a few interactions per month for every persona for 1-2 years.",
        "user": "URAV154AV",
        "ts": "1589587185.018000",
        "team": "TJE58GTJL",
        "user_team": "TJE58GTJL",
        "source_team": "TJE58GTJL",
        "user_profile": {
            "avatar_hash": "82eece4f99ca",
            "image_72": "https:\/\/avatars.slack-edge.com\/2019-12-12\/871274952613_82eece4f99caf7981b42_72.jpg",
            "first_name": "Cassandra",
            "real_name": "Cassandra Jowett",
            "display_name": "Cassandra Jowett",
            "team": "TJE58GTJL",
            "name": "cassandrajowett",
            "is_restricted": false,
            "is_ultra_restricted": false
        },
        "blocks": [
            {
                "type": "rich_text",
                "block_id": "KcW",
                "elements": [
                    {
                        "type": "rich_text_section",
                        "elements": [
                            {
                                "type": "text",
                                "text": "Instead of a few interactions' worth of content, you start thinking on the scale of a few interactions per month for every persona for 1-2 years."
                            }
                        ]
                    }
                ]
            }
        ],
        "thread_ts": "1589500551.009300",
        "parent_user_id": "UUXMC3ZFH"
    },
    {
        "client_msg_id": "4718f501-15fd-48dc-b96d-bb6d4f9a5d6f",
        "type": "message",
        "text": "<@U013VC9V325> love that you're working on They Ask, You Answer content. I'm a big fan of Marcus Sheridan, and I think his ideas deserve a lot more consideration than they seem to get from marketers who work with complex sales. In complex buying decisions, buyers have many times more questions than they do in simpler buying decisions. The key is to understand all their questions and concerns and to address them with content.",
        "user": "UUXMC3ZFH",
        "ts": "1589587214.018200",
        "team": "TJE58GTJL",
        "user_team": "TJE58GTJL",
        "source_team": "TJE58GTJL",
        "user_profile": {
            "avatar_hash": "g32741d44912",
            "image_72": "https:\/\/secure.gravatar.com\/avatar\/32741d44912ef78f542f28f30f1abf21.jpg?s=72&d=https%3A%2F%2Fa.slack-edge.com%2Fdf10d%2Fimg%2Favatars%2Fava_0014-72.png",
            "first_name": "Dave",
            "real_name": "Dave Vranicar",
            "display_name": "Dave Vranicar",
            "team": "TJE58GTJL",
            "name": "dave.vranicar950",
            "is_restricted": false,
            "is_ultra_restricted": false
        },
        "edited": {
            "user": "UUXMC3ZFH",
            "ts": "1589587735.000000"
        },
        "blocks": [
            {
                "type": "rich_text",
                "block_id": "\/Hs2Y",
                "elements": [
                    {
                        "type": "rich_text_section",
                        "elements": [
                            {
                                "type": "user",
                                "user_id": "U013VC9V325"
                            },
                            {
                                "type": "text",
                                "text": " ",
                                "style": {
                                    "italic": true
                                }
                            },
                            {
                                "type": "text",
                                "text": "love that you're working on They Ask, You Answer content. I'm a big fan of Marcus Sheridan, and I think his ideas deserve a lot more consideration than they seem to get from marketers who work with complex sales. In complex buying decisions, buyers have many times more questions than they do in simpler buying decisions. The key is to understand all their questions and concerns and to address them with content."
                            }
                        ]
                    }
                ]
            }
        ],
        "thread_ts": "1589500551.009300",
        "parent_user_id": "UUXMC3ZFH"
    },
    {
        "client_msg_id": "a335a259-b558-429a-9591-bdc1e4bc8cb6",
        "type": "message",
        "text": "<@URAV154AV> Thanks for you insights. I agree with you entirely. I think part of the problem is that we have no concept in our marketing and sales lexicon that enables us to distinguish easily among the many levels of complexity of B2B sales.\n\nAs you've noted, one major complexity for content marketers is related to the number of people who influence a buying decision. But more than that, it also depends on the number of business functions or domains that are involved.\n\nLegal has their own priorities, concerns, and decision criteria. Finance has others. Compliance has others. Supply chain has others. And on and on.\n\nThe key is that you must create content that appeals to each of the key groups and that speaks to their varying values, concerns, perceptions of risk, and functional requirements.",
        "user": "UUXMC3ZFH",
        "ts": "1589587477.018400",
        "team": "TJE58GTJL",
        "user_team": "TJE58GTJL",
        "source_team": "TJE58GTJL",
        "user_profile": {
            "avatar_hash": "g32741d44912",
            "image_72": "https:\/\/secure.gravatar.com\/avatar\/32741d44912ef78f542f28f30f1abf21.jpg?s=72&d=https%3A%2F%2Fa.slack-edge.com%2Fdf10d%2Fimg%2Favatars%2Fava_0014-72.png",
            "first_name": "Dave",
            "real_name": "Dave Vranicar",
            "display_name": "Dave Vranicar",
            "team": "TJE58GTJL",
            "name": "dave.vranicar950",
            "is_restricted": false,
            "is_ultra_restricted": false
        },
        "edited": {
            "user": "UUXMC3ZFH",
            "ts": "1589587590.000000"
        },
        "blocks": [
            {
                "type": "rich_text",
                "block_id": "sFlre",
                "elements": [
                    {
                        "type": "rich_text_section",
                        "elements": [
                            {
                                "type": "user",
                                "user_id": "URAV154AV"
                            },
                            {
                                "type": "text",
                                "text": " Thanks for you insights. I agree with you entirely. I think part of the problem is that we have no concept in our marketing and sales lexicon that enables us to distinguish easily among the many levels of complexity of B2B sales.\n\nAs you've noted, one major complexity for content marketers is related to the number of people who influence a buying decision. But more than that, it also depends on the number of business functions or domains that are involved.\n\nLegal has their own priorities, concerns, and decision criteria. Finance has others. Compliance has others. Supply chain has others. And on and on.\n\nThe key is that you must create content that appeals to each of the key groups and that speaks to their varying values, concerns, perceptions of risk, and functional requirements."
                            }
                        ]
                    }
                ]
            }
        ],
        "thread_ts": "1589500551.009300",
        "parent_user_id": "UUXMC3ZFH"
    },
    {
        "client_msg_id": "0c2cc889-a1f4-4079-b68e-8166be7affff",
        "type": "message",
        "text": "I think in the past marketers have pretty much quit producing content for deals that have been passed to Sales. They wash their hands when it comes to closing the deal. I believe this is a big missed opportunity for both Sales and Marketing.",
        "user": "UUXMC3ZFH",
        "ts": "1589587621.018700",
        "team": "TJE58GTJL",
        "user_team": "TJE58GTJL",
        "source_team": "TJE58GTJL",
        "user_profile": {
            "avatar_hash": "g32741d44912",
            "image_72": "https:\/\/secure.gravatar.com\/avatar\/32741d44912ef78f542f28f30f1abf21.jpg?s=72&d=https%3A%2F%2Fa.slack-edge.com%2Fdf10d%2Fimg%2Favatars%2Fava_0014-72.png",
            "first_name": "Dave",
            "real_name": "Dave Vranicar",
            "display_name": "Dave Vranicar",
            "team": "TJE58GTJL",
            "name": "dave.vranicar950",
            "is_restricted": false,
            "is_ultra_restricted": false
        },
        "blocks": [
            {
                "type": "rich_text",
                "block_id": "rZrpQ",
                "elements": [
                    {
                        "type": "rich_text_section",
                        "elements": [
                            {
                                "type": "text",
                                "text": "I think in the past marketers have pretty much quit producing content for deals that have been passed to Sales. They wash their hands when it comes to closing the deal. I believe this is a big missed opportunity for both Sales and Marketing."
                            }
                        ]
                    }
                ]
            }
        ],
        "thread_ts": "1589500551.009300",
        "parent_user_id": "UUXMC3ZFH"
    },
    {
        "client_msg_id": "26ADDB84-2E70-44F7-AF2E-E3559EE5F040",
        "type": "message",
        "text": "Thanks guys that makes sense <@UUVRXEWJ1> <@URAV154AV> I’m thinking the place to start is hearing from the sales team on objections and questions they’ve heard",
        "user": "U013VC9V325",
        "ts": "1589587913.020400",
        "team": "TJE58GTJL",
        "user_team": "TJE58GTJL",
        "source_team": "TJE58GTJL",
        "user_profile": {
            "avatar_hash": "f405aa2fe2c1",
            "image_72": "https:\/\/avatars.slack-edge.com\/2020-05-12\/1119016333251_f405aa2fe2c1a29cf665_72.jpg",
            "first_name": "Hunter",
            "real_name": "Hunter Pechin",
            "display_name": "Hunter Pechin",
            "team": "TJE58GTJL",
            "name": "hunter",
            "is_restricted": false,
            "is_ultra_restricted": false
        },
        "blocks": [
            {
                "type": "rich_text",
                "block_id": "+=+",
                "elements": [
                    {
                        "type": "rich_text_section",
                        "elements": [
                            {
                                "type": "text",
                                "text": "Thanks guys that makes sense "
                            },
                            {
                                "type": "user",
                                "user_id": "UUVRXEWJ1"
                            },
                            {
                                "type": "text",
                                "text": " "
                            },
                            {
                                "type": "user",
                                "user_id": "URAV154AV"
                            },
                            {
                                "type": "text",
                                "text": " I’m thinking the place to start is hearing from the sales team on objections and questions they’ve heard"
                            }
                        ]
                    }
                ]
            }
        ],
        "thread_ts": "1589500551.009300",
        "parent_user_id": "UUXMC3ZFH"
    },
    {
        "client_msg_id": "6DFCC91A-154B-496B-8A6C-6C5022E49858",
        "type": "message",
        "text": "<@U013VC9V325> I think you’ve chosen a good place to start. \n\nI urge you to keep pressing the sales team to dig deeper for questions. \n\nThey may share a few to get you off their backs. But you want them to share dozens of questions and concerns. \n\nTo facilitate your conversations with Sales, I suggest you ask them to break the buyer questions down for different business functions involved in the buying decision. \n\nThen also break the questions and concerns down by the stage in the buyer’s decision process. (This is important because buyer interests and preoccupations vary by stage. You must share the right information with the right people at the right times and in the right formats.)\n\nThe more Sales shares such insights with you, the more you’ll be able to help Sales by creating content that speaks to buyers’ questions and concerns. \n\nSellers need content for this because they’re rarely available to address the questions of all buyers at the time they arise. \n\nIn addition, some key executives who influence a buying decision are likely to be unknown to the seller or they don’t want to talk to sellers in general.\n\nAs much as 70% of the complex buying decision occurs with no seller available to influence the buyers’ thought processes. \n\nIt’s gotten even harder for sellers now that face-to-face sales meetings are limited because of the pandemic. Sellers have to rely more than ever on remote selling and digital content. And marketers have an opportunity to step up.",
        "user": "UUXMC3ZFH",
        "ts": "1589588605.029500",
        "team": "TJE58GTJL",
        "user_team": "TJE58GTJL",
        "source_team": "TJE58GTJL",
        "user_profile": {
            "avatar_hash": "g32741d44912",
            "image_72": "https:\/\/secure.gravatar.com\/avatar\/32741d44912ef78f542f28f30f1abf21.jpg?s=72&d=https%3A%2F%2Fa.slack-edge.com%2Fdf10d%2Fimg%2Favatars%2Fava_0014-72.png",
            "first_name": "Dave",
            "real_name": "Dave Vranicar",
            "display_name": "Dave Vranicar",
            "team": "TJE58GTJL",
            "name": "dave.vranicar950",
            "is_restricted": false,
            "is_ultra_restricted": false
        },
        "edited": {
            "user": "UUXMC3ZFH",
            "ts": "1589594398.000000"
        },
        "blocks": [
            {
                "type": "rich_text",
                "block_id": "ao8f",
                "elements": [
                    {
                        "type": "rich_text_section",
                        "elements": [
                            {
                                "type": "user",
                                "user_id": "U013VC9V325"
                            },
                            {
                                "type": "text",
                                "text": " I think you’ve chosen a good place to start. \n\nI urge you to keep pressing the sales team to dig deeper for questions. \n\nThey may share a few to get you off their backs. But you want them to share dozens of questions and concerns. \n\nTo facilitate your conversations with Sales, I suggest you ask them to break the buyer questions down for different business functions involved in the buying decision. \n\nThen also break the questions and concerns down by the stage in the buyer’s decision process. (This is important because buyer interests and preoccupations vary by stage. You must share the right information with the right people at the right times and in the right formats.)\n\nThe more Sales shares such insights with you, the more you’ll be able to help Sales by creating content that speaks to buyers’ questions and concerns. \n\nSellers need content for this because they’re rarely available to address the questions of all buyers at the time they arise. \n\nIn addition, some key executives who influence a buying decision are likely to be unknown to the seller or they don’t want to talk to sellers in general.\n\nAs much as 70% of the complex buying decision occurs with no seller available to influence the buyers’ thought processes. \n\nIt’s gotten even harder for sellers now that face-to-face sales meetings are limited because of the pandemic. Sellers have to rely more than ever on remote selling and digital content. And marketers have an opportunity to step up."
                            }
                        ]
                    }
                ]
            }
        ],
        "thread_ts": "1589500551.009300",
        "parent_user_id": "UUXMC3ZFH"
    }
]