[
    {
        "client_msg_id": "769A4E16-FD5D-44D7-9148-B0384D6E6FCB",
        "type": "message",
        "text": "How do you or have you defined content by funnel stage? \n\nSo many resources define this by content formats, which I’ve always felt was the wrong way to do it. A blog post, for instance, can be consideration or even decision stage if it’s heavily selling the brand or product. I’ve long based these labels on a mix of the intended purpose and prevalence of CTAs related to the product or brand. \n\nWhat’s your take? ",
        "user": "UUH2EB134",
        "ts": "1595350634.051500",
        "team": "TJE58GTJL",
        "user_team": "TJE58GTJL",
        "source_team": "TJE58GTJL",
        "user_profile": {
            "avatar_hash": "91f75496da23",
            "image_72": "https:\/\/avatars.slack-edge.com\/2021-10-11\/2592255583170_91f75496da238af310c2_72.png",
            "first_name": "Ronnie",
            "real_name": "Ronnie Higgins",
            "display_name": "Ronnie Higgins",
            "team": "TJE58GTJL",
            "name": "ronnie",
            "is_restricted": false,
            "is_ultra_restricted": false
        },
        "edited": {
            "user": "UUH2EB134",
            "ts": "1595350688.000000"
        },
        "blocks": [
            {
                "type": "rich_text",
                "block_id": "k=V",
                "elements": [
                    {
                        "type": "rich_text_section",
                        "elements": [
                            {
                                "type": "text",
                                "text": "How do you or have you defined content by funnel stage? \n\nSo many resources define this by content formats, which I’ve always felt was the wrong way to do it. A blog post, for instance, can be consideration or even decision stage if it’s heavily selling the brand or product. I’ve long based these labels on a mix of the intended purpose and prevalence of CTAs related to the product or brand. \n\nWhat’s your take? "
                            }
                        ]
                    }
                ]
            }
        ],
        "thread_ts": "1595350634.051500",
        "reply_count": 14,
        "reply_users_count": 10,
        "latest_reply": "1598224561.004100",
        "reply_users": [
            "URB31QKM4",
            "UUJBMNRNF",
            "U016ZUJNNRY",
            "UUJBTMPSP",
            "UJ2QESJ66",
            "U014ZK7Q1TP",
            "UUKNM4VDX",
            "U016CGRMRAR",
            "UPY7WN4LW",
            "U0169509JG5"
        ],
        "replies": [
            {
                "user": "URB31QKM4",
                "ts": "1595350896.051700"
            },
            {
                "user": "UUJBMNRNF",
                "ts": "1595351560.053100"
            },
            {
                "user": "UUJBMNRNF",
                "ts": "1595351604.053800"
            },
            {
                "user": "URB31QKM4",
                "ts": "1595351889.054000"
            },
            {
                "user": "U016ZUJNNRY",
                "ts": "1595354766.054300"
            },
            {
                "user": "UUJBTMPSP",
                "ts": "1595400076.054700"
            },
            {
                "user": "UJ2QESJ66",
                "ts": "1595649455.055900"
            },
            {
                "user": "U014ZK7Q1TP",
                "ts": "1595979056.056900"
            },
            {
                "user": "UUKNM4VDX",
                "ts": "1596028960.057300"
            },
            {
                "user": "U016CGRMRAR",
                "ts": "1596430239.068000"
            },
            {
                "user": "U014ZK7Q1TP",
                "ts": "1596824555.069500"
            },
            {
                "user": "UPY7WN4LW",
                "ts": "1596990519.070300"
            },
            {
                "user": "U016CGRMRAR",
                "ts": "1598224534.003900"
            },
            {
                "user": "U0169509JG5",
                "ts": "1598224561.004100"
            }
        ],
        "is_locked": false,
        "subscribed": false,
        "reactions": [
            {
                "name": "heart",
                "users": [
                    "UUJBMNRNF"
                ],
                "count": 1
            }
        ]
    },
    {
        "client_msg_id": "fe9b7c8d-a2b1-4720-bbd1-ef59bb18ef8d",
        "type": "message",
        "text": "We do this! All of our external content is created with a specific funnel stage in mind. Internally, we have a reference that defines each stage, provides the goal of content at that stage, lists CTA examples and provides a few examples of types of content that frequently fall under that. Similar to having a solid marketing persona when writing, it’s really helped us get specific about when\/where\/how we talk about our product.",
        "user": "URB31QKM4",
        "ts": "1595350896.051700",
        "team": "TJE58GTJL",
        "user_team": "TJE58GTJL",
        "source_team": "TJE58GTJL",
        "user_profile": {
            "avatar_hash": "099d380d742a",
            "image_72": "https:\/\/avatars.slack-edge.com\/2020-02-04\/936714280756_099d380d742afea0dc9f_72.png",
            "first_name": "Alicia",
            "real_name": "Alicia Johnston",
            "display_name": "",
            "team": "TJE58GTJL",
            "name": "aliciabjohnston",
            "is_restricted": false,
            "is_ultra_restricted": false
        },
        "blocks": [
            {
                "type": "rich_text",
                "block_id": "VA8",
                "elements": [
                    {
                        "type": "rich_text_section",
                        "elements": [
                            {
                                "type": "text",
                                "text": "We do this! All of our external content is created with a specific funnel stage in mind. Internally, we have a reference that defines each stage, provides the goal of content at that stage, lists CTA examples and provides a few examples of types of content that frequently fall under that. Similar to having a solid marketing persona when writing, it’s really helped us get specific about when\/where\/how we talk about our product."
                            }
                        ]
                    }
                ]
            }
        ],
        "thread_ts": "1595350634.051500",
        "parent_user_id": "UUH2EB134",
        "reactions": [
            {
                "name": "heart",
                "users": [
                    "UUJBMNRNF",
                    "UUH2EB134",
                    "U016ZUJNNRY",
                    "U016NBFS16Y",
                    "UJ2QESJ66",
                    "U011AKYPAAG",
                    "U0169509JG5"
                ],
                "count": 7
            }
        ]
    },
    {
        "client_msg_id": "C563C944-F956-420F-8F62-783171BA3F77",
        "type": "message",
        "text": "<@URB31QKM4>, are you able to share a basic template of what this looks like? \nThis is something I've been wanting to hash out.",
        "user": "UUJBMNRNF",
        "ts": "1595351560.053100",
        "team": "TJE58GTJL",
        "user_team": "TJE58GTJL",
        "source_team": "TJE58GTJL",
        "user_profile": {
            "avatar_hash": "g60cda1030c0",
            "image_72": "https:\/\/secure.gravatar.com\/avatar\/60cda1030c03869961d38a096c73158e.jpg?s=72&d=https%3A%2F%2Fa.slack-edge.com%2Fdf10d%2Fimg%2Favatars%2Fava_0024-72.png",
            "first_name": "Hannah",
            "real_name": "Hannah Wiginton",
            "display_name": "Hannah Wiginton",
            "team": "TJE58GTJL",
            "name": "hwiginton00",
            "is_restricted": false,
            "is_ultra_restricted": false
        },
        "edited": {
            "user": "UUJBMNRNF",
            "ts": "1595351574.000000"
        },
        "blocks": [
            {
                "type": "rich_text",
                "block_id": "hUPL4",
                "elements": [
                    {
                        "type": "rich_text_section",
                        "elements": [
                            {
                                "type": "user",
                                "user_id": "URB31QKM4"
                            },
                            {
                                "type": "text",
                                "text": ", are you able to share a basic template of what this looks like? \nThis is something I've been wanting to hash out."
                            }
                        ]
                    }
                ]
            }
        ],
        "thread_ts": "1595350634.051500",
        "parent_user_id": "UUH2EB134"
    },
    {
        "client_msg_id": "75650709-F93C-4260-BE4D-989ADA00CB7D",
        "type": "message",
        "text": "Love this q, Ronnie!",
        "user": "UUJBMNRNF",
        "ts": "1595351604.053800",
        "team": "TJE58GTJL",
        "user_team": "TJE58GTJL",
        "source_team": "TJE58GTJL",
        "user_profile": {
            "avatar_hash": "g60cda1030c0",
            "image_72": "https:\/\/secure.gravatar.com\/avatar\/60cda1030c03869961d38a096c73158e.jpg?s=72&d=https%3A%2F%2Fa.slack-edge.com%2Fdf10d%2Fimg%2Favatars%2Fava_0024-72.png",
            "first_name": "Hannah",
            "real_name": "Hannah Wiginton",
            "display_name": "Hannah Wiginton",
            "team": "TJE58GTJL",
            "name": "hwiginton00",
            "is_restricted": false,
            "is_ultra_restricted": false
        },
        "blocks": [
            {
                "type": "rich_text",
                "block_id": "3n3C",
                "elements": [
                    {
                        "type": "rich_text_section",
                        "elements": [
                            {
                                "type": "text",
                                "text": "Love this q, Ronnie!"
                            }
                        ]
                    }
                ]
            }
        ],
        "thread_ts": "1595350634.051500",
        "parent_user_id": "UUH2EB134"
    },
    {
        "client_msg_id": "4269a0ee-a914-4966-b1a2-bf2214f2779a",
        "type": "message",
        "text": "Sure <@UUJBMNRNF>! I’ll DM you two.",
        "user": "URB31QKM4",
        "ts": "1595351889.054000",
        "team": "TJE58GTJL",
        "user_team": "TJE58GTJL",
        "source_team": "TJE58GTJL",
        "user_profile": {
            "avatar_hash": "099d380d742a",
            "image_72": "https:\/\/avatars.slack-edge.com\/2020-02-04\/936714280756_099d380d742afea0dc9f_72.png",
            "first_name": "Alicia",
            "real_name": "Alicia Johnston",
            "display_name": "",
            "team": "TJE58GTJL",
            "name": "aliciabjohnston",
            "is_restricted": false,
            "is_ultra_restricted": false
        },
        "blocks": [
            {
                "type": "rich_text",
                "block_id": "6pqk",
                "elements": [
                    {
                        "type": "rich_text_section",
                        "elements": [
                            {
                                "type": "text",
                                "text": "Sure "
                            },
                            {
                                "type": "user",
                                "user_id": "UUJBMNRNF"
                            },
                            {
                                "type": "text",
                                "text": "! I’ll DM you two."
                            }
                        ]
                    }
                ]
            }
        ],
        "thread_ts": "1595350634.051500",
        "parent_user_id": "UUH2EB134"
    },
    {
        "client_msg_id": "285dade8-25cf-4bfb-b293-5d4c1fc6a6e7",
        "type": "message",
        "text": "I'd love to understand your approach as well, <@URB31QKM4> :) Thank you so much!",
        "user": "U016ZUJNNRY",
        "ts": "1595354766.054300",
        "team": "TJE58GTJL",
        "user_team": "TJE58GTJL",
        "source_team": "TJE58GTJL",
        "user_profile": {
            "avatar_hash": "ae7ee2119084",
            "image_72": "https:\/\/avatars.slack-edge.com\/2020-07-14\/1224736761543_ae7ee21190843f71083c_72.jpg",
            "first_name": "Akshaya",
            "real_name": "Akshaya Chandramouli",
            "display_name": "Akshaya",
            "team": "TJE58GTJL",
            "name": "akshaya",
            "is_restricted": false,
            "is_ultra_restricted": false
        },
        "blocks": [
            {
                "type": "rich_text",
                "block_id": "1Jqh=",
                "elements": [
                    {
                        "type": "rich_text_section",
                        "elements": [
                            {
                                "type": "text",
                                "text": "I'd love to understand your approach as well, "
                            },
                            {
                                "type": "user",
                                "user_id": "URB31QKM4"
                            },
                            {
                                "type": "text",
                                "text": " :) Thank you so much!"
                            }
                        ]
                    }
                ]
            }
        ],
        "thread_ts": "1595350634.051500",
        "parent_user_id": "UUH2EB134",
        "reactions": [
            {
                "name": "+1",
                "users": [
                    "URB31QKM4"
                ],
                "count": 1
            }
        ]
    },
    {
        "client_msg_id": "d15c9b67-f5b4-4102-bc71-14f29ae817ae",
        "type": "message",
        "text": "<@URB31QKM4> That sounds very interesting. Would you mind sending it me, too?",
        "user": "UUJBTMPSP",
        "ts": "1595400076.054700",
        "team": "TJE58GTJL",
        "user_team": "TJE58GTJL",
        "source_team": "TJE58GTJL",
        "user_profile": {
            "avatar_hash": "e13dba813acc",
            "image_72": "https:\/\/avatars.slack-edge.com\/2020-03-06\/976318873745_e13dba813accb559c1ce_72.jpg",
            "first_name": "",
            "real_name": "Katharina Hoehendinger",
            "display_name": "Katharina Hoehendinger",
            "team": "TJE58GTJL",
            "name": "k.hoehendinger",
            "is_restricted": false,
            "is_ultra_restricted": false
        },
        "blocks": [
            {
                "type": "rich_text",
                "block_id": "v3X",
                "elements": [
                    {
                        "type": "rich_text_section",
                        "elements": [
                            {
                                "type": "user",
                                "user_id": "URB31QKM4"
                            },
                            {
                                "type": "text",
                                "text": " That sounds very interesting. Would you mind sending it me, too?"
                            }
                        ]
                    }
                ]
            }
        ],
        "thread_ts": "1595350634.051500",
        "parent_user_id": "UUH2EB134",
        "reactions": [
            {
                "name": "+1",
                "users": [
                    "URB31QKM4"
                ],
                "count": 1
            }
        ]
    },
    {
        "client_msg_id": "3af8a057-e3db-49f1-a84f-94ebd387327b",
        "type": "message",
        "text": "Chris is the bomb, and his LinkedIn posts and general strategy are the best I've seen.",
        "user": "U013E6Y46BZ",
        "ts": "1595400241.054900",
        "team": "TJE58GTJL",
        "user_team": "TJE58GTJL",
        "source_team": "TJE58GTJL",
        "user_profile": {
            "avatar_hash": "023af37d44c6",
            "image_72": "https:\/\/avatars.slack-edge.com\/2020-07-22\/1255927213843_023af37d44c63535a992_72.jpg",
            "first_name": "Jakub",
            "real_name": "Jakub Grajcar",
            "display_name": "",
            "team": "TJE58GTJL",
            "name": "zefir009",
            "is_restricted": false,
            "is_ultra_restricted": false
        },
        "blocks": [
            {
                "type": "rich_text",
                "block_id": "tZY",
                "elements": [
                    {
                        "type": "rich_text_section",
                        "elements": [
                            {
                                "type": "text",
                                "text": "Chris is the bomb, and his LinkedIn posts and general strategy are the best I've seen."
                            }
                        ]
                    }
                ]
            }
        ],
        "thread_ts": "1590599986.035000",
        "parent_user_id": "UUXMC3ZFH"
    }
]