[
    {
        "client_msg_id": "c09415d9-f6a6-4ad7-80ae-9e5d041378e7",
        "type": "message",
        "text": "<@U017WRJTKF1> if you are willing to extend your learning series, I’d love to hear your thoughts on how to hire someone for that role. :slightly_smiling_face:",
        "user": "URB31QKM4",
        "ts": "1603111834.063500",
        "team": "TJE58GTJL",
        "user_team": "TJE58GTJL",
        "source_team": "TJE58GTJL",
        "user_profile": {
            "avatar_hash": "099d380d742a",
            "image_72": "https:\/\/avatars.slack-edge.com\/2020-02-04\/936714280756_099d380d742afea0dc9f_72.png",
            "first_name": "Alicia",
            "real_name": "Alicia Johnston",
            "display_name": "",
            "team": "TJE58GTJL",
            "name": "aliciabjohnston",
            "is_restricted": false,
            "is_ultra_restricted": false
        },
        "blocks": [
            {
                "type": "rich_text",
                "block_id": "a1jHt",
                "elements": [
                    {
                        "type": "rich_text_section",
                        "elements": [
                            {
                                "type": "user",
                                "user_id": "U017WRJTKF1"
                            },
                            {
                                "type": "text",
                                "text": " if you are willing to extend your learning series, I’d love to hear your thoughts on how to hire someone for that role. "
                            },
                            {
                                "type": "emoji",
                                "name": "slightly_smiling_face"
                            }
                        ]
                    }
                ]
            }
        ],
        "thread_ts": "1602002654.026100",
        "parent_user_id": "U017WRJTKF1"
    },
    {
        "client_msg_id": "113a77c4-beeb-4be2-a257-6dd4f62e3144",
        "type": "message",
        "text": "sure! <@URB31QKM4> I'm posting a lesson today about the first step I took to get to the role of strategic editor, but I can expand on it later as well.\nGiven that that was my job, I have *plenty* of ideas :slightly_smiling_face:",
        "user": "U017WRJTKF1",
        "ts": "1603116277.063700",
        "team": "TJE58GTJL",
        "user_team": "TJE58GTJL",
        "source_team": "TJE58GTJL",
        "user_profile": {
            "avatar_hash": "5becbba1453b",
            "image_72": "https:\/\/avatars.slack-edge.com\/2021-08-19\/2398013799555_5becbba1453b45394896_72.jpg",
            "first_name": "fio",
            "real_name": "fio",
            "display_name": "fio",
            "team": "TJE58GTJL",
            "name": "fio",
            "is_restricted": false,
            "is_ultra_restricted": false
        },
        "blocks": [
            {
                "type": "rich_text",
                "block_id": "ygH",
                "elements": [
                    {
                        "type": "rich_text_section",
                        "elements": [
                            {
                                "type": "text",
                                "text": "sure! "
                            },
                            {
                                "type": "user",
                                "user_id": "URB31QKM4"
                            },
                            {
                                "type": "text",
                                "text": " I'm posting a lesson today about the first step I took to get to the role of strategic editor, but I can expand on it later as well.\nGiven that that was my job, I have *plenty* of ideas "
                            },
                            {
                                "type": "emoji",
                                "name": "slightly_smiling_face"
                            }
                        ]
                    }
                ]
            }
        ],
        "thread_ts": "1602002654.026100",
        "parent_user_id": "U017WRJTKF1",
        "reactions": [
            {
                "name": "fire",
                "users": [
                    "URB31QKM4",
                    "U015Z60PDKR"
                ],
                "count": 2
            },
            {
                "name": "clap",
                "users": [
                    "URB31QKM4"
                ],
                "count": 1
            }
        ]
    },
    {
        "client_msg_id": "b94c20ce-d5bd-4e0c-a0ea-40d8e22e5e6b",
        "type": "message",
        "text": "Can’t wait to see it!",
        "user": "URB31QKM4",
        "ts": "1603116418.064100",
        "team": "TJE58GTJL",
        "user_team": "TJE58GTJL",
        "source_team": "TJE58GTJL",
        "user_profile": {
            "avatar_hash": "099d380d742a",
            "image_72": "https:\/\/avatars.slack-edge.com\/2020-02-04\/936714280756_099d380d742afea0dc9f_72.png",
            "first_name": "Alicia",
            "real_name": "Alicia Johnston",
            "display_name": "",
            "team": "TJE58GTJL",
            "name": "aliciabjohnston",
            "is_restricted": false,
            "is_ultra_restricted": false
        },
        "blocks": [
            {
                "type": "rich_text",
                "block_id": "cvnR",
                "elements": [
                    {
                        "type": "rich_text_section",
                        "elements": [
                            {
                                "type": "text",
                                "text": "Can’t wait to see it!"
                            }
                        ]
                    }
                ]
            }
        ],
        "thread_ts": "1602002654.026100",
        "parent_user_id": "U017WRJTKF1"
    },
    {
        "client_msg_id": "c5b9b847-6672-4398-a599-d962c760fb90",
        "type": "message",
        "text": "<@URB31QKM4> fresh <https:\/\/www.linkedin.com\/posts\/fiorenzadossetto_contentmarketing-activity-6723965500944072704-wUoP|out of the content oven> :slightly_smiling_face:",
        "user": "U017WRJTKF1",
        "ts": "1603119265.064300",
        "team": "TJE58GTJL",
        "user_team": "TJE58GTJL",
        "source_team": "TJE58GTJL",
        "user_profile": {
            "avatar_hash": "5becbba1453b",
            "image_72": "https:\/\/avatars.slack-edge.com\/2021-08-19\/2398013799555_5becbba1453b45394896_72.jpg",
            "first_name": "fio",
            "real_name": "fio",
            "display_name": "fio",
            "team": "TJE58GTJL",
            "name": "fio",
            "is_restricted": false,
            "is_ultra_restricted": false
        },
        "attachments": [
            {
                "title": "Dr. Fio D. posted on LinkedIn",
                "title_link": "https:\/\/www.linkedin.com\/posts\/fiorenzadossetto_contentmarketing-activity-6723965500944072704-wUoP",
                "text": "A lesson for #contentmarketing practitioners who want to be taken seriously: A CEO doesn’t care about content the same way you do. They don’t (usually...",
                "fallback": "Dr. Fio D. posted on LinkedIn",
                "image_url": "https:\/\/media-exp1.licdn.com\/dms\/image\/C4D22AQGxqoROpAkMlQ\/feedshare-shrink_1280-alternative\/0?e=1605744000&v=beta&t=YG7IE4VfYD3O9xR7bo9r3_Q-HSLNjesEHJKSa6UIBbE",
                "from_url": "https:\/\/www.linkedin.com\/posts\/fiorenzadossetto_contentmarketing-activity-6723965500944072704-wUoP",
                "image_width": 541,
                "image_height": 250,
                "image_bytes": 110530,
                "service_icon": "https:\/\/static-exp1.licdn.com\/scds\/common\/u\/images\/logos\/favicons\/v1\/favicon.ico",
                "service_name": "linkedin.com",
                "id": 1,
                "original_url": "https:\/\/www.linkedin.com\/posts\/fiorenzadossetto_contentmarketing-activity-6723965500944072704-wUoP"
            }
        ],
        "blocks": [
            {
                "type": "rich_text",
                "block_id": "mfBzn",
                "elements": [
                    {
                        "type": "rich_text_section",
                        "elements": [
                            {
                                "type": "user",
                                "user_id": "URB31QKM4"
                            },
                            {
                                "type": "text",
                                "text": " fresh "
                            },
                            {
                                "type": "link",
                                "url": "https:\/\/www.linkedin.com\/posts\/fiorenzadossetto_contentmarketing-activity-6723965500944072704-wUoP",
                                "text": "out of the content oven"
                            },
                            {
                                "type": "text",
                                "text": " "
                            },
                            {
                                "type": "emoji",
                                "name": "slightly_smiling_face"
                            }
                        ]
                    }
                ]
            }
        ],
        "thread_ts": "1602002654.026100",
        "parent_user_id": "U017WRJTKF1",
        "reactions": [
            {
                "name": "raised_hands",
                "users": [
                    "URB31QKM4",
                    "U013L0U4YSU"
                ],
                "count": 2
            }
        ]
    },
    {
        "client_msg_id": "4ba77fda-c461-4508-9c12-acfd27a7bb94",
        "type": "message",
        "text": "So true <@U017WRJTKF1>! So many people have really exciting, great-sounding, fun ideas but once you start to ask questions, it’s clear that the ideas aren’t necessarily solving anything, or even aware of the problems your business or customers are facing. Coaching both content teams and internal collaborators about how to get there is such an important skill.",
        "user": "URB31QKM4",
        "ts": "1603160399.065100",
        "team": "TJE58GTJL",
        "user_team": "TJE58GTJL",
        "source_team": "TJE58GTJL",
        "user_profile": {
            "avatar_hash": "099d380d742a",
            "image_72": "https:\/\/avatars.slack-edge.com\/2020-02-04\/936714280756_099d380d742afea0dc9f_72.png",
            "first_name": "Alicia",
            "real_name": "Alicia Johnston",
            "display_name": "",
            "team": "TJE58GTJL",
            "name": "aliciabjohnston",
            "is_restricted": false,
            "is_ultra_restricted": false
        },
        "blocks": [
            {
                "type": "rich_text",
                "block_id": "948Yb",
                "elements": [
                    {
                        "type": "rich_text_section",
                        "elements": [
                            {
                                "type": "text",
                                "text": "So true "
                            },
                            {
                                "type": "user",
                                "user_id": "U017WRJTKF1"
                            },
                            {
                                "type": "text",
                                "text": "! So many people have really exciting, great-sounding, fun ideas but once you start to ask questions, it’s clear that the ideas aren’t necessarily solving anything, or even aware of the problems your business or customers are facing. Coaching both content teams and internal collaborators about how to get there is such an important skill."
                            }
                        ]
                    }
                ]
            }
        ],
        "thread_ts": "1602002654.026100",
        "parent_user_id": "U017WRJTKF1"
    }
]