[
    {
        "client_msg_id": "2ea07d9c-99dd-4cab-a255-67babe6fa0a4",
        "type": "message",
        "text": "What’s everyone’s feeling about doing announcements (in any format - could be social posts\/blog posts\/press releases etc) when their company wins significant new customers? Any tips or best practices or particularly good examples of this that come to mind?",
        "user": "U0125MKEXFS",
        "ts": "1598026801.002600",
        "team": "TJE58GTJL",
        "user_team": "TJE58GTJL",
        "source_team": "TJE58GTJL",
        "user_profile": {
            "avatar_hash": "g0058a70ee16",
            "image_72": "https:\/\/secure.gravatar.com\/avatar\/0058a70ee16931f3b9a73a4a4a959082.jpg?s=72&d=https%3A%2F%2Fa.slack-edge.com%2Fdf10d%2Fimg%2Favatars%2Fava_0017-72.png",
            "first_name": "Andy",
            "real_name": "Andy Parker",
            "display_name": "Andy Parker",
            "team": "TJE58GTJL",
            "name": "andy610",
            "is_restricted": false,
            "is_ultra_restricted": false
        },
        "blocks": [
            {
                "type": "rich_text",
                "block_id": "XY\/=0",
                "elements": [
                    {
                        "type": "rich_text_section",
                        "elements": [
                            {
                                "type": "text",
                                "text": "What’s everyone’s feeling about doing announcements (in any format - could be social posts\/blog posts\/press releases etc) when their company wins significant new customers? Any tips or best practices or particularly good examples of this that come to mind?"
                            }
                        ]
                    }
                ]
            }
        ],
        "thread_ts": "1598026801.002600",
        "reply_count": 7,
        "reply_users_count": 6,
        "latest_reply": "1600355686.008900",
        "reply_users": [
            "U016BDEQ40J",
            "U016AG4A2G2",
            "U0107Q25BRT",
            "URAV154AV",
            "U0125MKEXFS",
            "U019MUQ6QKV"
        ],
        "replies": [
            {
                "user": "U016BDEQ40J",
                "ts": "1598027038.002700"
            },
            {
                "user": "U016AG4A2G2",
                "ts": "1598027572.003000"
            },
            {
                "user": "U0107Q25BRT",
                "ts": "1598238747.004700"
            },
            {
                "user": "URAV154AV",
                "ts": "1598275740.005000"
            },
            {
                "user": "U0125MKEXFS",
                "ts": "1598275846.005200"
            },
            {
                "user": "U019MUQ6QKV",
                "ts": "1599734878.004300"
            },
            {
                "user": "U0125MKEXFS",
                "ts": "1600355686.008900"
            }
        ],
        "is_locked": false,
        "subscribed": false
    },
    {
        "client_msg_id": "df8cf6e6-688c-425f-a8d2-fb0604490044",
        "type": "message",
        "text": "first thing you need to establish is who would value that information. Most of the time when I read announcements like that I as a reader don't care about that kind of news since it's not relevant to me. It just comes off as bragging.\n\nThat's me, though. I'm sure someone somewhere would value that info, i'm just not one of them",
        "user": "U016BDEQ40J",
        "ts": "1598027038.002700",
        "team": "TJE58GTJL",
        "user_team": "TJE58GTJL",
        "source_team": "TJE58GTJL",
        "user_profile": {
            "avatar_hash": "12ed6474ef63",
            "image_72": "https:\/\/avatars.slack-edge.com\/2020-06-30\/1200725592375_12ed6474ef63dff47a58_72.png",
            "first_name": "Patrick",
            "real_name": "Patrick Icasas",
            "display_name": "Patrick Icasas",
            "team": "TJE58GTJL",
            "name": "patrick631",
            "is_restricted": false,
            "is_ultra_restricted": false
        },
        "edited": {
            "user": "U016BDEQ40J",
            "ts": "1598027054.000000"
        },
        "blocks": [
            {
                "type": "rich_text",
                "block_id": "mMHQ",
                "elements": [
                    {
                        "type": "rich_text_section",
                        "elements": [
                            {
                                "type": "text",
                                "text": "first thing you need to establish is who would value that information. Most of the time when I read announcements like that I as a reader don't care about that kind of news since it's not relevant to me. It just comes off as bragging.\n\nThat's me, though. I'm sure someone somewhere would value that info, i'm just not one of them"
                            }
                        ]
                    }
                ]
            }
        ],
        "thread_ts": "1598026801.002600",
        "parent_user_id": "U0125MKEXFS",
        "reactions": [
            {
                "name": "point_up",
                "users": [
                    "U0184681J68",
                    "U0107Q25BRT",
                    "UUH28N3U2"
                ],
                "count": 3
            }
        ]
    },
    {
        "client_msg_id": "bb3578ab-4fcc-4e7c-808e-798d1b271135",
        "type": "message",
        "text": "I think it depends on the type of company, but I”ve seen great social posts like, “We’re so excited to have XX on our platform! Welcome to BigCommerce!” and it’s cute. I wouldn’t probably do anything more formal unless there were a really interesting story behind it.",
        "user": "U016AG4A2G2",
        "ts": "1598027572.003000",
        "team": "TJE58GTJL",
        "user_team": "TJE58GTJL",
        "source_team": "TJE58GTJL",
        "user_profile": {
            "avatar_hash": "11a48b9b2620",
            "image_72": "https:\/\/avatars.slack-edge.com\/2020-09-22\/1403402335920_11a48b9b26202d48f6a5_72.png",
            "first_name": "Victoria",
            "real_name": "Victoria Fryer",
            "display_name": "Victoria Fryer",
            "team": "TJE58GTJL",
            "name": "vcfryer",
            "is_restricted": false,
            "is_ultra_restricted": false
        },
        "blocks": [
            {
                "type": "rich_text",
                "block_id": "ZYUh4",
                "elements": [
                    {
                        "type": "rich_text_section",
                        "elements": [
                            {
                                "type": "text",
                                "text": "I think it depends on the type of company, but I”ve seen great social posts like, “We’re so excited to have XX on our platform! Welcome to BigCommerce!” and it’s cute. I wouldn’t probably do anything more formal unless there were a really interesting story behind it."
                            }
                        ]
                    }
                ]
            }
        ],
        "thread_ts": "1598026801.002600",
        "parent_user_id": "U0125MKEXFS",
        "reactions": [
            {
                "name": "100",
                "users": [
                    "UJ2QESJ66",
                    "U0184681J68",
                    "U0107Q25BRT"
                ],
                "count": 3
            }
        ]
    }
]