[
    {
        "client_msg_id": "9b001bd3-e3fa-4bdf-8c4f-6abf685084ae",
        "type": "message",
        "text": "Thank you all for your answers. Three follow-up questions:\n\n<@U012R27LRJ8> --&gt; do you have to work on editing a lot (assuming the SMEs are not trained as writers)?\n\n<@U01AU94TABA> --&gt; Good content starts with good questions: 100% agreed. Do you have any go-tos that you rely on?",
        "user": "U017WRJTKF1",
        "ts": "1601364390.007100",
        "team": "TJE58GTJL",
        "user_team": "TJE58GTJL",
        "source_team": "TJE58GTJL",
        "user_profile": {
            "avatar_hash": "5becbba1453b",
            "image_72": "https:\/\/avatars.slack-edge.com\/2021-08-19\/2398013799555_5becbba1453b45394896_72.jpg",
            "first_name": "fio",
            "real_name": "fio",
            "display_name": "fio",
            "team": "TJE58GTJL",
            "name": "fio",
            "is_restricted": false,
            "is_ultra_restricted": false
        },
        "blocks": [
            {
                "type": "rich_text",
                "block_id": "Edo",
                "elements": [
                    {
                        "type": "rich_text_section",
                        "elements": [
                            {
                                "type": "text",
                                "text": "Thank you all for your answers. Three follow-up questions:\n\n"
                            },
                            {
                                "type": "user",
                                "user_id": "U012R27LRJ8"
                            },
                            {
                                "type": "text",
                                "text": " --> do you have to work on editing a lot (assuming the SMEs are not trained as writers)?\n\n"
                            },
                            {
                                "type": "user",
                                "user_id": "U01AU94TABA"
                            },
                            {
                                "type": "text",
                                "text": " --> Good content starts with good questions: 100% agreed. Do you have any go-tos that you rely on?"
                            }
                        ]
                    }
                ]
            }
        ],
        "thread_ts": "1601308236.004300",
        "parent_user_id": "U017WRJTKF1"
    },
    {
        "client_msg_id": "1297ad56-bb6e-4d07-ab0e-d8b9bafdf484",
        "type": "message",
        "text": "<@U017XD7H4P7> --&gt; I think it's a mix of both, but definitely there's a cost factor added in (aka: SMEs might have larger hourly\/per-piece rates). Although you are right: when I've asked customers for help (I count them as SMEs), they were more than happy to  help out!",
        "user": "U017WRJTKF1",
        "ts": "1601364462.007300",
        "team": "TJE58GTJL",
        "user_team": "TJE58GTJL",
        "source_team": "TJE58GTJL",
        "user_profile": {
            "avatar_hash": "5becbba1453b",
            "image_72": "https:\/\/avatars.slack-edge.com\/2021-08-19\/2398013799555_5becbba1453b45394896_72.jpg",
            "first_name": "fio",
            "real_name": "fio",
            "display_name": "fio",
            "team": "TJE58GTJL",
            "name": "fio",
            "is_restricted": false,
            "is_ultra_restricted": false
        },
        "blocks": [
            {
                "type": "rich_text",
                "block_id": "TSE",
                "elements": [
                    {
                        "type": "rich_text_section",
                        "elements": [
                            {
                                "type": "user",
                                "user_id": "U017XD7H4P7"
                            },
                            {
                                "type": "text",
                                "text": " --> I think it's a mix of both, but definitely there's a cost factor added in (aka: SMEs might have larger hourly\/per-piece rates). Although you are right: when I've asked customers for help (I count them as SMEs), they were more than happy to  help out!"
                            }
                        ]
                    }
                ]
            }
        ],
        "thread_ts": "1601308236.004300",
        "parent_user_id": "U017WRJTKF1",
        "reactions": [
            {
                "name": "heavy_check_mark",
                "users": [
                    "U017XD7H4P7"
                ],
                "count": 1
            }
        ]
    },
    {
        "client_msg_id": "20297577-7e0c-4ab2-8708-06e0fcdf196a",
        "type": "message",
        "text": "This is such an important topic! So much content marketing advice comes from companies selling marketing software -- so the people writing the content are also SMEs. The rest of us doing content for people that are not also marketers have a very different set of challenges and IMO it is something our profession has been sort of hand waving away for years.",
        "user": "UJG12DM1V",
        "ts": "1601383154.007700",
        "team": "TJE58GTJL",
        "user_team": "TJE58GTJL",
        "source_team": "TJE58GTJL",
        "user_profile": {
            "avatar_hash": "b389ca7fa22c",
            "image_72": "https:\/\/avatars.slack-edge.com\/2021-08-20\/2387994825175_b389ca7fa22c18296d7c_72.jpg",
            "first_name": "Janessa",
            "real_name": "Janessa Lantz, VP of Marketing at dbt Labs",
            "display_name": "Janessa",
            "team": "TJE58GTJL",
            "name": "janessalantz",
            "is_restricted": false,
            "is_ultra_restricted": false
        },
        "blocks": [
            {
                "type": "rich_text",
                "block_id": "Ls=j",
                "elements": [
                    {
                        "type": "rich_text_section",
                        "elements": [
                            {
                                "type": "text",
                                "text": "This is such an important topic! So much content marketing advice comes from companies selling marketing software -- so the people writing the content are also SMEs. The rest of us doing content for people that are not also marketers have a very different set of challenges and IMO it is something our profession has been sort of hand waving away for years."
                            }
                        ]
                    }
                ]
            }
        ],
        "thread_ts": "1601308236.004300",
        "parent_user_id": "U017WRJTKF1",
        "reactions": [
            {
                "name": "+1",
                "users": [
                    "U017WRJTKF1",
                    "UUH2ESL66",
                    "UJ4A0H534"
                ],
                "count": 3
            }
        ]
    },
    {
        "client_msg_id": "d441a224-328d-4912-be48-4d0c65c14ff7",
        "type": "message",
        "text": "My company works specifically with companies that market to software\/devops engineers, and the struggle I hear over and over is about the challenge of wrangling people who are qualified to write this content.  People hired as digital marketing managers for these companies usually try to write content themselves and it's tough to have that resonate, so they try to wrangle their company's engineers, which doesn't work, so they turn to freelance engineers, who typically charge their software development hourly rate, making it enormously expensive.  It's rough",
        "user": "U017XD7H4P7",
        "ts": "1601387016.008100",
        "team": "TJE58GTJL",
        "user_team": "TJE58GTJL",
        "source_team": "TJE58GTJL",
        "user_profile": {
            "avatar_hash": "f9ab77023918",
            "image_72": "https:\/\/avatars.slack-edge.com\/2020-07-29\/1256516765207_f9ab77023918e4c2b919_72.png",
            "first_name": "Erik",
            "real_name": "Erik Dietrich",
            "display_name": "Erik Dietrich",
            "team": "TJE58GTJL",
            "name": "erik",
            "is_restricted": false,
            "is_ultra_restricted": false
        },
        "blocks": [
            {
                "type": "rich_text",
                "block_id": "J+pY",
                "elements": [
                    {
                        "type": "rich_text_section",
                        "elements": [
                            {
                                "type": "text",
                                "text": "My company works specifically with companies that market to software\/devops engineers, and the struggle I hear over and over is about the challenge of wrangling people who are qualified to write this content.  People hired as digital marketing managers for these companies usually try to write content themselves and it's tough to have that resonate, so they try to wrangle their company's engineers, which doesn't work, so they turn to freelance engineers, who typically charge their software development hourly rate, making it enormously expensive.  It's rough"
                            }
                        ]
                    }
                ]
            }
        ],
        "thread_ts": "1601308236.004300",
        "parent_user_id": "U017WRJTKF1"
    },
    {
        "client_msg_id": "c899cfb6-27ff-41fe-999b-1e092f9ac636",
        "type": "message",
        "text": "<@U017XD7H4P7> I hear you. Another potential avenue → interviewing customers on how they use the product\/why they started using it\/what problem they were trying to solve, getting that transcribed, and publishing. I got good success from this method (but, again, it takes time to reach out to customers etc.)",
        "user": "U017WRJTKF1",
        "ts": "1601388093.008300",
        "team": "TJE58GTJL",
        "user_team": "TJE58GTJL",
        "source_team": "TJE58GTJL",
        "user_profile": {
            "avatar_hash": "5becbba1453b",
            "image_72": "https:\/\/avatars.slack-edge.com\/2021-08-19\/2398013799555_5becbba1453b45394896_72.jpg",
            "first_name": "fio",
            "real_name": "fio",
            "display_name": "fio",
            "team": "TJE58GTJL",
            "name": "fio",
            "is_restricted": false,
            "is_ultra_restricted": false
        },
        "blocks": [
            {
                "type": "rich_text",
                "block_id": "53TJ",
                "elements": [
                    {
                        "type": "rich_text_section",
                        "elements": [
                            {
                                "type": "user",
                                "user_id": "U017XD7H4P7"
                            },
                            {
                                "type": "text",
                                "text": " I hear you. Another potential avenue → interviewing customers on how they use the product\/why they started using it\/what problem they were trying to solve, getting that transcribed, and publishing. I got good success from this method (but, again, it takes time to reach out to customers etc.)"
                            }
                        ]
                    }
                ]
            }
        ],
        "thread_ts": "1601308236.004300",
        "parent_user_id": "U017WRJTKF1"
    },
    {
        "client_msg_id": "1472907e-47ae-4e9f-a7d0-67891806a6f9",
        "type": "message",
        "text": "Did you publish those as case studies, or were they anecdotal blog posts?",
        "user": "U017XD7H4P7",
        "ts": "1601388149.008500",
        "team": "TJE58GTJL",
        "user_team": "TJE58GTJL",
        "source_team": "TJE58GTJL",
        "user_profile": {
            "avatar_hash": "f9ab77023918",
            "image_72": "https:\/\/avatars.slack-edge.com\/2020-07-29\/1256516765207_f9ab77023918e4c2b919_72.png",
            "first_name": "Erik",
            "real_name": "Erik Dietrich",
            "display_name": "Erik Dietrich",
            "team": "TJE58GTJL",
            "name": "erik",
            "is_restricted": false,
            "is_ultra_restricted": false
        },
        "blocks": [
            {
                "type": "rich_text",
                "block_id": "KPOU",
                "elements": [
                    {
                        "type": "rich_text_section",
                        "elements": [
                            {
                                "type": "text",
                                "text": "Did you publish those as case studies, or were they anecdotal blog posts?"
                            }
                        ]
                    }
                ]
            }
        ],
        "thread_ts": "1601308236.004300",
        "parent_user_id": "U017WRJTKF1"
    },
    {
        "client_msg_id": "9e457760-f47e-4309-a853-4d83281f72fa",
        "type": "message",
        "text": "a bit of both, but mostly we used them as basis for how-to-guides, crediting the customers as our expert source :slightly_smiling_face:",
        "user": "U017WRJTKF1",
        "ts": "1601389780.008800",
        "team": "TJE58GTJL",
        "user_team": "TJE58GTJL",
        "source_team": "TJE58GTJL",
        "user_profile": {
            "avatar_hash": "5becbba1453b",
            "image_72": "https:\/\/avatars.slack-edge.com\/2021-08-19\/2398013799555_5becbba1453b45394896_72.jpg",
            "first_name": "fio",
            "real_name": "fio",
            "display_name": "fio",
            "team": "TJE58GTJL",
            "name": "fio",
            "is_restricted": false,
            "is_ultra_restricted": false
        },
        "blocks": [
            {
                "type": "rich_text",
                "block_id": "Bl9",
                "elements": [
                    {
                        "type": "rich_text_section",
                        "elements": [
                            {
                                "type": "text",
                                "text": "a bit of both, but mostly we used them as basis for how-to-guides, crediting the customers as our expert source "
                            },
                            {
                                "type": "emoji",
                                "name": "slightly_smiling_face"
                            }
                        ]
                    }
                ]
            }
        ],
        "thread_ts": "1601308236.004300",
        "parent_user_id": "U017WRJTKF1",
        "reactions": [
            {
                "name": "thinking_face",
                "users": [
                    "U017XD7H4P7"
                ],
                "count": 1
            }
        ]
    },
    {
        "client_msg_id": "3d217ddd-d972-414d-a3e8-2e7e0c6728e4",
        "type": "message",
        "text": "Did it take much work on your end to turn the interview into a workable how-to?  Or had you structured the interview in such a way that it lent itself naturally to tutorial content?",
        "user": "U017XD7H4P7",
        "ts": "1601390965.009100",
        "team": "TJE58GTJL",
        "user_team": "TJE58GTJL",
        "source_team": "TJE58GTJL",
        "user_profile": {
            "avatar_hash": "f9ab77023918",
            "image_72": "https:\/\/avatars.slack-edge.com\/2020-07-29\/1256516765207_f9ab77023918e4c2b919_72.png",
            "first_name": "Erik",
            "real_name": "Erik Dietrich",
            "display_name": "Erik Dietrich",
            "team": "TJE58GTJL",
            "name": "erik",
            "is_restricted": false,
            "is_ultra_restricted": false
        },
        "blocks": [
            {
                "type": "rich_text",
                "block_id": "GET",
                "elements": [
                    {
                        "type": "rich_text_section",
                        "elements": [
                            {
                                "type": "text",
                                "text": "Did it take much work on your end to turn the interview into a workable how-to?  Or had you structured the interview in such a way that it lent itself naturally to tutorial content?"
                            }
                        ]
                    }
                ]
            }
        ],
        "thread_ts": "1601308236.004300",
        "parent_user_id": "U017WRJTKF1"
    },
    {
        "client_msg_id": "5c268b08-f1ea-4b0d-8af8-208a92fc256c",
        "type": "message",
        "text": "this is how it could work:\n• you start from a keyword\/topic\n• you create a top-level outline that includes the information you _must_ get \n• you prepare your interview questions accordingly, and you jump on a call to ask them BUT...\n• ...the real skill is in asking the questions _and then_ keep digging to find more info\n• you get it all transcribed, you edit it down, and voilà",
        "user": "U017WRJTKF1",
        "ts": "1601391612.009300",
        "team": "TJE58GTJL",
        "user_team": "TJE58GTJL",
        "source_team": "TJE58GTJL",
        "user_profile": {
            "avatar_hash": "5becbba1453b",
            "image_72": "https:\/\/avatars.slack-edge.com\/2021-08-19\/2398013799555_5becbba1453b45394896_72.jpg",
            "first_name": "fio",
            "real_name": "fio",
            "display_name": "fio",
            "team": "TJE58GTJL",
            "name": "fio",
            "is_restricted": false,
            "is_ultra_restricted": false
        },
        "blocks": [
            {
                "type": "rich_text",
                "block_id": "12AtM",
                "elements": [
                    {
                        "type": "rich_text_section",
                        "elements": [
                            {
                                "type": "text",
                                "text": "this is how it could work:\n"
                            }
                        ]
                    },
                    {
                        "type": "rich_text_list",
                        "elements": [
                            {
                                "type": "rich_text_section",
                                "elements": [
                                    {
                                        "type": "text",
                                        "text": "you start from a keyword\/topic"
                                    }
                                ]
                            },
                            {
                                "type": "rich_text_section",
                                "elements": [
                                    {
                                        "type": "text",
                                        "text": "you create a top-level outline that includes the information you "
                                    },
                                    {
                                        "type": "text",
                                        "text": "must",
                                        "style": {
                                            "italic": true
                                        }
                                    },
                                    {
                                        "type": "text",
                                        "text": " get "
                                    }
                                ]
                            },
                            {
                                "type": "rich_text_section",
                                "elements": [
                                    {
                                        "type": "text",
                                        "text": "you prepare your interview questions accordingly, and you jump on a call to ask them BUT..."
                                    }
                                ]
                            },
                            {
                                "type": "rich_text_section",
                                "elements": [
                                    {
                                        "type": "text",
                                        "text": "...the real skill is in asking the questions "
                                    },
                                    {
                                        "type": "text",
                                        "text": "and then",
                                        "style": {
                                            "italic": true
                                        }
                                    },
                                    {
                                        "type": "text",
                                        "text": " keep digging to find more info"
                                    }
                                ]
                            },
                            {
                                "type": "rich_text_section",
                                "elements": [
                                    {
                                        "type": "text",
                                        "text": "you get it all transcribed, you edit it down, and voilà"
                                    }
                                ]
                            }
                        ],
                        "style": "bullet",
                        "indent": 0
                    }
                ]
            }
        ],
        "thread_ts": "1601308236.004300",
        "parent_user_id": "U017WRJTKF1",
        "reactions": [
            {
                "name": "+1",
                "users": [
                    "UUH2ESL66",
                    "U019Y01L1TQ"
                ],
                "count": 2
            }
        ]
    },
    {
        "client_msg_id": "184cd5df-9032-4504-a647-5ffe659f700f",
        "type": "message",
        "text": "so if you've done your outline + questions prep properly, then you don't need to spend an enormous amount of time editing. if you go into the interview w\/out knowing what you want to get out of it, then yes it will need a lot of work to turn a transcript into workable content",
        "user": "U017WRJTKF1",
        "ts": "1601391681.009500",
        "team": "TJE58GTJL",
        "user_team": "TJE58GTJL",
        "source_team": "TJE58GTJL",
        "user_profile": {
            "avatar_hash": "5becbba1453b",
            "image_72": "https:\/\/avatars.slack-edge.com\/2021-08-19\/2398013799555_5becbba1453b45394896_72.jpg",
            "first_name": "fio",
            "real_name": "fio",
            "display_name": "fio",
            "team": "TJE58GTJL",
            "name": "fio",
            "is_restricted": false,
            "is_ultra_restricted": false
        },
        "blocks": [
            {
                "type": "rich_text",
                "block_id": "ZbY6O",
                "elements": [
                    {
                        "type": "rich_text_section",
                        "elements": [
                            {
                                "type": "text",
                                "text": "so if you've done your outline + questions prep properly, then you don't need to spend an enormous amount of time editing. if you go into the interview w\/out knowing what you want to get out of it, then yes it will need a lot of work to turn a transcript into workable content"
                            }
                        ]
                    }
                ]
            }
        ],
        "thread_ts": "1601308236.004300",
        "parent_user_id": "U017WRJTKF1"
    },
    {
        "client_msg_id": "211af6a3-a80e-4e3a-8340-295f54ec900e",
        "type": "message",
        "text": "are we connected on LinkedIn, Erik? I am writing a series about lessons I learned and your questions just inspired me to write tomorrow's entry :wink:",
        "user": "U017WRJTKF1",
        "ts": "1601391777.009700",
        "team": "TJE58GTJL",
        "user_team": "TJE58GTJL",
        "source_team": "TJE58GTJL",
        "user_profile": {
            "avatar_hash": "5becbba1453b",
            "image_72": "https:\/\/avatars.slack-edge.com\/2021-08-19\/2398013799555_5becbba1453b45394896_72.jpg",
            "first_name": "fio",
            "real_name": "fio",
            "display_name": "fio",
            "team": "TJE58GTJL",
            "name": "fio",
            "is_restricted": false,
            "is_ultra_restricted": false
        },
        "blocks": [
            {
                "type": "rich_text",
                "block_id": "FAXFr",
                "elements": [
                    {
                        "type": "rich_text_section",
                        "elements": [
                            {
                                "type": "text",
                                "text": "are we connected on LinkedIn, Erik? I am writing a series about lessons I learned and your questions just inspired me to write tomorrow's entry "
                            },
                            {
                                "type": "emoji",
                                "name": "wink"
                            }
                        ]
                    }
                ]
            }
        ],
        "thread_ts": "1601308236.004300",
        "parent_user_id": "U017WRJTKF1"
    },
    {
        "client_msg_id": "a6d96451-6fd1-4c44-be55-c0b5f732216c",
        "type": "message",
        "text": "<@U017WRJTKF1> we do indeed do quite a bit of editing. as you mentioned, setting up a good interview and asking in-depth questions helps with telling the story correctly and accurately.",
        "user": "U012R27LRJ8",
        "ts": "1601392250.009900",
        "team": "TJE58GTJL",
        "user_team": "TJE58GTJL",
        "source_team": "TJE58GTJL",
        "user_profile": {
            "avatar_hash": "gc7e97cc49db",
            "image_72": "https:\/\/secure.gravatar.com\/avatar\/c7e97cc49db3bc3a0bae60f1201822c7.jpg?s=72&d=https%3A%2F%2Fa.slack-edge.com%2Fdf10d%2Fimg%2Favatars%2Fava_0002-72.png",
            "first_name": "Al",
            "real_name": "Al Chen",
            "display_name": "Al Chen",
            "team": "TJE58GTJL",
            "name": "al",
            "is_restricted": false,
            "is_ultra_restricted": false
        },
        "blocks": [
            {
                "type": "rich_text",
                "block_id": "Vey",
                "elements": [
                    {
                        "type": "rich_text_section",
                        "elements": [
                            {
                                "type": "user",
                                "user_id": "U017WRJTKF1"
                            },
                            {
                                "type": "text",
                                "text": " we do indeed do quite a bit of editing. as you mentioned, setting up a good interview and asking in-depth questions helps with telling the story correctly and accurately."
                            }
                        ]
                    }
                ]
            }
        ],
        "thread_ts": "1601308236.004300",
        "parent_user_id": "U017WRJTKF1",
        "reactions": [
            {
                "name": "+1",
                "users": [
                    "U017WRJTKF1"
                ],
                "count": 1
            }
        ]
    },
    {
        "client_msg_id": "62a8f72d-bf29-42d7-96c0-6b67f13e4fcd",
        "type": "message",
        "text": "<@U017WRJTKF1> I'm not sure, re: LinkedIn.  I more or less just accept all of the connection requests I get, so my contacts list is pretty unwieldy :flushed: .  This is me: <https:\/\/www.linkedin.com\/in\/erik-dietrich-109a888\/>  You're welcome to connect (as is anyone else, BTW).",
        "user": "U017XD7H4P7",
        "ts": "1601399964.010500",
        "team": "TJE58GTJL",
        "user_team": "TJE58GTJL",
        "source_team": "TJE58GTJL",
        "user_profile": {
            "avatar_hash": "f9ab77023918",
            "image_72": "https:\/\/avatars.slack-edge.com\/2020-07-29\/1256516765207_f9ab77023918e4c2b919_72.png",
            "first_name": "Erik",
            "real_name": "Erik Dietrich",
            "display_name": "Erik Dietrich",
            "team": "TJE58GTJL",
            "name": "erik",
            "is_restricted": false,
            "is_ultra_restricted": false
        },
        "blocks": [
            {
                "type": "rich_text",
                "block_id": "EfZ8r",
                "elements": [
                    {
                        "type": "rich_text_section",
                        "elements": [
                            {
                                "type": "user",
                                "user_id": "U017WRJTKF1"
                            },
                            {
                                "type": "text",
                                "text": " I'm not sure, re: LinkedIn.  I more or less just accept all of the connection requests I get, so my contacts list is pretty unwieldy "
                            },
                            {
                                "type": "emoji",
                                "name": "flushed"
                            },
                            {
                                "type": "text",
                                "text": " .  This is me: "
                            },
                            {
                                "type": "link",
                                "url": "https:\/\/www.linkedin.com\/in\/erik-dietrich-109a888\/"
                            },
                            {
                                "type": "text",
                                "text": "  You're welcome to connect (as is anyone else, BTW)."
                            }
                        ]
                    }
                ]
            }
        ],
        "thread_ts": "1601308236.004300",
        "parent_user_id": "U017WRJTKF1"
    }
]