[
    {
        "client_msg_id": "59e2a0fc-7ba1-45e5-935f-f9e05bb5734e",
        "type": "message",
        "text": "I just posted a description for a role we’re hiring for in the B2B space on the <#CJE3XC44V|job-listings> board, in case you’re looking!",
        "user": "U016HJRC77E",
        "ts": "1599110031.001900",
        "team": "TJE58GTJL",
        "user_team": "TJE58GTJL",
        "source_team": "TJE58GTJL",
        "user_profile": {
            "avatar_hash": "35b8905b725a",
            "image_72": "https:\/\/avatars.slack-edge.com\/2020-08-15\/1303265107922_35b8905b725a88386069_72.jpg",
            "first_name": "Margaret",
            "real_name": "Margaret Banasik",
            "display_name": "Margaret",
            "team": "TJE58GTJL",
            "name": "mbanasik",
            "is_restricted": false,
            "is_ultra_restricted": false
        },
        "blocks": [
            {
                "type": "rich_text",
                "block_id": "XG8Rb",
                "elements": [
                    {
                        "type": "rich_text_section",
                        "elements": [
                            {
                                "type": "text",
                                "text": "I just posted a description for a role we’re hiring for in the B2B space on the "
                            },
                            {
                                "type": "channel",
                                "channel_id": "CJE3XC44V"
                            },
                            {
                                "type": "text",
                                "text": " board, in case you’re looking!"
                            }
                        ]
                    }
                ]
            }
        ],
        "reactions": [
            {
                "name": "sparkles",
                "users": [
                    "UUVC0LK2Q"
                ],
                "count": 1
            }
        ]
    }
]