[
    {
        "client_msg_id": "a3a5769a-ff2c-40df-a0c7-407013763ce0",
        "type": "message",
        "text": "Al, what's contrarian is the part about not writing content for lead generation.\n\nChris's critique of the may most B2B companies to lead gen today is spot on. And I think it's quite contrary to common practice.",
        "user": "UUXMC3ZFH",
        "ts": "1592848154.042400",
        "team": "TJE58GTJL",
        "user_team": "TJE58GTJL",
        "source_team": "TJE58GTJL",
        "user_profile": {
            "avatar_hash": "g32741d44912",
            "image_72": "https:\/\/secure.gravatar.com\/avatar\/32741d44912ef78f542f28f30f1abf21.jpg?s=72&d=https%3A%2F%2Fa.slack-edge.com%2Fdf10d%2Fimg%2Favatars%2Fava_0014-72.png",
            "first_name": "Dave",
            "real_name": "Dave Vranicar",
            "display_name": "Dave Vranicar",
            "team": "TJE58GTJL",
            "name": "dave.vranicar950",
            "is_restricted": false,
            "is_ultra_restricted": false
        },
        "blocks": [
            {
                "type": "rich_text",
                "block_id": "Kw9P",
                "elements": [
                    {
                        "type": "rich_text_section",
                        "elements": [
                            {
                                "type": "text",
                                "text": "Al, what's contrarian is the part about not writing content for lead generation.\n\nChris's critique of the may most B2B companies to lead gen today is spot on. And I think it's quite contrary to common practice."
                            }
                        ]
                    }
                ]
            }
        ],
        "thread_ts": "1590599986.035000",
        "parent_user_id": "UUXMC3ZFH"
    }
]