[
    {
        "client_msg_id": "37d93bd4-8887-4157-8488-e033632c3d90",
        "type": "message",
        "text": "<@U0169509JG5> Alicia has kindly sent this over, I will flick it over to you!",
        "user": "U016CGRMRAR",
        "ts": "1598224534.003900",
        "team": "TJE58GTJL",
        "user_team": "TJE58GTJL",
        "source_team": "TJE58GTJL",
        "user_profile": {
            "avatar_hash": "a30df0f060df",
            "image_72": "https:\/\/avatars.slack-edge.com\/2020-07-02\/1218126269474_a30df0f060df6aa5e64f_72.jpg",
            "first_name": "Olivia",
            "real_name": "Olivia Blazevic",
            "display_name": "Olivia Blazevic",
            "team": "TJE58GTJL",
            "name": "olivia544",
            "is_restricted": false,
            "is_ultra_restricted": false
        },
        "blocks": [
            {
                "type": "rich_text",
                "block_id": "w+H1f",
                "elements": [
                    {
                        "type": "rich_text_section",
                        "elements": [
                            {
                                "type": "user",
                                "user_id": "U0169509JG5"
                            },
                            {
                                "type": "text",
                                "text": " Alicia has kindly sent this over, I will flick it over to you!"
                            }
                        ]
                    }
                ]
            }
        ],
        "thread_ts": "1595350634.051500",
        "parent_user_id": "UUH2EB134"
    },
    {
        "client_msg_id": "a1676e7d-4a73-41c3-956b-dbbf95b11055",
        "type": "message",
        "text": "Ooh I missed that :joy: Monday brain",
        "user": "U0169509JG5",
        "ts": "1598224561.004100",
        "team": "TJE58GTJL",
        "user_team": "TJE58GTJL",
        "source_team": "TJE58GTJL",
        "user_profile": {
            "avatar_hash": "gab6edc71f75",
            "image_72": "https:\/\/secure.gravatar.com\/avatar\/ab6edc71f75966ffe45a1131a9e230c8.jpg?s=72&d=https%3A%2F%2Fa.slack-edge.com%2Fdf10d%2Fimg%2Favatars%2Fava_0009-72.png",
            "first_name": "",
            "real_name": "Adele Cochrane",
            "display_name": "Adele Cochrane",
            "team": "TJE58GTJL",
            "name": "adele",
            "is_restricted": false,
            "is_ultra_restricted": false
        },
        "blocks": [
            {
                "type": "rich_text",
                "block_id": "xYI",
                "elements": [
                    {
                        "type": "rich_text_section",
                        "elements": [
                            {
                                "type": "text",
                                "text": "Ooh I missed that "
                            },
                            {
                                "type": "emoji",
                                "name": "joy"
                            },
                            {
                                "type": "text",
                                "text": " Monday brain"
                            }
                        ]
                    }
                ]
            }
        ],
        "thread_ts": "1595350634.051500",
        "parent_user_id": "UUH2EB134"
    },
    {
        "client_msg_id": "1da97041-6d1d-4c21-9e40-2cb0e1ce30a1",
        "type": "message",
        "text": "The only time I've had a client where it served a legitimate purpose was at a large R&amp;D non-profit. They do a ton of government contracting and commercial R&amp;D and whenever we signed deals we would put together a press release or just a general announcement.\n\nWe didn't just announce the award, but rather also discussed the research program and why it mattered.\n\nI also imagine for publicly traded companies these types of deals make sense. I know at eBay we just started going public with our partnership with a loan provider besides PayPal.\n\nHere's one of the releases I did with the R&amp;D firm. It's not a client announcement per-se, but rather we're calling out a joint research study the researchers did.\n\n<https:\/\/charlescosta.net\/index.php\/portfolio-item\/sri-international-education-development-center-press-release\/>\n\nThis example from eBay - I had no role in it as I work in Payments, but they took an MLB star and highlighted how they use eBay as a customer.\n\n<https:\/\/www.ebayinc.com\/stories\/news\/mlb-pitcher-pat-neshek-shares-how-he-amassed-a-seven-figure-trading-card-collection-in-premiere-episode-of-ebays-uncommon-series\/>\n\nOverall I'd say if you sign a deal with a large client, I'd use it as a case study once you've shown results. If you jump the gun, announce the large deal and six months later said customer is gone, it's not going to look very good.",
        "user": "U0107Q25BRT",
        "ts": "1598238747.004700",
        "team": "TJE58GTJL",
        "user_team": "TJE58GTJL",
        "source_team": "TJE58GTJL",
        "user_profile": {
            "avatar_hash": "7f4131e47586",
            "image_72": "https:\/\/avatars.slack-edge.com\/2022-03-16\/3246028628310_7f4131e47586ddac13f6_72.jpg",
            "first_name": "Charles",
            "real_name": "Charles Costa",
            "display_name": "Charles Costa",
            "team": "TJE58GTJL",
            "name": "charles",
            "is_restricted": false,
            "is_ultra_restricted": false
        },
        "attachments": [
            {
                "service_name": "Charles Costa",
                "title": "Demonstrating The Effects of Educational Content on Childhood Education | Charles Costa",
                "title_link": "https:\/\/charlescosta.net\/index.php\/portfolio-item\/sri-international-education-development-center-press-release\/",
                "fallback": "Charles Costa: Demonstrating The Effects of Educational Content on Childhood Education | Charles Costa",
                "image_url": "https:\/\/charlescosta.net\/wp-content\/uploads\/2020\/02\/SRI_PBS_KidsEngineering_thumb.jpg",
                "image_width": 375,
                "image_height": 250,
                "from_url": "https:\/\/charlescosta.net\/index.php\/portfolio-item\/sri-international-education-development-center-press-release\/",
                "image_bytes": 212194,
                "service_icon": "https:\/\/charlescosta.net\/wp-content\/themes\/betheme\/images\/favicon.ico",
                "id": 1,
                "original_url": "https:\/\/charlescosta.net\/index.php\/portfolio-item\/sri-international-education-development-center-press-release\/"
            },
            {
                "title": "MLB Pitcher Pat Neshek Shares How He Amassed a Seven Figure Trading Card Collection in Premiere Episode of eBay’s “Uncommon” Series",
                "title_link": "https:\/\/www.ebayinc.com\/stories\/news\/mlb-pitcher-pat-neshek-shares-how-he-amassed-a-seven-figure-trading-card-collection-in-premiere-episode-of-ebays-uncommon-series\/",
                "text": "Video diaries celebrate eBay’s buyers and sellers’ unique stories and their “uncommon” finds on the marketplace With over 50,000 autographed cards in his collection, eBay’s inaugural episode highlights Neshek’s affinity for baseball trading cards and how time on the mound inspired his passion for collecting.",
                "fallback": "MLB Pitcher Pat Neshek Shares How He Amassed a Seven Figure Trading Card Collection in Premiere Episode of eBay’s “Uncommon” Series",
                "image_url": "https:\/\/static.ebayinc.com\/static\/assets\/Uploads\/Video\/Thumbs\/_resampled\/FillWyIxMDI0IiwiNTEyIl0\/441441790.jpg?v=2",
                "ts": 1595833200,
                "from_url": "https:\/\/www.ebayinc.com\/stories\/news\/mlb-pitcher-pat-neshek-shares-how-he-amassed-a-seven-figure-trading-card-collection-in-premiere-episode-of-ebays-uncommon-series\/",
                "image_width": 500,
                "image_height": 250,
                "image_bytes": 117136,
                "service_icon": "https:\/\/www.ebayinc.com\/favicon.ico",
                "service_name": "ebayinc.com",
                "id": 2,
                "original_url": "https:\/\/www.ebayinc.com\/stories\/news\/mlb-pitcher-pat-neshek-shares-how-he-amassed-a-seven-figure-trading-card-collection-in-premiere-episode-of-ebays-uncommon-series\/"
            }
        ],
        "blocks": [
            {
                "type": "rich_text",
                "block_id": "qtMP",
                "elements": [
                    {
                        "type": "rich_text_section",
                        "elements": [
                            {
                                "type": "text",
                                "text": "The only time I've had a client where it served a legitimate purpose was at a large R&D non-profit. They do a ton of government contracting and commercial R&D and whenever we signed deals we would put together a press release or just a general announcement.\n\nWe didn't just announce the award, but rather also discussed the research program and why it mattered.\n\nI also imagine for publicly traded companies these types of deals make sense. I know at eBay we just started going public with our partnership with a loan provider besides PayPal.\n\nHere's one of the releases I did with the R&D firm. It's not a client announcement per-se, but rather we're calling out a joint research study the researchers did.\n\n"
                            },
                            {
                                "type": "link",
                                "url": "https:\/\/charlescosta.net\/index.php\/portfolio-item\/sri-international-education-development-center-press-release\/"
                            },
                            {
                                "type": "text",
                                "text": "\n\nThis example from eBay - I had no role in it as I work in Payments, but they took an MLB star and highlighted how they use eBay as a customer.\n\n"
                            },
                            {
                                "type": "link",
                                "url": "https:\/\/www.ebayinc.com\/stories\/news\/mlb-pitcher-pat-neshek-shares-how-he-amassed-a-seven-figure-trading-card-collection-in-premiere-episode-of-ebays-uncommon-series\/"
                            },
                            {
                                "type": "text",
                                "text": "\n\nOverall I'd say if you sign a deal with a large client, I'd use it as a case study once you've shown results. If you jump the gun, announce the large deal and six months later said customer is gone, it's not going to look very good."
                            }
                        ]
                    }
                ]
            }
        ],
        "thread_ts": "1598026801.002600",
        "parent_user_id": "U0125MKEXFS"
    }
]